row_index,model,representation_index,is_original,representation,token_length,prediction
2946,clean_transformer,0,True,[*]CNC(=O)CCCCCCCCC(=O)N[*],23,5.9502053
2946,clean_transformer,1,False,C(CCCC(N*)=O)CCCCC(NC*)=O,25,5.6469812
2946,clean_transformer,2,False,*NC(CCCCCCCCC(=O)NC*)=O,23,5.3518414
2946,clean_transformer,3,False,C(CCCCC(=O)NC*)CCCC(=O)N*,25,5.869511
2946,clean_transformer,4,False,C(=O)(CCCCCCCCC(NC*)=O)N*,25,5.385561
2946,clean_transformer,5,False,O=C(CCCCCCCCC(NC*)=O)N*,23,4.3475814
2946,clean_transformer,6,False,C(CCCCCCC(=O)N*)CC(NC*)=O,25,5.677031
2946,clean_transformer,7,False,C(CCCCCCC(NC*)=O)CC(=O)N*,25,5.8553057
2946,clean_transformer,8,False,O=C(CCCCCCCCC(N*)=O)NC*,23,4.0142174
2946,clean_transformer,9,False,C(CCC(NC*)=O)CCCCCC(=O)N*,25,5.435116
2946,clean_transformer,10,False,O=C(NC*)CCCCCCCCC(N*)=O,23,4.154831
2946,defended_transformer,0,True,[*]CNC(=O)CCCCCCCCC(=O)N[*],23,5.8067513
2946,defended_transformer,1,False,C(CCCC(N*)=O)CCCCC(NC*)=O,25,5.6124525
2946,defended_transformer,2,False,*NC(CCCCCCCCC(=O)NC*)=O,23,5.7142897
2946,defended_transformer,3,False,C(CCCCC(=O)NC*)CCCC(=O)N*,25,5.371783
2946,defended_transformer,4,False,C(=O)(CCCCCCCCC(NC*)=O)N*,25,5.1544657
2946,defended_transformer,5,False,O=C(CCCCCCCCC(NC*)=O)N*,23,5.2341356
2946,defended_transformer,6,False,C(CCCCCCC(=O)N*)CC(NC*)=O,25,5.5368094
2946,defended_transformer,7,False,C(CCCCCCC(NC*)=O)CC(=O)N*,25,5.2891364
2946,defended_transformer,8,False,O=C(CCCCCCCCC(N*)=O)NC*,23,5.845517
2946,defended_transformer,9,False,C(CCC(NC*)=O)CCCCCC(=O)N*,25,5.249395
2946,defended_transformer,10,False,O=C(NC*)CCCCCCCCC(N*)=O,23,5.5255475
2947,clean_transformer,0,True,[*]Oc1ccc(CC(NC(=O)CCc2ccc(OC(=O)CCCCCCC([*])=O)cc2)C(=O)OC)cc1,59,4.8589506
2947,clean_transformer,1,False,O=C(Oc1ccc(cc1)CCC(NC(Cc1ccc(cc1)O*)C(=O)OC)=O)CCCCCCC(=O)*,59,3.175884
2947,clean_transformer,2,False,C(C(=O)Oc1ccc(cc1)CCC(=O)NC(Cc1ccc(cc1)O*)C(=O)OC)CCCCCC(*)=O,61,4.003516
2947,clean_transformer,3,False,O=C(NC(C(=O)OC)Cc1ccc(cc1)O*)CCc1ccc(OC(CCCCCCC(=O)*)=O)cc1,59,3.9190502
2947,clean_transformer,4,False,C(=O)(CCc1ccc(OC(=O)CCCCCCC(*)=O)cc1)NC(C(=O)OC)Cc1ccc(cc1)O*,61,2.857914
2947,clean_transformer,5,False,O=C(CCCCCCC(=O)Oc1ccc(cc1)CCC(=O)NC(C(=O)OC)Cc1ccc(cc1)O*)*,59,3.3447094
2947,clean_transformer,6,False,O=C(*)CCCCCCC(Oc1ccc(cc1)CCC(NC(C(OC)=O)Cc1ccc(O*)cc1)=O)=O,59,3.5135922
2947,clean_transformer,7,False,c1c(O*)ccc(CC(C(=O)OC)NC(CCc2ccc(cc2)OC(CCCCCCC(=O)*)=O)=O)c1,61,4.405741
2947,clean_transformer,8,False,c1cc(CCC(NC(Cc2ccc(O*)cc2)C(OC)=O)=O)ccc1OC(CCCCCCC(*)=O)=O,59,4.0069437
2947,clean_transformer,9,False,C(=O)(CCCCCCC(=O)*)Oc1ccc(cc1)CCC(=O)NC(C(=O)OC)Cc1ccc(cc1)O*,61,2.7051544
2947,clean_transformer,10,False,c1c(OC(CCCCCCC(*)=O)=O)ccc(CCC(NC(Cc2ccc(O*)cc2)C(=O)OC)=O)c1,61,2.4862351
2947,defended_transformer,0,True,[*]Oc1ccc(CC(NC(=O)CCc2ccc(OC(=O)CCCCCCC([*])=O)cc2)C(=O)OC)cc1,59,5.056303
2947,defended_transformer,1,False,O=C(Oc1ccc(cc1)CCC(NC(Cc1ccc(cc1)O*)C(=O)OC)=O)CCCCCCC(=O)*,59,3.0637383
2947,defended_transformer,2,False,C(C(=O)Oc1ccc(cc1)CCC(=O)NC(Cc1ccc(cc1)O*)C(=O)OC)CCCCCC(*)=O,61,3.8409889
2947,defended_transformer,3,False,O=C(NC(C(=O)OC)Cc1ccc(cc1)O*)CCc1ccc(OC(CCCCCCC(=O)*)=O)cc1,59,4.1957464
2947,defended_transformer,4,False,C(=O)(CCc1ccc(OC(=O)CCCCCCC(*)=O)cc1)NC(C(=O)OC)Cc1ccc(cc1)O*,61,3.2056246
2947,defended_transformer,5,False,O=C(CCCCCCC(=O)Oc1ccc(cc1)CCC(=O)NC(C(=O)OC)Cc1ccc(cc1)O*)*,59,3.654101
2947,defended_transformer,6,False,O=C(*)CCCCCCC(Oc1ccc(cc1)CCC(NC(C(OC)=O)Cc1ccc(O*)cc1)=O)=O,59,3.495105
2947,defended_transformer,7,False,c1c(O*)ccc(CC(C(=O)OC)NC(CCc2ccc(cc2)OC(CCCCCCC(=O)*)=O)=O)c1,61,3.6778913
2947,defended_transformer,8,False,c1cc(CCC(NC(Cc2ccc(O*)cc2)C(OC)=O)=O)ccc1OC(CCCCCCC(*)=O)=O,59,3.5254202
2947,defended_transformer,9,False,C(=O)(CCCCCCC(=O)*)Oc1ccc(cc1)CCC(=O)NC(C(=O)OC)Cc1ccc(cc1)O*,61,3.4570625
2947,defended_transformer,10,False,c1c(OC(CCCCCCC(*)=O)=O)ccc(CCC(NC(Cc2ccc(O*)cc2)C(=O)OC)=O)c1,61,2.5122714
2948,clean_transformer,0,True,[*]CCOCCOCCOc1cccc(NC(=O)c2cccc(C(=O)Nc3cccc(O[*])c3)c2)c1,54,3.1712132
2948,clean_transformer,1,False,c1(O*)cccc(c1)NC(=O)c1cc(ccc1)C(=O)Nc1cccc(c1)OCCOCCOCC*,56,4.2726746
2948,clean_transformer,2,False,c1c(C(Nc2cc(ccc2)OCCOCCOCC*)=O)cc(cc1)C(Nc1cc(O*)ccc1)=O,56,4.964396
2948,clean_transformer,3,False,C(OCCOCCOc1cc(ccc1)NC(c1cc(ccc1)C(=O)Nc1cccc(c1)O*)=O)C*,56,4.27114
2948,clean_transformer,4,False,c1(NC(c2cc(ccc2)C(Nc2cccc(O*)c2)=O)=O)cc(OCCOCCOCC*)ccc1,56,4.6882153
2948,clean_transformer,5,False,c1ccc(OCCOCCOCC*)cc1NC(c1cccc(C(Nc2cc(O*)ccc2)=O)c1)=O,54,3.2029223
2948,clean_transformer,6,False,O=C(Nc1cc(ccc1)OCCOCCOCC*)c1cccc(C(Nc2cc(O*)ccc2)=O)c1,54,3.7114124
2948,clean_transformer,7,False,c1(cccc(C(Nc2cc(OCCOCCOCC*)ccc2)=O)c1)C(=O)Nc1cc(ccc1)O*,56,4.7264314
2948,clean_transformer,8,False,c1(OCCOCCOCC*)cc(ccc1)NC(=O)c1cccc(c1)C(=O)Nc1cccc(O*)c1,56,4.2570167
2948,clean_transformer,9,False,C(OCC*)COCCOc1cccc(c1)NC(c1cccc(c1)C(=O)Nc1cccc(c1)O*)=O,56,4.4021688
2948,clean_transformer,10,False,c1(C(Nc2cccc(c2)OCCOCCOCC*)=O)cc(ccc1)C(=O)Nc1cc(O*)ccc1,56,4.443151
2948,defended_transformer,0,True,[*]CCOCCOCCOc1cccc(NC(=O)c2cccc(C(=O)Nc3cccc(O[*])c3)c2)c1,54,3.7073154
2948,defended_transformer,1,False,c1(O*)cccc(c1)NC(=O)c1cc(ccc1)C(=O)Nc1cccc(c1)OCCOCCOCC*,56,3.086973
2948,defended_transformer,2,False,c1c(C(Nc2cc(ccc2)OCCOCCOCC*)=O)cc(cc1)C(Nc1cc(O*)ccc1)=O,56,3.5585713
2948,defended_transformer,3,False,C(OCCOCCOc1cc(ccc1)NC(c1cc(ccc1)C(=O)Nc1cccc(c1)O*)=O)C*,56,3.6641638
2948,defended_transformer,4,False,c1(NC(c2cc(ccc2)C(Nc2cccc(O*)c2)=O)=O)cc(OCCOCCOCC*)ccc1,56,3.6438227
2948,defended_transformer,5,False,c1ccc(OCCOCCOCC*)cc1NC(c1cccc(C(Nc2cc(O*)ccc2)=O)c1)=O,54,2.793375
2948,defended_transformer,6,False,O=C(Nc1cc(ccc1)OCCOCCOCC*)c1cccc(C(Nc2cc(O*)ccc2)=O)c1,54,4.078107
2948,defended_transformer,7,False,c1(cccc(C(Nc2cc(OCCOCCOCC*)ccc2)=O)c1)C(=O)Nc1cc(ccc1)O*,56,4.0990844
2948,defended_transformer,8,False,c1(OCCOCCOCC*)cc(ccc1)NC(=O)c1cccc(c1)C(=O)Nc1cccc(O*)c1,56,4.217383
2948,defended_transformer,9,False,C(OCC*)COCCOc1cccc(c1)NC(c1cccc(c1)C(=O)Nc1cccc(c1)O*)=O,56,4.2035813
2948,defended_transformer,10,False,c1(C(Nc2cccc(c2)OCCOCCOCC*)=O)cc(ccc1)C(=O)Nc1cc(O*)ccc1,56,4.190827
2949,clean_transformer,0,True,[*]CC1CCC(COC(=O)CCCC(=O)O[*])CC1,29,6.4071035
2949,clean_transformer,1,False,C(CCC(=O)OCC1CCC(CC1)C*)C(O*)=O,31,6.1146626
2949,clean_transformer,2,False,C1(CCC(CC1)COC(=O)CCCC(O*)=O)C*,31,6.0971828
2949,clean_transformer,3,False,C1(COC(CCCC(O*)=O)=O)CCC(CC1)C*,31,6.227774
2949,clean_transformer,4,False,C(=O)(CCCC(O*)=O)OCC1CCC(CC1)C*,31,4.8247766
2949,clean_transformer,5,False,O=C(CCCC(O*)=O)OCC1CCC(CC1)C*,29,5.0165167
2949,clean_transformer,6,False,C1CC(COC(CCCC(O*)=O)=O)CCC1C*,29,5.8689985
2949,clean_transformer,7,False,C(CC(=O)O*)CC(=O)OCC1CCC(C*)CC1,31,5.962222
2949,clean_transformer,8,False,O=C(CCCC(O*)=O)OCC1CCC(C*)CC1,29,4.798008
2949,clean_transformer,9,False,C(OC(CCCC(O*)=O)=O)C1CCC(C*)CC1,31,6.292368
2949,clean_transformer,10,False,*CC1CCC(COC(CCCC(=O)O*)=O)CC1,29,6.060693
2949,defended_transformer,0,True,[*]CC1CCC(COC(=O)CCCC(=O)O[*])CC1,29,6.1868906
2949,defended_transformer,1,False,C(CCC(=O)OCC1CCC(CC1)C*)C(O*)=O,31,6.0280046
2949,defended_transformer,2,False,C1(CCC(CC1)COC(=O)CCCC(O*)=O)C*,31,5.847952
2949,defended_transformer,3,False,C1(COC(CCCC(O*)=O)=O)CCC(CC1)C*,31,6.2384577
2949,defended_transformer,4,False,C(=O)(CCCC(O*)=O)OCC1CCC(CC1)C*,31,5.6817627
2949,defended_transformer,5,False,O=C(CCCC(O*)=O)OCC1CCC(CC1)C*,29,5.581008
2949,defended_transformer,6,False,C1CC(COC(CCCC(O*)=O)=O)CCC1C*,29,5.8541718
2949,defended_transformer,7,False,C(CC(=O)O*)CC(=O)OCC1CCC(C*)CC1,31,5.9032226
2949,defended_transformer,8,False,O=C(CCCC(O*)=O)OCC1CCC(C*)CC1,29,5.6517024
2949,defended_transformer,9,False,C(OC(CCCC(O*)=O)=O)C1CCC(C*)CC1,31,6.0139475
2949,defended_transformer,10,False,*CC1CCC(COC(CCCC(=O)O*)=O)CC1,29,6.6525917
2950,clean_transformer,0,True,[*]C(C=C1)=CC=C1C(=S)C(S2)=CC=C2O[*],32,2.866514
2950,clean_transformer,1,False,O(*)c1ccc(C(c2ccc(cc2)*)=S)s1,29,1.557914
2950,clean_transformer,2,False,O(*)c1ccc(s1)C(c1ccc(cc1)*)=S,29,2.9013186
2950,clean_transformer,3,False,s1c(ccc1O*)C(c1ccc(cc1)*)=S,27,1.6112533
2950,clean_transformer,4,False,s1c(ccc1O*)C(=S)c1ccc(cc1)*,27,1.7494497
2950,clean_transformer,5,False,c1c(C(=S)c2ccc(cc2)*)sc(c1)O*,29,3.3302827
2950,clean_transformer,6,False,c1cc(ccc1*)C(=S)c1ccc(s1)O*,27,1.4506328
2950,clean_transformer,7,False,c1c(ccc(*)c1)C(c1ccc(O*)s1)=S,29,2.186451
2950,clean_transformer,8,False,s1c(O*)ccc1C(c1ccc(*)cc1)=S,27,0.88341165
2950,clean_transformer,9,False,c1cc(O*)sc1C(c1ccc(*)cc1)=S,27,1.3575199
2950,clean_transformer,10,False,c1cc(C(=S)c2sc(cc2)O*)ccc1*,27,2.8838496
2950,defended_transformer,0,True,[*]C(C=C1)=CC=C1C(=S)C(S2)=CC=C2O[*],32,2.6435606
2950,defended_transformer,1,False,O(*)c1ccc(C(c2ccc(cc2)*)=S)s1,29,2.432175
2950,defended_transformer,2,False,O(*)c1ccc(s1)C(c1ccc(cc1)*)=S,29,3.1668577
2950,defended_transformer,3,False,s1c(ccc1O*)C(c1ccc(cc1)*)=S,27,3.2215514
2950,defended_transformer,4,False,s1c(ccc1O*)C(=S)c1ccc(cc1)*,27,3.3875422
2950,defended_transformer,5,False,c1c(C(=S)c2ccc(cc2)*)sc(c1)O*,29,3.1584964
2950,defended_transformer,6,False,c1cc(ccc1*)C(=S)c1ccc(s1)O*,27,2.4510412
2950,defended_transformer,7,False,c1c(ccc(*)c1)C(c1ccc(O*)s1)=S,29,3.5601335
2950,defended_transformer,8,False,s1c(O*)ccc1C(c1ccc(*)cc1)=S,27,2.9123416
2950,defended_transformer,9,False,c1cc(O*)sc1C(c1ccc(*)cc1)=S,27,2.4841409
2950,defended_transformer,10,False,c1cc(C(=S)c2sc(cc2)O*)ccc1*,27,2.810435
2951,clean_transformer,0,True,[*]C(=O)Nc1cccc(NC(=O)c2ccc3[nH]c(-c4cccc(-c5nc6cc([*])ccc6[nH]5)c4)nc3c2)n1,66,3.3051934
2951,clean_transformer,1,False,n1c(-c2cccc(-c3nc4cc(C(=O)Nc5cccc(NC(*)=O)n5)ccc4[nH]3)c2)[nH]c2ccc(cc12)*,68,2.7378397
2951,clean_transformer,2,False,c1c2nc([nH]c2ccc1C(Nc1nc(ccc1)NC(*)=O)=O)-c1cc(-c2nc3cc(ccc3[nH]2)*)ccc1,66,3.166771
2951,clean_transformer,3,False,c1c(*)ccc2[nH]c(nc12)-c1cc(-c2[nH]c3ccc(C(=O)Nc4nc(ccc4)NC(=O)*)cc3n2)ccc1,68,2.7150218
2951,clean_transformer,4,False,[nH]1c(nc2c1ccc(c2)*)-c1cccc(c1)-c1nc2cc(C(=O)Nc3nc(ccc3)NC(=O)*)ccc2[nH]1,68,2.8423507
2951,clean_transformer,5,False,c12ccc(cc2nc([nH]1)-c1cccc(-c2nc3cc(ccc3[nH]2)*)c1)C(=O)Nc1nc(ccc1)NC(=O)*,68,2.8818436
2951,clean_transformer,6,False,c1c(ccc2c1nc([nH]2)-c1cc(-c2[nH]c3ccc(cc3n2)*)ccc1)C(Nc1nc(ccc1)NC(=O)*)=O,68,2.9944177
2951,clean_transformer,7,False,c1(-c2[nH]c3ccc(cc3n2)*)cc(ccc1)-c1nc2c([nH]1)ccc(C(Nc1nc(ccc1)NC(=O)*)=O)c2,70,3.836
2951,clean_transformer,8,False,c1cc(nc(NC(=O)c2cc3c(cc2)[nH]c(-c2cc(ccc2)-c2nc4cc(ccc4[nH]2)*)n3)c1)NC(*)=O,70,3.0525746
2951,clean_transformer,9,False,c12ccc(cc1nc([nH]2)-c1cccc(-c2nc3c([nH]2)ccc(*)c3)c1)C(=O)Nc1nc(NC(=O)*)ccc1,70,2.5932767
2951,clean_transformer,10,False,c1c(*)cc2c(c1)[nH]c(-c1cccc(-c3[nH]c4c(cc(C(=O)Nc5nc(NC(*)=O)ccc5)cc4)n3)c1)n2,72,2.9456992
2951,defended_transformer,0,True,[*]C(=O)Nc1cccc(NC(=O)c2ccc3[nH]c(-c4cccc(-c5nc6cc([*])ccc6[nH]5)c4)nc3c2)n1,66,3.0827093
2951,defended_transformer,1,False,n1c(-c2cccc(-c3nc4cc(C(=O)Nc5cccc(NC(*)=O)n5)ccc4[nH]3)c2)[nH]c2ccc(cc12)*,68,3.2242513
2951,defended_transformer,2,False,c1c2nc([nH]c2ccc1C(Nc1nc(ccc1)NC(*)=O)=O)-c1cc(-c2nc3cc(ccc3[nH]2)*)ccc1,66,3.0820444
2951,defended_transformer,3,False,c1c(*)ccc2[nH]c(nc12)-c1cc(-c2[nH]c3ccc(C(=O)Nc4nc(ccc4)NC(=O)*)cc3n2)ccc1,68,2.3350048
2951,defended_transformer,4,False,[nH]1c(nc2c1ccc(c2)*)-c1cccc(c1)-c1nc2cc(C(=O)Nc3nc(ccc3)NC(=O)*)ccc2[nH]1,68,3.0473375
2951,defended_transformer,5,False,c12ccc(cc2nc([nH]1)-c1cccc(-c2nc3cc(ccc3[nH]2)*)c1)C(=O)Nc1nc(ccc1)NC(=O)*,68,2.8125181
2951,defended_transformer,6,False,c1c(ccc2c1nc([nH]2)-c1cc(-c2[nH]c3ccc(cc3n2)*)ccc1)C(Nc1nc(ccc1)NC(=O)*)=O,68,2.6929731
2951,defended_transformer,7,False,c1(-c2[nH]c3ccc(cc3n2)*)cc(ccc1)-c1nc2c([nH]1)ccc(C(Nc1nc(ccc1)NC(=O)*)=O)c2,70,3.0075212
2951,defended_transformer,8,False,c1cc(nc(NC(=O)c2cc3c(cc2)[nH]c(-c2cc(ccc2)-c2nc4cc(ccc4[nH]2)*)n3)c1)NC(*)=O,70,2.5176058
2951,defended_transformer,9,False,c12ccc(cc1nc([nH]2)-c1cccc(-c2nc3c([nH]2)ccc(*)c3)c1)C(=O)Nc1nc(NC(=O)*)ccc1,70,2.568049
2951,defended_transformer,10,False,c1c(*)cc2c(c1)[nH]c(-c1cccc(-c3[nH]c4c(cc(C(=O)Nc5nc(NC(*)=O)ccc5)cc4)n3)c1)n2,72,2.7460642
2952,clean_transformer,0,True,[*]Oc1c(Cl)cc(NC(=O)NCCCCCCNC([*])=O)cc1Cl,36,4.619564
2952,clean_transformer,1,False,C(NCCCCCCNC(Nc1cc(Cl)c(c(Cl)c1)O*)=O)(=O)*,40,5.057202
2952,clean_transformer,2,False,*C(NCCCCCCNC(=O)Nc1cc(Cl)c(c(c1)Cl)O*)=O,38,3.9786036
2952,clean_transformer,3,False,C(CCCCNC(=O)Nc1cc(c(O*)c(c1)Cl)Cl)CNC(=O)*,40,4.340654
2952,clean_transformer,4,False,C(*)(=O)NCCCCCCNC(=O)Nc1cc(c(c(c1)Cl)O*)Cl,40,4.54512
2952,clean_transformer,5,False,C(=O)(Nc1cc(Cl)c(c(c1)Cl)O*)NCCCCCCNC(*)=O,40,3.591703
2952,clean_transformer,6,False,N(C(=O)Nc1cc(c(O*)c(Cl)c1)Cl)CCCCCCNC(=O)*,40,4.5629554
2952,clean_transformer,7,False,C(CCCCNC(Nc1cc(Cl)c(O*)c(c1)Cl)=O)CNC(*)=O,40,4.6114373
2952,clean_transformer,8,False,c1(cc(NC(NCCCCCCNC(=O)*)=O)cc(Cl)c1O*)Cl,38,4.0144525
2952,clean_transformer,9,False,C(CNC(Nc1cc(c(c(c1)Cl)O*)Cl)=O)CCCCNC(*)=O,40,4.6902256
2952,clean_transformer,10,False,c1(Cl)cc(NC(NCCCCCCNC(=O)*)=O)cc(Cl)c1O*,38,4.644899
2952,defended_transformer,0,True,[*]Oc1c(Cl)cc(NC(=O)NCCCCCCNC([*])=O)cc1Cl,36,4.962315
2952,defended_transformer,1,False,C(NCCCCCCNC(Nc1cc(Cl)c(c(Cl)c1)O*)=O)(=O)*,40,5.0213313
2952,defended_transformer,2,False,*C(NCCCCCCNC(=O)Nc1cc(Cl)c(c(c1)Cl)O*)=O,38,4.6582704
2952,defended_transformer,3,False,C(CCCCNC(=O)Nc1cc(c(O*)c(c1)Cl)Cl)CNC(=O)*,40,4.4029193
2952,defended_transformer,4,False,C(*)(=O)NCCCCCCNC(=O)Nc1cc(c(c(c1)Cl)O*)Cl,40,4.04485
2952,defended_transformer,5,False,C(=O)(Nc1cc(Cl)c(c(c1)Cl)O*)NCCCCCCNC(*)=O,40,4.7683687
2952,defended_transformer,6,False,N(C(=O)Nc1cc(c(O*)c(Cl)c1)Cl)CCCCCCNC(=O)*,40,4.9253674
2952,defended_transformer,7,False,C(CCCCNC(Nc1cc(Cl)c(O*)c(c1)Cl)=O)CNC(*)=O,40,4.735037
2952,defended_transformer,8,False,c1(cc(NC(NCCCCCCNC(=O)*)=O)cc(Cl)c1O*)Cl,38,3.1232677
2952,defended_transformer,9,False,C(CNC(Nc1cc(c(c(c1)Cl)O*)Cl)=O)CCCCNC(*)=O,40,5.280234
2952,defended_transformer,10,False,c1(Cl)cc(NC(NCCCCCCNC(=O)*)=O)cc(Cl)c1O*,38,4.744199
2953,clean_transformer,0,True,[*]CCCOC(=O)c1cccc(-c2cccc(C(=O)O[*])c2)c1,38,4.907506
2953,clean_transformer,1,False,c1(C(=O)OCCC*)cccc(c1)-c1cccc(c1)C(O*)=O,40,3.9877658
2953,clean_transformer,2,False,O(*)C(=O)c1cccc(c1)-c1cc(C(=O)OCCC*)ccc1,40,3.704859
2953,clean_transformer,3,False,C(O*)(=O)c1cccc(c1)-c1cc(C(OCCC*)=O)ccc1,40,4.0054507
2953,clean_transformer,4,False,c1(-c2cccc(C(=O)O*)c2)cc(C(=O)OCCC*)ccc1,40,4.929946
2953,clean_transformer,5,False,c1cc(cc(c1)C(O*)=O)-c1cc(C(=O)OCCC*)ccc1,40,4.9924574
2953,clean_transformer,6,False,O=C(O*)c1cccc(c1)-c1cc(C(OCCC*)=O)ccc1,38,3.9630923
2953,clean_transformer,7,False,c1c(C(=O)O*)cc(-c2cccc(C(OCCC*)=O)c2)cc1,40,4.335215
2953,clean_transformer,8,False,O=C(c1cccc(-c2cccc(c2)C(=O)O*)c1)OCCC*,38,3.225873
2953,clean_transformer,9,False,C(C*)COC(=O)c1cccc(c1)-c1cc(C(O*)=O)ccc1,40,4.358369
2953,clean_transformer,10,False,c1(C(=O)O*)cc(ccc1)-c1cc(C(=O)OCCC*)ccc1,40,4.080965
2953,defended_transformer,0,True,[*]CCCOC(=O)c1cccc(-c2cccc(C(=O)O[*])c2)c1,38,4.1489944
2953,defended_transformer,1,False,c1(C(=O)OCCC*)cccc(c1)-c1cccc(c1)C(O*)=O,40,3.60951
2953,defended_transformer,2,False,O(*)C(=O)c1cccc(c1)-c1cc(C(=O)OCCC*)ccc1,40,4.108473
2953,defended_transformer,3,False,C(O*)(=O)c1cccc(c1)-c1cc(C(OCCC*)=O)ccc1,40,4.231774
2953,defended_transformer,4,False,c1(-c2cccc(C(=O)O*)c2)cc(C(=O)OCCC*)ccc1,40,3.6644363
2953,defended_transformer,5,False,c1cc(cc(c1)C(O*)=O)-c1cc(C(=O)OCCC*)ccc1,40,3.809187
2953,defended_transformer,6,False,O=C(O*)c1cccc(c1)-c1cc(C(OCCC*)=O)ccc1,38,4.1746807
2953,defended_transformer,7,False,c1c(C(=O)O*)cc(-c2cccc(C(OCCC*)=O)c2)cc1,40,3.4239717
2953,defended_transformer,8,False,O=C(c1cccc(-c2cccc(c2)C(=O)O*)c1)OCCC*,38,3.2374797
2953,defended_transformer,9,False,C(C*)COC(=O)c1cccc(c1)-c1cc(C(O*)=O)ccc1,40,3.8233624
2953,defended_transformer,10,False,c1(C(=O)O*)cc(ccc1)-c1cc(C(=O)OCCC*)ccc1,40,3.734666
2954,clean_transformer,0,True,[*]C=C([*])c1cccc(C#C)c1,20,0.15965843
2954,clean_transformer,1,False,C#Cc1cc(C(*)=C*)ccc1,20,4.1271
2954,clean_transformer,2,False,C(=C*)(*)c1cccc(c1)C#C,22,2.5607166
2954,clean_transformer,3,False,C(c1cccc(C#C)c1)(=C*)*,22,4.0452733
2954,clean_transformer,4,False,c1(cc(ccc1)C#C)C(=C*)*,22,3.1193469
2954,clean_transformer,5,False,c1c(C#C)cccc1C(*)=C*,20,2.737287
2954,clean_transformer,6,False,c1(cccc(C#C)c1)C(=C*)*,22,3.6998882
2954,clean_transformer,7,False,C(c1cc(C(*)=C*)ccc1)#C,22,2.1770644
2954,clean_transformer,8,False,C(c1cccc(C#C)c1)(*)=C*,22,3.194196
2954,clean_transformer,9,False,c1ccc(cc1C(*)=C*)C#C,20,2.7721868
2954,clean_transformer,10,False,c1ccc(C#C)cc1C(=C*)*,20,2.18407
2954,defended_transformer,0,True,[*]C=C([*])c1cccc(C#C)c1,20,1.2477403
2954,defended_transformer,1,False,C#Cc1cc(C(*)=C*)ccc1,20,2.6386003
2954,defended_transformer,2,False,C(=C*)(*)c1cccc(c1)C#C,22,3.0728123
2954,defended_transformer,3,False,C(c1cccc(C#C)c1)(=C*)*,22,3.6434245
2954,defended_transformer,4,False,c1(cc(ccc1)C#C)C(=C*)*,22,2.4511292
2954,defended_transformer,5,False,c1c(C#C)cccc1C(*)=C*,20,3.5657747
2954,defended_transformer,6,False,c1(cccc(C#C)c1)C(=C*)*,22,3.1083045
2954,defended_transformer,7,False,C(c1cc(C(*)=C*)ccc1)#C,22,3.2289643
2954,defended_transformer,8,False,C(c1cccc(C#C)c1)(*)=C*,22,2.8134644
2954,defended_transformer,9,False,c1ccc(cc1C(*)=C*)C#C,20,1.5309472
2954,defended_transformer,10,False,c1ccc(C#C)cc1C(=C*)*,20,1.4133406
2955,clean_transformer,0,True,[*]CCCCCCCCCCOC(=O)c1ccc(C=Cc2ccc(C(=O)O[*])cc2)cc1,47,4.1455913
2955,clean_transformer,1,False,O=C(O*)c1ccc(cc1)C=Cc1ccc(cc1)C(=O)OCCCCCCCCCC*,47,3.7477672
2955,clean_transformer,2,False,c1c(C(=O)OCCCCCCCCCC*)ccc(c1)C=Cc1ccc(cc1)C(O*)=O,49,3.7211132
2955,clean_transformer,3,False,C(CCCCCCOC(c1ccc(cc1)C=Cc1ccc(cc1)C(=O)O*)=O)CCC*,49,3.5358179
2955,clean_transformer,4,False,c1(C=Cc2ccc(cc2)C(OCCCCCCCCCC*)=O)ccc(cc1)C(=O)O*,49,4.6024437
2955,clean_transformer,5,False,c1cc(C(=O)OCCCCCCCCCC*)ccc1C=Cc1ccc(cc1)C(=O)O*,47,3.71672
2955,clean_transformer,6,False,c1cc(C(O*)=O)ccc1C=Cc1ccc(C(OCCCCCCCCCC*)=O)cc1,47,3.2816076
2955,clean_transformer,7,False,*OC(c1ccc(C=Cc2ccc(C(=O)OCCCCCCCCCC*)cc2)cc1)=O,47,3.2396276
2955,clean_transformer,8,False,C(OCCCCCCCCCC*)(=O)c1ccc(cc1)C=Cc1ccc(C(=O)O*)cc1,49,2.7996879
2955,clean_transformer,9,False,C(CCCC*)CCCCCOC(c1ccc(C=Cc2ccc(cc2)C(O*)=O)cc1)=O,49,4.365126
2955,clean_transformer,10,False,C(=Cc1ccc(C(=O)OCCCCCCCCCC*)cc1)c1ccc(cc1)C(O*)=O,49,3.4363194
2955,defended_transformer,0,True,[*]CCCCCCCCCCOC(=O)c1ccc(C=Cc2ccc(C(=O)O[*])cc2)cc1,47,3.8070264
2955,defended_transformer,1,False,O=C(O*)c1ccc(cc1)C=Cc1ccc(cc1)C(=O)OCCCCCCCCCC*,47,4.132933
2955,defended_transformer,2,False,c1c(C(=O)OCCCCCCCCCC*)ccc(c1)C=Cc1ccc(cc1)C(O*)=O,49,3.932725
2955,defended_transformer,3,False,C(CCCCCCOC(c1ccc(cc1)C=Cc1ccc(cc1)C(=O)O*)=O)CCC*,49,3.809019
2955,defended_transformer,4,False,c1(C=Cc2ccc(cc2)C(OCCCCCCCCCC*)=O)ccc(cc1)C(=O)O*,49,3.8484757
2955,defended_transformer,5,False,c1cc(C(=O)OCCCCCCCCCC*)ccc1C=Cc1ccc(cc1)C(=O)O*,47,2.6729507
2955,defended_transformer,6,False,c1cc(C(O*)=O)ccc1C=Cc1ccc(C(OCCCCCCCCCC*)=O)cc1,47,3.075584
2955,defended_transformer,7,False,*OC(c1ccc(C=Cc2ccc(C(=O)OCCCCCCCCCC*)cc2)cc1)=O,47,3.6023335
2955,defended_transformer,8,False,C(OCCCCCCCCCC*)(=O)c1ccc(cc1)C=Cc1ccc(C(=O)O*)cc1,49,3.9405622
2955,defended_transformer,9,False,C(CCCC*)CCCCCOC(c1ccc(C=Cc2ccc(cc2)C(O*)=O)cc1)=O,49,4.0127754
2955,defended_transformer,10,False,C(=Cc1ccc(C(=O)OCCCCCCCCCC*)cc1)c1ccc(cc1)C(O*)=O,49,4.180578
2956,clean_transformer,0,True,[*]c1cccc(N2C(=O)c3ccc(P(=O)(c4ccccc4)c4ccc5c(c4)C(=O)N([*])C5=O)cc3C2=O)c1,71,2.4230204
2956,clean_transformer,1,False,c1(*)cc(ccc1)N1C(=O)c2c(C1=O)ccc(P(=O)(c1ccccc1)c1ccc3c(C(=O)N(C3=O)*)c1)c2,75,3.4558468
2956,clean_transformer,2,False,c1c(ccc2C(N(C(c12)=O)c1cc(*)ccc1)=O)P(=O)(c1cc2c(cc1)C(N(C2=O)*)=O)c1ccccc1,75,3.3801746
2956,clean_transformer,3,False,c1(P(c2ccccc2)(c2cc3c(C(N(c4cc(ccc4)*)C3=O)=O)cc2)=O)cc2c(cc1)C(N(C2=O)*)=O,75,2.1837437
2956,clean_transformer,4,False,c1c2C(=O)N(C(=O)c2cc(c1)P(c1ccc2c(c1)C(N(*)C2=O)=O)(=O)c1ccccc1)c1cccc(c1)*,75,3.067142
2956,clean_transformer,5,False,P(=O)(c1cc2C(=O)N(c3cccc(c3)*)C(=O)c2cc1)(c1ccc2C(N(C(c2c1)=O)*)=O)c1ccccc1,75,2.2634327
2956,clean_transformer,6,False,c1(P(c2cc3C(N(C(=O)c3cc2)*)=O)(=O)c2ccccc2)ccc2c(c1)C(N(C2=O)c1cc(ccc1)*)=O,75,3.0284972
2956,clean_transformer,7,False,c1c2c(cc(P(c3cc4c(C(=O)N(c5cccc(*)c5)C4=O)cc3)(c3ccccc3)=O)c1)C(N(C2=O)*)=O,75,2.559675
2956,clean_transformer,8,False,c1c2c(ccc1P(c1ccccc1)(=O)c1ccc3c(C(=O)N(C3=O)*)c1)C(=O)N(c1cccc(c1)*)C2=O,73,3.02614
2956,clean_transformer,9,False,c1cc2C(=O)N(c3cccc(*)c3)C(=O)c2cc1P(=O)(c1ccc2c(C(N(C2=O)*)=O)c1)c1ccccc1,73,2.7469816
2956,clean_transformer,10,False,c1cc(cc(N2C(=O)c3cc(ccc3C2=O)P(c2ccccc2)(c2cc3C(N(*)C(=O)c3cc2)=O)=O)c1)*,73,3.0264912
2956,defended_transformer,0,True,[*]c1cccc(N2C(=O)c3ccc(P(=O)(c4ccccc4)c4ccc5c(c4)C(=O)N([*])C5=O)cc3C2=O)c1,71,2.8426836
2956,defended_transformer,1,False,c1(*)cc(ccc1)N1C(=O)c2c(C1=O)ccc(P(=O)(c1ccccc1)c1ccc3c(C(=O)N(C3=O)*)c1)c2,75,2.722013
2956,defended_transformer,2,False,c1c(ccc2C(N(C(c12)=O)c1cc(*)ccc1)=O)P(=O)(c1cc2c(cc1)C(N(C2=O)*)=O)c1ccccc1,75,2.2896879
2956,defended_transformer,3,False,c1(P(c2ccccc2)(c2cc3c(C(N(c4cc(ccc4)*)C3=O)=O)cc2)=O)cc2c(cc1)C(N(C2=O)*)=O,75,2.3158135
2956,defended_transformer,4,False,c1c2C(=O)N(C(=O)c2cc(c1)P(c1ccc2c(c1)C(N(*)C2=O)=O)(=O)c1ccccc1)c1cccc(c1)*,75,2.4966288
2956,defended_transformer,5,False,P(=O)(c1cc2C(=O)N(c3cccc(c3)*)C(=O)c2cc1)(c1ccc2C(N(C(c2c1)=O)*)=O)c1ccccc1,75,3.001001
2956,defended_transformer,6,False,c1(P(c2cc3C(N(C(=O)c3cc2)*)=O)(=O)c2ccccc2)ccc2c(c1)C(N(C2=O)c1cc(ccc1)*)=O,75,2.9008687
2956,defended_transformer,7,False,c1c2c(cc(P(c3cc4c(C(=O)N(c5cccc(*)c5)C4=O)cc3)(c3ccccc3)=O)c1)C(N(C2=O)*)=O,75,2.3210304
2956,defended_transformer,8,False,c1c2c(ccc1P(c1ccccc1)(=O)c1ccc3c(C(=O)N(C3=O)*)c1)C(=O)N(c1cccc(c1)*)C2=O,73,3.0289588
2956,defended_transformer,9,False,c1cc2C(=O)N(c3cccc(*)c3)C(=O)c2cc1P(=O)(c1ccc2c(C(N(C2=O)*)=O)c1)c1ccccc1,73,2.5206897
2956,defended_transformer,10,False,c1cc(cc(N2C(=O)c3cc(ccc3C2=O)P(c2ccccc2)(c2cc3C(N(*)C(=O)c3cc2)=O)=O)c1)*,73,2.6279259
2957,clean_transformer,0,True,[*]c1cccc(-c2nnc([*])o2)c1,22,4.574669
2957,clean_transformer,1,False,*c1cccc(c1)-c1nnc(*)o1,22,2.695209
2957,clean_transformer,2,False,c1(-c2cc(*)ccc2)oc(nn1)*,24,4.595269
2957,clean_transformer,3,False,c1(-c2cc(ccc2)*)nnc(o1)*,24,4.595356
2957,clean_transformer,4,False,c1(-c2cc(ccc2)*)oc(nn1)*,24,4.390985
2957,clean_transformer,5,False,o1c(-c2cccc(c2)*)nnc1*,22,3.6122463
2957,clean_transformer,6,False,c1(-c2oc(*)nn2)cc(*)ccc1,24,4.6223283
2957,clean_transformer,7,False,c1cc(cc(c1)-c1nnc(o1)*)*,24,4.1534963
2957,clean_transformer,8,False,c1cc(cc(c1)-c1oc(*)nn1)*,24,3.431139
2957,clean_transformer,9,False,c1c(-c2nnc(o2)*)cc(cc1)*,24,4.7203193
2957,clean_transformer,10,False,c1(nnc(-c2cc(*)ccc2)o1)*,24,3.7053301
2957,defended_transformer,0,True,[*]c1cccc(-c2nnc([*])o2)c1,22,4.177055
2957,defended_transformer,1,False,*c1cccc(c1)-c1nnc(*)o1,22,2.7726502
2957,defended_transformer,2,False,c1(-c2cc(*)ccc2)oc(nn1)*,24,4.15343
2957,defended_transformer,3,False,c1(-c2cc(ccc2)*)nnc(o1)*,24,3.386847
2957,defended_transformer,4,False,c1(-c2cc(ccc2)*)oc(nn1)*,24,3.836412
2957,defended_transformer,5,False,o1c(-c2cccc(c2)*)nnc1*,22,3.4571676
2957,defended_transformer,6,False,c1(-c2oc(*)nn2)cc(*)ccc1,24,3.4881966
2957,defended_transformer,7,False,c1cc(cc(c1)-c1nnc(o1)*)*,24,3.348844
2957,defended_transformer,8,False,c1cc(cc(c1)-c1oc(*)nn1)*,24,2.9211855
2957,defended_transformer,9,False,c1c(-c2nnc(o2)*)cc(cc1)*,24,4.0614967
2957,defended_transformer,10,False,c1(nnc(-c2cc(*)ccc2)o1)*,24,3.5426636
2958,clean_transformer,0,True,[*]CCCCCCCNC(=O)CCCCCCCCCCCCCCCCCCC(=O)N[*],39,5.8757386
2958,clean_transformer,1,False,O=C(NCCCCCCC*)CCCCCCCCCCCCCCCCCCC(N*)=O,39,4.1803365
2958,clean_transformer,2,False,C(CCCC(NCCCCCCC*)=O)CCCCCCCCCCCCCCC(N*)=O,41,5.9456873
2958,clean_transformer,3,False,C(=O)(CCCCCCCCCCCCCCCCCCC(N*)=O)NCCCCCCC*,41,5.3278713
2958,clean_transformer,4,False,C(CCC(NCCCCCCC*)=O)CCCCCCCCCCCCCCCC(N*)=O,41,5.97034
2958,clean_transformer,5,False,N(C(=O)CCCCCCCCCCCCCCCCCCC(N*)=O)CCCCCCC*,41,5.7211914
2958,clean_transformer,6,False,C(CCCCCCCCCC(NCCCCCCC*)=O)CCCCCCCCC(N*)=O,41,6.0212846
2958,clean_transformer,7,False,C(CCCCC*)CNC(CCCCCCCCCCCCCCCCCCC(=O)N*)=O,41,6.144612
2958,clean_transformer,8,False,C(CCC*)CCCNC(CCCCCCCCCCCCCCCCCCC(N*)=O)=O,41,6.1420918
2958,clean_transformer,9,False,C(CCCNC(CCCCCCCCCCCCCCCCCCC(N*)=O)=O)CCC*,41,6.0690947
2958,clean_transformer,10,False,C(CC*)CCCCNC(=O)CCCCCCCCCCCCCCCCCCC(N*)=O,41,5.8246746
2958,defended_transformer,0,True,[*]CCCCCCCNC(=O)CCCCCCCCCCCCCCCCCCC(=O)N[*],39,5.894083
2958,defended_transformer,1,False,O=C(NCCCCCCC*)CCCCCCCCCCCCCCCCCCC(N*)=O,39,5.5245004
2958,defended_transformer,2,False,C(CCCC(NCCCCCCC*)=O)CCCCCCCCCCCCCCC(N*)=O,41,6.0562873
2958,defended_transformer,3,False,C(=O)(CCCCCCCCCCCCCCCCCCC(N*)=O)NCCCCCCC*,41,5.522849
2958,defended_transformer,4,False,C(CCC(NCCCCCCC*)=O)CCCCCCCCCCCCCCCC(N*)=O,41,5.930688
2958,defended_transformer,5,False,N(C(=O)CCCCCCCCCCCCCCCCCCC(N*)=O)CCCCCCC*,41,5.7601137
2958,defended_transformer,6,False,C(CCCCCCCCCC(NCCCCCCC*)=O)CCCCCCCCC(N*)=O,41,6.1353207
2958,defended_transformer,7,False,C(CCCCC*)CNC(CCCCCCCCCCCCCCCCCCC(=O)N*)=O,41,6.1049137
2958,defended_transformer,8,False,C(CCC*)CCCNC(CCCCCCCCCCCCCCCCCCC(N*)=O)=O,41,5.9884343
2958,defended_transformer,9,False,C(CCCNC(CCCCCCCCCCCCCCCCCCC(N*)=O)=O)CCC*,41,5.7366514
2958,defended_transformer,10,False,C(CC*)CCCCNC(=O)CCCCCCCCCCCCCCCCCCC(N*)=O,41,5.813628
2959,clean_transformer,0,True,[*]CC(O[*])C1CC(F)(F)C1(F)F,23,6.6404705
2959,clean_transformer,1,False,C1(F)(CC(C1(F)F)C(O*)C*)F,25,6.9717383
2959,clean_transformer,2,False,FC1(CC(C(O*)C*)C1(F)F)F,23,6.8462667
2959,clean_transformer,3,False,*CC(O*)C1C(F)(C(F)(F)C1)F,25,6.69907
2959,clean_transformer,4,False,C1C(C(C*)O*)C(F)(C1(F)F)F,25,7.1605926
2959,clean_transformer,5,False,C1(C(F)(F)CC1C(O*)C*)(F)F,25,8.007383
2959,clean_transformer,6,False,FC1(C(F)(C(C1)C(C*)O*)F)F,25,7.053724
2959,clean_transformer,7,False,C(C1CC(C1(F)F)(F)F)(O*)C*,25,7.1435375
2959,clean_transformer,8,False,C(C1CC(F)(C1(F)F)F)(O*)C*,25,6.800578
2959,clean_transformer,9,False,O(C(C1CC(F)(C1(F)F)F)C*)*,25,6.762763
2959,clean_transformer,10,False,FC1(F)CC(C1(F)F)C(O*)C*,23,7.92387
2959,defended_transformer,0,True,[*]CC(O[*])C1CC(F)(F)C1(F)F,23,6.740588
2959,defended_transformer,1,False,C1(F)(CC(C1(F)F)C(O*)C*)F,25,7.233648
2959,defended_transformer,2,False,FC1(CC(C(O*)C*)C1(F)F)F,23,6.6455183
2959,defended_transformer,3,False,*CC(O*)C1C(F)(C(F)(F)C1)F,25,6.357994
2959,defended_transformer,4,False,C1C(C(C*)O*)C(F)(C1(F)F)F,25,6.5221424
2959,defended_transformer,5,False,C1(C(F)(F)CC1C(O*)C*)(F)F,25,7.1628036
2959,defended_transformer,6,False,FC1(C(F)(C(C1)C(C*)O*)F)F,25,6.3529463
2959,defended_transformer,7,False,C(C1CC(C1(F)F)(F)F)(O*)C*,25,6.360769
2959,defended_transformer,8,False,C(C1CC(F)(C1(F)F)F)(O*)C*,25,6.1821165
2959,defended_transformer,9,False,O(C(C1CC(F)(C1(F)F)F)C*)*,25,6.2659655
2959,defended_transformer,10,False,FC1(F)CC(C1(F)F)C(O*)C*,23,6.972966
2960,clean_transformer,0,True,[*]c1ccc(N2C(=O)c3ccc(P(=O)(c4ccccc4)c4ccc5c(c4)C(=O)N([*])C5=O)cc3C2=O)cc1,71,2.3436615
2960,clean_transformer,1,False,O=C1c2c(C(=O)N1c1ccc(*)cc1)cc(cc2)P(c1ccccc1)(c1cc2c(cc1)C(=O)N(C2=O)*)=O,73,3.0175045
2960,clean_transformer,2,False,O=C1c2c(ccc(c2)P(=O)(c2cc3c(cc2)C(N(*)C3=O)=O)c2ccccc2)C(=O)N1c1ccc(*)cc1,73,2.4956613
2960,clean_transformer,3,False,c1cccc(P(c2cc3C(N(C(=O)c3cc2)c2ccc(cc2)*)=O)(c2cc3c(C(N(C3=O)*)=O)cc2)=O)c1,75,2.1621711
2960,clean_transformer,4,False,c1c(ccc2C(N(*)C(c12)=O)=O)P(=O)(c1cc2C(N(c3ccc(*)cc3)C(c2cc1)=O)=O)c1ccccc1,75,2.6227827
2960,clean_transformer,5,False,c1c2c(cc(P(c3ccccc3)(c3cc4C(=O)N(C(=O)c4cc3)*)=O)c1)C(=O)N(c1ccc(*)cc1)C2=O,75,2.913472
2960,clean_transformer,6,False,P(c1ccc2c(C(=O)N(c3ccc(cc3)*)C2=O)c1)(=O)(c1ccccc1)c1ccc2C(=O)N(C(c2c1)=O)*,75,3.557521
2960,clean_transformer,7,False,c1cc(cc2C(N(C(c21)=O)c1ccc(cc1)*)=O)P(c1ccccc1)(=O)c1ccc2C(=O)N(*)C(c2c1)=O,75,3.360605
2960,clean_transformer,8,False,c1cc(ccc1N1C(=O)c2cc(P(c3cc4C(N(*)C(c4cc3)=O)=O)(c3ccccc3)=O)ccc2C1=O)*,71,2.7748363
2960,clean_transformer,9,False,c1ccc(P(c2cc3c(C(=O)N(C3=O)c3ccc(cc3)*)cc2)(=O)c2cc3C(=O)N(*)C(c3cc2)=O)cc1,75,2.49476
2960,clean_transformer,10,False,c1(P(c2cc3c(cc2)C(=O)N(*)C3=O)(=O)c2cc3c(C(N(c4ccc(cc4)*)C3=O)=O)cc2)ccccc1,75,3.0142298
2960,defended_transformer,0,True,[*]c1ccc(N2C(=O)c3ccc(P(=O)(c4ccccc4)c4ccc5c(c4)C(=O)N([*])C5=O)cc3C2=O)cc1,71,2.2707617
2960,defended_transformer,1,False,O=C1c2c(C(=O)N1c1ccc(*)cc1)cc(cc2)P(c1ccccc1)(c1cc2c(cc1)C(=O)N(C2=O)*)=O,73,2.4467528
2960,defended_transformer,2,False,O=C1c2c(ccc(c2)P(=O)(c2cc3c(cc2)C(N(*)C3=O)=O)c2ccccc2)C(=O)N1c1ccc(*)cc1,73,2.187062
2960,defended_transformer,3,False,c1cccc(P(c2cc3C(N(C(=O)c3cc2)c2ccc(cc2)*)=O)(c2cc3c(C(N(C3=O)*)=O)cc2)=O)c1,75,2.6604385
2960,defended_transformer,4,False,c1c(ccc2C(N(*)C(c12)=O)=O)P(=O)(c1cc2C(N(c3ccc(*)cc3)C(c2cc1)=O)=O)c1ccccc1,75,2.7988973
2960,defended_transformer,5,False,c1c2c(cc(P(c3ccccc3)(c3cc4C(=O)N(C(=O)c4cc3)*)=O)c1)C(=O)N(c1ccc(*)cc1)C2=O,75,2.2515337
2960,defended_transformer,6,False,P(c1ccc2c(C(=O)N(c3ccc(cc3)*)C2=O)c1)(=O)(c1ccccc1)c1ccc2C(=O)N(C(c2c1)=O)*,75,3.0177374
2960,defended_transformer,7,False,c1cc(cc2C(N(C(c21)=O)c1ccc(cc1)*)=O)P(c1ccccc1)(=O)c1ccc2C(=O)N(*)C(c2c1)=O,75,2.4366784
2960,defended_transformer,8,False,c1cc(ccc1N1C(=O)c2cc(P(c3cc4C(N(*)C(c4cc3)=O)=O)(c3ccccc3)=O)ccc2C1=O)*,71,2.6324155
2960,defended_transformer,9,False,c1ccc(P(c2cc3c(C(=O)N(C3=O)c3ccc(cc3)*)cc2)(=O)c2cc3C(=O)N(*)C(c3cc2)=O)cc1,75,2.7035713
2960,defended_transformer,10,False,c1(P(c2cc3c(cc2)C(=O)N(*)C3=O)(=O)c2cc3c(C(N(c4ccc(cc4)*)C3=O)=O)cc2)ccccc1,75,2.7419555
2961,clean_transformer,0,True,[*]CC1CCCC(CNC(=O)CCCCCCCCCCC(=O)N[*])C1,36,5.8938255
2961,clean_transformer,1,False,C(CCCCC(NCC1CC(C*)CCC1)=O)CCCCCC(N*)=O,38,5.753866
2961,clean_transformer,2,False,C(C1CC(CCC1)CNC(CCCCCCCCCCC(=O)N*)=O)*,38,6.0308185
2961,clean_transformer,3,False,C1(CC(CCC1)CNC(=O)CCCCCCCCCCC(N*)=O)C*,38,5.77935
2961,clean_transformer,4,False,C(=O)(N*)CCCCCCCCCCC(=O)NCC1CCCC(C*)C1,38,4.7118926
2961,clean_transformer,5,False,C(C1CCCC(CNC(=O)CCCCCCCCCCC(=O)N*)C1)*,38,5.7238975
2961,clean_transformer,6,False,C1CC(CC(C*)C1)CNC(=O)CCCCCCCCCCC(N*)=O,38,5.3896613
2961,clean_transformer,7,False,C(CCCCCCCCCC(N*)=O)C(NCC1CC(CCC1)C*)=O,38,5.8227797
2961,clean_transformer,8,False,O=C(N*)CCCCCCCCCCC(NCC1CC(CCC1)C*)=O,36,4.5808206
2961,clean_transformer,9,False,C1CC(CC(CNC(=O)CCCCCCCCCCC(N*)=O)C1)C*,38,5.6527762
2961,clean_transformer,10,False,C1(CNC(=O)CCCCCCCCCCC(N*)=O)CCCC(C*)C1,38,5.4327717
2961,defended_transformer,0,True,[*]CC1CCCC(CNC(=O)CCCCCCCCCCC(=O)N[*])C1,36,5.613245
2961,defended_transformer,1,False,C(CCCCC(NCC1CC(C*)CCC1)=O)CCCCCC(N*)=O,38,5.963105
2961,defended_transformer,2,False,C(C1CC(CCC1)CNC(CCCCCCCCCCC(=O)N*)=O)*,38,5.6200647
2961,defended_transformer,3,False,C1(CC(CCC1)CNC(=O)CCCCCCCCCCC(N*)=O)C*,38,5.6464796
2961,defended_transformer,4,False,C(=O)(N*)CCCCCCCCCCC(=O)NCC1CCCC(C*)C1,38,5.1769147
2961,defended_transformer,5,False,C(C1CCCC(CNC(=O)CCCCCCCCCCC(=O)N*)C1)*,38,5.4372315
2961,defended_transformer,6,False,C1CC(CC(C*)C1)CNC(=O)CCCCCCCCCCC(N*)=O,38,5.598092
2961,defended_transformer,7,False,C(CCCCCCCCCC(N*)=O)C(NCC1CC(CCC1)C*)=O,38,4.893073
2961,defended_transformer,8,False,O=C(N*)CCCCCCCCCCC(NCC1CC(CCC1)C*)=O,36,5.4979815
2961,defended_transformer,9,False,C1CC(CC(CNC(=O)CCCCCCCCCCC(N*)=O)C1)C*,38,5.208828
2961,defended_transformer,10,False,C1(CNC(=O)CCCCCCCCCCC(N*)=O)CCCC(C*)C1,38,5.5892644
2962,clean_transformer,0,True,[*]Cc1ccc(COC(=O)C2CCC(C(=O)O[*])CC2)cc1,36,5.063513
2962,clean_transformer,1,False,*Cc1ccc(cc1)COC(=O)C1CCC(C(=O)O*)CC1,36,5.3325357
2962,clean_transformer,2,False,C1CC(C(OCc2ccc(C*)cc2)=O)CCC1C(=O)O*,36,5.1863465
2962,clean_transformer,3,False,C(=O)(C1CCC(CC1)C(=O)O*)OCc1ccc(cc1)C*,38,3.0995164
2962,clean_transformer,4,False,C(OC(=O)C1CCC(CC1)C(=O)O*)c1ccc(cc1)C*,38,4.3307247
2962,clean_transformer,5,False,C1C(C(=O)OCc2ccc(C*)cc2)CCC(C(O*)=O)C1,38,4.836524
2962,clean_transformer,6,False,*Cc1ccc(COC(=O)C2CCC(C(=O)O*)CC2)cc1,36,5.025942
2962,clean_transformer,7,False,*Cc1ccc(COC(=O)C2CCC(C(O*)=O)CC2)cc1,36,5.1103997
2962,clean_transformer,8,False,C(O*)(=O)C1CCC(CC1)C(OCc1ccc(cc1)C*)=O,38,4.169068
2962,clean_transformer,9,False,c1cc(C*)ccc1COC(=O)C1CCC(CC1)C(=O)O*,36,5.186026
2962,clean_transformer,10,False,O(C(C1CCC(C(O*)=O)CC1)=O)Cc1ccc(cc1)C*,38,4.4208837
2962,defended_transformer,0,True,[*]Cc1ccc(COC(=O)C2CCC(C(=O)O[*])CC2)cc1,36,4.496575
2962,defended_transformer,1,False,*Cc1ccc(cc1)COC(=O)C1CCC(C(=O)O*)CC1,36,4.79611
2962,defended_transformer,2,False,C1CC(C(OCc2ccc(C*)cc2)=O)CCC1C(=O)O*,36,3.9298964
2962,defended_transformer,3,False,C(=O)(C1CCC(CC1)C(=O)O*)OCc1ccc(cc1)C*,38,2.6262136
2962,defended_transformer,4,False,C(OC(=O)C1CCC(CC1)C(=O)O*)c1ccc(cc1)C*,38,3.6791515
2962,defended_transformer,5,False,C1C(C(=O)OCc2ccc(C*)cc2)CCC(C(O*)=O)C1,38,3.996872
2962,defended_transformer,6,False,*Cc1ccc(COC(=O)C2CCC(C(=O)O*)CC2)cc1,36,4.3870025
2962,defended_transformer,7,False,*Cc1ccc(COC(=O)C2CCC(C(O*)=O)CC2)cc1,36,4.2475224
2962,defended_transformer,8,False,C(O*)(=O)C1CCC(CC1)C(OCc1ccc(cc1)C*)=O,38,3.7485948
2962,defended_transformer,9,False,c1cc(C*)ccc1COC(=O)C1CCC(CC1)C(=O)O*,36,4.4497957
2962,defended_transformer,10,False,O(C(C1CCC(C(O*)=O)CC1)=O)Cc1ccc(cc1)C*,38,3.8617609
2963,clean_transformer,0,True,[*]Nc1cc([*])ccc1CCCCCCCCCCCC,25,4.434221
2963,clean_transformer,1,False,c1c(N*)c(CCCCCCCCCCCC)ccc1*,27,4.749191
2963,clean_transformer,2,False,c1c(*)ccc(c1N*)CCCCCCCCCCCC,27,5.163752
2963,clean_transformer,3,False,C(CCCCCCc1ccc(*)cc1N*)CCCCC,27,5.340704
2963,clean_transformer,4,False,c1(*)cc(N*)c(cc1)CCCCCCCCCCCC,29,4.8376255
2963,clean_transformer,5,False,c1cc(CCCCCCCCCCCC)c(N*)cc1*,27,4.142275
2963,clean_transformer,6,False,C(c1c(N*)cc(cc1)*)CCCCCCCCCCC,29,5.5186205
2963,clean_transformer,7,False,C(CC)CCCCCCCCCc1c(N*)cc(cc1)*,29,4.911137
2963,clean_transformer,8,False,C(CCCCC)CCCCCCc1ccc(cc1N*)*,27,4.9777403
2963,clean_transformer,9,False,C(CCCCCC)CCCCCc1ccc(cc1N*)*,27,5.0521317
2963,clean_transformer,10,False,CCCCCCCCCCCCc1ccc(*)cc1N*,25,5.165652
2963,defended_transformer,0,True,[*]Nc1cc([*])ccc1CCCCCCCCCCCC,25,3.8508868
2963,defended_transformer,1,False,c1c(N*)c(CCCCCCCCCCCC)ccc1*,27,4.696559
2963,defended_transformer,2,False,c1c(*)ccc(c1N*)CCCCCCCCCCCC,27,3.9800622
2963,defended_transformer,3,False,C(CCCCCCc1ccc(*)cc1N*)CCCCC,27,4.4207373
2963,defended_transformer,4,False,c1(*)cc(N*)c(cc1)CCCCCCCCCCCC,29,4.6101527
2963,defended_transformer,5,False,c1cc(CCCCCCCCCCCC)c(N*)cc1*,27,3.5542934
2963,defended_transformer,6,False,C(c1c(N*)cc(cc1)*)CCCCCCCCCCC,29,5.1131625
2963,defended_transformer,7,False,C(CC)CCCCCCCCCc1c(N*)cc(cc1)*,29,5.008034
2963,defended_transformer,8,False,C(CCCCC)CCCCCCc1ccc(cc1N*)*,27,4.9801245
2963,defended_transformer,9,False,C(CCCCCC)CCCCCc1ccc(cc1N*)*,27,5.1806436
2963,defended_transformer,10,False,CCCCCCCCCCCCc1ccc(*)cc1N*,25,4.688019
2964,clean_transformer,0,True,[*]OC(=O)CCS(=O)(=O)CCC([*])=O,26,5.4131455
2964,clean_transformer,1,False,*C(=O)CCS(CCC(=O)O*)(=O)=O,26,4.2664104
2964,clean_transformer,2,False,*OC(CCS(=O)(CCC(*)=O)=O)=O,26,4.3756065
2964,clean_transformer,3,False,O=S(CCC(=O)O*)(CCC(=O)*)=O,26,4.1077476
2964,clean_transformer,4,False,O=C(CCS(=O)(=O)CCC(=O)*)O*,26,4.020587
2964,clean_transformer,5,False,O=S(CCC(*)=O)(=O)CCC(=O)O*,26,4.5556493
2964,clean_transformer,6,False,*C(CCS(=O)(CCC(O*)=O)=O)=O,26,4.6379943
2964,clean_transformer,7,False,C(CC(=O)*)S(=O)(=O)CCC(=O)O*,28,5.5946507
2964,clean_transformer,8,False,O(*)C(=O)CCS(=O)(CCC(*)=O)=O,28,5.185647
2964,clean_transformer,9,False,C(C(O*)=O)CS(=O)(CCC(=O)*)=O,28,5.208366
2964,clean_transformer,10,False,C(C(*)=O)CS(CCC(O*)=O)(=O)=O,28,5.358023
2964,defended_transformer,0,True,[*]OC(=O)CCS(=O)(=O)CCC([*])=O,26,5.907054
2964,defended_transformer,1,False,*C(=O)CCS(CCC(=O)O*)(=O)=O,26,4.7405057
2964,defended_transformer,2,False,*OC(CCS(=O)(CCC(*)=O)=O)=O,26,5.3637037
2964,defended_transformer,3,False,O=S(CCC(=O)O*)(CCC(=O)*)=O,26,4.7486215
2964,defended_transformer,4,False,O=C(CCS(=O)(=O)CCC(=O)*)O*,26,4.4397945
2964,defended_transformer,5,False,O=S(CCC(*)=O)(=O)CCC(=O)O*,26,5.443091
2964,defended_transformer,6,False,*C(CCS(=O)(CCC(O*)=O)=O)=O,26,5.3860335
2964,defended_transformer,7,False,C(CC(=O)*)S(=O)(=O)CCC(=O)O*,28,5.524351
2964,defended_transformer,8,False,O(*)C(=O)CCS(=O)(CCC(*)=O)=O,28,5.3170958
2964,defended_transformer,9,False,C(C(O*)=O)CS(=O)(CCC(=O)*)=O,28,5.578317
2964,defended_transformer,10,False,C(C(*)=O)CS(CCC(O*)=O)(=O)=O,28,4.6150117
2965,clean_transformer,0,True,[*]CCCCC(=O)NCCCCCCNC(=O)CCCCS[*],29,5.1419873
2965,clean_transformer,1,False,O=C(NCCCCCCNC(CCCC*)=O)CCCCS*,29,3.6592948
2965,clean_transformer,2,False,C(CCCNC(CCCCS*)=O)CCNC(CCCC*)=O,31,5.4957457
2965,clean_transformer,3,False,C(C(NCCCCCCNC(=O)CCCCS*)=O)CCC*,31,5.035646
2965,clean_transformer,4,False,O=C(NCCCCCCNC(=O)CCCC*)CCCCS*,29,3.712333
2965,clean_transformer,5,False,*CCCCC(=O)NCCCCCCNC(=O)CCCCS*,29,5.1217237
2965,clean_transformer,6,False,C(C(NCCCCCCNC(=O)CCCC*)=O)CCCS*,31,4.598078
2965,clean_transformer,7,False,N(CCCCCCNC(=O)CCCCS*)C(CCCC*)=O,31,5.080336
2965,clean_transformer,8,False,C(CCCS*)C(NCCCCCCNC(=O)CCCC*)=O,31,5.3827624
2965,clean_transformer,9,False,C(CCCC(NCCCCCCNC(CCCCS*)=O)=O)*,31,5.395494
2965,clean_transformer,10,False,C(CNC(=O)CCCCS*)CCCCNC(=O)CCCC*,31,5.4593954
2965,defended_transformer,0,True,[*]CCCCC(=O)NCCCCCCNC(=O)CCCCS[*],29,4.9056497
2965,defended_transformer,1,False,O=C(NCCCCCCNC(CCCC*)=O)CCCCS*,29,4.8278394
2965,defended_transformer,2,False,C(CCCNC(CCCCS*)=O)CCNC(CCCC*)=O,31,5.672019
2965,defended_transformer,3,False,C(C(NCCCCCCNC(=O)CCCCS*)=O)CCC*,31,5.695623
2965,defended_transformer,4,False,O=C(NCCCCCCNC(=O)CCCC*)CCCCS*,29,5.04092
2965,defended_transformer,5,False,*CCCCC(=O)NCCCCCCNC(=O)CCCCS*,29,4.870138
2965,defended_transformer,6,False,C(C(NCCCCCCNC(=O)CCCC*)=O)CCCS*,31,5.4332685
2965,defended_transformer,7,False,N(CCCCCCNC(=O)CCCCS*)C(CCCC*)=O,31,5.5104012
2965,defended_transformer,8,False,C(CCCS*)C(NCCCCCCNC(=O)CCCC*)=O,31,5.492896
2965,defended_transformer,9,False,C(CCCC(NCCCCCCNC(CCCCS*)=O)=O)*,31,5.696427
2965,defended_transformer,10,False,C(CNC(=O)CCCCS*)CCCCNC(=O)CCCC*,31,4.9280915
2966,clean_transformer,0,True,[*]NC(S1)=CC=C1C(C=C2)=CC=C2C(=S)[*],32,2.3133984
2966,clean_transformer,1,False,S=C(*)c1ccc(cc1)-c1ccc(s1)N*,28,2.0314178
2966,clean_transformer,2,False,*Nc1ccc(s1)-c1ccc(cc1)C(=S)*,28,0.6241431
2966,clean_transformer,3,False,c1(-c2ccc(C(=S)*)cc2)ccc(N*)s1,30,2.976663
2966,clean_transformer,4,False,c1(ccc(cc1)C(=S)*)-c1sc(N*)cc1,30,2.9524612
2966,clean_transformer,5,False,C(=S)(*)c1ccc(-c2ccc(s2)N*)cc1,30,1.0040176
2966,clean_transformer,6,False,c1(N*)sc(cc1)-c1ccc(C(*)=S)cc1,30,2.7891047
2966,clean_transformer,7,False,*C(=S)c1ccc(cc1)-c1ccc(N*)s1,28,1.4440849
2966,clean_transformer,8,False,*Nc1ccc(-c2ccc(C(*)=S)cc2)s1,28,1.8025465
2966,clean_transformer,9,False,C(=S)(c1ccc(-c2ccc(N*)s2)cc1)*,30,1.22493
2966,clean_transformer,10,False,c1c(ccc(c1)-c1ccc(N*)s1)C(=S)*,30,3.1466055
2966,defended_transformer,0,True,[*]NC(S1)=CC=C1C(C=C2)=CC=C2C(=S)[*],32,2.7933097
2966,defended_transformer,1,False,S=C(*)c1ccc(cc1)-c1ccc(s1)N*,28,2.3222353
2966,defended_transformer,2,False,*Nc1ccc(s1)-c1ccc(cc1)C(=S)*,28,2.2870324
2966,defended_transformer,3,False,c1(-c2ccc(C(=S)*)cc2)ccc(N*)s1,30,2.6631706
2966,defended_transformer,4,False,c1(ccc(cc1)C(=S)*)-c1sc(N*)cc1,30,3.1698756
2966,defended_transformer,5,False,C(=S)(*)c1ccc(-c2ccc(s2)N*)cc1,30,2.383096
2966,defended_transformer,6,False,c1(N*)sc(cc1)-c1ccc(C(*)=S)cc1,30,2.1749136
2966,defended_transformer,7,False,*C(=S)c1ccc(cc1)-c1ccc(N*)s1,28,2.6470015
2966,defended_transformer,8,False,*Nc1ccc(-c2ccc(C(*)=S)cc2)s1,28,2.9279857
2966,defended_transformer,9,False,C(=S)(c1ccc(-c2ccc(N*)s2)cc1)*,30,1.5872836
2966,defended_transformer,10,False,c1c(ccc(c1)-c1ccc(N*)s1)C(=S)*,30,2.9878173
2967,clean_transformer,0,True,[*]C=C([*])c1nc2ccccc2n1C,21,0.9972608
2967,clean_transformer,1,False,c1ccc2nc(C(=C*)*)n(c2c1)C,25,3.9590945
2967,clean_transformer,2,False,n1c(C(*)=C*)n(c2ccccc12)C,25,3.8555195
2967,clean_transformer,3,False,c1(nc2ccccc2n1C)C(=C*)*,23,4.310584
2967,clean_transformer,4,False,C(*)(c1nc2c(n1C)cccc2)=C*,25,4.0731273
2967,clean_transformer,5,False,c1c2nc(C(=C*)*)n(C)c2ccc1,25,3.470797
2967,clean_transformer,6,False,n1(C)c2ccccc2nc1C(=C*)*,23,3.7429934
2967,clean_transformer,7,False,c1(C(=C*)*)nc2c(cccc2)n1C,25,3.99091
2967,clean_transformer,8,False,c1cc2c(n(c(n2)C(*)=C*)C)cc1,27,4.2870274
2967,clean_transformer,9,False,n1(C)c2c(nc1C(=C*)*)cccc2,25,3.839632
2967,clean_transformer,10,False,c1cccc2n(C)c(C(=C*)*)nc12,25,2.909206
2967,defended_transformer,0,True,[*]C=C([*])c1nc2ccccc2n1C,21,0.6537683
2967,defended_transformer,1,False,c1ccc2nc(C(=C*)*)n(c2c1)C,25,2.9739676
2967,defended_transformer,2,False,n1c(C(*)=C*)n(c2ccccc12)C,25,2.8538704
2967,defended_transformer,3,False,c1(nc2ccccc2n1C)C(=C*)*,23,3.8783069
2967,defended_transformer,4,False,C(*)(c1nc2c(n1C)cccc2)=C*,25,3.4747915
2967,defended_transformer,5,False,c1c2nc(C(=C*)*)n(C)c2ccc1,25,3.3196802
2967,defended_transformer,6,False,n1(C)c2ccccc2nc1C(=C*)*,23,3.4806056
2967,defended_transformer,7,False,c1(C(=C*)*)nc2c(cccc2)n1C,25,3.535236
2967,defended_transformer,8,False,c1cc2c(n(c(n2)C(*)=C*)C)cc1,27,4.2776217
2967,defended_transformer,9,False,n1(C)c2c(nc1C(=C*)*)cccc2,25,3.718372
2967,defended_transformer,10,False,c1cccc2n(C)c(C(=C*)*)nc12,25,3.6687703
2968,clean_transformer,0,True,[*]C(=O)c1ccc(C(=O)N2CCN([*])CC2)cc1,32,3.8399482
2968,clean_transformer,1,False,c1(C(N2CCN(*)CC2)=O)ccc(cc1)C(*)=O,34,4.604643
2968,clean_transformer,2,False,c1cc(C(=O)N2CCN(CC2)*)ccc1C(*)=O,32,3.6928773
2968,clean_transformer,3,False,c1cc(C(*)=O)ccc1C(N1CCN(*)CC1)=O,32,4.1177545
2968,clean_transformer,4,False,c1c(C(N2CCN(CC2)*)=O)ccc(c1)C(*)=O,34,4.1479907
2968,clean_transformer,5,False,N1(*)CCN(CC1)C(c1ccc(C(*)=O)cc1)=O,34,3.5327265
2968,clean_transformer,6,False,c1cc(C(=O)N2CCN(CC2)*)ccc1C(=O)*,32,3.336436
2968,clean_transformer,7,False,C1CN(CCN1*)C(c1ccc(cc1)C(*)=O)=O,32,4.2553363
2968,clean_transformer,8,False,c1cc(ccc1C(=O)*)C(N1CCN(CC1)*)=O,32,4.832389
2968,clean_transformer,9,False,N1(*)CCN(C(=O)c2ccc(cc2)C(*)=O)CC1,34,3.4425025
2968,clean_transformer,10,False,C1CN(CCN1C(c1ccc(cc1)C(=O)*)=O)*,32,3.972876
2968,defended_transformer,0,True,[*]C(=O)c1ccc(C(=O)N2CCN([*])CC2)cc1,32,3.9800322
2968,defended_transformer,1,False,c1(C(N2CCN(*)CC2)=O)ccc(cc1)C(*)=O,34,4.150683
2968,defended_transformer,2,False,c1cc(C(=O)N2CCN(CC2)*)ccc1C(*)=O,32,4.022456
2968,defended_transformer,3,False,c1cc(C(*)=O)ccc1C(N1CCN(*)CC1)=O,32,3.666985
2968,defended_transformer,4,False,c1c(C(N2CCN(CC2)*)=O)ccc(c1)C(*)=O,34,4.0249915
2968,defended_transformer,5,False,N1(*)CCN(CC1)C(c1ccc(C(*)=O)cc1)=O,34,4.130441
2968,defended_transformer,6,False,c1cc(C(=O)N2CCN(CC2)*)ccc1C(=O)*,32,3.787963
2968,defended_transformer,7,False,C1CN(CCN1*)C(c1ccc(cc1)C(*)=O)=O,32,4.41564
2968,defended_transformer,8,False,c1cc(ccc1C(=O)*)C(N1CCN(CC1)*)=O,32,3.5409904
2968,defended_transformer,9,False,N1(*)CCN(C(=O)c2ccc(cc2)C(*)=O)CC1,34,3.1555758
2968,defended_transformer,10,False,C1CN(CCN1C(c1ccc(cc1)C(=O)*)=O)*,32,4.889722
2969,clean_transformer,0,True,C([*])C(C)(C(=O)OCCCOC)([*]),24,6.4270515
2969,clean_transformer,1,False,C(*)(C)(C(OCCCOC)=O)C*,22,6.8477182
2969,clean_transformer,2,False,C(C(=O)OCCCOC)(*)(C*)C,22,6.5683913
2969,clean_transformer,3,False,COCCCOC(C(C)(*)C*)=O,20,6.638069
2969,clean_transformer,4,False,CC(*)(C*)C(OCCCOC)=O,20,6.143524
2969,clean_transformer,5,False,C(OCCCOC)(C(*)(C*)C)=O,22,6.5419283
2969,clean_transformer,6,False,COCCCOC(=O)C(C*)(C)*,20,6.2053175
2969,clean_transformer,7,False,C(CCOC(C(C)(*)C*)=O)OC,22,6.232848
2969,clean_transformer,8,False,C(OC(C(C*)(*)C)=O)CCOC,22,6.457391
2969,clean_transformer,9,False,C(CCOC(=O)C(C)(C*)*)OC,22,6.51361
2969,clean_transformer,10,False,C(CCOC)OC(C(C*)(*)C)=O,22,6.4772563
2969,defended_transformer,0,True,C([*])C(C)(C(=O)OCCCOC)([*]),24,6.5819073
2969,defended_transformer,1,False,C(*)(C)(C(OCCCOC)=O)C*,22,6.239545
2969,defended_transformer,2,False,C(C(=O)OCCCOC)(*)(C*)C,22,6.3133073
2969,defended_transformer,3,False,COCCCOC(C(C)(*)C*)=O,20,6.4488735
2969,defended_transformer,4,False,CC(*)(C*)C(OCCCOC)=O,20,5.8553033
2969,defended_transformer,5,False,C(OCCCOC)(C(*)(C*)C)=O,22,5.9884477
2969,defended_transformer,6,False,COCCCOC(=O)C(C*)(C)*,20,5.7304945
2969,defended_transformer,7,False,C(CCOC(C(C)(*)C*)=O)OC,22,6.3914833
2969,defended_transformer,8,False,C(OC(C(C*)(*)C)=O)CCOC,22,6.6522846
2969,defended_transformer,9,False,C(CCOC(=O)C(C)(C*)*)OC,22,6.334475
2969,defended_transformer,10,False,C(CCOC)OC(C(C*)(*)C)=O,22,6.147275
2970,clean_transformer,0,True,[*]NC(S1)=CC=C1C(=O)O[*],20,3.785605
2970,clean_transformer,1,False,c1c(sc(C(O*)=O)c1)N*,20,3.4997926
2970,clean_transformer,2,False,*OC(=O)c1ccc(s1)N*,18,2.3326952
2970,clean_transformer,3,False,O(C(c1sc(N*)cc1)=O)*,20,3.3907685
2970,clean_transformer,4,False,c1c(N*)sc(c1)C(O*)=O,20,4.32214
2970,clean_transformer,5,False,c1(N*)sc(C(O*)=O)cc1,20,3.9805508
2970,clean_transformer,6,False,N(*)c1ccc(s1)C(=O)O*,20,3.0598483
2970,clean_transformer,7,False,O=C(O*)c1ccc(s1)N*,18,2.0632222
2970,clean_transformer,8,False,c1cc(sc1C(=O)O*)N*,18,2.3096569
2970,clean_transformer,9,False,c1(C(=O)O*)ccc(s1)N*,20,2.6642416
2970,clean_transformer,10,False,c1c(sc(c1)C(=O)O*)N*,20,3.4838216
2970,defended_transformer,0,True,[*]NC(S1)=CC=C1C(=O)O[*],20,4.0323973
2970,defended_transformer,1,False,c1c(sc(C(O*)=O)c1)N*,20,4.26095
2970,defended_transformer,2,False,*OC(=O)c1ccc(s1)N*,18,4.46752
2970,defended_transformer,3,False,O(C(c1sc(N*)cc1)=O)*,20,4.0237584
2970,defended_transformer,4,False,c1c(N*)sc(c1)C(O*)=O,20,4.558978
2970,defended_transformer,5,False,c1(N*)sc(C(O*)=O)cc1,20,3.080665
2970,defended_transformer,6,False,N(*)c1ccc(s1)C(=O)O*,20,4.143033
2970,defended_transformer,7,False,O=C(O*)c1ccc(s1)N*,18,3.1093583
2970,defended_transformer,8,False,c1cc(sc1C(=O)O*)N*,18,3.8668928
2970,defended_transformer,9,False,c1(C(=O)O*)ccc(s1)N*,20,3.510466
2970,defended_transformer,10,False,c1c(sc(c1)C(=O)O*)N*,20,3.2918596
2971,clean_transformer,0,True,[*]Nc1cc(OC)c([*])cc1OC,19,3.4568162
2971,clean_transformer,1,False,COc1cc(c(cc1N*)OC)*,19,4.9770317
2971,clean_transformer,2,False,c1(N*)c(cc(*)c(OC)c1)OC,23,5.6322355
2971,clean_transformer,3,False,c1(OC)c(N*)cc(OC)c(*)c1,23,4.8137164
2971,clean_transformer,4,False,*c1cc(c(N*)cc1OC)OC,19,4.6573133
2971,clean_transformer,5,False,O(c1c(N*)cc(OC)c(*)c1)C,23,4.729153
2971,clean_transformer,6,False,c1(c(*)cc(OC)c(N*)c1)OC,23,5.110379
2971,clean_transformer,7,False,N(c1cc(c(*)cc1OC)OC)*,21,5.0749774
2971,clean_transformer,8,False,c1(OC)cc(*)c(OC)cc1N*,21,4.3262167
2971,clean_transformer,9,False,O(c1c(cc(c(c1)N*)OC)*)C,23,4.334206
2971,clean_transformer,10,False,c1(OC)c(N*)cc(c(*)c1)OC,23,4.9478836
2971,defended_transformer,0,True,[*]Nc1cc(OC)c([*])cc1OC,19,3.7049143
2971,defended_transformer,1,False,COc1cc(c(cc1N*)OC)*,19,4.9314957
2971,defended_transformer,2,False,c1(N*)c(cc(*)c(OC)c1)OC,23,5.24377
2971,defended_transformer,3,False,c1(OC)c(N*)cc(OC)c(*)c1,23,4.708328
2971,defended_transformer,4,False,*c1cc(c(N*)cc1OC)OC,19,3.4833655
2971,defended_transformer,5,False,O(c1c(N*)cc(OC)c(*)c1)C,23,4.515274
2971,defended_transformer,6,False,c1(c(*)cc(OC)c(N*)c1)OC,23,4.927075
2971,defended_transformer,7,False,N(c1cc(c(*)cc1OC)OC)*,21,4.0208025
2971,defended_transformer,8,False,c1(OC)cc(*)c(OC)cc1N*,21,3.7190819
2971,defended_transformer,9,False,O(c1c(cc(c(c1)N*)OC)*)C,23,4.0262985
2971,defended_transformer,10,False,c1(OC)c(N*)cc(c(*)c1)OC,23,4.8295364
2972,clean_transformer,0,True,[*]c1ccc(-c2nnc([*])o2)c(OCC)c1,27,3.4384315
2972,clean_transformer,1,False,c1(OCC)cc(*)ccc1-c1nnc(o1)*,27,3.8058279
2972,clean_transformer,2,False,O(CC)c1cc(ccc1-c1oc(nn1)*)*,27,4.548158
2972,clean_transformer,3,False,C(C)Oc1c(-c2nnc(*)o2)ccc(*)c1,29,4.554828
2972,clean_transformer,4,False,c1(ccc(cc1OCC)*)-c1nnc(*)o1,27,4.171694
2972,clean_transformer,5,False,c1(-c2ccc(cc2OCC)*)oc(*)nn1,27,4.7207627
2972,clean_transformer,6,False,O(CC)c1cc(ccc1-c1nnc(o1)*)*,27,4.5173645
2972,clean_transformer,7,False,n1nc(*)oc1-c1c(OCC)cc(cc1)*,27,4.196312
2972,clean_transformer,8,False,c1(*)ccc(-c2oc(*)nn2)c(c1)OCC,29,4.581488
2972,clean_transformer,9,False,c1c(-c2oc(*)nn2)c(OCC)cc(c1)*,29,4.8959613
2972,clean_transformer,10,False,CCOc1c(ccc(*)c1)-c1nnc(o1)*,27,4.502498
2972,defended_transformer,0,True,[*]c1ccc(-c2nnc([*])o2)c(OCC)c1,27,3.4599204
2972,defended_transformer,1,False,c1(OCC)cc(*)ccc1-c1nnc(o1)*,27,4.233496
2972,defended_transformer,2,False,O(CC)c1cc(ccc1-c1oc(nn1)*)*,27,4.2827277
2972,defended_transformer,3,False,C(C)Oc1c(-c2nnc(*)o2)ccc(*)c1,29,4.4535995
2972,defended_transformer,4,False,c1(ccc(cc1OCC)*)-c1nnc(*)o1,27,3.3148985
2972,defended_transformer,5,False,c1(-c2ccc(cc2OCC)*)oc(*)nn1,27,3.6417809
2972,defended_transformer,6,False,O(CC)c1cc(ccc1-c1nnc(o1)*)*,27,4.308769
2972,defended_transformer,7,False,n1nc(*)oc1-c1c(OCC)cc(cc1)*,27,3.6813323
2972,defended_transformer,8,False,c1(*)ccc(-c2oc(*)nn2)c(c1)OCC,29,3.8851202
2972,defended_transformer,9,False,c1c(-c2oc(*)nn2)c(OCC)cc(c1)*,29,4.408263
2972,defended_transformer,10,False,CCOc1c(ccc(*)c1)-c1nnc(o1)*,27,4.360016
2973,clean_transformer,0,True,[*]NC(=O)c1ccc(C(=O)Nc2ccc3c(c2)[nH]c(=O)c2cc([*])ccc23)cc1,52,3.395348
2973,clean_transformer,1,False,c1c2c3ccc(*)cc3c([nH]c2cc(NC(=O)c2ccc(C(N*)=O)cc2)c1)=O,52,3.8366387
2973,clean_transformer,2,False,C(=O)(c1ccc(C(N*)=O)cc1)Nc1cc2[nH]c(=O)c3cc(ccc3c2cc1)*,52,1.7862427
2973,clean_transformer,3,False,c12[nH]c(c3c(ccc(c3)*)c2ccc(c1)NC(c1ccc(C(N*)=O)cc1)=O)=O,54,3.163745
2973,clean_transformer,4,False,c1(*)cc2c([nH]c3cc(ccc3c2cc1)NC(=O)c1ccc(C(N*)=O)cc1)=O,52,2.984839
2973,clean_transformer,5,False,c12[nH]c(c3c(c2ccc(NC(c2ccc(C(N*)=O)cc2)=O)c1)ccc(c3)*)=O,54,2.0659857
2973,clean_transformer,6,False,c1c(C(=O)Nc2cc3[nH]c(c4cc(ccc4c3cc2)*)=O)ccc(C(=O)N*)c1,52,2.828971
2973,clean_transformer,7,False,O=C(c1ccc(C(N*)=O)cc1)Nc1cc2c(c3c(c([nH]2)=O)cc(*)cc3)cc1,54,2.3679838
2973,clean_transformer,8,False,O=C(c1ccc(cc1)C(=O)Nc1cc2[nH]c(=O)c3cc(ccc3c2cc1)*)N*,50,2.6784716
2973,clean_transformer,9,False,c1(ccc(C(Nc2ccc3c4ccc(cc4c([nH]c3c2)=O)*)=O)cc1)C(=O)N*,52,3.1235185
2973,clean_transformer,10,False,c12cc(ccc1c1c(cc(*)cc1)c([nH]2)=O)NC(c1ccc(C(=O)N*)cc1)=O,54,3.2225304
2973,defended_transformer,0,True,[*]NC(=O)c1ccc(C(=O)Nc2ccc3c(c2)[nH]c(=O)c2cc([*])ccc23)cc1,52,3.6057725
2973,defended_transformer,1,False,c1c2c3ccc(*)cc3c([nH]c2cc(NC(=O)c2ccc(C(N*)=O)cc2)c1)=O,52,2.8704596
2973,defended_transformer,2,False,C(=O)(c1ccc(C(N*)=O)cc1)Nc1cc2[nH]c(=O)c3cc(ccc3c2cc1)*,52,2.892019
2973,defended_transformer,3,False,c12[nH]c(c3c(ccc(c3)*)c2ccc(c1)NC(c1ccc(C(N*)=O)cc1)=O)=O,54,2.5692096
2973,defended_transformer,4,False,c1(*)cc2c([nH]c3cc(ccc3c2cc1)NC(=O)c1ccc(C(N*)=O)cc1)=O,52,2.8247976
2973,defended_transformer,5,False,c12[nH]c(c3c(c2ccc(NC(c2ccc(C(N*)=O)cc2)=O)c1)ccc(c3)*)=O,54,2.0489073
2973,defended_transformer,6,False,c1c(C(=O)Nc2cc3[nH]c(c4cc(ccc4c3cc2)*)=O)ccc(C(=O)N*)c1,52,3.567614
2973,defended_transformer,7,False,O=C(c1ccc(C(N*)=O)cc1)Nc1cc2c(c3c(c([nH]2)=O)cc(*)cc3)cc1,54,2.5442276
2973,defended_transformer,8,False,O=C(c1ccc(cc1)C(=O)Nc1cc2[nH]c(=O)c3cc(ccc3c2cc1)*)N*,50,3.0196793
2973,defended_transformer,9,False,c1(ccc(C(Nc2ccc3c4ccc(cc4c([nH]c3c2)=O)*)=O)cc1)C(=O)N*,52,3.2393246
2973,defended_transformer,10,False,c12cc(ccc1c1c(cc(*)cc1)c([nH]2)=O)NC(c1ccc(C(=O)N*)cc1)=O,54,2.4530365
2974,clean_transformer,0,True,[*]CC(CC)(CC)CS[*],14,4.994064
2974,clean_transformer,1,False,C(*)C(CC)(CC)CS*,16,4.420972
2974,clean_transformer,2,False,CCC(CS*)(CC)C*,14,4.897308
2974,clean_transformer,3,False,C(CC)(CC)(C*)CS*,16,4.508068
2974,clean_transformer,4,False,C(CC)(C*)(CS*)CC,16,5.1145477
2974,clean_transformer,5,False,CCC(CS*)(C*)CC,14,4.7206492
2974,clean_transformer,6,False,C(S*)C(C*)(CC)CC,16,5.5110164
2974,clean_transformer,7,False,CCC(C*)(CS*)CC,14,5.276768
2974,clean_transformer,8,False,*SCC(CC)(C*)CC,14,6.013687
2974,clean_transformer,9,False,*SCC(CC)(CC)C*,14,5.3944407
2974,clean_transformer,10,False,C(C(CS*)(C*)CC)C,16,4.927427
2974,defended_transformer,0,True,[*]CC(CC)(CC)CS[*],14,4.973879
2974,defended_transformer,1,False,C(*)C(CC)(CC)CS*,16,5.077939
2974,defended_transformer,2,False,CCC(CS*)(CC)C*,14,5.091671
2974,defended_transformer,3,False,C(CC)(CC)(C*)CS*,16,4.872877
2974,defended_transformer,4,False,C(CC)(C*)(CS*)CC,16,4.975296
2974,defended_transformer,5,False,CCC(CS*)(C*)CC,14,5.0937943
2974,defended_transformer,6,False,C(S*)C(C*)(CC)CC,16,5.587384
2974,defended_transformer,7,False,CCC(C*)(CS*)CC,14,5.5387535
2974,defended_transformer,8,False,*SCC(CC)(C*)CC,14,5.6536584
2974,defended_transformer,9,False,*SCC(CC)(CC)C*,14,5.424761
2974,defended_transformer,10,False,C(C(CS*)(C*)CC)C,16,5.4394097
2975,clean_transformer,0,True,[*]c1cc(CCCCCCCCCCCC(=O)Oc2ccc([N+](=O)[O-])cc2)c([*])s1,46,1.2124298
2975,clean_transformer,1,False,O=[N+]([O-])c1ccc(OC(CCCCCCCCCCCc2c(sc(*)c2)*)=O)cc1,46,2.1648564
2975,clean_transformer,2,False,C(CCCCCCCCCCCc1c(*)sc(c1)*)(Oc1ccc([N+](=O)[O-])cc1)=O,48,1.507168
2975,clean_transformer,3,False,C(CCCCCCCCCC(=O)Oc1ccc(cc1)[N+](=O)[O-])Cc1cc(*)sc1*,46,2.0302498
2975,clean_transformer,4,False,C(CCCCCCCC(Oc1ccc([N+]([O-])=O)cc1)=O)CCCc1cc(sc1*)*,46,3.3701751
2975,clean_transformer,5,False,c1cc(ccc1OC(CCCCCCCCCCCc1cc(sc1*)*)=O)[N+]([O-])=O,44,2.6331122
2975,clean_transformer,6,False,C(CCCCCC(Oc1ccc([N+]([O-])=O)cc1)=O)CCCCCc1cc(*)sc1*,46,1.2611301
2975,clean_transformer,7,False,C(CCCCc1c(sc(*)c1)*)CCCCCCC(=O)Oc1ccc([N+]([O-])=O)cc1,48,3.5984344
2975,clean_transformer,8,False,c1c(CCCCCCCCCCCC(Oc2ccc(cc2)[N+]([O-])=O)=O)c(sc1*)*,46,3.0860162
2975,clean_transformer,9,False,C(CCCCCc1cc(sc1*)*)CCCCCC(=O)Oc1ccc([N+](=O)[O-])cc1,46,3.557992
2975,clean_transformer,10,False,c1c(c(*)sc1*)CCCCCCCCCCCC(Oc1ccc(cc1)[N+]([O-])=O)=O,46,1.2497549
2975,defended_transformer,0,True,[*]c1cc(CCCCCCCCCCCC(=O)Oc2ccc([N+](=O)[O-])cc2)c([*])s1,46,1.7273462
2975,defended_transformer,1,False,O=[N+]([O-])c1ccc(OC(CCCCCCCCCCCc2c(sc(*)c2)*)=O)cc1,46,2.8471131
2975,defended_transformer,2,False,C(CCCCCCCCCCCc1c(*)sc(c1)*)(Oc1ccc([N+](=O)[O-])cc1)=O,48,3.5133832
2975,defended_transformer,3,False,C(CCCCCCCCCC(=O)Oc1ccc(cc1)[N+](=O)[O-])Cc1cc(*)sc1*,46,3.5276172
2975,defended_transformer,4,False,C(CCCCCCCC(Oc1ccc([N+]([O-])=O)cc1)=O)CCCc1cc(sc1*)*,46,3.4078836
2975,defended_transformer,5,False,c1cc(ccc1OC(CCCCCCCCCCCc1cc(sc1*)*)=O)[N+]([O-])=O,44,3.685729
2975,defended_transformer,6,False,C(CCCCCC(Oc1ccc([N+]([O-])=O)cc1)=O)CCCCCc1cc(*)sc1*,46,3.141024
2975,defended_transformer,7,False,C(CCCCc1c(sc(*)c1)*)CCCCCCC(=O)Oc1ccc([N+]([O-])=O)cc1,48,3.6344016
2975,defended_transformer,8,False,c1c(CCCCCCCCCCCC(Oc2ccc(cc2)[N+]([O-])=O)=O)c(sc1*)*,46,3.4792154
2975,defended_transformer,9,False,C(CCCCCc1cc(sc1*)*)CCCCCC(=O)Oc1ccc([N+](=O)[O-])cc1,46,4.135159
2975,defended_transformer,10,False,c1c(c(*)sc1*)CCCCCCCCCCCC(Oc1ccc(cc1)[N+]([O-])=O)=O,46,3.1619675
2976,clean_transformer,0,True,[*]c1ccc(C)c(N2CC(=O)N([*])CC2=O)c1,31,4.374101
2976,clean_transformer,1,False,O=C1N(CC(N(*)C1)=O)c1cc(*)ccc1C,31,3.6535616
2976,clean_transformer,2,False,c1c(ccc(c1N1C(=O)CN(C(=O)C1)*)C)*,33,4.173078
2976,clean_transformer,3,False,*c1ccc(c(c1)N1CC(=O)N(*)CC1=O)C,31,3.099599
2976,clean_transformer,4,False,c1(C)ccc(cc1N1C(CN(*)C(=O)C1)=O)*,33,5.0667543
2976,clean_transformer,5,False,c1(C)c(N2C(CN(*)C(=O)C2)=O)cc(*)cc1,35,4.012507
2976,clean_transformer,6,False,C1C(=O)N(CC(=O)N1*)c1c(ccc(c1)*)C,33,4.765923
2976,clean_transformer,7,False,*N1CC(=O)N(c2cc(*)ccc2C)CC1=O,29,4.3917212
2976,clean_transformer,8,False,*c1ccc(C)c(c1)N1C(CN(*)C(=O)C1)=O,33,4.4734955
2976,clean_transformer,9,False,c1c(*)ccc(C)c1N1CC(=O)N(CC1=O)*,31,4.3103027
2976,clean_transformer,10,False,c1(ccc(*)cc1N1CC(=O)N(*)CC1=O)C,31,4.1071396
2976,defended_transformer,0,True,[*]c1ccc(C)c(N2CC(=O)N([*])CC2=O)c1,31,3.8000052
2976,defended_transformer,1,False,O=C1N(CC(N(*)C1)=O)c1cc(*)ccc1C,31,3.8043816
2976,defended_transformer,2,False,c1c(ccc(c1N1C(=O)CN(C(=O)C1)*)C)*,33,4.049391
2976,defended_transformer,3,False,*c1ccc(c(c1)N1CC(=O)N(*)CC1=O)C,31,3.8026404
2976,defended_transformer,4,False,c1(C)ccc(cc1N1C(CN(*)C(=O)C1)=O)*,33,4.1953588
2976,defended_transformer,5,False,c1(C)c(N2C(CN(*)C(=O)C2)=O)cc(*)cc1,35,4.049743
2976,defended_transformer,6,False,C1C(=O)N(CC(=O)N1*)c1c(ccc(c1)*)C,33,4.3797975
2976,defended_transformer,7,False,*N1CC(=O)N(c2cc(*)ccc2C)CC1=O,29,3.7666273
2976,defended_transformer,8,False,*c1ccc(C)c(c1)N1C(CN(*)C(=O)C1)=O,33,3.581975
2976,defended_transformer,9,False,c1c(*)ccc(C)c1N1CC(=O)N(CC1=O)*,31,4.1384625
2976,defended_transformer,10,False,c1(ccc(*)cc1N1CC(=O)N(*)CC1=O)C,31,4.3840227
2977,clean_transformer,0,True,[*]Oc1ccc(CC(NC(=O)CCc2ccc(OC(=O)CCC([*])=O)cc2)C(=O)OC(C)CC)cc1,60,4.4765654
2977,clean_transformer,1,False,c1(O*)ccc(cc1)CC(C(=O)OC(C)CC)NC(CCc1ccc(OC(CCC(*)=O)=O)cc1)=O,62,4.9059677
2977,clean_transformer,2,False,C(C(NC(C(=O)OC(CC)C)Cc1ccc(cc1)O*)=O)Cc1ccc(cc1)OC(CCC(*)=O)=O,62,4.7317305
2977,clean_transformer,3,False,*Oc1ccc(CC(C(OC(CC)C)=O)NC(=O)CCc2ccc(OC(=O)CCC(*)=O)cc2)cc1,60,4.4208508
2977,clean_transformer,4,False,C(C)C(C)OC(C(NC(CCc1ccc(OC(=O)CCC(*)=O)cc1)=O)Cc1ccc(cc1)O*)=O,62,3.7214267
2977,clean_transformer,5,False,C(=O)(CCC(Oc1ccc(cc1)CCC(=O)NC(Cc1ccc(cc1)O*)C(OC(C)CC)=O)=O)*,62,2.6229289
2977,clean_transformer,6,False,c1c(ccc(c1)O*)CC(NC(=O)CCc1ccc(cc1)OC(CCC(*)=O)=O)C(=O)OC(C)CC,62,3.8367147
2977,clean_transformer,7,False,C(CCc1ccc(cc1)OC(CCC(*)=O)=O)(=O)NC(C(OC(CC)C)=O)Cc1ccc(cc1)O*,62,4.6871543
2977,clean_transformer,8,False,O(C(C(Cc1ccc(O*)cc1)NC(=O)CCc1ccc(OC(CCC(=O)*)=O)cc1)=O)C(CC)C,62,4.0167394
2977,clean_transformer,9,False,c1(ccc(OC(=O)CCC(*)=O)cc1)CCC(=O)NC(C(=O)OC(CC)C)Cc1ccc(O*)cc1,62,3.3219612
2977,clean_transformer,10,False,CCC(C)OC(C(NC(CCc1ccc(cc1)OC(=O)CCC(*)=O)=O)Cc1ccc(cc1)O*)=O,60,3.633936
2977,defended_transformer,0,True,[*]Oc1ccc(CC(NC(=O)CCc2ccc(OC(=O)CCC([*])=O)cc2)C(=O)OC(C)CC)cc1,60,4.2546268
2977,defended_transformer,1,False,c1(O*)ccc(cc1)CC(C(=O)OC(C)CC)NC(CCc1ccc(OC(CCC(*)=O)=O)cc1)=O,62,4.0479145
2977,defended_transformer,2,False,C(C(NC(C(=O)OC(CC)C)Cc1ccc(cc1)O*)=O)Cc1ccc(cc1)OC(CCC(*)=O)=O,62,4.003084
2977,defended_transformer,3,False,*Oc1ccc(CC(C(OC(CC)C)=O)NC(=O)CCc2ccc(OC(=O)CCC(*)=O)cc2)cc1,60,4.4501896
2977,defended_transformer,4,False,C(C)C(C)OC(C(NC(CCc1ccc(OC(=O)CCC(*)=O)cc1)=O)Cc1ccc(cc1)O*)=O,62,3.9829502
2977,defended_transformer,5,False,C(=O)(CCC(Oc1ccc(cc1)CCC(=O)NC(Cc1ccc(cc1)O*)C(OC(C)CC)=O)=O)*,62,3.552375
2977,defended_transformer,6,False,c1c(ccc(c1)O*)CC(NC(=O)CCc1ccc(cc1)OC(CCC(*)=O)=O)C(=O)OC(C)CC,62,3.1774516
2977,defended_transformer,7,False,C(CCc1ccc(cc1)OC(CCC(*)=O)=O)(=O)NC(C(OC(CC)C)=O)Cc1ccc(cc1)O*,62,3.8094528
2977,defended_transformer,8,False,O(C(C(Cc1ccc(O*)cc1)NC(=O)CCc1ccc(OC(CCC(=O)*)=O)cc1)=O)C(CC)C,62,3.8697224
2977,defended_transformer,9,False,c1(ccc(OC(=O)CCC(*)=O)cc1)CCC(=O)NC(C(=O)OC(CC)C)Cc1ccc(O*)cc1,62,3.2337584
2977,defended_transformer,10,False,CCC(C)OC(C(NC(CCc1ccc(cc1)OC(=O)CCC(*)=O)=O)Cc1ccc(cc1)O*)=O,60,4.2728667
2978,clean_transformer,0,True,[*]C(=O)Nc1ccc(NC(=O)c2ccc3c(c2)C(=O)N(c2ccc(Oc4ccc(N5C(=O)c6ccc([*])cc6C5=O)cc4)cc2)C3=O)cc1,89,2.8269973
2978,clean_transformer,1,False,O=C1N(C(c2ccc(cc12)C(=O)Nc1ccc(cc1)NC(*)=O)=O)c1ccc(cc1)Oc1ccc(cc1)N1C(c2cc(ccc2C1=O)*)=O,89,2.2554371
2978,clean_transformer,2,False,c1(C(=O)Nc2ccc(cc2)NC(=O)*)cc2c(cc1)C(N(c1ccc(cc1)Oc1ccc(N3C(c4cc(ccc4C3=O)*)=O)cc1)C2=O)=O,91,2.9799957
2978,clean_transformer,3,False,c1c(C(=O)Nc2ccc(cc2)NC(=O)*)ccc2c1C(N(C2=O)c1ccc(cc1)Oc1ccc(N2C(c3ccc(*)cc3C2=O)=O)cc1)=O,89,3.2234292
2978,clean_transformer,4,False,C1(c2ccc(*)cc2C(=O)N1c1ccc(cc1)Oc1ccc(cc1)N1C(=O)c2c(ccc(c2)C(=O)Nc2ccc(cc2)NC(*)=O)C1=O)=O,91,3.2284908
2978,clean_transformer,5,False,c1cc2c(cc1*)C(=O)N(C2=O)c1ccc(Oc2ccc(cc2)N2C(=O)c3c(C2=O)ccc(C(Nc2ccc(cc2)NC(*)=O)=O)c3)cc1,91,3.061321
2978,clean_transformer,6,False,N1(C(=O)c2c(C1=O)cc(cc2)*)c1ccc(cc1)Oc1ccc(cc1)N1C(c2ccc(C(Nc3ccc(cc3)NC(*)=O)=O)cc2C1=O)=O,91,3.179632
2978,clean_transformer,7,False,*c1ccc2c(C(N(C2=O)c2ccc(cc2)Oc2ccc(cc2)N2C(=O)c3c(cc(cc3)C(=O)Nc3ccc(NC(*)=O)cc3)C2=O)=O)c1,91,3.3204954
2978,clean_transformer,8,False,N(C(*)=O)c1ccc(NC(c2ccc3C(=O)N(C(=O)c3c2)c2ccc(cc2)Oc2ccc(cc2)N2C(c3c(C2=O)ccc(c3)*)=O)=O)cc1,93,2.5973501
2978,clean_transformer,9,False,c12c(ccc(c1)*)C(=O)N(c1ccc(Oc3ccc(N4C(=O)c5ccc(cc5C4=O)C(=O)Nc4ccc(cc4)NC(*)=O)cc3)cc1)C2=O,91,2.7347813
2978,clean_transformer,10,False,c1(ccc(Oc2ccc(N3C(c4ccc(cc4C3=O)C(=O)Nc3ccc(NC(=O)*)cc3)=O)cc2)cc1)N1C(=O)c2cc(ccc2C1=O)*,89,3.2317967
2978,defended_transformer,0,True,[*]C(=O)Nc1ccc(NC(=O)c2ccc3c(c2)C(=O)N(c2ccc(Oc4ccc(N5C(=O)c6ccc([*])cc6C5=O)cc4)cc2)C3=O)cc1,89,2.7027965
2978,defended_transformer,1,False,O=C1N(C(c2ccc(cc12)C(=O)Nc1ccc(cc1)NC(*)=O)=O)c1ccc(cc1)Oc1ccc(cc1)N1C(c2cc(ccc2C1=O)*)=O,89,2.3005776
2978,defended_transformer,2,False,c1(C(=O)Nc2ccc(cc2)NC(=O)*)cc2c(cc1)C(N(c1ccc(cc1)Oc1ccc(N3C(c4cc(ccc4C3=O)*)=O)cc1)C2=O)=O,91,2.380814
2978,defended_transformer,3,False,c1c(C(=O)Nc2ccc(cc2)NC(=O)*)ccc2c1C(N(C2=O)c1ccc(cc1)Oc1ccc(N2C(c3ccc(*)cc3C2=O)=O)cc1)=O,89,2.9274151
2978,defended_transformer,4,False,C1(c2ccc(*)cc2C(=O)N1c1ccc(cc1)Oc1ccc(cc1)N1C(=O)c2c(ccc(c2)C(=O)Nc2ccc(cc2)NC(*)=O)C1=O)=O,91,2.5847993
2978,defended_transformer,5,False,c1cc2c(cc1*)C(=O)N(C2=O)c1ccc(Oc2ccc(cc2)N2C(=O)c3c(C2=O)ccc(C(Nc2ccc(cc2)NC(*)=O)=O)c3)cc1,91,2.4259455
2978,defended_transformer,6,False,N1(C(=O)c2c(C1=O)cc(cc2)*)c1ccc(cc1)Oc1ccc(cc1)N1C(c2ccc(C(Nc3ccc(cc3)NC(*)=O)=O)cc2C1=O)=O,91,2.4066515
2978,defended_transformer,7,False,*c1ccc2c(C(N(C2=O)c2ccc(cc2)Oc2ccc(cc2)N2C(=O)c3c(cc(cc3)C(=O)Nc3ccc(NC(*)=O)cc3)C2=O)=O)c1,91,2.9974942
2978,defended_transformer,8,False,N(C(*)=O)c1ccc(NC(c2ccc3C(=O)N(C(=O)c3c2)c2ccc(cc2)Oc2ccc(cc2)N2C(c3c(C2=O)ccc(c3)*)=O)=O)cc1,93,2.8518362
2978,defended_transformer,9,False,c12c(ccc(c1)*)C(=O)N(c1ccc(Oc3ccc(N4C(=O)c5ccc(cc5C4=O)C(=O)Nc4ccc(cc4)NC(*)=O)cc3)cc1)C2=O,91,2.7937794
2978,defended_transformer,10,False,c1(ccc(Oc2ccc(N3C(c4ccc(cc4C3=O)C(=O)Nc3ccc(NC(=O)*)cc3)=O)cc2)cc1)N1C(=O)c2cc(ccc2C1=O)*,89,2.8680549
2979,clean_transformer,0,True,[*]CC(S1)=CC=C1OC(=S)[*],20,3.7573571
2979,clean_transformer,1,False,c1(OC(*)=S)ccc(s1)C*,20,2.1186984
2979,clean_transformer,2,False,s1c(ccc1C*)OC(*)=S,18,1.1074417
2979,clean_transformer,3,False,C(Oc1ccc(s1)C*)(*)=S,20,0.72679853
2979,clean_transformer,4,False,*Cc1ccc(s1)OC(=S)*,18,1.413244
2979,clean_transformer,5,False,O(C(=S)*)c1sc(C*)cc1,20,3.01409
2979,clean_transformer,6,False,C(=S)(Oc1ccc(C*)s1)*,20,1.3623693
2979,clean_transformer,7,False,S=C(Oc1sc(cc1)C*)*,18,2.3567002
2979,clean_transformer,8,False,*Cc1sc(cc1)OC(=S)*,18,2.9378126
2979,clean_transformer,9,False,c1c(sc(c1)OC(*)=S)C*,20,2.97222
2979,clean_transformer,10,False,O(C(=S)*)c1ccc(C*)s1,20,3.3290217
2979,defended_transformer,0,True,[*]CC(S1)=CC=C1OC(=S)[*],20,3.7873073
2979,defended_transformer,1,False,c1(OC(*)=S)ccc(s1)C*,20,4.148228
2979,defended_transformer,2,False,s1c(ccc1C*)OC(*)=S,18,2.6733928
2979,defended_transformer,3,False,C(Oc1ccc(s1)C*)(*)=S,20,3.2831132
2979,defended_transformer,4,False,*Cc1ccc(s1)OC(=S)*,18,2.865171
2979,defended_transformer,5,False,O(C(=S)*)c1sc(C*)cc1,20,3.8052466
2979,defended_transformer,6,False,C(=S)(Oc1ccc(C*)s1)*,20,2.1418388
2979,defended_transformer,7,False,S=C(Oc1sc(cc1)C*)*,18,3.419993
2979,defended_transformer,8,False,*Cc1sc(cc1)OC(=S)*,18,3.4854984
2979,defended_transformer,9,False,c1c(sc(c1)OC(*)=S)C*,20,4.067374
2979,defended_transformer,10,False,O(C(=S)*)c1ccc(C*)s1,20,3.2541614
2980,clean_transformer,0,True,[*]CC([*])C(=O)N1CCOCC1,19,5.692812
2980,clean_transformer,1,False,O=C(N1CCOCC1)C(C*)*,19,3.433632
2980,clean_transformer,2,False,*C(C*)C(N1CCOCC1)=O,19,5.710003
2980,clean_transformer,3,False,C1CN(C(=O)C(C*)*)CCO1,21,5.302735
2980,clean_transformer,4,False,C(C(C(=O)N1CCOCC1)*)*,21,5.771319
2980,clean_transformer,5,False,C1COCCN1C(C(C*)*)=O,19,5.3872504
2980,clean_transformer,6,False,*CC(*)C(N1CCOCC1)=O,19,5.678446
2980,clean_transformer,7,False,*C(C(N1CCOCC1)=O)C*,19,5.897593
2980,clean_transformer,8,False,C1CN(CCO1)C(=O)C(C*)*,21,5.535054
2980,clean_transformer,9,False,*CC(C(N1CCOCC1)=O)*,19,5.7561893
2980,clean_transformer,10,False,N1(CCOCC1)C(=O)C(C*)*,21,5.5974836
2980,defended_transformer,0,True,[*]CC([*])C(=O)N1CCOCC1,19,5.419339
2980,defended_transformer,1,False,O=C(N1CCOCC1)C(C*)*,19,5.1093464
2980,defended_transformer,2,False,*C(C*)C(N1CCOCC1)=O,19,5.2933373
2980,defended_transformer,3,False,C1CN(C(=O)C(C*)*)CCO1,21,5.152917
2980,defended_transformer,4,False,C(C(C(=O)N1CCOCC1)*)*,21,5.213979
2980,defended_transformer,5,False,C1COCCN1C(C(C*)*)=O,19,5.720676
2980,defended_transformer,6,False,*CC(*)C(N1CCOCC1)=O,19,5.3216243
2980,defended_transformer,7,False,*C(C(N1CCOCC1)=O)C*,19,5.699783
2980,defended_transformer,8,False,C1CN(CCO1)C(=O)C(C*)*,21,5.6232347
2980,defended_transformer,9,False,*CC(C(N1CCOCC1)=O)*,19,5.7810593
2980,defended_transformer,10,False,N1(CCOCC1)C(=O)C(C*)*,21,5.521044
2981,clean_transformer,0,True,O([*])C(=O)Oc1c(OC)cc(cc1)C(C)c1ccc(cc1)([*]),41,5.187361
2981,clean_transformer,1,False,*c1ccc(C(C)c2ccc(OC(O*)=O)c(OC)c2)cc1,37,4.48044
2981,clean_transformer,2,False,c1(C(C)c2ccc(cc2)*)ccc(c(OC)c1)OC(=O)O*,39,4.680605
2981,clean_transformer,3,False,c1cc(ccc1C(c1ccc(c(c1)OC)OC(O*)=O)C)*,37,4.289877
2981,clean_transformer,4,False,O(c1c(OC)cc(C(c2ccc(*)cc2)C)cc1)C(=O)O*,39,3.9574282
2981,clean_transformer,5,False,c1(ccc(cc1)C(c1ccc(OC(=O)O*)c(OC)c1)C)*,39,4.286136
2981,clean_transformer,6,False,CC(c1ccc(c(OC)c1)OC(O*)=O)c1ccc(cc1)*,37,4.6370287
2981,clean_transformer,7,False,c1cc(OC(O*)=O)c(cc1C(C)c1ccc(cc1)*)OC,37,4.1002264
2981,clean_transformer,8,False,c1(ccc(cc1)*)C(c1ccc(OC(=O)O*)c(c1)OC)C,39,4.4152184
2981,clean_transformer,9,False,c1(*)ccc(C(c2cc(c(cc2)OC(=O)O*)OC)C)cc1,39,4.6661353
2981,clean_transformer,10,False,O(C(Oc1ccc(C(C)c2ccc(*)cc2)cc1OC)=O)*,37,4.622755
2981,defended_transformer,0,True,O([*])C(=O)Oc1c(OC)cc(cc1)C(C)c1ccc(cc1)([*]),41,4.648473
2981,defended_transformer,1,False,*c1ccc(C(C)c2ccc(OC(O*)=O)c(OC)c2)cc1,37,3.7178693
2981,defended_transformer,2,False,c1(C(C)c2ccc(cc2)*)ccc(c(OC)c1)OC(=O)O*,39,3.232429
2981,defended_transformer,3,False,c1cc(ccc1C(c1ccc(c(c1)OC)OC(O*)=O)C)*,37,4.1729164
2981,defended_transformer,4,False,O(c1c(OC)cc(C(c2ccc(*)cc2)C)cc1)C(=O)O*,39,4.1251717
2981,defended_transformer,5,False,c1(ccc(cc1)C(c1ccc(OC(=O)O*)c(OC)c1)C)*,39,3.7139525
2981,defended_transformer,6,False,CC(c1ccc(c(OC)c1)OC(O*)=O)c1ccc(cc1)*,37,3.9093113
2981,defended_transformer,7,False,c1cc(OC(O*)=O)c(cc1C(C)c1ccc(cc1)*)OC,37,3.6163907
2981,defended_transformer,8,False,c1(ccc(cc1)*)C(c1ccc(OC(=O)O*)c(c1)OC)C,39,4.067389
2981,defended_transformer,9,False,c1(*)ccc(C(c2cc(c(cc2)OC(=O)O*)OC)C)cc1,39,3.9193962
2981,defended_transformer,10,False,O(C(Oc1ccc(C(C)c2ccc(*)cc2)cc1OC)=O)*,37,4.041262
2982,clean_transformer,0,True,[*]Oc1ccc(NC(=O)c2cc(C(=O)Nc3ccc(Oc4ccc(C5(c6ccc([*])cc6)CC6CCC5C6)cc4)cc3)cc(C(C)(C)C)c2)cc1,89,4.1140404
2982,clean_transformer,1,False,C1C2C(CC1CC2)(c1ccc(*)cc1)c1ccc(Oc2ccc(cc2)NC(=O)c2cc(C(C)(C)C)cc(c2)C(=O)Nc2ccc(O*)cc2)cc1,91,2.9069328
2982,clean_transformer,2,False,c1c(C(=O)Nc2ccc(Oc3ccc(cc3)C3(CC4CC3CC4)c3ccc(*)cc3)cc2)cc(cc1C(=O)Nc1ccc(cc1)O*)C(C)(C)C,89,3.7561176
2982,clean_transformer,3,False,C12CC(c3ccc(Oc4ccc(NC(c5cc(cc(c5)C(C)(C)C)C(Nc5ccc(cc5)O*)=O)=O)cc4)cc3)(C(C2)CC1)c1ccc(cc1)*,93,2.7618222
2982,clean_transformer,4,False,c1(ccc(NC(c2cc(cc(c2)C(=O)Nc2ccc(cc2)O*)C(C)(C)C)=O)cc1)Oc1ccc(C2(c3ccc(*)cc3)C3CCC(C2)C3)cc1,93,3.6750584
2982,clean_transformer,5,False,O=C(c1cc(cc(c1)C(C)(C)C)C(=O)Nc1ccc(Oc2ccc(cc2)C2(c3ccc(cc3)*)C3CCC(C2)C3)cc1)Nc1ccc(cc1)O*,91,2.5080779
2982,clean_transformer,6,False,c1c(NC(=O)c2cc(C(C)(C)C)cc(C(=O)Nc3ccc(cc3)Oc3ccc(C4(c5ccc(*)cc5)CC5CCC4C5)cc3)c2)ccc(c1)O*,91,3.1657898
2982,clean_transformer,7,False,c1(C2(c3ccc(Oc4ccc(cc4)NC(c4cc(cc(C(C)(C)C)c4)C(Nc4ccc(cc4)O*)=O)=O)cc3)CC3CC2CC3)ccc(cc1)*,91,3.4119506
2982,clean_transformer,8,False,C(=O)(Nc1ccc(cc1)O*)c1cc(C(=O)Nc2ccc(cc2)Oc2ccc(C3(c4ccc(*)cc4)C4CC(CC4)C3)cc2)cc(c1)C(C)(C)C,93,2.2224119
2982,clean_transformer,9,False,c1cc(ccc1C1(c2ccc(cc2)*)CC2CC1CC2)Oc1ccc(cc1)NC(=O)c1cc(cc(c1)C(Nc1ccc(O*)cc1)=O)C(C)(C)C,89,3.1597085
2982,clean_transformer,10,False,c1c(C(C)(C)C)cc(cc1C(=O)Nc1ccc(cc1)Oc1ccc(C2(C3CCC(C2)C3)c2ccc(*)cc2)cc1)C(Nc1ccc(cc1)O*)=O,91,3.122476
2982,defended_transformer,0,True,[*]Oc1ccc(NC(=O)c2cc(C(=O)Nc3ccc(Oc4ccc(C5(c6ccc([*])cc6)CC6CCC5C6)cc4)cc3)cc(C(C)(C)C)c2)cc1,89,3.7105932
2982,defended_transformer,1,False,C1C2C(CC1CC2)(c1ccc(*)cc1)c1ccc(Oc2ccc(cc2)NC(=O)c2cc(C(C)(C)C)cc(c2)C(=O)Nc2ccc(O*)cc2)cc1,91,2.61736
2982,defended_transformer,2,False,c1c(C(=O)Nc2ccc(Oc3ccc(cc3)C3(CC4CC3CC4)c3ccc(*)cc3)cc2)cc(cc1C(=O)Nc1ccc(cc1)O*)C(C)(C)C,89,2.995266
2982,defended_transformer,3,False,C12CC(c3ccc(Oc4ccc(NC(c5cc(cc(c5)C(C)(C)C)C(Nc5ccc(cc5)O*)=O)=O)cc4)cc3)(C(C2)CC1)c1ccc(cc1)*,93,2.6472428
2982,defended_transformer,4,False,c1(ccc(NC(c2cc(cc(c2)C(=O)Nc2ccc(cc2)O*)C(C)(C)C)=O)cc1)Oc1ccc(C2(c3ccc(*)cc3)C3CCC(C2)C3)cc1,93,3.2880945
2982,defended_transformer,5,False,O=C(c1cc(cc(c1)C(C)(C)C)C(=O)Nc1ccc(Oc2ccc(cc2)C2(c3ccc(cc3)*)C3CCC(C2)C3)cc1)Nc1ccc(cc1)O*,91,2.8263683
2982,defended_transformer,6,False,c1c(NC(=O)c2cc(C(C)(C)C)cc(C(=O)Nc3ccc(cc3)Oc3ccc(C4(c5ccc(*)cc5)CC5CCC4C5)cc3)c2)ccc(c1)O*,91,3.1515908
2982,defended_transformer,7,False,c1(C2(c3ccc(Oc4ccc(cc4)NC(c4cc(cc(C(C)(C)C)c4)C(Nc4ccc(cc4)O*)=O)=O)cc3)CC3CC2CC3)ccc(cc1)*,91,2.858223
2982,defended_transformer,8,False,C(=O)(Nc1ccc(cc1)O*)c1cc(C(=O)Nc2ccc(cc2)Oc2ccc(C3(c4ccc(*)cc4)C4CC(CC4)C3)cc2)cc(c1)C(C)(C)C,93,2.8920753
2982,defended_transformer,9,False,c1cc(ccc1C1(c2ccc(cc2)*)CC2CC1CC2)Oc1ccc(cc1)NC(=O)c1cc(cc(c1)C(Nc1ccc(O*)cc1)=O)C(C)(C)C,89,2.2904708
2982,defended_transformer,10,False,c1c(C(C)(C)C)cc(cc1C(=O)Nc1ccc(cc1)Oc1ccc(C2(C3CCC(C2)C3)c2ccc(*)cc2)cc1)C(Nc1ccc(cc1)O*)=O,91,2.7758386
2983,clean_transformer,0,True,[*]c1ccc2c(c1)c1cc([*])ccc1n2C(=O)NO,32,3.2980247
2983,clean_transformer,1,False,c1(*)ccc2n(C(=O)NO)c3c(cc(cc3)*)c2c1,36,4.4463434
2983,clean_transformer,2,False,c1c2c(n(c3c2cc(*)cc3)C(=O)NO)ccc1*,34,3.349811
2983,clean_transformer,3,False,c12c3c(ccc(*)c3)n(c1ccc(c2)*)C(=O)NO,36,4.151541
2983,clean_transformer,4,False,c12n(C(NO)=O)c3c(c1cc(*)cc2)cc(cc3)*,36,3.6561675
2983,clean_transformer,5,False,c12c(ccc(*)c2)n(c2ccc(*)cc12)C(NO)=O,36,3.6222277
2983,clean_transformer,6,False,c1(ccc2n(C(=O)NO)c3ccc(*)cc3c2c1)*,34,4.4698625
2983,clean_transformer,7,False,c12cc(*)ccc1n(c1c2cc(cc1)*)C(NO)=O,34,3.6417613
2983,clean_transformer,8,False,*c1cc2c3cc(*)ccc3n(c2cc1)C(NO)=O,32,3.570853
2983,clean_transformer,9,False,C(NO)(n1c2ccc(*)cc2c2c1ccc(c2)*)=O,34,4.205414
2983,clean_transformer,10,False,*c1cc2c3cc(*)ccc3n(c2cc1)C(=O)NO,32,3.5356774
2983,defended_transformer,0,True,[*]c1ccc2c(c1)c1cc([*])ccc1n2C(=O)NO,32,4.2552137
2983,defended_transformer,1,False,c1(*)ccc2n(C(=O)NO)c3c(cc(cc3)*)c2c1,36,3.3867116
2983,defended_transformer,2,False,c1c2c(n(c3c2cc(*)cc3)C(=O)NO)ccc1*,34,3.354083
2983,defended_transformer,3,False,c12c3c(ccc(*)c3)n(c1ccc(c2)*)C(=O)NO,36,3.8151267
2983,defended_transformer,4,False,c12n(C(NO)=O)c3c(c1cc(*)cc2)cc(cc3)*,36,3.639371
2983,defended_transformer,5,False,c12c(ccc(*)c2)n(c2ccc(*)cc12)C(NO)=O,36,3.8177743
2983,defended_transformer,6,False,c1(ccc2n(C(=O)NO)c3ccc(*)cc3c2c1)*,34,3.6140172
2983,defended_transformer,7,False,c12cc(*)ccc1n(c1c2cc(cc1)*)C(NO)=O,34,3.5493717
2983,defended_transformer,8,False,*c1cc2c3cc(*)ccc3n(c2cc1)C(NO)=O,32,3.0596328
2983,defended_transformer,9,False,C(NO)(n1c2ccc(*)cc2c2c1ccc(c2)*)=O,34,3.50976
2983,defended_transformer,10,False,*c1cc2c3cc(*)ccc3n(c2cc1)C(=O)NO,32,2.9148283
2984,clean_transformer,0,True,[*]OC(=O)C(Cc1ccccc1)NC(=O)CCCCC(=O)NC(Cc1ccccc1)C(=O)OC1COC2C([*])COC12,68,4.5209
2984,clean_transformer,1,False,*C1COC2C(OC(=O)C(NC(=O)CCCCC(NC(C(=O)O*)Cc3ccccc3)=O)Cc3ccccc3)COC12,68,4.0338917
2984,clean_transformer,2,False,C(OC1COC2C(COC21)*)(=O)C(Cc1ccccc1)NC(=O)CCCCC(=O)NC(Cc1ccccc1)C(O*)=O,70,4.21434
2984,clean_transformer,3,False,c1cc(CC(NC(=O)CCCCC(NC(Cc2ccccc2)C(=O)OC2COC3C2OCC3*)=O)C(O*)=O)ccc1,68,3.305728
2984,clean_transformer,4,False,O1CC(C2OCC(OC(C(NC(CCCCC(NC(Cc3ccccc3)C(O*)=O)=O)=O)Cc3ccccc3)=O)C12)*,70,3.9067516
2984,clean_transformer,5,False,c1c(CC(C(=O)OC2C3C(OC2)C(*)CO3)NC(=O)CCCCC(NC(C(=O)O*)Cc2ccccc2)=O)cccc1,72,3.7261014
2984,clean_transformer,6,False,C(C(NC(CCCCC(NC(Cc1ccccc1)C(=O)OC1COC2C(*)COC21)=O)=O)C(=O)O*)c1ccccc1,70,3.558041
2984,clean_transformer,7,False,O=C(NC(C(=O)OC1C2OCC(C2OC1)*)Cc1ccccc1)CCCCC(=O)NC(C(=O)O*)Cc1ccccc1,68,3.5500193
2984,clean_transformer,8,False,C(OC1C2C(C(CO2)*)OC1)(C(Cc1ccccc1)NC(=O)CCCCC(=O)NC(Cc1ccccc1)C(O*)=O)=O,72,4.640084
2984,clean_transformer,9,False,C(=O)(C(Cc1ccccc1)NC(CCCCC(=O)NC(Cc1ccccc1)C(=O)O*)=O)OC1COC2C(*)COC21,70,2.7613196
2984,clean_transformer,10,False,C(c1ccccc1)C(NC(CCCCC(NC(Cc1ccccc1)C(=O)OC1COC2C(COC21)*)=O)=O)C(=O)O*,70,4.1389875
2984,defended_transformer,0,True,[*]OC(=O)C(Cc1ccccc1)NC(=O)CCCCC(=O)NC(Cc1ccccc1)C(=O)OC1COC2C([*])COC12,68,3.971154
2984,defended_transformer,1,False,*C1COC2C(OC(=O)C(NC(=O)CCCCC(NC(C(=O)O*)Cc3ccccc3)=O)Cc3ccccc3)COC12,68,3.7632442
2984,defended_transformer,2,False,C(OC1COC2C(COC21)*)(=O)C(Cc1ccccc1)NC(=O)CCCCC(=O)NC(Cc1ccccc1)C(O*)=O,70,4.125764
2984,defended_transformer,3,False,c1cc(CC(NC(=O)CCCCC(NC(Cc2ccccc2)C(=O)OC2COC3C2OCC3*)=O)C(O*)=O)ccc1,68,2.305099
2984,defended_transformer,4,False,O1CC(C2OCC(OC(C(NC(CCCCC(NC(Cc3ccccc3)C(O*)=O)=O)=O)Cc3ccccc3)=O)C12)*,70,3.2631931
2984,defended_transformer,5,False,c1c(CC(C(=O)OC2C3C(OC2)C(*)CO3)NC(=O)CCCCC(NC(C(=O)O*)Cc2ccccc2)=O)cccc1,72,3.4958098
2984,defended_transformer,6,False,C(C(NC(CCCCC(NC(Cc1ccccc1)C(=O)OC1COC2C(*)COC21)=O)=O)C(=O)O*)c1ccccc1,70,3.4939227
2984,defended_transformer,7,False,O=C(NC(C(=O)OC1C2OCC(C2OC1)*)Cc1ccccc1)CCCCC(=O)NC(C(=O)O*)Cc1ccccc1,68,3.2779098
2984,defended_transformer,8,False,C(OC1C2C(C(CO2)*)OC1)(C(Cc1ccccc1)NC(=O)CCCCC(=O)NC(Cc1ccccc1)C(O*)=O)=O,72,3.9755194
2984,defended_transformer,9,False,C(=O)(C(Cc1ccccc1)NC(CCCCC(=O)NC(Cc1ccccc1)C(=O)O*)=O)OC1COC2C(*)COC21,70,3.061829
2984,defended_transformer,10,False,C(c1ccccc1)C(NC(CCCCC(NC(Cc1ccccc1)C(=O)OC1COC2C(COC21)*)=O)=O)C(=O)O*,70,4.3551416
2985,clean_transformer,0,True,[*]CCOCCOCCOC(=O)C=CC(=O)NCCCCCCNC(=O)C=CC(=O)O[*],46,4.858295
2985,clean_transformer,1,False,C(COCC*)OCCOC(=O)C=CC(=O)NCCCCCCNC(C=CC(=O)O*)=O,48,5.212301
2985,clean_transformer,2,False,C(CCNC(=O)C=CC(O*)=O)CCCNC(=O)C=CC(OCCOCCOCC*)=O,48,4.986929
2985,clean_transformer,3,False,O(CCOCCOC(C=CC(NCCCCCCNC(=O)C=CC(O*)=O)=O)=O)CC*,48,4.984342
2985,clean_transformer,4,False,C(=O)(C=CC(OCCOCCOCC*)=O)NCCCCCCNC(C=CC(O*)=O)=O,48,5.0201993
2985,clean_transformer,5,False,O(CC*)CCOCCOC(=O)C=CC(NCCCCCCNC(=O)C=CC(O*)=O)=O,48,5.008342
2985,clean_transformer,6,False,C(NCCCCCCNC(=O)C=CC(=O)O*)(=O)C=CC(OCCOCCOCC*)=O,48,4.8787537
2985,clean_transformer,7,False,N(C(C=CC(=O)OCCOCCOCC*)=O)CCCCCCNC(C=CC(=O)O*)=O,48,5.236035
2985,clean_transformer,8,False,*OC(=O)C=CC(=O)NCCCCCCNC(=O)C=CC(=O)OCCOCCOCC*,46,5.2435403
2985,clean_transformer,9,False,C(*)COCCOCCOC(=O)C=CC(NCCCCCCNC(C=CC(=O)O*)=O)=O,48,5.1500797
2985,clean_transformer,10,False,C(CCNC(=O)C=CC(=O)OCCOCCOCC*)CCCNC(=O)C=CC(O*)=O,48,5.2045116
2985,defended_transformer,0,True,[*]CCOCCOCCOC(=O)C=CC(=O)NCCCCCCNC(=O)C=CC(=O)O[*],46,5.143887
2985,defended_transformer,1,False,C(COCC*)OCCOC(=O)C=CC(=O)NCCCCCCNC(C=CC(=O)O*)=O,48,5.4838805
2985,defended_transformer,2,False,C(CCNC(=O)C=CC(O*)=O)CCCNC(=O)C=CC(OCCOCCOCC*)=O,48,5.0999613
2985,defended_transformer,3,False,O(CCOCCOC(C=CC(NCCCCCCNC(=O)C=CC(O*)=O)=O)=O)CC*,48,5.8546724
2985,defended_transformer,4,False,C(=O)(C=CC(OCCOCCOCC*)=O)NCCCCCCNC(C=CC(O*)=O)=O,48,4.75186
2985,defended_transformer,5,False,O(CC*)CCOCCOC(=O)C=CC(NCCCCCCNC(=O)C=CC(O*)=O)=O,48,4.945827
2985,defended_transformer,6,False,C(NCCCCCCNC(=O)C=CC(=O)O*)(=O)C=CC(OCCOCCOCC*)=O,48,5.3434663
2985,defended_transformer,7,False,N(C(C=CC(=O)OCCOCCOCC*)=O)CCCCCCNC(C=CC(=O)O*)=O,48,5.376339
2985,defended_transformer,8,False,*OC(=O)C=CC(=O)NCCCCCCNC(=O)C=CC(=O)OCCOCCOCC*,46,5.4901533
2985,defended_transformer,9,False,C(*)COCCOCCOC(=O)C=CC(NCCCCCCNC(C=CC(=O)O*)=O)=O,48,4.9989176
2985,defended_transformer,10,False,C(CCNC(=O)C=CC(=O)OCCOCCOCC*)CCCNC(=O)C=CC(O*)=O,48,5.4432783
2986,clean_transformer,0,True,[*]CCCCc1nc2cc3sc([*])nc3cc2s1,26,4.450892
2986,clean_transformer,1,False,c1(sc2cc3c(sc(*)n3)cc2n1)CCCC*,30,2.66249
2986,clean_transformer,2,False,n1c(sc2cc3nc(CCCC*)sc3cc21)*,28,2.123906
2986,clean_transformer,3,False,s1c2cc3nc(CCCC*)sc3cc2nc1*,26,1.8555481
2986,clean_transformer,4,False,c12c(cc3sc(nc3c2)*)nc(CCCC*)s1,30,2.771316
2986,clean_transformer,5,False,c12nc(sc1cc1c(sc(n1)*)c2)CCCC*,30,1.7395575
2986,clean_transformer,6,False,s1c(CCCC*)nc2c1cc1nc(sc1c2)*,28,2.1571147
2986,clean_transformer,7,False,C(CCC*)c1sc2cc3c(sc(n3)*)cc2n1,30,3.9303002
2986,clean_transformer,8,False,C(CC*)Cc1nc2cc3c(cc2s1)nc(s3)*,30,1.4034679
2986,clean_transformer,9,False,n1c2cc3c(nc(s3)*)cc2sc1CCCC*,28,1.9349334
2986,clean_transformer,10,False,*CCCCc1nc2cc3sc(nc3cc2s1)*,26,2.186164
2986,defended_transformer,0,True,[*]CCCCc1nc2cc3sc([*])nc3cc2s1,26,4.648893
2986,defended_transformer,1,False,c1(sc2cc3c(sc(*)n3)cc2n1)CCCC*,30,3.4199018
2986,defended_transformer,2,False,n1c(sc2cc3nc(CCCC*)sc3cc21)*,28,3.5716152
2986,defended_transformer,3,False,s1c2cc3nc(CCCC*)sc3cc2nc1*,26,3.323929
2986,defended_transformer,4,False,c12c(cc3sc(nc3c2)*)nc(CCCC*)s1,30,3.7648718
2986,defended_transformer,5,False,c12nc(sc1cc1c(sc(n1)*)c2)CCCC*,30,2.6280184
2986,defended_transformer,6,False,s1c(CCCC*)nc2c1cc1nc(sc1c2)*,28,3.5247412
2986,defended_transformer,7,False,C(CCC*)c1sc2cc3c(sc(n3)*)cc2n1,30,4.0873775
2986,defended_transformer,8,False,C(CC*)Cc1nc2cc3c(cc2s1)nc(s3)*,30,2.9382591
2986,defended_transformer,9,False,n1c2cc3c(nc(s3)*)cc2sc1CCCC*,28,2.837335
2986,defended_transformer,10,False,*CCCCc1nc2cc3sc(nc3cc2s1)*,26,2.2797782
2987,clean_transformer,0,True,[*]CC([*])C(=O)NCO,14,5.966147
2987,clean_transformer,1,False,N(C(=O)C(*)C*)CO,16,5.521785
2987,clean_transformer,2,False,*C(C(=O)NCO)C*,14,6.248385
2987,clean_transformer,3,False,O=C(NCO)C(C*)*,14,3.6076016
2987,clean_transformer,4,False,C(O)NC(C(C*)*)=O,16,5.4688897
2987,clean_transformer,5,False,C(C*)(C(NCO)=O)*,16,6.3455324
2987,clean_transformer,6,False,C(*)C(C(=O)NCO)*,16,5.8471446
2987,clean_transformer,7,False,*CC(*)C(NCO)=O,14,6.2267103
2987,clean_transformer,8,False,*CC(C(=O)NCO)*,14,5.9702797
2987,clean_transformer,9,False,OCNC(C(*)C*)=O,14,6.0664997
2987,clean_transformer,10,False,C(*)(C*)C(=O)NCO,16,5.592898
2987,defended_transformer,0,True,[*]CC([*])C(=O)NCO,14,5.743453
2987,defended_transformer,1,False,N(C(=O)C(*)C*)CO,16,4.8042197
2987,defended_transformer,2,False,*C(C(=O)NCO)C*,14,5.7271013
2987,defended_transformer,3,False,O=C(NCO)C(C*)*,14,5.327299
2987,defended_transformer,4,False,C(O)NC(C(C*)*)=O,16,5.6742697
2987,defended_transformer,5,False,C(C*)(C(NCO)=O)*,16,5.7766447
2987,defended_transformer,6,False,C(*)C(C(=O)NCO)*,16,5.8004804
2987,defended_transformer,7,False,*CC(*)C(NCO)=O,14,5.587426
2987,defended_transformer,8,False,*CC(C(=O)NCO)*,14,6.1767282
2987,defended_transformer,9,False,OCNC(C(*)C*)=O,14,5.9690228
2987,defended_transformer,10,False,C(*)(C*)C(=O)NCO,16,5.308534
2988,clean_transformer,0,True,[*]CC([*])n1c2ccc(I)cc2c2cc(I)ccc21,31,3.5938802
2988,clean_transformer,1,False,c1c2c3cc(ccc3n(c2ccc1I)C(C*)*)I,31,3.0789323
2988,clean_transformer,2,False,c12ccc(cc2c2c(n1C(C*)*)ccc(I)c2)I,33,3.225491
2988,clean_transformer,3,False,c1cc(I)cc2c1n(c1c2cc(cc1)I)C(C*)*,33,3.2217546
2988,clean_transformer,4,False,c12c(ccc(I)c1)n(C(C*)*)c1ccc(I)cc21,35,3.7923062
2988,clean_transformer,5,False,*C(C*)n1c2ccc(cc2c2c1ccc(I)c2)I,31,2.9938998
2988,clean_transformer,6,False,c1(I)cc2c(cc1)n(c1c2cc(cc1)I)C(C*)*,35,3.4986393
2988,clean_transformer,7,False,c1cc2c(c3c(ccc(c3)I)n2C(*)C*)cc1I,33,4.1760683
2988,clean_transformer,8,False,*CC(n1c2ccc(cc2c2c1ccc(I)c2)I)*,31,4.258436
2988,clean_transformer,9,False,c1cc2n(c3c(c2cc1I)cc(cc3)I)C(*)C*,33,4.1484923
2988,clean_transformer,10,False,c1c(ccc2c1c1c(n2C(C*)*)ccc(c1)I)I,33,4.25296
2988,defended_transformer,0,True,[*]CC([*])n1c2ccc(I)cc2c2cc(I)ccc21,31,3.4529724
2988,defended_transformer,1,False,c1c2c3cc(ccc3n(c2ccc1I)C(C*)*)I,31,3.4129019
2988,defended_transformer,2,False,c12ccc(cc2c2c(n1C(C*)*)ccc(I)c2)I,33,4.1174664
2988,defended_transformer,3,False,c1cc(I)cc2c1n(c1c2cc(cc1)I)C(C*)*,33,3.3532834
2988,defended_transformer,4,False,c12c(ccc(I)c1)n(C(C*)*)c1ccc(I)cc21,35,3.5952985
2988,defended_transformer,5,False,*C(C*)n1c2ccc(cc2c2c1ccc(I)c2)I,31,3.1094375
2988,defended_transformer,6,False,c1(I)cc2c(cc1)n(c1c2cc(cc1)I)C(C*)*,35,4.150679
2988,defended_transformer,7,False,c1cc2c(c3c(ccc(c3)I)n2C(*)C*)cc1I,33,4.4155836
2988,defended_transformer,8,False,*CC(n1c2ccc(cc2c2c1ccc(I)c2)I)*,31,4.2368307
2988,defended_transformer,9,False,c1cc2n(c3c(c2cc1I)cc(cc3)I)C(*)C*,33,4.3076997
2988,defended_transformer,10,False,c1c(ccc2c1c1c(n2C(C*)*)ccc(c1)I)I,33,3.8405914
2989,clean_transformer,0,True,[*]Oc1ccc(C(C)(C)c2ccc(Oc3nc([*])nc(Cl)n3)cc2)cc1,44,4.768973
2989,clean_transformer,1,False,n1c(Oc2ccc(C(C)(C)c3ccc(O*)cc3)cc2)nc(nc1Cl)*,44,4.4512267
2989,clean_transformer,2,False,c1(ccc(O*)cc1)C(C)(C)c1ccc(cc1)Oc1nc(nc(*)n1)Cl,46,4.086407
2989,clean_transformer,3,False,c1c(ccc(C(C)(c2ccc(cc2)O*)C)c1)Oc1nc(nc(*)n1)Cl,46,4.3500276
2989,clean_transformer,4,False,c1c(ccc(C(C)(C)c2ccc(cc2)Oc2nc(Cl)nc(n2)*)c1)O*,46,4.4730287
2989,clean_transformer,5,False,c1(ccc(C(C)(C)c2ccc(cc2)Oc2nc(Cl)nc(*)n2)cc1)O*,46,4.154948
2989,clean_transformer,6,False,Clc1nc(*)nc(n1)Oc1ccc(cc1)C(C)(c1ccc(cc1)O*)C,44,3.8732433
2989,clean_transformer,7,False,c1c(C(C)(c2ccc(cc2)Oc2nc(Cl)nc(*)n2)C)ccc(c1)O*,46,3.9737363
2989,clean_transformer,8,False,Clc1nc(Oc2ccc(C(C)(C)c3ccc(O*)cc3)cc2)nc(n1)*,44,3.5889165
2989,clean_transformer,9,False,c1cc(ccc1C(C)(C)c1ccc(O*)cc1)Oc1nc(*)nc(Cl)n1,44,4.7298822
2989,clean_transformer,10,False,c1cc(ccc1C(C)(C)c1ccc(O*)cc1)Oc1nc(*)nc(n1)Cl,44,4.5715933
2989,defended_transformer,0,True,[*]Oc1ccc(C(C)(C)c2ccc(Oc3nc([*])nc(Cl)n3)cc2)cc1,44,4.735448
2989,defended_transformer,1,False,n1c(Oc2ccc(C(C)(C)c3ccc(O*)cc3)cc2)nc(nc1Cl)*,44,4.076216
2989,defended_transformer,2,False,c1(ccc(O*)cc1)C(C)(C)c1ccc(cc1)Oc1nc(nc(*)n1)Cl,46,4.0367594
2989,defended_transformer,3,False,c1c(ccc(C(C)(c2ccc(cc2)O*)C)c1)Oc1nc(nc(*)n1)Cl,46,3.9928603
2989,defended_transformer,4,False,c1c(ccc(C(C)(C)c2ccc(cc2)Oc2nc(Cl)nc(n2)*)c1)O*,46,3.7162666
2989,defended_transformer,5,False,c1(ccc(C(C)(C)c2ccc(cc2)Oc2nc(Cl)nc(*)n2)cc1)O*,46,3.4347463
2989,defended_transformer,6,False,Clc1nc(*)nc(n1)Oc1ccc(cc1)C(C)(c1ccc(cc1)O*)C,44,3.6958795
2989,defended_transformer,7,False,c1c(C(C)(c2ccc(cc2)Oc2nc(Cl)nc(*)n2)C)ccc(c1)O*,46,3.6079779
2989,defended_transformer,8,False,Clc1nc(Oc2ccc(C(C)(C)c3ccc(O*)cc3)cc2)nc(n1)*,44,3.1118388
2989,defended_transformer,9,False,c1cc(ccc1C(C)(C)c1ccc(O*)cc1)Oc1nc(*)nc(Cl)n1,44,4.1918
2989,defended_transformer,10,False,c1cc(ccc1C(C)(C)c1ccc(O*)cc1)Oc1nc(*)nc(n1)Cl,44,4.028857
2990,clean_transformer,0,True,[*]C=CC1CC([*])C2CC=CC12,20,4.4318624
2990,clean_transformer,1,False,C(=C*)C1CC(*)C2CC=CC21,22,4.414779
2990,clean_transformer,2,False,C1C2C(CC(C=C*)C2C=C1)*,22,4.419848
2990,clean_transformer,3,False,C12C(CC=C1)C(CC2C=C*)*,22,4.057035
2990,clean_transformer,4,False,C1C2C(*)CC(C=C*)C2C=C1,22,5.7581697
2990,clean_transformer,5,False,C1(*)CC(C=C*)C2C1CC=C2,22,3.7436957
2990,clean_transformer,6,False,C12C(CC(C2CC=C1)*)C=C*,22,5.0686617
2990,clean_transformer,7,False,C12C(C(C=C*)CC1*)C=CC2,22,4.28149
2990,clean_transformer,8,False,*C=CC1CC(C2C1C=CC2)*,20,4.827226
2990,clean_transformer,9,False,*C1C2C(C(C=C*)C1)C=CC2,22,4.694064
2990,clean_transformer,10,False,C1C(C2C(C1C=C*)C=CC2)*,22,5.4963865
2990,defended_transformer,0,True,[*]C=CC1CC([*])C2CC=CC12,20,4.997288
2990,defended_transformer,1,False,C(=C*)C1CC(*)C2CC=CC21,22,3.7742558
2990,defended_transformer,2,False,C1C2C(CC(C=C*)C2C=C1)*,22,4.527638
2990,defended_transformer,3,False,C12C(CC=C1)C(CC2C=C*)*,22,4.52335
2990,defended_transformer,4,False,C1C2C(*)CC(C=C*)C2C=C1,22,3.1566916
2990,defended_transformer,5,False,C1(*)CC(C=C*)C2C1CC=C2,22,4.2075024
2990,defended_transformer,6,False,C12C(CC(C2CC=C1)*)C=C*,22,3.8352523
2990,defended_transformer,7,False,C12C(C(C=C*)CC1*)C=CC2,22,3.3685648
2990,defended_transformer,8,False,*C=CC1CC(C2C1C=CC2)*,20,3.25498
2990,defended_transformer,9,False,*C1C2C(C(C=C*)C1)C=CC2,22,3.5725784
2990,defended_transformer,10,False,C1C(C2C(C1C=C*)C=CC2)*,22,5.3550878
2991,clean_transformer,0,True,[*]c1nc2ccc(-c3ccc4nc(-c5cccc6cc7c([*])cccc7cc56)sc4c3)cc2s1,56,2.8821013
2991,clean_transformer,1,False,c12cc3c(cccc3*)cc2c(ccc1)-c1sc2cc(ccc2n1)-c1cc2c(nc(s2)*)cc1,60,2.2935057
2991,clean_transformer,2,False,c12c(nc(-c3c4c(cc5c(cccc5c4)*)ccc3)s1)ccc(-c1ccc3nc(sc3c1)*)c2,62,3.2345452
2991,clean_transformer,3,False,c1c2cc3c(cccc3-c3nc4ccc(cc4s3)-c3ccc4c(sc(*)n4)c3)cc2c(cc1)*,60,1.883338
2991,clean_transformer,4,False,c1(sc2cc(ccc2n1)-c1cc2c(cc1)nc(s2)*)-c1cccc2c1cc1cccc(*)c1c2,60,2.3683143
2991,clean_transformer,5,False,c12ccc(cc2sc(-c2cccc3c2cc2c(c3)c(ccc2)*)n1)-c1cc2c(cc1)nc(*)s2,62,3.1268477
2991,clean_transformer,6,False,c1(*)sc2cc(-c3ccc4c(sc(-c5cccc6c5cc5c(c(*)ccc5)c6)n4)c3)ccc2n1,62,2.9534252
2991,clean_transformer,7,False,c1(-c2nc3ccc(-c4ccc5nc(sc5c4)*)cc3s2)c2cc3cccc(c3cc2ccc1)*,58,2.826476
2991,clean_transformer,8,False,*c1nc2ccc(-c3cc4sc(-c5cccc6cc7c(cccc7*)cc65)nc4cc3)cc2s1,56,2.6393526
2991,clean_transformer,9,False,c1(-c2sc3c(ccc(-c4cc5sc(nc5cc4)*)c3)n2)cccc2cc3c(cccc3cc12)*,60,3.5375779
2991,clean_transformer,10,False,c1cc2cc3c(*)cccc3cc2c(c1)-c1nc2ccc(cc2s1)-c1ccc2nc(sc2c1)*,58,3.5756454
2991,defended_transformer,0,True,[*]c1nc2ccc(-c3ccc4nc(-c5cccc6cc7c([*])cccc7cc56)sc4c3)cc2s1,56,2.5871441
2991,defended_transformer,1,False,c12cc3c(cccc3*)cc2c(ccc1)-c1sc2cc(ccc2n1)-c1cc2c(nc(s2)*)cc1,60,2.5996952
2991,defended_transformer,2,False,c12c(nc(-c3c4c(cc5c(cccc5c4)*)ccc3)s1)ccc(-c1ccc3nc(sc3c1)*)c2,62,2.467019
2991,defended_transformer,3,False,c1c2cc3c(cccc3-c3nc4ccc(cc4s3)-c3ccc4c(sc(*)n4)c3)cc2c(cc1)*,60,2.5325298
2991,defended_transformer,4,False,c1(sc2cc(ccc2n1)-c1cc2c(cc1)nc(s2)*)-c1cccc2c1cc1cccc(*)c1c2,60,2.6646981
2991,defended_transformer,5,False,c12ccc(cc2sc(-c2cccc3c2cc2c(c3)c(ccc2)*)n1)-c1cc2c(cc1)nc(*)s2,62,2.7186089
2991,defended_transformer,6,False,c1(*)sc2cc(-c3ccc4c(sc(-c5cccc6c5cc5c(c(*)ccc5)c6)n4)c3)ccc2n1,62,2.8786216
2991,defended_transformer,7,False,c1(-c2nc3ccc(-c4ccc5nc(sc5c4)*)cc3s2)c2cc3cccc(c3cc2ccc1)*,58,2.5928688
2991,defended_transformer,8,False,*c1nc2ccc(-c3cc4sc(-c5cccc6cc7c(cccc7*)cc65)nc4cc3)cc2s1,56,2.6094587
2991,defended_transformer,9,False,c1(-c2sc3c(ccc(-c4cc5sc(nc5cc4)*)c3)n2)cccc2cc3c(cccc3cc12)*,60,2.6402984
2991,defended_transformer,10,False,c1cc2cc3c(*)cccc3cc2c(c1)-c1nc2ccc(cc2s1)-c1ccc2nc(sc2c1)*,58,2.8728294
2992,clean_transformer,0,True,[*]C(S1)=CC=C1C(=S)C(S2)=CC=C2O[*],30,2.1449242
2992,clean_transformer,1,False,s1c(C(c2sc(cc2)O*)=S)ccc1*,26,1.907867
2992,clean_transformer,2,False,c1c(*)sc(c1)C(=S)c1sc(cc1)O*,28,2.3757007
2992,clean_transformer,3,False,c1cc(C(c2sc(cc2)O*)=S)sc1*,26,1.6445229
2992,clean_transformer,4,False,c1cc(C(=S)c2ccc(s2)O*)sc1*,26,2.1082082
2992,clean_transformer,5,False,c1c(sc(C(c2sc(*)cc2)=S)c1)O*,28,2.5699043
2992,clean_transformer,6,False,c1c(C(=S)c2sc(*)cc2)sc(O*)c1,28,2.1339893
2992,clean_transformer,7,False,S=C(c1sc(cc1)O*)c1ccc(*)s1,26,2.4476001
2992,clean_transformer,8,False,c1(ccc(s1)O*)C(=S)c1sc(*)cc1,28,1.7035749
2992,clean_transformer,9,False,c1cc(sc1*)C(=S)c1ccc(O*)s1,26,3.085918
2992,clean_transformer,10,False,S=C(c1sc(*)cc1)c1sc(O*)cc1,26,2.3542092
2992,defended_transformer,0,True,[*]C(S1)=CC=C1C(=S)C(S2)=CC=C2O[*],30,3.2515798
2992,defended_transformer,1,False,s1c(C(c2sc(cc2)O*)=S)ccc1*,26,3.2113013
2992,defended_transformer,2,False,c1c(*)sc(c1)C(=S)c1sc(cc1)O*,28,2.8185427
2992,defended_transformer,3,False,c1cc(C(c2sc(cc2)O*)=S)sc1*,26,2.8526433
2992,defended_transformer,4,False,c1cc(C(=S)c2ccc(s2)O*)sc1*,26,3.1470513
2992,defended_transformer,5,False,c1c(sc(C(c2sc(*)cc2)=S)c1)O*,28,3.771588
2992,defended_transformer,6,False,c1c(C(=S)c2sc(*)cc2)sc(O*)c1,28,2.753983
2992,defended_transformer,7,False,S=C(c1sc(cc1)O*)c1ccc(*)s1,26,3.3967423
2992,defended_transformer,8,False,c1(ccc(s1)O*)C(=S)c1sc(*)cc1,28,3.2206905
2992,defended_transformer,9,False,c1cc(sc1*)C(=S)c1ccc(O*)s1,26,3.367082
2992,defended_transformer,10,False,S=C(c1sc(*)cc1)c1sc(O*)cc1,26,2.5075612
2993,clean_transformer,0,True,[*]Oc1ccc(CC(NC(=O)CCc2ccc(OC(=O)CCCCCCC([*])=O)cc2)C(=O)OC(C)C)cc1,63,4.6924605
2993,clean_transformer,1,False,c1cc(OC(=O)CCCCCCC(=O)*)ccc1CCC(=O)NC(Cc1ccc(O*)cc1)C(=O)OC(C)C,63,4.189645
2993,clean_transformer,2,False,*C(=O)CCCCCCC(Oc1ccc(cc1)CCC(=O)NC(Cc1ccc(cc1)O*)C(=O)OC(C)C)=O,63,3.3386276
2993,clean_transformer,3,False,O=C(CCCCCCC(Oc1ccc(cc1)CCC(NC(Cc1ccc(cc1)O*)C(=O)OC(C)C)=O)=O)*,63,1.9849899
2993,clean_transformer,4,False,O(C(=O)CCCCCCC(*)=O)c1ccc(cc1)CCC(=O)NC(C(OC(C)C)=O)Cc1ccc(cc1)O*,65,4.267773
2993,clean_transformer,5,False,c1(O*)ccc(cc1)CC(C(OC(C)C)=O)NC(CCc1ccc(OC(CCCCCCC(=O)*)=O)cc1)=O,65,3.8779635
2993,clean_transformer,6,False,O=C(OC(C)C)C(NC(CCc1ccc(cc1)OC(CCCCCCC(=O)*)=O)=O)Cc1ccc(O*)cc1,63,3.173414
2993,clean_transformer,7,False,C(*)(=O)CCCCCCC(Oc1ccc(cc1)CCC(=O)NC(Cc1ccc(cc1)O*)C(=O)OC(C)C)=O,65,4.9198523
2993,clean_transformer,8,False,O(c1ccc(cc1)CCC(=O)NC(C(OC(C)C)=O)Cc1ccc(cc1)O*)C(CCCCCCC(*)=O)=O,65,4.0971394
2993,clean_transformer,9,False,C(CCCCC(*)=O)CC(=O)Oc1ccc(cc1)CCC(NC(C(=O)OC(C)C)Cc1ccc(O*)cc1)=O,65,4.0237336
2993,clean_transformer,10,False,C(C)(OC(=O)C(Cc1ccc(O*)cc1)NC(CCc1ccc(OC(=O)CCCCCCC(=O)*)cc1)=O)C,65,3.808237
2993,defended_transformer,0,True,[*]Oc1ccc(CC(NC(=O)CCc2ccc(OC(=O)CCCCCCC([*])=O)cc2)C(=O)OC(C)C)cc1,63,4.8487563
2993,defended_transformer,1,False,c1cc(OC(=O)CCCCCCC(=O)*)ccc1CCC(=O)NC(Cc1ccc(O*)cc1)C(=O)OC(C)C,63,3.2428882
2993,defended_transformer,2,False,*C(=O)CCCCCCC(Oc1ccc(cc1)CCC(=O)NC(Cc1ccc(cc1)O*)C(=O)OC(C)C)=O,63,3.173431
2993,defended_transformer,3,False,O=C(CCCCCCC(Oc1ccc(cc1)CCC(NC(Cc1ccc(cc1)O*)C(=O)OC(C)C)=O)=O)*,63,2.6974347
2993,defended_transformer,4,False,O(C(=O)CCCCCCC(*)=O)c1ccc(cc1)CCC(=O)NC(C(OC(C)C)=O)Cc1ccc(cc1)O*,65,4.379656
2993,defended_transformer,5,False,c1(O*)ccc(cc1)CC(C(OC(C)C)=O)NC(CCc1ccc(OC(CCCCCCC(=O)*)=O)cc1)=O,65,4.0097656
2993,defended_transformer,6,False,O=C(OC(C)C)C(NC(CCc1ccc(cc1)OC(CCCCCCC(=O)*)=O)=O)Cc1ccc(O*)cc1,63,4.011243
2993,defended_transformer,7,False,C(*)(=O)CCCCCCC(Oc1ccc(cc1)CCC(=O)NC(Cc1ccc(cc1)O*)C(=O)OC(C)C)=O,65,4.237593
2993,defended_transformer,8,False,O(c1ccc(cc1)CCC(=O)NC(C(OC(C)C)=O)Cc1ccc(cc1)O*)C(CCCCCCC(*)=O)=O,65,4.0812483
2993,defended_transformer,9,False,C(CCCCC(*)=O)CC(=O)Oc1ccc(cc1)CCC(NC(C(=O)OC(C)C)Cc1ccc(O*)cc1)=O,65,4.355665
2993,defended_transformer,10,False,C(C)(OC(=O)C(Cc1ccc(O*)cc1)NC(CCc1ccc(OC(=O)CCCCCCC(=O)*)cc1)=O)C,65,3.1566887
2994,clean_transformer,0,True,[*]C=CC1CC([*])C(C(=O)OC)C1,23,5.358765
2994,clean_transformer,1,False,C1C(CC(C1C(OC)=O)*)C=C*,23,6.1538286
2994,clean_transformer,2,False,O(C)C(C1CC(C=C*)CC1*)=O,23,4.703523
2994,clean_transformer,3,False,O(C)C(=O)C1C(CC(C=C*)C1)*,25,5.964942
2994,clean_transformer,4,False,O=C(OC)C1CC(CC1*)C=C*,21,3.286106
2994,clean_transformer,5,False,C1(CC(C(C(=O)OC)C1)*)C=C*,25,5.9452534
2994,clean_transformer,6,False,O(C(=O)C1CC(CC1*)C=C*)C,23,5.500937
2994,clean_transformer,7,False,O(C(=O)C1C(*)CC(C1)C=C*)C,25,5.1701846
2994,clean_transformer,8,False,O=C(C1CC(C=C*)CC1*)OC,21,4.0155253
2994,clean_transformer,9,False,C1(*)C(C(=O)OC)CC(C1)C=C*,25,6.018386
2994,clean_transformer,10,False,*C1C(CC(C1)C=C*)C(OC)=O,23,5.717423
2994,defended_transformer,0,True,[*]C=CC1CC([*])C(C(=O)OC)C1,23,5.565636
2994,defended_transformer,1,False,C1C(CC(C1C(OC)=O)*)C=C*,23,5.657579
2994,defended_transformer,2,False,O(C)C(C1CC(C=C*)CC1*)=O,23,4.6374073
2994,defended_transformer,3,False,O(C)C(=O)C1C(CC(C=C*)C1)*,25,5.7830105
2994,defended_transformer,4,False,O=C(OC)C1CC(CC1*)C=C*,21,5.0190644
2994,defended_transformer,5,False,C1(CC(C(C(=O)OC)C1)*)C=C*,25,5.61153
2994,defended_transformer,6,False,O(C(=O)C1CC(CC1*)C=C*)C,23,5.6150875
2994,defended_transformer,7,False,O(C(=O)C1C(*)CC(C1)C=C*)C,25,5.394235
2994,defended_transformer,8,False,O=C(C1CC(C=C*)CC1*)OC,21,4.3731704
2994,defended_transformer,9,False,C1(*)C(C(=O)OC)CC(C1)C=C*,25,5.3398857
2994,defended_transformer,10,False,*C1C(CC(C1)C=C*)C(OC)=O,23,4.762744
2995,clean_transformer,0,True,[*]NC(c1ccccc1)C(C)(C)C([*])=O,26,4.942128
2995,clean_transformer,1,False,C(c1ccccc1)(C(C)(C(*)=O)C)N*,28,5.053193
2995,clean_transformer,2,False,*NC(C(C(*)=O)(C)C)c1ccccc1,26,4.642776
2995,clean_transformer,3,False,C(N*)(c1ccccc1)C(C)(C)C(=O)*,28,4.95249
2995,clean_transformer,4,False,c1c(C(C(C(*)=O)(C)C)N*)cccc1,28,5.204883
2995,clean_transformer,5,False,c1(C(N*)C(C)(C)C(=O)*)ccccc1,28,4.9665823
2995,clean_transformer,6,False,O=C(C(C)(C)C(c1ccccc1)N*)*,26,3.6785913
2995,clean_transformer,7,False,c1cc(C(C(C)(C)C(=O)*)N*)ccc1,28,4.2726884
2995,clean_transformer,8,False,c1ccccc1C(C(C)(C(*)=O)C)N*,26,4.750474
2995,clean_transformer,9,False,c1ccc(cc1)C(N*)C(C)(C)C(*)=O,28,4.798358
2995,clean_transformer,10,False,C(C(C)(C(*)=O)C)(c1ccccc1)N*,28,4.782783
2995,defended_transformer,0,True,[*]NC(c1ccccc1)C(C)(C)C([*])=O,26,4.364124
2995,defended_transformer,1,False,C(c1ccccc1)(C(C)(C(*)=O)C)N*,28,4.599302
2995,defended_transformer,2,False,*NC(C(C(*)=O)(C)C)c1ccccc1,26,4.7568045
2995,defended_transformer,3,False,C(N*)(c1ccccc1)C(C)(C)C(=O)*,28,4.100794
2995,defended_transformer,4,False,c1c(C(C(C(*)=O)(C)C)N*)cccc1,28,4.307667
2995,defended_transformer,5,False,c1(C(N*)C(C)(C)C(=O)*)ccccc1,28,4.9734945
2995,defended_transformer,6,False,O=C(C(C)(C)C(c1ccccc1)N*)*,26,3.343336
2995,defended_transformer,7,False,c1cc(C(C(C)(C)C(=O)*)N*)ccc1,28,4.1221857
2995,defended_transformer,8,False,c1ccccc1C(C(C)(C(*)=O)C)N*,26,3.7612624
2995,defended_transformer,9,False,c1ccc(cc1)C(N*)C(C)(C)C(*)=O,28,4.1668563
2995,defended_transformer,10,False,C(C(C)(C(*)=O)C)(c1ccccc1)N*,28,4.794564
2996,clean_transformer,0,True,[*]CCCCCCOC(=O)C(=O)O[*],20,6.5816097
2996,clean_transformer,1,False,C(O*)(=O)C(=O)OCCCCCC*,22,5.904663
2996,clean_transformer,2,False,*OC(=O)C(=O)OCCCCCC*,20,5.942697
2996,clean_transformer,3,False,C(C(=O)O*)(OCCCCCC*)=O,22,5.818103
2996,clean_transformer,4,False,C(=O)(C(OCCCCCC*)=O)O*,22,5.8101177
2996,clean_transformer,5,False,O(*)C(=O)C(OCCCCCC*)=O,22,6.362174
2996,clean_transformer,6,False,*CCCCCCOC(C(=O)O*)=O,20,5.9536667
2996,clean_transformer,7,False,*CCCCCCOC(=O)C(=O)O*,20,6.527953
2996,clean_transformer,8,False,C(OC(=O)C(O*)=O)CCCCC*,22,6.8315167
2996,clean_transformer,9,False,C(CCC*)CCOC(=O)C(=O)O*,22,5.3214803
2996,clean_transformer,10,False,C(CCC*)CCOC(=O)C(O*)=O,22,6.1483183
2996,defended_transformer,0,True,[*]CCCCCCOC(=O)C(=O)O[*],20,6.7996874
2996,defended_transformer,1,False,C(O*)(=O)C(=O)OCCCCCC*,22,5.8828387
2996,defended_transformer,2,False,*OC(=O)C(=O)OCCCCCC*,20,5.8661366
2996,defended_transformer,3,False,C(C(=O)O*)(OCCCCCC*)=O,22,5.7266793
2996,defended_transformer,4,False,C(=O)(C(OCCCCCC*)=O)O*,22,4.84305
2996,defended_transformer,5,False,O(*)C(=O)C(OCCCCCC*)=O,22,5.5771194
2996,defended_transformer,6,False,*CCCCCCOC(C(=O)O*)=O,20,6.134185
2996,defended_transformer,7,False,*CCCCCCOC(=O)C(=O)O*,20,6.590734
2996,defended_transformer,8,False,C(OC(=O)C(O*)=O)CCCCC*,22,6.535682
2996,defended_transformer,9,False,C(CCC*)CCOC(=O)C(=O)O*,22,4.7636037
2996,defended_transformer,10,False,C(CCC*)CCOC(=O)C(O*)=O,22,4.9563155
2997,clean_transformer,0,True,[*]CCCNC(=O)CCCCC(=O)NCCCO[*],25,5.636433
2997,clean_transformer,1,False,O=C(NCCCO*)CCCCC(NCCC*)=O,25,4.528724
2997,clean_transformer,2,False,C(NCCC*)(CCCCC(NCCCO*)=O)=O,27,6.122096
2997,clean_transformer,3,False,C(NC(=O)CCCCC(NCCCO*)=O)CC*,27,5.839799
2997,clean_transformer,4,False,C(NCCC*)(=O)CCCCC(NCCCO*)=O,27,6.0807304
2997,clean_transformer,5,False,C(CC(=O)NCCC*)CCC(NCCCO*)=O,27,5.774236
2997,clean_transformer,6,False,N(C(=O)CCCCC(=O)NCCCO*)CCC*,27,5.873263
2997,clean_transformer,7,False,N(C(=O)CCCCC(NCCC*)=O)CCCO*,27,5.873534
2997,clean_transformer,8,False,C(CCCC(=O)NCCC*)C(=O)NCCCO*,27,5.7439313
2997,clean_transformer,9,False,C(CCC(=O)NCCCO*)CC(NCCC*)=O,27,6.0909224
2997,clean_transformer,10,False,N(CCC*)C(CCCCC(NCCCO*)=O)=O,27,5.968875
2997,defended_transformer,0,True,[*]CCCNC(=O)CCCCC(=O)NCCCO[*],25,5.8240423
2997,defended_transformer,1,False,O=C(NCCCO*)CCCCC(NCCC*)=O,25,5.2631745
2997,defended_transformer,2,False,C(NCCC*)(CCCCC(NCCCO*)=O)=O,27,5.850377
2997,defended_transformer,3,False,C(NC(=O)CCCCC(NCCCO*)=O)CC*,27,5.670761
2997,defended_transformer,4,False,C(NCCC*)(=O)CCCCC(NCCCO*)=O,27,5.7862597
2997,defended_transformer,5,False,C(CC(=O)NCCC*)CCC(NCCCO*)=O,27,5.6206565
2997,defended_transformer,6,False,N(C(=O)CCCCC(=O)NCCCO*)CCC*,27,5.895069
2997,defended_transformer,7,False,N(C(=O)CCCCC(NCCC*)=O)CCCO*,27,5.5390625
2997,defended_transformer,8,False,C(CCCC(=O)NCCC*)C(=O)NCCCO*,27,5.3702307
2997,defended_transformer,9,False,C(CCC(=O)NCCCO*)CC(NCCC*)=O,27,5.5234547
2997,defended_transformer,10,False,N(CCC*)C(CCCCC(NCCCO*)=O)=O,27,5.735377
2998,clean_transformer,0,True,[*]CC([*])c1ccc(C)c(C)c1,20,4.542486
2998,clean_transformer,1,False,*CC(*)c1cc(C)c(cc1)C,20,4.5946703
2998,clean_transformer,2,False,Cc1cc(C(*)C*)ccc1C,18,3.8511763
2998,clean_transformer,3,False,C(C(*)c1ccc(c(c1)C)C)*,22,4.607999
2998,clean_transformer,4,False,c1(C)c(C)ccc(C(C*)*)c1,22,4.8967
2998,clean_transformer,5,False,Cc1c(cc(cc1)C(*)C*)C,20,4.139361
2998,clean_transformer,6,False,*C(C*)c1ccc(c(c1)C)C,20,4.750392
2998,clean_transformer,7,False,c1c(C(*)C*)ccc(C)c1C,20,4.5586967
2998,clean_transformer,8,False,c1c(C(*)C*)ccc(c1C)C,20,4.140451
2998,clean_transformer,9,False,Cc1c(C)cc(cc1)C(*)C*,20,4.0708876
2998,clean_transformer,10,False,C(C*)(c1ccc(c(C)c1)C)*,22,4.1763086
2998,defended_transformer,0,True,[*]CC([*])c1ccc(C)c(C)c1,20,3.5866716
2998,defended_transformer,1,False,*CC(*)c1cc(C)c(cc1)C,20,4.337539
2998,defended_transformer,2,False,Cc1cc(C(*)C*)ccc1C,18,2.9409134
2998,defended_transformer,3,False,C(C(*)c1ccc(c(c1)C)C)*,22,4.508377
2998,defended_transformer,4,False,c1(C)c(C)ccc(C(C*)*)c1,22,4.4643164
2998,defended_transformer,5,False,Cc1c(cc(cc1)C(*)C*)C,20,3.351182
2998,defended_transformer,6,False,*C(C*)c1ccc(c(c1)C)C,20,4.751338
2998,defended_transformer,7,False,c1c(C(*)C*)ccc(C)c1C,20,4.3014793
2998,defended_transformer,8,False,c1c(C(*)C*)ccc(c1C)C,20,4.6678476
2998,defended_transformer,9,False,Cc1c(C)cc(cc1)C(*)C*,20,3.0087323
2998,defended_transformer,10,False,C(C*)(c1ccc(c(C)c1)C)*,22,3.817358
2999,clean_transformer,0,True,[*]c1ccc2c(c1)c1cc([*])ccc1n2-c1ccccc1,34,3.639038
2999,clean_transformer,1,False,c1(*)cc2c3c(ccc(*)c3)n(-c3ccccc3)c2cc1,38,4.390051
2999,clean_transformer,2,False,c1c(*)ccc2n(-c3ccccc3)c3ccc(*)cc3c21,36,3.6241693
2999,clean_transformer,3,False,c1c2c3c(ccc(*)c3)n(-c3ccccc3)c2ccc1*,36,3.677085
2999,clean_transformer,4,False,c1(ccccc1)-n1c2c(c3c1ccc(c3)*)cc(*)cc2,38,3.8257322
2999,clean_transformer,5,False,c12n(c3ccc(*)cc3c2cc(*)cc1)-c1ccccc1,36,3.4087114
2999,clean_transformer,6,False,c1c(-n2c3ccc(*)cc3c3cc(ccc32)*)cccc1,36,3.9884844
2999,clean_transformer,7,False,c1c(cc2c3c(ccc(c3)*)n(c2c1)-c1ccccc1)*,38,4.3962183
2999,clean_transformer,8,False,c12c(ccc(*)c2)n(c2ccc(*)cc12)-c1ccccc1,38,3.7007573
2999,clean_transformer,9,False,c1ccc(-n2c3c(c4c2ccc(c4)*)cc(cc3)*)cc1,38,3.8457627
2999,clean_transformer,10,False,c1(ccc2n(-c3ccccc3)c3ccc(*)cc3c2c1)*,36,4.1858773
2999,defended_transformer,0,True,[*]c1ccc2c(c1)c1cc([*])ccc1n2-c1ccccc1,34,3.6088
2999,defended_transformer,1,False,c1(*)cc2c3c(ccc(*)c3)n(-c3ccccc3)c2cc1,38,3.2813025
2999,defended_transformer,2,False,c1c(*)ccc2n(-c3ccccc3)c3ccc(*)cc3c21,36,2.9714518
2999,defended_transformer,3,False,c1c2c3c(ccc(*)c3)n(-c3ccccc3)c2ccc1*,36,2.9989452
2999,defended_transformer,4,False,c1(ccccc1)-n1c2c(c3c1ccc(c3)*)cc(*)cc2,38,3.4822521
2999,defended_transformer,5,False,c12n(c3ccc(*)cc3c2cc(*)cc1)-c1ccccc1,36,3.1526446
2999,defended_transformer,6,False,c1c(-n2c3ccc(*)cc3c3cc(ccc32)*)cccc1,36,3.2618396
2999,defended_transformer,7,False,c1c(cc2c3c(ccc(c3)*)n(c2c1)-c1ccccc1)*,38,3.4084873
2999,defended_transformer,8,False,c12c(ccc(*)c2)n(c2ccc(*)cc12)-c1ccccc1,38,3.329926
2999,defended_transformer,9,False,c1ccc(-n2c3c(c4c2ccc(c4)*)cc(cc3)*)cc1,38,3.7624497
2999,defended_transformer,10,False,c1(ccc2n(-c3ccccc3)c3ccc(*)cc3c2c1)*,36,3.2274704
3000,clean_transformer,0,True,[*]CCCCCCNC(=O)NCCCCNC(=O)N[*],26,5.4748435
3000,clean_transformer,1,False,C(CCNC(=O)NCCCCNC(N*)=O)CCC*,28,5.854655
3000,clean_transformer,2,False,O=C(NCCCCCC*)NCCCCNC(=O)N*,26,3.8419979
3000,clean_transformer,3,False,*NC(NCCCCNC(=O)NCCCCCC*)=O,26,5.592732
3000,clean_transformer,4,False,C(CCCC*)CNC(=O)NCCCCNC(N*)=O,28,6.0819235
3000,clean_transformer,5,False,N(CCCCNC(=O)NCCCCCC*)C(N*)=O,28,5.747568
3000,clean_transformer,6,False,N(CCCCCC*)C(=O)NCCCCNC(=O)N*,28,5.7898493
3000,clean_transformer,7,False,C(NC(NCCCCNC(=O)N*)=O)CCCCC*,28,5.7500825
3000,clean_transformer,8,False,C(CC*)CCCNC(=O)NCCCCNC(=O)N*,28,6.023642
3000,clean_transformer,9,False,N(C(N*)=O)CCCCNC(=O)NCCCCCC*,28,5.5739713
3000,clean_transformer,10,False,N(CCCCCC*)C(NCCCCNC(=O)N*)=O,28,5.6308126
3000,defended_transformer,0,True,[*]CCCCCCNC(=O)NCCCCNC(=O)N[*],26,5.605751
3000,defended_transformer,1,False,C(CCNC(=O)NCCCCNC(N*)=O)CCC*,28,5.4870687
3000,defended_transformer,2,False,O=C(NCCCCCC*)NCCCCNC(=O)N*,26,5.5332413
3000,defended_transformer,3,False,*NC(NCCCCNC(=O)NCCCCCC*)=O,26,5.7178364
3000,defended_transformer,4,False,C(CCCC*)CNC(=O)NCCCCNC(N*)=O,28,5.6210504
3000,defended_transformer,5,False,N(CCCCNC(=O)NCCCCCC*)C(N*)=O,28,5.14999
3000,defended_transformer,6,False,N(CCCCCC*)C(=O)NCCCCNC(=O)N*,28,5.2612405
3000,defended_transformer,7,False,C(NC(NCCCCNC(=O)N*)=O)CCCCC*,28,5.4691935
3000,defended_transformer,8,False,C(CC*)CCCNC(=O)NCCCCNC(=O)N*,28,5.580819
3000,defended_transformer,9,False,N(C(N*)=O)CCCCNC(=O)NCCCCCC*,28,5.524156
3000,defended_transformer,10,False,N(CCCCCC*)C(NCCCCNC(=O)N*)=O,28,5.424841
3001,clean_transformer,0,True,[*]CC([*])(Cl)C(=O)OC,16,6.3122416
3001,clean_transformer,1,False,COC(C(*)(Cl)C*)=O,16,6.1678185
3001,clean_transformer,2,False,O=C(C(*)(Cl)C*)OC,16,4.346776
3001,clean_transformer,3,False,C(C(=O)OC)(C*)(Cl)*,18,5.2327027
3001,clean_transformer,4,False,C(Cl)(*)(C*)C(OC)=O,18,6.4592113
3001,clean_transformer,5,False,C(C(OC)=O)(Cl)(C*)*,18,4.5098615
3001,clean_transformer,6,False,C(OC)(=O)C(*)(C*)Cl,18,6.178588
3001,clean_transformer,7,False,COC(C(*)(C*)Cl)=O,16,6.4665785
3001,clean_transformer,8,False,C(C*)(*)(C(OC)=O)Cl,18,6.1412334
3001,clean_transformer,9,False,C(*)C(Cl)(C(=O)OC)*,18,5.75183
3001,clean_transformer,10,False,ClC(C*)(C(=O)OC)*,16,5.7794576
3001,defended_transformer,0,True,[*]CC([*])(Cl)C(=O)OC,16,6.396467
3001,defended_transformer,1,False,COC(C(*)(Cl)C*)=O,16,6.2248735
3001,defended_transformer,2,False,O=C(C(*)(Cl)C*)OC,16,5.7444983
3001,defended_transformer,3,False,C(C(=O)OC)(C*)(Cl)*,18,5.1481876
3001,defended_transformer,4,False,C(Cl)(*)(C*)C(OC)=O,18,6.0678854
3001,defended_transformer,5,False,C(C(OC)=O)(Cl)(C*)*,18,6.000147
3001,defended_transformer,6,False,C(OC)(=O)C(*)(C*)Cl,18,5.354047
3001,defended_transformer,7,False,COC(C(*)(C*)Cl)=O,16,6.3890142
3001,defended_transformer,8,False,C(C*)(*)(C(OC)=O)Cl,18,5.508868
3001,defended_transformer,9,False,C(*)C(Cl)(C(=O)OC)*,18,6.000823
3001,defended_transformer,10,False,ClC(C*)(C(=O)OC)*,16,5.1799016
3002,clean_transformer,0,True,[*]OC(=O)c1ccc(CCCCCc2ccc(C([*])=O)cc2)cc1,38,4.925358
3002,clean_transformer,1,False,O=C(*)c1ccc(cc1)CCCCCc1ccc(cc1)C(=O)O*,38,3.9683714
3002,clean_transformer,2,False,C(Cc1ccc(C(O*)=O)cc1)CCCc1ccc(C(*)=O)cc1,40,4.9885073
3002,clean_transformer,3,False,c1c(C(O*)=O)ccc(c1)CCCCCc1ccc(C(*)=O)cc1,40,3.7914815
3002,clean_transformer,4,False,c1c(ccc(c1)CCCCCc1ccc(C(=O)*)cc1)C(O*)=O,40,4.062592
3002,clean_transformer,5,False,c1c(C(=O)*)ccc(c1)CCCCCc1ccc(cc1)C(O*)=O,40,4.208581
3002,clean_transformer,6,False,C(CCc1ccc(cc1)C(=O)O*)CCc1ccc(C(=O)*)cc1,40,4.3996363
3002,clean_transformer,7,False,c1(ccc(cc1)C(=O)*)CCCCCc1ccc(C(O*)=O)cc1,40,4.6512575
3002,clean_transformer,8,False,C(CCCc1ccc(cc1)C(O*)=O)Cc1ccc(C(*)=O)cc1,40,5.350806
3002,clean_transformer,9,False,*C(=O)c1ccc(cc1)CCCCCc1ccc(C(=O)O*)cc1,38,4.4483094
3002,clean_transformer,10,False,c1cc(ccc1C(=O)O*)CCCCCc1ccc(cc1)C(*)=O,38,4.0856395
3002,defended_transformer,0,True,[*]OC(=O)c1ccc(CCCCCc2ccc(C([*])=O)cc2)cc1,38,4.3039217
3002,defended_transformer,1,False,O=C(*)c1ccc(cc1)CCCCCc1ccc(cc1)C(=O)O*,38,3.2284849
3002,defended_transformer,2,False,C(Cc1ccc(C(O*)=O)cc1)CCCc1ccc(C(*)=O)cc1,40,4.1819777
3002,defended_transformer,3,False,c1c(C(O*)=O)ccc(c1)CCCCCc1ccc(C(*)=O)cc1,40,4.1703973
3002,defended_transformer,4,False,c1c(ccc(c1)CCCCCc1ccc(C(=O)*)cc1)C(O*)=O,40,3.640699
3002,defended_transformer,5,False,c1c(C(=O)*)ccc(c1)CCCCCc1ccc(cc1)C(O*)=O,40,4.2734876
3002,defended_transformer,6,False,C(CCc1ccc(cc1)C(=O)O*)CCc1ccc(C(=O)*)cc1,40,4.389626
3002,defended_transformer,7,False,c1(ccc(cc1)C(=O)*)CCCCCc1ccc(C(O*)=O)cc1,40,3.8122287
3002,defended_transformer,8,False,C(CCCc1ccc(cc1)C(O*)=O)Cc1ccc(C(*)=O)cc1,40,4.2830224
3002,defended_transformer,9,False,*C(=O)c1ccc(cc1)CCCCCc1ccc(C(=O)O*)cc1,38,4.0820794
3002,defended_transformer,10,False,c1cc(ccc1C(=O)O*)CCCCCc1ccc(cc1)C(*)=O,38,3.2292314
3003,clean_transformer,0,True,[*]c1ccc(Oc2ccc(-c3nc4cc(-c5ccc6nc([*])c(-c7ccccc7)nc6c5)ccc4nc3-c3ccccc3)cc2)cc1,77,3.4962962
3003,clean_transformer,1,False,c1c(ccc(c1)Oc1ccc(cc1)-c1c(nc2ccc(-c3cc4nc(-c5ccccc5)c(nc4cc3)*)cc2n1)-c1ccccc1)*,81,3.658389
3003,clean_transformer,2,False,c1(-c2ccc(cc2)Oc2ccc(*)cc2)nc2cc(-c3cc4c(nc(*)c(-c5ccccc5)n4)cc3)ccc2nc1-c1ccccc1,81,3.8443503
3003,clean_transformer,3,False,c1(-c2ccc3c(c2)nc(c(n3)-c2ccccc2)-c2ccc(Oc3ccc(cc3)*)cc2)cc2c(nc(*)c(-c3ccccc3)n2)cc1,85,4.159743
3003,clean_transformer,4,False,n1c2c(nc(-c3ccc(cc3)Oc3ccc(cc3)*)c1-c1ccccc1)cc(cc2)-c1ccc2c(nc(-c3ccccc3)c(*)n2)c1,83,3.9622426
3003,clean_transformer,5,False,c1c(cccc1)-c1nc2c(ccc(c2)-c2ccc3nc(-c4ccccc4)c(nc3c2)-c2ccc(cc2)Oc2ccc(cc2)*)nc1*,81,3.8034034
3003,clean_transformer,6,False,c1cc(cc2c1nc(*)c(-c1ccccc1)n2)-c1ccc2nc(c(-c3ccc(cc3)Oc3ccc(cc3)*)nc2c1)-c1ccccc1,81,3.4906502
3003,clean_transformer,7,False,c1cc(ccc1Oc1ccc(*)cc1)-c1nc2cc(-c3cc4nc(c(nc4cc3)*)-c3ccccc3)ccc2nc1-c1ccccc1,77,3.59078
3003,clean_transformer,8,False,c1cc2c(cc1-c1cc3nc(-c4ccccc4)c(*)nc3cc1)nc(c(n2)-c1ccccc1)-c1ccc(cc1)Oc1ccc(cc1)*,81,3.9308934
3003,clean_transformer,9,False,n1c(c(-c2ccc(Oc3ccc(cc3)*)cc2)nc2c1ccc(c2)-c1ccc2nc(*)c(nc2c1)-c1ccccc1)-c1ccccc1,81,3.403347
3003,clean_transformer,10,False,n1c(-c2ccccc2)c(*)nc2ccc(-c3cc4c(cc3)nc(-c3ccccc3)c(-c3ccc(cc3)Oc3ccc(cc3)*)n4)cc21,83,3.796855
3003,defended_transformer,0,True,[*]c1ccc(Oc2ccc(-c3nc4cc(-c5ccc6nc([*])c(-c7ccccc7)nc6c5)ccc4nc3-c3ccccc3)cc2)cc1,77,3.0837865
3003,defended_transformer,1,False,c1c(ccc(c1)Oc1ccc(cc1)-c1c(nc2ccc(-c3cc4nc(-c5ccccc5)c(nc4cc3)*)cc2n1)-c1ccccc1)*,81,2.9797516
3003,defended_transformer,2,False,c1(-c2ccc(cc2)Oc2ccc(*)cc2)nc2cc(-c3cc4c(nc(*)c(-c5ccccc5)n4)cc3)ccc2nc1-c1ccccc1,81,2.8041449
3003,defended_transformer,3,False,c1(-c2ccc3c(c2)nc(c(n3)-c2ccccc2)-c2ccc(Oc3ccc(cc3)*)cc2)cc2c(nc(*)c(-c3ccccc3)n2)cc1,85,2.8443317
3003,defended_transformer,4,False,n1c2c(nc(-c3ccc(cc3)Oc3ccc(cc3)*)c1-c1ccccc1)cc(cc2)-c1ccc2c(nc(-c3ccccc3)c(*)n2)c1,83,2.886808
3003,defended_transformer,5,False,c1c(cccc1)-c1nc2c(ccc(c2)-c2ccc3nc(-c4ccccc4)c(nc3c2)-c2ccc(cc2)Oc2ccc(cc2)*)nc1*,81,2.9486227
3003,defended_transformer,6,False,c1cc(cc2c1nc(*)c(-c1ccccc1)n2)-c1ccc2nc(c(-c3ccc(cc3)Oc3ccc(cc3)*)nc2c1)-c1ccccc1,81,2.8882194
3003,defended_transformer,7,False,c1cc(ccc1Oc1ccc(*)cc1)-c1nc2cc(-c3cc4nc(c(nc4cc3)*)-c3ccccc3)ccc2nc1-c1ccccc1,77,3.0512974
3003,defended_transformer,8,False,c1cc2c(cc1-c1cc3nc(-c4ccccc4)c(*)nc3cc1)nc(c(n2)-c1ccccc1)-c1ccc(cc1)Oc1ccc(cc1)*,81,2.6939673
3003,defended_transformer,9,False,n1c(c(-c2ccc(Oc3ccc(cc3)*)cc2)nc2c1ccc(c2)-c1ccc2nc(*)c(nc2c1)-c1ccccc1)-c1ccccc1,81,2.3492236
3003,defended_transformer,10,False,n1c(-c2ccccc2)c(*)nc2ccc(-c3cc4c(cc3)nc(-c3ccccc3)c(-c3ccc(cc3)Oc3ccc(cc3)*)n4)cc21,83,3.2725635
3004,clean_transformer,0,True,[*]C#CC(CO)=C([*])n1c2ccccc2c2ccccc21,33,1.7654343
3004,clean_transformer,1,False,n1(c2ccccc2c2ccccc12)C(=C(C#C*)CO)*,35,2.6785955
3004,clean_transformer,2,False,c1c2c(c3c(n2C(=C(CO)C#C*)*)cccc3)ccc1,37,2.9373875
3004,clean_transformer,3,False,c12c3ccccc3n(C(=C(C#C*)CO)*)c1cccc2,35,2.7592382
3004,clean_transformer,4,False,c12ccccc1n(c1c2cccc1)C(=C(C#C*)CO)*,35,2.1396332
3004,clean_transformer,5,False,OCC(C#C*)=C(n1c2c(cccc2)c2c1cccc2)*,35,3.6651978
3004,clean_transformer,6,False,c1cc2c3c(cccc3)n(c2cc1)C(*)=C(C#C*)CO,37,3.3086765
3004,clean_transformer,7,False,*C(n1c2c(cccc2)c2c1cccc2)=C(CO)C#C*,35,3.6508732
3004,clean_transformer,8,False,C(C(=C(n1c2c(cccc2)c2c1cccc2)*)C#C*)O,37,3.7874556
3004,clean_transformer,9,False,n1(c2ccccc2c2c1cccc2)C(*)=C(CO)C#C*,35,2.9313684
3004,clean_transformer,10,False,n1(c2c(c3c1cccc3)cccc2)C(=C(C#C*)CO)*,37,3.3688593
3004,defended_transformer,0,True,[*]C#CC(CO)=C([*])n1c2ccccc2c2ccccc21,33,3.4106
3004,defended_transformer,1,False,n1(c2ccccc2c2ccccc12)C(=C(C#C*)CO)*,35,2.3709693
3004,defended_transformer,2,False,c1c2c(c3c(n2C(=C(CO)C#C*)*)cccc3)ccc1,37,2.641739
3004,defended_transformer,3,False,c12c3ccccc3n(C(=C(C#C*)CO)*)c1cccc2,35,3.5204012
3004,defended_transformer,4,False,c12ccccc1n(c1c2cccc1)C(=C(C#C*)CO)*,35,2.9993465
3004,defended_transformer,5,False,OCC(C#C*)=C(n1c2c(cccc2)c2c1cccc2)*,35,3.1875775
3004,defended_transformer,6,False,c1cc2c3c(cccc3)n(c2cc1)C(*)=C(C#C*)CO,37,2.7304616
3004,defended_transformer,7,False,*C(n1c2c(cccc2)c2c1cccc2)=C(CO)C#C*,35,3.044733
3004,defended_transformer,8,False,C(C(=C(n1c2c(cccc2)c2c1cccc2)*)C#C*)O,37,3.7993424
3004,defended_transformer,9,False,n1(c2ccccc2c2c1cccc2)C(*)=C(CO)C#C*,35,2.839872
3004,defended_transformer,10,False,n1(c2c(c3c1cccc3)cccc2)C(=C(C#C*)CO)*,37,3.0256948
3005,clean_transformer,0,True,[*]CC([*])OC,8,6.062708
3005,clean_transformer,1,False,O(C)C(C*)*,10,5.891755
3005,clean_transformer,2,False,*C(OC)C*,8,6.5975046
3005,clean_transformer,3,False,*CC(*)OC,8,5.9999332
3005,clean_transformer,4,False,C(*)(OC)C*,10,6.795687
3005,clean_transformer,5,False,C(*)(C*)OC,10,6.5155287
3005,clean_transformer,6,False,COC(C*)*,8,6.588291
3005,clean_transformer,7,False,C(*)C(OC)*,10,6.363123
3005,clean_transformer,8,False,C(OC)(C*)*,10,6.2134967
3005,clean_transformer,9,False,O(C(C*)*)C,10,6.2393813
3005,clean_transformer,10,False,COC(*)C*,8,6.5247173
3005,defended_transformer,0,True,[*]CC([*])OC,8,6.1940913
3005,defended_transformer,1,False,O(C)C(C*)*,10,5.911801
3005,defended_transformer,2,False,*C(OC)C*,8,6.070806
3005,defended_transformer,3,False,*CC(*)OC,8,5.7340093
3005,defended_transformer,4,False,C(*)(OC)C*,10,6.127896
3005,defended_transformer,5,False,C(*)(C*)OC,10,7.0005636
3005,defended_transformer,6,False,COC(C*)*,8,5.793507
3005,defended_transformer,7,False,C(*)C(OC)*,10,5.885292
3005,defended_transformer,8,False,C(OC)(C*)*,10,5.6209106
3005,defended_transformer,9,False,O(C(C*)*)C,10,5.9113207
3005,defended_transformer,10,False,COC(*)C*,8,6.047634
3006,clean_transformer,0,True,[*]CCCCCCCCCCOc1ccc(OC(=O)c2ccc(C(=O)Oc3ccc(O[*])cc3)cc2)cc1,56,4.1528697
3006,clean_transformer,1,False,C(CCCCOc1ccc(cc1)OC(c1ccc(C(Oc2ccc(cc2)O*)=O)cc1)=O)CCCCC*,58,3.2549367
3006,clean_transformer,2,False,C(c1ccc(cc1)C(Oc1ccc(O*)cc1)=O)(Oc1ccc(cc1)OCCCCCCCCCC*)=O,58,3.215988
3006,clean_transformer,3,False,C(Oc1ccc(OC(=O)c2ccc(C(Oc3ccc(O*)cc3)=O)cc2)cc1)CCCCCCCCC*,58,3.0010068
3006,clean_transformer,4,False,C(CCCCCCCCCOc1ccc(cc1)OC(c1ccc(cc1)C(=O)Oc1ccc(O*)cc1)=O)*,58,4.2318783
3006,clean_transformer,5,False,C(CCCCCCC*)CCOc1ccc(cc1)OC(=O)c1ccc(C(=O)Oc2ccc(cc2)O*)cc1,58,3.980947
3006,clean_transformer,6,False,c1(C(=O)Oc2ccc(cc2)O*)ccc(C(=O)Oc2ccc(OCCCCCCCCCC*)cc2)cc1,58,3.7591085
3006,clean_transformer,7,False,C(CCOc1ccc(cc1)OC(=O)c1ccc(cc1)C(Oc1ccc(O*)cc1)=O)CCCCCCC*,58,4.626748
3006,clean_transformer,8,False,c1cc(O*)ccc1OC(=O)c1ccc(C(Oc2ccc(OCCCCCCCCCC*)cc2)=O)cc1,56,4.211462
3006,clean_transformer,9,False,c1(OC(=O)c2ccc(C(=O)Oc3ccc(cc3)O*)cc2)ccc(cc1)OCCCCCCCCCC*,58,2.64638
3006,clean_transformer,10,False,C(CCCCOc1ccc(cc1)OC(c1ccc(cc1)C(Oc1ccc(O*)cc1)=O)=O)CCCCC*,58,3.3911343
3006,defended_transformer,0,True,[*]CCCCCCCCCCOc1ccc(OC(=O)c2ccc(C(=O)Oc3ccc(O[*])cc3)cc2)cc1,56,4.095347
3006,defended_transformer,1,False,C(CCCCOc1ccc(cc1)OC(c1ccc(C(Oc2ccc(cc2)O*)=O)cc1)=O)CCCCC*,58,3.5991387
3006,defended_transformer,2,False,C(c1ccc(cc1)C(Oc1ccc(O*)cc1)=O)(Oc1ccc(cc1)OCCCCCCCCCC*)=O,58,3.3720202
3006,defended_transformer,3,False,C(Oc1ccc(OC(=O)c2ccc(C(Oc3ccc(O*)cc3)=O)cc2)cc1)CCCCCCCCC*,58,2.836253
3006,defended_transformer,4,False,C(CCCCCCCCCOc1ccc(cc1)OC(c1ccc(cc1)C(=O)Oc1ccc(O*)cc1)=O)*,58,3.9153492
3006,defended_transformer,5,False,C(CCCCCCC*)CCOc1ccc(cc1)OC(=O)c1ccc(C(=O)Oc2ccc(cc2)O*)cc1,58,3.7861261
3006,defended_transformer,6,False,c1(C(=O)Oc2ccc(cc2)O*)ccc(C(=O)Oc2ccc(OCCCCCCCCCC*)cc2)cc1,58,3.5020742
3006,defended_transformer,7,False,C(CCOc1ccc(cc1)OC(=O)c1ccc(cc1)C(Oc1ccc(O*)cc1)=O)CCCCCCC*,58,3.8805108
3006,defended_transformer,8,False,c1cc(O*)ccc1OC(=O)c1ccc(C(Oc2ccc(OCCCCCCCCCC*)cc2)=O)cc1,56,4.015118
3006,defended_transformer,9,False,c1(OC(=O)c2ccc(C(=O)Oc3ccc(cc3)O*)cc2)ccc(cc1)OCCCCCCCCCC*,58,2.9248636
3006,defended_transformer,10,False,C(CCCCOc1ccc(cc1)OC(c1ccc(cc1)C(Oc1ccc(O*)cc1)=O)=O)CCCCC*,58,3.7001386
3007,clean_transformer,0,True,[*]CC(C)(C)CS([*])(=O)=O,20,5.8005743
3007,clean_transformer,1,False,C(C)(CS(*)(=O)=O)(C)C*,22,5.59303
3007,clean_transformer,2,False,C(*)C(CS(=O)(=O)*)(C)C,22,5.688301
3007,clean_transformer,3,False,CC(C)(CS(=O)(=O)*)C*,20,5.3266797
3007,clean_transformer,4,False,*CC(C)(C)CS(=O)(=O)*,20,4.8936105
3007,clean_transformer,5,False,C(C(C)(C)C*)S(=O)(=O)*,22,5.278882
3007,clean_transformer,6,False,O=S(*)(CC(C)(C)C*)=O,20,3.7066803
3007,clean_transformer,7,False,S(*)(=O)(=O)CC(C)(C*)C,22,4.4687505
3007,clean_transformer,8,False,C(*)C(CS(=O)(*)=O)(C)C,22,5.6794558
3007,clean_transformer,9,False,*CC(C)(C)CS(=O)(*)=O,20,4.5313888
3007,clean_transformer,10,False,*S(=O)(CC(C)(C)C*)=O,20,3.7885637
3007,defended_transformer,0,True,[*]CC(C)(C)CS([*])(=O)=O,20,6.0769787
3007,defended_transformer,1,False,C(C)(CS(*)(=O)=O)(C)C*,22,6.0494933
3007,defended_transformer,2,False,C(*)C(CS(=O)(=O)*)(C)C,22,5.151122
3007,defended_transformer,3,False,CC(C)(CS(=O)(=O)*)C*,20,5.1893644
3007,defended_transformer,4,False,*CC(C)(C)CS(=O)(=O)*,20,4.7335906
3007,defended_transformer,5,False,C(C(C)(C)C*)S(=O)(=O)*,22,5.4421616
3007,defended_transformer,6,False,O=S(*)(CC(C)(C)C*)=O,20,4.4915366
3007,defended_transformer,7,False,S(*)(=O)(=O)CC(C)(C*)C,22,4.9999456
3007,defended_transformer,8,False,C(*)C(CS(=O)(*)=O)(C)C,22,6.0387764
3007,defended_transformer,9,False,*CC(C)(C)CS(=O)(*)=O,20,5.175751
3007,defended_transformer,10,False,*S(=O)(CC(C)(C)C*)=O,20,5.1687965
3008,clean_transformer,0,True,[*]Oc1ccc(NC(=O)c2ccc(C(=O)Nc3ccc(Oc4ccc(C5(c6ccc([*])cc6)CC6CCC5C6)cc4)cc3)cc2)cc1,79,4.0600433
3008,clean_transformer,1,False,c1c(NC(=O)c2ccc(C(Nc3ccc(cc3)Oc3ccc(C4(c5ccc(cc5)*)C5CCC(C4)C5)cc3)=O)cc2)ccc(c1)O*,83,3.262997
3008,clean_transformer,2,False,c1c(*)ccc(c1)C1(CC2CCC1C2)c1ccc(Oc2ccc(NC(c3ccc(C(Nc4ccc(cc4)O*)=O)cc3)=O)cc2)cc1,81,3.9202619
3008,clean_transformer,3,False,c1(Oc2ccc(C3(c4ccc(cc4)*)CC4CC3CC4)cc2)ccc(NC(c2ccc(C(Nc3ccc(cc3)O*)=O)cc2)=O)cc1,81,3.1510792
3008,clean_transformer,4,False,C1C2CCC1CC2(c1ccc(cc1)Oc1ccc(cc1)NC(=O)c1ccc(cc1)C(=O)Nc1ccc(O*)cc1)c1ccc(cc1)*,79,3.275231
3008,clean_transformer,5,False,c1cc(C2(c3ccc(cc3)*)CC3CC2CC3)ccc1Oc1ccc(cc1)NC(=O)c1ccc(C(Nc2ccc(cc2)O*)=O)cc1,79,3.2416596
3008,clean_transformer,6,False,c1c(NC(c2ccc(C(=O)Nc3ccc(Oc4ccc(C5(C6CC(CC6)C5)c5ccc(*)cc5)cc4)cc3)cc2)=O)ccc(c1)O*,83,4.3790116
3008,clean_transformer,7,False,c1c(Oc2ccc(cc2)NC(=O)c2ccc(C(Nc3ccc(O*)cc3)=O)cc2)ccc(c1)C1(c2ccc(*)cc2)C2CC(CC2)C1,83,3.4976876
3008,clean_transformer,8,False,c1c(ccc(O*)c1)NC(c1ccc(C(=O)Nc2ccc(cc2)Oc2ccc(cc2)C2(c3ccc(cc3)*)C3CCC(C2)C3)cc1)=O,83,3.3232908
3008,clean_transformer,9,False,c1cc(ccc1NC(c1ccc(cc1)C(Nc1ccc(cc1)Oc1ccc(cc1)C1(C2CCC(C1)C2)c1ccc(*)cc1)=O)=O)O*,81,3.736442
3008,clean_transformer,10,False,C1CC2CC1CC2(c1ccc(*)cc1)c1ccc(Oc2ccc(cc2)NC(=O)c2ccc(cc2)C(Nc2ccc(cc2)O*)=O)cc1,79,3.1852067
3008,defended_transformer,0,True,[*]Oc1ccc(NC(=O)c2ccc(C(=O)Nc3ccc(Oc4ccc(C5(c6ccc([*])cc6)CC6CCC5C6)cc4)cc3)cc2)cc1,79,3.671255
3008,defended_transformer,1,False,c1c(NC(=O)c2ccc(C(Nc3ccc(cc3)Oc3ccc(C4(c5ccc(cc5)*)C5CCC(C4)C5)cc3)=O)cc2)ccc(c1)O*,83,3.2899275
3008,defended_transformer,2,False,c1c(*)ccc(c1)C1(CC2CCC1C2)c1ccc(Oc2ccc(NC(c3ccc(C(Nc4ccc(cc4)O*)=O)cc3)=O)cc2)cc1,81,3.9324381
3008,defended_transformer,3,False,c1(Oc2ccc(C3(c4ccc(cc4)*)CC4CC3CC4)cc2)ccc(NC(c2ccc(C(Nc3ccc(cc3)O*)=O)cc2)=O)cc1,81,2.5502336
3008,defended_transformer,4,False,C1C2CCC1CC2(c1ccc(cc1)Oc1ccc(cc1)NC(=O)c1ccc(cc1)C(=O)Nc1ccc(O*)cc1)c1ccc(cc1)*,79,3.1351013
3008,defended_transformer,5,False,c1cc(C2(c3ccc(cc3)*)CC3CC2CC3)ccc1Oc1ccc(cc1)NC(=O)c1ccc(C(Nc2ccc(cc2)O*)=O)cc1,79,2.1534748
3008,defended_transformer,6,False,c1c(NC(c2ccc(C(=O)Nc3ccc(Oc4ccc(C5(C6CC(CC6)C5)c5ccc(*)cc5)cc4)cc3)cc2)=O)ccc(c1)O*,83,3.0561419
3008,defended_transformer,7,False,c1c(Oc2ccc(cc2)NC(=O)c2ccc(C(Nc3ccc(O*)cc3)=O)cc2)ccc(c1)C1(c2ccc(*)cc2)C2CC(CC2)C1,83,3.4577413
3008,defended_transformer,8,False,c1c(ccc(O*)c1)NC(c1ccc(C(=O)Nc2ccc(cc2)Oc2ccc(cc2)C2(c3ccc(cc3)*)C3CCC(C2)C3)cc1)=O,83,3.1024199
3008,defended_transformer,9,False,c1cc(ccc1NC(c1ccc(cc1)C(Nc1ccc(cc1)Oc1ccc(cc1)C1(C2CCC(C1)C2)c1ccc(*)cc1)=O)=O)O*,81,2.839377
3008,defended_transformer,10,False,C1CC2CC1CC2(c1ccc(*)cc1)c1ccc(Oc2ccc(cc2)NC(=O)c2ccc(cc2)C(Nc2ccc(cc2)O*)=O)cc1,79,3.171463
3009,clean_transformer,0,True,[*]Oc1ccc(C(C)(C)c2ccc(OC(=O)OCCN(CCOC([*])=O)c3ccc(OC)cc3)cc2)cc1,62,4.34487
3009,clean_transformer,1,False,c1(ccc(cc1)C(C)(C)c1ccc(O*)cc1)OC(OCCN(c1ccc(cc1)OC)CCOC(*)=O)=O,64,3.9121206
3009,clean_transformer,2,False,C(OCCN(CCOC(=O)Oc1ccc(C(C)(c2ccc(cc2)O*)C)cc1)c1ccc(OC)cc1)(*)=O,64,3.7728016
3009,clean_transformer,3,False,c1(C(c2ccc(OC(OCCN(c3ccc(cc3)OC)CCOC(*)=O)=O)cc2)(C)C)ccc(O*)cc1,64,4.0505495
3009,clean_transformer,4,False,C(N(CCOC(=O)*)c1ccc(OC)cc1)COC(=O)Oc1ccc(cc1)C(C)(C)c1ccc(O*)cc1,64,4.254272
3009,clean_transformer,5,False,*C(OCCN(c1ccc(cc1)OC)CCOC(=O)Oc1ccc(C(c2ccc(cc2)O*)(C)C)cc1)=O,62,4.5668535
3009,clean_transformer,6,False,*Oc1ccc(C(C)(c2ccc(cc2)OC(=O)OCCN(CCOC(=O)*)c2ccc(OC)cc2)C)cc1,62,4.8756194
3009,clean_transformer,7,False,O(C(Oc1ccc(cc1)C(c1ccc(O*)cc1)(C)C)=O)CCN(c1ccc(cc1)OC)CCOC(*)=O,64,4.616259
3009,clean_transformer,8,False,c1(O*)ccc(C(C)(C)c2ccc(OC(=O)OCCN(CCOC(*)=O)c3ccc(cc3)OC)cc2)cc1,64,3.8970947
3009,clean_transformer,9,False,c1c(N(CCOC(Oc2ccc(cc2)C(c2ccc(cc2)O*)(C)C)=O)CCOC(*)=O)ccc(OC)c1,64,3.5415733
3009,clean_transformer,10,False,O(C(*)=O)CCN(CCOC(=O)Oc1ccc(C(C)(c2ccc(cc2)O*)C)cc1)c1ccc(OC)cc1,64,3.95291
3009,defended_transformer,0,True,[*]Oc1ccc(C(C)(C)c2ccc(OC(=O)OCCN(CCOC([*])=O)c3ccc(OC)cc3)cc2)cc1,62,4.2436085
3009,defended_transformer,1,False,c1(ccc(cc1)C(C)(C)c1ccc(O*)cc1)OC(OCCN(c1ccc(cc1)OC)CCOC(*)=O)=O,64,3.015809
3009,defended_transformer,2,False,C(OCCN(CCOC(=O)Oc1ccc(C(C)(c2ccc(cc2)O*)C)cc1)c1ccc(OC)cc1)(*)=O,64,4.084414
3009,defended_transformer,3,False,c1(C(c2ccc(OC(OCCN(c3ccc(cc3)OC)CCOC(*)=O)=O)cc2)(C)C)ccc(O*)cc1,64,3.5735002
3009,defended_transformer,4,False,C(N(CCOC(=O)*)c1ccc(OC)cc1)COC(=O)Oc1ccc(cc1)C(C)(C)c1ccc(O*)cc1,64,3.925268
3009,defended_transformer,5,False,*C(OCCN(c1ccc(cc1)OC)CCOC(=O)Oc1ccc(C(c2ccc(cc2)O*)(C)C)cc1)=O,62,4.263505
3009,defended_transformer,6,False,*Oc1ccc(C(C)(c2ccc(cc2)OC(=O)OCCN(CCOC(=O)*)c2ccc(OC)cc2)C)cc1,62,4.781268
3009,defended_transformer,7,False,O(C(Oc1ccc(cc1)C(c1ccc(O*)cc1)(C)C)=O)CCN(c1ccc(cc1)OC)CCOC(*)=O,64,4.201877
3009,defended_transformer,8,False,c1(O*)ccc(C(C)(C)c2ccc(OC(=O)OCCN(CCOC(*)=O)c3ccc(cc3)OC)cc2)cc1,64,3.5491652
3009,defended_transformer,9,False,c1c(N(CCOC(Oc2ccc(cc2)C(c2ccc(cc2)O*)(C)C)=O)CCOC(*)=O)ccc(OC)c1,64,2.6194544
3009,defended_transformer,10,False,O(C(*)=O)CCN(CCOC(=O)Oc1ccc(C(C)(c2ccc(cc2)O*)C)cc1)c1ccc(OC)cc1,64,3.5712214
3010,clean_transformer,0,True,[*]CCCCNC(=O)CCCCCCC(=O)NCCCCNC(=O)C(=O)N[*],40,5.6306787
3010,clean_transformer,1,False,C(CCCCCCC(NCCCC*)=O)(=O)NCCCCNC(=O)C(N*)=O,42,5.076498
3010,clean_transformer,2,False,N(CCCC*)C(=O)CCCCCCC(=O)NCCCCNC(=O)C(N*)=O,42,5.1285696
3010,clean_transformer,3,False,C(C*)CCNC(=O)CCCCCCC(=O)NCCCCNC(=O)C(=O)N*,42,5.21174
3010,clean_transformer,4,False,O=C(C(N*)=O)NCCCCNC(=O)CCCCCCC(=O)NCCCC*,40,4.834109
3010,clean_transformer,5,False,C(CCCCCC(NCCCCNC(=O)C(=O)N*)=O)C(NCCCC*)=O,42,5.657018
3010,clean_transformer,6,False,C(CCCCC(=O)NCCCCNC(C(N*)=O)=O)CC(NCCCC*)=O,42,5.604788
3010,clean_transformer,7,False,C(C*)CCNC(=O)CCCCCCC(NCCCCNC(C(N*)=O)=O)=O,42,5.3685904
3010,clean_transformer,8,False,C(CCCCCCC(=O)NCCCC*)(NCCCCNC(=O)C(N*)=O)=O,42,4.651226
3010,clean_transformer,9,False,C(CCCNC(=O)CCCCCCC(=O)NCCCC*)NC(=O)C(N*)=O,42,5.5062275
3010,clean_transformer,10,False,O=C(C(N*)=O)NCCCCNC(=O)CCCCCCC(NCCCC*)=O,40,4.3895693
3010,defended_transformer,0,True,[*]CCCCNC(=O)CCCCCCC(=O)NCCCCNC(=O)C(=O)N[*],40,5.6846
3010,defended_transformer,1,False,C(CCCCCCC(NCCCC*)=O)(=O)NCCCCNC(=O)C(N*)=O,42,5.6617165
3010,defended_transformer,2,False,N(CCCC*)C(=O)CCCCCCC(=O)NCCCCNC(=O)C(N*)=O,42,5.519003
3010,defended_transformer,3,False,C(C*)CCNC(=O)CCCCCCC(=O)NCCCCNC(=O)C(=O)N*,42,5.546285
3010,defended_transformer,4,False,O=C(C(N*)=O)NCCCCNC(=O)CCCCCCC(=O)NCCCC*,40,5.3213463
3010,defended_transformer,5,False,C(CCCCCC(NCCCCNC(=O)C(=O)N*)=O)C(NCCCC*)=O,42,5.7124195
3010,defended_transformer,6,False,C(CCCCC(=O)NCCCCNC(C(N*)=O)=O)CC(NCCCC*)=O,42,5.506703
3010,defended_transformer,7,False,C(C*)CCNC(=O)CCCCCCC(NCCCCNC(C(N*)=O)=O)=O,42,5.3713026
3010,defended_transformer,8,False,C(CCCCCCC(=O)NCCCC*)(NCCCCNC(=O)C(N*)=O)=O,42,5.2527547
3010,defended_transformer,9,False,C(CCCNC(=O)CCCCCCC(=O)NCCCC*)NC(=O)C(N*)=O,42,5.6987658
3010,defended_transformer,10,False,O=C(C(N*)=O)NCCCCNC(=O)CCCCCCC(NCCCC*)=O,40,5.208023
3011,clean_transformer,0,True,[*]CCOCCOC(=O)C(C)C(=O)O[*],23,5.9909754
3011,clean_transformer,1,False,O(CCOC(=O)C(C)C(=O)O*)CC*,25,6.2148147
3011,clean_transformer,2,False,C(C(OCCOCC*)=O)(C)C(=O)O*,25,6.406399
3011,clean_transformer,3,False,O(*)C(C(C(OCCOCC*)=O)C)=O,25,6.506596
3011,clean_transformer,4,False,C(OC(C(C)C(O*)=O)=O)COCC*,25,6.2869062
3011,clean_transformer,5,False,O(CCOC(C(C)C(O*)=O)=O)CC*,25,5.680305
3011,clean_transformer,6,False,O(C(C(C)C(=O)O*)=O)CCOCC*,25,6.2175803
3011,clean_transformer,7,False,C(OCCOC(C(C(O*)=O)C)=O)C*,25,6.7455835
3011,clean_transformer,8,False,O(C(C(C)C(=O)OCCOCC*)=O)*,25,6.1987796
3011,clean_transformer,9,False,O=C(O*)C(C(OCCOCC*)=O)C,23,5.341898
3011,clean_transformer,10,False,C(C(=O)O*)(C)C(OCCOCC*)=O,25,6.3325424
3011,defended_transformer,0,True,[*]CCOCCOC(=O)C(C)C(=O)O[*],23,6.2809834
3011,defended_transformer,1,False,O(CCOC(=O)C(C)C(=O)O*)CC*,25,5.959562
3011,defended_transformer,2,False,C(C(OCCOCC*)=O)(C)C(=O)O*,25,5.7131104
3011,defended_transformer,3,False,O(*)C(C(C(OCCOCC*)=O)C)=O,25,6.305168
3011,defended_transformer,4,False,C(OC(C(C)C(O*)=O)=O)COCC*,25,6.118005
3011,defended_transformer,5,False,O(CCOC(C(C)C(O*)=O)=O)CC*,25,5.9915376
3011,defended_transformer,6,False,O(C(C(C)C(=O)O*)=O)CCOCC*,25,6.0069346
3011,defended_transformer,7,False,C(OCCOC(C(C(O*)=O)C)=O)C*,25,6.4441967
3011,defended_transformer,8,False,O(C(C(C)C(=O)OCCOCC*)=O)*,25,6.2911615
3011,defended_transformer,9,False,O=C(O*)C(C(OCCOCC*)=O)C,23,5.440407
3011,defended_transformer,10,False,C(C(=O)O*)(C)C(OCCOCC*)=O,25,6.1240373
3012,clean_transformer,0,True,[*]C(=O)OCCOC(=O)c1ccc([*])o1,25,4.1597915
3012,clean_transformer,1,False,O=C(OCCOC(=O)c1ccc(*)o1)*,25,3.9143872
3012,clean_transformer,2,False,C(c1oc(cc1)*)(OCCOC(*)=O)=O,27,5.079659
3012,clean_transformer,3,False,*C(=O)OCCOC(c1oc(*)cc1)=O,25,4.734145
3012,clean_transformer,4,False,c1c(oc(*)c1)C(OCCOC(=O)*)=O,27,4.5883956
3012,clean_transformer,5,False,C(=O)(OCCOC(=O)c1oc(cc1)*)*,27,3.366037
3012,clean_transformer,6,False,C(OC(=O)c1ccc(o1)*)COC(*)=O,27,4.9449363
3012,clean_transformer,7,False,O(CCOC(c1oc(cc1)*)=O)C(=O)*,27,4.713364
3012,clean_transformer,8,False,c1c(*)oc(C(OCCOC(=O)*)=O)c1,27,4.74871
3012,clean_transformer,9,False,C(OCCOC(c1ccc(*)o1)=O)(=O)*,27,4.636704
3012,clean_transformer,10,False,c1(oc(C(OCCOC(*)=O)=O)cc1)*,27,3.6081228
3012,defended_transformer,0,True,[*]C(=O)OCCOC(=O)c1ccc([*])o1,25,5.1653748
3012,defended_transformer,1,False,O=C(OCCOC(=O)c1ccc(*)o1)*,25,4.544678
3012,defended_transformer,2,False,C(c1oc(cc1)*)(OCCOC(*)=O)=O,27,4.265319
3012,defended_transformer,3,False,*C(=O)OCCOC(c1oc(*)cc1)=O,25,5.106366
3012,defended_transformer,4,False,c1c(oc(*)c1)C(OCCOC(=O)*)=O,27,4.0765495
3012,defended_transformer,5,False,C(=O)(OCCOC(=O)c1oc(cc1)*)*,27,4.3531327
3012,defended_transformer,6,False,C(OC(=O)c1ccc(o1)*)COC(*)=O,27,4.7830486
3012,defended_transformer,7,False,O(CCOC(c1oc(cc1)*)=O)C(=O)*,27,5.6182203
3012,defended_transformer,8,False,c1c(*)oc(C(OCCOC(=O)*)=O)c1,27,3.9555676
3012,defended_transformer,9,False,C(OCCOC(c1ccc(*)o1)=O)(=O)*,27,4.03086
3012,defended_transformer,10,False,c1(oc(C(OCCOC(*)=O)=O)cc1)*,27,3.7313128
3013,clean_transformer,0,True,[*]CCCCCCC(=O)N[*],14,6.218691
3013,clean_transformer,1,False,*CCCCCCC(N*)=O,14,6.010038
3013,clean_transformer,2,False,C(CCCCCC(=O)N*)*,16,6.3210964
3013,clean_transformer,3,False,C(N*)(=O)CCCCCC*,16,6.09623
3013,clean_transformer,4,False,N(C(=O)CCCCCC*)*,16,5.4948545
3013,clean_transformer,5,False,C(CCC(=O)N*)CCC*,16,6.2027454
3013,clean_transformer,6,False,C(CCCCC*)C(=O)N*,16,5.534953
3013,clean_transformer,7,False,O=C(N*)CCCCCC*,14,3.5948915
3013,clean_transformer,8,False,C(C(=O)N*)CCCCC*,16,5.4826026
3013,clean_transformer,9,False,*NC(CCCCCC*)=O,14,5.6315923
3013,clean_transformer,10,False,N(*)C(=O)CCCCCC*,16,5.747956
3013,defended_transformer,0,True,[*]CCCCCCC(=O)N[*],14,5.552354
3013,defended_transformer,1,False,*CCCCCCC(N*)=O,14,5.798666
3013,defended_transformer,2,False,C(CCCCCC(=O)N*)*,16,5.254983
3013,defended_transformer,3,False,C(N*)(=O)CCCCCC*,16,5.304431
3013,defended_transformer,4,False,N(C(=O)CCCCCC*)*,16,5.715344
3013,defended_transformer,5,False,C(CCC(=O)N*)CCC*,16,5.7679543
3013,defended_transformer,6,False,C(CCCCC*)C(=O)N*,16,5.6545773
3013,defended_transformer,7,False,O=C(N*)CCCCCC*,14,5.262398
3013,defended_transformer,8,False,C(C(=O)N*)CCCCC*,16,4.996684
3013,defended_transformer,9,False,*NC(CCCCCC*)=O,14,5.5623503
3013,defended_transformer,10,False,N(*)C(=O)CCCCCC*,16,5.4830065
3014,clean_transformer,0,True,[*]Oc1ccc(C2(c3ccc(OC(=O)CCCCCCCCC([*])=O)cc3)c3ccccc3Cc3ccccc32)cc1,64,3.9293833
3014,clean_transformer,1,False,c1cc(C2(c3ccccc3Cc3c2cccc3)c2ccc(O*)cc2)ccc1OC(CCCCCCCCC(=O)*)=O,64,2.504986
3014,clean_transformer,2,False,C(CC(=O)Oc1ccc(cc1)C1(c2c(cccc2)Cc2ccccc12)c1ccc(O*)cc1)CCCCCCC(=O)*,68,3.0026813
3014,clean_transformer,3,False,c1(O*)ccc(cc1)C1(c2c(cccc2)Cc2ccccc12)c1ccc(OC(CCCCCCCCC(=O)*)=O)cc1,68,2.793661
3014,clean_transformer,4,False,c1cc(ccc1O*)C1(c2ccc(cc2)OC(=O)CCCCCCCCC(*)=O)c2ccccc2Cc2ccccc21,64,2.5390196
3014,clean_transformer,5,False,c1c(ccc(c1)C1(c2c(Cc3ccccc31)cccc2)c1ccc(O*)cc1)OC(=O)CCCCCCCCC(=O)*,68,3.6794739
3014,clean_transformer,6,False,c12ccccc2Cc2c(cccc2)C1(c1ccc(OC(=O)CCCCCCCCC(=O)*)cc1)c1ccc(O*)cc1,66,3.293696
3014,clean_transformer,7,False,c1cc2Cc3c(C(c2cc1)(c1ccc(OC(=O)CCCCCCCCC(=O)*)cc1)c1ccc(O*)cc1)cccc3,68,2.9361234
3014,clean_transformer,8,False,c1cc2Cc3c(C(c4ccc(O*)cc4)(c4ccc(cc4)OC(CCCCCCCCC(*)=O)=O)c2cc1)cccc3,68,3.7569425
3014,clean_transformer,9,False,c12c(cccc2)Cc2c(C1(c1ccc(O*)cc1)c1ccc(cc1)OC(CCCCCCCCC(=O)*)=O)cccc2,68,2.7884974
3014,clean_transformer,10,False,O=C(Oc1ccc(cc1)C1(c2ccc(cc2)O*)c2ccccc2Cc2c1cccc2)CCCCCCCCC(=O)*,64,3.1296632
3014,defended_transformer,0,True,[*]Oc1ccc(C2(c3ccc(OC(=O)CCCCCCCCC([*])=O)cc3)c3ccccc3Cc3ccccc32)cc1,64,4.0891523
3014,defended_transformer,1,False,c1cc(C2(c3ccccc3Cc3c2cccc3)c2ccc(O*)cc2)ccc1OC(CCCCCCCCC(=O)*)=O,64,2.36357
3014,defended_transformer,2,False,C(CC(=O)Oc1ccc(cc1)C1(c2c(cccc2)Cc2ccccc12)c1ccc(O*)cc1)CCCCCCC(=O)*,68,3.1500354
3014,defended_transformer,3,False,c1(O*)ccc(cc1)C1(c2c(cccc2)Cc2ccccc12)c1ccc(OC(CCCCCCCCC(=O)*)=O)cc1,68,2.526148
3014,defended_transformer,4,False,c1cc(ccc1O*)C1(c2ccc(cc2)OC(=O)CCCCCCCCC(*)=O)c2ccccc2Cc2ccccc21,64,2.45069
3014,defended_transformer,5,False,c1c(ccc(c1)C1(c2c(Cc3ccccc31)cccc2)c1ccc(O*)cc1)OC(=O)CCCCCCCCC(=O)*,68,2.9909782
3014,defended_transformer,6,False,c12ccccc2Cc2c(cccc2)C1(c1ccc(OC(=O)CCCCCCCCC(=O)*)cc1)c1ccc(O*)cc1,66,3.6323729
3014,defended_transformer,7,False,c1cc2Cc3c(C(c2cc1)(c1ccc(OC(=O)CCCCCCCCC(=O)*)cc1)c1ccc(O*)cc1)cccc3,68,2.6342814
3014,defended_transformer,8,False,c1cc2Cc3c(C(c4ccc(O*)cc4)(c4ccc(cc4)OC(CCCCCCCCC(*)=O)=O)c2cc1)cccc3,68,3.1871798
3014,defended_transformer,9,False,c12c(cccc2)Cc2c(C1(c1ccc(O*)cc1)c1ccc(cc1)OC(CCCCCCCCC(=O)*)=O)cccc2,68,3.023035
3014,defended_transformer,10,False,O=C(Oc1ccc(cc1)C1(c2ccc(cc2)O*)c2ccccc2Cc2c1cccc2)CCCCCCCCC(=O)*,64,3.33685
3015,clean_transformer,0,True,[*]CCCOc1ccc(C(=O)OC(=O)c2ccccc2C(=O)OC(=O)c2ccc(O[*])cc2)cc1,57,4.1347284
3015,clean_transformer,1,False,c1c(OCCC*)ccc(C(=O)OC(=O)c2c(C(OC(=O)c3ccc(O*)cc3)=O)cccc2)c1,61,3.2175455
3015,clean_transformer,2,False,*Oc1ccc(C(=O)OC(=O)c2ccccc2C(=O)OC(=O)c2ccc(OCCC*)cc2)cc1,57,4.2061853
3015,clean_transformer,3,False,O(C(c1ccc(O*)cc1)=O)C(=O)c1c(C(OC(c2ccc(cc2)OCCC*)=O)=O)cccc1,61,3.6993437
3015,clean_transformer,4,False,c1ccc(C(OC(=O)c2ccc(cc2)O*)=O)c(c1)C(OC(=O)c1ccc(OCCC*)cc1)=O,61,2.672943
3015,clean_transformer,5,False,c1cc(C(OC(c2ccccc2C(OC(=O)c2ccc(O*)cc2)=O)=O)=O)ccc1OCCC*,57,3.3092604
3015,clean_transformer,6,False,c1cc(ccc1C(OC(c1ccccc1C(=O)OC(=O)c1ccc(cc1)O*)=O)=O)OCCC*,57,2.837052
3015,clean_transformer,7,False,O(C(=O)c1ccccc1C(OC(=O)c1ccc(OCCC*)cc1)=O)C(c1ccc(cc1)O*)=O,59,4.6075788
3015,clean_transformer,8,False,c1cc(C(=O)OC(=O)c2c(C(=O)OC(c3ccc(O*)cc3)=O)cccc2)ccc1OCCC*,59,2.5107636
3015,clean_transformer,9,False,C(COc1ccc(cc1)C(OC(c1c(C(OC(=O)c2ccc(cc2)O*)=O)cccc1)=O)=O)C*,61,3.0964248
3015,clean_transformer,10,False,c1c(C(=O)OC(c2c(C(=O)OC(c3ccc(OCCC*)cc3)=O)cccc2)=O)ccc(c1)O*,61,3.779889
3015,defended_transformer,0,True,[*]CCCOc1ccc(C(=O)OC(=O)c2ccccc2C(=O)OC(=O)c2ccc(O[*])cc2)cc1,57,3.8846853
3015,defended_transformer,1,False,c1c(OCCC*)ccc(C(=O)OC(=O)c2c(C(OC(=O)c3ccc(O*)cc3)=O)cccc2)c1,61,3.0924172
3015,defended_transformer,2,False,*Oc1ccc(C(=O)OC(=O)c2ccccc2C(=O)OC(=O)c2ccc(OCCC*)cc2)cc1,57,4.208154
3015,defended_transformer,3,False,O(C(c1ccc(O*)cc1)=O)C(=O)c1c(C(OC(c2ccc(cc2)OCCC*)=O)=O)cccc1,61,3.0790548
3015,defended_transformer,4,False,c1ccc(C(OC(=O)c2ccc(cc2)O*)=O)c(c1)C(OC(=O)c1ccc(OCCC*)cc1)=O,61,2.3741686
3015,defended_transformer,5,False,c1cc(C(OC(c2ccccc2C(OC(=O)c2ccc(O*)cc2)=O)=O)=O)ccc1OCCC*,57,2.3776038
3015,defended_transformer,6,False,c1cc(ccc1C(OC(c1ccccc1C(=O)OC(=O)c1ccc(cc1)O*)=O)=O)OCCC*,57,2.872315
3015,defended_transformer,7,False,O(C(=O)c1ccccc1C(OC(=O)c1ccc(OCCC*)cc1)=O)C(c1ccc(cc1)O*)=O,59,4.603158
3015,defended_transformer,8,False,c1cc(C(=O)OC(=O)c2c(C(=O)OC(c3ccc(O*)cc3)=O)cccc2)ccc1OCCC*,59,2.3922884
3015,defended_transformer,9,False,C(COc1ccc(cc1)C(OC(c1c(C(OC(=O)c2ccc(cc2)O*)=O)cccc1)=O)=O)C*,61,3.9384913
3015,defended_transformer,10,False,c1c(C(=O)OC(c2c(C(=O)OC(c3ccc(OCCC*)cc3)=O)cccc2)=O)ccc(c1)O*,61,3.3070774
3016,clean_transformer,0,True,[*]CCCCCc1ccc(CCCCCOC(=O)c2ccc(C(=O)O[*])cc2)cc1,44,5.058113
3016,clean_transformer,1,False,C(C*)CCCc1ccc(CCCCCOC(=O)c2ccc(cc2)C(O*)=O)cc1,46,3.8796382
3016,clean_transformer,2,False,c1(ccc(C(=O)O*)cc1)C(=O)OCCCCCc1ccc(cc1)CCCCC*,46,3.9816942
3016,clean_transformer,3,False,C(*)CCCCc1ccc(cc1)CCCCCOC(=O)c1ccc(C(O*)=O)cc1,46,4.2093215
3016,clean_transformer,4,False,C(CCCCOC(=O)c1ccc(cc1)C(O*)=O)c1ccc(CCCCC*)cc1,46,4.1130857
3016,clean_transformer,5,False,C(COC(c1ccc(C(=O)O*)cc1)=O)CCCc1ccc(CCCCC*)cc1,46,4.1505237
3016,clean_transformer,6,False,c1cc(C(=O)O*)ccc1C(OCCCCCc1ccc(CCCCC*)cc1)=O,44,3.3871512
3016,clean_transformer,7,False,O=C(c1ccc(C(=O)OCCCCCc2ccc(cc2)CCCCC*)cc1)O*,44,3.0778725
3016,clean_transformer,8,False,c1c(ccc(c1)C(=O)O*)C(=O)OCCCCCc1ccc(CCCCC*)cc1,46,4.890767
3016,clean_transformer,9,False,c1c(ccc(c1)CCCCC*)CCCCCOC(=O)c1ccc(cc1)C(O*)=O,46,4.242788
3016,clean_transformer,10,False,C(c1ccc(CCCCCOC(c2ccc(cc2)C(=O)O*)=O)cc1)CCCC*,46,4.7862625
3016,defended_transformer,0,True,[*]CCCCCc1ccc(CCCCCOC(=O)c2ccc(C(=O)O[*])cc2)cc1,44,4.450287
3016,defended_transformer,1,False,C(C*)CCCc1ccc(CCCCCOC(=O)c2ccc(cc2)C(O*)=O)cc1,46,3.2057326
3016,defended_transformer,2,False,c1(ccc(C(=O)O*)cc1)C(=O)OCCCCCc1ccc(cc1)CCCCC*,46,3.983325
3016,defended_transformer,3,False,C(*)CCCCc1ccc(cc1)CCCCCOC(=O)c1ccc(C(O*)=O)cc1,46,3.850975
3016,defended_transformer,4,False,C(CCCCOC(=O)c1ccc(cc1)C(O*)=O)c1ccc(CCCCC*)cc1,46,4.0009274
3016,defended_transformer,5,False,C(COC(c1ccc(C(=O)O*)cc1)=O)CCCc1ccc(CCCCC*)cc1,46,3.971242
3016,defended_transformer,6,False,c1cc(C(=O)O*)ccc1C(OCCCCCc1ccc(CCCCC*)cc1)=O,44,4.0092077
3016,defended_transformer,7,False,O=C(c1ccc(C(=O)OCCCCCc2ccc(cc2)CCCCC*)cc1)O*,44,3.5405052
3016,defended_transformer,8,False,c1c(ccc(c1)C(=O)O*)C(=O)OCCCCCc1ccc(CCCCC*)cc1,46,3.7978334
3016,defended_transformer,9,False,c1c(ccc(c1)CCCCC*)CCCCCOC(=O)c1ccc(cc1)C(O*)=O,46,3.7822585
3016,defended_transformer,10,False,C(c1ccc(CCCCCOC(c2ccc(cc2)C(=O)O*)=O)cc1)CCCC*,46,4.59688
3017,clean_transformer,0,True,[*]NC(CCC(=O)OCc1ccc(Cl)cc1)C([*])=O,31,3.6564302
3017,clean_transformer,1,False,C(CCC(OCc1ccc(Cl)cc1)=O)(N*)C(=O)*,33,3.8753612
3017,clean_transformer,2,False,c1cc(Cl)ccc1COC(CCC(C(*)=O)N*)=O,31,4.4990106
3017,clean_transformer,3,False,c1cc(Cl)ccc1COC(=O)CCC(N*)C(=O)*,31,3.6428545
3017,clean_transformer,4,False,O(Cc1ccc(Cl)cc1)C(=O)CCC(N*)C(=O)*,33,4.160916
3017,clean_transformer,5,False,C(C(*)=O)(N*)CCC(OCc1ccc(cc1)Cl)=O,33,4.9733377
3017,clean_transformer,6,False,c1(COC(CCC(C(*)=O)N*)=O)ccc(Cl)cc1,33,4.3689127
3017,clean_transformer,7,False,c1c(Cl)ccc(COC(CCC(N*)C(*)=O)=O)c1,33,4.6102567
3017,clean_transformer,8,False,O(C(=O)CCC(C(*)=O)N*)Cc1ccc(Cl)cc1,33,4.959909
3017,clean_transformer,9,False,C(OCc1ccc(Cl)cc1)(=O)CCC(C(=O)*)N*,33,4.7324557
3017,clean_transformer,10,False,C(c1ccc(Cl)cc1)OC(=O)CCC(N*)C(*)=O,33,4.3506565
3017,defended_transformer,0,True,[*]NC(CCC(=O)OCc1ccc(Cl)cc1)C([*])=O,31,4.1715407
3017,defended_transformer,1,False,C(CCC(OCc1ccc(Cl)cc1)=O)(N*)C(=O)*,33,3.9982073
3017,defended_transformer,2,False,c1cc(Cl)ccc1COC(CCC(C(*)=O)N*)=O,31,3.9447577
3017,defended_transformer,3,False,c1cc(Cl)ccc1COC(=O)CCC(N*)C(=O)*,31,3.660487
3017,defended_transformer,4,False,O(Cc1ccc(Cl)cc1)C(=O)CCC(N*)C(=O)*,33,4.290224
3017,defended_transformer,5,False,C(C(*)=O)(N*)CCC(OCc1ccc(cc1)Cl)=O,33,4.44874
3017,defended_transformer,6,False,c1(COC(CCC(C(*)=O)N*)=O)ccc(Cl)cc1,33,4.0735145
3017,defended_transformer,7,False,c1c(Cl)ccc(COC(CCC(N*)C(*)=O)=O)c1,33,3.9143221
3017,defended_transformer,8,False,O(C(=O)CCC(C(*)=O)N*)Cc1ccc(Cl)cc1,33,4.302998
3017,defended_transformer,9,False,C(OCc1ccc(Cl)cc1)(=O)CCC(C(=O)*)N*,33,4.840907
3017,defended_transformer,10,False,C(c1ccc(Cl)cc1)OC(=O)CCC(N*)C(*)=O,33,4.566364
3018,clean_transformer,0,True,[*]Nc1cc(NC(=O)Nc2ccc(NC([*])=O)cc2)cc(C(=O)Nc2cccc3c2C(=O)c2ccccc2C3=O)c1,70,2.948184
3018,clean_transformer,1,False,c1c(ccc(c1)NC(=O)*)NC(Nc1cc(cc(N*)c1)C(Nc1cccc2C(=O)c3ccccc3C(c12)=O)=O)=O,74,3.3364816
3018,clean_transformer,2,False,c1c(C(Nc2c3c(C(=O)c4ccccc4C3=O)ccc2)=O)cc(N*)cc1NC(=O)Nc1ccc(cc1)NC(=O)*,72,2.7517447
3018,clean_transformer,3,False,c1cc2C(c3ccccc3C(c2c(c1)NC(=O)c1cc(cc(c1)NC(Nc1ccc(NC(*)=O)cc1)=O)N*)=O)=O,74,2.1546402
3018,clean_transformer,4,False,C1(c2ccccc2C(=O)c2c(NC(=O)c3cc(NC(=O)Nc4ccc(cc4)NC(=O)*)cc(N*)c3)cccc21)=O,74,3.2285743
3018,clean_transformer,5,False,N(C(Nc1ccc(cc1)NC(*)=O)=O)c1cc(cc(N*)c1)C(=O)Nc1c2c(C(=O)c3ccccc3C2=O)ccc1,74,3.2921424
3018,clean_transformer,6,False,c1(cc(cc(NC(Nc2ccc(NC(*)=O)cc2)=O)c1)N*)C(Nc1c2c(ccc1)C(=O)c1ccccc1C2=O)=O,74,3.1988206
3018,clean_transformer,7,False,N(C(Nc1cc(N*)cc(c1)C(Nc1cccc2c1C(=O)c1ccccc1C2=O)=O)=O)c1ccc(cc1)NC(*)=O,72,2.5819411
3018,clean_transformer,8,False,c1c(cc(cc1N*)NC(=O)Nc1ccc(NC(*)=O)cc1)C(Nc1c2C(c3ccccc3C(=O)c2ccc1)=O)=O,72,3.5682058
3018,clean_transformer,9,False,c12c(C(=O)c3ccccc3C1=O)cccc2NC(=O)c1cc(cc(N*)c1)NC(Nc1ccc(NC(=O)*)cc1)=O,72,2.7944822
3018,clean_transformer,10,False,C(Nc1c2c(ccc1)C(c1ccccc1C2=O)=O)(c1cc(N*)cc(NC(Nc2ccc(cc2)NC(*)=O)=O)c1)=O,74,3.1138663
3018,defended_transformer,0,True,[*]Nc1cc(NC(=O)Nc2ccc(NC([*])=O)cc2)cc(C(=O)Nc2cccc3c2C(=O)c2ccccc2C3=O)c1,70,2.7717505
3018,defended_transformer,1,False,c1c(ccc(c1)NC(=O)*)NC(Nc1cc(cc(N*)c1)C(Nc1cccc2C(=O)c3ccccc3C(c12)=O)=O)=O,74,3.1211195
3018,defended_transformer,2,False,c1c(C(Nc2c3c(C(=O)c4ccccc4C3=O)ccc2)=O)cc(N*)cc1NC(=O)Nc1ccc(cc1)NC(=O)*,72,2.3968542
3018,defended_transformer,3,False,c1cc2C(c3ccccc3C(c2c(c1)NC(=O)c1cc(cc(c1)NC(Nc1ccc(NC(*)=O)cc1)=O)N*)=O)=O,74,2.8952696
3018,defended_transformer,4,False,C1(c2ccccc2C(=O)c2c(NC(=O)c3cc(NC(=O)Nc4ccc(cc4)NC(=O)*)cc(N*)c3)cccc21)=O,74,2.6483235
3018,defended_transformer,5,False,N(C(Nc1ccc(cc1)NC(*)=O)=O)c1cc(cc(N*)c1)C(=O)Nc1c2c(C(=O)c3ccccc3C2=O)ccc1,74,3.5117173
3018,defended_transformer,6,False,c1(cc(cc(NC(Nc2ccc(NC(*)=O)cc2)=O)c1)N*)C(Nc1c2c(ccc1)C(=O)c1ccccc1C2=O)=O,74,1.9658468
3018,defended_transformer,7,False,N(C(Nc1cc(N*)cc(c1)C(Nc1cccc2c1C(=O)c1ccccc1C2=O)=O)=O)c1ccc(cc1)NC(*)=O,72,2.6547503
3018,defended_transformer,8,False,c1c(cc(cc1N*)NC(=O)Nc1ccc(NC(*)=O)cc1)C(Nc1c2C(c3ccccc3C(=O)c2ccc1)=O)=O,72,2.9732683
3018,defended_transformer,9,False,c12c(C(=O)c3ccccc3C1=O)cccc2NC(=O)c1cc(cc(N*)c1)NC(Nc1ccc(NC(=O)*)cc1)=O,72,2.8099911
3018,defended_transformer,10,False,C(Nc1c2c(ccc1)C(c1ccccc1C2=O)=O)(c1cc(N*)cc(NC(Nc2ccc(cc2)NC(*)=O)=O)c1)=O,74,2.864134
3019,clean_transformer,0,True,[*]NC(=O)C(=S)C(=O)[*],18,3.598936
3019,clean_transformer,1,False,O=C(*)C(C(N*)=O)=S,18,2.5982502
3019,clean_transformer,2,False,C(=S)(C(=O)N*)C(*)=O,20,3.1908064
3019,clean_transformer,3,False,O=C(C(C(*)=O)=S)N*,18,2.8669481
3019,clean_transformer,4,False,C(=O)(*)C(=S)C(=O)N*,20,2.5127416
3019,clean_transformer,5,False,*C(=O)C(=S)C(N*)=O,18,3.3261635
3019,clean_transformer,6,False,*NC(C(=S)C(*)=O)=O,18,3.2868454
3019,clean_transformer,7,False,S=C(C(*)=O)C(N*)=O,18,2.2520144
3019,clean_transformer,8,False,C(*)(C(=S)C(=O)N*)=O,20,3.534562
3019,clean_transformer,9,False,C(C(C(N*)=O)=S)(*)=O,20,4.5557556
3019,clean_transformer,10,False,*C(C(=S)C(=O)N*)=O,18,3.4254222
3019,defended_transformer,0,True,[*]NC(=O)C(=S)C(=O)[*],18,3.828591
3019,defended_transformer,1,False,O=C(*)C(C(N*)=O)=S,18,3.4130187
3019,defended_transformer,2,False,C(=S)(C(=O)N*)C(*)=O,20,3.4878116
3019,defended_transformer,3,False,O=C(C(C(*)=O)=S)N*,18,4.3600183
3019,defended_transformer,4,False,C(=O)(*)C(=S)C(=O)N*,20,2.5473099
3019,defended_transformer,5,False,*C(=O)C(=S)C(N*)=O,18,3.3221457
3019,defended_transformer,6,False,*NC(C(=S)C(*)=O)=O,18,4.375366
3019,defended_transformer,7,False,S=C(C(*)=O)C(N*)=O,18,2.736897
3019,defended_transformer,8,False,C(*)(C(=S)C(=O)N*)=O,20,3.9782763
3019,defended_transformer,9,False,C(C(C(N*)=O)=S)(*)=O,20,3.788148
3019,defended_transformer,10,False,*C(C(=S)C(=O)N*)=O,18,4.0074167
3020,clean_transformer,0,True,[*]c1cc(-c2ccccc2)c([*])s1,22,1.3134832
3020,clean_transformer,1,False,c1cccc(c1)-c1cc(sc1*)*,22,3.1876237
3020,clean_transformer,2,False,c1(*)cc(c(*)s1)-c1ccccc1,24,3.9507408
3020,clean_transformer,3,False,*c1cc(c(s1)*)-c1ccccc1,22,1.8632069
3020,clean_transformer,4,False,*c1cc(-c2ccccc2)c(*)s1,22,1.2527773
3020,clean_transformer,5,False,s1c(cc(-c2ccccc2)c1*)*,22,1.6777089
3020,clean_transformer,6,False,c1(sc(*)c(-c2ccccc2)c1)*,24,2.5554256
3020,clean_transformer,7,False,c1cc(ccc1)-c1cc(*)sc1*,22,2.8567123
3020,clean_transformer,8,False,c1c(cccc1)-c1c(sc(*)c1)*,24,2.6446443
3020,clean_transformer,9,False,s1c(*)cc(c1*)-c1ccccc1,22,1.6532218
3020,clean_transformer,10,False,c1(-c2ccccc2)cc(sc1*)*,22,3.1821356
3020,defended_transformer,0,True,[*]c1cc(-c2ccccc2)c([*])s1,22,2.7466044
3020,defended_transformer,1,False,c1cccc(c1)-c1cc(sc1*)*,22,2.391768
3020,defended_transformer,2,False,c1(*)cc(c(*)s1)-c1ccccc1,24,3.341567
3020,defended_transformer,3,False,*c1cc(c(s1)*)-c1ccccc1,22,1.9982045
3020,defended_transformer,4,False,*c1cc(-c2ccccc2)c(*)s1,22,2.5656533
3020,defended_transformer,5,False,s1c(cc(-c2ccccc2)c1*)*,22,2.7726989
3020,defended_transformer,6,False,c1(sc(*)c(-c2ccccc2)c1)*,24,2.0618222
3020,defended_transformer,7,False,c1cc(ccc1)-c1cc(*)sc1*,22,1.8664539
3020,defended_transformer,8,False,c1c(cccc1)-c1c(sc(*)c1)*,24,2.9424183
3020,defended_transformer,9,False,s1c(*)cc(c1*)-c1ccccc1,22,3.0541391
3020,defended_transformer,10,False,c1(-c2ccccc2)cc(sc1*)*,22,3.3612046
3021,clean_transformer,0,True,[*]c1ccc(CCc2ccc(N3C(=O)C(=O)N([*])C3=O)cc2)cc1,43,3.386329
3021,clean_transformer,1,False,O=C1C(=O)N(C(=O)N1c1ccc(cc1)CCc1ccc(cc1)*)*,43,3.7159925
3021,clean_transformer,2,False,c1cc(ccc1*)CCc1ccc(cc1)N1C(N(C(=O)C1=O)*)=O,43,3.8664398
3021,clean_transformer,3,False,c1cc(*)ccc1CCc1ccc(N2C(=O)C(N(*)C2=O)=O)cc1,43,3.6775632
3021,clean_transformer,4,False,C(Cc1ccc(N2C(=O)N(*)C(=O)C2=O)cc1)c1ccc(*)cc1,45,4.627785
3021,clean_transformer,5,False,C1(N(*)C(=O)C(N1c1ccc(CCc2ccc(cc2)*)cc1)=O)=O,45,2.837079
3021,clean_transformer,6,False,C(c1ccc(cc1)N1C(=O)C(N(C1=O)*)=O)Cc1ccc(cc1)*,45,4.8450813
3021,clean_transformer,7,False,N1(*)C(=O)N(c2ccc(CCc3ccc(*)cc3)cc2)C(C1=O)=O,45,2.9000027
3021,clean_transformer,8,False,*N1C(=O)C(=O)N(c2ccc(cc2)CCc2ccc(cc2)*)C1=O,43,3.017277
3021,clean_transformer,9,False,O=C1N(C(C(=O)N1c1ccc(CCc2ccc(cc2)*)cc1)=O)*,43,3.7148855
3021,clean_transformer,10,False,O=C1C(N(C(N1c1ccc(CCc2ccc(*)cc2)cc1)=O)*)=O,43,3.7575479
3021,defended_transformer,0,True,[*]c1ccc(CCc2ccc(N3C(=O)C(=O)N([*])C3=O)cc2)cc1,43,2.6939356
3021,defended_transformer,1,False,O=C1C(=O)N(C(=O)N1c1ccc(cc1)CCc1ccc(cc1)*)*,43,3.9677064
3021,defended_transformer,2,False,c1cc(ccc1*)CCc1ccc(cc1)N1C(N(C(=O)C1=O)*)=O,43,2.9218996
3021,defended_transformer,3,False,c1cc(*)ccc1CCc1ccc(N2C(=O)C(N(*)C2=O)=O)cc1,43,3.0270658
3021,defended_transformer,4,False,C(Cc1ccc(N2C(=O)N(*)C(=O)C2=O)cc1)c1ccc(*)cc1,45,3.913219
3021,defended_transformer,5,False,C1(N(*)C(=O)C(N1c1ccc(CCc2ccc(cc2)*)cc1)=O)=O,45,2.971393
3021,defended_transformer,6,False,C(c1ccc(cc1)N1C(=O)C(N(C1=O)*)=O)Cc1ccc(cc1)*,45,4.186606
3021,defended_transformer,7,False,N1(*)C(=O)N(c2ccc(CCc3ccc(*)cc3)cc2)C(C1=O)=O,45,3.0368328
3021,defended_transformer,8,False,*N1C(=O)C(=O)N(c2ccc(cc2)CCc2ccc(cc2)*)C1=O,43,2.801392
3021,defended_transformer,9,False,O=C1N(C(C(=O)N1c1ccc(CCc2ccc(cc2)*)cc1)=O)*,43,3.271325
3021,defended_transformer,10,False,O=C1C(N(C(N1c1ccc(CCc2ccc(*)cc2)cc1)=O)*)=O,43,3.374176
3022,clean_transformer,0,True,[*]CCCCNC(=O)O[*],13,6.226392
3022,clean_transformer,1,False,C(CC*)CNC(O*)=O,15,6.014271
3022,clean_transformer,2,False,O(*)C(NCCCC*)=O,15,5.964116
3022,clean_transformer,3,False,*OC(=O)NCCCC*,13,5.2771244
3022,clean_transformer,4,False,C(=O)(O*)NCCCC*,15,5.852639
3022,clean_transformer,5,False,C(CNC(O*)=O)CC*,15,6.143737
3022,clean_transformer,6,False,O=C(O*)NCCCC*,13,3.3100038
3022,clean_transformer,7,False,C(CCCNC(=O)O*)*,15,6.1190996
3022,clean_transformer,8,False,*OC(NCCCC*)=O,13,5.7324553
3022,clean_transformer,9,False,C(CCC*)NC(=O)O*,15,5.643138
3022,clean_transformer,10,False,C(NC(O*)=O)CCC*,15,5.7844152
3022,defended_transformer,0,True,[*]CCCCNC(=O)O[*],13,6.53786
3022,defended_transformer,1,False,C(CC*)CNC(O*)=O,15,5.7590237
3022,defended_transformer,2,False,O(*)C(NCCCC*)=O,15,5.7291737
3022,defended_transformer,3,False,*OC(=O)NCCCC*,13,6.0585327
3022,defended_transformer,4,False,C(=O)(O*)NCCCC*,15,5.1538877
3022,defended_transformer,5,False,C(CNC(O*)=O)CC*,15,5.1341424
3022,defended_transformer,6,False,O=C(O*)NCCCC*,13,4.5145864
3022,defended_transformer,7,False,C(CCCNC(=O)O*)*,15,5.7213726
3022,defended_transformer,8,False,*OC(NCCCC*)=O,13,5.794684
3022,defended_transformer,9,False,C(CCC*)NC(=O)O*,15,5.396922
3022,defended_transformer,10,False,C(NC(O*)=O)CCC*,15,5.7455683
3023,clean_transformer,0,True,[*]CCCCCCCCCCC(=O)N[*],18,6.2289205
3023,clean_transformer,1,False,C(CCCCCC(=O)N*)CCCC*,20,6.301457
3023,clean_transformer,2,False,*CCCCCCCCCCC(N*)=O,18,5.983405
3023,clean_transformer,3,False,*NC(=O)CCCCCCCCCC*,18,5.72649
3023,clean_transformer,4,False,C(CCC*)CCCCCCC(=O)N*,20,6.4128103
3023,clean_transformer,5,False,N(*)C(CCCCCCCCCC*)=O,20,5.875087
3023,clean_transformer,6,False,C(CCCCCCC*)CCC(N*)=O,20,6.074821
3023,clean_transformer,7,False,C(CCCCC(N*)=O)CCCCC*,20,5.3595157
3023,clean_transformer,8,False,C(CCCC(=O)N*)CCCCCC*,20,6.0316563
3023,clean_transformer,9,False,C(CCCCCCCC(=O)N*)CC*,20,5.563572
3023,clean_transformer,10,False,C(C(N*)=O)CCCCCCCCC*,20,5.638923
3023,defended_transformer,0,True,[*]CCCCCCCCCCC(=O)N[*],18,6.119032
3023,defended_transformer,1,False,C(CCCCCC(=O)N*)CCCC*,20,5.5271726
3023,defended_transformer,2,False,*CCCCCCCCCCC(N*)=O,18,6.010953
3023,defended_transformer,3,False,*NC(=O)CCCCCCCCCC*,18,5.7952366
3023,defended_transformer,4,False,C(CCC*)CCCCCCC(=O)N*,20,6.0117335
3023,defended_transformer,5,False,N(*)C(CCCCCCCCCC*)=O,20,5.787058
3023,defended_transformer,6,False,C(CCCCCCC*)CCC(N*)=O,20,5.9646416
3023,defended_transformer,7,False,C(CCCCC(N*)=O)CCCCC*,20,5.547209
3023,defended_transformer,8,False,C(CCCC(=O)N*)CCCCCC*,20,5.855052
3023,defended_transformer,9,False,C(CCCCCCCC(=O)N*)CC*,20,5.714805
3023,defended_transformer,10,False,C(C(N*)=O)CCCCCCCCC*,20,5.5711493
3024,clean_transformer,0,True,[*]c1cc(OCCCCCCCCCC)cc(-c2nc3cc4sc([*])nc4cc3s2)c1,46,3.1296124
3024,clean_transformer,1,False,c1c(cc(OCCCCCCCCCC)cc1-c1sc2cc3nc(*)sc3cc2n1)*,46,2.2656667
3024,clean_transformer,2,False,c1(cc(*)cc(-c2nc3c(s2)cc2c(sc(*)n2)c3)c1)OCCCCCCCCCC,52,2.20244
3024,clean_transformer,3,False,c1c(cc(*)cc1OCCCCCCCCCC)-c1sc2c(cc3c(nc(*)s3)c2)n1,50,2.9137368
3024,clean_transformer,4,False,C(CCCCCCC)CCOc1cc(-c2sc3cc4c(cc3n2)sc(*)n4)cc(c1)*,50,3.5530484
3024,clean_transformer,5,False,C(CCCCCCCCC)Oc1cc(cc(-c2nc3c(s2)cc2c(c3)sc(*)n2)c1)*,52,3.6848774
3024,clean_transformer,6,False,s1c2cc3c(cc2nc1*)sc(-c1cc(cc(OCCCCCCCCCC)c1)*)n3,48,1.3731277
3024,clean_transformer,7,False,c1c2c(sc(n2)*)cc2nc(sc21)-c1cc(cc(*)c1)OCCCCCCCCCC,50,1.7475657
3024,clean_transformer,8,False,c12cc3c(cc2nc(s1)*)sc(-c1cc(cc(c1)*)OCCCCCCCCCC)n3,50,2.9212332
3024,clean_transformer,9,False,C(CCC)CCCCCCOc1cc(*)cc(-c2nc3cc4c(cc3s2)nc(s4)*)c1,50,2.6914074
3024,clean_transformer,10,False,C(CCCCOc1cc(*)cc(c1)-c1nc2c(cc3nc(sc3c2)*)s1)CCCCC,50,3.1805632
3024,defended_transformer,0,True,[*]c1cc(OCCCCCCCCCC)cc(-c2nc3cc4sc([*])nc4cc3s2)c1,46,2.3886302
3024,defended_transformer,1,False,c1c(cc(OCCCCCCCCCC)cc1-c1sc2cc3nc(*)sc3cc2n1)*,46,2.934419
3024,defended_transformer,2,False,c1(cc(*)cc(-c2nc3c(s2)cc2c(sc(*)n2)c3)c1)OCCCCCCCCCC,52,3.2975473
3024,defended_transformer,3,False,c1c(cc(*)cc1OCCCCCCCCCC)-c1sc2c(cc3c(nc(*)s3)c2)n1,50,3.4183373
3024,defended_transformer,4,False,C(CCCCCCC)CCOc1cc(-c2sc3cc4c(cc3n2)sc(*)n4)cc(c1)*,50,3.3486614
3024,defended_transformer,5,False,C(CCCCCCCCC)Oc1cc(cc(-c2nc3c(s2)cc2c(c3)sc(*)n2)c1)*,52,3.7319477
3024,defended_transformer,6,False,s1c2cc3c(cc2nc1*)sc(-c1cc(cc(OCCCCCCCCCC)c1)*)n3,48,2.924986
3024,defended_transformer,7,False,c1c2c(sc(n2)*)cc2nc(sc21)-c1cc(cc(*)c1)OCCCCCCCCCC,50,2.956492
3024,defended_transformer,8,False,c12cc3c(cc2nc(s1)*)sc(-c1cc(cc(c1)*)OCCCCCCCCCC)n3,50,3.1279674
3024,defended_transformer,9,False,C(CCC)CCCCCCOc1cc(*)cc(-c2nc3cc4c(cc3s2)nc(s4)*)c1,50,2.9277463
3024,defended_transformer,10,False,C(CCCCOc1cc(*)cc(c1)-c1nc2c(cc3nc(sc3c2)*)s1)CCCCC,50,3.3793492
3025,clean_transformer,0,True,[*]CCOCCOC(=O)CCCCC(=O)O[*],23,6.3375263
3025,clean_transformer,1,False,O=C(CCCCC(O*)=O)OCCOCC*,23,5.2378206
3025,clean_transformer,2,False,*OC(=O)CCCCC(OCCOCC*)=O,23,6.1674485
3025,clean_transformer,3,False,C(CCCCC(OCCOCC*)=O)(O*)=O,25,6.9757204
3025,clean_transformer,4,False,*CCOCCOC(=O)CCCCC(O*)=O,23,5.90639
3025,clean_transformer,5,False,O=C(CCCCC(=O)O*)OCCOCC*,23,4.996692
3025,clean_transformer,6,False,*OC(=O)CCCCC(=O)OCCOCC*,23,6.257073
3025,clean_transformer,7,False,O(CC*)CCOC(CCCCC(=O)O*)=O,25,6.557152
3025,clean_transformer,8,False,C(C(=O)O*)CCCC(OCCOCC*)=O,25,6.49872
3025,clean_transformer,9,False,*OC(CCCCC(OCCOCC*)=O)=O,23,5.9492545
3025,clean_transformer,10,False,O=C(O*)CCCCC(=O)OCCOCC*,23,4.858376
3025,defended_transformer,0,True,[*]CCOCCOC(=O)CCCCC(=O)O[*],23,6.4420075
3025,defended_transformer,1,False,O=C(CCCCC(O*)=O)OCCOCC*,23,6.161071
3025,defended_transformer,2,False,*OC(=O)CCCCC(OCCOCC*)=O,23,6.5004215
3025,defended_transformer,3,False,C(CCCCC(OCCOCC*)=O)(O*)=O,25,6.3293815
3025,defended_transformer,4,False,*CCOCCOC(=O)CCCCC(O*)=O,23,5.9424934
3025,defended_transformer,5,False,O=C(CCCCC(=O)O*)OCCOCC*,23,5.965471
3025,defended_transformer,6,False,*OC(=O)CCCCC(=O)OCCOCC*,23,6.2230024
3025,defended_transformer,7,False,O(CC*)CCOC(CCCCC(=O)O*)=O,25,6.5741925
3025,defended_transformer,8,False,C(C(=O)O*)CCCC(OCCOCC*)=O,25,5.705459
3025,defended_transformer,9,False,*OC(CCCCC(OCCOCC*)=O)=O,23,6.598714
3025,defended_transformer,10,False,O=C(O*)CCCCC(=O)OCCOCC*,23,6.174256
3026,clean_transformer,0,True,[*]COC(S1)=CC=C1O[*],16,5.2520137
3026,clean_transformer,1,False,O(*)c1ccc(s1)OC*,16,3.3329303
3026,clean_transformer,2,False,C(*)Oc1ccc(O*)s1,16,3.8627906
3026,clean_transformer,3,False,O(C*)c1ccc(s1)O*,16,3.8187006
3026,clean_transformer,4,False,*Oc1ccc(OC*)s1,14,3.9098253
3026,clean_transformer,5,False,c1c(OC*)sc(O*)c1,16,2.2818491
3026,clean_transformer,6,False,c1c(sc(c1)OC*)O*,16,3.627414
3026,clean_transformer,7,False,c1(ccc(s1)O*)OC*,16,3.0004673
3026,clean_transformer,8,False,s1c(OC*)ccc1O*,14,1.3674984
3026,clean_transformer,9,False,C(*)Oc1sc(O*)cc1,16,4.440291
3026,clean_transformer,10,False,*Oc1sc(cc1)OC*,14,2.9714246
3026,defended_transformer,0,True,[*]COC(S1)=CC=C1O[*],16,5.489417
3026,defended_transformer,1,False,O(*)c1ccc(s1)OC*,16,4.3792715
3026,defended_transformer,2,False,C(*)Oc1ccc(O*)s1,16,4.284502
3026,defended_transformer,3,False,O(C*)c1ccc(s1)O*,16,4.550413
3026,defended_transformer,4,False,*Oc1ccc(OC*)s1,14,3.9967916
3026,defended_transformer,5,False,c1c(OC*)sc(O*)c1,16,4.4430656
3026,defended_transformer,6,False,c1c(sc(c1)OC*)O*,16,3.6085558
3026,defended_transformer,7,False,c1(ccc(s1)O*)OC*,16,3.8359523
3026,defended_transformer,8,False,s1c(OC*)ccc1O*,14,4.9267383
3026,defended_transformer,9,False,C(*)Oc1sc(O*)cc1,16,4.532152
3026,defended_transformer,10,False,*Oc1sc(cc1)OC*,14,4.243533
3027,clean_transformer,0,True,[*]c1ccc2c(c1)c1ccccc1n2[*],23,3.559145
3027,clean_transformer,1,False,c1c(*)ccc2n(c3c(cccc3)c12)*,27,3.0062041
3027,clean_transformer,2,False,c1c2c3cc(*)ccc3n(c2ccc1)*,25,3.1721065
3027,clean_transformer,3,False,c1c(*)ccc2n(*)c3c(cccc3)c12,27,4.096391
3027,clean_transformer,4,False,c1ccc2c(c3c(n2*)ccc(*)c3)c1,27,3.691139
3027,clean_transformer,5,False,c1ccc2c(c1)n(*)c1ccc(*)cc21,27,3.4692845
3027,clean_transformer,6,False,*c1ccc2n(c3c(c2c1)cccc3)*,25,3.8921158
3027,clean_transformer,7,False,c12ccccc1n(*)c1c2cc(*)cc1,25,3.829018
3027,clean_transformer,8,False,c12c3c(cccc3)n(c1ccc(*)c2)*,27,3.054294
3027,clean_transformer,9,False,c1c2c(ccc1)c1cc(ccc1n2*)*,25,3.711828
3027,clean_transformer,10,False,c1cc2n(*)c3c(c2cc1*)cccc3,25,3.7950048
3027,defended_transformer,0,True,[*]c1ccc2c(c1)c1ccccc1n2[*],23,3.4762409
3027,defended_transformer,1,False,c1c(*)ccc2n(c3c(cccc3)c12)*,27,3.252858
3027,defended_transformer,2,False,c1c2c3cc(*)ccc3n(c2ccc1)*,25,3.0613632
3027,defended_transformer,3,False,c1c(*)ccc2n(*)c3c(cccc3)c12,27,2.6712534
3027,defended_transformer,4,False,c1ccc2c(c3c(n2*)ccc(*)c3)c1,27,2.9747143
3027,defended_transformer,5,False,c1ccc2c(c1)n(*)c1ccc(*)cc21,27,2.7689638
3027,defended_transformer,6,False,*c1ccc2n(c3c(c2c1)cccc3)*,25,4.120975
3027,defended_transformer,7,False,c12ccccc1n(*)c1c2cc(*)cc1,25,3.5885272
3027,defended_transformer,8,False,c12c3c(cccc3)n(c1ccc(*)c2)*,27,3.5440168
3027,defended_transformer,9,False,c1c2c(ccc1)c1cc(ccc1n2*)*,25,2.811101
3027,defended_transformer,10,False,c1cc2n(*)c3c(c2cc1*)cccc3,25,3.656658
3028,clean_transformer,0,True,[*]c1cc(C(F)(F)C(F)(F)C(F)(F)F)c([*])s1,35,2.8742986
3028,clean_transformer,1,False,c1(cc(sc1*)*)C(F)(C(F)(F)C(F)(F)F)F,35,2.98139
3028,clean_transformer,2,False,C(F)(F)(C(F)(C(F)(F)c1c(sc(c1)*)*)F)F,37,4.2170486
3028,clean_transformer,3,False,C(C(F)(F)F)(C(F)(F)c1c(*)sc(c1)*)(F)F,37,3.0499415
3028,clean_transformer,4,False,c1(*)sc(*)c(C(C(F)(F)C(F)(F)F)(F)F)c1,37,5.361982
3028,clean_transformer,5,False,FC(F)(C(C(c1c(sc(c1)*)*)(F)F)(F)F)F,35,4.5231094
3028,clean_transformer,6,False,c1(c(*)sc(*)c1)C(F)(C(F)(C(F)(F)F)F)F,37,4.770469
3028,clean_transformer,7,False,FC(F)(C(F)(F)c1cc(*)sc1*)C(F)(F)F,33,3.031088
3028,clean_transformer,8,False,*c1sc(c(c1)C(F)(C(F)(F)C(F)(F)F)F)*,35,1.9631603
3028,clean_transformer,9,False,c1(c(C(F)(F)C(F)(C(F)(F)F)F)cc(*)s1)*,37,4.51326
3028,clean_transformer,10,False,c1c(C(C(F)(F)C(F)(F)F)(F)F)c(sc1*)*,35,4.12758
3028,defended_transformer,0,True,[*]c1cc(C(F)(F)C(F)(F)C(F)(F)F)c([*])s1,35,3.294855
3028,defended_transformer,1,False,c1(cc(sc1*)*)C(F)(C(F)(F)C(F)(F)F)F,35,3.1993723
3028,defended_transformer,2,False,C(F)(F)(C(F)(C(F)(F)c1c(sc(c1)*)*)F)F,37,4.099946
3028,defended_transformer,3,False,C(C(F)(F)F)(C(F)(F)c1c(*)sc(c1)*)(F)F,37,4.056429
3028,defended_transformer,4,False,c1(*)sc(*)c(C(C(F)(F)C(F)(F)F)(F)F)c1,37,4.354676
3028,defended_transformer,5,False,FC(F)(C(C(c1c(sc(c1)*)*)(F)F)(F)F)F,35,3.8096907
3028,defended_transformer,6,False,c1(c(*)sc(*)c1)C(F)(C(F)(C(F)(F)F)F)F,37,4.109965
3028,defended_transformer,7,False,FC(F)(C(F)(F)c1cc(*)sc1*)C(F)(F)F,33,3.944553
3028,defended_transformer,8,False,*c1sc(c(c1)C(F)(C(F)(F)C(F)(F)F)F)*,35,2.7509642
3028,defended_transformer,9,False,c1(c(C(F)(F)C(F)(C(F)(F)F)F)cc(*)s1)*,37,4.5437503
3028,defended_transformer,10,False,c1c(C(C(F)(F)C(F)(F)F)(F)F)c(sc1*)*,35,3.2387989
3029,clean_transformer,0,True,[*]CC(=O)OC(=O)c1cccc(O[*])c1,25,4.7647734
3029,clean_transformer,1,False,O(*)c1cc(ccc1)C(=O)OC(=O)C*,27,4.30577
3029,clean_transformer,2,False,*Oc1cccc(c1)C(=O)OC(C*)=O,25,4.3898907
3029,clean_transformer,3,False,C(*)C(=O)OC(=O)c1cccc(c1)O*,27,4.4149556
3029,clean_transformer,4,False,O=C(c1cccc(c1)O*)OC(=O)C*,25,3.2484837
3029,clean_transformer,5,False,C(OC(=O)C*)(=O)c1cccc(O*)c1,27,4.2023945
3029,clean_transformer,6,False,O=C(C*)OC(c1cccc(O*)c1)=O,25,4.8390207
3029,clean_transformer,7,False,O(C(C*)=O)C(=O)c1cccc(O*)c1,27,4.7898564
3029,clean_transformer,8,False,O(C(C*)=O)C(c1cc(ccc1)O*)=O,27,4.523991
3029,clean_transformer,9,False,c1c(cccc1C(=O)OC(=O)C*)O*,25,4.223531
3029,clean_transformer,10,False,c1(cc(ccc1)O*)C(OC(=O)C*)=O,27,4.1222987
3029,defended_transformer,0,True,[*]CC(=O)OC(=O)c1cccc(O[*])c1,25,4.461559
3029,defended_transformer,1,False,O(*)c1cc(ccc1)C(=O)OC(=O)C*,27,3.3160586
3029,defended_transformer,2,False,*Oc1cccc(c1)C(=O)OC(C*)=O,25,4.294689
3029,defended_transformer,3,False,C(*)C(=O)OC(=O)c1cccc(c1)O*,27,4.8173532
3029,defended_transformer,4,False,O=C(c1cccc(c1)O*)OC(=O)C*,25,3.913375
3029,defended_transformer,5,False,C(OC(=O)C*)(=O)c1cccc(O*)c1,27,4.088995
3029,defended_transformer,6,False,O=C(C*)OC(c1cccc(O*)c1)=O,25,4.053568
3029,defended_transformer,7,False,O(C(C*)=O)C(=O)c1cccc(O*)c1,27,4.457018
3029,defended_transformer,8,False,O(C(C*)=O)C(c1cc(ccc1)O*)=O,27,4.329446
3029,defended_transformer,9,False,c1c(cccc1C(=O)OC(=O)C*)O*,25,4.771287
3029,defended_transformer,10,False,c1(cc(ccc1)O*)C(OC(=O)C*)=O,27,3.4298368
3030,clean_transformer,0,True,[*]CCCCCCNC(=O)NCCNC(=O)N[*],24,5.6278715
3030,clean_transformer,1,False,C(NC(=O)NCCCCCC*)CNC(N*)=O,26,5.8037686
3030,clean_transformer,2,False,C(NCCNC(=O)N*)(=O)NCCCCCC*,26,5.4937315
3030,clean_transformer,3,False,N(C(=O)NCCNC(=O)NCCCCCC*)*,26,5.19328
3030,clean_transformer,4,False,*CCCCCCNC(NCCNC(=O)N*)=O,24,5.472755
3030,clean_transformer,5,False,N(C(=O)N*)CCNC(=O)NCCCCCC*,26,5.666967
3030,clean_transformer,6,False,C(NC(NCCNC(=O)N*)=O)CCCCC*,26,5.577154
3030,clean_transformer,7,False,O=C(NCCNC(N*)=O)NCCCCCC*,24,3.9636478
3030,clean_transformer,8,False,N(CCNC(N*)=O)C(=O)NCCCCCC*,26,5.418162
3030,clean_transformer,9,False,C(*)CCCCCNC(NCCNC(=O)N*)=O,26,5.749011
3030,clean_transformer,10,False,C(CC*)CCCNC(NCCNC(=O)N*)=O,26,6.009128
3030,defended_transformer,0,True,[*]CCCCCCNC(=O)NCCNC(=O)N[*],24,5.6895466
3030,defended_transformer,1,False,C(NC(=O)NCCCCCC*)CNC(N*)=O,26,5.5829825
3030,defended_transformer,2,False,C(NCCNC(=O)N*)(=O)NCCCCCC*,26,5.385727
3030,defended_transformer,3,False,N(C(=O)NCCNC(=O)NCCCCCC*)*,26,5.7029314
3030,defended_transformer,4,False,*CCCCCCNC(NCCNC(=O)N*)=O,24,5.41259
3030,defended_transformer,5,False,N(C(=O)N*)CCNC(=O)NCCCCCC*,26,5.534876
3030,defended_transformer,6,False,C(NC(NCCNC(=O)N*)=O)CCCCC*,26,5.6203256
3030,defended_transformer,7,False,O=C(NCCNC(N*)=O)NCCCCCC*,24,5.0562754
3030,defended_transformer,8,False,N(CCNC(N*)=O)C(=O)NCCCCCC*,26,5.602394
3030,defended_transformer,9,False,C(*)CCCCCNC(NCCNC(=O)N*)=O,26,5.6166215
3030,defended_transformer,10,False,C(CC*)CCCNC(NCCNC(=O)N*)=O,26,5.746113
3031,clean_transformer,0,True,[*]Nc1c(Cl)cc([*])cc1Cl,17,3.8646567
3031,clean_transformer,1,False,Clc1c(c(Cl)cc(c1)*)N*,19,4.071649
3031,clean_transformer,2,False,c1(*)cc(Cl)c(c(c1)Cl)N*,21,3.3156528
3031,clean_transformer,3,False,Clc1c(c(cc(c1)*)Cl)N*,19,3.863195
3031,clean_transformer,4,False,c1c(*)cc(Cl)c(N*)c1Cl,19,3.3467083
3031,clean_transformer,5,False,c1(cc(Cl)c(N*)c(c1)Cl)*,21,3.7100933
3031,clean_transformer,6,False,c1c(Cl)c(c(Cl)cc1*)N*,19,3.6289322
3031,clean_transformer,7,False,c1c(c(N*)c(cc1*)Cl)Cl,19,3.7733977
3031,clean_transformer,8,False,c1(cc(cc(c1N*)Cl)*)Cl,19,3.7144651
3031,clean_transformer,9,False,c1c(c(c(cc1*)Cl)N*)Cl,19,3.3482523
3031,clean_transformer,10,False,Clc1c(N*)c(cc(*)c1)Cl,19,4.2535963
3031,defended_transformer,0,True,[*]Nc1c(Cl)cc([*])cc1Cl,17,4.0008235
3031,defended_transformer,1,False,Clc1c(c(Cl)cc(c1)*)N*,19,3.9849186
3031,defended_transformer,2,False,c1(*)cc(Cl)c(c(c1)Cl)N*,21,3.7314572
3031,defended_transformer,3,False,Clc1c(c(cc(c1)*)Cl)N*,19,3.772467
3031,defended_transformer,4,False,c1c(*)cc(Cl)c(N*)c1Cl,19,3.489027
3031,defended_transformer,5,False,c1(cc(Cl)c(N*)c(c1)Cl)*,21,3.526065
3031,defended_transformer,6,False,c1c(Cl)c(c(Cl)cc1*)N*,19,3.6052551
3031,defended_transformer,7,False,c1c(c(N*)c(cc1*)Cl)Cl,19,3.6017864
3031,defended_transformer,8,False,c1(cc(cc(c1N*)Cl)*)Cl,19,3.2281218
3031,defended_transformer,9,False,c1c(c(c(cc1*)Cl)N*)Cl,19,3.5780044
3031,defended_transformer,10,False,Clc1c(N*)c(cc(*)c1)Cl,19,3.4388485
3032,clean_transformer,0,True,[*]CCCCCCCCCNC(=O)CC(=O)N[*],24,5.7704635
3032,clean_transformer,1,False,C(CCCCCCCC*)NC(=O)CC(N*)=O,26,5.9109225
3032,clean_transformer,2,False,C(CCCCCCCNC(CC(N*)=O)=O)C*,26,5.8047996
3032,clean_transformer,3,False,O=C(N*)CC(NCCCCCCCCC*)=O,24,5.1399264
3032,clean_transformer,4,False,N(CCCCCCCCC*)C(=O)CC(N*)=O,26,5.7970695
3032,clean_transformer,5,False,C(CCCCCCCC*)NC(CC(N*)=O)=O,26,5.739028
3032,clean_transformer,6,False,N(C(=O)CC(=O)N*)CCCCCCCCC*,26,5.4143457
3032,clean_transformer,7,False,C(CCCCCC*)CCNC(=O)CC(N*)=O,26,5.884941
3032,clean_transformer,8,False,C(CC(N*)=O)(NCCCCCCCCC*)=O,26,5.9931035
3032,clean_transformer,9,False,C(CCCCNC(CC(=O)N*)=O)CCCC*,26,5.8957787
3032,clean_transformer,10,False,N(CCCCCCCCC*)C(=O)CC(=O)N*,26,5.1551805
3032,defended_transformer,0,True,[*]CCCCCCCCCNC(=O)CC(=O)N[*],24,5.9507594
3032,defended_transformer,1,False,C(CCCCCCCC*)NC(=O)CC(N*)=O,26,5.5019894
3032,defended_transformer,2,False,C(CCCCCCCNC(CC(N*)=O)=O)C*,26,5.9005194
3032,defended_transformer,3,False,O=C(N*)CC(NCCCCCCCCC*)=O,24,5.108813
3032,defended_transformer,4,False,N(CCCCCCCCC*)C(=O)CC(N*)=O,26,5.4087534
3032,defended_transformer,5,False,C(CCCCCCCC*)NC(CC(N*)=O)=O,26,5.895565
3032,defended_transformer,6,False,N(C(=O)CC(=O)N*)CCCCCCCCC*,26,5.319188
3032,defended_transformer,7,False,C(CCCCCC*)CCNC(=O)CC(N*)=O,26,5.591255
3032,defended_transformer,8,False,C(CC(N*)=O)(NCCCCCCCCC*)=O,26,5.781626
3032,defended_transformer,9,False,C(CCCCNC(CC(=O)N*)=O)CCCC*,26,5.656894
3032,defended_transformer,10,False,N(CCCCCCCCC*)C(=O)CC(=O)N*,26,5.6392384
3033,clean_transformer,0,True,[*]CC(S1)=CC=C1C(=S)O[*],20,3.6871133
3033,clean_transformer,1,False,C(c1sc(C(O*)=S)cc1)*,20,3.3039901
3033,clean_transformer,2,False,C(O*)(c1ccc(s1)C*)=S,20,2.3003473
3033,clean_transformer,3,False,*OC(c1ccc(s1)C*)=S,18,2.8468618
3033,clean_transformer,4,False,*OC(=S)c1ccc(C*)s1,18,2.2236977
3033,clean_transformer,5,False,c1(C*)sc(cc1)C(O*)=S,20,3.6387284
3033,clean_transformer,6,False,c1(sc(C*)cc1)C(O*)=S,20,2.0638146
3033,clean_transformer,7,False,S=C(O*)c1sc(cc1)C*,18,1.6793346
3033,clean_transformer,8,False,s1c(C*)ccc1C(=S)O*,18,1.763787
3033,clean_transformer,9,False,c1c(sc(C*)c1)C(=S)O*,20,2.8547487
3033,clean_transformer,10,False,*Cc1ccc(C(=S)O*)s1,18,3.0491939
3033,defended_transformer,0,True,[*]CC(S1)=CC=C1C(=S)O[*],20,3.6734452
3033,defended_transformer,1,False,C(c1sc(C(O*)=S)cc1)*,20,3.1598184
3033,defended_transformer,2,False,C(O*)(c1ccc(s1)C*)=S,20,3.1847792
3033,defended_transformer,3,False,*OC(c1ccc(s1)C*)=S,18,4.0400124
3033,defended_transformer,4,False,*OC(=S)c1ccc(C*)s1,18,3.2071695
3033,defended_transformer,5,False,c1(C*)sc(cc1)C(O*)=S,20,3.3060746
3033,defended_transformer,6,False,c1(sc(C*)cc1)C(O*)=S,20,2.3176951
3033,defended_transformer,7,False,S=C(O*)c1sc(cc1)C*,18,4.124934
3033,defended_transformer,8,False,s1c(C*)ccc1C(=S)O*,18,4.442378
3033,defended_transformer,9,False,c1c(sc(C*)c1)C(=S)O*,20,4.491737
3033,defended_transformer,10,False,*Cc1ccc(C(=S)O*)s1,18,3.9533486
3034,clean_transformer,0,True,[*]CCCOC(=O)C(=O)O[*],17,6.461237
3034,clean_transformer,1,False,C(C*)COC(C(O*)=O)=O,19,5.285136
3034,clean_transformer,2,False,C(C(OCCC*)=O)(O*)=O,19,5.202966
3034,clean_transformer,3,False,O(C(C(OCCC*)=O)=O)*,19,5.5839434
3034,clean_transformer,4,False,C(*)CCOC(C(O*)=O)=O,19,5.5502143
3034,clean_transformer,5,False,C(C(=O)O*)(=O)OCCC*,19,6.229813
3034,clean_transformer,6,False,C(COC(=O)C(O*)=O)C*,19,6.083175
3034,clean_transformer,7,False,*OC(C(=O)OCCC*)=O,17,6.322656
3034,clean_transformer,8,False,C(CC*)OC(=O)C(O*)=O,19,5.4658685
3034,clean_transformer,9,False,O=C(O*)C(=O)OCCC*,17,4.975907
3034,clean_transformer,10,False,C(COC(=O)C(=O)O*)C*,19,5.622795
3034,defended_transformer,0,True,[*]CCCOC(=O)C(=O)O[*],17,6.5351896
3034,defended_transformer,1,False,C(C*)COC(C(O*)=O)=O,19,5.4742594
3034,defended_transformer,2,False,C(C(OCCC*)=O)(O*)=O,19,5.8372426
3034,defended_transformer,3,False,O(C(C(OCCC*)=O)=O)*,19,5.5147343
3034,defended_transformer,4,False,C(*)CCOC(C(O*)=O)=O,19,5.662593
3034,defended_transformer,5,False,C(C(=O)O*)(=O)OCCC*,19,5.7270627
3034,defended_transformer,6,False,C(COC(=O)C(O*)=O)C*,19,5.5082884
3034,defended_transformer,7,False,*OC(C(=O)OCCC*)=O,17,5.983837
3034,defended_transformer,8,False,C(CC*)OC(=O)C(O*)=O,19,4.9382615
3034,defended_transformer,9,False,O=C(O*)C(=O)OCCC*,17,4.190855
3034,defended_transformer,10,False,C(COC(=O)C(=O)O*)C*,19,5.91817
3035,clean_transformer,0,True,[*]CCCC(C)(C)CNC(=O)CCCCCCCC(=O)N[*],32,6.0943155
3035,clean_transformer,1,False,C(CCC*)(C)(C)CNC(CCCCCCCC(=O)N*)=O,34,5.7979603
3035,clean_transformer,2,False,O=C(NCC(C)(CCC*)C)CCCCCCCC(=O)N*,32,3.838467
3035,clean_transformer,3,False,C(CCCCC(=O)NCC(C)(C)CCC*)CCC(=O)N*,34,5.812963
3035,clean_transformer,4,False,N(C(=O)CCCCCCCC(=O)N*)CC(C)(C)CCC*,34,5.8293285
3035,clean_transformer,5,False,C(=O)(CCCCCCCC(=O)NCC(CCC*)(C)C)N*,34,5.474516
3035,clean_transformer,6,False,CC(CCC*)(CNC(CCCCCCCC(N*)=O)=O)C,32,6.001972
3035,clean_transformer,7,False,C(CCCCCCCC(NCC(C)(CCC*)C)=O)(=O)N*,34,6.0133605
3035,clean_transformer,8,False,C(*)CCC(CNC(=O)CCCCCCCC(N*)=O)(C)C,34,5.716481
3035,clean_transformer,9,False,C(CCCCCC(NCC(CCC*)(C)C)=O)CC(N*)=O,34,6.001511
3035,clean_transformer,10,False,C(CCCCCC(=O)NCC(C)(C)CCC*)CC(=O)N*,34,6.0715313
3035,defended_transformer,0,True,[*]CCCC(C)(C)CNC(=O)CCCCCCCC(=O)N[*],32,5.940035
3035,defended_transformer,1,False,C(CCC*)(C)(C)CNC(CCCCCCCC(=O)N*)=O,34,5.694715
3035,defended_transformer,2,False,O=C(NCC(C)(CCC*)C)CCCCCCCC(=O)N*,32,5.3237534
3035,defended_transformer,3,False,C(CCCCC(=O)NCC(C)(C)CCC*)CCC(=O)N*,34,5.6675644
3035,defended_transformer,4,False,N(C(=O)CCCCCCCC(=O)N*)CC(C)(C)CCC*,34,5.8055162
3035,defended_transformer,5,False,C(=O)(CCCCCCCC(=O)NCC(CCC*)(C)C)N*,34,5.5054784
3035,defended_transformer,6,False,CC(CCC*)(CNC(CCCCCCCC(N*)=O)=O)C,32,5.798651
3035,defended_transformer,7,False,C(CCCCCCCC(NCC(C)(CCC*)C)=O)(=O)N*,34,5.823188
3035,defended_transformer,8,False,C(*)CCC(CNC(=O)CCCCCCCC(N*)=O)(C)C,34,5.610056
3035,defended_transformer,9,False,C(CCCCCC(NCC(CCC*)(C)C)=O)CC(N*)=O,34,5.7215004
3035,defended_transformer,10,False,C(CCCCCC(=O)NCC(C)(C)CCC*)CC(=O)N*,34,5.9891615
3036,clean_transformer,0,True,[*]C1=CSC(=C2SC=C(c3ccc([*])cc3)S2)S1,33,2.709581
3036,clean_transformer,1,False,c1cc(*)ccc1C1=CSC(S1)=C1SC=C(*)S1,33,3.0634267
3036,clean_transformer,2,False,c1c(ccc(*)c1)C1=CSC(=C2SC(*)=CS2)S1,35,2.5054483
3036,clean_transformer,3,False,*C1=CSC(=C2SC(c3ccc(*)cc3)=CS2)S1,33,2.087781
3036,clean_transformer,4,False,C1(c2ccc(cc2)*)SC(SC=1)=C1SC(=CS1)*,35,3.189623
3036,clean_transformer,5,False,C1SC(SC=1c1ccc(cc1)*)=C1SC=C(*)S1,33,2.594273
3036,clean_transformer,6,False,S1C(=C2SC(=CS2)c2ccc(*)cc2)SC=C1*,33,2.526771
3036,clean_transformer,7,False,c1cc(C2SC(=C3SC=C(*)S3)SC=2)ccc1*,33,3.4548259
3036,clean_transformer,8,False,*c1ccc(C2=CSC(S2)=C2SC(=CS2)*)cc1,33,2.2430472
3036,clean_transformer,9,False,C1SC(SC=1c1ccc(*)cc1)=C1SC(=CS1)*,33,3.0588322
3036,clean_transformer,10,False,C1(SC(=C2SC=C(S2)*)SC=1)c1ccc(*)cc1,35,3.156445
3036,defended_transformer,0,True,[*]C1=CSC(=C2SC=C(c3ccc([*])cc3)S2)S1,33,2.9623733
3036,defended_transformer,1,False,c1cc(*)ccc1C1=CSC(S1)=C1SC=C(*)S1,33,2.2317522
3036,defended_transformer,2,False,c1c(ccc(*)c1)C1=CSC(=C2SC(*)=CS2)S1,35,3.1643286
3036,defended_transformer,3,False,*C1=CSC(=C2SC(c3ccc(*)cc3)=CS2)S1,33,2.3057172
3036,defended_transformer,4,False,C1(c2ccc(cc2)*)SC(SC=1)=C1SC(=CS1)*,35,3.1512728
3036,defended_transformer,5,False,C1SC(SC=1c1ccc(cc1)*)=C1SC=C(*)S1,33,2.7490163
3036,defended_transformer,6,False,S1C(=C2SC(=CS2)c2ccc(*)cc2)SC=C1*,33,2.2049165
3036,defended_transformer,7,False,c1cc(C2SC(=C3SC=C(*)S3)SC=2)ccc1*,33,1.9212375
3036,defended_transformer,8,False,*c1ccc(C2=CSC(S2)=C2SC(=CS2)*)cc1,33,2.1611543
3036,defended_transformer,9,False,C1SC(SC=1c1ccc(*)cc1)=C1SC(=CS1)*,33,2.655943
3036,defended_transformer,10,False,C1(SC(=C2SC=C(S2)*)SC=1)c1ccc(*)cc1,35,2.3447492
3037,clean_transformer,0,True,[*]N=c1c(=Nc2ccc([*])cc2)c2cccc3cccc1c32,36,2.2179132
3037,clean_transformer,1,False,*c1ccc(cc1)N=C1c2c3c(cccc3ccc2)C1=N*,36,3.0168173
3037,clean_transformer,2,False,c12c3cccc1cccc2C(=Nc1ccc(*)cc1)C3=N*,36,1.6538546
3037,clean_transformer,3,False,c1(N=C2C(c3c4c2cccc4ccc3)=N*)ccc(*)cc1,38,3.0776494
3037,clean_transformer,4,False,c1c2C(=Nc3ccc(*)cc3)C(=N*)c3cccc(cc1)c23,40,3.1774118
3037,clean_transformer,5,False,c1ccc2C(=N*)C(c3cccc1c32)=Nc1ccc(*)cc1,38,3.1210344
3037,clean_transformer,6,False,c12c3c(C(C(=Nc4ccc(*)cc4)c3ccc1)=N*)ccc2,40,2.6299276
3037,clean_transformer,7,False,N(c1ccc(cc1)*)=C1C(c2cccc3c2c1ccc3)=N*,38,3.2052412
3037,clean_transformer,8,False,c12c3C(=Nc4ccc(*)cc4)C(c1cccc2ccc3)=N*,38,2.7520595
3037,clean_transformer,9,False,c1c(ccc(*)c1)N=C1c2c3c(ccc2)cccc3C1=N*,38,3.1907954
3037,clean_transformer,10,False,c1c(N=C2C(c3c4c2cccc4ccc3)=N*)ccc(c1)*,38,2.8577886
3037,defended_transformer,0,True,[*]N=c1c(=Nc2ccc([*])cc2)c2cccc3cccc1c32,36,2.8750238
3037,defended_transformer,1,False,*c1ccc(cc1)N=C1c2c3c(cccc3ccc2)C1=N*,36,2.3358064
3037,defended_transformer,2,False,c12c3cccc1cccc2C(=Nc1ccc(*)cc1)C3=N*,36,2.017429
3037,defended_transformer,3,False,c1(N=C2C(c3c4c2cccc4ccc3)=N*)ccc(*)cc1,38,2.8152456
3037,defended_transformer,4,False,c1c2C(=Nc3ccc(*)cc3)C(=N*)c3cccc(cc1)c23,40,2.4519978
3037,defended_transformer,5,False,c1ccc2C(=N*)C(c3cccc1c32)=Nc1ccc(*)cc1,38,2.5287323
3037,defended_transformer,6,False,c12c3c(C(C(=Nc4ccc(*)cc4)c3ccc1)=N*)ccc2,40,3.2404013
3037,defended_transformer,7,False,N(c1ccc(cc1)*)=C1C(c2cccc3c2c1ccc3)=N*,38,2.4615667
3037,defended_transformer,8,False,c12c3C(=Nc4ccc(*)cc4)C(c1cccc2ccc3)=N*,38,2.913963
3037,defended_transformer,9,False,c1c(ccc(*)c1)N=C1c2c3c(ccc2)cccc3C1=N*,38,2.8488052
3037,defended_transformer,10,False,c1c(N=C2C(c3c4c2cccc4ccc3)=N*)ccc(c1)*,38,2.573595
3038,clean_transformer,0,True,[*]Cc1cc(COC(=O)Nc2ccc(Cc3ccc(NC(=O)O[*])cc3)cc2)cc(C(C)(C)C)c1,59,4.1705503
3038,clean_transformer,1,False,c1(cc(cc(c1)C(C)(C)C)COC(Nc1ccc(cc1)Cc1ccc(cc1)NC(O*)=O)=O)C*,61,3.4836385
3038,clean_transformer,2,False,O(Cc1cc(cc(C(C)(C)C)c1)C*)C(=O)Nc1ccc(cc1)Cc1ccc(cc1)NC(=O)O*,61,4.2247386
3038,clean_transformer,3,False,c1(C(C)(C)C)cc(cc(c1)COC(=O)Nc1ccc(cc1)Cc1ccc(cc1)NC(=O)O*)C*,61,4.044245
3038,clean_transformer,4,False,O=C(Nc1ccc(Cc2ccc(NC(=O)OCc3cc(C(C)(C)C)cc(c3)C*)cc2)cc1)O*,59,3.8028297
3038,clean_transformer,5,False,C(c1cc(cc(COC(=O)Nc2ccc(cc2)Cc2ccc(NC(O*)=O)cc2)c1)C*)(C)(C)C,61,3.7790465
3038,clean_transformer,6,False,C(Nc1ccc(cc1)Cc1ccc(cc1)NC(OCc1cc(cc(C(C)(C)C)c1)C*)=O)(=O)O*,61,3.672413
3038,clean_transformer,7,False,*OC(=O)Nc1ccc(cc1)Cc1ccc(cc1)NC(=O)OCc1cc(C*)cc(c1)C(C)(C)C,59,4.1268687
3038,clean_transformer,8,False,C(c1cc(cc(c1)C(C)(C)C)COC(Nc1ccc(Cc2ccc(cc2)NC(=O)O*)cc1)=O)*,61,4.4160013
3038,clean_transformer,9,False,c1c(NC(=O)O*)ccc(Cc2ccc(NC(=O)OCc3cc(cc(C(C)(C)C)c3)C*)cc2)c1,61,3.4675004
3038,clean_transformer,10,False,C(O*)(=O)Nc1ccc(Cc2ccc(cc2)NC(OCc2cc(cc(C(C)(C)C)c2)C*)=O)cc1,61,3.6981916
3038,defended_transformer,0,True,[*]Cc1cc(COC(=O)Nc2ccc(Cc3ccc(NC(=O)O[*])cc3)cc2)cc(C(C)(C)C)c1,59,4.152482
3038,defended_transformer,1,False,c1(cc(cc(c1)C(C)(C)C)COC(Nc1ccc(cc1)Cc1ccc(cc1)NC(O*)=O)=O)C*,61,3.215485
3038,defended_transformer,2,False,O(Cc1cc(cc(C(C)(C)C)c1)C*)C(=O)Nc1ccc(cc1)Cc1ccc(cc1)NC(=O)O*,61,3.7975788
3038,defended_transformer,3,False,c1(C(C)(C)C)cc(cc(c1)COC(=O)Nc1ccc(cc1)Cc1ccc(cc1)NC(=O)O*)C*,61,3.5280373
3038,defended_transformer,4,False,O=C(Nc1ccc(Cc2ccc(NC(=O)OCc3cc(C(C)(C)C)cc(c3)C*)cc2)cc1)O*,59,3.4024742
3038,defended_transformer,5,False,C(c1cc(cc(COC(=O)Nc2ccc(cc2)Cc2ccc(NC(O*)=O)cc2)c1)C*)(C)(C)C,61,3.8920171
3038,defended_transformer,6,False,C(Nc1ccc(cc1)Cc1ccc(cc1)NC(OCc1cc(cc(C(C)(C)C)c1)C*)=O)(=O)O*,61,3.3118424
3038,defended_transformer,7,False,*OC(=O)Nc1ccc(cc1)Cc1ccc(cc1)NC(=O)OCc1cc(C*)cc(c1)C(C)(C)C,59,4.127358
3038,defended_transformer,8,False,C(c1cc(cc(c1)C(C)(C)C)COC(Nc1ccc(Cc2ccc(cc2)NC(=O)O*)cc1)=O)*,61,3.9698658
3038,defended_transformer,9,False,c1c(NC(=O)O*)ccc(Cc2ccc(NC(=O)OCc3cc(cc(C(C)(C)C)c3)C*)cc2)c1,61,3.286612
3038,defended_transformer,10,False,C(O*)(=O)Nc1ccc(Cc2ccc(cc2)NC(OCc2cc(cc(C(C)(C)C)c2)C*)=O)cc1,61,3.4866526
3039,clean_transformer,0,True,[*]C1=C2OCCOC2=C(c2ccc(-c3ccc([*])s3)s2)S1(=O)=O,44,2.5099745
3039,clean_transformer,1,False,C1OC2C(=C(S(=O)(C=2*)=O)c2ccc(s2)-c2sc(cc2)*)OC1,48,2.309123
3039,clean_transformer,2,False,O1C2C(=C(S(=O)(=O)C=2*)c2ccc(s2)-c2sc(*)cc2)OCC1,48,2.3871167
3039,clean_transformer,3,False,O1C2C(=C(S(C=2*)(=O)=O)c2sc(-c3ccc(*)s3)cc2)OCC1,48,1.3586636
3039,clean_transformer,4,False,*C1=C2OCCOC2=C(S1(=O)=O)c1ccc(-c2sc(cc2)*)s1,44,1.4271908
3039,clean_transformer,5,False,C1OC2=C(*)S(C(=C2OC1)c1ccc(-c2sc(cc2)*)s1)(=O)=O,48,2.272743
3039,clean_transformer,6,False,C1OC2=C(c3sc(-c4sc(cc4)*)cc3)S(=O)(C(=C2OC1)*)=O,48,2.0701478
3039,clean_transformer,7,False,O1CCOC2=C(*)S(=O)(=O)C(=C21)c1sc(-c2sc(cc2)*)cc1,48,2.9796276
3039,clean_transformer,8,False,*c1ccc(-c2sc(C3S(C(*)=C4OCCOC4=3)(=O)=O)cc2)s1,46,1.0171268
3039,clean_transformer,9,False,c1cc(sc1-c1ccc(s1)C1=C2C(=C(*)S1(=O)=O)OCCO2)*,46,2.851746
3039,clean_transformer,10,False,c1(sc(C2S(=O)(=O)C(=C3OCCOC=23)*)cc1)-c1sc(cc1)*,48,1.7543631
3039,defended_transformer,0,True,[*]C1=C2OCCOC2=C(c2ccc(-c3ccc([*])s3)s2)S1(=O)=O,44,2.5572834
3039,defended_transformer,1,False,C1OC2C(=C(S(=O)(C=2*)=O)c2ccc(s2)-c2sc(cc2)*)OC1,48,2.4919748
3039,defended_transformer,2,False,O1C2C(=C(S(=O)(=O)C=2*)c2ccc(s2)-c2sc(*)cc2)OCC1,48,2.472597
3039,defended_transformer,3,False,O1C2C(=C(S(C=2*)(=O)=O)c2sc(-c3ccc(*)s3)cc2)OCC1,48,2.2062893
3039,defended_transformer,4,False,*C1=C2OCCOC2=C(S1(=O)=O)c1ccc(-c2sc(cc2)*)s1,44,2.6815882
3039,defended_transformer,5,False,C1OC2=C(*)S(C(=C2OC1)c1ccc(-c2sc(cc2)*)s1)(=O)=O,48,2.6556401
3039,defended_transformer,6,False,C1OC2=C(c3sc(-c4sc(cc4)*)cc3)S(=O)(C(=C2OC1)*)=O,48,2.8648777
3039,defended_transformer,7,False,O1CCOC2=C(*)S(=O)(=O)C(=C21)c1sc(-c2sc(cc2)*)cc1,48,2.7068632
3039,defended_transformer,8,False,*c1ccc(-c2sc(C3S(C(*)=C4OCCOC4=3)(=O)=O)cc2)s1,46,1.5039601
3039,defended_transformer,9,False,c1cc(sc1-c1ccc(s1)C1=C2C(=C(*)S1(=O)=O)OCCO2)*,46,3.2361588
3039,defended_transformer,10,False,c1(sc(C2S(=O)(=O)C(=C3OCCOC=23)*)cc1)-c1sc(cc1)*,48,2.9526544
3040,clean_transformer,0,True,[*]NC(CCCNC(=O)c1ccc(F)cc1)C([*])=O,31,4.0714154
3040,clean_transformer,1,False,C(c1ccc(F)cc1)(=O)NCCCC(C(*)=O)N*,33,5.021265
3040,clean_transformer,2,False,C(NCCCC(C(=O)*)N*)(c1ccc(cc1)F)=O,33,4.99946
3040,clean_transformer,3,False,C(C(N*)CCCNC(=O)c1ccc(cc1)F)(*)=O,33,4.3461633
3040,clean_transformer,4,False,C(NC(c1ccc(F)cc1)=O)CCC(C(=O)*)N*,33,5.0655556
3040,clean_transformer,5,False,C(*)(=O)C(N*)CCCNC(=O)c1ccc(cc1)F,33,4.075544
3040,clean_transformer,6,False,C(CNC(c1ccc(F)cc1)=O)CC(N*)C(*)=O,33,4.7158384
3040,clean_transformer,7,False,C(N*)(CCCNC(=O)c1ccc(F)cc1)C(*)=O,33,4.448113
3040,clean_transformer,8,False,c1cc(ccc1F)C(=O)NCCCC(C(*)=O)N*,31,4.7840137
3040,clean_transformer,9,False,C(CNC(=O)c1ccc(F)cc1)CC(N*)C(=O)*,33,4.3521724
3040,clean_transformer,10,False,O=C(c1ccc(F)cc1)NCCCC(N*)C(*)=O,31,3.5354185
3040,defended_transformer,0,True,[*]NC(CCCNC(=O)c1ccc(F)cc1)C([*])=O,31,3.9471931
3040,defended_transformer,1,False,C(c1ccc(F)cc1)(=O)NCCCC(C(*)=O)N*,33,4.747228
3040,defended_transformer,2,False,C(NCCCC(C(=O)*)N*)(c1ccc(cc1)F)=O,33,4.4500647
3040,defended_transformer,3,False,C(C(N*)CCCNC(=O)c1ccc(cc1)F)(*)=O,33,4.282757
3040,defended_transformer,4,False,C(NC(c1ccc(F)cc1)=O)CCC(C(=O)*)N*,33,4.900915
3040,defended_transformer,5,False,C(*)(=O)C(N*)CCCNC(=O)c1ccc(cc1)F,33,4.080826
3040,defended_transformer,6,False,C(CNC(c1ccc(F)cc1)=O)CC(N*)C(*)=O,33,3.7592804
3040,defended_transformer,7,False,C(N*)(CCCNC(=O)c1ccc(F)cc1)C(*)=O,33,4.2645197
3040,defended_transformer,8,False,c1cc(ccc1F)C(=O)NCCCC(C(*)=O)N*,31,4.1852584
3040,defended_transformer,9,False,C(CNC(=O)c1ccc(F)cc1)CC(N*)C(=O)*,33,4.595483
3040,defended_transformer,10,False,O=C(c1ccc(F)cc1)NCCCC(N*)C(*)=O,31,2.904613
3041,clean_transformer,0,True,[*]C=C([*])c1ccc([N+](=O)[O-])cc1,23,0.8526366
3041,clean_transformer,1,False,[O-][N+](=O)c1ccc(C(=C*)*)cc1,23,2.611341
3041,clean_transformer,2,False,c1(ccc(cc1)C(*)=C*)[N+](=O)[O-],25,3.8840287
3041,clean_transformer,3,False,c1cc(C(=C*)*)ccc1[N+]([O-])=O,23,2.9282722
3041,clean_transformer,4,False,*C(=C*)c1ccc([N+]([O-])=O)cc1,23,3.0905013
3041,clean_transformer,5,False,C(=C(*)c1ccc([N+](=O)[O-])cc1)*,25,1.8706121
3041,clean_transformer,6,False,C(=C(*)c1ccc(cc1)[N+](=O)[O-])*,25,1.8389139
3041,clean_transformer,7,False,[N+](c1ccc(cc1)C(=C*)*)(=O)[O-],25,3.2039218
3041,clean_transformer,8,False,[O-][N+](c1ccc(cc1)C(*)=C*)=O,23,3.441216
3041,clean_transformer,9,False,O=[N+](c1ccc(cc1)C(=C*)*)[O-],23,2.165662
3041,clean_transformer,10,False,c1([N+]([O-])=O)ccc(C(*)=C*)cc1,25,3.8417692
3041,defended_transformer,0,True,[*]C=C([*])c1ccc([N+](=O)[O-])cc1,23,3.7183514
3041,defended_transformer,1,False,[O-][N+](=O)c1ccc(C(=C*)*)cc1,23,2.7359347
3041,defended_transformer,2,False,c1(ccc(cc1)C(*)=C*)[N+](=O)[O-],25,2.586007
3041,defended_transformer,3,False,c1cc(C(=C*)*)ccc1[N+]([O-])=O,23,2.3514745
3041,defended_transformer,4,False,*C(=C*)c1ccc([N+]([O-])=O)cc1,23,3.9968727
3041,defended_transformer,5,False,C(=C(*)c1ccc([N+](=O)[O-])cc1)*,25,3.6517673
3041,defended_transformer,6,False,C(=C(*)c1ccc(cc1)[N+](=O)[O-])*,25,2.2533207
3041,defended_transformer,7,False,[N+](c1ccc(cc1)C(=C*)*)(=O)[O-],25,3.1654859
3041,defended_transformer,8,False,[O-][N+](c1ccc(cc1)C(*)=C*)=O,23,2.479476
3041,defended_transformer,9,False,O=[N+](c1ccc(cc1)C(=C*)*)[O-],23,2.414058
3041,defended_transformer,10,False,c1([N+]([O-])=O)ccc(C(*)=C*)cc1,25,3.3169172
3042,clean_transformer,0,True,[*]OC1(C)CC(C)(C)C(C)(N2CCCC([*])C2)C1C,35,6.252965
3042,clean_transformer,1,False,N1(C2(C(C)C(CC2(C)C)(O*)C)C)CCCC(*)C1,37,5.9431033
3042,clean_transformer,2,False,CC1(C)CC(C)(C(C)C1(C)N1CCCC(C1)*)O*,35,5.856782
3042,clean_transformer,3,False,CC1C(O*)(C)CC(C1(N1CCCC(C1)*)C)(C)C,35,6.4060564
3042,clean_transformer,4,False,CC1(CC(C(C)C1(N1CC(*)CCC1)C)(C)O*)C,35,5.669037
3042,clean_transformer,5,False,CC1(O*)C(C)C(C)(C(C1)(C)C)N1CC(CCC1)*,37,6.0869226
3042,clean_transformer,6,False,C1C(C)(C(C)(N2CCCC(*)C2)C(C)C1(C)O*)C,37,6.198208
3042,clean_transformer,7,False,C1C(C)(O*)C(C)C(C1(C)C)(C)N1CC(*)CCC1,37,5.787226
3042,clean_transformer,8,False,C1(*)CCCN(C1)C1(C(C)C(C)(CC1(C)C)O*)C,37,5.647042
3042,clean_transformer,9,False,C1CN(CC(*)C1)C1(C(C)(C)CC(C1C)(C)O*)C,37,5.6382723
3042,clean_transformer,10,False,C1CN(CC(C1)*)C1(C)C(C)C(CC1(C)C)(O*)C,37,5.423332
3042,defended_transformer,0,True,[*]OC1(C)CC(C)(C)C(C)(N2CCCC([*])C2)C1C,35,6.2584896
3042,defended_transformer,1,False,N1(C2(C(C)C(CC2(C)C)(O*)C)C)CCCC(*)C1,37,6.081645
3042,defended_transformer,2,False,CC1(C)CC(C)(C(C)C1(C)N1CCCC(C1)*)O*,35,5.8538804
3042,defended_transformer,3,False,CC1C(O*)(C)CC(C1(N1CCCC(C1)*)C)(C)C,35,5.765644
3042,defended_transformer,4,False,CC1(CC(C(C)C1(N1CC(*)CCC1)C)(C)O*)C,35,5.3744345
3042,defended_transformer,5,False,CC1(O*)C(C)C(C)(C(C1)(C)C)N1CC(CCC1)*,37,5.7354126
3042,defended_transformer,6,False,C1C(C)(C(C)(N2CCCC(*)C2)C(C)C1(C)O*)C,37,5.8184485
3042,defended_transformer,7,False,C1C(C)(O*)C(C)C(C1(C)C)(C)N1CC(*)CCC1,37,5.6757817
3042,defended_transformer,8,False,C1(*)CCCN(C1)C1(C(C)C(C)(CC1(C)C)O*)C,37,6.01153
3042,defended_transformer,9,False,C1CN(CC(*)C1)C1(C(C)(C)CC(C1C)(C)O*)C,37,6.4194465
3042,defended_transformer,10,False,C1CN(CC(C1)*)C1(C)C(C)C(CC1(C)C)(O*)C,37,6.168458
3043,clean_transformer,0,True,C(O2)([*])=NN=C2C1=CC=C(C=C1)C2(C1=CC=CC=C1C(=O)O2)C1=CC=C(C=C1)O([*]),66,3.5011497
3043,clean_transformer,1,False,c12ccccc1C(OC2(c1ccc(-c2oc(nn2)*)cc1)c1ccc(cc1)O*)=O,52,3.8068848
3043,clean_transformer,2,False,c1c(C2(OC(c3ccccc32)=O)c2ccc(O*)cc2)ccc(c1)-c1nnc(*)o1,54,3.7038045
3043,clean_transformer,3,False,C1(c2ccc(-c3nnc(o3)*)cc2)(c2ccccc2C(O1)=O)c1ccc(cc1)O*,54,3.6681678
3043,clean_transformer,4,False,*c1oc(-c2ccc(C3(c4ccc(O*)cc4)OC(=O)c4ccccc43)cc2)nn1,52,3.6318793
3043,clean_transformer,5,False,*c1nnc(-c2ccc(cc2)C2(c3ccc(cc3)O*)c3c(C(=O)O2)cccc3)o1,54,3.6465297
3043,clean_transformer,6,False,O=C1c2c(C(c3ccc(-c4nnc(*)o4)cc3)(O1)c1ccc(O*)cc1)cccc2,54,3.3843079
3043,clean_transformer,7,False,n1c(*)oc(n1)-c1ccc(C2(c3c(cccc3)C(O2)=O)c2ccc(O*)cc2)cc1,56,3.1190267
3043,clean_transformer,8,False,c1(-c2oc(nn2)*)ccc(C2(c3c(cccc3)C(O2)=O)c2ccc(O*)cc2)cc1,56,3.154085
3043,clean_transformer,9,False,c12c(cccc1)C(OC2(c1ccc(-c2oc(nn2)*)cc1)c1ccc(cc1)O*)=O,54,3.0006483
3043,clean_transformer,10,False,c12c(C(=O)OC2(c2ccc(-c3nnc(o3)*)cc2)c2ccc(O*)cc2)cccc1,54,3.1426814
3043,defended_transformer,0,True,C(O2)([*])=NN=C2C1=CC=C(C=C1)C2(C1=CC=CC=C1C(=O)O2)C1=CC=C(C=C1)O([*]),66,2.9251466
3043,defended_transformer,1,False,c12ccccc1C(OC2(c1ccc(-c2oc(nn2)*)cc1)c1ccc(cc1)O*)=O,52,3.3623612
3043,defended_transformer,2,False,c1c(C2(OC(c3ccccc32)=O)c2ccc(O*)cc2)ccc(c1)-c1nnc(*)o1,54,3.3587866
3043,defended_transformer,3,False,C1(c2ccc(-c3nnc(o3)*)cc2)(c2ccccc2C(O1)=O)c1ccc(cc1)O*,54,2.9830527
3043,defended_transformer,4,False,*c1oc(-c2ccc(C3(c4ccc(O*)cc4)OC(=O)c4ccccc43)cc2)nn1,52,3.557145
3043,defended_transformer,5,False,*c1nnc(-c2ccc(cc2)C2(c3ccc(cc3)O*)c3c(C(=O)O2)cccc3)o1,54,2.7831607
3043,defended_transformer,6,False,O=C1c2c(C(c3ccc(-c4nnc(*)o4)cc3)(O1)c1ccc(O*)cc1)cccc2,54,3.718471
3043,defended_transformer,7,False,n1c(*)oc(n1)-c1ccc(C2(c3c(cccc3)C(O2)=O)c2ccc(O*)cc2)cc1,56,2.8525286
3043,defended_transformer,8,False,c1(-c2oc(nn2)*)ccc(C2(c3c(cccc3)C(O2)=O)c2ccc(O*)cc2)cc1,56,2.9988027
3043,defended_transformer,9,False,c12c(cccc1)C(OC2(c1ccc(-c2oc(nn2)*)cc1)c1ccc(cc1)O*)=O,54,2.6224337
3043,defended_transformer,10,False,c12c(C(=O)OC2(c2ccc(-c3nnc(o3)*)cc2)c2ccc(O*)cc2)cccc1,54,3.2277017
3044,clean_transformer,0,True,[*]c1ccc(N(c2ccc(C#N)cc2)c2ccc(N3C(=O)c4ccc(-c5ccc6c(c5)C(=O)N([*])C6=O)cc4C3=O)cc2)cc1,83,2.818357
3044,clean_transformer,1,False,c12c(C(=O)N(C2=O)c2ccc(N(c3ccc(C#N)cc3)c3ccc(cc3)*)cc2)cc(-c2cc3C(N(*)C(c3cc2)=O)=O)cc1,87,2.3095903
3044,clean_transformer,2,False,*N1C(c2cc(ccc2C1=O)-c1cc2C(=O)N(C(c2cc1)=O)c1ccc(cc1)N(c1ccc(C#N)cc1)c1ccc(cc1)*)=O,83,3.433444
3044,clean_transformer,3,False,c1cc(N(c2ccc(cc2)N2C(c3cc(-c4ccc5C(N(*)C(=O)c5c4)=O)ccc3C2=O)=O)c2ccc(cc2)*)ccc1C#N,83,2.5239158
3044,clean_transformer,4,False,c1(ccc(N(c2ccc(cc2)N2C(=O)c3c(cc(-c4ccc5C(N(*)C(c5c4)=O)=O)cc3)C2=O)c2ccc(cc2)C#N)cc1)*,87,2.9502335
3044,clean_transformer,5,False,c1cc2c(cc1-c1ccc3C(=O)N(*)C(=O)c3c1)C(=O)N(C2=O)c1ccc(cc1)N(c1ccc(*)cc1)c1ccc(C#N)cc1,85,2.0819051
3044,clean_transformer,6,False,c1c(N(c2ccc(cc2)*)c2ccc(cc2)N2C(=O)c3c(C2=O)cc(-c2ccc4c(C(=O)N(C4=O)*)c2)cc3)ccc(c1)C#N,87,2.7199323
3044,clean_transformer,7,False,c1c(-c2cc3C(N(C(=O)c3cc2)c2ccc(cc2)N(c2ccc(*)cc2)c2ccc(C#N)cc2)=O)ccc2c1C(=O)N(C2=O)*,85,1.7640316
3044,clean_transformer,8,False,c1cc(cc2c1C(=O)N(c1ccc(N(c3ccc(C#N)cc3)c3ccc(cc3)*)cc1)C2=O)-c1cc2c(cc1)C(=O)N(C2=O)*,85,2.4835525
3044,clean_transformer,9,False,C(c1ccc(N(c2ccc(N3C(c4c(ccc(c4)-c4ccc5c(C(=O)N(*)C5=O)c4)C3=O)=O)cc2)c2ccc(cc2)*)cc1)#N,87,3.3976407
3044,clean_transformer,10,False,N#Cc1ccc(N(c2ccc(*)cc2)c2ccc(N3C(c4cc(ccc4C3=O)-c3ccc4c(C(=O)N(*)C4=O)c3)=O)cc2)cc1,83,2.6905043
3044,defended_transformer,0,True,[*]c1ccc(N(c2ccc(C#N)cc2)c2ccc(N3C(=O)c4ccc(-c5ccc6c(c5)C(=O)N([*])C6=O)cc4C3=O)cc2)cc1,83,2.731834
3044,defended_transformer,1,False,c12c(C(=O)N(C2=O)c2ccc(N(c3ccc(C#N)cc3)c3ccc(cc3)*)cc2)cc(-c2cc3C(N(*)C(c3cc2)=O)=O)cc1,87,2.4891303
3044,defended_transformer,2,False,*N1C(c2cc(ccc2C1=O)-c1cc2C(=O)N(C(c2cc1)=O)c1ccc(cc1)N(c1ccc(C#N)cc1)c1ccc(cc1)*)=O,83,3.1158721
3044,defended_transformer,3,False,c1cc(N(c2ccc(cc2)N2C(c3cc(-c4ccc5C(N(*)C(=O)c5c4)=O)ccc3C2=O)=O)c2ccc(cc2)*)ccc1C#N,83,2.057764
3044,defended_transformer,4,False,c1(ccc(N(c2ccc(cc2)N2C(=O)c3c(cc(-c4ccc5C(N(*)C(c5c4)=O)=O)cc3)C2=O)c2ccc(cc2)C#N)cc1)*,87,2.8265371
3044,defended_transformer,5,False,c1cc2c(cc1-c1ccc3C(=O)N(*)C(=O)c3c1)C(=O)N(C2=O)c1ccc(cc1)N(c1ccc(*)cc1)c1ccc(C#N)cc1,85,2.5669456
3044,defended_transformer,6,False,c1c(N(c2ccc(cc2)*)c2ccc(cc2)N2C(=O)c3c(C2=O)cc(-c2ccc4c(C(=O)N(C4=O)*)c2)cc3)ccc(c1)C#N,87,2.2807634
3044,defended_transformer,7,False,c1c(-c2cc3C(N(C(=O)c3cc2)c2ccc(cc2)N(c2ccc(*)cc2)c2ccc(C#N)cc2)=O)ccc2c1C(=O)N(C2=O)*,85,2.2456148
3044,defended_transformer,8,False,c1cc(cc2c1C(=O)N(c1ccc(N(c3ccc(C#N)cc3)c3ccc(cc3)*)cc1)C2=O)-c1cc2c(cc1)C(=O)N(C2=O)*,85,2.8092096
3044,defended_transformer,9,False,C(c1ccc(N(c2ccc(N3C(c4c(ccc(c4)-c4ccc5c(C(=O)N(*)C5=O)c4)C3=O)=O)cc2)c2ccc(cc2)*)cc1)#N,87,2.7803817
3044,defended_transformer,10,False,N#Cc1ccc(N(c2ccc(*)cc2)c2ccc(N3C(c4cc(ccc4C3=O)-c3ccc4c(C(=O)N(*)C4=O)c3)=O)cc2)cc1,83,2.547668
3045,clean_transformer,0,True,[*]c1ccc(-c2nc3cc(-c4ccc5nc([*])c(-c6ccccc6)nc5c4)ccc3nc2-c2ccccc2)cc1,66,3.6086926
3045,clean_transformer,1,False,c1ccc(-c2nc3c(nc2*)ccc(c3)-c2ccc3c(nc(c(n3)-c3ccccc3)-c3ccc(*)cc3)c2)cc1,72,3.5389948
3045,clean_transformer,2,False,c1cc(*)ccc1-c1c(nc2ccc(cc2n1)-c1ccc2nc(c(nc2c1)-c1ccccc1)*)-c1ccccc1,68,3.6042857
3045,clean_transformer,3,False,n1c(-c2ccc(*)cc2)c(nc2ccc(-c3ccc4c(nc(c(*)n4)-c4ccccc4)c3)cc12)-c1ccccc1,72,3.7866216
3045,clean_transformer,4,False,c1ccc(cc1)-c1c(*)nc2ccc(cc2n1)-c1cc2c(nc(c(-c3ccc(cc3)*)n2)-c2ccccc2)cc1,72,3.3656492
3045,clean_transformer,5,False,c1ccc(-c2nc3cc(ccc3nc2*)-c2ccc3c(nc(-c4ccc(cc4)*)c(-c4ccccc4)n3)c2)cc1,70,3.511366
3045,clean_transformer,6,False,c1c(cccc1)-c1nc2cc(ccc2nc1*)-c1ccc2nc(c(-c3ccc(cc3)*)nc2c1)-c1ccccc1,68,3.4674282
3045,clean_transformer,7,False,c12c(nc(-c3ccccc3)c(*)n1)cc(cc2)-c1cc2nc(c(-c3ccccc3)nc2cc1)-c1ccc(*)cc1,72,3.7453322
3045,clean_transformer,8,False,c12nc(c(-c3ccccc3)nc2cc(-c2cc3nc(-c4ccc(cc4)*)c(nc3cc2)-c2ccccc2)cc1)*,70,3.9796638
3045,clean_transformer,9,False,n1c(c(nc2ccc(-c3ccc4c(nc(-c5ccccc5)c(n4)*)c3)cc12)-c1ccccc1)-c1ccc(*)cc1,72,3.9615846
3045,clean_transformer,10,False,c1(ccccc1)-c1nc2c(nc1*)ccc(-c1ccc3nc(c(-c4ccc(cc4)*)nc3c1)-c1ccccc1)c2,70,3.9279747
3045,defended_transformer,0,True,[*]c1ccc(-c2nc3cc(-c4ccc5nc([*])c(-c6ccccc6)nc5c4)ccc3nc2-c2ccccc2)cc1,66,3.2525299
3045,defended_transformer,1,False,c1ccc(-c2nc3c(nc2*)ccc(c3)-c2ccc3c(nc(c(n3)-c3ccccc3)-c3ccc(*)cc3)c2)cc1,72,2.858759
3045,defended_transformer,2,False,c1cc(*)ccc1-c1c(nc2ccc(cc2n1)-c1ccc2nc(c(nc2c1)-c1ccccc1)*)-c1ccccc1,68,2.9500332
3045,defended_transformer,3,False,n1c(-c2ccc(*)cc2)c(nc2ccc(-c3ccc4c(nc(c(*)n4)-c4ccccc4)c3)cc12)-c1ccccc1,72,2.5203137
3045,defended_transformer,4,False,c1ccc(cc1)-c1c(*)nc2ccc(cc2n1)-c1cc2c(nc(c(-c3ccc(cc3)*)n2)-c2ccccc2)cc1,72,2.2586837
3045,defended_transformer,5,False,c1ccc(-c2nc3cc(ccc3nc2*)-c2ccc3c(nc(-c4ccc(cc4)*)c(-c4ccccc4)n3)c2)cc1,70,2.7116027
3045,defended_transformer,6,False,c1c(cccc1)-c1nc2cc(ccc2nc1*)-c1ccc2nc(c(-c3ccc(cc3)*)nc2c1)-c1ccccc1,68,2.5937524
3045,defended_transformer,7,False,c12c(nc(-c3ccccc3)c(*)n1)cc(cc2)-c1cc2nc(c(-c3ccccc3)nc2cc1)-c1ccc(*)cc1,72,3.2268758
3045,defended_transformer,8,False,c12nc(c(-c3ccccc3)nc2cc(-c2cc3nc(-c4ccc(cc4)*)c(nc3cc2)-c2ccccc2)cc1)*,70,3.0599926
3045,defended_transformer,9,False,n1c(c(nc2ccc(-c3ccc4c(nc(-c5ccccc5)c(n4)*)c3)cc12)-c1ccccc1)-c1ccc(*)cc1,72,3.43743
3045,defended_transformer,10,False,c1(ccccc1)-c1nc2c(nc1*)ccc(-c1ccc3nc(c(-c4ccc(cc4)*)nc3c1)-c1ccccc1)c2,70,2.9583936
