row_index,model,representation_index,is_original,representation,token_length,prediction,validity_status,canonical_equivalent
3446,clean_transformer,0,True,[*]CCS[*],5,4.9372063,valid,True
3446,clean_transformer,1,False,*SCC*,5,4.365874,valid,True
3446,clean_transformer,2,False,C(S*)C*,7,4.5303063,valid,True
3446,clean_transformer,3,False,S(*)CC*,7,4.6954174,valid,True
3446,clean_transformer,4,False,C(*)CS*,7,4.6390123,valid,True
3446,clean_transformer,5,False,C(C*)S*,7,5.373343,valid,True
3446,clean_transformer,6,False,*CCS*,5,3.9870791,valid,True
3446,clean_transformer,7,False,S(CC*)*,7,3.9227421,valid,True
3446,clean_transformer,8,False,C(CS*)*,7,5.2286205,valid,True
3446,defended_transformer,0,True,[*]CCS[*],5,4.573353,valid,True
3446,defended_transformer,1,False,*SCC*,5,4.565954,valid,True
3446,defended_transformer,2,False,C(S*)C*,7,5.198475,valid,True
3446,defended_transformer,3,False,S(*)CC*,7,4.9309964,valid,True
3446,defended_transformer,4,False,C(*)CS*,7,4.994728,valid,True
3446,defended_transformer,5,False,C(C*)S*,7,4.781326,valid,True
3446,defended_transformer,6,False,*CCS*,5,4.640978,valid,True
3446,defended_transformer,7,False,S(CC*)*,7,4.32692,valid,True
3446,defended_transformer,8,False,C(CS*)*,7,5.354666,valid,True
3465,clean_transformer,0,True,[*]Oc1ccc(OC([*])=O)cc1,19,5.2317023,valid,True
3465,clean_transformer,1,False,O=C(*)Oc1ccc(cc1)O*,19,4.2678914,valid,True
3465,clean_transformer,2,False,c1c(O*)ccc(OC(*)=O)c1,21,4.1403856,valid,True
3465,clean_transformer,3,False,c1c(ccc(c1)O*)OC(=O)*,21,3.8412533,valid,True
3465,clean_transformer,4,False,c1cc(O*)ccc1OC(=O)*,19,3.8211253,valid,True
3465,clean_transformer,5,False,c1(ccc(cc1)O*)OC(=O)*,21,3.7245722,valid,True
3465,clean_transformer,6,False,O(c1ccc(cc1)OC(*)=O)*,21,3.9222786,valid,True
3465,clean_transformer,7,False,c1c(O*)ccc(c1)OC(*)=O,21,4.6313834,valid,True
3465,clean_transformer,8,False,O(c1ccc(O*)cc1)C(*)=O,21,3.4192028,valid,True
3465,clean_transformer,9,False,c1c(O*)ccc(OC(=O)*)c1,21,4.5130744,valid,True
3465,clean_transformer,10,False,*Oc1ccc(OC(=O)*)cc1,19,4.5492277,valid,True
3465,defended_transformer,0,True,[*]Oc1ccc(OC([*])=O)cc1,19,4.7479773,valid,True
3465,defended_transformer,1,False,O=C(*)Oc1ccc(cc1)O*,19,3.0129657,valid,True
3465,defended_transformer,2,False,c1c(O*)ccc(OC(*)=O)c1,21,3.5958354,valid,True
3465,defended_transformer,3,False,c1c(ccc(c1)O*)OC(=O)*,21,3.2411103,valid,True
3465,defended_transformer,4,False,c1cc(O*)ccc1OC(=O)*,19,3.2499528,valid,True
3465,defended_transformer,5,False,c1(ccc(cc1)O*)OC(=O)*,21,3.4125967,valid,True
3465,defended_transformer,6,False,O(c1ccc(cc1)OC(*)=O)*,21,3.5920506,valid,True
3465,defended_transformer,7,False,c1c(O*)ccc(c1)OC(*)=O,21,3.469759,valid,True
3465,defended_transformer,8,False,O(c1ccc(O*)cc1)C(*)=O,21,3.2456007,valid,True
3465,defended_transformer,9,False,c1c(O*)ccc(OC(=O)*)c1,21,4.00329,valid,True
3465,defended_transformer,10,False,*Oc1ccc(OC(=O)*)cc1,19,4.6221633,valid,True
3301,clean_transformer,0,True,[*]CC(S1)=CC=C1C(C=C2)=CC=C2C(S3)=CC=C3[*],38,2.9455872,valid,True
3301,clean_transformer,1,False,s1c(-c2ccc(cc2)-c2ccc(s2)*)ccc1C*,33,1.9948244,valid,True
3301,clean_transformer,2,False,c1cc(sc1*)-c1ccc(cc1)-c1sc(cc1)C*,33,1.8059394,valid,True
3301,clean_transformer,3,False,s1c(ccc1-c1ccc(cc1)-c1sc(cc1)C*)*,33,1.8175411,valid,True
3301,clean_transformer,4,False,c1c(ccc(-c2ccc(s2)C*)c1)-c1ccc(s1)*,35,2.8606102,valid,True
3301,clean_transformer,5,False,c1(-c2sc(cc2)*)ccc(cc1)-c1ccc(C*)s1,35,2.394967,valid,True
3301,clean_transformer,6,False,c1cc(ccc1-c1ccc(s1)*)-c1sc(cc1)C*,33,1.9438686,valid,True
3301,clean_transformer,7,False,*Cc1ccc(s1)-c1ccc(cc1)-c1ccc(*)s1,33,1.2120075,valid,True
3301,clean_transformer,8,False,c1(-c2sc(cc2)C*)ccc(-c2sc(cc2)*)cc1,35,2.2784138,valid,True
3301,clean_transformer,9,False,c1c(ccc(c1)-c1ccc(C*)s1)-c1ccc(s1)*,35,2.8125079,valid,True
3301,clean_transformer,10,False,s1c(ccc1*)-c1ccc(-c2sc(C*)cc2)cc1,33,1.6153235,valid,True
3301,defended_transformer,0,True,[*]CC(S1)=CC=C1C(C=C2)=CC=C2C(S3)=CC=C3[*],38,2.8512168,valid,True
3301,defended_transformer,1,False,s1c(-c2ccc(cc2)-c2ccc(s2)*)ccc1C*,33,3.4896157,valid,True
3301,defended_transformer,2,False,c1cc(sc1*)-c1ccc(cc1)-c1sc(cc1)C*,33,1.8962679,valid,True
3301,defended_transformer,3,False,s1c(ccc1-c1ccc(cc1)-c1sc(cc1)C*)*,33,2.8444939,valid,True
3301,defended_transformer,4,False,c1c(ccc(-c2ccc(s2)C*)c1)-c1ccc(s1)*,35,2.9076838,valid,True
3301,defended_transformer,5,False,c1(-c2sc(cc2)*)ccc(cc1)-c1ccc(C*)s1,35,2.5152044,valid,True
3301,defended_transformer,6,False,c1cc(ccc1-c1ccc(s1)*)-c1sc(cc1)C*,33,2.7710385,valid,True
3301,defended_transformer,7,False,*Cc1ccc(s1)-c1ccc(cc1)-c1ccc(*)s1,33,3.2149782,valid,True
3301,defended_transformer,8,False,c1(-c2sc(cc2)C*)ccc(-c2sc(cc2)*)cc1,35,2.7793944,valid,True
3301,defended_transformer,9,False,c1c(ccc(c1)-c1ccc(C*)s1)-c1ccc(s1)*,35,3.236306,valid,True
3301,defended_transformer,10,False,s1c(ccc1*)-c1ccc(-c2sc(C*)cc2)cc1,33,2.693346,valid,True
3501,clean_transformer,0,True,[*]CC(C)(C)COC(=O)Nc1ccc(NC(=O)O[*])cc1,35,5.066245,valid,True
3501,clean_transformer,1,False,C(C(C)(COC(=O)Nc1ccc(cc1)NC(O*)=O)C)*,37,4.5509663,valid,True
3501,clean_transformer,2,False,C(O*)(Nc1ccc(cc1)NC(OCC(C)(C*)C)=O)=O,37,5.4944963,valid,True
3501,clean_transformer,3,False,c1cc(NC(=O)O*)ccc1NC(=O)OCC(C*)(C)C,35,3.2835853,valid,True
3501,clean_transformer,4,False,C(C(C)(C)COC(=O)Nc1ccc(NC(=O)O*)cc1)*,37,4.9140325,valid,True
3501,clean_transformer,5,False,C(=O)(Nc1ccc(cc1)NC(OCC(C*)(C)C)=O)O*,37,4.7104664,valid,True
3501,clean_transformer,6,False,C(C(COC(Nc1ccc(cc1)NC(O*)=O)=O)(C)C)*,37,5.068014,valid,True
3501,clean_transformer,7,False,c1(NC(OCC(C)(C*)C)=O)ccc(cc1)NC(O*)=O,37,5.254312,valid,True
3501,clean_transformer,8,False,CC(C*)(C)COC(=O)Nc1ccc(cc1)NC(=O)O*,35,5.094684,valid,True
3501,clean_transformer,9,False,c1cc(NC(OCC(C*)(C)C)=O)ccc1NC(=O)O*,35,4.7351346,valid,True
3501,clean_transformer,10,False,*CC(C)(C)COC(Nc1ccc(cc1)NC(=O)O*)=O,35,4.995244,valid,True
3501,defended_transformer,0,True,[*]CC(C)(C)COC(=O)Nc1ccc(NC(=O)O[*])cc1,35,5.1429243,valid,True
3501,defended_transformer,1,False,C(C(C)(COC(=O)Nc1ccc(cc1)NC(O*)=O)C)*,37,4.4146767,valid,True
3501,defended_transformer,2,False,C(O*)(Nc1ccc(cc1)NC(OCC(C)(C*)C)=O)=O,37,5.1187935,valid,True
3501,defended_transformer,3,False,c1cc(NC(=O)O*)ccc1NC(=O)OCC(C*)(C)C,35,3.6952066,valid,True
3501,defended_transformer,4,False,C(C(C)(C)COC(=O)Nc1ccc(NC(=O)O*)cc1)*,37,4.636889,valid,True
3501,defended_transformer,5,False,C(=O)(Nc1ccc(cc1)NC(OCC(C*)(C)C)=O)O*,37,4.7226443,valid,True
3501,defended_transformer,6,False,C(C(COC(Nc1ccc(cc1)NC(O*)=O)=O)(C)C)*,37,5.0234976,valid,True
3501,defended_transformer,7,False,c1(NC(OCC(C)(C*)C)=O)ccc(cc1)NC(O*)=O,37,4.6359544,valid,True
3501,defended_transformer,8,False,CC(C*)(C)COC(=O)Nc1ccc(cc1)NC(=O)O*,35,4.4102745,valid,True
3501,defended_transformer,9,False,c1cc(NC(OCC(C*)(C)C)=O)ccc1NC(=O)O*,35,3.976641,valid,True
3501,defended_transformer,10,False,*CC(C)(C)COC(Nc1ccc(cc1)NC(=O)O*)=O,35,4.9614267,valid,True
3331,clean_transformer,0,True,[*]C=Cc1cc(OC)c([*])cc1Br,20,2.4305036,valid,True
3331,clean_transformer,1,False,c1(c(Br)cc(*)c(OC)c1)C=C*,24,3.8098595,valid,True
3331,clean_transformer,2,False,c1(Br)c(cc(OC)c(*)c1)C=C*,24,4.3890276,valid,True
3331,clean_transformer,3,False,C(=C*)c1cc(c(cc1Br)*)OC,22,3.0465837,valid,True
3331,clean_transformer,4,False,Brc1c(cc(c(*)c1)OC)C=C*,22,3.9419398,valid,True
3331,clean_transformer,5,False,c1(cc(*)c(OC)cc1C=C*)Br,22,3.3947566,valid,True
3331,clean_transformer,6,False,c1c(c(Br)cc(*)c1OC)C=C*,22,3.9704525,valid,True
3331,clean_transformer,7,False,c1c(*)c(OC)cc(c1Br)C=C*,22,3.8262184,valid,True
3331,clean_transformer,8,False,c1(*)cc(c(cc1OC)C=C*)Br,22,4.339639,valid,True
3331,clean_transformer,9,False,C(*)=Cc1cc(OC)c(cc1Br)*,22,4.03478,valid,True
3331,clean_transformer,10,False,c1(OC)cc(c(Br)cc1*)C=C*,22,4.155825,valid,True
3331,defended_transformer,0,True,[*]C=Cc1cc(OC)c([*])cc1Br,20,2.598105,valid,True
3331,defended_transformer,1,False,c1(c(Br)cc(*)c(OC)c1)C=C*,24,3.3202686,valid,True
3331,defended_transformer,2,False,c1(Br)c(cc(OC)c(*)c1)C=C*,24,3.6527267,valid,True
3331,defended_transformer,3,False,C(=C*)c1cc(c(cc1Br)*)OC,22,3.0085905,valid,True
3331,defended_transformer,4,False,Brc1c(cc(c(*)c1)OC)C=C*,22,2.8559618,valid,True
3331,defended_transformer,5,False,c1(cc(*)c(OC)cc1C=C*)Br,22,3.6507077,valid,True
3331,defended_transformer,6,False,c1c(c(Br)cc(*)c1OC)C=C*,22,3.496406,valid,True
3331,defended_transformer,7,False,c1c(*)c(OC)cc(c1Br)C=C*,22,2.7285786,valid,True
3331,defended_transformer,8,False,c1(*)cc(c(cc1OC)C=C*)Br,22,3.7979584,valid,True
3331,defended_transformer,9,False,C(*)=Cc1cc(OC)c(cc1Br)*,22,3.5903845,valid,True
3331,defended_transformer,10,False,c1(OC)cc(c(Br)cc1*)C=C*,22,3.5867927,valid,True
3021,clean_transformer,0,True,[*]c1ccc(CCc2ccc(N3C(=O)C(=O)N([*])C3=O)cc2)cc1,43,3.386329,valid,True
3021,clean_transformer,1,False,c1(*)ccc(CCc2ccc(cc2)N2C(=O)N(C(=O)C2=O)*)cc1,45,3.5447931,valid,True
3021,clean_transformer,2,False,*N1C(N(c2ccc(CCc3ccc(cc3)*)cc2)C(C1=O)=O)=O,43,3.5809505,valid,True
3021,clean_transformer,3,False,C1(C(=O)N(c2ccc(CCc3ccc(cc3)*)cc2)C(=O)N1*)=O,45,3.2339897,valid,True
3021,clean_transformer,4,False,C1(N(C(=O)N(C1=O)*)c1ccc(CCc2ccc(cc2)*)cc1)=O,45,3.1259732,valid,True
3021,clean_transformer,5,False,N1(C(=O)C(=O)N(C1=O)*)c1ccc(CCc2ccc(*)cc2)cc1,45,3.226362,valid,True
3021,clean_transformer,6,False,c1cc(CCc2ccc(cc2)*)ccc1N1C(=O)N(*)C(C1=O)=O,43,2.9576378,valid,True
3021,clean_transformer,7,False,N1(C(=O)N(C(C1=O)=O)*)c1ccc(CCc2ccc(cc2)*)cc1,45,3.7242975,valid,True
3021,clean_transformer,8,False,C1(=O)N(C(=O)C(N1*)=O)c1ccc(CCc2ccc(cc2)*)cc1,45,3.6204472,valid,True
3021,clean_transformer,9,False,*c1ccc(cc1)CCc1ccc(cc1)N1C(C(=O)N(*)C1=O)=O,43,3.5188484,valid,True
3021,clean_transformer,10,False,c1(CCc2ccc(cc2)*)ccc(cc1)N1C(N(C(C1=O)=O)*)=O,45,4.0192494,valid,True
3021,defended_transformer,0,True,[*]c1ccc(CCc2ccc(N3C(=O)C(=O)N([*])C3=O)cc2)cc1,43,2.6939356,valid,True
3021,defended_transformer,1,False,c1(*)ccc(CCc2ccc(cc2)N2C(=O)N(C(=O)C2=O)*)cc1,45,3.5072868,valid,True
3021,defended_transformer,2,False,*N1C(N(c2ccc(CCc3ccc(cc3)*)cc2)C(C1=O)=O)=O,43,3.283525,valid,True
3021,defended_transformer,3,False,C1(C(=O)N(c2ccc(CCc3ccc(cc3)*)cc2)C(=O)N1*)=O,45,3.7893195,valid,True
3021,defended_transformer,4,False,C1(N(C(=O)N(C1=O)*)c1ccc(CCc2ccc(cc2)*)cc1)=O,45,3.240943,valid,True
3021,defended_transformer,5,False,N1(C(=O)C(=O)N(C1=O)*)c1ccc(CCc2ccc(*)cc2)cc1,45,3.0610843,valid,True
3021,defended_transformer,6,False,c1cc(CCc2ccc(cc2)*)ccc1N1C(=O)N(*)C(C1=O)=O,43,3.5622773,valid,True
3021,defended_transformer,7,False,N1(C(=O)N(C(C1=O)=O)*)c1ccc(CCc2ccc(cc2)*)cc1,45,3.3564265,valid,True
3021,defended_transformer,8,False,C1(=O)N(C(=O)C(N1*)=O)c1ccc(CCc2ccc(cc2)*)cc1,45,3.1934958,valid,True
3021,defended_transformer,9,False,*c1ccc(cc1)CCc1ccc(cc1)N1C(C(=O)N(*)C1=O)=O,43,3.049981,valid,True
3021,defended_transformer,10,False,c1(CCc2ccc(cc2)*)ccc(cc1)N1C(N(C(C1=O)=O)*)=O,45,3.7648594,valid,True
3081,clean_transformer,0,True,[*]OC(=O)CCCCCCCCC(=O)OC1COC2C([*])COC12,36,5.790325,valid,True
3081,clean_transformer,1,False,C1OC2C(OCC2OC(=O)CCCCCCCCC(O*)=O)C1*,36,5.744943,valid,True
3081,clean_transformer,2,False,O=C(CCCCCCCCC(=O)O*)OC1C2C(C(*)CO2)OC1,38,5.2013516,valid,True
3081,clean_transformer,3,False,O(C1COC2C1OCC2*)C(CCCCCCCCC(=O)O*)=O,36,6.7069993,valid,True
3081,clean_transformer,4,False,O1C2C(COC2C(C1)OC(=O)CCCCCCCCC(=O)O*)*,38,6.2879047,valid,True
3081,clean_transformer,5,False,C1C(*)C2C(O1)C(OC(CCCCCCCCC(=O)O*)=O)CO2,40,6.421535,valid,True
3081,clean_transformer,6,False,C(=O)(O*)CCCCCCCCC(OC1COC2C1OCC2*)=O,36,4.8696823,valid,True
3081,clean_transformer,7,False,C(CCCCCCCCC(=O)O*)(OC1COC2C1OCC2*)=O,36,6.428977,valid,True
3081,clean_transformer,8,False,O=C(CCCCCCCCC(=O)O*)OC1COC2C(*)COC12,36,5.103014,valid,True
3081,clean_transformer,9,False,C12OCC(C1OCC2OC(=O)CCCCCCCCC(O*)=O)*,36,6.2641516,valid,True
3081,clean_transformer,10,False,*OC(CCCCCCCCC(=O)OC1C2C(C(CO2)*)OC1)=O,38,5.554958,valid,True
3081,defended_transformer,0,True,[*]OC(=O)CCCCCCCCC(=O)OC1COC2C([*])COC12,36,6.329377,valid,True
3081,defended_transformer,1,False,C1OC2C(OCC2OC(=O)CCCCCCCCC(O*)=O)C1*,36,6.0464134,valid,True
3081,defended_transformer,2,False,O=C(CCCCCCCCC(=O)O*)OC1C2C(C(*)CO2)OC1,38,6.1899757,valid,True
3081,defended_transformer,3,False,O(C1COC2C1OCC2*)C(CCCCCCCCC(=O)O*)=O,36,5.828085,valid,True
3081,defended_transformer,4,False,O1C2C(COC2C(C1)OC(=O)CCCCCCCCC(=O)O*)*,38,5.838483,valid,True
3081,defended_transformer,5,False,C1C(*)C2C(O1)C(OC(CCCCCCCCC(=O)O*)=O)CO2,40,5.9943,valid,True
3081,defended_transformer,6,False,C(=O)(O*)CCCCCCCCC(OC1COC2C1OCC2*)=O,36,4.83585,valid,True
3081,defended_transformer,7,False,C(CCCCCCCCC(=O)O*)(OC1COC2C1OCC2*)=O,36,5.263014,valid,True
3081,defended_transformer,8,False,O=C(CCCCCCCCC(=O)O*)OC1COC2C(*)COC12,36,5.6947517,valid,True
3081,defended_transformer,9,False,C12OCC(C1OCC2OC(=O)CCCCCCCCC(O*)=O)*,36,5.946059,valid,True
3081,defended_transformer,10,False,*OC(CCCCCCCCC(=O)OC1C2C(C(CO2)*)OC1)=O,38,5.925331,valid,True
3434,clean_transformer,0,True,[*]CCOCCOCC#CC#CCOCCOCCOC(=O)NCCCCCCNC(=O)O[*],42,6.0678883,valid,True
3434,clean_transformer,1,False,N(C(=O)O*)CCCCCCNC(OCCOCCOCC#CC#CCOCCOCC*)=O,44,5.7508545,valid,True
3434,clean_transformer,2,False,C(COCCOCCOC(=O)NCCCCCCNC(O*)=O)#CC#CCOCCOCC*,44,6.0636,valid,True
3434,clean_transformer,3,False,N(C(=O)OCCOCCOCC#CC#CCOCCOCC*)CCCCCCNC(=O)O*,44,5.702258,valid,True
3434,clean_transformer,4,False,O(C(=O)NCCCCCCNC(=O)O*)CCOCCOCC#CC#CCOCCOCC*,44,5.608958,valid,True
3434,clean_transformer,5,False,C(=O)(OCCOCCOCC#CC#CCOCCOCC*)NCCCCCCNC(O*)=O,44,5.0278883,valid,True
3434,clean_transformer,6,False,C(COCCOC(NCCCCCCNC(=O)O*)=O)OCC#CC#CCOCCOCC*,44,5.6526203,valid,True
3434,clean_transformer,7,False,C(CCCCNC(OCCOCCOCC#CC#CCOCCOCC*)=O)CNC(=O)O*,44,5.971231,valid,True
3434,clean_transformer,8,False,C(NC(OCCOCCOCC#CC#CCOCCOCC*)=O)CCCCCNC(=O)O*,44,5.6823945,valid,True
3434,clean_transformer,9,False,C(OCCOCC#CC#CCOCCOCC*)COC(NCCCCCCNC(O*)=O)=O,44,5.826877,valid,True
3434,clean_transformer,10,False,C(OCCOCCOCC#CC#CCOCCOCC*)(NCCCCCCNC(O*)=O)=O,44,5.9116125,valid,True
3434,defended_transformer,0,True,[*]CCOCCOCC#CC#CCOCCOCCOC(=O)NCCCCCCNC(=O)O[*],42,6.2331815,valid,True
3434,defended_transformer,1,False,N(C(=O)O*)CCCCCCNC(OCCOCCOCC#CC#CCOCCOCC*)=O,44,6.0353346,valid,True
3434,defended_transformer,2,False,C(COCCOCCOC(=O)NCCCCCCNC(O*)=O)#CC#CCOCCOCC*,44,5.75585,valid,True
3434,defended_transformer,3,False,N(C(=O)OCCOCCOCC#CC#CCOCCOCC*)CCCCCCNC(=O)O*,44,5.896088,valid,True
3434,defended_transformer,4,False,O(C(=O)NCCCCCCNC(=O)O*)CCOCCOCC#CC#CCOCCOCC*,44,5.9170394,valid,True
3434,defended_transformer,5,False,C(=O)(OCCOCCOCC#CC#CCOCCOCC*)NCCCCCCNC(O*)=O,44,5.811428,valid,True
3434,defended_transformer,6,False,C(COCCOC(NCCCCCCNC(=O)O*)=O)OCC#CC#CCOCCOCC*,44,5.8303347,valid,True
3434,defended_transformer,7,False,C(CCCCNC(OCCOCCOCC#CC#CCOCCOCC*)=O)CNC(=O)O*,44,5.9360847,valid,True
3434,defended_transformer,8,False,C(NC(OCCOCCOCC#CC#CCOCCOCC*)=O)CCCCCNC(=O)O*,44,5.9789977,valid,True
3434,defended_transformer,9,False,C(OCCOCC#CC#CCOCCOCC*)COC(NCCCCCCNC(O*)=O)=O,44,5.6242533,valid,True
3434,defended_transformer,10,False,C(OCCOCCOCC#CC#CCOCCOCC*)(NCCCCCCNC(O*)=O)=O,44,5.7235746,valid,True
3110,clean_transformer,0,True,[*]C(=O)C(S1)=CC=C1C(=S)O[*],24,2.9860225,valid,True
3110,clean_transformer,1,False,c1(sc(C(=S)O*)cc1)C(*)=O,24,1.7331045,valid,True
3110,clean_transformer,2,False,s1c(ccc1C(=O)*)C(=S)O*,22,1.4142008,valid,True
3110,clean_transformer,3,False,O(C(=S)c1sc(cc1)C(*)=O)*,24,1.4121308,valid,True
3110,clean_transformer,4,False,C(c1ccc(s1)C(*)=O)(O*)=S,24,2.1608064,valid,True
3110,clean_transformer,5,False,c1cc(sc1C(=O)*)C(=S)O*,22,2.5276127,valid,True
3110,clean_transformer,6,False,S=C(O*)c1sc(C(*)=O)cc1,22,1.2482705,valid,True
3110,clean_transformer,7,False,s1c(ccc1C(*)=O)C(=S)O*,22,1.63784,valid,True
3110,clean_transformer,8,False,S=C(O*)c1sc(cc1)C(*)=O,22,1.3864517,valid,True
3110,clean_transformer,9,False,O=C(c1sc(cc1)C(=S)O*)*,22,1.5487361,valid,True
3110,clean_transformer,10,False,*OC(=S)c1ccc(s1)C(*)=O,22,2.5165038,valid,True
3110,defended_transformer,0,True,[*]C(=O)C(S1)=CC=C1C(=S)O[*],24,3.7298691,valid,True
3110,defended_transformer,1,False,c1(sc(C(=S)O*)cc1)C(*)=O,24,2.4203012,valid,True
3110,defended_transformer,2,False,s1c(ccc1C(=O)*)C(=S)O*,22,2.7122207,valid,True
3110,defended_transformer,3,False,O(C(=S)c1sc(cc1)C(*)=O)*,24,3.9379594,valid,True
3110,defended_transformer,4,False,C(c1ccc(s1)C(*)=O)(O*)=S,24,3.180183,valid,True
3110,defended_transformer,5,False,c1cc(sc1C(=O)*)C(=S)O*,22,2.9217463,valid,True
3110,defended_transformer,6,False,S=C(O*)c1sc(C(*)=O)cc1,22,3.2074451,valid,True
3110,defended_transformer,7,False,s1c(ccc1C(*)=O)C(=S)O*,22,2.855135,valid,True
3110,defended_transformer,8,False,S=C(O*)c1sc(cc1)C(*)=O,22,3.863901,valid,True
3110,defended_transformer,9,False,O=C(c1sc(cc1)C(=S)O*)*,22,3.2499068,valid,True
3110,defended_transformer,10,False,*OC(=S)c1ccc(s1)C(*)=O,22,3.8003078,valid,True
3010,clean_transformer,0,True,[*]CCCCNC(=O)CCCCCCC(=O)NCCCCNC(=O)C(=O)N[*],40,5.6306787,valid,True
3010,clean_transformer,1,False,O=C(CCCCCCC(=O)NCCCC*)NCCCCNC(C(N*)=O)=O,40,4.644801,valid,True
3010,clean_transformer,2,False,C(C(=O)N*)(=O)NCCCCNC(CCCCCCC(NCCCC*)=O)=O,42,4.5968285,valid,True
3010,clean_transformer,3,False,C(CCNC(=O)CCCCCCC(=O)NCCCC*)CNC(C(=O)N*)=O,42,5.31753,valid,True
3010,clean_transformer,4,False,*NC(C(NCCCCNC(=O)CCCCCCC(NCCCC*)=O)=O)=O,40,5.367864,valid,True
3010,clean_transformer,5,False,*NC(=O)C(=O)NCCCCNC(CCCCCCC(NCCCC*)=O)=O,40,5.356628,valid,True
3010,clean_transformer,6,False,C(CCNC(=O)C(=O)N*)CNC(CCCCCCC(=O)NCCCC*)=O,42,5.2628164,valid,True
3010,clean_transformer,7,False,C(NCCCC*)(CCCCCCC(=O)NCCCCNC(C(N*)=O)=O)=O,42,5.603311,valid,True
3010,clean_transformer,8,False,C(=O)(CCCCCCC(NCCCCNC(C(N*)=O)=O)=O)NCCCC*,42,4.5379395,valid,True
3010,clean_transformer,9,False,C(CCCC(=O)NCCCCNC(C(N*)=O)=O)CCC(=O)NCCCC*,42,5.660739,valid,True
3010,clean_transformer,10,False,C(CNC(=O)C(=O)N*)CCNC(CCCCCCC(=O)NCCCC*)=O,42,5.0341516,valid,True
3010,defended_transformer,0,True,[*]CCCCNC(=O)CCCCCCC(=O)NCCCCNC(=O)C(=O)N[*],40,5.6846,valid,True
3010,defended_transformer,1,False,O=C(CCCCCCC(=O)NCCCC*)NCCCCNC(C(N*)=O)=O,40,5.406712,valid,True
3010,defended_transformer,2,False,C(C(=O)N*)(=O)NCCCCNC(CCCCCCC(NCCCC*)=O)=O,42,5.2624083,valid,True
3010,defended_transformer,3,False,C(CCNC(=O)CCCCCCC(=O)NCCCC*)CNC(C(=O)N*)=O,42,5.0152063,valid,True
3010,defended_transformer,4,False,*NC(C(NCCCCNC(=O)CCCCCCC(NCCCC*)=O)=O)=O,40,5.41796,valid,True
3010,defended_transformer,5,False,*NC(=O)C(=O)NCCCCNC(CCCCCCC(NCCCC*)=O)=O,40,5.50072,valid,True
3010,defended_transformer,6,False,C(CCNC(=O)C(=O)N*)CNC(CCCCCCC(=O)NCCCC*)=O,42,5.358143,valid,True
3010,defended_transformer,7,False,C(NCCCC*)(CCCCCCC(=O)NCCCCNC(C(N*)=O)=O)=O,42,5.510706,valid,True
3010,defended_transformer,8,False,C(=O)(CCCCCCC(NCCCCNC(C(N*)=O)=O)=O)NCCCC*,42,4.58909,valid,True
3010,defended_transformer,9,False,C(CCCC(=O)NCCCCNC(C(N*)=O)=O)CCC(=O)NCCCC*,42,5.244817,valid,True
3010,defended_transformer,10,False,C(CNC(=O)C(=O)N*)CCNC(CCCCCCC(=O)NCCCC*)=O,42,5.082476,valid,True
2952,clean_transformer,0,True,[*]Oc1c(Cl)cc(NC(=O)NCCCCCCNC([*])=O)cc1Cl,36,4.619564,valid,True
2952,clean_transformer,1,False,O=C(NCCCCCCNC(*)=O)Nc1cc(c(O*)c(c1)Cl)Cl,38,3.7565815,valid,True
2952,clean_transformer,2,False,C(CCCCCNC(Nc1cc(Cl)c(O*)c(c1)Cl)=O)NC(*)=O,40,4.319749,valid,True
2952,clean_transformer,3,False,C(CCCCCNC(Nc1cc(Cl)c(c(Cl)c1)O*)=O)NC(=O)*,40,4.330741,valid,True
2952,clean_transformer,4,False,c1c(cc(c(c1Cl)O*)Cl)NC(=O)NCCCCCCNC(*)=O,38,3.774704,valid,True
2952,clean_transformer,5,False,C(NCCCCCCNC(=O)*)(=O)Nc1cc(c(O*)c(Cl)c1)Cl,40,4.710873,valid,True
2952,clean_transformer,6,False,c1c(NC(NCCCCCCNC(*)=O)=O)cc(c(c1Cl)O*)Cl,38,3.7496414,valid,True
2952,clean_transformer,7,False,N(c1cc(c(O*)c(c1)Cl)Cl)C(=O)NCCCCCCNC(*)=O,40,4.394672,valid,True
2952,clean_transformer,8,False,c1(Cl)c(O*)c(cc(c1)NC(NCCCCCCNC(=O)*)=O)Cl,40,4.552071,valid,True
2952,clean_transformer,9,False,N(C(Nc1cc(Cl)c(O*)c(c1)Cl)=O)CCCCCCNC(*)=O,40,5.100003,valid,True
2952,clean_transformer,10,False,c1c(cc(Cl)c(O*)c1Cl)NC(NCCCCCCNC(=O)*)=O,38,4.258355,valid,True
2952,defended_transformer,0,True,[*]Oc1c(Cl)cc(NC(=O)NCCCCCCNC([*])=O)cc1Cl,36,4.962315,valid,True
2952,defended_transformer,1,False,O=C(NCCCCCCNC(*)=O)Nc1cc(c(O*)c(c1)Cl)Cl,38,4.5836535,valid,True
2952,defended_transformer,2,False,C(CCCCCNC(Nc1cc(Cl)c(O*)c(c1)Cl)=O)NC(*)=O,40,4.331244,valid,True
2952,defended_transformer,3,False,C(CCCCCNC(Nc1cc(Cl)c(c(Cl)c1)O*)=O)NC(=O)*,40,4.5907435,valid,True
2952,defended_transformer,4,False,c1c(cc(c(c1Cl)O*)Cl)NC(=O)NCCCCCCNC(*)=O,38,4.4951677,valid,True
2952,defended_transformer,5,False,C(NCCCCCCNC(=O)*)(=O)Nc1cc(c(O*)c(Cl)c1)Cl,40,4.896342,valid,True
2952,defended_transformer,6,False,c1c(NC(NCCCCCCNC(*)=O)=O)cc(c(c1Cl)O*)Cl,38,3.7897286,valid,True
2952,defended_transformer,7,False,N(c1cc(c(O*)c(c1)Cl)Cl)C(=O)NCCCCCCNC(*)=O,40,4.9676723,valid,True
2952,defended_transformer,8,False,c1(Cl)c(O*)c(cc(c1)NC(NCCCCCCNC(=O)*)=O)Cl,40,4.4142265,valid,True
2952,defended_transformer,9,False,N(C(Nc1cc(Cl)c(O*)c(c1)Cl)=O)CCCCCCNC(*)=O,40,4.7987127,valid,True
2952,defended_transformer,10,False,c1c(cc(Cl)c(O*)c1Cl)NC(NCCCCCCNC(=O)*)=O,38,4.458828,valid,True
3044,clean_transformer,0,True,[*]c1ccc(N(c2ccc(C#N)cc2)c2ccc(N3C(=O)c4ccc(-c5ccc6c(c5)C(=O)N([*])C6=O)cc4C3=O)cc2)cc1,83,2.818357,valid,True
3044,clean_transformer,1,False,O=C1N(C(c2c1cc(-c1cc3C(N(*)C(=O)c3cc1)=O)cc2)=O)c1ccc(cc1)N(c1ccc(C#N)cc1)c1ccc(cc1)*,85,2.870697,valid,True
3044,clean_transformer,2,False,c1cc(ccc1*)N(c1ccc(N2C(c3c(ccc(-c4cc5c(cc4)C(N(C5=O)*)=O)c3)C2=O)=O)cc1)c1ccc(C#N)cc1,85,3.2199316,valid,True
3044,clean_transformer,3,False,c1c(N(c2ccc(*)cc2)c2ccc(cc2)C#N)ccc(c1)N1C(=O)c2ccc(-c3ccc4c(C(=O)N(*)C4=O)c3)cc2C1=O,85,2.8623333,valid,True
3044,clean_transformer,4,False,c1(-c2cc3C(=O)N(C(=O)c3cc2)*)cc2c(cc1)C(N(C2=O)c1ccc(N(c2ccc(*)cc2)c2ccc(cc2)C#N)cc1)=O,87,3.1152043,valid,True
3044,clean_transformer,5,False,c1(ccc2C(N(C(c2c1)=O)*)=O)-c1ccc2C(N(C(c2c1)=O)c1ccc(cc1)N(c1ccc(cc1)*)c1ccc(C#N)cc1)=O,87,3.7135267,valid,True
3044,clean_transformer,6,False,c1c(N2C(=O)c3c(C2=O)ccc(-c2cc4C(=O)N(*)C(c4cc2)=O)c3)ccc(N(c2ccc(C#N)cc2)c2ccc(cc2)*)c1,87,2.6955562,valid,True
3044,clean_transformer,7,False,C1(=O)c2c(ccc(c2)-c2cc3c(cc2)C(=O)N(C3=O)*)C(N1c1ccc(N(c2ccc(*)cc2)c2ccc(cc2)C#N)cc1)=O,87,2.830008,valid,True
3044,clean_transformer,8,False,C1(c2cc(ccc2C(=O)N1*)-c1cc2c(cc1)C(=O)N(c1ccc(cc1)N(c1ccc(*)cc1)c1ccc(cc1)C#N)C2=O)=O,85,3.4460254,valid,True
3044,clean_transformer,9,False,c1(ccc(cc1)N(c1ccc(C#N)cc1)c1ccc(cc1)N1C(=O)c2c(C1=O)cc(cc2)-c1cc2C(N(C(c2cc1)=O)*)=O)*,87,3.3423312,valid,True
3044,clean_transformer,10,False,c1c(N(c2ccc(*)cc2)c2ccc(N3C(=O)c4cc(ccc4C3=O)-c3ccc4C(=O)N(*)C(=O)c4c3)cc2)ccc(C#N)c1,85,1.9944494,valid,True
3044,defended_transformer,0,True,[*]c1ccc(N(c2ccc(C#N)cc2)c2ccc(N3C(=O)c4ccc(-c5ccc6c(c5)C(=O)N([*])C6=O)cc4C3=O)cc2)cc1,83,2.731834,valid,True
3044,defended_transformer,1,False,O=C1N(C(c2c1cc(-c1cc3C(N(*)C(=O)c3cc1)=O)cc2)=O)c1ccc(cc1)N(c1ccc(C#N)cc1)c1ccc(cc1)*,85,2.9520485,valid,True
3044,defended_transformer,2,False,c1cc(ccc1*)N(c1ccc(N2C(c3c(ccc(-c4cc5c(cc4)C(N(C5=O)*)=O)c3)C2=O)=O)cc1)c1ccc(C#N)cc1,85,2.3868077,valid,True
3044,defended_transformer,3,False,c1c(N(c2ccc(*)cc2)c2ccc(cc2)C#N)ccc(c1)N1C(=O)c2ccc(-c3ccc4c(C(=O)N(*)C4=O)c3)cc2C1=O,85,2.4142077,valid,True
3044,defended_transformer,4,False,c1(-c2cc3C(=O)N(C(=O)c3cc2)*)cc2c(cc1)C(N(C2=O)c1ccc(N(c2ccc(*)cc2)c2ccc(cc2)C#N)cc1)=O,87,2.3737402,valid,True
3044,defended_transformer,5,False,c1(ccc2C(N(C(c2c1)=O)*)=O)-c1ccc2C(N(C(c2c1)=O)c1ccc(cc1)N(c1ccc(cc1)*)c1ccc(C#N)cc1)=O,87,2.835498,valid,True
3044,defended_transformer,6,False,c1c(N2C(=O)c3c(C2=O)ccc(-c2cc4C(=O)N(*)C(c4cc2)=O)c3)ccc(N(c2ccc(C#N)cc2)c2ccc(cc2)*)c1,87,2.5976233,valid,True
3044,defended_transformer,7,False,C1(=O)c2c(ccc(c2)-c2cc3c(cc2)C(=O)N(C3=O)*)C(N1c1ccc(N(c2ccc(*)cc2)c2ccc(cc2)C#N)cc1)=O,87,2.6707387,valid,True
3044,defended_transformer,8,False,C1(c2cc(ccc2C(=O)N1*)-c1cc2c(cc1)C(=O)N(c1ccc(cc1)N(c1ccc(*)cc1)c1ccc(cc1)C#N)C2=O)=O,85,2.6160407,valid,True
3044,defended_transformer,9,False,c1(ccc(cc1)N(c1ccc(C#N)cc1)c1ccc(cc1)N1C(=O)c2c(C1=O)cc(cc2)-c1cc2C(N(C(c2cc1)=O)*)=O)*,87,2.8302822,valid,True
3044,defended_transformer,10,False,c1c(N(c2ccc(*)cc2)c2ccc(N3C(=O)c4cc(ccc4C3=O)-c3ccc4C(=O)N(*)C(=O)c4c3)cc2)ccc(C#N)c1,85,1.9017222,valid,True
3051,clean_transformer,0,True,[*]Cc1ccc(COC(=O)CCCC(=O)O[*])cc1,29,4.8469076,valid,True
3051,clean_transformer,1,False,c1(ccc(cc1)C*)COC(=O)CCCC(O*)=O,31,4.5163164,valid,True
3051,clean_transformer,2,False,C(=O)(O*)CCCC(OCc1ccc(C*)cc1)=O,31,3.07163,valid,True
3051,clean_transformer,3,False,O(C(CCCC(=O)O*)=O)Cc1ccc(cc1)C*,31,4.182153,valid,True
3051,clean_transformer,4,False,c1(COC(CCCC(O*)=O)=O)ccc(C*)cc1,31,4.155753,valid,True
3051,clean_transformer,5,False,c1c(COC(=O)CCCC(=O)O*)ccc(C*)c1,31,4.496739,valid,True
3051,clean_transformer,6,False,c1cc(ccc1C*)COC(=O)CCCC(O*)=O,29,4.5929966,valid,True
3051,clean_transformer,7,False,C(CCCC(=O)O*)(=O)OCc1ccc(cc1)C*,31,4.4865675,valid,True
3051,clean_transformer,8,False,C(*)c1ccc(cc1)COC(CCCC(O*)=O)=O,31,4.965629,valid,True
3051,clean_transformer,9,False,c1cc(C*)ccc1COC(=O)CCCC(O*)=O,29,4.2896957,valid,True
3051,clean_transformer,10,False,c1cc(ccc1C*)COC(CCCC(O*)=O)=O,29,4.7655115,valid,True
3051,defended_transformer,0,True,[*]Cc1ccc(COC(=O)CCCC(=O)O[*])cc1,29,4.9994836,valid,True
3051,defended_transformer,1,False,c1(ccc(cc1)C*)COC(=O)CCCC(O*)=O,31,3.7451105,valid,True
3051,defended_transformer,2,False,C(=O)(O*)CCCC(OCc1ccc(C*)cc1)=O,31,3.9795136,valid,True
3051,defended_transformer,3,False,O(C(CCCC(=O)O*)=O)Cc1ccc(cc1)C*,31,4.6338573,valid,True
3051,defended_transformer,4,False,c1(COC(CCCC(O*)=O)=O)ccc(C*)cc1,31,4.476746,valid,True
3051,defended_transformer,5,False,c1c(COC(=O)CCCC(=O)O*)ccc(C*)c1,31,4.1468363,valid,True
3051,defended_transformer,6,False,c1cc(ccc1C*)COC(=O)CCCC(O*)=O,29,4.437353,valid,True
3051,defended_transformer,7,False,C(CCCC(=O)O*)(=O)OCc1ccc(cc1)C*,31,4.7537947,valid,True
3051,defended_transformer,8,False,C(*)c1ccc(cc1)COC(CCCC(O*)=O)=O,31,4.596006,valid,True
3051,defended_transformer,9,False,c1cc(C*)ccc1COC(=O)CCCC(O*)=O,29,3.9565578,valid,True
3051,defended_transformer,10,False,c1cc(ccc1C*)COC(CCCC(O*)=O)=O,29,3.775002,valid,True
3311,clean_transformer,0,True,[*]C(OC)=C(OC)c1ccc([*])cc1,23,4.646626,valid,True
3311,clean_transformer,1,False,C(OC)(*)=C(c1ccc(cc1)*)OC,25,4.556628,valid,True
3311,clean_transformer,2,False,c1c(*)ccc(C(OC)=C(OC)*)c1,25,4.3997774,valid,True
3311,clean_transformer,3,False,COC(=C(OC)c1ccc(*)cc1)*,23,5.1428823,valid,True
3311,clean_transformer,4,False,*C(OC)=C(OC)c1ccc(*)cc1,23,4.3093305,valid,True
3311,clean_transformer,5,False,COC(*)=C(OC)c1ccc(cc1)*,23,4.8699036,valid,True
3311,clean_transformer,6,False,c1cc(C(=C(*)OC)OC)ccc1*,23,4.721018,valid,True
3311,clean_transformer,7,False,C(c1ccc(cc1)*)(=C(*)OC)OC,25,4.6135397,valid,True
3311,clean_transformer,8,False,c1c(ccc(c1)C(OC)=C(*)OC)*,25,4.834844,valid,True
3311,clean_transformer,9,False,c1cc(ccc1*)C(OC)=C(*)OC,23,4.2633743,valid,True
3311,clean_transformer,10,False,O(C)C(*)=C(OC)c1ccc(cc1)*,25,4.791076,valid,True
3311,defended_transformer,0,True,[*]C(OC)=C(OC)c1ccc([*])cc1,23,4.531842,valid,True
3311,defended_transformer,1,False,C(OC)(*)=C(c1ccc(cc1)*)OC,25,3.9537945,valid,True
3311,defended_transformer,2,False,c1c(*)ccc(C(OC)=C(OC)*)c1,25,3.653716,valid,True
3311,defended_transformer,3,False,COC(=C(OC)c1ccc(*)cc1)*,23,4.4635563,valid,True
3311,defended_transformer,4,False,*C(OC)=C(OC)c1ccc(*)cc1,23,4.653813,valid,True
3311,defended_transformer,5,False,COC(*)=C(OC)c1ccc(cc1)*,23,4.359718,valid,True
3311,defended_transformer,6,False,c1cc(C(=C(*)OC)OC)ccc1*,23,4.371073,valid,True
3311,defended_transformer,7,False,C(c1ccc(cc1)*)(=C(*)OC)OC,25,3.9474182,valid,True
3311,defended_transformer,8,False,c1c(ccc(c1)C(OC)=C(*)OC)*,25,4.0013394,valid,True
3311,defended_transformer,9,False,c1cc(ccc1*)C(OC)=C(*)OC,23,3.8341913,valid,True
3311,defended_transformer,10,False,O(C)C(*)=C(OC)c1ccc(cc1)*,25,4.20863,valid,True
3262,clean_transformer,0,True,[*]C(=O)Nc1cccc(NC(=O)c2ccc3c(c2)C(=O)N(c2cc(-c4nc5ccccc5o4)cc(N4C(=O)c5ccc([*])cc5C4=O)c2)C3=O)n1,94,3.3025208,valid,True
3262,clean_transformer,1,False,n1c(cccc1NC(c1ccc2c(C(N(C2=O)c2cc(N3C(=O)c4cc(*)ccc4C3=O)cc(-c3nc4c(cccc4)o3)c2)=O)c1)=O)NC(=O)*,96,2.963734,valid,True
3262,clean_transformer,2,False,c1cc(*)cc2c1C(=O)N(C2=O)c1cc(N2C(c3cc(C(Nc4cccc(n4)NC(*)=O)=O)ccc3C2=O)=O)cc(-c2nc3ccccc3o2)c1,94,2.826901,valid,True
3262,clean_transformer,3,False,c12c(ccc(c2)C(=O)Nc2nc(NC(=O)*)ccc2)C(N(c2cc(cc(c2)-c2oc3c(n2)cccc3)N2C(=O)c3ccc(cc3C2=O)*)C1=O)=O,98,2.1792655,valid,True
3262,clean_transformer,4,False,c1c2c(oc(n2)-c2cc(N3C(c4cc(ccc4C3=O)C(=O)Nc3cccc(NC(=O)*)n3)=O)cc(c2)N2C(c3c(ccc(c3)*)C2=O)=O)ccc1,98,2.5930338,valid,True
3262,clean_transformer,5,False,c1(NC(c2cc3c(cc2)C(=O)N(c2cc(N4C(=O)c5ccc(*)cc5C4=O)cc(c2)-c2nc4c(o2)cccc4)C3=O)=O)nc(ccc1)NC(*)=O,98,2.8759265,valid,True
3262,clean_transformer,6,False,c1(-c2cc(cc(c2)N2C(=O)c3ccc(*)cc3C2=O)N2C(c3c(C2=O)cc(cc3)C(Nc2cccc(n2)NC(*)=O)=O)=O)nc2ccccc2o1,96,2.9051802,valid,True
3262,clean_transformer,7,False,c1cc(NC(=O)c2cc3C(=O)N(C(=O)c3cc2)c2cc(N3C(=O)c4ccc(*)cc4C3=O)cc(c2)-c2nc3c(o2)cccc3)nc(NC(*)=O)c1,98,2.781166,valid,True
3262,clean_transformer,8,False,N1(C(=O)c2c(ccc(C(Nc3nc(NC(=O)*)ccc3)=O)c2)C1=O)c1cc(-c2nc3c(o2)cccc3)cc(N2C(c3c(C2=O)cc(*)cc3)=O)c1,100,2.8066173,valid,True
3262,clean_transformer,9,False,c12ccc(cc2C(N(C1=O)c1cc(cc(c1)N1C(c2c(cc(cc2)*)C1=O)=O)-c1oc2c(n1)cccc2)=O)C(=O)Nc1cccc(n1)NC(*)=O,98,2.0055642,valid,True
3262,clean_transformer,10,False,c1c(ccc2c1C(=O)N(c1cc(cc(N3C(=O)c4cc(C(=O)Nc5nc(ccc5)NC(=O)*)ccc4C3=O)c1)-c1nc3ccccc3o1)C2=O)*,94,3.1453218,valid,True
3262,defended_transformer,0,True,[*]C(=O)Nc1cccc(NC(=O)c2ccc3c(c2)C(=O)N(c2cc(-c4nc5ccccc5o4)cc(N4C(=O)c5ccc([*])cc5C4=O)c2)C3=O)n1,94,2.7893293,valid,True
3262,defended_transformer,1,False,n1c(cccc1NC(c1ccc2c(C(N(C2=O)c2cc(N3C(=O)c4cc(*)ccc4C3=O)cc(-c3nc4c(cccc4)o3)c2)=O)c1)=O)NC(=O)*,96,2.0422668,valid,True
3262,defended_transformer,2,False,c1cc(*)cc2c1C(=O)N(C2=O)c1cc(N2C(c3cc(C(Nc4cccc(n4)NC(*)=O)=O)ccc3C2=O)=O)cc(-c2nc3ccccc3o2)c1,94,2.3350434,valid,True
3262,defended_transformer,3,False,c12c(ccc(c2)C(=O)Nc2nc(NC(=O)*)ccc2)C(N(c2cc(cc(c2)-c2oc3c(n2)cccc3)N2C(=O)c3ccc(cc3C2=O)*)C1=O)=O,98,2.1057734,valid,True
3262,defended_transformer,4,False,c1c2c(oc(n2)-c2cc(N3C(c4cc(ccc4C3=O)C(=O)Nc3cccc(NC(=O)*)n3)=O)cc(c2)N2C(c3c(ccc(c3)*)C2=O)=O)ccc1,98,2.2616713,valid,True
3262,defended_transformer,5,False,c1(NC(c2cc3c(cc2)C(=O)N(c2cc(N4C(=O)c5ccc(*)cc5C4=O)cc(c2)-c2nc4c(o2)cccc4)C3=O)=O)nc(ccc1)NC(*)=O,98,1.8182764,valid,True
3262,defended_transformer,6,False,c1(-c2cc(cc(c2)N2C(=O)c3ccc(*)cc3C2=O)N2C(c3c(C2=O)cc(cc3)C(Nc2cccc(n2)NC(*)=O)=O)=O)nc2ccccc2o1,96,2.4583704,valid,True
3262,defended_transformer,7,False,c1cc(NC(=O)c2cc3C(=O)N(C(=O)c3cc2)c2cc(N3C(=O)c4ccc(*)cc4C3=O)cc(c2)-c2nc3c(o2)cccc3)nc(NC(*)=O)c1,98,2.5459948,valid,True
3262,defended_transformer,8,False,N1(C(=O)c2c(ccc(C(Nc3nc(NC(=O)*)ccc3)=O)c2)C1=O)c1cc(-c2nc3c(o2)cccc3)cc(N2C(c3c(C2=O)cc(*)cc3)=O)c1,100,2.9542146,valid,True
3262,defended_transformer,9,False,c12ccc(cc2C(N(C1=O)c1cc(cc(c1)N1C(c2c(cc(cc2)*)C1=O)=O)-c1oc2c(n1)cccc2)=O)C(=O)Nc1cccc(n1)NC(*)=O,98,2.4402843,valid,True
3262,defended_transformer,10,False,c1c(ccc2c1C(=O)N(c1cc(cc(N3C(=O)c4cc(C(=O)Nc5nc(ccc5)NC(=O)*)ccc4C3=O)c1)-c1nc3ccccc3o1)C2=O)*,94,3.1543164,valid,True
3397,clean_transformer,0,True,[*]c1ccc(-c2nnc(-c3cccc(-c4nnc([*])o4)n3)o2)cc1,43,3.5874808,valid,True
3397,clean_transformer,1,False,c1c(ccc(*)c1)-c1nnc(-c2cccc(n2)-c2nnc(*)o2)o1,45,3.853825,valid,True
3397,clean_transformer,2,False,c1(nc(ccc1)-c1oc(-c2ccc(cc2)*)nn1)-c1oc(*)nn1,45,4.0735555,valid,True
3397,clean_transformer,3,False,c1c(*)ccc(c1)-c1nnc(o1)-c1cccc(-c2nnc(o2)*)n1,45,3.4569707,valid,True
3397,clean_transformer,4,False,c1c(nc(-c2nnc(*)o2)cc1)-c1oc(-c2ccc(cc2)*)nn1,45,3.6876948,valid,True
3397,clean_transformer,5,False,*c1nnc(-c2nc(-c3nnc(o3)-c3ccc(*)cc3)ccc2)o1,43,3.7867093,valid,True
3397,clean_transformer,6,False,c1ccc(-c2nnc(*)o2)nc1-c1oc(nn1)-c1ccc(*)cc1,43,4.0739107,valid,True
3397,clean_transformer,7,False,c1(-c2nc(-c3oc(nn3)*)ccc2)nnc(o1)-c1ccc(cc1)*,45,4.7146697,valid,True
3397,clean_transformer,8,False,*c1ccc(cc1)-c1oc(-c2cccc(n2)-c2nnc(*)o2)nn1,43,3.9864342,valid,True
3397,clean_transformer,9,False,c1(nc(-c2oc(nn2)-c2ccc(cc2)*)ccc1)-c1nnc(o1)*,45,4.0063934,valid,True
3397,clean_transformer,10,False,c1c(*)ccc(-c2nnc(-c3nc(ccc3)-c3nnc(o3)*)o2)c1,45,3.9747815,valid,True
3397,defended_transformer,0,True,[*]c1ccc(-c2nnc(-c3cccc(-c4nnc([*])o4)n3)o2)cc1,43,3.2617803,valid,True
3397,defended_transformer,1,False,c1c(ccc(*)c1)-c1nnc(-c2cccc(n2)-c2nnc(*)o2)o1,45,3.6231067,valid,True
3397,defended_transformer,2,False,c1(nc(ccc1)-c1oc(-c2ccc(cc2)*)nn1)-c1oc(*)nn1,45,2.9843283,valid,True
3397,defended_transformer,3,False,c1c(*)ccc(c1)-c1nnc(o1)-c1cccc(-c2nnc(o2)*)n1,45,3.1537132,valid,True
3397,defended_transformer,4,False,c1c(nc(-c2nnc(*)o2)cc1)-c1oc(-c2ccc(cc2)*)nn1,45,3.3893032,valid,True
3397,defended_transformer,5,False,*c1nnc(-c2nc(-c3nnc(o3)-c3ccc(*)cc3)ccc2)o1,43,2.7914157,valid,True
3397,defended_transformer,6,False,c1ccc(-c2nnc(*)o2)nc1-c1oc(nn1)-c1ccc(*)cc1,43,3.4293234,valid,True
3397,defended_transformer,7,False,c1(-c2nc(-c3oc(nn3)*)ccc2)nnc(o1)-c1ccc(cc1)*,45,3.7173903,valid,True
3397,defended_transformer,8,False,*c1ccc(cc1)-c1oc(-c2cccc(n2)-c2nnc(*)o2)nn1,43,3.2604284,valid,True
3397,defended_transformer,9,False,c1(nc(-c2oc(nn2)-c2ccc(cc2)*)ccc1)-c1nnc(o1)*,45,3.9860835,valid,True
3397,defended_transformer,10,False,c1c(*)ccc(-c2nnc(-c3nc(ccc3)-c3nnc(o3)*)o2)c1,45,3.4712045,valid,True
2984,clean_transformer,0,True,[*]OC(=O)C(Cc1ccccc1)NC(=O)CCCCC(=O)NC(Cc1ccccc1)C(=O)OC1COC2C([*])COC12,68,4.5209,valid,True
2984,clean_transformer,1,False,C12C(*)COC1C(CO2)OC(C(NC(CCCCC(=O)NC(Cc1ccccc1)C(O*)=O)=O)Cc1ccccc1)=O,70,4.2403474,valid,True
2984,clean_transformer,2,False,c1c(CC(C(=O)OC2COC3C2OCC3*)NC(=O)CCCCC(=O)NC(Cc2ccccc2)C(O*)=O)cccc1,68,3.9745622,valid,True
2984,clean_transformer,3,False,O1CC(OC(=O)C(NC(CCCCC(=O)NC(Cc2ccccc2)C(O*)=O)=O)Cc2ccccc2)C2OCC(C21)*,70,3.5290263,valid,True
2984,clean_transformer,4,False,C12C(COC1C(CO2)*)OC(=O)C(NC(=O)CCCCC(=O)NC(C(O*)=O)Cc1ccccc1)Cc1ccccc1,70,4.147114,valid,True
2984,clean_transformer,5,False,C(CC(NC(C(=O)O*)Cc1ccccc1)=O)CCC(=O)NC(Cc1ccccc1)C(OC1C2C(C(*)CO2)OC1)=O,72,4.2723784,valid,True
2984,clean_transformer,6,False,c1c(cccc1)CC(C(OC1C2C(OC1)C(*)CO2)=O)NC(=O)CCCCC(NC(C(O*)=O)Cc1ccccc1)=O,72,3.936625,valid,True
2984,clean_transformer,7,False,C(C(=O)NC(Cc1ccccc1)C(OC1C2OCC(*)C2OC1)=O)CCCC(NC(C(O*)=O)Cc1ccccc1)=O,70,4.057528,valid,True
2984,clean_transformer,8,False,C(C(NC(Cc1ccccc1)C(O*)=O)=O)CCCC(NC(C(OC1COC2C(COC12)*)=O)Cc1ccccc1)=O,70,3.8737955,valid,True
2984,clean_transformer,9,False,N(C(C(=O)OC1COC2C1OCC2*)Cc1ccccc1)C(CCCCC(NC(C(O*)=O)Cc1ccccc1)=O)=O,68,4.1372437,valid,True
2984,clean_transformer,10,False,c1c(CC(C(OC2C3OCC(*)C3OC2)=O)NC(=O)CCCCC(=O)NC(C(=O)O*)Cc2ccccc2)cccc1,70,4.304513,valid,True
2984,defended_transformer,0,True,[*]OC(=O)C(Cc1ccccc1)NC(=O)CCCCC(=O)NC(Cc1ccccc1)C(=O)OC1COC2C([*])COC12,68,3.971154,valid,True
2984,defended_transformer,1,False,C12C(*)COC1C(CO2)OC(C(NC(CCCCC(=O)NC(Cc1ccccc1)C(O*)=O)=O)Cc1ccccc1)=O,70,3.2746782,valid,True
2984,defended_transformer,2,False,c1c(CC(C(=O)OC2COC3C2OCC3*)NC(=O)CCCCC(=O)NC(Cc2ccccc2)C(O*)=O)cccc1,68,3.8562512,valid,True
2984,defended_transformer,3,False,O1CC(OC(=O)C(NC(CCCCC(=O)NC(Cc2ccccc2)C(O*)=O)=O)Cc2ccccc2)C2OCC(C21)*,70,2.9814086,valid,True
2984,defended_transformer,4,False,C12C(COC1C(CO2)*)OC(=O)C(NC(=O)CCCCC(=O)NC(C(O*)=O)Cc1ccccc1)Cc1ccccc1,70,3.7055407,valid,True
2984,defended_transformer,5,False,C(CC(NC(C(=O)O*)Cc1ccccc1)=O)CCC(=O)NC(Cc1ccccc1)C(OC1C2C(C(*)CO2)OC1)=O,72,3.8407989,valid,True
2984,defended_transformer,6,False,c1c(cccc1)CC(C(OC1C2C(OC1)C(*)CO2)=O)NC(=O)CCCCC(NC(C(O*)=O)Cc1ccccc1)=O,72,3.1858854,valid,True
2984,defended_transformer,7,False,C(C(=O)NC(Cc1ccccc1)C(OC1C2OCC(*)C2OC1)=O)CCCC(NC(C(O*)=O)Cc1ccccc1)=O,70,3.9382234,valid,True
2984,defended_transformer,8,False,C(C(NC(Cc1ccccc1)C(O*)=O)=O)CCCC(NC(C(OC1COC2C(COC12)*)=O)Cc1ccccc1)=O,70,4.1227045,valid,True
2984,defended_transformer,9,False,N(C(C(=O)OC1COC2C1OCC2*)Cc1ccccc1)C(CCCCC(NC(C(O*)=O)Cc1ccccc1)=O)=O,68,2.8705864,valid,True
2984,defended_transformer,10,False,c1c(CC(C(OC2C3OCC(*)C3OC2)=O)NC(=O)CCCCC(=O)NC(C(=O)O*)Cc2ccccc2)cccc1,70,3.2280405,valid,True
3530,clean_transformer,0,True,[*]c1ccc(C(C#N)(C(=O)O)C([*])(C#N)C(=O)O)cc1,40,4.78216,valid,True
3530,clean_transformer,1,False,*C(C(c1ccc(*)cc1)(C#N)C(=O)O)(C(O)=O)C#N,40,3.7998588,valid,True
3530,clean_transformer,2,False,N#CC(*)(C(=O)O)C(C(=O)O)(c1ccc(*)cc1)C#N,40,3.8017428,valid,True
3530,clean_transformer,3,False,C(C(C(*)(C#N)C(O)=O)(c1ccc(*)cc1)C(=O)O)#N,42,5.2117934,valid,True
3530,clean_transformer,4,False,C(*)(C(O)=O)(C#N)C(c1ccc(cc1)*)(C(=O)O)C#N,42,4.082523,valid,True
3530,clean_transformer,5,False,C(#N)C(C(C(O)=O)(C#N)*)(c1ccc(*)cc1)C(O)=O,42,2.7153249,valid,True
3530,clean_transformer,6,False,c1c(*)ccc(C(C#N)(C(=O)O)C(C(O)=O)(C#N)*)c1,42,3.4945128,valid,True
3530,clean_transformer,7,False,c1(ccc(*)cc1)C(C#N)(C(O)=O)C(C(O)=O)(C#N)*,42,4.4232635,valid,True
3530,clean_transformer,8,False,C(C#N)(C(*)(C(=O)O)C#N)(C(=O)O)c1ccc(*)cc1,42,3.9713976,valid,True
3530,clean_transformer,9,False,C(=O)(C(C(*)(C#N)C(=O)O)(c1ccc(cc1)*)C#N)O,42,2.9366355,valid,True
3530,clean_transformer,10,False,O=C(O)C(C#N)(C(C#N)(C(O)=O)c1ccc(*)cc1)*,40,4.0936737,valid,True
3530,defended_transformer,0,True,[*]c1ccc(C(C#N)(C(=O)O)C([*])(C#N)C(=O)O)cc1,40,4.1863523,valid,True
3530,defended_transformer,1,False,*C(C(c1ccc(*)cc1)(C#N)C(=O)O)(C(O)=O)C#N,40,4.5439987,valid,True
3530,defended_transformer,2,False,N#CC(*)(C(=O)O)C(C(=O)O)(c1ccc(*)cc1)C#N,40,3.8537986,valid,True
3530,defended_transformer,3,False,C(C(C(*)(C#N)C(O)=O)(c1ccc(*)cc1)C(=O)O)#N,42,4.6967177,valid,True
3530,defended_transformer,4,False,C(*)(C(O)=O)(C#N)C(c1ccc(cc1)*)(C(=O)O)C#N,42,4.875639,valid,True
3530,defended_transformer,5,False,C(#N)C(C(C(O)=O)(C#N)*)(c1ccc(*)cc1)C(O)=O,42,2.8833618,valid,True
3530,defended_transformer,6,False,c1c(*)ccc(C(C#N)(C(=O)O)C(C(O)=O)(C#N)*)c1,42,4.1672764,valid,True
3530,defended_transformer,7,False,c1(ccc(*)cc1)C(C#N)(C(O)=O)C(C(O)=O)(C#N)*,42,4.736106,valid,True
3530,defended_transformer,8,False,C(C#N)(C(*)(C(=O)O)C#N)(C(=O)O)c1ccc(*)cc1,42,4.3120937,valid,True
3530,defended_transformer,9,False,C(=O)(C(C(*)(C#N)C(=O)O)(c1ccc(cc1)*)C#N)O,42,3.5737512,valid,True
3530,defended_transformer,10,False,O=C(O)C(C#N)(C(C#N)(C(O)=O)c1ccc(*)cc1)*,40,4.0226583,valid,True
3246,clean_transformer,0,True,[*]OC(C)CCCC(C)C([*])=O,19,5.953799,valid,True
3246,clean_transformer,1,False,O(*)C(C)CCCC(C)C(=O)*,21,5.97826,valid,True
3246,clean_transformer,2,False,C(CCC(C)C(*)=O)C(C)O*,21,6.649642,valid,True
3246,clean_transformer,3,False,C(*)(=O)C(C)CCCC(C)O*,21,6.429757,valid,True
3246,clean_transformer,4,False,O=C(C(CCCC(C)O*)C)*,19,4.2743406,valid,True
3246,clean_transformer,5,False,CC(CCCC(C(*)=O)C)O*,19,6.4433184,valid,True
3246,clean_transformer,6,False,*C(C(C)CCCC(O*)C)=O,19,5.9065237,valid,True
3246,clean_transformer,7,False,CC(O*)CCCC(C)C(=O)*,19,6.2593064,valid,True
3246,clean_transformer,8,False,O(*)C(CCCC(C)C(*)=O)C,21,5.8289976,valid,True
3246,clean_transformer,9,False,CC(O*)CCCC(C(=O)*)C,19,5.523557,valid,True
3246,clean_transformer,10,False,O(C(CCCC(C)C(*)=O)C)*,21,6.1345196,valid,True
3246,defended_transformer,0,True,[*]OC(C)CCCC(C)C([*])=O,19,6.568966,valid,True
3246,defended_transformer,1,False,O(*)C(C)CCCC(C)C(=O)*,21,6.065597,valid,True
3246,defended_transformer,2,False,C(CCC(C)C(*)=O)C(C)O*,21,5.371023,valid,True
3246,defended_transformer,3,False,C(*)(=O)C(C)CCCC(C)O*,21,5.989202,valid,True
3246,defended_transformer,4,False,O=C(C(CCCC(C)O*)C)*,19,5.2124376,valid,True
3246,defended_transformer,5,False,CC(CCCC(C(*)=O)C)O*,19,5.822251,valid,True
3246,defended_transformer,6,False,*C(C(C)CCCC(O*)C)=O,19,6.003764,valid,True
3246,defended_transformer,7,False,CC(O*)CCCC(C)C(=O)*,19,6.260168,valid,True
3246,defended_transformer,8,False,O(*)C(CCCC(C)C(*)=O)C,21,6.400078,valid,True
3246,defended_transformer,9,False,CC(O*)CCCC(C(=O)*)C,19,5.668149,valid,True
3246,defended_transformer,10,False,O(C(CCCC(C)C(*)=O)C)*,21,6.114995,valid,True
2979,clean_transformer,0,True,[*]CC(S1)=CC=C1OC(=S)[*],20,3.7573571,valid,True
2979,clean_transformer,1,False,*Cc1ccc(OC(=S)*)s1,18,3.1084857,valid,True
2979,clean_transformer,2,False,c1c(C*)sc(c1)OC(=S)*,20,3.208177,valid,True
2979,clean_transformer,3,False,c1(OC(=S)*)ccc(s1)C*,20,2.333482,valid,True
2979,clean_transformer,4,False,*C(Oc1ccc(s1)C*)=S,18,2.5087833,valid,True
2979,clean_transformer,5,False,*Cc1sc(OC(*)=S)cc1,18,3.497905,valid,True
2979,clean_transformer,6,False,O(C(*)=S)c1ccc(C*)s1,20,3.324221,valid,True
2979,clean_transformer,7,False,c1cc(sc1OC(=S)*)C*,18,3.0113301,valid,True
2979,clean_transformer,8,False,s1c(OC(*)=S)ccc1C*,18,1.6614244,valid,True
2979,clean_transformer,9,False,c1cc(sc1C*)OC(=S)*,18,2.3199053,valid,True
2979,clean_transformer,10,False,S=C(Oc1sc(C*)cc1)*,18,3.06589,valid,True
2979,defended_transformer,0,True,[*]CC(S1)=CC=C1OC(=S)[*],20,3.7873073,valid,True
2979,defended_transformer,1,False,*Cc1ccc(OC(=S)*)s1,18,3.9295712,valid,True
2979,defended_transformer,2,False,c1c(C*)sc(c1)OC(=S)*,20,4.620828,valid,True
2979,defended_transformer,3,False,c1(OC(=S)*)ccc(s1)C*,20,3.3276682,valid,True
2979,defended_transformer,4,False,*C(Oc1ccc(s1)C*)=S,18,3.4137678,valid,True
2979,defended_transformer,5,False,*Cc1sc(OC(*)=S)cc1,18,4.333009,valid,True
2979,defended_transformer,6,False,O(C(*)=S)c1ccc(C*)s1,20,2.0252874,valid,True
2979,defended_transformer,7,False,c1cc(sc1OC(=S)*)C*,18,2.9856658,valid,True
2979,defended_transformer,8,False,s1c(OC(*)=S)ccc1C*,18,4.4200387,valid,True
2979,defended_transformer,9,False,c1cc(sc1C*)OC(=S)*,18,2.6799347,valid,True
2979,defended_transformer,10,False,S=C(Oc1sc(C*)cc1)*,18,4.2648096,valid,True
3123,clean_transformer,0,True,[*]CC([*])(F)C(=O)OCC(F)(F)C(F)(F)F,31,6.764586,valid,True
3123,clean_transformer,1,False,C(*)(C*)(C(=O)OCC(F)(F)C(F)(F)F)F,33,6.155778,valid,True
3123,clean_transformer,2,False,C(C(C(=O)OCC(F)(C(F)(F)F)F)(*)F)*,33,6.278943,valid,True
3123,clean_transformer,3,False,O=C(C(C*)(F)*)OCC(C(F)(F)F)(F)F,31,5.4312305,valid,True
3123,clean_transformer,4,False,FC(COC(=O)C(*)(C*)F)(F)C(F)(F)F,31,5.7649555,valid,True
3123,clean_transformer,5,False,FC(F)(C(COC(C(*)(C*)F)=O)(F)F)F,31,5.7997265,valid,True
3123,clean_transformer,6,False,C(F)(F)(C(F)(COC(=O)C(C*)(F)*)F)F,33,5.925127,valid,True
3123,clean_transformer,7,False,O(C(C(F)(*)C*)=O)CC(F)(C(F)(F)F)F,33,6.396406,valid,True
3123,clean_transformer,8,False,C(F)(F)(C(F)(F)F)COC(=O)C(F)(*)C*,33,6.449067,valid,True
3123,clean_transformer,9,False,O=C(C(*)(C*)F)OCC(F)(C(F)(F)F)F,31,5.622979,valid,True
3123,clean_transformer,10,False,C(F)(F)(F)C(COC(=O)C(F)(C*)*)(F)F,33,6.6385794,valid,True
3123,defended_transformer,0,True,[*]CC([*])(F)C(=O)OCC(F)(F)C(F)(F)F,31,7.0396643,valid,True
3123,defended_transformer,1,False,C(*)(C*)(C(=O)OCC(F)(F)C(F)(F)F)F,33,6.7254257,valid,True
3123,defended_transformer,2,False,C(C(C(=O)OCC(F)(C(F)(F)F)F)(*)F)*,33,6.007827,valid,True
3123,defended_transformer,3,False,O=C(C(C*)(F)*)OCC(C(F)(F)F)(F)F,31,5.460289,valid,True
3123,defended_transformer,4,False,FC(COC(=O)C(*)(C*)F)(F)C(F)(F)F,31,6.308186,valid,True
3123,defended_transformer,5,False,FC(F)(C(COC(C(*)(C*)F)=O)(F)F)F,31,6.477593,valid,True
3123,defended_transformer,6,False,C(F)(F)(C(F)(COC(=O)C(C*)(F)*)F)F,33,6.4898806,valid,True
3123,defended_transformer,7,False,O(C(C(F)(*)C*)=O)CC(F)(C(F)(F)F)F,33,5.684429,valid,True
3123,defended_transformer,8,False,C(F)(F)(C(F)(F)F)COC(=O)C(F)(*)C*,33,5.413482,valid,True
3123,defended_transformer,9,False,O=C(C(*)(C*)F)OCC(F)(C(F)(F)F)F,31,5.7029004,valid,True
3123,defended_transformer,10,False,C(F)(F)(F)C(COC(=O)C(F)(C*)*)(F)F,33,6.3542857,valid,True
3381,clean_transformer,0,True,C(F)(F)CC(F)(F)C(=S),20,3.0350075,valid,True
3381,clean_transformer,1,False,FC(CC(F)(C=S)F)F,16,3.7217503,valid,True
3381,clean_transformer,2,False,FC(F)(C=S)CC(F)F,16,2.8477569,valid,True
3381,clean_transformer,3,False,C(C=S)(F)(CC(F)F)F,18,3.3743613,valid,True
3381,clean_transformer,4,False,C(CC(F)(F)C=S)(F)F,18,4.550804,valid,True
3381,clean_transformer,5,False,S=CC(CC(F)F)(F)F,16,3.0966516,valid,True
3381,clean_transformer,6,False,FC(C=S)(CC(F)F)F,16,2.2476616,valid,True
3381,clean_transformer,7,False,FC(CC(F)F)(C=S)F,16,4.3646765,valid,True
3381,clean_transformer,8,False,FC(F)CC(F)(F)C=S,16,5.058161,valid,True
3381,clean_transformer,9,False,FC(CC(F)F)(F)C=S,16,4.4622545,valid,True
3381,clean_transformer,10,False,C(F)(F)CC(C=S)(F)F,18,3.752313,valid,True
3381,defended_transformer,0,True,C(F)(F)CC(F)(F)C(=S),20,3.474669,valid,True
3381,defended_transformer,1,False,FC(CC(F)(C=S)F)F,16,5.124542,valid,True
3381,defended_transformer,2,False,FC(F)(C=S)CC(F)F,16,3.4527354,valid,True
3381,defended_transformer,3,False,C(C=S)(F)(CC(F)F)F,18,4.3439255,valid,True
3381,defended_transformer,4,False,C(CC(F)(F)C=S)(F)F,18,4.1887064,valid,True
3381,defended_transformer,5,False,S=CC(CC(F)F)(F)F,16,5.4332223,valid,True
3381,defended_transformer,6,False,FC(C=S)(CC(F)F)F,16,4.5103903,valid,True
3381,defended_transformer,7,False,FC(CC(F)F)(C=S)F,16,4.1813884,valid,True
3381,defended_transformer,8,False,FC(F)CC(F)(F)C=S,16,4.2946115,valid,True
3381,defended_transformer,9,False,FC(CC(F)F)(F)C=S,16,4.642159,valid,True
3381,defended_transformer,10,False,C(F)(F)CC(C=S)(F)F,18,4.284232,valid,True
3030,clean_transformer,0,True,[*]CCCCCCNC(=O)NCCNC(=O)N[*],24,5.6278715,valid,True
3030,clean_transformer,1,False,C(CNC(=O)NCCCCCC*)NC(=O)N*,26,5.7630906,valid,True
3030,clean_transformer,2,False,O=C(N*)NCCNC(NCCCCCC*)=O,24,4.3664856,valid,True
3030,clean_transformer,3,False,*NC(=O)NCCNC(NCCCCCC*)=O,24,5.044684,valid,True
3030,clean_transformer,4,False,C(NCCNC(=O)NCCCCCC*)(=O)N*,26,5.767782,valid,True
3030,clean_transformer,5,False,C(CCNC(NCCNC(N*)=O)=O)CCC*,26,5.526985,valid,True
3030,clean_transformer,6,False,C(CNC(NCCCCCC*)=O)NC(=O)N*,26,5.1895156,valid,True
3030,clean_transformer,7,False,*NC(=O)NCCNC(=O)NCCCCCC*,24,4.86963,valid,True
3030,clean_transformer,8,False,N(C(=O)NCCNC(N*)=O)CCCCCC*,26,5.740117,valid,True
3030,clean_transformer,9,False,O=C(N*)NCCNC(=O)NCCCCCC*,24,3.9745367,valid,True
3030,clean_transformer,10,False,C(=O)(N*)NCCNC(NCCCCCC*)=O,26,5.522422,valid,True
3030,defended_transformer,0,True,[*]CCCCCCNC(=O)NCCNC(=O)N[*],24,5.6895466,valid,True
3030,defended_transformer,1,False,C(CNC(=O)NCCCCCC*)NC(=O)N*,26,5.589767,valid,True
3030,defended_transformer,2,False,O=C(N*)NCCNC(NCCCCCC*)=O,24,4.883987,valid,True
3030,defended_transformer,3,False,*NC(=O)NCCNC(NCCCCCC*)=O,24,5.393838,valid,True
3030,defended_transformer,4,False,C(NCCNC(=O)NCCCCCC*)(=O)N*,26,5.5724835,valid,True
3030,defended_transformer,5,False,C(CCNC(NCCNC(N*)=O)=O)CCC*,26,5.5112667,valid,True
3030,defended_transformer,6,False,C(CNC(NCCCCCC*)=O)NC(=O)N*,26,5.5031586,valid,True
3030,defended_transformer,7,False,*NC(=O)NCCNC(=O)NCCCCCC*,24,5.3989697,valid,True
3030,defended_transformer,8,False,N(C(=O)NCCNC(N*)=O)CCCCCC*,26,5.6562715,valid,True
3030,defended_transformer,9,False,O=C(N*)NCCNC(=O)NCCCCCC*,24,5.089599,valid,True
3030,defended_transformer,10,False,C(=O)(N*)NCCNC(NCCCCCC*)=O,26,5.4071007,valid,True
3145,clean_transformer,0,True,[*]CC(CO[*])(COCC(F)(F)F)COCC(F)(F)F,32,6.5235386,valid,True
3145,clean_transformer,1,False,C(C(F)(F)F)OCC(C*)(CO*)COCC(F)(F)F,34,7.864851,valid,True
3145,clean_transformer,2,False,C(F)(F)(COCC(COCC(F)(F)F)(CO*)C*)F,34,7.2964735,valid,True
3145,clean_transformer,3,False,*OCC(COCC(F)(F)F)(COCC(F)(F)F)C*,32,7.647188,valid,True
3145,clean_transformer,4,False,C(OCC(F)(F)F)C(COCC(F)(F)F)(CO*)C*,34,7.000782,valid,True
3145,clean_transformer,5,False,C(C(COCC(F)(F)F)(COCC(F)(F)F)CO*)*,34,6.9084225,valid,True
3145,clean_transformer,6,False,FC(F)(F)COCC(C*)(COCC(F)(F)F)CO*,32,6.743581,valid,True
3145,clean_transformer,7,False,FC(COCC(COCC(F)(F)F)(C*)CO*)(F)F,32,6.7405715,valid,True
3145,clean_transformer,8,False,C(C(COCC(F)(F)F)(CO*)COCC(F)(F)F)*,34,6.795443,valid,True
3145,clean_transformer,9,False,C(OCC(C*)(CO*)COCC(F)(F)F)C(F)(F)F,34,8.165342,valid,True
3145,clean_transformer,10,False,C(F)(F)(F)COCC(CO*)(C*)COCC(F)(F)F,34,7.440701,valid,True
3145,defended_transformer,0,True,[*]CC(CO[*])(COCC(F)(F)F)COCC(F)(F)F,32,6.7428365,valid,True
3145,defended_transformer,1,False,C(C(F)(F)F)OCC(C*)(CO*)COCC(F)(F)F,34,6.67089,valid,True
3145,defended_transformer,2,False,C(F)(F)(COCC(COCC(F)(F)F)(CO*)C*)F,34,6.6295576,valid,True
3145,defended_transformer,3,False,*OCC(COCC(F)(F)F)(COCC(F)(F)F)C*,32,6.6526337,valid,True
3145,defended_transformer,4,False,C(OCC(F)(F)F)C(COCC(F)(F)F)(CO*)C*,34,6.771819,valid,True
3145,defended_transformer,5,False,C(C(COCC(F)(F)F)(COCC(F)(F)F)CO*)*,34,6.6390247,valid,True
3145,defended_transformer,6,False,FC(F)(F)COCC(C*)(COCC(F)(F)F)CO*,32,6.5527973,valid,True
3145,defended_transformer,7,False,FC(COCC(COCC(F)(F)F)(C*)CO*)(F)F,32,6.3887815,valid,True
3145,defended_transformer,8,False,C(C(COCC(F)(F)F)(CO*)COCC(F)(F)F)*,34,6.6536274,valid,True
3145,defended_transformer,9,False,C(OCC(C*)(CO*)COCC(F)(F)F)C(F)(F)F,34,7.3325405,valid,True
3145,defended_transformer,10,False,C(F)(F)(F)COCC(CO*)(C*)COCC(F)(F)F,34,7.6232476,valid,True
3574,clean_transformer,0,True,[*]CCc1ccc(Cc2ccc([*])cc2)cc1,25,4.340591,valid,True
3574,clean_transformer,1,False,c1c(ccc(c1)CC*)Cc1ccc(cc1)*,27,3.8921034,valid,True
3574,clean_transformer,2,False,c1(Cc2ccc(*)cc2)ccc(CC*)cc1,27,4.216263,valid,True
3574,clean_transformer,3,False,c1(ccc(*)cc1)Cc1ccc(CC*)cc1,27,4.185723,valid,True
3574,clean_transformer,4,False,C(C*)c1ccc(Cc2ccc(cc2)*)cc1,27,4.541114,valid,True
3574,clean_transformer,5,False,c1(Cc2ccc(cc2)CC*)ccc(*)cc1,27,3.9362726,valid,True
3574,clean_transformer,6,False,c1c(ccc(CC*)c1)Cc1ccc(cc1)*,27,4.262448,valid,True
3574,clean_transformer,7,False,*CCc1ccc(Cc2ccc(cc2)*)cc1,25,4.4309773,valid,True
3574,clean_transformer,8,False,c1cc(Cc2ccc(cc2)*)ccc1CC*,25,4.2039847,valid,True
3574,clean_transformer,9,False,C(c1ccc(*)cc1)c1ccc(CC*)cc1,27,4.004441,valid,True
3574,clean_transformer,10,False,c1cc(Cc2ccc(*)cc2)ccc1CC*,25,3.4667106,valid,True
3574,defended_transformer,0,True,[*]CCc1ccc(Cc2ccc([*])cc2)cc1,25,4.540991,valid,True
3574,defended_transformer,1,False,c1c(ccc(c1)CC*)Cc1ccc(cc1)*,27,3.4172173,valid,True
3574,defended_transformer,2,False,c1(Cc2ccc(*)cc2)ccc(CC*)cc1,27,3.7332573,valid,True
3574,defended_transformer,3,False,c1(ccc(*)cc1)Cc1ccc(CC*)cc1,27,3.9927392,valid,True
3574,defended_transformer,4,False,C(C*)c1ccc(Cc2ccc(cc2)*)cc1,27,3.8916407,valid,True
3574,defended_transformer,5,False,c1(Cc2ccc(cc2)CC*)ccc(*)cc1,27,3.6834738,valid,True
3574,defended_transformer,6,False,c1c(ccc(CC*)c1)Cc1ccc(cc1)*,27,3.6858294,valid,True
3574,defended_transformer,7,False,*CCc1ccc(Cc2ccc(cc2)*)cc1,25,4.065241,valid,True
3574,defended_transformer,8,False,c1cc(Cc2ccc(cc2)*)ccc1CC*,25,3.9567153,valid,True
3574,defended_transformer,9,False,C(c1ccc(*)cc1)c1ccc(CC*)cc1,27,3.5393174,valid,True
3574,defended_transformer,10,False,c1cc(Cc2ccc(*)cc2)ccc1CC*,25,3.3375988,valid,True
3078,clean_transformer,0,True,[*]CC([*])c1ccc(C(=O)OCCCCCC)cc1,28,4.9065514,valid,True
3078,clean_transformer,1,False,c1c(ccc(c1)C(C*)*)C(=O)OCCCCCC,30,4.394154,valid,True
3078,clean_transformer,2,False,O(CCCCCC)C(=O)c1ccc(cc1)C(*)C*,30,4.457863,valid,True
3078,clean_transformer,3,False,C(CCCCOC(c1ccc(cc1)C(*)C*)=O)C,30,5.10944,valid,True
3078,clean_transformer,4,False,c1cc(ccc1C(=O)OCCCCCC)C(C*)*,28,5.1482244,valid,True
3078,clean_transformer,5,False,c1c(ccc(c1)C(=O)OCCCCCC)C(C*)*,30,4.8970103,valid,True
3078,clean_transformer,6,False,CCCCCCOC(c1ccc(C(C*)*)cc1)=O,28,4.8516746,valid,True
3078,clean_transformer,7,False,C(CCCOC(=O)c1ccc(cc1)C(*)C*)CC,30,5.1368556,valid,True
3078,clean_transformer,8,False,C(CCOC(=O)c1ccc(C(*)C*)cc1)CCC,30,4.95397,valid,True
3078,clean_transformer,9,False,C(COC(c1ccc(C(*)C*)cc1)=O)CCCC,30,4.5747285,valid,True
3078,clean_transformer,10,False,c1(ccc(cc1)C(*)C*)C(OCCCCCC)=O,30,5.058029,valid,True
3078,defended_transformer,0,True,[*]CC([*])c1ccc(C(=O)OCCCCCC)cc1,28,4.8560653,valid,True
3078,defended_transformer,1,False,c1c(ccc(c1)C(C*)*)C(=O)OCCCCCC,30,4.3247275,valid,True
3078,defended_transformer,2,False,O(CCCCCC)C(=O)c1ccc(cc1)C(*)C*,30,5.125097,valid,True
3078,defended_transformer,3,False,C(CCCCOC(c1ccc(cc1)C(*)C*)=O)C,30,4.9228296,valid,True
3078,defended_transformer,4,False,c1cc(ccc1C(=O)OCCCCCC)C(C*)*,28,4.260622,valid,True
3078,defended_transformer,5,False,c1c(ccc(c1)C(=O)OCCCCCC)C(C*)*,30,4.2725387,valid,True
3078,defended_transformer,6,False,CCCCCCOC(c1ccc(C(C*)*)cc1)=O,28,4.6123295,valid,True
3078,defended_transformer,7,False,C(CCCOC(=O)c1ccc(cc1)C(*)C*)CC,30,5.008475,valid,True
3078,defended_transformer,8,False,C(CCOC(=O)c1ccc(C(*)C*)cc1)CCC,30,4.388767,valid,True
3078,defended_transformer,9,False,C(COC(c1ccc(C(*)C*)cc1)=O)CCCC,30,4.9536724,valid,True
3078,defended_transformer,10,False,c1(ccc(cc1)C(*)C*)C(OCCCCCC)=O,30,4.204432,valid,True
2989,clean_transformer,0,True,[*]Oc1ccc(C(C)(C)c2ccc(Oc3nc([*])nc(Cl)n3)cc2)cc1,44,4.768973,valid,True
2989,clean_transformer,1,False,O(c1ccc(cc1)C(C)(c1ccc(Oc2nc(nc(n2)*)Cl)cc1)C)*,46,4.056725,valid,True
2989,clean_transformer,2,False,c1c(C(C)(c2ccc(Oc3nc(nc(n3)Cl)*)cc2)C)ccc(c1)O*,46,3.9321165,valid,True
2989,clean_transformer,3,False,c1cc(ccc1C(C)(C)c1ccc(O*)cc1)Oc1nc(nc(n1)*)Cl,44,4.631051,valid,True
2989,clean_transformer,4,False,CC(c1ccc(Oc2nc(nc(n2)Cl)*)cc1)(C)c1ccc(O*)cc1,44,4.8122783,valid,True
2989,clean_transformer,5,False,c1(Oc2ccc(C(C)(C)c3ccc(cc3)O*)cc2)nc(nc(*)n1)Cl,46,3.586598,valid,True
2989,clean_transformer,6,False,c1(C(C)(c2ccc(cc2)Oc2nc(*)nc(n2)Cl)C)ccc(O*)cc1,46,4.4005075,valid,True
2989,clean_transformer,7,False,n1c(nc(nc1Cl)*)Oc1ccc(C(c2ccc(O*)cc2)(C)C)cc1,44,4.2418027,valid,True
2989,clean_transformer,8,False,c1c(ccc(c1)C(C)(C)c1ccc(Oc2nc(nc(n2)Cl)*)cc1)O*,46,4.388101,valid,True
2989,clean_transformer,9,False,c1(C(C)(c2ccc(Oc3nc(*)nc(Cl)n3)cc2)C)ccc(cc1)O*,46,3.9095297,valid,True
2989,clean_transformer,10,False,c1(ccc(Oc2nc(nc(n2)Cl)*)cc1)C(C)(c1ccc(O*)cc1)C,46,3.8598268,valid,True
2989,defended_transformer,0,True,[*]Oc1ccc(C(C)(C)c2ccc(Oc3nc([*])nc(Cl)n3)cc2)cc1,44,4.735448,valid,True
2989,defended_transformer,1,False,O(c1ccc(cc1)C(C)(c1ccc(Oc2nc(nc(n2)*)Cl)cc1)C)*,46,4.1475544,valid,True
2989,defended_transformer,2,False,c1c(C(C)(c2ccc(Oc3nc(nc(n3)Cl)*)cc2)C)ccc(c1)O*,46,3.3039622,valid,True
2989,defended_transformer,3,False,c1cc(ccc1C(C)(C)c1ccc(O*)cc1)Oc1nc(nc(n1)*)Cl,44,4.018404,valid,True
2989,defended_transformer,4,False,CC(c1ccc(Oc2nc(nc(n2)Cl)*)cc1)(C)c1ccc(O*)cc1,44,4.4195485,valid,True
2989,defended_transformer,5,False,c1(Oc2ccc(C(C)(C)c3ccc(cc3)O*)cc2)nc(nc(*)n1)Cl,46,3.2400818,valid,True
2989,defended_transformer,6,False,c1(C(C)(c2ccc(cc2)Oc2nc(*)nc(n2)Cl)C)ccc(O*)cc1,46,3.7911088,valid,True
2989,defended_transformer,7,False,n1c(nc(nc1Cl)*)Oc1ccc(C(c2ccc(O*)cc2)(C)C)cc1,44,4.09586,valid,True
2989,defended_transformer,8,False,c1c(ccc(c1)C(C)(C)c1ccc(Oc2nc(nc(n2)Cl)*)cc1)O*,46,3.9392827,valid,True
2989,defended_transformer,9,False,c1(C(C)(c2ccc(Oc3nc(*)nc(Cl)n3)cc2)C)ccc(cc1)O*,46,3.6766315,valid,True
2989,defended_transformer,10,False,c1(ccc(Oc2nc(nc(n2)Cl)*)cc1)C(C)(c1ccc(O*)cc1)C,46,4.149351,valid,True
3466,clean_transformer,0,True,[*]OC1CCC(OC(=O)NCCCCCCNC([*])=O)CC1,32,5.9932847,valid,True
3466,clean_transformer,1,False,*C(=O)NCCCCCCNC(OC1CCC(CC1)O*)=O,32,5.460125,valid,True
3466,clean_transformer,2,False,C1(O*)CCC(CC1)OC(=O)NCCCCCCNC(=O)*,34,5.2392745,valid,True
3466,clean_transformer,3,False,C(CCCCNC(OC1CCC(O*)CC1)=O)CNC(=O)*,34,5.8006434,valid,True
3466,clean_transformer,4,False,C1(CCC(CC1)OC(=O)NCCCCCCNC(*)=O)O*,34,5.2430143,valid,True
3466,clean_transformer,5,False,O(C(NCCCCCCNC(=O)*)=O)C1CCC(O*)CC1,34,4.975734,valid,True
3466,clean_transformer,6,False,C1CC(O*)CCC1OC(NCCCCCCNC(*)=O)=O,32,5.8503213,valid,True
3466,clean_transformer,7,False,O=C(NCCCCCCNC(OC1CCC(O*)CC1)=O)*,32,4.04666,valid,True
3466,clean_transformer,8,False,C(NC(=O)*)CCCCCNC(OC1CCC(O*)CC1)=O,34,5.9602823,valid,True
3466,clean_transformer,9,False,C1C(O*)CCC(C1)OC(=O)NCCCCCCNC(=O)*,34,5.521954,valid,True
3466,clean_transformer,10,False,O=C(NCCCCCCNC(*)=O)OC1CCC(CC1)O*,32,4.089316,valid,True
3466,defended_transformer,0,True,[*]OC1CCC(OC(=O)NCCCCCCNC([*])=O)CC1,32,6.2694626,valid,True
3466,defended_transformer,1,False,*C(=O)NCCCCCCNC(OC1CCC(CC1)O*)=O,32,5.6066303,valid,True
3466,defended_transformer,2,False,C1(O*)CCC(CC1)OC(=O)NCCCCCCNC(=O)*,34,5.5167685,valid,True
3466,defended_transformer,3,False,C(CCCCNC(OC1CCC(O*)CC1)=O)CNC(=O)*,34,5.8177533,valid,True
3466,defended_transformer,4,False,C1(CCC(CC1)OC(=O)NCCCCCCNC(*)=O)O*,34,5.226293,valid,True
3466,defended_transformer,5,False,O(C(NCCCCCCNC(=O)*)=O)C1CCC(O*)CC1,34,5.55666,valid,True
3466,defended_transformer,6,False,C1CC(O*)CCC1OC(NCCCCCCNC(*)=O)=O,32,5.6563973,valid,True
3466,defended_transformer,7,False,O=C(NCCCCCCNC(OC1CCC(O*)CC1)=O)*,32,4.9781804,valid,True
3466,defended_transformer,8,False,C(NC(=O)*)CCCCCNC(OC1CCC(O*)CC1)=O,34,5.7591395,valid,True
3466,defended_transformer,9,False,C1C(O*)CCC(C1)OC(=O)NCCCCCCNC(=O)*,34,5.4507194,valid,True
3466,defended_transformer,10,False,O=C(NCCCCCCNC(*)=O)OC1CCC(CC1)O*,32,5.3309774,valid,True
3225,clean_transformer,0,True,[*]Oc1ccc([*])cc1,13,4.7213793,valid,True
3225,clean_transformer,1,False,c1c(*)ccc(c1)O*,15,4.5607967,valid,True
3225,clean_transformer,2,False,c1cc(O*)ccc1*,13,3.8304403,valid,True
3225,clean_transformer,3,False,c1(ccc(O*)cc1)*,15,3.8259363,valid,True
3225,clean_transformer,4,False,O(*)c1ccc(*)cc1,15,3.516936,valid,True
3225,clean_transformer,5,False,c1(ccc(cc1)O*)*,15,4.0683136,valid,True
3225,clean_transformer,6,False,c1(ccc(cc1)*)O*,15,4.1614113,valid,True
3225,clean_transformer,7,False,c1(O*)ccc(*)cc1,15,3.891682,valid,True
3225,clean_transformer,8,False,*c1ccc(cc1)O*,13,3.723135,valid,True
3225,clean_transformer,9,False,*Oc1ccc(cc1)*,13,3.6634212,valid,True
3225,clean_transformer,10,False,c1cc(ccc1*)O*,13,3.7930353,valid,True
3225,defended_transformer,0,True,[*]Oc1ccc([*])cc1,13,3.8514843,valid,True
3225,defended_transformer,1,False,c1c(*)ccc(c1)O*,15,3.8514185,valid,True
3225,defended_transformer,2,False,c1cc(O*)ccc1*,13,3.0109239,valid,True
3225,defended_transformer,3,False,c1(ccc(O*)cc1)*,15,3.8230994,valid,True
3225,defended_transformer,4,False,O(*)c1ccc(*)cc1,15,3.433485,valid,True
3225,defended_transformer,5,False,c1(ccc(cc1)O*)*,15,3.777606,valid,True
3225,defended_transformer,6,False,c1(ccc(cc1)*)O*,15,4.3447695,valid,True
3225,defended_transformer,7,False,c1(O*)ccc(*)cc1,15,4.1815805,valid,True
3225,defended_transformer,8,False,*c1ccc(cc1)O*,13,3.4178832,valid,True
3225,defended_transformer,9,False,*Oc1ccc(cc1)*,13,3.6982303,valid,True
3225,defended_transformer,10,False,c1cc(ccc1*)O*,13,3.049427,valid,True
3147,clean_transformer,0,True,[*]c1ccc(Oc2ccc(-c3nnc([*])o3)cc2)cc1,33,3.7641108,valid,True
3147,clean_transformer,1,False,c1(*)ccc(Oc2ccc(cc2)-c2oc(*)nn2)cc1,35,3.8954616,valid,True
3147,clean_transformer,2,False,c1c(Oc2ccc(cc2)*)ccc(c1)-c1oc(nn1)*,35,4.11627,valid,True
3147,clean_transformer,3,False,c1(ccc(Oc2ccc(-c3nnc(o3)*)cc2)cc1)*,35,3.8405764,valid,True
3147,clean_transformer,4,False,c1cc(*)ccc1Oc1ccc(-c2oc(*)nn2)cc1,33,3.586584,valid,True
3147,clean_transformer,5,False,*c1ccc(Oc2ccc(cc2)-c2oc(nn2)*)cc1,33,3.7703393,valid,True
3147,clean_transformer,6,False,n1c(oc(-c2ccc(Oc3ccc(*)cc3)cc2)n1)*,35,3.258449,valid,True
3147,clean_transformer,7,False,n1c(oc(n1)*)-c1ccc(cc1)Oc1ccc(*)cc1,35,4.4767632,valid,True
3147,clean_transformer,8,False,c1c(ccc(c1)*)Oc1ccc(cc1)-c1nnc(*)o1,35,3.614946,valid,True
3147,clean_transformer,9,False,c1c(*)ccc(c1)Oc1ccc(-c2nnc(*)o2)cc1,35,3.400911,valid,True
3147,clean_transformer,10,False,c1c(*)ccc(Oc2ccc(cc2)-c2nnc(*)o2)c1,35,3.9865468,valid,True
3147,defended_transformer,0,True,[*]c1ccc(Oc2ccc(-c3nnc([*])o3)cc2)cc1,33,3.3277922,valid,True
3147,defended_transformer,1,False,c1(*)ccc(Oc2ccc(cc2)-c2oc(*)nn2)cc1,35,3.8284535,valid,True
3147,defended_transformer,2,False,c1c(Oc2ccc(cc2)*)ccc(c1)-c1oc(nn1)*,35,3.418791,valid,True
3147,defended_transformer,3,False,c1(ccc(Oc2ccc(-c3nnc(o3)*)cc2)cc1)*,35,3.4729643,valid,True
3147,defended_transformer,4,False,c1cc(*)ccc1Oc1ccc(-c2oc(*)nn2)cc1,33,3.3101077,valid,True
3147,defended_transformer,5,False,*c1ccc(Oc2ccc(cc2)-c2oc(nn2)*)cc1,33,3.5341418,valid,True
3147,defended_transformer,6,False,n1c(oc(-c2ccc(Oc3ccc(*)cc3)cc2)n1)*,35,3.4120617,valid,True
3147,defended_transformer,7,False,n1c(oc(n1)*)-c1ccc(cc1)Oc1ccc(*)cc1,35,3.6609197,valid,True
3147,defended_transformer,8,False,c1c(ccc(c1)*)Oc1ccc(cc1)-c1nnc(*)o1,35,3.9320428,valid,True
3147,defended_transformer,9,False,c1c(*)ccc(c1)Oc1ccc(-c2nnc(*)o2)cc1,35,3.300046,valid,True
3147,defended_transformer,10,False,c1c(*)ccc(Oc2ccc(cc2)-c2nnc(*)o2)c1,35,3.278039,valid,True
3394,clean_transformer,0,True,[*]c1ccc(C)c(N2C(=O)c3ccc(S(=O)(=O)c4ccc5c(c4)C(=O)N([*])C5=O)cc3C2=O)c1,68,2.7756839,valid,True
3394,clean_transformer,1,False,N1(C(=O)c2cc(ccc2C1=O)S(c1cc2c(C(=O)N(c3cc(ccc3C)*)C2=O)cc1)(=O)=O)*,68,2.2627509,valid,True
3394,clean_transformer,2,False,c1cc(c(N2C(=O)c3c(C2=O)cc(cc3)S(=O)(=O)c2cc3C(N(C(c3cc2)=O)*)=O)cc1*)C,70,2.7655194,valid,True
3394,clean_transformer,3,False,c1c2C(N(*)C(c2cc(S(c2ccc3C(=O)N(c4c(C)ccc(*)c4)C(c3c2)=O)(=O)=O)c1)=O)=O,72,2.6971717,valid,True
3394,clean_transformer,4,False,c1(c(N2C(c3c(ccc(S(=O)(=O)c4cc5C(=O)N(*)C(c5cc4)=O)c3)C2=O)=O)cc(cc1)*)C,72,2.8892186,valid,True
3394,clean_transformer,5,False,c1(cc(*)ccc1C)N1C(c2ccc(cc2C1=O)S(=O)(=O)c1cc2C(=O)N(C(c2cc1)=O)*)=O,68,2.4464397,valid,True
3394,clean_transformer,6,False,O=C1N(*)C(c2c1cc(S(=O)(c1ccc3C(N(c4c(ccc(*)c4)C)C(c3c1)=O)=O)=O)cc2)=O,70,2.5644732,valid,True
3394,clean_transformer,7,False,c1(S(=O)(=O)c2ccc3c(C(=O)N(C3=O)*)c2)cc2C(=O)N(C(c2cc1)=O)c1cc(*)ccc1C,70,2.7422848,valid,True
3394,clean_transformer,8,False,*N1C(c2ccc(S(=O)(c3cc4C(=O)N(C(=O)c4cc3)c3c(ccc(c3)*)C)=O)cc2C1=O)=O,68,2.6308827,valid,True
3394,clean_transformer,9,False,c1cc(S(=O)(=O)c2cc3c(cc2)C(=O)N(*)C3=O)cc2C(N(c3c(C)ccc(*)c3)C(c12)=O)=O,72,2.29151,valid,True
3394,clean_transformer,10,False,c1(*)cc(N2C(c3c(C2=O)ccc(c3)S(c2ccc3C(=O)N(*)C(=O)c3c2)(=O)=O)=O)c(C)cc1,72,3.2245855,valid,True
3394,defended_transformer,0,True,[*]c1ccc(C)c(N2C(=O)c3ccc(S(=O)(=O)c4ccc5c(c4)C(=O)N([*])C5=O)cc3C2=O)c1,68,2.9512157,valid,True
3394,defended_transformer,1,False,N1(C(=O)c2cc(ccc2C1=O)S(c1cc2c(C(=O)N(c3cc(ccc3C)*)C2=O)cc1)(=O)=O)*,68,2.511452,valid,True
3394,defended_transformer,2,False,c1cc(c(N2C(=O)c3c(C2=O)cc(cc3)S(=O)(=O)c2cc3C(N(C(c3cc2)=O)*)=O)cc1*)C,70,2.2734609,valid,True
3394,defended_transformer,3,False,c1c2C(N(*)C(c2cc(S(c2ccc3C(=O)N(c4c(C)ccc(*)c4)C(c3c2)=O)(=O)=O)c1)=O)=O,72,2.7540798,valid,True
3394,defended_transformer,4,False,c1(c(N2C(c3c(ccc(S(=O)(=O)c4cc5C(=O)N(*)C(c5cc4)=O)c3)C2=O)=O)cc(cc1)*)C,72,2.7302594,valid,True
3394,defended_transformer,5,False,c1(cc(*)ccc1C)N1C(c2ccc(cc2C1=O)S(=O)(=O)c1cc2C(=O)N(C(c2cc1)=O)*)=O,68,1.9719913,valid,True
3394,defended_transformer,6,False,O=C1N(*)C(c2c1cc(S(=O)(c1ccc3C(N(c4c(ccc(*)c4)C)C(c3c1)=O)=O)=O)cc2)=O,70,2.4213662,valid,True
3394,defended_transformer,7,False,c1(S(=O)(=O)c2ccc3c(C(=O)N(C3=O)*)c2)cc2C(=O)N(C(c2cc1)=O)c1cc(*)ccc1C,70,2.57373,valid,True
3394,defended_transformer,8,False,*N1C(c2ccc(S(=O)(c3cc4C(=O)N(C(=O)c4cc3)c3c(ccc(c3)*)C)=O)cc2C1=O)=O,68,2.8330512,valid,True
3394,defended_transformer,9,False,c1cc(S(=O)(=O)c2cc3c(cc2)C(=O)N(*)C3=O)cc2C(N(c3c(C)ccc(*)c3)C(c12)=O)=O,72,3.114533,valid,True
3394,defended_transformer,10,False,c1(*)cc(N2C(c3c(C2=O)ccc(c3)S(c2ccc3C(=O)N(*)C(=O)c3c2)(=O)=O)=O)c(C)cc1,72,2.5368664,valid,True
3404,clean_transformer,0,True,[*]Oc1ccc(OC(=O)c2ccc(C([*])=O)cc2)cc1C1CC2CCC1C2,45,3.8338044,valid,True
3404,clean_transformer,1,False,c1c(C(Oc2cc(c(O*)cc2)C2CC3CCC2C3)=O)ccc(c1)C(=O)*,49,3.6126792,valid,True
3404,clean_transformer,2,False,C1C2CCC(C1c1cc(OC(c3ccc(C(=O)*)cc3)=O)ccc1O*)C2,47,4.7074757,valid,True
3404,clean_transformer,3,False,C1CC2CC(C1C2)c1c(ccc(c1)OC(c1ccc(cc1)C(*)=O)=O)O*,49,3.7921572,valid,True
3404,clean_transformer,4,False,c1c(C(Oc2ccc(O*)c(C3C4CCC(C3)C4)c2)=O)ccc(C(=O)*)c1,51,3.4327579,valid,True
3404,clean_transformer,5,False,c1cc(cc(C2C3CCC(C2)C3)c1O*)OC(=O)c1ccc(C(=O)*)cc1,49,4.069977,valid,True
3404,clean_transformer,6,False,C1(CC2CC1CC2)c1c(ccc(c1)OC(=O)c1ccc(C(=O)*)cc1)O*,49,3.935597,valid,True
3404,clean_transformer,7,False,*C(=O)c1ccc(cc1)C(Oc1cc(C2C3CC(CC3)C2)c(cc1)O*)=O,49,4.714958,valid,True
3404,clean_transformer,8,False,C1(c2cc(OC(=O)c3ccc(C(*)=O)cc3)ccc2O*)C2CC(C1)CC2,49,4.08163,valid,True
3404,clean_transformer,9,False,c1c(O*)c(C2C3CCC(C3)C2)cc(OC(=O)c2ccc(C(*)=O)cc2)c1,51,3.3641076,valid,True
3404,clean_transformer,10,False,c1c(O*)c(cc(OC(=O)c2ccc(C(*)=O)cc2)c1)C1CC2CC1CC2,49,4.7554827,valid,True
3404,defended_transformer,0,True,[*]Oc1ccc(OC(=O)c2ccc(C([*])=O)cc2)cc1C1CC2CCC1C2,45,3.6133838,valid,True
3404,defended_transformer,1,False,c1c(C(Oc2cc(c(O*)cc2)C2CC3CCC2C3)=O)ccc(c1)C(=O)*,49,2.9988236,valid,True
3404,defended_transformer,2,False,C1C2CCC(C1c1cc(OC(c3ccc(C(=O)*)cc3)=O)ccc1O*)C2,47,4.349886,valid,True
3404,defended_transformer,3,False,C1CC2CC(C1C2)c1c(ccc(c1)OC(c1ccc(cc1)C(*)=O)=O)O*,49,3.6190445,valid,True
3404,defended_transformer,4,False,c1c(C(Oc2ccc(O*)c(C3C4CCC(C3)C4)c2)=O)ccc(C(=O)*)c1,51,3.5169897,valid,True
3404,defended_transformer,5,False,c1cc(cc(C2C3CCC(C2)C3)c1O*)OC(=O)c1ccc(C(=O)*)cc1,49,3.35732,valid,True
3404,defended_transformer,6,False,C1(CC2CC1CC2)c1c(ccc(c1)OC(=O)c1ccc(C(=O)*)cc1)O*,49,3.814753,valid,True
3404,defended_transformer,7,False,*C(=O)c1ccc(cc1)C(Oc1cc(C2C3CC(CC3)C2)c(cc1)O*)=O,49,3.7565742,valid,True
3404,defended_transformer,8,False,C1(c2cc(OC(=O)c3ccc(C(*)=O)cc3)ccc2O*)C2CC(C1)CC2,49,3.3117576,valid,True
3404,defended_transformer,9,False,c1c(O*)c(C2C3CCC(C3)C2)cc(OC(=O)c2ccc(C(*)=O)cc2)c1,51,2.9165487,valid,True
3404,defended_transformer,10,False,c1c(O*)c(cc(OC(=O)c2ccc(C(*)=O)cc2)c1)C1CC2CC1CC2,49,4.00826,valid,True
3288,clean_transformer,0,True,[*]C(=O)c1ccc2c(c1)C(=O)N(c1ccc(-c3ccc(N4C(=O)c5ccc([*])cc5C4=O)cc3C)c(C)c1)C2=O,76,2.7749314,valid,True
3288,clean_transformer,1,False,c12C(=O)N(c3ccc(-c4ccc(cc4C)N4C(c5c(C4=O)ccc(c5)C(=O)*)=O)c(C)c3)C(=O)c1ccc(c2)*,80,2.9199858,valid,True
3288,clean_transformer,2,False,N1(C(c2c(C1=O)ccc(c2)*)=O)c1cc(C)c(-c2ccc(N3C(=O)c4c(C3=O)ccc(C(*)=O)c4)cc2C)cc1,80,2.7663753,valid,True
3288,clean_transformer,3,False,c1c2c(C(N(C2=O)c2cc(C)c(cc2)-c2ccc(cc2C)N2C(c3c(C2=O)ccc(c3)C(=O)*)=O)=O)ccc1*,78,2.4695442,valid,True
3288,clean_transformer,4,False,c1(c(ccc(c1)N1C(c2c(ccc(c2)*)C1=O)=O)-c1ccc(cc1C)N1C(c2c(C1=O)cc(cc2)C(=O)*)=O)C,80,3.4755807,valid,True
3288,clean_transformer,5,False,O=C1c2c(cc(*)cc2)C(N1c1cc(C)c(cc1)-c1ccc(N2C(=O)c3ccc(cc3C2=O)C(=O)*)cc1C)=O,76,2.3684347,valid,True
3288,clean_transformer,6,False,c1(C)c(ccc(c1)N1C(c2c(C1=O)cc(C(*)=O)cc2)=O)-c1ccc(N2C(=O)c3ccc(cc3C2=O)*)cc1C,78,2.3446238,valid,True
3288,clean_transformer,7,False,c1c2C(N(c3ccc(-c4c(cc(N5C(=O)c6cc(*)ccc6C5=O)cc4)C)c(c3)C)C(=O)c2ccc1C(=O)*)=O,78,3.9770525,valid,True
3288,clean_transformer,8,False,c1c(cc2C(N(c3ccc(c(c3)C)-c3ccc(N4C(c5cc(ccc5C4=O)C(*)=O)=O)cc3C)C(=O)c2c1)=O)*,78,3.518356,valid,True
3288,clean_transformer,9,False,c1c2c(cc(c1)C(*)=O)C(N(C2=O)c1ccc(c(c1)C)-c1ccc(N2C(c3c(C2=O)cc(cc3)*)=O)cc1C)=O,80,2.820334,valid,True
3288,clean_transformer,10,False,c1c(cc(c(-c2ccc(cc2C)N2C(=O)c3ccc(cc3C2=O)*)c1)C)N1C(=O)c2cc(C(*)=O)ccc2C1=O,76,3.2331567,valid,True
3288,defended_transformer,0,True,[*]C(=O)c1ccc2c(c1)C(=O)N(c1ccc(-c3ccc(N4C(=O)c5ccc([*])cc5C4=O)cc3C)c(C)c1)C2=O,76,2.6483116,valid,True
3288,defended_transformer,1,False,c12C(=O)N(c3ccc(-c4ccc(cc4C)N4C(c5c(C4=O)ccc(c5)C(=O)*)=O)c(C)c3)C(=O)c1ccc(c2)*,80,2.8410702,valid,True
3288,defended_transformer,2,False,N1(C(c2c(C1=O)ccc(c2)*)=O)c1cc(C)c(-c2ccc(N3C(=O)c4c(C3=O)ccc(C(*)=O)c4)cc2C)cc1,80,2.5127516,valid,True
3288,defended_transformer,3,False,c1c2c(C(N(C2=O)c2cc(C)c(cc2)-c2ccc(cc2C)N2C(c3c(C2=O)ccc(c3)C(=O)*)=O)=O)ccc1*,78,2.6383843,valid,True
3288,defended_transformer,4,False,c1(c(ccc(c1)N1C(c2c(ccc(c2)*)C1=O)=O)-c1ccc(cc1C)N1C(c2c(C1=O)cc(cc2)C(=O)*)=O)C,80,3.1600022,valid,True
3288,defended_transformer,5,False,O=C1c2c(cc(*)cc2)C(N1c1cc(C)c(cc1)-c1ccc(N2C(=O)c3ccc(cc3C2=O)C(=O)*)cc1C)=O,76,2.8994012,valid,True
3288,defended_transformer,6,False,c1(C)c(ccc(c1)N1C(c2c(C1=O)cc(C(*)=O)cc2)=O)-c1ccc(N2C(=O)c3ccc(cc3C2=O)*)cc1C,78,2.6345716,valid,True
3288,defended_transformer,7,False,c1c2C(N(c3ccc(-c4c(cc(N5C(=O)c6cc(*)ccc6C5=O)cc4)C)c(c3)C)C(=O)c2ccc1C(=O)*)=O,78,2.4277482,valid,True
3288,defended_transformer,8,False,c1c(cc2C(N(c3ccc(c(c3)C)-c3ccc(N4C(c5cc(ccc5C4=O)C(*)=O)=O)cc3C)C(=O)c2c1)=O)*,78,2.619361,valid,True
3288,defended_transformer,9,False,c1c2c(cc(c1)C(*)=O)C(N(C2=O)c1ccc(c(c1)C)-c1ccc(N2C(c3c(C2=O)cc(cc3)*)=O)cc1C)=O,80,3.1193008,valid,True
3288,defended_transformer,10,False,c1c(cc(c(-c2ccc(cc2C)N2C(=O)c3ccc(cc3C2=O)*)c1)C)N1C(=O)c2cc(C(*)=O)ccc2C1=O,76,2.7558348,valid,True
3305,clean_transformer,0,True,[*]COC(=O)OCC1OC(OCC)(OCC)OC1[*],28,6.4001265,valid,True
3305,clean_transformer,1,False,O(C1(OC(C(*)O1)COC(OC*)=O)OCC)CC,32,6.7883425,valid,True
3305,clean_transformer,2,False,O(C1(OC(*)C(O1)COC(=O)OC*)OCC)CC,32,6.378804,valid,True
3305,clean_transformer,3,False,C(OC1(OCC)OC(*)C(COC(=O)OC*)O1)C,32,6.4247746,valid,True
3305,clean_transformer,4,False,CCOC1(OCC)OC(C(*)O1)COC(=O)OC*,30,6.5445557,valid,True
3305,clean_transformer,5,False,O(CC)C1(OC(C(O1)COC(=O)OC*)*)OCC,32,6.5668597,valid,True
3305,clean_transformer,6,False,C1(OC(OC1*)(OCC)OCC)COC(OC*)=O,30,6.550085,valid,True
3305,clean_transformer,7,False,O=C(OCC1C(*)OC(O1)(OCC)OCC)OC*,30,5.0763836,valid,True
3305,clean_transformer,8,False,C1(OCC)(OC(COC(=O)OC*)C(*)O1)OCC,32,6.4525476,valid,True
3305,clean_transformer,9,False,CCOC1(OCC)OC(COC(OC*)=O)C(*)O1,30,6.60077,valid,True
3305,clean_transformer,10,False,O=C(OCC1OC(OCC)(OCC)OC1*)OC*,28,5.267243,valid,True
3305,defended_transformer,0,True,[*]COC(=O)OCC1OC(OCC)(OCC)OC1[*],28,6.8050375,valid,True
3305,defended_transformer,1,False,O(C1(OC(C(*)O1)COC(OC*)=O)OCC)CC,32,6.734187,valid,True
3305,defended_transformer,2,False,O(C1(OC(*)C(O1)COC(=O)OC*)OCC)CC,32,6.7523127,valid,True
3305,defended_transformer,3,False,C(OC1(OCC)OC(*)C(COC(=O)OC*)O1)C,32,6.364367,valid,True
3305,defended_transformer,4,False,CCOC1(OCC)OC(C(*)O1)COC(=O)OC*,30,6.3144298,valid,True
3305,defended_transformer,5,False,O(CC)C1(OC(C(O1)COC(=O)OC*)*)OCC,32,6.039684,valid,True
3305,defended_transformer,6,False,C1(OC(OC1*)(OCC)OCC)COC(OC*)=O,30,6.0641775,valid,True
3305,defended_transformer,7,False,O=C(OCC1C(*)OC(O1)(OCC)OCC)OC*,30,5.7975245,valid,True
3305,defended_transformer,8,False,C1(OCC)(OC(COC(=O)OC*)C(*)O1)OCC,32,6.5412025,valid,True
3305,defended_transformer,9,False,CCOC1(OCC)OC(COC(OC*)=O)C(*)O1,30,6.433001,valid,True
3305,defended_transformer,10,False,O=C(OCC1OC(OCC)(OCC)OC1*)OC*,28,5.967149,valid,True
3014,clean_transformer,0,True,[*]Oc1ccc(C2(c3ccc(OC(=O)CCCCCCCCC([*])=O)cc3)c3ccccc3Cc3ccccc32)cc1,64,3.9293833,valid,True
3014,clean_transformer,1,False,c1(C2(c3ccc(O*)cc3)c3c(Cc4ccccc24)cccc3)ccc(OC(CCCCCCCCC(*)=O)=O)cc1,68,3.4822202,valid,True
3014,clean_transformer,2,False,*C(=O)CCCCCCCCC(Oc1ccc(cc1)C1(c2c(cccc2)Cc2c1cccc2)c1ccc(cc1)O*)=O,66,3.312724,valid,True
3014,clean_transformer,3,False,c12ccccc2C(c2ccc(O*)cc2)(c2c(C1)cccc2)c1ccc(cc1)OC(CCCCCCCCC(=O)*)=O,68,3.657638,valid,True
3014,clean_transformer,4,False,c12Cc3c(cccc3)C(c2cccc1)(c1ccc(O*)cc1)c1ccc(cc1)OC(CCCCCCCCC(*)=O)=O,68,3.5138328,valid,True
3014,clean_transformer,5,False,C(CCCC(Oc1ccc(cc1)C1(c2c(Cc3ccccc13)cccc2)c1ccc(O*)cc1)=O)CCCCC(=O)*,68,3.252877,valid,True
3014,clean_transformer,6,False,*Oc1ccc(C2(c3ccccc3Cc3c2cccc3)c2ccc(OC(=O)CCCCCCCCC(*)=O)cc2)cc1,64,3.5305645,valid,True
3014,clean_transformer,7,False,c1c(ccc(O*)c1)C1(c2ccc(OC(CCCCCCCCC(*)=O)=O)cc2)c2ccccc2Cc2ccccc12,66,3.2305326,valid,True
3014,clean_transformer,8,False,O(c1ccc(C2(c3c(cccc3)Cc3c2cccc3)c2ccc(cc2)OC(=O)CCCCCCCCC(*)=O)cc1)*,68,3.4699345,valid,True
3014,clean_transformer,9,False,c1ccc2c(Cc3c(cccc3)C2(c2ccc(OC(CCCCCCCCC(=O)*)=O)cc2)c2ccc(O*)cc2)c1,68,3.1201887,valid,True
3014,clean_transformer,10,False,C(C(=O)*)CCCCCCCC(Oc1ccc(cc1)C1(c2ccccc2Cc2ccccc21)c1ccc(cc1)O*)=O,66,3.8851573,valid,True
3014,defended_transformer,0,True,[*]Oc1ccc(C2(c3ccc(OC(=O)CCCCCCCCC([*])=O)cc3)c3ccccc3Cc3ccccc32)cc1,64,4.0891523,valid,True
3014,defended_transformer,1,False,c1(C2(c3ccc(O*)cc3)c3c(Cc4ccccc24)cccc3)ccc(OC(CCCCCCCCC(*)=O)=O)cc1,68,2.39866,valid,True
3014,defended_transformer,2,False,*C(=O)CCCCCCCCC(Oc1ccc(cc1)C1(c2c(cccc2)Cc2c1cccc2)c1ccc(cc1)O*)=O,66,3.6094368,valid,True
3014,defended_transformer,3,False,c12ccccc2C(c2ccc(O*)cc2)(c2c(C1)cccc2)c1ccc(cc1)OC(CCCCCCCCC(=O)*)=O,68,2.9820487,valid,True
3014,defended_transformer,4,False,c12Cc3c(cccc3)C(c2cccc1)(c1ccc(O*)cc1)c1ccc(cc1)OC(CCCCCCCCC(*)=O)=O,68,2.8591125,valid,True
3014,defended_transformer,5,False,C(CCCC(Oc1ccc(cc1)C1(c2c(Cc3ccccc13)cccc2)c1ccc(O*)cc1)=O)CCCCC(=O)*,68,3.593946,valid,True
3014,defended_transformer,6,False,*Oc1ccc(C2(c3ccccc3Cc3c2cccc3)c2ccc(OC(=O)CCCCCCCCC(*)=O)cc2)cc1,64,3.57843,valid,True
3014,defended_transformer,7,False,c1c(ccc(O*)c1)C1(c2ccc(OC(CCCCCCCCC(*)=O)=O)cc2)c2ccccc2Cc2ccccc12,66,3.3533225,valid,True
3014,defended_transformer,8,False,O(c1ccc(C2(c3c(cccc3)Cc3c2cccc3)c2ccc(cc2)OC(=O)CCCCCCCCC(*)=O)cc1)*,68,3.5713205,valid,True
3014,defended_transformer,9,False,c1ccc2c(Cc3c(cccc3)C2(c2ccc(OC(CCCCCCCCC(=O)*)=O)cc2)c2ccc(O*)cc2)c1,68,2.8888788,valid,True
3014,defended_transformer,10,False,C(C(=O)*)CCCCCCCC(Oc1ccc(cc1)C1(c2ccccc2Cc2ccccc21)c1ccc(cc1)O*)=O,66,3.7115822,valid,True
3412,clean_transformer,0,True,[*]Oc1ccc(OC(=O)c2ccc(OCCCOc3ccc(C([*])=O)cc3)cc2)cc1C,50,4.139722,valid,True
3412,clean_transformer,1,False,c1cc(ccc1OCCCOc1ccc(C(=O)*)cc1)C(=O)Oc1ccc(O*)c(C)c1,52,3.7668355,valid,True
3412,clean_transformer,2,False,c1c(OC(c2ccc(cc2)OCCCOc2ccc(cc2)C(*)=O)=O)cc(c(c1)O*)C,54,3.5593739,valid,True
3412,clean_transformer,3,False,Cc1c(ccc(c1)OC(=O)c1ccc(OCCCOc2ccc(C(*)=O)cc2)cc1)O*,52,3.377996,valid,True
3412,clean_transformer,4,False,O(*)c1c(cc(OC(=O)c2ccc(cc2)OCCCOc2ccc(cc2)C(*)=O)cc1)C,54,3.7520146,valid,True
3412,clean_transformer,5,False,C(COc1ccc(C(=O)Oc2cc(C)c(O*)cc2)cc1)COc1ccc(C(=O)*)cc1,54,3.6882777,valid,True
3412,clean_transformer,6,False,c1cc(c(C)cc1OC(c1ccc(cc1)OCCCOc1ccc(cc1)C(*)=O)=O)O*,52,4.427132,valid,True
3412,clean_transformer,7,False,c1(ccc(cc1)C(Oc1ccc(c(c1)C)O*)=O)OCCCOc1ccc(cc1)C(*)=O,54,3.5368984,valid,True
3412,clean_transformer,8,False,c1cc(ccc1C(=O)*)OCCCOc1ccc(cc1)C(Oc1cc(C)c(O*)cc1)=O,52,3.726012,valid,True
3412,clean_transformer,9,False,*Oc1ccc(OC(c2ccc(OCCCOc3ccc(cc3)C(*)=O)cc2)=O)cc1C,50,4.184846,valid,True
3412,clean_transformer,10,False,c1(O*)c(C)cc(OC(c2ccc(cc2)OCCCOc2ccc(cc2)C(*)=O)=O)cc1,54,3.445086,valid,True
3412,defended_transformer,0,True,[*]Oc1ccc(OC(=O)c2ccc(OCCCOc3ccc(C([*])=O)cc3)cc2)cc1C,50,3.8279095,valid,True
3412,defended_transformer,1,False,c1cc(ccc1OCCCOc1ccc(C(=O)*)cc1)C(=O)Oc1ccc(O*)c(C)c1,52,3.2043605,valid,True
3412,defended_transformer,2,False,c1c(OC(c2ccc(cc2)OCCCOc2ccc(cc2)C(*)=O)=O)cc(c(c1)O*)C,54,3.3245068,valid,True
3412,defended_transformer,3,False,Cc1c(ccc(c1)OC(=O)c1ccc(OCCCOc2ccc(C(*)=O)cc2)cc1)O*,52,3.2138753,valid,True
3412,defended_transformer,4,False,O(*)c1c(cc(OC(=O)c2ccc(cc2)OCCCOc2ccc(cc2)C(*)=O)cc1)C,54,3.0599747,valid,True
3412,defended_transformer,5,False,C(COc1ccc(C(=O)Oc2cc(C)c(O*)cc2)cc1)COc1ccc(C(=O)*)cc1,54,3.492454,valid,True
3412,defended_transformer,6,False,c1cc(c(C)cc1OC(c1ccc(cc1)OCCCOc1ccc(cc1)C(*)=O)=O)O*,52,3.797155,valid,True
3412,defended_transformer,7,False,c1(ccc(cc1)C(Oc1ccc(c(c1)C)O*)=O)OCCCOc1ccc(cc1)C(*)=O,54,3.5472357,valid,True
3412,defended_transformer,8,False,c1cc(ccc1C(=O)*)OCCCOc1ccc(cc1)C(Oc1cc(C)c(O*)cc1)=O,52,3.7709036,valid,True
3412,defended_transformer,9,False,*Oc1ccc(OC(c2ccc(OCCCOc3ccc(cc3)C(*)=O)cc2)=O)cc1C,50,3.9219115,valid,True
3412,defended_transformer,10,False,c1(O*)c(C)cc(OC(c2ccc(cc2)OCCCOc2ccc(cc2)C(*)=O)=O)cc1,54,2.9876058,valid,True
3338,clean_transformer,0,True,[*]OC(=O)Oc1ccc(OC(=O)OC2CC3CC([*])CC(C2)O3)cc1,43,5.1097674,valid,True
3338,clean_transformer,1,False,C1C(CC2CC(CC1O2)*)OC(Oc1ccc(cc1)OC(O*)=O)=O,43,4.72727,valid,True
3338,clean_transformer,2,False,C12CC(CC(O2)CC(C1)OC(=O)Oc1ccc(OC(O*)=O)cc1)*,45,3.5881472,valid,True
3338,clean_transformer,3,False,O(C(=O)OC1CC2CC(CC(C1)O2)*)c1ccc(cc1)OC(O*)=O,45,4.098633,valid,True
3338,clean_transformer,4,False,c1c(OC(OC2CC3CC(*)CC(O3)C2)=O)ccc(OC(O*)=O)c1,45,4.511526,valid,True
3338,clean_transformer,5,False,C1C(OC(=O)Oc2ccc(OC(=O)O*)cc2)CC2CC(*)CC1O2,43,4.1057243,valid,True
3338,clean_transformer,6,False,C1C(CC2OC1CC(*)C2)OC(Oc1ccc(OC(=O)O*)cc1)=O,43,5.3293467,valid,True
3338,clean_transformer,7,False,c1cc(OC(=O)O*)ccc1OC(OC1CC2OC(CC(*)C2)C1)=O,43,3.933394,valid,True
3338,clean_transformer,8,False,c1cc(ccc1OC(OC1CC2CC(CC(O2)C1)*)=O)OC(=O)O*,43,4.503666,valid,True
3338,clean_transformer,9,False,c1(ccc(OC(OC2CC3CC(*)CC(C2)O3)=O)cc1)OC(=O)O*,45,4.1170692,valid,True
3338,clean_transformer,10,False,C(O*)(Oc1ccc(OC(=O)OC2CC3CC(CC(C2)O3)*)cc1)=O,45,5.0066786,valid,True
3338,defended_transformer,0,True,[*]OC(=O)Oc1ccc(OC(=O)OC2CC3CC([*])CC(C2)O3)cc1,43,4.98205,valid,True
3338,defended_transformer,1,False,C1C(CC2CC(CC1O2)*)OC(Oc1ccc(cc1)OC(O*)=O)=O,43,4.3747363,valid,True
3338,defended_transformer,2,False,C12CC(CC(O2)CC(C1)OC(=O)Oc1ccc(OC(O*)=O)cc1)*,45,3.2891922,valid,True
3338,defended_transformer,3,False,O(C(=O)OC1CC2CC(CC(C1)O2)*)c1ccc(cc1)OC(O*)=O,45,3.7641647,valid,True
3338,defended_transformer,4,False,c1c(OC(OC2CC3CC(*)CC(O3)C2)=O)ccc(OC(O*)=O)c1,45,3.8225222,valid,True
3338,defended_transformer,5,False,C1C(OC(=O)Oc2ccc(OC(=O)O*)cc2)CC2CC(*)CC1O2,43,4.4584374,valid,True
3338,defended_transformer,6,False,C1C(CC2OC1CC(*)C2)OC(Oc1ccc(OC(=O)O*)cc1)=O,43,4.649431,valid,True
3338,defended_transformer,7,False,c1cc(OC(=O)O*)ccc1OC(OC1CC2OC(CC(*)C2)C1)=O,43,3.9936419,valid,True
3338,defended_transformer,8,False,c1cc(ccc1OC(OC1CC2CC(CC(O2)C1)*)=O)OC(=O)O*,43,4.301935,valid,True
3338,defended_transformer,9,False,c1(ccc(OC(OC2CC3CC(*)CC(C2)O3)=O)cc1)OC(=O)O*,45,3.5454185,valid,True
3338,defended_transformer,10,False,C(O*)(Oc1ccc(OC(=O)OC2CC3CC(CC(C2)O3)*)cc1)=O,45,5.366429,valid,True
3187,clean_transformer,0,True,[*]CCCCCCNC(=O)CC(=O)N[*],21,5.7324114,valid,True
3187,clean_transformer,1,False,N(C(=O)CC(=O)NCCCCCC*)*,23,5.294094,valid,True
3187,clean_transformer,2,False,C(N*)(=O)CC(=O)NCCCCCC*,23,6.284759,valid,True
3187,clean_transformer,3,False,*NC(=O)CC(NCCCCCC*)=O,21,5.5136943,valid,True
3187,clean_transformer,4,False,C(CCCC*)CNC(CC(N*)=O)=O,23,5.7314396,valid,True
3187,clean_transformer,5,False,C(CCCNC(CC(=O)N*)=O)CC*,23,5.7541504,valid,True
3187,clean_transformer,6,False,O=C(NCCCCCC*)CC(=O)N*,21,3.78477,valid,True
3187,clean_transformer,7,False,C(CCCCNC(CC(=O)N*)=O)C*,23,5.943099,valid,True
3187,clean_transformer,8,False,C(CCCC*)CNC(=O)CC(=O)N*,23,6.3245497,valid,True
3187,clean_transformer,9,False,*CCCCCCNC(=O)CC(N*)=O,21,5.3165565,valid,True
3187,clean_transformer,10,False,C(C(=O)NCCCCCC*)C(N*)=O,23,5.6199255,valid,True
3187,defended_transformer,0,True,[*]CCCCCCNC(=O)CC(=O)N[*],21,5.94275,valid,True
3187,defended_transformer,1,False,N(C(=O)CC(=O)NCCCCCC*)*,23,5.1664557,valid,True
3187,defended_transformer,2,False,C(N*)(=O)CC(=O)NCCCCCC*,23,5.4184513,valid,True
3187,defended_transformer,3,False,*NC(=O)CC(NCCCCCC*)=O,21,5.0875263,valid,True
3187,defended_transformer,4,False,C(CCCC*)CNC(CC(N*)=O)=O,23,5.6591034,valid,True
3187,defended_transformer,5,False,C(CCCNC(CC(=O)N*)=O)CC*,23,5.956233,valid,True
3187,defended_transformer,6,False,O=C(NCCCCCC*)CC(=O)N*,21,4.8361554,valid,True
3187,defended_transformer,7,False,C(CCCCNC(CC(=O)N*)=O)C*,23,5.656824,valid,True
3187,defended_transformer,8,False,C(CCCC*)CNC(=O)CC(=O)N*,23,5.5519524,valid,True
3187,defended_transformer,9,False,*CCCCCCNC(=O)CC(N*)=O,21,5.800248,valid,True
3187,defended_transformer,10,False,C(C(=O)NCCCCCC*)C(N*)=O,23,5.4461823,valid,True
3377,clean_transformer,0,True,[*]CC(CC)(CC)CO[*],14,6.0277553,valid,True
3377,clean_transformer,1,False,*OCC(C*)(CC)CC,14,6.359294,valid,True
3377,clean_transformer,2,False,CCC(CO*)(C*)CC,14,6.6332655,valid,True
3377,clean_transformer,3,False,CCC(C*)(CO*)CC,14,6.6478233,valid,True
3377,clean_transformer,4,False,C(C(CC)(CO*)C*)C,16,6.6602526,valid,True
3377,clean_transformer,5,False,CCC(CC)(CO*)C*,14,6.590305,valid,True
3377,clean_transformer,6,False,C(C(CO*)(C*)CC)C,16,6.6019464,valid,True
3377,clean_transformer,7,False,*CC(CC)(CO*)CC,14,5.8803515,valid,True
3377,clean_transformer,8,False,C(CC)(CC)(C*)CO*,16,6.422249,valid,True
3377,clean_transformer,9,False,C(CC)(C*)(CC)CO*,16,6.413417,valid,True
3377,clean_transformer,10,False,*CC(CO*)(CC)CC,14,6.2466435,valid,True
3377,defended_transformer,0,True,[*]CC(CC)(CC)CO[*],14,5.53735,valid,True
3377,defended_transformer,1,False,*OCC(C*)(CC)CC,14,5.9588633,valid,True
3377,defended_transformer,2,False,CCC(CO*)(C*)CC,14,5.441185,valid,True
3377,defended_transformer,3,False,CCC(C*)(CO*)CC,14,5.585696,valid,True
3377,defended_transformer,4,False,C(C(CC)(CO*)C*)C,16,5.7215004,valid,True
3377,defended_transformer,5,False,CCC(CC)(CO*)C*,14,5.593791,valid,True
3377,defended_transformer,6,False,C(C(CO*)(C*)CC)C,16,5.6041346,valid,True
3377,defended_transformer,7,False,*CC(CC)(CO*)CC,14,5.653477,valid,True
3377,defended_transformer,8,False,C(CC)(CC)(C*)CO*,16,5.6676893,valid,True
3377,defended_transformer,9,False,C(CC)(C*)(CC)CO*,16,5.622331,valid,True
3377,defended_transformer,10,False,*CC(CO*)(CC)CC,14,5.6108694,valid,True
3449,clean_transformer,0,True,[*]OC(C)CCOC(=O)COCC([*])=O,23,6.456138,valid,True
3449,clean_transformer,1,False,O=C(COCC(OCCC(C)O*)=O)*,23,5.0510306,valid,True
3449,clean_transformer,2,False,C(OC(=O)COCC(=O)*)CC(C)O*,25,6.6735764,valid,True
3449,clean_transformer,3,False,O(CCC(O*)C)C(COCC(=O)*)=O,25,6.588662,valid,True
3449,clean_transformer,4,False,C(OC(COCC(=O)*)=O)CC(O*)C,25,6.5323806,valid,True
3449,clean_transformer,5,False,C(=O)(COCC(*)=O)OCCC(O*)C,25,5.7724457,valid,True
3449,clean_transformer,6,False,C(COCC(=O)*)(OCCC(C)O*)=O,25,6.0115724,valid,True
3449,clean_transformer,7,False,C(O*)(C)CCOC(COCC(=O)*)=O,25,6.3062935,valid,True
3449,clean_transformer,8,False,O(*)C(CCOC(COCC(=O)*)=O)C,25,5.548089,valid,True
3449,clean_transformer,9,False,C(*)(=O)COCC(OCCC(C)O*)=O,25,6.998872,valid,True
3449,clean_transformer,10,False,CC(CCOC(=O)COCC(=O)*)O*,23,6.0325603,valid,True
3449,defended_transformer,0,True,[*]OC(C)CCOC(=O)COCC([*])=O,23,6.8128014,valid,True
3449,defended_transformer,1,False,O=C(COCC(OCCC(C)O*)=O)*,23,5.5814605,valid,True
3449,defended_transformer,2,False,C(OC(=O)COCC(=O)*)CC(C)O*,25,6.106127,valid,True
3449,defended_transformer,3,False,O(CCC(O*)C)C(COCC(=O)*)=O,25,5.9572654,valid,True
3449,defended_transformer,4,False,C(OC(COCC(=O)*)=O)CC(O*)C,25,6.184083,valid,True
3449,defended_transformer,5,False,C(=O)(COCC(*)=O)OCCC(O*)C,25,4.9674263,valid,True
3449,defended_transformer,6,False,C(COCC(=O)*)(OCCC(C)O*)=O,25,5.303437,valid,True
3449,defended_transformer,7,False,C(O*)(C)CCOC(COCC(=O)*)=O,25,6.0609894,valid,True
3449,defended_transformer,8,False,O(*)C(CCOC(COCC(=O)*)=O)C,25,5.6113386,valid,True
3449,defended_transformer,9,False,C(*)(=O)COCC(OCCC(C)O*)=O,25,6.3440113,valid,True
3449,defended_transformer,10,False,CC(CCOC(=O)COCC(=O)*)O*,23,5.8779793,valid,True
3199,clean_transformer,0,True,[*]CCN1C(=O)C(=CC=C2SC(=S)N([*])C2=O)SC1=S,38,3.518731,valid,True
3199,clean_transformer,1,False,*CCN1C(SC(C1=O)=CC=C1C(=O)N(C(S1)=S)*)=S,40,4.067999,valid,True
3199,clean_transformer,2,False,C1(N(C(C(S1)=CC=C1SC(N(C1=O)CC*)=S)=O)*)=S,42,3.3902602,valid,True
3199,clean_transformer,3,False,C(C*)N1C(C(SC1=S)=CC=C1C(=O)N(C(=S)S1)*)=O,42,3.655767,valid,True
3199,clean_transformer,4,False,S=C1N(C(C(=CC=C2C(N(*)C(=S)S2)=O)S1)=O)CC*,42,3.0168452,valid,True
3199,clean_transformer,5,False,O=C1N(C(SC1=CC=C1C(N(C(S1)=S)*)=O)=S)CC*,40,2.8988767,valid,True
3199,clean_transformer,6,False,C1(=S)SC(C(=O)N1CC*)=CC=C1SC(=S)N(*)C1=O,40,3.3253324,valid,True
3199,clean_transformer,7,False,*CCN1C(C(SC1=S)=CC=C1SC(N(C1=O)*)=S)=O,38,3.6459544,valid,True
3199,clean_transformer,8,False,O=C1N(C(SC1=CC=C1C(N(CC*)C(S1)=S)=O)=S)*,40,2.8132348,valid,True
3199,clean_transformer,9,False,N1(C(SC(C1=O)=CC=C1C(N(C(S1)=S)CC*)=O)=S)*,42,2.3573215,valid,True
3199,clean_transformer,10,False,*CCN1C(=O)C(=CC=C2C(N(*)C(=S)S2)=O)SC1=S,40,3.4282417,valid,True
3199,defended_transformer,0,True,[*]CCN1C(=O)C(=CC=C2SC(=S)N([*])C2=O)SC1=S,38,3.5350313,valid,True
3199,defended_transformer,1,False,*CCN1C(SC(C1=O)=CC=C1C(=O)N(C(S1)=S)*)=S,40,3.6651921,valid,True
3199,defended_transformer,2,False,C1(N(C(C(S1)=CC=C1SC(N(C1=O)CC*)=S)=O)*)=S,42,3.3105218,valid,True
3199,defended_transformer,3,False,C(C*)N1C(C(SC1=S)=CC=C1C(=O)N(C(=S)S1)*)=O,42,3.6689384,valid,True
3199,defended_transformer,4,False,S=C1N(C(C(=CC=C2C(N(*)C(=S)S2)=O)S1)=O)CC*,42,2.727872,valid,True
3199,defended_transformer,5,False,O=C1N(C(SC1=CC=C1C(N(C(S1)=S)*)=O)=S)CC*,40,2.0583122,valid,True
3199,defended_transformer,6,False,C1(=S)SC(C(=O)N1CC*)=CC=C1SC(=S)N(*)C1=O,40,2.8624916,valid,True
3199,defended_transformer,7,False,*CCN1C(C(SC1=S)=CC=C1SC(N(C1=O)*)=S)=O,38,3.2080472,valid,True
3199,defended_transformer,8,False,O=C1N(C(SC1=CC=C1C(N(CC*)C(S1)=S)=O)=S)*,40,2.5421295,valid,True
3199,defended_transformer,9,False,N1(C(SC(C1=O)=CC=C1C(N(C(S1)=S)CC*)=O)=S)*,42,2.9661453,valid,True
3199,defended_transformer,10,False,*CCN1C(=O)C(=CC=C2C(N(*)C(=S)S2)=O)SC1=S,40,3.5127645,valid,True
3405,clean_transformer,0,True,[*]CC1CCC(COC(=O)C(=O)O[*])CC1,26,5.709914,valid,True
3405,clean_transformer,1,False,*OC(=O)C(=O)OCC1CCC(CC1)C*,26,5.9579034,valid,True
3405,clean_transformer,2,False,*OC(C(OCC1CCC(C*)CC1)=O)=O,26,5.8845963,valid,True
3405,clean_transformer,3,False,C(C1CCC(CC1)COC(=O)C(=O)O*)*,28,6.26299,valid,True
3405,clean_transformer,4,False,C1(COC(=O)C(O*)=O)CCC(C*)CC1,28,5.7052603,valid,True
3405,clean_transformer,5,False,O(*)C(C(OCC1CCC(CC1)C*)=O)=O,28,6.387682,valid,True
3405,clean_transformer,6,False,*OC(C(OCC1CCC(CC1)C*)=O)=O,26,5.716772,valid,True
3405,clean_transformer,7,False,C(OC(C(=O)O*)=O)C1CCC(CC1)C*,28,6.0010037,valid,True
3405,clean_transformer,8,False,C(C1CCC(C*)CC1)OC(=O)C(=O)O*,28,6.6426544,valid,True
3405,clean_transformer,9,False,C(OCC1CCC(CC1)C*)(=O)C(O*)=O,28,5.837033,valid,True
3405,clean_transformer,10,False,C1CC(CCC1COC(=O)C(=O)O*)C*,26,6.1468897,valid,True
3405,defended_transformer,0,True,[*]CC1CCC(COC(=O)C(=O)O[*])CC1,26,5.920934,valid,True
3405,defended_transformer,1,False,*OC(=O)C(=O)OCC1CCC(CC1)C*,26,5.8294263,valid,True
3405,defended_transformer,2,False,*OC(C(OCC1CCC(C*)CC1)=O)=O,26,6.338048,valid,True
3405,defended_transformer,3,False,C(C1CCC(CC1)COC(=O)C(=O)O*)*,28,6.3265915,valid,True
3405,defended_transformer,4,False,C1(COC(=O)C(O*)=O)CCC(C*)CC1,28,6.143895,valid,True
3405,defended_transformer,5,False,O(*)C(C(OCC1CCC(CC1)C*)=O)=O,28,6.063944,valid,True
3405,defended_transformer,6,False,*OC(C(OCC1CCC(CC1)C*)=O)=O,26,5.9325647,valid,True
3405,defended_transformer,7,False,C(OC(C(=O)O*)=O)C1CCC(CC1)C*,28,5.6997266,valid,True
3405,defended_transformer,8,False,C(C1CCC(C*)CC1)OC(=O)C(=O)O*,28,6.2880745,valid,True
3405,defended_transformer,9,False,C(OCC1CCC(CC1)C*)(=O)C(O*)=O,28,5.9480767,valid,True
3405,defended_transformer,10,False,C1CC(CCC1COC(=O)C(=O)O*)C*,26,6.194301,valid,True
3410,clean_transformer,0,True,[*]c1ccc(C(=O)c2cccc(C(=O)c3ccc(S([*])(=O)=O)cc3)c2)cc1,51,2.9647963,valid,True
3410,clean_transformer,1,False,c1(ccc(cc1)C(c1cc(C(c2ccc(S(=O)(=O)*)cc2)=O)ccc1)=O)*,53,3.5444822,valid,True
3410,clean_transformer,2,False,S(=O)(*)(=O)c1ccc(cc1)C(=O)c1cc(C(=O)c2ccc(cc2)*)ccc1,53,2.1051385,valid,True
3410,clean_transformer,3,False,c1c(C(c2ccc(cc2)*)=O)cc(cc1)C(c1ccc(S(*)(=O)=O)cc1)=O,53,3.315878,valid,True
3410,clean_transformer,4,False,c1c(ccc(S(*)(=O)=O)c1)C(=O)c1cccc(c1)C(c1ccc(*)cc1)=O,53,3.7449653,valid,True
3410,clean_transformer,5,False,c1c(C(c2ccc(cc2)S(=O)(*)=O)=O)cccc1C(c1ccc(cc1)*)=O,51,3.0419059,valid,True
3410,clean_transformer,6,False,c1(ccc(S(=O)(=O)*)cc1)C(c1cc(C(c2ccc(*)cc2)=O)ccc1)=O,53,3.8247569,valid,True
3410,clean_transformer,7,False,c1cc(ccc1S(=O)(*)=O)C(c1cccc(c1)C(=O)c1ccc(*)cc1)=O,51,3.6502147,valid,True
3410,clean_transformer,8,False,O=C(c1cc(C(c2ccc(cc2)*)=O)ccc1)c1ccc(S(=O)(=O)*)cc1,51,3.0904274,valid,True
3410,clean_transformer,9,False,*c1ccc(cc1)C(c1cccc(c1)C(=O)c1ccc(cc1)S(=O)(*)=O)=O,51,3.180007,valid,True
3410,clean_transformer,10,False,c1c(cc(cc1)C(c1ccc(cc1)*)=O)C(=O)c1ccc(cc1)S(=O)(=O)*,53,2.9498491,valid,True
3410,defended_transformer,0,True,[*]c1ccc(C(=O)c2cccc(C(=O)c3ccc(S([*])(=O)=O)cc3)c2)cc1,51,3.3459115,valid,True
3410,defended_transformer,1,False,c1(ccc(cc1)C(c1cc(C(c2ccc(S(=O)(=O)*)cc2)=O)ccc1)=O)*,53,3.3463387,valid,True
3410,defended_transformer,2,False,S(=O)(*)(=O)c1ccc(cc1)C(=O)c1cc(C(=O)c2ccc(cc2)*)ccc1,53,2.8622293,valid,True
3410,defended_transformer,3,False,c1c(C(c2ccc(cc2)*)=O)cc(cc1)C(c1ccc(S(*)(=O)=O)cc1)=O,53,3.2228584,valid,True
3410,defended_transformer,4,False,c1c(ccc(S(*)(=O)=O)c1)C(=O)c1cccc(c1)C(c1ccc(*)cc1)=O,53,3.319921,valid,True
3410,defended_transformer,5,False,c1c(C(c2ccc(cc2)S(=O)(*)=O)=O)cccc1C(c1ccc(cc1)*)=O,51,3.2318099,valid,True
3410,defended_transformer,6,False,c1(ccc(S(=O)(=O)*)cc1)C(c1cc(C(c2ccc(*)cc2)=O)ccc1)=O,53,3.5784745,valid,True
3410,defended_transformer,7,False,c1cc(ccc1S(=O)(*)=O)C(c1cccc(c1)C(=O)c1ccc(*)cc1)=O,51,3.4832752,valid,True
3410,defended_transformer,8,False,O=C(c1cc(C(c2ccc(cc2)*)=O)ccc1)c1ccc(S(=O)(=O)*)cc1,51,2.8239841,valid,True
3410,defended_transformer,9,False,*c1ccc(cc1)C(c1cccc(c1)C(=O)c1ccc(cc1)S(=O)(*)=O)=O,51,2.8276272,valid,True
3410,defended_transformer,10,False,c1c(cc(cc1)C(c1ccc(cc1)*)=O)C(=O)c1ccc(cc1)S(=O)(=O)*,53,3.3111596,valid,True
3300,clean_transformer,0,True,[*]CNCC(S1)=CC=C1[*],16,4.1421056,valid,True
3300,clean_transformer,1,False,C(*)NCc1ccc(s1)*,16,3.5493987,valid,True
3300,clean_transformer,2,False,c1c(*)sc(c1)CNC*,16,3.088621,valid,True
3300,clean_transformer,3,False,c1c(sc(CNC*)c1)*,16,3.981249,valid,True
3300,clean_transformer,4,False,*c1sc(CNC*)cc1,14,1.553093,valid,True
3300,clean_transformer,5,False,C(NC*)c1ccc(s1)*,16,3.9717824,valid,True
3300,clean_transformer,6,False,*CNCc1ccc(*)s1,14,3.7729957,valid,True
3300,clean_transformer,7,False,c1c(sc(c1)*)CNC*,16,3.0652678,valid,True
3300,clean_transformer,8,False,c1c(sc(c1)CNC*)*,16,3.9048064,valid,True
3300,clean_transformer,9,False,c1(CNC*)ccc(*)s1,16,2.975799,valid,True
3300,clean_transformer,10,False,*c1ccc(CNC*)s1,14,2.9116263,valid,True
3300,defended_transformer,0,True,[*]CNCC(S1)=CC=C1[*],16,4.4405217,valid,True
3300,defended_transformer,1,False,C(*)NCc1ccc(s1)*,16,4.2161694,valid,True
3300,defended_transformer,2,False,c1c(*)sc(c1)CNC*,16,2.3045998,valid,True
3300,defended_transformer,3,False,c1c(sc(CNC*)c1)*,16,4.266521,valid,True
3300,defended_transformer,4,False,*c1sc(CNC*)cc1,14,2.8844411,valid,True
3300,defended_transformer,5,False,C(NC*)c1ccc(s1)*,16,3.484797,valid,True
3300,defended_transformer,6,False,*CNCc1ccc(*)s1,14,2.692427,valid,True
3300,defended_transformer,7,False,c1c(sc(c1)*)CNC*,16,3.1913834,valid,True
3300,defended_transformer,8,False,c1c(sc(c1)CNC*)*,16,4.0933247,valid,True
3300,defended_transformer,9,False,c1(CNC*)ccc(*)s1,16,4.982262,valid,True
3300,defended_transformer,10,False,*c1ccc(CNC*)s1,14,3.0388947,valid,True
3370,clean_transformer,0,True,[*]C(=O)SSCCCCCCSSC(=O)N1CCN([*])CC1,32,4.7548194,valid,True
3370,clean_transformer,1,False,C(SSCCCCCCSSC(*)=O)(N1CCN(CC1)*)=O,34,4.8558307,valid,True
3370,clean_transformer,2,False,C(=O)(*)SSCCCCCCSSC(=O)N1CCN(CC1)*,34,3.6656504,valid,True
3370,clean_transformer,3,False,O=C(SSCCCCCCSSC(*)=O)N1CCN(CC1)*,32,3.513753,valid,True
3370,clean_transformer,4,False,S(SC(*)=O)CCCCCCSSC(=O)N1CCN(CC1)*,34,4.7222686,valid,True
3370,clean_transformer,5,False,N1(*)CCN(CC1)C(=O)SSCCCCCCSSC(=O)*,34,4.4386063,valid,True
3370,clean_transformer,6,False,C(CCCCCSSC(N1CCN(CC1)*)=O)SSC(*)=O,34,4.518681,valid,True
3370,clean_transformer,7,False,C1CN(CCN1C(SSCCCCCCSSC(=O)*)=O)*,32,4.4084144,valid,True
3370,clean_transformer,8,False,C(CCSSC(N1CCN(CC1)*)=O)CCCSSC(*)=O,34,3.91962,valid,True
3370,clean_transformer,9,False,S(SCCCCCCSSC(=O)*)C(N1CCN(*)CC1)=O,34,4.7506876,valid,True
3370,clean_transformer,10,False,O=C(SSCCCCCCSSC(=O)N1CCN(*)CC1)*,32,3.0562959,valid,True
3370,defended_transformer,0,True,[*]C(=O)SSCCCCCCSSC(=O)N1CCN([*])CC1,32,4.4210696,valid,True
3370,defended_transformer,1,False,C(SSCCCCCCSSC(*)=O)(N1CCN(CC1)*)=O,34,5.4395146,valid,True
3370,defended_transformer,2,False,C(=O)(*)SSCCCCCCSSC(=O)N1CCN(CC1)*,34,3.7917993,valid,True
3370,defended_transformer,3,False,O=C(SSCCCCCCSSC(*)=O)N1CCN(CC1)*,32,3.8968108,valid,True
3370,defended_transformer,4,False,S(SC(*)=O)CCCCCCSSC(=O)N1CCN(CC1)*,34,4.244074,valid,True
3370,defended_transformer,5,False,N1(*)CCN(CC1)C(=O)SSCCCCCCSSC(=O)*,34,4.8832254,valid,True
3370,defended_transformer,6,False,C(CCCCCSSC(N1CCN(CC1)*)=O)SSC(*)=O,34,5.30925,valid,True
3370,defended_transformer,7,False,C1CN(CCN1C(SSCCCCCCSSC(=O)*)=O)*,32,5.2267942,valid,True
3370,defended_transformer,8,False,C(CCSSC(N1CCN(CC1)*)=O)CCCSSC(*)=O,34,4.02177,valid,True
3370,defended_transformer,9,False,S(SCCCCCCSSC(=O)*)C(N1CCN(*)CC1)=O,34,5.112496,valid,True
3370,defended_transformer,10,False,O=C(SSCCCCCCSSC(=O)N1CCN(*)CC1)*,32,3.3730555,valid,True
3320,clean_transformer,0,True,[*]CCCCCOC(=O)NCCSCCSCCNC(=O)O[*],29,4.9098587,valid,True
3320,clean_transformer,1,False,O=C(O*)NCCSCCSCCNC(=O)OCCCCC*,29,4.5527506,valid,True
3320,clean_transformer,2,False,N(CCSCCSCCNC(OCCCCC*)=O)C(=O)O*,31,5.632358,valid,True
3320,clean_transformer,3,False,O=C(OCCCCC*)NCCSCCSCCNC(=O)O*,29,3.8518543,valid,True
3320,clean_transformer,4,False,C(CC*)CCOC(NCCSCCSCCNC(=O)O*)=O,31,5.701667,valid,True
3320,clean_transformer,5,False,C(CC*)CCOC(=O)NCCSCCSCCNC(=O)O*,31,5.18621,valid,True
3320,clean_transformer,6,False,C(SCCNC(=O)OCCCCC*)CSCCNC(O*)=O,31,5.400683,valid,True
3320,clean_transformer,7,False,C(SCCSCCNC(OCCCCC*)=O)CNC(O*)=O,31,5.079725,valid,True
3320,clean_transformer,8,False,O=C(NCCSCCSCCNC(O*)=O)OCCCCC*,29,4.705134,valid,True
3320,clean_transformer,9,False,C(CSCCSCCNC(=O)OCCCCC*)NC(O*)=O,31,5.6346197,valid,True
3320,clean_transformer,10,False,C(CCCCOC(NCCSCCSCCNC(=O)O*)=O)*,31,5.283489,valid,True
3320,defended_transformer,0,True,[*]CCCCCOC(=O)NCCSCCSCCNC(=O)O[*],29,5.4898095,valid,True
3320,defended_transformer,1,False,O=C(O*)NCCSCCSCCNC(=O)OCCCCC*,29,5.155695,valid,True
3320,defended_transformer,2,False,N(CCSCCSCCNC(OCCCCC*)=O)C(=O)O*,31,5.8524303,valid,True
3320,defended_transformer,3,False,O=C(OCCCCC*)NCCSCCSCCNC(=O)O*,29,4.9241223,valid,True
3320,defended_transformer,4,False,C(CC*)CCOC(NCCSCCSCCNC(=O)O*)=O,31,5.6669884,valid,True
3320,defended_transformer,5,False,C(CC*)CCOC(=O)NCCSCCSCCNC(=O)O*,31,5.6848383,valid,True
3320,defended_transformer,6,False,C(SCCNC(=O)OCCCCC*)CSCCNC(O*)=O,31,5.453476,valid,True
3320,defended_transformer,7,False,C(SCCSCCNC(OCCCCC*)=O)CNC(O*)=O,31,5.491528,valid,True
3320,defended_transformer,8,False,O=C(NCCSCCSCCNC(O*)=O)OCCCCC*,29,5.1770177,valid,True
3320,defended_transformer,9,False,C(CSCCSCCNC(=O)OCCCCC*)NC(O*)=O,31,5.6105676,valid,True
3320,defended_transformer,10,False,C(CCCCOC(NCCSCCSCCNC(=O)O*)=O)*,31,6.0996547,valid,True
3488,clean_transformer,0,True,[*]C1C=C(C)C([*])C1,15,5.3325977,valid,True
3488,clean_transformer,1,False,CC1=CC(*)CC1*,13,5.426698,valid,True
3488,clean_transformer,2,False,C1(C(CC(C=1)*)*)C,17,5.3922663,valid,True
3488,clean_transformer,3,False,*C1C(C)=CC(*)C1,15,4.7484407,valid,True
3488,clean_transformer,4,False,*C1C(C)=CC(C1)*,15,4.9772243,valid,True
3488,clean_transformer,5,False,*C1C=C(C)C(C1)*,15,4.7495646,valid,True
3488,clean_transformer,6,False,C1C(*)C=C(C)C1*,15,4.979409,valid,True
3488,clean_transformer,7,False,C1(C=C(C(*)C1)C)*,17,4.5685234,valid,True
3488,clean_transformer,8,False,C1(C)C(CC(C=1)*)*,17,4.604893,valid,True
3488,clean_transformer,9,False,C1C(C(C)=CC1*)*,15,4.956347,valid,True
3488,clean_transformer,10,False,C1C(*)C(C)=CC1*,15,4.90915,valid,True
3488,defended_transformer,0,True,[*]C1C=C(C)C([*])C1,15,4.839078,valid,True
3488,defended_transformer,1,False,CC1=CC(*)CC1*,13,5.31764,valid,True
3488,defended_transformer,2,False,C1(C(CC(C=1)*)*)C,17,5.4076834,valid,True
3488,defended_transformer,3,False,*C1C(C)=CC(*)C1,15,4.805936,valid,True
3488,defended_transformer,4,False,*C1C(C)=CC(C1)*,15,4.75547,valid,True
3488,defended_transformer,5,False,*C1C=C(C)C(C1)*,15,4.714556,valid,True
3488,defended_transformer,6,False,C1C(*)C=C(C)C1*,15,4.599434,valid,True
3488,defended_transformer,7,False,C1(C=C(C(*)C1)C)*,17,4.724317,valid,True
3488,defended_transformer,8,False,C1(C)C(CC(C=1)*)*,17,4.4154196,valid,True
3488,defended_transformer,9,False,C1C(C(C)=CC1*)*,15,4.514699,valid,True
3488,defended_transformer,10,False,C1C(*)C(C)=CC1*,15,4.4168634,valid,True
3319,clean_transformer,0,True,[*]CC([*])C(=O)N(O)c1ccc(C)cc1,26,4.4063215,valid,True
3319,clean_transformer,1,False,C(C(*)C*)(N(c1ccc(cc1)C)O)=O,28,5.022089,valid,True
3319,clean_transformer,2,False,*C(C(N(O)c1ccc(cc1)C)=O)C*,26,4.509235,valid,True
3319,clean_transformer,3,False,c1cc(N(O)C(=O)C(*)C*)ccc1C,26,4.1342344,valid,True
3319,clean_transformer,4,False,C(=O)(C(*)C*)N(O)c1ccc(cc1)C,28,3.580962,valid,True
3319,clean_transformer,5,False,*CC(C(N(c1ccc(cc1)C)O)=O)*,26,5.4740357,valid,True
3319,clean_transformer,6,False,N(O)(c1ccc(C)cc1)C(=O)C(C*)*,28,4.8971844,valid,True
3319,clean_transformer,7,False,C(N(c1ccc(C)cc1)O)(C(C*)*)=O,28,5.224726,valid,True
3319,clean_transformer,8,False,c1c(ccc(N(O)C(=O)C(C*)*)c1)C,28,4.436654,valid,True
3319,clean_transformer,9,False,*CC(*)C(=O)N(O)c1ccc(cc1)C,26,4.4563956,valid,True
3319,clean_transformer,10,False,ON(c1ccc(cc1)C)C(C(*)C*)=O,26,5.0064254,valid,True
3319,defended_transformer,0,True,[*]CC([*])C(=O)N(O)c1ccc(C)cc1,26,4.198661,valid,True
3319,defended_transformer,1,False,C(C(*)C*)(N(c1ccc(cc1)C)O)=O,28,4.5931706,valid,True
3319,defended_transformer,2,False,*C(C(N(O)c1ccc(cc1)C)=O)C*,26,4.8987565,valid,True
3319,defended_transformer,3,False,c1cc(N(O)C(=O)C(*)C*)ccc1C,26,4.303179,valid,True
3319,defended_transformer,4,False,C(=O)(C(*)C*)N(O)c1ccc(cc1)C,28,4.046178,valid,True
3319,defended_transformer,5,False,*CC(C(N(c1ccc(cc1)C)O)=O)*,26,4.4009824,valid,True
3319,defended_transformer,6,False,N(O)(c1ccc(C)cc1)C(=O)C(C*)*,28,4.199196,valid,True
3319,defended_transformer,7,False,C(N(c1ccc(C)cc1)O)(C(C*)*)=O,28,4.4700804,valid,True
3319,defended_transformer,8,False,c1c(ccc(N(O)C(=O)C(C*)*)c1)C,28,4.751753,valid,True
3319,defended_transformer,9,False,*CC(*)C(=O)N(O)c1ccc(cc1)C,26,3.2495,valid,True
3319,defended_transformer,10,False,ON(c1ccc(cc1)C)C(C(*)C*)=O,26,4.114706,valid,True
3570,clean_transformer,0,True,[*]C=Cc1ccc([*])s1,14,2.9298444,valid,True
3570,clean_transformer,1,False,c1(C=C*)ccc(s1)*,16,3.0331776,valid,True
3570,clean_transformer,2,False,c1cc(sc1*)C=C*,14,2.41821,valid,True
3570,clean_transformer,3,False,c1c(*)sc(C=C*)c1,16,1.4760427,valid,True
3570,clean_transformer,4,False,c1(sc(C=C*)cc1)*,16,1.4895763,valid,True
3570,clean_transformer,5,False,s1c(ccc1C=C*)*,14,1.1193738,valid,True
3570,clean_transformer,6,False,*C=Cc1ccc(*)s1,14,2.6677551,valid,True
3570,clean_transformer,7,False,c1c(sc(c1)*)C=C*,16,2.3193727,valid,True
3570,clean_transformer,8,False,C(*)=Cc1ccc(s1)*,16,3.148837,valid,True
3570,clean_transformer,9,False,*c1ccc(C=C*)s1,14,1.8156087,valid,True
3570,clean_transformer,10,False,c1(sc(cc1)C=C*)*,16,1.5351698,valid,True
3570,defended_transformer,0,True,[*]C=Cc1ccc([*])s1,14,2.8437872,valid,True
3570,defended_transformer,1,False,c1(C=C*)ccc(s1)*,16,4.1279907,valid,True
3570,defended_transformer,2,False,c1cc(sc1*)C=C*,14,1.9761727,valid,True
3570,defended_transformer,3,False,c1c(*)sc(C=C*)c1,16,1.933377,valid,True
3570,defended_transformer,4,False,c1(sc(C=C*)cc1)*,16,1.3749037,valid,True
3570,defended_transformer,5,False,s1c(ccc1C=C*)*,14,2.643651,valid,True
3570,defended_transformer,6,False,*C=Cc1ccc(*)s1,14,1.8680558,valid,True
3570,defended_transformer,7,False,c1c(sc(c1)*)C=C*,16,2.4094892,valid,True
3570,defended_transformer,8,False,C(*)=Cc1ccc(s1)*,16,3.6297054,valid,True
3570,defended_transformer,9,False,*c1ccc(C=C*)s1,14,2.5956068,valid,True
3570,defended_transformer,10,False,c1(sc(cc1)C=C*)*,16,1.6129477,valid,True
3012,clean_transformer,0,True,[*]C(=O)OCCOC(=O)c1ccc([*])o1,25,4.1597915,valid,True
3012,clean_transformer,1,False,c1(ccc(C(OCCOC(*)=O)=O)o1)*,27,3.8942862,valid,True
3012,clean_transformer,2,False,C(COC(=O)*)OC(=O)c1ccc(o1)*,27,5.1143374,valid,True
3012,clean_transformer,3,False,c1c(*)oc(C(OCCOC(=O)*)=O)c1,27,4.74871,valid,True
3012,clean_transformer,4,False,O=C(OCCOC(*)=O)c1ccc(o1)*,25,3.9642653,valid,True
3012,clean_transformer,5,False,O(CCOC(*)=O)C(=O)c1ccc(*)o1,27,4.8933034,valid,True
3012,clean_transformer,6,False,o1c(ccc1*)C(=O)OCCOC(*)=O,25,4.5193067,valid,True
3012,clean_transformer,7,False,c1c(oc(c1)C(=O)OCCOC(=O)*)*,27,5.0911527,valid,True
3012,clean_transformer,8,False,C(=O)(*)OCCOC(c1ccc(*)o1)=O,27,3.2113008,valid,True
3012,clean_transformer,9,False,*C(=O)OCCOC(c1ccc(o1)*)=O,25,4.4992642,valid,True
3012,clean_transformer,10,False,c1(oc(*)cc1)C(=O)OCCOC(=O)*,27,4.308402,valid,True
3012,defended_transformer,0,True,[*]C(=O)OCCOC(=O)c1ccc([*])o1,25,5.1653748,valid,True
3012,defended_transformer,1,False,c1(ccc(C(OCCOC(*)=O)=O)o1)*,27,4.228116,valid,True
3012,defended_transformer,2,False,C(COC(=O)*)OC(=O)c1ccc(o1)*,27,4.985603,valid,True
3012,defended_transformer,3,False,c1c(*)oc(C(OCCOC(=O)*)=O)c1,27,3.9555676,valid,True
3012,defended_transformer,4,False,O=C(OCCOC(*)=O)c1ccc(o1)*,25,4.251546,valid,True
3012,defended_transformer,5,False,O(CCOC(*)=O)C(=O)c1ccc(*)o1,27,4.7052884,valid,True
3012,defended_transformer,6,False,o1c(ccc1*)C(=O)OCCOC(*)=O,25,4.0530734,valid,True
3012,defended_transformer,7,False,c1c(oc(c1)C(=O)OCCOC(=O)*)*,27,4.994352,valid,True
3012,defended_transformer,8,False,C(=O)(*)OCCOC(c1ccc(*)o1)=O,27,3.7527213,valid,True
3012,defended_transformer,9,False,*C(=O)OCCOC(c1ccc(o1)*)=O,25,5.033382,valid,True
3012,defended_transformer,10,False,c1(oc(*)cc1)C(=O)OCCOC(=O)*,27,4.436631,valid,True
3186,clean_transformer,0,True,[*]OC(F)(F)OC(F)(F)C([*])(F)F,25,9.078681,valid,True
3186,clean_transformer,1,False,FC(O*)(F)OC(F)(C(F)(F)*)F,25,7.605151,valid,True
3186,clean_transformer,2,False,C(F)(F)(OC(O*)(F)F)C(*)(F)F,27,6.906706,valid,True
3186,clean_transformer,3,False,C(OC(F)(F)O*)(F)(F)C(F)(F)*,27,8.263537,valid,True
3186,clean_transformer,4,False,C(*)(C(F)(F)OC(F)(O*)F)(F)F,27,8.320999,valid,True
3186,clean_transformer,5,False,*C(F)(C(F)(OC(F)(O*)F)F)F,25,8.468923,valid,True
3186,clean_transformer,6,False,O(*)C(OC(F)(F)C(F)(*)F)(F)F,27,7.4478884,valid,True
3186,clean_transformer,7,False,C(F)(F)(O*)OC(C(F)(F)*)(F)F,27,6.8399935,valid,True
3186,clean_transformer,8,False,FC(F)(C(F)(OC(O*)(F)F)F)*,25,8.340291,valid,True
3186,clean_transformer,9,False,*C(C(F)(F)OC(O*)(F)F)(F)F,25,8.068252,valid,True
3186,clean_transformer,10,False,FC(*)(C(F)(F)OC(O*)(F)F)F,25,7.677783,valid,True
3186,defended_transformer,0,True,[*]OC(F)(F)OC(F)(F)C([*])(F)F,25,7.694727,valid,True
3186,defended_transformer,1,False,FC(O*)(F)OC(F)(C(F)(F)*)F,25,7.885764,valid,True
3186,defended_transformer,2,False,C(F)(F)(OC(O*)(F)F)C(*)(F)F,27,8.0932865,valid,True
3186,defended_transformer,3,False,C(OC(F)(F)O*)(F)(F)C(F)(F)*,27,7.2963223,valid,True
3186,defended_transformer,4,False,C(*)(C(F)(F)OC(F)(O*)F)(F)F,27,7.5898905,valid,True
3186,defended_transformer,5,False,*C(F)(C(F)(OC(F)(O*)F)F)F,25,7.4635057,valid,True
3186,defended_transformer,6,False,O(*)C(OC(F)(F)C(F)(*)F)(F)F,27,7.008396,valid,True
3186,defended_transformer,7,False,C(F)(F)(O*)OC(C(F)(F)*)(F)F,27,7.541405,valid,True
3186,defended_transformer,8,False,FC(F)(C(F)(OC(O*)(F)F)F)*,25,8.065521,valid,True
3186,defended_transformer,9,False,*C(C(F)(F)OC(O*)(F)F)(F)F,25,7.319123,valid,True
3186,defended_transformer,10,False,FC(*)(C(F)(F)OC(O*)(F)F)F,25,7.8313856,valid,True
3419,clean_transformer,0,True,[*]Cc1ccc(COC(=O)CCCCCC(=O)O[*])cc1,31,5.351326,valid,True
3419,clean_transformer,1,False,C(=O)(O*)CCCCCC(=O)OCc1ccc(cc1)C*,33,4.0994296,valid,True
3419,clean_transformer,2,False,C(CC(O*)=O)CCCC(=O)OCc1ccc(cc1)C*,33,4.791684,valid,True
3419,clean_transformer,3,False,C(=O)(CCCCCC(OCc1ccc(C*)cc1)=O)O*,33,3.328695,valid,True
3419,clean_transformer,4,False,c1c(C*)ccc(COC(CCCCCC(O*)=O)=O)c1,33,5.2305813,valid,True
3419,clean_transformer,5,False,C(CCCCC(OCc1ccc(C*)cc1)=O)C(=O)O*,33,5.2043195,valid,True
3419,clean_transformer,6,False,c1(COC(=O)CCCCCC(=O)O*)ccc(cc1)C*,33,4.5501924,valid,True
3419,clean_transformer,7,False,O=C(OCc1ccc(cc1)C*)CCCCCC(O*)=O,31,4.4694037,valid,True
3419,clean_transformer,8,False,O=C(OCc1ccc(C*)cc1)CCCCCC(=O)O*,31,3.358058,valid,True
3419,clean_transformer,9,False,C(C(=O)OCc1ccc(cc1)C*)CCCCC(=O)O*,33,5.243385,valid,True
3419,clean_transformer,10,False,O(*)C(CCCCCC(=O)OCc1ccc(cc1)C*)=O,33,4.582867,valid,True
3419,defended_transformer,0,True,[*]Cc1ccc(COC(=O)CCCCCC(=O)O[*])cc1,31,5.2102,valid,True
3419,defended_transformer,1,False,C(=O)(O*)CCCCCC(=O)OCc1ccc(cc1)C*,33,4.189145,valid,True
3419,defended_transformer,2,False,C(CC(O*)=O)CCCC(=O)OCc1ccc(cc1)C*,33,4.170254,valid,True
3419,defended_transformer,3,False,C(=O)(CCCCCC(OCc1ccc(C*)cc1)=O)O*,33,3.7909162,valid,True
3419,defended_transformer,4,False,c1c(C*)ccc(COC(CCCCCC(O*)=O)=O)c1,33,4.7478013,valid,True
3419,defended_transformer,5,False,C(CCCCC(OCc1ccc(C*)cc1)=O)C(=O)O*,33,5.2043185,valid,True
3419,defended_transformer,6,False,c1(COC(=O)CCCCCC(=O)O*)ccc(cc1)C*,33,3.782748,valid,True
3419,defended_transformer,7,False,O=C(OCc1ccc(cc1)C*)CCCCCC(O*)=O,31,4.0892906,valid,True
3419,defended_transformer,8,False,O=C(OCc1ccc(C*)cc1)CCCCCC(=O)O*,31,4.366631,valid,True
3419,defended_transformer,9,False,C(C(=O)OCc1ccc(cc1)C*)CCCCC(=O)O*,33,4.785307,valid,True
3419,defended_transformer,10,False,O(*)C(CCCCCC(=O)OCc1ccc(cc1)C*)=O,33,4.153174,valid,True
3386,clean_transformer,0,True,[*]OC(=O)c1ccc(C(=O)Oc2ccc3c(c2)Oc2cc([*])ccc2C32c3ccccc3-c3ccccc32)cc1,67,3.288076,valid,True
3386,clean_transformer,1,False,C(Oc1ccc2C3(c4ccccc4-c4ccccc43)c3ccc(*)cc3Oc2c1)(=O)c1ccc(C(=O)O*)cc1,69,3.3591547,valid,True
3386,clean_transformer,2,False,O(C(=O)c1ccc(cc1)C(O*)=O)c1cc2c(C3(c4c(cc(cc4)*)O2)c2ccccc2-c2c3cccc2)cc1,73,3.5629742,valid,True
3386,clean_transformer,3,False,c12-c3c(C4(c5c(Oc6cc(OC(=O)c7ccc(cc7)C(=O)O*)ccc64)cc(cc5)*)c1cccc2)cccc3,73,3.156041,valid,True
3386,clean_transformer,4,False,c1c2Oc3cc(*)ccc3C3(c2ccc1OC(=O)c1ccc(cc1)C(O*)=O)c1ccccc1-c1ccccc31,67,3.1551843,valid,True
3386,clean_transformer,5,False,c1c(OC(=O)c2ccc(C(O*)=O)cc2)ccc2c1Oc1cc(ccc1C21c2c(-c3c1cccc3)cccc2)*,69,2.740641,valid,True
3386,clean_transformer,6,False,c1cc2c(Oc3c(ccc(*)c3)C32c2ccccc2-c2c3cccc2)cc1OC(c1ccc(C(O*)=O)cc1)=O,69,3.8847017,valid,True
3386,clean_transformer,7,False,C(c1ccc(cc1)C(=O)Oc1cc2Oc3cc(*)ccc3C3(c2cc1)c1c(cccc1)-c1ccccc13)(O*)=O,71,3.6556041,valid,True
3386,clean_transformer,8,False,c1cc(OC(=O)c2ccc(cc2)C(O*)=O)cc2c1C1(c3ccccc3-c3c1cccc3)c1ccc(*)cc1O2,69,2.8273668,valid,True
3386,clean_transformer,9,False,c1(cc2c(cc1)C1(c3c(O2)cc(cc3)*)c2ccccc2-c2c1cccc2)OC(c1ccc(cc1)C(=O)O*)=O,73,3.454616,valid,True
3386,clean_transformer,10,False,c1cc2c(Oc3cc(*)ccc3C32c2c(-c4ccccc43)cccc2)cc1OC(c1ccc(cc1)C(=O)O*)=O,69,2.7882037,valid,True
3386,defended_transformer,0,True,[*]OC(=O)c1ccc(C(=O)Oc2ccc3c(c2)Oc2cc([*])ccc2C32c3ccccc3-c3ccccc32)cc1,67,3.4652567,valid,True
3386,defended_transformer,1,False,C(Oc1ccc2C3(c4ccccc4-c4ccccc43)c3ccc(*)cc3Oc2c1)(=O)c1ccc(C(=O)O*)cc1,69,2.6880522,valid,True
3386,defended_transformer,2,False,O(C(=O)c1ccc(cc1)C(O*)=O)c1cc2c(C3(c4c(cc(cc4)*)O2)c2ccccc2-c2c3cccc2)cc1,73,2.890644,valid,True
3386,defended_transformer,3,False,c12-c3c(C4(c5c(Oc6cc(OC(=O)c7ccc(cc7)C(=O)O*)ccc64)cc(cc5)*)c1cccc2)cccc3,73,2.6701732,valid,True
3386,defended_transformer,4,False,c1c2Oc3cc(*)ccc3C3(c2ccc1OC(=O)c1ccc(cc1)C(O*)=O)c1ccccc1-c1ccccc31,67,2.8674994,valid,True
3386,defended_transformer,5,False,c1c(OC(=O)c2ccc(C(O*)=O)cc2)ccc2c1Oc1cc(ccc1C21c2c(-c3c1cccc3)cccc2)*,69,2.718384,valid,True
3386,defended_transformer,6,False,c1cc2c(Oc3c(ccc(*)c3)C32c2ccccc2-c2c3cccc2)cc1OC(c1ccc(C(O*)=O)cc1)=O,69,3.0986967,valid,True
3386,defended_transformer,7,False,C(c1ccc(cc1)C(=O)Oc1cc2Oc3cc(*)ccc3C3(c2cc1)c1c(cccc1)-c1ccccc13)(O*)=O,71,3.3366468,valid,True
3386,defended_transformer,8,False,c1cc(OC(=O)c2ccc(cc2)C(O*)=O)cc2c1C1(c3ccccc3-c3c1cccc3)c1ccc(*)cc1O2,69,2.3843312,valid,True
3386,defended_transformer,9,False,c1(cc2c(cc1)C1(c3c(O2)cc(cc3)*)c2ccccc2-c2c1cccc2)OC(c1ccc(cc1)C(=O)O*)=O,73,2.5494494,valid,True
3386,defended_transformer,10,False,c1cc2c(Oc3cc(*)ccc3C32c2c(-c4ccccc43)cccc2)cc1OC(c1ccc(cc1)C(=O)O*)=O,69,2.657844,valid,True
3477,clean_transformer,0,True,[*]CC(C=C1)=CC=C1C(S2)=CC=C2C(C=C3)=CC=C3[*],40,3.389341,valid,True
3477,clean_transformer,1,False,c1c(C*)ccc(-c2ccc(-c3ccc(*)cc3)s2)c1,36,3.8156452,valid,True
3477,clean_transformer,2,False,c1cc(-c2sc(-c3ccc(C*)cc3)cc2)ccc1*,34,1.8648283,valid,True
3477,clean_transformer,3,False,c1(-c2sc(-c3ccc(*)cc3)cc2)ccc(C*)cc1,36,4.3673043,valid,True
3477,clean_transformer,4,False,c1(-c2ccc(s2)-c2ccc(*)cc2)ccc(C*)cc1,36,3.717537,valid,True
3477,clean_transformer,5,False,c1(sc(-c2ccc(C*)cc2)cc1)-c1ccc(*)cc1,36,2.3500543,valid,True
3477,clean_transformer,6,False,c1cc(ccc1C*)-c1sc(-c2ccc(*)cc2)cc1,34,3.0186844,valid,True
3477,clean_transformer,7,False,*Cc1ccc(cc1)-c1sc(-c2ccc(cc2)*)cc1,34,2.969995,valid,True
3477,clean_transformer,8,False,c1c(-c2ccc(s2)-c2ccc(cc2)C*)ccc(c1)*,36,3.27916,valid,True
3477,clean_transformer,9,False,c1c(*)ccc(c1)-c1sc(-c2ccc(C*)cc2)cc1,36,2.9000404,valid,True
3477,clean_transformer,10,False,*c1ccc(-c2ccc(s2)-c2ccc(cc2)C*)cc1,34,2.850331,valid,True
3477,defended_transformer,0,True,[*]CC(C=C1)=CC=C1C(S2)=CC=C2C(C=C3)=CC=C3[*],40,3.160763,valid,True
3477,defended_transformer,1,False,c1c(C*)ccc(-c2ccc(-c3ccc(*)cc3)s2)c1,36,3.4304974,valid,True
3477,defended_transformer,2,False,c1cc(-c2sc(-c3ccc(C*)cc3)cc2)ccc1*,34,2.8415637,valid,True
3477,defended_transformer,3,False,c1(-c2sc(-c3ccc(*)cc3)cc2)ccc(C*)cc1,36,3.3368607,valid,True
3477,defended_transformer,4,False,c1(-c2ccc(s2)-c2ccc(*)cc2)ccc(C*)cc1,36,2.7591903,valid,True
3477,defended_transformer,5,False,c1(sc(-c2ccc(C*)cc2)cc1)-c1ccc(*)cc1,36,2.6856444,valid,True
3477,defended_transformer,6,False,c1cc(ccc1C*)-c1sc(-c2ccc(*)cc2)cc1,34,2.213904,valid,True
3477,defended_transformer,7,False,*Cc1ccc(cc1)-c1sc(-c2ccc(cc2)*)cc1,34,3.4119382,valid,True
3477,defended_transformer,8,False,c1c(-c2ccc(s2)-c2ccc(cc2)C*)ccc(c1)*,36,2.622415,valid,True
3477,defended_transformer,9,False,c1c(*)ccc(c1)-c1sc(-c2ccc(C*)cc2)cc1,36,2.9967592,valid,True
3477,defended_transformer,10,False,*c1ccc(-c2ccc(s2)-c2ccc(cc2)C*)cc1,34,3.0796409,valid,True
3103,clean_transformer,0,True,[*]c1cccc(S(=O)(=O)NCCCCCNS([*])(=O)=O)c1,37,4.80054,valid,True
3103,clean_transformer,1,False,O=S(NCCCCCNS(=O)(=O)c1cccc(c1)*)(*)=O,37,3.2956893,valid,True
3103,clean_transformer,2,False,*S(NCCCCCNS(=O)(c1cc(*)ccc1)=O)(=O)=O,37,3.8811107,valid,True
3103,clean_transformer,3,False,C(CNS(=O)(=O)c1cccc(*)c1)CCCNS(=O)(=O)*,39,3.999789,valid,True
3103,clean_transformer,4,False,O=S(=O)(NCCCCCNS(=O)(=O)*)c1cc(ccc1)*,37,3.0278568,valid,True
3103,clean_transformer,5,False,C(CCNS(c1cccc(*)c1)(=O)=O)CCNS(=O)(*)=O,39,3.3133173,valid,True
3103,clean_transformer,6,False,c1cc(S(=O)(=O)NCCCCCNS(=O)(=O)*)cc(c1)*,39,4.405226,valid,True
3103,clean_transformer,7,False,S(NCCCCCNS(*)(=O)=O)(=O)(=O)c1cc(*)ccc1,39,4.9215713,valid,True
3103,clean_transformer,8,False,c1ccc(*)cc1S(NCCCCCNS(=O)(=O)*)(=O)=O,37,3.5478575,valid,True
3103,clean_transformer,9,False,c1c(cc(S(=O)(NCCCCCNS(=O)(=O)*)=O)cc1)*,39,4.7195344,valid,True
3103,clean_transformer,10,False,C(CNS(*)(=O)=O)CCCNS(c1cc(ccc1)*)(=O)=O,39,2.9643078,valid,True
3103,defended_transformer,0,True,[*]c1cccc(S(=O)(=O)NCCCCCNS([*])(=O)=O)c1,37,4.3109856,valid,True
3103,defended_transformer,1,False,O=S(NCCCCCNS(=O)(=O)c1cccc(c1)*)(*)=O,37,4.159698,valid,True
3103,defended_transformer,2,False,*S(NCCCCCNS(=O)(c1cc(*)ccc1)=O)(=O)=O,37,4.4080906,valid,True
3103,defended_transformer,3,False,C(CNS(=O)(=O)c1cccc(*)c1)CCCNS(=O)(=O)*,39,3.9556384,valid,True
3103,defended_transformer,4,False,O=S(=O)(NCCCCCNS(=O)(=O)*)c1cc(ccc1)*,37,3.6730704,valid,True
3103,defended_transformer,5,False,C(CCNS(c1cccc(*)c1)(=O)=O)CCNS(=O)(*)=O,39,4.0986595,valid,True
3103,defended_transformer,6,False,c1cc(S(=O)(=O)NCCCCCNS(=O)(=O)*)cc(c1)*,39,3.6351087,valid,True
3103,defended_transformer,7,False,S(NCCCCCNS(*)(=O)=O)(=O)(=O)c1cc(*)ccc1,39,4.6420727,valid,True
3103,defended_transformer,8,False,c1ccc(*)cc1S(NCCCCCNS(=O)(=O)*)(=O)=O,37,3.4222798,valid,True
3103,defended_transformer,9,False,c1c(cc(S(=O)(NCCCCCNS(=O)(=O)*)=O)cc1)*,39,3.4704275,valid,True
3103,defended_transformer,10,False,C(CNS(*)(=O)=O)CCCNS(c1cc(ccc1)*)(=O)=O,39,3.668178,valid,True
3443,clean_transformer,0,True,[*]Oc1ccc(C(C)(C)c2ccc(OC([*])=O)c(C(C)C)c2)cc1C(C)C,48,5.0717072,valid,True
3443,clean_transformer,1,False,*C(Oc1ccc(cc1C(C)C)C(c1ccc(c(C(C)C)c1)O*)(C)C)=O,48,4.6685677,valid,True
3443,clean_transformer,2,False,c1(C(c2cc(c(cc2)O*)C(C)C)(C)C)cc(C(C)C)c(OC(=O)*)cc1,52,4.71164,valid,True
3443,clean_transformer,3,False,*Oc1ccc(C(C)(C)c2cc(c(cc2)OC(*)=O)C(C)C)cc1C(C)C,48,4.7197876,valid,True
3443,clean_transformer,4,False,c1(ccc(c(C(C)C)c1)O*)C(C)(c1ccc(OC(=O)*)c(c1)C(C)C)C,52,4.895423,valid,True
3443,clean_transformer,5,False,CC(C)c1cc(C(C)(c2cc(C(C)C)c(cc2)OC(*)=O)C)ccc1O*,48,4.654384,valid,True
3443,clean_transformer,6,False,c1(C(C)(c2ccc(OC(*)=O)c(c2)C(C)C)C)ccc(O*)c(c1)C(C)C,52,4.658186,valid,True
3443,clean_transformer,7,False,CC(c1cc(C(C)(c2ccc(c(C(C)C)c2)OC(*)=O)C)ccc1O*)C,48,5.124738,valid,True
3443,clean_transformer,8,False,O(C(*)=O)c1c(cc(C(c2ccc(c(c2)C(C)C)O*)(C)C)cc1)C(C)C,52,4.6541796,valid,True
3443,clean_transformer,9,False,C(C)(c1cc(ccc1OC(=O)*)C(C)(C)c1ccc(c(c1)C(C)C)O*)C,50,5.218346,valid,True
3443,clean_transformer,10,False,c1c(OC(*)=O)c(C(C)C)cc(C(c2cc(c(O*)cc2)C(C)C)(C)C)c1,52,3.8644776,valid,True
3443,defended_transformer,0,True,[*]Oc1ccc(C(C)(C)c2ccc(OC([*])=O)c(C(C)C)c2)cc1C(C)C,48,4.599887,valid,True
3443,defended_transformer,1,False,*C(Oc1ccc(cc1C(C)C)C(c1ccc(c(C(C)C)c1)O*)(C)C)=O,48,4.2184305,valid,True
3443,defended_transformer,2,False,c1(C(c2cc(c(cc2)O*)C(C)C)(C)C)cc(C(C)C)c(OC(=O)*)cc1,52,4.2463975,valid,True
3443,defended_transformer,3,False,*Oc1ccc(C(C)(C)c2cc(c(cc2)OC(*)=O)C(C)C)cc1C(C)C,48,4.789583,valid,True
3443,defended_transformer,4,False,c1(ccc(c(C(C)C)c1)O*)C(C)(c1ccc(OC(=O)*)c(c1)C(C)C)C,52,4.2374706,valid,True
3443,defended_transformer,5,False,CC(C)c1cc(C(C)(c2cc(C(C)C)c(cc2)OC(*)=O)C)ccc1O*,48,4.200911,valid,True
3443,defended_transformer,6,False,c1(C(C)(c2ccc(OC(*)=O)c(c2)C(C)C)C)ccc(O*)c(c1)C(C)C,52,4.15628,valid,True
3443,defended_transformer,7,False,CC(c1cc(C(C)(c2ccc(c(C(C)C)c2)OC(*)=O)C)ccc1O*)C,48,4.3378563,valid,True
3443,defended_transformer,8,False,O(C(*)=O)c1c(cc(C(c2ccc(c(c2)C(C)C)O*)(C)C)cc1)C(C)C,52,4.7961354,valid,True
3443,defended_transformer,9,False,C(C)(c1cc(ccc1OC(=O)*)C(C)(C)c1ccc(c(c1)C(C)C)O*)C,50,4.3108306,valid,True
3443,defended_transformer,10,False,c1c(OC(*)=O)c(C(C)C)cc(C(c2cc(c(O*)cc2)C(C)C)(C)C)c1,52,4.368369,valid,True
3512,clean_transformer,0,True,[*]n1nc(-n2c(=O)c3cc4c(=O)n([*])c(=O)c4cc3c2=O)c2ccccc2c1=O,55,2.9155178,valid,True
3512,clean_transformer,1,False,*n1c(=O)c2ccccc2c(n1)-n1c(=O)c2cc3c(n(*)c(=O)c3cc2c1=O)=O,57,2.4691617,valid,True
3512,clean_transformer,2,False,c12c(c(=O)n(-c3c4c(c(=O)n(n3)*)cccc4)c1=O)cc1c(c2)c(n(*)c1=O)=O,63,2.212658,valid,True
3512,clean_transformer,3,False,c12cc3c(n(*)c(=O)c3cc2c(n(-c2nn(*)c(=O)c3c2cccc3)c1=O)=O)=O,59,2.8969598,valid,True
3512,clean_transformer,4,False,c1(n(c(c2c1cc1c(=O)n(-c3c4ccccc4c(n(n3)*)=O)c(=O)c1c2)=O)*)=O,61,3.0090957,valid,True
3512,clean_transformer,5,False,c12c(=O)n(c(c2cc2c(c1)c(n(-c1nn(*)c(c3c1cccc3)=O)c2=O)=O)=O)*,61,2.513304,valid,True
3512,clean_transformer,6,False,c1(nn(c(c2ccccc21)=O)*)-n1c(=O)c2cc3c(c(=O)n(c3=O)*)cc2c1=O,59,3.1967273,valid,True
3512,clean_transformer,7,False,c12cc3c(=O)n(c(=O)c3cc2c(=O)n(c1=O)-c1nn(*)c(c2c1cccc2)=O)*,59,2.178405,valid,True
3512,clean_transformer,8,False,c1(c2c(c(n1-c1nn(*)c(=O)c3ccccc13)=O)cc1c(c2)c(n(*)c1=O)=O)=O,61,2.257912,valid,True
3512,clean_transformer,9,False,c1cccc2c(nn(*)c(=O)c12)-n1c(=O)c2c(c1=O)cc1c(c(=O)n(c1=O)*)c2,61,3.351543,valid,True
3512,clean_transformer,10,False,c1ccc2c(nn(c(c2c1)=O)*)-n1c(c2c(cc3c(n(c(=O)c3c2)*)=O)c1=O)=O,61,2.618874,valid,True
3512,defended_transformer,0,True,[*]n1nc(-n2c(=O)c3cc4c(=O)n([*])c(=O)c4cc3c2=O)c2ccccc2c1=O,55,2.1053836,valid,True
3512,defended_transformer,1,False,*n1c(=O)c2ccccc2c(n1)-n1c(=O)c2cc3c(n(*)c(=O)c3cc2c1=O)=O,57,2.3709705,valid,True
3512,defended_transformer,2,False,c12c(c(=O)n(-c3c4c(c(=O)n(n3)*)cccc4)c1=O)cc1c(c2)c(n(*)c1=O)=O,63,1.9824879,valid,True
3512,defended_transformer,3,False,c12cc3c(n(*)c(=O)c3cc2c(n(-c2nn(*)c(=O)c3c2cccc3)c1=O)=O)=O,59,2.5711942,valid,True
3512,defended_transformer,4,False,c1(n(c(c2c1cc1c(=O)n(-c3c4ccccc4c(n(n3)*)=O)c(=O)c1c2)=O)*)=O,61,2.2413363,valid,True
3512,defended_transformer,5,False,c12c(=O)n(c(c2cc2c(c1)c(n(-c1nn(*)c(c3c1cccc3)=O)c2=O)=O)=O)*,61,2.3751159,valid,True
3512,defended_transformer,6,False,c1(nn(c(c2ccccc21)=O)*)-n1c(=O)c2cc3c(c(=O)n(c3=O)*)cc2c1=O,59,2.2712283,valid,True
3512,defended_transformer,7,False,c12cc3c(=O)n(c(=O)c3cc2c(=O)n(c1=O)-c1nn(*)c(c2c1cccc2)=O)*,59,1.6550689,valid,True
3512,defended_transformer,8,False,c1(c2c(c(n1-c1nn(*)c(=O)c3ccccc13)=O)cc1c(c2)c(n(*)c1=O)=O)=O,61,2.166842,valid,True
3512,defended_transformer,9,False,c1cccc2c(nn(*)c(=O)c12)-n1c(=O)c2c(c1=O)cc1c(c(=O)n(c1=O)*)c2,61,2.80765,valid,True
3512,defended_transformer,10,False,c1ccc2c(nn(c(c2c1)=O)*)-n1c(c2c(cc3c(n(c(=O)c3c2)*)=O)c1=O)=O,61,2.7557883,valid,True
3259,clean_transformer,0,True,[*]Oc1ccc(CC(C#N)(C#N)Cc2ccc([*])cc2)cc1,36,4.54887,valid,True
3259,clean_transformer,1,False,c1(ccc(cc1)*)CC(C#N)(C#N)Cc1ccc(cc1)O*,38,3.7136314,valid,True
3259,clean_transformer,2,False,c1c(O*)ccc(CC(Cc2ccc(*)cc2)(C#N)C#N)c1,38,3.905128,valid,True
3259,clean_transformer,3,False,c1(ccc(cc1)*)CC(C#N)(C#N)Cc1ccc(O*)cc1,38,4.1670947,valid,True
3259,clean_transformer,4,False,C(C#N)(Cc1ccc(*)cc1)(Cc1ccc(cc1)O*)C#N,38,3.8422475,valid,True
3259,clean_transformer,5,False,c1c(CC(C#N)(Cc2ccc(cc2)*)C#N)ccc(O*)c1,38,3.500631,valid,True
3259,clean_transformer,6,False,c1cc(ccc1O*)CC(C#N)(C#N)Cc1ccc(cc1)*,36,3.540661,valid,True
3259,clean_transformer,7,False,c1(ccc(cc1)CC(Cc1ccc(cc1)O*)(C#N)C#N)*,38,3.6648388,valid,True
3259,clean_transformer,8,False,c1cc(ccc1CC(Cc1ccc(cc1)*)(C#N)C#N)O*,36,2.7540293,valid,True
3259,clean_transformer,9,False,N#CC(Cc1ccc(*)cc1)(C#N)Cc1ccc(O*)cc1,36,2.8492537,valid,True
3259,clean_transformer,10,False,C(c1ccc(cc1)*)C(C#N)(C#N)Cc1ccc(cc1)O*,38,3.298981,valid,True
3259,defended_transformer,0,True,[*]Oc1ccc(CC(C#N)(C#N)Cc2ccc([*])cc2)cc1,36,4.2973723,valid,True
3259,defended_transformer,1,False,c1(ccc(cc1)*)CC(C#N)(C#N)Cc1ccc(cc1)O*,38,2.5545928,valid,True
3259,defended_transformer,2,False,c1c(O*)ccc(CC(Cc2ccc(*)cc2)(C#N)C#N)c1,38,3.2409062,valid,True
3259,defended_transformer,3,False,c1(ccc(cc1)*)CC(C#N)(C#N)Cc1ccc(O*)cc1,38,2.5177143,valid,True
3259,defended_transformer,4,False,C(C#N)(Cc1ccc(*)cc1)(Cc1ccc(cc1)O*)C#N,38,3.2268658,valid,True
3259,defended_transformer,5,False,c1c(CC(C#N)(Cc2ccc(cc2)*)C#N)ccc(O*)c1,38,3.2689042,valid,True
3259,defended_transformer,6,False,c1cc(ccc1O*)CC(C#N)(C#N)Cc1ccc(cc1)*,36,2.5321217,valid,True
3259,defended_transformer,7,False,c1(ccc(cc1)CC(Cc1ccc(cc1)O*)(C#N)C#N)*,38,3.520224,valid,True
3259,defended_transformer,8,False,c1cc(ccc1CC(Cc1ccc(cc1)*)(C#N)C#N)O*,36,2.8435738,valid,True
3259,defended_transformer,9,False,N#CC(Cc1ccc(*)cc1)(C#N)Cc1ccc(O*)cc1,36,2.6485476,valid,True
3259,defended_transformer,10,False,C(c1ccc(cc1)*)C(C#N)(C#N)Cc1ccc(cc1)O*,38,3.4609156,valid,True
3032,clean_transformer,0,True,[*]CCCCCCCCCNC(=O)CC(=O)N[*],24,5.7704635,valid,True
3032,clean_transformer,1,False,C(C(N*)=O)C(=O)NCCCCCCCCC*,26,5.820058,valid,True
3032,clean_transformer,2,False,C(CCCCCCCCNC(=O)CC(N*)=O)*,26,5.7252293,valid,True
3032,clean_transformer,3,False,C(CCCCCCCCNC(CC(N*)=O)=O)*,26,5.874942,valid,True
3032,clean_transformer,4,False,O=C(NCCCCCCCCC*)CC(N*)=O,24,4.105166,valid,True
3032,clean_transformer,5,False,C(CNC(=O)CC(=O)N*)CCCCCCC*,26,5.9484043,valid,True
3032,clean_transformer,6,False,C(CC(=O)N*)(NCCCCCCCCC*)=O,26,5.8059196,valid,True
3032,clean_transformer,7,False,C(*)CCCCCCCCNC(CC(N*)=O)=O,26,5.6195817,valid,True
3032,clean_transformer,8,False,C(NC(CC(=O)N*)=O)CCCCCCCC*,26,5.7009397,valid,True
3032,clean_transformer,9,False,C(CC(N*)=O)(=O)NCCCCCCCCC*,26,5.9831653,valid,True
3032,clean_transformer,10,False,C(C(N*)=O)C(NCCCCCCCCC*)=O,26,5.7462993,valid,True
3032,defended_transformer,0,True,[*]CCCCCCCCCNC(=O)CC(=O)N[*],24,5.9507594,valid,True
3032,defended_transformer,1,False,C(C(N*)=O)C(=O)NCCCCCCCCC*,26,5.589105,valid,True
3032,defended_transformer,2,False,C(CCCCCCCCNC(=O)CC(N*)=O)*,26,5.595752,valid,True
3032,defended_transformer,3,False,C(CCCCCCCCNC(CC(N*)=O)=O)*,26,5.9617205,valid,True
3032,defended_transformer,4,False,O=C(NCCCCCCCCC*)CC(N*)=O,24,5.2283325,valid,True
3032,defended_transformer,5,False,C(CNC(=O)CC(=O)N*)CCCCCCC*,26,5.660104,valid,True
3032,defended_transformer,6,False,C(CC(=O)N*)(NCCCCCCCCC*)=O,26,5.823838,valid,True
3032,defended_transformer,7,False,C(*)CCCCCCCCNC(CC(N*)=O)=O,26,5.874691,valid,True
3032,defended_transformer,8,False,C(NC(CC(=O)N*)=O)CCCCCCCC*,26,5.908276,valid,True
3032,defended_transformer,9,False,C(CC(N*)=O)(=O)NCCCCCCCCC*,26,5.6950846,valid,True
3032,defended_transformer,10,False,C(C(N*)=O)C(NCCCCCCCCC*)=O,26,5.4365234,valid,True
3281,clean_transformer,0,True,[*]C(=O)c1ccc2c(c1)C(=O)N(c1ccc(C(=O)Nc3ccc(N4C(=O)c5ccc([*])cc5C4=O)cc3)cc1)C2=O,77,2.6785588,valid,True
3281,clean_transformer,1,False,C1(=O)c2cc(C(=O)*)ccc2C(N1c1ccc(cc1)C(=O)Nc1ccc(cc1)N1C(=O)c2c(C1=O)cc(*)cc2)=O,79,2.995779,valid,True
3281,clean_transformer,2,False,N(c1ccc(N2C(c3c(C2=O)ccc(*)c3)=O)cc1)C(=O)c1ccc(N2C(=O)c3ccc(cc3C2=O)C(*)=O)cc1,79,2.728745,valid,True
3281,clean_transformer,3,False,c1(NC(c2ccc(N3C(c4cc(ccc4C3=O)C(*)=O)=O)cc2)=O)ccc(cc1)N1C(=O)c2c(ccc(*)c2)C1=O,79,2.7048488,valid,True
3281,clean_transformer,4,False,c1cc(ccc1NC(c1ccc(N2C(=O)c3c(C2=O)cc(C(*)=O)cc3)cc1)=O)N1C(=O)c2cc(ccc2C1=O)*,77,3.393045,valid,True
3281,clean_transformer,5,False,c12c(C(=O)N(c3ccc(cc3)NC(c3ccc(cc3)N3C(=O)c4ccc(C(*)=O)cc4C3=O)=O)C1=O)cc(cc2)*,79,2.7439604,valid,True
3281,clean_transformer,6,False,O=C1N(C(c2c1cc(cc2)C(*)=O)=O)c1ccc(C(=O)Nc2ccc(cc2)N2C(c3cc(*)ccc3C2=O)=O)cc1,77,2.6219215,valid,True
3281,clean_transformer,7,False,C1(=O)c2ccc(*)cc2C(=O)N1c1ccc(cc1)NC(c1ccc(cc1)N1C(c2cc(ccc2C1=O)C(*)=O)=O)=O,77,2.9425254,valid,True
3281,clean_transformer,8,False,*c1cc2C(N(c3ccc(NC(=O)c4ccc(N5C(=O)c6c(ccc(c6)C(=O)*)C5=O)cc4)cc3)C(=O)c2cc1)=O,79,2.479423,valid,True
3281,clean_transformer,9,False,c1(ccc(cc1)NC(=O)c1ccc(cc1)N1C(=O)c2c(C1=O)cc(C(*)=O)cc2)N1C(=O)c2ccc(*)cc2C1=O,79,3.1426036,valid,True
3281,clean_transformer,10,False,c1cc(ccc1N1C(c2ccc(*)cc2C1=O)=O)NC(=O)c1ccc(N2C(c3c(C2=O)ccc(C(=O)*)c3)=O)cc1,77,3.2737415,valid,True
3281,defended_transformer,0,True,[*]C(=O)c1ccc2c(c1)C(=O)N(c1ccc(C(=O)Nc3ccc(N4C(=O)c5ccc([*])cc5C4=O)cc3)cc1)C2=O,77,2.6074033,valid,True
3281,defended_transformer,1,False,C1(=O)c2cc(C(=O)*)ccc2C(N1c1ccc(cc1)C(=O)Nc1ccc(cc1)N1C(=O)c2c(C1=O)cc(*)cc2)=O,79,2.295596,valid,True
3281,defended_transformer,2,False,N(c1ccc(N2C(c3c(C2=O)ccc(*)c3)=O)cc1)C(=O)c1ccc(N2C(=O)c3ccc(cc3C2=O)C(*)=O)cc1,79,2.9643884,valid,True
3281,defended_transformer,3,False,c1(NC(c2ccc(N3C(c4cc(ccc4C3=O)C(*)=O)=O)cc2)=O)ccc(cc1)N1C(=O)c2c(ccc(*)c2)C1=O,79,2.9067197,valid,True
3281,defended_transformer,4,False,c1cc(ccc1NC(c1ccc(N2C(=O)c3c(C2=O)cc(C(*)=O)cc3)cc1)=O)N1C(=O)c2cc(ccc2C1=O)*,77,2.7316213,valid,True
3281,defended_transformer,5,False,c12c(C(=O)N(c3ccc(cc3)NC(c3ccc(cc3)N3C(=O)c4ccc(C(*)=O)cc4C3=O)=O)C1=O)cc(cc2)*,79,2.5651312,valid,True
3281,defended_transformer,6,False,O=C1N(C(c2c1cc(cc2)C(*)=O)=O)c1ccc(C(=O)Nc2ccc(cc2)N2C(c3cc(*)ccc3C2=O)=O)cc1,77,2.6772127,valid,True
3281,defended_transformer,7,False,C1(=O)c2ccc(*)cc2C(=O)N1c1ccc(cc1)NC(c1ccc(cc1)N1C(c2cc(ccc2C1=O)C(*)=O)=O)=O,77,2.3400433,valid,True
3281,defended_transformer,8,False,*c1cc2C(N(c3ccc(NC(=O)c4ccc(N5C(=O)c6c(ccc(c6)C(=O)*)C5=O)cc4)cc3)C(=O)c2cc1)=O,79,2.597691,valid,True
3281,defended_transformer,9,False,c1(ccc(cc1)NC(=O)c1ccc(cc1)N1C(=O)c2c(C1=O)cc(C(*)=O)cc2)N1C(=O)c2ccc(*)cc2C1=O,79,3.0683584,valid,True
3281,defended_transformer,10,False,c1cc(ccc1N1C(c2ccc(*)cc2C1=O)=O)NC(=O)c1ccc(N2C(c3c(C2=O)ccc(C(=O)*)c3)=O)cc1,77,3.3029747,valid,True
2980,clean_transformer,0,True,[*]CC([*])C(=O)N1CCOCC1,19,5.692812,valid,True
2980,clean_transformer,1,False,C1COCCN1C(C(C*)*)=O,19,5.3872504,valid,True
2980,clean_transformer,2,False,C(=O)(C(*)C*)N1CCOCC1,21,5.2468157,valid,True
2980,clean_transformer,3,False,C(N1CCOCC1)(C(C*)*)=O,21,5.7969894,valid,True
2980,clean_transformer,4,False,*C(C*)C(N1CCOCC1)=O,19,5.710003,valid,True
2980,clean_transformer,5,False,*CC(*)C(=O)N1CCOCC1,19,5.6152315,valid,True
2980,clean_transformer,6,False,C(=O)(N1CCOCC1)C(C*)*,21,5.1001973,valid,True
2980,clean_transformer,7,False,N1(CCOCC1)C(=O)C(C*)*,21,5.5974836,valid,True
2980,clean_transformer,8,False,C1OCCN(C1)C(=O)C(C*)*,21,5.786824,valid,True
2980,clean_transformer,9,False,C1N(CCOC1)C(=O)C(C*)*,21,5.968083,valid,True
2980,clean_transformer,10,False,*C(C(=O)N1CCOCC1)C*,19,5.582717,valid,True
2980,defended_transformer,0,True,[*]CC([*])C(=O)N1CCOCC1,19,5.419339,valid,True
2980,defended_transformer,1,False,C1COCCN1C(C(C*)*)=O,19,5.720676,valid,True
2980,defended_transformer,2,False,C(=O)(C(*)C*)N1CCOCC1,21,5.359155,valid,True
2980,defended_transformer,3,False,C(N1CCOCC1)(C(C*)*)=O,21,5.2951913,valid,True
2980,defended_transformer,4,False,*C(C*)C(N1CCOCC1)=O,19,5.2933373,valid,True
2980,defended_transformer,5,False,*CC(*)C(=O)N1CCOCC1,19,5.2646356,valid,True
2980,defended_transformer,6,False,C(=O)(N1CCOCC1)C(C*)*,21,4.2120233,valid,True
2980,defended_transformer,7,False,N1(CCOCC1)C(=O)C(C*)*,21,5.5210443,valid,True
2980,defended_transformer,8,False,C1OCCN(C1)C(=O)C(C*)*,21,5.441694,valid,True
2980,defended_transformer,9,False,C1N(CCOC1)C(=O)C(C*)*,21,5.622966,valid,True
2980,defended_transformer,10,False,*C(C(=O)N1CCOCC1)C*,19,5.537976,valid,True
3510,clean_transformer,0,True,[*]CC(CO[*])(CS(=O)(=O)CCCC)CS(=O)(=O)CCCC,38,5.39041,valid,True
3510,clean_transformer,1,False,C(*)C(CS(=O)(CCCC)=O)(CO*)CS(CCCC)(=O)=O,40,4.947863,valid,True
3510,clean_transformer,2,False,O=S(CC(CS(CCCC)(=O)=O)(CO*)C*)(=O)CCCC,38,3.91811,valid,True
3510,clean_transformer,3,False,CCCCS(=O)(=O)CC(C*)(CO*)CS(=O)(CCCC)=O,38,4.893461,valid,True
3510,clean_transformer,4,False,O=S(CC(C*)(CS(=O)(CCCC)=O)CO*)(=O)CCCC,38,4.5090003,valid,True
3510,clean_transformer,5,False,C(C(C*)(CS(=O)(CCCC)=O)CS(=O)(=O)CCCC)O*,40,6.1531625,valid,True
3510,clean_transformer,6,False,*CC(CO*)(CS(=O)(=O)CCCC)CS(=O)(=O)CCCC,38,5.3669076,valid,True
3510,clean_transformer,7,False,C(S(=O)(=O)CC(CS(=O)(=O)CCCC)(C*)CO*)CCC,40,4.8135877,valid,True
3510,clean_transformer,8,False,O=S(=O)(CCCC)CC(C*)(CS(CCCC)(=O)=O)CO*,38,4.610386,valid,True
3510,clean_transformer,9,False,S(CCCC)(=O)(=O)CC(C*)(CO*)CS(CCCC)(=O)=O,40,4.822867,valid,True
3510,clean_transformer,10,False,S(CC(CO*)(C*)CS(=O)(=O)CCCC)(=O)(CCCC)=O,40,4.4958124,valid,True
3510,defended_transformer,0,True,[*]CC(CO[*])(CS(=O)(=O)CCCC)CS(=O)(=O)CCCC,38,6.268598,valid,True
3510,defended_transformer,1,False,C(*)C(CS(=O)(CCCC)=O)(CO*)CS(CCCC)(=O)=O,40,6.1648245,valid,True
3510,defended_transformer,2,False,O=S(CC(CS(CCCC)(=O)=O)(CO*)C*)(=O)CCCC,38,5.51439,valid,True
3510,defended_transformer,3,False,CCCCS(=O)(=O)CC(C*)(CO*)CS(=O)(CCCC)=O,38,6.106633,valid,True
3510,defended_transformer,4,False,O=S(CC(C*)(CS(=O)(CCCC)=O)CO*)(=O)CCCC,38,5.9186726,valid,True
3510,defended_transformer,5,False,C(C(C*)(CS(=O)(CCCC)=O)CS(=O)(=O)CCCC)O*,40,5.802232,valid,True
3510,defended_transformer,6,False,*CC(CO*)(CS(=O)(=O)CCCC)CS(=O)(=O)CCCC,38,6.153337,valid,True
3510,defended_transformer,7,False,C(S(=O)(=O)CC(CS(=O)(=O)CCCC)(C*)CO*)CCC,40,5.4710073,valid,True
3510,defended_transformer,8,False,O=S(=O)(CCCC)CC(C*)(CS(CCCC)(=O)=O)CO*,38,5.265247,valid,True
3510,defended_transformer,9,False,S(CCCC)(=O)(=O)CC(C*)(CO*)CS(CCCC)(=O)=O,40,6.420145,valid,True
3510,defended_transformer,10,False,S(CC(CO*)(C*)CS(=O)(=O)CCCC)(=O)(CCCC)=O,40,5.781149,valid,True
3411,clean_transformer,0,True,[*]CCCCCCOC(=O)CCC(=O)O[*],22,6.095235,valid,True
3411,clean_transformer,1,False,O=C(OCCCCCC*)CCC(=O)O*,22,4.652905,valid,True
3411,clean_transformer,2,False,O=C(CCC(O*)=O)OCCCCCC*,22,4.4682503,valid,True
3411,clean_transformer,3,False,O=C(CCC(=O)O*)OCCCCCC*,22,4.3917513,valid,True
3411,clean_transformer,4,False,C(CCC(=O)OCCCCCC*)(O*)=O,24,6.8580866,valid,True
3411,clean_transformer,5,False,C(C(OCCCCCC*)=O)CC(O*)=O,24,6.2018127,valid,True
3411,clean_transformer,6,False,C(C*)CCCCOC(CCC(O*)=O)=O,24,5.3530636,valid,True
3411,clean_transformer,7,False,C(C(=O)O*)CC(=O)OCCCCCC*,24,6.2492304,valid,True
3411,clean_transformer,8,False,C(CCCCCOC(CCC(=O)O*)=O)*,24,6.5281734,valid,True
3411,clean_transformer,9,False,C(O*)(=O)CCC(=O)OCCCCCC*,24,6.5087337,valid,True
3411,clean_transformer,10,False,C(CCC(O*)=O)(OCCCCCC*)=O,24,6.7481346,valid,True
3411,defended_transformer,0,True,[*]CCCCCCOC(=O)CCC(=O)O[*],22,7.2583632,valid,True
3411,defended_transformer,1,False,O=C(OCCCCCC*)CCC(=O)O*,22,5.942117,valid,True
3411,defended_transformer,2,False,O=C(CCC(O*)=O)OCCCCCC*,22,5.2298255,valid,True
3411,defended_transformer,3,False,O=C(CCC(=O)O*)OCCCCCC*,22,5.305623,valid,True
3411,defended_transformer,4,False,C(CCC(=O)OCCCCCC*)(O*)=O,24,6.014597,valid,True
3411,defended_transformer,5,False,C(C(OCCCCCC*)=O)CC(O*)=O,24,5.874752,valid,True
3411,defended_transformer,6,False,C(C*)CCCCOC(CCC(O*)=O)=O,24,6.00972,valid,True
3411,defended_transformer,7,False,C(C(=O)O*)CC(=O)OCCCCCC*,24,6.1709833,valid,True
3411,defended_transformer,8,False,C(CCCCCOC(CCC(=O)O*)=O)*,24,5.946478,valid,True
3411,defended_transformer,9,False,C(O*)(=O)CCC(=O)OCCCCCC*,24,5.7281575,valid,True
3411,defended_transformer,10,False,C(CCC(O*)=O)(OCCCCCC*)=O,24,5.725338,valid,True
3323,clean_transformer,0,True,[*]CC(CC)(C(=O)O[*])c1ccccc1,24,5.064538,valid,True
3323,clean_transformer,1,False,C(C*)(CC)(c1ccccc1)C(=O)O*,26,4.240795,valid,True
3323,clean_transformer,2,False,C(C(C*)(C(O*)=O)c1ccccc1)C,26,5.403998,valid,True
3323,clean_transformer,3,False,C(C(=O)O*)(C*)(c1ccccc1)CC,26,4.668208,valid,True
3323,clean_transformer,4,False,c1cccc(c1)C(C*)(C(O*)=O)CC,26,4.4008904,valid,True
3323,clean_transformer,5,False,c1ccccc1C(C(=O)O*)(C*)CC,24,4.6199746,valid,True
3323,clean_transformer,6,False,c1cc(ccc1)C(C(O*)=O)(C*)CC,26,4.470152,valid,True
3323,clean_transformer,7,False,C(C(c1ccccc1)(C*)CC)(O*)=O,26,4.9738183,valid,True
3323,clean_transformer,8,False,C(C(c1ccccc1)(CC)C(=O)O*)*,26,5.117436,valid,True
3323,clean_transformer,9,False,c1(ccccc1)C(C*)(CC)C(O*)=O,26,4.9656796,valid,True
3323,clean_transformer,10,False,c1ccccc1C(C*)(C(=O)O*)CC,24,4.240524,valid,True
3323,defended_transformer,0,True,[*]CC(CC)(C(=O)O[*])c1ccccc1,24,5.1455793,valid,True
3323,defended_transformer,1,False,C(C*)(CC)(c1ccccc1)C(=O)O*,26,4.303621,valid,True
3323,defended_transformer,2,False,C(C(C*)(C(O*)=O)c1ccccc1)C,26,4.7120986,valid,True
3323,defended_transformer,3,False,C(C(=O)O*)(C*)(c1ccccc1)CC,26,3.8889494,valid,True
3323,defended_transformer,4,False,c1cccc(c1)C(C*)(C(O*)=O)CC,26,4.015076,valid,True
3323,defended_transformer,5,False,c1ccccc1C(C(=O)O*)(C*)CC,24,4.1218224,valid,True
3323,defended_transformer,6,False,c1cc(ccc1)C(C(O*)=O)(C*)CC,26,4.2520514,valid,True
3323,defended_transformer,7,False,C(C(c1ccccc1)(C*)CC)(O*)=O,26,4.733518,valid,True
3323,defended_transformer,8,False,C(C(c1ccccc1)(CC)C(=O)O*)*,26,4.815653,valid,True
3323,defended_transformer,9,False,c1(ccccc1)C(C*)(CC)C(O*)=O,26,3.8988886,valid,True
3323,defended_transformer,10,False,c1ccccc1C(C*)(C(=O)O*)CC,24,4.1266894,valid,True
3334,clean_transformer,0,True,[*]Oc1ccc(C(C)(C)c2ccc(OC(=O)c3ccc(C([*])=O)cc3)cc2)cc1,51,3.757862,valid,True
3334,clean_transformer,1,False,CC(c1ccc(O*)cc1)(c1ccc(cc1)OC(c1ccc(C(*)=O)cc1)=O)C,51,4.325633,valid,True
3334,clean_transformer,2,False,c1c(ccc(c1)C(=O)Oc1ccc(C(C)(c2ccc(cc2)O*)C)cc1)C(*)=O,53,4.489351,valid,True
3334,clean_transformer,3,False,O(c1ccc(C(C)(C)c2ccc(O*)cc2)cc1)C(=O)c1ccc(cc1)C(*)=O,53,4.278385,valid,True
3334,clean_transformer,4,False,c1c(ccc(C(C)(c2ccc(cc2)OC(=O)c2ccc(C(=O)*)cc2)C)c1)O*,53,3.963841,valid,True
3334,clean_transformer,5,False,c1(ccc(C(C)(c2ccc(cc2)OC(c2ccc(C(*)=O)cc2)=O)C)cc1)O*,53,3.9670663,valid,True
3334,clean_transformer,6,False,*Oc1ccc(cc1)C(C)(C)c1ccc(cc1)OC(c1ccc(cc1)C(=O)*)=O,51,3.8550858,valid,True
3334,clean_transformer,7,False,c1cc(ccc1C(=O)*)C(Oc1ccc(C(C)(C)c2ccc(O*)cc2)cc1)=O,51,4.07899,valid,True
3334,clean_transformer,8,False,c1(ccc(OC(c2ccc(C(=O)*)cc2)=O)cc1)C(C)(c1ccc(O*)cc1)C,53,3.5501885,valid,True
3334,clean_transformer,9,False,c1cc(ccc1C(C)(C)c1ccc(cc1)OC(c1ccc(cc1)C(*)=O)=O)O*,51,3.3795595,valid,True
3334,clean_transformer,10,False,c1(ccc(C(*)=O)cc1)C(Oc1ccc(cc1)C(C)(c1ccc(cc1)O*)C)=O,53,4.45989,valid,True
3334,defended_transformer,0,True,[*]Oc1ccc(C(C)(C)c2ccc(OC(=O)c3ccc(C([*])=O)cc3)cc2)cc1,51,3.860563,valid,True
3334,defended_transformer,1,False,CC(c1ccc(O*)cc1)(c1ccc(cc1)OC(c1ccc(C(*)=O)cc1)=O)C,51,3.2282386,valid,True
3334,defended_transformer,2,False,c1c(ccc(c1)C(=O)Oc1ccc(C(C)(c2ccc(cc2)O*)C)cc1)C(*)=O,53,3.422741,valid,True
3334,defended_transformer,3,False,O(c1ccc(C(C)(C)c2ccc(O*)cc2)cc1)C(=O)c1ccc(cc1)C(*)=O,53,3.902063,valid,True
3334,defended_transformer,4,False,c1c(ccc(C(C)(c2ccc(cc2)OC(=O)c2ccc(C(=O)*)cc2)C)c1)O*,53,3.3244197,valid,True
3334,defended_transformer,5,False,c1(ccc(C(C)(c2ccc(cc2)OC(c2ccc(C(*)=O)cc2)=O)C)cc1)O*,53,4.1519685,valid,True
3334,defended_transformer,6,False,*Oc1ccc(cc1)C(C)(C)c1ccc(cc1)OC(c1ccc(cc1)C(=O)*)=O,51,3.9210372,valid,True
3334,defended_transformer,7,False,c1cc(ccc1C(=O)*)C(Oc1ccc(C(C)(C)c2ccc(O*)cc2)cc1)=O,51,3.6589413,valid,True
3334,defended_transformer,8,False,c1(ccc(OC(c2ccc(C(=O)*)cc2)=O)cc1)C(C)(c1ccc(O*)cc1)C,53,3.6702726,valid,True
3334,defended_transformer,9,False,c1cc(ccc1C(C)(C)c1ccc(cc1)OC(c1ccc(cc1)C(*)=O)=O)O*,51,3.0565372,valid,True
3334,defended_transformer,10,False,c1(ccc(C(*)=O)cc1)C(Oc1ccc(cc1)C(C)(c1ccc(cc1)O*)C)=O,53,3.2966099,valid,True
3112,clean_transformer,0,True,[*]CC(C=C1)=CC=C1NO[*],18,5.2745113,valid,True
3112,clean_transformer,1,False,O(*)Nc1ccc(cc1)C*,17,4.837158,valid,True
3112,clean_transformer,2,False,c1c(ccc(c1)NO*)C*,17,4.514788,valid,True
3112,clean_transformer,3,False,*Cc1ccc(NO*)cc1,15,4.122489,valid,True
3112,clean_transformer,4,False,O(*)Nc1ccc(C*)cc1,17,4.1309834,valid,True
3112,clean_transformer,5,False,*ONc1ccc(cc1)C*,15,5.177682,valid,True
3112,clean_transformer,6,False,c1c(C*)ccc(c1)NO*,17,4.8759665,valid,True
3112,clean_transformer,7,False,c1(C*)ccc(NO*)cc1,17,4.4739804,valid,True
3112,clean_transformer,8,False,c1cc(ccc1C*)NO*,15,4.056922,valid,True
3112,clean_transformer,9,False,*Cc1ccc(cc1)NO*,15,3.9763272,valid,True
3112,clean_transformer,10,False,c1(C*)ccc(cc1)NO*,17,4.383184,valid,True
3112,defended_transformer,0,True,[*]CC(C=C1)=CC=C1NO[*],18,4.969446,valid,True
3112,defended_transformer,1,False,O(*)Nc1ccc(cc1)C*,17,4.630822,valid,True
3112,defended_transformer,2,False,c1c(ccc(c1)NO*)C*,17,3.5625036,valid,True
3112,defended_transformer,3,False,*Cc1ccc(NO*)cc1,15,4.811753,valid,True
3112,defended_transformer,4,False,O(*)Nc1ccc(C*)cc1,17,3.2831388,valid,True
3112,defended_transformer,5,False,*ONc1ccc(cc1)C*,15,4.4303184,valid,True
3112,defended_transformer,6,False,c1c(C*)ccc(c1)NO*,17,4.702951,valid,True
3112,defended_transformer,7,False,c1(C*)ccc(NO*)cc1,17,3.3829384,valid,True
3112,defended_transformer,8,False,c1cc(ccc1C*)NO*,15,4.1348286,valid,True
3112,defended_transformer,9,False,*Cc1ccc(cc1)NO*,15,4.372892,valid,True
3112,defended_transformer,10,False,c1(C*)ccc(cc1)NO*,17,3.5081265,valid,True
3356,clean_transformer,0,True,[*]OC(=O)CS(=O)(=O)Cc1ccc(CS(=O)(=O)CC([*])=O)cc1,45,4.0641494,valid,True
3356,clean_transformer,1,False,O=C(CS(=O)(Cc1ccc(CS(=O)(CC(=O)*)=O)cc1)=O)O*,45,3.3587353,valid,True
3356,clean_transformer,2,False,C(=O)(CS(Cc1ccc(cc1)CS(CC(O*)=O)(=O)=O)(=O)=O)*,47,3.3767986,valid,True
3356,clean_transformer,3,False,c1c(CS(CC(=O)O*)(=O)=O)ccc(c1)CS(=O)(=O)CC(*)=O,47,3.0762835,valid,True
3356,clean_transformer,4,False,O=S(=O)(CC(=O)*)Cc1ccc(cc1)CS(=O)(=O)CC(O*)=O,45,2.8999615,valid,True
3356,clean_transformer,5,False,O=C(*)CS(=O)(=O)Cc1ccc(CS(CC(=O)O*)(=O)=O)cc1,45,3.3606412,valid,True
3356,clean_transformer,6,False,O=S(=O)(Cc1ccc(cc1)CS(=O)(CC(*)=O)=O)CC(=O)O*,45,2.9271975,valid,True
3356,clean_transformer,7,False,O=S(=O)(CC(*)=O)Cc1ccc(cc1)CS(CC(O*)=O)(=O)=O,45,3.6426296,valid,True
3356,clean_transformer,8,False,O=C(O*)CS(=O)(Cc1ccc(cc1)CS(CC(*)=O)(=O)=O)=O,45,2.90138,valid,True
3356,clean_transformer,9,False,C(S(=O)(Cc1ccc(CS(=O)(CC(=O)*)=O)cc1)=O)C(=O)O*,47,4.050685,valid,True
3356,clean_transformer,10,False,O=C(CS(=O)(=O)Cc1ccc(cc1)CS(=O)(=O)CC(=O)*)O*,45,2.5065367,valid,True
3356,defended_transformer,0,True,[*]OC(=O)CS(=O)(=O)Cc1ccc(CS(=O)(=O)CC([*])=O)cc1,45,4.497408,valid,True
3356,defended_transformer,1,False,O=C(CS(=O)(Cc1ccc(CS(=O)(CC(=O)*)=O)cc1)=O)O*,45,3.084456,valid,True
3356,defended_transformer,2,False,C(=O)(CS(Cc1ccc(cc1)CS(CC(O*)=O)(=O)=O)(=O)=O)*,47,2.6830735,valid,True
3356,defended_transformer,3,False,c1c(CS(CC(=O)O*)(=O)=O)ccc(c1)CS(=O)(=O)CC(*)=O,47,3.4292088,valid,True
3356,defended_transformer,4,False,O=S(=O)(CC(=O)*)Cc1ccc(cc1)CS(=O)(=O)CC(O*)=O,45,2.8147914,valid,True
3356,defended_transformer,5,False,O=C(*)CS(=O)(=O)Cc1ccc(CS(CC(=O)O*)(=O)=O)cc1,45,3.4155445,valid,True
3356,defended_transformer,6,False,O=S(=O)(Cc1ccc(cc1)CS(=O)(CC(*)=O)=O)CC(=O)O*,45,3.412356,valid,True
3356,defended_transformer,7,False,O=S(=O)(CC(*)=O)Cc1ccc(cc1)CS(CC(O*)=O)(=O)=O,45,3.211804,valid,True
3356,defended_transformer,8,False,O=C(O*)CS(=O)(Cc1ccc(cc1)CS(CC(*)=O)(=O)=O)=O,45,3.0230818,valid,True
3356,defended_transformer,9,False,C(S(=O)(Cc1ccc(CS(=O)(CC(=O)*)=O)cc1)=O)C(=O)O*,47,4.310307,valid,True
3356,defended_transformer,10,False,O=C(CS(=O)(=O)Cc1ccc(cc1)CS(=O)(=O)CC(=O)*)O*,45,2.8643212,valid,True
3098,clean_transformer,0,True,C(F)(F)CC(F)(F)N,16,8.763809,valid,True
3098,clean_transformer,1,False,FC(F)CC(N)(F)F,14,6.3740973,valid,True
3098,clean_transformer,2,False,FC(CC(F)(F)N)F,14,7.1005845,valid,True
3098,clean_transformer,3,False,FC(CC(F)F)(F)N,14,7.3374844,valid,True
3098,clean_transformer,4,False,C(F)(F)(N)CC(F)F,16,6.8420515,valid,True
3098,clean_transformer,5,False,FC(F)(CC(F)F)N,14,7.150364,valid,True
3098,clean_transformer,6,False,C(C(F)F)C(F)(F)N,16,8.612951,valid,True
3098,clean_transformer,7,False,NC(F)(F)CC(F)F,14,7.6024942,valid,True
3098,clean_transformer,8,False,C(C(F)(F)N)C(F)F,16,8.215437,valid,True
3098,clean_transformer,9,False,C(F)(CC(F)(F)N)F,16,8.21108,valid,True
3098,clean_transformer,10,False,FC(CC(F)(N)F)F,14,7.2888975,valid,True
3098,defended_transformer,0,True,C(F)(F)CC(F)(F)N,16,8.617577,valid,True
3098,defended_transformer,1,False,FC(F)CC(N)(F)F,14,8.240814,valid,True
3098,defended_transformer,2,False,FC(CC(F)(F)N)F,14,6.6073117,valid,True
3098,defended_transformer,3,False,FC(CC(F)F)(F)N,14,8.066617,valid,True
3098,defended_transformer,4,False,C(F)(F)(N)CC(F)F,16,7.5497913,valid,True
3098,defended_transformer,5,False,FC(F)(CC(F)F)N,14,6.647413,valid,True
3098,defended_transformer,6,False,C(C(F)F)C(F)(F)N,16,8.237472,valid,True
3098,defended_transformer,7,False,NC(F)(F)CC(F)F,14,7.822372,valid,True
3098,defended_transformer,8,False,C(C(F)(F)N)C(F)F,16,7.080365,valid,True
3098,defended_transformer,9,False,C(F)(CC(F)(F)N)F,16,8.550078,valid,True
3098,defended_transformer,10,False,FC(CC(F)(N)F)F,14,6.8084297,valid,True
3575,clean_transformer,0,True,[*]CC([*])C(=O)OCC(F)(F)C(F)(F)C(F)(F)F,35,6.3951387,valid,True
3575,clean_transformer,1,False,FC(COC(C(*)C*)=O)(F)C(F)(F)C(F)(F)F,35,6.7942057,valid,True
3575,clean_transformer,2,False,C(F)(F)(F)C(C(F)(F)COC(C(C*)*)=O)(F)F,37,6.7834587,valid,True
3575,clean_transformer,3,False,C(OCC(F)(F)C(F)(F)C(F)(F)F)(C(*)C*)=O,37,6.401778,valid,True
3575,clean_transformer,4,False,FC(F)(F)C(C(F)(F)COC(C(C*)*)=O)(F)F,35,6.5754027,valid,True
3575,clean_transformer,5,False,C(C(F)(C(F)(C(F)(F)F)F)F)OC(=O)C(C*)*,37,6.0465503,valid,True
3575,clean_transformer,6,False,C(C(F)(F)F)(C(COC(C(C*)*)=O)(F)F)(F)F,37,6.64397,valid,True
3575,clean_transformer,7,False,FC(C(F)(F)C(F)(F)COC(=O)C(C*)*)(F)F,35,6.4983873,valid,True
3575,clean_transformer,8,False,C(C(C(=O)OCC(F)(C(F)(F)C(F)(F)F)F)*)*,37,6.394207,valid,True
3575,clean_transformer,9,False,C(C(*)C*)(=O)OCC(F)(C(C(F)(F)F)(F)F)F,37,6.5735044,valid,True
3575,clean_transformer,10,False,FC(C(F)(F)COC(C(*)C*)=O)(F)C(F)(F)F,35,6.6031313,valid,True
3575,defended_transformer,0,True,[*]CC([*])C(=O)OCC(F)(F)C(F)(F)C(F)(F)F,35,6.238147,valid,True
3575,defended_transformer,1,False,FC(COC(C(*)C*)=O)(F)C(F)(F)C(F)(F)F,35,6.2695456,valid,True
3575,defended_transformer,2,False,C(F)(F)(F)C(C(F)(F)COC(C(C*)*)=O)(F)F,37,6.39291,valid,True
3575,defended_transformer,3,False,C(OCC(F)(F)C(F)(F)C(F)(F)F)(C(*)C*)=O,37,5.825995,valid,True
3575,defended_transformer,4,False,FC(F)(F)C(C(F)(F)COC(C(C*)*)=O)(F)F,35,6.8853145,valid,True
3575,defended_transformer,5,False,C(C(F)(C(F)(C(F)(F)F)F)F)OC(=O)C(C*)*,37,4.928478,valid,True
3575,defended_transformer,6,False,C(C(F)(F)F)(C(COC(C(C*)*)=O)(F)F)(F)F,37,5.4565983,valid,True
3575,defended_transformer,7,False,FC(C(F)(F)C(F)(F)COC(=O)C(C*)*)(F)F,35,6.8545227,valid,True
3575,defended_transformer,8,False,C(C(C(=O)OCC(F)(C(F)(F)C(F)(F)F)F)*)*,37,5.939343,valid,True
3575,defended_transformer,9,False,C(C(*)C*)(=O)OCC(F)(C(C(F)(F)F)(F)F)F,37,6.633747,valid,True
3575,defended_transformer,10,False,FC(C(F)(F)COC(C(*)C*)=O)(F)C(F)(F)F,35,5.9739647,valid,True
3515,clean_transformer,0,True,[*]CCCCOC(=O)c1ccc([Si](C)(C)c2ccc(C(=O)O[*])cc2)cc1,45,4.349088,valid,True
3515,clean_transformer,1,False,c1c(ccc(C(OCCCC*)=O)c1)[Si](C)(C)c1ccc(C(O*)=O)cc1,47,4.083612,valid,True
3515,clean_transformer,2,False,*OC(c1ccc(cc1)[Si](C)(c1ccc(C(=O)OCCCC*)cc1)C)=O,45,4.0205336,valid,True
3515,clean_transformer,3,False,*OC(=O)c1ccc(cc1)[Si](C)(C)c1ccc(C(=O)OCCCC*)cc1,45,4.461251,valid,True
3515,clean_transformer,4,False,O(C(c1ccc([Si](C)(C)c2ccc(cc2)C(=O)O*)cc1)=O)CCCC*,47,4.0264115,valid,True
3515,clean_transformer,5,False,c1c(ccc(c1)C(O*)=O)[Si](C)(c1ccc(C(=O)OCCCC*)cc1)C,47,4.4634376,valid,True
3515,clean_transformer,6,False,O=C(O*)c1ccc(cc1)[Si](C)(c1ccc(C(OCCCC*)=O)cc1)C,45,3.7322068,valid,True
3515,clean_transformer,7,False,C(*)CCCOC(=O)c1ccc(cc1)[Si](c1ccc(cc1)C(O*)=O)(C)C,47,3.9316478,valid,True
3515,clean_transformer,8,False,c1c(C(=O)O*)ccc([Si](C)(C)c2ccc(cc2)C(=O)OCCCC*)c1,47,4.5997725,valid,True
3515,clean_transformer,9,False,c1c(C(O*)=O)ccc(c1)[Si](c1ccc(C(OCCCC*)=O)cc1)(C)C,47,3.900975,valid,True
3515,clean_transformer,10,False,C[Si](c1ccc(C(OCCCC*)=O)cc1)(c1ccc(cc1)C(=O)O*)C,45,4.296846,valid,True
3515,defended_transformer,0,True,[*]CCCCOC(=O)c1ccc([Si](C)(C)c2ccc(C(=O)O[*])cc2)cc1,45,4.32897,valid,True
3515,defended_transformer,1,False,c1c(ccc(C(OCCCC*)=O)c1)[Si](C)(C)c1ccc(C(O*)=O)cc1,47,3.724075,valid,True
3515,defended_transformer,2,False,*OC(c1ccc(cc1)[Si](C)(c1ccc(C(=O)OCCCC*)cc1)C)=O,45,4.083826,valid,True
3515,defended_transformer,3,False,*OC(=O)c1ccc(cc1)[Si](C)(C)c1ccc(C(=O)OCCCC*)cc1,45,4.285541,valid,True
3515,defended_transformer,4,False,O(C(c1ccc([Si](C)(C)c2ccc(cc2)C(=O)O*)cc1)=O)CCCC*,47,3.749889,valid,True
3515,defended_transformer,5,False,c1c(ccc(c1)C(O*)=O)[Si](C)(c1ccc(C(=O)OCCCC*)cc1)C,47,3.6499681,valid,True
3515,defended_transformer,6,False,O=C(O*)c1ccc(cc1)[Si](C)(c1ccc(C(OCCCC*)=O)cc1)C,45,3.912283,valid,True
3515,defended_transformer,7,False,C(*)CCCOC(=O)c1ccc(cc1)[Si](c1ccc(cc1)C(O*)=O)(C)C,47,3.6252809,valid,True
3515,defended_transformer,8,False,c1c(C(=O)O*)ccc([Si](C)(C)c2ccc(cc2)C(=O)OCCCC*)c1,47,4.249568,valid,True
3515,defended_transformer,9,False,c1c(C(O*)=O)ccc(c1)[Si](c1ccc(C(OCCCC*)=O)cc1)(C)C,47,4.1877337,valid,True
3515,defended_transformer,10,False,C[Si](c1ccc(C(OCCCC*)=O)cc1)(c1ccc(cc1)C(=O)O*)C,45,3.6350157,valid,True
3528,clean_transformer,0,True,[*]COC(S1)=CC=C1C(C=C2)=CC=C2[*],28,3.5453987,valid,True
3528,clean_transformer,1,False,*c1ccc(cc1)-c1sc(OC*)cc1,24,3.1840591,valid,True
3528,clean_transformer,2,False,C(Oc1sc(cc1)-c1ccc(*)cc1)*,26,3.188579,valid,True
3528,clean_transformer,3,False,O(c1sc(-c2ccc(*)cc2)cc1)C*,26,3.5705972,valid,True
3528,clean_transformer,4,False,C(*)Oc1ccc(s1)-c1ccc(*)cc1,26,3.1240664,valid,True
3528,clean_transformer,5,False,*c1ccc(-c2sc(cc2)OC*)cc1,24,3.07974,valid,True
3528,clean_transformer,6,False,*COc1ccc(-c2ccc(*)cc2)s1,24,1.3583798,valid,True
3528,clean_transformer,7,False,c1c(-c2ccc(*)cc2)sc(OC*)c1,26,3.1855218,valid,True
3528,clean_transformer,8,False,*COc1sc(-c2ccc(*)cc2)cc1,24,3.4581647,valid,True
3528,clean_transformer,9,False,O(c1sc(cc1)-c1ccc(cc1)*)C*,26,3.7891026,valid,True
3528,clean_transformer,10,False,c1(OC*)sc(-c2ccc(cc2)*)cc1,26,3.9287992,valid,True
3528,defended_transformer,0,True,[*]COC(S1)=CC=C1C(C=C2)=CC=C2[*],28,4.3152375,valid,True
3528,defended_transformer,1,False,*c1ccc(cc1)-c1sc(OC*)cc1,24,2.8496566,valid,True
3528,defended_transformer,2,False,C(Oc1sc(cc1)-c1ccc(*)cc1)*,26,3.033731,valid,True
3528,defended_transformer,3,False,O(c1sc(-c2ccc(*)cc2)cc1)C*,26,3.5888162,valid,True
3528,defended_transformer,4,False,C(*)Oc1ccc(s1)-c1ccc(*)cc1,26,3.6767182,valid,True
3528,defended_transformer,5,False,*c1ccc(-c2sc(cc2)OC*)cc1,24,3.148892,valid,True
3528,defended_transformer,6,False,*COc1ccc(-c2ccc(*)cc2)s1,24,3.9780743,valid,True
3528,defended_transformer,7,False,c1c(-c2ccc(*)cc2)sc(OC*)c1,26,3.427432,valid,True
3528,defended_transformer,8,False,*COc1sc(-c2ccc(*)cc2)cc1,24,3.9376037,valid,True
3528,defended_transformer,9,False,O(c1sc(cc1)-c1ccc(cc1)*)C*,26,3.6194613,valid,True
3528,defended_transformer,10,False,c1(OC*)sc(-c2ccc(cc2)*)cc1,26,3.7813225,valid,True
2987,clean_transformer,0,True,[*]CC([*])C(=O)NCO,14,5.966147,valid,True
2987,clean_transformer,1,False,C(C(=O)NCO)(*)C*,16,5.3851233,valid,True
2987,clean_transformer,2,False,C(NC(=O)C(C*)*)O,16,6.202711,valid,True
2987,clean_transformer,3,False,C(*)C(*)C(NCO)=O,16,6.5465717,valid,True
2987,clean_transformer,4,False,C(*)(C*)C(=O)NCO,16,5.592898,valid,True
2987,clean_transformer,5,False,*CC(C(NCO)=O)*,14,5.1373215,valid,True
2987,clean_transformer,6,False,*C(C*)C(=O)NCO,14,5.812608,valid,True
2987,clean_transformer,7,False,OCNC(=O)C(*)C*,14,5.7829266,valid,True
2987,clean_transformer,8,False,C(C*)(*)C(NCO)=O,16,6.659069,valid,True
2987,clean_transformer,9,False,*CC(*)C(NCO)=O,14,6.2267103,valid,True
2987,clean_transformer,10,False,*CC(C(=O)NCO)*,14,5.9702797,valid,True
2987,defended_transformer,0,True,[*]CC([*])C(=O)NCO,14,5.743453,valid,True
2987,defended_transformer,1,False,C(C(=O)NCO)(*)C*,16,4.496638,valid,True
2987,defended_transformer,2,False,C(NC(=O)C(C*)*)O,16,6.134094,valid,True
2987,defended_transformer,3,False,C(*)C(*)C(NCO)=O,16,5.924705,valid,True
2987,defended_transformer,4,False,C(*)(C*)C(=O)NCO,16,5.308534,valid,True
2987,defended_transformer,5,False,*CC(C(NCO)=O)*,14,5.5188813,valid,True
2987,defended_transformer,6,False,*C(C*)C(=O)NCO,14,5.537344,valid,True
2987,defended_transformer,7,False,OCNC(=O)C(*)C*,14,6.070194,valid,True
2987,defended_transformer,8,False,C(C*)(*)C(NCO)=O,16,6.0044937,valid,True
2987,defended_transformer,9,False,*CC(*)C(NCO)=O,14,5.587426,valid,True
2987,defended_transformer,10,False,*CC(C(=O)NCO)*,14,6.1767282,valid,True
3038,clean_transformer,0,True,[*]Cc1cc(COC(=O)Nc2ccc(Cc3ccc(NC(=O)O[*])cc3)cc2)cc(C(C)(C)C)c1,59,4.1705503,valid,True
3038,clean_transformer,1,False,c1cc(ccc1Cc1ccc(NC(OCc2cc(cc(C*)c2)C(C)(C)C)=O)cc1)NC(O*)=O,59,4.11063,valid,True
3038,clean_transformer,2,False,O(C(=O)Nc1ccc(cc1)Cc1ccc(NC(=O)OCc2cc(cc(c2)C*)C(C)(C)C)cc1)*,61,3.650809,valid,True
3038,clean_transformer,3,False,N(c1ccc(cc1)Cc1ccc(cc1)NC(=O)OCc1cc(cc(C(C)(C)C)c1)C*)C(O*)=O,61,3.791385,valid,True
3038,clean_transformer,4,False,C(c1ccc(cc1)NC(=O)OCc1cc(C*)cc(c1)C(C)(C)C)c1ccc(NC(=O)O*)cc1,61,3.565825,valid,True
3038,clean_transformer,5,False,N(c1ccc(Cc2ccc(cc2)NC(O*)=O)cc1)C(OCc1cc(C(C)(C)C)cc(C*)c1)=O,61,4.206461,valid,True
3038,clean_transformer,6,False,CC(C)(c1cc(C*)cc(COC(Nc2ccc(cc2)Cc2ccc(cc2)NC(=O)O*)=O)c1)C,59,3.811136,valid,True
3038,clean_transformer,7,False,c1c(cc(C(C)(C)C)cc1C*)COC(=O)Nc1ccc(Cc2ccc(cc2)NC(=O)O*)cc1,59,4.188159,valid,True
3038,clean_transformer,8,False,c1c(COC(=O)Nc2ccc(cc2)Cc2ccc(NC(O*)=O)cc2)cc(C*)cc1C(C)(C)C,59,4.0095115,valid,True
3038,clean_transformer,9,False,CC(c1cc(cc(C*)c1)COC(=O)Nc1ccc(cc1)Cc1ccc(cc1)NC(=O)O*)(C)C,59,3.5832543,valid,True
3038,clean_transformer,10,False,CC(C)(c1cc(cc(c1)COC(Nc1ccc(Cc2ccc(NC(O*)=O)cc2)cc1)=O)C*)C,59,3.600484,valid,True
3038,defended_transformer,0,True,[*]Cc1cc(COC(=O)Nc2ccc(Cc3ccc(NC(=O)O[*])cc3)cc2)cc(C(C)(C)C)c1,59,4.152482,valid,True
3038,defended_transformer,1,False,c1cc(ccc1Cc1ccc(NC(OCc2cc(cc(C*)c2)C(C)(C)C)=O)cc1)NC(O*)=O,59,3.3867218,valid,True
3038,defended_transformer,2,False,O(C(=O)Nc1ccc(cc1)Cc1ccc(NC(=O)OCc2cc(cc(c2)C*)C(C)(C)C)cc1)*,61,3.285254,valid,True
3038,defended_transformer,3,False,N(c1ccc(cc1)Cc1ccc(cc1)NC(=O)OCc1cc(cc(C(C)(C)C)c1)C*)C(O*)=O,61,3.7974672,valid,True
3038,defended_transformer,4,False,C(c1ccc(cc1)NC(=O)OCc1cc(C*)cc(c1)C(C)(C)C)c1ccc(NC(=O)O*)cc1,61,3.9321735,valid,True
3038,defended_transformer,5,False,N(c1ccc(Cc2ccc(cc2)NC(O*)=O)cc1)C(OCc1cc(C(C)(C)C)cc(C*)c1)=O,61,3.9434485,valid,True
3038,defended_transformer,6,False,CC(C)(c1cc(C*)cc(COC(Nc2ccc(cc2)Cc2ccc(cc2)NC(=O)O*)=O)c1)C,59,2.927559,valid,True
3038,defended_transformer,7,False,c1c(cc(C(C)(C)C)cc1C*)COC(=O)Nc1ccc(Cc2ccc(cc2)NC(=O)O*)cc1,59,2.9982505,valid,True
3038,defended_transformer,8,False,c1c(COC(=O)Nc2ccc(cc2)Cc2ccc(NC(O*)=O)cc2)cc(C*)cc1C(C)(C)C,59,3.4155393,valid,True
3038,defended_transformer,9,False,CC(c1cc(cc(C*)c1)COC(=O)Nc1ccc(cc1)Cc1ccc(cc1)NC(=O)O*)(C)C,59,3.3748279,valid,True
3038,defended_transformer,10,False,CC(C)(c1cc(cc(c1)COC(Nc1ccc(Cc2ccc(NC(O*)=O)cc2)cc1)=O)C*)C,59,3.0734155,valid,True
3526,clean_transformer,0,True,[*]C(=O)c1ccc2c(c1)C(=O)N(c1cc(C(=O)OC)cc(N3C(=O)c4ccc([*])cc4C3=O)c1)C2=O,70,3.0281487,valid,True
3526,clean_transformer,1,False,*C(=O)c1cc2c(cc1)C(N(c1cc(cc(c1)N1C(=O)c3c(cc(cc3)*)C1=O)C(OC)=O)C2=O)=O,72,2.7435231,valid,True
3526,clean_transformer,2,False,N1(C(=O)c2c(C1=O)cc(C(=O)*)cc2)c1cc(cc(N2C(=O)c3ccc(*)cc3C2=O)c1)C(OC)=O,72,2.5130792,valid,True
3526,clean_transformer,3,False,c1c2c(ccc1C(=O)*)C(=O)N(c1cc(N3C(c4ccc(*)cc4C3=O)=O)cc(C(OC)=O)c1)C2=O,70,3.0571084,valid,True
3526,clean_transformer,4,False,O=C1N(C(c2ccc(cc21)*)=O)c1cc(cc(N2C(c3c(ccc(c3)C(*)=O)C2=O)=O)c1)C(OC)=O,72,1.7803912,valid,True
3526,clean_transformer,5,False,c1(cc(cc(C(OC)=O)c1)N1C(=O)c2cc(ccc2C1=O)*)N1C(=O)c2c(C1=O)ccc(C(*)=O)c2,72,2.9997752,valid,True
3526,clean_transformer,6,False,*c1ccc2C(N(C(c2c1)=O)c1cc(cc(C(=O)OC)c1)N1C(=O)c2ccc(C(*)=O)cc2C1=O)=O,70,3.370379,valid,True
3526,clean_transformer,7,False,c1(N2C(=O)c3c(ccc(*)c3)C2=O)cc(cc(N2C(c3ccc(C(=O)*)cc3C2=O)=O)c1)C(OC)=O,72,2.3007097,valid,True
3526,clean_transformer,8,False,O(C(c1cc(cc(N2C(c3cc(ccc3C2=O)*)=O)c1)N1C(=O)c2c(ccc(C(*)=O)c2)C1=O)=O)C,72,2.9482799,valid,True
3526,clean_transformer,9,False,c1cc2c(cc1*)C(=O)N(c1cc(N3C(c4c(C3=O)ccc(c4)C(=O)*)=O)cc(c1)C(OC)=O)C2=O,72,2.696968,valid,True
3526,clean_transformer,10,False,*c1cc2C(N(C(c2cc1)=O)c1cc(N2C(c3c(ccc(C(*)=O)c3)C2=O)=O)cc(c1)C(OC)=O)=O,72,3.3074052,valid,True
3526,defended_transformer,0,True,[*]C(=O)c1ccc2c(c1)C(=O)N(c1cc(C(=O)OC)cc(N3C(=O)c4ccc([*])cc4C3=O)c1)C2=O,70,3.455589,valid,True
3526,defended_transformer,1,False,*C(=O)c1cc2c(cc1)C(N(c1cc(cc(c1)N1C(=O)c3c(cc(cc3)*)C1=O)C(OC)=O)C2=O)=O,72,2.1769085,valid,True
3526,defended_transformer,2,False,N1(C(=O)c2c(C1=O)cc(C(=O)*)cc2)c1cc(cc(N2C(=O)c3ccc(*)cc3C2=O)c1)C(OC)=O,72,2.5102074,valid,True
3526,defended_transformer,3,False,c1c2c(ccc1C(=O)*)C(=O)N(c1cc(N3C(c4ccc(*)cc4C3=O)=O)cc(C(OC)=O)c1)C2=O,70,2.7891214,valid,True
3526,defended_transformer,4,False,O=C1N(C(c2ccc(cc21)*)=O)c1cc(cc(N2C(c3c(ccc(c3)C(*)=O)C2=O)=O)c1)C(OC)=O,72,2.4348125,valid,True
3526,defended_transformer,5,False,c1(cc(cc(C(OC)=O)c1)N1C(=O)c2cc(ccc2C1=O)*)N1C(=O)c2c(C1=O)ccc(C(*)=O)c2,72,2.2199874,valid,True
3526,defended_transformer,6,False,*c1ccc2C(N(C(c2c1)=O)c1cc(cc(C(=O)OC)c1)N1C(=O)c2ccc(C(*)=O)cc2C1=O)=O,70,3.3119497,valid,True
3526,defended_transformer,7,False,c1(N2C(=O)c3c(ccc(*)c3)C2=O)cc(cc(N2C(c3ccc(C(=O)*)cc3C2=O)=O)c1)C(OC)=O,72,2.286887,valid,True
3526,defended_transformer,8,False,O(C(c1cc(cc(N2C(c3cc(ccc3C2=O)*)=O)c1)N1C(=O)c2c(ccc(C(*)=O)c2)C1=O)=O)C,72,3.2364297,valid,True
3526,defended_transformer,9,False,c1cc2c(cc1*)C(=O)N(c1cc(N3C(c4c(C3=O)ccc(c4)C(=O)*)=O)cc(c1)C(OC)=O)C2=O,72,2.0135612,valid,True
3526,defended_transformer,10,False,*c1cc2C(N(C(c2cc1)=O)c1cc(N2C(c3c(ccc(C(*)=O)c3)C2=O)=O)cc(c1)C(OC)=O)=O,72,2.5469847,valid,True
3299,clean_transformer,0,True,[*]c1cc(C=NC(=S)Nc2ccc(-n3c(=O)c4cc5c(=O)n([*])c(=O)c5cc4c3=O)cc2)ccc1Cl,67,2.1838784,valid,True
3299,clean_transformer,1,False,S=C(Nc1ccc(cc1)-n1c(=O)c2cc3c(=O)n(c(=O)c3cc2c1=O)*)N=Cc1ccc(Cl)c(*)c1,69,2.459036,valid,True
3299,clean_transformer,2,False,c12c(c(n(c1=O)*)=O)cc1c(c(n(-c3ccc(cc3)NC(=S)N=Cc3ccc(Cl)c(c3)*)c1=O)=O)c2,73,2.5731072,valid,True
3299,clean_transformer,3,False,c1(ccc(cc1)NC(N=Cc1ccc(c(*)c1)Cl)=S)-n1c(=O)c2c(cc3c(n(*)c(c3c2)=O)=O)c1=O,73,3.0678008,valid,True
3299,clean_transformer,4,False,O=c1c2c(c(=O)n1*)cc1c(c(=O)n(-c3ccc(cc3)NC(N=Cc3ccc(Cl)c(c3)*)=S)c1=O)c2,71,3.031476,valid,True
3299,clean_transformer,5,False,c1(n(-c2ccc(cc2)NC(=S)N=Cc2ccc(c(c2)*)Cl)c(=O)c2c1cc1c(c(n(*)c1=O)=O)c2)=O,73,2.7670007,valid,True
3299,clean_transformer,6,False,c1(-n2c(=O)c3cc4c(cc3c2=O)c(=O)n(*)c4=O)ccc(cc1)NC(=S)N=Cc1ccc(c(c1)*)Cl,71,3.3190565,valid,True
3299,clean_transformer,7,False,c12cc3c(=O)n(-c4ccc(cc4)NC(N=Cc4cc(*)c(cc4)Cl)=S)c(c3cc1c(n(*)c2=O)=O)=O,71,1.886826,valid,True
3299,clean_transformer,8,False,c1(*)c(ccc(C=NC(=S)Nc2ccc(cc2)-n2c(=O)c3cc4c(=O)n(c(=O)c4cc3c2=O)*)c1)Cl,71,3.0164404,valid,True
3299,clean_transformer,9,False,c1(-n2c(=O)c3cc4c(n(c(=O)c4cc3c2=O)*)=O)ccc(NC(N=Cc2ccc(c(*)c2)Cl)=S)cc1,71,2.8425484,valid,True
3299,clean_transformer,10,False,*c1cc(ccc1Cl)C=NC(=S)Nc1ccc(-n2c(=O)c3c(c2=O)cc2c(=O)n(c(c2c3)=O)*)cc1,69,2.407459,valid,True
3299,defended_transformer,0,True,[*]c1cc(C=NC(=S)Nc2ccc(-n3c(=O)c4cc5c(=O)n([*])c(=O)c5cc4c3=O)cc2)ccc1Cl,67,2.0314953,valid,True
3299,defended_transformer,1,False,S=C(Nc1ccc(cc1)-n1c(=O)c2cc3c(=O)n(c(=O)c3cc2c1=O)*)N=Cc1ccc(Cl)c(*)c1,69,2.9784,valid,True
3299,defended_transformer,2,False,c12c(c(n(c1=O)*)=O)cc1c(c(n(-c3ccc(cc3)NC(=S)N=Cc3ccc(Cl)c(c3)*)c1=O)=O)c2,73,2.5972972,valid,True
3299,defended_transformer,3,False,c1(ccc(cc1)NC(N=Cc1ccc(c(*)c1)Cl)=S)-n1c(=O)c2c(cc3c(n(*)c(c3c2)=O)=O)c1=O,73,2.4286892,valid,True
3299,defended_transformer,4,False,O=c1c2c(c(=O)n1*)cc1c(c(=O)n(-c3ccc(cc3)NC(N=Cc3ccc(Cl)c(c3)*)=S)c1=O)c2,71,2.5045793,valid,True
3299,defended_transformer,5,False,c1(n(-c2ccc(cc2)NC(=S)N=Cc2ccc(c(c2)*)Cl)c(=O)c2c1cc1c(c(n(*)c1=O)=O)c2)=O,73,2.722794,valid,True
3299,defended_transformer,6,False,c1(-n2c(=O)c3cc4c(cc3c2=O)c(=O)n(*)c4=O)ccc(cc1)NC(=S)N=Cc1ccc(c(c1)*)Cl,71,2.5456486,valid,True
3299,defended_transformer,7,False,c12cc3c(=O)n(-c4ccc(cc4)NC(N=Cc4cc(*)c(cc4)Cl)=S)c(c3cc1c(n(*)c2=O)=O)=O,71,2.5300941,valid,True
3299,defended_transformer,8,False,c1(*)c(ccc(C=NC(=S)Nc2ccc(cc2)-n2c(=O)c3cc4c(=O)n(c(=O)c4cc3c2=O)*)c1)Cl,71,2.6516418,valid,True
3299,defended_transformer,9,False,c1(-n2c(=O)c3cc4c(n(c(=O)c4cc3c2=O)*)=O)ccc(NC(N=Cc2ccc(c(*)c2)Cl)=S)cc1,71,2.2512562,valid,True
3299,defended_transformer,10,False,*c1cc(ccc1Cl)C=NC(=S)Nc1ccc(-n2c(=O)c3c(c2=O)cc2c(=O)n(c(c2c3)=O)*)cc1,69,2.5762713,valid,True
3055,clean_transformer,0,True,[*]CCOC(=O)NCCCC(CCNC(=O)O[*])OC,28,6.1024637,valid,True
3055,clean_transformer,1,False,N(CCCC(OC)CCNC(O*)=O)C(OCC*)=O,30,6.0460525,valid,True
3055,clean_transformer,2,False,N(C(O*)=O)CCC(OC)CCCNC(OCC*)=O,30,6.005046,valid,True
3055,clean_transformer,3,False,C(*)COC(=O)NCCCC(CCNC(=O)O*)OC,30,5.9293528,valid,True
3055,clean_transformer,4,False,*OC(=O)NCCC(CCCNC(OCC*)=O)OC,28,6.107066,valid,True
3055,clean_transformer,5,False,C(NC(O*)=O)CC(OC)CCCNC(OCC*)=O,30,6.1775246,valid,True
3055,clean_transformer,6,False,C(CCNC(OCC*)=O)C(CCNC(O*)=O)OC,30,6.042097,valid,True
3055,clean_transformer,7,False,O=C(NCCCC(CCNC(=O)O*)OC)OCC*,28,4.6028314,valid,True
3055,clean_transformer,8,False,COC(CCCNC(=O)OCC*)CCNC(O*)=O,28,5.866925,valid,True
3055,clean_transformer,9,False,C(*)COC(=O)NCCCC(OC)CCNC(=O)O*,30,6.045359,valid,True
3055,clean_transformer,10,False,O=C(OCC*)NCCCC(OC)CCNC(=O)O*,28,4.8893647,valid,True
3055,defended_transformer,0,True,[*]CCOC(=O)NCCCC(CCNC(=O)O[*])OC,28,6.0973215,valid,True
3055,defended_transformer,1,False,N(CCCC(OC)CCNC(O*)=O)C(OCC*)=O,30,5.931299,valid,True
3055,defended_transformer,2,False,N(C(O*)=O)CCC(OC)CCCNC(OCC*)=O,30,5.7410407,valid,True
3055,defended_transformer,3,False,C(*)COC(=O)NCCCC(CCNC(=O)O*)OC,30,6.0786457,valid,True
3055,defended_transformer,4,False,*OC(=O)NCCC(CCCNC(OCC*)=O)OC,28,5.829662,valid,True
3055,defended_transformer,5,False,C(NC(O*)=O)CC(OC)CCCNC(OCC*)=O,30,5.884878,valid,True
3055,defended_transformer,6,False,C(CCNC(OCC*)=O)C(CCNC(O*)=O)OC,30,5.933894,valid,True
3055,defended_transformer,7,False,O=C(NCCCC(CCNC(=O)O*)OC)OCC*,28,5.8734055,valid,True
3055,defended_transformer,8,False,COC(CCCNC(=O)OCC*)CCNC(O*)=O,28,5.7221575,valid,True
3055,defended_transformer,9,False,C(*)COC(=O)NCCCC(OC)CCNC(=O)O*,30,5.837814,valid,True
3055,defended_transformer,10,False,O=C(OCC*)NCCCC(OC)CCNC(=O)O*,28,5.762054,valid,True
3074,clean_transformer,0,True,[*]c1ccc(S(=O)(=O)NCCCCCCNS([*])(=O)=O)cc1,38,5.439899,valid,True
3074,clean_transformer,1,False,C(CCNS(=O)(c1ccc(*)cc1)=O)CCCNS(*)(=O)=O,40,4.708249,valid,True
3074,clean_transformer,2,False,O=S(c1ccc(cc1)*)(NCCCCCCNS(=O)(*)=O)=O,38,2.9205146,valid,True
3074,clean_transformer,3,False,N(S(*)(=O)=O)CCCCCCNS(=O)(=O)c1ccc(cc1)*,40,4.4601083,valid,True
3074,clean_transformer,4,False,O=S(NCCCCCCNS(=O)(=O)*)(=O)c1ccc(*)cc1,38,3.4253852,valid,True
3074,clean_transformer,5,False,c1cc(*)ccc1S(NCCCCCCNS(=O)(=O)*)(=O)=O,38,4.6874533,valid,True
3074,clean_transformer,6,False,c1cc(ccc1S(=O)(=O)NCCCCCCNS(=O)(*)=O)*,38,5.1670117,valid,True
3074,clean_transformer,7,False,C(CCCCNS(=O)(c1ccc(cc1)*)=O)CNS(=O)(=O)*,40,5.23028,valid,True
3074,clean_transformer,8,False,S(=O)(c1ccc(cc1)*)(=O)NCCCCCCNS(*)(=O)=O,40,3.1039526,valid,True
3074,clean_transformer,9,False,c1(ccc(*)cc1)S(=O)(=O)NCCCCCCNS(=O)(=O)*,40,4.5672145,valid,True
3074,clean_transformer,10,False,C(CCNS(=O)(=O)c1ccc(*)cc1)CCCNS(=O)(=O)*,40,3.5266237,valid,True
3074,defended_transformer,0,True,[*]c1ccc(S(=O)(=O)NCCCCCCNS([*])(=O)=O)cc1,38,4.531302,valid,True
3074,defended_transformer,1,False,C(CCNS(=O)(c1ccc(*)cc1)=O)CCCNS(*)(=O)=O,40,4.288779,valid,True
3074,defended_transformer,2,False,O=S(c1ccc(cc1)*)(NCCCCCCNS(=O)(*)=O)=O,38,3.8408926,valid,True
3074,defended_transformer,3,False,N(S(*)(=O)=O)CCCCCCNS(=O)(=O)c1ccc(cc1)*,40,3.5525203,valid,True
3074,defended_transformer,4,False,O=S(NCCCCCCNS(=O)(=O)*)(=O)c1ccc(*)cc1,38,3.428247,valid,True
3074,defended_transformer,5,False,c1cc(*)ccc1S(NCCCCCCNS(=O)(=O)*)(=O)=O,38,4.0939236,valid,True
3074,defended_transformer,6,False,c1cc(ccc1S(=O)(=O)NCCCCCCNS(=O)(*)=O)*,38,3.9073665,valid,True
3074,defended_transformer,7,False,C(CCCCNS(=O)(c1ccc(cc1)*)=O)CNS(=O)(=O)*,40,4.7560754,valid,True
3074,defended_transformer,8,False,S(=O)(c1ccc(cc1)*)(=O)NCCCCCCNS(*)(=O)=O,40,3.9165804,valid,True
3074,defended_transformer,9,False,c1(ccc(*)cc1)S(=O)(=O)NCCCCCCNS(=O)(=O)*,40,4.275767,valid,True
3074,defended_transformer,10,False,C(CCNS(=O)(=O)c1ccc(*)cc1)CCCNS(=O)(=O)*,40,3.9964328,valid,True
3206,clean_transformer,0,True,[*]c1ccc([*])n1C(C(=O)NO)n1ccc2ccccc21,34,2.8948722,valid,True
3206,clean_transformer,1,False,c1cc(*)n(C(C(=O)NO)n2ccc3ccccc23)c1*,36,4.0041003,valid,True
3206,clean_transformer,2,False,c1n(C(n2c(ccc2*)*)C(NO)=O)c2ccccc2c1,36,4.5861416,valid,True
3206,clean_transformer,3,False,*c1ccc(*)n1C(C(=O)NO)n1c2ccccc2cc1,34,3.0559855,valid,True
3206,clean_transformer,4,False,c1cc2c(cc1)n(C(n1c(ccc1*)*)C(=O)NO)cc2,38,4.1999335,valid,True
3206,clean_transformer,5,False,C(=O)(NO)C(n1ccc2c1cccc2)n1c(ccc1*)*,36,2.9230943,valid,True
3206,clean_transformer,6,False,c1cc2c(cc1)n(C(C(=O)NO)n1c(ccc1*)*)cc2,38,3.9363198,valid,True
3206,clean_transformer,7,False,c1c2c(ccc1)n(C(n1c(ccc1*)*)C(=O)NO)cc2,38,3.9699426,valid,True
3206,clean_transformer,8,False,O=C(NO)C(n1c(*)ccc1*)n1c2ccccc2cc1,34,3.0792692,valid,True
3206,clean_transformer,9,False,c1(n(C(n2c3ccccc3cc2)C(=O)NO)c(*)cc1)*,38,3.944366,valid,True
3206,clean_transformer,10,False,*c1ccc(n1C(C(NO)=O)n1ccc2c1cccc2)*,34,4.0527725,valid,True
3206,defended_transformer,0,True,[*]c1ccc([*])n1C(C(=O)NO)n1ccc2ccccc21,34,3.022152,valid,True
3206,defended_transformer,1,False,c1cc(*)n(C(C(=O)NO)n2ccc3ccccc23)c1*,36,3.4379883,valid,True
3206,defended_transformer,2,False,c1n(C(n2c(ccc2*)*)C(NO)=O)c2ccccc2c1,36,3.5008333,valid,True
3206,defended_transformer,3,False,*c1ccc(*)n1C(C(=O)NO)n1c2ccccc2cc1,34,2.8540325,valid,True
3206,defended_transformer,4,False,c1cc2c(cc1)n(C(n1c(ccc1*)*)C(=O)NO)cc2,38,3.7056923,valid,True
3206,defended_transformer,5,False,C(=O)(NO)C(n1ccc2c1cccc2)n1c(ccc1*)*,36,2.9469938,valid,True
3206,defended_transformer,6,False,c1cc2c(cc1)n(C(C(=O)NO)n1c(ccc1*)*)cc2,38,3.8172452,valid,True
3206,defended_transformer,7,False,c1c2c(ccc1)n(C(n1c(ccc1*)*)C(=O)NO)cc2,38,3.454851,valid,True
3206,defended_transformer,8,False,O=C(NO)C(n1c(*)ccc1*)n1c2ccccc2cc1,34,2.8509736,valid,True
3206,defended_transformer,9,False,c1(n(C(n2c3ccccc3cc2)C(=O)NO)c(*)cc1)*,38,3.4905465,valid,True
3206,defended_transformer,10,False,*c1ccc(n1C(C(NO)=O)n1ccc2c1cccc2)*,34,3.414568,valid,True
3560,clean_transformer,0,True,[*]Oc1ccc(OC(=O)Oc2ccc(-c3ccc(OC([*])=O)cc3)cc2)cc1,47,4.9705105,valid,True
3560,clean_transformer,1,False,c1(ccc(OC(Oc2ccc(cc2)-c2ccc(OC(*)=O)cc2)=O)cc1)O*,49,3.878261,valid,True
3560,clean_transformer,2,False,c1(ccc(-c2ccc(OC(=O)Oc3ccc(cc3)O*)cc2)cc1)OC(*)=O,49,3.248386,valid,True
3560,clean_transformer,3,False,c1cc(-c2ccc(OC(*)=O)cc2)ccc1OC(=O)Oc1ccc(cc1)O*,47,3.641282,valid,True
3560,clean_transformer,4,False,c1c(OC(Oc2ccc(O*)cc2)=O)ccc(c1)-c1ccc(cc1)OC(=O)*,49,3.4493651,valid,True
3560,clean_transformer,5,False,c1c(ccc(-c2ccc(OC(Oc3ccc(cc3)O*)=O)cc2)c1)OC(=O)*,49,4.154549,valid,True
3560,clean_transformer,6,False,c1c(ccc(c1)OC(*)=O)-c1ccc(OC(=O)Oc2ccc(O*)cc2)cc1,49,3.763785,valid,True
3560,clean_transformer,7,False,c1cc(OC(=O)Oc2ccc(-c3ccc(cc3)OC(*)=O)cc2)ccc1O*,47,3.6390755,valid,True
3560,clean_transformer,8,False,c1(OC(*)=O)ccc(-c2ccc(OC(Oc3ccc(cc3)O*)=O)cc2)cc1,49,3.501915,valid,True
3560,clean_transformer,9,False,O(*)c1ccc(cc1)OC(=O)Oc1ccc(-c2ccc(OC(=O)*)cc2)cc1,49,3.4932075,valid,True
3560,clean_transformer,10,False,O(c1ccc(-c2ccc(OC(=O)*)cc2)cc1)C(=O)Oc1ccc(cc1)O*,49,3.8894012,valid,True
3560,defended_transformer,0,True,[*]Oc1ccc(OC(=O)Oc2ccc(-c3ccc(OC([*])=O)cc3)cc2)cc1,47,4.5665126,valid,True
3560,defended_transformer,1,False,c1(ccc(OC(Oc2ccc(cc2)-c2ccc(OC(*)=O)cc2)=O)cc1)O*,49,3.5280933,valid,True
3560,defended_transformer,2,False,c1(ccc(-c2ccc(OC(=O)Oc3ccc(cc3)O*)cc2)cc1)OC(*)=O,49,3.4765441,valid,True
3560,defended_transformer,3,False,c1cc(-c2ccc(OC(*)=O)cc2)ccc1OC(=O)Oc1ccc(cc1)O*,47,3.365168,valid,True
3560,defended_transformer,4,False,c1c(OC(Oc2ccc(O*)cc2)=O)ccc(c1)-c1ccc(cc1)OC(=O)*,49,3.3926563,valid,True
3560,defended_transformer,5,False,c1c(ccc(-c2ccc(OC(Oc3ccc(cc3)O*)=O)cc2)c1)OC(=O)*,49,3.4318194,valid,True
3560,defended_transformer,6,False,c1c(ccc(c1)OC(*)=O)-c1ccc(OC(=O)Oc2ccc(O*)cc2)cc1,49,3.0651855,valid,True
3560,defended_transformer,7,False,c1cc(OC(=O)Oc2ccc(-c3ccc(cc3)OC(*)=O)cc2)ccc1O*,47,3.4083765,valid,True
3560,defended_transformer,8,False,c1(OC(*)=O)ccc(-c2ccc(OC(Oc3ccc(cc3)O*)=O)cc2)cc1,49,3.3422532,valid,True
3560,defended_transformer,9,False,O(*)c1ccc(cc1)OC(=O)Oc1ccc(-c2ccc(OC(=O)*)cc2)cc1,49,3.0388644,valid,True
3560,defended_transformer,10,False,O(c1ccc(-c2ccc(OC(=O)*)cc2)cc1)C(=O)Oc1ccc(cc1)O*,49,3.1913865,valid,True
3025,clean_transformer,0,True,[*]CCOCCOC(=O)CCCCC(=O)O[*],23,6.3375263,valid,True
3025,clean_transformer,1,False,*CCOCCOC(=O)CCCCC(=O)O*,23,6.2396784,valid,True
3025,clean_transformer,2,False,C(=O)(OCCOCC*)CCCCC(=O)O*,25,5.4054327,valid,True
3025,clean_transformer,3,False,C(OCCOC(=O)CCCCC(=O)O*)C*,25,6.5317755,valid,True
3025,clean_transformer,4,False,C(*)COCCOC(=O)CCCCC(O*)=O,25,6.396728,valid,True
3025,clean_transformer,5,False,C(OCCOCC*)(CCCCC(=O)O*)=O,25,6.6254067,valid,True
3025,clean_transformer,6,False,O(CCOC(CCCCC(O*)=O)=O)CC*,25,5.7520456,valid,True
3025,clean_transformer,7,False,O(*)C(=O)CCCCC(=O)OCCOCC*,25,6.388927,valid,True
3025,clean_transformer,8,False,C(C(=O)OCCOCC*)CCCC(=O)O*,25,6.52658,valid,True
3025,clean_transformer,9,False,C(OC(CCCCC(O*)=O)=O)COCC*,25,6.2444644,valid,True
3025,clean_transformer,10,False,C(CCC(OCCOCC*)=O)CC(=O)O*,25,6.749466,valid,True
3025,defended_transformer,0,True,[*]CCOCCOC(=O)CCCCC(=O)O[*],23,6.4420075,valid,True
3025,defended_transformer,1,False,*CCOCCOC(=O)CCCCC(=O)O*,23,6.231758,valid,True
3025,defended_transformer,2,False,C(=O)(OCCOCC*)CCCCC(=O)O*,25,5.2144494,valid,True
3025,defended_transformer,3,False,C(OCCOC(=O)CCCCC(=O)O*)C*,25,5.9777927,valid,True
3025,defended_transformer,4,False,C(*)COCCOC(=O)CCCCC(O*)=O,25,6.3354783,valid,True
3025,defended_transformer,5,False,C(OCCOCC*)(CCCCC(=O)O*)=O,25,6.5872083,valid,True
3025,defended_transformer,6,False,O(CCOC(CCCCC(O*)=O)=O)CC*,25,6.049631,valid,True
3025,defended_transformer,7,False,O(*)C(=O)CCCCC(=O)OCCOCC*,25,6.382582,valid,True
3025,defended_transformer,8,False,C(C(=O)OCCOCC*)CCCC(=O)O*,25,5.685585,valid,True
3025,defended_transformer,9,False,C(OC(CCCCC(O*)=O)=O)COCC*,25,6.369628,valid,True
3025,defended_transformer,10,False,C(CCC(OCCOCC*)=O)CC(=O)O*,25,5.8741837,valid,True
3339,clean_transformer,0,True,[*]CCCCCCCCCC#CC#CCCCCCCCCCOC(=O)CCC(=O)O[*],40,4.497704,valid,True
3339,clean_transformer,1,False,C(C#CCCCCCCCCCOC(CCC(O*)=O)=O)#CCCCCCCCCC*,42,5.236241,valid,True
3339,clean_transformer,2,False,C(CC(O*)=O)C(=O)OCCCCCCCCCC#CC#CCCCCCCCCC*,42,5.2055717,valid,True
3339,clean_transformer,3,False,C(C#CCCCCCCCCC*)#CCCCCCCCCCOC(CCC(O*)=O)=O,42,5.088091,valid,True
3339,clean_transformer,4,False,C(CCOC(=O)CCC(=O)O*)CCCCCCC#CC#CCCCCCCCCC*,42,4.8972883,valid,True
3339,clean_transformer,5,False,C(OC(CCC(=O)O*)=O)CCCCCCCCC#CC#CCCCCCCCCC*,42,4.849633,valid,True
3339,clean_transformer,6,False,C(CCC(=O)O*)(=O)OCCCCCCCCCC#CC#CCCCCCCCCC*,42,5.4467278,valid,True
3339,clean_transformer,7,False,C(CCCOC(=O)CCC(O*)=O)CCCCCC#CC#CCCCCCCCCC*,42,5.0879874,valid,True
3339,clean_transformer,8,False,C(CCCCCOC(CCC(=O)O*)=O)CCCC#CC#CCCCCCCCCC*,42,4.9178033,valid,True
3339,clean_transformer,9,False,O(C(CCC(=O)OCCCCCCCCCC#CC#CCCCCCCCCC*)=O)*,42,5.230624,valid,True
3339,clean_transformer,10,False,C(CCCCCC#CC#CCCCCCCCCCOC(=O)CCC(=O)O*)CCC*,42,5.6192665,valid,True
3339,defended_transformer,0,True,[*]CCCCCCCCCC#CC#CCCCCCCCCCOC(=O)CCC(=O)O[*],40,5.2343717,valid,True
3339,defended_transformer,1,False,C(C#CCCCCCCCCCOC(CCC(O*)=O)=O)#CCCCCCCCCC*,42,5.070049,valid,True
3339,defended_transformer,2,False,C(CC(O*)=O)C(=O)OCCCCCCCCCC#CC#CCCCCCCCCC*,42,5.2336698,valid,True
3339,defended_transformer,3,False,C(C#CCCCCCCCCC*)#CCCCCCCCCCOC(CCC(O*)=O)=O,42,4.9570117,valid,True
3339,defended_transformer,4,False,C(CCOC(=O)CCC(=O)O*)CCCCCCC#CC#CCCCCCCCCC*,42,4.688713,valid,True
3339,defended_transformer,5,False,C(OC(CCC(=O)O*)=O)CCCCCCCCC#CC#CCCCCCCCCC*,42,5.403696,valid,True
3339,defended_transformer,6,False,C(CCC(=O)O*)(=O)OCCCCCCCCCC#CC#CCCCCCCCCC*,42,5.424082,valid,True
3339,defended_transformer,7,False,C(CCCOC(=O)CCC(O*)=O)CCCCCC#CC#CCCCCCCCCC*,42,5.2307725,valid,True
3339,defended_transformer,8,False,C(CCCCCOC(CCC(=O)O*)=O)CCCC#CC#CCCCCCCCCC*,42,5.051668,valid,True
3339,defended_transformer,9,False,O(C(CCC(=O)OCCCCCCCCCC#CC#CCCCCCCCCC*)=O)*,42,5.3459105,valid,True
3339,defended_transformer,10,False,C(CCCCCC#CC#CCCCCCCCCCOC(=O)CCC(=O)O*)CCC*,42,5.774127,valid,True
3483,clean_transformer,0,True,[*]C(=O)OC(=O)O[*],14,6.117673,valid,True
3483,clean_transformer,1,False,O(C(O*)=O)C(=O)*,16,4.9769006,valid,True
3483,clean_transformer,2,False,O=C(OC(=O)O*)*,14,3.7880116,valid,True
3483,clean_transformer,3,False,O=C(OC(O*)=O)*,14,3.9752831,valid,True
3483,clean_transformer,4,False,O(C(=O)OC(=O)*)*,16,4.6915426,valid,True
3483,clean_transformer,5,False,*OC(OC(*)=O)=O,14,5.677413,valid,True
3483,clean_transformer,6,False,O(*)C(=O)OC(=O)*,16,6.271873,valid,True
3483,clean_transformer,7,False,C(=O)(O*)OC(*)=O,16,4.591394,valid,True
3483,clean_transformer,8,False,*OC(=O)OC(*)=O,14,5.682214,valid,True
3483,clean_transformer,9,False,C(*)(OC(O*)=O)=O,16,6.291561,valid,True
3483,clean_transformer,10,False,O(C(OC(*)=O)=O)*,16,5.4670167,valid,True
3483,defended_transformer,0,True,[*]C(=O)OC(=O)O[*],14,4.9780507,valid,True
3483,defended_transformer,1,False,O(C(O*)=O)C(=O)*,16,4.551891,valid,True
3483,defended_transformer,2,False,O=C(OC(=O)O*)*,14,4.698765,valid,True
3483,defended_transformer,3,False,O=C(OC(O*)=O)*,14,4.780886,valid,True
3483,defended_transformer,4,False,O(C(=O)OC(=O)*)*,16,4.7485867,valid,True
3483,defended_transformer,5,False,*OC(OC(*)=O)=O,14,5.6582427,valid,True
3483,defended_transformer,6,False,O(*)C(=O)OC(=O)*,16,5.4260974,valid,True
3483,defended_transformer,7,False,C(=O)(O*)OC(*)=O,16,4.622715,valid,True
3483,defended_transformer,8,False,*OC(=O)OC(*)=O,14,5.322324,valid,True
3483,defended_transformer,9,False,C(*)(OC(O*)=O)=O,16,5.977441,valid,True
3483,defended_transformer,10,False,O(C(OC(*)=O)=O)*,16,4.989132,valid,True
2974,clean_transformer,0,True,[*]CC(CC)(CC)CS[*],14,4.994064,valid,True
2974,clean_transformer,1,False,CCC(CS*)(CC)C*,14,4.897308,valid,True
2974,clean_transformer,2,False,CCC(C*)(CS*)CC,14,5.276768,valid,True
2974,clean_transformer,3,False,C(C)C(CC)(CS*)C*,16,4.9195137,valid,True
2974,clean_transformer,4,False,*CC(CC)(CC)CS*,14,4.8427076,valid,True
2974,clean_transformer,5,False,C(C(CC)(CC)CS*)*,16,5.0813236,valid,True
2974,clean_transformer,6,False,*CC(CS*)(CC)CC,14,4.846993,valid,True
2974,clean_transformer,7,False,*SCC(CC)(C*)CC,14,6.0136867,valid,True
2974,clean_transformer,8,False,C(C(CC)(CS*)C*)C,16,5.3869057,valid,True
2974,clean_transformer,9,False,C(CC)(C*)(CS*)CC,16,5.1145477,valid,True
2974,clean_transformer,10,False,*SCC(C*)(CC)CC,14,4.9142613,valid,True
2974,defended_transformer,0,True,[*]CC(CC)(CC)CS[*],14,4.973879,valid,True
2974,defended_transformer,1,False,CCC(CS*)(CC)C*,14,5.091671,valid,True
2974,defended_transformer,2,False,CCC(C*)(CS*)CC,14,5.5387535,valid,True
2974,defended_transformer,3,False,C(C)C(CC)(CS*)C*,16,5.2939005,valid,True
2974,defended_transformer,4,False,*CC(CC)(CC)CS*,14,4.9794526,valid,True
2974,defended_transformer,5,False,C(C(CC)(CC)CS*)*,16,5.5415564,valid,True
2974,defended_transformer,6,False,*CC(CS*)(CC)CC,14,5.189084,valid,True
2974,defended_transformer,7,False,*SCC(CC)(C*)CC,14,5.6536584,valid,True
2974,defended_transformer,8,False,C(C(CC)(CS*)C*)C,16,5.7413454,valid,True
2974,defended_transformer,9,False,C(CC)(C*)(CS*)CC,16,4.975296,valid,True
2974,defended_transformer,10,False,*SCC(C*)(CC)CC,14,5.2657776,valid,True
3379,clean_transformer,0,True,[*]C=CC(C#N)C[*],12,4.3003983,valid,True
3379,clean_transformer,1,False,C(C=C*)(C*)C#N,14,5.359241,valid,True
3379,clean_transformer,2,False,C(C(C=C*)C*)#N,14,4.2305026,valid,True
3379,clean_transformer,3,False,C(C=C*)(C#N)C*,14,5.5281467,valid,True
3379,clean_transformer,4,False,C(C(C#N)C=C*)*,14,5.2855287,valid,True
3379,clean_transformer,5,False,C(=C*)C(C*)C#N,14,4.5251365,valid,True
3379,clean_transformer,6,False,C(C(C#N)C*)=C*,14,4.9715977,valid,True
3379,clean_transformer,7,False,C(*)C(C#N)C=C*,14,3.77091,valid,True
3379,clean_transformer,8,False,C(C#N)(C*)C=C*,14,4.10166,valid,True
3379,clean_transformer,9,False,*C=CC(C*)C#N,12,4.1127462,valid,True
3379,clean_transformer,10,False,C(C(C=C*)C#N)*,14,4.953768,valid,True
3379,defended_transformer,0,True,[*]C=CC(C#N)C[*],12,5.4067926,valid,True
3379,defended_transformer,1,False,C(C=C*)(C*)C#N,14,4.3098917,valid,True
3379,defended_transformer,2,False,C(C(C=C*)C*)#N,14,5.624574,valid,True
3379,defended_transformer,3,False,C(C=C*)(C#N)C*,14,5.3067565,valid,True
3379,defended_transformer,4,False,C(C(C#N)C=C*)*,14,5.2716904,valid,True
3379,defended_transformer,5,False,C(=C*)C(C*)C#N,14,4.333222,valid,True
3379,defended_transformer,6,False,C(C(C#N)C*)=C*,14,5.8648634,valid,True
3379,defended_transformer,7,False,C(*)C(C#N)C=C*,14,5.096422,valid,True
3379,defended_transformer,8,False,C(C#N)(C*)C=C*,14,5.0672626,valid,True
3379,defended_transformer,9,False,*C=CC(C*)C#N,12,6.089993,valid,True
3379,defended_transformer,10,False,C(C(C=C*)C#N)*,14,5.06907,valid,True
3417,clean_transformer,0,True,[*]NC(=O)C=CC(=O)Nc1nc([*])nc(N)n1,30,2.8382568,valid,True
3417,clean_transformer,1,False,c1(nc(N)nc(NC(C=CC(=O)N*)=O)n1)*,32,4.3450937,valid,True
3417,clean_transformer,2,False,*c1nc(NC(C=CC(N*)=O)=O)nc(N)n1,30,3.1593933,valid,True
3417,clean_transformer,3,False,n1c(NC(=O)C=CC(N*)=O)nc(*)nc1N,30,3.170216,valid,True
3417,clean_transformer,4,False,C(C(=O)Nc1nc(nc(n1)*)N)=CC(=O)N*,32,4.409985,valid,True
3417,clean_transformer,5,False,n1c(*)nc(nc1N)NC(=O)C=CC(N*)=O,30,2.6684299,valid,True
3417,clean_transformer,6,False,N(*)C(C=CC(=O)Nc1nc(nc(*)n1)N)=O,32,3.0204902,valid,True
3417,clean_transformer,7,False,n1c(nc(nc1*)N)NC(C=CC(=O)N*)=O,30,3.7330172,valid,True
3417,clean_transformer,8,False,*NC(C=CC(Nc1nc(*)nc(N)n1)=O)=O,30,4.4653006,valid,True
3417,clean_transformer,9,False,N(C(C=CC(=O)Nc1nc(*)nc(N)n1)=O)*,32,4.314501,valid,True
3417,clean_transformer,10,False,O=C(Nc1nc(nc(*)n1)N)C=CC(=O)N*,30,2.8676562,valid,True
3417,defended_transformer,0,True,[*]NC(=O)C=CC(=O)Nc1nc([*])nc(N)n1,30,4.562005,valid,True
3417,defended_transformer,1,False,c1(nc(N)nc(NC(C=CC(=O)N*)=O)n1)*,32,3.6626694,valid,True
3417,defended_transformer,2,False,*c1nc(NC(C=CC(N*)=O)=O)nc(N)n1,30,3.1401665,valid,True
3417,defended_transformer,3,False,n1c(NC(=O)C=CC(N*)=O)nc(*)nc1N,30,3.3654766,valid,True
3417,defended_transformer,4,False,C(C(=O)Nc1nc(nc(n1)*)N)=CC(=O)N*,32,4.683154,valid,True
3417,defended_transformer,5,False,n1c(*)nc(nc1N)NC(=O)C=CC(N*)=O,30,3.14424,valid,True
3417,defended_transformer,6,False,N(*)C(C=CC(=O)Nc1nc(nc(*)n1)N)=O,32,2.856543,valid,True
3417,defended_transformer,7,False,n1c(nc(nc1*)N)NC(C=CC(=O)N*)=O,30,3.5369322,valid,True
3417,defended_transformer,8,False,*NC(C=CC(Nc1nc(*)nc(N)n1)=O)=O,30,4.152267,valid,True
3417,defended_transformer,9,False,N(C(C=CC(=O)Nc1nc(*)nc(N)n1)=O)*,32,3.7438862,valid,True
3417,defended_transformer,10,False,O=C(Nc1nc(nc(*)n1)N)C=CC(=O)N*,30,3.4252474,valid,True
3547,clean_transformer,0,True,[*]c1ccc(S(=O)(=O)c2ccc(-n3nc(-c4ccccc4)c4ccc(Oc5ccc6c(-c7ccccc7)nn([*])c(=O)c6c5)cc4c3=O)cc2)cc1,93,3.4740634,valid,True
3547,clean_transformer,1,False,c1c(-c2c3ccc(cc3c(=O)n(n2)-c2ccc(S(=O)(c3ccc(cc3)*)=O)cc2)Oc2ccc3c(c(=O)n(*)nc3-c3ccccc3)c2)cccc1,97,2.840521,valid,True
3547,clean_transformer,2,False,O=S(=O)(c1ccc(*)cc1)c1ccc(-n2nc(-c3ccccc3)c3ccc(cc3c2=O)Oc2cc3c(cc2)c(-c2ccccc2)nn(c3=O)*)cc1,93,3.1316888,valid,True
3547,clean_transformer,3,False,c12ccc(Oc3ccc4c(c(n(nc4-c4ccccc4)*)=O)c3)cc2c(=O)n(-c2ccc(S(=O)(=O)c3ccc(cc3)*)cc2)nc1-c1ccccc1,95,3.0310397,valid,True
3547,clean_transformer,4,False,O=c1c2c(ccc(Oc3cc4c(n(nc(c4cc3)-c3ccccc3)-c3ccc(S(=O)(c4ccc(*)cc4)=O)cc3)=O)c2)c(nn1*)-c1ccccc1,95,3.0914378,valid,True
3547,clean_transformer,5,False,c1c(S(=O)(c2ccc(cc2)*)=O)ccc(-n2c(c3cc(ccc3c(-c3ccccc3)n2)Oc2ccc3c(nn(*)c(c3c2)=O)-c2ccccc2)=O)c1,97,2.9687128,valid,True
3547,clean_transformer,6,False,c1(ccc(S(=O)(c2ccc(-n3c(=O)c4c(c(-c5ccccc5)n3)ccc(c4)Oc3ccc4c(nn(*)c(=O)c4c3)-c3ccccc3)cc2)=O)cc1)*,99,2.982038,valid,True
3547,clean_transformer,7,False,O=c1c2cc(ccc2c(nn1*)-c1ccccc1)Oc1ccc2c(-c3ccccc3)nn(-c3ccc(S(=O)(c4ccc(*)cc4)=O)cc3)c(=O)c2c1,93,3.1404014,valid,True
3547,clean_transformer,8,False,c1(*)ccc(S(=O)(c2ccc(cc2)-n2nc(c3c(c2=O)cc(Oc2ccc4c(c(n(nc4-c4ccccc4)*)=O)c2)cc3)-c2ccccc2)=O)cc1,97,3.132357,valid,True
3547,clean_transformer,9,False,*c1ccc(S(c2ccc(cc2)-n2nc(c3c(cc(cc3)Oc3ccc4c(nn(c(c4c3)=O)*)-c3ccccc3)c2=O)-c2ccccc2)(=O)=O)cc1,95,2.8013353,valid,True
3547,clean_transformer,10,False,S(=O)(=O)(c1ccc(-n2c(=O)c3cc(ccc3c(n2)-c2ccccc2)Oc2cc3c(n(*)nc(-c4ccccc4)c3cc2)=O)cc1)c1ccc(*)cc1,97,3.025889,valid,True
3547,defended_transformer,0,True,[*]c1ccc(S(=O)(=O)c2ccc(-n3nc(-c4ccccc4)c4ccc(Oc5ccc6c(-c7ccccc7)nn([*])c(=O)c6c5)cc4c3=O)cc2)cc1,93,3.063935,valid,True
3547,defended_transformer,1,False,c1c(-c2c3ccc(cc3c(=O)n(n2)-c2ccc(S(=O)(c3ccc(cc3)*)=O)cc2)Oc2ccc3c(c(=O)n(*)nc3-c3ccccc3)c2)cccc1,97,3.1317933,valid,True
3547,defended_transformer,2,False,O=S(=O)(c1ccc(*)cc1)c1ccc(-n2nc(-c3ccccc3)c3ccc(cc3c2=O)Oc2cc3c(cc2)c(-c2ccccc2)nn(c3=O)*)cc1,93,2.530802,valid,True
3547,defended_transformer,3,False,c12ccc(Oc3ccc4c(c(n(nc4-c4ccccc4)*)=O)c3)cc2c(=O)n(-c2ccc(S(=O)(=O)c3ccc(cc3)*)cc2)nc1-c1ccccc1,95,2.9080262,valid,True
3547,defended_transformer,4,False,O=c1c2c(ccc(Oc3cc4c(n(nc(c4cc3)-c3ccccc3)-c3ccc(S(=O)(c4ccc(*)cc4)=O)cc3)=O)c2)c(nn1*)-c1ccccc1,95,2.888667,valid,True
3547,defended_transformer,5,False,c1c(S(=O)(c2ccc(cc2)*)=O)ccc(-n2c(c3cc(ccc3c(-c3ccccc3)n2)Oc2ccc3c(nn(*)c(c3c2)=O)-c2ccccc2)=O)c1,97,2.2814116,valid,True
3547,defended_transformer,6,False,c1(ccc(S(=O)(c2ccc(-n3c(=O)c4c(c(-c5ccccc5)n3)ccc(c4)Oc3ccc4c(nn(*)c(=O)c4c3)-c3ccccc3)cc2)=O)cc1)*,99,2.6309583,valid,True
3547,defended_transformer,7,False,O=c1c2cc(ccc2c(nn1*)-c1ccccc1)Oc1ccc2c(-c3ccccc3)nn(-c3ccc(S(=O)(c4ccc(*)cc4)=O)cc3)c(=O)c2c1,93,2.6725779,valid,True
3547,defended_transformer,8,False,c1(*)ccc(S(=O)(c2ccc(cc2)-n2nc(c3c(c2=O)cc(Oc2ccc4c(c(n(nc4-c4ccccc4)*)=O)c2)cc3)-c2ccccc2)=O)cc1,97,2.600188,valid,True
3547,defended_transformer,9,False,*c1ccc(S(c2ccc(cc2)-n2nc(c3c(cc(cc3)Oc3ccc4c(nn(c(c4c3)=O)*)-c3ccccc3)c2=O)-c2ccccc2)(=O)=O)cc1,95,2.6655366,valid,True
3547,defended_transformer,10,False,S(=O)(=O)(c1ccc(-n2c(=O)c3cc(ccc3c(n2)-c2ccccc2)Oc2cc3c(n(*)nc(-c4ccccc4)c3cc2)=O)cc1)c1ccc(*)cc1,97,2.1691475,valid,True
2995,clean_transformer,0,True,[*]NC(c1ccccc1)C(C)(C)C([*])=O,26,4.942128,valid,True
2995,clean_transformer,1,False,c1ccccc1C(N*)C(C)(C)C(*)=O,26,5.0693493,valid,True
2995,clean_transformer,2,False,N(C(C(C)(C)C(*)=O)c1ccccc1)*,28,4.9912057,valid,True
2995,clean_transformer,3,False,CC(C)(C(=O)*)C(N*)c1ccccc1,26,4.7400737,valid,True
2995,clean_transformer,4,False,c1ccc(C(C(C)(C)C(*)=O)N*)cc1,28,4.233968,valid,True
2995,clean_transformer,5,False,c1cc(C(N*)C(C)(C(*)=O)C)ccc1,28,3.8082151,valid,True
2995,clean_transformer,6,False,c1(ccccc1)C(N*)C(C)(C(*)=O)C,28,4.684805,valid,True
2995,clean_transformer,7,False,C(C(C)(C(N*)c1ccccc1)C)(*)=O,28,5.338825,valid,True
2995,clean_transformer,8,False,N(*)C(c1ccccc1)C(C)(C(*)=O)C,28,4.729619,valid,True
2995,clean_transformer,9,False,c1c(cccc1)C(N*)C(C(*)=O)(C)C,28,4.6881385,valid,True
2995,clean_transformer,10,False,O=C(*)C(C)(C)C(N*)c1ccccc1,26,4.1160216,valid,True
2995,defended_transformer,0,True,[*]NC(c1ccccc1)C(C)(C)C([*])=O,26,4.364124,valid,True
2995,defended_transformer,1,False,c1ccccc1C(N*)C(C)(C)C(*)=O,26,3.5291505,valid,True
2995,defended_transformer,2,False,N(C(C(C)(C)C(*)=O)c1ccccc1)*,28,4.9091606,valid,True
2995,defended_transformer,3,False,CC(C)(C(=O)*)C(N*)c1ccccc1,26,4.771073,valid,True
2995,defended_transformer,4,False,c1ccc(C(C(C)(C)C(*)=O)N*)cc1,28,3.229064,valid,True
2995,defended_transformer,5,False,c1cc(C(N*)C(C)(C(*)=O)C)ccc1,28,4.4924173,valid,True
2995,defended_transformer,6,False,c1(ccccc1)C(N*)C(C)(C(*)=O)C,28,4.310925,valid,True
2995,defended_transformer,7,False,C(C(C)(C(N*)c1ccccc1)C)(*)=O,28,4.9385767,valid,True
2995,defended_transformer,8,False,N(*)C(c1ccccc1)C(C)(C(*)=O)C,28,4.3806562,valid,True
2995,defended_transformer,9,False,c1c(cccc1)C(N*)C(C(*)=O)(C)C,28,4.3257117,valid,True
2995,defended_transformer,10,False,O=C(*)C(C)(C)C(N*)c1ccccc1,26,3.9853752,valid,True
3200,clean_transformer,0,True,[*]CC([*])OCc1ccccc1,16,3.8485913,valid,True
3200,clean_transformer,1,False,c1ccccc1COC(*)C*,16,3.6493235,valid,True
3200,clean_transformer,2,False,c1cc(COC(*)C*)ccc1,18,3.7626028,valid,True
3200,clean_transformer,3,False,c1cccc(COC(*)C*)c1,18,4.515927,valid,True
3200,clean_transformer,4,False,*CC(*)OCc1ccccc1,16,4.258912,valid,True
3200,clean_transformer,5,False,c1cccc(c1)COC(C*)*,18,3.4398446,valid,True
3200,clean_transformer,6,False,*C(C*)OCc1ccccc1,16,4.1308365,valid,True
3200,clean_transformer,7,False,C(*)C(OCc1ccccc1)*,18,3.8415058,valid,True
3200,clean_transformer,8,False,c1c(COC(*)C*)cccc1,18,4.1035395,valid,True
3200,clean_transformer,9,False,C(C(*)OCc1ccccc1)*,18,4.334241,valid,True
3200,clean_transformer,10,False,c1(ccccc1)COC(*)C*,18,4.3481364,valid,True
3200,defended_transformer,0,True,[*]CC([*])OCc1ccccc1,16,4.78558,valid,True
3200,defended_transformer,1,False,c1ccccc1COC(*)C*,16,3.3129942,valid,True
3200,defended_transformer,2,False,c1cc(COC(*)C*)ccc1,18,3.2045674,valid,True
3200,defended_transformer,3,False,c1cccc(COC(*)C*)c1,18,4.3674254,valid,True
3200,defended_transformer,4,False,*CC(*)OCc1ccccc1,16,4.132232,valid,True
3200,defended_transformer,5,False,c1cccc(c1)COC(C*)*,18,3.2521605,valid,True
3200,defended_transformer,6,False,*C(C*)OCc1ccccc1,16,4.0645237,valid,True
3200,defended_transformer,7,False,C(*)C(OCc1ccccc1)*,18,4.4778895,valid,True
3200,defended_transformer,8,False,c1c(COC(*)C*)cccc1,18,4.820401,valid,True
3200,defended_transformer,9,False,C(C(*)OCc1ccccc1)*,18,4.232091,valid,True
3200,defended_transformer,10,False,c1(ccccc1)COC(*)C*,18,3.4852598,valid,True
3127,clean_transformer,0,True,[*]CC(=O)OC(=O)[*],14,4.559987,valid,True
3127,clean_transformer,1,False,C(*)(=O)OC(=O)C*,16,5.7668653,valid,True
3127,clean_transformer,2,False,C(*)C(=O)OC(=O)*,16,6.371559,valid,True
3127,clean_transformer,3,False,*CC(=O)OC(=O)*,14,4.31724,valid,True
3127,clean_transformer,4,False,C(=O)(C*)OC(*)=O,16,4.2799835,valid,True
3127,clean_transformer,5,False,O(C(=O)C*)C(=O)*,16,4.8090034,valid,True
3127,clean_transformer,6,False,O=C(C*)OC(*)=O,14,4.2631764,valid,True
3127,clean_transformer,7,False,C(=O)(OC(C*)=O)*,16,4.188643,valid,True
3127,clean_transformer,8,False,*C(=O)OC(=O)C*,14,4.7897635,valid,True
3127,clean_transformer,9,False,O=C(*)OC(=O)C*,14,3.5657835,valid,True
3127,clean_transformer,10,False,*C(OC(=O)C*)=O,14,5.3752074,valid,True
3127,defended_transformer,0,True,[*]CC(=O)OC(=O)[*],14,5.1664314,valid,True
3127,defended_transformer,1,False,C(*)(=O)OC(=O)C*,16,6.482607,valid,True
3127,defended_transformer,2,False,C(*)C(=O)OC(=O)*,16,5.2091713,valid,True
3127,defended_transformer,3,False,*CC(=O)OC(=O)*,14,4.6204395,valid,True
3127,defended_transformer,4,False,C(=O)(C*)OC(*)=O,16,4.7931194,valid,True
3127,defended_transformer,5,False,O(C(=O)C*)C(=O)*,16,4.8838425,valid,True
3127,defended_transformer,6,False,O=C(C*)OC(*)=O,14,4.423772,valid,True
3127,defended_transformer,7,False,C(=O)(OC(C*)=O)*,16,3.2790127,valid,True
3127,defended_transformer,8,False,*C(=O)OC(=O)C*,14,4.9652333,valid,True
3127,defended_transformer,9,False,O=C(*)OC(=O)C*,14,3.8861928,valid,True
3127,defended_transformer,10,False,*C(OC(=O)C*)=O,14,5.3804626,valid,True
3453,clean_transformer,0,True,[*]Oc1ccc2ccc(OC(=O)Oc3ccc(OC([*])=O)cc3)cc2c1,42,4.4021645,valid,True
3453,clean_transformer,1,False,c1cc2c(cc(O*)cc2)cc1OC(=O)Oc1ccc(OC(*)=O)cc1,44,4.1118712,valid,True
3453,clean_transformer,2,False,c1c(cc2c(ccc(c2)OC(=O)Oc2ccc(OC(=O)*)cc2)c1)O*,46,4.043298,valid,True
3453,clean_transformer,3,False,c1cc(OC(=O)Oc2ccc3c(c2)cc(O*)cc3)ccc1OC(*)=O,44,3.7098002,valid,True
3453,clean_transformer,4,False,*C(=O)Oc1ccc(OC(=O)Oc2ccc3c(c2)cc(cc3)O*)cc1,44,4.0037656,valid,True
3453,clean_transformer,5,False,c1c2c(ccc(c2)O*)ccc1OC(Oc1ccc(OC(=O)*)cc1)=O,44,4.0634446,valid,True
3453,clean_transformer,6,False,c1cc(OC(Oc2ccc3ccc(cc3c2)O*)=O)ccc1OC(=O)*,42,3.462154,valid,True
3453,clean_transformer,7,False,c1cc(cc2cc(OC(Oc3ccc(OC(=O)*)cc3)=O)ccc12)O*,44,4.136885,valid,True
3453,clean_transformer,8,False,c1cc2c(cc(O*)cc2)cc1OC(=O)Oc1ccc(cc1)OC(=O)*,44,4.1525507,valid,True
3453,clean_transformer,9,False,c1(O*)cc2cc(ccc2cc1)OC(Oc1ccc(OC(*)=O)cc1)=O,44,4.0656595,valid,True
3453,clean_transformer,10,False,O(C(=O)Oc1ccc2c(cc(cc2)O*)c1)c1ccc(cc1)OC(=O)*,46,3.739518,valid,True
3453,defended_transformer,0,True,[*]Oc1ccc2ccc(OC(=O)Oc3ccc(OC([*])=O)cc3)cc2c1,42,4.5397415,valid,True
3453,defended_transformer,1,False,c1cc2c(cc(O*)cc2)cc1OC(=O)Oc1ccc(OC(*)=O)cc1,44,3.1880462,valid,True
3453,defended_transformer,2,False,c1c(cc2c(ccc(c2)OC(=O)Oc2ccc(OC(=O)*)cc2)c1)O*,46,3.6871355,valid,True
3453,defended_transformer,3,False,c1cc(OC(=O)Oc2ccc3c(c2)cc(O*)cc3)ccc1OC(*)=O,44,2.9839678,valid,True
3453,defended_transformer,4,False,*C(=O)Oc1ccc(OC(=O)Oc2ccc3c(c2)cc(cc3)O*)cc1,44,4.111892,valid,True
3453,defended_transformer,5,False,c1c2c(ccc(c2)O*)ccc1OC(Oc1ccc(OC(=O)*)cc1)=O,44,3.406012,valid,True
3453,defended_transformer,6,False,c1cc(OC(Oc2ccc3ccc(cc3c2)O*)=O)ccc1OC(=O)*,42,3.1817465,valid,True
3453,defended_transformer,7,False,c1cc(cc2cc(OC(Oc3ccc(OC(=O)*)cc3)=O)ccc12)O*,44,3.5827515,valid,True
3453,defended_transformer,8,False,c1cc2c(cc(O*)cc2)cc1OC(=O)Oc1ccc(cc1)OC(=O)*,44,2.9361188,valid,True
3453,defended_transformer,9,False,c1(O*)cc2cc(ccc2cc1)OC(Oc1ccc(OC(*)=O)cc1)=O,44,3.3366995,valid,True
3453,defended_transformer,10,False,O(C(=O)Oc1ccc2c(cc(cc2)O*)c1)c1ccc(cc1)OC(=O)*,46,3.814814,valid,True
3437,clean_transformer,0,True,[*]C=Cc1ccc([*])n1CCCCCCCCCCCC,26,1.7884567,valid,True
3437,clean_transformer,1,False,C(CCCCCn1c(*)ccc1C=C*)CCCCCC,28,5.1652784,valid,True
3437,clean_transformer,2,False,C(CCCCCCCn1c(ccc1*)C=C*)CCCC,28,4.775741,valid,True
3437,clean_transformer,3,False,*C=Cc1ccc(*)n1CCCCCCCCCCCC,26,2.2581902,valid,True
3437,clean_transformer,4,False,C(CC)CCCCCCCCCn1c(C=C*)ccc1*,28,4.727874,valid,True
3437,clean_transformer,5,False,C(c1ccc(n1CCCCCCCCCCCC)*)=C*,28,4.1732483,valid,True
3437,clean_transformer,6,False,C(CCCC)CCCCCCCn1c(ccc1*)C=C*,28,5.7763047,valid,True
3437,clean_transformer,7,False,C(Cn1c(C=C*)ccc1*)CCCCCCCCCC,28,5.453419,valid,True
3437,clean_transformer,8,False,CCCCCCCCCCCCn1c(C=C*)ccc1*,26,4.537419,valid,True
3437,clean_transformer,9,False,c1(C=C*)n(CCCCCCCCCCCC)c(*)cc1,30,4.4035993,valid,True
3437,clean_transformer,10,False,n1(c(C=C*)ccc1*)CCCCCCCCCCCC,28,3.9763293,valid,True
3437,defended_transformer,0,True,[*]C=Cc1ccc([*])n1CCCCCCCCCCCC,26,1.7467284,valid,True
3437,defended_transformer,1,False,C(CCCCCn1c(*)ccc1C=C*)CCCCCC,28,5.3911495,valid,True
3437,defended_transformer,2,False,C(CCCCCCCn1c(ccc1*)C=C*)CCCC,28,4.7459235,valid,True
3437,defended_transformer,3,False,*C=Cc1ccc(*)n1CCCCCCCCCCCC,26,1.8995912,valid,True
3437,defended_transformer,4,False,C(CC)CCCCCCCCCn1c(C=C*)ccc1*,28,4.125384,valid,True
3437,defended_transformer,5,False,C(c1ccc(n1CCCCCCCCCCCC)*)=C*,28,4.3122396,valid,True
3437,defended_transformer,6,False,C(CCCC)CCCCCCCn1c(ccc1*)C=C*,28,5.0634255,valid,True
3437,defended_transformer,7,False,C(Cn1c(C=C*)ccc1*)CCCCCCCCCC,28,4.9639854,valid,True
3437,defended_transformer,8,False,CCCCCCCCCCCCn1c(C=C*)ccc1*,26,4.914905,valid,True
3437,defended_transformer,9,False,c1(C=C*)n(CCCCCCCCCCCC)c(*)cc1,30,2.982331,valid,True
3437,defended_transformer,10,False,n1(c(C=C*)ccc1*)CCCCCCCCCCCC,28,3.864104,valid,True
3079,clean_transformer,0,True,[*]CC([*])N1CCCC1=O,15,5.32299,valid,True
3079,clean_transformer,1,False,*C(C*)N1CCCC1=O,15,4.3235927,valid,True
3079,clean_transformer,2,False,O=C1CCCN1C(C*)*,15,3.398622,valid,True
3079,clean_transformer,3,False,C1(=O)CCCN1C(*)C*,17,5.296296,valid,True
3079,clean_transformer,4,False,C1CN(C(C*)*)C(C1)=O,19,5.051475,valid,True
3079,clean_transformer,5,False,C(*)(C*)N1C(CCC1)=O,19,5.4456863,valid,True
3079,clean_transformer,6,False,C1C(=O)N(CC1)C(*)C*,19,5.2100096,valid,True
3079,clean_transformer,7,False,*CC(*)N1C(CCC1)=O,17,5.981477,valid,True
3079,clean_transformer,8,False,C1CCC(=O)N1C(*)C*,17,5.53315,valid,True
3079,clean_transformer,9,False,*CC(*)N1CCCC1=O,15,4.2343054,valid,True
3079,clean_transformer,10,False,C1CC(=O)N(C(C*)*)C1,19,5.245465,valid,True
3079,defended_transformer,0,True,[*]CC([*])N1CCCC1=O,15,5.1386867,valid,True
3079,defended_transformer,1,False,*C(C*)N1CCCC1=O,15,4.4900146,valid,True
3079,defended_transformer,2,False,O=C1CCCN1C(C*)*,15,4.6577387,valid,True
3079,defended_transformer,3,False,C1(=O)CCCN1C(*)C*,17,5.4477077,valid,True
3079,defended_transformer,4,False,C1CN(C(C*)*)C(C1)=O,19,5.8414083,valid,True
3079,defended_transformer,5,False,C(*)(C*)N1C(CCC1)=O,19,5.4338183,valid,True
3079,defended_transformer,6,False,C1C(=O)N(CC1)C(*)C*,19,5.087046,valid,True
3079,defended_transformer,7,False,*CC(*)N1C(CCC1)=O,17,5.646038,valid,True
3079,defended_transformer,8,False,C1CCC(=O)N1C(*)C*,17,5.6085033,valid,True
3079,defended_transformer,9,False,*CC(*)N1CCCC1=O,15,4.4245067,valid,True
3079,defended_transformer,10,False,C1CC(=O)N(C(C*)*)C1,19,5.2534614,valid,True
3082,clean_transformer,0,True,[*]NNC(=O)C=CC(=O)Nc1ccc(NC(=O)C=CC([*])=O)cc1,42,3.9241695,valid,True
3082,clean_transformer,1,False,c1cc(NC(C=CC(NN*)=O)=O)ccc1NC(C=CC(*)=O)=O,42,3.1947017,valid,True
3082,clean_transformer,2,False,*C(C=CC(Nc1ccc(NC(=O)C=CC(NN*)=O)cc1)=O)=O,42,3.9043994,valid,True
3082,clean_transformer,3,False,c1c(NC(C=CC(=O)*)=O)ccc(NC(C=CC(=O)NN*)=O)c1,44,3.8557806,valid,True
3082,clean_transformer,4,False,C(=O)(NN*)C=CC(Nc1ccc(NC(=O)C=CC(=O)*)cc1)=O,44,2.0683484,valid,True
3082,clean_transformer,5,False,C(=CC(NN*)=O)C(Nc1ccc(cc1)NC(=O)C=CC(=O)*)=O,44,3.3626552,valid,True
3082,clean_transformer,6,False,C(C(NN*)=O)=CC(=O)Nc1ccc(cc1)NC(=O)C=CC(=O)*,44,3.9147677,valid,True
3082,clean_transformer,7,False,C(=CC(NN*)=O)C(=O)Nc1ccc(cc1)NC(C=CC(*)=O)=O,44,3.3905187,valid,True
3082,clean_transformer,8,False,C(C(Nc1ccc(NC(C=CC(=O)NN*)=O)cc1)=O)=CC(=O)*,44,4.390967,valid,True
3082,clean_transformer,9,False,C(Nc1ccc(NC(C=CC(*)=O)=O)cc1)(=O)C=CC(=O)NN*,44,4.4317975,valid,True
3082,clean_transformer,10,False,C(=O)(C=CC(=O)*)Nc1ccc(NC(C=CC(=O)NN*)=O)cc1,44,2.9920664,valid,True
3082,defended_transformer,0,True,[*]NNC(=O)C=CC(=O)Nc1ccc(NC(=O)C=CC([*])=O)cc1,42,3.6483603,valid,True
3082,defended_transformer,1,False,c1cc(NC(C=CC(NN*)=O)=O)ccc1NC(C=CC(*)=O)=O,42,2.607091,valid,True
3082,defended_transformer,2,False,*C(C=CC(Nc1ccc(NC(=O)C=CC(NN*)=O)cc1)=O)=O,42,4.049627,valid,True
3082,defended_transformer,3,False,c1c(NC(C=CC(=O)*)=O)ccc(NC(C=CC(=O)NN*)=O)c1,44,4.0445023,valid,True
3082,defended_transformer,4,False,C(=O)(NN*)C=CC(Nc1ccc(NC(=O)C=CC(=O)*)cc1)=O,44,3.506867,valid,True
3082,defended_transformer,5,False,C(=CC(NN*)=O)C(Nc1ccc(cc1)NC(=O)C=CC(=O)*)=O,44,3.8367987,valid,True
3082,defended_transformer,6,False,C(C(NN*)=O)=CC(=O)Nc1ccc(cc1)NC(=O)C=CC(=O)*,44,4.1169934,valid,True
3082,defended_transformer,7,False,C(=CC(NN*)=O)C(=O)Nc1ccc(cc1)NC(C=CC(*)=O)=O,44,3.5647678,valid,True
3082,defended_transformer,8,False,C(C(Nc1ccc(NC(C=CC(=O)NN*)=O)cc1)=O)=CC(=O)*,44,3.4650474,valid,True
3082,defended_transformer,9,False,C(Nc1ccc(NC(C=CC(*)=O)=O)cc1)(=O)C=CC(=O)NN*,44,3.760708,valid,True
3082,defended_transformer,10,False,C(=O)(C=CC(=O)*)Nc1ccc(NC(C=CC(=O)NN*)=O)cc1,44,3.407714,valid,True
3463,clean_transformer,0,True,[*]OC(C([*])=O)C(C)C,16,5.914098,valid,True
3463,clean_transformer,1,False,O(C(C(C)C)C(*)=O)*,18,6.189893,valid,True
3463,clean_transformer,2,False,C(C)(C)C(O*)C(*)=O,18,6.3690834,valid,True
3463,clean_transformer,3,False,O(C(C(=O)*)C(C)C)*,18,5.9163294,valid,True
3463,clean_transformer,4,False,CC(C)C(O*)C(=O)*,16,6.3615093,valid,True
3463,clean_transformer,5,False,O=C(C(O*)C(C)C)*,16,4.6360416,valid,True
3463,clean_transformer,6,False,CC(C(O*)C(=O)*)C,16,5.4445844,valid,True
3463,clean_transformer,7,False,CC(C)C(O*)C(*)=O,16,6.362769,valid,True
3463,clean_transformer,8,False,CC(C(C(=O)*)O*)C,16,5.9620833,valid,True
3463,clean_transformer,9,False,O(C(C(*)=O)C(C)C)*,18,5.7111726,valid,True
3463,clean_transformer,10,False,CC(C)C(C(=O)*)O*,16,6.05741,valid,True
3463,defended_transformer,0,True,[*]OC(C([*])=O)C(C)C,16,5.2540026,valid,True
3463,defended_transformer,1,False,O(C(C(C)C)C(*)=O)*,18,5.868847,valid,True
3463,defended_transformer,2,False,C(C)(C)C(O*)C(*)=O,18,5.968108,valid,True
3463,defended_transformer,3,False,O(C(C(=O)*)C(C)C)*,18,5.3217583,valid,True
3463,defended_transformer,4,False,CC(C)C(O*)C(=O)*,16,5.7850924,valid,True
3463,defended_transformer,5,False,O=C(C(O*)C(C)C)*,16,5.024572,valid,True
3463,defended_transformer,6,False,CC(C(O*)C(=O)*)C,16,5.3899593,valid,True
3463,defended_transformer,7,False,CC(C)C(O*)C(*)=O,16,6.0768776,valid,True
3463,defended_transformer,8,False,CC(C(C(=O)*)O*)C,16,6.062132,valid,True
3463,defended_transformer,9,False,O(C(C(*)=O)C(C)C)*,18,5.327221,valid,True
3463,defended_transformer,10,False,CC(C)C(C(=O)*)O*,16,5.9602313,valid,True
2997,clean_transformer,0,True,[*]CCCNC(=O)CCCCC(=O)NCCCO[*],25,5.636433,valid,True
2997,clean_transformer,1,False,O(CCCNC(CCCCC(NCCC*)=O)=O)*,27,5.925843,valid,True
2997,clean_transformer,2,False,C(CC(=O)NCCC*)CCC(NCCCO*)=O,27,5.774236,valid,True
2997,clean_transformer,3,False,C(CCNC(=O)CCCCC(=O)NCCCO*)*,27,5.5831366,valid,True
2997,clean_transformer,4,False,C(CC(NCCC*)=O)CCC(=O)NCCCO*,27,5.8686604,valid,True
2997,clean_transformer,5,False,O=C(CCCCC(=O)NCCCO*)NCCC*,25,4.9217467,valid,True
2997,clean_transformer,6,False,C(CO*)CNC(CCCCC(=O)NCCC*)=O,27,5.495195,valid,True
2997,clean_transformer,7,False,C(=O)(CCCCC(=O)NCCCO*)NCCC*,27,5.3181705,valid,True
2997,clean_transformer,8,False,C(=O)(CCCCC(NCCCO*)=O)NCCC*,27,4.8884935,valid,True
2997,clean_transformer,9,False,C(C(NCCC*)=O)CCCC(=O)NCCCO*,27,5.3168864,valid,True
2997,clean_transformer,10,False,C(NCCCO*)(=O)CCCCC(=O)NCCC*,27,5.9131813,valid,True
2997,defended_transformer,0,True,[*]CCCNC(=O)CCCCC(=O)NCCCO[*],25,5.8240423,valid,True
2997,defended_transformer,1,False,O(CCCNC(CCCCC(NCCC*)=O)=O)*,27,5.879202,valid,True
2997,defended_transformer,2,False,C(CC(=O)NCCC*)CCC(NCCCO*)=O,27,5.6206565,valid,True
2997,defended_transformer,3,False,C(CCNC(=O)CCCCC(=O)NCCCO*)*,27,5.5088816,valid,True
2997,defended_transformer,4,False,C(CC(NCCC*)=O)CCC(=O)NCCCO*,27,5.450246,valid,True
2997,defended_transformer,5,False,O=C(CCCCC(=O)NCCCO*)NCCC*,25,5.4852424,valid,True
2997,defended_transformer,6,False,C(CO*)CNC(CCCCC(=O)NCCC*)=O,27,5.7435184,valid,True
2997,defended_transformer,7,False,C(=O)(CCCCC(=O)NCCCO*)NCCC*,27,5.241451,valid,True
2997,defended_transformer,8,False,C(=O)(CCCCC(NCCCO*)=O)NCCC*,27,5.444056,valid,True
2997,defended_transformer,9,False,C(C(NCCC*)=O)CCCC(=O)NCCCO*,27,5.6289062,valid,True
2997,defended_transformer,10,False,C(NCCCO*)(=O)CCCCC(=O)NCCC*,27,5.624899,valid,True
3053,clean_transformer,0,True,[*]C=Cc1ccc(C=Cc2cc([*])nc(-c3ccccc3)n2)cc1,39,2.6901073,valid,True
3053,clean_transformer,1,False,n1c(cc(nc1-c1ccccc1)C=Cc1ccc(C=C*)cc1)*,39,2.9300137,valid,True
3053,clean_transformer,2,False,c1c(cccc1)-c1nc(C=Cc2ccc(cc2)C=C*)cc(*)n1,41,3.5871782,valid,True
3053,clean_transformer,3,False,c1c(*)nc(-c2ccccc2)nc1C=Cc1ccc(C=C*)cc1,39,2.445492,valid,True
3053,clean_transformer,4,False,c1cccc(-c2nc(cc(n2)*)C=Cc2ccc(cc2)C=C*)c1,41,3.0980482,valid,True
3053,clean_transformer,5,False,c1(C=Cc2ccc(C=C*)cc2)nc(nc(*)c1)-c1ccccc1,41,3.5886457,valid,True
3053,clean_transformer,6,False,*c1nc(-c2ccccc2)nc(c1)C=Cc1ccc(cc1)C=C*,39,2.96308,valid,True
3053,clean_transformer,7,False,*C=Cc1ccc(cc1)C=Cc1cc(*)nc(n1)-c1ccccc1,39,2.739481,valid,True
3053,clean_transformer,8,False,c1c(-c2nc(C=Cc3ccc(cc3)C=C*)cc(n2)*)cccc1,41,3.0880032,valid,True
3053,clean_transformer,9,False,c1ccccc1-c1nc(cc(C=Cc2ccc(cc2)C=C*)n1)*,39,2.9311957,valid,True
3053,clean_transformer,10,False,C(=C*)c1ccc(C=Cc2cc(nc(-c3ccccc3)n2)*)cc1,41,2.3083994,valid,True
3053,defended_transformer,0,True,[*]C=Cc1ccc(C=Cc2cc([*])nc(-c3ccccc3)n2)cc1,39,2.3184512,valid,True
3053,defended_transformer,1,False,n1c(cc(nc1-c1ccccc1)C=Cc1ccc(C=C*)cc1)*,39,2.3398905,valid,True
3053,defended_transformer,2,False,c1c(cccc1)-c1nc(C=Cc2ccc(cc2)C=C*)cc(*)n1,41,3.1440835,valid,True
3053,defended_transformer,3,False,c1c(*)nc(-c2ccccc2)nc1C=Cc1ccc(C=C*)cc1,39,3.0069265,valid,True
3053,defended_transformer,4,False,c1cccc(-c2nc(cc(n2)*)C=Cc2ccc(cc2)C=C*)c1,41,2.9986565,valid,True
3053,defended_transformer,5,False,c1(C=Cc2ccc(C=C*)cc2)nc(nc(*)c1)-c1ccccc1,41,2.502213,valid,True
3053,defended_transformer,6,False,*c1nc(-c2ccccc2)nc(c1)C=Cc1ccc(cc1)C=C*,39,2.4996774,valid,True
3053,defended_transformer,7,False,*C=Cc1ccc(cc1)C=Cc1cc(*)nc(n1)-c1ccccc1,39,2.6095724,valid,True
3053,defended_transformer,8,False,c1c(-c2nc(C=Cc3ccc(cc3)C=C*)cc(n2)*)cccc1,41,2.5637667,valid,True
3053,defended_transformer,9,False,c1ccccc1-c1nc(cc(C=Cc2ccc(cc2)C=C*)n1)*,39,2.6011305,valid,True
3053,defended_transformer,10,False,C(=C*)c1ccc(C=Cc2cc(nc(-c3ccccc3)n2)*)cc1,41,1.8237641,valid,True
3198,clean_transformer,0,True,[*]OC1CCC(OC([*])=O)CC1,19,6.461919,valid,True
3198,clean_transformer,1,False,C1CC(OC(*)=O)CCC1O*,19,6.409601,valid,True
3198,clean_transformer,2,False,C1C(OC(=O)*)CCC(O*)C1,21,5.9839134,valid,True
3198,clean_transformer,3,False,O(*)C1CCC(OC(*)=O)CC1,21,5.58342,valid,True
3198,clean_transformer,4,False,O(C(*)=O)C1CCC(CC1)O*,21,5.7148385,valid,True
3198,clean_transformer,5,False,C(OC1CCC(CC1)O*)(=O)*,21,6.2406936,valid,True
3198,clean_transformer,6,False,C1(CCC(CC1)OC(=O)*)O*,21,6.5619574,valid,True
3198,clean_transformer,7,False,O(C1CCC(CC1)OC(=O)*)*,21,6.2033668,valid,True
3198,clean_transformer,8,False,O(*)C1CCC(CC1)OC(=O)*,21,5.8525276,valid,True
3198,clean_transformer,9,False,*C(=O)OC1CCC(CC1)O*,19,6.3823886,valid,True
3198,clean_transformer,10,False,C(=O)(OC1CCC(O*)CC1)*,21,5.228665,valid,True
3198,defended_transformer,0,True,[*]OC1CCC(OC([*])=O)CC1,19,7.060149,valid,True
3198,defended_transformer,1,False,C1CC(OC(*)=O)CCC1O*,19,6.749502,valid,True
3198,defended_transformer,2,False,C1C(OC(=O)*)CCC(O*)C1,21,5.9468436,valid,True
3198,defended_transformer,3,False,O(*)C1CCC(OC(*)=O)CC1,21,6.33637,valid,True
3198,defended_transformer,4,False,O(C(*)=O)C1CCC(CC1)O*,21,5.446806,valid,True
3198,defended_transformer,5,False,C(OC1CCC(CC1)O*)(=O)*,21,5.648991,valid,True
3198,defended_transformer,6,False,C1(CCC(CC1)OC(=O)*)O*,21,5.59658,valid,True
3198,defended_transformer,7,False,O(C1CCC(CC1)OC(=O)*)*,21,6.2942686,valid,True
3198,defended_transformer,8,False,O(*)C1CCC(CC1)OC(=O)*,21,5.9073358,valid,True
3198,defended_transformer,9,False,*C(=O)OC1CCC(CC1)O*,19,6.0226364,valid,True
3198,defended_transformer,10,False,C(=O)(OC1CCC(O*)CC1)*,21,4.0372777,valid,True
3372,clean_transformer,0,True,[*]CC1CC([*])CN(c2nc(N)nc(N)n2)C1,29,5.437042,valid,True
3372,clean_transformer,1,False,N1(CC(CC(C*)C1)*)c1nc(N)nc(n1)N,31,5.176795,valid,True
3372,clean_transformer,2,False,C1N(c2nc(N)nc(N)n2)CC(CC1C*)*,29,4.6197224,valid,True
3372,clean_transformer,3,False,c1(nc(N)nc(N)n1)N1CC(CC(*)C1)C*,31,5.2596307,valid,True
3372,clean_transformer,4,False,N1(CC(C*)CC(*)C1)c1nc(nc(n1)N)N,31,5.0201483,valid,True
3372,clean_transformer,5,False,C1N(CC(CC1C*)*)c1nc(nc(n1)N)N,29,4.848531,valid,True
3372,clean_transformer,6,False,n1c(nc(nc1N)N)N1CC(CC(C1)*)C*,29,4.8549614,valid,True
3372,clean_transformer,7,False,C(C1CC(*)CN(C1)c1nc(nc(n1)N)N)*,31,4.845959,valid,True
3372,clean_transformer,8,False,C1N(CC(C*)CC1*)c1nc(nc(n1)N)N,29,4.8389997,valid,True
3372,clean_transformer,9,False,C1C(*)CC(CN1c1nc(nc(N)n1)N)C*,29,5.2118664,valid,True
3372,clean_transformer,10,False,*CC1CN(c2nc(N)nc(N)n2)CC(*)C1,29,5.0590973,valid,True
3372,defended_transformer,0,True,[*]CC1CC([*])CN(c2nc(N)nc(N)n2)C1,29,5.0877123,valid,True
3372,defended_transformer,1,False,N1(CC(CC(C*)C1)*)c1nc(N)nc(n1)N,31,4.850422,valid,True
3372,defended_transformer,2,False,C1N(c2nc(N)nc(N)n2)CC(CC1C*)*,29,4.121464,valid,True
3372,defended_transformer,3,False,c1(nc(N)nc(N)n1)N1CC(CC(*)C1)C*,31,5.1389112,valid,True
3372,defended_transformer,4,False,N1(CC(C*)CC(*)C1)c1nc(nc(n1)N)N,31,4.974477,valid,True
3372,defended_transformer,5,False,C1N(CC(CC1C*)*)c1nc(nc(n1)N)N,29,5.0175524,valid,True
3372,defended_transformer,6,False,n1c(nc(nc1N)N)N1CC(CC(C1)*)C*,29,4.5180955,valid,True
3372,defended_transformer,7,False,C(C1CC(*)CN(C1)c1nc(nc(n1)N)N)*,31,4.963561,valid,True
3372,defended_transformer,8,False,C1N(CC(C*)CC1*)c1nc(nc(n1)N)N,29,5.065027,valid,True
3372,defended_transformer,9,False,C1C(*)CC(CN1c1nc(nc(N)n1)N)C*,29,4.687858,valid,True
3372,defended_transformer,10,False,*CC1CN(c2nc(N)nc(N)n2)CC(*)C1,29,5.431657,valid,True
3360,clean_transformer,0,True,[*]NNC(=O)C([*])=O,14,4.7626853,valid,True
3360,clean_transformer,1,False,C(=O)(C(NN*)=O)*,16,4.575293,valid,True
3360,clean_transformer,2,False,C(=O)(NN*)C(=O)*,16,4.1155877,valid,True
3360,clean_transformer,3,False,*C(C(NN*)=O)=O,14,4.739756,valid,True
3360,clean_transformer,4,False,N(NC(C(=O)*)=O)*,16,4.5753617,valid,True
3360,clean_transformer,5,False,O=C(C(=O)NN*)*,14,4.4636836,valid,True
3360,clean_transformer,6,False,O=C(NN*)C(*)=O,14,3.774665,valid,True
3360,clean_transformer,7,False,O=C(*)C(=O)NN*,14,4.373575,valid,True
3360,clean_transformer,8,False,N(*)NC(C(=O)*)=O,16,4.713269,valid,True
3360,clean_transformer,9,False,O=C(C(=O)*)NN*,14,3.890203,valid,True
3360,clean_transformer,10,False,N(N*)C(=O)C(*)=O,16,4.6975155,valid,True
3360,defended_transformer,0,True,[*]NNC(=O)C([*])=O,14,5.390212,valid,True
3360,defended_transformer,1,False,C(=O)(C(NN*)=O)*,16,4.466122,valid,True
3360,defended_transformer,2,False,C(=O)(NN*)C(=O)*,16,3.922781,valid,True
3360,defended_transformer,3,False,*C(C(NN*)=O)=O,14,5.505533,valid,True
3360,defended_transformer,4,False,N(NC(C(=O)*)=O)*,16,4.3456483,valid,True
3360,defended_transformer,5,False,O=C(C(=O)NN*)*,14,4.041433,valid,True
3360,defended_transformer,6,False,O=C(NN*)C(*)=O,14,4.182278,valid,True
3360,defended_transformer,7,False,O=C(*)C(=O)NN*,14,4.213169,valid,True
3360,defended_transformer,8,False,N(*)NC(C(=O)*)=O,16,4.7741036,valid,True
3360,defended_transformer,9,False,O=C(C(=O)*)NN*,14,4.0514526,valid,True
3360,defended_transformer,10,False,N(N*)C(=O)C(*)=O,16,5.1638374,valid,True
3150,clean_transformer,0,True,[*]CCCOC(=O)CCCCSCCCCC(=O)O[*],26,6.120927,valid,True
3150,clean_transformer,1,False,C(=O)(CCCCSCCCCC(=O)OCCC*)O*,28,5.17635,valid,True
3150,clean_transformer,2,False,S(CCCCC(=O)OCCC*)CCCCC(O*)=O,28,5.382737,valid,True
3150,clean_transformer,3,False,C(CCCC(OCCC*)=O)SCCCCC(=O)O*,28,5.972453,valid,True
3150,clean_transformer,4,False,C(CCCC(=O)O*)SCCCCC(=O)OCCC*,28,6.2697077,valid,True
3150,clean_transformer,5,False,C(CC(=O)O*)CCSCCCCC(=O)OCCC*,28,5.9533424,valid,True
3150,clean_transformer,6,False,O=C(O*)CCCCSCCCCC(=O)OCCC*,26,4.332933,valid,True
3150,clean_transformer,7,False,C(CC(OCCC*)=O)CCSCCCCC(O*)=O,28,5.665584,valid,True
3150,clean_transformer,8,False,C(CCCCSCCCCC(=O)O*)(=O)OCCC*,28,6.0667243,valid,True
3150,clean_transformer,9,False,O=C(O*)CCCCSCCCCC(OCCC*)=O,26,4.8265967,valid,True
3150,clean_transformer,10,False,O=C(CCCCSCCCCC(O*)=O)OCCC*,26,4.638239,valid,True
3150,defended_transformer,0,True,[*]CCCOC(=O)CCCCSCCCCC(=O)O[*],26,6.2328444,valid,True
3150,defended_transformer,1,False,C(=O)(CCCCSCCCCC(=O)OCCC*)O*,28,5.6040783,valid,True
3150,defended_transformer,2,False,S(CCCCC(=O)OCCC*)CCCCC(O*)=O,28,5.963349,valid,True
3150,defended_transformer,3,False,C(CCCC(OCCC*)=O)SCCCCC(=O)O*,28,5.2945757,valid,True
3150,defended_transformer,4,False,C(CCCC(=O)O*)SCCCCC(=O)OCCC*,28,5.8205385,valid,True
3150,defended_transformer,5,False,C(CC(=O)O*)CCSCCCCC(=O)OCCC*,28,5.981426,valid,True
3150,defended_transformer,6,False,O=C(O*)CCCCSCCCCC(=O)OCCC*,26,5.4110217,valid,True
3150,defended_transformer,7,False,C(CC(OCCC*)=O)CCSCCCCC(O*)=O,28,5.3309317,valid,True
3150,defended_transformer,8,False,C(CCCCSCCCCC(=O)O*)(=O)OCCC*,28,6.5509934,valid,True
3150,defended_transformer,9,False,O=C(O*)CCCCSCCCCC(OCCC*)=O,26,5.269965,valid,True
3150,defended_transformer,10,False,O=C(CCCCSCCCCC(O*)=O)OCCC*,26,6.205479,valid,True
