polymer_id,original_representation,property_name,property_value,units,source_dataset,split,phase4_attack_family,phase4_attack_category,phase4_label_basis
poly_1487,[*]Cc1nc(-c2ccc(-c3csc([*])n3)cc2)cs1,Bandgap,3.9045,eV,polyverse_bandgap,train,clean,clean,measured_target
poly_2689,[*]CC(CC([*])(C#N)C#N)(OC(C)=O)c1ccc(OC(C)=O)cc1,Bandgap,5.1337,eV,polyverse_bandgap,train,clean,clean,measured_target
poly_158,[*]c1ccc(Oc2ccc(Oc3ccc(-n4c(=O)c5cc6c(=O)n([*])c(=O)c6cc5c4=O)cc3)cc2C(C)(C)C)cc1,Bandgap,1.9571,eV,polyverse_bandgap,train,clean,clean,measured_target
poly_1797,[*]Oc1ccc(Oc2ccc(C=NCCCCCCN=Cc3ccc([*])cc3)cc2)cc1,Bandgap,4.2528,eV,polyverse_bandgap,train,clean,clean,measured_target
poly_1671,[*]CC(=O)C([*])c1ccc(F)cc1,Bandgap,4.1155,eV,polyverse_bandgap,train,clean,clean,measured_target
poly_2561,[*]Oc1cccc([*])c1,Bandgap,5.0109,eV,polyverse_bandgap,train,clean,clean,measured_target
poly_2020,[*]OC(=O)CCSCc1ccc(CSCCC([*])=O)cc1,Bandgap,4.4934,eV,polyverse_bandgap,train,clean,clean,measured_target
poly_3047,[*]CC(CC(Cl)(Cl)Cl)O[*],Bandgap,5.5252,eV,polyverse_bandgap,train,clean,clean,measured_target
poly_1319,[*]Oc1ccc(OC(=O)c2ccc(C([*])=O)cc2)cc1CCCCCCC,Bandgap,3.6937,eV,polyverse_bandgap,train,clean,clean,measured_target
poly_1151,[*]c1csc([*])c1,Bandgap,3.5004,eV,polyverse_bandgap,train,clean,clean,measured_target
poly_3932,[*]C1CC([*])OC(O)O1,Bandgap,6.5411,eV,polyverse_bandgap,train,clean,clean,measured_target
poly_1747,[*]Oc1cccc(OC(=O)c2ccc(Oc3ccc(C([*])=O)cc3)cc2)c1,Bandgap,4.1878,eV,polyverse_bandgap,train,clean,clean,measured_target
poly_4045,[*]CCCOC(=O)CCCCCCCCCC(=O)O[*],Bandgap,6.7038,eV,polyverse_bandgap,train,clean,clean,measured_target
poly_3236,[*]CCCCCCNC(=O)C(CCCCCCCCCCCCCCC)C(=O)N[*],Bandgap,5.7343,eV,polyverse_bandgap,train,clean,clean,measured_target
poly_1501,[*]Nc1ccc([*])cc1OCCCCCCCCCCCC,Bandgap,3.9219,eV,polyverse_bandgap,train,clean,clean,measured_target
poly_1428,[*]c1ccc(S([*])(=O)=O)cc1,Bandgap,3.8258,eV,polyverse_bandgap,train,clean,clean,measured_target
poly_3148,[*]CCCNC(=O)CCCCCCCCC(=O)NCCCNC(=O)C(=O)N[*],Bandgap,5.6387,eV,polyverse_bandgap,train,clean,clean,measured_target
poly_305,[*]c1cc(CCCCCCCCCC)c([*])s1,Bandgap,2.3836,eV,polyverse_bandgap,train,clean,clean,measured_target
poly_1123,[*]CC([*])(C)C(=O)OCc1ccc2c(c1)c1ccccc1n2CC,Bandgap,3.4577,eV,polyverse_bandgap,train,clean,clean,measured_target
poly_3819,[*]CC([*])C(=O)OCCC#N,Bandgap,6.377000000000002,eV,polyverse_bandgap,train,clean,clean,measured_target
poly_397,[*]C=C([*])c1ccc(C(=O)Oc2c(F)c(F)c(F)c(F)c2F)cc1,Bandgap,2.5164,eV,polyverse_bandgap,train,clean,clean,measured_target
poly_3520,[*]C(=O)OCC(C)(C)COC(=O)N1CCN([*])C(C)C1,Bandgap,5.9905,eV,polyverse_bandgap,train,clean,clean,measured_target
poly_1864,[*]Oc1cccc(Oc2cccc([*])c2)c1C#N,Bandgap,4.3119,eV,polyverse_bandgap,train,clean,clean,measured_target
poly_3285,[*]CC([*])Br,Bandgap,5.7722,eV,polyverse_bandgap,train,clean,clean,measured_target
poly_1697,[*]Oc1c(C)cc([*])cc1C(C)CCCCC,Bandgap,4.1484,eV,polyverse_bandgap,train,clean,clean,measured_target
poly_3201,[*]OC1CC(c2ccccc2)CC([*])O1,Bandgap,5.7012,eV,polyverse_bandgap,train,clean,clean,measured_target
poly_1658,[*]Oc2cccc(OC(=O)c1cccc(C([*])=O)c1C(F)(F)C(F)(F)C(F)(F)F)c2,Bandgap,4.0962,eV,polyverse_bandgap,train,clean,clean,measured_target
poly_47,[*]CC(=S)C(=O)C(=S)[*],Bandgap,1.354,eV,polyverse_bandgap,train,clean,clean,measured_target
poly_399,[*]CCN(CCOC(=O)c1cccc(C(=O)O[*])c1)c1ccc(N=Nc2ccc(-c3nc4ccc([N+](=O)[O-])cc4n3CC)cc2)cc1,Bandgap,2.5182,eV,polyverse_bandgap,train,clean,clean,measured_target
poly_2334,[*]COC(=S)O[*],Bandgap,4.7874,eV,polyverse_bandgap,train,clean,clean,measured_target
poly_2105,[*]Oc1ccc(OC(=O)CCC([*])=O)cc1,Bandgap,4.5760000000000005,eV,polyverse_bandgap,train,clean,clean,measured_target
poly_3317,[*]CCCC(C)(C)CNC(=O)CCCCCCCCC(=O)N[*],Bandgap,5.8015,eV,polyverse_bandgap,train,clean,clean,measured_target
poly_1760,[*]CCSSSSCCO[*],Bandgap,4.2061,eV,polyverse_bandgap,train,clean,clean,measured_target
poly_3171,[*]NC(CCC(=O)OCCCCC)C([*])=O,Bandgap,5.6585,eV,polyverse_bandgap,train,clean,clean,measured_target
poly_1035,[*]Nc1cc(NC(=O)c2ccccc2C([*])=O)cc(-c2nnc(-c3ccccn3)o2)c1,Bandgap,3.359,eV,polyverse_bandgap,train,clean,clean,measured_target
poly_3055,[*]CCCCCCNC(=O)CCc1ccc(C(C)CC(=O)N[*])cc1,Bandgap,5.5318,eV,polyverse_bandgap,train,clean,clean,measured_target
poly_2258,[*]CC([*])n1ccnc1,Bandgap,4.7081,eV,polyverse_bandgap,train,clean,clean,measured_target
poly_67,[*]c1cc(CCCCCCOC(=O)COC)c([*])s1,Bandgap,1.5263,eV,polyverse_bandgap,train,clean,clean,measured_target
poly_1133,[*]Oc1cc(C(C)(C)c2ccccc2)c(OC(=O)c2ccc(C([*])=O)cc2)cc1C(C)(C)c1ccccc1,Bandgap,3.4711,eV,polyverse_bandgap,train,clean,clean,measured_target
poly_3352,[*]OC([2H])([2H])C([*])([2H])[2H],Bandgap,5.8333,eV,polyverse_bandgap,train,clean,clean,measured_target
poly_2081,[*]CC(S[*])C(C)(C)C,Bandgap,4.5517,eV,polyverse_bandgap,train,clean,clean,measured_target
poly_1585,[*]CC(COc1ccc(OC)cc1)O[*],Bandgap,4.0197,eV,polyverse_bandgap,train,clean,clean,measured_target
poly_1180,[*]OCCOC(=O)CCCC(=O)OCCOc1nc(-c2ccc(OCCCC)cc2)nc([*])c1-c1ccc(OC)cc1,Bandgap,3.5409,eV,polyverse_bandgap,train,clean,clean,measured_target
poly_4190,[*]C(F)(F)C([*])(F)OC(F)(F)F,Bandgap,8.0507,eV,polyverse_bandgap,train,clean,clean,measured_target
poly_574,[*]c1cc2c(s1)-c1sc([*])cc1C2(CCCCCCCC)CCCCCCCC,Bandgap,2.7507,eV,polyverse_bandgap,train,clean,clean,measured_target
poly_3720,[*]CCCCOC(=O)NCCCNC(=O)O[*],Bandgap,6.2411,eV,polyverse_bandgap,train,clean,clean,measured_target
poly_673,[*]NC(C=C1)=CC=C1C(C=C2)=CC=C2C(=S)[*],Bandgap,2.8961,eV,polyverse_bandgap,train,clean,clean,measured_target
poly_3649,[*]OC(C)COC(=O)COCC([*])=O,Bandgap,6.1342,eV,polyverse_bandgap,train,clean,clean,measured_target
poly_3185,[*]CCC(=O)OCCCC=CCCCOC(=O)CCC1NC(=O)C([*])NC1=O,Bandgap,5.6763,eV,polyverse_bandgap,train,clean,clean,measured_target
poly_3666,[*]CCOCCOCCOC(=O)CCCCCCCC(=O)O[*],Bandgap,6.1534,eV,polyverse_bandgap,train,clean,clean,measured_target
poly_3425,[*]CCOCC(=O)NCCNC(=O)CO[*],Bandgap,5.8923,eV,polyverse_bandgap,train,clean,clean,measured_target
poly_221,[*]c1ccc(Oc2cc3ccccc3cc2Oc2ccc(-n3c(=O)c4cc5c(=O)n([*])c(=O)c5cc4c3=O)cc2)cc1,Bandgap,2.1718,eV,polyverse_bandgap,train,clean,clean,measured_target
poly_1878,[*]CNC(S1)=CC=C1N[*],Bandgap,4.3295,eV,polyverse_bandgap,train,clean,clean,measured_target
poly_1829,[*]Oc1ccc(Oc2ccc(C(=O)c3ccc([*])cc3)cc2)cc1COC,Bandgap,4.2796,eV,polyverse_bandgap,train,clean,clean,measured_target
poly_834,[*]c1cc(OCCCC)c([*])s1,Bandgap,3.0949,eV,polyverse_bandgap,train,clean,clean,measured_target
poly_2848,[*]CC(CCl)(CI)COC(=O)CCCCC(=O)O[*],Bandgap,5.2961,eV,polyverse_bandgap,train,clean,clean,measured_target
poly_784,[*]C(=O)c1ccc2c(c1)C(=O)N(c1ccc(C(c3ccccc3)(c3ccc(N4C(=O)c5ccc([*])cc5C4=O)cc3)C(F)(F)F)cc1)C2=O,Bandgap,3.0137,eV,polyverse_bandgap,train,clean,clean,measured_target
poly_3865,[*]OC([*])C(Cl)Cl,Bandgap,6.4632,eV,polyverse_bandgap,train,clean,clean,measured_target
poly_247,[*]c1ccc(Oc2ccc(Oc3ccc(-n4c(=O)c5cc6c(=O)n([*])c(=O)c6cc5c4=O)cc3)cc2)cc1,Bandgap,2.2398,eV,polyverse_bandgap,train,clean,clean,measured_target
poly_3766,[*]CC(CO[*])(COC=O)COC=O,Bandgap,6.3091,eV,polyverse_bandgap,train,clean,clean,measured_target
poly_1733,[*]Oc1ccc(C(C)=Cc2ccc(OC(=O)OCCCCOC([*])=O)cc2)cc1,Bandgap,4.177,eV,polyverse_bandgap,train,clean,clean,measured_target
poly_680,[*]C(=O)Nc1ccc(NC(=O)c2ccc3c(c2)C(=O)N(c2cccc(N4C(=O)c5ccc([*])cc5C4=O)c2)C3=O)cc1,Bandgap,2.9009,eV,polyverse_bandgap,train,clean,clean,measured_target
poly_643,[*]C(=O)Nc1ccc(C2(c3ccc(N4C(=O)c5ccc([*])cc5C4=O)cc3)CCCCC2)cc1,Bandgap,2.8538,eV,polyverse_bandgap,train,clean,clean,measured_target
poly_1440,[*]OS(=O)(=O)c1cccc(C(=O)Oc2ccc(C(C)(C)c3ccc([*])cc3)cc2)c1,Bandgap,3.8376,eV,polyverse_bandgap,train,clean,clean,measured_target
poly_405,[*]C([2H])([2H])C([*])([2H])C([2H])=C([2H])[2H],Bandgap,2.522,eV,polyverse_bandgap,train,clean,clean,measured_target
poly_1234,[*]C(=O)C(S1)=CC=C1OC(=S)[*],Bandgap,3.6056,eV,polyverse_bandgap,train,clean,clean,measured_target
poly_3677,[*]OC(=O)CCCCCCCCCCCCC([*])=O,Bandgap,6.1871,eV,polyverse_bandgap,train,clean,clean,measured_target
poly_3841,[*]OC(C)CCC(C)OC(=O)CCCCC([*])=O,Bandgap,6.4235,eV,polyverse_bandgap,train,clean,clean,measured_target
poly_2677,[*]CC(O)COC(=O)CCCCC(=O)OCC(O)COc1ccc(O[*])cc1,Bandgap,5.1211,eV,polyverse_bandgap,train,clean,clean,measured_target
poly_552,[*]C(=O)Oc1ccc(OC(=O)c2ccc3c(c2)C(=O)N(c2ccc(Oc4ccc(N5C(=O)c6ccc([*])cc6C5=O)cc4)cc2)C3=O)c(C(C)(C)C)c1,Bandgap,2.7274,eV,polyverse_bandgap,train,clean,clean,measured_target
poly_720,[*]NC(=O)C(C=C1)=CC=C1C(=S)[*],Bandgap,2.9444,eV,polyverse_bandgap,train,clean,clean,measured_target
poly_1645,[*]C=CC1C=CC([*])C(C(=O)OC(C)(C)C)=C1C(=O)OC(C)(C)C,Bandgap,4.0868,eV,polyverse_bandgap,train,clean,clean,measured_target
poly_396,[*]c1cc(N=Nc2ccc(C#N)cc2)cc([*])c1O,Bandgap,2.5143,eV,polyverse_bandgap,train,clean,clean,measured_target
poly_129,[*]c1ccc(-c2cc(CCCCCCCCCF)c([*])s2)s1,Bandgap,1.8341,eV,polyverse_bandgap,train,clean,clean,measured_target
poly_3685,[*]CCOC(=O)NCCOCCOCCNC(=O)O[*],Bandgap,6.1965,eV,polyverse_bandgap,train,clean,clean,measured_target
poly_3550,[*]CCCCCCNC(=O)CCCCCCCCCCCCCCCCCCCCC(=O)N[*],Bandgap,6.0208,eV,polyverse_bandgap,train,clean,clean,measured_target
poly_1018,[*]c1ccc(-c2ccc(N3C(=O)c4ccc(Oc5ccc6c(c5)C(=O)N([*])C6=O)cc4C3=O)cc2C)c(C)c1,Bandgap,3.3433,eV,polyverse_bandgap,train,clean,clean,measured_target
poly_3859,[*]CC([*])C(=O)OCCCCCCC,Bandgap,6.4578,eV,polyverse_bandgap,train,clean,clean,measured_target
poly_3778,[*]NC(=O)OC(=O)[*],Bandgap,6.3288,eV,polyverse_bandgap,train,clean,clean,measured_target
poly_3787,[*]CC(F)(F)C(F)(F)C(F)(F)COC(=O)C(F)(F)C(F)(F)C(F)(F)C(F)(F)C(=O)O[*],Bandgap,6.3429,eV,polyverse_bandgap,train,clean,clean,measured_target
poly_820,[*]C(=O)Nc1ccc(Cc2ccc(N3C(=O)c4ccc([*])cc4C3=O)cc2)cc1,Bandgap,3.0708,eV,polyverse_bandgap,train,clean,clean,measured_target
poly_2057,[*]C(=O)c1ccc(C(=O)N2CC(C)N([*])CC2C)cc1,Bandgap,4.5321,eV,polyverse_bandgap,train,clean,clean,measured_target
poly_2351,[*]c1ccc(C2C(C#N)(C(=O)OCCC)C([*])C2(C#N)C(=O)OCCC)cc1,Bandgap,4.8078,eV,polyverse_bandgap,train,clean,clean,measured_target
poly_4191,[*]COC(=O)O[*],Bandgap,8.088,eV,polyverse_bandgap,train,clean,clean,measured_target
poly_2480,[*]Cc1c(O)c(CNC(=O)N[*])cc(C(CC)=NO)c1O,Bandgap,4.9278,eV,polyverse_bandgap,train,clean,clean,measured_target
poly_624,[*]c1ccc(N(c2ccc(CCCC)cc2)c2ccc(-c3ccc([*])s3)cc2)cc1,Bandgap,2.8259,eV,polyverse_bandgap,train,clean,clean,measured_target
poly_3437,[*]CCCCCCCNC(=O)CCCCC(=O)N[*],Bandgap,5.9053,eV,polyverse_bandgap,train,clean,clean,measured_target
poly_2651,[*]Oc1ccc(C(c2ccccc2)c2ccc(OC([*])=O)cc2)cc1,Bandgap,5.1036,eV,polyverse_bandgap,train,clean,clean,measured_target
poly_649,[*]c1ccc([*])n1C(C(=O)OCC)n1cccc1,Bandgap,2.8576,eV,polyverse_bandgap,train,clean,clean,measured_target
poly_2196,[*]Oc1c(CCCCC)cc([*])cc1-c1ccccc1,Bandgap,4.6522,eV,polyverse_bandgap,train,clean,clean,measured_target
poly_2594,[*]Oc1ccc(C(C)c2ccc(OC([*])=O)c(C)c2)cc1C,Bandgap,5.0393,eV,polyverse_bandgap,train,clean,clean,measured_target
poly_4154,[*]CCC1CCC([*])C1,Bandgap,7.0987,eV,polyverse_bandgap,train,clean,clean,measured_target
poly_2644,[*]Oc1cccc(OC(=O)CCC([*])=O)c1,Bandgap,5.0962,eV,polyverse_bandgap,train,clean,clean,measured_target
poly_1118,[*]Oc1ccc(C(=O)Nc2cc(NC(=O)c3ccc([*])cc3)cc(-c3nc4ccccc4[nH]3)c2)cc1,Bandgap,3.4538,eV,polyverse_bandgap,train,clean,clean,measured_target
poly_3896,[*]CCCOC(=O)CC(=O)O[*],Bandgap,6.5016,eV,polyverse_bandgap,train,clean,clean,measured_target
poly_172,[*]CCCCCCCCn1c(=O)c2ccc3c4ccc5c(=O)n([*])c(=O)c6ccc(c7ccc(c1=O)c2c37)c4c56,Bandgap,2.0018,eV,polyverse_bandgap,train,clean,clean,measured_target
poly_317,[*]c1cc(CCCCBr)c([*])s1,Bandgap,2.4191,eV,polyverse_bandgap,train,clean,clean,measured_target
poly_1194,[*]NC(C=C1)=CC=C1C(C=C2)=CC=C2C(C=C3)=CC=C3[*],Bandgap,3.553,eV,polyverse_bandgap,train,clean,clean,measured_target
poly_36,[*]c1sc(-c2sc(-c3sc([*])c4nccnc34)c3c2OC(CCCCCC)CO3)c2c1OCC(CCCCCC)O2,Bandgap,1.2188,eV,polyverse_bandgap,train,clean,clean,measured_target
poly_3466,[*]CC1CCCC(CNC(=O)CCCCCCC(=O)N[*])C1,Bandgap,5.9394,eV,polyverse_bandgap,train,clean,clean,measured_target
poly_1739,O([*])C(=O)OC(C=C1)=CC=C1C(C=C2)=CC=C2CC(C=C3)=CC=C3C(C=C4)=CC=C4([*]),Bandgap,4.1828,eV,polyverse_bandgap,train,clean,clean,measured_target
poly_3254,[*]NC1CC(CCC([*])=O)C1(C)C,Bandgap,5.7477,eV,polyverse_bandgap,train,clean,clean,measured_target
poly_2876,[*]CCc1ccc(CCNC(=O)CCCCCCCCCC(=O)N[*])cc1,Bandgap,5.3249,eV,polyverse_bandgap,train,clean,clean,measured_target
poly_2773,[*]CCCCCCCCCCOC(=O)Nc1ccc(C)c(NC(=O)O[*])c1,Bandgap,5.2165,eV,polyverse_bandgap,train,clean,clean,measured_target
poly_2881,[*]Cc1ccc(CNC(=O)CCCCCCCCC(=O)N[*])cc1,Bandgap,5.3317,eV,polyverse_bandgap,train,clean,clean,measured_target
poly_2424,[*]C(C=C1)=CC=C1OC(C=C2)=CC=C2O[*],Bandgap,4.8832,eV,polyverse_bandgap,train,clean,clean,measured_target
poly_950,[*]CCCCCCOc1ccc(OC(=O)c2ccc(C(=O)Oc3ccc(O[*])cc3)cc2)cc1,Bandgap,3.2533,eV,polyverse_bandgap,train,clean,clean,measured_target
poly_2586,[*]CCc1ccc([*])c(F)c1,Bandgap,5.0304,eV,polyverse_bandgap,train,clean,clean,measured_target
poly_1154,[*]Oc1ccc(C(=O)CNCCCNCC(=O)c2ccc([*])cc2)cc1,Bandgap,3.504,eV,polyverse_bandgap,train,clean,clean,measured_target
poly_2950,[*]CCCCCCCCCCNC(=O)C(C)=C(C)C(=O)N[*],Bandgap,5.4099,eV,polyverse_bandgap,train,clean,clean,measured_target
poly_143,[*]c1ccc(-c2ccc(-c3ccc([*])s3)s2)cc1,Bandgap,1.9121,eV,polyverse_bandgap,train,clean,clean,measured_target
poly_825,[*]C(=O)c1ccc2nc(-c3ccc(-c4cnc5cc([*])ccc5n4)cc3)cnc2c1,Bandgap,3.0794,eV,polyverse_bandgap,train,clean,clean,measured_target
poly_2315,[*]CCCN([*])C,Bandgap,4.769,eV,polyverse_bandgap,train,clean,clean,measured_target
poly_353,[*]C(=O)c1ccc2c(c1)C(=O)N(c1ccc(Oc3cccc(N4C(=O)c5ccc([*])cc5C4=O)c3)cc1)C2=O,Bandgap,2.4674,eV,polyverse_bandgap,train,clean,clean,measured_target
poly_4116,[*]CCCOC(=O)CCCCCCC(=O)O[*],Bandgap,6.8719,eV,polyverse_bandgap,train,clean,clean,measured_target
poly_1446,[*]Oc1c(-c2ccccc2)cc([*])cc1-c1cccc(C)c1,Bandgap,3.8434,eV,polyverse_bandgap,train,clean,clean,measured_target
poly_554,[*]c1ccc([*])n1CC(=O)NO,Bandgap,2.7285,eV,polyverse_bandgap,train,clean,clean,measured_target
poly_3953,[*]CC(F)(F)C(F)(F)C(F)(F)COC(=O)CCCCC(=O)O[*],Bandgap,6.5793,eV,polyverse_bandgap,train,clean,clean,measured_target
poly_3696,[*]OC(=O)CCCCC([*])=O,Bandgap,6.2079,eV,polyverse_bandgap,train,clean,clean,measured_target
poly_872,[*]Nc1ccc([*])cc1CC,Bandgap,3.1433,eV,polyverse_bandgap,train,clean,clean,measured_target
poly_3682,[*]CCCCCOC(=O)COCC(=O)O[*],Bandgap,6.1938,eV,polyverse_bandgap,train,clean,clean,measured_target
poly_4027,[*]CC(C)(CCC)C(=O)O[*],Bandgap,6.6736,eV,polyverse_bandgap,train,clean,clean,measured_target
poly_1850,[*]Oc1ccc(C(C)=Cc2ccc(OC(=O)OCCCCCCOC([*])=O)cc2)cc1,Bandgap,4.2998,eV,polyverse_bandgap,train,clean,clean,measured_target
poly_3214,[*]C12CC3CC(C1)CC([*])(C3)C2,Bandgap,5.7135,eV,polyverse_bandgap,train,clean,clean,measured_target
poly_1059,[*]Nc1ccc([*])cc1Br,Bandgap,3.3926,eV,polyverse_bandgap,train,clean,clean,measured_target
poly_1944,[*]NC(S1)=CC=C1OC(S2)=CC=C2[*],Bandgap,4.415,eV,polyverse_bandgap,train,clean,clean,measured_target
poly_775,[*]Oc1ccc(C=Nc2ccc(N=Cc3ccc(Oc4ccc(C(c5ccccc5)(c5ccccc5)c5ccc([*])cc5)cc4)cc3)cc2)cc1,Bandgap,3.0005,eV,polyverse_bandgap,train,clean,clean,measured_target
poly_116,[*]C1=CC=C(c2sc(-c3sc([*])c4c3OCCO4)c3c2OCCO3)S1(=O)=O,Bandgap,1.7641,eV,polyverse_bandgap,train,clean,clean,measured_target
poly_4153,[*]CCCC([*])C,Bandgap,7.097,eV,polyverse_bandgap,train,clean,clean,measured_target
poly_287,[*]C(=O)c1ccc2c(c1)C(=O)N(c1cc(-c3nc4ccccc4[nH]3)cc(N3C(=O)c4ccc([*])cc4C3=O)c1)C2=O,Bandgap,2.3475,eV,polyverse_bandgap,train,clean,clean,measured_target
poly_1300,[*]CC([*])C(=O)Oc1ccc(C(C)=NNC(N)=O)c(O)c1,Bandgap,3.6684,eV,polyverse_bandgap,train,clean,clean,measured_target
poly_2535,[*]CCOC(=O)Cc1ccc(CC(=O)O[*])cc1,Bandgap,4.9816,eV,polyverse_bandgap,train,clean,clean,measured_target
poly_3432,[*]CCCCCCNC(=O)CCCCCCCCCCCCCCC(=O)N[*],Bandgap,5.9016,eV,polyverse_bandgap,train,clean,clean,measured_target
poly_697,[*]c1ccc(-c2nnc([*])o2)cc1,Bandgap,2.923,eV,polyverse_bandgap,train,clean,clean,measured_target
poly_803,[*]NNC(=O)c1cccc(C(=O)NNC(=S)c2cccc(C([*])=S)c2)c1,Bandgap,3.0452,eV,polyverse_bandgap,train,clean,clean,measured_target
poly_884,[*]Nc1ccc(-c2ccc(NC(=O)c3ccc(C([*])=O)cc3)cc2)cc1,Bandgap,3.1615,eV,polyverse_bandgap,train,clean,clean,measured_target
poly_359,[*]c1ccc(C(=O)Nc2cccc(-n3c(=O)c4cc5c(=O)n([*])c(=O)c5cc4c3=O)c2)cc1,Bandgap,2.4772,eV,polyverse_bandgap,train,clean,clean,measured_target
poly_432,[*]C(=O)c1ccc2c(c1)C(=O)N(c1cc(-c3nc4ccccc4s3)cc(N3C(=O)c4ccc([*])cc4C3=O)c1)C2=O,Bandgap,2.5568,eV,polyverse_bandgap,train,clean,clean,measured_target
poly_2355,[*]CC([*])C(=O)Oc1cccc(C)c1,Bandgap,4.8157,eV,polyverse_bandgap,train,clean,clean,measured_target
poly_4173,[*]OC([*])CCC#N,Bandgap,7.2521,eV,polyverse_bandgap,train,clean,clean,measured_target
poly_1213,[*]CC([*])(C)C(=O)Oc1ccc2ccccc2c1,Bandgap,3.5795,eV,polyverse_bandgap,train,clean,clean,measured_target
poly_2477,[*]NNC(=O)c1ccc(C(=O)NNC(=O)CCCCC([*])=O)cc1,Bandgap,4.9254,eV,polyverse_bandgap,train,clean,clean,measured_target
poly_2759,[*]CCCS[*],Bandgap,5.2018,eV,polyverse_bandgap,train,clean,clean,measured_target
poly_1063,[*]c1ccc(N([*])c2ccc(S(=O)(=O)O)cc2)cc1,Bandgap,3.3958,eV,polyverse_bandgap,train,clean,clean,measured_target
poly_3231,[*]CCCCCCCCC(=O)NCCCCCOCCCCCNC(=O)CCCCO[*],Bandgap,5.7312,eV,polyverse_bandgap,train,clean,clean,measured_target
poly_3882,[*]CCOC(=O)CCCCC(=O)O[*],Bandgap,6.4808,eV,polyverse_bandgap,train,clean,clean,measured_target
poly_1146,[*]Oc1ccccc1C(=O)OCCOCCOCCOC(=O)c1ccccc1Oc1nc([*])nc(N(CC)c2ccccc2)n1,Bandgap,3.4967,eV,polyverse_bandgap,train,clean,clean,measured_target
poly_798,[*]Nc1cc(Cl)c([*])cc1Cl,Bandgap,3.035,eV,polyverse_bandgap,train,clean,clean,measured_target
poly_2296,[*]Oc1c(C)cc([*])cc1C(C)CCCCCCCC,Bandgap,4.7507,eV,polyverse_bandgap,train,clean,clean,measured_target
poly_2549,[*]CC([*])SC,Bandgap,4.9974,eV,polyverse_bandgap,train,clean,clean,measured_target
poly_434,[*]NC(S1)=CC=C1C(C=C2)=CC=C2C(S3)=CC=C3[*],Bandgap,2.5591,eV,polyverse_bandgap,train,clean,clean,measured_target
poly_2568,[*]CCc1ccc([*])c(CC)c1,Bandgap,5.0142,eV,polyverse_bandgap,train,clean,clean,measured_target
poly_1422,[*]Sc1c(C)cc([*])cc1C,Bandgap,3.8176,eV,polyverse_bandgap,train,clean,clean,measured_target
poly_2789,[*]C=CC1CC([*])C2C(=O)N(CCC)C(=O)C12,Bandgap,5.2293,eV,polyverse_bandgap,train,clean,clean,measured_target
poly_502,[*]c1cc(C(=O)Oc2cccc3cccnc23)c([*])s1,Bandgap,2.6538,eV,polyverse_bandgap,train,clean,clean,measured_target
poly_198,[*]c1ccc(-n2c(=O)c3cc4c(=O)n(-n5c6ccc([*])cc6c6cccnc65)c(=O)c4cc3c2=O)cc1,Bandgap,2.0994,eV,polyverse_bandgap,train,clean,clean,measured_target
poly_1469,[*]Oc1ccc(C(=O)OCCCCOC(=O)c2ccc(OC(=O)c3ccc(C([*])=O)cc3)cc2)cc1,Bandgap,3.8861,eV,polyverse_bandgap,train,clean,clean,measured_target
poly_1257,[*]Oc1ccc(OC(=O)c2ccc(C([*])=O)cc2Oc2ccc(F)cc2)cc1,Bandgap,3.6251,eV,polyverse_bandgap,train,clean,clean,measured_target
poly_3641,[*]CCCCCCOC(=O)NCCCNC(=O)O[*],Bandgap,6.1264,eV,polyverse_bandgap,train,clean,clean,measured_target
poly_640,[*]C(=O)c1ccc2c(c1)C(=O)N(c1ccc(-c3nc(-c4ccccc4)nc(-c4ccc(N5C(=O)c6ccc([*])cc6C5=O)cc4)n3)cc1)C2=O,Bandgap,2.85,eV,polyverse_bandgap,train,clean,clean,measured_target
poly_3168,[*]CCCCCCNC(=O)CCCCCCC(=O)N[*],Bandgap,5.6562,eV,polyverse_bandgap,train,clean,clean,measured_target
poly_4188,[*]C1OC(C(F)(F)F)(C(F)(F)F)OC1([*])F,Bandgap,7.8893,eV,polyverse_bandgap,train,clean,clean,measured_target
poly_1861,[*]Oc1ccc(Oc2ccc(C=NCCCCN=Cc3ccc([*])cc3)cc2)cc1,Bandgap,4.309,eV,polyverse_bandgap,train,clean,clean,measured_target
poly_428,[*]c1ccc(-c2sc(-c3cc(CCCC)c([*])s3)cc2CCCC)cc1,Bandgap,2.55,eV,polyverse_bandgap,train,clean,clean,measured_target
poly_1430,O([*])c1cc(c(CCCCCC)cc1)OC(=O)c1cc(ccc1)C(=O)([*]),Bandgap,3.8294,eV,polyverse_bandgap,train,clean,clean,measured_target
poly_1085,[*]NC(=O)C(C=C1)=CC=C1C(C=C2)=CC=C2[*],Bandgap,3.4167,eV,polyverse_bandgap,train,clean,clean,measured_target
poly_3284,[*]CCOC(=O)C1C2C=CC(C2)C1C(=O)O[*],Bandgap,5.7712,eV,polyverse_bandgap,train,clean,clean,measured_target
poly_1376,[*]c1cc([*])cc(-c2nc3ccccc3o2)c1,Bandgap,3.757,eV,polyverse_bandgap,train,clean,clean,measured_target
poly_2828,[*]CCCCCCNC(=O)C(CCCCCCC)C(=O)N[*],Bandgap,5.2746,eV,polyverse_bandgap,train,clean,clean,measured_target
poly_3406,[*]CCCCCCCCCCOCCCCCCCCCCOCCCCCO[*],Bandgap,5.8764,eV,polyverse_bandgap,train,clean,clean,measured_target
poly_1668,[*]Nc1ccc(NC(=O)CCC([*])=O)cc1,Bandgap,4.1096,eV,polyverse_bandgap,train,clean,clean,measured_target
poly_4098,[*]CC([*])(F)C(=O)OC,Bandgap,6.7927,eV,polyverse_bandgap,train,clean,clean,measured_target
poly_3574,[*]CCCCCCCCCCOCCCCCCCCCCOCCCCCCO[*],Bandgap,6.045,eV,polyverse_bandgap,train,clean,clean,measured_target
poly_3338,[*]CC([*])C(=O)OCCOCCOC,Bandgap,5.8186,eV,polyverse_bandgap,train,clean,clean,measured_target
poly_661,[*]c1cc(-c2nc3ccccc3oc2=O)cc(-n2c(=O)c3cc4c(=O)n([*])c(=O)c4cc3c2=O)c1,Bandgap,2.8787,eV,polyverse_bandgap,train,clean,clean,measured_target
poly_4091,[*]OC(C)CCOC(=O)CC([*])=O,Bandgap,6.7779,eV,polyverse_bandgap,train,clean,clean,measured_target
poly_595,[*]c1cc(CCCCCCCCCC)c([*])[nH]1,Bandgap,2.7864,eV,polyverse_bandgap,train,clean,clean,measured_target
poly_1849,[*]C(Cl)=C(Cl)C(Cl)(Cl)C([*])(Cl)Cl,Bandgap,4.2995,eV,polyverse_bandgap,train,clean,clean,measured_target
poly_1222,[*]C(=O)N1CC(=O)N(C(=O)c2ccc(N3C(=O)c4ccc([*])cc4C3=O)cc2)C1=O,Bandgap,3.5902,eV,polyverse_bandgap,train,clean,clean,measured_target
poly_3199,[*]NC1CC(C2(C)OC(O)OC(C)NC2=O)C(F)(N(C([*])O)C(F)F)O1,Bandgap,5.6987,eV,polyverse_bandgap,train,clean,clean,measured_target
poly_2388,[*]CCCCCCCCCCCNC(=O)c1ccc(C(=O)N[*])cc1,Bandgap,4.852,eV,polyverse_bandgap,train,clean,clean,measured_target
poly_2009,[*]Oc1c(Cl)cc(C(c2cc(Cl)c(OC([*])=O)c(Cl)c2)C(Cl)(Cl)Cl)cc1Cl,Bandgap,4.4804,eV,polyverse_bandgap,train,clean,clean,measured_target
poly_4192,[*]C(F)(F)C(F)(F)C(F)(F)C([*])(F)C(F)(F)F,Bandgap,8.1013,eV,polyverse_bandgap,train,clean,clean,measured_target
poly_64,[*]C(c1ccccc1)=c1ccc(=c2ccc(=C(c3ccccc3)c3ccc(-c4ccc([*])s4)s3)s2)s1,Bandgap,1.4792,eV,polyverse_bandgap,train,clean,clean,measured_target
poly_95,[*]c1ccc(N(c2ccc(C#N)cc2)c2ccc(-n3c(=O)c4cc5c(=O)n([*])c(=O)c5cc4c3=O)cc2)cc1,Bandgap,1.6309,eV,polyverse_bandgap,train,clean,clean,measured_target
poly_3878,[*]CC([*])C1CCCCC1C,Bandgap,6.4756,eV,polyverse_bandgap,train,clean,clean,measured_target
poly_382,[*]C(=O)c1ccc2c(c1)C(=O)N(c1ccc(Oc3cc4ccccc4cc3Oc3ccc(N4C(=O)c5ccc([*])cc5C4=O)cc3)cc1)C2=O,Bandgap,2.4977,eV,polyverse_bandgap,train,clean,clean,measured_target
poly_696,[*]CC([*])(C)C(=O)Oc1ccc(C(=O)C=Cc2ccc(Cl)cc2)cc1,Bandgap,2.9217,eV,polyverse_bandgap,train,clean,clean,measured_target
poly_1372,[*]CCCCCCCOC(=O)c1ccc2cc(C(=O)O[*])ccc2c1,Bandgap,3.7523,eV,polyverse_bandgap,train,clean,clean,measured_target
poly_1197,[*]N=C(N=C(NC(C)=O)NC(C)=O)N=C([*])OC(C)=O,Bandgap,3.5543,eV,polyverse_bandgap,train,clean,clean,measured_target
poly_1599,[*]OC(=O)c1ccc(Cc2ccc(C([*])=O)cc2)cc1,Bandgap,4.038,eV,polyverse_bandgap,train,clean,clean,measured_target
poly_1839,[*]CCOC(=O)Nc1ccc(-c2ccc(NC(=O)O[*])c(C)c2)cc1C,Bandgap,4.2922,eV,polyverse_bandgap,train,clean,clean,measured_target
poly_1647,[*]Nc1cc([*])ccc1CCCCCC,Bandgap,4.087,eV,polyverse_bandgap,train,clean,clean,measured_target
poly_3341,[*]CCCCCCNC(=O)NCCCNC(=O)N[*],Bandgap,5.8207,eV,polyverse_bandgap,train,clean,clean,measured_target
poly_4090,[*]C1CC([*])(C#N)C1,Bandgap,6.7759,eV,polyverse_bandgap,train,clean,clean,measured_target
poly_722,[*]C#CC(CCCCOC(=O)NCC(=O)OCCCC)=C([*])c1cncnc1,Bandgap,2.9465,eV,polyverse_bandgap,train,clean,clean,measured_target
poly_3637,[*]CCCCCCCCCCCCCCC(=O)N[*],Bandgap,6.1217,eV,polyverse_bandgap,train,clean,clean,measured_target
poly_3981,[*]CC(COC(F)(C(F)(F)F)C(F)(F)F)O[*],Bandgap,6.6106,eV,polyverse_bandgap,train,clean,clean,measured_target
poly_3113,[*]CCOCCOC(=O)CC(=O)O[*],Bandgap,5.5945,eV,polyverse_bandgap,train,clean,clean,measured_target
poly_3848,[*]CCOCCOC(=O)C(CCCCCCCCC)C(=O)O[*],Bandgap,6.441,eV,polyverse_bandgap,train,clean,clean,measured_target
poly_1464,[*]CCCCCCNC(=O)c1ccc(C(=O)N[*])c(Oc2ccccc2)c1,Bandgap,3.8711,eV,polyverse_bandgap,train,clean,clean,measured_target
poly_918,[*]c1ccc(-c2ccc(-c3nc4cc(Oc5ccc6nc(-c7ccccc7)c([*])nc6c5)ccc4nc3-c3ccccc3)cc2)cc1,Bandgap,3.2011,eV,polyverse_bandgap,train,clean,clean,measured_target
poly_152,[*]Nc1cc([N+](=O)[O-])c(NC(=O)c2ccc(C([*])=O)cc2)cc1C=Cc1ccc(N(C)C)cc1,Bandgap,1.9467,eV,polyverse_bandgap,train,clean,clean,measured_target
poly_689,[*]CC(=O)NC(=S)[*],Bandgap,2.9137,eV,polyverse_bandgap,train,clean,clean,measured_target
poly_3355,[*]CCC(C)(C)CC(C)CNC(=O)CCCCC(=O)N[*],Bandgap,5.8392,eV,polyverse_bandgap,train,clean,clean,measured_target
poly_2113,C(F)(F)CC(F)(F)C(C=C1)=CC=C1,Bandgap,4.5802,eV,polyverse_bandgap,train,clean,clean,measured_target
poly_3872,[*]CC#CCOC(=O)CCCCCCCCCCC(=O)O[*],Bandgap,6.4691,eV,polyverse_bandgap,train,clean,clean,measured_target
poly_3884,[*]CC([*])OC(=O)CC,Bandgap,6.4816,eV,polyverse_bandgap,train,clean,clean,measured_target
poly_498,[*]c1ccc(-c2nc3ccc(-c4ccc5nc([*])oc5c4)cc3o2)cc1,Bandgap,2.65,eV,polyverse_bandgap,train,clean,clean,measured_target
poly_2679,[*]NC(CC(=O)OCc1ccccc1)C([*])=O,Bandgap,5.122999999999998,eV,polyverse_bandgap,train,clean,clean,measured_target
poly_3573,[*]CCCCCCCCOC(=O)NCCCCCCNC(=O)O[*],Bandgap,6.0447,eV,polyverse_bandgap,train,clean,clean,measured_target
poly_3843,[*]OC1CCC(C2CCC(OC(=O)CCCCCCCCCCCC([*])=O)CC2)CC1,Bandgap,6.4319,eV,polyverse_bandgap,train,clean,clean,measured_target
poly_2775,[*]CCC=C([*])C,Bandgap,5.2179,eV,polyverse_bandgap,train,clean,clean,measured_target
poly_4180,[*]CC([*])(F)C#N,Bandgap,7.624,eV,polyverse_bandgap,train,clean,clean,measured_target
poly_3940,[*]OC(C)CC([*])=O,Bandgap,6.5552,eV,polyverse_bandgap,train,clean,clean,measured_target
poly_2290,[*]c1nc2cc(S(=O)(=O)c3ccc4oc(C5CCC([*])CC5)nc4c3)ccc2o1,Bandgap,4.7439,eV,polyverse_bandgap,train,clean,clean,measured_target
poly_3361,[*]CC(OCC(C)C)C1(C)C(=O)OC(=O)C1([*])C,Bandgap,5.8465,eV,polyverse_bandgap,train,clean,clean,measured_target
poly_335,[*]c1cc(C)c([*])[nH]1,Bandgap,2.4417,eV,polyverse_bandgap,train,clean,clean,measured_target
poly_2328,[*]Oc1ccc(C(c2ccccc2)(c2ccccc2)c2ccc(OC(=O)CCCCCCCCC([*])=O)cc2)cc1,Bandgap,4.7831,eV,polyverse_bandgap,train,clean,clean,measured_target
poly_822,[*]c1ccc(-c2ccc(N(c3ccccc3)c3ccc4ccc(N([*])c5ccccc5)cc4c3)cc2)cc1,Bandgap,3.0776,eV,polyverse_bandgap,train,clean,clean,measured_target
poly_1049,[*]c1ccc(-c2csc(-c3cc([*])cs3)c2)cc1,Bandgap,3.3768,eV,polyverse_bandgap,train,clean,clean,measured_target
poly_3350,[*]C(=O)OCCOC(=O)N1CCN([*])CC1,Bandgap,5.8319,eV,polyverse_bandgap,train,clean,clean,measured_target
poly_3161,[*]C=CC1CC([*])C(C#N)(C[Si](C)(C)C)C1,Bandgap,5.6505,eV,polyverse_bandgap,train,clean,clean,measured_target
poly_3770,[*]CC([*])OC(=O)C(F)(F)C(F)(F)C(F)(F)C(F)(F)F,Bandgap,6.3179,eV,polyverse_bandgap,train,clean,clean,measured_target
poly_2599,[*]CC(OO[*])c1ccc(C(C)(C)C)cc1,Bandgap,5.0492,eV,polyverse_bandgap,train,clean,clean,measured_target
poly_2316,[*]Oc1ccc(CC([*])=O)cc1,Bandgap,4.7696,eV,polyverse_bandgap,train,clean,clean,measured_target
poly_3767,[*]ON(C(F)(F)F)C(F)(Cl)C([*])(F)F,Bandgap,6.311,eV,polyverse_bandgap,train,clean,clean,measured_target
poly_3689,[*]OC(=O)CCCCCCCC([*])=O,Bandgap,6.199,eV,polyverse_bandgap,train,clean,clean,measured_target
poly_3353,[*]CCOCCOCCOC(=O)CCCC(=O)O[*],Bandgap,5.8349,eV,polyverse_bandgap,train,clean,clean,measured_target
poly_1193,[*]Oc1ccc(OC(=O)c2ccc(C([*])=O)cc2)cc1CCCCCCCCCC,Bandgap,3.553,eV,polyverse_bandgap,train,clean,clean,measured_target
poly_4025,[*]CCCCCCCCCCC(=O)O[*],Bandgap,6.6722,eV,polyverse_bandgap,train,clean,clean,measured_target
poly_2609,[*]CCCCCOC(=O)Nc1ccc(C)c(NC(=O)O[*])c1,Bandgap,5.0679,eV,polyverse_bandgap,train,clean,clean,measured_target
poly_2716,[*]CCCOCCOCCOC(=O)Nc1ccc(C)c(NC(=O)O[*])c1,Bandgap,5.1637,eV,polyverse_bandgap,train,clean,clean,measured_target
poly_2608,[*]Cc1ccc(C[*])c(CC)c1,Bandgap,5.0672,eV,polyverse_bandgap,train,clean,clean,measured_target
poly_1602,[*]CCOC(=O)c1ccc(Cc2ccc(C(=O)O[*])cc2)cc1,Bandgap,4.0415,eV,polyverse_bandgap,train,clean,clean,measured_target
poly_2050,[*]Oc1ccc(C(C)(C)c2ccc(OC(=O)CCC([*])=O)cc2)cc1,Bandgap,4.5269,eV,polyverse_bandgap,train,clean,clean,measured_target
poly_1807,[*]CCCCCCCc1nc2ccc(-c3ccc4nc([*])[nH]c4c3)cc2[nH]1,Bandgap,4.2648,eV,polyverse_bandgap,train,clean,clean,measured_target
poly_2494,[*]CCC(=O)OCCOC(=O)CCN1CCN([*])CC1,Bandgap,4.9393,eV,polyverse_bandgap,train,clean,clean,measured_target
poly_3081,[*]NC(=O)NO[*],Bandgap,5.553999999999999,eV,polyverse_bandgap,train,clean,clean,measured_target
poly_1999,[*]Oc1ccc(C(c2ccc(OC([*])=O)cc2)C(Cl)(Cl)Cl)cc1,Bandgap,4.4725,eV,polyverse_bandgap,train,clean,clean,measured_target
poly_3136,[*]CCC(=O)OC(=O)CCC1CCC([*])O1,Bandgap,5.624,eV,polyverse_bandgap,train,clean,clean,measured_target
poly_1051,[*]C(=O)c1ccc2c(c1)C(=O)N(c1cccc(N3C(=O)c4ccc([*])cc4C3=O)c1C)C2=O,Bandgap,3.3805,eV,polyverse_bandgap,train,clean,clean,measured_target
poly_1379,[*]C(S1)=CC=C1OC(S2)=CC=C2O[*],Bandgap,3.7582,eV,polyverse_bandgap,train,clean,clean,measured_target
poly_2041,[*]c1nc(C)nc(N([*])c2ccccc2)n1,Bandgap,4.5166,eV,polyverse_bandgap,train,clean,clean,measured_target
poly_390,[*]CC(S1)=CC=C1C(=S)C(S2)=CC=C2[*],Bandgap,2.5053,eV,polyverse_bandgap,train,clean,clean,measured_target
poly_841,[*]c1ccc(-c2nnc([*])o2)c(OCCCCC)c1,Bandgap,3.1025,eV,polyverse_bandgap,train,clean,clean,measured_target
poly_2359,C(C=C1)=CC=C1OC(=O)CC(=O)CCO,Bandgap,4.8187,eV,polyverse_bandgap,train,clean,clean,measured_target
poly_783,[*]Nc1cnc([*])c(O)c1,Bandgap,3.0117,eV,polyverse_bandgap,train,clean,clean,measured_target
poly_2725,[*]CCOC(=O)CCCCSCCCCC(=O)O[*],Bandgap,5.1771,eV,polyverse_bandgap,train,clean,clean,measured_target
poly_3314,[*]CCCP(C)(=O)CCCNC(=O)CCCCCCCCC(=O)N[*],Bandgap,5.8002,eV,polyverse_bandgap,train,clean,clean,measured_target
poly_2003,[*]SC(=O)OCC(C)(C)COC(=O)SN1CCN([*])CC1,Bandgap,4.4766,eV,polyverse_bandgap,train,clean,clean,measured_target
poly_3580,[*]OC(COC([*])=O)COC(C)(C)C,Bandgap,6.0478,eV,polyverse_bandgap,train,clean,clean,measured_target
poly_1029,[*]C(=O)Nc1ccc(N2C(=O)c3ccc([*])cc3C2=O)cc1,Bandgap,3.3531,eV,polyverse_bandgap,train,clean,clean,measured_target
poly_3775,[*]CC([*])(C#N)C(=O)OCCCCCCC,Bandgap,6.3228,eV,polyverse_bandgap,train,clean,clean,measured_target
poly_3087,[*]NC(C)CCCCC([*])=O,Bandgap,5.5619,eV,polyverse_bandgap,train,clean,clean,measured_target
poly_258,[*]C(=O)Oc1ccc(OC(=O)c2ccc3c(c2)C(=O)N(c2ccc(Oc4ccc(Oc5ccc(N6C(=O)c7ccc([*])cc7C6=O)cc5)cc4)cc2)C3=O)cc1,Bandgap,2.2849,eV,polyverse_bandgap,train,clean,clean,measured_target
poly_3980,[*]CC1CCC(COC(=O)CCC(=O)O[*])CC1,Bandgap,6.6088,eV,polyverse_bandgap,train,clean,clean,measured_target
poly_2129,[*]Oc1ccc(OC(=O)Oc2ccc(-c3ccc(OC([*])=O)cc3)cc2)cc1C,Bandgap,4.5964,eV,polyverse_bandgap,train,clean,clean,measured_target
poly_2309,[*]C=CCC(C[*])(c1ccccc1)c1ccccc1,Bandgap,4.7635,eV,polyverse_bandgap,train,clean,clean,measured_target
poly_2182,[*]Cc1ccc(CNC(=O)c2cccc(C(=O)N[*])c2)cc1,Bandgap,4.6431,eV,polyverse_bandgap,train,clean,clean,measured_target
poly_583,[*]C(=O)C(C=C1)=CC=C1C(S2)=CC=C2C(S3)=CC=C3[*],Bandgap,2.7667,eV,polyverse_bandgap,train,clean,clean,measured_target
poly_2654,[*]CCCCOC(=O)c1cccc(C(=O)O[*])c1,Bandgap,5.1042,eV,polyverse_bandgap,train,clean,clean,measured_target
poly_1507,[*]Nc1c(Br)cc(C([*])=O)cc1Br,Bandgap,3.9265,eV,polyverse_bandgap,train,clean,clean,measured_target
poly_1885,[*]Oc1c(OC)cc([*])cc1OC,Bandgap,4.3423,eV,polyverse_bandgap,train,clean,clean,measured_target
poly_1802,[*]Oc1ccc(C(C)(C)c2ccc(OC(=O)c3c(Cl)c(Cl)c(C([*])=O)c(Cl)c3Cl)cc2)cc1,Bandgap,4.2598,eV,polyverse_bandgap,train,clean,clean,measured_target
poly_1073,[*]c1ccc(-c2nnc(-c3cccc(-c4nnc([*])o4)c3)o2)cc1,Bandgap,3.4063,eV,polyverse_bandgap,train,clean,clean,measured_target
poly_3866,[*]CC([*])OC(=O)C(F)(F)C(F)(F)C(F)(F)F,Bandgap,6.4637,eV,polyverse_bandgap,train,clean,clean,measured_target
poly_821,[*]c1ccc(Oc2ccc(-c3cnc4cc(Oc5ccc6nc([*])cnc6c5)ccc4n3)cc2)cc1,Bandgap,3.0731,eV,polyverse_bandgap,train,clean,clean,measured_target
poly_3782,[*]CCOCCOC(=O)CCCCCCCCCCC(=O)O[*],Bandgap,6.3322,eV,polyverse_bandgap,train,clean,clean,measured_target
poly_2983,[*]C=CC(C[*])CC,Bandgap,5.4466,eV,polyverse_bandgap,train,clean,clean,measured_target
poly_1383,[*]CCCCCCCCCOC(=O)c1ccc2cc(C(=O)O[*])ccc2c1,Bandgap,3.7639,eV,polyverse_bandgap,train,clean,clean,measured_target
poly_2562,[*]CCOC(=O)Nc1ccc(NC(=O)O[*])cc1,Bandgap,5.0116,eV,polyverse_bandgap,train,clean,clean,measured_target
poly_1784,[*]CCCCCOC(=O)c1ccc(C(=O)NCCCCCCNC(=O)c2ccc(C(=O)O[*])cc2)cc1,Bandgap,4.2435,eV,polyverse_bandgap,train,clean,clean,measured_target
poly_538,[*]CC([*])C(=O)Oc1ccc(Cl)cc1,Bandgap,2.7059,eV,polyverse_bandgap,train,clean,clean,measured_target
poly_205,[*]c1cc(-c2nc3ccccc3[nH]2)cc(-n2c(=O)c3cc4c(=O)n([*])c(=O)c4cc3c2=O)c1,Bandgap,2.1187,eV,polyverse_bandgap,train,clean,clean,measured_target
poly_1219,[*]Oc1ccc(NC(=O)c2ccc([Si](C)(C)c3ccc(C([*])=O)cc3)cc2)cc1,Bandgap,3.5860000000000003,eV,polyverse_bandgap,train,clean,clean,measured_target
poly_988,[*]c1sc([*])c(OCCCC)c1OC,Bandgap,3.3038,eV,polyverse_bandgap,train,clean,clean,measured_target
poly_2553,[*]OC(=O)C(CC(C)C)NC(=O)CCCCC(=O)NC(CC(C)C)C(=O)OC1COC2C([*])COC12,Bandgap,5.0053,eV,polyverse_bandgap,train,clean,clean,measured_target
poly_2843,[*]Oc1ccc(OC2(F)C([*])(F)C(F)(F)C2(F)F)cc1,Bandgap,5.2931,eV,polyverse_bandgap,train,clean,clean,measured_target
poly_1192,[*]c1ccc(-c2cc(OCCCCCCCCCC)c([*])cc2OCCCCCCCCCC)cc1,Bandgap,3.5529,eV,polyverse_bandgap,train,clean,clean,measured_target
poly_585,[*]c1ccc(Oc2ccc(-c3cc(-c4ccccc4)c4cc5c(-c6ccccc6)cc([*])nc5cc4n3)cc2)cc1,Bandgap,2.7694,eV,polyverse_bandgap,train,clean,clean,measured_target
poly_2045,[*]OP(=O)(Oc1ccccc1)Oc1ccc(S(=O)(=O)c2ccc([*])cc2)cc1,Bandgap,4.5217,eV,polyverse_bandgap,train,clean,clean,measured_target
poly_625,[*]CC([*])n1c(C)c(C)c2ccccc21,Bandgap,2.8269,eV,polyverse_bandgap,train,clean,clean,measured_target
poly_604,[*]c1ccc(-c2ccc(-c3cc(-c4ccccc4)c4cc5nc([*])cc(-c6ccccc6)c5cc4n3)cc2)cc1,Bandgap,2.7945,eV,polyverse_bandgap,train,clean,clean,measured_target
poly_2517,[*]O[Si](C)(C)Oc1ccc([*])cc1,Bandgap,4.9658,eV,polyverse_bandgap,train,clean,clean,measured_target
poly_1479,[*]Oc1ccc(OC(=O)c2ccc(C([*])=O)cc2)cc1Cl,Bandgap,3.8996,eV,polyverse_bandgap,train,clean,clean,measured_target
poly_3485,[*]CC1CCC(CNC(=O)CCCCCCCCCCC(=O)N[*])CC1,Bandgap,5.9503,eV,polyverse_bandgap,train,clean,clean,measured_target
poly_226,[*]c1ccc([*])n1C(=O)OCC,Bandgap,2.1791,eV,polyverse_bandgap,train,clean,clean,measured_target
poly_3851,[*]CC1CC([*])CC(O)C1,Bandgap,6.4454,eV,polyverse_bandgap,train,clean,clean,measured_target
poly_140,[*]N=Nc1ccc(C=Cc2ccc([*])cc2)cc1,Bandgap,1.8934,eV,polyverse_bandgap,train,clean,clean,measured_target
poly_1968,[*]Oc1ccc(C(C)(C)c2ccc(OC(=O)C([*])=O)cc2)cc1,Bandgap,4.435,eV,polyverse_bandgap,train,clean,clean,measured_target
poly_2023,[*]NNC(=O)c1ccc([Si](c2ccccc2)(c2ccccc2)c2ccc(C([*])=O)cc2)cc1,Bandgap,4.4942,eV,polyverse_bandgap,train,clean,clean,measured_target
poly_429,[*]c1ccc(C#Cc2cc(OCCCCCCCC)c(C#Cc3ccc(-c4nnc([*])o4)cc3)cc2OCCCCCCCC)cc1,Bandgap,2.5503,eV,polyverse_bandgap,train,clean,clean,measured_target
poly_463,[*]C(=O)c1ccc2c(c1)C(=O)N(c1ccc(OCCOCCOCCOc3ccc(N4C(=O)c5ccc([*])cc5C4=O)cc3)cc1)C2=O,Bandgap,2.5899,eV,polyverse_bandgap,train,clean,clean,measured_target
poly_126,[*]CC([*])n1ccc2ccccc21,Bandgap,1.8061,eV,polyverse_bandgap,train,clean,clean,measured_target
poly_1158,[*]Cc1ccc(-c2ccc(CSC(=O)c3cccc(C(=O)S[*])c3)cc2)cc1,Bandgap,3.5122,eV,polyverse_bandgap,train,clean,clean,measured_target
poly_107,[*]c1cc2sc3cc([*])sc3c2s1,Bandgap,1.6985,eV,polyverse_bandgap,train,clean,clean,measured_target
poly_2165,[*]CC([*])c1c(F)c(F)c(OC)c(F)c1F,Bandgap,4.6268,eV,polyverse_bandgap,train,clean,clean,measured_target
poly_1746,[*]CCCC(=O)NNC(=O)c1cccc(C(=O)NNC(=O)c2cccc(O[*])c2)c1,Bandgap,4.1874,eV,polyverse_bandgap,train,clean,clean,measured_target
poly_2973,[*]CCCCOC(=O)C1C(=O)C2CCC1C(=O)C2C(=O)O[*],Bandgap,5.4305,eV,polyverse_bandgap,train,clean,clean,measured_target
poly_2751,[*]CC(CO[*])(COCC)COCC,Bandgap,5.1949,eV,polyverse_bandgap,train,clean,clean,measured_target
poly_3328,[*]CC(CS(=O)(=O)CCCC)O[*],Bandgap,5.8098,eV,polyverse_bandgap,train,clean,clean,measured_target
poly_2499,[*]CC([*])C=C(C)C,Bandgap,4.9414,eV,polyverse_bandgap,train,clean,clean,measured_target
poly_1929,[*]C(C=C1)=CC=C1C(=O)NC(=O)[*],Bandgap,4.3975,eV,polyverse_bandgap,train,clean,clean,measured_target
poly_1942,[*]c1cc([*])cc(C23CC4CC(CC(C4)C2)C3)c1,Bandgap,4.4142,eV,polyverse_bandgap,train,clean,clean,measured_target
poly_3644,[*]CCCCCCCOC(=O)NCCCCCCNC(=O)O[*],Bandgap,6.1286,eV,polyverse_bandgap,train,clean,clean,measured_target
poly_2157,[*]Oc1ccc(C(CCC)c2ccc(OC([*])=O)cc2)cc1,Bandgap,4.6197,eV,polyverse_bandgap,train,clean,clean,measured_target
poly_1125,[*]CC(S1)=CC=C1C(S2)=CC=C2O[*],Bandgap,3.4592,eV,polyverse_bandgap,train,clean,clean,measured_target
poly_3913,[*]CONO[*],Bandgap,6.52,eV,polyverse_bandgap,train,clean,clean,measured_target
poly_1258,[*]CC(=O)OC(=S)[*],Bandgap,3.6251,eV,polyverse_bandgap,train,clean,clean,measured_target
poly_1759,[*]C(=O)C=CC(=O)N1CC(C)N([*])CC1C,Bandgap,4.2051,eV,polyverse_bandgap,train,clean,clean,measured_target
poly_1116,[*]C(C=C1)=CC=C1C(S2)=CC=C2C(C=C3)=CC=C3O[*],Bandgap,3.4535,eV,polyverse_bandgap,train,clean,clean,measured_target
poly_391,[*]c1ccc(N2C(=O)c3ccc(-c4ccc5c(c4)C(=O)N(c4ccc6[nH]c([*])nc6c4)C5=O)cc3C2=O)cc1,Bandgap,2.5083,eV,polyverse_bandgap,train,clean,clean,measured_target
poly_2981,[*]CC([*])C(=O)CC,Bandgap,5.4461,eV,polyverse_bandgap,train,clean,clean,measured_target
poly_3609,[*]CC1CC([*])OC(C)O1,Bandgap,6.0751,eV,polyverse_bandgap,train,clean,clean,measured_target
poly_3555,[*]CC1CCCC(CC(=O)N[*])C1,Bandgap,6.0231,eV,polyverse_bandgap,train,clean,clean,measured_target
poly_2028,[*]CC(=O)NC(C=C1)=CC=C1[*],Bandgap,4.5019,eV,polyverse_bandgap,train,clean,clean,measured_target
poly_2193,[*]CCSSCCSSCCOCO[*],Bandgap,4.6502,eV,polyverse_bandgap,train,clean,clean,measured_target
poly_3149,[*]CCCCCCCCCCNC(=O)CCCCC(=O)N[*],Bandgap,5.6396,eV,polyverse_bandgap,train,clean,clean,measured_target
poly_480,[*]c1ccc(-c2ccc(-n3c(=O)c4cc5c(=O)n([*])c(=O)c5cc4c3=O)c(C)c2)cc1C,Bandgap,2.6256,eV,polyverse_bandgap,train,clean,clean,measured_target
poly_441,[*]c1ccc(N=Nc2ccc(-c3csc(-c4nc([*])cs4)n3)cc2)cc1,Bandgap,2.5698,eV,polyverse_bandgap,train,clean,clean,measured_target
poly_1675,[*]CC(=O)C(C=C1)=CC=C1O[*],Bandgap,4.1247,eV,polyverse_bandgap,train,clean,clean,measured_target
poly_1135,[*]c1ccc(-c2ccc([Si](C)(C)c3ccc([*])s3)s2)cc1,Bandgap,3.4722,eV,polyverse_bandgap,train,clean,clean,measured_target
poly_3241,[*]C(=O)NCCCCCCNC(=O)C1COC([*])CO1,Bandgap,5.7371,eV,polyverse_bandgap,train,clean,clean,measured_target
poly_3191,[*]CCCCC(=O)N[*],Bandgap,5.686,eV,polyverse_bandgap,train,clean,clean,measured_target
poly_1170,[*]CC(O)COC(=O)CC(=CC(=O)O[*])c1cc(C)ccc1OC,Bandgap,3.5228,eV,polyverse_bandgap,train,clean,clean,measured_target
poly_1787,[*]OC(=O)C=CC(=O)OC1COC2C([*])COC12,Bandgap,4.2459,eV,polyverse_bandgap,train,clean,clean,measured_target
poly_3797,[*]OC1CCC(OC(=O)CCCCCCCCC([*])=O)CC1,Bandgap,6.3512,eV,polyverse_bandgap,train,clean,clean,measured_target
poly_2473,[*]CC([*])c1ccc(CCCCCC)cc1,Bandgap,4.9196,eV,polyverse_bandgap,train,clean,clean,measured_target
poly_409,[*]C(OC)=C(OC)c1ccc([*])s1,Bandgap,2.5277,eV,polyverse_bandgap,train,clean,clean,measured_target
poly_2074,[*]Oc1cc(C)c([*])c(C)c1Br,Bandgap,4.5478,eV,polyverse_bandgap,train,clean,clean,measured_target
poly_3889,[*]CCCCCCCCCCCCCCCCCCCCOC(=O)CCCCCCCC(=O)O[*],Bandgap,6.4907,eV,polyverse_bandgap,train,clean,clean,measured_target
poly_946,[*]Oc1ccc(Oc2ccc(C(=O)c3ccccc3-c3ccccc3C(=O)c3ccc([*])cc3)cc2)cc1,Bandgap,3.2515,eV,polyverse_bandgap,train,clean,clean,measured_target
poly_3897,[*]CC(C)(C)COC(=O)CCC(=O)O[*],Bandgap,6.5024,eV,polyverse_bandgap,train,clean,clean,measured_target
poly_4094,[*]CC(C)(C)C(=O)O[*],Bandgap,6.7827,eV,polyverse_bandgap,train,clean,clean,measured_target
poly_607,[*]Oc1ccc(C2(c3ccc(OC(=O)c4ccc(C([*])=O)cc4)cc3)CCC(C(C)(C)C)CC2)cc1,Bandgap,2.7988,eV,polyverse_bandgap,train,clean,clean,measured_target
poly_1326,[*]C(=O)C(C=C1)=CC=C1OC(S2)=CC=C2[*],Bandgap,3.7007,eV,polyverse_bandgap,train,clean,clean,measured_target
poly_2476,[*]CC([*])c1ccc(C)cc1C,Bandgap,4.9248,eV,polyverse_bandgap,train,clean,clean,measured_target
poly_1657,[*]CCOC(=O)c1ccc(C2(C)CC(C)(C)c3ccc(C(=O)O[*])cc32)cc1,Bandgap,4.0949,eV,polyverse_bandgap,train,clean,clean,measured_target
poly_1905,[*]OC(C)COC(C)COC(=O)c1ccc(C([*])=O)cc1,Bandgap,4.3685,eV,polyverse_bandgap,train,clean,clean,measured_target
poly_2525,[*]CCCCSSCCCSS[*],Bandgap,4.9696,eV,polyverse_bandgap,train,clean,clean,measured_target
poly_725,CC(=S)NC(=S),Bandgap,2.9523,eV,polyverse_bandgap,train,clean,clean,measured_target
poly_693,[*]C(=O)Nc1ccc(Oc2ccc(NC(=O)c3ccc4c(c3)C(=O)N(c3ccc(Oc5ccc(N6C(=O)c7ccc([*])cc7C6=O)cc5)cc3)C4=O)cc2)cc1,Bandgap,2.919,eV,polyverse_bandgap,train,clean,clean,measured_target
poly_169,[*]c1ccc(-c2ccc3nc4oc5cc6[nH]c7nc8cc([*])ccc8nc7nc-6[nH]c=5n-4ccc3c2)cc1,Bandgap,1.9943,eV,polyverse_bandgap,train,clean,clean,measured_target
poly_164,[*]NC1=CC(=O)C([*])=CC1=O,Bandgap,1.9806,eV,polyverse_bandgap,train,clean,clean,measured_target
poly_2099,[*]CCCCCCOC(=O)c1ccccc1-c1ccccc1C(=O)O[*],Bandgap,4.5701,eV,polyverse_bandgap,train,clean,clean,measured_target
poly_2869,[*]CCCCCCCCCCCCOC(=O)CCCCCNC(=O)CCCCC(=O)NCCCCCC(=O)O[*],Bandgap,5.3175,eV,polyverse_bandgap,train,clean,clean,measured_target
poly_3789,[*]CC([*])(F)C(=O)OCC(F)(F)C(F)(F)C(F)(F)C(F)F,Bandgap,6.3444,eV,polyverse_bandgap,train,clean,clean,measured_target
poly_260,[*]Nc1ccc([*])c2cc3ccccc3cc12,Bandgap,2.2861,eV,polyverse_bandgap,train,clean,clean,measured_target
poly_1037,[*]Nc1cccc(NC(=O)c2cc(NC(=O)c3ccncc3)cc(C([*])=O)c2)c1,Bandgap,3.3608,eV,polyverse_bandgap,train,clean,clean,measured_target
poly_1554,[*]c1cc(OCC(=O)C23CC4CC(CC(C4)C2)C3)c([*])cc1OC,Bandgap,3.9862,eV,polyverse_bandgap,train,clean,clean,measured_target
poly_486,[*]C=C1CCC(=Cc2ccc(Sc3ccc([*])o3)o2)C1=O,Bandgap,2.6355,eV,polyverse_bandgap,train,clean,clean,measured_target
poly_1349,[*]Oc1ccc(C(=O)OCCOC(=O)c2ccc([*])cc2)cc1,Bandgap,3.7261,eV,polyverse_bandgap,train,clean,clean,measured_target
poly_83,[*]c1ccc(-c2cc(-c3ccc(CCCCCCCC)cc3)c([*])s2)s1,Bandgap,1.564,eV,polyverse_bandgap,train,clean,clean,measured_target
poly_3517,[*]NC(CCC([*])=O)C(=O)O,Bandgap,5.9876,eV,polyverse_bandgap,train,clean,clean,measured_target
poly_858,[*]Nc1ccc([*])cc1S(=O)(=O)O,Bandgap,3.1216,eV,polyverse_bandgap,train,clean,clean,measured_target
poly_920,[*]c1ccc([*])c2nc(-c3ccccc3)c(-c3ccccc3)nc12,Bandgap,3.2043,eV,polyverse_bandgap,train,clean,clean,measured_target
poly_3829,[*]CC([*])(F)C(=O)OCCC,Bandgap,6.4088,eV,polyverse_bandgap,train,clean,clean,measured_target
poly_728,[*]c1ccc(Cc2ccc(N3C(=O)c4ccc([Si](C)(C)c5ccc6c(c5)C(=O)N([*])C6=O)cc4C3=O)cc2)cc1,Bandgap,2.9543,eV,polyverse_bandgap,train,clean,clean,measured_target
poly_3310,C([*])(=O)CCCCC(=O)ONCCCCCCN([*]),Bandgap,5.7949,eV,polyverse_bandgap,train,clean,clean,measured_target
poly_3735,C(F)(F)C(F)(F)C(=O)O,Bandgap,6.2604,eV,polyverse_bandgap,train,clean,clean,measured_target
poly_3747,[*]OC1(O)CCCC([*])C1,Bandgap,6.2763,eV,polyverse_bandgap,train,clean,clean,measured_target
poly_1053,[*]Nc1ccc(NC(=S)NC(=O)c2cccc(C(=O)NC([*])=S)c2)cc1,Bandgap,3.381,eV,polyverse_bandgap,train,clean,clean,measured_target
poly_3368,[*]NC(C)C(=O)NC(C([*])=O)C(C)C,Bandgap,5.8554,eV,polyverse_bandgap,train,clean,clean,measured_target
poly_2645,[*]Oc1ccc(Cc2ccc(OC(=O)OCC3CCC(COC([*])=O)CC3)cc2)cc1,Bandgap,5.0983,eV,polyverse_bandgap,train,clean,clean,measured_target
poly_186,[*]C(=O)C(S1)=CC=C1C(S2)=CC=C2C(=S)[*],Bandgap,2.0567,eV,polyverse_bandgap,train,clean,clean,measured_target
poly_2049,[*]Nc1ccc(CC(C)(C)NC(=O)CCCCCCCCC([*])=O)cc1,Bandgap,4.525,eV,polyverse_bandgap,train,clean,clean,measured_target
poly_3396,[*]CCCCCCNC(=O)NCCCCCNC(=O)N[*],Bandgap,5.8717,eV,polyverse_bandgap,train,clean,clean,measured_target
poly_1614,[*]N1C(=O)c2ccc(N3C(=O)C4CCC(C5CCC6C(=O)N([*])C(=O)C6C5)CC4C3=O)cc2C1=O,Bandgap,4.0529,eV,polyverse_bandgap,train,clean,clean,measured_target
poly_1301,[*]c1ccc2c(c1)SC1(CCC3(CC1)Nc1ccc([*])cc1S3)N2,Bandgap,3.6692,eV,polyverse_bandgap,train,clean,clean,measured_target
poly_2756,[*]CCCCOC(=O)CCCCSCCCCC(=O)O[*],Bandgap,5.1999,eV,polyverse_bandgap,train,clean,clean,measured_target
poly_23,[*]c1sc([*])c2nc(CCCCCCCCCCC)c(CCCCCCCCCCC)nc12,Bandgap,0.9973,eV,polyverse_bandgap,train,clean,clean,measured_target
poly_2970,[*]CCCCCCCNC(=O)C(CCCCCCCCCCCC)C(=O)N[*],Bandgap,5.4281,eV,polyverse_bandgap,train,clean,clean,measured_target
poly_1734,[*]Oc1ccc(C(c2ccc(OC(=O)c3ccc(OCCCCCCCCCCOc4ccc(C([*])=O)cc4)cc3)cc2)(C(F)(F)F)C(F)(F)F)cc1,Bandgap,4.1771,eV,polyverse_bandgap,train,clean,clean,measured_target
poly_3993,[*]CC([*])CC,Bandgap,6.6228,eV,polyverse_bandgap,train,clean,clean,measured_target
poly_4145,[*]CCC(=O)O[*],Bandgap,7.0157,eV,polyverse_bandgap,train,clean,clean,measured_target
poly_1176,[*]Nc1ccc(NC(=O)c2cccc(C([*])=O)c2)cc1,Bandgap,3.5313,eV,polyverse_bandgap,train,clean,clean,measured_target
poly_3333,[*]CCCCCNC(=O)CCCCCCCCC(=O)NCCCCCNC(=O)C(=O)N[*],Bandgap,5.8164,eV,polyverse_bandgap,train,clean,clean,measured_target
poly_1356,[*]CCCCCOC(=O)c1ccc2cc(C(=O)O[*])ccc2c1,Bandgap,3.7336,eV,polyverse_bandgap,train,clean,clean,measured_target
poly_2574,[*]OC(=O)Cc1ccc(CC([*])=O)cc1,Bandgap,5.0188,eV,polyverse_bandgap,train,clean,clean,measured_target
poly_3692,C(=O)NC(=O)NCCCN,Bandgap,6.2028,eV,polyverse_bandgap,train,clean,clean,measured_target
poly_3931,[*]CCCCOC(=O)C1CCC(C(=O)O[*])CC1,Bandgap,6.541,eV,polyverse_bandgap,train,clean,clean,measured_target
poly_972,[*]C=C([*])C(=O)CC,Bandgap,3.276,eV,polyverse_bandgap,train,clean,clean,measured_target
poly_3413,[*]C(=O)OC1CCC(OC(=O)N2CCN([*])CC2)CC1,Bandgap,5.8826,eV,polyverse_bandgap,train,clean,clean,measured_target
poly_808,[*]c1cc(N=Nc2ccc(S(=O)(=O)O)cc2)cc([*])c1O,Bandgap,3.057,eV,polyverse_bandgap,train,clean,clean,measured_target
poly_2760,[*]C/C=C(C)/C[*],Bandgap,5.2046,eV,polyverse_bandgap,train,clean,clean,measured_target
poly_1498,[*]c1cccc([*])c1N,Bandgap,3.9193,eV,polyverse_bandgap,train,clean,clean,measured_target
poly_752,[*]Oc1ccc(C(C)=Nc2ccc(N=C(C)c3ccc([*])cc3)cc2)cc1,Bandgap,2.9779,eV,polyverse_bandgap,train,clean,clean,measured_target
poly_3203,[*]CCCCCCNC(=O)C(O)C(O)C(=O)N[*],Bandgap,5.7069,eV,polyverse_bandgap,train,clean,clean,measured_target
poly_43,[*]c1ccc(C(=O)Nc2ccc(-c3ccc(NC(=O)c4ccc(-n5c(=O)c6sc7c(=O)n([*])c(=O)c7sc6c5=O)cc4)cc3)cc2)cc1,Bandgap,1.3147,eV,polyverse_bandgap,train,clean,clean,measured_target
poly_1441,[*]Oc1ccc(Oc2cccc(C(=O)Oc3ccc(OC(=O)c4cccc([*])c4)cc3)c2)cc1,Bandgap,3.8378,eV,polyverse_bandgap,train,clean,clean,measured_target
poly_1838,[*]Oc1ccc(OC(=O)c2ccc(OCCCCCCCCOc3ccc(C([*])=O)cc3)cc2)cc1,Bandgap,4.2916,eV,polyverse_bandgap,train,clean,clean,measured_target
poly_19,[*]=C=C=C(CCCCOC(=O)NC(C)C)C(=[*])CCCCOC(=O)NC(C)C,Bandgap,0.9608,eV,polyverse_bandgap,train,clean,clean,measured_target
poly_1903,[*]CCCCc1nnc(-c2cccc(-c3nnc([*])o3)c2)o1,Bandgap,4.365,eV,polyverse_bandgap,train,clean,clean,measured_target
poly_4081,[*]CCC(Cl)C([*])C,Bandgap,6.7598,eV,polyverse_bandgap,train,clean,clean,measured_target
poly_1625,[*]C(=O)NNC(=O)c1cccc([*])n1,Bandgap,4.0655,eV,polyverse_bandgap,train,clean,clean,measured_target
poly_638,[*]CCN(CCCC(=O)Nc1ccc(N=Nc2ccccc2)cc1)CCOC(=O)NCC1CCCC(CNC(=O)O[*])C1,Bandgap,2.8476,eV,polyverse_bandgap,train,clean,clean,measured_target
poly_1721,[*]c1ccc([Si](c2ccccc2)(c2ccccc2)c2ccc(-c3nnc([*])o3)cc2)cc1,Bandgap,4.1689,eV,polyverse_bandgap,train,clean,clean,measured_target
poly_1391,[*]Oc1ccc(C(C)(C)c2ccc(OC(=O)c3cccc(C([*])=O)c3)cc2)cc1,Bandgap,3.7705,eV,polyverse_bandgap,train,clean,clean,measured_target
poly_2706,[*]Cc1ccc(CNC(=O)CCCCCCCCCCCCCC(=O)N[*])cc1,Bandgap,5.1486,eV,polyverse_bandgap,train,clean,clean,measured_target
poly_1357,[*]CCOCCOCCOCCOCCOc1ccc(C(=O)Nc2cc(NC(=O)c3ccc(O[*])cc3)cc(-c3nc4ccccc4[nH]3)c2)cc1,Bandgap,3.7337,eV,polyverse_bandgap,train,clean,clean,measured_target
poly_1267,[*]CC(=O)C(C)C([*])c1ccc(O)c2ncccc12,Bandgap,3.636,eV,polyverse_bandgap,train,clean,clean,measured_target
poly_804,[*]c1ccc([*])c2nc(CCCCCCC)c(CCCCCCC)nc12,Bandgap,3.0507,eV,polyverse_bandgap,train,clean,clean,measured_target
poly_2733,[*]CC=CC(C)S([*])(=O)=O,Bandgap,5.1822,eV,polyverse_bandgap,train,clean,clean,measured_target
poly_904,[*]CC([*])C(=O)OCCCOc1ccc(-c2ccc(C#N)cc2)cc1,Bandgap,3.1806,eV,polyverse_bandgap,train,clean,clean,measured_target
poly_3244,C([*])CC([*])=C,Bandgap,5.7373,eV,polyverse_bandgap,train,clean,clean,measured_target
poly_1152,[*]CC(=O)C(C=C1)=CC=C1C(S2)=CC=C2[*],Bandgap,3.5015,eV,polyverse_bandgap,train,clean,clean,measured_target
poly_3922,C([*])C(C)(C(=O)OCC(F)(F)C([*])(F)F),Bandgap,6.5301,eV,polyverse_bandgap,train,clean,clean,measured_target
poly_297,[*]c1ccc([*])[nH]1,Bandgap,2.3622,eV,polyverse_bandgap,train,clean,clean,measured_target
poly_1101,[*]Oc1ccc(-c2ccc(OC(=O)c3cccc(Oc4cccc(C([*])=O)c4)c3)cc2)cc1,Bandgap,3.4375,eV,polyverse_bandgap,train,clean,clean,measured_target
poly_1280,[*]CCNC(=S)[*],Bandgap,3.6462,eV,polyverse_bandgap,train,clean,clean,measured_target
poly_2636,[*]c1cnc([*])c(C)c1,Bandgap,5.0872,eV,polyverse_bandgap,train,clean,clean,measured_target
poly_3757,[*]CCOCCOC(=O)CCC(=O)O[*],Bandgap,6.2926,eV,polyverse_bandgap,train,clean,clean,measured_target
poly_831,CC(=S)OC(=S),Bandgap,3.0882,eV,polyverse_bandgap,train,clean,clean,measured_target
poly_3716,[*]CCCCCCCCCCCCCCCCCCCCOC(=O)CC(=O)O[*],Bandgap,6.2355,eV,polyverse_bandgap,train,clean,clean,measured_target
poly_3154,[*]CCCCCCCCCCCCNC(=O)C(=O)N[*],Bandgap,5.6418,eV,polyverse_bandgap,train,clean,clean,measured_target
poly_1196,O([*])c1ccc(cc1)S(=O)(=O)c1ccc(cc1)OC(=O)c1ccc(cc1)C(=O)([*]),Bandgap,3.5538,eV,polyverse_bandgap,train,clean,clean,measured_target
poly_539,[*]c1ccc([*])n1CCC(=O)OCC,Bandgap,2.7083,eV,polyverse_bandgap,train,clean,clean,measured_target
poly_3549,[*]CCCCCCNC(=O)CCC(=O)N[*],Bandgap,6.0201,eV,polyverse_bandgap,train,clean,clean,measured_target
poly_3853,[*]CCCCCCS([*])(=O)=O,Bandgap,6.4491,eV,polyverse_bandgap,train,clean,clean,measured_target
poly_2331,[*]CC1CCC(COC(C)OC(=O)c2cccc(C(=O)OC(C)O[*])c2)CC1,Bandgap,4.7856,eV,polyverse_bandgap,train,clean,clean,measured_target
poly_883,[*]CNC(S1)=CC=C1C(=O)[*],Bandgap,3.1605,eV,polyverse_bandgap,train,clean,clean,measured_target
poly_2207,[*]CC([*])C(=O)Oc1ccc(Cl)c(C)c1,Bandgap,4.6591,eV,polyverse_bandgap,train,clean,clean,measured_target
poly_3835,[*]CCCCCCCCC(=O)O[*],Bandgap,6.417000000000002,eV,polyverse_bandgap,train,clean,clean,measured_target
poly_1427,[*]CC(C)(C)COC(=O)c1ccc(-c2ccc(C(=O)O[*])cc2)cc1,Bandgap,3.8251,eV,polyverse_bandgap,train,clean,clean,measured_target
poly_2036,[*]CC(O)CN([*])c1cc(C)cc(C)c1,Bandgap,4.5108,eV,polyverse_bandgap,train,clean,clean,measured_target
poly_601,[*]NC(C=C1)=CC=C1C(S2)=CC=C2C(C=C3)=CC=C3[*],Bandgap,2.7925,eV,polyverse_bandgap,train,clean,clean,measured_target
poly_2908,[*]NC(Cc1ccccc1)C(=O)NC(C)C(=O)NCC([*])=O,Bandgap,5.3565,eV,polyverse_bandgap,train,clean,clean,measured_target
poly_2945,[*]CCC1CN(C(C)(C)C)C(=O)C1[*],Bandgap,5.4055,eV,polyverse_bandgap,train,clean,clean,measured_target
poly_594,[*]C(=O)Nc1ccc(C2(c3ccc(N4C(=O)c5ccc([*])cc5C4=O)cc3)CCC(C(C)(C)C)CC2)cc1,Bandgap,2.786,eV,polyverse_bandgap,train,clean,clean,measured_target
poly_2117,[*]CCCCCCCCCC#CC#CCCCCCCCCCOC(=O)CCCCCCCCC(=O)O[*],Bandgap,4.5832,eV,polyverse_bandgap,train,clean,clean,measured_target
poly_3345,[*]OC(C)(C)C(F)(F)C(F)(F)OCCOCCC1CC1[*],Bandgap,5.8237,eV,polyverse_bandgap,train,clean,clean,measured_target
poly_4195,C(F)(F)C(F)(F)CO,Bandgap,8.3318,eV,polyverse_bandgap,train,clean,clean,measured_target
poly_955,[*]CCCCOc1ccc(OC(=O)c2ccc(C(=O)Oc3ccc(O[*])cc3)c(C(=O)OCC=C)c2)cc1,Bandgap,3.2573,eV,polyverse_bandgap,train,clean,clean,measured_target
poly_2295,[*]CC(CCCCCCCCCCCC)COC(=O)NC(=O)c1cccc(C(=O)NC(=O)O[*])c1,Bandgap,4.7494,eV,polyverse_bandgap,train,clean,clean,measured_target
poly_827,[*]c1ccc(-c2nc3cc(-c4ccc5oc([*])nc5c4)ccc3o2)cc1,Bandgap,3.0845,eV,polyverse_bandgap,train,clean,clean,measured_target
poly_777,[*]C(=O)Nc1ccc(NC(=O)c2cccc(C(=O)Nc3ccc(N4C(=O)c5ccc([*])cc5C4=O)cc3)c2)cc1,Bandgap,3.0011,eV,polyverse_bandgap,train,clean,clean,measured_target
poly_853,[*]c1ccc(Oc2cccc(Oc3ccc(N4C(=O)CC(=O)N([*])C4=S)cc3)c2)cc1,Bandgap,3.1165,eV,polyverse_bandgap,train,clean,clean,measured_target
poly_137,[*]C(=O)c1ccc2c(c1)C(=O)N(c1ccc(N(c3ccc(C#N)cc3)c3ccc(N4C(=O)c5ccc([*])cc5C4=O)cc3)cc1)C2=O,Bandgap,1.8892,eV,polyverse_bandgap,train,clean,clean,measured_target
poly_293,[*]C(=O)C(S1)=CC=C1C(C=C2)=CC=C2C(=S)[*],Bandgap,2.3582,eV,polyverse_bandgap,train,clean,clean,measured_target
poly_1157,[*]N=P([*])(Cl)Cl,Bandgap,3.5076,eV,polyverse_bandgap,train,clean,clean,measured_target
poly_1472,[*]Oc1ccc(S(=O)(=O)c2ccc(Oc3ccc(C4(c5ccc([*])cc5)CCCCC4)cc3)cc2)cc1,Bandgap,3.8881,eV,polyverse_bandgap,train,clean,clean,measured_target
poly_1076,[*]C(C)=C([*])C#N,Bandgap,3.4072,eV,polyverse_bandgap,train,clean,clean,measured_target
poly_2408,[*]CCc1ccc(Cc2ccc(CCS[*])cc2)cc1,Bandgap,4.8714,eV,polyverse_bandgap,train,clean,clean,measured_target
poly_3951,[*]CCOCCOC(=O)CCCCCC(=O)O[*],Bandgap,6.5754,eV,polyverse_bandgap,train,clean,clean,measured_target
poly_700,[*]c1ccc(-c2ccc(-c3nc(-c4ccc(-c5csc([*])n5)cc4)cs3)cc2)cc1,Bandgap,2.9236,eV,polyverse_bandgap,train,clean,clean,measured_target
poly_1198,[*]Oc1ccc(C(c2ccccc2)c2ccc(OC(=O)c3cccc(C([*])=O)c3)cc2)cc1,Bandgap,3.5599,eV,polyverse_bandgap,train,clean,clean,measured_target
poly_1777,[*]Oc1ccc(S(=O)(=O)c2ccc(OC([*])=O)cc2)cc1,Bandgap,4.2329,eV,polyverse_bandgap,train,clean,clean,measured_target
poly_4193,[*]C(F)C([*])(F)F,Bandgap,8.2406,eV,polyverse_bandgap,train,clean,clean,measured_target
poly_2249,[*]Oc1c(C)cc(-c2cc(C)c(OC(=O)CCCCCC([*])=O)c(C)c2)cc1C,Bandgap,4.7046,eV,polyverse_bandgap,train,clean,clean,measured_target
poly_3301,[*]CCCOC(=O)N1CCC([*])CC1,Bandgap,5.7887,eV,polyverse_bandgap,train,clean,clean,measured_target
poly_1670,[*]Oc1cccc2c(OC(=O)Oc3ccc(OC([*])=O)cc3Cl)cccc12,Bandgap,4.1142,eV,polyverse_bandgap,train,clean,clean,measured_target
poly_3602,[*]CCCCCCCCCCCCOC(=O)NCCCCCCNC(=O)O[*],Bandgap,6.0664,eV,polyverse_bandgap,train,clean,clean,measured_target
poly_741,[*]CC(C=C1)=CC=C1C(C=C2)=CC=C2C(=S)[*],Bandgap,2.9669,eV,polyverse_bandgap,train,clean,clean,measured_target
poly_1717,[*]CCCCCCCNC(=S)N[*],Bandgap,4.1652,eV,polyverse_bandgap,train,clean,clean,measured_target
poly_4115,[*]OC(C)COC([*])=O,Bandgap,6.8711,eV,polyverse_bandgap,train,clean,clean,measured_target
poly_2713,[*]OC1CCC(OC(=O)NCCSCCCSCCNC([*])=O)CC1,Bandgap,5.1585,eV,polyverse_bandgap,train,clean,clean,measured_target
poly_3646,[*]CCC(C)O[Si](C)(C)O[*],Bandgap,6.1309,eV,polyverse_bandgap,train,clean,clean,measured_target
poly_1303,[*]OC3=CC=CC(C(C2=CC=CC(OC1=CC=CC([*])=C1)=C2)=O)=C3,Bandgap,3.6705,eV,polyverse_bandgap,train,clean,clean,measured_target
poly_447,[*]C=C1CCC(=Cc2ccc([*])cc2)C1=O,Bandgap,2.5715,eV,polyverse_bandgap,train,clean,clean,measured_target
poly_806,[*]C(=O)c1ccc2nc(-c3ccc(-c4nc5ccc([*])cc5nc4-c4ccccc4)cc3)c(-c3ccccc3)nc2c1,Bandgap,3.0546,eV,polyverse_bandgap,train,clean,clean,measured_target
poly_58,[*]c1cc(-c2cc(C)c(Br)cc2C)c([*])s1,Bandgap,1.4380000000000002,eV,polyverse_bandgap,train,clean,clean,measured_target
poly_2747,[*]Cc1ccc(COC(=O)O[*])cc1,Bandgap,5.1911,eV,polyverse_bandgap,train,clean,clean,measured_target
poly_931,[*]c1ccc([*])c2nccnc12,Bandgap,3.225,eV,polyverse_bandgap,train,clean,clean,measured_target
poly_3181,[*]CC(CCl)(CCl)O[*],Bandgap,5.6681,eV,polyverse_bandgap,train,clean,clean,measured_target
poly_1902,[*]OC(=O)CSCCSCC([*])=O,Bandgap,4.3646,eV,polyverse_bandgap,train,clean,clean,measured_target
poly_2811,[*]Cc1ccc(CNC(=O)CCCCCCCCCCCCCCCC(=O)N[*])cc1,Bandgap,5.2536,eV,polyverse_bandgap,train,clean,clean,measured_target
poly_1241,[*]c1ccc2ccc([*])cc2c1,Bandgap,3.6133,eV,polyverse_bandgap,train,clean,clean,measured_target
poly_1921,[*]Cc1c(C)c(C)c(CSC(=O)CCC(=O)S[*])c(C)c1C,Bandgap,4.3904,eV,polyverse_bandgap,train,clean,clean,measured_target
poly_3543,[*]CNC(=O)CC(=O)N[*],Bandgap,6.0152,eV,polyverse_bandgap,train,clean,clean,measured_target
poly_1908,[*]Oc1cc(Br)c(C(C)(C)c2c(Br)cc(OC([*])=O)cc2Br)c(Br)c1,Bandgap,4.3708,eV,polyverse_bandgap,train,clean,clean,measured_target
poly_3969,[*]CC([*])OC(=O)CCCCCCC,Bandgap,6.5982,eV,polyverse_bandgap,train,clean,clean,measured_target
poly_1825,[*]CCOc1ccc(C(=O)OC(=O)c2ccccc2C(=O)OC(=O)c2ccc(O[*])cc2)cc1,Bandgap,4.2778,eV,polyverse_bandgap,train,clean,clean,measured_target
poly_1556,[*]Sc1ccc2c(c1)Sc1ccc([*])cc1S2,Bandgap,3.9872,eV,polyverse_bandgap,train,clean,clean,measured_target
poly_28,[*]C(c1cccs1)=c1ccc(=c2ccc(=C(c3cccs3)c3ccc(-c4ccc([*])s4)s3)s2)s1,Bandgap,1.0912,eV,polyverse_bandgap,train,clean,clean,measured_target
poly_1230,C(F)(F)C(F)(F)C(=S)O,Bandgap,3.5989,eV,polyverse_bandgap,train,clean,clean,measured_target
poly_3765,[*]C(C)C([*])C(=O)OC,Bandgap,6.3068,eV,polyverse_bandgap,train,clean,clean,measured_target
poly_2565,[*]SC1CCCC([*])C1,Bandgap,5.0122,eV,polyverse_bandgap,train,clean,clean,measured_target
poly_2131,[*]C(=O)c1cccc(C(=O)N(C)c2cccc(N([*])C)c2)c1,Bandgap,4.5971,eV,polyverse_bandgap,train,clean,clean,measured_target
poly_3515,[*]CCCCCCCCCCNC(=O)CCC(=O)N[*],Bandgap,5.9859,eV,polyverse_bandgap,train,clean,clean,measured_target
poly_3435,[*]NC(C)C(=O)NCCCCCCCCCCC([*])=O,Bandgap,5.9043,eV,polyverse_bandgap,train,clean,clean,measured_target
poly_1594,[*]Nc1cccc(NC(=O)c2cccc(C([*])=O)c2)c1,Bandgap,4.0305,eV,polyverse_bandgap,train,clean,clean,measured_target
poly_710,[*]c1cc(CC(=O)OCCCCCCCC)c([*])[nH]1,Bandgap,2.9373,eV,polyverse_bandgap,train,clean,clean,measured_target
poly_431,[*]c1ccc(-c2ccc(-c3ccc([*])n3-c3c(F)c(F)c(F)c(F)c3F)s2)s1,Bandgap,2.5527,eV,polyverse_bandgap,train,clean,clean,measured_target
poly_1462,[*]CC([*])C(=O)Oc1ccc([N+](=O)[O-])cc1,Bandgap,3.8697,eV,polyverse_bandgap,train,clean,clean,measured_target
poly_1841,[*]CCOCCOC(=O)c1ccc(Cc2ccc(C(=O)O[*])cc2)cc1,Bandgap,4.2931,eV,polyverse_bandgap,train,clean,clean,measured_target
poly_2061,[*]Nc1ccc(NC(=O)CCCCCCC([*])=O)cc1,Bandgap,4.5337,eV,polyverse_bandgap,train,clean,clean,measured_target
poly_2595,[*]CCSSCCOCO[*],Bandgap,5.0437,eV,polyverse_bandgap,train,clean,clean,measured_target
poly_195,[*]c1cc2c(s1)-c1sc([*])cc1C2CCCCCCN,Bandgap,2.0844,eV,polyverse_bandgap,train,clean,clean,measured_target
poly_22,[*]NC(=S)NO[*],Bandgap,0.9802,eV,polyverse_bandgap,train,clean,clean,measured_target
poly_1138,[*]COC(=O)c1ccc(C(=O)OCc2ccc([*])o2)cc1,Bandgap,3.4760000000000004,eV,polyverse_bandgap,train,clean,clean,measured_target
poly_2529,[*]CCCCCOC(=O)NCCSCCCCSCCNC(=O)O[*],Bandgap,4.9762,eV,polyverse_bandgap,train,clean,clean,measured_target
poly_1736,[*]NC(Cc1ccc(OC(=O)OCc2ccccc2)cc1)C([*])=O,Bandgap,4.1786,eV,polyverse_bandgap,train,clean,clean,measured_target
poly_160,[*]CC(O)CN([*])c1ccc(N=Nc2ccc(C#N)cc2)cc1,Bandgap,1.9599,eV,polyverse_bandgap,train,clean,clean,measured_target
poly_542,[*]CC(S1)=CC=C1C(C=C2)=CC=C2C(=S)[*],Bandgap,2.7094,eV,polyverse_bandgap,train,clean,clean,measured_target
poly_2783,[*]NC(CCCCNC(=O)CCCCC([*])=O)C(=O)O,Bandgap,5.2248,eV,polyverse_bandgap,train,clean,clean,measured_target
poly_2819,[*]Cc1c(C)c(C)c(CNC(=O)CCCCCC(C)CC(=O)N[*])c(C)c1C,Bandgap,5.2631,eV,polyverse_bandgap,train,clean,clean,measured_target
poly_3194,[*]CC1CCC(CNC(=O)CCCCCCCC(=O)N[*])CC1,Bandgap,5.6927,eV,polyverse_bandgap,train,clean,clean,measured_target
poly_4134,[*]OC1C(O)C([*])OC(CO)C1O,Bandgap,6.9578,eV,polyverse_bandgap,train,clean,clean,measured_target
poly_2785,[*]CCCCS[*],Bandgap,5.2255,eV,polyverse_bandgap,train,clean,clean,measured_target
poly_3237,[*]NC(C)C(=O)NCC([*])=O,Bandgap,5.7343,eV,polyverse_bandgap,train,clean,clean,measured_target
poly_3335,[*]CCCCCNC(=O)CCCCCCC(=O)N[*],Bandgap,5.8169,eV,polyverse_bandgap,train,clean,clean,measured_target
poly_543,[*]c1cc(COCCCCCCCCOc2ccc(-c3ccc(C#N)cc3)cc2)c([*])s1,Bandgap,2.7101,eV,polyverse_bandgap,train,clean,clean,measured_target
poly_4124,[*]ON(C(F)(F)F)C(F)(C([*])(F)F)C(F)(F)F,Bandgap,6.9062,eV,polyverse_bandgap,train,clean,clean,measured_target
poly_1317,[*]Sc1ccc([*])cc1,Bandgap,3.6929,eV,polyverse_bandgap,train,clean,clean,measured_target
poly_2082,[*]C/C=C\CC[*],Bandgap,4.5524,eV,polyverse_bandgap,train,clean,clean,measured_target
poly_1271,[*]C(S1)=CC=C1OC(=S)O[*],Bandgap,3.6393,eV,polyverse_bandgap,train,clean,clean,measured_target
poly_3069,[*]CCCCC(N)C(=O)N[*],Bandgap,5.5468,eV,polyverse_bandgap,train,clean,clean,measured_target
poly_1537,[*]NC(C=C1)=CC=C1OC(=S)[*],Bandgap,3.9628,eV,polyverse_bandgap,train,clean,clean,measured_target
poly_2750,[*]CCCCCC(=O)NCc1ccc(CNC(=O)CCCCCO[*])cc1,Bandgap,5.1934,eV,polyverse_bandgap,train,clean,clean,measured_target
poly_2661,[*]CCCCNC(=O)C(=O)N[*],Bandgap,5.1079,eV,polyverse_bandgap,train,clean,clean,measured_target
poly_3529,[*]CCCCCCCCCCCCCCCCC(=O)N[*],Bandgap,5.9993,eV,polyverse_bandgap,train,clean,clean,measured_target
poly_1638,[*]Oc1ccc(C(=O)CNNCC(=O)c2ccc([*])cc2)cc1,Bandgap,4.0817,eV,polyverse_bandgap,train,clean,clean,measured_target
poly_1454,[*]Oc1ccc2c(c1)C(=O)N(Oc1ccc(C(N3C(=O)CC([*])C3=O)(C(F)(F)F)C(F)(F)F)cc1)C2=O,Bandgap,3.8595,eV,polyverse_bandgap,train,clean,clean,measured_target
poly_1946,[*]Oc1ccc(C(=O)OCCCCOC(=O)c2ccc([*])cc2)cc1,Bandgap,4.4175,eV,polyverse_bandgap,train,clean,clean,measured_target
poly_572,[*]C=Cc1ccc2c(c1)Sc1cc([*])ccc1N2CCCCCCCC,Bandgap,2.7454,eV,polyverse_bandgap,train,clean,clean,measured_target
poly_3519,[*]NC(CC(C)C)C([*])=O,Bandgap,5.9901,eV,polyverse_bandgap,train,clean,clean,measured_target
poly_2201,[*]CNC(=O)OCc1ccc(COCc2ccc(COC(=O)NCc3ccc(C(C)(C)c4ccc([*])o4)o3)o2)o1,Bandgap,4.6560000000000015,eV,polyverse_bandgap,train,clean,clean,measured_target
poly_3672,[*]CCOC(=O)NCCCCCCCCCCNC(=O)O[*],Bandgap,6.1704,eV,polyverse_bandgap,train,clean,clean,measured_target
poly_3309,[*]CC1(C(=O)O)COCC([*])(C(=O)O)C1,Bandgap,5.7946,eV,polyverse_bandgap,train,clean,clean,measured_target
poly_659,[*]C1=CC(C)C(C(=O)C(=O)C2CC3C([*])CC3(O)C2=O)C(=O)N1C,Bandgap,2.8766,eV,polyverse_bandgap,train,clean,clean,measured_target
poly_3577,[*]NC(CC([*])=O)C(C)C,Bandgap,6.0457,eV,polyverse_bandgap,train,clean,clean,measured_target
poly_3444,[*]CCCCCCCCCCNC(=O)CCCCCCC(=O)N[*],Bandgap,5.9109,eV,polyverse_bandgap,train,clean,clean,measured_target
poly_3098,[*]CCCC1CC(=O)N([*])C(=O)C1,Bandgap,5.5771,eV,polyverse_bandgap,train,clean,clean,measured_target
poly_3985,[*]CCCCC(=O)O[*],Bandgap,6.6123,eV,polyverse_bandgap,train,clean,clean,measured_target
poly_2257,[*]Oc1ccc(CC(C#N)(Cc2ccc([*])cc2)c2ccccc2)cc1,Bandgap,4.7079,eV,polyverse_bandgap,train,clean,clean,measured_target
poly_3771,[*]CC([*])C(=O)OC(C)CC(C)C,Bandgap,6.3188,eV,polyverse_bandgap,train,clean,clean,measured_target
poly_3499,[*]CCCCCCCCNC(=O)CCC(=O)N[*],Bandgap,5.9681,eV,polyverse_bandgap,train,clean,clean,measured_target
poly_3481,[*]CC([*])(Cl)C(=O)OCC,Bandgap,5.9476,eV,polyverse_bandgap,train,clean,clean,measured_target
poly_3145,[*]CC(COC)O[*],Bandgap,5.6346,eV,polyverse_bandgap,train,clean,clean,measured_target
poly_2139,[*]Oc1ccc(C([*])=O)cc1CCCCCCCCCC,Bandgap,4.6014,eV,polyverse_bandgap,train,clean,clean,measured_target
poly_1851,[*]Cc1ccc(COC(=O)c2cccc(C(=O)O[*])c2)cc1,Bandgap,4.3023,eV,polyverse_bandgap,train,clean,clean,measured_target
poly_1686,[*]Oc1cc(OC)c([*])cc1OC,Bandgap,4.1411,eV,polyverse_bandgap,train,clean,clean,measured_target
poly_94,C(S1)=CC=C1C(=S)C(S2)=CC=C2C(=S)C(=O)NC(C=C3)=CC=C3C(S4)=CC=C4,Bandgap,1.618,eV,polyverse_bandgap,train,clean,clean,measured_target
poly_474,[*]Oc1ccc2ccccc2c1N=Nc1ccc(C([*])=O)cc1,Bandgap,2.6102,eV,polyverse_bandgap,train,clean,clean,measured_target
poly_1062,[*]Oc1ccc(N=Nc2ccc([*])cc2)cc1,Bandgap,3.3958,eV,polyverse_bandgap,train,clean,clean,measured_target
poly_3777,[*]OC(=O)CCCCCCCCC([*])=O,Bandgap,6.3268,eV,polyverse_bandgap,train,clean,clean,measured_target
poly_4061,[*]CCCCCOC(=O)CCC(C)CC(=O)O[*],Bandgap,6.7309,eV,polyverse_bandgap,train,clean,clean,measured_target
poly_3794,[*]CC([*])(Cl)C(=O)OC(C)C,Bandgap,6.3507,eV,polyverse_bandgap,train,clean,clean,measured_target
poly_2591,[*]NC(CCCCN)C([*])=O,Bandgap,5.0339,eV,polyverse_bandgap,train,clean,clean,measured_target
poly_810,[*]c1cccc(-c2nc3cc(-c4ccc5nc([*])c(-c6ccc7ccccc7c6)nc5c4)ccc3nc2-c2ccc3ccccc3c2)c1,Bandgap,3.0593,eV,polyverse_bandgap,train,clean,clean,measured_target
poly_1015,[*]C(=O)Nc1cccc(NC(=O)c2ccc3[nH]c(-c4cccc(-c5nc6cc([*])ccc6[nH]5)c4)nc3c2)c1,Bandgap,3.34,eV,polyverse_bandgap,train,clean,clean,measured_target
poly_622,[*]c1ccc(-c2ccc(-c3ccc([*])n3C)n2C)cn1,Bandgap,2.818,eV,polyverse_bandgap,train,clean,clean,measured_target
poly_1421,[*]CC(COc1ccc(-c2ccc(C#N)cc2)cc1)O[*],Bandgap,3.8156,eV,polyverse_bandgap,train,clean,clean,measured_target
poly_48,[*]C1=C(CCCCCC)C(CCCCCC)=C(c2sc(-c3sc([*])c4c3OCCO4)c3c2OCCO3)S1(=O)=O,Bandgap,1.3578,eV,polyverse_bandgap,train,clean,clean,measured_target
poly_3193,[*]C(=O)CCCCCCCCC(=O)N1CC(C)N([*])CC1C,Bandgap,5.6918,eV,polyverse_bandgap,train,clean,clean,measured_target
poly_4077,[*]CCCCCCOC(=O)CCCCCCCCC(=O)O[*],Bandgap,6.7561,eV,polyverse_bandgap,train,clean,clean,measured_target
poly_4088,[*]CC([*])(F)C(=O)OCC(F)(F)C(F)F,Bandgap,6.7718,eV,polyverse_bandgap,train,clean,clean,measured_target
poly_2979,[*]C#CC#CCCCCCCCC[*],Bandgap,5.4425,eV,polyverse_bandgap,train,clean,clean,measured_target
poly_3742,CNCNC(=O)NC(=O)N,Bandgap,6.2684,eV,polyverse_bandgap,train,clean,clean,measured_target
poly_3311,[*]CCC1C(=O)N(CC)C(=O)C1[*],Bandgap,5.7968,eV,polyverse_bandgap,train,clean,clean,measured_target
poly_1262,[*]CC1(C)CC(N2C(=O)c3ccc(-c4ccc5c(c4)C(=O)N([*])C5=O)cc3C2=O)CC(C)(C)C1,Bandgap,3.6299,eV,polyverse_bandgap,train,clean,clean,measured_target
poly_1163,[*]c1ncc(-c2cnc([*])c(C)c2)cc1C,Bandgap,3.5147,eV,polyverse_bandgap,train,clean,clean,measured_target
poly_2784,[*]/C=C\C(C#N)C[*],Bandgap,5.2253,eV,polyverse_bandgap,train,clean,clean,measured_target
poly_847,[*]c1ccc(-c2cnc3cc(-c4ccc5nc([*])cnc5c4)ccc3n2)cc1,Bandgap,3.1087,eV,polyverse_bandgap,train,clean,clean,measured_target
poly_3820,[*]CCCOC(=O)CCCCCCCC(=O)O[*],Bandgap,6.3801,eV,polyverse_bandgap,train,clean,clean,measured_target
poly_3340,[*]CCCCCCNC(=O)CCCC(=O)O[*],Bandgap,5.8204,eV,polyverse_bandgap,train,clean,clean,measured_target
poly_3971,[*]CCOCCOC(=O)CCCCCCC(=O)O[*],Bandgap,6.6005,eV,polyverse_bandgap,train,clean,clean,measured_target
poly_3438,[*]C=CCCCCCCCCCC(Cl)CCCCCCCCC[*],Bandgap,5.9057,eV,polyverse_bandgap,train,clean,clean,measured_target
poly_3071,[*]/C=C\C(C)C[*],Bandgap,5.547999999999999,eV,polyverse_bandgap,train,clean,clean,measured_target
poly_1496,[*]OC(C)C(C)Oc1cc([*])nc2ccc(C)cc12,Bandgap,3.9147,eV,polyverse_bandgap,train,clean,clean,measured_target
poly_389,[*]C(C=C1)=CC=C1C(C=C2)=CC=C2C(C=C3)=CC=C3C(C=C4)=CC=C4[*],Bandgap,2.5019,eV,polyverse_bandgap,train,clean,clean,measured_target
poly_4100,[*]CC([*])OC(C)=O,Bandgap,6.7973,eV,polyverse_bandgap,train,clean,clean,measured_target
poly_3588,[*]CCCC(C)CC(=O)N[*],Bandgap,6.0572,eV,polyverse_bandgap,train,clean,clean,measured_target
poly_3410,[*]CC(=O)NCC(=O)O[*],Bandgap,5.879,eV,polyverse_bandgap,train,clean,clean,measured_target
poly_1893,[*]CNC(=O)C(S1)=CC=C1[*],Bandgap,4.3473,eV,polyverse_bandgap,train,clean,clean,measured_target
poly_1959,[*]Oc1c(Cl)cc(C2(c3cc(Cl)c(OC([*])=O)c(Cl)c3)CC3CC2C2CCCC32)cc1Cl,Bandgap,4.4278,eV,polyverse_bandgap,train,clean,clean,measured_target
poly_2833,[*]Cc1ccc(CN(C)C(=O)CCCCC(=O)N([*])C)cc1,Bandgap,5.2834,eV,polyverse_bandgap,train,clean,clean,measured_target
poly_1068,[*]Oc1ccc(Oc2ccc(NC(=C(C#N)C#N)c3ccc(-c4ccc(-c5ccc(C(Nc6ccc([*])cc6)=C(C#N)C#N)cc5)cc4)cc3)cc2)cc1,Bandgap,3.4011,eV,polyverse_bandgap,train,clean,clean,measured_target
poly_1767,[*]CC(O)COc1ccc(C(=O)c2ccc(O[*])cc2)cc1,Bandgap,4.2124,eV,polyverse_bandgap,train,clean,clean,measured_target
poly_3388,[*]CC1(C)CC([*])(C)C(=O)OC1=O,Bandgap,5.867000000000001,eV,polyverse_bandgap,train,clean,clean,measured_target
poly_4065,[*]CCCCCCCCCCCCCCCCOC(=O)CCCCC(=O)O[*],Bandgap,6.7432,eV,polyverse_bandgap,train,clean,clean,measured_target
poly_1143,[*]c1cccc(-c2nc3cc(-c4ccc5[nH]c([*])nc5c4)ccc3[nH]2)c1,Bandgap,3.4864,eV,polyverse_bandgap,train,clean,clean,measured_target
poly_2017,[*]Nc1ccc([*])cc1I,Bandgap,4.4895,eV,polyverse_bandgap,train,clean,clean,measured_target
poly_3321,[*]CCCCCc1nnc([*])n1N,Bandgap,5.8053,eV,polyverse_bandgap,train,clean,clean,measured_target
poly_182,[*]Nc1cc([N+](=O)[O-])c(NC(=O)c2c(F)cc(C([*])=O)cc2F)cc1C=Cc1ccc(N(C)C)cc1,Bandgap,2.0452,eV,polyverse_bandgap,train,clean,clean,measured_target
poly_3732,[*]CCCCCCCCCCOC(=O)C(O)C(O)C(=O)O[*],Bandgap,6.2592,eV,polyverse_bandgap,train,clean,clean,measured_target
poly_2628,[*]CCCCCCSCCS[*],Bandgap,5.085,eV,polyverse_bandgap,train,clean,clean,measured_target
poly_3367,[*]NC1CCC(CC(C)(C)NC(=O)CCCCC([*])=O)CC1,Bandgap,5.8543,eV,polyverse_bandgap,train,clean,clean,measured_target
poly_2904,[*]CCNC(=O)C(OC)C(OC)C(=O)N[*],Bandgap,5.3552,eV,polyverse_bandgap,train,clean,clean,measured_target
poly_556,C(F)(F)C(C=C1)=CC=C1C(F)(F)C(=S),Bandgap,2.7314,eV,polyverse_bandgap,train,clean,clean,measured_target
poly_1952,[*]c2cccc(NC(=O)CCCCC(=O)Nc1ccc(S([*])(=O)=O)cc1)c2,Bandgap,4.4211,eV,polyverse_bandgap,train,clean,clean,measured_target
poly_187,[*]N=NNc1ccc(NN=Nc2ccc([*])cc2)cc1,Bandgap,2.0596,eV,polyverse_bandgap,train,clean,clean,measured_target
poly_1012,[*]N=C(O)N=C([*])N=C(N)N,Bandgap,3.3353,eV,polyverse_bandgap,train,clean,clean,measured_target
poly_3911,[*]CCCC([*])(C)Cl,Bandgap,6.5189,eV,polyverse_bandgap,train,clean,clean,measured_target
poly_21,[*]C=Cc1sc([*])c2c1OC(CCCCCC)CO2,Bandgap,0.9769,eV,polyverse_bandgap,train,clean,clean,measured_target
poly_261,[*]c1ccc(-c2ccc(-c3nc(CCCCCCCCCCCC)c(-c4sc([*])nc4CCCCCCCCCCCC)s3)s2)s1,Bandgap,2.29,eV,polyverse_bandgap,train,clean,clean,measured_target
poly_623,[*]c1ccc(-c2ccc(-n3c(=O)c4cc5c(=O)n([*])c(=O)c5cc4c3=O)cc2OC(F)(F)F)c(OC(F)(F)F)c1,Bandgap,2.8211,eV,polyverse_bandgap,train,clean,clean,measured_target
poly_1772,[*]CCOCCOCCOC(=O)C(=O)O[*],Bandgap,4.2233,eV,polyverse_bandgap,train,clean,clean,measured_target
poly_2634,[*]CCCCOC(=O)Cc1ccc(CC(=O)O[*])cc1,Bandgap,5.0863,eV,polyverse_bandgap,train,clean,clean,measured_target
poly_580,[*]C(=O)Nc1cccc(NC(=O)c2ccc3c(c2)C(=O)N(c2ccc(Oc4cccc5c(N6C(=O)c7ccc([*])cc7C6=O)cccc45)cc2)C3=O)n1,Bandgap,2.7647,eV,polyverse_bandgap,train,clean,clean,measured_target
poly_1860,[*]C=CC=CCC[*],Bandgap,4.3088,eV,polyverse_bandgap,train,clean,clean,measured_target
poly_859,[*]Nc1cc(C)c([*])cc1OC,Bandgap,3.1262,eV,polyverse_bandgap,train,clean,clean,measured_target
poly_909,[*]c1[nH]c([*])c(CC(=O)OC)c1CC(=O)OC,Bandgap,3.1891,eV,polyverse_bandgap,train,clean,clean,measured_target
poly_41,[*]c1sc([*])c(CCCCCCN(CC)c2ccc(N=Nc3ccc([N+](=O)[O-])cc3)cc2)c1CCCCCC,Bandgap,1.2631,eV,polyverse_bandgap,train,clean,clean,measured_target
poly_1405,[*]NC(Cc1c[nH]c2ccccc12)C([*])=O,Bandgap,3.8025,eV,polyverse_bandgap,train,clean,clean,measured_target
poly_3090,[*]CCCCCCCCCCN(C)C(=O)CCCCCCCCC(=O)N([*])C,Bandgap,5.5645,eV,polyverse_bandgap,train,clean,clean,measured_target
poly_201,[*]c1ccc(Oc2ccc3ccc(Oc4ccc(-n5c(=O)c6cc7c(=O)n([*])c(=O)c7cc6c5=O)cc4)cc3c2)cc1,Bandgap,2.1084,eV,polyverse_bandgap,train,clean,clean,measured_target
poly_1043,[*]Oc1ccc(NC(=O)c2cc(C(=O)Nc3ccc([*])cc3)cc(S(=O)(=O)c3ccccc3)c2)cc1,Bandgap,3.3654,eV,polyverse_bandgap,train,clean,clean,measured_target
poly_1955,[*]CC([*])c1ccc(C(O)CCN2CCOCC2)cc1,Bandgap,4.4244,eV,polyverse_bandgap,train,clean,clean,measured_target
poly_485,[*]c1ccc2c(c1)C(=O)N(c1cc(N3C(=O)c4ccc(C([*])(C(F)(F)F)C(F)(F)F)cc4C3=O)c(O)cc1O)C2=O,Bandgap,2.6346,eV,polyverse_bandgap,train,clean,clean,measured_target
poly_3220,[*]NC(CCC(=O)OCCC)C([*])=O,Bandgap,5.7178,eV,polyverse_bandgap,train,clean,clean,measured_target
poly_3177,[*]CNC(=O)CCCCCCC(=O)N[*],Bandgap,5.6641,eV,polyverse_bandgap,train,clean,clean,measured_target
poly_1001,[*]NNC(=S)c1ccc(C([*])=S)cc1,Bandgap,3.3241,eV,polyverse_bandgap,train,clean,clean,measured_target
poly_1212,[*]CCCCCCCCCCOc1cccc(OC(=O)c2ccc(C(=O)Oc3cccc(O[*])c3)cc2)c1,Bandgap,3.5777,eV,polyverse_bandgap,train,clean,clean,measured_target
poly_2275,[*]Oc1ccc(C([*])=O)cc1CCCCCCCCCCCC,Bandgap,4.7301,eV,polyverse_bandgap,train,clean,clean,measured_target
poly_1079,[*]c1sc([*])c2sc(CCCCCCCCC)nc12,Bandgap,3.4078,eV,polyverse_bandgap,train,clean,clean,measured_target
poly_1848,[*]Oc1ccc(OC(=O)c2ccc(Oc3ccc(C([*])=O)cc3)cc2)cc1Cl,Bandgap,4.2992,eV,polyverse_bandgap,train,clean,clean,measured_target
poly_3561,[*]CCCCNC(=O)CCCCCCCCCC(=O)N[*],Bandgap,6.0257,eV,polyverse_bandgap,train,clean,clean,measured_target
poly_1247,[*]C(=O)C(C=C1)=CC=C1C(=O)C(S2)=CC=C2[*],Bandgap,3.616,eV,polyverse_bandgap,train,clean,clean,measured_target
poly_2306,[*]CCCC1CCN(C(=O)SSCCCCSSC(=O)N2CCC([*])CC2)CC1,Bandgap,4.759,eV,polyverse_bandgap,train,clean,clean,measured_target
poly_4028,[*]CC(C)(CC)COC(=O)CCCCCCCCC(=O)O[*],Bandgap,6.6739,eV,polyverse_bandgap,train,clean,clean,measured_target
poly_2197,[*]Oc1c(C(C)C)cc(C([*])=O)cc1C(C)C,Bandgap,4.6528,eV,polyverse_bandgap,train,clean,clean,measured_target
poly_4167,[*]CCCCCCCCCCCCCCC([*])Cl,Bandgap,7.2178,eV,polyverse_bandgap,train,clean,clean,measured_target
poly_3170,[*]CC([*])C(=O)OCCOCC1(CC)COC1,Bandgap,5.6568,eV,polyverse_bandgap,train,clean,clean,measured_target
poly_163,[*]C(C=C1)=CC=C1C(S2)=CC=C2C(S3)=CC=C3C(S4)=CC=C4[*],Bandgap,1.9732,eV,polyverse_bandgap,train,clean,clean,measured_target
poly_1852,[*]CC(C=C1)=CC=C1C(=O)C(C=C2)=CC=C2[*],Bandgap,4.3024,eV,polyverse_bandgap,train,clean,clean,measured_target
poly_1425,[*]c1ccc(-c2ccc(S(=O)(=O)NCCNS([*])(=O)=O)cc2)cc1,Bandgap,3.8242,eV,polyverse_bandgap,train,clean,clean,measured_target
poly_2543,[*]Cc1ccc(C[*])c(C)c1,Bandgap,4.9923,eV,polyverse_bandgap,train,clean,clean,measured_target
poly_3184,[*]CCN([*])C(C)=O,Bandgap,5.6737,eV,polyverse_bandgap,train,clean,clean,measured_target
poly_2780,[*]Oc1ccc(C2(c3ccc(OC([*])=O)cc3)CCCCCC2)cc1,Bandgap,5.2222,eV,polyverse_bandgap,train,clean,clean,measured_target
poly_2243,[*]C1C=C(CCCCCC)C([*])S1,Bandgap,4.6982,eV,polyverse_bandgap,train,clean,clean,measured_target
poly_2741,[*]C=CC1CC([*])C2C3CCC(C3)C12,Bandgap,5.1878,eV,polyverse_bandgap,train,clean,clean,measured_target
poly_1578,[*]c1nc(C)nc(N(CCCCCCN([*])c2ccccc2)c2ccccc2)n1,Bandgap,4.0115,eV,polyverse_bandgap,train,clean,clean,measured_target
poly_1204,[*]NC(=S)NC(C=C1)=CC=C1[*],Bandgap,3.5643,eV,polyverse_bandgap,train,clean,clean,measured_target
poly_4155,[*]CCCCCCCCCCCCCCCCCCCCC([*])Cl,Bandgap,7.1075,eV,polyverse_bandgap,train,clean,clean,measured_target
poly_53,[*]c1cc2c(s1)-c1sc(-c3cc4c(s3)-c3sc([*])cc3C4(CC(CC)CCCC)CC(CC)CCCC)cc1C2=O,Bandgap,1.3805,eV,polyverse_bandgap,train,clean,clean,measured_target
poly_598,[*]Nc1ccc(C#Cc2ccc(NC(=O)c3ccc(C([*])=O)cc3)cc2)cc1,Bandgap,2.7886,eV,polyverse_bandgap,train,clean,clean,measured_target
poly_3964,[*]CCCCOC(=O)CCC(C)CC(=O)O[*],Bandgap,6.5919,eV,polyverse_bandgap,train,clean,clean,measured_target
poly_1523,[*]OC(=O)c1ccc(CCc2ccc(C([*])=O)cc2)cc1,Bandgap,3.9494,eV,polyverse_bandgap,train,clean,clean,measured_target
poly_343,[*]C=Cc1ccc([*])c2ccc(CCCCCC)cc12,Bandgap,2.4493,eV,polyverse_bandgap,train,clean,clean,measured_target
poly_1269,[*]c1nc(C)nc(N(CCCCN([*])c2ccccc2)c2ccccc2)n1,Bandgap,3.6374,eV,polyverse_bandgap,train,clean,clean,measured_target
poly_124,[*]c1ccc(-c2cc(CCCCCCBr)c([*])s2)s1,Bandgap,1.8008,eV,polyverse_bandgap,train,clean,clean,measured_target
poly_3622,[*]CCCCCCCCCCCC(=O)NCC(=O)N[*],Bandgap,6.1009,eV,polyverse_bandgap,train,clean,clean,measured_target
poly_4119,[*]OC(CC([*])=O)C(C)C,Bandgap,6.8886,eV,polyverse_bandgap,train,clean,clean,measured_target
poly_1128,[*]Nc1cc(NC(=O)c2ccc(-c3ccc(C([*])=O)cc3)cc2)cc(C(=O)OCCOc2ccc(C=CC(=O)c3ccccc3)cc2)c1,Bandgap,3.4679,eV,polyverse_bandgap,train,clean,clean,measured_target
poly_3852,[*]CCCCCCCC(=O)OCC1COC([*])O1,Bandgap,6.4464,eV,polyverse_bandgap,train,clean,clean,measured_target
poly_2558,[*]CCCOC(=O)c1ccccc1-c1ccccc1C(=O)O[*],Bandgap,5.0095,eV,polyverse_bandgap,train,clean,clean,measured_target
poly_2347,[*]CC(CCC)C(CCC)COC(=O)c1ccc(C(=O)O[*])cc1,Bandgap,4.8023,eV,polyverse_bandgap,train,clean,clean,measured_target
poly_2248,[*]CCOC(=O)Cc1ccc(C(=O)O[*])cc1,Bandgap,4.7045,eV,polyverse_bandgap,train,clean,clean,measured_target
poly_1144,[*]Oc1ccc(OC(=O)c2cc(OCCCCCCOCCCCC)c(C([*])=O)cc2OCCCCCCOCCCCC)cc1,Bandgap,3.4928,eV,polyverse_bandgap,train,clean,clean,measured_target
poly_365,[*]c1ccc2ccc3c([*])cc(C#C)c4ccc1c2c34,Bandgap,2.4817,eV,polyverse_bandgap,train,clean,clean,measured_target
poly_2918,[*]CCCCCCN(CC)C(=O)CCCCCCCCCCCCCCCCC(=O)N([*])CC,Bandgap,5.3754,eV,polyverse_bandgap,train,clean,clean,measured_target
poly_760,[*]CC(C=C1)=CC=C1C(=O)C(=S)[*],Bandgap,2.9863,eV,polyverse_bandgap,train,clean,clean,measured_target
poly_3559,[*]CCCCCCCCCCOCCCCCCCCCCOCCCCO[*],Bandgap,6.0257,eV,polyverse_bandgap,train,clean,clean,measured_target
poly_386,[*]c1ccc(-c2ccc(-c3ccc([*])n3C)s2)s1,Bandgap,2.4998,eV,polyverse_bandgap,train,clean,clean,measured_target
poly_2456,[*]CC([*])c1cc(C)ccc1C,Bandgap,4.9087,eV,polyverse_bandgap,train,clean,clean,measured_target
poly_2885,[*]CC([*])C=CC,Bandgap,5.3344,eV,polyverse_bandgap,train,clean,clean,measured_target
poly_2261,[*]CC(OO[*])c1ccc(Br)cc1,Bandgap,4.7102,eV,polyverse_bandgap,train,clean,clean,measured_target
poly_3085,[*]CCC=C([*])Cl,Bandgap,5.5601,eV,polyverse_bandgap,train,clean,clean,measured_target
poly_711,[*]c1ccc(-c2nc3cc(-c4ccc5nc([*])c(-c6ccc7ccccc7c6)nc5c4)ccc3nc2-c2ccc3ccccc3c2)cc1,Bandgap,2.9378,eV,polyverse_bandgap,train,clean,clean,measured_target
poly_3979,[*]CCCCOC(=O)CCCCCCCC(=O)O[*],Bandgap,6.6081,eV,polyverse_bandgap,train,clean,clean,measured_target
poly_4177,[*]CCOC(=O)O[*],Bandgap,7.4995,eV,polyverse_bandgap,train,clean,clean,measured_target
poly_2926,[*]NC(Cc1ccccc1)C([*])=O,Bandgap,5.386,eV,polyverse_bandgap,train,clean,clean,measured_target
poly_1200,[*]c1ccc(C(=O)c2ccc(-n3nc(-c4ccc(Oc5ccc(-c6nn([*])c(=O)c7ccccc67)cc5)cc4)c4ccccc4c3=O)cc2)cc1,Bandgap,3.5606,eV,polyverse_bandgap,train,clean,clean,measured_target
poly_457,[*]c1ccc(Oc2cccc(-n3c(=O)c4cc5c(=O)n([*])c(=O)c5cc4c3=O)c2)cc1,Bandgap,2.5838,eV,polyverse_bandgap,train,clean,clean,measured_target
poly_4010,[*]CC(C)(C)COC(=O)CCCCC(=O)O[*],Bandgap,6.6524,eV,polyverse_bandgap,train,clean,clean,measured_target
poly_3339,[*]CC([*])OCCOC,Bandgap,5.8187,eV,polyverse_bandgap,train,clean,clean,measured_target
poly_886,[*]C(=O)Nc1cccc(NC(=O)c2ccc3c(c2)C(=O)N(c2cccc(N4C(=O)c5ccc([*])cc5C4=O)c2)C3=O)n1,Bandgap,3.1626,eV,polyverse_bandgap,train,clean,clean,measured_target
poly_669,[*]C=C1CCCCC(=Cc2ccc(Sc3ccc([*])o3)o2)C1=O,Bandgap,2.8887,eV,polyverse_bandgap,train,clean,clean,measured_target
poly_2718,[*]CC(C[N-][N+]#N)(C[N-][N+]#N)CO[*],Bandgap,5.1641,eV,polyverse_bandgap,train,clean,clean,measured_target
poly_1008,[*]Oc1ccc(S(=O)(=O)c2ccc3cc(S(=O)(=O)c4ccc(Oc5c(C)cc(-c6cc(C)c([*])c(C)c6C)c(C)c5C)cc4)ccc3c2)cc1,Bandgap,3.3303,eV,polyverse_bandgap,train,clean,clean,measured_target
poly_2990,[*]CC(O[*])C(C)(C)C,Bandgap,5.4545,eV,polyverse_bandgap,train,clean,clean,measured_target
poly_1457,[*]c1ccc(S(=O)(=O)c2ccc(-n3nc([*])c4ccccc4c3=O)cc2)cc1,Bandgap,3.8607,eV,polyverse_bandgap,train,clean,clean,measured_target
poly_522,[*]C(=O)c1ccc2c(c1)C(=O)N(c1ccc(Oc3ccc(N4C(=O)c5ccc([*])cc5C4=O)cc3)cc1)C2=O,Bandgap,2.6811,eV,polyverse_bandgap,train,clean,clean,measured_target
poly_3332,[*]CC(C)(C)COC(=O)C(=O)O[*],Bandgap,5.8142,eV,polyverse_bandgap,train,clean,clean,measured_target
poly_2385,[*]Oc1ccc(C(C)(CCCC)c2ccc(OC([*])=O)cc2)cc1,Bandgap,4.8496,eV,polyverse_bandgap,train,clean,clean,measured_target
poly_299,[*]C(=O)C(C=C1)=CC=C1C(=S)C(S2)=CC=C2[*],Bandgap,2.3694,eV,polyverse_bandgap,train,clean,clean,measured_target
poly_2383,[*]C=CC1CCCCC1[*],Bandgap,4.8485,eV,polyverse_bandgap,train,clean,clean,measured_target
poly_3002,[*]NC(CC([*])=O)c1ccccc1,Bandgap,5.4701,eV,polyverse_bandgap,train,clean,clean,measured_target
poly_943,[*]CCOCCOCCOc1ccc(NC(=O)c2cccc(C(=O)Nc3ccc(O[*])cc3)c2)cc1,Bandgap,3.2482,eV,polyverse_bandgap,train,clean,clean,measured_target
poly_2520,[*]CCCC(C=C1)=CC=C1[*],Bandgap,4.967,eV,polyverse_bandgap,train,clean,clean,measured_target
poly_479,[*]NC(=S)C(=O)O[*],Bandgap,2.6247,eV,polyverse_bandgap,train,clean,clean,measured_target
poly_4076,[*]CCCCCCCCOC(=O)CCCCC(=O)O[*],Bandgap,6.755,eV,polyverse_bandgap,train,clean,clean,measured_target
poly_1453,[*]Oc1c(-c2ccccc2)cc([*])cc1-c1ccccc1,Bandgap,3.8556,eV,polyverse_bandgap,train,clean,clean,measured_target
poly_629,CCOC(=S)NC(=S)C(C=C1)=CC=C1N,Bandgap,2.8361,eV,polyverse_bandgap,train,clean,clean,measured_target
poly_3847,[*]CCCCCCCCCCCCCCCCCCCCOC(=O)CCCC(=O)O[*],Bandgap,6.4396,eV,polyverse_bandgap,train,clean,clean,measured_target
poly_1886,[*]Oc1cc(CCCCCCCC)cc(OC(=O)c2cccc(C([*])=O)c2)c1,Bandgap,4.3424,eV,polyverse_bandgap,train,clean,clean,measured_target
poly_2382,[*]CCCCCCOC(=O)C=CC(=O)O[*],Bandgap,4.8463,eV,polyverse_bandgap,train,clean,clean,measured_target
poly_3471,[*]COC1CC2CC(O[*])C1C2,Bandgap,5.9417,eV,polyverse_bandgap,train,clean,clean,measured_target
poly_1407,[*]CCCCCCn1c(=O)c2cc3c(=O)n([*])c(=O)c3cc2c1=O,Bandgap,3.8031,eV,polyverse_bandgap,train,clean,clean,measured_target
poly_1636,[*]C(=O)SSCCCCSSC(=O)N1CCN([*])CC1,Bandgap,4.0756,eV,polyverse_bandgap,train,clean,clean,measured_target
poly_2143,[*]CC([*])(C)C(=O)OCCOC(=O)CCn1ccnc1,Bandgap,4.6062,eV,polyverse_bandgap,train,clean,clean,measured_target
poly_0,[*]C=C([*])c1ccc(NC=O)cc1,Bandgap,0.071,eV,polyverse_bandgap,train,clean,clean,measured_target
poly_2868,[*]C=CC(C)(C(=O)OC)C([*])C,Bandgap,5.317,eV,polyverse_bandgap,train,clean,clean,measured_target
poly_2857,[*]CC(CC([*])(C#N)C#N)c1ccc(CCl)cc1,Bandgap,5.3061,eV,polyverse_bandgap,train,clean,clean,measured_target
poly_7,[*]C=c1ccc(=c2ccc(=Cc3ccc([*])s3)s2)s1,Bandgap,0.6103,eV,polyverse_bandgap,train,clean,clean,measured_target
poly_3749,[*]CC([*])(F)Cl,Bandgap,6.2778,eV,polyverse_bandgap,train,clean,clean,measured_target
poly_387,C(F)(F)C(F)(F)C(S1)=CC=C1C(=S),Bandgap,2.5,eV,polyverse_bandgap,train,clean,clean,measured_target
poly_2010,[*]CCCCCCCCc1nc2ccc(-c3ccc4nc([*])oc4c3)cc2o1,Bandgap,4.4813,eV,polyverse_bandgap,train,clean,clean,measured_target
poly_1608,[*]Oc1cccc(Oc2ccc(C(=O)c3ccc([*])cc3)cc2)c1,Bandgap,4.0476,eV,polyverse_bandgap,train,clean,clean,measured_target
poly_1505,[*]c1ccc(-c2ccc([*])c(CCCCCC)n2)nc1CCCCCC,Bandgap,3.9254,eV,polyverse_bandgap,train,clean,clean,measured_target
poly_2318,[*]Oc1ccc(CC(NC(=O)Cc2ccc(OC(=O)CC(C)CCC([*])=O)cc2)C(=O)OCCCCCC)cc1,Bandgap,4.7724,eV,polyverse_bandgap,train,clean,clean,measured_target
poly_3800,[*]CCC1CC([*])C2C3CC(C12)C(C)(C(=O)OC)C3,Bandgap,6.3564,eV,polyverse_bandgap,train,clean,clean,measured_target
poly_1855,[*]CCCCCCc1nc2cc3sc([*])nc3cc2s1,Bandgap,4.3056,eV,polyverse_bandgap,train,clean,clean,measured_target
poly_2660,CCOCCOC(=O)NC(=CC=C1(C))C=C1NC(=O)O,Bandgap,5.1076,eV,polyverse_bandgap,train,clean,clean,measured_target
poly_31,[*]c1sc(-c2cc(OCCCCC)c([*])s2)cc1OCCCCC,Bandgap,1.1386,eV,polyverse_bandgap,train,clean,clean,measured_target
poly_2443,[*]CC([*])C(=O)SC(C)C,Bandgap,4.8981,eV,polyverse_bandgap,train,clean,clean,measured_target
poly_3705,[*]CC([*])(F)C(=O)OCCC(F)(F)C(F)(F)C(F)(F)C(F)(F)C(F)(F)C(F)(F)C(F)(F)C(F)(F)F,Bandgap,6.2233,eV,polyverse_bandgap,train,clean,clean,measured_target
poly_3846,[*]OC1CCC(OC(=O)CCCCCCC([*])=O)CC1,Bandgap,6.4389,eV,polyverse_bandgap,train,clean,clean,measured_target
poly_2860,[*]OC1C(C)(C)C([*])C1(C)C,Bandgap,5.3086,eV,polyverse_bandgap,train,clean,clean,measured_target
poly_1741,[*]c1ccc(N([*])CCCCCC)cc1,Bandgap,4.1862,eV,polyverse_bandgap,train,clean,clean,measured_target
poly_2837,[*]CCCC(=O)NCc1ccc(CNC(=O)CCCO[*])cc1,Bandgap,5.287000000000001,eV,polyverse_bandgap,train,clean,clean,measured_target
poly_1928,[*]Oc1cc(CCCCCCCCCCC)cc(OC(=O)c2cccc(C([*])=O)c2)c1,Bandgap,4.3966,eV,polyverse_bandgap,train,clean,clean,measured_target
poly_1705,[*]CCCCCCCCCCCCOc1ccc(C=NN=Cc2ccc(O[*])cc2O)c(O)c1,Bandgap,4.1545,eV,polyverse_bandgap,train,clean,clean,measured_target
poly_2016,[*]NC(CSC(=O)OCc1ccccc1)C([*])=O,Bandgap,4.4872,eV,polyverse_bandgap,train,clean,clean,measured_target
poly_3915,[*]CC(O)CO[*],Bandgap,6.5218,eV,polyverse_bandgap,train,clean,clean,measured_target
poly_2720,[*]C=CC(C(=O)OCC)C([*])C(=O)OCC,Bandgap,5.1688,eV,polyverse_bandgap,train,clean,clean,measured_target
poly_1551,[*]CC(O)COc1ccc(C(C)(C)c2ccc(OCC(O)COc3ccc(S(=O)(=O)c4ccc(O[*])cc4)cc3)cc2)cc1,Bandgap,3.9847,eV,polyverse_bandgap,train,clean,clean,measured_target
poly_3621,[*]CCCCOC(=O)NC1CC1NC(=O)O[*],Bandgap,6.0977,eV,polyverse_bandgap,train,clean,clean,measured_target
poly_3526,[*]CCCCCC(=O)NCCCCCCNC(=O)CCCCCOC(=O)CCCCC(=O)O[*],Bandgap,5.9977,eV,polyverse_bandgap,train,clean,clean,measured_target
poly_2087,[*]c1ccc(Oc2ccc(Oc3ccc(N4C(=O)C5CCC6C(=O)N([*])C(=O)C6C5C4=O)cc3)cc2)cc1,Bandgap,4.5586,eV,polyverse_bandgap,train,clean,clean,measured_target
poly_456,[*]c1ccc(-c2nc3cc4nc([*])c(-c5ccccc5)nc4cc3nc2-c2ccccc2)cc1,Bandgap,2.5823,eV,polyverse_bandgap,train,clean,clean,measured_target
poly_2863,[*]Cc1ccc(CNC(=O)CCCCCCC(=O)N[*])cc1,Bandgap,5.311,eV,polyverse_bandgap,train,clean,clean,measured_target
poly_3467,[*]C(=O)OC1CCC(OC(=O)N2CC(C)N([*])CC2C)CC1,Bandgap,5.9402,eV,polyverse_bandgap,train,clean,clean,measured_target
poly_2360,[*]C(=O)CCP(=O)(CCC(=O)N1CCN([*])CC1)c1ccccc1,Bandgap,4.8188,eV,polyverse_bandgap,train,clean,clean,measured_target
poly_2511,[*]Cc1cc(C)c([*])cc1C,Bandgap,4.9568,eV,polyverse_bandgap,train,clean,clean,measured_target
poly_3876,[*]CC([*])(C)C(=O)OCCC1CCCCC1,Bandgap,6.4739,eV,polyverse_bandgap,train,clean,clean,measured_target
poly_3585,[*]C1CCC1[*],Bandgap,6.0558,eV,polyverse_bandgap,train,clean,clean,measured_target
poly_1395,[*]CCCCCCCCCC#CC#CCCCCCCCCCOC(=O)C(=O)O[*],Bandgap,3.7759,eV,polyverse_bandgap,train,clean,clean,measured_target
poly_3566,[*]OC(CC(C)C)C([*])=O,Bandgap,6.0332,eV,polyverse_bandgap,train,clean,clean,measured_target
poly_2704,[*]C1CCC(C=[*])C1,Bandgap,5.1465,eV,polyverse_bandgap,train,clean,clean,measured_target
poly_14,[*]C#CC(=C([*])c1ccccc1)c1ccccc1,Bandgap,0.8844,eV,polyverse_bandgap,train,clean,clean,measured_target
poly_1417,[*]C(C#N)=C(c1ccccc1)c1ccc([*])cc1,Bandgap,3.8129,eV,polyverse_bandgap,train,clean,clean,measured_target
poly_3036,[*]CC([*])OC(=O)C(Cl)(Cl)Cl,Bandgap,5.5134,eV,polyverse_bandgap,train,clean,clean,measured_target
poly_1990,[*]CCC(=O)Oc1ccc(OC(=O)CCN2CCN([*])C(C)C2)cc1,Bandgap,4.4609,eV,polyverse_bandgap,train,clean,clean,measured_target
poly_1611,[*]Oc1ccc(CCNC(=O)c2cccc(C([*])=O)c2)cc1,Bandgap,4.0506,eV,polyverse_bandgap,train,clean,clean,measured_target
poly_3804,[*]OC1CCC(C2CCC(OC(=O)CCCCCCCCCCC([*])=O)CC2)CC1,Bandgap,6.3608,eV,polyverse_bandgap,train,clean,clean,measured_target
poly_1985,[*]Oc1ccc(NC(=O)NC2CC(C)(C)CC(C)(CNC(=O)Nc3ccc([*])cc3)C2)cc1,Bandgap,4.4573,eV,polyverse_bandgap,train,clean,clean,measured_target
poly_1995,[*]Cc1ccc(COC(=O)Cc2ccc(C(=O)O[*])cc2)cc1,Bandgap,4.4684,eV,polyverse_bandgap,train,clean,clean,measured_target
poly_2974,[*]CCC(=O)NCCCCCCNC(=O)CCS[*],Bandgap,5.4312,eV,polyverse_bandgap,train,clean,clean,measured_target
poly_736,[*]C(=O)Nc1cccc(C=CC(=O)C=Cc2cccc(NC(=O)c3ccc(N4C(=O)c5ccc([*])cc5C4=O)cc3)c2)c1,Bandgap,2.9611,eV,polyverse_bandgap,train,clean,clean,measured_target
poly_3826,[*]CCOC(=O)CC(=O)O[*],Bandgap,6.3978,eV,polyverse_bandgap,train,clean,clean,measured_target
poly_3868,[*]CC([*])OC(=O)CCC#N,Bandgap,6.4646,eV,polyverse_bandgap,train,clean,clean,measured_target
poly_2033,[*]C(=O)NCCCCCCCCCCNC(=O)c1ccc([*])nc1,Bandgap,4.5078,eV,polyverse_bandgap,train,clean,clean,measured_target
poly_123,[*]C#Cc1cc(OCCCCCCCCCC)c([*])cc1OCCCCCCCCCC,Bandgap,1.7935,eV,polyverse_bandgap,train,clean,clean,measured_target
poly_3114,[*]CC(C)(C=C([*])C)C(=O)OC,Bandgap,5.5947,eV,polyverse_bandgap,train,clean,clean,measured_target
poly_549,[*]C(=O)Nc1ccc(NC(=O)c2ccc(NC(=O)c3ccc(-c4nc5cc([*])ccc5[nH]4)cc3)cc2)cc1,Bandgap,2.7225,eV,polyverse_bandgap,train,clean,clean,measured_target
poly_3510,[*]CCCCCCCCCCCCNC(=O)CC(=O)N[*],Bandgap,5.9823,eV,polyverse_bandgap,train,clean,clean,measured_target
poly_2856,[*]CCCCNC(=O)CCC=CCCC(=O)N[*],Bandgap,5.3048,eV,polyverse_bandgap,train,clean,clean,measured_target
poly_1474,OC(C=C1)=CC=C1C(=O)C(S2)=CC=C2C(=O)NOC(=O),Bandgap,3.8943,eV,polyverse_bandgap,train,clean,clean,measured_target
poly_1142,[*]CC([*])CNc1ccc([N+](=O)[O-])cn1,Bandgap,3.4829,eV,polyverse_bandgap,train,clean,clean,measured_target
poly_1399,[*]c1sc([*])c(OCCCCCCCCCCCCCCCC)c1C,Bandgap,3.7868,eV,polyverse_bandgap,train,clean,clean,measured_target
poly_3506,[*]CCCCCCCCNC(=O)CCCCCCCCCCCCC(=O)N[*],Bandgap,5.9745,eV,polyverse_bandgap,train,clean,clean,measured_target
poly_1074,[*]C=C([*])CO,Bandgap,3.4066,eV,polyverse_bandgap,train,clean,clean,measured_target
poly_2673,[*]CC(C=C1)=CC=C1CC(C=C2)=CC=C2[*],Bandgap,5.1169,eV,polyverse_bandgap,train,clean,clean,measured_target
poly_3417,[*]CC(C)(C)COC(=O)NC1CCC(CC2CCC(NC(=O)O[*])CC2)CC1,Bandgap,5.885,eV,polyverse_bandgap,train,clean,clean,measured_target
poly_627,[*]C(=O)c1ccc2c(c1)C(=O)N(c1cc(N3C(=O)c4ccc([*])cc4C3=O)c(O)cc1O)C2=O,Bandgap,2.8322,eV,polyverse_bandgap,train,clean,clean,measured_target
poly_3045,[*]OC(C)C([*])C,Bandgap,5.5235,eV,polyverse_bandgap,train,clean,clean,measured_target
poly_3571,[*]OC(CCCCCCC=C)CC([*])=O,Bandgap,6.0438,eV,polyverse_bandgap,train,clean,clean,measured_target
poly_4041,[*]CCCCCCCOC(=O)CCCCCCCCC(=O)O[*],Bandgap,6.6947,eV,polyverse_bandgap,train,clean,clean,measured_target
poly_3037,[*]CC([*])OCC,Bandgap,5.5149,eV,polyverse_bandgap,train,clean,clean,measured_target
poly_3364,[*]CCCCCCCCCCNC(=O)CCCCCCCCC(=O)N[*],Bandgap,5.8505,eV,polyverse_bandgap,train,clean,clean,measured_target
poly_2992,[*]CCCCCCCCCCCCNC(=O)NCCCCCCCCCCNC(=O)N[*],Bandgap,5.457999999999998,eV,polyverse_bandgap,train,clean,clean,measured_target
poly_4069,[*]ON(C(F)(F)F)C(F)(F)C([*])(F)F,Bandgap,6.7484,eV,polyverse_bandgap,train,clean,clean,measured_target
poly_2095,[*]NC(=O)NC(C=C1)=CC=C1[*],Bandgap,4.5662,eV,polyverse_bandgap,train,clean,clean,measured_target
poly_3308,[*]CCN([*])C(=O)CCC(=O)OC,Bandgap,5.7939,eV,polyverse_bandgap,train,clean,clean,measured_target
poly_527,[*]c1ccc(-c2ccc(-n3c(=O)c4cc5c(=O)n([*])c(=O)c5cc4c3=O)cc2C)c(C)c1,Bandgap,2.6846,eV,polyverse_bandgap,train,clean,clean,measured_target
poly_1680,[*]CC(C)(CC)CS[*],Bandgap,4.1338,eV,polyverse_bandgap,train,clean,clean,measured_target
poly_3287,[*]CCCCCCCCCCCCCCNC(=O)CCCCCCCCC(=O)N[*],Bandgap,5.7746,eV,polyverse_bandgap,train,clean,clean,measured_target
poly_4093,[*]CCCCCCOC(=O)CCCCC(=O)O[*],Bandgap,6.78,eV,polyverse_bandgap,train,clean,clean,measured_target
poly_2496,[*]Oc1ccc(C(C)(CC)c2ccc(OC([*])=O)cc2)cc1,Bandgap,4.9403,eV,polyverse_bandgap,train,clean,clean,measured_target
poly_1552,[*]Oc1ccc(N=CNc2ccc([*])cc2)cc1,Bandgap,3.9857,eV,polyverse_bandgap,train,clean,clean,measured_target
poly_337,[*]c1ccc2nc3[nH]c4cc5[nH]c6nc7ccc([*])cc7nc6sc5cc4sc3nc2c1,Bandgap,2.4457,eV,polyverse_bandgap,train,clean,clean,measured_target
poly_1512,O([*])c1cc(cc(CCC)c1)OC(=O)c1ccc(cc1)C(=O)([*]),Bandgap,3.9302,eV,polyverse_bandgap,train,clean,clean,measured_target
poly_1673,[*]CCCCCOC(=O)Nc1ccc(Cc2ccc(NC(=O)O[*])cc2)cc1,Bandgap,4.1169,eV,polyverse_bandgap,train,clean,clean,measured_target
poly_1801,[*]c1ccc([*])c(C(=O)c2ccc(F)cc2)c1,Bandgap,4.2587,eV,polyverse_bandgap,train,clean,clean,measured_target
poly_1098,[*]NC(C=C1)=CC=C1C(S2)=CC=C2C(S3)=CC=C3[*],Bandgap,3.4334,eV,polyverse_bandgap,train,clean,clean,measured_target
poly_876,[*]Oc1ccc(OC(=O)c2cc(OCCCCCCCCCCCC)c(C([*])=O)cc2OCCCCCCCCCCCC)cc1,Bandgap,3.1513,eV,polyverse_bandgap,train,clean,clean,measured_target
poly_2995,[*]CCCCCCNC(=O)CCCCCCCC(=O)N[*],Bandgap,5.4617,eV,polyverse_bandgap,train,clean,clean,measured_target
poly_3498,[*]CCCCNC(=O)CCCCCC(=O)N[*],Bandgap,5.9678,eV,polyverse_bandgap,train,clean,clean,measured_target
poly_2470,C(F)(F)CC(F)(F)C(S1)=CC=C1,Bandgap,4.9185,eV,polyverse_bandgap,train,clean,clean,measured_target
poly_1437,[*]Oc1ccc(C(c2ccc(OC([*])=O)cc2)(C(F)(F)F)C(F)(F)F)cc1,Bandgap,3.8346,eV,polyverse_bandgap,train,clean,clean,measured_target
poly_3474,[*]CCCCCCOC(=O)CCCCCNC(=O)CCCCC(=O)NCCCCCC(=O)O[*],Bandgap,5.9438,eV,polyverse_bandgap,train,clean,clean,measured_target
poly_4080,[*]CCCCCOC(=O)CCCCCCCCC(=O)O[*],Bandgap,6.7588,eV,polyverse_bandgap,train,clean,clean,measured_target
poly_2507,[*]Oc1ccc(C(C)(C)c2ccc(C(C)(C)c3ccc(OC([*])=O)cc3)cc2)cc1,Bandgap,4.952,eV,polyverse_bandgap,train,clean,clean,measured_target
poly_13,[*]C=c1ccc(=c2ccc(=Cc3ccc(-c4ccc([*])s4)s3)s2)s1,Bandgap,0.8779,eV,polyverse_bandgap,train,clean,clean,measured_target
poly_473,[*]c1cccc2c(-n3c(=O)c4cc5c(=O)n([*])c(=O)c5cc4c3=O)cccc12,Bandgap,2.6101,eV,polyverse_bandgap,train,clean,clean,measured_target
poly_1665,[*]Cc1ccc(COC(=O)c2ccc(C(=O)O[*])cc2)cc1,Bandgap,4.1083,eV,polyverse_bandgap,train,clean,clean,measured_target
poly_2022,[*]Oc1ccc(C(C)(C)c2cc(Cl)c(OC([*])=O)c(Cl)c2)cc1,Bandgap,4.494,eV,polyverse_bandgap,train,clean,clean,measured_target
poly_1489,[*]CCCCCCOC(=O)SNc1ccc(Cc2ccc(NSC(=O)O[*])cc2)cc1,Bandgap,3.9055,eV,polyverse_bandgap,train,clean,clean,measured_target
poly_1039,[*]c1cccc(C(F)(F)C(F)(F)C(F)(F)c2cccc(N3C(=O)c4ccc(Oc5ccc6c(c5)C(=O)N([*])C6=O)cc4C3=O)c2)c1,Bandgap,3.3624,eV,polyverse_bandgap,train,clean,clean,measured_target
poly_3215,[*]CC(CCCCCC)O[*],Bandgap,5.7137,eV,polyverse_bandgap,train,clean,clean,measured_target
poly_531,[*]C(=O)Nc1ccc(Oc2ccc(N3C(=O)c4ccc([*])cc4C3=O)cc2)cc1,Bandgap,2.6875,eV,polyverse_bandgap,train,clean,clean,measured_target
poly_1358,[*]CCCCOC(=O)c1ccc2cc(C(=O)O[*])ccc2c1,Bandgap,3.7346,eV,polyverse_bandgap,train,clean,clean,measured_target
poly_2619,[*]C=CC1CC(=CC)C([*])C1,Bandgap,5.0789,eV,polyverse_bandgap,train,clean,clean,measured_target
poly_1364,[*]Oc1ccc(Oc2ccc(C(=O)c3ccc([*])cc3)cc2)cc1C(=O)OC,Bandgap,3.7418,eV,polyverse_bandgap,train,clean,clean,measured_target
poly_3583,[*]CC(OC)C(C(=O)OC)C([*])C(=O)OC,Bandgap,6.0489,eV,polyverse_bandgap,train,clean,clean,measured_target
poly_971,[*]Cc1ccc(-c2ccc(CSC(=O)C(=O)S[*])cc2)cc1,Bandgap,3.2752,eV,polyverse_bandgap,train,clean,clean,measured_target
poly_845,[*]NC(=S)C(C=C1)=CC=C1O[*],Bandgap,3.1065,eV,polyverse_bandgap,train,clean,clean,measured_target
poly_419,[*]c1ccc(-c2ccc([*])n2C#Cc2ccc(CCCCCC)cc2)s1,Bandgap,2.5380000000000003,eV,polyverse_bandgap,train,clean,clean,measured_target
poly_2643,[*]NC(CCC(=O)O)C([*])=O,Bandgap,5.0961,eV,polyverse_bandgap,train,clean,clean,measured_target
poly_2145,[*]CCCCCCc1nc2cc(NC(=O)CCCCCCCCC(=O)Nc3ccc4oc([*])nc4c3)ccc2o1,Bandgap,4.6077,eV,polyverse_bandgap,train,clean,clean,measured_target
poly_1743,[*]Oc1c(C)cc(C(c2cc(C)c(OC([*])=O)c(C)c2)(C(F)(F)F)C(F)(F)F)cc1C,Bandgap,4.1871,eV,polyverse_bandgap,train,clean,clean,measured_target
poly_242,[*]c1cc(-n2c(=O)c3cc4c(=O)n(-c5ccc(-c6nnc([*])n6N)cc5)c(=O)c4cc3c2=O)c(-c2c(Cl)cccc2Cl)s1,Bandgap,2.2264,eV,polyverse_bandgap,train,clean,clean,measured_target
poly_2968,[*]CCCCCCCCOC(=O)NCc1ccc(CNC(=O)O[*])cc1,Bandgap,5.4246,eV,polyverse_bandgap,train,clean,clean,measured_target
poly_2873,[*]CC(CO[*])(CS(=O)(=O)CC)CS(=O)(=O)CC,Bandgap,5.3209,eV,polyverse_bandgap,train,clean,clean,measured_target
poly_1857,[*]Oc1cccc(C(=O)OCC(F)(F)C(F)(F)C(F)(F)COC(=O)c2cccc([*])c2)c1,Bandgap,4.3066,eV,polyverse_bandgap,train,clean,clean,measured_target
poly_3741,[*]C=CC(C)(C)CC(C#N)C[*],Bandgap,6.2683,eV,polyverse_bandgap,train,clean,clean,measured_target
poly_1387,[*]CCCCCCCCCn1c(=O)c2cc3c(=O)n([*])c(=O)c3cc2c1=O,Bandgap,3.7682,eV,polyverse_bandgap,train,clean,clean,measured_target
poly_1719,[*]CC(=O)CC(=O)[*],Bandgap,4.1682,eV,polyverse_bandgap,train,clean,clean,measured_target
poly_707,[*]c1ccc(-c2ccc3nc([*])cc(-c4ccccc4)c3c2)cc1,Bandgap,2.9322,eV,polyverse_bandgap,train,clean,clean,measured_target
poly_1112,[*]c1ccc(-c2ccc(-c3cc(-c4ccc(Oc5ccc(-c6cc([*])nc7ccccc67)cc5)cc4)c4ccccc4n3)cc2)cc1,Bandgap,3.448,eV,polyverse_bandgap,train,clean,clean,measured_target
poly_2363,[*]C1C=CC([*])N1,Bandgap,4.8228,eV,polyverse_bandgap,train,clean,clean,measured_target
poly_907,[*]CCC(S1)=CC=C1C(S2)=CC=C2[*],Bandgap,3.1843,eV,polyverse_bandgap,train,clean,clean,measured_target
poly_626,[*]c1ccc(-c2ccc(N3C(=O)c4ccc(-c5ccc6c(c5)C(=O)N([*])C6=O)cc4C3=O)c(C)c2)cc1C,Bandgap,2.8312,eV,polyverse_bandgap,train,clean,clean,measured_target
poly_1693,[*]Nc1cccc(C([*])=O)c1,Bandgap,4.147,eV,polyverse_bandgap,train,clean,clean,measured_target
poly_2185,[*]Oc1ccc(C(C)(C)c2ccc(OC(=O)OCCCOC([*])=O)cc2)cc1,Bandgap,4.6438,eV,polyverse_bandgap,train,clean,clean,measured_target
poly_1187,[*]Oc1ccc(C2(c3ccc(OC(=O)c4cccc(C([*])=O)c4)cc3)CCC3CCCCC3C2)cc1,Bandgap,3.5467,eV,polyverse_bandgap,train,clean,clean,measured_target
poly_1411,[*]Oc1cccc(OC(=O)c2ccc([Si](C)(C)c3ccc(C([*])=O)cc3)cc2)c1,Bandgap,3.8091,eV,polyverse_bandgap,train,clean,clean,measured_target
poly_230,[*]C#Cc1cc(OCCOCCOC)c(C#Cc2ccc([*])c([N+](=O)[O-])c2)cc1OCCOCCOC,Bandgap,2.1853,eV,polyverse_bandgap,train,clean,clean,measured_target
poly_4032,[*]CC([*])(F)C(=O)OCC(F)(F)C(F)(F)C(F)(F)F,Bandgap,6.6812,eV,polyverse_bandgap,train,clean,clean,measured_target
poly_1598,[*]CC(=O)C([*])c1cccc(C)c1,Bandgap,4.0355,eV,polyverse_bandgap,train,clean,clean,measured_target
poly_117,[*]N=Nc1ccc([*])cc1,Bandgap,1.7681,eV,polyverse_bandgap,train,clean,clean,measured_target
poly_3373,[*]OC(C)C([*])=O,Bandgap,5.8576,eV,polyverse_bandgap,train,clean,clean,measured_target
poly_960,[*]c1cccc(-c2nc3ccc(-c4ccc5nc([*])oc5c4)cc3o2)c1,Bandgap,3.2597,eV,polyverse_bandgap,train,clean,clean,measured_target
poly_2790,[*]C1C2CC(=CC)C(C2)C1[*],Bandgap,5.2297,eV,polyverse_bandgap,train,clean,clean,measured_target
poly_1397,[*]CCCCCCCCOC(=O)c1ccc2cc(C(=O)O[*])ccc2c1,Bandgap,3.7833,eV,polyverse_bandgap,train,clean,clean,measured_target
poly_133,[*]N=C1c2ccccc2C(=Nc2ccc([*])cc2)c2ccccc21,Bandgap,1.8734,eV,polyverse_bandgap,train,clean,clean,measured_target
poly_1674,[*]OC(CCl)COC(=O)C1=C(C(=O)OCC(CCl)OC(=O)c2ccc(C([*])=O)cc2)C2C=CC1C2,Bandgap,4.117,eV,polyverse_bandgap,train,clean,clean,measured_target
poly_2872,[*]CC(C)(C)COC(=O)Nc1ccc(C)c(NC(=O)O[*])c1,Bandgap,5.3198,eV,polyverse_bandgap,train,clean,clean,measured_target
poly_414,[*]C(=O)c1ccc2c(c1)C(=O)N(c1cccc(C#Cc3cccc(N4C(=O)c5ccc([*])cc5C4=O)c3)c1)C2=O,Bandgap,2.5356,eV,polyverse_bandgap,train,clean,clean,measured_target
poly_3393,[*]CCCCCNC(=O)CCCCC(=O)N[*],Bandgap,5.8689,eV,polyverse_bandgap,train,clean,clean,measured_target
poly_2573,C([*])C([*])(C1=CC(C)=CC=C1),Bandgap,5.0185,eV,polyverse_bandgap,train,clean,clean,measured_target
poly_2657,[*]CC1CC1COC(=O)Nc1ccc(C)c(NC(=O)O[*])c1,Bandgap,5.1055,eV,polyverse_bandgap,train,clean,clean,measured_target
poly_2579,[*]CCCCCCNC(=O)CCC(C)(C)c1ccc(C(C)(C)CCC(=O)N[*])cc1,Bandgap,5.0232,eV,polyverse_bandgap,train,clean,clean,measured_target
poly_4040,[*]OC(CCCCCC)CC([*])=O,Bandgap,6.6912,eV,polyverse_bandgap,train,clean,clean,measured_target
poly_1699,[*]c1cccc([*])c1,Bandgap,4.1523,eV,polyverse_bandgap,train,clean,clean,measured_target
poly_380,[*]NC(C=C1)=CC=C1C(=O)C(=S)[*],Bandgap,2.4969,eV,polyverse_bandgap,train,clean,clean,measured_target
poly_2701,[*]CCCSC(=O)CCCCCCCCC(=O)S[*],Bandgap,5.1438,eV,polyverse_bandgap,train,clean,clean,measured_target
poly_1404,C(F)(F)C(C=C1)=CC=C1C(F)(F)C(S2)=CC=C2,Bandgap,3.8012,eV,polyverse_bandgap,train,clean,clean,measured_target
poly_495,[*]c1ccc(-c2ccc(-n3c(=O)c4c(F)c5c(=O)n([*])c(=O)c5c(F)c4c3=O)cc2C(F)(F)F)c(C(F)(F)F)c1,Bandgap,2.6459,eV,polyverse_bandgap,train,clean,clean,measured_target
poly_1994,[*]CCCCCCOC(=O)OCCCCCCOC(=O)OCCCCCCOc1ccc(Oc2ccc(O[*])cc2)cc1,Bandgap,4.465,eV,polyverse_bandgap,train,clean,clean,measured_target
poly_737,[*]C(=O)OC(C=C1)=CC=C1C(=S)[*],Bandgap,2.9611,eV,polyverse_bandgap,train,clean,clean,measured_target
poly_1412,[*]Nc1cc(NC(=O)c2ccc(C([*])=O)cc2)ccc1Cl,Bandgap,3.8101,eV,polyverse_bandgap,train,clean,clean,measured_target
poly_3007,[*]CCCCCCCCc1nnc([*])n1N,Bandgap,5.476,eV,polyverse_bandgap,train,clean,clean,measured_target
poly_1753,[*]NC(=O)C(S1)=CC=C1O[*],Bandgap,4.1962,eV,polyverse_bandgap,train,clean,clean,measured_target
poly_3669,[*]CCCCCCCCCCCCCCCCOC(=O)NCCCCCCCCCCNC(=O)O[*],Bandgap,6.1594,eV,polyverse_bandgap,train,clean,clean,measured_target
poly_3706,[*]CC(F)(F)C(F)(F)C(F)(F)C(F)(F)COC(=O)C(F)(F)C(F)(F)C(F)(F)C(F)(F)C(=O)O[*],Bandgap,6.2242,eV,polyverse_bandgap,train,clean,clean,measured_target
poly_1336,[*]CCCCC(C)CCn1c(=O)c2cc3c(=O)n([*])c(=O)c3cc2c1=O,Bandgap,3.7075,eV,polyverse_bandgap,train,clean,clean,measured_target
poly_2487,[*]Oc1c(C)cc(CC([*])C=C)cc1C,Bandgap,4.9348,eV,polyverse_bandgap,train,clean,clean,measured_target
poly_277,[*]NC(S1)=CC=C1C(=S)C(C=C2)=CC=C2[*],Bandgap,2.3315,eV,polyverse_bandgap,train,clean,clean,measured_target
poly_1488,[*]CCC(=O)NCNC(=O)CCN([*])C1CCCCC1,Bandgap,3.9047,eV,polyverse_bandgap,train,clean,clean,measured_target
poly_2379,[*]C(=O)OC1CC([*])N(C(=O)OCc2ccccc2)C1,Bandgap,4.8424,eV,polyverse_bandgap,train,clean,clean,measured_target
poly_65,[*]c1ccc(-c2ccc(-c3ccc([*])s3)s2)o1,Bandgap,1.4999,eV,polyverse_bandgap,train,clean,clean,measured_target
poly_3582,[*]CCCCCCCCOC(=O)NNC(=O)CCCCCCCCC(=O)NNC(=O)O[*],Bandgap,6.0481,eV,polyverse_bandgap,train,clean,clean,measured_target
poly_368,[*]c1cc(-c2nc3ccccc3o2)cc(-n2c(=O)c3cc4c(=O)n([*])c(=O)c4cc3c2=O)c1,Bandgap,2.4828,eV,polyverse_bandgap,train,clean,clean,measured_target
poly_1253,[*]Oc1ccc(C=CC([*])=O)cc1,Bandgap,3.6215,eV,polyverse_bandgap,train,clean,clean,measured_target
poly_3587,[*]OC(C)C(=O)OCC([*])=O,Bandgap,6.0565,eV,polyverse_bandgap,train,clean,clean,measured_target
poly_2556,[*]c1cccc(N2CC(=O)N([*])CC2=O)c1,Bandgap,5.0067,eV,polyverse_bandgap,train,clean,clean,measured_target
poly_1242,[*]Oc1c(C)cc(N=Nc2ccc(C([*])=O)cc2)cc1C,Bandgap,3.6143,eV,polyverse_bandgap,train,clean,clean,measured_target
poly_2717,[*]C(=O)COCCOCC(=O)N1CCN([*])CC1,Bandgap,5.164,eV,polyverse_bandgap,train,clean,clean,measured_target
poly_1811,[*]OC(C)C#CC#CC(C)OC(=O)c1ccc(C([*])=O)cc1,Bandgap,4.2677,eV,polyverse_bandgap,train,clean,clean,measured_target
poly_2015,[*]CC([*])c1ccc(C(=O)CCCC)cc1,Bandgap,4.4871,eV,polyverse_bandgap,train,clean,clean,measured_target
poly_4162,[*]C(F)(F)C1(F)C(F)(F)C([*])(F)C(F)(F)C(F)(Cl)C1(F)F,Bandgap,7.1763,eV,polyverse_bandgap,train,clean,clean,measured_target
poly_2803,[*]CCCCCCC(=O)NCc1ccc(CNC(=O)CCCCO[*])cc1,Bandgap,5.2395,eV,polyverse_bandgap,train,clean,clean,measured_target
poly_1901,[*]OC(=O)c1ccc(CCCCCCc2ccc(C([*])=O)cc2)cc1,Bandgap,4.3642,eV,polyverse_bandgap,train,clean,clean,measured_target
poly_2066,[*]CC([*])OC(=O)c1cccnc1,Bandgap,4.5419,eV,polyverse_bandgap,train,clean,clean,measured_target
poly_865,[*]c1ccc(-c2cnc3ccc(Oc4ccc5ncc([*])nc5c4)cc3n2)cc1,Bandgap,3.1316,eV,polyverse_bandgap,train,clean,clean,measured_target
poly_2947,[*]C(=O)NCCCCCCNC(=O)N1CCN([*])CC1,Bandgap,5.4075,eV,polyverse_bandgap,train,clean,clean,measured_target
poly_2280,[*]CC(CO[*])(CSC(C)C)CSC(C)C,Bandgap,4.7366,eV,polyverse_bandgap,train,clean,clean,measured_target
poly_3041,[*]CCCCC(=O)S[*],Bandgap,5.5216,eV,polyverse_bandgap,train,clean,clean,measured_target
poly_3926,[*]CCCCOC(=O)NCC(F)(F)C(F)(F)C(F)(F)C(F)(F)CNC(=O)O[*],Bandgap,6.5358,eV,polyverse_bandgap,train,clean,clean,measured_target
poly_66,[*]N=Cc1ccc(C=Nc2sc([*])c(C#N)c2C#N)cc1,Bandgap,1.5069,eV,polyverse_bandgap,train,clean,clean,measured_target
poly_2541,[*]CC(=O)NCCCCCCNC(=O)CS[*],Bandgap,4.9895,eV,polyverse_bandgap,train,clean,clean,measured_target
poly_2935,[*]CCCCc1ccc([*])cc1,Bandgap,5.3919,eV,polyverse_bandgap,train,clean,clean,measured_target
poly_953,[*]C(=O)c1ccc(N=Nc2ccc(C(=O)N3C(=O)N([*])C(CC)(CC)C3=O)cc2)cc1,Bandgap,3.2554,eV,polyverse_bandgap,train,clean,clean,measured_target
poly_1816,[*]COc1ccc(C(=C(Cl)Cl)c2ccc(O[*])cc2)cc1,Bandgap,4.27,eV,polyverse_bandgap,train,clean,clean,measured_target
poly_4121,[*]CC(C)S([*])(=O)=O,Bandgap,6.8893,eV,polyverse_bandgap,train,clean,clean,measured_target
poly_2649,[*]CCOC(=O)NCCSCCCCSCCNC(=O)O[*],Bandgap,5.1021,eV,polyverse_bandgap,train,clean,clean,measured_target
poly_1310,[*]NCc1cc(C(=O)O)cc(CNc2nc(-c3csc([*])n3)cs2)c1N,Bandgap,3.6822,eV,polyverse_bandgap,train,clean,clean,measured_target
poly_663,[*]c1c(C)cc(-c2cc(C)c(N3C(=O)c4ccc(-c5ccc6c(c5)C(=O)N([*])C6=O)cc4C3=O)c(C)c2)cc1C,Bandgap,2.8817,eV,polyverse_bandgap,train,clean,clean,measured_target
poly_1569,[*]CCOCCOc1ccc(NC=Nc2ccc(O[*])cc2)cc1,Bandgap,4.0043,eV,polyverse_bandgap,train,clean,clean,measured_target
poly_2317,[*]CC1CCCC(CNC(=O)c2cccc(C(=O)N[*])c2)C1,Bandgap,4.7723,eV,polyverse_bandgap,train,clean,clean,measured_target
poly_3950,[*]CCCOC(=O)C1CCC(C(=O)O[*])CC1,Bandgap,6.5753,eV,polyverse_bandgap,train,clean,clean,measured_target
poly_3537,[*]COC(=O)OC1C([*])OC2OC(C)(C)OC21,Bandgap,6.0081,eV,polyverse_bandgap,train,clean,clean,measured_target
poly_1957,[*]C(=O)C(C=C1)=CC=C1C(=O)C(C=C2)=CC=C2[*],Bandgap,4.427,eV,polyverse_bandgap,train,clean,clean,measured_target
poly_1491,[*]C(C=C1)=CC=C1C(S2)=CC=C2C(S3)=CC=C3O[*],Bandgap,3.9086,eV,polyverse_bandgap,train,clean,clean,measured_target
poly_1630,[*]Oc1cccc2c(OC(=O)Oc3ccc(OC([*])=O)cc3)cccc12,Bandgap,4.0694,eV,polyverse_bandgap,train,clean,clean,measured_target
poly_3088,C(=O)NC(=O)CNC(=O)ON,Bandgap,5.5635,eV,polyverse_bandgap,train,clean,clean,measured_target
poly_257,[*]Oc1ccc(N=C2c3ccccc3C(=Nc3ccc([*])cc3)c3ccccc32)cc1,Bandgap,2.2831,eV,polyverse_bandgap,train,clean,clean,measured_target
poly_1390,[*]CCCCCCOC(=O)OCCCCCCCCCCCCOC(=O)OCCCCCCn1c(=O)c2cc3c(=O)n([*])c(=O)c3cc2c1=O,Bandgap,3.7702,eV,polyverse_bandgap,train,clean,clean,measured_target
poly_4049,[*]CCCCCC([*])CC,Bandgap,6.7087,eV,polyverse_bandgap,train,clean,clean,measured_target
poly_2285,[*]NNC(=O)c1cccc(C(=O)NNC(=O)C2CCC(C([*])=O)CC2)c1,Bandgap,4.7395,eV,polyverse_bandgap,train,clean,clean,measured_target
poly_2514,[*]CCc1ccc([*])c(C)c1,Bandgap,4.9587,eV,polyverse_bandgap,train,clean,clean,measured_target
poly_1898,[*]OS(=O)(=O)c1cc(C)c([*])c(C)c1,Bandgap,4.3607,eV,polyverse_bandgap,train,clean,clean,measured_target
poly_2411,[*]CCC(C)S[*],Bandgap,4.8724,eV,polyverse_bandgap,train,clean,clean,measured_target
poly_1025,[*]CC([*])OC(=O)c1cccc(Cl)c1,Bandgap,3.3503,eV,polyverse_bandgap,train,clean,clean,measured_target
poly_815,[*]Oc1ccc(Oc2ccc(NC(=O)c3ccc(Oc4ccc(C(=O)Nc5ccc([*])cc5)c(C(=O)O)c4)cc3C(=O)O)cc2)cc1,Bandgap,3.0627,eV,polyverse_bandgap,train,clean,clean,measured_target
poly_1738,[*]c1ccc(-c2ccc(S([*])(=O)=O)cc2)cc1,Bandgap,4.1818,eV,polyverse_bandgap,train,clean,clean,measured_target
poly_484,[*]CC(=O)C(=S)C(C=C1)=CC=C1[*],Bandgap,2.6324,eV,polyverse_bandgap,train,clean,clean,measured_target
poly_3405,[*]CCCCCCCCCCCCNC(=O)CCCCCCCCCCCCCCCCC(=O)N[*],Bandgap,5.8763,eV,polyverse_bandgap,train,clean,clean,measured_target
poly_376,[*]c1ccc(C(C=CC)c2ccc(-n3c(=O)c4cc5c(=O)n([*])c(=O)c5cc4c3=O)cc2)cc1,Bandgap,2.4911,eV,polyverse_bandgap,train,clean,clean,measured_target
poly_3976,[*]CC([*])OC(=O)C(F)(F)C(F)(F)F,Bandgap,6.6062,eV,polyverse_bandgap,train,clean,clean,measured_target
poly_3990,[*]CCCCCCCCCCCCCCOC(=O)CCCCCCC(=O)O[*],Bandgap,6.6214,eV,polyverse_bandgap,train,clean,clean,measured_target
poly_2462,[*]COC(=O)NCc1ccc(CNC(=O)OCc2ccc([*])o2)o1,Bandgap,4.9138,eV,polyverse_bandgap,train,clean,clean,measured_target
poly_2880,[*]CC=CCNC(=O)CCC=CCCC(=O)N[*],Bandgap,5.3297,eV,polyverse_bandgap,train,clean,clean,measured_target
poly_54,[*]c1sc([*])c(OCCCC)c1OCCCC,Bandgap,1.381,eV,polyverse_bandgap,train,clean,clean,measured_target
poly_2505,[*]CCCCCCCCCCOC(=O)Cc1ccc(CC(=O)O[*])cc1,Bandgap,4.9479,eV,polyverse_bandgap,train,clean,clean,measured_target
poly_102,[*]c1ccc(C(=O)Nc2ccc(Oc3ccc(NC(=O)c4ccc(-n5c(=O)c6cc7c(=O)n([*])c(=O)c7cc6c5=O)cc4)cc3)cc2)cc1,Bandgap,1.6551,eV,polyverse_bandgap,train,clean,clean,measured_target
poly_835,[*]C(=O)Nc1cccc(NC(=O)c2ccc3[nH]c(-c4ccc(-c5nc6cc([*])ccc6[nH]5)cc4)nc3c2)c1,Bandgap,3.0951,eV,polyverse_bandgap,train,clean,clean,measured_target
poly_3824,[*]CC([*])(F)C(=O)OCCC(F)(F)C(F)(F)C(F)(F)C(F)(F)C(F)(F)C(F)(F)F,Bandgap,6.3843,eV,polyverse_bandgap,train,clean,clean,measured_target
poly_1285,[*]C(=O)Nc1ccc(S(=O)(=O)c2ccc(NC(=O)c3ccc4[nH]c(-c5cccc(-c6nc7cc([*])ccc7[nH]6)c5)nc4c3)cc2)cc1,Bandgap,3.6514,eV,polyverse_bandgap,train,clean,clean,measured_target
poly_2656,[*]C=CC(C(=O)OC)C([*])c1ccccc1,Bandgap,5.1045,eV,polyverse_bandgap,train,clean,clean,measured_target
poly_2220,[*]Oc1ccc(CCCCCCc2ccc(OC(=O)CCC([*])=O)cc2)cc1,Bandgap,4.671,eV,polyverse_bandgap,train,clean,clean,measured_target
poly_4053,[*]CCCCCCCCCCOC(=O)CC(C)C(=O)O[*],Bandgap,6.7186,eV,polyverse_bandgap,train,clean,clean,measured_target
poly_1100,[*]CCN1C(=O)C(=CCCCC=C2SC(=S)N([*])C2=O)SC1=S,Bandgap,3.4353,eV,polyverse_bandgap,train,clean,clean,measured_target
poly_477,[*]c1ccc(-n2c(=O)c3cc4c(=O)n(-c5ccc6nc([*])oc(=O)c6c5)c(=O)c4cc3c2=O)cc1,Bandgap,2.6215,eV,polyverse_bandgap,train,clean,clean,measured_target
poly_3833,[*]CCCCCCOC(=O)CCCCS(=O)(=O)CCCCC(=O)O[*],Bandgap,6.4159,eV,polyverse_bandgap,train,clean,clean,measured_target
poly_2266,[*]CC=C(C)C(C)S([*])(=O)=O,Bandgap,4.7127,eV,polyverse_bandgap,train,clean,clean,measured_target
poly_2800,[*]CC(Cl)(C#N)C1C=CC([*])CC1,Bandgap,5.2355,eV,polyverse_bandgap,train,clean,clean,measured_target
poly_3358,[*]CCCCCNC(=O)CCCCCCCCOCCCCCCCCC(=O)NCCCCCO[*],Bandgap,5.8422,eV,polyverse_bandgap,train,clean,clean,measured_target
poly_1730,[*]CC([*])OC(=O)c1cccc(Br)c1,Bandgap,4.1757,eV,polyverse_bandgap,train,clean,clean,measured_target
poly_964,[*]Nc1ccc([*])cc1C(C)C,Bandgap,3.2671,eV,polyverse_bandgap,train,clean,clean,measured_target
poly_1830,[*]Oc1cc(C)cc(OC(=O)c2cccc(C([*])=O)c2)c1,Bandgap,4.2802,eV,polyverse_bandgap,train,clean,clean,measured_target
poly_1243,[*]Oc1ccc(OC(=O)c2ccc(C([*])=O)cc2)cc1CCCCCC,Bandgap,3.6147,eV,polyverse_bandgap,train,clean,clean,measured_target
poly_1189,[*]C(=O)c1ccc(Oc2ccc(C3(c4ccc(Oc5ccc([*])s5)cc4)c4ccccc4-c4ccccc43)cc2)cc1,Bandgap,3.549,eV,polyverse_bandgap,train,clean,clean,measured_target
poly_1087,[*]c1ccc(-c2ccc3nc(Oc4cc(-c5ccccc5)c5cc([*])ccc5n4)cc(-c4ccccc4)c3c2)cc1,Bandgap,3.4178,eV,polyverse_bandgap,train,clean,clean,measured_target
poly_3912,[*]CCCCCCOC(=O)CCC(C)CC(=O)O[*],Bandgap,6.5192,eV,polyverse_bandgap,train,clean,clean,measured_target
poly_1184,[*]Oc1ccc(C2(c3ccc(OC(=O)c4cccc(C([*])=O)c4)c(C)c3)c3ccccc3-c3ccccc32)cc1C,Bandgap,3.5452,eV,polyverse_bandgap,train,clean,clean,measured_target
poly_2745,[*]CC([*])c1nc(N)nc(N)n1,Bandgap,5.1899,eV,polyverse_bandgap,train,clean,clean,measured_target
poly_829,[*]Oc1cc(Oc2ccc(C(C)(C)c3ccc([*])cc3)cc2)cc(C(=O)Oc2ccc(N=Nc3ccc(C#N)cc3)cc2)c1,Bandgap,3.0878,eV,polyverse_bandgap,train,clean,clean,measured_target
poly_555,[*]Nc1ccc(NC(=S)NC(=O)c2ccc(C(=O)NC([*])=S)cc2)cc1,Bandgap,2.7285,eV,polyverse_bandgap,train,clean,clean,measured_target
poly_1935,[*]OC(F)(F)COC(=O)c1cccc(C(=O)OCC([*])(F)F)c1,Bandgap,4.4051,eV,polyverse_bandgap,train,clean,clean,measured_target
poly_180,[*]c1ccc([*])n1CCC(=O)OC(C)C(=O)OCC,Bandgap,2.0323,eV,polyverse_bandgap,train,clean,clean,measured_target
poly_208,[*]c1ccc(C(=O)CNc2cccc(NCC(=O)c3ccc(S([*])(=O)=O)cc3)c2)cc1,Bandgap,2.133,eV,polyverse_bandgap,train,clean,clean,measured_target
poly_402,[*]c1cc(-c2ccc(CCCCCCCC)cc2)c([*])s1,Bandgap,2.521,eV,polyverse_bandgap,train,clean,clean,measured_target
poly_3476,[*]CCCCCCCCCCCC(=O)N[*],Bandgap,5.9463,eV,polyverse_bandgap,train,clean,clean,measured_target
poly_3205,[*]CC1CCC(CNC(=O)CCCCCCC(=O)N[*])CC1,Bandgap,5.7079,eV,polyverse_bandgap,train,clean,clean,measured_target
poly_1989,[*]CCCCCCOC(=O)c1cccc(-c2cccc(C(=O)O[*])c2)c1,Bandgap,4.4604,eV,polyverse_bandgap,train,clean,clean,measured_target
poly_478,[*]c1ccc(Cc2cccc(-n3c(=O)c4cc5c(=O)n([*])c(=O)c5cc4c3=O)c2)cc1,Bandgap,2.624,eV,polyverse_bandgap,train,clean,clean,measured_target
poly_3870,[*]CC([*])(C#N)C(=O)OC(C)C,Bandgap,6.4652,eV,polyverse_bandgap,train,clean,clean,measured_target
poly_86,[*]C=Cc1ccc([*])n1CCCCCC,Bandgap,1.5933,eV,polyverse_bandgap,train,clean,clean,measured_target
poly_410,[*]CC([*])c1ccccc1Cl,Bandgap,2.5286,eV,polyverse_bandgap,train,clean,clean,measured_target
poly_11,[*]C=CC=CC=CC=C([*])CCS(=O)(=O)O,Bandgap,0.8154,eV,polyverse_bandgap,train,clean,clean,measured_target
poly_2166,[*]Cc1cc(C23CC4CC(CC(C4)C2)C3)cc(CN([*])C)c1O,Bandgap,4.6273,eV,polyverse_bandgap,train,clean,clean,measured_target
poly_2533,[*]CCCCCCCCCCCCCCCCCCCCOC(=O)CCCCSCCCCC(=O)O[*],Bandgap,4.9808,eV,polyverse_bandgap,train,clean,clean,measured_target
poly_1600,[*]Nc1c(I)cc(C([*])=O)cc1I,Bandgap,4.0398,eV,polyverse_bandgap,train,clean,clean,measured_target
poly_1716,[*]Oc1c(-c2ccccc2)cc([*])cc1-c1ccc(C)cc1,Bandgap,4.1632,eV,polyverse_bandgap,train,clean,clean,measured_target
poly_1365,[*]Oc1ccc(C(C)(C)c2ccc(OC([*])=S)cc2)cc1,Bandgap,3.7418,eV,polyverse_bandgap,train,clean,clean,measured_target
poly_3270,[*]CCCCCCCCNC(=O)CCCCCCC(=O)N[*],Bandgap,5.7642,eV,polyverse_bandgap,train,clean,clean,measured_target
poly_3269,[*]CCCCCCCNC(=O)N[*],Bandgap,5.7637,eV,polyverse_bandgap,train,clean,clean,measured_target
poly_4138,[*]CCCCCCCCC(Cl)C([*])Cl,Bandgap,6.9848,eV,polyverse_bandgap,train,clean,clean,measured_target
poly_3854,[*]CCCCCNC(=O)O[*],Bandgap,6.4491,eV,polyverse_bandgap,train,clean,clean,measured_target
poly_4097,[*]CCCOC(=O)CCC(=O)O[*],Bandgap,6.7889,eV,polyverse_bandgap,train,clean,clean,measured_target
poly_3465,[*]CCCN([*])C=O,Bandgap,5.9384,eV,polyverse_bandgap,train,clean,clean,measured_target
poly_557,[*]c1cc(OCCOCCCC)c([*])s1,Bandgap,2.7317,eV,polyverse_bandgap,train,clean,clean,measured_target
poly_2547,O([*])C(=O)Oc1c(C)cc(cc1)C(C)(C)c1ccc(cc1)([*]),Bandgap,4.9955,eV,polyverse_bandgap,train,clean,clean,measured_target
poly_403,[*]C(S1)=CC=C1C(S2)=CC=C2C(S3)=CC=C3O[*],Bandgap,2.521,eV,polyverse_bandgap,train,clean,clean,measured_target
poly_818,[*]C(C=C1)=CC=C1C(S2)=CC=C2OC(S3)=CC=C3[*],Bandgap,3.0681,eV,polyverse_bandgap,train,clean,clean,measured_target
poly_2287,[*]CC([*])C1=NCCN1,Bandgap,4.7412,eV,polyverse_bandgap,train,clean,clean,measured_target
poly_3163,[*]CCCCCCNC(=O)C(O)C(O)C(O)C(O)C(=O)N[*],Bandgap,5.6518,eV,polyverse_bandgap,train,clean,clean,measured_target
poly_568,[*]Oc1ccc(Oc2ccc(OC(=O)c3ccc(OC(=O)c4ccc(C(=O)Oc5ccc(C([*])=O)cc5)cc4)cc3)cc2)cc1,Bandgap,2.7437,eV,polyverse_bandgap,train,clean,clean,measured_target
poly_3595,[*]CCOC(=O)NCCCCCCNC(=O)O[*],Bandgap,6.0605,eV,polyverse_bandgap,train,clean,clean,measured_target
poly_4109,[*]CC1CCC(COC(=O)O[*])CC1,Bandgap,6.8439,eV,polyverse_bandgap,train,clean,clean,measured_target
poly_252,[*]c1ccc(-c2ccc(-n3c(=O)c4cc5c(=O)n([*])c(=O)c5cc4c3=O)cc2OC)c(OC)c1,Bandgap,2.2535,eV,polyverse_bandgap,train,clean,clean,measured_target
poly_3235,[*]CC([*])(C)C(=O)OCC1CCCO1,Bandgap,5.7341,eV,polyverse_bandgap,train,clean,clean,measured_target
poly_3954,[*]CCCCOC(=O)CCCCS(=O)(=O)CCCCC(=O)O[*],Bandgap,6.5794,eV,polyverse_bandgap,train,clean,clean,measured_target
poly_2512,[*]Oc1c(Cl)cc(C2(c3cc(Cl)c(OC([*])=O)c(Cl)c3)CCCCC2)cc1Cl,Bandgap,4.9569,eV,polyverse_bandgap,train,clean,clean,measured_target
poly_3089,[*]CCCCCCCC(=O)N([*])C,Bandgap,5.5641,eV,polyverse_bandgap,train,clean,clean,measured_target
poly_2286,[*]CCOC(=O)C=CC(=O)O[*],Bandgap,4.7397,eV,polyverse_bandgap,train,clean,clean,measured_target
poly_2274,[*]CNC(=O)OC(c1ccco1)C(OC(=O)NCc1ccc(C(C)(C)c2ccc([*])o2)o1)c1ccco1,Bandgap,4.7297,eV,polyverse_bandgap,train,clean,clean,measured_target
poly_895,[*]Nc1ccc(-c2ccc(NC(=O)c3cc(C([*])=O)cc(S(=O)(=O)c4ccccc4)c3)cc2)cc1,Bandgap,3.1725,eV,polyverse_bandgap,train,clean,clean,measured_target
poly_497,[*]C(=O)Oc1ccc2ccc(OC(=O)c3ccc4c(c3)C(=O)N(c3ccc(Oc5ccc(N6C(=O)c7ccc([*])cc7C6=O)cc5)cc3)C4=O)cc2c1,Bandgap,2.6477,eV,polyverse_bandgap,train,clean,clean,measured_target
poly_4073,[*]CCCCCCCCCCCCCCCCCCCCOC(=O)CCCCC(=O)O[*],Bandgap,6.7541,eV,polyverse_bandgap,train,clean,clean,measured_target
poly_2446,[*]CCCCSSCCSS[*],Bandgap,4.9019,eV,polyverse_bandgap,train,clean,clean,measured_target
poly_3694,[*]CCOC(=O)NC1CCCC(NC(=O)O[*])C1,Bandgap,6.2072,eV,polyverse_bandgap,train,clean,clean,measured_target
poly_276,[*]C(=O)c1ccc2c(c1)C(=O)N(c1ccc(Oc3cc(C(C)(C)C)c(Oc4ccc(N5C(=O)c6ccc([*])cc6C5=O)cc4)cc3C(C)(C)C)cc1)C2=O,Bandgap,2.3313,eV,polyverse_bandgap,train,clean,clean,measured_target
poly_4199,[*]CC([*])C(F)(F)F,Bandgap,8.4665,eV,polyverse_bandgap,train,clean,clean,measured_target
poly_1426,[*]CCOc1ccc(C(=O)OC(=O)c2ccc(C(=O)OC(=O)c3ccc(O[*])cc3)cc2)cc1,Bandgap,3.8246,eV,polyverse_bandgap,train,clean,clean,measured_target
poly_2267,[*]CCOC(=O)CCC(=O)OCCOC(=O)c1ccc(C(=O)O[*])cc1,Bandgap,4.7136,eV,polyverse_bandgap,train,clean,clean,measured_target
poly_1153,[*]c1ccc([*])nn1,Bandgap,3.5021,eV,polyverse_bandgap,train,clean,clean,measured_target
poly_3369,[*]NC(CC([*])=O)C(=O)OCC(C)C,Bandgap,5.8559,eV,polyverse_bandgap,train,clean,clean,measured_target
poly_3592,[*]CCCCCCCCCCCCCCCCCC(=O)N[*],Bandgap,6.0585,eV,polyverse_bandgap,train,clean,clean,measured_target
poly_103,[*]CC(=S)C(C=C1)=CC=C1C(=S)[*],Bandgap,1.6553,eV,polyverse_bandgap,train,clean,clean,measured_target
poly_3048,[*]CCCCCCCCNC(=O)CCCCCCCCC(=O)N[*],Bandgap,5.5273,eV,polyverse_bandgap,train,clean,clean,measured_target
poly_1626,[*]Oc1ccc(C(CC)(c2ccccc2)c2ccc(OC([*])=S)cc2)cc1,Bandgap,4.0661,eV,polyverse_bandgap,train,clean,clean,measured_target
poly_983,[*]C(=O)c1ccc2nc(-c3ccccc3)c(-c3ccc(-c4nc5cc([*])ccc5nc4-c4ccccc4)cc3)nc2c1,Bandgap,3.2971,eV,polyverse_bandgap,train,clean,clean,measured_target
poly_2442,[*]CCCCSCCS[*],Bandgap,4.898,eV,polyverse_bandgap,train,clean,clean,measured_target
poly_1610,[*]CCCCOc1cccc(C(=O)OC(=O)c2cccc(O[*])c2)c1,Bandgap,4.05,eV,polyverse_bandgap,train,clean,clean,measured_target
poly_3984,[*]CC(C#N)(C#N)C(C#N)C(C#N)(C#N)C(C#N)C(C#N)(C#N)[*],Bandgap,6.6115,eV,polyverse_bandgap,train,clean,clean,measured_target
poly_1120,[*]Nc1cc(C(c2ccc(O)c(NC(=O)c3ccc4cc(C([*])=O)ccc4c3)c2)(C(F)(F)F)C(F)(F)F)ccc1O,Bandgap,3.4541,eV,polyverse_bandgap,train,clean,clean,measured_target
poly_2271,[*]CCCCCCCCCCSSS[*],Bandgap,4.7227,eV,polyverse_bandgap,train,clean,clean,measured_target
poly_1527,[*]c1ccc(Cc2ccc(N3C(=O)N([*])C3=O)cc2)cc1,Bandgap,3.951,eV,polyverse_bandgap,train,clean,clean,measured_target
poly_2678,[*]NNC(=O)c1cccc(C([*])=O)c1,Bandgap,5.1212,eV,polyverse_bandgap,train,clean,clean,measured_target
poly_3753,[*]CC1([*])CCCCC1,Bandgap,6.2872,eV,polyverse_bandgap,train,clean,clean,measured_target
poly_2163,[*]OC(=O)c1cccc(C([*])=O)c1,Bandgap,4.6257,eV,polyverse_bandgap,train,clean,clean,measured_target
poly_3164,[*]CCCCCNC(=O)CC(=O)N[*],Bandgap,5.6519,eV,polyverse_bandgap,train,clean,clean,measured_target
poly_2195,[*]CC1CC(COC(=O)c2ccc(C(=O)O[*])cc2)CC(C(C)(C)C)C1,Bandgap,4.652,eV,polyverse_bandgap,train,clean,clean,measured_target
poly_1371,[*]Oc1ccc(OC(=O)c2ccc(C([*])=O)cc2)cc1,Bandgap,3.752,eV,polyverse_bandgap,train,clean,clean,measured_target
poly_2794,[*]CCOCCOCCOCCOC(=O)CCSCCC(=O)O[*],Bandgap,5.2314,eV,polyverse_bandgap,train,clean,clean,measured_target
poly_2114,[*]Nc1ccc([*])cc1Cl,Bandgap,4.5808,eV,polyverse_bandgap,train,clean,clean,measured_target
poly_1449,[*]NC(=O)OC(S1)=CC=C1[*],Bandgap,3.8526,eV,polyverse_bandgap,train,clean,clean,measured_target
poly_508,[*]c1ccc([*])n1CCCCCC,Bandgap,2.6624,eV,polyverse_bandgap,train,clean,clean,measured_target
poly_3869,[*]OC1C(COCC(=O)O)OC([*])C(O)C1O,Bandgap,6.4651,eV,polyverse_bandgap,train,clean,clean,measured_target
poly_1844,[*]CCCOC(=O)c1ccc(-c2ccc(C(=O)O[*])cc2)cc1,Bandgap,4.2973,eV,polyverse_bandgap,train,clean,clean,measured_target
poly_1413,[*]Oc1ccc(SSCCSSc2ccc([*])cc2)cc1,Bandgap,3.8114,eV,polyverse_bandgap,train,clean,clean,measured_target
poly_250,[*]c1ccc(-c2ccc(-c3ccc([*])n3C)o2)o1,Bandgap,2.2511,eV,polyverse_bandgap,train,clean,clean,measured_target
poly_1659,[*]CCCCCCCCCOC(=O)c1ccc(NC(=O)CCCCCCCCC(=O)Nc2ccc(C(=O)O[*])cc2)cc1,Bandgap,4.0973,eV,polyverse_bandgap,train,clean,clean,measured_target
poly_3937,[*]OC1CCCCC1OC([*])=O,Bandgap,6.5485,eV,polyverse_bandgap,train,clean,clean,measured_target
poly_1511,[*]Nc1cc(C)c([*])cc1C,Bandgap,3.9301,eV,polyverse_bandgap,train,clean,clean,measured_target
poly_1401,[*]C(=O)NNC(=O)c1cccc(C(=O)NNC(=O)c2ccc([*])nc2)c1,Bandgap,3.7955,eV,polyverse_bandgap,train,clean,clean,measured_target
poly_3479,[*]C=CCCCCCCC(Cl)CCCCCC[*],Bandgap,5.9472,eV,polyverse_bandgap,train,clean,clean,measured_target
poly_3717,[*]CCCC(C)O[Si](C)(C)O[*],Bandgap,6.2384,eV,polyverse_bandgap,train,clean,clean,measured_target
poly_2380,[*]Oc1ccc(C2(c3ccc(OC(=O)OC4C(C)(C)C(OC([*])=O)C4(C)C)cc3)CCC(C(C)(C)C)CC2)cc1,Bandgap,4.8454,eV,polyverse_bandgap,train,clean,clean,measured_target
poly_4202,[*]CC([*])C(F)(F)C(F)(F)C(F)(F)F,Bandgap,8.7077,eV,polyverse_bandgap,train,clean,clean,measured_target
poly_2528,[*]CCCCN(C)C(=O)c1ccc(C(=O)N([*])C)cc1,Bandgap,4.9751,eV,polyverse_bandgap,train,clean,clean,measured_target
poly_3907,[*]CC([*])C(=O)OC(CC)CC,Bandgap,6.5156,eV,polyverse_bandgap,train,clean,clean,measured_target
poly_3533,[*]CC(C)CCCCC(=O)N[*],Bandgap,6.0048,eV,polyverse_bandgap,train,clean,clean,measured_target
poly_2879,[*]CC([*])C(=O)N(CCC)CCC,Bandgap,5.3291,eV,polyverse_bandgap,train,clean,clean,measured_target
poly_153,[*]C=Cc1ccc([*])nc1,Bandgap,1.9477,eV,polyverse_bandgap,train,clean,clean,measured_target
poly_717,[*]c1ccc(C(=O)c2ccc(-n3c(=O)c4cc5c(=O)n([*])c(=O)c5cc4c3=O)cc2)cc1,Bandgap,2.9421,eV,polyverse_bandgap,train,clean,clean,measured_target
poly_2364,[*]c1ccc(Cc2ccc(N3C(=O)C4CCC5C(=O)N([*])C(=O)C5C4C3=O)c(C)c2)cc1C,Bandgap,4.8231,eV,polyverse_bandgap,train,clean,clean,measured_target
poly_3238,[*]C(=O)C(C)NC(=O)CNC(=O)C1CCCN1[*],Bandgap,5.735,eV,polyverse_bandgap,train,clean,clean,measured_target
poly_1588,[*]CCCCOC(=O)CC(=CC(=O)O[*])c1ccc(OCC)cc1,Bandgap,4.0233,eV,polyverse_bandgap,train,clean,clean,measured_target
poly_2176,[*]C(=O)c1ccc(N([*])C)cc1,Bandgap,4.6391,eV,polyverse_bandgap,train,clean,clean,measured_target
poly_3300,[*]CC(C)(COC(=O)O[*])C(=O)OCc1ccccc1,Bandgap,5.7884,eV,polyverse_bandgap,train,clean,clean,measured_target
poly_1553,[*]Oc1ccc(SSCCCCCCCCCCSSc2ccc([*])cc2)cc1,Bandgap,3.9858,eV,polyverse_bandgap,train,clean,clean,measured_target
poly_3058,[*]CC(c1ccccc1)C(C(=O)O)C([*])C(=O)O,Bandgap,5.5354,eV,polyverse_bandgap,train,clean,clean,measured_target
poly_3701,[*]CC([*])OC(=O)C(C)(C)C,Bandgap,6.216,eV,polyverse_bandgap,train,clean,clean,measured_target
poly_4133,[*]CCCCCCOC(=O)O[*],Bandgap,6.9481,eV,polyverse_bandgap,train,clean,clean,measured_target
poly_1749,[*]CCCCCOC(=O)c1cccc(-c2cccc(C(=O)O[*])c2)c1,Bandgap,4.1924,eV,polyverse_bandgap,train,clean,clean,measured_target
poly_1933,[*]Oc1c(Br)cc([*])cc1Br,Bandgap,4.4036,eV,polyverse_bandgap,train,clean,clean,measured_target
poly_1550,[*]NC(C=C1)=CC=C1NC(S2)=CC=C2[*],Bandgap,3.9833,eV,polyverse_bandgap,train,clean,clean,measured_target
poly_534,[*]c1ccc(Cc2ccc(N3C(=O)c4ccc(S(=O)(=O)c5ccc6c(c5)C(=O)N([*])C6=O)cc4C3=O)cc2)cc1,Bandgap,2.6972,eV,polyverse_bandgap,train,clean,clean,measured_target
poly_3070,[*]NC(CCCCNC(=O)NCCCCCNC([*])=O)C(=O)OC,Bandgap,5.5474,eV,polyverse_bandgap,train,clean,clean,measured_target
poly_362,[*]NC(=O)C(S1)=CC=C1C(=S)[*],Bandgap,2.4802,eV,polyverse_bandgap,train,clean,clean,measured_target
poly_3680,[*]CCCCCCCCCCO[*],Bandgap,6.1884,eV,polyverse_bandgap,train,clean,clean,measured_target
poly_1925,[*]CC([*])C(=O)NCCc1ccccn1,Bandgap,4.3946,eV,polyverse_bandgap,train,clean,clean,measured_target
poly_1650,C(F)(F)C(=O)C(F)(F)C(=O),Bandgap,4.0888,eV,polyverse_bandgap,train,clean,clean,measured_target
poly_2303,[*]CCCCCCCNC(=O)c1cccc(C(=O)N[*])c1,Bandgap,4.7571,eV,polyverse_bandgap,train,clean,clean,measured_target
poly_3567,[*]NNC(=O)CCCCCCCC(=O)NNC(=O)CCCCCCCCC([*])=O,Bandgap,6.0362,eV,polyverse_bandgap,train,clean,clean,measured_target
poly_3347,[*]CC1(CO[*])CCC(C)CC1,Bandgap,5.8267,eV,polyverse_bandgap,train,clean,clean,measured_target
poly_1497,[*]Oc1ccc(-c2ccc(C([*])=O)cc2)cc1Br,Bandgap,3.918,eV,polyverse_bandgap,train,clean,clean,measured_target
poly_1899,[*]CC(=O)NC(=O)[*],Bandgap,4.3608,eV,polyverse_bandgap,train,clean,clean,measured_target
poly_3051,[*]CCCCCCNC(=O)N[*],Bandgap,5.5278,eV,polyverse_bandgap,train,clean,clean,measured_target
poly_3801,[*]CC([*])C(=O)OC(OCC)C(F)(F)F,Bandgap,6.3587,eV,polyverse_bandgap,train,clean,clean,measured_target
poly_3419,[*]CCCCCCCC(=O)N[*],Bandgap,5.8885,eV,polyverse_bandgap,train,clean,clean,measured_target
poly_2397,[*]CC(F)(F)C(F)(F)C(F)(F)COC(=O)c1cccc(C(=O)O[*])c1,Bandgap,4.8608,eV,polyverse_bandgap,train,clean,clean,measured_target
poly_676,[*]C(=O)OCCCCCCCCOC(=O)c1ccc(NC(=O)c2ccc(N3C(=O)c4ccc([*])cc4C3=O)cc2)cc1,Bandgap,2.8969,eV,polyverse_bandgap,train,clean,clean,measured_target
poly_3429,[*]CCCCCCCCCNC(=O)CCCCCCCCCC(=O)N[*],Bandgap,5.8963,eV,polyverse_bandgap,train,clean,clean,measured_target
poly_3462,[*]CCCCNC(=O)CCCCC(=O)N[*],Bandgap,5.937,eV,polyverse_bandgap,train,clean,clean,measured_target
poly_1057,[*]CC(C=C1)=CC=C1C(=S)O[*],Bandgap,3.3862,eV,polyverse_bandgap,train,clean,clean,measured_target
poly_2708,[*]CCCP(CCCNC(=O)CCCCC(=O)N[*])c1ccccc1,Bandgap,5.1514,eV,polyverse_bandgap,train,clean,clean,measured_target
poly_2814,[*]CC(CC)(CO)CO[*],Bandgap,5.2564,eV,polyverse_bandgap,train,clean,clean,measured_target
poly_4125,[*]CC([*])OC=O,Bandgap,6.9115,eV,polyverse_bandgap,train,clean,clean,measured_target
poly_2427,[*]Oc1ccc(C(CC)(c2ccccc2)c2ccc(OC([*])=O)cc2)cc1,Bandgap,4.8841,eV,polyverse_bandgap,train,clean,clean,measured_target
poly_2527,[*]CCCCOC(=O)Nc1ccc(C)c(NC(=O)O[*])c1,Bandgap,4.9701,eV,polyverse_bandgap,train,clean,clean,measured_target
poly_1305,[*]CC(S1)=CC=C1NO[*],Bandgap,3.6722,eV,polyverse_bandgap,train,clean,clean,measured_target
poly_1047,[*]c1cccc(-c2nc3cc(-c4ccc5nc([*])c(-c6ccccc6)nc5c4)ccc3nc2-c2ccccc2)c1,Bandgap,3.3721,eV,polyverse_bandgap,train,clean,clean,measured_target
poly_4096,[*]CC(CCl)(CCl)COC(=O)CCCCCCCCC(=O)O[*],Bandgap,6.7882,eV,polyverse_bandgap,train,clean,clean,measured_target
poly_1011,[*]C(=O)Nc1cccc(NC(=O)c2cccc(NC(=O)c3ccc(-c4nc5cc([*])ccc5[nH]4)cc3)c2)c1,Bandgap,3.3335,eV,polyverse_bandgap,train,clean,clean,measured_target
poly_1369,[*]NC(C=C1)=CC=C1OC(C=C2)=CC=C2[*],Bandgap,3.7465,eV,polyverse_bandgap,train,clean,clean,measured_target
poly_910,[*]C=Cc1ccc([*])c(-c2ccc(OCC(CC)CCCC)c3ccccc23)c1,Bandgap,3.1924,eV,polyverse_bandgap,train,clean,clean,measured_target
poly_3255,C([*])=CCCC(C)C([*]),Bandgap,5.7497,eV,polyverse_bandgap,train,clean,clean,measured_target
poly_381,[*]CC(=O)Nc1ccc(NC(=O)c2ccc3c(c2)C(=O)N([*])C3=O)cc1,Bandgap,2.4976,eV,polyverse_bandgap,train,clean,clean,measured_target
poly_4208,[*]OC(F)(F)C([*])(F)F,Bandgap,9.8351,eV,polyverse_bandgap,train,clean,clean,measured_target
poly_1273,[*]CCN([*])Cc1ccccc1,Bandgap,3.6413,eV,polyverse_bandgap,train,clean,clean,measured_target
poly_3268,[*]OC1C(CO)OC([*])C(O)C1O,Bandgap,5.7633,eV,polyverse_bandgap,train,clean,clean,measured_target
poly_1408,[*]CC(=O)C(=S)O[*],Bandgap,3.8049,eV,polyverse_bandgap,train,clean,clean,measured_target
poly_1891,[*]Oc1ccc(C2(c3ccc(OC([*])=O)c(C)c3)CC3CCC2C3)cc1C,Bandgap,4.3462,eV,polyverse_bandgap,train,clean,clean,measured_target
poly_1141,[*]c1cccc(-c2nc3cc4nc([*])[nH]c4cc3[nH]2)c1,Bandgap,3.4806,eV,polyverse_bandgap,train,clean,clean,measured_target
poly_2799,[*]CCCN[*],Bandgap,5.2341,eV,polyverse_bandgap,train,clean,clean,measured_target
poly_435,[*]C(=O)c1ccc2c(c1)C(=Nc1ccc(Oc3cccc(N=C4OC(=O)c5ccc([*])cc54)c3)cc1)OC2=O,Bandgap,2.5605,eV,polyverse_bandgap,train,clean,clean,measured_target
poly_1621,[*]Nc1c(C)c(C)c(NC(=O)c2ccc(C([*])=O)cc2)c(C)c1C,Bandgap,4.0581,eV,polyverse_bandgap,train,clean,clean,measured_target
poly_524,[*]CC(=S)C(C=C1)=CC=C1O[*],Bandgap,2.6830000000000003,eV,polyverse_bandgap,train,clean,clean,measured_target
poly_854,[*]CCOc1ccc(C(=O)OC(=O)c2ccc(C(=O)OC(=O)c3ccc(O[*])c(OC)c3)cc2)cc1OC,Bandgap,3.117,eV,polyverse_bandgap,train,clean,clean,measured_target
poly_148,[*]CC([*])c1cccs1,Bandgap,1.9401,eV,polyverse_bandgap,train,clean,clean,measured_target
poly_1889,[*]Sc1ccc(Cc2ccc(SC([*])=O)cc2)cc1,Bandgap,4.3437,eV,polyverse_bandgap,train,clean,clean,measured_target
poly_326,[*]C=Nc1ccccc1N=Cc1ccc(Sc2ccc([*])o2)o1,Bandgap,2.4355,eV,polyverse_bandgap,train,clean,clean,measured_target
poly_2911,[*]CCCCC(=O)NCCCCCCNC(=O)CCCCO[*],Bandgap,5.3636,eV,polyverse_bandgap,train,clean,clean,measured_target
poly_4009,[*]CCCCCCCCCCCCCCCCCCCCOC(=O)CCCCCC(=O)O[*],Bandgap,6.6516,eV,polyverse_bandgap,train,clean,clean,measured_target
poly_488,[*]c1ccc(C(c2ccccc2)(c2ccc(-n3c(=O)c4cc5c(=O)n([*])c(=O)c5cc4c3=O)cc2)C(F)(F)F)cc1,Bandgap,2.6385,eV,polyverse_bandgap,train,clean,clean,measured_target
poly_1633,[*]c1ccc2cc([*])n(C(C(=O)OCC)n3ccc4ccccc43)c2c1,Bandgap,4.0728,eV,polyverse_bandgap,train,clean,clean,measured_target
poly_3247,[*]NC1CC1NC(=O)C1CC1C([*])=O,Bandgap,5.7404,eV,polyverse_bandgap,train,clean,clean,measured_target
poly_1396,[*]Oc1ccc(NC(=C(C#N)C#N)c2ccc(-c3ccc(-c4ccc(C(Nc5ccc([*])cc5)=C(C#N)C#N)cc4)cc3)cc2)cc1,Bandgap,3.7824,eV,polyverse_bandgap,train,clean,clean,measured_target
poly_2830,[*]CC(C)(C)O[*],Bandgap,5.2787,eV,polyverse_bandgap,train,clean,clean,measured_target
poly_4048,[*]OC(C)CCOC(=O)CCCCCCCCC([*])=O,Bandgap,6.7075,eV,polyverse_bandgap,train,clean,clean,measured_target
poly_2648,[*]CCOCC(=O)NCCCCCCNC(=O)CO[*],Bandgap,5.1019,eV,polyverse_bandgap,train,clean,clean,measured_target
poly_51,[*]c1ccc(-c2ccc(-c3sc([*])c4c3OCCO4)s2)s1,Bandgap,1.3711,eV,polyverse_bandgap,train,clean,clean,measured_target
poly_79,[*]c1sc(-c2cc(CCCCCC)c([*])s2)cc1CCCCCC,Bandgap,1.5552,eV,polyverse_bandgap,train,clean,clean,measured_target
poly_1065,[*]c1ccc(C(c2ccc(N3C(=O)c4ccc(Oc5ccc6c(c5)C(=O)N([*])C6=O)cc4C3=O)cc2)(C(F)(F)F)C(F)(F)F)cc1,Bandgap,3.3962,eV,polyverse_bandgap,train,clean,clean,measured_target
poly_3560,[*]CCCCCCCCCCCCCCOC(=O)CCC=CCCC(=O)O[*],Bandgap,6.0257,eV,polyverse_bandgap,train,clean,clean,measured_target
poly_2938,[*]CCCCCCOC(=O)NCc1ccc(CNC(=O)O[*])cc1,Bandgap,5.3924,eV,polyverse_bandgap,train,clean,clean,measured_target
poly_3684,[*]OC(=O)OCCOCCOCCOC(=O)OC1COC2C([*])COC12,Bandgap,6.1949,eV,polyverse_bandgap,train,clean,clean,measured_target
poly_1333,[*]CC([*])c1ccc(N(C)C)cc1,Bandgap,3.7056,eV,polyverse_bandgap,train,clean,clean,measured_target
poly_2292,[*]CC(CC([*])(C#N)C#N)c1ccc(Cl)cc1,Bandgap,4.7449,eV,polyverse_bandgap,train,clean,clean,measured_target
poly_1949,[*]CC([*])c1ccc2c(c1)OCO2,Bandgap,4.4197,eV,polyverse_bandgap,train,clean,clean,measured_target
poly_1058,[*]CNCC(=S)[*],Bandgap,3.3896,eV,polyverse_bandgap,train,clean,clean,measured_target
poly_438,[*]c1cc(-c2ccc(OCCCCCCCC)cc2)c([*])s1,Bandgap,2.5681,eV,polyverse_bandgap,train,clean,clean,measured_target
poly_786,[*]C(=O)c1ccc(C(=O)N(C)c2ccc(Cl)c(N([*])C)c2)cc1,Bandgap,3.0209,eV,polyverse_bandgap,train,clean,clean,measured_target
poly_1348,[*]Nc1ccccc1NC(=O)c1cccc(C([*])=O)c1,Bandgap,3.7239,eV,polyverse_bandgap,train,clean,clean,measured_target
poly_85,[*]c1cc(CC(=O)OCC)c([*])s1,Bandgap,1.589,eV,polyverse_bandgap,train,clean,clean,measured_target
poly_1080,[*]Nc1ccc(C(C)(C)c2ccc(NC(=O)c3cc(C([*])=O)cc(N4C(=O)C5C6CCC(C6)C5C4=O)c3)cc2)cc1,Bandgap,3.4083,eV,polyverse_bandgap,train,clean,clean,measured_target
poly_2629,[*]CCCCCCN(CC)C(=O)C(F)(F)C(F)(F)C(F)(F)C(=O)N([*])CC,Bandgap,5.0851,eV,polyverse_bandgap,train,clean,clean,measured_target
poly_3147,[*]CCCCCCNC(=O)C(CCCC)C(=O)N[*],Bandgap,5.6377,eV,polyverse_bandgap,train,clean,clean,measured_target
poly_2961,[*]CCN([*])C(=O)C(Cl)Cl,Bandgap,5.4221,eV,polyverse_bandgap,train,clean,clean,measured_target
poly_758,[*]Oc1c(F)c(F)c(On2c(=O)c3cc4c(=O)n([*])c(=O)c4cc3c2=O)c(F)c1F,Bandgap,2.9852,eV,polyverse_bandgap,train,clean,clean,measured_target
poly_1443,[*]Oc1cc(Br)cc(Br)c1[*],Bandgap,3.8389,eV,polyverse_bandgap,train,clean,clean,measured_target
poly_1031,[*]CC(S1)=CC=C1C(=O)C(S2)=CC=C2[*],Bandgap,3.3554,eV,polyverse_bandgap,train,clean,clean,measured_target
poly_2019,[*]c1nc(Cl)nc(N([*])c2ccccc2)n1,Bandgap,4.493,eV,polyverse_bandgap,train,clean,clean,measured_target
poly_3504,[*]OC(=C)CC([*])=O,Bandgap,5.9735,eV,polyverse_bandgap,train,clean,clean,measured_target
poly_298,[*]c1cc(CCCCCCCC)c([*])s1,Bandgap,2.3638,eV,polyverse_bandgap,train,clean,clean,measured_target
poly_2085,[*]Oc1ccc(C2(c3ccc(OC([*])=O)cc3)CC3CCC2C3)cc1,Bandgap,4.5567,eV,polyverse_bandgap,train,clean,clean,measured_target
poly_3815,[*]CC([*])(F)C(=O)OCC(F)(F)C(F)(F)C(F)(F)C(F)(F)C(F)(F)C(F)F,Bandgap,6.3722,eV,polyverse_bandgap,train,clean,clean,measured_target
poly_3551,[*]CCCCCOC(=O)NC1CC1NC(=O)O[*],Bandgap,6.0216,eV,polyverse_bandgap,train,clean,clean,measured_target
poly_569,[*]CC(=O)C(C=C1)=CC=C1C(=S)[*],Bandgap,2.744,eV,polyverse_bandgap,train,clean,clean,measured_target
poly_90,[*]C#CC#Cc1ccc(-c2ccc([*])s2)s1,Bandgap,1.6029,eV,polyverse_bandgap,train,clean,clean,measured_target
poly_3764,[*]CCCCCCOC(=O)CCCCCC(=O)O[*],Bandgap,6.306,eV,polyverse_bandgap,train,clean,clean,measured_target
poly_2448,[*]C1C=CC([*])S1,Bandgap,4.904,eV,polyverse_bandgap,train,clean,clean,measured_target
poly_446,[*]C(=O)c1ccc2c(c1)C(=O)N(c1ccc3c(c1)C(=O)c1cc(N4C(=O)c5ccc([*])cc5C4=O)ccc1-3)C2=O,Bandgap,2.5712,eV,polyverse_bandgap,train,clean,clean,measured_target
poly_756,[*]OP(=O)(Oc1ccc(OC)cc1)Oc1c(Br)cc(C(c2cc(Br)c([*])c(Br)c2)(C(F)(F)F)C(F)(F)F)cc1Br,Bandgap,2.9806,eV,polyverse_bandgap,train,clean,clean,measured_target
poly_121,[*]c1ccc(-c2ccc(-c3cc(OCCCCCCCCCCCC)c([*])s3)s2)s1,Bandgap,1.7783,eV,polyverse_bandgap,train,clean,clean,measured_target
poly_767,C(F)(F)C(F)(F)C(C=C1)=CC=C1C(=S),Bandgap,2.9928,eV,polyverse_bandgap,train,clean,clean,measured_target
poly_510,[*]c1ccc2c(c1)Cc1cc(N3C(=O)c4ccc(-c5ccc6c(c5)C(=O)N([*])C6=O)cc4C3=O)ccc1-2,Bandgap,2.6653,eV,polyverse_bandgap,train,clean,clean,measured_target
poly_3675,[*]CCOCCOC(=O)C(CCCCCCC)C(=O)O[*],Bandgap,6.1842,eV,polyverse_bandgap,train,clean,clean,measured_target
poly_3260,[*]CCCN([*])C(C)=O,Bandgap,5.7585,eV,polyverse_bandgap,train,clean,clean,measured_target
poly_433,[*]c1ccc(Oc2ccc(-c3cnc4cc5nc([*])cnc5cc4n3)cc2)cc1,Bandgap,2.5578,eV,polyverse_bandgap,train,clean,clean,measured_target
poly_2858,[*]C(=O)N([*])CCCCCCCCC=C,Bandgap,5.307,eV,polyverse_bandgap,train,clean,clean,measured_target
poly_448,[*]CC(=O)Nc1ccc(Oc2ccc(NC(=O)CN3C(=O)c4ccc(C(=O)c5ccc6c(c5)C(=O)N([*])C6=O)cc4C3=O)cc2)cc1,Bandgap,2.5742,eV,polyverse_bandgap,train,clean,clean,measured_target
poly_3575,[*]CCCCCCCCCNC(=O)N[*],Bandgap,6.0453,eV,polyverse_bandgap,train,clean,clean,measured_target
poly_3643,[*]CCCCOC(=O)NNC(=O)CCCCCCCCC(=O)NNC(=O)O[*],Bandgap,6.1273,eV,polyverse_bandgap,train,clean,clean,measured_target
poly_1509,[*]CC#CC#CCOC(=O)Nc1ccc(Cc2ccc(NC(=O)O[*])cc2)cc1,Bandgap,3.928,eV,polyverse_bandgap,train,clean,clean,measured_target
poly_1434,[*]Oc1ccc(Oc2ccc(C(=O)c3ccc([*])cc3)cc2)cc1,Bandgap,3.8335,eV,polyverse_bandgap,train,clean,clean,measured_target
poly_3657,[*]CC(=O)NCCCCCCNC(=O)CO[*],Bandgap,6.1421,eV,polyverse_bandgap,train,clean,clean,measured_target
poly_1956,[*]CC1CCC(COC(=O)c2ccc(NC(=O)O[*])cc2)CC1,Bandgap,4.4247,eV,polyverse_bandgap,train,clean,clean,measured_target
poly_888,[*]c1ccc(C(=O)c2cccc(-n3c(=O)c4cc5c(=O)n([*])c(=O)c5cc4c3=O)c2)cc1,Bandgap,3.1643,eV,polyverse_bandgap,train,clean,clean,measured_target
poly_1979,[*]Oc1ccc(C(=O)NCCCCCCCCCCCCNC(=O)c2ccc([*])cc2)cc1,Bandgap,4.4458,eV,polyverse_bandgap,train,clean,clean,measured_target
poly_3219,[*]CC([*])OCCCCCC,Bandgap,5.7163,eV,polyverse_bandgap,train,clean,clean,measured_target
poly_3326,[*]CCOCCOCCOC(=O)COCC(=O)O[*],Bandgap,5.809,eV,polyverse_bandgap,train,clean,clean,measured_target
poly_4078,[*]CC([*])C(=O)OCC(F)(F)C(F)(F)OC(F)(F)C(F)(F)C(F)(F)C(F)(F)F,Bandgap,6.7568,eV,polyverse_bandgap,train,clean,clean,measured_target
poly_3141,[*]CCC(=O)N[*],Bandgap,5.6299,eV,polyverse_bandgap,train,clean,clean,measured_target
poly_3754,[*]CC([*])(C)C(=O)OCC(F)(F)C(F)(F)C(F)(F)C(F)F,Bandgap,6.2894,eV,polyverse_bandgap,train,clean,clean,measured_target
poly_1352,NC(=S)NC(C=C1)=CC=C1CC(C=C2)=CC=C2,Bandgap,3.7304,eV,polyverse_bandgap,train,clean,clean,measured_target
poly_2291,[*]c1ccc([*])c(OC)c1N,Bandgap,4.7443,eV,polyverse_bandgap,train,clean,clean,measured_target
poly_1922,[*]CC(C=C1)=CC=C1C(C=C2)=CC=C2O[*],Bandgap,4.3907,eV,polyverse_bandgap,train,clean,clean,measured_target
poly_2809,C(F)(F)C(=O)C(F)(F)O,Bandgap,5.2499,eV,polyverse_bandgap,train,clean,clean,measured_target
poly_4007,[*]CC1CCC(COC(=O)CCCCCCCCC(=O)O[*])CC1,Bandgap,6.6477,eV,polyverse_bandgap,train,clean,clean,measured_target
poly_702,[*]C(=O)c1ccc(Oc2ccc(N3C(=O)c4ccc([*])cc4C3=O)cc2)cc1,Bandgap,2.925,eV,polyverse_bandgap,train,clean,clean,measured_target
poly_4060,[*]CC([*])C(=O)O,Bandgap,6.7294,eV,polyverse_bandgap,train,clean,clean,measured_target
poly_3452,[*]CCC(C)O[*],Bandgap,5.9265,eV,polyverse_bandgap,train,clean,clean,measured_target
poly_1188,[*]Oc1ccc(C(=O)CNCCNCC(=O)c2ccc([*])cc2)cc1,Bandgap,3.5485,eV,polyverse_bandgap,train,clean,clean,measured_target
poly_2602,[*]CCCSS[*],Bandgap,5.0561,eV,polyverse_bandgap,train,clean,clean,measured_target
poly_1970,[*]CCOc1ccc(C(=O)OC(=O)c2ccc(O[*])cc2)cc1,Bandgap,4.4379,eV,polyverse_bandgap,train,clean,clean,measured_target
poly_3025,[*]C1C=CC([*])CC1,Bandgap,5.5013,eV,polyverse_bandgap,train,clean,clean,measured_target
poly_678,[*]c1ccc(-c2ccc(-n3c(=O)c4cc5c(=O)n([*])c(=O)c5cc4c3=O)cc2C(F)(F)F)c(C(F)(F)F)c1,Bandgap,2.8988,eV,polyverse_bandgap,train,clean,clean,measured_target
poly_4052,[*]OC(CC([*])=O)C1CO1,Bandgap,6.7174,eV,polyverse_bandgap,train,clean,clean,measured_target
poly_713,[*]C(=O)Oc1ccc(OC(=O)c2ccc3c(c2)C(=O)N(c2ccc(Sc4ccc(N5C(=O)c6ccc([*])cc6C5=O)cc4)cc2)C3=O)cc1,Bandgap,2.9386,eV,polyverse_bandgap,train,clean,clean,measured_target
poly_3711,[*]OC(C=C)CC([*])=O,Bandgap,6.23,eV,polyverse_bandgap,train,clean,clean,measured_target
poly_2007,[*]CC([*])C(=O)Oc1ccc(OC)cc1,Bandgap,4.4785,eV,polyverse_bandgap,train,clean,clean,measured_target
poly_3860,[*]CC([*])C,Bandgap,6.4609,eV,polyverse_bandgap,train,clean,clean,measured_target
poly_1923,[*]NC(Cc1ccc(O)cc1)C([*])=O,Bandgap,4.392,eV,polyverse_bandgap,train,clean,clean,measured_target
poly_3974,[*]CCCCOC(=O)CC(=O)O[*],Bandgap,6.6045,eV,polyverse_bandgap,train,clean,clean,measured_target
poly_2332,[*]CNCC(=O)[*],Bandgap,4.7857,eV,polyverse_bandgap,train,clean,clean,measured_target
poly_3302,[*]C/C=C\C[*],Bandgap,5.7893,eV,polyverse_bandgap,train,clean,clean,measured_target
poly_2663,[*]NC(CC)CC([*])=O,Bandgap,5.1088,eV,polyverse_bandgap,train,clean,clean,measured_target
poly_3303,[*]CCOCCOCCOC(=O)CCCCCCCCC(=O)O[*],Bandgap,5.7898,eV,polyverse_bandgap,train,clean,clean,measured_target
poly_1620,[*]c1nc(-c2ccccc2)nc(N([*])CC)n1,Bandgap,4.0578,eV,polyverse_bandgap,train,clean,clean,measured_target
poly_3591,[*]CC1CC1CO[*],Bandgap,6.058,eV,polyverse_bandgap,train,clean,clean,measured_target
poly_515,[*]C(C=C1)=CC=C1C(C=C2)=CC=C2C(C=C3)=CC=C3C(=S)[*],Bandgap,2.6739,eV,polyverse_bandgap,train,clean,clean,measured_target
poly_1191,[*]CNC(=S)C(S1)=CC=C1[*],Bandgap,3.5518,eV,polyverse_bandgap,train,clean,clean,measured_target
poly_2100,[*]CC([*])OC(=O)c1ccc(OC(C)=O)cc1,Bandgap,4.5702,eV,polyverse_bandgap,train,clean,clean,measured_target
poly_3489,[*]CCCCCCNC(=O)CCCCCCCCC(=O)N[*],Bandgap,5.9571,eV,polyverse_bandgap,train,clean,clean,measured_target
poly_4021,[*]CCC1CC([*])C2C3CCC(C3)C12,Bandgap,6.669,eV,polyverse_bandgap,train,clean,clean,measured_target
poly_1656,[*]Oc1ccc(C(=O)OCCCCCCCOC(=O)c2ccc(OC(=O)c3ccc(C([*])=O)cc3)cc2)cc1,Bandgap,4.0946,eV,polyverse_bandgap,train,clean,clean,measured_target
poly_912,[*]c1ccc(Oc2ccc(C(=O)c3ccc(Oc4ccc(C(=O)c5ccc(Oc6ccc(-c7nc8ccccc8n7-c7ccc(-n8c([*])nc9ccccc98)cc7)cc6)cc5)cc4)cc3)cc2)cc1,Bandgap,3.1981,eV,polyverse_bandgap,train,clean,clean,measured_target
poly_2916,[*]CC(C[N-][N+]#N)O[*],Bandgap,5.3716,eV,polyverse_bandgap,train,clean,clean,measured_target
poly_3226,[*]CCCCCCCNC(=O)C(OC)C(OC)C(=O)N[*],Bandgap,5.7259,eV,polyverse_bandgap,train,clean,clean,measured_target
poly_1778,[*]NC(CCC(=O)OCc1ccc(C(F)(F)F)cc1)C([*])=O,Bandgap,4.2331,eV,polyverse_bandgap,train,clean,clean,measured_target
poly_2563,C(F)(F)CC(F)(F)C(=O),Bandgap,5.0117,eV,polyverse_bandgap,train,clean,clean,measured_target
poly_3139,[*]CCCC(=O)NCCCCCOCCCCCNC(=O)CCCO[*],Bandgap,5.6276,eV,polyverse_bandgap,train,clean,clean,measured_target
poly_318,[*]C(=O)Nc1ccc(-c2ccc(NC(=O)c3ccc4c(c3)C(=O)N(c3ccc(S(=O)(=O)c5ccc(N6C(=O)c7ccc([*])cc7C6=O)cc5)cc3)C4=O)cc2)cc1,Bandgap,2.4206,eV,polyverse_bandgap,train,clean,clean,measured_target
poly_3315,[*]CCCCCNC(=O)C(CCCCCCCCCCCC)C(=O)N[*],Bandgap,5.8003,eV,polyverse_bandgap,train,clean,clean,measured_target
poly_1703,[*]CCOCCOC(=O)c1ccc(NC=Nc2ccc(C(=O)O[*])cc2)cc1,Bandgap,4.1537,eV,polyverse_bandgap,train,clean,clean,measured_target
poly_1723,[*]Nc1nc([*])nc(-c2ccccc2)n1,Bandgap,4.1706,eV,polyverse_bandgap,train,clean,clean,measured_target
poly_224,[*]NC(S1)=CC=C1C(S2)=CC=C2C(=S)[*],Bandgap,2.1763,eV,polyverse_bandgap,train,clean,clean,measured_target
poly_857,[*]c1cc2sc([*])c(C)c2s1,Bandgap,3.1198,eV,polyverse_bandgap,train,clean,clean,measured_target
poly_3880,[*]CC(C)(C)COC(=O)CC(=O)O[*],Bandgap,6.4783,eV,polyverse_bandgap,train,clean,clean,measured_target
poly_2588,[*]CCNC(=O)c1cccc(O[*])c1,Bandgap,5.033,eV,polyverse_bandgap,train,clean,clean,measured_target
poly_1093,[*]Nc1ccc([*])cc1OCCCCS(=O)(=O)O,Bandgap,3.4308,eV,polyverse_bandgap,train,clean,clean,measured_target
poly_4187,[*]CC(F)(F)C1(F)CC(CC(O)(C(F)(F)F)C(F)(F)F)CC1[*],Bandgap,7.8745,eV,polyverse_bandgap,train,clean,clean,measured_target
poly_705,[*]C(=O)c1ccc2c(c1)C(=O)N(c1ccc(N3C(=O)c4ccc([*])cc4C3=O)cc1)C2=O,Bandgap,2.9305,eV,polyverse_bandgap,train,clean,clean,measured_target
poly_2467,[*]C(=O)NCCCCCCNC(=O)c1cncc([*])c1,Bandgap,4.9168,eV,polyverse_bandgap,train,clean,clean,measured_target
poly_1813,[*]NC(C=C1)=CC=C1OC(S2)=CC=C2[*],Bandgap,4.2687,eV,polyverse_bandgap,train,clean,clean,measured_target
poly_3312,[*]CCC(C)CCC(=O)N[*],Bandgap,5.7970000000000015,eV,polyverse_bandgap,train,clean,clean,measured_target
poly_2939,C([*])=CCC(C)C([*]),Bandgap,5.3972,eV,polyverse_bandgap,train,clean,clean,measured_target
poly_3337,[*]CCCCCCCCCNC(=O)CCCCCCCC(=O)N[*],Bandgap,5.8181,eV,polyverse_bandgap,train,clean,clean,measured_target
poly_3875,[*]OC(=O)OCCCCCCCCCCOC(=O)OC1COC2C([*])COC12,Bandgap,6.4724,eV,polyverse_bandgap,train,clean,clean,measured_target
poly_4112,[*]CC1CCC([*])C1,Bandgap,6.8566,eV,polyverse_bandgap,train,clean,clean,measured_target
poly_1904,[*]CCCCCCCOc1ccc(OCc2ccc(COc3ccc(O[*])cc3)cc2)cc1,Bandgap,4.3660000000000005,eV,polyverse_bandgap,train,clean,clean,measured_target
poly_3724,[*]CCCO[*],Bandgap,6.2461,eV,polyverse_bandgap,train,clean,clean,measured_target
poly_2281,[*]Oc1ccc(C(c2ccccc2)c2ccc(OC([*])=O)cc2C)c(C)c1,Bandgap,4.738,eV,polyverse_bandgap,train,clean,clean,measured_target
poly_3660,[*]CC#CCOC(=O)NCCCCCCNC(=O)O[*],Bandgap,6.1466,eV,polyverse_bandgap,train,clean,clean,measured_target
poly_3387,[*]CC([*])C(=O)NCCC,Bandgap,5.8667,eV,polyverse_bandgap,train,clean,clean,measured_target
poly_3053,[*]CCCCc1nnc([*])n1N,Bandgap,5.5305,eV,polyverse_bandgap,train,clean,clean,measured_target
poly_101,[*]N=CC(C)=CC=CC=C(C)C=Nc1nc(-c2csc([*])n2)cs1,Bandgap,1.6482,eV,polyverse_bandgap,train,clean,clean,measured_target
poly_417,[*]C(=O)c1ccc2c(c1)C(=O)N(c1cccc(C(=O)Nc3ccc(N4C(=O)c5ccc([*])cc5C4=O)cc3)c1)C2=O,Bandgap,2.5378,eV,polyverse_bandgap,train,clean,clean,measured_target
poly_2417,c1([*])ccc(cc1(O))c2cccc([*])c2(O),Bandgap,4.8746,eV,polyverse_bandgap,train,clean,clean,measured_target
poly_766,[*]C(=O)Nc1ccc(S(=O)(=O)c2ccc(NC(=O)c3ccc4c(c3)C(=O)N(c3ccc(S(=O)(=O)c5ccc(N6C(=O)c7ccc([*])cc7C6=O)cc5)cc3)C4=O)cc2)cc1,Bandgap,2.9914,eV,polyverse_bandgap,train,clean,clean,measured_target
poly_3898,[*]OC(C)COC(=O)CCCCS(=O)(=O)CCCCC([*])=O,Bandgap,6.5041,eV,polyverse_bandgap,train,clean,clean,measured_target
poly_3469,[*]OC(=O)OCCOCCOCCOCCOC(=O)OC1COC2C([*])COC12,Bandgap,5.9406,eV,polyverse_bandgap,train,clean,clean,measured_target
poly_3130,[*]NNC(=O)CCCCC([*])=O,Bandgap,5.6178,eV,polyverse_bandgap,train,clean,clean,measured_target
poly_3750,[*]CC([*])(C)C(=O)OCC(F)(F)C(F)F,Bandgap,6.2786,eV,polyverse_bandgap,train,clean,clean,measured_target
poly_3623,[*]CC(C(=O)OCC)(C(=O)OCC)[*],Bandgap,6.102,eV,polyverse_bandgap,train,clean,clean,measured_target
poly_2522,[*]OC(c1ccc(Cl)cc1)C(C)(C)C([*])=O,Bandgap,4.9686,eV,polyverse_bandgap,train,clean,clean,measured_target
poly_1790,[*]C(=O)NCCCCCCNC(=O)c1ccncc1[*],Bandgap,4.2475,eV,polyverse_bandgap,train,clean,clean,measured_target
poly_2361,[*]Nc1cc(NC(=O)NCCCCCCNC([*])=O)ccc1C,Bandgap,4.82,eV,polyverse_bandgap,train,clean,clean,measured_target
poly_490,[*]C(=O)c1ccc2c(c1)C(=O)N(c1ccc(OCC(C)(C)COc3ccc(N4C(=O)c5ccc([*])cc5C4=O)cc3)cc1)C2=O,Bandgap,2.6417,eV,polyverse_bandgap,train,clean,clean,measured_target
poly_3112,[*]CCN([*])C(=O)CCCCC,Bandgap,5.5936,eV,polyverse_bandgap,train,clean,clean,measured_target
poly_763,[*]C(=O)Nc1ccc(NC(=O)c2ccc(N3C(=O)c4ccc([*])cc4C3=O)cc2)cc1,Bandgap,2.9907,eV,polyverse_bandgap,train,clean,clean,measured_target
poly_2641,[*]C=CC1CC([*])C(C(=O)Oc2ccccc2)C1,Bandgap,5.0947,eV,polyverse_bandgap,train,clean,clean,measured_target
poly_2838,[*]CCC(=O)NCc1c(C)c(C)c(CNC(=O)CCO[*])c(C)c1C,Bandgap,5.2874,eV,polyverse_bandgap,train,clean,clean,measured_target
poly_2590,[*]CCCP(CCCNC(=O)CCCCC(=O)N[*])CC(C)C,Bandgap,5.0331,eV,polyverse_bandgap,train,clean,clean,measured_target
poly_1150,[*]Nc1ccc(-c2ccc([*])cc2)c(C)c1,Bandgap,3.4981,eV,polyverse_bandgap,train,clean,clean,measured_target
poly_799,[*]C(=O)NNC(=O)c1cnc([*])cn1,Bandgap,3.036,eV,polyverse_bandgap,train,clean,clean,measured_target
poly_1477,[*]c1ccc(-c2ccc(-c3nnc([*])n3-c3ccc(OC)cc3)cc2)cc1,Bandgap,3.8981,eV,polyverse_bandgap,train,clean,clean,measured_target
poly_4142,[*]OC1CCC(OC(=O)OCCCCCCCOC([*])=O)CC1,Bandgap,6.9944,eV,polyverse_bandgap,train,clean,clean,measured_target
poly_1274,[*]OC(=O)c1ccc(SCCCCSc2ccc(C([*])=O)cc2)cc1,Bandgap,3.643,eV,polyverse_bandgap,train,clean,clean,measured_target
poly_2372,C(F)(F)C(S1)=CC=C1C(F)(F)O,Bandgap,4.832,eV,polyverse_bandgap,train,clean,clean,measured_target
poly_1752,[*]CCC(=O)N(CCN(C(=O)CCN1CCN([*])CC1)C(C)C)C(C)C,Bandgap,4.1956,eV,polyverse_bandgap,train,clean,clean,measured_target
poly_2370,[*]Oc1ccc(C([*])=O)cc1CCCCCC,Bandgap,4.8293,eV,polyverse_bandgap,train,clean,clean,measured_target
poly_330,[*]c1cc(CCCCCCCCCCCC)c(-c2sc([*])c3c2OCCO3)s1,Bandgap,2.4379,eV,polyverse_bandgap,train,clean,clean,measured_target
poly_3327,N([*])C(=O)CCCC(=O)NCCCCCCCCCC([*]),Bandgap,5.8098,eV,polyverse_bandgap,train,clean,clean,measured_target
poly_2162,[*]CC(COc1c(Cl)cc(Cl)cc1Cl)O[*],Bandgap,4.6256,eV,polyverse_bandgap,train,clean,clean,measured_target
poly_1359,[*]NC(CCC(=O)OCc1ccc(F)cc1)C([*])=O,Bandgap,3.7352,eV,polyverse_bandgap,train,clean,clean,measured_target
poly_877,[*]c1cc2cc([*])sc2s1,Bandgap,3.153,eV,polyverse_bandgap,train,clean,clean,measured_target
poly_1083,[*]CCOCCOCCOc1cccc(NC(=O)c2ccc(C(=O)Nc3cccc(O[*])c3)cc2)c1,Bandgap,3.4122,eV,polyverse_bandgap,train,clean,clean,measured_target
poly_2208,[*]CC([*])SCCCC,Bandgap,4.6594,eV,polyverse_bandgap,train,clean,clean,measured_target
poly_602,[*]C=Cc1ccc(N(c2ccc(C=Cc3ccc4c5ccc([*])cc5n(CC(CC)CCCC)c4c3)cc2)c2ccc(OCC(CC)CCCC)cc2)cc1,Bandgap,2.7935,eV,polyverse_bandgap,train,clean,clean,measured_target
poly_2078,[*]c1ccc(Cc2ccc(S([*])(=O)=O)cc2)cc1,Bandgap,4.551,eV,polyverse_bandgap,train,clean,clean,measured_target
poly_1284,[*]Cc1ccc(COC(=O)c2ccc3cc(C(=O)O[*])ccc3c2)cc1,Bandgap,3.6512,eV,polyverse_bandgap,train,clean,clean,measured_target
poly_3598,[*]CCOCCOC(=O)O[*],Bandgap,6.062,eV,polyverse_bandgap,train,clean,clean,measured_target
poly_3516,[*]OC1C(CO)OC([*])C(NC(C)=O)C1O,Bandgap,5.9874,eV,polyverse_bandgap,train,clean,clean,measured_target
poly_68,[*]c1ccc(C(=O)Nc2ccc(NC(=O)c3ccc(-n4c(=O)c5sc6c(=O)n([*])c(=O)c6sc5c4=O)cc3)cc2)cc1,Bandgap,1.5265,eV,polyverse_bandgap,train,clean,clean,measured_target
poly_1930,[*]c1nc(C)nc(N([*])C)n1,Bandgap,4.3978,eV,polyverse_bandgap,train,clean,clean,measured_target
poly_50,[*]C=CC1=C(O)C(O)=C([*])C1,Bandgap,1.3602,eV,polyverse_bandgap,train,clean,clean,measured_target
poly_3264,[*]CCCCCCCCOC(=O)NCCCCCCCCCCNC(=O)O[*],Bandgap,5.7616,eV,polyverse_bandgap,train,clean,clean,measured_target
poly_2936,[*]OC1CCCC1[*],Bandgap,5.3922,eV,polyverse_bandgap,train,clean,clean,measured_target
poly_1402,[*]CC(S1)=CC=C1NC(=S)[*],Bandgap,3.7969,eV,polyverse_bandgap,train,clean,clean,measured_target
poly_2894,[*]NC(CCCCNC([*])=O)C(=O)OC,Bandgap,5.3439,eV,polyverse_bandgap,train,clean,clean,measured_target
poly_2626,CC(C1=CC=CC=C1)CC(C2=CC=CC=C2)CC(C3=CC=CC=C3)CC(C4=CC=CC=C4),Bandgap,5.0844,eV,polyverse_bandgap,train,clean,clean,measured_target
poly_3470,[*]CC([*])(CC(=O)O)C(=O)O,Bandgap,5.9408,eV,polyverse_bandgap,train,clean,clean,measured_target
poly_3083,[*]CCCCCCCNC(=O)CCCCCCCCCC(=O)N[*],Bandgap,5.5573,eV,polyverse_bandgap,train,clean,clean,measured_target
poly_922,[*]CCC(=O)C(=S)[*],Bandgap,3.2093,eV,polyverse_bandgap,train,clean,clean,measured_target
poly_2475,[*]C(=O)Oc1ccc(C(C)(C)c2ccc(OC(=O)N3CCN([*])CC3)cc2)cc1,Bandgap,4.9219,eV,polyverse_bandgap,train,clean,clean,measured_target
poly_3306,[*]CCCCCCNC(=O)CCC=CCCC(=O)N[*],Bandgap,5.7927,eV,polyverse_bandgap,train,clean,clean,measured_target
poly_573,[*]C=NN=Cc1cc(CCCCCCCCCCCC)c([*])s1,Bandgap,2.7484,eV,polyverse_bandgap,train,clean,clean,measured_target
poly_114,[*]c1ccc(-c2ccc(-c3ccc([*])s3)o2)o1,Bandgap,1.7382,eV,polyverse_bandgap,train,clean,clean,measured_target
poly_3420,[*]CCN([*])C(=O)CO,Bandgap,5.8894,eV,polyverse_bandgap,train,clean,clean,measured_target
poly_3015,[*]CCCCCCCCC(=O)NCCCCCCNC(=O)CCCCCCCCO[*],Bandgap,5.4892,eV,polyverse_bandgap,train,clean,clean,measured_target
poly_4075,[*]CCCOC(=O)CCCC(=O)O[*],Bandgap,6.7543,eV,polyverse_bandgap,train,clean,clean,measured_target
poly_360,[*]C(=O)C(C=C1)=CC=C1C(C=C2)=CC=C2C(=S)[*],Bandgap,2.4786,eV,polyverse_bandgap,train,clean,clean,measured_target
poly_521,[*]c1ccc([*])n1CCC(=O)NO,Bandgap,2.6795,eV,polyverse_bandgap,train,clean,clean,measured_target
poly_1919,[*]CCCCOC(=O)c1cccc(-c2cccc(C(=O)O[*])c2)c1,Bandgap,4.388,eV,polyverse_bandgap,train,clean,clean,measured_target
poly_615,[*]NC(=S)NC(=S)[*],Bandgap,2.8092,eV,polyverse_bandgap,train,clean,clean,measured_target
poly_1232,[*]Oc1ccc(Oc2ccc(C(=O)c3ccc([*])cc3)cc2)cc1C(=O)O,Bandgap,3.6002,eV,polyverse_bandgap,train,clean,clean,measured_target
poly_3363,[*]NNC(=O)CCCCCCCCCCCC([*])=O,Bandgap,5.8501,eV,polyverse_bandgap,train,clean,clean,measured_target
poly_1313,[*]Oc1ccc(Oc2ccc(Oc3ccc(C(=O)Oc4ccc(OC(=O)c5ccc([*])cc5)cc4)cc3)cc2)cc1,Bandgap,3.6871,eV,polyverse_bandgap,train,clean,clean,measured_target
poly_2614,[*]c1ccc([*])c(O)c1,Bandgap,5.0766,eV,polyverse_bandgap,train,clean,clean,measured_target
poly_1279,[*]c1ccc(C(=O)Oc2ccc3ccc(OC(=O)c4ccc(N5C(=O)CC(SCCOCCSC6CC(=O)N([*])C6=O)C5=O)cc4)cc3c2)cc1,Bandgap,3.6454,eV,polyverse_bandgap,train,clean,clean,measured_target
poly_2955,[*]Cc1c(C)c(C)c(CNC(=O)CCCCC(=O)N[*])c(C)c1C,Bandgap,5.417999999999998,eV,polyverse_bandgap,train,clean,clean,measured_target
poly_631,[*]C(=O)Nc1ccc(S(=O)(=O)c2ccc(NC(=O)c3ccc4c(c3)C(=O)N(c3ccc(Oc5ccc(N6C(=O)c7ccc([*])cc7C6=O)cc5)cc3)C4=O)cc2)cc1,Bandgap,2.8374,eV,polyverse_bandgap,train,clean,clean,measured_target
poly_3508,[*]CCCCCCNC(=O)C(CCCCCCCCCCCCCCCC)C(=O)N[*],Bandgap,5.9783,eV,polyverse_bandgap,train,clean,clean,measured_target
poly_2812,[*]CCC([*])=O,Bandgap,5.2544,eV,polyverse_bandgap,train,clean,clean,measured_target
poly_961,C(F)(F)C(F)(F)NC(=S),Bandgap,3.2642,eV,polyverse_bandgap,train,clean,clean,measured_target
poly_1604,[*]Nc1c(Cl)cc(C([*])=O)cc1Cl,Bandgap,4.0432,eV,polyverse_bandgap,train,clean,clean,measured_target
poly_3727,[*]CC1CC([*])C(=O)OC1=O,Bandgap,6.2477,eV,polyverse_bandgap,train,clean,clean,measured_target
poly_724,[*]c1ccc2cc(N([*])c3ccccc3)ccc2c1,Bandgap,2.9513,eV,polyverse_bandgap,train,clean,clean,measured_target
poly_3204,[*]C1CCC(N2C(=O)C3C4C=CC(C5C(=O)N([*])C(=O)C45)C3C2=O)CC1,Bandgap,5.7071,eV,polyverse_bandgap,train,clean,clean,measured_target
poly_4024,C(=O)NC(=O)OC(=O)NCN,Bandgap,6.6714,eV,polyverse_bandgap,train,clean,clean,measured_target
poly_3348,[*]OC(C)CCC(C)OC(=O)CCCCCCCCC([*])=O,Bandgap,5.8308,eV,polyverse_bandgap,train,clean,clean,measured_target
poly_236,[*]CC(=S)C(S1)=CC=C1C(=S)[*],Bandgap,2.2116,eV,polyverse_bandgap,train,clean,clean,measured_target
poly_464,[*]c1ccc(-c2nc3cc4nc([*])oc4cc3o2)c(O)c1,Bandgap,2.5901,eV,polyverse_bandgap,train,clean,clean,measured_target
poly_1615,[*]CC([*])C(=O)N(O)c1ccc(Cl)cc1,Bandgap,4.0529,eV,polyverse_bandgap,train,clean,clean,measured_target
poly_4178,[*]CC(F)(F)C(F)(F)C(F)(F)C(F)(F)COC(=O)O[*],Bandgap,7.5614,eV,polyverse_bandgap,train,clean,clean,measured_target
poly_313,[*]c1cc(CC(=O)OCCCCCCOc2ccc(N=Nc3ccc(C#N)cc3)cc2)c([*])s1,Bandgap,2.4068,eV,polyverse_bandgap,train,clean,clean,measured_target
poly_251,[*]C(=O)C(S1)=CC=C1C(=O)C(=S)[*],Bandgap,2.2532,eV,polyverse_bandgap,train,clean,clean,measured_target
poly_2211,[*]CCOCCOC(=O)c1cccc(C(=O)O[*])c1,Bandgap,4.6602,eV,polyverse_bandgap,train,clean,clean,measured_target
poly_500,[*]CCOc1ccc(C=C2CCC(=Cc3ccc(O[*])c(OC)c3)C2=O)cc1OC,Bandgap,2.6534,eV,polyverse_bandgap,train,clean,clean,measured_target
poly_3614,[*]CCCCCOC(=O)CCCCCNC(=O)O[*],Bandgap,6.0793,eV,polyverse_bandgap,train,clean,clean,measured_target
poly_2564,[*]OC([2H])([2H])C([*])([2H])C([2H])=C([2H])[2H],Bandgap,5.0119,eV,polyverse_bandgap,train,clean,clean,measured_target
poly_2400,[*]CC([*])C(=O)SCCC,Bandgap,4.8635,eV,polyverse_bandgap,train,clean,clean,measured_target
poly_2027,[*]c1cccc(-c2nnc(-c3nnc([*])o3)o2)c1,Bandgap,4.4994,eV,polyverse_bandgap,train,clean,clean,measured_target
poly_591,[*]C#Cc1c(F)c(F)c(C#Cc2cc(CCCCCC)c([*])s2)c(F)c1F,Bandgap,2.7755,eV,polyverse_bandgap,train,clean,clean,measured_target
poly_4063,[*]CC([*])CCC,Bandgap,6.738,eV,polyverse_bandgap,train,clean,clean,measured_target
poly_3463,[*]CCCCCCOC(=O)NNC(=O)CCCCCCCCC(=O)NNC(=O)O[*],Bandgap,5.9373,eV,polyverse_bandgap,train,clean,clean,measured_target
poly_3064,[*]Cc1ccc(CNC(=O)CCCCCCCCCCCCCCCCCCCCC(=O)N[*])cc1,Bandgap,5.5433,eV,polyverse_bandgap,train,clean,clean,measured_target
poly_3814,[*]CCCC(Cl)C([*])Cl,Bandgap,6.371,eV,polyverse_bandgap,train,clean,clean,measured_target
poly_646,[*]c1ccc(C(=O)CNCCCNCC(=O)c2ccc(S([*])(=O)=O)cc2)cc1,Bandgap,2.8560000000000003,eV,polyverse_bandgap,train,clean,clean,measured_target
poly_1711,[*]C(=O)NNC(=O)c1cccc(C(=O)NNC(=O)c2cccc([*])n2)c1,Bandgap,4.1584,eV,polyverse_bandgap,train,clean,clean,measured_target
poly_3748,[*]CC(OC)C(C(=O)O)C([*])C(=O)O,Bandgap,6.2764,eV,polyverse_bandgap,train,clean,clean,measured_target
poly_3547,[*]CCOCC(=O)O[*],Bandgap,6.0176,eV,polyverse_bandgap,train,clean,clean,measured_target
poly_2597,[*]CCCCCCNC(=O)CCP(CCC(=O)N[*])c1ccccc1,Bandgap,5.0474,eV,polyverse_bandgap,train,clean,clean,measured_target
poly_3624,[*]CC(C)C1COC2C(C(=O)OC(O)(C(F)(F)F)C(F)(F)C[*])CC12,Bandgap,6.1023,eV,polyverse_bandgap,train,clean,clean,measured_target
poly_2255,[*]CCC(=O)OC(=O)CCc1ccc([*])o1,Bandgap,4.7063,eV,polyverse_bandgap,train,clean,clean,measured_target
poly_3808,[*]CCCCOC(=O)CCCCCNC(=O)O[*],Bandgap,6.3666,eV,polyverse_bandgap,train,clean,clean,measured_target
poly_2313,[*]CC([*])C(=O)OCCSCC,Bandgap,4.7676,eV,polyverse_bandgap,train,clean,clean,measured_target
poly_1181,[*]c1ccc(Nc2cc(C)c([*])s2)cc1,Bandgap,3.5418,eV,polyverse_bandgap,train,clean,clean,measured_target
poly_96,[*]c1ccc(-c2cc(CCCCCCCCCCC)c([*])s2)s1,Bandgap,1.6329,eV,polyverse_bandgap,train,clean,clean,measured_target
poly_518,[*]C(=O)Nc1ccc(NC(=O)c2ccc3c(c2)C(=O)N(c2ccc(S(=O)(=O)c4ccc(N5C(=O)c6ccc([*])cc6C5=O)cc4)cc2)C3=O)cc1,Bandgap,2.677,eV,polyverse_bandgap,train,clean,clean,measured_target
poly_2841,[*]CCCCCCNC(=O)C(CCCCCCCCC)C(=O)N[*],Bandgap,5.2921,eV,polyverse_bandgap,train,clean,clean,measured_target
poly_3497,[*]CCCCCC(=O)NCCNC(=O)CCCCCOC(=O)CCCCC(=O)O[*],Bandgap,5.9669,eV,polyverse_bandgap,train,clean,clean,measured_target
poly_2944,[*]C=CC(C)CCCCC[*],Bandgap,5.4049,eV,polyverse_bandgap,train,clean,clean,measured_target
poly_1378,[*]NNC(=O)c1ccc(NC(=O)c2ccc(C([*])=O)cc2)c(O)c1,Bandgap,3.7581,eV,polyverse_bandgap,train,clean,clean,measured_target
poly_1870,[*]Oc1ccc(C(=O)NNC(=O)c2ccc([*])cc2)cc1,Bandgap,4.3207,eV,polyverse_bandgap,train,clean,clean,measured_target
poly_3530,[*]CCCCCCCCCCC(=O)NCCCCCCNC(=O)CCCO[*],Bandgap,6.0,eV,polyverse_bandgap,train,clean,clean,measured_target
poly_2118,[*]Oc1ccc(CC(NC(=O)CCc2ccc(OC(=O)CCCCCCC([*])=O)cc2)C(=O)OCC(C)C)cc1,Bandgap,4.5847,eV,polyverse_bandgap,train,clean,clean,measured_target
poly_3837,[*]OC(=O)OCC1OC(C)(C)OC1COC(=O)OC1COC2C([*])COC12,Bandgap,6.4211,eV,polyverse_bandgap,train,clean,clean,measured_target
poly_2787,[*]C(=O)OC1=NCCN1[*],Bandgap,5.2281,eV,polyverse_bandgap,train,clean,clean,measured_target
poly_2917,[*]CC([*])C(=O)OCCCSCCC#N,Bandgap,5.3732,eV,polyverse_bandgap,train,clean,clean,measured_target
poly_4197,C(F)(F)NC(F)(F)N,Bandgap,8.3664,eV,polyverse_bandgap,train,clean,clean,measured_target
poly_280,[*]c1cc(COCCCCCCOc2ccc(-c3ccc(C#N)cc3)cc2)c([*])s1,Bandgap,2.3352,eV,polyverse_bandgap,train,clean,clean,measured_target
poly_3761,[*]CC([*])OC(=O)CCCCC,Bandgap,6.3016,eV,polyverse_bandgap,train,clean,clean,measured_target
poly_1424,[*]Nc1ccc([*])cc1CO,Bandgap,3.8208,eV,polyverse_bandgap,train,clean,clean,measured_target
poly_15,[*]c1sc([*])c2nc(CCCCCC)c(CCCCCC)nc12,Bandgap,0.8923,eV,polyverse_bandgap,train,clean,clean,measured_target
poly_2989,[*]CCCCCCCCNC(=O)CCCCCCCCCCC(=O)N[*],Bandgap,5.4539,eV,polyverse_bandgap,train,clean,clean,measured_target
poly_2305,[*]CCC(C)(C)CC(C)CNC(=O)c1ccc(C(=O)N[*])cc1,Bandgap,4.7589,eV,polyverse_bandgap,train,clean,clean,measured_target
poly_2373,[*]Oc1ccc(NC(=O)NC2CC(C)(C)CC(C)(NC([*])=O)C2)cc1,Bandgap,4.8322,eV,polyverse_bandgap,train,clean,clean,measured_target
poly_4101,[*]N=P([*])(OCC(F)(F)F)OCC(F)(F)F,Bandgap,6.7975,eV,polyverse_bandgap,train,clean,clean,measured_target
poly_905,[*]c1ccc(CCCCCCc2ccc(-c3csc(-c4nc([*])cs4)n3)cc2)cc1,Bandgap,3.1824,eV,polyverse_bandgap,train,clean,clean,measured_target
poly_4189,[*]C1(F)OC(C(F)(F)F)(C(F)(F)Cl)OC1([*])F,Bandgap,7.9372,eV,polyverse_bandgap,train,clean,clean,measured_target
poly_2391,[*]CCCSC(=O)CCC(=O)S[*],Bandgap,4.8548,eV,polyverse_bandgap,train,clean,clean,measured_target
poly_245,[*]CC([*])c1ccc(Br)cc1,Bandgap,2.235,eV,polyverse_bandgap,train,clean,clean,measured_target
poly_1853,[*]Oc1ccc(Oc2cccc([*])n2)c(-c2ccccc2)c1,Bandgap,4.3045,eV,polyverse_bandgap,train,clean,clean,measured_target
poly_216,[*]C=CC=Cc1nc2cc3sc([*])nc3cc2s1,Bandgap,2.1517,eV,polyverse_bandgap,train,clean,clean,measured_target
poly_813,[*]c1cc([*])c(O)c(C=Nc2ccc(N3CCOCC3)cc2)c1,Bandgap,3.062,eV,polyverse_bandgap,train,clean,clean,measured_target
poly_1859,C(F)(F)NC(F)(F)C(C=C1)=CC=C1,Bandgap,4.3086,eV,polyverse_bandgap,train,clean,clean,measured_target
poly_4066,[*]CCC1CC([*])C2CCCC12,Bandgap,6.7458,eV,polyverse_bandgap,train,clean,clean,measured_target
poly_1185,[*]C(=O)Nc1ccc(Oc2ccc(NC(=O)c3cccc([*])n3)cc2)cc1,Bandgap,3.5459,eV,polyverse_bandgap,train,clean,clean,measured_target
poly_1895,[*]Oc1cccc([*])c1C#N,Bandgap,4.3557,eV,polyverse_bandgap,train,clean,clean,measured_target
poly_1691,[*]c1ccc(Oc2ccc(P(=O)(c3ccccc3)c3ccc(Oc4ccc(-c5cc([*])[nH]n5)cc4)cc3)cc2)cc1,Bandgap,4.1464,eV,polyverse_bandgap,train,clean,clean,measured_target
poly_1208,[*]CC(C=C1)=CC=C1C(C=C2)=CC=C2C(S3)=CC=C3[*],Bandgap,3.5669,eV,polyverse_bandgap,train,clean,clean,measured_target
poly_3671,[*]CC(CO[*])(COC(C)=O)COC(C)=O,Bandgap,6.1648,eV,polyverse_bandgap,train,clean,clean,measured_target
poly_3208,[*]C=C(C)CC(C#N)CC[*],Bandgap,5.7091,eV,polyverse_bandgap,train,clean,clean,measured_target
poly_3482,[*]CCCCCCCCCCNC(=O)CCCCCCCC(=O)N[*],Bandgap,5.9487,eV,polyverse_bandgap,train,clean,clean,measured_target
poly_1765,[*]CC(O)COc1ccc(C(C)(C)c2ccc(O[*])c(Cl)c2)cc1Cl,Bandgap,4.2119,eV,polyverse_bandgap,train,clean,clean,measured_target
poly_4204,[*]OC(F)(F)C(F)(F)C(F)(F)C([*])(F)F,Bandgap,8.8881,eV,polyverse_bandgap,train,clean,clean,measured_target
poly_4105,[*]CCCOC(=O)CCCCCCCCC(=O)O[*],Bandgap,6.8189,eV,polyverse_bandgap,train,clean,clean,measured_target
poly_110,[*]c1sc([*])c2c1OCC(CCCCS(=O)(=O)O)O2,Bandgap,1.7125,eV,polyverse_bandgap,train,clean,clean,measured_target
poly_1127,[*]N1CC(O)=C(C2C(=O)C3=C(C2=O)C(C)(F)N3[*])C1=O,Bandgap,3.4658,eV,polyverse_bandgap,train,clean,clean,measured_target
poly_3305,[*]CC(COCCCCCC)O[*],Bandgap,5.7915,eV,polyverse_bandgap,train,clean,clean,measured_target
poly_3,[*]CCCCCC[N+](C)(C)CCCCC[N+]([*])(C)C,Bandgap,0.1118,eV,polyverse_bandgap,train,clean,clean,measured_target
poly_3844,[*]CCCCCCCCCCCCCCCCCCCCOC(=O)C1CCC(C(=O)O[*])CC1,Bandgap,6.4338,eV,polyverse_bandgap,train,clean,clean,measured_target
poly_2490,[*]CC([*])(Br)Br,Bandgap,4.9377,eV,polyverse_bandgap,train,clean,clean,measured_target
poly_3963,[*]CCCCCCCCCCCCCCCCCCCCOC(=O)CCC(C)CC(=O)O[*],Bandgap,6.5912,eV,polyverse_bandgap,train,clean,clean,measured_target
poly_994,[*]CCOc1ccc(OC(=O)c2ccc(C(=O)Oc3ccc(O[*])cc3)c(OCCCCC)c2)cc1,Bandgap,3.3136,eV,polyverse_bandgap,train,clean,clean,measured_target
poly_2758,[*]Oc1ccc(Cc2ccc(OC([*])=O)c(C)c2)cc1C,Bandgap,5.2009,eV,polyverse_bandgap,train,clean,clean,measured_target
poly_3165,[*]CC([*])(C)C(=O)OCCc1ccccc1,Bandgap,5.6532,eV,polyverse_bandgap,train,clean,clean,measured_target
poly_3035,[*]c1c(F)c(F)c([*])c(F)c1F,Bandgap,5.5133,eV,polyverse_bandgap,train,clean,clean,measured_target
poly_3099,[*]CCN([*])C(=O)CC(C)C,Bandgap,5.5788,eV,polyverse_bandgap,train,clean,clean,measured_target
poly_3796,[*]C1C(=O)OC(=O)C1[*],Bandgap,6.3511,eV,polyverse_bandgap,train,clean,clean,measured_target
poly_3772,[*]CCCCCCCCCCCCCCCCCCCCOC(=O)COCC(=O)O[*],Bandgap,6.3212,eV,polyverse_bandgap,train,clean,clean,measured_target
poly_1276,[*]Nc1ccc(-c2ccc(NC(=O)c3cccc(C([*])=O)c3)c(S)c2)cc1S,Bandgap,3.6442,eV,polyverse_bandgap,train,clean,clean,measured_target
poly_1246,[*]Nc1cc(C(c2ccc(O)c(NC(=O)c3ccc(C([*])=O)cc3)c2)(C(F)(F)F)C(F)(F)F)ccc1O,Bandgap,3.6159,eV,polyverse_bandgap,train,clean,clean,measured_target
poly_108,[*]C=Cc1cc(CCCCCC)c(-c2sc([*])cc2CCCCCC)s1,Bandgap,1.7047,eV,polyverse_bandgap,train,clean,clean,measured_target
poly_2829,[*]CCCCCCOC(=O)NCCSCCSCCNC(=O)O[*],Bandgap,5.2784,eV,polyverse_bandgap,train,clean,clean,measured_target
poly_327,[*]c1ccc(Oc2ccc(Oc3ccc(-n4c(=O)c5cc6c(=O)n([*])c(=O)c6cc5c4=O)cc3)cc2C)cc1,Bandgap,2.4366,eV,polyverse_bandgap,train,clean,clean,measured_target
poly_2489,[*]CCCCCOC(=O)NCCSCCCCCCSCCNC(=O)O[*],Bandgap,4.9366,eV,polyverse_bandgap,train,clean,clean,measured_target
poly_373,[*]c9ccc(C8(c5ccc(n4c(=O)c3ccc(C(=O)c2ccc1c(=O)n([*])c(=O)c1c2)cc3c4=O)cc5)c6ccccc6c7ccccc78)cc9,Bandgap,2.4881,eV,polyverse_bandgap,train,clean,clean,measured_target
poly_175,[*]Nc1ccc(Cc2ccc(NC(=O)c3cc(C([*])=O)cc(N4C(=O)C=CC4=O)c3)cc2)cc1,Bandgap,2.0132,eV,polyverse_bandgap,train,clean,clean,measured_target
poly_1082,[*]CNC(=S)C(C=C1)=CC=C1[*],Bandgap,3.4092,eV,polyverse_bandgap,train,clean,clean,measured_target
poly_2601,[*]CC(O[*])c1ccco1,Bandgap,5.0528,eV,polyverse_bandgap,train,clean,clean,measured_target
poly_385,[*]Nc1cc(-c2ccc(-c3ccc4nc5c6cccc7c([*])ccc(c(=O)n5c4c3)c76)cc2)ccc1O,Bandgap,2.4994,eV,polyverse_bandgap,train,clean,clean,measured_target
poly_1388,[*]C(=O)NNC(=O)c1cccc(C(=O)NNC(=O)c2ccc([*])nc2)n1,Bandgap,3.7688,eV,polyverse_bandgap,train,clean,clean,measured_target
poly_2004,[*]Oc1ccc(C(=O)CCCCC(=O)c2ccc(OC([*])=O)cc2)cc1,Bandgap,4.4774,eV,polyverse_bandgap,train,clean,clean,measured_target
poly_2044,C(F)(F)C(F)(F)C(C=C1)=CC=C1O,Bandgap,4.521,eV,polyverse_bandgap,train,clean,clean,measured_target
poly_958,[*]C=Cc1ccc([*])c2c1C(=O)OC2=O,Bandgap,3.2587,eV,polyverse_bandgap,train,clean,clean,measured_target
poly_237,[*]c1cc(CCCc2ccccc2)c([*])s1,Bandgap,2.2134,eV,polyverse_bandgap,train,clean,clean,measured_target
poly_1355,[*]Oc1ccc(C(=O)Nc2ccc(S(=O)(=O)c3ccc(NC(=O)c4ccc(Oc5nc([*])nc(Sc6ccccc6)n5)cc4)cc3)cc2)cc1,Bandgap,3.733,eV,polyverse_bandgap,train,clean,clean,measured_target
poly_4185,C(F)(F)NC(F)(F)O,Bandgap,7.8322,eV,polyverse_bandgap,train,clean,clean,measured_target
poly_2966,[*]C(=O)CCC=CCCC(=O)N1CCN([*])CC1,Bandgap,5.4241,eV,polyverse_bandgap,train,clean,clean,measured_target
poly_2934,[*]Cc1ccc(COC(=O)CCCCCCCCCCCCCCCCCCC(=O)O[*])cc1,Bandgap,5.3919,eV,polyverse_bandgap,train,clean,clean,measured_target
poly_471,[*]C(=O)c1ccc2c(c1)C(=O)N(c1cc(OCCCC)cc(N3C(=O)c4ccc([*])cc4C3=O)c1)C2=O,Bandgap,2.6047,eV,polyverse_bandgap,train,clean,clean,measured_target
poly_2658,[*]Oc1ccc(C(C)(c2ccccc2)c2ccc(OC([*])=O)cc2)cc1,Bandgap,5.1057,eV,polyverse_bandgap,train,clean,clean,measured_target
poly_1096,[*]Oc1ccc(C2(c3ccc(OC(=O)c4ccc(C([*])=O)cc4)cc3)c3ccccc3C(=O)c3ccccc32)cc1,Bandgap,3.431,eV,polyverse_bandgap,train,clean,clean,measured_target
poly_2394,[*]CC(C)(CO[*])COCCC#N,Bandgap,4.8567,eV,polyverse_bandgap,train,clean,clean,measured_target
poly_303,[*]c1ccc(Oc2ccc(C(=O)c3ccc(Oc4ccc(-n5c(=O)c6cc7c(=O)n([*])c(=O)c7cc6c5=O)cc4)cc3)cc2)cc1,Bandgap,2.3791,eV,polyverse_bandgap,train,clean,clean,measured_target
poly_70,[*]c1cc(SC)c([*])s1,Bandgap,1.5295,eV,polyverse_bandgap,train,clean,clean,measured_target
poly_566,[*]c1cc(C(=O)OCCCCCC)c([*])s1,Bandgap,2.7434,eV,polyverse_bandgap,train,clean,clean,measured_target
poly_2097,[*]CC([*])(F)C(C)=O,Bandgap,4.5671,eV,polyverse_bandgap,train,clean,clean,measured_target
poly_1820,[*]CCOC(=O)c1ccc(C(=O)O[*])c2c1CC2,Bandgap,4.274,eV,polyverse_bandgap,train,clean,clean,measured_target
poly_2014,[*]C(=O)N([*])C(C)C(C)=O,Bandgap,4.4859,eV,polyverse_bandgap,train,clean,clean,measured_target
poly_338,[*]c1cc(CC(=O)Cl)c([*])s1,Bandgap,2.4457,eV,polyverse_bandgap,train,clean,clean,measured_target
poly_1384,[*]CCCOc1ccc(C(=O)OC(=O)c2ccc(C(=O)OC(=O)c3ccc(O[*])cc3)cc2)cc1,Bandgap,3.765,eV,polyverse_bandgap,train,clean,clean,measured_target
poly_936,[*]c1ccc(-c2nc3cc(-c4ccc5nc(-c6ccccc6)c([*])nc5c4)ccc3nc2-c2ccccc2)cc1,Bandgap,3.2285,eV,polyverse_bandgap,train,clean,clean,measured_target
poly_3665,[*]CC(CS(=O)(=O)CCCCC)O[*],Bandgap,6.1531,eV,polyverse_bandgap,train,clean,clean,measured_target
poly_347,[*]c1cc(C(c2ccc(O)c(-n3c(=O)c4cc5c(=O)n([*])c(=O)c5cc4c3=O)c2)(C(F)(F)F)C(F)(F)F)ccc1O,Bandgap,2.4596,eV,polyverse_bandgap,train,clean,clean,measured_target
poly_1314,[*]CCCCCCNC(=O)c1ccc(C(=O)N[*])c(Oc2ccc(-c3ccccc3)cc2)c1,Bandgap,3.6894,eV,polyverse_bandgap,train,clean,clean,measured_target
poly_3259,[*]CCCCCCNC(=O)CCCC(=O)N[*],Bandgap,5.7577,eV,polyverse_bandgap,train,clean,clean,measured_target
poly_3134,[*]CCCCCCCCCNC(=O)CCCCCCCCCCCC(=O)N[*],Bandgap,5.6216,eV,polyverse_bandgap,train,clean,clean,measured_target
poly_286,[*]C(=O)Nc1ccc(NC(=O)c2ccc3[nH]c(-c4cc(-c5nc6cc([*])ccc6[nH]5)cc(N5C(=O)c6ccccc6C5=O)c4)nc3c2)cc1,Bandgap,2.347,eV,polyverse_bandgap,train,clean,clean,measured_target
poly_2206,[*]CCCCCCCCc1nc2cc(-c3ccc4oc([*])nc4c3)ccc2o1,Bandgap,4.6587,eV,polyverse_bandgap,train,clean,clean,measured_target
poly_307,[*]Nc1ccc(NC(=O)c2cc(NC(=O)c3ccc(NC(=O)C(C)N4C(=O)c5ccccc5C4=O)cc3)cc(C([*])=O)c2)cc1C,Bandgap,2.3973,eV,polyverse_bandgap,train,clean,clean,measured_target
poly_802,[*]CC(=S)CO[*],Bandgap,3.0406,eV,polyverse_bandgap,train,clean,clean,measured_target
poly_214,[*]c1ccc2c(c1)Cc1cc(-n3c(=O)c4cc5c(=O)n([*])c(=O)c5cc4c3=O)ccc1-2,Bandgap,2.1465,eV,polyverse_bandgap,train,clean,clean,measured_target
poly_453,[*]c1ccc(-c2ccc(-n3c(=O)c4cc5c(=O)n([*])c(=O)c5c(C(F)(F)F)c4c3=O)cc2C)c(C)c1,Bandgap,2.5777,eV,polyverse_bandgap,train,clean,clean,measured_target
poly_1322,[*]CNC(C=C1)=CC=C1C(S2)=CC=C2[*],Bandgap,3.6951,eV,polyverse_bandgap,train,clean,clean,measured_target
poly_1810,[*]Oc1ccc(Oc2ccc(C=NCCN=Cc3ccc([*])cc3)cc2)cc1,Bandgap,4.2677,eV,polyverse_bandgap,train,clean,clean,measured_target
poly_3617,[*]CCOCC(CCl)O[*],Bandgap,6.0832,eV,polyverse_bandgap,train,clean,clean,measured_target
poly_651,[*]Oc1ccc(C(=O)Oc2ccc(Cc3ccc(OC(=O)c4ccc(OC(=O)c5ccc(C([*])=O)cc5)cc4)cc3)cc2)cc1,Bandgap,2.8593,eV,polyverse_bandgap,train,clean,clean,measured_target
poly_295,[*]c1ccc(-c2ccc(-c3cc(CCCCCCCC)c([*])s3)s2)s1,Bandgap,2.3617,eV,polyverse_bandgap,train,clean,clean,measured_target
poly_3159,[*]C(=O)CCCCC(=O)N1CCN([*])CC1,Bandgap,5.6492,eV,polyverse_bandgap,train,clean,clean,measured_target
poly_1124,[*]C=Cc1csc(C=Cc2cccc([*])n2)c1CCCCCC,Bandgap,3.4585,eV,polyverse_bandgap,train,clean,clean,measured_target
poly_3042,[*]CC([*])C(=O)NCCC(F)(F)C(F)(F)C(F)(F)C(F)(F)C(F)(F)C(F)(F)C(F)(F)C(F)(F)F,Bandgap,5.522,eV,polyverse_bandgap,train,clean,clean,measured_target
poly_3477,[*]CCCCCCCCNC(=O)C(CCCCCCCCCCCC)C(=O)N[*],Bandgap,5.9468,eV,polyverse_bandgap,train,clean,clean,measured_target
poly_278,[*]C(=O)c1ccc2c(c1)C(=O)N(c1cccc(C(=O)N(C)c3ccc(N4C(=O)c5ccc([*])cc5C4=O)cc3)c1)C2=O,Bandgap,2.3323,eV,polyverse_bandgap,train,clean,clean,measured_target
poly_2245,[*]CCCC(=O)OCCOC(=O)c1ccc(O[*])cc1,Bandgap,4.7014,eV,polyverse_bandgap,train,clean,clean,measured_target
poly_3116,[*]CC(COCC)O[*],Bandgap,5.6017,eV,polyverse_bandgap,train,clean,clean,measured_target
poly_2439,[*]NC(CCC([*])=O)C(=O)OCc1ccccc1,Bandgap,4.8973,eV,polyverse_bandgap,train,clean,clean,measured_target
poly_4110,[*]OC([*])C,Bandgap,6.845,eV,polyverse_bandgap,train,clean,clean,measured_target
poly_2426,[*]CC(C)(C)COC(=O)NC(=O)c1cccc(C(=O)NC(=O)O[*])c1,Bandgap,4.8839,eV,polyverse_bandgap,train,clean,clean,measured_target
poly_268,[*]c1cc(CCS(=O)(=O)O)c([*])s1,Bandgap,2.3139,eV,polyverse_bandgap,train,clean,clean,measured_target
poly_2186,[*]N=P([*])(Oc1cccc(C)c1)Oc1cccc(C)c1,Bandgap,4.6442,eV,polyverse_bandgap,train,clean,clean,measured_target
poly_3961,[*]CCC(Cl)C([*])Cl,Bandgap,6.5894,eV,polyverse_bandgap,train,clean,clean,measured_target
poly_3667,[*]CCCCCOC(=O)NCCCCCCNC(=O)O[*],Bandgap,6.1556,eV,polyverse_bandgap,train,clean,clean,measured_target
poly_2083,[*]Oc1cc(CC)cc(OC(=O)c2cccc(C([*])=O)c2)c1,Bandgap,4.5555,eV,polyverse_bandgap,train,clean,clean,measured_target
poly_119,[*]c1cc(CC(=O)OC)c([*])s1,Bandgap,1.7719999999999998,eV,polyverse_bandgap,train,clean,clean,measured_target
poly_2835,[*]C=CC1CC([*])C(C(=O)OCCNC(C)(C)C)C1,Bandgap,5.2839,eV,polyverse_bandgap,train,clean,clean,measured_target
poly_3509,[*]OC(=O)CCCCCC([*])=O,Bandgap,5.9807,eV,polyverse_bandgap,train,clean,clean,measured_target
poly_1508,[*]CC([*])N1CCCC1=S,Bandgap,3.9266,eV,polyverse_bandgap,train,clean,clean,measured_target
poly_355,[*]c1ccc([*])n1CC(=O)OC,Bandgap,2.4705,eV,polyverse_bandgap,train,clean,clean,measured_target
poly_966,[*]c1cc(C(=O)NCCCC)cc(N2C(=O)c3ccc(-c4ccc5c(c4)C(=O)N([*])C5=O)cc3C2=O)c1,Bandgap,3.2713,eV,polyverse_bandgap,train,clean,clean,measured_target
poly_3365,[*]CCOC(=O)CCCCCNC(=O)CCCCC(=O)NCCCCCC(=O)O[*],Bandgap,5.8514,eV,polyverse_bandgap,train,clean,clean,measured_target
poly_1406,[*]CC([*])c1cc(OC)ccc1OC,Bandgap,3.8027,eV,polyverse_bandgap,train,clean,clean,measured_target
poly_1470,[*]CC#CC#CCOc1ccc(-c2ccc(O[*])cc2)cc1,Bandgap,3.8876,eV,polyverse_bandgap,train,clean,clean,measured_target
poly_219,[*]CC([*])c1ccccc1C(=O)Oc1ccccc1,Bandgap,2.1638,eV,polyverse_bandgap,train,clean,clean,measured_target
poly_481,[*]c1ccc(-c2cnc3cc4ncc([*])nc4cc3n2)cc1,Bandgap,2.6289,eV,polyverse_bandgap,train,clean,clean,measured_target
poly_3634,[*]CCOC(=O)CCCCS(=O)(=O)CCCCC(=O)O[*],Bandgap,6.1194,eV,polyverse_bandgap,train,clean,clean,measured_target
poly_3297,[*]CCOC(=O)NCC1(C)CC(NC(=O)O[*])CC(C)(C)C1,Bandgap,5.7856,eV,polyverse_bandgap,train,clean,clean,measured_target
poly_3943,[*]CC(C)C(=O)O[*],Bandgap,6.562,eV,polyverse_bandgap,train,clean,clean,measured_target
poly_2381,[*]CCOC(=O)c1ccc(O[*])c(Cl)c1,Bandgap,4.8461,eV,polyverse_bandgap,train,clean,clean,measured_target
poly_1896,[*]CC(C)(C)COC(=O)NC(=O)c1ccc(C(=O)NC(=O)O[*])cc1,Bandgap,4.3578,eV,polyverse_bandgap,train,clean,clean,measured_target
poly_708,[*]C(=O)C(C=C1)=CC=C1C(=S)C(C=C2)=CC=C2[*],Bandgap,2.9329,eV,polyverse_bandgap,train,clean,clean,measured_target
poly_2909,[*]C(=O)C(C)=C(C)C(=O)N1CC(C)N([*])CC1C,Bandgap,5.3573,eV,polyverse_bandgap,train,clean,clean,measured_target
poly_900,[*]c1ccc(-c2ccc(-c3ccc(-c4cc(-c5ccccc5)c5cc(Oc6ccc7nc([*])cc(-c8ccccc8)c7c6)ccc5n4)cc3)cc2)cc1,Bandgap,3.1781,eV,polyverse_bandgap,train,clean,clean,measured_target
poly_3166,[*]/C=C\CCCC[*],Bandgap,5.655,eV,polyverse_bandgap,train,clean,clean,measured_target
poly_3084,[*]NC(CC([*])=O)C(=O)OCCOC,Bandgap,5.5583,eV,polyverse_bandgap,train,clean,clean,measured_target
poly_2864,[*]C(C)C([*])OC,Bandgap,5.311,eV,polyverse_bandgap,train,clean,clean,measured_target
poly_1105,[*]Oc1ccc(-c2ccc(N=Nc3ccc(C([*])=O)cc3)cc2)cc1,Bandgap,3.4403,eV,polyverse_bandgap,train,clean,clean,measured_target
poly_2067,[*]Oc1ccc(C([*])=O)cc1CCC,Bandgap,4.5421,eV,polyverse_bandgap,train,clean,clean,measured_target
poly_1702,[*]c1ccc(Oc2ccc(S(=O)(=O)c3ccc(Oc4ccc(C5([*])OC(=O)c6ccccc65)cc4C)cc3)cc2)c(C)c1,Bandgap,4.1532,eV,polyverse_bandgap,train,clean,clean,measured_target
poly_647,[*]C(=O)C(S1)=CC=C1C(C=C2)=CC=C2O[*],Bandgap,2.8561,eV,polyverse_bandgap,train,clean,clean,measured_target
poly_4008,[*]CC1CCC(COC(=O)CCCCCC(=O)O[*])CC1,Bandgap,6.649,eV,polyverse_bandgap,train,clean,clean,measured_target
poly_1547,[*]Oc1c(CCC)cc([*])cc1-c1ccccc1,Bandgap,3.9795,eV,polyverse_bandgap,train,clean,clean,measured_target
poly_3798,[*]CCC([*])O,Bandgap,6.3537,eV,polyverse_bandgap,train,clean,clean,measured_target
poly_541,[*]CC(=S)C(S1)=CC=C1O[*],Bandgap,2.7088,eV,polyverse_bandgap,train,clean,clean,measured_target
poly_1312,[*]CCCCOC(=O)SSSC(=O)O[*],Bandgap,3.6864,eV,polyverse_bandgap,train,clean,clean,measured_target
poly_2550,[*]Oc1c(Cl)cc(C(c2cc(Cl)c(OC([*])=O)c(Cl)c2)C2CC3CCC2C3)cc1Cl,Bandgap,5.0002,eV,polyverse_bandgap,train,clean,clean,measured_target
poly_2116,[*]CCCCCCNC(=O)CCP(=S)(CCC(=O)N[*])c1ccccc1,Bandgap,4.5816,eV,polyverse_bandgap,train,clean,clean,measured_target
poly_1725,[*]CCCCOC(=O)c1ccc(-c2ccc(C(=O)O[*])cc2)cc1,Bandgap,4.1718,eV,polyverse_bandgap,train,clean,clean,measured_target
poly_3221,[*]CCOC(=O)NC1CCC(NC(=O)O[*])CC1,Bandgap,5.7184,eV,polyverse_bandgap,train,clean,clean,measured_target
poly_897,[*]Nc1ccc(NC(=O)C=Cc2ccc(C=CC([*])=O)cc2)cc1,Bandgap,3.1732,eV,polyverse_bandgap,train,clean,clean,measured_target
poly_1715,[*]Oc1ccc(Oc2ccc(C(=O)c3ccc([*])cc3)cc2)cc1S(=O)(=O)O,Bandgap,4.1626,eV,polyverse_bandgap,train,clean,clean,measured_target
poly_1394,[*]C#Cc1ccc([*])c(SCCCCCCCCCCCC)c1,Bandgap,3.7748,eV,polyverse_bandgap,train,clean,clean,measured_target
poly_4182,[*]CC([*])OC(=O)OCC(F)(F)F,Bandgap,7.6731,eV,polyverse_bandgap,train,clean,clean,measured_target
poly_304,[*]C(=O)Nc1ccc(Oc2ccc(NC(=O)c3ccc(N4C(=O)c5ccc([*])cc5C4=O)cc3)cc2)cc1,Bandgap,2.3807,eV,polyverse_bandgap,train,clean,clean,measured_target
poly_1327,[*]Oc1ccc(OC(=O)c2ccc(C([*])=O)cc2)cc1CCCCCCCC,Bandgap,3.7013,eV,polyverse_bandgap,train,clean,clean,measured_target
poly_1103,[*]Oc1c(F)c(F)c(S(=O)(=O)c2c(F)c(F)c(Oc3ccc(C(c4ccc([*])cc4)(C(F)(F)F)C(F)(F)F)cc3)c(F)c2F)c(F)c1F,Bandgap,3.4387,eV,polyverse_bandgap,train,clean,clean,measured_target
poly_718,[*]Oc1ccc(Oc2ccc(NC(=C(C#N)C#N)c3cccc(C(Nc4ccc([*])cc4)=C(C#N)C#N)c3)cc2)cc1,Bandgap,2.943,eV,polyverse_bandgap,train,clean,clean,measured_target
poly_302,[*]c1[nH]c([*])c(OC)c1OC,Bandgap,2.3766,eV,polyverse_bandgap,train,clean,clean,measured_target
poly_1245,[*]c1ccc2c(c1)c1cc([*])ccc1n2CC(=O)OCC,Bandgap,3.6156,eV,polyverse_bandgap,train,clean,clean,measured_target
poly_2624,[*]CC(c1ccccc1)c1ccc([*])cc1,Bandgap,5.0824,eV,polyverse_bandgap,train,clean,clean,measured_target
poly_1565,[*]CCCCCCCc1nc2ccc(-c3ccc4nc([*])oc4c3)cc2o1,Bandgap,4.0001,eV,polyverse_bandgap,train,clean,clean,measured_target
poly_2795,[*]CCO[*],Bandgap,5.2314,eV,polyverse_bandgap,train,clean,clean,measured_target
poly_1027,[*]C(=O)C(C=C1)=CC=C1C(C=C2)=CC=C2C(C=C3)=CC=C3[*],Bandgap,3.3512,eV,polyverse_bandgap,train,clean,clean,measured_target
poly_545,[*]C=Cc1ccc2c(c1)C(CC(CC)CCCC)(CC(CC)CCCC)c1cc([*])ccc1-2,Bandgap,2.712,eV,polyverse_bandgap,train,clean,clean,measured_target
poly_592,[*]c1ccc(-c2ccc(-n3c(=O)c4cc5c(=O)n([*])c(=O)c5cc4c3=O)cc2F)c(F)c1,Bandgap,2.7762,eV,polyverse_bandgap,train,clean,clean,measured_target
poly_1583,C(F)(F)NC(F)(F)C(S1)=CC=C1,Bandgap,4.0164,eV,polyverse_bandgap,train,clean,clean,measured_target
poly_3121,[*]C(=O)C1CC1C(=O)N1CCN([*])CC1,Bandgap,5.6073,eV,polyverse_bandgap,train,clean,clean,measured_target
poly_2538,[*]C(=O)NCCCCCCNC(=O)c1cnn([*])c1,Bandgap,4.9839,eV,polyverse_bandgap,train,clean,clean,measured_target
poly_223,[*]Nc1ccc(-c2ccc(NC3=CC(=O)C([*])=CC3=O)cc2)cc1,Bandgap,2.1743,eV,polyverse_bandgap,train,clean,clean,measured_target
poly_893,[*]CCN(CCOC(=O)Nc1ccc(C)c(NC(=O)O[*])c1)c1ccc(-c2c(NCCCO)c(=O)c2=O)cc1,Bandgap,3.1713,eV,polyverse_bandgap,train,clean,clean,measured_target
poly_4086,[*]CCCCCCCCCCCCCCCCCCCCOC(=O)CCCCCCCCC(=O)O[*],Bandgap,6.7686,eV,polyverse_bandgap,train,clean,clean,measured_target
poly_2330,[*]CC([*])C(=O)OCCCCSC,Bandgap,4.7854,eV,polyverse_bandgap,train,clean,clean,measured_target
poly_1963,[*]Cc1cccc([*])c1O,Bandgap,4.4317,eV,polyverse_bandgap,train,clean,clean,measured_target
poly_3445,[*]CCCCCCCCCCOC(=O)C(=O)O[*],Bandgap,5.9110000000000005,eV,polyverse_bandgap,train,clean,clean,measured_target
poly_2647,[*]OC(=O)CCc1ccc(CCC([*])=O)cc1,Bandgap,5.1011,eV,polyverse_bandgap,train,clean,clean,measured_target
poly_3461,[*]CCCCc1nnc([*])o1,Bandgap,5.9356,eV,polyverse_bandgap,train,clean,clean,measured_target
poly_751,[*]C(=O)OC(=O)COc1ccc(OCC(=O)OC(=O)c2ccc([*])nc2)cc1,Bandgap,2.9777,eV,polyverse_bandgap,train,clean,clean,measured_target
poly_917,[*]c1cccc(C(c2cccc(-n3c(=O)c4cc5c(=O)n([*])c(=O)c5cc4c3=O)c2)(C(F)(F)F)C(F)(F)F)c1,Bandgap,3.2011,eV,polyverse_bandgap,train,clean,clean,measured_target
poly_4051,[*]OC(C)COC(=O)CCC([*])=O,Bandgap,6.7151,eV,polyverse_bandgap,train,clean,clean,measured_target
poly_3412,[*]C=CC(C)CCCCCCCCC[*],Bandgap,5.8820000000000014,eV,polyverse_bandgap,train,clean,clean,measured_target
poly_450,[*]C(=O)c1ccc2c(c1)C(=O)N(c1ccc(Oc3ccccc3Oc3ccc(N4C(=O)c5ccc([*])cc5C4=O)cc3)cc1)C2=O,Bandgap,2.575,eV,polyverse_bandgap,train,clean,clean,measured_target
poly_3066,[*]OC1CCCCCCC1[*],Bandgap,5.5442,eV,polyverse_bandgap,train,clean,clean,measured_target
poly_2754,[*]C=CC1CCC([*])C1,Bandgap,5.1969,eV,polyverse_bandgap,train,clean,clean,measured_target
poly_2827,[*]C(=O)Oc1ccc(OC(=O)N2CCN([*])CC2)cc1,Bandgap,5.2739,eV,polyverse_bandgap,train,clean,clean,measured_target
poly_4168,[*]CCCCCCCCCCOC(=O)O[*],Bandgap,7.2198,eV,polyverse_bandgap,train,clean,clean,measured_target
poly_2409,[*]C=CC1CC([*])C2(Cl)OC(=O)OC12Cl,Bandgap,4.8717,eV,polyverse_bandgap,train,clean,clean,measured_target
poly_127,[*]c1cc(CCCC(F)(F)C(F)(F)C(F)(F)C(F)(F)F)c([*])s1,Bandgap,1.8122,eV,polyverse_bandgap,train,clean,clean,measured_target
poly_1244,[*]CCCN1C(=O)c2ccc(C(c3ccc4c(c3)C(=O)N([*])C4=O)(C(F)(F)F)C(F)(F)F)cc2C1=O,Bandgap,3.6153,eV,polyverse_bandgap,train,clean,clean,measured_target
poly_3190,[*]CCCCCCC(=O)NCCCCCOCCCCCNC(=O)CCCCO[*],Bandgap,5.6857,eV,polyverse_bandgap,train,clean,clean,measured_target
poly_2991,[*]CCCCCCCCCC#CC#CCCCCCCCCCOC(=O)CCCCC(=O)O[*],Bandgap,5.456,eV,polyverse_bandgap,train,clean,clean,measured_target
poly_1603,[*]CC(C)(CO[*])COCCCCCCCCCCOc1ccc(-c2ccc(C#N)cc2)cc1,Bandgap,4.042,eV,polyverse_bandgap,train,clean,clean,measured_target
poly_2101,[*]Oc1ccc(CC(NC(=O)CCc2ccc(OC(=O)CCCC([*])=O)cc2)C(=O)OCCOCCOCC)cc1,Bandgap,4.5719,eV,polyverse_bandgap,train,clean,clean,measured_target
poly_4114,[*]CC(Cl)C(Cl)C([*])Cl,Bandgap,6.8616,eV,polyverse_bandgap,train,clean,clean,measured_target
poly_3245,[*]OC(C)CCOC(=O)C([*])=O,Bandgap,5.7373,eV,polyverse_bandgap,train,clean,clean,measured_target
poly_1943,[*]Oc1ccc(C(C)=NCCN=C(C)c2ccc([*])cc2)cc1,Bandgap,4.4147,eV,polyverse_bandgap,train,clean,clean,measured_target
poly_3453,[*]CCNC(=O)CCCCCCCCCCCCCCC(=O)N[*],Bandgap,5.9268,eV,polyverse_bandgap,train,clean,clean,measured_target
poly_878,[*]c1ccc(-c2ccc(-c3cc(SCCCCCCCCCC)c([*])s3)cc2)cc1,Bandgap,3.1535,eV,polyverse_bandgap,train,clean,clean,measured_target
poly_2457,[*]C=CC(C[*])C(C)CC,Bandgap,4.91,eV,polyverse_bandgap,train,clean,clean,measured_target
poly_2060,[*]CCCC1CCN(C(=O)Nc2ccc(Cc3ccc(NC(=O)N4CCC([*])CC4)cc3)cc2)CC1,Bandgap,4.5335,eV,polyverse_bandgap,train,clean,clean,measured_target
poly_587,[*]CC(C=C1)=CC=C1C(=S)C(S2)=CC=C2[*],Bandgap,2.7729,eV,polyverse_bandgap,train,clean,clean,measured_target
poly_1712,[*]CC([*])c1c(F)c(F)c(P(=O)(O)O)c(F)c1F,Bandgap,4.1594,eV,polyverse_bandgap,train,clean,clean,measured_target
poly_577,[*]CC(O)CN([*])c1cc(C)c(N=Nc2ccc(Cl)cc2)c(C)c1,Bandgap,2.7562,eV,polyverse_bandgap,train,clean,clean,measured_target
poly_1109,[*]C=Cc1cccc(C=Cc2cc([*])ncn2)c1,Bandgap,3.4447,eV,polyverse_bandgap,train,clean,clean,measured_target
poly_1486,[*]CC([*])C(=O)OCCOC(=O)c1cc([N+](=O)[O-])cc([N+](=O)[O-])c1,Bandgap,3.9042,eV,polyverse_bandgap,train,clean,clean,measured_target
poly_2982,[*]CCCC(=O)NCCCCCCNC(=O)CCCO[*],Bandgap,5.4466,eV,polyverse_bandgap,train,clean,clean,measured_target
poly_3737,[*]OC(=O)CCCCCCCCCC([*])=O,Bandgap,6.2631,eV,polyverse_bandgap,train,clean,clean,measured_target
poly_3861,[*]CC([*])(C)C(=O)OCCCCCC,Bandgap,6.4612,eV,polyverse_bandgap,train,clean,clean,measured_target
poly_394,[*]c1ccc(C(c2ccc(-n3c(=O)c4cc5c(=O)n([*])c(=O)c5cc4c3=O)cc2)(C(F)(F)F)C(F)(F)F)cc1,Bandgap,2.5118,eV,polyverse_bandgap,train,clean,clean,measured_target
poly_1028,[*]c1cccc(C(c2ccccc2)(c2cccc(N3C(=O)c4ccc(Oc5ccc6c(c5)C(=O)N([*])C6=O)cc4C3=O)c2)C(F)(F)F)c1,Bandgap,3.352,eV,polyverse_bandgap,train,clean,clean,measured_target
poly_2715,[*]Oc1ccc(CC(NC(=O)CCc2ccc(OC(=O)CCCCCCC([*])=O)cc2)C(=O)OCCCCCCCCCCCC)cc1,Bandgap,5.1610000000000005,eV,polyverse_bandgap,train,clean,clean,measured_target
poly_2209,[*]OC(C)COC(=O)c1cccc(C([*])=O)c1,Bandgap,4.6597,eV,polyverse_bandgap,train,clean,clean,measured_target
poly_1343,[*]Oc1ccc(C(c2ccc(OC(=O)c3cccc(C([*])=O)c3)cc2)C(Cl)(Cl)Cl)cc1,Bandgap,3.7183,eV,polyverse_bandgap,train,clean,clean,measured_target
poly_2666,[*]Oc1ccc(C(C)(C)c2ccc(Oc3nc([*])nc(OC)n3)cc2)cc1,Bandgap,5.1119,eV,polyverse_bandgap,train,clean,clean,measured_target
poly_1004,[*]c1ccc(Oc2ccc(-c3cnc4ccc(-c5ccc6ncc([*])nc6c5)cc4n3)cc2)cc1,Bandgap,3.3274,eV,polyverse_bandgap,train,clean,clean,measured_target
poly_2710,[*]CC(CS(=O)(=O)C(C)C)O[*],Bandgap,5.1555,eV,polyverse_bandgap,train,clean,clean,measured_target
poly_2771,[*]Cc1cc(CNC(=O)CCCCC(=O)N[*])cc(C(C)(C)C)c1,Bandgap,5.2158,eV,polyverse_bandgap,train,clean,clean,measured_target
poly_1781,[*]Oc1ccc(C(c2ccc(OC([*])=O)cc2)C2CCCCC2)cc1,Bandgap,4.2410000000000005,eV,polyverse_bandgap,train,clean,clean,measured_target
poly_3475,[*]OC([*])CCCCC,Bandgap,5.9463,eV,polyverse_bandgap,train,clean,clean,measured_target
poly_1945,[*]CCN(CCOC(=O)Nc1ccc(C)c(NC(=O)O[*])c1)c1ccccc1,Bandgap,4.4152,eV,polyverse_bandgap,train,clean,clean,measured_target
poly_3111,[*]CCSCCO[*],Bandgap,5.591,eV,polyverse_bandgap,train,clean,clean,measured_target
poly_3261,[*]CCOCCOC(=O)C(=O)O[*],Bandgap,5.7606,eV,polyverse_bandgap,train,clean,clean,measured_target
poly_796,[*]c1cc(Br)c(Oc2c(Br)cc(N3C(=O)c4ccc(-c5ccc6c(c5)C(=O)N([*])C6=O)cc4C3=O)cc2Br)c(Br)c1,Bandgap,3.034,eV,polyverse_bandgap,train,clean,clean,measured_target
poly_1612,[*]OCCOCCOc1cc([*])nc2ccccc12,Bandgap,4.0515,eV,polyverse_bandgap,train,clean,clean,measured_target
poly_1818,[*]CC(c1ccccc1)C1C(=O)N(c2ccc(C(=O)Oc3ccc(C=O)cc3)cc2)C(=O)C1[*],Bandgap,4.2725,eV,polyverse_bandgap,train,clean,clean,measured_target
poly_1906,[*]OC(COc1ccccc1)CC([*])=O,Bandgap,4.3685,eV,polyverse_bandgap,train,clean,clean,measured_target
poly_3078,[*]C=CC(C)C([*])C(=O)OC,Bandgap,5.5526,eV,polyverse_bandgap,train,clean,clean,measured_target
poly_3370,[*]C=CCCCCCCCC[*],Bandgap,5.856,eV,polyverse_bandgap,train,clean,clean,measured_target
poly_1265,[*]Oc1ccc(C(c2ccccc2)c2ccc(OC(=O)c3ccc(C([*])=O)cc3)cc2)cc1,Bandgap,3.6355,eV,polyverse_bandgap,train,clean,clean,measured_target
poly_1400,[*]Oc1ccc(C(C)c2ccc(OC(=O)c3ccc(Oc4ccc(C([*])=O)cc4)cc3)cc2)cc1,Bandgap,3.79,eV,polyverse_bandgap,train,clean,clean,measured_target
poly_3028,[*]CCCCCCCc1nnc([*])n1N,Bandgap,5.5033,eV,polyverse_bandgap,train,clean,clean,measured_target
poly_1660,[*]Oc1ccc(OC(=O)c2ccc(OCCOc3ccc(C([*])=O)cc3)cc2)cc1C,Bandgap,4.0998,eV,polyverse_bandgap,train,clean,clean,measured_target
poly_692,[*]C(C=C1)=CC=C1OC(=S)C(S2)=CC=C2[*],Bandgap,2.9181,eV,polyverse_bandgap,train,clean,clean,measured_target
poly_430,[*]C(=O)c1ccc2c(c1)C(=O)N(c1ccc(-c3ccc(N4C(=O)c5ccc([*])cc5C4=O)c(OC)c3)cc1OC)C2=O,Bandgap,2.5507,eV,polyverse_bandgap,train,clean,clean,measured_target
poly_2421,[*]CCc1cc(C)c([*])cc1C,Bandgap,4.8782,eV,polyverse_bandgap,train,clean,clean,measured_target
poly_4072,[*]CC1CCC(COC(=O)CCCCCCC(=O)O[*])CC1,Bandgap,6.7519,eV,polyverse_bandgap,train,clean,clean,measured_target
poly_1201,[*]NC(C#N)=C(C#N)NC(=O)c1ccc(C([*])=O)cc1,Bandgap,3.5611,eV,polyverse_bandgap,train,clean,clean,measured_target
poly_1617,[*]Nc1ccc(-c2ccc(NC(=O)CCCCCCCCC([*])=O)c(O)c2)cc1O,Bandgap,4.0536,eV,polyverse_bandgap,train,clean,clean,measured_target
poly_4156,[*]CCCCOC(=O)O[*],Bandgap,7.1273,eV,polyverse_bandgap,train,clean,clean,measured_target
poly_1225,[*]c1cccc(-c2cc([*])cc3c2NC(C)(C)OC3(C)C)c1,Bandgap,3.5944,eV,polyverse_bandgap,train,clean,clean,measured_target
poly_540,[*]Nc1cc(NC(=O)c2ccc3cc(C([*])=O)ccc3c2)cc(C(=O)OCCOc2ccc(C=CC(=O)c3ccccc3)cc2)c1,Bandgap,2.7088,eV,polyverse_bandgap,train,clean,clean,measured_target
poly_695,[*]C(=O)Nc1cccc(C#Cc2cccc(N3C(=O)c4ccc([*])cc4C3=O)c2)c1,Bandgap,2.9195,eV,polyverse_bandgap,train,clean,clean,measured_target
poly_2039,[*]CCOC(=O)c1cccc(C(=O)O[*])c1,Bandgap,4.5156,eV,polyverse_bandgap,train,clean,clean,measured_target
poly_1875,[*]CCCCCCCCCCCCc1nc2cc3sc([*])nc3cc2s1,Bandgap,4.3242,eV,polyverse_bandgap,train,clean,clean,measured_target
poly_2323,[*]CCCOC(=O)c1ccc(C(=O)O[*])cc1,Bandgap,4.775,eV,polyverse_bandgap,train,clean,clean,measured_target
poly_4070,[*]CC(F)(F)C(F)(F)C(F)(F)COC(=O)NCC(F)(F)C(F)(F)C(F)(F)C(F)(F)CNC(=O)O[*],Bandgap,6.7502,eV,polyverse_bandgap,train,clean,clean,measured_target
poly_3414,[*]CCCCOC(=O)NC1CCC(CC2CCC(NC(=O)O[*])CC2)CC1,Bandgap,5.8831,eV,polyverse_bandgap,train,clean,clean,measured_target
poly_332,[*]c1ccc(Oc2cccc(Oc3ccc(-n4c(=O)c5cc6c(=O)n([*])c(=O)c6cc5c4=O)cc3)c2)cc1,Bandgap,2.4395,eV,polyverse_bandgap,train,clean,clean,measured_target
poly_3442,[*]CCCNC(=O)CCCCCCCCC(=O)NCCCOCCO[*],Bandgap,5.9081,eV,polyverse_bandgap,train,clean,clean,measured_target
poly_2125,[*]CC(S1)=CC=C1CO[*],Bandgap,4.5918,eV,polyverse_bandgap,train,clean,clean,measured_target
poly_2617,[*]CC([*])c1cccc(C)c1,Bandgap,5.0775,eV,polyverse_bandgap,train,clean,clean,measured_target
poly_530,[*]c1cc(CCOCCOC)c([*])[nH]1,Bandgap,2.6864,eV,polyverse_bandgap,train,clean,clean,measured_target
poly_2949,[*]CC1(CO[*])CC=C(C)CC1,Bandgap,5.4083,eV,polyverse_bandgap,train,clean,clean,measured_target
poly_2822,[*]CCCOC(=O)NCCSCCSCCNC(=O)O[*],Bandgap,5.2664,eV,polyverse_bandgap,train,clean,clean,measured_target
poly_3762,[*]CCCOC(=O)C(C)O[*],Bandgap,6.3052,eV,polyverse_bandgap,train,clean,clean,measured_target
poly_1367,[*]Oc1ccc(S(=O)(=O)c2ccc(-c3ccc(-c4ccc(S(=O)(=O)c5ccc([*])cc5)cc4)cc3)cc2)cc1,Bandgap,3.7446,eV,polyverse_bandgap,train,clean,clean,measured_target
poly_1111,[*]c1ccc2c(c1)c1cc([*])ccc1n2C=C,Bandgap,3.4473,eV,polyverse_bandgap,train,clean,clean,measured_target
poly_1965,[*]Oc1c(CC)cc([*])cc1-c1ccccc1,Bandgap,4.4322,eV,polyverse_bandgap,train,clean,clean,measured_target
poly_2189,[*]Cc1ccc(C[*])c(C#N)c1,Bandgap,4.6467,eV,polyverse_bandgap,train,clean,clean,measured_target
poly_3124,[*]NC(C)CNC(=O)C1CC1C([*])=O,Bandgap,5.6076,eV,polyverse_bandgap,train,clean,clean,measured_target
poly_1648,[*]Cc1ccc(-c2ccc(C(=O)O[*])cc2)cc1,Bandgap,4.0877,eV,polyverse_bandgap,train,clean,clean,measured_target
poly_468,[*]NC(S1)=CC=C1NC(S2)=CC=C2[*],Bandgap,2.5938,eV,polyverse_bandgap,train,clean,clean,measured_target
poly_2861,[*]OC(COC([*])=O)COc1ccccc1,Bandgap,5.3091,eV,polyverse_bandgap,train,clean,clean,measured_target
poly_49,[*]C1=CC2=NC([*])=CC2=N1,Bandgap,1.3597,eV,polyverse_bandgap,train,clean,clean,measured_target
poly_2875,[*]CCN([*])C(=O)C(C)(C)C,Bandgap,5.3244,eV,polyverse_bandgap,train,clean,clean,measured_target
poly_2486,[*]NC(CC(N)=O)C([*])=O,Bandgap,4.9343,eV,polyverse_bandgap,train,clean,clean,measured_target
poly_2262,[*]OC(=O)CCSCCSCCC([*])=O,Bandgap,4.7109,eV,polyverse_bandgap,train,clean,clean,measured_target
poly_4030,[*]CCCCCCCCCOC(=O)C(O)C(O)C(=O)O[*],Bandgap,6.6774,eV,polyverse_bandgap,train,clean,clean,measured_target
poly_738,[*]Oc1ccc(C=Nc2ccc(N=Cc3ccc([*])cc3)cc2)cc1,Bandgap,2.9641,eV,polyverse_bandgap,train,clean,clean,measured_target
poly_529,[*]Oc1ccc(N=Nc2ccc(C([*])=O)cc2)c2ccccc12,Bandgap,2.6854,eV,polyverse_bandgap,train,clean,clean,measured_target
poly_2761,[*]CCc1ccc([*])cc1,Bandgap,5.2055,eV,polyverse_bandgap,train,clean,clean,measured_target
poly_454,[*]c1cccc(Oc2cccc(-n3c(=O)c4cc5c(=O)n([*])c(=O)c5cc4c3=O)c2)c1,Bandgap,2.5785,eV,polyverse_bandgap,train,clean,clean,measured_target
poly_1798,[*]Oc1ccc(C(C)=NN=C(C)c2ccc(OC(=O)CCCCCCCCC([*])=O)cc2)cc1,Bandgap,4.2541,eV,polyverse_bandgap,train,clean,clean,measured_target
poly_1289,[*]c1ccc(-c2ccc([*])c(Cl)c2)cc1Cl,Bandgap,3.6549,eV,polyverse_bandgap,train,clean,clean,measured_target
poly_2852,[*]CCCOC(=O)Nc1cc(NC(=O)O[*])ccc1C,Bandgap,5.3025,eV,polyverse_bandgap,train,clean,clean,measured_target
poly_880,[*]c1ccc(-c2nc3cc(Oc4ccc5nc([*])c(-c6ccccc6)nc5c4)ccc3nc2-c2ccccc2)cc1,Bandgap,3.1583,eV,polyverse_bandgap,train,clean,clean,measured_target
poly_3744,[*]CC([*])C(=O)OCC(F)(F)C(F)(F)C(F)(F)C(F)(F)F,Bandgap,6.2702,eV,polyverse_bandgap,train,clean,clean,measured_target
poly_945,[*]Nc1ccc(C(C)(C)c2ccc(NC(=O)c3cc(C([*])=O)cc(S(=O)(=O)c4ccccc4)c3)cc2)cc1,Bandgap,3.2508,eV,polyverse_bandgap,train,clean,clean,measured_target
poly_1281,[*]Nc1ccc(NC(=O)c2cc(NC(=O)c3ccncc3)cc(C([*])=O)c2)cc1,Bandgap,3.6492,eV,polyverse_bandgap,train,clean,clean,measured_target
poly_4013,[*]CC([*])(C)C(=O)OCC(F)(F)F,Bandgap,6.6593,eV,polyverse_bandgap,train,clean,clean,measured_target
poly_2986,[*]OC(CCc1ccccc1)CC([*])=O,Bandgap,5.449,eV,polyverse_bandgap,train,clean,clean,measured_target
poly_1806,[*]CCOCCOc1ccc(C=C(C)c2ccc(O[*])cc2)cc1,Bandgap,4.2636,eV,polyverse_bandgap,train,clean,clean,measured_target
poly_1003,[*]Cc1nc2cc3sc([*])nc3cc2s1,Bandgap,3.3248,eV,polyverse_bandgap,train,clean,clean,measured_target
poly_1981,[*]CCOC(=O)c1ccc(C(=O)NCCCCCCCCCCCCNC(=O)c2ccc(C(=O)O[*])cc2)cc1,Bandgap,4.4473,eV,polyverse_bandgap,train,clean,clean,measured_target
poly_3710,[*]CNC(=O)NCOC(=O)NCCCCCCNC(=O)O[*],Bandgap,6.2287,eV,polyverse_bandgap,train,clean,clean,measured_target
poly_1166,[*]Oc1ccc(Oc2ccc(OC(=O)c3ccc(Oc4ccc(Oc5ccc(C([*])=O)cc5)cc4)cc3)cc2)cc1,Bandgap,3.5181,eV,polyverse_bandgap,train,clean,clean,measured_target
poly_3863,[*]CCOCO[*],Bandgap,6.4615,eV,polyverse_bandgap,train,clean,clean,measured_target
poly_2684,[*]C(C)=C([*])CCCCC,Bandgap,5.1297,eV,polyverse_bandgap,train,clean,clean,measured_target
poly_331,[*]c1ccc(C(CCCCCCCC)c2ccc(-n3c(=O)c4cc5c(=O)n([*])c(=O)c5cc4c3=O)cc2)cc1,Bandgap,2.4391,eV,polyverse_bandgap,train,clean,clean,measured_target
poly_949,[*]C(=O)C(C=C1)=CC=C1C(=S)O[*],Bandgap,3.2523,eV,polyverse_bandgap,train,clean,clean,measured_target
poly_3440,[*]CCCCCCCCC(=O)NCCCCCOCCCCCNC(=O)CCCO[*],Bandgap,5.9069,eV,polyverse_bandgap,train,clean,clean,measured_target
poly_3885,[*]CCCCCCOC(=O)C1CCC(C(=O)O[*])CC1,Bandgap,6.4846,eV,polyverse_bandgap,train,clean,clean,measured_target
poly_2788,[*]OC(C)COC(=O)C([*])=O,Bandgap,5.229,eV,polyverse_bandgap,train,clean,clean,measured_target
poly_2469,[*]CC([*])(C)C(=O)OCc1ccc(Cl)cc1,Bandgap,4.9171,eV,polyverse_bandgap,train,clean,clean,measured_target
poly_3698,[*]OC(=O)CCCCCCCCCCC([*])=O,Bandgap,6.2095,eV,polyverse_bandgap,train,clean,clean,measured_target
poly_3455,[*]C1CCOC1[*],Bandgap,5.9277,eV,polyverse_bandgap,train,clean,clean,measured_target
poly_3733,[*]CCCOC(=O)CCC(C)CC(=O)O[*],Bandgap,6.2599,eV,polyverse_bandgap,train,clean,clean,measured_target
poly_2635,[*]CC(CO[*])(CSC)CSC,Bandgap,5.0864,eV,polyverse_bandgap,train,clean,clean,measured_target
poly_982,[*]c1cc([*])c(O)c(C=O)c1,Bandgap,3.2968,eV,polyverse_bandgap,train,clean,clean,measured_target
poly_38,[*]CC([*])C(=O)n1sc2ccccc2c1=O,Bandgap,1.2332,eV,polyverse_bandgap,train,clean,clean,measured_target
poly_199,[*]C#CC#Cc1ccc([*])cc1,Bandgap,2.103,eV,polyverse_bandgap,train,clean,clean,measured_target
poly_637,[*]C(=O)c1ccc2c(c1)C(=O)N(c1ccc(C(=O)c3cccc(C(=O)c4ccc(N5C(=O)c6ccc([*])cc6C5=O)cc4)c3)cc1)C2=O,Bandgap,2.8442,eV,polyverse_bandgap,train,clean,clean,measured_target
poly_1026,[*]C(=O)c1ccc2c(c1)C(=O)N(c1cccc(C(=O)c3cccc(N4C(=O)c5ccc([*])cc5C4=O)c3)c1)C2=O,Bandgap,3.3505,eV,polyverse_bandgap,train,clean,clean,measured_target
poly_935,[*]Nc1ccc(-c2ccc(NC(=O)c3cc(NC(=O)c4ccncc4)cc(C([*])=O)c3)cc2)cc1,Bandgap,3.2276,eV,polyverse_bandgap,train,clean,clean,measured_target
poly_2002,[*]CC(=O)NC(S1)=CC=C1[*],Bandgap,4.4733,eV,polyverse_bandgap,train,clean,clean,measured_target
poly_3336,[*]CC=CCOC(=O)NCCCCCCNC(=O)O[*],Bandgap,5.818,eV,polyverse_bandgap,train,clean,clean,measured_target
poly_2746,[*]CCCCCCCCCCCCCCS[*],Bandgap,5.1904,eV,polyverse_bandgap,train,clean,clean,measured_target
poly_1559,[*]c1ccc([*])c(C(=O)c2c(F)c(F)c(F)c(F)c2F)c1,Bandgap,3.9946,eV,polyverse_bandgap,train,clean,clean,measured_target
poly_2832,[*]Oc1ccc(OC(=O)Oc2ccc(OC([*])=O)cc2)cc1C,Bandgap,5.2809,eV,polyverse_bandgap,train,clean,clean,measured_target
poly_3792,[*]CCC(C(=O)OCC)C([*])C(=O)OCC,Bandgap,6.3468,eV,polyverse_bandgap,train,clean,clean,measured_target
poly_3487,[*]CCCCCCCCNC(=O)CC(=O)N[*],Bandgap,5.9535,eV,polyverse_bandgap,train,clean,clean,measured_target
poly_2633,[*]CCOCCOC(=O)CCCCSCCCCC(=O)O[*],Bandgap,5.0861,eV,polyverse_bandgap,train,clean,clean,measured_target
poly_3946,[*]CCCCCCCCCCOC(=O)CCC(=O)O[*],Bandgap,6.569,eV,polyverse_bandgap,train,clean,clean,measured_target
poly_2040,[*]NC(=O)C(C=C1)=CC=C1O[*],Bandgap,4.5161,eV,polyverse_bandgap,train,clean,clean,measured_target
poly_1323,[*]CC(=O)OCCCCCCOC(=O)Cn1c(=O)c2cc3c(=O)n([*])c(=O)c3cc2c1=O,Bandgap,3.6959,eV,polyverse_bandgap,train,clean,clean,measured_target
poly_320,[*]C(S1)=CC=C1C(=S)OC(=S)[*],Bandgap,2.4259,eV,polyverse_bandgap,train,clean,clean,measured_target
poly_37,[*]C#CC=C[*],Bandgap,1.2297,eV,polyverse_bandgap,train,clean,clean,measured_target
poly_1986,[*]Oc1c(Cl)cc([*])cc1Cl,Bandgap,4.4578,eV,polyverse_bandgap,train,clean,clean,measured_target
poly_3272,[*]CCCCCCCCCCOC(=O)NNC(=O)CCCCCCCCC(=O)NNC(=O)O[*],Bandgap,5.7644,eV,polyverse_bandgap,train,clean,clean,measured_target
poly_3527,[*]CCCCCCCCCCCCOC(=O)CC=CCC(=O)O[*],Bandgap,5.9978,eV,polyverse_bandgap,train,clean,clean,measured_target
poly_3200,[*]CC(CBr)(CBr)CO[*],Bandgap,5.6999,eV,polyverse_bandgap,train,clean,clean,measured_target
poly_1353,[*]c1ccc(OC(=O)c2cccc(C(=O)Oc3ccc(C4([*])OC(=O)c5ccccc54)cc3)c2)cc1,Bandgap,3.7309,eV,polyverse_bandgap,train,clean,clean,measured_target
poly_4117,[*]CC(F)(F)C(F)(F)C(F)(F)C(F)(F)COC(=O)CC(CC(=O)O[*])C(F)(F)C(F)(F)C(F)(F)F,Bandgap,6.872999999999998,eV,polyverse_bandgap,train,clean,clean,measured_target
poly_3459,[*]CCCCCCCCCNC(=O)CCCCCC(=O)N[*],Bandgap,5.9333,eV,polyverse_bandgap,train,clean,clean,measured_target
poly_896,[*]c1ccc(Oc2ccc(-c3cnc4cc(-c5ccc6nc([*])cnc6c5)ccc4n3)cc2)cc1,Bandgap,3.1727,eV,polyverse_bandgap,train,clean,clean,measured_target
poly_2897,[*]CCCCNC(=O)CCCCCCCC(=O)NCCCCNC(=O)C(=O)N[*],Bandgap,5.3456,eV,polyverse_bandgap,train,clean,clean,measured_target
poly_3234,[*]CCCCCCNC(=O)CCCCCCCCCCC(=O)N[*],Bandgap,5.7331,eV,polyverse_bandgap,train,clean,clean,measured_target
poly_2744,[*]CNCN[*],Bandgap,5.1891,eV,polyverse_bandgap,train,clean,clean,measured_target
poly_3376,[*]ON(C(F)(F)F)C(F)(Br)C([*])(F)F,Bandgap,5.8588,eV,polyverse_bandgap,train,clean,clean,measured_target
poly_1988,[*]OC(=O)Oc1ccc(C(=O)Oc2ccc(OC(=O)OC3COC4C([*])COC34)cc2)cc1,Bandgap,4.4586,eV,polyverse_bandgap,train,clean,clean,measured_target
poly_2339,[*]Oc1ccc(C(c2ccccc2)(c2ccccc2)c2ccc(OC([*])=O)cc2)cc1,Bandgap,4.7943,eV,polyverse_bandgap,train,clean,clean,measured_target
poly_993,[*]C(=O)Nc1cccc(NC(=O)c2ccc(-c3nc4cc([*])ccc4[nH]3)cc2)c1,Bandgap,3.3128,eV,polyverse_bandgap,train,clean,clean,measured_target
poly_1095,[*]c1ccc(Oc2ccc(S(=O)(=O)c3ccc(Oc4ccc(-c5c6c(c([*])c7ccccc57)C(=O)N(C)C6=O)cc4)cc3)cc2)cc1,Bandgap,3.4309,eV,polyverse_bandgap,train,clean,clean,measured_target
poly_1561,[*]Oc1ccc(Cc2ccc(OC(=O)c3ccc(C(C)(C)c4ccc(C([*])=O)cc4)cc3)cc2)cc1,Bandgap,3.9978,eV,polyverse_bandgap,train,clean,clean,measured_target
poly_1761,[*]Oc1ccc(S(=O)(=O)c2ccc(Oc3ccc(C(C)(C)c4ccc([*])c([N-][N+]#N)c4)cc3[N-][N+]#N)cc2)c([N-][N+]#N)c1,Bandgap,4.2075,eV,polyverse_bandgap,train,clean,clean,measured_target
poly_283,[*]c1ccc2ccc3c([*])cc(C#CC=C)c4ccc1c2c34,Bandgap,2.3431,eV,polyverse_bandgap,train,clean,clean,measured_target
poly_616,[*]c1ccc(Oc2ccc(-c3cnc4cc5ncc([*])nc5cc4n3)cc2)cc1,Bandgap,2.8104,eV,polyverse_bandgap,train,clean,clean,measured_target
poly_3611,[*]CCOCCOCCOC(=O)CCC(C)CC(=O)O[*],Bandgap,6.0773,eV,polyverse_bandgap,train,clean,clean,measured_target
poly_2638,[*]Oc1ccc(C(C)(C)c2ccc(OC(=O)CCCCC([*])=O)cc2)cc1,Bandgap,5.0915,eV,polyverse_bandgap,train,clean,clean,measured_target
poly_2247,[*]CC(=O)OC(S1)=CC=C1[*],Bandgap,4.7036,eV,polyverse_bandgap,train,clean,clean,measured_target
poly_4035,[*]CCCCCCCCOC(=O)CCCCCCC(=O)O[*],Bandgap,6.6874,eV,polyverse_bandgap,train,clean,clean,measured_target
poly_1306,[*]c1ccc(-n2ccc(-c3cccc(-c4ccn([*])n4)c3)n2)cc1,Bandgap,3.673,eV,polyverse_bandgap,train,clean,clean,measured_target
poly_2252,[*]c1ccc(C(C#N)(C(=O)OCCCC)C([*])(C#N)C(=O)OCCCC)cc1,Bandgap,4.7052,eV,polyverse_bandgap,train,clean,clean,measured_target
poly_3786,[*]CCOCCC(=O)O[*],Bandgap,6.3366,eV,polyverse_bandgap,train,clean,clean,measured_target
poly_458,[*]CC(O)CN([*])c1ccc(N=Nc2ccc(Cl)cc2)cc1,Bandgap,2.5842,eV,polyverse_bandgap,train,clean,clean,measured_target
poly_3054,[*]CCOCCOC(=O)C(CCCCC)C(=O)O[*],Bandgap,5.5316,eV,polyverse_bandgap,train,clean,clean,measured_target
poly_1828,[*]Oc1cccc(NC(=O)c2cccc(C(=O)Nc3ccc([*])cc3)c2)c1,Bandgap,4.2795,eV,polyverse_bandgap,train,clean,clean,measured_target
poly_2135,[*]Cc1ccc(COC(=O)C(=O)O[*])cc1,Bandgap,4.5995,eV,polyverse_bandgap,train,clean,clean,measured_target
poly_2077,[*]CC(C)(C)COC(=O)Cc1ccc(C(=O)O[*])cc1,Bandgap,4.5496,eV,polyverse_bandgap,train,clean,clean,measured_target
poly_3299,[*]CCCCCCOC(=O)CC=CCC(=O)O[*],Bandgap,5.7875,eV,polyverse_bandgap,train,clean,clean,measured_target
poly_657,[*]C(=O)Nc1ccc(NC(=O)c2ccc3c(c2)C(=O)N(c2ccc(Oc4cccc5c(N6C(=O)c7ccc([*])cc7C6=O)cccc45)cc2)C3=O)cc1,Bandgap,2.8733,eV,polyverse_bandgap,train,clean,clean,measured_target
poly_755,[*]c1ccc(-c2ccc(N3C(=O)c4ccc(Oc5ccc6c(c5)C(=O)N([*])C6=O)cc4C3=O)cc2)cc1,Bandgap,2.9797,eV,polyverse_bandgap,train,clean,clean,measured_target
poly_513,[*]CC(O)CN([*])c1ccc(N=Nc2ccc([N+](=O)[O-])cc2)cc1,Bandgap,2.6710000000000003,eV,polyverse_bandgap,train,clean,clean,measured_target
poly_366,[*]c1ccc(C(C)(C)c2ccc(-n3c(=O)c4cc5c(=O)n([*])c(=O)c5cc4c3=O)cc2)cc1,Bandgap,2.4821,eV,polyverse_bandgap,train,clean,clean,measured_target
poly_3323,[*]OC1C(COC(C)=O)OC([*])C(OC(C)=O)C1OC(C)=O,Bandgap,5.8073,eV,polyverse_bandgap,train,clean,clean,measured_target
poly_52,[*]c1cc(OCCOCCOC)c([*])s1,Bandgap,1.3804,eV,polyverse_bandgap,train,clean,clean,measured_target
poly_2094,[*]CCCCCCSSCCCCSS[*],Bandgap,4.5658,eV,polyverse_bandgap,train,clean,clean,measured_target
poly_1362,[*]CCCCCCCCCCn1c(=O)c2cc3c(=O)n([*])c(=O)c3cc2c1=O,Bandgap,3.7391,eV,polyverse_bandgap,train,clean,clean,measured_target
poly_2604,[*]OP(=O)(Oc1ccccc1)Oc1ccc([*])cc1,Bandgap,5.0582,eV,polyverse_bandgap,train,clean,clean,measured_target
poly_2447,[*]Oc1ccc(C(C)(C)c2ccc(OC([*])=O)cc2)cc1,Bandgap,4.9030000000000005,eV,polyverse_bandgap,train,clean,clean,measured_target
poly_1618,[*]COc1ccc(C=C(C)c2ccc(O[*])cc2)cc1,Bandgap,4.0556,eV,polyverse_bandgap,train,clean,clean,measured_target
poly_44,[*]c1cc(OCCCCCCC)c([*])s1,Bandgap,1.3206,eV,polyverse_bandgap,train,clean,clean,measured_target
poly_1263,[*]C(=O)CCN1CCN(CCC(=O)N2CCN([*])CC2)CC1,Bandgap,3.6334,eV,polyverse_bandgap,train,clean,clean,measured_target
poly_691,[*]C(=O)Nc1cccc(NC(=O)c2ccc3c(c2)C(=O)N(c2ccc(S(=O)(=O)c4ccc(N5C(=O)c6ccc([*])cc6C5=O)cc4)cc2)C3=O)c1,Bandgap,2.9166,eV,polyverse_bandgap,train,clean,clean,measured_target
poly_3780,[*]OC(C)CCOC(=O)CCC([*])=O,Bandgap,6.3305,eV,polyverse_bandgap,train,clean,clean,measured_target
poly_2570,[*]Oc1ccc(NC(=O)NCCCCCCNC([*])=O)cc1,Bandgap,5.0159,eV,polyverse_bandgap,train,clean,clean,measured_target
poly_2436,[*]Cc1ccc(CO[*])cc1,Bandgap,4.8948,eV,polyverse_bandgap,train,clean,clean,measured_target
poly_3839,[*]CC(CCl)(CBr)COC(=O)CCCCC(=O)O[*],Bandgap,6.4220000000000015,eV,polyverse_bandgap,train,clean,clean,measured_target
poly_2915,[*]OC(C)C(=O)NC(C)C([*])=O,Bandgap,5.3712,eV,polyverse_bandgap,train,clean,clean,measured_target
poly_1182,[*]c1ccc2[nH]c([*])nc2c1,Bandgap,3.5433,eV,polyverse_bandgap,train,clean,clean,measured_target
poly_3248,N([*])C(=O)CCCC(=O)NCCCCCCCC([*]),Bandgap,5.7409,eV,polyverse_bandgap,train,clean,clean,measured_target
poly_3784,[*]CC1CCC(COCO[*])CC1,Bandgap,6.3338,eV,polyverse_bandgap,train,clean,clean,measured_target
poly_476,[*]C(=O)Nc1ccc(C(=O)Nc2ccc(NC(=O)c3ccc4[nH]c(-c5ccc(-c6nc7cc([*])ccc7[nH]6)cc5)nc4c3)cc2)cc1,Bandgap,2.6126,eV,polyverse_bandgap,train,clean,clean,measured_target
poly_1872,[*]Oc1ccc(S(=O)(=O)c2ccc([*])cc2)cc1,Bandgap,4.3214,eV,polyverse_bandgap,train,clean,clean,measured_target
poly_3923,[*]CC([*])(C)C(=O)OCCO,Bandgap,6.5304,eV,polyverse_bandgap,train,clean,clean,measured_target
poly_3759,[*]CC(CCl)(CO[*])COC(C)=O,Bandgap,6.2977,eV,polyverse_bandgap,train,clean,clean,measured_target
poly_1937,[*]CC(C=C1)=CC=C1NC(C=C2)=CC=C2[*],Bandgap,4.4071,eV,polyverse_bandgap,train,clean,clean,measured_target
poly_3061,[*]OC1CCCCCC1[*],Bandgap,5.5416,eV,polyverse_bandgap,train,clean,clean,measured_target
poly_475,[*]CC(=S)C(C=C1)=CC=C1N[*],Bandgap,2.6121,eV,polyverse_bandgap,train,clean,clean,measured_target
poly_4205,C(F)(F)CC(F)(F)O,Bandgap,9.1922,eV,polyverse_bandgap,train,clean,clean,measured_target
poly_275,[*]NC(C=C1)=CC=C1C(=S)C(C=C2)=CC=C2[*],Bandgap,2.3252,eV,polyverse_bandgap,train,clean,clean,measured_target
poly_3409,[*]CC(=O)NCCCCCCNC(=O)COC(=O)CCCCCCC(=O)O[*],Bandgap,5.8774,eV,polyverse_bandgap,train,clean,clean,measured_target
poly_694,[*]c1cc(Br)c(Oc2c(Br)cc(N3C(=O)c4ccc(S(=O)(=O)c5ccc6c(c5)C(=O)N([*])C6=O)cc4C3=O)cc2Br)c(Br)c1,Bandgap,2.9195,eV,polyverse_bandgap,train,clean,clean,measured_target
poly_1982,[*]CCCCCCC(=O)OCCOC(=O)c1ccc(O[*])cc1,Bandgap,4.4498,eV,polyverse_bandgap,train,clean,clean,measured_target
poly_3138,[*]C1CCC(CC2CCC(N3C(=O)C4C5C=CC(C6C(=O)N([*])C(=O)C56)C4C3=O)CC2)CC1,Bandgap,5.6263,eV,polyverse_bandgap,train,clean,clean,measured_target
poly_3702,[*]CCCCCCCCCCCCCCOC(=O)CC=CCC(=O)O[*],Bandgap,6.2176,eV,polyverse_bandgap,train,clean,clean,measured_target
poly_1948,[*]C=CC1CC([*])C2C(=O)N(c3ccccc3C)C(=O)C12,Bandgap,4.4184,eV,polyverse_bandgap,train,clean,clean,measured_target
poly_3239,[*]CC1(CO[*])CC2CCC1CC2,Bandgap,5.7352,eV,polyverse_bandgap,train,clean,clean,measured_target
poly_4062,[*]CCCCCCCCCCCCOC(=O)CCCCC(=O)O[*],Bandgap,6.7363,eV,polyverse_bandgap,train,clean,clean,measured_target
poly_2731,[*]CCCCNC(=O)C(OC)C(OC)C(=O)N[*],Bandgap,5.1811,eV,polyverse_bandgap,train,clean,clean,measured_target
poly_2723,[*]OC(C)COC(=O)Cc1ccc(CC([*])=O)cc1,Bandgap,5.1711,eV,polyverse_bandgap,train,clean,clean,measured_target
poly_2233,[*]CCCNC(=O)c1ccc(C(=O)N[*])cc1,Bandgap,4.6883,eV,polyverse_bandgap,train,clean,clean,measured_target
poly_3958,[*]OC1CCC(OC(=O)OCCCCOC([*])=O)CC1,Bandgap,6.5845,eV,polyverse_bandgap,train,clean,clean,measured_target
poly_33,[*]c1cc2c(s1)-c1sc([*])cc1C2=O,Bandgap,1.1662,eV,polyverse_bandgap,train,clean,clean,measured_target
poly_3908,[*]CC(OC(C)=O)C(COC(=O)O[*])OC(C)=O,Bandgap,6.5157,eV,polyverse_bandgap,train,clean,clean,measured_target
poly_3153,[*]C12CC3CC([*])(C1)CC(CCCC)(C3)C2,Bandgap,5.6409,eV,polyverse_bandgap,train,clean,clean,measured_target
poly_1418,[*]C(=O)NNC(=O)C(=O)NNC(=O)c1cncc([*])n1,Bandgap,3.8132,eV,polyverse_bandgap,train,clean,clean,measured_target
poly_2585,[*]C(=O)NCCCCCCNC(=O)C1=COC=C([*])O1,Bandgap,5.0297,eV,polyverse_bandgap,train,clean,clean,measured_target
poly_887,[*]c1cc([*])c(O)c(C=Nc2ccc(S(=O)(=O)O)cc2)c1,Bandgap,3.1631,eV,polyverse_bandgap,train,clean,clean,measured_target
poly_3952,[*]CCCCCCCCCC(=O)O[*],Bandgap,6.5763,eV,polyverse_bandgap,train,clean,clean,measured_target
poly_1913,[*]CCOC(=O)c1ccc(-c2ccc(C(=O)O[*])cc2C)c(C)c1,Bandgap,4.3776,eV,polyverse_bandgap,train,clean,clean,measured_target
poly_3233,[*]NC1CCC(CC2CCC(NC(=O)CCCCCCCCC([*])=O)CC2)CC1,Bandgap,5.7313,eV,polyverse_bandgap,train,clean,clean,measured_target
poly_1351,[*]c1ccc(Oc2ccc(C(c3ccc(Oc4ccc(-c5nnc([*])n5-c5ccc(C)cc5)cc4)cc3)(C(F)(F)F)C(F)(F)F)cc2)cc1,Bandgap,3.7304,eV,polyverse_bandgap,train,clean,clean,measured_target
poly_938,[*]c1ccc(-c2cc(-c3ccccc3)c3cc(-c4ccc5nc([*])cc(-c6ccccc6)c5c4)ccc3n2)cc1,Bandgap,3.236,eV,polyverse_bandgap,train,clean,clean,measured_target
poly_1866,[*]CCOCCOCCOC(=O)CSC(=O)Nc1ccc(C)c(NC(=O)SCC(=O)O[*])c1,Bandgap,4.3129,eV,polyverse_bandgap,train,clean,clean,measured_target
poly_1009,[*]Nc1cc(OCC)c([*])cc1OCC,Bandgap,3.3328,eV,polyverse_bandgap,train,clean,clean,measured_target
poly_2900,[*]CCCN(Cc1ccccc1)C(=O)S[*],Bandgap,5.347,eV,polyverse_bandgap,train,clean,clean,measured_target
poly_46,[*]c1sc([*])c2c1OCCO2,Bandgap,1.338,eV,polyverse_bandgap,train,clean,clean,measured_target
poly_4067,[*]CCCCCCCCCCCCCCCC(=O)O[*],Bandgap,6.7472,eV,polyverse_bandgap,train,clean,clean,measured_target
poly_3378,[*]CCCCCCCCCCc1nnc([*])n1N,Bandgap,5.8601,eV,polyverse_bandgap,train,clean,clean,measured_target
poly_2276,[*]CC([*])c1cc(C)cc(C)c1,Bandgap,4.7319,eV,polyverse_bandgap,train,clean,clean,measured_target
poly_3416,[*]c1nnc(C2CC3(CC([*])C3)C2)o1,Bandgap,5.8846,eV,polyverse_bandgap,train,clean,clean,measured_target
poly_2501,[*]CCc1c(C)c(C)c([*])c(C)c1C,Bandgap,4.9425,eV,polyverse_bandgap,train,clean,clean,measured_target
poly_801,[*]c1ccc(-c2nc3ccc(-c4ccc5nc([*])c(-c6ccccc6)nc5c4)cc3nc2-c2ccccc2)cc1,Bandgap,3.0402,eV,polyverse_bandgap,train,clean,clean,measured_target
poly_2912,[*]CCC(Cl)=C([*])Cl,Bandgap,5.3651,eV,polyverse_bandgap,train,clean,clean,measured_target
poly_1490,[*]c1ccc(Sc2cccc(Sc3ccc(S([*])=O)cc3)c2)cc1,Bandgap,3.9082,eV,polyverse_bandgap,train,clean,clean,measured_target
poly_4071,[*]CCCCCCCCCCOC(=O)CCCCCCCCC(=O)O[*],Bandgap,6.7518,eV,polyverse_bandgap,train,clean,clean,measured_target
poly_1340,[*]Oc1ccc(S(=O)(=O)c2ccc(Oc3ccc(C=Cc4ccc([*])cc4)cc3)cc2)cc1,Bandgap,3.7154,eV,polyverse_bandgap,train,clean,clean,measured_target
poly_6,[*]C=C([*])c1ccc(N)cc1,Bandgap,0.2334,eV,polyverse_bandgap,train,clean,clean,measured_target
poly_632,[*]c1sc([*])c(OCCCCCCC)c1C,Bandgap,2.8389,eV,polyverse_bandgap,train,clean,clean,measured_target
poly_3818,[*]OC1CCC(NC([*])=O)CC1,Bandgap,6.3762,eV,polyverse_bandgap,train,clean,clean,measured_target
poly_470,[*]C(=O)c1ccc2c(c1)C(=O)N(c1ccc(Oc3ccc(S(=O)(=O)c4ccc(Oc5ccc(N6C(=O)c7ccc([*])cc7C6=O)cc5)cc4)cc3)cc1)C2=O,Bandgap,2.5975,eV,polyverse_bandgap,train,clean,clean,measured_target
poly_1912,[*]CCOCCOCCOCCOCCOCCOC(=O)c1cccc(C(=O)O[*])c1,Bandgap,4.3767,eV,polyverse_bandgap,train,clean,clean,measured_target
poly_4012,[*]CCC1CC([*])C2C3CC(CC)C(C3)C12,Bandgap,6.6591,eV,polyverse_bandgap,train,clean,clean,measured_target
poly_3092,[*]NC(C)C(=O)NC(C)C(=O)NCC([*])=O,Bandgap,5.5704,eV,polyverse_bandgap,train,clean,clean,measured_target
poly_999,[*]c1ccc(N2C(=O)c3ccc(-c4ccc5c(c4)C(=O)N([*])C5=O)cc3C2=O)nc1,Bandgap,3.3218,eV,polyverse_bandgap,train,clean,clean,measured_target
poly_1169,[*]C(C#N)=C(C#N)n1c(=O)c2cc3c(=O)n([*])c(=O)c3cc2c1=O,Bandgap,3.5209,eV,polyverse_bandgap,train,clean,clean,measured_target
poly_4186,[*]CCCC([*])C#N,Bandgap,7.8416,eV,polyverse_bandgap,train,clean,clean,measured_target
poly_712,[*]c1cc(CCCCCCCCCCCCCCCC)c([*])[nH]1,Bandgap,2.9385,eV,polyverse_bandgap,train,clean,clean,measured_target
poly_1812,[*]C(=O)OC(S1)=CC=C1O[*],Bandgap,4.2683,eV,polyverse_bandgap,train,clean,clean,measured_target
poly_2940,[*]OC(c1ccco1)C(C)(C)C([*])=O,Bandgap,5.3981,eV,polyverse_bandgap,train,clean,clean,measured_target
poly_3593,[*]CCCCCOC(=O)NC(=O)C1CC1C(=O)NC(=O)O[*],Bandgap,6.0591,eV,polyverse_bandgap,train,clean,clean,measured_target
poly_1897,[*]CC([*])OC(=O)c1ccc(OC)cc1,Bandgap,4.3587,eV,polyverse_bandgap,train,clean,clean,measured_target
poly_1290,[*]Oc1ccc(OC(=O)c2ccc(C([*])=O)cc2)cc1C1CCCCCCC1,Bandgap,3.657,eV,polyverse_bandgap,train,clean,clean,measured_target
poly_4118,[*]CCC([2H])C([*])([2H])C,Bandgap,6.8858,eV,polyverse_bandgap,train,clean,clean,measured_target
poly_3127,[*]CCCCCCCCCCCCNC(=O)C(OC)C(OC)C(=O)N[*],Bandgap,5.6105,eV,polyverse_bandgap,train,clean,clean,measured_target
poly_1017,O([*])c1cc(cc(CCCCCCCCC)c1)OC(=O)c1c(F)c(ccc1)C(=O)([*]),Bandgap,3.343,eV,polyverse_bandgap,train,clean,clean,measured_target
poly_341,[*]NC(C=C1)=CC=C1C(S2)=CC=C2C(=S)[*],Bandgap,2.4469,eV,polyverse_bandgap,train,clean,clean,measured_target
poly_3009,[*]Cc1ccc(COC(=O)CCCCC(=O)O[*])cc1,Bandgap,5.4786,eV,polyverse_bandgap,train,clean,clean,measured_target
poly_3619,[*]CCCCCCCCO[*],Bandgap,6.0919,eV,polyverse_bandgap,train,clean,clean,measured_target
poly_1584,[*]CCCCCCCCc1nc2ccc(-c3ccc4nc([*])sc4c3)cc2s1,Bandgap,4.018,eV,polyverse_bandgap,train,clean,clean,measured_target
poly_3572,[*]CC([*])C(=O)OCCC(C)OC,Bandgap,6.0444,eV,polyverse_bandgap,train,clean,clean,measured_target
poly_1525,[*]CC(=O)C(C=C1)=CC=C1C(C=C2)=CC=C2[*],Bandgap,3.9498,eV,polyverse_bandgap,train,clean,clean,measured_target
poly_281,[*]C(C=C1)=CC=C1C(C=C2)=CC=C2C(S3)=CC=C3C(=S)[*],Bandgap,2.3377,eV,polyverse_bandgap,train,clean,clean,measured_target
poly_1785,[*]C(=O)NCCCCCCCCCCNC(=O)c1ccnc([*])c1,Bandgap,4.2437,eV,polyverse_bandgap,train,clean,clean,measured_target
poly_2484,[*]Cc1ccc(CNC(C)=N[*])cc1,Bandgap,4.9307,eV,polyverse_bandgap,train,clean,clean,measured_target
poly_2096,[*]C=CC1CC([*])C2C(=O)N(c3cccc(C)c3)C(=O)C12,Bandgap,4.5667,eV,polyverse_bandgap,train,clean,clean,measured_target
poly_35,[*]c1cc2c(s1)-c1sc(-c3sc(-c4sc([*])c5c4OCCO5)c4c3OCCO4)cc1C2=O,Bandgap,1.2082,eV,polyverse_bandgap,train,clean,clean,measured_target
poly_4123,[*]COC(=O)OCC1OC(OCC)OC1[*],Bandgap,6.9052,eV,polyverse_bandgap,train,clean,clean,measured_target
poly_342,[*]c1cc(CC(=O)O)c([*])s1,Bandgap,2.4489,eV,polyverse_bandgap,train,clean,clean,measured_target
poly_969,[*]C=Nc1ccc(S(=O)(=O)c2ccc(N=Cc3ccc(Sc4ccc([*])o4)o3)cc2)cc1,Bandgap,3.2744,eV,polyverse_bandgap,train,clean,clean,measured_target
poly_3967,[*]CCCCCCOC(=O)NCC(F)(F)C(F)(F)C(F)(F)C(F)(F)CNC(=O)O[*],Bandgap,6.5962,eV,polyverse_bandgap,train,clean,clean,measured_target
poly_2268,[*]Oc1ccc(C(c2ccc(OC([*])=O)cc2)C2CC3CCC2C3)cc1,Bandgap,4.7159,eV,polyverse_bandgap,train,clean,clean,measured_target
poly_761,[*]NC(C=C1)=CC=C1C(=O)C(S2)=CC=C2[*],Bandgap,2.987,eV,polyverse_bandgap,train,clean,clean,measured_target
poly_3581,[*]OCCOCCOC(=O)C(CC)C([*])=O,Bandgap,6.0479,eV,polyverse_bandgap,train,clean,clean,measured_target
poly_225,[*]C(=O)c1ccc2c(c1)C(=O)N(c1ccc(Sc3ccc(N4C(=O)c5ccc([*])cc5C4=O)cn3)nc1)C2=O,Bandgap,2.1786,eV,polyverse_bandgap,train,clean,clean,measured_target
poly_1883,[*]COC(=O)Nc1ccc(Cc2ccc(NC(=O)OCc3cocc3[*])cc2)cc1,Bandgap,4.342,eV,polyverse_bandgap,train,clean,clean,measured_target
poly_455,[*]c1ccc(-c2ccc(-n3c(=O)c4cc5c(=O)n([*])c(=O)c5cc4c3=O)c(OC)c2)cc1OC,Bandgap,2.5805,eV,polyverse_bandgap,train,clean,clean,measured_target
poly_1502,[*]Oc1ccc(C(=O)Nc2ccc(SCCC([*])=O)cc2)cc1,Bandgap,3.9231,eV,polyverse_bandgap,train,clean,clean,measured_target
poly_1543,[*]Oc1ccc(-c2ccc(Oc3cccc([*])n3)cc2)cc1,Bandgap,3.9729,eV,polyverse_bandgap,train,clean,clean,measured_target
poly_3182,[*]CC1CCC(CNC(=O)CCCCCCCCC(=O)N[*])CC1,Bandgap,5.67,eV,polyverse_bandgap,train,clean,clean,measured_target
poly_218,[*]N=Nc1ccc(-c2ccc([*])c(C)c2)cc1C,Bandgap,2.1576,eV,polyverse_bandgap,train,clean,clean,measured_target
poly_1342,[*]CCCCc1nc(-c2ccc(-c3csc([*])n3)cc2)cs1,Bandgap,3.7161,eV,polyverse_bandgap,train,clean,clean,measured_target
poly_599,[*]C(=O)c1ccc2c(c1)C(=O)N(c1ccc(Cc3ccc(N4C(=O)c5ccc([*])cc5C4=O)cc3)cc1)C2=O,Bandgap,2.7913,eV,polyverse_bandgap,train,clean,clean,measured_target
poly_2254,[*]C1C=CC(S([*])(=O)=O)C1,Bandgap,4.7063,eV,polyverse_bandgap,train,clean,clean,measured_target
poly_3024,[*]CCCCC(=O)NCc1ccc(CNC(=O)CCCCO[*])cc1,Bandgap,5.5008,eV,polyverse_bandgap,train,clean,clean,measured_target
poly_3126,[*]CCN([*])C(=O)C(F)(F)C(F)(F)F,Bandgap,5.6095,eV,polyverse_bandgap,train,clean,clean,measured_target
poly_906,[*]C(=O)OCCCCCCCCCCCCOC(=O)c1ccc(N2C(=O)c3ccc([*])cc3C2=O)cc1,Bandgap,3.1825,eV,polyverse_bandgap,train,clean,clean,measured_target
poly_9,[*]c1cc2c(s1)-c1sc([*])cc1C2=C(C#N)C#N,Bandgap,0.7226,eV,polyverse_bandgap,train,clean,clean,measured_target
poly_3125,[*]C(=O)COCC(=O)N1CCN([*])CC1,Bandgap,5.6093,eV,polyverse_bandgap,train,clean,clean,measured_target
poly_989,[*]c1cccc(-c2nc3ccc(-c4ccc5nc([*])sc5c4)cc3s2)c1,Bandgap,3.3054,eV,polyverse_bandgap,train,clean,clean,measured_target
poly_1288,[*]Oc1ccc(Oc2ccc(C(=O)c3ccc([*])cc3)cc2)cc1CBr,Bandgap,3.654,eV,polyverse_bandgap,train,clean,clean,measured_target
poly_3266,[*]CCCCCNC(=O)CCCCCCCCCCCCCCCCC(=O)N[*],Bandgap,5.7624,eV,polyverse_bandgap,train,clean,clean,measured_target
poly_2792,[*]CCCCCCCCCCCSCCCCCCS[*],Bandgap,5.2308,eV,polyverse_bandgap,train,clean,clean,measured_target
poly_34,[*]C1=CC2=CC([*])=NC2=N1,Bandgap,1.1879,eV,polyverse_bandgap,train,clean,clean,measured_target
poly_2336,[*]CCCNC(=O)CCCCC(=O)NCCCN([*])C,Bandgap,4.7916,eV,polyverse_bandgap,train,clean,clean,measured_target
poly_562,[*]C(=O)Oc1ccc(-c2ccc(OC(=O)c3ccc4c(c3)C(=O)N(c3ccc(Oc5ccc(N6C(=O)c7ccc([*])cc7C6=O)cc5)cc3)C4=O)cc2)cc1,Bandgap,2.736,eV,polyverse_bandgap,train,clean,clean,measured_target
poly_2178,[*]OC1C(C)(C)C(OC(=O)c2ccc(C([*])=O)cc2)C1(C)C,Bandgap,4.6397,eV,polyverse_bandgap,train,clean,clean,measured_target
poly_2420,[*]CC(C=C)O[*],Bandgap,4.878,eV,polyverse_bandgap,train,clean,clean,measured_target
poly_1911,[*]CCCc1nc2cc(-c3ccc4[nH]c([*])nc4c3)ccc2[nH]1,Bandgap,4.3737,eV,polyverse_bandgap,train,clean,clean,measured_target
poly_2964,[*]CNON[*],Bandgap,5.422999999999999,eV,polyverse_bandgap,train,clean,clean,measured_target
poly_4011,[*]OC(=O)OCCCCCCCCOC(=O)OC1COC2C([*])COC12,Bandgap,6.6545,eV,polyverse_bandgap,train,clean,clean,measured_target
poly_1704,[*]Oc1cccc(OC(=O)c2cc(OCCCCC)cc(C([*])=O)c2)c1,Bandgap,4.154,eV,polyverse_bandgap,train,clean,clean,measured_target
poly_1879,[*]Oc1ccc(-c2ccc(Oc3ccc(C(C)(C)c4ccc([*])cc4)cc3)cc2)cc1,Bandgap,4.3326,eV,polyverse_bandgap,train,clean,clean,measured_target
poly_2572,[*]CCCCCCCCCCNC(=O)C=CCCC=CC(=O)N[*],Bandgap,5.017,eV,polyverse_bandgap,train,clean,clean,measured_target
poly_1678,[*]Oc1cccc2c(OC(=O)Oc3cccc(OC([*])=O)c3)cccc12,Bandgap,4.1279,eV,polyverse_bandgap,train,clean,clean,measured_target
poly_289,[*]c1cc(CCCCC)c([*])s1,Bandgap,2.3523,eV,polyverse_bandgap,train,clean,clean,measured_target
poly_2299,[*]CNOC(C=C1)=CC=C1[*],Bandgap,4.7514,eV,polyverse_bandgap,train,clean,clean,measured_target
poly_2921,[*]NNC(=O)CCCCC(=O)NNC(=O)CCCCCCCCC([*])=O,Bandgap,5.3783,eV,polyverse_bandgap,train,clean,clean,measured_target
poly_2445,[*]Nc1ccc(CC(C)(C)NC(=O)CCCCC([*])=O)cc1,Bandgap,4.9015,eV,polyverse_bandgap,train,clean,clean,measured_target
poly_2000,[*]CCCCc1nc2cc3nc([*])[nH]c3cc2[nH]1,Bandgap,4.4728,eV,polyverse_bandgap,train,clean,clean,measured_target
poly_2425,[*]CCN([*])C(=O)c1ccc(F)c(F)c1,Bandgap,4.8837,eV,polyverse_bandgap,train,clean,clean,measured_target
poly_1463,[*]Oc1ccc(C(C)(C)c2ccc(OC(=O)c3ccc(Cc4ccc(C([*])=O)cc4)cc3)cc2)cc1,Bandgap,3.8707,eV,polyverse_bandgap,train,clean,clean,measured_target
poly_74,[*]c1sc([*])c([2H])c1[2H],Bandgap,1.5424,eV,polyverse_bandgap,train,clean,clean,measured_target
poly_1639,[*]Nc1ccc(NC(=O)C=C(CC([*])=O)c2cc(C)ccc2OC)cc1,Bandgap,4.0823,eV,polyverse_bandgap,train,clean,clean,measured_target
poly_1582,[*]CC(C=C1)=CC=C1C(=O)C(S2)=CC=C2[*],Bandgap,4.0155,eV,polyverse_bandgap,train,clean,clean,measured_target
poly_60,[*]c1sc(-c2cc(CCCCCCCCCC)c([*])s2)cc1CCCCCCCCCC,Bandgap,1.4512,eV,polyverse_bandgap,train,clean,clean,measured_target
poly_3457,[*]CCCCC(C)CC(=O)N[*],Bandgap,5.9298,eV,polyverse_bandgap,train,clean,clean,measured_target
poly_2930,[*]CC(C)(CO[*])COCC(F)(F)F,Bandgap,5.3886,eV,polyverse_bandgap,train,clean,clean,measured_target
poly_437,[*]c1sc([*])c2nc(CC)c(CC)nc12,Bandgap,2.5623,eV,polyverse_bandgap,train,clean,clean,measured_target
poly_3228,[*]COC1COC([*])c2ccccc21,Bandgap,5.7277,eV,polyverse_bandgap,train,clean,clean,measured_target
poly_633,[*]c1ccc(-n2c(=O)c3cc4c(=O)n([*])c(=O)c4cc3c2=O)cc1,Bandgap,2.8396,eV,polyverse_bandgap,train,clean,clean,measured_target
poly_3325,[*]NC1CCCC1C([*])=O,Bandgap,5.8081,eV,polyverse_bandgap,train,clean,clean,measured_target
poly_3217,[*]C(=O)NC1CC1NC(=O)N1CCN([*])CC1,Bandgap,5.7153,eV,polyverse_bandgap,train,clean,clean,measured_target
poly_889,[*]CC(C=C1)=CC=C1C(S2)=CC=C2C(S3)=CC=C3[*],Bandgap,3.1679,eV,polyverse_bandgap,train,clean,clean,measured_target
poly_794,[*]c1cc([*])c(O)c(C=Nc2ccc(Cl)cc2)c1,Bandgap,3.0338,eV,polyverse_bandgap,train,clean,clean,measured_target
poly_2440,[*]CCCCCS[*],Bandgap,4.8974,eV,polyverse_bandgap,train,clean,clean,measured_target
poly_2642,[*]CC([*])C(=O)OCCCCCCSCC#N,Bandgap,5.0954,eV,polyverse_bandgap,train,clean,clean,measured_target
poly_1061,[*]c1cc(C=Nc2ccc(C)cc2)c([*])c(OC)c1,Bandgap,3.394,eV,polyverse_bandgap,train,clean,clean,measured_target
poly_1966,[*]CCC(=O)C(C=C1)=CC=C1[*],Bandgap,4.4327,eV,polyverse_bandgap,train,clean,clean,measured_target
poly_2777,[*]CC(=O)C1CCC([*])C(=O)C1,Bandgap,5.2209,eV,polyverse_bandgap,train,clean,clean,measured_target
poly_2532,[*]CC(OC(C)=O)C1C(=O)N(c2ccccc2)C(=O)C1([*])Cl,Bandgap,4.9786,eV,polyverse_bandgap,train,clean,clean,measured_target
poly_3062,[*]OC(=O)C(Cc1ccccc1)NC(=O)CCCCCCCCCCC(=O)NC(Cc1ccccc1)C(=O)OC1COC2C([*])COC12,Bandgap,5.5417,eV,polyverse_bandgap,train,clean,clean,measured_target
poly_940,[*]Nc1ccc(Cc2ccc(NC(=O)c3cc(C([*])=O)cc(N4C(=O)C5C6CCC(C6)C5C4=O)c3)cc2)cc1,Bandgap,3.2426,eV,polyverse_bandgap,train,clean,clean,measured_target
poly_217,[*]SC([*])=S,Bandgap,2.1529,eV,polyverse_bandgap,train,clean,clean,measured_target
poly_4175,[*]CCC(O[*])(C(F)(F)F)C(F)(F)F,Bandgap,7.3424,eV,polyverse_bandgap,train,clean,clean,measured_target
poly_2802,[*]Cc1ccc(CNC(=O)CCCCCCCCCCC(=O)N[*])cc1,Bandgap,5.2391,eV,polyverse_bandgap,train,clean,clean,measured_target
poly_1149,[*]Nc1ccc([*])cc1O,Bandgap,3.4981,eV,polyverse_bandgap,train,clean,clean,measured_target
poly_812,[*]C(=O)c1ccc2c(c1)C(=O)N(c1ccc(N3C(=O)c4ccc([*])cc4C3=O)nc1)C2=O,Bandgap,3.0618,eV,polyverse_bandgap,train,clean,clean,measured_target
poly_706,[*]CCCCCCCCCCCOc1ccc(C=CC=Cc2ccc(O[*])cc2)cc1,Bandgap,2.9306,eV,polyverse_bandgap,train,clean,clean,measured_target
poly_111,[*]C#Cc1sc(-c2sc([*])c3c2OCCO3)c2c1OCCO2,Bandgap,1.714,eV,polyverse_bandgap,train,clean,clean,measured_target
poly_1869,[*]CCCCCc1nc2cc3sc([*])nc3cc2s1,Bandgap,4.3183,eV,polyverse_bandgap,train,clean,clean,measured_target
poly_3056,[*]CCCCCCCCCNC(=O)CCCCCCCCC(=O)N[*],Bandgap,5.5339,eV,polyverse_bandgap,train,clean,clean,measured_target
poly_3758,[*]OC(COC(F)(C(F)(F)F)C(F)(F)F)C([*])COC(F)(C(F)(F)F)C(F)(F)F,Bandgap,6.2936,eV,polyverse_bandgap,train,clean,clean,measured_target
poly_3626,CNC(=O)ONC(=O)NO,Bandgap,6.1065,eV,polyverse_bandgap,train,clean,clean,measured_target
poly_2972,[*]C=CCC(C[*])c1ccccc1,Bandgap,5.4294,eV,polyverse_bandgap,train,clean,clean,measured_target
poly_856,[*]C#Cc1cc(OCCCCCC)c(C#Cc2ccc3c(-c4c(O)ccc5cc([*])ccc45)c(O)ccc3c2)cc1OCCCCCC,Bandgap,3.1184,eV,polyverse_bandgap,train,clean,clean,measured_target
poly_1884,[*]Oc1ccc(C2(c3ccc(OC([*])=O)c(Cl)c3)CC3CCC2C3)cc1Cl,Bandgap,4.342,eV,polyverse_bandgap,train,clean,clean,measured_target
poly_3714,[*]NC1(F)CC(C(F)F)C([*])C(F)(F)C1F,Bandgap,6.2329,eV,polyverse_bandgap,train,clean,clean,measured_target
poly_294,[*]C(C=C1)=CC=C1C(S2)=CC=C2C(C=C3)=CC=C3C(=S)[*],Bandgap,2.359,eV,polyverse_bandgap,train,clean,clean,measured_target
poly_814,[*]Oc1ccc(NC(=C(C#N)C#N)c2ccc3cc(C(Nc4ccc([*])cc4)=C(C#N)C#N)ccc3c2)cc1,Bandgap,3.062,eV,polyverse_bandgap,train,clean,clean,measured_target
poly_726,[*]Nc1ccc(C#Cc2ccc(C([*])=O)cc2)cc1,Bandgap,2.9535,eV,polyverse_bandgap,train,clean,clean,measured_target
poly_440,[*]CC(O)CN([*])c1ccc(N=Nc2ccc(C(=O)O)cc2)cc1,Bandgap,2.5695,eV,polyverse_bandgap,train,clean,clean,measured_target
poly_2234,[*]Oc1ccc(C(C)(CCC#N)c2ccc(OC([*])=O)c(C)c2)cc1C,Bandgap,4.6886,eV,polyverse_bandgap,train,clean,clean,measured_target
poly_3484,[*]CCC1CC(=O)N([*])C1=O,Bandgap,5.9499,eV,polyverse_bandgap,train,clean,clean,measured_target
poly_3198,[*]CCCCCCCCCCNC(=O)CCCCCCCCCCCCC(=O)N[*],Bandgap,5.6985,eV,polyverse_bandgap,train,clean,clean,measured_target
poly_4150,[*]C(F)(F)C1(F)C(F)(F)C([*])(F)C(F)(F)C(F)(F)C(F)(F)C1(F)F,Bandgap,7.0703,eV,polyverse_bandgap,train,clean,clean,measured_target
poly_1941,[*]Oc1ccc(NC(=O)OCCOC(=O)Nc2ccc([*])cc2)cc1,Bandgap,4.4102,eV,polyverse_bandgap,train,clean,clean,measured_target
poly_1205,[*]C(=O)C(S1)=CC=C1OC(S2)=CC=C2[*],Bandgap,3.5651,eV,polyverse_bandgap,train,clean,clean,measured_target
poly_190,[*]C=Nc1ccc(N=Cc2ccc(-c3ccc([*])o3)o2)cc1,Bandgap,2.0682,eV,polyverse_bandgap,train,clean,clean,measured_target
poly_1521,[*]c1ccc2c(c1)c1cc([*])ccc1n2C(=O)OCC,Bandgap,3.9429,eV,polyverse_bandgap,train,clean,clean,measured_target
poly_973,[*]NC(C=C1)=CC=C1C(=O)C(C=C2)=CC=C2[*],Bandgap,3.2765,eV,polyverse_bandgap,train,clean,clean,measured_target
poly_1881,[*]Oc1ccc(NC(=O)Nc2ccc(Cc3ccc(NC([*])=O)cc3)cc2)cc1C,Bandgap,4.3385,eV,polyverse_bandgap,train,clean,clean,measured_target
poly_1042,[*]c1ccc(-c2ccc3[nH]c(-c4nc5cc([*])ccc5[nH]4)nc3c2)cc1,Bandgap,3.3642,eV,polyverse_bandgap,train,clean,clean,measured_target
poly_715,[*]C(=O)Nc1ccc(C2(c3ccc(N4C(=O)c5ccc([*])cc5C4=O)cc3)CCC(CC)CC2)cc1,Bandgap,2.9391,eV,polyverse_bandgap,train,clean,clean,measured_target
poly_1892,[*]Oc1ccc(C(=C(Cl)Cl)c2ccc(OC([*])=O)cc2)cc1,Bandgap,4.3471,eV,polyverse_bandgap,train,clean,clean,measured_target
poly_271,C(=O)C(=S)C(=O)O,Bandgap,2.3194,eV,polyverse_bandgap,train,clean,clean,measured_target
poly_1776,[*]Oc1c(C)cc([*])cc1C(C)CCC,Bandgap,4.2294,eV,polyverse_bandgap,train,clean,clean,measured_target
poly_1414,[*]CCCCOC(=O)c1ccc(-c2ccc(-c3ccc(C(=O)O[*])cc3)cc2)cc1,Bandgap,3.8116,eV,polyverse_bandgap,train,clean,clean,measured_target
poly_220,[*]N=C1c2ccccc2C(=Nc2ccc([*])cc2)c2ccc(C(C)(C)C)cc21,Bandgap,2.1672,eV,polyverse_bandgap,train,clean,clean,measured_target
poly_772,[*]C=Cc1ccc(C=Cc2cc(OCCCCCCCCCCCC)c([*])cc2OC)cc1,Bandgap,2.9983,eV,polyverse_bandgap,train,clean,clean,measured_target
poly_3450,[*]NC(CC([*])=O)C(=O)OCCCCCC,Bandgap,5.9232,eV,polyverse_bandgap,train,clean,clean,measured_target
poly_1006,[*]Oc1ccc(Nc2ccc(C(=O)c3ccc(C(=O)c4ccc(Nc5ccc([*])cc5)cc4)cc3)cc2)cc1,Bandgap,3.3281,eV,polyverse_bandgap,train,clean,clean,measured_target
poly_3289,[*]NC(C)C(=O)NCCC([*])=O,Bandgap,5.7775,eV,polyverse_bandgap,train,clean,clean,measured_target
poly_2053,[*]C(=O)NCCCCCCNC(=O)c1ccc([*])o1,Bandgap,4.5303,eV,polyverse_bandgap,train,clean,clean,measured_target
poly_3491,[*]CCNC(=O)CCCCCCCCC(=O)N[*],Bandgap,5.9599,eV,polyverse_bandgap,train,clean,clean,measured_target
poly_339,[*]c1sc([*])c2nc(-c3ccccc3)c(C)nc12,Bandgap,2.4458,eV,polyverse_bandgap,train,clean,clean,measured_target
poly_1934,[*]CC(=O)CC(S1)=CC=C1[*],Bandgap,4.4041,eV,polyverse_bandgap,train,clean,clean,measured_target
poly_1291,[*]Cc1ccc(COC(=O)c2cc(-c3ccccc3)ccc2C(=O)O[*])cc1,Bandgap,3.6607,eV,polyverse_bandgap,train,clean,clean,measured_target
poly_2479,[*]O[Si](C)(C)Oc1ccc(C(C)(C)c2ccc([*])cc2)cc1,Bandgap,4.9271,eV,polyverse_bandgap,train,clean,clean,measured_target
poly_3180,[*]CCCCCNC(=O)CCCCCCCCCCCCC(=O)N[*],Bandgap,5.6675,eV,polyverse_bandgap,train,clean,clean,measured_target
poly_1915,[*]CC#CC#CCOc1ccc(C(C)(C)c2ccc(O[*])cc2)cc1,Bandgap,4.3802,eV,polyverse_bandgap,train,clean,clean,measured_target
poly_2612,[*]OC1CCCCC1[*],Bandgap,5.0758,eV,polyverse_bandgap,train,clean,clean,measured_target
poly_619,[*]C(=O)c1ccc2c(c1)C(=O)N(c1cc(OCCCCCCCC)cc(N3C(=O)c4ccc([*])cc4C3=O)c1)C2=O,Bandgap,2.8168,eV,polyverse_bandgap,train,clean,clean,measured_target
poly_1775,[*]NNC(=O)c1ccc(C([*])=O)cc1OCCCCC,Bandgap,4.2275,eV,polyverse_bandgap,train,clean,clean,measured_target
poly_1214,C(F)(F)C(F)(F)C(=O)C(S1)=CC=C1,Bandgap,3.5797,eV,polyverse_bandgap,train,clean,clean,measured_target
poly_1466,[*]CCCCOC(=O)SSC(=O)O[*],Bandgap,3.8783,eV,polyverse_bandgap,train,clean,clean,measured_target
poly_3679,[*]CCCCOC(=O)NCCCCCCNC(=O)O[*],Bandgap,6.1879,eV,polyverse_bandgap,train,clean,clean,measured_target
poly_1283,[*]OCCOCCOCCOc1cc([*])nc2ccc(OC)cc12,Bandgap,3.6503,eV,polyverse_bandgap,train,clean,clean,measured_target
poly_3962,[*]CC(C)(C)COC(=O)CCCCCCCCC(=O)O[*],Bandgap,6.5911,eV,polyverse_bandgap,train,clean,clean,measured_target
poly_4054,[*]OC(C)CCOC(=O)CCCCCCCCCCC([*])=O,Bandgap,6.7191,eV,polyverse_bandgap,train,clean,clean,measured_target
poly_12,[*]c1sc([*])c2nc(-c3ccccc3)c(CCCCCCC)nc12,Bandgap,0.8340000000000001,eV,polyverse_bandgap,train,clean,clean,measured_target
poly_2681,[*]ON(C(F)(F)F)C(F)(F)C([*])(F)SC(F)(F)F,Bandgap,5.1239,eV,polyverse_bandgap,train,clean,clean,measured_target
poly_420,O([*])c1c(c1ccccc1)cc(c(c1ccccc1)c1)([*]),Bandgap,2.5386,eV,polyverse_bandgap,train,clean,clean,measured_target
poly_3296,[*]CC(CC)O[*],Bandgap,5.7835,eV,polyverse_bandgap,train,clean,clean,measured_target
poly_739,[*]Oc1cc(C(=O)c2ccccc2)c(Oc2ccc([*])cc2)cc1C(=O)c1ccccc1,Bandgap,2.9644,eV,polyverse_bandgap,train,clean,clean,measured_target
poly_2534,[*]CC([*])(C)C(=O)OCc1cccs1,Bandgap,4.9814,eV,polyverse_bandgap,train,clean,clean,measured_target
poly_436,[*]c1ccc2nc([*])sc2c1,Bandgap,2.5619,eV,polyverse_bandgap,train,clean,clean,measured_target
poly_1938,[*]Oc1ccc(C2(c3ccc(OC([*])=O)cc3)c3ccccc3-c3ccccc32)cc1,Bandgap,4.4088,eV,polyverse_bandgap,train,clean,clean,measured_target
poly_3503,[*]CCCCCCCCCCC(=O)NCCCCCCNC(=O)CCCCO[*],Bandgap,5.9732,eV,polyverse_bandgap,train,clean,clean,measured_target
poly_1409,[*]CCOCCOC(=O)C=CC(=O)NCCCCCCNC(=O)C=CC(=O)O[*],Bandgap,3.806,eV,polyverse_bandgap,train,clean,clean,measured_target
poly_2782,[*]C=CC1CC([*])C(F)(F)C1(F)OC(F)(F)C(F)(F)C(F)(F)F,Bandgap,5.2238,eV,polyverse_bandgap,train,clean,clean,measured_target
poly_3320,[*]CCOCCOC(=O)NCCCCCCNC(=O)O[*],Bandgap,5.8048,eV,polyverse_bandgap,train,clean,clean,measured_target
poly_2441,[*]CC(CSC(C)C)O[*],Bandgap,4.8974,eV,polyverse_bandgap,train,clean,clean,measured_target
poly_2264,[*]CC(F)(F)C(F)(F)C(F)(F)C(F)(F)COC(=O)CSCCSCC(=O)O[*],Bandgap,4.7116,eV,polyverse_bandgap,train,clean,clean,measured_target
poly_444,[*]CCN(CCOC(=O)c1ccc(C(=O)O[*])c(OC)c1)c1ccc(N=Nc2ccc(C=Cc3nc4ccc([N+](=O)[O-])cc4n3CC)cc2)cc1,Bandgap,2.5707,eV,polyverse_bandgap,train,clean,clean,measured_target
poly_3033,[*]C=CC1CC([*])C2CCCC12,Bandgap,5.5129,eV,polyverse_bandgap,train,clean,clean,measured_target
poly_3392,[*]CC([*])(C)C(=O)NCCC,Bandgap,5.8684,eV,polyverse_bandgap,train,clean,clean,measured_target
poly_1038,[*]C(=O)NNC(=O)c1cccc(C(=O)NNC(=O)c2cnc([*])cn2)c1,Bandgap,3.3622,eV,polyverse_bandgap,train,clean,clean,measured_target
poly_20,[*]c1cc2c(s1)-c1sc(-c3sc(-c4sc([*])c5c4OCCO5)c4c3OCCO4)cc1C2=C(C#N)C#N,Bandgap,0.9689,eV,polyverse_bandgap,train,clean,clean,measured_target
poly_3360,[*]COC1OC([*])C(O)C(O)C1O,Bandgap,5.8459,eV,polyverse_bandgap,train,clean,clean,measured_target
poly_136,[*]c1ccc(-c2ccc(-c3ccc([*])n3C)o2)s1,Bandgap,1.8872,eV,polyverse_bandgap,train,clean,clean,measured_target
poly_2977,[*]CC([*])C(C)=O,Bandgap,5.4371,eV,polyverse_bandgap,train,clean,clean,measured_target
poly_3096,[*]CCN([*])C(=O)C(C)C,Bandgap,5.5723,eV,polyverse_bandgap,train,clean,clean,measured_target
poly_3223,[*]OC(=O)CCC(=O)OC1COC2C([*])COC12,Bandgap,5.7195,eV,polyverse_bandgap,train,clean,clean,measured_target
poly_3022,[*]C(=O)OC1CC2CC(OC(=O)N3CCN([*])CC3)CC(C1)O2,Bandgap,5.4981,eV,polyverse_bandgap,train,clean,clean,measured_target
poly_200,[*]C=Cc1ccc([*])c2sccc12,Bandgap,2.1063,eV,polyverse_bandgap,train,clean,clean,measured_target
poly_3011,[*]OC(CC([*])=O)C(Cl)(Cl)Cl,Bandgap,5.4848,eV,polyverse_bandgap,train,clean,clean,measured_target
poly_1616,[*]Oc1ccc(C(=O)NNC(=O)c2cccc(C(=O)NNC(=O)c3ccc(OC(=O)c4cccc(C([*])=O)c4)cc3)c2)cc1,Bandgap,4.0535,eV,polyverse_bandgap,train,clean,clean,measured_target
poly_1974,[*]Oc1ccc(C(=O)OC(=O)c2ccc([*])cc2)cc1,Bandgap,4.441,eV,polyverse_bandgap,train,clean,clean,measured_target
poly_3097,[*]CCCCCCNC(=O)C(CC)CC(CC)C(=O)N[*],Bandgap,5.5731,eV,polyverse_bandgap,train,clean,clean,measured_target
poly_80,[*]C=C([*])c1cccc(Br)c1,Bandgap,1.5553,eV,polyverse_bandgap,train,clean,clean,measured_target
poly_1282,[*]Oc1ccc2cc(Oc3ccc(C(=O)c4ccc([*])cc4)cc3)ccc2c1,Bandgap,3.6496,eV,polyverse_bandgap,train,clean,clean,measured_target
poly_3604,[*]CC(=O)N[*],Bandgap,6.0692,eV,polyverse_bandgap,train,clean,clean,measured_target
poly_3100,[*]C=CCCCC(Cl)CCC[*],Bandgap,5.5792,eV,polyverse_bandgap,train,clean,clean,measured_target
poly_2137,[*]NC(CC(=O)OCc1ccc(Cl)cc1)C([*])=O,Bandgap,4.6003,eV,polyverse_bandgap,train,clean,clean,measured_target
poly_269,[*]C#Cc1cc(OCCCCCCCC)c(C#Cc2ccc([*])s2)cc1OCCCCCCCC,Bandgap,2.3184,eV,polyverse_bandgap,train,clean,clean,measured_target
poly_1014,[*]Nc1ccc([*])nc1,Bandgap,3.3373,eV,polyverse_bandgap,train,clean,clean,measured_target
poly_788,[*]c1cc(N=Nc2ccc(C(=O)O)cc2)cc([*])c1O,Bandgap,3.0234,eV,polyverse_bandgap,train,clean,clean,measured_target
poly_2510,[*]c1ccc(N2C(=O)N([*])C2=O)cc1,Bandgap,4.9563,eV,polyverse_bandgap,train,clean,clean,measured_target
poly_336,[*]c1ccc(-c2cc(C(=O)OCCCCCCCCCCCC)c([*])s2)s1,Bandgap,2.4434,eV,polyverse_bandgap,train,clean,clean,measured_target
poly_194,[*]C(C=C1)=CC=C1C(=S)C(S2)=CC=C2C(S3)=CC=C3[*],Bandgap,2.0836,eV,polyverse_bandgap,train,clean,clean,measured_target
poly_1707,[*]OP(=O)(Oc1ccc(-c2ccc([*])cc2)cc1)c1ccccc1,Bandgap,4.1560000000000015,eV,polyverse_bandgap,train,clean,clean,measured_target
poly_1768,[*]CC(=O)OC(=O)COc1ccc(C(C)(C)c2ccc(O[*])cc2)cc1,Bandgap,4.2143,eV,polyverse_bandgap,train,clean,clean,measured_target
poly_1332,[*]Oc1ccc(C(C)(CCC(=O)O)c2ccc(OC(=O)c3cccc(C([*])=O)c3)c([N+](=O)[O-])c2)cc1[N+](=O)[O-],Bandgap,3.7042,eV,polyverse_bandgap,train,clean,clean,measured_target
poly_2104,N([*])C(=O)c1ccc(cc1)C(=O)NCC(C)(C)CC(C)CCC([*]),Bandgap,4.5756,eV,polyverse_bandgap,train,clean,clean,measured_target
poly_1580,[*]CC(S1)=CC=C1C(C=C2)=CC=C2O[*],Bandgap,4.0146,eV,polyverse_bandgap,train,clean,clean,measured_target
poly_2187,[*]Oc1c(Cl)cc(C(C)(C)c2cc(Cl)c(OC([*])=O)c(Cl)c2)cc1Cl,Bandgap,4.6457,eV,polyverse_bandgap,train,clean,clean,measured_target
poly_1445,[*]Oc1ccc(C(=O)OC(C)COC(=O)c2ccc(OC(=O)c3ccc(C([*])=O)cc3)cc2)cc1,Bandgap,3.8432,eV,polyverse_bandgap,train,clean,clean,measured_target
poly_3635,[*]CCCCCCNC(=O)C1CC1(C)C(=O)N[*],Bandgap,6.1212,eV,polyverse_bandgap,train,clean,clean,measured_target
poly_520,[*]Nc1nc(Nn2c(=O)c3cc4c(=O)n([*])c(=O)c4cc3c2=O)nc(N(CC)CC)n1,Bandgap,2.679,eV,polyverse_bandgap,train,clean,clean,measured_target
poly_1558,[*]c1ccc(Nc2cccc(Nc3ccc(S([*])(=O)=O)cc3)c2)cc1,Bandgap,3.9901,eV,polyverse_bandgap,train,clean,clean,measured_target
poly_2190,[*]Oc1ccc(C(C)(CC(C)C)c2ccc(OC([*])=O)cc2)cc1,Bandgap,4.647,eV,polyverse_bandgap,train,clean,clean,measured_target
poly_3957,[*]OC(=O)C1CCC(C(=O)OC2COC3C([*])COC23)CC1,Bandgap,6.5816,eV,polyverse_bandgap,train,clean,clean,measured_target
poly_1663,[*]Oc1ccc(Oc2ccc(Oc3cccc([*])n3)cc2)cc1,Bandgap,4.1015,eV,polyverse_bandgap,train,clean,clean,measured_target
poly_2204,[*]OS(=O)(=O)c1ccc([*])cc1,Bandgap,4.6583,eV,polyverse_bandgap,train,clean,clean,measured_target
poly_3400,[*]CCCCCC(=O)NCCCCCCNC(=O)CCCCO[*],Bandgap,5.8743,eV,polyverse_bandgap,train,clean,clean,measured_target
poly_3599,[*]CC=CCOC(=O)CCCCCCCCC(=O)O[*],Bandgap,6.0636,eV,polyverse_bandgap,train,clean,clean,measured_target
poly_3359,[*]CCCCCCCCCCCCNC(=O)CCCCCCCCCCCCCCC(=O)N[*],Bandgap,5.8439,eV,polyverse_bandgap,train,clean,clean,measured_target
poly_1360,[*]c1cccc(-c2nnc(-c3cccc(-c4nnc([*])o4)n3)o2)c1,Bandgap,3.7357,eV,polyverse_bandgap,train,clean,clean,measured_target
poly_1147,[*]c1cccc(-c2nc3cc(-c4ccc5oc([*])nc5c4)ccc3o2)c1,Bandgap,3.4974,eV,polyverse_bandgap,train,clean,clean,measured_target
poly_653,[*]c1cc(N=Nc2ccc([N+](=O)[O-])cc2)cc([*])c1O,Bandgap,2.8678,eV,polyverse_bandgap,train,clean,clean,measured_target
poly_2431,[*]CCOCCOCCOC(=O)CCSCCC(=O)O[*],Bandgap,4.8908,eV,polyverse_bandgap,train,clean,clean,measured_target
poly_1574,[*]CC(C=C1)=CC=C1OC(=S)[*],Bandgap,4.0098,eV,polyverse_bandgap,train,clean,clean,measured_target
poly_1016,[*]c1ccc([*])c2nc(CC)c(CC)nc12,Bandgap,3.3408,eV,polyverse_bandgap,train,clean,clean,measured_target
poly_915,[*]c1ccc(Oc2ccc(-c3nc4ccc(Oc5ccc6nc([*])c(-c7ccccc7)c(-c7ccccc7)c6c5)cc4c(-c4ccccc4)c3-c3ccccc3)cc2)cc1,Bandgap,3.2,eV,polyverse_bandgap,train,clean,clean,measured_target
poly_2273,[*]Oc1c(C)cc(C(C)(C)c2cc(C)c(OC([*])=O)c(Cl)c2)cc1Cl,Bandgap,4.7294,eV,polyverse_bandgap,train,clean,clean,measured_target
poly_2203,[*]CCN([*])C(=O)c1c(F)cc(F)cc1F,Bandgap,4.6565,eV,polyverse_bandgap,train,clean,clean,measured_target
poly_1718,[*]Oc1c(C)cc([*])cc1C(C)CCCCCC,Bandgap,4.1665,eV,polyverse_bandgap,train,clean,clean,measured_target
poly_523,[*]c1ccc2nc3c4cccc5c6nc7ccc([*])cc7nc6c6cccc(c3nc2c1)c6c45,Bandgap,2.6823,eV,polyverse_bandgap,train,clean,clean,measured_target
poly_2349,[*]OC(CC([*])=O)C1CCC=CO1,Bandgap,4.8038,eV,polyverse_bandgap,train,clean,clean,measured_target
poly_533,[*]CC(=S)C(=O)O[*],Bandgap,2.6969,eV,polyverse_bandgap,train,clean,clean,measured_target
poly_1791,[*]Oc1ccc(C2(c3ccc(Oc4nc([*])nc(OC)n4)cc3)CCCCC2)cc1,Bandgap,4.2479,eV,polyverse_bandgap,train,clean,clean,measured_target
poly_1771,[*]OC(COC(=O)Nc1ccc(Cc2ccc(NC([*])=O)cc2)cc1)c1ccco1,Bandgap,4.2202,eV,polyverse_bandgap,train,clean,clean,measured_target
poly_1264,[*]C(I)=C([*])I,Bandgap,3.6353,eV,polyverse_bandgap,train,clean,clean,measured_target
poly_2253,[*]CCCCCCCCCCNC(C)=N[*],Bandgap,4.7056,eV,polyverse_bandgap,train,clean,clean,measured_target
poly_2354,[*]CCC=C([*])C(C)(C)C,Bandgap,4.8144,eV,polyverse_bandgap,train,clean,clean,measured_target
poly_2740,[*]C=CC1CC([*])C2C(=O)N(c3ccc(C)cc3)C(=O)C12,Bandgap,5.1862,eV,polyverse_bandgap,train,clean,clean,measured_target
poly_3909,[*]CCCCCCOC(=O)CCCC(=O)O[*],Bandgap,6.5166,eV,polyverse_bandgap,train,clean,clean,measured_target
poly_1183,[*]CCCCOC(=O)c1ccc(NC=Nc2ccc(C(=O)O[*])cc2)cc1,Bandgap,3.5443,eV,polyverse_bandgap,train,clean,clean,measured_target
poly_462,[*]Nc1nc(Nn2c(=O)c3cc4c(=O)n([*])c(=O)c4cc3c2=O)nc(N(CCCC)CCCC)n1,Bandgap,2.5894,eV,polyverse_bandgap,train,clean,clean,measured_target
poly_977,[*]c1ccc(-c2cnc3ccc(S(=O)(=O)c4ccc5ncc([*])nc5c4)cc3n2)cc1,Bandgap,3.2921,eV,polyverse_bandgap,train,clean,clean,measured_target
poly_2126,[*]C(=O)C1CC(OC(=O)CCC)CN1[*],Bandgap,4.5924,eV,polyverse_bandgap,train,clean,clean,measured_target
poly_2804,[*]Cc1ccc(CNC(=O)CCCCCCCCCC(=O)N[*])cc1,Bandgap,5.2404,eV,polyverse_bandgap,train,clean,clean,measured_target
poly_62,[*]c1ccc(-c2cc(CCCCCCCCCCCC)c([*])s2)s1,Bandgap,1.4731,eV,polyverse_bandgap,train,clean,clean,measured_target
poly_3613,[*]CCCCOC(=O)NCCNC(=O)O[*],Bandgap,6.0791,eV,polyverse_bandgap,train,clean,clean,measured_target
poly_4020,[*]CCCCCCCCCCCCCCOC(=O)CCCCC(=O)O[*],Bandgap,6.6687,eV,polyverse_bandgap,train,clean,clean,measured_target
poly_2069,[*]OC(c1ccc(OC)cc1)C(C)(C)C([*])=O,Bandgap,4.5448,eV,polyverse_bandgap,train,clean,clean,measured_target
poly_1380,[*]CC([*])(C)C(=O)OCCCCCn1c2ccccc2c2ccccc21,Bandgap,3.7599,eV,polyverse_bandgap,train,clean,clean,measured_target
poly_2412,C([*])C([*])(C(=O)OCc1ccco1),Bandgap,4.8728,eV,polyverse_bandgap,train,clean,clean,measured_target
poly_1745,[*]C(=O)NCCCCCCCCCCNC(=O)c1ccc([*])s1,Bandgap,4.1872,eV,polyverse_bandgap,train,clean,clean,measured_target
poly_1924,C(F)(F)C(F)(F)C(C=C1)=CC=C1C(C=C2)=CC=C2,Bandgap,4.3932,eV,polyverse_bandgap,train,clean,clean,measured_target
poly_1439,[*]Oc1ccc(S(=O)(=O)c2ccc(Oc3ccc(C(C)(C)c4ccc([*])c([N-][N+]#N)c4)cc3[N-][N+]#N)cc2)cc1,Bandgap,3.8369,eV,polyverse_bandgap,train,clean,clean,measured_target
poly_460,[*]CCC(S1)=CC=C1C(=S)[*],Bandgap,2.5846,eV,polyverse_bandgap,train,clean,clean,measured_target
poly_1613,[*]OC(C)COC(=O)c1ccc(-c2ccc(C([*])=O)cc2)cc1,Bandgap,4.0523,eV,polyverse_bandgap,train,clean,clean,measured_target
poly_4031,[*]CC(CCCC)(CCCC)C(=O)O[*],Bandgap,6.6774,eV,polyverse_bandgap,train,clean,clean,measured_target
poly_1563,[*]N=C1C=CC([*])C=C1Cl,Bandgap,3.9985,eV,polyverse_bandgap,train,clean,clean,measured_target
poly_1998,[*]CNC(=S)O[*],Bandgap,4.4724,eV,polyverse_bandgap,train,clean,clean,measured_target
poly_2774,[*]CCCCCCCCCCCCCCCCCCCCOC(=O)C(=O)O[*],Bandgap,5.2168,eV,polyverse_bandgap,train,clean,clean,measured_target
poly_1817,[*]CCN(CCOC(=O)Nc1ccc(Cc2ccc(NC(=O)O[*])cc2)cc1)c1ccccc1,Bandgap,4.271,eV,polyverse_bandgap,train,clean,clean,measured_target
poly_2154,[*]CC(=O)NCCCCCCNC(=O)Cc1ccc([*])s1,Bandgap,4.618,eV,polyverse_bandgap,train,clean,clean,measured_target
poly_911,[*]Oc1ccc(C(C)(C)c2ccc(OC(=O)c3ccc(C([*])=O)cc3)c(C(C)C)c2)cc1C(C)C,Bandgap,3.1936,eV,polyverse_bandgap,train,clean,clean,measured_target
poly_3176,[*]NC1CCC(CC2CCC(NC(=O)CCCCCCCCCCC([*])=O)CC2)CC1,Bandgap,5.6638,eV,polyverse_bandgap,train,clean,clean,measured_target
poly_384,[*]C(=O)C(S1)=CC=C1C(C=C2)=CC=C2C(S3)=CC=C3[*],Bandgap,2.499,eV,polyverse_bandgap,train,clean,clean,measured_target
poly_418,C(S1)=CC=C1C(S2)=CC=C2OC(=S),Bandgap,2.5378,eV,polyverse_bandgap,train,clean,clean,measured_target
poly_3013,[*]CNC(=O)NCOC(=O)Nc1ccc(C)c(NC(=O)O[*])c1,Bandgap,5.4863,eV,polyverse_bandgap,train,clean,clean,measured_target
poly_929,[*]c1cncc(-c2nc3ccc(-c4ccc5nc([*])sc5c4)cc3s2)c1,Bandgap,3.2155,eV,polyverse_bandgap,train,clean,clean,measured_target
poly_319,[*]c1cc(CCCCCCBr)c([*])s1,Bandgap,2.4253,eV,polyverse_bandgap,train,clean,clean,measured_target
poly_2598,[*]C(=O)NCCCCCCNC(=O)c1cc(O)cc([*])n1,Bandgap,5.0481,eV,polyverse_bandgap,train,clean,clean,measured_target
poly_2870,[*]C(=O)C1CC(O)CN1[*],Bandgap,5.318,eV,polyverse_bandgap,train,clean,clean,measured_target
poly_2256,[*]Oc1c(C)cc(C(C)(C)c2cc(C)c(OC([*])=O)c(C)c2)cc1C,Bandgap,4.707,eV,polyverse_bandgap,train,clean,clean,measured_target
poly_2289,[*]NNC(=O)c1cccc(C(=O)NNC(=O)CCCCCCCCC([*])=O)c1,Bandgap,4.7432,eV,polyverse_bandgap,train,clean,clean,measured_target
poly_1799,[*]Oc1ccc(Sc2ccc(OC([*])=O)cc2)cc1,Bandgap,4.2554,eV,polyverse_bandgap,train,clean,clean,measured_target
poly_984,[*]c1ccc(S(=O)(=O)c2ccc(N3C(=O)c4ccc(Oc5ccc(Oc6ccc7c(c6)C(=O)N([*])C7=O)cc5)cc4C3=O)cc2)cc1,Bandgap,3.2983,eV,polyverse_bandgap,train,clean,clean,measured_target
poly_3739,[*]CCCOCCCOC(=O)CCCCCCCCC(=O)O[*],Bandgap,6.267,eV,polyverse_bandgap,train,clean,clean,measured_target
poly_2846,[*]NC(C([*])=O)C(C)C,Bandgap,5.2958,eV,polyverse_bandgap,train,clean,clean,measured_target
poly_871,[*]Nc1ccc(-c2ccc(NC(=O)c3cc(C(=O)O)c(C([*])=O)cc3C(=O)O)cc2)cc1,Bandgap,3.1431,eV,polyverse_bandgap,train,clean,clean,measured_target
poly_613,[*]c1ccc(-c2ccc(-c3cc(SCCCC)c([*])s3)cc2)cc1,Bandgap,2.8074,eV,polyverse_bandgap,train,clean,clean,measured_target
poly_1249,[*]CCCCCCCOc1ccc(C=CC=Cc2ccc(O[*])c(C)c2)cc1C,Bandgap,3.617,eV,polyverse_bandgap,train,clean,clean,measured_target
poly_2158,[*]CCCCCCNC(=O)C=CCCC=CC(=O)N[*],Bandgap,4.6202,eV,polyverse_bandgap,train,clean,clean,measured_target
poly_2582,[*]CCN[*],Bandgap,5.0272,eV,polyverse_bandgap,train,clean,clean,measured_target
poly_4152,[*]CC(=O)O[*],Bandgap,7.085,eV,polyverse_bandgap,train,clean,clean,measured_target
poly_1084,[*]CC([*])(C)C(=O)Nc1cccc(-c2nnc(-c3ccccc3)o2)c1,Bandgap,3.4128,eV,polyverse_bandgap,train,clean,clean,measured_target
poly_1662,[*]CCCOCCCOC(=O)c1ccc(-c2ccc(C(=O)O[*])cc2)cc1,Bandgap,4.1008,eV,polyverse_bandgap,train,clean,clean,measured_target
poly_1541,[*]C(=O)C(S1)=CC=C1C(=O)O[*],Bandgap,3.9696,eV,polyverse_bandgap,train,clean,clean,measured_target
poly_496,[*]C(C=C1)=CC=C1C(=S)C(C=C2)=CC=C2O[*],Bandgap,2.6460000000000004,eV,polyverse_bandgap,train,clean,clean,measured_target
poly_5,[*]C=C([*])c1ccc(C#C)cc1,Bandgap,0.2213,eV,polyverse_bandgap,train,clean,clean,measured_target
poly_3464,[*]C=CC(C[*])(C(F)(F)F)C(F)(F)F,Bandgap,5.9378,eV,polyverse_bandgap,train,clean,clean,measured_target
poly_1544,[*]CCOCCOCCOCCOCCOc1ccc(C=C(C)c2ccc(O[*])cc2)cc1,Bandgap,3.9748,eV,polyverse_bandgap,train,clean,clean,measured_target
poly_608,[*]CC(C=C1)=CC=C1C(=S)C(C=C2)=CC=C2[*],Bandgap,2.8005,eV,polyverse_bandgap,train,clean,clean,measured_target
poly_2,[*]C=C([*])c1ccccc1,Bandgap,0.0933,eV,polyverse_bandgap,train,clean,clean,measured_target
poly_3528,[*]CNC(=O)CCCCC(=O)N[*],Bandgap,5.997999999999998,eV,polyverse_bandgap,train,clean,clean,measured_target
poly_665,[*]C=CC(=O)C(C)=Cc1ccc(Sc2ccc([*])o2)o1,Bandgap,2.8834,eV,polyverse_bandgap,train,clean,clean,measured_target
poly_2357,[*]Oc1ccc(Oc2cccc([*])n2)c(C)c1,Bandgap,4.8181,eV,polyverse_bandgap,train,clean,clean,measured_target
poly_1325,[*]Nc1c(OC)cc([*])cc1OC,Bandgap,3.698,eV,polyverse_bandgap,train,clean,clean,measured_target
poly_1350,[*]Oc1ccc(Oc2ccc(C(=O)C(=O)c3ccc([*])cc3)cc2)cc1,Bandgap,3.7299,eV,polyverse_bandgap,train,clean,clean,measured_target
poly_1081,[*]c1ccc(C(c2ccccc2)(c2ccc(-c3nc4ccc(-c5ccc6nc([*])oc6c5)cc4o3)cc2)C(F)(F)F)cc1,Bandgap,3.409,eV,polyverse_bandgap,train,clean,clean,measured_target
poly_1526,[*]Oc1ccc(C(C)(C)c2ccc(Oc3ccc([*])nn3)cc2)cc1,Bandgap,3.9499,eV,polyverse_bandgap,train,clean,clean,measured_target
poly_2942,[*]CCCN([*])C(=O)CCCCC,Bandgap,5.4015,eV,polyverse_bandgap,train,clean,clean,measured_target
poly_944,[*]c1cc(N2C(=O)c3ccc(P(=O)(c4ccccc4)c4ccc5c(c4)C(=O)N([*])C5=O)cc3C2=O)cc(C(F)(F)F)c1,Bandgap,3.2484,eV,polyverse_bandgap,train,clean,clean,measured_target
poly_2906,[*]CC([*])=C,Bandgap,5.3561,eV,polyverse_bandgap,train,clean,clean,measured_target
poly_1779,[*]CCOC(=O)CSC(=O)Nc1ccc(Cc2ccc(NC(=O)SCC(=O)O[*])cc2)cc1,Bandgap,4.2361,eV,polyverse_bandgap,train,clean,clean,measured_target
poly_1756,[*]CCCCCCCCCc1nc2ccc(-c3ccc4nc([*])oc4c3)cc2o1,Bandgap,4.2007,eV,polyverse_bandgap,train,clean,clean,measured_target
poly_204,[*]c1sc([*])c(OCCCC)c1C,Bandgap,2.1145,eV,polyverse_bandgap,train,clean,clean,measured_target
poly_3607,[*]CC(CBr)O[*],Bandgap,6.0732,eV,polyverse_bandgap,train,clean,clean,measured_target
poly_2173,C(F)(F)C(F)(F)C(=O)C(C=C1)=CC=C1,Bandgap,4.6366,eV,polyverse_bandgap,train,clean,clean,measured_target
poly_3817,[*]OC1CCC(C2CCC(OC(=O)CCCCCCCCC([*])=O)CC2)CC1,Bandgap,6.3761,eV,polyverse_bandgap,train,clean,clean,measured_target
poly_3783,[*]CCCCCCOC(=O)CCCCCNC(=O)O[*],Bandgap,6.3325,eV,polyverse_bandgap,train,clean,clean,measured_target
poly_2159,[*]Cc1cc(C)c(CNC(=O)CCCCCCC(=O)N[*])cc1C,Bandgap,4.6206,eV,polyverse_bandgap,train,clean,clean,measured_target
poly_3618,[*]C1C2CC(C)C(C2)C1[*],Bandgap,6.0902,eV,polyverse_bandgap,train,clean,clean,measured_target
poly_3137,[*]CCCCCCC(=O)N([*])C,Bandgap,5.6254,eV,polyverse_bandgap,train,clean,clean,measured_target
poly_1177,[*]Nc1ccc(Br)cc1-c1ccc(NC(=O)c2ccc(C([*])=O)cc2)cc1,Bandgap,3.5352,eV,polyverse_bandgap,train,clean,clean,measured_target
poly_3003,[*]CCNC(=O)NCCCCCCNC(=O)O[*],Bandgap,5.472,eV,polyverse_bandgap,train,clean,clean,measured_target
poly_2768,[*]CCCCCCCCCNC(=O)NCCCCCCCNC(=O)N[*],Bandgap,5.2144,eV,polyverse_bandgap,train,clean,clean,measured_target
poly_1865,[*]Cc1ccc(COC(=O)CCCCSCCCCC(=O)O[*])cc1,Bandgap,4.3125,eV,polyverse_bandgap,train,clean,clean,measured_target
poly_1961,[*]CC(C)COC(=O)c1ccc(C(=O)O[*])cc1,Bandgap,4.4298,eV,polyverse_bandgap,train,clean,clean,measured_target
poly_3397,[*]CCCCCCCCNC(=O)CCCCCCCCCCCCCCC(=O)N[*],Bandgap,5.872000000000001,eV,polyverse_bandgap,train,clean,clean,measured_target
poly_2567,CC(C=C1)=CC=C1C,Bandgap,5.0129,eV,polyverse_bandgap,train,clean,clean,measured_target
poly_57,[*]c1cc(OCCOC)c([*])s1,Bandgap,1.4267,eV,polyverse_bandgap,train,clean,clean,measured_target
poly_4135,[*]CC(C)(C)COC(=O)O[*],Bandgap,6.9656,eV,polyverse_bandgap,train,clean,clean,measured_target
poly_1868,[*]CC([*])C=O,Bandgap,4.3172,eV,polyverse_bandgap,train,clean,clean,measured_target
poly_1953,[*]NNC(=O)c1cccc(C(=O)NNC(=O)C([*])=O)c1,Bandgap,4.4213,eV,polyverse_bandgap,train,clean,clean,measured_target
poly_2552,[*]N=P([*])(Oc1cccc(Cl)c1)Oc1cccc(Cl)c1,Bandgap,5.003,eV,polyverse_bandgap,train,clean,clean,measured_target
poly_3534,C([*])C(O1)CC(OC1CC)([*]),Bandgap,6.0051,eV,polyverse_bandgap,train,clean,clean,measured_target
poly_1381,C(=O)([*])C1=CC=C(C=C1)C(=O)OC1=CC=C(C=C1)C2(C1=CC=CC=C1C(=O)O2)C1=CC=C(C=C1)O([*]),Bandgap,3.7601,eV,polyverse_bandgap,train,clean,clean,measured_target
poly_3256,[*]OC(=O)CS(=O)(=O)CCS(=O)(=O)CC([*])=O,Bandgap,5.7503,eV,polyverse_bandgap,train,clean,clean,measured_target
poly_2905,[*]CC(OCC)C(C#N)(C#N)C([*])(C#N)C(=O)OC,Bandgap,5.3554,eV,polyverse_bandgap,train,clean,clean,measured_target
poly_2181,[*]CCCSC(=O)CCCCCCC(=O)S[*],Bandgap,4.641,eV,polyverse_bandgap,train,clean,clean,measured_target
poly_550,[*]c1ccc(S(=O)(=O)c2ccc(-n3c(=O)c4cc5c(=O)n([*])c(=O)c5cc4c3=O)cc2)cc1,Bandgap,2.7268,eV,polyverse_bandgap,train,clean,clean,measured_target
poly_1346,[*]CNC(S1)=CC=C1C(C=C2)=CC=C2[*],Bandgap,3.7228,eV,polyverse_bandgap,train,clean,clean,measured_target
poly_3832,[*]OC(=O)OCC(O)C(O)COC(=O)OC1COC2C([*])COC12,Bandgap,6.4149,eV,polyverse_bandgap,train,clean,clean,measured_target
poly_963,[*]Oc1c(C)c(C)c(Oc2ccc(NC(=O)c3ccc(C(=O)Nc4ccc([*])cc4)cc3)cc2)c(C)c1C,Bandgap,3.2654,eV,polyverse_bandgap,train,clean,clean,measured_target
poly_3892,[*]CC(C)(C)COC(=O)CCCCCCCC(=O)O[*],Bandgap,6.4954,eV,polyverse_bandgap,train,clean,clean,measured_target
poly_2231,[*]Oc1ccc(-c2ccc(OC(=O)CCCCCCCCC([*])=O)cc2)cc1,Bandgap,4.6871,eV,polyverse_bandgap,train,clean,clean,measured_target
poly_3225,[*]CC(OCC)C(C(=O)OC)C([*])C(=O)OC,Bandgap,5.7251,eV,polyverse_bandgap,train,clean,clean,measured_target
poly_3707,[*]CCCCCCCCCCCCO[*],Bandgap,6.2257,eV,polyverse_bandgap,train,clean,clean,measured_target
poly_2896,[*]c1ccc(C(C#N)(C(=O)OC)C([*])(C#N)C(=O)OC)cc1,Bandgap,5.345,eV,polyverse_bandgap,train,clean,clean,measured_target
poly_3034,[*]NC1CC(C)(C)CC(C)(CNC(=O)CCCCC([*])=O)C1,Bandgap,5.5133,eV,polyverse_bandgap,train,clean,clean,measured_target
poly_933,[*]CCCCCCOC(=O)c1ccc(C=Cc2ccc(C(=O)O[*])cc2)cc1,Bandgap,3.2271,eV,polyverse_bandgap,train,clean,clean,measured_target
poly_968,[*]NC(=O)NC(S1)=CC=C1[*],Bandgap,3.2728,eV,polyverse_bandgap,train,clean,clean,measured_target
poly_3077,[*]C(=O)Oc1ccc(OC(=O)N2CC(C)N([*])CC2C)cc1,Bandgap,5.5526,eV,polyverse_bandgap,train,clean,clean,measured_target
poly_3807,[*]CC([*])(F)C(=O)OCC(F)(F)C(F)(F)C(F)(F)C(F)(F)C(F)(F)C(F)(F)C(F)(F)C(F)(F)F,Bandgap,6.3664,eV,polyverse_bandgap,train,clean,clean,measured_target
poly_2748,[*]CCCCCCCCCCC(=O)NCc1ccc(CNC(=O)CCCCO[*])cc1,Bandgap,5.1934,eV,polyverse_bandgap,train,clean,clean,measured_target
poly_193,[*]c1ccc(Oc2ccc(-n3c(=O)c4c(F)c5c(=O)n([*])c(=O)c5c(F)c4c3=O)cc2)cc1,Bandgap,2.0806,eV,polyverse_bandgap,train,clean,clean,measured_target
poly_3918,[*]CCOCCOC(=O)CCCCCCCCC(=O)O[*],Bandgap,6.5248,eV,polyverse_bandgap,train,clean,clean,measured_target
poly_2554,[*]CCCCCCN(C)C(=O)CCC(=O)N([*])C,Bandgap,5.0062,eV,polyverse_bandgap,train,clean,clean,measured_target
poly_3927,[*]CCCCCCCCCCCCCCCCCCCCCCOC(=O)CCC(=O)O[*],Bandgap,6.5377,eV,polyverse_bandgap,train,clean,clean,measured_target
poly_3142,[*]NC(C)(CC)C([*])=O,Bandgap,5.632999999999999,eV,polyverse_bandgap,train,clean,clean,measured_target
poly_3507,[*]OC(COCCOC)COC([*])=O,Bandgap,5.976,eV,polyverse_bandgap,train,clean,clean,measured_target
poly_3020,[*]CCCCCCNC(=O)C(CCCCCCCCCCC)C(=O)N[*],Bandgap,5.4945,eV,polyverse_bandgap,train,clean,clean,measured_target
poly_233,[*]NC(S1)=CC=C1C(=O)C(=S)[*],Bandgap,2.196,eV,polyverse_bandgap,train,clean,clean,measured_target
poly_1473,[*]CCCCCCN1C(=O)c2ccc(Oc3ccc4c(c3)C(=O)N([*])C4=O)cc2C1=O,Bandgap,3.8891,eV,polyverse_bandgap,train,clean,clean,measured_target
poly_1669,[*]CC([*])OC(=O)c1ccccc1C,Bandgap,4.1103,eV,polyverse_bandgap,train,clean,clean,measured_target
poly_3656,[*]CC1CC([*])OC(CCC)O1,Bandgap,6.1416,eV,polyverse_bandgap,train,clean,clean,measured_target
poly_2088,[*]CC(CO[*])(CSCCCC)CSCCCC,Bandgap,4.5588,eV,polyverse_bandgap,train,clean,clean,measured_target
poly_1070,[*]CCOCCOC(=O)c1ccc(-c2ccc(-c3ccc(C(=O)O[*])cc3)cc2)cc1,Bandgap,3.4046,eV,polyverse_bandgap,train,clean,clean,measured_target
poly_2109,[*]OC(=O)c1ccc(C([*])=O)cc1,Bandgap,4.5781,eV,polyverse_bandgap,train,clean,clean,measured_target
poly_3039,[*]NCc1cccc(CNC(=O)C(C)CC(C)(C)C([*])=O)c1,Bandgap,5.5161,eV,polyverse_bandgap,train,clean,clean,measured_target
poly_2963,[*]CCCCCCCCCCNC(=O)N[*],Bandgap,5.4226,eV,polyverse_bandgap,train,clean,clean,measured_target
poly_2199,[*]SC(=O)OCC(C)(C)COC(=O)SN1CC(C)N([*])CC1C,Bandgap,4.6543,eV,polyverse_bandgap,train,clean,clean,measured_target
poly_1132,[*]Oc1ccc(Oc2ccc(Oc3ccc(C(=O)c4ccc([*])cc4)cc3)cc2)cc1,Bandgap,3.4703,eV,polyverse_bandgap,train,clean,clean,measured_target
poly_1126,[*]Oc1ccc(S(=O)(=O)c2ccc(Oc3ccc(NC(=O)c4cc(NC(=O)c5ccncc5)cc(C(=O)Nc5ccc([*])cc5)c4)cc3)cc2)cc1,Bandgap,3.4604,eV,polyverse_bandgap,train,clean,clean,measured_target
poly_4044,[*]CCCCOC(=O)CCCCCC(=O)O[*],Bandgap,6.7037,eV,polyverse_bandgap,train,clean,clean,measured_target
poly_3374,[*]CCCCC(Cl)(Cl)C(=O)N[*],Bandgap,5.8581,eV,polyverse_bandgap,train,clean,clean,measured_target
poly_765,[*]C=Cc1ccc(C=Cc2cc([*])ncn2)cc1,Bandgap,2.9914,eV,polyverse_bandgap,train,clean,clean,measured_target
poly_2709,[*]CCCOC(=O)Cc1ccc(CC(=O)O[*])cc1,Bandgap,5.1547,eV,polyverse_bandgap,train,clean,clean,measured_target
poly_1277,[*]CC(O)COC(=O)CC(=CC(=O)O[*])c1ccc(OCC)cc1,Bandgap,3.6443,eV,polyverse_bandgap,train,clean,clean,measured_target
poly_1632,[*]OC(=O)c1ccc(C(=O)NCNC(=O)c2ccc(C([*])=O)cc2)cc1,Bandgap,4.0724,eV,polyverse_bandgap,train,clean,clean,measured_target
poly_2298,[*]Oc1cc(Cl)c(C(C)(C)c2c(Cl)cc(OC([*])=O)cc2Cl)c(Cl)c1,Bandgap,4.7509,eV,polyverse_bandgap,train,clean,clean,measured_target
poly_1740,[*]c1ccc(Cc2ccc(N([*])Cc3ccccc3)cc2)cc1,Bandgap,4.1847,eV,polyverse_bandgap,train,clean,clean,measured_target
poly_2030,[*]Oc1ccc(C(=O)c2ccc(OC(=O)OC3C(C)(C)C(OC([*])=O)C3(C)C)cc2)cc1,Bandgap,4.5062,eV,polyverse_bandgap,train,clean,clean,measured_target
poly_2526,[*]Oc1cccc(OC2(F)C([*])(F)C(F)(F)C2(F)F)c1,Bandgap,4.9699,eV,polyverse_bandgap,train,clean,clean,measured_target
poly_3093,[*]OC1C=CC([*])CC1,Bandgap,5.5705,eV,polyverse_bandgap,train,clean,clean,measured_target
poly_750,[*]CC(S1)=CC=C1C(S2)=CC=C2C(S3)=CC=C3[*],Bandgap,2.9777,eV,polyverse_bandgap,train,clean,clean,measured_target
poly_262,[*]c1cc(CCCCCCCCCC(O)CO)c([*])s1,Bandgap,2.2905,eV,polyverse_bandgap,train,clean,clean,measured_target
poly_3658,[*]CC(C)(C)COC(=O)NCCCC(CCNC(=O)O[*])OC,Bandgap,6.1425,eV,polyverse_bandgap,train,clean,clean,measured_target
poly_1370,[*]Sc1cccc(Sc2ccc(Sc3ccc([*])cc3)cc2)c1,Bandgap,3.7476,eV,polyverse_bandgap,train,clean,clean,measured_target
poly_2136,[*]CCOC(=O)c1ccc(O[*])cc1Cl,Bandgap,4.6001,eV,polyverse_bandgap,train,clean,clean,measured_target
poly_188,[*]c1ccc(-c2ccc(-c3cc([*])c4cccccc3-4)s2)s1,Bandgap,2.0596,eV,polyverse_bandgap,train,clean,clean,measured_target
poly_1827,[*]CNC(=S)N[*],Bandgap,4.2794,eV,polyverse_bandgap,train,clean,clean,measured_target
poly_3867,[*]CC([*])(F)C(=O)OCCC(F)(F)C(F)(F)C(F)(F)C(F)(F)F,Bandgap,6.464,eV,polyverse_bandgap,train,clean,clean,measured_target
poly_3103,[*]C=CC(C)(C)C([*])(C)C,Bandgap,5.5814,eV,polyverse_bandgap,train,clean,clean,measured_target
poly_1570,[*]Oc1cccc(Oc2ccc(S(=O)(=O)c3ccc([*])cc3)cc2)c1,Bandgap,4.0045,eV,polyverse_bandgap,train,clean,clean,measured_target
poly_207,[*]C(=O)c1ccc2c(c1)C(=O)N(c1ccc(Oc3ccc(-c4ccc(Oc5ccc(N6C(=O)c7ccc([*])cc7C6=O)cc5)cc4)cc3)cc1)C2=O,Bandgap,2.13,eV,polyverse_bandgap,train,clean,clean,measured_target
poly_779,[*]c1ccc([*])nc1,Bandgap,3.0047,eV,polyverse_bandgap,train,clean,clean,measured_target
poly_4169,[*]C([2H])([2H])C([*])(F)F,Bandgap,7.2226,eV,polyverse_bandgap,train,clean,clean,measured_target
poly_2699,[*]NC(C)C(=O)NC(CCC(=O)OCC)C(=O)NCC([*])=O,Bandgap,5.1422,eV,polyverse_bandgap,train,clean,clean,measured_target
poly_2674,[*]Oc1ccc(CC(NC(=O)CCc2ccc(OC(=O)CC(C)CCC([*])=O)cc2)C(=O)OC(C)CC)cc1,Bandgap,5.1178,eV,polyverse_bandgap,train,clean,clean,measured_target
poly_1174,[*]CC([*])c1ccc(C=O)cc1,Bandgap,3.5283,eV,polyverse_bandgap,train,clean,clean,measured_target
poly_1023,[*]C(=O)Nc1nc([*])c(C#N)n1C,Bandgap,3.3492,eV,polyverse_bandgap,train,clean,clean,measured_target
poly_2402,[*]Oc1ccc(Cc2ccc([*])cc2)cc1,Bandgap,4.865,eV,polyverse_bandgap,train,clean,clean,measured_target
poly_3501,[*]OC(CC)C([*])=O,Bandgap,5.9716,eV,polyverse_bandgap,train,clean,clean,measured_target
poly_932,[*]Cc1c(C)c(C)c(CSC(=O)C(=O)S[*])c(C)c1C,Bandgap,3.2265,eV,polyverse_bandgap,train,clean,clean,measured_target
poly_3871,[*]CCCCCCCCCCCCCCCc1nnc([*])o1,Bandgap,6.4664,eV,polyverse_bandgap,train,clean,clean,measured_target
poly_1130,[*]Oc1ccc(C(CC)(CC)c2ccc(OC(=O)c3cccc(C([*])=O)c3)cc2)cc1,Bandgap,3.4698,eV,polyverse_bandgap,train,clean,clean,measured_target
poly_2192,[*]CCOC(=O)c1ccc(C(=O)O[*])cc1,Bandgap,4.6498,eV,polyverse_bandgap,train,clean,clean,measured_target
poly_881,[*]CCCC(=O)Nc1ccc(NC(=O)CCCOC(=O)c2ccc(-c3ccc(C(=O)O[*])cc3)cc2)cc1,Bandgap,3.1592,eV,polyverse_bandgap,train,clean,clean,measured_target
poly_1286,[*]NC(=O)C(=S)O[*],Bandgap,3.6519,eV,polyverse_bandgap,train,clean,clean,measured_target
poly_1199,[*]C(=O)C(O)c1ccc([*])s1,Bandgap,3.56,eV,polyverse_bandgap,train,clean,clean,measured_target
poly_617,[*]c1ccc([*])n1C(C(=O)NO)n1c2ccccc2c2ccccc21,Bandgap,2.8134,eV,polyverse_bandgap,train,clean,clean,measured_target
poly_203,[*]CC([*])OC(=O)c1ccc(Cl)cc1,Bandgap,2.1125,eV,polyverse_bandgap,train,clean,clean,measured_target
poly_1308,[*]c1ccc2c(c1)c1cc([*])ccc1n2CC(=O)NO,Bandgap,3.6799,eV,polyverse_bandgap,train,clean,clean,measured_target
poly_1916,[*]CCOC(=O)c1ccc(C(C)(CC)c2ccc(C(=O)O[*])cc2)cc1,Bandgap,4.3825,eV,polyverse_bandgap,train,clean,clean,measured_target
poly_1519,[*]c1ccc(Sc2ccc(S([*])(=O)=O)cc2)cc1,Bandgap,3.9414,eV,polyverse_bandgap,train,clean,clean,measured_target
poly_1991,[*]CCOC(=O)c1ccc(O[*])cc1C,Bandgap,4.462,eV,polyverse_bandgap,train,clean,clean,measured_target
poly_846,[*]Nc1ccc(NC(=O)c2cc(SCCCCCCCC)c(C([*])=O)cc2SCCCCCCCC)cc1,Bandgap,3.1071,eV,polyverse_bandgap,train,clean,clean,measured_target
poly_3791,[*]CCOC(=O)CCC(=O)O[*],Bandgap,6.3458,eV,polyverse_bandgap,train,clean,clean,measured_target
poly_658,C(F)(F)NC(F)(F)C(=S),Bandgap,2.8758,eV,polyverse_bandgap,train,clean,clean,measured_target
poly_1514,[*]Oc1ccc(Oc2ccc(OC(=O)c3ccccc3-c3ccccc3C([*])=O)cc2)cc1,Bandgap,3.9355,eV,polyverse_bandgap,train,clean,clean,measured_target
poly_2365,[*]Oc1ccc(CC(NC(=O)CCc2ccc(OC(=O)COCCOCC([*])=O)cc2)C(=O)OC)cc1,Bandgap,4.825,eV,polyverse_bandgap,train,clean,clean,measured_target
poly_2029,[*]CCCCC(=O)OCCOC(=O)c1ccc(O[*])cc1,Bandgap,4.5036,eV,polyverse_bandgap,train,clean,clean,measured_target
poly_2851,[*]CCCCCCN(C)C(=O)CCCCCCCCCCC(=O)N([*])C,Bandgap,5.3019,eV,polyverse_bandgap,train,clean,clean,measured_target
poly_1890,[*]CNC(C=C1)=CC=C1O[*],Bandgap,4.3453,eV,polyverse_bandgap,train,clean,clean,measured_target
poly_800,[*]Nc1ccc(NC(=O)c2cc(C([*])=O)c(C(=O)O)cc2C(=O)O)cc1,Bandgap,3.0363,eV,polyverse_bandgap,train,clean,clean,measured_target
poly_3133,[*]NC(C)(C)C([*])=O,Bandgap,5.6207,eV,polyverse_bandgap,train,clean,clean,measured_target
poly_145,[*]C=CC=CC=Cc1cc(CCCCCCC)c([*])cc1CCCCCCC,Bandgap,1.9218,eV,polyverse_bandgap,train,clean,clean,measured_target
poly_1782,[*]CCCP(CCCNC(=O)C(=O)N[*])c1ccccc1,Bandgap,4.2412,eV,polyverse_bandgap,train,clean,clean,measured_target
poly_3813,[*]CCCCCCCC(=O)OCCCCC1COC([*])O1,Bandgap,6.3701,eV,polyverse_bandgap,train,clean,clean,measured_target
poly_1728,[*]SC(C)C([*])=O,Bandgap,4.1741,eV,polyverse_bandgap,train,clean,clean,measured_target
poly_173,[*]c1cc(OCCOCCOC)c(-c2sc([*])c3c2OCCO3)s1,Bandgap,2.0039,eV,polyverse_bandgap,train,clean,clean,measured_target
poly_2891,[*]CCCCCCCCCCNC(=O)NCCCCCCNC(=O)N[*],Bandgap,5.3423,eV,polyverse_bandgap,train,clean,clean,measured_target
poly_789,[*]Nc1ccc(NC(=O)c2ccc(C([*])=O)cc2F)cc1F,Bandgap,3.0271,eV,polyverse_bandgap,train,clean,clean,measured_target
poly_1266,[*]c1ccc2oc([*])nc2c1,Bandgap,3.6359,eV,polyverse_bandgap,train,clean,clean,measured_target
poly_1586,[*]c1nc2c(n1C)C(=O)N([*])C2=O,Bandgap,4.02,eV,polyverse_bandgap,train,clean,clean,measured_target
poly_3668,[*]OC([*])C=C,Bandgap,6.1583,eV,polyverse_bandgap,train,clean,clean,measured_target
poly_1459,[*]NC(=O)c1ccc(C(=O)Nc2cnc([*])nc2)cc1,Bandgap,3.8641,eV,polyverse_bandgap,train,clean,clean,measured_target
poly_3960,[*]CC([*])C(=O)OC(F)(F)C(F)(F)C(F)(F)C(F)(F)C(F)(F)C(F)(F)C(F)(F)C(F)(F)F,Bandgap,6.5889,eV,polyverse_bandgap,train,clean,clean,measured_target
poly_1831,[*]NCCCCCCNc1nc([*])nc(-c2ccccc2)n1,Bandgap,4.2826,eV,polyverse_bandgap,train,clean,clean,measured_target
poly_3708,[*]OC([*])(C)C,Bandgap,6.2262,eV,polyverse_bandgap,train,clean,clean,measured_target
poly_1681,[*]CCC(=S)O[*],Bandgap,4.1346,eV,polyverse_bandgap,train,clean,clean,measured_target
poly_787,[*]CC([*])OCCOc1ccc(C=C(C#N)C(=O)OC)cc1,Bandgap,3.0209,eV,polyverse_bandgap,train,clean,clean,measured_target
poly_3904,[*]CCCC(C)CCC(=O)O[*],Bandgap,6.5122,eV,polyverse_bandgap,train,clean,clean,measured_target
poly_3188,[*]CC([*])C(=O)NCC(F)(F)C(F)(F)C(F)(F)F,Bandgap,5.6849,eV,polyverse_bandgap,train,clean,clean,measured_target
poly_1458,[*]N=P([*])(OCCC(=O)C=C)OCCC(=O)C=C,Bandgap,3.8624,eV,polyverse_bandgap,train,clean,clean,measured_target
poly_686,[*]c1ccc(Cc2ccc(N3C(=O)c4ccc(-c5ccc6c(c5)C(=O)N([*])C6=O)cc4C3=O)cc2)cc1,Bandgap,2.9091,eV,polyverse_bandgap,train,clean,clean,measured_target
poly_3600,[*]CC([*])C(=O)OCC=C,Bandgap,6.0639,eV,polyverse_bandgap,train,clean,clean,measured_target
poly_364,[*]c1ccc(-c2cnc3cc4nc([*])cnc4cc3n2)cc1,Bandgap,2.4806,eV,polyverse_bandgap,train,clean,clean,measured_target
poly_1432,[*]OCCOC(=O)CCCC(=O)OCCOc1nc(-c2ccc(OC)cc2)nc([*])c1-c1ccc(OC)cc1,Bandgap,3.8299,eV,polyverse_bandgap,train,clean,clean,measured_target
poly_4128,[*]CCCCCCCCCCCCCCC(=O)O[*],Bandgap,6.917999999999998,eV,polyverse_bandgap,train,clean,clean,measured_target
poly_306,[*]c1ccc(C(c2ccccc2)c2ccc(-n3c(=O)c4cc5c(=O)n([*])c(=O)c5cc4c3=O)cc2)cc1,Bandgap,2.3874,eV,polyverse_bandgap,train,clean,clean,measured_target
poly_1259,[*]Oc1ccc(Oc2ccc(C(=O)c3ccc([*])cc3)cc2)cc1C=O,Bandgap,3.6263,eV,polyverse_bandgap,train,clean,clean,measured_target
poly_4006,[*]CCCCCCCCCCOC(=O)CCCCCC(=O)O[*],Bandgap,6.6472,eV,polyverse_bandgap,train,clean,clean,measured_target
poly_3642,[*]COCC1([*])COC(C)(C)OC1,Bandgap,6.1267,eV,polyverse_bandgap,train,clean,clean,measured_target
poly_3493,[*]CC(C)(C)CO[*],Bandgap,5.9613,eV,polyverse_bandgap,train,clean,clean,measured_target
poly_1792,[*]CCCCCNC(=S)N[*],Bandgap,4.2484,eV,polyverse_bandgap,train,clean,clean,measured_target
poly_132,[*]c1cnc([*])s1,Bandgap,1.8622,eV,polyverse_bandgap,train,clean,clean,measured_target
poly_324,[*]c1ccc(Oc2cc(C(C)(C)C)ccc2Oc2ccc(-n3c(=O)c4cc5c(=O)n([*])c(=O)c5cc4c3=O)cc2)cc1,Bandgap,2.4295,eV,polyverse_bandgap,train,clean,clean,measured_target
poly_2235,[*]CNC(=O)OCCOC(=O)NCc1ccc(C(C)(C)c2ccc([*])o2)o1,Bandgap,4.6893,eV,polyverse_bandgap,train,clean,clean,measured_target
poly_3523,[*]C(=O)NC1CCCC([*])O1,Bandgap,5.9929,eV,polyverse_bandgap,train,clean,clean,measured_target
poly_149,[*]c1ccc(Oc2ccc(-n3c(=O)c4c(Oc5ccc(OCCCC)cc5)c5c(=O)n([*])c(=O)c5c(Oc5ccc(OCCCC)cc5)c4c3=O)cc2)cc1,Bandgap,1.9436,eV,polyverse_bandgap,train,clean,clean,measured_target
poly_1106,[*]c1ccc(C)c(N2C(=O)c3ccc(-c4ccc5c(c4)C(=O)N([*])C5=O)cc3C2=O)c1,Bandgap,3.442,eV,polyverse_bandgap,train,clean,clean,measured_target
poly_3605,[*]CCCCCCCCC(=O)N[*],Bandgap,6.0695,eV,polyverse_bandgap,train,clean,clean,measured_target
poly_2130,[*]Oc1ccc(C([*])=O)cc1Cl,Bandgap,4.5967,eV,polyverse_bandgap,train,clean,clean,measured_target
poly_1732,[*]C(=O)OC(=S)O[*],Bandgap,4.1761,eV,polyverse_bandgap,train,clean,clean,measured_target
poly_2685,[*]CC([*])c1ccccc1CC,Bandgap,5.1303,eV,polyverse_bandgap,train,clean,clean,measured_target
poly_2054,[*]CC(C=C1)=CC=C1OC(S2)=CC=C2[*],Bandgap,4.5312,eV,polyverse_bandgap,train,clean,clean,measured_target
poly_2021,[*]CCc1ccc([*])c(C#N)c1,Bandgap,4.4939,eV,polyverse_bandgap,train,clean,clean,measured_target
poly_1773,[*]O[Si](C)(Oc1ccc([*])cc1)c1ccccc1,Bandgap,4.2258,eV,polyverse_bandgap,train,clean,clean,measured_target
poly_1533,[*]OC(C)COC(=O)C=C(CC([*])=O)c1cc(C)ccc1OC,Bandgap,3.9576,eV,polyverse_bandgap,train,clean,clean,measured_target
poly_2119,[*]OP(=O)(Oc1ccccc1)Oc1ccc(-c2ccc([*])cc2)cc1,Bandgap,4.5854,eV,polyverse_bandgap,train,clean,clean,measured_target
poly_2575,[*]C=CC1CC([*])C(C(=O)OC)C1C(=O)OC,Bandgap,5.0196,eV,polyverse_bandgap,train,clean,clean,measured_target
poly_3407,[*]NNC(=O)CCC(=O)NNC(=O)CCCCCCCCC([*])=O,Bandgap,5.8764,eV,polyverse_bandgap,train,clean,clean,measured_target
poly_1495,[*]CCCCCCCCCCCCOC(=O)c1ccc(-c2ccc(C(=O)O[*])cc2)cc1,Bandgap,3.9133,eV,polyverse_bandgap,train,clean,clean,measured_target
poly_3840,[*]CC([*])(C)C(=O)OCC,Bandgap,6.4221,eV,polyverse_bandgap,train,clean,clean,measured_target
poly_742,[*]c1ccc(-c2nnc(-c3nnc([*])o3)o2)cc1,Bandgap,2.9703,eV,polyverse_bandgap,train,clean,clean,measured_target
poly_3734,[*]CC([*])C(=O)NCC(F)(F)F,Bandgap,6.2603,eV,polyverse_bandgap,train,clean,clean,measured_target
poly_3496,[*]CC(C)(C)COC(=O)NCCOCCOCCNC(=O)O[*],Bandgap,5.9669,eV,polyverse_bandgap,train,clean,clean,measured_target
poly_589,[*]CC([*])c1ccc(C(=O)CCN2CCCCC2)cc1,Bandgap,2.7738,eV,polyverse_bandgap,train,clean,clean,measured_target
poly_3366,[*]CC(C)(CCl)O[*],Bandgap,5.8535,eV,polyverse_bandgap,train,clean,clean,measured_target
poly_2065,[*]CCN([*])C(=O)c1cc(F)ccc1F,Bandgap,4.5391,eV,polyverse_bandgap,train,clean,clean,measured_target
poly_610,[*]C(=O)Nc1ccc(NC(=O)c2ccc3c(c2)C(=O)N(c2cc(-c4nc5ccccc5s4)cc(N4C(=O)c5ccc([*])cc5C4=O)c2)C3=O)cc1,Bandgap,2.8046,eV,polyverse_bandgap,train,clean,clean,measured_target
poly_2342,[*]CC(O)COc1ccc(C(C)(C)c2ccc(OCC(O)COc3cccc(O[*])c3)cc2)cc1,Bandgap,4.7967,eV,polyverse_bandgap,train,clean,clean,measured_target
poly_166,[*]CCCCCn1c(=O)c2ccc3c4ccc5c(=O)n([*])c(=O)c6ccc(c7ccc(c1=O)c2c37)c4c56,Bandgap,1.9843,eV,polyverse_bandgap,train,clean,clean,measured_target
poly_744,[*]C(=O)C(C=C1)=CC=C1C(S2)=CC=C2C(C=C3)=CC=C3[*],Bandgap,2.9732,eV,polyverse_bandgap,train,clean,clean,measured_target
poly_1623,[*]CC([*])c1cc(OC)c(OC(C)=O)c(OC)c1,Bandgap,4.0633,eV,polyverse_bandgap,train,clean,clean,measured_target
poly_2230,[*]C(=O)NCCCCCCCCCCNC(=O)c1cncc([*])c1,Bandgap,4.6863,eV,polyverse_bandgap,train,clean,clean,measured_target
poly_421,C(=O)C(S1)=CC=C1NC(=S)OC(S2)=CC=C2NC(S3)=CC=C3,Bandgap,2.542,eV,polyverse_bandgap,train,clean,clean,measured_target
poly_2452,[*]Nc1cccc(NC(=O)CCCCCCCC([*])=O)c1,Bandgap,4.9065,eV,polyverse_bandgap,train,clean,clean,measured_target
poly_1324,[*]Nc1ccc([*])cc1OC,Bandgap,3.6964,eV,polyverse_bandgap,train,clean,clean,measured_target
poly_2293,[*]CC(C)(C)C1C(=O)N(c2ccccc2C)C(=O)C1[*],Bandgap,4.7453,eV,polyverse_bandgap,train,clean,clean,measured_target
poly_1328,[*]Oc1ccc(Oc2ccc(C(=O)c3ccc([*])cc3)cc2)cc1CO,Bandgap,3.702,eV,polyverse_bandgap,train,clean,clean,measured_target
poly_1780,[*]NCCOCCOCCNC(=O)Nc1cc(NC(=O)N[*])ccc1C,Bandgap,4.2379,eV,polyverse_bandgap,train,clean,clean,measured_target
poly_3107,[*]CCCCCCCNC(=O)NCCCCCCNC(=O)N[*],Bandgap,5.5863,eV,polyverse_bandgap,train,clean,clean,measured_target
poly_2965,[*]C=CCC(C)(CC[*])C(=O)OC,Bandgap,5.4239,eV,polyverse_bandgap,train,clean,clean,measured_target
poly_3252,[*]CC(CO[*])C(C)(C)C,Bandgap,5.7473,eV,polyverse_bandgap,train,clean,clean,measured_target
poly_2844,[*]Cc1cccc(CN(C)C(=O)CCCCC(=O)N([*])C)c1,Bandgap,5.2937,eV,polyverse_bandgap,train,clean,clean,measured_target
poly_235,[*]c1ccc(Oc2ccc(-n3c(=O)c4cc5c(=O)n([*])c(=O)c5cc4c3=O)cc2-c2ccccc2)cc1,Bandgap,2.2077,eV,polyverse_bandgap,train,clean,clean,measured_target
poly_1677,[*]C=Cc1cc(OCC)c([*])cc1OCC,Bandgap,4.1269,eV,polyverse_bandgap,train,clean,clean,measured_target
poly_1045,[*]Nc1ccc(Cc2ccc(NC(=O)c3ccc(P(=O)(c4ccccc4)c4ccc(C([*])=O)cc4)cc3)cc2)cc1,Bandgap,3.3674,eV,polyverse_bandgap,train,clean,clean,measured_target
poly_285,[*]C(=O)c1ccc2c(c1)C(=O)N(c1ccc3c(c1)Cc1cc(N4C(=O)c5ccc([*])cc5C4=O)ccc1-3)C2=O,Bandgap,2.344,eV,polyverse_bandgap,train,clean,clean,measured_target
poly_3080,[*]CCCCCCCCCC#CC#CCCCCCCCCCOC(=O)CCCCCCC(=O)O[*],Bandgap,5.5535,eV,polyverse_bandgap,train,clean,clean,measured_target
poly_312,[*]c1ccc(C(c2ccc(-n3c(=O)c4cc5c(=O)n([*])c(=O)c5cc4c3=O)cc2)C(C)C)cc1,Bandgap,2.4053,eV,polyverse_bandgap,train,clean,clean,measured_target
poly_2350,[*]CC([*])c1ccccc1C(=O)OC,Bandgap,4.8063,eV,polyverse_bandgap,train,clean,clean,measured_target
poly_1950,[*]Oc1ccc(C(c2ccc(OC([*])=O)cc2)(C(F)(F)Cl)C(F)(F)Cl)cc1,Bandgap,4.421,eV,polyverse_bandgap,train,clean,clean,measured_target
poly_1871,[*]Cc1cccc(CNC(=O)C=C(C)C(=O)N[*])c1,Bandgap,4.3212,eV,polyverse_bandgap,train,clean,clean,measured_target
poly_606,[*]C(=O)Nc1ccc(C2(c3ccc(N4C(=O)c5ccc([*])cc5C4=O)cc3)CCC(C(C)(C)CC)CC2)cc1,Bandgap,2.7979,eV,polyverse_bandgap,train,clean,clean,measured_target
poly_1894,[*]CCCCOC(=O)c1cccc(NC(=O)O[*])c1,Bandgap,4.3503,eV,polyverse_bandgap,train,clean,clean,measured_target
poly_781,[*]C=Cc1cccc([*])c1,Bandgap,3.0058,eV,polyverse_bandgap,train,clean,clean,measured_target
poly_401,[*]N=C1C=CC(=NC2=CC(=O)C([*])=CC2=O)C=C1,Bandgap,2.5206,eV,polyverse_bandgap,train,clean,clean,measured_target
poly_1114,[*]NC(S1)=CC=C1OC(=S)[*],Bandgap,3.4485,eV,polyverse_bandgap,train,clean,clean,measured_target
poly_868,[*]CCN(CCOC(=O)Nc1ccc(C)c(NC(=O)O[*])c1)c1ccc(C=C2NC(=O)NC2=O)cc1,Bandgap,3.1402,eV,polyverse_bandgap,train,clean,clean,measured_target
poly_1996,[*]CCCCCOc1ccc(C(=O)OC(=O)c2ccc(O[*])cc2)cc1,Bandgap,4.4701,eV,polyverse_bandgap,train,clean,clean,measured_target
poly_2241,[*]C(C=C1)=CC=C1OC(=S)O[*],Bandgap,4.6944,eV,polyverse_bandgap,train,clean,clean,measured_target
poly_1823,[*]CCCCCCNC(=O)c1c(F)c(F)c(C(=O)N[*])c(F)c1F,Bandgap,4.276,eV,polyverse_bandgap,train,clean,clean,measured_target
poly_2455,[*]CCOC(=O)Nc1ccc(CCCc2ccc(NC(=O)O[*])cc2)cc1,Bandgap,4.9081,eV,polyverse_bandgap,train,clean,clean,measured_target
poly_1646,[*]Oc1ccc(OC(=O)c2ccc(OC(=O)CCCCCCCCC([*])=O)cc2)cc1,Bandgap,4.0869,eV,polyverse_bandgap,train,clean,clean,measured_target
poly_2239,[*]Oc1ccc(C(C)(C)c2ccc(OC([*])=O)c(Cl)c2)cc1,Bandgap,4.6926,eV,polyverse_bandgap,train,clean,clean,measured_target
poly_2957,CNCCCOCO,Bandgap,5.4198,eV,polyverse_bandgap,train,clean,clean,measured_target
poly_416,[*]C(=O)c1ccc2c(c1)C(=O)N(c1cccc(Nc3nc(N)nc(Nc4cccc(N5C(=O)c6ccc([*])cc6C5=O)c4)n3)c1)C2=O,Bandgap,2.5377,eV,polyverse_bandgap,train,clean,clean,measured_target
poly_1054,[*]CCCC(=S)[*],Bandgap,3.3815,eV,polyverse_bandgap,train,clean,clean,measured_target
poly_885,[*]CCOCCOCCOc1ccc(NC(=O)c2ccc(C(=O)Nc3ccc(O[*])cc3)cc2)cc1,Bandgap,3.1624,eV,polyverse_bandgap,train,clean,clean,measured_target
poly_3109,[*]C=CC1CC([*])C(C#N)([Si](C)(C)C)C1,Bandgap,5.5889,eV,polyverse_bandgap,train,clean,clean,measured_target
poly_301,[*]C(=O)c1ccc2c(c1)C(=O)N(c1ccc(C3(c4ccc(N5C(=O)c6ccc([*])cc6C5=O)cc4)c4ccccc4-c4ccccc43)cc1)C2=O,Bandgap,2.372,eV,polyverse_bandgap,train,clean,clean,measured_target
poly_2005,[*]CC(=O)NCCCCCCNC(=O)COc1ccc(O[*])cc1,Bandgap,4.4776,eV,polyverse_bandgap,train,clean,clean,measured_target
poly_3554,[*]CC([*])OCCCl,Bandgap,6.0222,eV,polyverse_bandgap,train,clean,clean,measured_target
poly_3213,[*]CCCCNC(=O)CCCCCCCCCCC(=O)N[*],Bandgap,5.7128,eV,polyverse_bandgap,train,clean,clean,measured_target
poly_118,[*]NC(S1)=CC=C1C(=S)C(S2)=CC=C2[*],Bandgap,1.771,eV,polyverse_bandgap,train,clean,clean,measured_target
poly_270,[*]c1cc(CCCCCCCCCCCCCCCCCCCCCC)c([*])s1,Bandgap,2.319,eV,polyverse_bandgap,train,clean,clean,measured_target
poly_3169,[*]OC(=O)Oc1cccc(OC(=O)OC2CC3CC([*])CC(C2)O3)c1,Bandgap,5.6565,eV,polyverse_bandgap,train,clean,clean,measured_target
poly_2854,[*]C=CC1CC([*])C2C(=O)N(CCCC)C(=O)C12,Bandgap,5.3038,eV,polyverse_bandgap,train,clean,clean,measured_target
poly_239,[*]c1ccc(-c2ccc(-n3c(=O)c4cc5c(=O)n([*])c(=O)c5cc4c3=O)cc2)cc1,Bandgap,2.2166,eV,polyverse_bandgap,train,clean,clean,measured_target
poly_1315,C(F)(F)C(F)(F)C(C=C1)=CC=C1C(S2)=CC=C2,Bandgap,3.6894,eV,polyverse_bandgap,train,clean,clean,measured_target
poly_690,[*]C=Cc1ccc([*])o1,Bandgap,2.9162,eV,polyverse_bandgap,train,clean,clean,measured_target
poly_2399,[*]CCN([*])C(=O)c1ccc(OC)cc1,Bandgap,4.8635,eV,polyverse_bandgap,train,clean,clean,measured_target
poly_1363,[*]Nc1ccc(CC(C)(C)NC(=O)c2ccc(C([*])=O)cc2)cc1,Bandgap,3.7404,eV,polyverse_bandgap,train,clean,clean,measured_target
poly_363,[*]C(=O)c1ccc2c(c1)C(=O)N(c1ccc(C(C)(C)c3ccc(C(C)(C)c4ccc(N5C(=O)c6ccc([*])cc6C5=O)cc4)cc3)cc1)C2=O,Bandgap,2.4803,eV,polyverse_bandgap,train,clean,clean,measured_target
poly_1729,[*]Oc1ccc(S(=O)(=O)c2ccc(Oc3ccc(C(C)(C)c4ccc([*])cc4)cc3)cc2)c(N)c1,Bandgap,4.1743,eV,polyverse_bandgap,train,clean,clean,measured_target
poly_206,[*]C=Cc1ccc([*])c(F)c1,Bandgap,2.119,eV,polyverse_bandgap,train,clean,clean,measured_target
poly_2481,[*]Oc1ccc(C(C#N)(c2ccccc2)c2ccc(OC([*])=O)cc2)cc1,Bandgap,4.9282,eV,polyverse_bandgap,train,clean,clean,measured_target
poly_2620,[*]CCN([*])C(=O)c1ccc(F)cc1,Bandgap,5.0808,eV,polyverse_bandgap,train,clean,clean,measured_target
poly_3023,[*]C=CC1CC([*])C(C(F)(F)F)(C(F)(F)F)C1(F)F,Bandgap,5.5,eV,polyverse_bandgap,train,clean,clean,measured_target
poly_1088,[*]c1ccc2[nH]c3ccc([*])cc3c2c1,Bandgap,3.4191,eV,polyverse_bandgap,train,clean,clean,measured_target
poly_3564,[*]CCOCCOCCOC(=O)NCCCCCCNC(=O)O[*],Bandgap,6.0302,eV,polyverse_bandgap,train,clean,clean,measured_target
poly_1499,[*]CCCCCCOc1ccc(C(=O)N(C(=O)c2ccc(O[*])cc2)c2ccccc2)cc1,Bandgap,3.9212,eV,polyverse_bandgap,train,clean,clean,measured_target
poly_1292,[*]Nc1ccc(C(=O)c2ccc(NC(=O)c3ccc(C([*])=O)cc3)cc2)cc1,Bandgap,3.6638,eV,polyverse_bandgap,train,clean,clean,measured_target
poly_1695,[*]CC(O)COc1ccc(S(=O)(=O)c2ccc(OCC(O)COc3cccc(O[*])c3)cc2)cc1,Bandgap,4.1474,eV,polyverse_bandgap,train,clean,clean,measured_target
poly_255,[*]c1[nH]c([*])c2c1CCC2,Bandgap,2.2689,eV,polyverse_bandgap,train,clean,clean,measured_target
poly_2037,[*]Oc1c(C)cc([*])cc1C,Bandgap,4.5131,eV,polyverse_bandgap,train,clean,clean,measured_target
poly_4108,[*]CC([*])OC(=O)CCC,Bandgap,6.8392,eV,polyverse_bandgap,train,clean,clean,measured_target
poly_2536,[*]CC([*])SCC,Bandgap,4.9830000000000005,eV,polyverse_bandgap,train,clean,clean,measured_target
poly_1735,[*]Oc3ccc(Oc1cccc([*])c1C#N)c(c2cccc(C)c2)c3,Bandgap,4.1777,eV,polyverse_bandgap,train,clean,clean,measured_target
poly_3324,COC(=O)NCCNC,Bandgap,5.8075,eV,polyverse_bandgap,train,clean,clean,measured_target
poly_3427,[*]CCOCCOC(=O)COCC(=O)O[*],Bandgap,5.8945,eV,polyverse_bandgap,train,clean,clean,measured_target
poly_138,[*]C=C([*])c1ccccc1C(F)(F)F,Bandgap,1.8895,eV,polyverse_bandgap,train,clean,clean,measured_target
poly_1386,[*]CCCCCCCCCCSSCCCCCCSS[*],Bandgap,3.7675,eV,polyverse_bandgap,train,clean,clean,measured_target
poly_1631,[*]Oc1ccc(C(C)=Cc2ccc(OC(=O)OCCCCCOC([*])=O)cc2)cc1,Bandgap,4.0699,eV,polyverse_bandgap,train,clean,clean,measured_target
poly_844,[*]Oc1ccc(SSc2ccc([*])cc2)cc1,Bandgap,3.1064,eV,polyverse_bandgap,train,clean,clean,measured_target
poly_120,[*]C=Cc1ccc([*])c(OC)c1,Bandgap,1.7776,eV,polyverse_bandgap,train,clean,clean,measured_target
poly_588,[*]Oc1ccc(C2(c3ccc(OC(=O)c4ccc(C([*])=O)cc4)cc3)CC3CC2C2CCCC32)cc1,Bandgap,2.7731,eV,polyverse_bandgap,train,clean,clean,measured_target
poly_4002,[*]C(C#N)C(C#N)(C#N)[*],Bandgap,6.6373,eV,polyverse_bandgap,train,clean,clean,measured_target
poly_82,[*]C#CC#Cc1cc2sc([*])cc2s1,Bandgap,1.561,eV,polyverse_bandgap,train,clean,clean,measured_target
poly_1726,[*]C(=O)c1ccc(C(=O)N(C)N([*])C)cc1,Bandgap,4.1739,eV,polyverse_bandgap,train,clean,clean,measured_target
poly_2205,[*]CCCCOC(=O)c1ccccc1-c1ccccc1C(=O)O[*],Bandgap,4.6586,eV,polyverse_bandgap,train,clean,clean,measured_target
poly_1605,[*]NC(=O)NC(=O)[*],Bandgap,4.0437,eV,polyverse_bandgap,train,clean,clean,measured_target
poly_3603,[*]NNC(=O)C1CCC(C(=O)NNC(=O)CCCCC([*])=O)CC1,Bandgap,6.0678,eV,polyverse_bandgap,train,clean,clean,measured_target
poly_424,[*]c1ccc(Cc2ccc(-n3c(=O)c4cc5c(=O)n([*])c(=O)c5cc4c3=O)cc2)cc1,Bandgap,2.5456,eV,polyverse_bandgap,train,clean,clean,measured_target
poly_1564,C(F)(F)C(F)(F)NC(C=C1)=CC=C1,Bandgap,3.9985,eV,polyverse_bandgap,train,clean,clean,measured_target
poly_2216,[*]Oc1ccc(C(C)(CCC)c2ccc(OC([*])=O)cc2)cc1,Bandgap,4.6663,eV,polyverse_bandgap,train,clean,clean,measured_target
poly_1048,[*]Nc1ccc(C(C)(C)c2ccc(NC(=O)c3cc(C([*])=O)cc(N4C(=O)C5CC=CCC5C4=O)c3)cc2)cc1,Bandgap,3.3743,eV,polyverse_bandgap,train,clean,clean,measured_target
poly_1517,[*]CC(=O)C([*])c1ccc(C)cc1,Bandgap,3.9396,eV,polyverse_bandgap,train,clean,clean,measured_target
poly_2250,[*]Oc1ccc(C(c2ccc(OC([*])=O)cc2)C(Cl)Cl)cc1,Bandgap,4.7047,eV,polyverse_bandgap,train,clean,clean,measured_target
poly_1024,[*]C=Cc1ccc([*])cc1,Bandgap,3.3499,eV,polyverse_bandgap,train,clean,clean,measured_target
poly_3349,[*]CC(OC(C)=O)C1C(=O)OC(=O)C1[*],Bandgap,5.8319,eV,polyverse_bandgap,train,clean,clean,measured_target
poly_753,[*]C(=O)Nc1ccc(C(=O)Nc2ccc(NC(=O)c3ccc4[nH]c(-c5cccc(-c6nc7cc([*])ccc7[nH]6)c5)nc4c3)cc2)cc1,Bandgap,2.979,eV,polyverse_bandgap,train,clean,clean,measured_target
poly_621,[*]c1ccc(C(=O)Oc2ccc(-n3c(=O)c4cc5c(=O)n([*])c(=O)c5cc4c3=O)cc2)cc1,Bandgap,2.8175,eV,polyverse_bandgap,train,clean,clean,measured_target
poly_3276,[*]CNC(=O)CCCCC(=O)NCC1COC([*])CO1,Bandgap,5.7675,eV,polyverse_bandgap,train,clean,clean,measured_target
poly_3565,[*]CCCCCCCCCCCCNC(=O)CCCCCCCCCCCCC(=O)N[*],Bandgap,6.0318,eV,polyverse_bandgap,train,clean,clean,measured_target
poly_3343,[*]OC(CC([*])=O)C(Cl)Cl,Bandgap,5.8216,eV,polyverse_bandgap,train,clean,clean,measured_target
poly_1664,[*]c1sc([*])c(OC)c1OC,Bandgap,4.1031,eV,polyverse_bandgap,train,clean,clean,measured_target
poly_3578,[*]CCCOC(=O)COCC(=O)O[*],Bandgap,6.046,eV,polyverse_bandgap,train,clean,clean,measured_target
poly_701,[*]c1ccc(-c2ccc(N3C(=O)c4ccc(-c5cccc6c5C(=O)N([*])C6=O)cc4C3=O)c(C)c2)cc1C,Bandgap,2.9249,eV,polyverse_bandgap,train,clean,clean,measured_target
poly_1874,[*]CCc1c(Cl)c(Cl)c([*])c(Cl)c1Cl,Bandgap,4.3241,eV,polyverse_bandgap,train,clean,clean,measured_target
poly_2430,[*]CCc1ccc([*])s1,Bandgap,4.8896,eV,polyverse_bandgap,train,clean,clean,measured_target
poly_2559,[*]Oc1ccc(C(C)(c2ccccc2)c2ccc(OC(=O)OC3C(C)(C)C(OC([*])=O)C3(C)C)cc2)cc1,Bandgap,5.0101,eV,polyverse_bandgap,train,clean,clean,measured_target
poly_3195,[*]CC(CO)(CO)CO[*],Bandgap,5.6943,eV,polyverse_bandgap,train,clean,clean,measured_target
poly_3545,[*]CCCCNC(=O)CCCCCCCCCCCCCCC(=O)N[*],Bandgap,6.0171,eV,polyverse_bandgap,train,clean,clean,measured_target
poly_3650,[*]CCOCCOCCOC(=O)C1CCC(C(=O)O[*])CC1,Bandgap,6.1348,eV,polyverse_bandgap,train,clean,clean,measured_target
poly_3968,[*]CCCCCC(=O)O[*],Bandgap,6.5974,eV,polyverse_bandgap,train,clean,clean,measured_target
poly_4143,[*]CCCCOC(=O)OCC1CCC(COC(=O)O[*])CC1,Bandgap,7.0059,eV,polyverse_bandgap,train,clean,clean,measured_target
poly_1536,[*]CC([*])n1c2ccccc2c2ccccc21,Bandgap,3.9624,eV,polyverse_bandgap,train,clean,clean,measured_target
poly_1036,[*]c1ccc2c(c1)c1cc([*])ccc1n2C,Bandgap,3.3599,eV,polyverse_bandgap,train,clean,clean,measured_target
poly_1224,[*]CC([*])c1ccc(C(=O)Cc2ccccc2)cc1,Bandgap,3.5934,eV,polyverse_bandgap,train,clean,clean,measured_target
poly_2018,[*]CCCCOc1ccc(C(=O)OC(=O)c2ccc(O[*])cc2)cc1,Bandgap,4.4911,eV,polyverse_bandgap,train,clean,clean,measured_target
poly_228,[*]C(=O)C(S1)=CC=C1C(=S)C(S2)=CC=C2[*],Bandgap,2.182,eV,polyverse_bandgap,train,clean,clean,measured_target
poly_3628,[*]C1CC2CC1C([*])C2CCCC,Bandgap,6.1081,eV,polyverse_bandgap,train,clean,clean,measured_target
poly_1882,[*]Oc1ccc2c(c1)C1(CC2(C)C)CC(C)(C)c2ccc(OC([*])=O)cc21,Bandgap,4.341,eV,polyverse_bandgap,train,clean,clean,measured_target
poly_770,[*]Oc1c(C)cc(C2(c3cc(C)c(OC(=O)c4cc(C([*])=O)cc(C(C)(C)C)c4)c(C)c3)CC(C)CC(C)(C)C2)cc1C,Bandgap,2.9976,eV,polyverse_bandgap,train,clean,clean,measured_target
poly_3346,[*]CCCCCCCCC(=O)NCCCCCCNC(=O)CCCCO[*],Bandgap,5.8255,eV,polyverse_bandgap,train,clean,clean,measured_target
poly_1824,C([*])C(CCCC)=CC([*]),Bandgap,4.2773,eV,polyverse_bandgap,train,clean,clean,measured_target
poly_688,[*]c1ccc(-n2c(=O)c3cc4c(=O)n([*])c(=O)c4cc3c2=O)c(CP(=O)(OCC)OCC)c1,Bandgap,2.9129,eV,polyverse_bandgap,train,clean,clean,measured_target
poly_1698,[*]CCCCCCOc1ccc(C(=O)Oc2ccc(O[*])cc2)cc1,Bandgap,4.1516,eV,polyverse_bandgap,train,clean,clean,measured_target
poly_3719,[*]CCOCCOC(=O)CCCC(=O)O[*],Bandgap,6.2403,eV,polyverse_bandgap,train,clean,clean,measured_target
poly_2551,[*]CC1CC1COC(=O)c1cccc(C(=O)O[*])c1,Bandgap,5.001,eV,polyverse_bandgap,train,clean,clean,measured_target
poly_3731,[*]OC(COCCCC)COC([*])=O,Bandgap,6.2574,eV,polyverse_bandgap,train,clean,clean,measured_target
poly_1579,[*]CCCOc1cccc(C(=O)OC(=O)c2cccc(O[*])c2)c1,Bandgap,4.0132,eV,polyverse_bandgap,train,clean,clean,measured_target
poly_2778,[*]Cc1ccc(COC(=O)CCCCCCCC(=O)O[*])cc1,Bandgap,5.2217,eV,polyverse_bandgap,train,clean,clean,measured_target
poly_3903,[*]OC(C)COC(=O)CCCCCCC([*])=O,Bandgap,6.5116,eV,polyverse_bandgap,train,clean,clean,measured_target
poly_1451,[*]CCCCCCCc1nnc(-c2ccc(-c3nnc([*])o3)cc2)o1,Bandgap,3.8544,eV,polyverse_bandgap,train,clean,clean,measured_target
poly_839,[*]CCOCCOC(=O)CC(=CC(=O)O[*])c1cc(C)ccc1OC,Bandgap,3.1,eV,polyverse_bandgap,train,clean,clean,measured_target
poly_3606,[*]NC(CC([*])=O)C(=O)OCCCC,Bandgap,6.072,eV,polyverse_bandgap,train,clean,clean,measured_target
poly_1532,[*]Oc1ccc(Oc2ccc(C(=O)c3ccc([*])cc3)cc2)cc1CC#N,Bandgap,3.9557,eV,polyverse_bandgap,train,clean,clean,measured_target
poly_4149,[*]C(F)(F)C1(F)C(F)(F)C([*])(F)C(F)(F)C1(F)F,Bandgap,7.0615,eV,polyverse_bandgap,train,clean,clean,measured_target
poly_1606,[*]Oc1ccc(NC(=O)c2cccc(C(=O)Nc3ccc(Oc4ccc(C5(c6ccc([*])cc6)C6CC7CC(C6)CC5C7)cc4)cc3)c2)cc1,Bandgap,4.0447,eV,polyverse_bandgap,train,clean,clean,measured_target
poly_1542,[*]CCCCCCCOC(=O)c1ccc(-c2ccc(C(=O)O[*])cc2)cc1,Bandgap,3.9708,eV,polyverse_bandgap,train,clean,clean,measured_target
poly_3478,[*]CCCCCCC(=O)NCCCCCCNC(=O)CCCCCCO[*],Bandgap,5.9469,eV,polyverse_bandgap,train,clean,clean,measured_target
poly_1694,[*]Oc1cc(CCCC)cc(OC(=O)c2cccc(C([*])=O)c2)c1,Bandgap,4.1472,eV,polyverse_bandgap,train,clean,clean,measured_target
poly_1478,[*]Oc1ccc(-c2ccc(C([*])=O)cc2)cc1,Bandgap,3.8982,eV,polyverse_bandgap,train,clean,clean,measured_target
poly_240,[*]CC(=O)Nc1ccc(Cc2ccc(NC(=O)CN3C(=O)c4ccc(C(=O)c5ccc6c(c5)C(=O)N([*])C6=O)cc4C3=O)cc2)cc1,Bandgap,2.2184,eV,polyverse_bandgap,train,clean,clean,measured_target
poly_1951,[*]CC(S1)=CC=C1C(=O)O[*],Bandgap,4.4211,eV,polyverse_bandgap,train,clean,clean,measured_target
poly_1275,[*]C(=S)N([*])CC=C,Bandgap,3.6436,eV,polyverse_bandgap,train,clean,clean,measured_target
poly_1309,[*]C(=S)N([*])C,Bandgap,3.6807,eV,polyverse_bandgap,train,clean,clean,measured_target
poly_3983,[*]C1CCC([*])C1,Bandgap,6.6111,eV,polyverse_bandgap,train,clean,clean,measured_target
poly_3451,[*]NC(C)CC([*])=O,Bandgap,5.9253,eV,polyverse_bandgap,train,clean,clean,measured_target
poly_2801,[*]Oc1c(C(C)C)cc([*])cc1C(C)C,Bandgap,5.2366,eV,polyverse_bandgap,train,clean,clean,measured_target
poly_553,[*]c1sc([*])c2nc(-c3ccccc3)c(CC)nc12,Bandgap,2.7281,eV,polyverse_bandgap,train,clean,clean,measured_target
poly_1104,[*]c1ccc2c(c1)c1cc([*])ccc1n2CC,Bandgap,3.4388,eV,polyverse_bandgap,train,clean,clean,measured_target
poly_1339,NC(=S)NC(C=C1)=CC=C1NC(=S)NC(C=C2)=CC=C2CC(C=C3)=CC=C3,Bandgap,3.7146,eV,polyverse_bandgap,train,clean,clean,measured_target
poly_976,[*]c1ccc(-c2cnc3cc(Oc4ccc5nc([*])cnc5c4)ccc3n2)cc1,Bandgap,3.2905,eV,polyverse_bandgap,train,clean,clean,measured_target
poly_668,[*]C(C=C1)=CC=C1C(C=C2)=CC=C2C(C=C3)=CC=C3C(S4)=CC=C4[*],Bandgap,2.8879,eV,polyverse_bandgap,train,clean,clean,measured_target
poly_2984,[*]Cc1ccc(COC(=O)CCCCCCCCCCC(=O)O[*])cc1,Bandgap,5.4468,eV,polyverse_bandgap,train,clean,clean,measured_target
poly_3389,[*]CNC(=O)CCCC(=O)N[*],Bandgap,5.8672,eV,polyverse_bandgap,train,clean,clean,measured_target
poly_3371,[*]NNC(=O)CCCCCCCCC([*])=O,Bandgap,5.857,eV,polyverse_bandgap,train,clean,clean,measured_target
poly_422,[*]C=Cc1cc(OCCCCCC)c([*])cc1OC,Bandgap,2.5439,eV,polyverse_bandgap,train,clean,clean,measured_target
poly_2279,[*]CCCCOC(=O)C=CC(=O)O[*],Bandgap,4.7363,eV,polyverse_bandgap,train,clean,clean,measured_target
poly_1909,[*]c1cc(C)c([*])cn1,Bandgap,4.3718,eV,polyverse_bandgap,train,clean,clean,measured_target
poly_2073,[*]CCCCCCOC(=O)OCCCCCOC(=O)OCCCCCCOc1ccc(Oc2ccc(O[*])cc2)cc1,Bandgap,4.5468,eV,polyverse_bandgap,train,clean,clean,measured_target
poly_3295,[*]CC([*])(C)C(=O)OCCBr,Bandgap,5.7827,eV,polyverse_bandgap,train,clean,clean,measured_target
poly_849,[*]C(=O)Nc1cccc(C(=O)Nc2cccc(NC(=O)c3ccc4[nH]c(-c5ccc(-c6nc7cc([*])ccc7[nH]6)cc5)nc4c3)c2)c1,Bandgap,3.111,eV,polyverse_bandgap,train,clean,clean,measured_target
poly_1119,[*]C=C([*])c1cccs1,Bandgap,3.454,eV,polyverse_bandgap,train,clean,clean,measured_target
poly_1783,[*]CC(F)(F)C(F)(F)C(F)(F)COc1c(F)c(F)c(O[*])c(F)c1F,Bandgap,4.2427,eV,polyverse_bandgap,train,clean,clean,measured_target
poly_1374,[*]c1ccc(-n2cc3c(n2)C(=O)c2cn([*])nc2C3=O)cc1,Bandgap,3.7547,eV,polyverse_bandgap,train,clean,clean,measured_target
poly_2623,[*]CCSS[*],Bandgap,5.0819,eV,polyverse_bandgap,train,clean,clean,measured_target
poly_3730,[*]OC(=O)OCCCCCCOC(=O)OC1COC2C([*])COC12,Bandgap,6.2569,eV,polyverse_bandgap,train,clean,clean,measured_target
poly_3173,[*]CC(C)(C=O)C(F)(F)C([*])([2H])[2H],Bandgap,5.6608,eV,polyverse_bandgap,train,clean,clean,measured_target
poly_3274,[*]CCCCCCCCCCNC(=O)NCCCCCCCCNC(=O)N[*],Bandgap,5.7663,eV,polyverse_bandgap,train,clean,clean,measured_target
poly_593,[*]CC([*])c1cc(Cl)ccc1Cl,Bandgap,2.784,eV,polyverse_bandgap,train,clean,clean,measured_target
poly_924,[*]Nc1cc(NC(=O)c2ccc(C([*])=O)cc2)cc(C(=O)OCCOc2ccc(C=CC(=O)c3ccccc3)cc2)c1,Bandgap,3.212,eV,polyverse_bandgap,train,clean,clean,measured_target
poly_379,[*]c1ccc(-c2ccc(-n3c(=O)c4c(F)c5c(=O)n([*])c(=O)c5c(F)c4c3=O)cc2C)c(C)c1,Bandgap,2.4968,eV,polyverse_bandgap,train,clean,clean,measured_target
poly_2449,[*]CCCN([*])C(=O)c1ccccc1,Bandgap,4.9047,eV,polyverse_bandgap,train,clean,clean,measured_target
poly_1086,[*]OCCOC(=O)CCCCC(=O)OCCOc1nc(-c2ccc(OC)cc2)nc([*])c1-c1ccc(OC)cc1,Bandgap,3.4169,eV,polyverse_bandgap,train,clean,clean,measured_target
poly_1420,C(F)(F)C(F)(F)C(S1)=CC=C1O,Bandgap,3.8151,eV,polyverse_bandgap,train,clean,clean,measured_target
poly_2584,[*]CCCCOC(=O)CCSCCCCCCSCCC(=O)O[*],Bandgap,5.0289,eV,polyverse_bandgap,train,clean,clean,measured_target
poly_3879,[*]OC(CCCCC)CC([*])=O,Bandgap,6.4777,eV,polyverse_bandgap,train,clean,clean,measured_target
poly_2763,[*]CCOCCOC(=O)CCSCCC(=O)O[*],Bandgap,5.2072,eV,polyverse_bandgap,train,clean,clean,measured_target
poly_3894,[*]CCCCCCCCCCOC(=O)CCCCS(=O)(=O)CCCCC(=O)O[*],Bandgap,6.4986,eV,polyverse_bandgap,train,clean,clean,measured_target
poly_3536,[*]NC(C)C([*])=O,Bandgap,6.0074,eV,polyverse_bandgap,train,clean,clean,measured_target
poly_4083,[*]CCCCCCCCCCCCCC(=O)O[*],Bandgap,6.7653,eV,polyverse_bandgap,train,clean,clean,measured_target
poly_1755,[*]Oc1ccc(OC(=O)c2cccc(Oc3cccc(C([*])=O)c3)c2)cc1,Bandgap,4.1992,eV,polyverse_bandgap,train,clean,clean,measured_target
poly_3895,[*]OC1CCC(C2CCC(OC(=O)CCCCCCCCCC([*])=O)CC2)CC1,Bandgap,6.5,eV,polyverse_bandgap,train,clean,clean,measured_target
poly_3242,[*]CC(C)O[*],Bandgap,5.7371,eV,polyverse_bandgap,train,clean,clean,measured_target
poly_2953,[*]CC(CS(=O)(=O)CC)O[*],Bandgap,5.4139,eV,polyverse_bandgap,train,clean,clean,measured_target
poly_546,[*]CCC(C=C1)=CC=C1C(=S)[*],Bandgap,2.7148,eV,polyverse_bandgap,train,clean,clean,measured_target
poly_605,[*]c1c(C)c(C)c(-n2c(=O)c3cc4c(=O)n([*])c(=O)c4cc3c2=O)c(C)c1C,Bandgap,2.7972,eV,polyverse_bandgap,train,clean,clean,measured_target
poly_4036,[*]OC(C)COC(=O)CCCCCCCC([*])=O,Bandgap,6.6887,eV,polyverse_bandgap,train,clean,clean,measured_target
poly_1770,[*]CCCc1nc2cc3sc([*])nc3cc2s1,Bandgap,4.2161,eV,polyverse_bandgap,train,clean,clean,measured_target
poly_3279,[*]C=CCC[*],Bandgap,5.7686,eV,polyverse_bandgap,train,clean,clean,measured_target
poly_371,[*]C=Cc1ccc([*])c2ccc(CCCCCCCCCCC)cc12,Bandgap,2.485,eV,polyverse_bandgap,train,clean,clean,measured_target
poly_3381,[*]CC(C)C1C(=O)N(CCC)C(=O)C1[*],Bandgap,5.862,eV,polyverse_bandgap,train,clean,clean,measured_target
poly_3995,[*]CCCCCOC(=O)CCCCCCCC(=O)O[*],Bandgap,6.624,eV,polyverse_bandgap,train,clean,clean,measured_target
poly_3934,[*]CCCS(=O)(=O)CCCCS(=O)(=O)CCCOC(=O)O[*],Bandgap,6.5416,eV,polyverse_bandgap,train,clean,clean,measured_target
poly_2034,[*]Oc1ccc(Sc2ccc(Sc3ccc(Sc4ccc([*])cc4)cc3)cc2)cc1,Bandgap,4.5081,eV,polyverse_bandgap,train,clean,clean,measured_target
poly_1573,[*]CCOCCOC(=O)c1ccc(-c2ccc(C(=O)O[*])cc2)cc1,Bandgap,4.0097,eV,polyverse_bandgap,train,clean,clean,measured_target
poly_3723,[*]OC(=O)CCCCCCCCCCCC([*])=O,Bandgap,6.2436,eV,polyverse_bandgap,train,clean,clean,measured_target
poly_997,[*]C(C=C1)=CC=C1C(C=C2)=CC=C2C(=S)O[*],Bandgap,3.3176,eV,polyverse_bandgap,train,clean,clean,measured_target
poly_3930,[*]CCCCCCCCc1nnc([*])o1,Bandgap,6.5384,eV,polyverse_bandgap,train,clean,clean,measured_target
poly_4016,[*]CC([*])(C#N)C(=O)OCC(C)C,Bandgap,6.6657,eV,polyverse_bandgap,train,clean,clean,measured_target
poly_340,[*]c1cc(COCCCCCCCCCCCCOc2ccc(-c3ccc(OC)cc3)cc2)c([*])s1,Bandgap,2.4465,eV,polyverse_bandgap,train,clean,clean,measured_target
poly_2664,[*]Cc1cc(C)c(CNC(=O)CCCCC(=O)N[*])cc1C,Bandgap,5.1111,eV,polyverse_bandgap,train,clean,clean,measured_target
poly_1055,[*]c1ccc(S(=O)(=O)c2ccc(N3C(=O)c4ccc(-c5ccc6c(c5)C(=O)N([*])C6=O)cc4C3=O)cc2)cc1,Bandgap,3.382,eV,polyverse_bandgap,train,clean,clean,measured_target
poly_3917,[*]C([*])O,Bandgap,6.5244,eV,polyverse_bandgap,train,clean,clean,measured_target
poly_2133,[*]Oc1cccc(C([*])=O)c1,Bandgap,4.5975,eV,polyverse_bandgap,train,clean,clean,measured_target
poly_1097,[*]Sc1ccc(C(=O)CNNCC(=O)c2ccc([*])cc2)cc1,Bandgap,3.4329,eV,polyverse_bandgap,train,clean,clean,measured_target
poly_16,[*]C=C([*])C#N,Bandgap,0.9111,eV,polyverse_bandgap,train,clean,clean,measured_target
poly_1235,[*]Sc1ccc(Nc2ccc(Nc3ccc(Nc4ccc([*])cc4)cc3)cc2)cc1,Bandgap,3.6059,eV,polyverse_bandgap,train,clean,clean,measured_target
poly_1555,[*]Oc1ccc(OC(=O)c2cccc(C([*])=O)c2)cc1,Bandgap,3.9872,eV,polyverse_bandgap,train,clean,clean,measured_target
poly_2503,[*]CC(C)(C)CS[*],Bandgap,4.9455,eV,polyverse_bandgap,train,clean,clean,measured_target
poly_2539,[*]Cc1ccc(C(=O)N[*])cc1,Bandgap,4.9852,eV,polyverse_bandgap,train,clean,clean,measured_target
poly_682,[*]c1ccc([N+](=O)[O-])c2c1C(=O)c1c([N+](=O)[O-])ccc([*])c1C2=O,Bandgap,2.9031,eV,polyverse_bandgap,train,clean,clean,measured_target
poly_3681,[*]CCCCCOC(=O)C(=O)O[*],Bandgap,6.1932,eV,polyverse_bandgap,train,clean,clean,measured_target
poly_4019,[*]CCCCCOC(=O)CCCCS(=O)(=O)CCCCC(=O)O[*],Bandgap,6.6662,eV,polyverse_bandgap,train,clean,clean,measured_target
poly_63,[*]C=C[*],Bandgap,1.4732,eV,polyverse_bandgap,train,clean,clean,measured_target
poly_3286,[*]CCC(=O)NCC(=O)N[*],Bandgap,5.7744,eV,polyverse_bandgap,train,clean,clean,measured_target
poly_323,[*]CNC(S1)=CC=C1C(=S)[*],Bandgap,2.4293,eV,polyverse_bandgap,train,clean,clean,measured_target
poly_84,[*]c1cc(CCOC(=O)NCCCC)c([*])s1,Bandgap,1.5835,eV,polyverse_bandgap,train,clean,clean,measured_target
poly_1722,[*]Oc1ccc2ccc(OC(=O)Oc3cccc(OC([*])=O)c3)cc2c1,Bandgap,4.1699,eV,polyverse_bandgap,train,clean,clean,measured_target
poly_3334,[*]CCCCCCCCCCCC(=O)N([*])C,Bandgap,5.8166,eV,polyverse_bandgap,train,clean,clean,measured_target
poly_1335,[*]C(=O)c1ccc(Oc2ccc(C(C)(C)c3ccc(Oc4ccc([*])s4)cc3)cc2)cc1,Bandgap,3.7073,eV,polyverse_bandgap,train,clean,clean,measured_target
poly_4039,[*]CC1CCC(COC(=O)CCCCCCCC(=O)O[*])CC1,Bandgap,6.6905,eV,polyverse_bandgap,train,clean,clean,measured_target
poly_2134,[*]CCCCCCOC(=O)OCCCCCCCCOC(=O)OCCCCCCOc1ccc(Oc2ccc(O[*])cc2)cc1,Bandgap,4.5976,eV,polyverse_bandgap,train,clean,clean,measured_target
poly_3209,[*]CCCCCC(=O)NCCCCCOCCCCCNC(=O)CCCO[*],Bandgap,5.7098,eV,polyverse_bandgap,train,clean,clean,measured_target
poly_2340,[*]Nc1cccc(NC(=O)CCCCCCCCC([*])=O)c1,Bandgap,4.7951,eV,polyverse_bandgap,train,clean,clean,measured_target
poly_2766,[*]C(=O)C1CCCN1[*],Bandgap,5.2121,eV,polyverse_bandgap,train,clean,clean,measured_target
poly_1557,[*]CC(=O)C(S1)=CC=C1C(=O)[*],Bandgap,3.9882,eV,polyverse_bandgap,train,clean,clean,measured_target
poly_1592,[*]CCOC(=O)Nc1cccc2c(NC(=O)O[*])cccc12,Bandgap,4.0296,eV,polyverse_bandgap,train,clean,clean,measured_target
poly_3278,[*]CCCCCCOCC1(CO[*])CC1,Bandgap,5.7686,eV,polyverse_bandgap,train,clean,clean,measured_target
poly_2941,[*]OC(c1ccccc1)C(C)(C)C([*])=O,Bandgap,5.3988,eV,polyverse_bandgap,train,clean,clean,measured_target
poly_2688,[*]CC(C)C=C([*])C,Bandgap,5.1336,eV,polyverse_bandgap,train,clean,clean,measured_target
poly_1964,[*]CCc1ccc([*])c(Cl)c1,Bandgap,4.4319,eV,polyverse_bandgap,train,clean,clean,measured_target
poly_2450,[*]Oc1ccc(C(C)(CCC#N)c2ccc(OC([*])=O)cc2)cc1,Bandgap,4.9054,eV,polyverse_bandgap,train,clean,clean,measured_target
poly_2686,[*]CCOC(=O)Nc1cccc(NC(=O)O[*])c1,Bandgap,5.1312,eV,polyverse_bandgap,train,clean,clean,measured_target
poly_2460,[*]CCCC1CCN(SC(=O)OCCCCCCOC(=O)SN2CCC([*])CC2)CC1,Bandgap,4.9129,eV,polyverse_bandgap,train,clean,clean,measured_target
poly_81,[*]c1sc([*])c(CCCCCCN(CC)c2ccccc2)c1CCCCCC,Bandgap,1.5590000000000002,eV,polyverse_bandgap,train,clean,clean,measured_target
poly_2521,[*]Cc1ccc(COC(=O)CCCCCCCCC(=O)O[*])cc1,Bandgap,4.9683,eV,polyverse_bandgap,train,clean,clean,measured_target
poly_3186,[*]C(=O)OCCCCOC(=O)N1CCN([*])CC1,Bandgap,5.6801,eV,polyverse_bandgap,train,clean,clean,measured_target
poly_913,[*]Oc1ccc(C2(c3ccc(OC(=O)c4ccc(C([*])=O)cc4)cc3)CCc3ccccc32)cc1,Bandgap,3.1984,eV,polyverse_bandgap,train,clean,clean,measured_target
poly_154,[*]c1ccc(-c2cc(CCCCCCOC(=O)COc3ccccc3)c([*])s2)s1,Bandgap,1.9503,eV,polyverse_bandgap,train,clean,clean,measured_target
poly_3640,[*]CC#CCOC(=O)CCCCCCC(=O)O[*],Bandgap,6.125,eV,polyverse_bandgap,train,clean,clean,measured_target
poly_491,[*]C(=O)C(S1)=CC=C1C(S2)=CC=C2O[*],Bandgap,2.6424,eV,polyverse_bandgap,train,clean,clean,measured_target
poly_88,[*]C#CC#Cc1ccc([*])s1,Bandgap,1.5989,eV,polyverse_bandgap,train,clean,clean,measured_target
poly_4038,[*]OC(C)CCOC(=O)CCCC([*])=O,Bandgap,6.6901,eV,polyverse_bandgap,train,clean,clean,measured_target
poly_4184,[*]CC([*])C#N,Bandgap,7.7739,eV,polyverse_bandgap,train,clean,clean,measured_target
poly_1843,[*]OP(=O)(Oc1ccccc1)Oc1c(Cl)c(Cl)c([*])c(Cl)c1Cl,Bandgap,4.2965,eV,polyverse_bandgap,train,clean,clean,measured_target
poly_1834,O([*])CC(F)(F)C(F)(F)C(F)(F)C(F)(F)COC(=O)CCSCCSCCC(=O)([*]),Bandgap,4.2864,eV,polyverse_bandgap,train,clean,clean,measured_target
poly_3755,[*]CC(C)(C)COC(=O)NCCCCCCNC(=O)O[*],Bandgap,6.29,eV,polyverse_bandgap,train,clean,clean,measured_target
poly_4206,[*]OC(F)(F)C(F)(F)C([*])(F)F,Bandgap,9.3031,eV,polyverse_bandgap,train,clean,clean,measured_target
poly_2808,[*]CC(COCC=C)O[*],Bandgap,5.2481,eV,polyverse_bandgap,train,clean,clean,measured_target
poly_1217,[*]Nc1ccc([*])cc1CCCCCCCCCCCCCCC,Bandgap,3.5851,eV,polyverse_bandgap,train,clean,clean,measured_target
poly_3905,CNC(=O)NCOCO,Bandgap,6.5138,eV,polyverse_bandgap,train,clean,clean,measured_target
poly_3132,[*]C=CC(C)C([*])C(=O)OC(C)C,Bandgap,5.6207,eV,polyverse_bandgap,train,clean,clean,measured_target
poly_652,[*]c1cc(-c2ccccc2)c([*])[nH]1,Bandgap,2.8604,eV,polyverse_bandgap,train,clean,clean,measured_target
poly_3513,[*]CC([*])OCC(=O)O,Bandgap,5.9833,eV,polyverse_bandgap,train,clean,clean,measured_target
poly_2089,[*]c1cc(OC)c([*])cc1OC,Bandgap,4.5598,eV,polyverse_bandgap,train,clean,clean,measured_target
poly_1238,[*]CC([*])C(=O)c1ccc(Br)c(OC)c1,Bandgap,3.6104,eV,polyverse_bandgap,train,clean,clean,measured_target
poly_551,[*]c1cc(CCCCCC)c([*])[nH]1,Bandgap,2.7271,eV,polyverse_bandgap,train,clean,clean,measured_target
poly_2929,[*]CC1CCC(CNC(=O)CCCCC(=O)N[*])CC1,Bandgap,5.3885,eV,polyverse_bandgap,train,clean,clean,measured_target
poly_1769,[*]Oc1ccc(C(C)=Nc2ccccc2N=C(C)c2ccc([*])cc2)cc1,Bandgap,4.2147,eV,polyverse_bandgap,train,clean,clean,measured_target
poly_3659,[*]OC(=O)CCCCCCCCCCCCCCCCC([*])=O,Bandgap,6.1452,eV,polyverse_bandgap,train,clean,clean,measured_target
poly_1102,[*]c1ccc(-c2nc(-c3ccc(-c4nc([*])sc4C(=O)O)cc3)c(C(=O)O)s2)cc1,Bandgap,3.438,eV,polyverse_bandgap,train,clean,clean,measured_target
poly_1494,[*]Oc1cc(Cl)cc(Cl)c1[*],Bandgap,3.9114,eV,polyverse_bandgap,train,clean,clean,measured_target
poly_2920,[*]CCCC1(C)CCN(C(=O)CCC(=O)N2CCC([*])(C)CC2)CC1,Bandgap,5.3778,eV,polyverse_bandgap,train,clean,clean,measured_target
poly_1030,[*]CCCCCCOc1ccc(C=Cc2ccc(O[*])cc2)cc1,Bandgap,3.3553,eV,polyverse_bandgap,train,clean,clean,measured_target
poly_3380,[*]CCCCCCCCCCCCNC(=O)CCCCCCCCCCC(=O)N[*],Bandgap,5.8616,eV,polyverse_bandgap,train,clean,clean,measured_target
poly_3825,[*]CCCCCCCCCCOCO[*],Bandgap,6.3968,eV,polyverse_bandgap,train,clean,clean,measured_target
poly_2444,[*]Oc1ccc(C(C)(CC)c2ccc(OC([*])=O)c(C)c2)cc1C,Bandgap,4.9006,eV,polyverse_bandgap,train,clean,clean,measured_target
poly_2607,[*]NC(CCC(=O)OCc1ccccc1)C([*])=O,Bandgap,5.0666,eV,polyverse_bandgap,train,clean,clean,measured_target
poly_4107,[*]CCOC(=O)CCCCCC(=O)O[*],Bandgap,6.8318,eV,polyverse_bandgap,train,clean,clean,measured_target
poly_2491,[*]Oc1ccc(C(CC)(c2ccccc2)c2ccc(OC(=O)CCCCCCCCC([*])=O)cc2)cc1,Bandgap,4.9385,eV,polyverse_bandgap,train,clean,clean,measured_target
poly_3929,[*]CCOCCOC(=O)CCCCS(=O)(=O)CCCCC(=O)O[*],Bandgap,6.5382,eV,polyverse_bandgap,train,clean,clean,measured_target
poly_2605,[*]CCCCCC(=O)NCc1ccc(CNC(=O)CCCCO[*])cc1,Bandgap,5.061,eV,polyverse_bandgap,train,clean,clean,measured_target
poly_2160,[*]Cc1ccc(-c2ccc(CSC(=O)CCC(=O)S[*])cc2)cc1,Bandgap,4.6228,eV,polyverse_bandgap,train,clean,clean,measured_target
poly_4022,[*]CC([*])(CF)C(=O)OC,Bandgap,6.6709,eV,polyverse_bandgap,train,clean,clean,measured_target
poly_1455,[*]Nc1cccc(NC(=O)c2cc(C([*])=O)cc(S(=O)(=O)c3ccccc3)c2)c1,Bandgap,3.8595,eV,polyverse_bandgap,train,clean,clean,measured_target
poly_2183,[*]CC([*])c1ccc(C(=O)OCC(C)C)cc1,Bandgap,4.6433,eV,polyverse_bandgap,train,clean,clean,measured_target
poly_2048,[*]C=Nc1cc(NC(=O)NCCNCCNO[*])ccc1C,Bandgap,4.5234,eV,polyverse_bandgap,train,clean,clean,measured_target
poly_3615,[*]CC(F)(F)C(F)(F)C(F)(F)COC(=O)NCCCCCCNC(=O)O[*],Bandgap,6.0804,eV,polyverse_bandgap,train,clean,clean,measured_target
poly_3456,[*]CC#CCOC(=O)CCC(=O)O[*],Bandgap,5.9288,eV,polyverse_bandgap,train,clean,clean,measured_target
poly_869,[*]Oc1ccc(C(=O)CNc2cccc(NCC(=O)c3ccc([*])cc3)c2)cc1,Bandgap,3.1409,eV,polyverse_bandgap,train,clean,clean,measured_target
poly_2302,[*]CCCP(CCCNC(=O)CCCCCCCCC(=O)N[*])c1ccccc1,Bandgap,4.7536,eV,polyverse_bandgap,train,clean,clean,measured_target
poly_1423,[*]Nc1ccc([*])cc1F,Bandgap,3.8203,eV,polyverse_bandgap,train,clean,clean,measured_target
poly_774,[*]c1cccc(S(=O)(=O)c2cccc(-n3c(=O)c4cc5c(=O)n([*])c(=O)c5cc4c3=O)c2)c1,Bandgap,2.9994,eV,polyverse_bandgap,train,clean,clean,measured_target
poly_1649,[*]c1ccc(-c2ccc([*])c(C)c2)cc1C,Bandgap,4.0882,eV,polyverse_bandgap,train,clean,clean,measured_target
poly_2263,[*]CC(OC(C)=O)C1C(=O)N(c2ccc(C)cc2)C(=O)C1([*])Cl,Bandgap,4.7114,eV,polyverse_bandgap,train,clean,clean,measured_target
poly_3010,N([*])C(=O)CCCCC(=O)NCC1=C(C)C=C(C=C1)C([*]),Bandgap,5.4837,eV,polyverse_bandgap,train,clean,clean,measured_target
poly_3377,[*]CC(C)(CO[*])COCC(F)(F)C(F)(F)C(F)(F)F,Bandgap,5.8594,eV,polyverse_bandgap,train,clean,clean,measured_target
poly_1640,[*]Oc1cccc2c(OC(=O)Oc3ccc(OC([*])=O)cc3C)cccc12,Bandgap,4.0829,eV,polyverse_bandgap,train,clean,clean,measured_target
poly_985,[*]c1ccc(-n2ccc(-c3ccc(-c4ccn([*])n4)cc3)n2)cc1,Bandgap,3.3009,eV,polyverse_bandgap,train,clean,clean,measured_target
poly_39,[*]c1cc2c(s1)-c1sc([*])cc1C2=C1c2ccsc2-c2sccc21,Bandgap,1.2481,eV,polyverse_bandgap,train,clean,clean,measured_target
poly_315,[*]c1ccc(Sc2ccc(-n3c(=O)c4cc5c(=O)n([*])c(=O)c5cc4c3=O)cn2)nc1,Bandgap,2.4134,eV,polyverse_bandgap,train,clean,clean,measured_target
poly_1013,[*]Oc1ccc(C=C2CCC(=Cc3ccc([*])c([N+](=O)[O-])c3)C2=O)cc1[N+](=O)[O-],Bandgap,3.3368,eV,polyverse_bandgap,train,clean,clean,measured_target
poly_3167,[*]C=C(F)C(F)(F)C[*],Bandgap,5.655,eV,polyverse_bandgap,train,clean,clean,measured_target
poly_4164,[*]OC1(F)CC(C([*])C)C1C(F)(F)C1(F)CC1,Bandgap,7.1864,eV,polyverse_bandgap,train,clean,clean,measured_target
poly_962,[*]Oc1ccc(C(CC)(CC)c2ccc(OC(=O)c3ccc(C([*])=O)cc3)cc2)cc1,Bandgap,3.2648,eV,polyverse_bandgap,train,clean,clean,measured_target
poly_2011,[*]CCN([*])C(=O)c1cccs1,Bandgap,4.4831,eV,polyverse_bandgap,train,clean,clean,measured_target
poly_1619,[*]C(C)=C([*])SCC,Bandgap,4.0568,eV,polyverse_bandgap,train,clean,clean,measured_target
poly_3304,[*]CCCCCCC(=O)NCCCCCOCCCCCNC(=O)CCCO[*],Bandgap,5.7912,eV,polyverse_bandgap,train,clean,clean,measured_target
poly_1483,[*]C=C([*])C(C)=O,Bandgap,3.9029,eV,polyverse_bandgap,train,clean,clean,measured_target
poly_344,[*]CC([*])c1ccc(Cl)c(Cl)c1,Bandgap,2.4525,eV,polyverse_bandgap,train,clean,clean,measured_target
poly_1046,[*]c1ccc(-c2cnc3ccc(-c4ccc5nc([*])cnc5c4)cc3n2)cc1,Bandgap,3.3677,eV,polyverse_bandgap,train,clean,clean,measured_target
poly_2690,[*]CC([*])C(=O)N(C)CC,Bandgap,5.1362,eV,polyverse_bandgap,train,clean,clean,measured_target
poly_819,[*]c1cc(N=Nc2ccc(OC)cc2)cc([*])c1O,Bandgap,3.0692,eV,polyverse_bandgap,train,clean,clean,measured_target
poly_2169,[*]Oc1ccc(OC(=O)Oc2ccc(-c3ccc(OC([*])=O)cc3)cc2)cc1Cl,Bandgap,4.6321,eV,polyverse_bandgap,train,clean,clean,measured_target
poly_1256,[*]Oc1ccc(N=CC=Nc2ccc(OC(=O)Nc3cc(NC([*])=O)ccc3C)cc2)cc1,Bandgap,3.6227,eV,polyverse_bandgap,train,clean,clean,measured_target
poly_3436,[*]OC(=O)CCS(=O)(=O)CCS(=O)(=O)CCC([*])=O,Bandgap,5.9043,eV,polyverse_bandgap,train,clean,clean,measured_target
poly_3900,[*]CC(C#N)(C#N)C(C#N)C(C#N)(C#N)C(C#N)C(C#N)(C#N)C(C#N)C(C#N)(C#N)[*],Bandgap,6.505,eV,polyverse_bandgap,train,clean,clean,measured_target
poly_144,[*]CC([*])OC(=O)c1ccccc1Cl,Bandgap,1.9134,eV,polyverse_bandgap,train,clean,clean,measured_target
poly_1302,[*]CCC(C=C1)=CC=C1C(S2)=CC=C2[*],Bandgap,3.6694,eV,polyverse_bandgap,train,clean,clean,measured_target
poly_729,[*]N=Nc1ccc(NC(=O)CCC(=O)Nc2ccc([*])cc2)cc1,Bandgap,2.9548,eV,polyverse_bandgap,train,clean,clean,measured_target
poly_879,[*]Oc1ccc(NC(=O)c2cccc(C(=O)Nc3ccc([*])cc3)c2)cc1,Bandgap,3.1562,eV,polyverse_bandgap,train,clean,clean,measured_target
poly_3120,[*]CC(OC1CCCCC1)C1C(=O)OC(=O)C1[*],Bandgap,5.6069,eV,polyverse_bandgap,train,clean,clean,measured_target
poly_2898,[*]C=CC1CC([*])C2C(=O)N(CCCCCCCCC)C(=O)C12,Bandgap,5.346,eV,polyverse_bandgap,train,clean,clean,measured_target
poly_998,[*]NC(S1)=CC=C1C(S2)=CC=C2C[*],Bandgap,3.3199,eV,polyverse_bandgap,train,clean,clean,measured_target
poly_2120,[*]Nc1ccc(NC(=O)CCCCCC([*])=O)cc1,Bandgap,4.5879,eV,polyverse_bandgap,train,clean,clean,measured_target
poly_2791,[*]CCc1ccc([*])c(Cl)c1Cl,Bandgap,5.2304,eV,polyverse_bandgap,train,clean,clean,measured_target
poly_3695,[*]OC1CCC(OC(=O)CCC([*])=O)CC1,Bandgap,6.2077,eV,polyverse_bandgap,train,clean,clean,measured_target
poly_1601,[*]Oc3ccc(Oc1cccc([*])c1C#N)c(c2cc(C)cc(C)c2)c3,Bandgap,4.0411,eV,polyverse_bandgap,train,clean,clean,measured_target
poly_2161,[*]c1ccc(C(C#N)(C#N)C([*])(C#N)C#N)cc1,Bandgap,4.6242,eV,polyverse_bandgap,train,clean,clean,measured_target
poly_1876,[*]OC(C)COC(=O)c1ccc(C([*])=O)cc1,Bandgap,4.3271,eV,polyverse_bandgap,train,clean,clean,measured_target
poly_1221,[*]C(=O)NNC(=O)c1ccc([*])nc1,Bandgap,3.5877,eV,polyverse_bandgap,train,clean,clean,measured_target
poly_890,[*]c1ccc(-c2ccc(-c3ccc(-c4nc5cc6sc([*])nc6cc5s4)cc3)c(-c3ccccc3)c2-c2ccccc2)cc1,Bandgap,3.1695,eV,polyverse_bandgap,train,clean,clean,measured_target
poly_2152,[*]Oc1cccc(OC(=O)Oc2ccc(C(C)(C)c3ccc(OC([*])=O)cc3)cc2)c1,Bandgap,4.6142,eV,polyverse_bandgap,train,clean,clean,measured_target
poly_2810,[*]CCCCCCCCCNC(=O)NCCCCCCNC(=O)N[*],Bandgap,5.2509,eV,polyverse_bandgap,train,clean,clean,measured_target
poly_3633,[*]CCCCCCCCOC(=O)CC=CCC(=O)O[*],Bandgap,6.1178,eV,polyverse_bandgap,train,clean,clean,measured_target
poly_4018,[*]CC(C)(C)COC(=O)CCCCCCC(=O)O[*],Bandgap,6.666,eV,polyverse_bandgap,train,clean,clean,measured_target
poly_596,[*]c1sc([*])c2nc(C)c(C)nc12,Bandgap,2.7872,eV,polyverse_bandgap,train,clean,clean,measured_target
poly_957,[*]c1ccc(Oc2ccc(-c3cc(OCCCCCC)c(-c4ccc(Oc5ccc(-c6nnc([*])o6)cc5)cc4)cc3OCCCCCC)cc2)cc1,Bandgap,3.2584,eV,polyverse_bandgap,train,clean,clean,measured_target
poly_1947,[*]Nc1ccc(NC(=O)Cc2cc(CC([*])=O)c(C)cc2C)cc1,Bandgap,4.4183,eV,polyverse_bandgap,train,clean,clean,measured_target
poly_3919,[*]CCOC(=O)C1CCC(C(=O)O[*])CC1,Bandgap,6.5261,eV,polyverse_bandgap,train,clean,clean,measured_target
poly_3699,[*]CCCCCCC(=O)O[*],Bandgap,6.2116,eV,polyverse_bandgap,train,clean,clean,measured_target
poly_2072,[*]Oc1ccc(S(=O)(=O)NCCNS(=O)(=O)c2ccc([*])cc2)cc1,Bandgap,4.5454,eV,polyverse_bandgap,train,clean,clean,measured_target
poly_2121,[*]OC(=O)c1cccc(C(=O)OC2CC3CC([*])CC(C2)O3)c1,Bandgap,4.5898,eV,polyverse_bandgap,train,clean,clean,measured_target
poly_30,[*]C=C([*])c1cccc2ccccc12,Bandgap,1.1157,eV,polyverse_bandgap,train,clean,clean,measured_target
poly_2669,[*]OC(=C(C)C)C(C)(C)C([*])=O,Bandgap,5.1149,eV,polyverse_bandgap,train,clean,clean,measured_target
poly_2376,[*]CCCP(CCCCCCCC)CCCNC(=O)CCCCC(=O)N[*],Bandgap,4.8381,eV,polyverse_bandgap,train,clean,clean,measured_target
poly_1634,[*]NC(C)=CC([*])=O,Bandgap,4.0738,eV,polyverse_bandgap,train,clean,clean,measured_target
poly_3460,[*]CC([*])(F)C(=O)OCC(Cl)(Cl)Cl,Bandgap,5.9339,eV,polyverse_bandgap,train,clean,clean,measured_target
poly_2403,[*]C=C([*])OCCCC,Bandgap,4.8666,eV,polyverse_bandgap,train,clean,clean,measured_target
poly_329,[*]c1ccc(C(C)c2ccc(-n3c(=O)c4cc5c(=O)n([*])c(=O)c5cc4c3=O)cc2)cc1,Bandgap,2.4372,eV,polyverse_bandgap,train,clean,clean,measured_target
poly_1920,[*]CCCCCCCCCCNC(=N[*])c1ccccc1,Bandgap,4.39,eV,polyverse_bandgap,train,clean,clean,measured_target
poly_398,[*]c1cc(CCCCCCCCCC2COC(C)(C)O2)c([*])s1,Bandgap,2.5181,eV,polyverse_bandgap,train,clean,clean,measured_target
poly_723,[*]C(=O)C(S1)=CC=C1C(=O)C(S2)=CC=C2[*],Bandgap,2.951,eV,polyverse_bandgap,train,clean,clean,measured_target
poly_671,[*]c1ccc(-n2c(=O)c3cc4c(=O)n([*])c(=O)c4cc3c2=O)c(CP(=O)(OCCCl)OCCCl)c1,Bandgap,2.8958,eV,polyverse_bandgap,train,clean,clean,measured_target
poly_584,[*]c1cc(CCCCCCCC)c([*])[nH]1,Bandgap,2.7684,eV,polyverse_bandgap,train,clean,clean,measured_target
poly_2566,[*]CC([*])C(=O)N(C)C,Bandgap,5.0126,eV,polyverse_bandgap,train,clean,clean,measured_target
poly_4158,[*]CC(C#N)(C#N)C(C#N)C(C#N)(C#N)[*],Bandgap,7.1417,eV,polyverse_bandgap,train,clean,clean,measured_target
poly_4000,[*]O[Si](C)(C)O[Si](C)(C)OC(C)CCCCC([*])C,Bandgap,6.6365,eV,polyverse_bandgap,train,clean,clean,measured_target
poly_3864,[*]CC([*])C(=O)OC(C)C,Bandgap,6.4617,eV,polyverse_bandgap,train,clean,clean,measured_target
poly_3158,[*]C1C=CC(S([*])(=O)=O)CC1,Bandgap,5.6483,eV,polyverse_bandgap,train,clean,clean,measured_target
poly_375,[*]C(=O)c1ccc2c(c1O)C(=O)N(c1ccc(Oc3ccc(N4C(=O)c5ccc([*])c(O)c5C4=O)cc3)cc1)C2=O,Bandgap,2.4908,eV,polyverse_bandgap,train,clean,clean,measured_target
poly_3292,[*]C=CCCCCCC[*],Bandgap,5.78,eV,polyverse_bandgap,train,clean,clean,measured_target
poly_3518,[*]CC(C)CO[*],Bandgap,5.99,eV,polyverse_bandgap,train,clean,clean,measured_target
poly_3094,[*]CC(CC([*])(C#N)C(=O)OC)c1ccccc1,Bandgap,5.5708,eV,polyverse_bandgap,train,clean,clean,measured_target
poly_3631,[*]CCCCCCCCCOC(=O)NCCCCCCNC(=O)O[*],Bandgap,6.1163,eV,polyverse_bandgap,train,clean,clean,measured_target
poly_348,[*]C(=O)Nc1ccc(Cc2ccc(NC(=O)c3ccc4c(c3)C(=O)N(c3ccc(S(=O)(=O)c5ccc(N6C(=O)c7ccc([*])cc7C6=O)cc5)cc3)C4=O)cc2)cc1,Bandgap,2.4615,eV,polyverse_bandgap,train,clean,clean,measured_target
poly_1021,[*]CC(=O)C(S1)=CC=C1C(C=C2)=CC=C2[*],Bandgap,3.3483,eV,polyverse_bandgap,train,clean,clean,measured_target
poly_3431,[*]CC(C)C(=O)N[*],Bandgap,5.9006,eV,polyverse_bandgap,train,clean,clean,measured_target
poly_1546,[*]Oc1ccc(C(=O)OCCCOC(=O)c2ccc(OC(=O)c3ccc(C([*])=O)cc3)cc2)cc1,Bandgap,3.9791,eV,polyverse_bandgap,train,clean,clean,measured_target
poly_1969,[*]Nc1c(Br)cc([*])cc1Br,Bandgap,4.4355,eV,polyverse_bandgap,train,clean,clean,measured_target
poly_2148,[*]CC([*])c1cccc(NC(C)=O)c1,Bandgap,4.6098,eV,polyverse_bandgap,train,clean,clean,measured_target
poly_1415,[*]CCc1nc(-c2ccc(-c3csc([*])n3)cc2)cs1,Bandgap,3.8121,eV,polyverse_bandgap,train,clean,clean,measured_target
poly_2090,[*]Nc1ccc(NC(=O)CCCCC([*])=O)cc1,Bandgap,4.5626,eV,polyverse_bandgap,train,clean,clean,measured_target
poly_2652,[*]CC(C)/C=C\[*](C),Bandgap,5.1039,eV,polyverse_bandgap,train,clean,clean,measured_target
poly_2889,[*]CCCCCCCNC(=O)C=CCCC=CC(=O)N[*],Bandgap,5.3377,eV,polyverse_bandgap,train,clean,clean,measured_target
poly_2222,[*]ON(C(F)(F)F)C(F)(F)C(F)=C(F)C([*])(F)F,Bandgap,4.6748,eV,polyverse_bandgap,train,clean,clean,measured_target
poly_1268,[*]c1nc(Cl)nc(N(c2ccccc2)c2nc(Nc3ccccc3)nc(N([*])c3ccccc3)n2)n1,Bandgap,3.6369,eV,polyverse_bandgap,train,clean,clean,measured_target
poly_407,[*]C(=O)c1ccc2c(c1)C(=O)N(c1ccc(OCCOCCOc3ccc(N4C(=O)c5ccc([*])cc5C4=O)cc3)cc1)C2=O,Bandgap,2.5244,eV,polyverse_bandgap,train,clean,clean,measured_target
poly_2670,[*]NC1NN(C(C([*])O)(C(F)(F)F)C(O)(Cl)C2(F)OC(O)C(O)C2O)O1,Bandgap,5.1151,eV,polyverse_bandgap,train,clean,clean,measured_target
poly_1980,[*]Oc1ccc(-c2ccc(OC(=O)CCCCCCCCCCCC([*])=O)cc2)cc1,Bandgap,4.4465,eV,polyverse_bandgap,train,clean,clean,measured_target
poly_1821,[*]Nc1ccc([*])cc1,Bandgap,4.2754,eV,polyverse_bandgap,train,clean,clean,measured_target
poly_3029,[*]CC([*])C(=O)NC,Bandgap,5.5048,eV,polyverse_bandgap,train,clean,clean,measured_target
poly_1206,[*]c1cc(C=Nc2cccc(C)c2)cc([*])c1O,Bandgap,3.5653,eV,polyverse_bandgap,train,clean,clean,measured_target
poly_351,[*]C(=O)Oc1ccc(OC(=O)c2ccc3c(c2)C(=O)N(c2ccc(Oc4ccc(N5C(=O)c6ccc([*])cc6C5=O)cc4)cc2)C3=O)cc1,Bandgap,2.4658,eV,polyverse_bandgap,train,clean,clean,measured_target
poly_3645,[*]ON(C(F)(F)C([*])(F)F)C(F)(F)C(F)(F)Br,Bandgap,6.1306,eV,polyverse_bandgap,train,clean,clean,measured_target
poly_3001,[*]CC(=O)NCCCCCCNC(=O)COC(=O)CCC(=O)O[*],Bandgap,5.4681,eV,polyverse_bandgap,train,clean,clean,measured_target
poly_3262,[*]CCON[*],Bandgap,5.7613,eV,polyverse_bandgap,train,clean,clean,measured_target
poly_3500,[*]CCCOC(=O)NC1CC1NC(=O)O[*],Bandgap,5.9686,eV,polyverse_bandgap,train,clean,clean,measured_target
poly_674,[*]c1ccc(C(c2ccccc2)c2ccc(N3C(=O)c4ccc(-c5ccc6c(c5)C(=O)N([*])C6=O)cc4C3=O)cc2)cc1,Bandgap,2.8965,eV,polyverse_bandgap,train,clean,clean,measured_target
poly_2865,[*]C=CC1CC([*])C2C(=O)N(CCCCCCCC)C(=O)C12,Bandgap,5.3143,eV,polyverse_bandgap,train,clean,clean,measured_target
poly_2676,[*]Cc1cccc(CNC(=O)CCCCC(=O)N[*])c1,Bandgap,5.1207,eV,polyverse_bandgap,train,clean,clean,measured_target
poly_636,[*]C(=O)C(C=C1)=CC=C1C(C=C2)=CC=C2C(S3)=CC=C3[*],Bandgap,2.843,eV,polyverse_bandgap,train,clean,clean,measured_target
poly_2662,[*]C(C)=C([*])CCC,Bandgap,5.1084,eV,polyverse_bandgap,train,clean,clean,measured_target
poly_2578,[*]CCc1ccc([*])c(Br)c1,Bandgap,5.0219,eV,polyverse_bandgap,train,clean,clean,measured_target
poly_1560,[*]CCCCCCn1ccc(-c2ccc(-c3ccn([*])n3)cc2)n1,Bandgap,3.9963,eV,polyverse_bandgap,train,clean,clean,measured_target
poly_2322,[*]CCCCOC(=O)c1ccc(C(=O)O[*])cc1,Bandgap,4.7739,eV,polyverse_bandgap,train,clean,clean,measured_target
poly_3494,[*]CC(C)(CCCC)C(=O)N[*],Bandgap,5.9624,eV,polyverse_bandgap,train,clean,clean,measured_target
poly_1528,[*]CCCCCCNC(=O)c1ccc(C(=O)N[*])c(Oc2ccc(Cl)cc2)c1,Bandgap,3.9536,eV,polyverse_bandgap,train,clean,clean,measured_target
poly_3740,[*]OC(C)(CC([*])=O)C(F)(F)F,Bandgap,6.2678,eV,polyverse_bandgap,train,clean,clean,measured_target
poly_503,[*]C(=O)c1ccc2c(c1)C(=O)N(c1ccc(Oc3ccc(N4C(=O)c5ccc([*])cc5C4=O)cc3Br)c(Br)c1)C2=O,Bandgap,2.6559,eV,polyverse_bandgap,train,clean,clean,measured_target
poly_2464,[*]CCC(C)C(C)CCNC(=O)c1cccc(C(=O)N[*])c1,Bandgap,4.9153,eV,polyverse_bandgap,train,clean,clean,measured_target
poly_3729,[*]CC1CC1COC(=O)NC1CC1NC(=O)O[*],Bandgap,6.2541,eV,polyverse_bandgap,train,clean,clean,measured_target
poly_1179,[*]Oc1ccc(Oc2ccc(OC(=O)c3cccc(Oc4ccc(Oc5cccc(C([*])=O)c5)cc4)c3)cc2)cc1,Bandgap,3.5397,eV,polyverse_bandgap,train,clean,clean,measured_target
poly_3390,[*]CC([*])OCCCCC,Bandgap,5.8682,eV,polyverse_bandgap,train,clean,clean,measured_target
poly_3793,[*]OC(C)COC(=O)CCCCCC([*])=O,Bandgap,6.3486,eV,polyverse_bandgap,train,clean,clean,measured_target
poly_3688,[*]CC([*])OC(=O)OCC(Cl)(Cl)Cl,Bandgap,6.1989,eV,polyverse_bandgap,train,clean,clean,measured_target
poly_1710,[*]Oc1ccc(S(=O)(=O)c2ccc(Oc3ccc(C(C)(C)c4ccc([*])c(Cl)c4)cc3Cl)cc2)cc1,Bandgap,4.157,eV,polyverse_bandgap,train,clean,clean,measured_target
poly_3712,[*]OC([*])CCC(=O)OC,Bandgap,6.2304,eV,polyverse_bandgap,train,clean,clean,measured_target
poly_3017,[*]CC(C)(C)C1CC=C([*])CC1,Bandgap,5.4909,eV,polyverse_bandgap,train,clean,clean,measured_target
poly_3768,[*]C([2H])([2H])C([*])(C(=O)OC([2H])([2H])C([2H])([2H])[2H])C([2H])([2H])[2H],Bandgap,6.3139,eV,polyverse_bandgap,train,clean,clean,measured_target
poly_1684,[*]Cc1ccc(-c2ccc(CSC(=O)CCCCC(=O)S[*])cc2)cc1,Bandgap,4.1374,eV,polyverse_bandgap,train,clean,clean,measured_target
poly_492,[*]c1ccc2nc3oc4cc5[nH]c6nc7ccc([*])cc7nc6oc5cc4[nH]c3nc2c1,Bandgap,2.6428,eV,polyverse_bandgap,train,clean,clean,measured_target
poly_316,NC(C=C1)=CC=C1NO,Bandgap,2.4153,eV,polyverse_bandgap,train,clean,clean,measured_target
poly_3948,[*]CC(C)(C)COC(=O)NCCNC(=O)O[*],Bandgap,6.5733,eV,polyverse_bandgap,train,clean,clean,measured_target
poly_749,[*]C(=O)C(C=C1)=CC=C1C(=O)C(=S)[*],Bandgap,2.9772,eV,polyverse_bandgap,train,clean,clean,measured_target
poly_2329,[*]c1ccc(C(F)(F)C([*])(F)F)cc1,Bandgap,4.7832,eV,polyverse_bandgap,train,clean,clean,measured_target
poly_892,[*]c1ccc2cc(-c3nc4cc5nc([*])[nH]c5cc4[nH]3)ccc2c1,Bandgap,3.1698,eV,polyverse_bandgap,train,clean,clean,measured_target
poly_209,[*]c1ccc(Oc2ccc(C(C)(C)c3ccc(Oc4ccc(-n5c(=O)c6cc7c(=O)n([*])c(=O)c7cc6c5=O)cc4)cc3)cc2)cc1,Bandgap,2.1376,eV,polyverse_bandgap,train,clean,clean,measured_target
poly_3521,[*]CONC(=O)[*],Bandgap,5.9906,eV,polyverse_bandgap,train,clean,clean,measured_target
poly_1762,[*]C(=O)NNC(=O)c1cncc(C(=O)NNC(=O)c2ccc([*])nc2)c1,Bandgap,4.2104,eV,polyverse_bandgap,train,clean,clean,measured_target
poly_2171,[*]Oc1c(Br)cc(C2(c3cc(Br)c(OC([*])=O)c(Br)c3)CC3CCC2C3)cc1Br,Bandgap,4.6357,eV,polyverse_bandgap,train,clean,clean,measured_target
poly_817,[*]C=C1CCCC(=Cc2ccc([*])cc2)C1=O,Bandgap,3.068,eV,polyverse_bandgap,train,clean,clean,measured_target
poly_2727,[*]CCCCCCCCCCSCCCCS[*],Bandgap,5.1777,eV,polyverse_bandgap,train,clean,clean,measured_target
poly_185,[*]C(C=C1)=CC=C1C(S2)=CC=C2C(=S)C(S3)=CC=C3[*],Bandgap,2.0488,eV,polyverse_bandgap,train,clean,clean,measured_target
poly_823,[*]Nc1ccc(NC(=O)c2ccc(C(=O)c3ccc(C([*])=O)c(C(=O)O)c3)cc2C(=O)O)cc1,Bandgap,3.0780000000000003,eV,polyverse_bandgap,train,clean,clean,measured_target
poly_2407,[*]CCC(S1)=CC=C1O[*],Bandgap,4.8714,eV,polyverse_bandgap,train,clean,clean,measured_target
poly_284,[*]C(=O)c1ccc2c(c1)C(=O)N(c1ccc(-c3ccc(-c4ccc(N5C(=O)c6ccc([*])cc6C5=O)cc4)cc3)cc1)C2=O,Bandgap,2.3433,eV,polyverse_bandgap,train,clean,clean,measured_target
poly_2948,[*]Cc1ccc(COC(=O)CC(=O)O[*])cc1,Bandgap,5.408,eV,polyverse_bandgap,train,clean,clean,measured_target
poly_1976,[*]CC(=O)OC(=O)COc1cccc(O[*])c1,Bandgap,4.4439,eV,polyverse_bandgap,train,clean,clean,measured_target
poly_581,[*]Oc1ccc(Nc2ccc(N=Nc3ccc(Nc4ccc([*])cc4)cc3)cc2)cc1,Bandgap,2.7656,eV,polyverse_bandgap,train,clean,clean,measured_target
poly_2103,[*]CC(S1)=CC=C1OC(S2)=CC=C2[*],Bandgap,4.5746,eV,polyverse_bandgap,train,clean,clean,measured_target
poly_3986,[*]OC(C)CCOC(=O)CCCCCCCC([*])=O,Bandgap,6.6135,eV,polyverse_bandgap,train,clean,clean,measured_target
poly_3924,[*]CCCCCCS(=O)(=O)NCCCCCCNS([*])(=O)=O,Bandgap,6.5317,eV,polyverse_bandgap,train,clean,clean,measured_target
poly_1347,[*]Oc1ccc(S(=O)(=O)c2ccc(OC(=O)c3cccc(C([*])=O)c3)cc2)cc1,Bandgap,3.723,eV,polyverse_bandgap,train,clean,clean,measured_target
poly_482,[*]c1ccc([*])n1CCC(=O)OC,Bandgap,2.6299,eV,polyverse_bandgap,train,clean,clean,measured_target
poly_3468,[*]C1CC2C3CC4C(C3[*])C24C1,Bandgap,5.9404,eV,polyverse_bandgap,train,clean,clean,measured_target
poly_978,[*]C=Cc1cc(Cl)c([*])cc1Cl,Bandgap,3.2933,eV,polyverse_bandgap,train,clean,clean,measured_target
poly_1535,[*]CCNC(S1)=CC=C1[*],Bandgap,3.9612,eV,polyverse_bandgap,train,clean,clean,measured_target
poly_991,[*]CC(S1)=CC=C1CC(=S)[*],Bandgap,3.3080000000000003,eV,polyverse_bandgap,train,clean,clean,measured_target
poly_3447,[*]CCCCCCCCCCNC(=O)CCCCCCCCCCCCCCCCC(=O)N[*],Bandgap,5.9171,eV,polyverse_bandgap,train,clean,clean,measured_target
poly_3891,[*]OC(C)CCOC(=O)CCCCS(=O)(=O)CCCCC([*])=O,Bandgap,6.4951,eV,polyverse_bandgap,train,clean,clean,measured_target
poly_3483,[*]CCCCCCCCCCOC(=O)CC=CCC(=O)O[*],Bandgap,5.9499,eV,polyverse_bandgap,train,clean,clean,measured_target
poly_2886,[*]Cc1ccc(COC(=O)CCCCS(=O)(=O)CCCCC(=O)O[*])cc1,Bandgap,5.3354,eV,polyverse_bandgap,train,clean,clean,measured_target
poly_2987,[*]CC(O[*])c1ccccc1,Bandgap,5.4524,eV,polyverse_bandgap,train,clean,clean,measured_target
poly_3691,[*]C1C2CCC(C2)C1[*],Bandgap,6.1998,eV,polyverse_bandgap,train,clean,clean,measured_target
poly_99,[*]c1cc(C)c([*])s1,Bandgap,1.644,eV,polyverse_bandgap,train,clean,clean,measured_target
poly_2210,[*]CC([*])c1ccc(C(=O)OC)cc1,Bandgap,4.6598,eV,polyverse_bandgap,train,clean,clean,measured_target
poly_2224,[*]CCCNC(=O)CCCCCCCC(=O)NCCCNC(=O)C(=O)N[*],Bandgap,4.6754,eV,polyverse_bandgap,train,clean,clean,measured_target
poly_1750,[*]Oc1ccc(C(C)(C)c2ccc(Oc3cncc([*])n3)cc2)cc1,Bandgap,4.1925,eV,polyverse_bandgap,train,clean,clean,measured_target
poly_1148,[*]Nc1ccc(C(=O)c2c(C)c(C)c(C(=O)c3ccc(NC(=O)c4ccc(C([*])=O)cc4)cc3)c(C)c2C)cc1,Bandgap,3.4981,eV,polyverse_bandgap,train,clean,clean,measured_target
poly_3354,[*]CCCCCCCCCCCCNC(=O)CCP(C)(=O)CCC(=O)N[*],Bandgap,5.8367,eV,polyverse_bandgap,train,clean,clean,measured_target
poly_614,C(F)(F)C(S1)=CC=C1C(F)(F)C(=S),Bandgap,2.8078,eV,polyverse_bandgap,train,clean,clean,measured_target
poly_3038,[*]C=CC(C)C[*],Bandgap,5.516,eV,polyverse_bandgap,train,clean,clean,measured_target
poly_3210,[*]CCCCCC(=O)NCCCCCOCCCCCNC(=O)CCCCO[*],Bandgap,5.71,eV,polyverse_bandgap,train,clean,clean,measured_target
poly_1270,[*]Oc1ccc(NC(=O)c2cc(NC(=O)C34CC5CC(CC(C5)C3)C4)cc(C(=O)Nc3ccc([*])cc3)c2)cc1,Bandgap,3.6392,eV,polyverse_bandgap,train,clean,clean,measured_target
poly_3012,[*]CC([*])C1CC=CCC1,Bandgap,5.4849,eV,polyverse_bandgap,train,clean,clean,measured_target
poly_902,[*]N=Nc1ccc(C(=O)NCCCCNC(=O)c2ccc([*])cc2)cc1,Bandgap,3.1785,eV,polyverse_bandgap,train,clean,clean,measured_target
poly_2694,[*]NNC(=O)CCC(=O)NNC(=O)CCCCC([*])=O,Bandgap,5.1381,eV,polyverse_bandgap,train,clean,clean,measured_target
poly_1845,O([*])c1cc(cc(CCCCCCCCC)c1)OC(=O)c1cc(cc(F)c1)C(=O)([*]),Bandgap,4.2982,eV,polyverse_bandgap,train,clean,clean,measured_target
poly_3000,[*]CCc1cccc([*])c1,Bandgap,5.4676,eV,polyverse_bandgap,train,clean,clean,measured_target
poly_698,[*]c1ccc(Oc2ccc(-c3nc4ccc(-c5ccc6nc([*])c(-c7ccccc7)nc6c5)cc4nc3-c3ccccc3)cc2)cc1,Bandgap,2.9235,eV,polyverse_bandgap,train,clean,clean,measured_target
poly_3942,[*]CCCCCCCCCCCCCCCCCCCCOC(=O)CCCCCCC(=O)O[*],Bandgap,6.5596,eV,polyverse_bandgap,train,clean,clean,measured_target
poly_3955,[*]CC(CCl)(CCl)CO[*],Bandgap,6.5804,eV,polyverse_bandgap,train,clean,clean,measured_target
poly_1651,[*]CC(=O)OC(=O)COc1ccc(O[*])cc1,Bandgap,4.0904,eV,polyverse_bandgap,train,clean,clean,measured_target
poly_134,[*]c1cc(-c2sc(-c3cc(C)c([*])s3)cc2C)c2cccccc1-2,Bandgap,1.8844,eV,polyverse_bandgap,train,clean,clean,measured_target
poly_3830,[*]CC(CCl)O[*],Bandgap,6.4132,eV,polyverse_bandgap,train,clean,clean,measured_target
poly_942,[*]C=Nc1cccc(N=Cc2cccc([*])n2)c1,Bandgap,3.2461,eV,polyverse_bandgap,train,clean,clean,measured_target
poly_3802,[*]OC(C)COC(=O)C1CCC(C([*])=O)CC1,Bandgap,6.3591,eV,polyverse_bandgap,train,clean,clean,measured_target
poly_571,[*]C=Cc1ccc(-c2ccc(C=Cc3cc([*])ncn3)cc2)cc1,Bandgap,2.7449,eV,polyverse_bandgap,train,clean,clean,measured_target
poly_2042,[*]CCN([*])C(=O)c1c(F)cccc1F,Bandgap,4.517,eV,polyverse_bandgap,train,clean,clean,measured_target
poly_2378,[*]CC(O)COc1ccc(C(C)(C)c2ccc(O[*])cc2)cc1,Bandgap,4.8415,eV,polyverse_bandgap,train,clean,clean,measured_target
poly_1050,[*]c1ccc(-c2ccc(N3C(=O)c4ccc(-c5ccc6c(c5)C(=O)N([*])C6=O)cc4C3=O)cc2C(F)(F)F)c(C(F)(F)F)c1,Bandgap,3.3769,eV,polyverse_bandgap,train,clean,clean,measured_target
poly_3152,[*]CCN([*])C(=O)CCC,Bandgap,5.6408,eV,polyverse_bandgap,train,clean,clean,measured_target
poly_333,[*]C(=O)Nc1ccc(Oc2ccc(NC(=O)c3ccc4c(c3)C(=O)N(c3ccc(S(=O)(=O)c5ccc(N6C(=O)c7ccc([*])cc7C6=O)cc5)cc3)C4=O)cc2)cc1,Bandgap,2.4414,eV,polyverse_bandgap,train,clean,clean,measured_target
poly_4055,[*]CCCCCS([*])(=O)=O,Bandgap,6.7191,eV,polyverse_bandgap,train,clean,clean,measured_target
poly_3921,[*]OC(C)COC(=O)CCCCC([*])=O,Bandgap,6.5294,eV,polyverse_bandgap,train,clean,clean,measured_target
poly_2282,[*]CCSC(=O)CCCCCCCCC(=O)S[*],Bandgap,4.7383,eV,polyverse_bandgap,train,clean,clean,measured_target
poly_2495,[*]CCCCCC(=O)NCc1ccc(CNC(=O)CCCCCS[*])cc1,Bandgap,4.9399,eV,polyverse_bandgap,train,clean,clean,measured_target
poly_3123,[*]CCCCCCCCCCC(=O)NCCCCCOCCCCCNC(=O)CCCO[*],Bandgap,5.6076,eV,polyverse_bandgap,train,clean,clean,measured_target
poly_3648,[*]CC#CCOC(=O)CCCCCCCCC(=O)O[*],Bandgap,6.1332,eV,polyverse_bandgap,train,clean,clean,measured_target
poly_42,[*]c1cc(CCN(CC)c2ccc(N=Nc3ccc(C=C(C#N)C#N)cc3)cc2)c([*])s1,Bandgap,1.2692,eV,polyverse_bandgap,train,clean,clean,measured_target
poly_171,[*]c1ccc(Oc2cccc3c(Oc4ccc(-n5c(=O)c6cc7c(=O)n([*])c(=O)c7cc6c5=O)cc4)cccc23)cc1,Bandgap,2.0006,eV,polyverse_bandgap,train,clean,clean,measured_target
poly_840,[*]Nc1ccc(NC(=O)c2ccc(NC(=O)c3cc(NC(=O)C45CC6CC(CC(C6)C4)C5)cc(C([*])=O)c3)cc2)cc1,Bandgap,3.1016,eV,polyverse_bandgap,train,clean,clean,measured_target
poly_1251,[*]Oc1ccc(Oc2ccc(C(=O)c3ccc([*])cc3)cc2)cc1C,Bandgap,3.6189,eV,polyverse_bandgap,train,clean,clean,measured_target
poly_2687,[*]Oc1cccc(C(F)(F)C(F)(F)C(F)(F)c2cccc(OC([*])=O)c2)c1,Bandgap,5.1323,eV,polyverse_bandgap,train,clean,clean,measured_target
poly_2884,[*]CCSSCCO[*],Bandgap,5.3343,eV,polyverse_bandgap,train,clean,clean,measured_target
poly_1429,[*]Oc1ccc(C(=O)CNCCCCCCCCNCC(=O)c2ccc([*])cc2)cc1,Bandgap,3.8264,eV,polyverse_bandgap,train,clean,clean,measured_target
poly_3556,[*]CC1CCC(CNC(=O)CCCC(=O)N[*])CC1,Bandgap,6.0232,eV,polyverse_bandgap,train,clean,clean,measured_target
poly_2150,[*]Cc1ccc(CN2CCN([*])C(C)C2)cc1,Bandgap,4.6134,eV,polyverse_bandgap,train,clean,clean,measured_target
poly_3728,[*]CC([*])(C)C(=O)OCCC#N,Bandgap,6.2488,eV,polyverse_bandgap,train,clean,clean,measured_target
poly_1233,[*]CCNC(=O)c1cccc(C(=O)NCCOC(=O)c2ccc(C(=O)O[*])cc2)c1,Bandgap,3.6005,eV,polyverse_bandgap,train,clean,clean,measured_target
poly_1992,[*]CC([*])c1cc(Br)ccc1OCC,Bandgap,4.4644,eV,polyverse_bandgap,train,clean,clean,measured_target
poly_412,[*]c1ccc(NC(=O)c2cccc(C(=O)Nc3ccc(-n4c(=O)c5cc6c(=O)n([*])c(=O)c6cc5c4=O)cc3)c2)cc1,Bandgap,2.5291,eV,polyverse_bandgap,train,clean,clean,measured_target
poly_861,[*]CC([*])(C)C(=O)Oc1ccccc1[N+](=O)[O-],Bandgap,3.1276,eV,polyverse_bandgap,train,clean,clean,measured_target
poly_354,[*]c1cc(-c2nc3ccccc3s2)cc(-n2c(=O)c3cc4c(=O)n([*])c(=O)c4cc3c2=O)c1,Bandgap,2.4675,eV,polyverse_bandgap,train,clean,clean,measured_target
poly_2401,[*]CCN([*])C(=O)Cc1ccc(C(F)(F)F)cc1,Bandgap,4.8637,eV,polyverse_bandgap,train,clean,clean,measured_target
poly_1591,[*]NNC(=O)c1ccc(C([*])=O)cc1OCCCCCCCC,Bandgap,4.0296,eV,polyverse_bandgap,train,clean,clean,measured_target
poly_2343,[*]NNC(=O)c1ccc(C([*])=O)cc1,Bandgap,4.797,eV,polyverse_bandgap,train,clean,clean,measured_target
poly_3330,[*]CC1(CO[*])CCCCC1,Bandgap,5.8122,eV,polyverse_bandgap,train,clean,clean,measured_target
poly_87,[*]c1ccc(-c2ccn3sc4nc5nc6c(cc5oc-4cc-3nc2)Nc2nc3ccc([*])cc3nc2O6)cc1,Bandgap,1.5944,eV,polyverse_bandgap,train,clean,clean,measured_target
poly_98,[*]C=Cc1cc(OC)c(C=Cc2ccc([*])s2)cc1OC,Bandgap,1.6407,eV,polyverse_bandgap,train,clean,clean,measured_target
poly_1917,[*]Oc1cccc(NC(=O)c2ccc([*])cc2)c1,Bandgap,4.3857,eV,polyverse_bandgap,train,clean,clean,measured_target
poly_197,[*]c1cc(CCOC(=O)C(C)Br)c([*])s1,Bandgap,2.0981,eV,polyverse_bandgap,train,clean,clean,measured_target
poly_2576,[*]CC1CCC(COC(=O)NCCSCCCCCSCCNC(=O)O[*])CC1,Bandgap,5.0201,eV,polyverse_bandgap,train,clean,clean,measured_target
poly_1318,[*]C(=O)NCCNC(=O)c1ccc(N2C(=O)c3ccc([*])cc3C2=O)cc1,Bandgap,3.6936,eV,polyverse_bandgap,train,clean,clean,measured_target
poly_4127,[*]CCCCCCOC(=O)CC(=O)O[*],Bandgap,6.9173,eV,polyverse_bandgap,train,clean,clean,measured_target
poly_3091,[*]NC(C)C(C)(C)C([*])=O,Bandgap,5.5688,eV,polyverse_bandgap,train,clean,clean,measured_target
poly_413,[*]C(=O)c1ccc2c(c1)C(=O)N(c1ccc(-c3ccc(N4C(=O)c5ccc([*])cc5C4=O)cc3)cc1)C2=O,Bandgap,2.5342,eV,polyverse_bandgap,train,clean,clean,measured_target
poly_3888,[*]CCCCCOCO[*],Bandgap,6.4901,eV,polyverse_bandgap,train,clean,clean,measured_target
poly_334,[*]c1ccc(C(=O)Nc2ccc(-n3c(=O)c4cc5c(=O)n([*])c(=O)c5cc4c3=O)cc2C(=O)OCC)cc1,Bandgap,2.4414,eV,polyverse_bandgap,train,clean,clean,measured_target
poly_4146,[*]CCCCCOC(=O)O[*],Bandgap,7.0388,eV,polyverse_bandgap,train,clean,clean,measured_target
poly_2943,[*]CCCC(=O)N[*],Bandgap,5.4041,eV,polyverse_bandgap,train,clean,clean,measured_target
poly_3155,[*]OC(=O)Oc1c(cccc1)Cc1c(cccc1)([*]),Bandgap,5.6427,eV,polyverse_bandgap,train,clean,clean,measured_target
poly_106,[*]c1ccc(Nc2ccc(-n3c(=O)c4cc5c(=O)n([*])c(=O)c5cc4c3=O)cc2)cc1,Bandgap,1.6941,eV,polyverse_bandgap,train,clean,clean,measured_target
poly_3240,[*]CC(=C)COCC(=C)COC(=O)O[*],Bandgap,5.7357,eV,polyverse_bandgap,train,clean,clean,measured_target
poly_1679,[*]Nc1cc([*])ccc1C,Bandgap,4.1316,eV,polyverse_bandgap,train,clean,clean,measured_target
poly_1239,NC(=S)NC(C=C1)=CC=C1NC(=S)NC(C=C2)=CC=C2OC(C=C3)=CC=C3,Bandgap,3.6104,eV,polyverse_bandgap,train,clean,clean,measured_target
poly_1321,[*]Oc1ccc(C(=O)OCCCCCOC(=O)c2ccc(OC(=O)c3ccc(C([*])=O)cc3)cc2)cc1,Bandgap,3.6948,eV,polyverse_bandgap,train,clean,clean,measured_target
poly_4092,[*]CCCCCC([*])CCCCCCCCCCCCCC,Bandgap,6.7781,eV,polyverse_bandgap,train,clean,clean,measured_target
poly_2755,[*]C(=C([2H])C([2H])([2H])C([*])([2H])[2H])C([2H])([2H])[2H],Bandgap,5.1988,eV,polyverse_bandgap,train,clean,clean,measured_target
poly_3095,[*]CCCCOC(=O)NCCSCCSCCNC(=O)O[*],Bandgap,5.5713,eV,polyverse_bandgap,train,clean,clean,measured_target
poly_919,[*]c1cc(N2C(=O)c3ccc(-c4ccc5c(c4)C(=O)N([*])C5=O)cc3C2=O)c(O)cc1O,Bandgap,3.2012,eV,polyverse_bandgap,train,clean,clean,measured_target
poly_3557,[*]CCCCCCCCCC(=O)N[*],Bandgap,6.0233,eV,polyverse_bandgap,train,clean,clean,measured_target
poly_3178,[*]CC(C)(CO)CO[*],Bandgap,5.666,eV,polyverse_bandgap,train,clean,clean,measured_target
poly_3959,[*]CCCCCCS(=O)(=O)CCCCS([*])(=O)=O,Bandgap,6.5889,eV,polyverse_bandgap,train,clean,clean,measured_target
poly_1354,[*]CC([*])c1ccc(C(=O)c2ccccc2)cc1,Bandgap,3.7318,eV,polyverse_bandgap,train,clean,clean,measured_target
poly_875,[*]C(=O)Nc1cccc(C(=O)Nc2cccc(NC(=O)c3ccc4[nH]c(-c5cccc(-c6nc7cc([*])ccc7[nH]6)c5)nc4c3)c2)c1,Bandgap,3.1483,eV,polyverse_bandgap,train,clean,clean,measured_target
poly_836,[*]Oc1ccc(OC(=O)C=Cc2ccc(C=CC([*])=O)cc2)cc1,Bandgap,3.0952,eV,polyverse_bandgap,train,clean,clean,measured_target
poly_2749,[*]CCCCCCOC(=O)Nc1ccc(C)c(NC(=O)O[*])c1,Bandgap,5.1934,eV,polyverse_bandgap,train,clean,clean,measured_target
poly_272,[*]c1cc(CCCCCCCCCCCC)c([*])s1,Bandgap,2.3195,eV,polyverse_bandgap,train,clean,clean,measured_target
poly_2107,[*]C=CCCC[*],Bandgap,4.5769,eV,polyverse_bandgap,train,clean,clean,measured_target
poly_165,[*]C=Cc1ccc(C=Cc2nc3cc4nc([*])[nH]c4cc3[nH]2)cc1,Bandgap,1.9821,eV,polyverse_bandgap,train,clean,clean,measured_target
poly_3725,[*]CCOCCOC(=O)C(CCC)C(=O)O[*],Bandgap,6.2462,eV,polyverse_bandgap,train,clean,clean,measured_target
poly_2615,[*]C1C(=O)N(C2CCCCC2)C(=O)C1[*],Bandgap,5.0769,eV,polyverse_bandgap,train,clean,clean,measured_target
poly_2232,[*]Oc1ccc(C(C)(C)c2ccc(OC([*])=O)c(C)c2)cc1C,Bandgap,4.6875,eV,polyverse_bandgap,train,clean,clean,measured_target
poly_112,[*]C1=C2OCCOC2=C(c2sc(-c3sc([*])c4c3OCCO4)c3c2OCCO3)S1(=O)=O,Bandgap,1.7225,eV,polyverse_bandgap,train,clean,clean,measured_target
poly_3785,[*]CCCCOCO[*],Bandgap,6.3363,eV,polyverse_bandgap,train,clean,clean,measured_target
poly_1,[*]CCCCCC[N+]([*])(C)C,Bandgap,0.0738,eV,polyverse_bandgap,train,clean,clean,measured_target
poly_40,[*]c1sc([*])c2ccccc12,Bandgap,1.2499,eV,polyverse_bandgap,train,clean,clean,measured_target
poly_2393,[*]CCCCCNC(=O)CCC=CCCC(=O)N[*],Bandgap,4.8564,eV,polyverse_bandgap,train,clean,clean,measured_target
poly_2284,[*]OC(=O)c1ccc(CCCCc2ccc(C([*])=O)cc2)cc1,Bandgap,4.7395,eV,polyverse_bandgap,train,clean,clean,measured_target
poly_3745,[*]CC([*])C(=O)OCC(F)(F)C(F)(F)C(F)(F)C(F)(F)C(F)(F)C(F)(F)C(F)(F)F,Bandgap,6.2707,eV,polyverse_bandgap,train,clean,clean,measured_target
poly_1465,[*]Oc1ccc(Oc2ccc(C(=O)c3ccc([*])cc3)cc2)cc1C(Br)Br,Bandgap,3.8778,eV,polyverse_bandgap,train,clean,clean,measured_target
poly_995,[*]C=CC(=C(C)C)C([*])=C(C)C,Bandgap,3.3162,eV,polyverse_bandgap,train,clean,clean,measured_target
poly_100,[*]c1cc(C#N)c([*])s1,Bandgap,1.6457,eV,polyverse_bandgap,train,clean,clean,measured_target
poly_1637,[*]Oc1ccc(S(=O)(=O)c2ccc(Oc3ccc(-c4ccc([*])cc4)cc3)cc2N)c(N)c1,Bandgap,4.081,eV,polyverse_bandgap,train,clean,clean,measured_target
poly_1706,[*]CC([*])C(=O)c1ccc(C(C)(C)C)cc1,Bandgap,4.1556,eV,polyverse_bandgap,train,clean,clean,measured_target
poly_3756,[*]COC1CCC(O[*])CC1,Bandgap,6.2909,eV,polyverse_bandgap,train,clean,clean,measured_target
poly_1481,[*]CC(=O)C(S1)=CC=C1O[*],Bandgap,3.9018,eV,polyverse_bandgap,train,clean,clean,measured_target
poly_3458,[*]CCNC(=O)CCP(C)(=O)CCC(=O)N[*],Bandgap,5.9313,eV,polyverse_bandgap,train,clean,clean,measured_target
poly_3224,[*]CCCCOC(=O)SC(=O)O[*],Bandgap,5.7231,eV,polyverse_bandgap,train,clean,clean,measured_target
poly_970,[*]c1ccc(C(c2ccc(N3C(=O)c4ccc(-c5ccc6c(c5)C(=O)N([*])C6=O)cc4C3=O)cc2)(C(F)(F)F)C(F)(F)F)cc1,Bandgap,3.2749,eV,polyverse_bandgap,train,clean,clean,measured_target
poly_3718,[*]C([2H])([2H])C([*])([2H])Cl,Bandgap,6.2385,eV,polyverse_bandgap,train,clean,clean,measured_target
poly_3206,[*]CCNC(=O)CCCCCCCCCCC(=O)N[*],Bandgap,5.7085,eV,polyverse_bandgap,train,clean,clean,measured_target
poly_91,[*]C=CC(C)=C(C)C=Cc1ccc(-c2ccc([*])s2)s1,Bandgap,1.6111,eV,polyverse_bandgap,train,clean,clean,measured_target
poly_3687,[*]OC(=O)CCCCCCC([*])=O,Bandgap,6.1978,eV,polyverse_bandgap,train,clean,clean,measured_target
poly_2698,[*]CCCCSCS[*],Bandgap,5.1418,eV,polyverse_bandgap,train,clean,clean,measured_target
poly_3258,[*]CCOCCOCCOC(=O)CCC(=O)O[*],Bandgap,5.756,eV,polyverse_bandgap,train,clean,clean,measured_target
poly_704,[*]CNC(=O)C(=S)[*],Bandgap,2.9294,eV,polyverse_bandgap,train,clean,clean,measured_target
poly_1794,[*]COc1ccc(C(C)(C)c2ccc(O[*])cc2)cc1,Bandgap,4.2512,eV,polyverse_bandgap,train,clean,clean,measured_target
poly_2453,[*]CCCP(CCCNC(=O)N[*])c1ccccc1,Bandgap,4.9075,eV,polyverse_bandgap,train,clean,clean,measured_target
poly_3987,[*]CO[*],Bandgap,6.6201,eV,polyverse_bandgap,train,clean,clean,measured_target
poly_3428,[*]C(=O)OC1CCN([*])CC1,Bandgap,5.8954,eV,polyverse_bandgap,train,clean,clean,measured_target
poly_2577,[*]CCCCCOC(=O)c1cccc(C(=O)O[*])c1,Bandgap,5.0202,eV,polyverse_bandgap,train,clean,clean,measured_target
poly_3901,[*]CCCCCCCCCCOC(=O)CCCCC(=O)O[*],Bandgap,6.5098,eV,polyverse_bandgap,train,clean,clean,measured_target
poly_3653,[*]CCOC(=O)NCCCOCCCNC(=O)O[*],Bandgap,6.1366,eV,polyverse_bandgap,train,clean,clean,measured_target
poly_3067,[*]Oc1cccc(OC(=O)Oc2ccc(OC([*])=O)cc2)c1,Bandgap,5.5459,eV,polyverse_bandgap,train,clean,clean,measured_target
poly_833,[*]C#Cc1cc(OCC(CC)CCCC)c(C#Cc2cc(OCCNCCCC)c([*])cc2OCCNCCCC)cc1OCC(CC)CCCC,Bandgap,3.0922,eV,polyverse_bandgap,train,clean,clean,measured_target
poly_1484,[*]Oc1c(C)cc([*])cc1-c1ccccc1,Bandgap,3.9034,eV,polyverse_bandgap,train,clean,clean,measured_target
poly_1709,NC(C=C1)=CC=C1C(C=C2)=CC=C2O,Bandgap,4.1567,eV,polyverse_bandgap,train,clean,clean,measured_target
poly_2504,C(F)(F)C(C=C1)=CC=C1C(F)(F)O,Bandgap,4.9458,eV,polyverse_bandgap,train,clean,clean,measured_target
poly_71,C(S1)=CC=C1C(S2)=CC=C2,Bandgap,1.5303,eV,polyverse_bandgap,train,clean,clean,measured_target
poly_560,[*]C=Nc1ccc(-c2ccc(N=Cc3ccc(Sc4ccc([*])o4)o3)c(C)c2)cc1C,Bandgap,2.7346,eV,polyverse_bandgap,train,clean,clean,measured_target
poly_2246,[*]C(C=C1)=CC=C1OC(S2)=CC=C2O[*],Bandgap,4.7023,eV,polyverse_bandgap,train,clean,clean,measured_target
poly_721,[*]CCOc1ccc(C=C2CCC(=Cc3ccc(O[*])cc3)C2=O)cc1,Bandgap,2.9454,eV,polyverse_bandgap,train,clean,clean,measured_target
poly_1635,[*]CCCCCCOC(=O)c1ccc(-c2ccc(C(=O)O[*])cc2)cc1,Bandgap,4.0749,eV,polyverse_bandgap,train,clean,clean,measured_target
poly_2215,[*]Oc1cccc(OC(=O)C2CC2C([*])=O)c1,Bandgap,4.6652,eV,polyverse_bandgap,train,clean,clean,measured_target
poly_1727,[*]CCNC(C=C1)=CC=C1[*],Bandgap,4.1739,eV,polyverse_bandgap,train,clean,clean,measured_target
poly_1228,[*]c1cccc(-c2nc3ccc(-c4ccc5oc([*])nc5c4)cc3o2)c1,Bandgap,3.597,eV,polyverse_bandgap,train,clean,clean,measured_target
poly_1803,[*]Oc1ccc(P(C)(=O)c2ccc([*])cc2)cc1,Bandgap,4.2617,eV,polyverse_bandgap,train,clean,clean,measured_target
poly_2806,[*]NC(CCC(=O)OC)C([*])=O,Bandgap,5.2436,eV,polyverse_bandgap,train,clean,clean,measured_target
poly_2217,[*]CCNC(=O)c1cccc(C(=O)N[*])c1,Bandgap,4.6675,eV,polyverse_bandgap,train,clean,clean,measured_target
poly_2314,[*]Oc1ccc(C(C)(C)c2ccc(OC([*])=O)c(CC)c2)cc1CC,Bandgap,4.7687,eV,polyverse_bandgap,train,clean,clean,measured_target
poly_2326,[*]CCc1cc(Cl)c([*])cc1Cl,Bandgap,4.7791,eV,polyverse_bandgap,train,clean,clean,measured_target
poly_2672,[*]NC(CC([*])=O)C(=O)OCC,Bandgap,5.1162,eV,polyverse_bandgap,train,clean,clean,measured_target
poly_3218,[*]CCCCCNC(=O)CCCCCCCCC(=O)N[*],Bandgap,5.7156,eV,polyverse_bandgap,train,clean,clean,measured_target
poly_157,[*]c1ccc(-c2ccc(-n3c(=O)c4c(F)c5c(=O)n([*])c(=O)c5c(F)c4c3=O)cc2OC)c(OC)c1,Bandgap,1.9563,eV,polyverse_bandgap,train,clean,clean,measured_target
poly_874,[*]c1ccc(Oc2ccc(-c3nc4cc(-c5ccc6nc(-c7ccccc7)c([*])nc6c5)ccc4nc3-c3ccccc3)cc2)cc1,Bandgap,3.1454,eV,polyverse_bandgap,train,clean,clean,measured_target
poly_2059,[*]Oc1ccc(OC(=O)Oc2ccc(C([*])=O)cc2)cc1,Bandgap,4.5325,eV,polyverse_bandgap,train,clean,clean,measured_target
poly_3670,[*]CCCCCCCCCCOC(=O)COCC(=O)O[*],Bandgap,6.164,eV,polyverse_bandgap,train,clean,clean,measured_target
poly_914,[*]C(=O)c1ccc2nc(-c3ccccc3)c(-c3ccc(-c4nc5ccc([*])cc5nc4-c4ccccc4)cc3)nc2c1,Bandgap,3.1987,eV,polyverse_bandgap,train,clean,clean,measured_target
poly_3423,[*]CCCCCCCCCCCCCNC(=O)CCCCCCCCCCCC(=O)N[*],Bandgap,5.8918,eV,polyverse_bandgap,train,clean,clean,measured_target
poly_3978,[*]CC(C)(C)COC(=O)C1CCC(C(=O)O[*])CC1,Bandgap,6.607,eV,polyverse_bandgap,train,clean,clean,measured_target
poly_735,[*]C=Cc1csc(-c2cc([*])cs2)c1,Bandgap,2.9611,eV,polyverse_bandgap,train,clean,clean,measured_target
poly_1538,[*]Oc1cccc(Oc2ccc(C(=O)Oc3cccc(OC(=O)c4ccc([*])cc4)c3)cc2)c1,Bandgap,3.9641,eV,polyverse_bandgap,train,clean,clean,measured_target
poly_2546,[*]CCCCCCS[*],Bandgap,4.9951,eV,polyverse_bandgap,train,clean,clean,measured_target
poly_3040,[*]NC(C)CNC(=O)NC(CCCCNC([*])=O)C(=O)OC,Bandgap,5.5212,eV,polyverse_bandgap,train,clean,clean,measured_target
poly_2587,[*]CCCC(C)(C)CNC(=O)c1cccc(C(=O)N[*])c1,Bandgap,5.0312,eV,polyverse_bandgap,train,clean,clean,measured_target
poly_1958,[*]CC(=O)CC(C=C1)=CC=C1[*],Bandgap,4.4275,eV,polyverse_bandgap,train,clean,clean,measured_target
poly_4137,[*]CCCC([*])Cl,Bandgap,6.9819,eV,polyverse_bandgap,train,clean,clean,measured_target
poly_3273,[*]CCCC(C)(C)CNC(=O)CCCCC(=O)N[*],Bandgap,5.7663,eV,polyverse_bandgap,train,clean,clean,measured_target
poly_667,[*]c1ccc(N(c2ccc(CCCC)cc2)c2ccc(-c3sc([*])c4c3OCCO4)cc2)cc1,Bandgap,2.8878,eV,polyverse_bandgap,train,clean,clean,measured_target
poly_3454,[*]CCCCCCCCCCCNC(=O)CCCCCCCCCCC(=O)N[*],Bandgap,5.9276,eV,polyverse_bandgap,train,clean,clean,measured_target
poly_948,[*]c1cccc(N2C(=O)c3ccc(Oc4ccc(Oc5ccc(Oc6ccc7c(c6)C(=O)N([*])C7=O)cc5)cc4)cc3C2=O)c1,Bandgap,3.252,eV,polyverse_bandgap,train,clean,clean,measured_target
poly_3490,[*]CCCCCCCCCCOC(=O)CCC=CCCC(=O)O[*],Bandgap,5.9572,eV,polyverse_bandgap,train,clean,clean,measured_target
poly_2632,[*]CCCCCCNC(=O)CCP(=O)(CCC(=O)N[*])c1ccccc1,Bandgap,5.0861,eV,polyverse_bandgap,train,clean,clean,measured_target
poly_1597,[*]NC(C=C1)=CC=C1C(C=C2)=CC=C2C[*],Bandgap,4.035,eV,polyverse_bandgap,train,clean,clean,measured_target
poly_1231,[*]c1ccc(C(=O)CNNCC(=O)c2ccc(S([*])(=O)=O)cc2)cc1,Bandgap,3.599,eV,polyverse_bandgap,train,clean,clean,measured_target
poly_4001,[*]OC1CCC(OC(=O)CCCCC([*])=O)CC1,Bandgap,6.6371,eV,polyverse_bandgap,train,clean,clean,measured_target
poly_3043,[*]CCCCCCc1nnc([*])n1N,Bandgap,5.5226,eV,polyverse_bandgap,train,clean,clean,measured_target
poly_941,C(=O)NC(=O)NC(=O)NC(S1)=CC=C1N,Bandgap,3.2433,eV,polyverse_bandgap,train,clean,clean,measured_target
poly_3102,[*]CCCCCCCCCCNC(=O)CCCCCCCCCCCCCCCCCCCCC(=O)N[*],Bandgap,5.5808,eV,polyverse_bandgap,train,clean,clean,measured_target
poly_176,C(F)(F)C(F)(F)C(=O)C(=S),Bandgap,2.017,eV,polyverse_bandgap,train,clean,clean,measured_target
poly_2259,[*]C(=O)CCN(C)CCN(C)CCC(=O)N1CCN([*])CC1,Bandgap,4.709,eV,polyverse_bandgap,train,clean,clean,measured_target
poly_3928,[*]CC(CCl)(CCl)C(=O)O[*],Bandgap,6.537999999999999,eV,polyverse_bandgap,train,clean,clean,measured_target
poly_3850,[*]CCCCCCCCCCCCCCOCO[*],Bandgap,6.443,eV,polyverse_bandgap,train,clean,clean,measured_target
poly_1220,[*]N=C1C=CC([*])C=C1C,Bandgap,3.5860000000000003,eV,polyverse_bandgap,train,clean,clean,measured_target
poly_493,[*]Nc1nc(Nn2c(=O)c3cc4c(=O)n([*])c(=O)c4cc3c2=O)nc(N(CCC)CCC)n1,Bandgap,2.6429,eV,polyverse_bandgap,train,clean,clean,measured_target
poly_3251,[*]C1C=CC([*])C1,Bandgap,5.7471,eV,polyverse_bandgap,train,clean,clean,measured_target
poly_2665,[*]CCCCCCCCCCOC(=O)CCCCSCCCCC(=O)O[*],Bandgap,5.1115,eV,polyverse_bandgap,train,clean,clean,measured_target
poly_611,[*]Nc1ccc(-c2ccc(NC(=C(C#N)C#N)c3ccc(-c4ccc(C([*])=C(C#N)C#N)cc4)cc3)cc2)cc1,Bandgap,2.8048,eV,polyverse_bandgap,train,clean,clean,measured_target
poly_25,[*]c1sc(-c2sc(-c3sc([*])c4nccnc34)c3c2OCCO3)c2c1OCCO2,Bandgap,1.021,eV,polyverse_bandgap,train,clean,clean,measured_target
poly_2338,[*]CC#CC#CCOC(=O)CCC(=O)O[*],Bandgap,4.7928,eV,polyverse_bandgap,train,clean,clean,measured_target
poly_4176,[*]CC(C#N)(C#N)[*],Bandgap,7.4643,eV,polyverse_bandgap,train,clean,clean,measured_target
poly_745,[*]Oc1ccc(NC(=O)c2ccc(Oc3ccc(C(=O)Nc4ccc([*])cc4)c(C(=O)O)c3)cc2C(=O)O)cc1,Bandgap,2.9737,eV,polyverse_bandgap,train,clean,clean,measured_target
poly_2825,[*]CC1CCC(COC(=O)NCCSCCCSCCNC(=O)O[*])CC1,Bandgap,5.2711,eV,polyverse_bandgap,train,clean,clean,measured_target
poly_3535,[*]CCCCCCCCCCC(=O)NCC(=O)N[*],Bandgap,6.0074,eV,polyverse_bandgap,train,clean,clean,measured_target
poly_2630,[*]C(C)=C([*])CCCCCCC,Bandgap,5.0857,eV,polyverse_bandgap,train,clean,clean,measured_target
poly_3883,[*]CC(C)(CC)C(=O)O[*],Bandgap,6.4809,eV,polyverse_bandgap,train,clean,clean,measured_target
poly_2805,[*]NC(CCCCNC(=O)NCCCNC([*])=O)C(=O)OC,Bandgap,5.2435,eV,polyverse_bandgap,train,clean,clean,measured_target
poly_590,[*]C(C=C1)=CC=C1C(=S)OC(=S)[*],Bandgap,2.7748,eV,polyverse_bandgap,train,clean,clean,measured_target
poly_731,[*]c1[nH]c([*])c(C(=O)O)c1C,Bandgap,2.9575,eV,polyverse_bandgap,train,clean,clean,measured_target
poly_2883,[*]CCCCCCOC(=O)NCCSCCCCCCSCCNC(=O)O[*],Bandgap,5.3339,eV,polyverse_bandgap,train,clean,clean,measured_target
poly_3873,[*]CCCOC(=O)CCCCCCCCCCC(=O)O[*],Bandgap,6.4712,eV,polyverse_bandgap,train,clean,clean,measured_target
poly_2516,[*]CC(O)COc1ccc(C(C)CC(C)(C)c2ccc(O[*])cc2)cc1,Bandgap,4.9655,eV,polyverse_bandgap,train,clean,clean,measured_target
poly_842,[*]CC(S1)=CC=C1C(=O)C(=S)[*],Bandgap,3.1043,eV,polyverse_bandgap,train,clean,clean,measured_target
poly_1129,[*]NNC(=O)c1ccc(C(=O)NNC(=S)c2cccc(C([*])=S)c2)cc1,Bandgap,3.4684,eV,polyverse_bandgap,train,clean,clean,measured_target
poly_210,[*]CC([*])c1ccc(F)cc1,Bandgap,2.1384,eV,polyverse_bandgap,train,clean,clean,measured_target
poly_1442,[*]OS(=O)(=O)c1cc(S(=O)(=O)Oc2ccc(C3(c4ccc([*])cc4)CCCC3)cc2)ccc1C,Bandgap,3.8383,eV,polyverse_bandgap,train,clean,clean,measured_target
poly_55,[*]C=C([*])c1cccc(Cl)c1,Bandgap,1.3963,eV,polyverse_bandgap,train,clean,clean,measured_target
poly_4099,[*]C1CCC2C([*])CCC12,Bandgap,6.7946,eV,polyverse_bandgap,train,clean,clean,measured_target
poly_1435,[*]CC([*])Cn1cc2ccccc2n1,Bandgap,3.8342,eV,polyverse_bandgap,train,clean,clean,measured_target
poly_2142,[*]COCOc1ccc(C(=O)OC(=O)c2ccc(O[*])cc2)cc1,Bandgap,4.6031,eV,polyverse_bandgap,train,clean,clean,measured_target
poly_1156,[*]Nc1cccc(NC(=O)C=CC([*])=O)c1,Bandgap,3.505,eV,polyverse_bandgap,train,clean,clean,measured_target
poly_2764,[*]CCCCCCCOC(=O)C(=O)O[*],Bandgap,5.2076,eV,polyverse_bandgap,train,clean,clean,measured_target
poly_3150,[*]CC(C)(C)C(=O)N[*],Bandgap,5.6407,eV,polyverse_bandgap,train,clean,clean,measured_target
poly_311,[*]CCCCCCOC(=O)C(CCCCCCOc1ccc(-c2ccc(OCc3ccc([N+](=O)[O-])cc3)cc2)cc1)C(=O)O[*],Bandgap,2.4032,eV,polyverse_bandgap,train,clean,clean,measured_target
poly_1984,[*]Oc1ccc(CC(Cc2ccc([*])cc2)(C(=O)OCC)C(=O)OCC)cc1,Bandgap,4.4566,eV,polyverse_bandgap,train,clean,clean,measured_target
poly_2244,[*]C(=O)CNC(=O)C1CCCN1C(=O)C1CCCN1[*],Bandgap,4.7012,eV,polyverse_bandgap,train,clean,clean,measured_target
poly_2646,[*]CCOCCOCCOCCOCCOC(=O)CCSCCC(=O)O[*],Bandgap,5.1001,eV,polyverse_bandgap,train,clean,clean,measured_target
poly_3982,[*]CCC(C)C([*])(C)C(=O)OC,Bandgap,6.6109,eV,polyverse_bandgap,train,clean,clean,measured_target
poly_855,[*]CCOCCOCCOC(=O)c1ccc(N=Nc2ccc(C(=O)O[*])cc2)cc1,Bandgap,3.1178,eV,polyverse_bandgap,train,clean,clean,measured_target
poly_1685,[*]CCCCC(=O)NCc1ccc(CNC(=O)CCCCS[*])cc1,Bandgap,4.1399,eV,polyverse_bandgap,train,clean,clean,measured_target
poly_139,[*]c1ccc(Oc2ccc(-n3c(=O)c4cc5c(=O)n(-c6ncc([*])s6)c(=O)c5cc4c3=O)cc2)cc1,Bandgap,1.8896,eV,polyverse_bandgap,train,clean,clean,measured_target
poly_2466,[*]SC(C)C([*])C,Bandgap,4.9162,eV,polyverse_bandgap,train,clean,clean,measured_target
poly_2312,[*]Oc1ccc(C(C)(C)c2ccc(OC([*])=O)c(Cl)c2)cc1C,Bandgap,4.7674,eV,polyverse_bandgap,train,clean,clean,measured_target
poly_3795,[*]CCCCCCCCCOCO[*],Bandgap,6.3507,eV,polyverse_bandgap,train,clean,clean,measured_target
poly_1607,[*]CC(O)C(O)CN([*])c1ccc(N(C)C)cc1,Bandgap,4.0458,eV,polyverse_bandgap,train,clean,clean,measured_target
poly_1758,[*]CCN([*])C(=O)c1c(F)cc(F)c(F)c1F,Bandgap,4.2010000000000005,eV,polyverse_bandgap,train,clean,clean,measured_target
poly_2325,[*]CC(F)(F)C(F)=C([*])Cl,Bandgap,4.7787,eV,polyverse_bandgap,train,clean,clean,measured_target
poly_130,[*]c1nc(CCCCCC)c(-c2sc([*])nc2CCCCCC)s1,Bandgap,1.8419,eV,polyverse_bandgap,train,clean,clean,measured_target
poly_618,[*]NC(=O)C(=S)C(C=C1)=CC=C1[*],Bandgap,2.8168,eV,polyverse_bandgap,train,clean,clean,measured_target
poly_150,NC(=S)C(=C1)SC(=C1)C(=S),Bandgap,1.9439,eV,polyverse_bandgap,train,clean,clean,measured_target
poly_1210,[*]c1ccc(S(=O)(=O)c2ccc(-n3nc(-c4ccc(Oc5ccc(-c6nn([*])c(=O)c7ccccc67)cc5)cc4)c4ccccc4c3=O)cc2)cc1,Bandgap,3.5702,eV,polyverse_bandgap,train,clean,clean,measured_target
poly_2386,[*]Oc1ccc2c(c1)C(C)(c1ccc(OC([*])=O)cc1)CC2(C)C,Bandgap,4.8509,eV,polyverse_bandgap,train,clean,clean,measured_target
poly_3074,C([*])C(O1)CC(OC1C(C)(C))([*]),Bandgap,5.5507,eV,polyverse_bandgap,train,clean,clean,measured_target
poly_4157,[*]OC1CCC(OC(=O)OCCCCCCOC([*])=O)CC1,Bandgap,7.1388,eV,polyverse_bandgap,train,clean,clean,measured_target
poly_3524,[*]OC([*])CC,Bandgap,5.9932,eV,polyverse_bandgap,train,clean,clean,measured_target
poly_662,[*]Oc1ccc(NC(=C(C#N)C#N)c2ccc(C(Nc3ccc([*])cc3)=C(C#N)C#N)cc2)cc1,Bandgap,2.8817,eV,polyverse_bandgap,train,clean,clean,measured_target
poly_2859,[*]C=CC(C)C([*])C,Bandgap,5.3085,eV,polyverse_bandgap,train,clean,clean,measured_target
poly_2506,[*]C=CC1CC([*])C(C(=O)Oc2ccccc2)C1C(=O)Oc1ccccc1,Bandgap,4.9487,eV,polyverse_bandgap,train,clean,clean,measured_target
poly_1742,[*]CCc1ccc(-c2ccc([*])cc2)cc1,Bandgap,4.1864,eV,polyverse_bandgap,train,clean,clean,measured_target
poly_3031,C(F)(F)C(F)(F)CC(=O),Bandgap,5.5070000000000014,eV,polyverse_bandgap,train,clean,clean,measured_target
poly_1540,[*]CNOC(=S)[*],Bandgap,3.9664,eV,polyverse_bandgap,train,clean,clean,measured_target
poly_2631,[*]CCOC(=O)N(C)c1ccc(C)c(N(C)C(=O)O[*])c1,Bandgap,5.086,eV,polyverse_bandgap,train,clean,clean,measured_target
poly_4050,[*]CCCCCCCCCCOC(=O)CC(C)(C)CC(=O)O[*],Bandgap,6.7111,eV,polyverse_bandgap,train,clean,clean,measured_target
poly_1696,[*]Oc1c(Br)cc(C(c2cc(Br)c(OC([*])=O)c(Br)c2)(C(F)(F)F)C(F)(F)F)cc1Br,Bandgap,4.1483,eV,polyverse_bandgap,train,clean,clean,measured_target
poly_1139,[*]Nc1ccc(-c2ccc(Nc3ccc4c(c3)c3cc([*])ccc3n4CC(CC)CCCC)cc2)cc1,Bandgap,3.4761,eV,polyverse_bandgap,train,clean,clean,measured_target
poly_3399,[*]CCCCCCNC(=O)CCCCCCCCCCCCCCCCC(=O)N[*],Bandgap,5.8741,eV,polyverse_bandgap,train,clean,clean,measured_target
poly_2569,[*]CCOC(=O)NCCSCCSCCNC(=O)O[*],Bandgap,5.0147,eV,polyverse_bandgap,train,clean,clean,measured_target
poly_3700,[*]CC([*])C(=O)OCC,Bandgap,6.214,eV,polyverse_bandgap,train,clean,clean,measured_target
poly_1304,[*]C=Cc1ccc([*])c(C(=O)OC)c1C(=O)OC,Bandgap,3.6705,eV,polyverse_bandgap,train,clean,clean,measured_target
poly_3816,[*]OC(=O)OCC(OC)C(COC(=O)OC1COC2C([*])COC12)OC,Bandgap,6.3754,eV,polyverse_bandgap,train,clean,clean,measured_target
poly_901,[*]C=Cc1cc(CCCCCCCCCC)c(C=Cc2ccc([*])cc2)cc1CCCCCCCCCC,Bandgap,3.1782,eV,polyverse_bandgap,train,clean,clean,measured_target
poly_4056,[*]CC(O)C(O)COC(=O)O[*],Bandgap,6.72,eV,polyverse_bandgap,train,clean,clean,measured_target
poly_3576,[*]CCCCNC(=O)NCCCCCCNC(=O)O[*],Bandgap,6.0454,eV,polyverse_bandgap,train,clean,clean,measured_target
poly_3812,[*]CCCCCCCCCCCCOC(=O)CCCCCCCCCCC(=O)O[*],Bandgap,6.3693,eV,polyverse_bandgap,train,clean,clean,measured_target
poly_3538,[*]CCOC(=O)COCC(=O)O[*],Bandgap,6.0093,eV,polyverse_bandgap,train,clean,clean,measured_target
poly_2051,[*]Oc1ccc(C(c2ccc(OC([*])=S)cc2)C(C)C)cc1,Bandgap,4.5279,eV,polyverse_bandgap,train,clean,clean,measured_target
poly_232,[*]c1ccc(-c2nc3cc(-n4c(=O)c5cc6c(=O)n([*])c(=O)c6cc5c4=O)ccc3[nH]2)cc1,Bandgap,2.1869,eV,polyverse_bandgap,train,clean,clean,measured_target
poly_519,[*]c1ccc(Cc2ccc(-n3c(=O)c4cc5c(=O)n([*])c(=O)c5cc4c3=O)c(C)c2)cc1C,Bandgap,2.6775,eV,polyverse_bandgap,train,clean,clean,measured_target
poly_249,[*]C(C)=C(C)c1ccc(-c2ccc([*])s2)s1,Bandgap,2.2477,eV,polyverse_bandgap,train,clean,clean,measured_target
poly_3862,[*]CC([*])C(=O)OCCCCCCCCCCCCCC,Bandgap,6.4613,eV,polyverse_bandgap,train,clean,clean,measured_target
poly_2703,[*]NC(CC([*])=O)C(=O)OCCCCCCCCCCCC,Bandgap,5.146,eV,polyverse_bandgap,train,clean,clean,measured_target
poly_3805,[*]CCC(C)(C)C([*])(C)C,Bandgap,6.3628,eV,polyverse_bandgap,train,clean,clean,measured_target
poly_3104,[*]CCNC(=O)CCCCC(=O)N[*],Bandgap,5.582000000000002,eV,polyverse_bandgap,train,clean,clean,measured_target
poly_3651,[*]CC(CO[*])(CS(C)(=O)=O)CS(C)(=O)=O,Bandgap,6.135,eV,polyverse_bandgap,train,clean,clean,measured_target
poly_499,[*]C(C=C1)=CC=C1C(=S)C(C=C2)=CC=C2C(=S)[*],Bandgap,2.6503,eV,polyverse_bandgap,train,clean,clean,measured_target
poly_2410,[*]Nc1cccc(NC(=O)CCCCCCC([*])=O)c1,Bandgap,4.8722,eV,polyverse_bandgap,train,clean,clean,measured_target
poly_791,[*]C=Cc1ccc(Oc2ccc(C=Cc3cc([*])ncn3)cc2)cc1,Bandgap,3.0294,eV,polyverse_bandgap,train,clean,clean,measured_target
poly_2742,[*]CC(CC)(CC)COC(=O)Nc1ccc(C)c(NC(=O)O[*])c1,Bandgap,5.1879,eV,polyverse_bandgap,train,clean,clean,measured_target
poly_1287,[*]CCCCCCCCCOc1ccc(C=CC=Cc2ccc(O[*])cc2)cc1,Bandgap,3.6524,eV,polyverse_bandgap,train,clean,clean,measured_target
poly_2739,[*]CCCCSCCCS[*],Bandgap,5.1858,eV,polyverse_bandgap,train,clean,clean,measured_target
poly_1819,[*]C([*])(C#N)C#N,Bandgap,4.2738,eV,polyverse_bandgap,train,clean,clean,measured_target
poly_2123,O([*])CC(O)COc1ccc(cc1)CC(C)(C)c1ccc(cc1)([*]),Bandgap,4.5905,eV,polyverse_bandgap,train,clean,clean,measured_target
poly_3384,[*]CCCNC(=O)C(OC)C(OC)C(=O)N[*],Bandgap,5.8632,eV,polyverse_bandgap,train,clean,clean,measured_target
poly_1763,[*]OCCOCCOc1cc([*])nc2ccc(C)cc12,Bandgap,4.2106,eV,polyverse_bandgap,train,clean,clean,measured_target
poly_2695,[*]CCCCCCCCCCC(=O)NCCCCCOCCCCCNC(=O)CCCCO[*],Bandgap,5.1384,eV,polyverse_bandgap,train,clean,clean,measured_target
poly_2377,[*]CC(C)(C[*])CN(C)CC1C2CC3CC(C2)CC1C3,Bandgap,4.8405,eV,polyverse_bandgap,train,clean,clean,measured_target
poly_2969,O([*])C(=O)OC(C=C1)=CC=C1CC(C)(C)C(C=C2)=CC=C2([*]),Bandgap,5.4261,eV,polyverse_bandgap,train,clean,clean,measured_target
poly_256,[*]c1ccc(Oc2ccccc2Oc2ccc(-n3c(=O)c4cc5c(=O)n([*])c(=O)c5cc4c3=O)cc2)cc1,Bandgap,2.2739,eV,polyverse_bandgap,train,clean,clean,measured_target
poly_10,[*]/C=C\C=C[*],Bandgap,0.7763,eV,polyverse_bandgap,train,clean,clean,measured_target
poly_576,[*]C(=O)Oc1ccc(OC(=O)c2ccc3c(c2)C(=O)N(c2ccc(Oc4ccc(N5C(=O)c6ccc([*])cc6C5=O)cc4)cc2)C3=O)c(C)c1,Bandgap,2.7561,eV,polyverse_bandgap,train,clean,clean,measured_target
poly_3902,[*]CC([*])(C#N)C(=O)OCC,Bandgap,6.5116,eV,polyverse_bandgap,train,clean,clean,measured_target
poly_959,[*]C(Br)=C(c1ccccc1)c1ccc([*])cc1,Bandgap,3.2592,eV,polyverse_bandgap,train,clean,clean,measured_target
poly_3026,N([*])(C)C(=O)C(F)(F)C(F)(F)C(F)(F)C(=O)N(C)CCCCCCC(=O)([*]),Bandgap,5.5014,eV,polyverse_bandgap,train,clean,clean,measured_target
poly_2478,[*]CC1CC(CNC(=O)c2cccc(C(=O)N[*])c2)CC(C(C)(C)C)C1,Bandgap,4.9259,eV,polyverse_bandgap,train,clean,clean,measured_target
poly_4161,[*]CCCCCC([*])C,Bandgap,7.1712,eV,polyverse_bandgap,train,clean,clean,measured_target
poly_4087,[*]CC([*])C(=O)OCC(F)(F)C(F)C(F)(F)F,Bandgap,6.7714,eV,polyverse_bandgap,train,clean,clean,measured_target
poly_3156,[*]SC([*])(F)F,Bandgap,5.6458,eV,polyverse_bandgap,train,clean,clean,measured_target
poly_3678,[*]CC([*])C(N)=O,Bandgap,6.1879,eV,polyverse_bandgap,train,clean,clean,measured_target
poly_183,[*]C#Cc1cc(OCCCCCCCCCCCC)c(C#Cc2ccc([*])c([N+](=O)[O-])c2)cc1OCCCCCCCCCCCC,Bandgap,2.0462,eV,polyverse_bandgap,train,clean,clean,measured_target
poly_4106,[*]CCCCCCCCCCCCCCCCOC(=O)CCCCCCC(=O)O[*],Bandgap,6.8272,eV,polyverse_bandgap,train,clean,clean,measured_target
poly_3992,[*]CCCCCCCCCCCCC(=O)O[*],Bandgap,6.6223,eV,polyverse_bandgap,train,clean,clean,measured_target
poly_4,[*]C=C1C=C([*])C[N+](CCCCCCCC)(CCCCS(=O)(=O)O)C1,Bandgap,0.1701,eV,polyverse_bandgap,train,clean,clean,measured_target
poly_3809,[*]CCCCOC(=O)COCC(=O)O[*],Bandgap,6.3679,eV,polyverse_bandgap,train,clean,clean,measured_target
poly_1361,[*]CCCCCCCCCCCOC(=O)c1ccc2cc(C(=O)O[*])ccc2c1,Bandgap,3.7381,eV,polyverse_bandgap,train,clean,clean,measured_target
poly_870,[*]c1ccc(C(c2ccc(-c3nc4ccc(-c5ccc6nc([*])oc6c5)cc4o3)cc2)(C(F)(F)F)C(F)(F)F)cc1,Bandgap,3.141,eV,polyverse_bandgap,train,clean,clean,measured_target
poly_3664,[*]OC(=O)OC1CC2CC([*])CC(C1)O2,Bandgap,6.1524,eV,polyverse_bandgap,train,clean,clean,measured_target
poly_641,[*]c1ccc(-c2nc3cc4nc(-c5ccccc5)c([*])nc4cc3nc2-c2ccccc2)cc1,Bandgap,2.8503,eV,polyverse_bandgap,train,clean,clean,measured_target
poly_1195,[*]CCCCCCCCn1c(=O)c2cc3c(=O)n([*])c(=O)c3c(Br)c2c1=O,Bandgap,3.5532,eV,polyverse_bandgap,train,clean,clean,measured_target
poly_2834,[*]CC([*])(Cl)Cl,Bandgap,5.2835,eV,polyverse_bandgap,train,clean,clean,measured_target
poly_3752,[*]CC([*])(C)C(=O)OC(CC)OCC,Bandgap,6.2807,eV,polyverse_bandgap,train,clean,clean,measured_target
poly_790,[*]Oc1ccc(C2(c3ccc(OC([*])=O)cc3)c3cc(OC)ccc3-c3ccc([N+](=O)[O-])cc32)cc1,Bandgap,3.029,eV,polyverse_bandgap,train,clean,clean,measured_target
poly_974,[*]CC(C=C1)=CC=C1CC(=S)[*],Bandgap,3.2889,eV,polyverse_bandgap,train,clean,clean,measured_target
poly_3068,[*]CCCCCCCCCCCCNC(=O)CCCCC(=O)N[*],Bandgap,5.5461,eV,polyverse_bandgap,train,clean,clean,measured_target
poly_526,[*]C(=O)c1ccc2c(c1)C(=O)N(c1cc(-c3nc4ccccc4o3)cc(N3C(=O)c4ccc([*])cc4C3=O)c1)C2=O,Bandgap,2.6843,eV,polyverse_bandgap,train,clean,clean,measured_target
poly_1766,[*]Oc1ccc(Oc2ccc(C(=O)c3ccc([*])cc3)cc2)cc1CC(=O)O,Bandgap,4.212,eV,polyverse_bandgap,train,clean,clean,measured_target
poly_2581,[*]CC([*])C(=O)NC(C)=O,Bandgap,5.0258,eV,polyverse_bandgap,train,clean,clean,measured_target
poly_115,[*]C#Cc1cc(OCCCCCCCCCCCC)c([*])cc1OCCCCCCCCCCCC,Bandgap,1.7402,eV,polyverse_bandgap,train,clean,clean,measured_target
poly_2668,[*]CCCCCCCCCCOC(=O)c1cccc(C(=O)O[*])c1,Bandgap,5.1143,eV,polyverse_bandgap,train,clean,clean,measured_target
poly_603,[*]c1ccc(-c2ccc(-c3nc4cc5nc([*])oc5cc4o3)cc2)cc1,Bandgap,2.7942,eV,polyverse_bandgap,train,clean,clean,measured_target
poly_2194,[*]CCOc1ccc(C(=O)OCCCCCCOC(=O)c2ccc(O[*])cc2)cc1,Bandgap,4.6518,eV,polyverse_bandgap,train,clean,clean,measured_target
poly_2341,[*]Oc1c(Cl)cc(C2(c3cc(Cl)c(OC([*])=O)c(Cl)c3)CC3CCC2C3)cc1Cl,Bandgap,4.7964,eV,polyverse_bandgap,train,clean,clean,measured_target
poly_532,[*]NC(=S)OC(=S)[*],Bandgap,2.6878,eV,polyverse_bandgap,train,clean,clean,measured_target
poly_1392,[*]Oc1ccc(S(=O)(=O)c2ccc(Oc3ccc(C(=C)c4ccc([*])cc4)cc3)cc2)cc1,Bandgap,3.7738,eV,polyverse_bandgap,train,clean,clean,measured_target
poly_824,[*]c1ccc(N2C(=O)c3ccc(-c4cccc5c4C(=O)N([*])C5=O)cc3C2=O)cc1,Bandgap,3.0789,eV,polyverse_bandgap,train,clean,clean,measured_target
poly_2902,[*]CC(CCCC)O[*],Bandgap,5.3538,eV,polyverse_bandgap,train,clean,clean,measured_target
poly_3966,[*]CCCCCCCCCCCCCCCCOC(=O)CCCCCCCCC(=O)O[*],Bandgap,6.595,eV,polyverse_bandgap,train,clean,clean,measured_target
poly_3738,[*]CCOC(=O)NCCCCCCCCCNC(=O)O[*],Bandgap,6.2637,eV,polyverse_bandgap,train,clean,clean,measured_target
poly_3356,[*]CCCCOC(=O)CC(N)C(=O)O[*],Bandgap,5.8401,eV,polyverse_bandgap,train,clean,clean,measured_target
poly_3999,[*]CCCCCCCCCCOC(=O)C1CCC(C(=O)O[*])CC1,Bandgap,6.6352,eV,polyverse_bandgap,train,clean,clean,measured_target
poly_1236,[*]c1ccc2c(c1)c1cc([*])ccc1n2CCC(=O)OCC,Bandgap,3.6069,eV,polyverse_bandgap,train,clean,clean,measured_target
poly_3250,[*]CC(CBr)(CBr)COC(=O)CCCCC(=O)O[*],Bandgap,5.744,eV,polyverse_bandgap,train,clean,clean,measured_target
poly_3143,[*]CC([*])C(=O)NCCCC,Bandgap,5.6336,eV,polyverse_bandgap,train,clean,clean,measured_target
poly_3693,[*]CCCCCCCCCCCCOC(=O)NCCCCCCCCCCNC(=O)O[*],Bandgap,6.2072,eV,polyverse_bandgap,train,clean,clean,measured_target
poly_291,[*]c1cc(CCCCCC)c([*])s1,Bandgap,2.3549,eV,polyverse_bandgap,train,clean,clean,measured_target
poly_2544,[*]Cc1c(Cl)cc(cc1)C[*],Bandgap,4.9944,eV,polyverse_bandgap,train,clean,clean,measured_target
poly_563,[*]Nc1ccc(NC(=O)C=CC([*])=O)cc1,Bandgap,2.7389,eV,polyverse_bandgap,train,clean,clean,measured_target
poly_3589,[*]CCCCCCCCCCOC(=O)NCCCCCCCCCCNC(=O)O[*],Bandgap,6.0574,eV,polyverse_bandgap,train,clean,clean,measured_target
poly_2899,[*]CCCCCC(=O)S[*],Bandgap,5.3468,eV,polyverse_bandgap,train,clean,clean,measured_target
poly_2128,[*]Oc1ccc(C2(c3ccc(OC([*])=O)cc3)CCCCC2)cc1,Bandgap,4.5957,eV,polyverse_bandgap,train,clean,clean,measured_target
poly_2903,[*]NC(C)CNC(=O)NCCCCCCNC([*])=O,Bandgap,5.3547,eV,polyverse_bandgap,train,clean,clean,measured_target
poly_3146,[*]CNCO[*],Bandgap,5.6356,eV,polyverse_bandgap,train,clean,clean,measured_target
poly_3307,[*]C=CCCCCC[*],Bandgap,5.7935,eV,polyverse_bandgap,train,clean,clean,measured_target
poly_2954,[*]NC(C)(C)C(C)(C)C([*])=O,Bandgap,5.4161,eV,polyverse_bandgap,train,clean,clean,measured_target
poly_3052,[*]C(=O)OCC(C)(C)COC(=O)N1CCN([*])CC1,Bandgap,5.5303,eV,polyverse_bandgap,train,clean,clean,measured_target
poly_3196,[*]NC(CC([*])=O)C(=O)OCCCCCCCC,Bandgap,5.6944,eV,polyverse_bandgap,train,clean,clean,measured_target
poly_1510,[*]Oc1cc(OC(=O)c2ccc(OCCCC)cc2)c(OC(=O)CCCC([*])=O)cc1OC(=O)c1ccc(OCCCC)cc1,Bandgap,3.9295,eV,polyverse_bandgap,train,clean,clean,measured_target
poly_1628,[*]OP(=O)(Oc1cccc2c([*])cccc12)OC1CCCCC1,Bandgap,4.0673,eV,polyverse_bandgap,train,clean,clean,measured_target
poly_415,[*]N=C1C=CC(=NC2=CC(=O)C([*])=CC2=O)c2ccccc21,Bandgap,2.537,eV,polyverse_bandgap,train,clean,clean,measured_target
poly_3183,[*]CCCCCCNC(=O)CCCCCC(=O)N[*],Bandgap,5.6731,eV,polyverse_bandgap,train,clean,clean,measured_target
poly_2346,[*]Nc1ccccc1NC(=O)CCCCCCCCC([*])=O,Bandgap,4.8005,eV,polyverse_bandgap,train,clean,clean,measured_target
poly_1518,[*]c1cccc(-c2nnc([*])n2-c2ccccc2)c1,Bandgap,3.9408,eV,polyverse_bandgap,train,clean,clean,measured_target
poly_2871,[*]CC([*])OC(=O)CC(C)=O,Bandgap,5.3193,eV,polyverse_bandgap,train,clean,clean,measured_target
poly_253,[*]Oc1ccc(NC2=C(Cl)C(=O)C(Nc3ccc([*])cc3)=C(Cl)C2=O)cc1,Bandgap,2.2616,eV,polyverse_bandgap,train,clean,clean,measured_target
poly_105,[*]CC([*])C(=O)c1ccccc1O,Bandgap,1.6926,eV,polyverse_bandgap,train,clean,clean,measured_target
poly_1226,[*]CCCCOC(=O)SSSSC(=O)O[*],Bandgap,3.5946,eV,polyverse_bandgap,train,clean,clean,measured_target
poly_1487,[*]Cc1nc(-c2ccc(c3csc([*])n3)cc2)cs1,Bandgap,3.8790104389190674,eV,phase4_adversarial_augmentation,train,probabilistic_mcmc,adversarial_stress_test,clean_model_teacher_prediction_not_measured_target
poly_2689,[*]CC(CC([*])(C#N)C#N)(OC(F)=O)c1ccc(OC(C)=O)cc1,Bandgap,5.082744121551514,eV,phase4_adversarial_augmentation,train,probabilistic_mcmc,adversarial_stress_test,clean_model_teacher_prediction_not_measured_target
poly_158,[*]c1ccc(Oc2ccc(Oc3ccc(-n4Ic(=O)c5cc6c(=O)n([*])c(=O)c6cc5c4=O)cc3)cc2C(C)(C)C)cc1,Bandgap,2.5402631759643555,eV,phase4_adversarial_augmentation,train,probabilistic_mcmc,adversarial_stress_test,clean_model_teacher_prediction_not_measured_target
poly_1797,[*]Oc1ccc(Cc2ccc(C=NCCCCCCN=Cc3ccc([*])cc3)cc2)cc1,Bandgap,4.005331039428711,eV,phase4_adversarial_augmentation,train,probabilistic_mcmc,adversarial_stress_test,clean_model_teacher_prediction_not_measured_target
poly_1671,[*]CC(=O)\C([*])c1ccc(F)cc1,Bandgap,4.690324306488037,eV,phase4_adversarial_augmentation,train,probabilistic_mcmc,adversarial_stress_test,clean_model_teacher_prediction_not_measured_target
poly_2561,[*]Oc1cccs([*])c1,Bandgap,4.299292087554932,eV,phase4_adversarial_augmentation,train,probabilistic_mcmc,adversarial_stress_test,clean_model_teacher_prediction_not_measured_target
poly_2020,[*]OC(O)CCSCc1ccc(CSCCC([*])=O)cc1,Bandgap,4.814533233642578,eV,phase4_adversarial_augmentation,train,probabilistic_mcmc,adversarial_stress_test,clean_model_teacher_prediction_not_measured_target
poly_3047,[*]C(CC(Cl)(Cl)Cl)O[*],Bandgap,6.464445114135742,eV,phase4_adversarial_augmentation,train,probabilistic_mcmc,adversarial_stress_test,clean_model_teacher_prediction_not_measured_target
poly_1319,[*]Oc1ccc(OC(=O)c2ccc(C([*])=O)cc[nH]2)cc1CCCCCCC,Bandgap,3.945478677749634,eV,phase4_adversarial_augmentation,train,probabilistic_mcmc,adversarial_stress_test,clean_model_teacher_prediction_not_measured_target
poly_1151,[*]s1csc([*])c1,Bandgap,2.8384432792663574,eV,phase4_adversarial_augmentation,train,probabilistic_mcmc,adversarial_stress_test,clean_model_teacher_prediction_not_measured_target
poly_3932,[*]1CC([*])OC(O)O1,Bandgap,6.805415153503418,eV,phase4_adversarial_augmentation,train,probabilistic_mcmc,adversarial_stress_test,clean_model_teacher_prediction_not_measured_target
poly_1747,[*]Oc1cccc(NOC(=O)c2ccc(Oc3ccc(C([*])=O)cc3)cc2)c1,Bandgap,4.823611736297607,eV,phase4_adversarial_augmentation,train,probabilistic_mcmc,adversarial_stress_test,clean_model_teacher_prediction_not_measured_target
poly_4045,[*]CCOC(=O)CCCCCCCCCC(=O)O[*],Bandgap,6.409236431121826,eV,phase4_adversarial_augmentation,train,probabilistic_mcmc,adversarial_stress_test,clean_model_teacher_prediction_not_measured_target
poly_3236,[*]CCCCCCNC(=O)C(CCCCCCCCCCCCCCC)C(=O)[*],Bandgap,5.876845359802246,eV,phase4_adversarial_augmentation,train,probabilistic_mcmc,adversarial_stress_test,clean_model_teacher_prediction_not_measured_target
poly_1501,[*][N+]Nc1ccc([*])cc1OCCCCCCCCCCCC,Bandgap,5.360057353973389,eV,phase4_adversarial_augmentation,train,probabilistic_mcmc,adversarial_stress_test,clean_model_teacher_prediction_not_measured_target
poly_1428,[*]c1ccc(S([*])(=O)-O)cc1,Bandgap,4.1588640213012695,eV,phase4_adversarial_augmentation,train,probabilistic_mcmc,adversarial_stress_test,clean_model_teacher_prediction_not_measured_target
poly_3148,[*]CCCNC(=O)CCCCCCCCC(=O)NPCCNC(=O)C(=O)N[*],Bandgap,5.603288650512695,eV,phase4_adversarial_augmentation,train,probabilistic_mcmc,adversarial_stress_test,clean_model_teacher_prediction_not_measured_target
poly_305,[*]c1cc(CCCCCCCCC)c([*])s1,Bandgap,1.8339810371398926,eV,phase4_adversarial_augmentation,train,probabilistic_mcmc,adversarial_stress_test,clean_model_teacher_prediction_not_measured_target
poly_1123,[*]CC([*])(Br)C(=O)OCc1ccc2c(c1)c1ccccc1n2CC,Bandgap,3.635869264602661,eV,phase4_adversarial_augmentation,train,probabilistic_mcmc,adversarial_stress_test,clean_model_teacher_prediction_not_measured_target
poly_3819,[*]CC([*])C(\O)OCCC#N,Bandgap,6.277326583862305,eV,phase4_adversarial_augmentation,train,probabilistic_mcmc,adversarial_stress_test,clean_model_teacher_prediction_not_measured_target
poly_397,[*]C=C([*])c1ccc(C(=O)Oc2c(N)c(F)c(F)c(F)c2F)cc1,Bandgap,2.418513298034668,eV,phase4_adversarial_augmentation,train,probabilistic_mcmc,adversarial_stress_test,clean_model_teacher_prediction_not_measured_target
poly_3520,[*]C(=O)OCC(C)(Br)COC(=O)N1CCN([*])C(C)C1,Bandgap,5.8159661293029785,eV,phase4_adversarial_augmentation,train,probabilistic_mcmc,adversarial_stress_test,clean_model_teacher_prediction_not_measured_target
poly_1864,[*]Oc1cccc(Oc2c[N-]ccc([*])c2)c1C#N,Bandgap,3.7367947101593018,eV,phase4_adversarial_augmentation,train,probabilistic_mcmc,adversarial_stress_test,clean_model_teacher_prediction_not_measured_target
poly_3285,[*]CC([*]),Bandgap,7.080451011657715,eV,phase4_adversarial_augmentation,train,probabilistic_mcmc,adversarial_stress_test,clean_model_teacher_prediction_not_measured_target
poly_1697,[*]Oc1c(C)cc([*])cc1C(PC)CCCCC,Bandgap,4.815097808837891,eV,phase4_adversarial_augmentation,train,probabilistic_mcmc,adversarial_stress_test,clean_model_teacher_prediction_not_measured_target
poly_3201,[*]OC1CC(c2ccccc2)C([*])O1,Bandgap,5.2660441398620605,eV,phase4_adversarial_augmentation,train,probabilistic_mcmc,adversarial_stress_test,clean_model_teacher_prediction_not_measured_target
poly_1658,[*]Oc2cccc(OC(=O)c1cccc(C([*])=O)c1[N+]C(F)(F)C(F)(F)C(F)(F)F)c2,Bandgap,4.053511142730713,eV,phase4_adversarial_augmentation,train,probabilistic_mcmc,adversarial_stress_test,clean_model_teacher_prediction_not_measured_target
poly_47,[*]CC(=S)C(=O)-C(=S)[*],Bandgap,2.1843080520629883,eV,phase4_adversarial_augmentation,train,probabilistic_mcmc,adversarial_stress_test,clean_model_teacher_prediction_not_measured_target
poly_399,[*]CCN(CCOC(=O)c1cccc(C(=O)O[*])c1)c1ccs(N=Nc2ccc(-c3nc4ccc([N+](=O)[O-])cc4n3CC)cc2)cc1,Bandgap,2.483964204788208,eV,phase4_adversarial_augmentation,train,probabilistic_mcmc,adversarial_stress_test,clean_model_teacher_prediction_not_measured_target
poly_2334,[*]COC(=PS)O[*],Bandgap,3.927755355834961,eV,phase4_adversarial_augmentation,train,probabilistic_mcmc,adversarial_stress_test,clean_model_teacher_prediction_not_measured_target
poly_2105,[*]O-c1ccc(OC(=O)CCC([*])=O)cc1,Bandgap,5.013440132141113,eV,phase4_adversarial_augmentation,train,probabilistic_mcmc,adversarial_stress_test,clean_model_teacher_prediction_not_measured_target
poly_3317,[*]CCCC(C)(C)CNC(=O)CCPCCCCCC(=O)N[*],Bandgap,5.993550777435303,eV,phase4_adversarial_augmentation,train,probabilistic_mcmc,adversarial_stress_test,clean_model_teacher_prediction_not_measured_target
poly_1760,[*]CCSSSCCO[*],Bandgap,4.875631332397461,eV,phase4_adversarial_augmentation,train,probabilistic_mcmc,adversarial_stress_test,clean_model_teacher_prediction_not_measured_target
poly_3171,[*]NC(CCC(=O)OSCCCCC)C([*])=O,Bandgap,5.188629627227783,eV,phase4_adversarial_augmentation,train,probabilistic_mcmc,adversarial_stress_test,clean_model_teacher_prediction_not_measured_target
poly_1035,[*]Nc1cc(NC(/O)c2ccccc2C([*])=O)cc(-c2nnc(-c3ccccn3)o2)c1,Bandgap,3.605147361755371,eV,phase4_adversarial_augmentation,train,probabilistic_mcmc,adversarial_stress_test,clean_model_teacher_prediction_not_measured_target
poly_3055,[*]CCCCCCNC(=O)CCc1ccc(S(C)CC(=O)N[*])cc1,Bandgap,5.001182556152344,eV,phase4_adversarial_augmentation,train,probabilistic_mcmc,adversarial_stress_test,clean_model_teacher_prediction_not_measured_target
poly_2258,[*]CS([*])n1ccnc1,Bandgap,4.510487079620361,eV,phase4_adversarial_augmentation,train,probabilistic_mcmc,adversarial_stress_test,clean_model_teacher_prediction_not_measured_target
poly_67,[*]c1cc(CCCCCCCOC(=O)COC)c([*])s1,Bandgap,1.6962637901306152,eV,phase4_adversarial_augmentation,train,probabilistic_mcmc,adversarial_stress_test,clean_model_teacher_prediction_not_measured_target
poly_1133,[*]Oc1cc(C(C)(C)c2ccccc2)c(OC(=O)c2Pccc(C([*])=O)cc2)cc1C(C)(C)c1ccccc1,Bandgap,3.660270929336548,eV,phase4_adversarial_augmentation,train,probabilistic_mcmc,adversarial_stress_test,clean_model_teacher_prediction_not_measured_target
poly_3352,[*]OC([2H])([2H])C([*])(O[2H])[2H],Bandgap,6.023715019226074,eV,phase4_adversarial_augmentation,train,probabilistic_mcmc,adversarial_stress_test,clean_model_teacher_prediction_not_measured_target
poly_2081,[*]CC([*])C(C)(C)C,Bandgap,6.653126239776611,eV,phase4_adversarial_augmentation,train,probabilistic_mcmc,adversarial_stress_test,clean_model_teacher_prediction_not_measured_target
poly_1585,[*]CC(COc1Sccc(OC)cc1)O[*],Bandgap,4.966634750366211,eV,phase4_adversarial_augmentation,train,probabilistic_mcmc,adversarial_stress_test,clean_model_teacher_prediction_not_measured_target
poly_1180,[*][N+]OCCOC(=O)CCCC(=O)OCCOc1nc(-c2ccc(OCCCC)cc2)nc([*])c1-c1ccc(OC)cc1,Bandgap,3.5938713550567627,eV,phase4_adversarial_augmentation,train,probabilistic_mcmc,adversarial_stress_test,clean_model_teacher_prediction_not_measured_target
poly_4190,[*]C(F)(F)C([*])(F)C(F)(F)F,Bandgap,8.195140838623047,eV,phase4_adversarial_augmentation,train,probabilistic_mcmc,adversarial_stress_test,clean_model_teacher_prediction_not_measured_target
poly_574,[*]c1cc2c(s1)-c1sc([*])cc1C2(CCCCCCCC)CCCCCCCI,Bandgap,2.191230535507202,eV,phase4_adversarial_augmentation,train,probabilistic_mcmc,adversarial_stress_test,clean_model_teacher_prediction_not_measured_target
poly_3720,[*]CCCCC(=O)NCCCNC(=O)O[*],Bandgap,5.841961860656738,eV,phase4_adversarial_augmentation,train,probabilistic_mcmc,adversarial_stress_test,clean_model_teacher_prediction_not_measured_target
poly_673,[*]NC(C=C1)=CC=C1C(C=C2)=CCC2C(=S)[*],Bandgap,3.8326919078826904,eV,phase4_adversarial_augmentation,train,probabilistic_mcmc,adversarial_stress_test,clean_model_teacher_prediction_not_measured_target
poly_3649,[*]OC(C)COSC(=O)COCC([*])=O,Bandgap,6.151123046875,eV,phase4_adversarial_augmentation,train,probabilistic_mcmc,adversarial_stress_test,clean_model_teacher_prediction_not_measured_target
poly_3185,[*]CCC(=O)OCCCC=CCCCOC(=O)CCC1NC(=O)C([*])NC1/O,Bandgap,5.7202959060668945,eV,phase4_adversarial_augmentation,train,probabilistic_mcmc,adversarial_stress_test,clean_model_teacher_prediction_not_measured_target
poly_3666,[*]CCOCCOCCOC(=O)CCCCCCC(=O)O[*],Bandgap,6.230642318725586,eV,phase4_adversarial_augmentation,train,probabilistic_mcmc,adversarial_stress_test,clean_model_teacher_prediction_not_measured_target
poly_3425,[*]CCCC(=O)NCCNC(=O)CO[*],Bandgap,6.4472455978393555,eV,phase4_adversarial_augmentation,train,probabilistic_mcmc,adversarial_stress_test,clean_model_teacher_prediction_not_measured_target
poly_221,[*]c1ccc(Oc2cc3cccnc3cc2Oc2ccc(-n3c(=O)c4cc5c(=O)n([*])c(=O)c5cc4c3=O)cc2)cc1,Bandgap,2.25742769241333,eV,phase4_adversarial_augmentation,train,probabilistic_mcmc,adversarial_stress_test,clean_model_teacher_prediction_not_measured_target
poly_1878,[*]CNC(S1)=CCC1N[*],Bandgap,4.841378688812256,eV,phase4_adversarial_augmentation,train,probabilistic_mcmc,adversarial_stress_test,clean_model_teacher_prediction_not_measured_target
poly_1829,[*]c1ccc(Oc2ccc(C(=O)c3ccc([*])cc3)cc2)cc1COC,Bandgap,4.168621063232422,eV,phase4_adversarial_augmentation,train,probabilistic_mcmc,adversarial_stress_test,clean_model_teacher_prediction_not_measured_target
poly_834,[*]c1cc(OCCC)c([*])s1,Bandgap,1.6751959323883057,eV,phase4_adversarial_augmentation,train,probabilistic_mcmc,adversarial_stress_test,clean_model_teacher_prediction_not_measured_target
poly_2848,[*]CC(CS)(CI)COC(=O)CCCCC(=O)O[*],Bandgap,5.402825355529785,eV,phase4_adversarial_augmentation,train,probabilistic_mcmc,adversarial_stress_test,clean_model_teacher_prediction_not_measured_target
poly_784,[*]C(=O)c1cc-c2c(c1)C(=O)N(c1ccc(C(c3ccccc3)(c3ccc(N4C(=O)c5ccc([*])cc5C4=O)cc3)C(F)(F)F)cc1)C2=O,Bandgap,2.7900314331054688,eV,phase4_adversarial_augmentation,train,probabilistic_mcmc,adversarial_stress_test,clean_model_teacher_prediction_not_measured_target
poly_3865,[*]OC([*])(Cl)Cl,Bandgap,5.687257289886475,eV,phase4_adversarial_augmentation,train,probabilistic_mcmc,adversarial_stress_test,clean_model_teacher_prediction_not_measured_target
poly_247,[*]c1ccc(Oc2ccc(Oc3ccc(-n/4c(=O)c5cc6c(=O)n([*])c(=O)c6cc5c4=O)cc3)cc2)cc1,Bandgap,2.452131509780884,eV,phase4_adversarial_augmentation,train,probabilistic_mcmc,adversarial_stress_test,clean_model_teacher_prediction_not_measured_target
poly_3766,[*]CC(O[*])(COC=O)COC=O,Bandgap,6.029403209686279,eV,phase4_adversarial_augmentation,train,probabilistic_mcmc,adversarial_stress_test,clean_model_teacher_prediction_not_measured_target
poly_1733,[*]Oc1ccc(C(C)=Cc2ccc(OC(=O)OCCCCOC([*])=O)cNc2)cc1,Bandgap,4.245059013366699,eV,phase4_adversarial_augmentation,train,probabilistic_mcmc,adversarial_stress_test,clean_model_teacher_prediction_not_measured_target
poly_680,[*]C(=O)Nc1ccc(NC(=O)c2ccc3c(c2)C(=I)N(c2cccc(N4C(=O)c5ccc([*])cc5C4=O)c2)C3=O)cc1,Bandgap,2.856278419494629,eV,phase4_adversarial_augmentation,train,probabilistic_mcmc,adversarial_stress_test,clean_model_teacher_prediction_not_measured_target
poly_643,[*]C(=O)Nc1ccc(C2(c3ccc(N4C(/O)c5ccc([*])cc5C4=O)cc3)CCCCC2)cc1,Bandgap,3.007589817047119,eV,phase4_adversarial_augmentation,train,probabilistic_mcmc,adversarial_stress_test,clean_model_teacher_prediction_not_measured_target
poly_1440,[*]OS(=O)(=O)c1cccc(C(=O)Oc2ccc(C(C)(F)c3ccc([*])cc3)cc2)c1,Bandgap,3.9351894855499268,eV,phase4_adversarial_augmentation,train,probabilistic_mcmc,adversarial_stress_test,clean_model_teacher_prediction_not_measured_target
poly_405,[*]C([2H])([2H])C([*])([2H])C([Si][2H])=C([2H])[2H],Bandgap,4.4163079261779785,eV,phase4_adversarial_augmentation,train,probabilistic_mcmc,adversarial_stress_test,clean_model_teacher_prediction_not_measured_target
poly_1234,[*]C(=O)C(S1)=CC=C1C(=S)[*],Bandgap,2.581634044647217,eV,phase4_adversarial_augmentation,train,probabilistic_mcmc,adversarial_stress_test,clean_model_teacher_prediction_not_measured_target
poly_3841,[*]OC(C)CCC(C)OC(=O)CCICC([*])=O,Bandgap,6.230928897857666,eV,phase4_adversarial_augmentation,train,probabilistic_mcmc,adversarial_stress_test,clean_model_teacher_prediction_not_measured_target
poly_2677,[*]CC(O)COC(=O)CCCCC(=O)OCC(F)COc1ccc(O[*])cc1,Bandgap,5.11436128616333,eV,phase4_adversarial_augmentation,train,probabilistic_mcmc,adversarial_stress_test,clean_model_teacher_prediction_not_measured_target
poly_552,[*]C(=O)Oc1ccc(OC(=O)c2ccc3c(c2)C(=O)N(c2Sccc(Oc4ccc(N5C(=O)c6ccc([*])cc6C5=O)cc4)cc2)C3=O)c(C(C)(C)C)c1,Bandgap,2.774752616882324,eV,phase4_adversarial_augmentation,train,probabilistic_mcmc,adversarial_stress_test,clean_model_teacher_prediction_not_measured_target
poly_720,[*]NC(=O)C(C=C-1)=CC=C1C(=S)[*],Bandgap,3.9152159690856934,eV,phase4_adversarial_augmentation,train,probabilistic_mcmc,adversarial_stress_test,clean_model_teacher_prediction_not_measured_target
poly_1645,[*]C=CC1C=CC([*])C(C(=O)OC(C)(C)C)-C1C(=O)OC(C)(C)C,Bandgap,4.464860439300537,eV,phase4_adversarial_augmentation,train,probabilistic_mcmc,adversarial_stress_test,clean_model_teacher_prediction_not_measured_target
poly_396,[*]c/1cc(N=Nc2ccc(C#N)cc2)cc([*])c1O,Bandgap,3.627499580383301,eV,phase4_adversarial_augmentation,train,probabilistic_mcmc,adversarial_stress_test,clean_model_teacher_prediction_not_measured_target
poly_129,[*]c1ccc(-c2cc(CCCCCCCCCCl)c([*])s2)s1,Bandgap,1.6215248107910156,eV,phase4_adversarial_augmentation,train,probabilistic_mcmc,adversarial_stress_test,clean_model_teacher_prediction_not_measured_target
poly_3685,[*]CCOC(=O)NCCOCCOCC[N+]NC(=O)O[*],Bandgap,5.5272393226623535,eV,phase4_adversarial_augmentation,train,probabilistic_mcmc,adversarial_stress_test,clean_model_teacher_prediction_not_measured_target
poly_3550,[*]CCCCCCNC(=O)CCCCCCCCCCCCCCCCCCCC(=O)N[*],Bandgap,5.890192985534668,eV,phase4_adversarial_augmentation,train,probabilistic_mcmc,adversarial_stress_test,clean_model_teacher_prediction_not_measured_target
poly_1018,[*]c1ccc(-c2ccc(N3C(=O)c4ccc(Oc5[Si]ccc6c(c5)C(=O)N([*])C6=O)cc4C3=O)cc2C)c(C)c1,Bandgap,3.508486032485962,eV,phase4_adversarial_augmentation,train,probabilistic_mcmc,adversarial_stress_test,clean_model_teacher_prediction_not_measured_target
poly_3859,[*]C([*])C(=O)OCCCCCCC,Bandgap,6.092405319213867,eV,phase4_adversarial_augmentation,train,probabilistic_mcmc,adversarial_stress_test,clean_model_teacher_prediction_not_measured_target
poly_3778,[*]NC(-O)OC(=O)[*],Bandgap,5.651497840881348,eV,phase4_adversarial_augmentation,train,probabilistic_mcmc,adversarial_stress_test,clean_model_teacher_prediction_not_measured_target
poly_3787,[*]CC(F)(F)C(F)(F)C(F)(F)COC(=O)C(F)(F)C(F)(F)C(F)(F)CC(F)(F)C(=O)O[*],Bandgap,5.782068729400635,eV,phase4_adversarial_augmentation,train,probabilistic_mcmc,adversarial_stress_test,clean_model_teacher_prediction_not_measured_target
poly_820,[*]C(=O)Nc1ccc(Cc\2ccc(N3C(=O)c4ccc([*])cc4C3=O)cc2)cc1,Bandgap,3.247647523880005,eV,phase4_adversarial_augmentation,train,probabilistic_mcmc,adversarial_stress_test,clean_model_teacher_prediction_not_measured_target
poly_2057,[*]C(=O)c1ccc(C(=O)N2CC(C)N([*])CCC2C)cc1,Bandgap,4.463511943817139,eV,phase4_adversarial_augmentation,train,probabilistic_mcmc,adversarial_stress_test,clean_model_teacher_prediction_not_measured_target
poly_2351,[*]c1ccc(C2C(C#N)(C(=O)OCCC)OC([*])C2(C#N)C(=O)OCCC)cc1,Bandgap,4.671290874481201,eV,phase4_adversarial_augmentation,train,probabilistic_mcmc,adversarial_stress_test,clean_model_teacher_prediction_not_measured_target
poly_2480,[*]Cc1c(O)c(CNC(=O)N[*])cc(C(CC)=NOO)c1O,Bandgap,5.2713799476623535,eV,phase4_adversarial_augmentation,train,probabilistic_mcmc,adversarial_stress_test,clean_model_teacher_prediction_not_measured_target
poly_624,[*]c1ccc(N(c2ccc(CCCC)cc2)c2ccc(-c3ccc([*])s3)cc2)scc1,Bandgap,2.4401028156280518,eV,phase4_adversarial_augmentation,train,probabilistic_mcmc,adversarial_stress_test,clean_model_teacher_prediction_not_measured_target
poly_3437,[*]CCCCCCCNC(=O)CCCC(=O)N[*],Bandgap,5.738071918487549,eV,phase4_adversarial_augmentation,train,probabilistic_mcmc,adversarial_stress_test,clean_model_teacher_prediction_not_measured_target
poly_2651,[*]Oc1ccc(C(c2cnccc2)c2ccc(OC([*])=O)cc2)cc1,Bandgap,4.76002311706543,eV,phase4_adversarial_augmentation,train,probabilistic_mcmc,adversarial_stress_test,clean_model_teacher_prediction_not_measured_target
poly_649,[*]c1ccc([*])n1C(C(=O)OCC)1cccc1,Bandgap,2.591911554336548,eV,phase4_adversarial_augmentation,train,probabilistic_mcmc,adversarial_stress_test,clean_model_teacher_prediction_not_measured_target
poly_2196,[*]Oc1c(CCCOCC)cc([*])cc1-c1ccccc1,Bandgap,4.5600056648254395,eV,phase4_adversarial_augmentation,train,probabilistic_mcmc,adversarial_stress_test,clean_model_teacher_prediction_not_measured_target
poly_2594,[*]Oc1ccc(C(C)c2ccc(OC([*])=O)c(C)c2)nc1C,Bandgap,5.036040782928467,eV,phase4_adversarial_augmentation,train,probabilistic_mcmc,adversarial_stress_test,clean_model_teacher_prediction_not_measured_target
poly_4154,[*]CCC1CPC([*])C1,Bandgap,6.546648025512695,eV,phase4_adversarial_augmentation,train,probabilistic_mcmc,adversarial_stress_test,clean_model_teacher_prediction_not_measured_target
poly_2644,[*]Oc1cccc(OC(O)CCC([*])=O)c1,Bandgap,4.664674758911133,eV,phase4_adversarial_augmentation,train,probabilistic_mcmc,adversarial_stress_test,clean_model_teacher_prediction_not_measured_target
poly_1118,[*]Oc1ccc(C(O)Nc2cc(NC(=O)c3ccc([*])cc3)cc(-c3nc4ccccc4[nH]3)c2)cc1,Bandgap,3.934896469116211,eV,phase4_adversarial_augmentation,train,probabilistic_mcmc,adversarial_stress_test,clean_model_teacher_prediction_not_measured_target
poly_3896,[*]CCCCC(=O)CC(=O)O[*],Bandgap,6.3109002113342285,eV,phase4_adversarial_augmentation,train,probabilistic_mcmc,adversarial_stress_test,clean_model_teacher_prediction_not_measured_target
poly_172,[*]CCCCCCCn1c(=O)c2ccc3c4ccc5c(=O)n([*])c(=O)c6ccc(c7ccc(c1=O)c2c37)c4c56,Bandgap,3.024624824523926,eV,phase4_adversarial_augmentation,train,probabilistic_mcmc,adversarial_stress_test,clean_model_teacher_prediction_not_measured_target
poly_317,[*]c1cc(CSCCBr)c([*])s1,Bandgap,2.557413101196289,eV,phase4_adversarial_augmentation,train,probabilistic_mcmc,adversarial_stress_test,clean_model_teacher_prediction_not_measured_target
poly_1194,[*]NC(C=C1)=CC=C1C(C[nH]=C2)=CC=C2C(C=C3)=CC=C3[*],Bandgap,3.048618793487549,eV,phase4_adversarial_augmentation,train,probabilistic_mcmc,adversarial_stress_test,clean_model_teacher_prediction_not_measured_target
poly_36,[*]c1sc(-c2ss(-c3sc([*])c4nccnc34)c3c2OC(CCCCCC)CO3)c2c1OCC(CCCCCC)O2,Bandgap,1.4411303997039795,eV,phase4_adversarial_augmentation,train,probabilistic_mcmc,adversarial_stress_test,clean_model_teacher_prediction_not_measured_target
poly_3466,[*]CC1CCC(CNC(=O)CCCCCCC(=O)N[*])C1,Bandgap,5.987483024597168,eV,phase4_adversarial_augmentation,train,probabilistic_mcmc,adversarial_stress_test,clean_model_teacher_prediction_not_measured_target
poly_1739,O([*])C(=O)OC(C=C1)=CC=Cc1C(C=C2)=CC=C2CC(C=C3)=CC=C3C(C=C4)=CC=C4([*]),Bandgap,3.221642017364502,eV,phase4_adversarial_augmentation,train,probabilistic_mcmc,adversarial_stress_test,clean_model_teacher_prediction_not_measured_target
poly_3254,[*]NC1CC(CCC([*])=O)C1(C),Bandgap,5.52232551574707,eV,phase4_adversarial_augmentation,train,probabilistic_mcmc,adversarial_stress_test,clean_model_teacher_prediction_not_measured_target
poly_2876,[*]CCc1ccc(CCNC(=N)CCCCCCCCCC(=O)N[*])cc1,Bandgap,5.203045845031738,eV,phase4_adversarial_augmentation,train,probabilistic_mcmc,adversarial_stress_test,clean_model_teacher_prediction_not_measured_target
poly_2773,[*]CCCCCCCCCNOC(=O)Nc1ccc(C)c(NC(=O)O[*])c1,Bandgap,5.478364944458008,eV,phase4_adversarial_augmentation,train,probabilistic_mcmc,adversarial_stress_test,clean_model_teacher_prediction_not_measured_target
poly_2881,[*]Cc1ccc(CNC(=O)CCCCCCCCC(=O)N[*])cn1,Bandgap,5.550329208374023,eV,phase4_adversarial_augmentation,train,probabilistic_mcmc,adversarial_stress_test,clean_model_teacher_prediction_not_measured_target
poly_2424,[*]C(C=C1)=CC=C1OC(C=C2)=NC=C2O[*],Bandgap,4.415151119232178,eV,phase4_adversarial_augmentation,train,probabilistic_mcmc,adversarial_stress_test,clean_model_teacher_prediction_not_measured_target
poly_950,[*]CCCCCCCOc1ccc(OC(=O)c2ccc(C(=O)Oc3ccc(O[*])cc3)cc2)cc1,Bandgap,3.9809365272521973,eV,phase4_adversarial_augmentation,train,probabilistic_mcmc,adversarial_stress_test,clean_model_teacher_prediction_not_measured_target
poly_2586,[*]PCCc1ccc([*])c(F)c1,Bandgap,3.782149076461792,eV,phase4_adversarial_augmentation,train,probabilistic_mcmc,adversarial_stress_test,clean_model_teacher_prediction_not_measured_target
poly_2950,[*]CCCCCCCCCNC(=O)C(C)=C(C)C(=O)N[*],Bandgap,5.758190155029297,eV,phase4_adversarial_augmentation,train,probabilistic_mcmc,adversarial_stress_test,clean_model_teacher_prediction_not_measured_target
poly_143,[*]c1ccc(-c2ccc(-c3ccc([*])s3)s2)Scc1,Bandgap,1.6580839157104492,eV,phase4_adversarial_augmentation,train,probabilistic_mcmc,adversarial_stress_test,clean_model_teacher_prediction_not_measured_target
poly_825,[*]C(=O)c1ccc2nc(-c3ccc(-c4cnc5cc([*])ccc5n4)c[N-]c3)cnc2c1,Bandgap,3.5667951107025146,eV,phase4_adversarial_augmentation,train,probabilistic_mcmc,adversarial_stress_test,clean_model_teacher_prediction_not_measured_target
poly_2315,[*]CCCNI([*])C,Bandgap,5.476824760437012,eV,phase4_adversarial_augmentation,train,probabilistic_mcmc,adversarial_stress_test,clean_model_teacher_prediction_not_measured_target
poly_353,[*]C(=O)c1ccc2c(c1)C(=O)N(c1ccc(Oc3cccc(N4C(=O)c5ccc([*])cc5C4=O)c3)cc1)2=O,Bandgap,2.4374005794525146,eV,phase4_adversarial_augmentation,train,probabilistic_mcmc,adversarial_stress_test,clean_model_teacher_prediction_not_measured_target
poly_4116,[*]SCCOC(=O)CCCCCCC(=O)O[*],Bandgap,5.731526851654053,eV,phase4_adversarial_augmentation,train,probabilistic_mcmc,adversarial_stress_test,clean_model_teacher_prediction_not_measured_target
poly_1446,[*]Oc1c(-c2ccccc2)cc([*])cc1-c1cccc(C)cI1,Bandgap,4.050819396972656,eV,phase4_adversarial_augmentation,train,probabilistic_mcmc,adversarial_stress_test,clean_model_teacher_prediction_not_measured_target
poly_554,[*]c1ccc([*])n1C(=O)NO,Bandgap,3.212437629699707,eV,phase4_adversarial_augmentation,train,probabilistic_mcmc,adversarial_stress_test,clean_model_teacher_prediction_not_measured_target
poly_3953,[*]CC(F)(F)C(F)(F)NC(F)(F)COC(=O)CCCCC(=O)O[*],Bandgap,6.136635780334473,eV,phase4_adversarial_augmentation,train,probabilistic_mcmc,adversarial_stress_test,clean_model_teacher_prediction_not_measured_target
poly_3696,[*]OC(=O)CCCCC([*])O,Bandgap,6.144846439361572,eV,phase4_adversarial_augmentation,train,probabilistic_mcmc,adversarial_stress_test,clean_model_teacher_prediction_not_measured_target
poly_872,[*]Nc1[Si]ccc([*])cc1CC,Bandgap,4.483782768249512,eV,phase4_adversarial_augmentation,train,probabilistic_mcmc,adversarial_stress_test,clean_model_teacher_prediction_not_measured_target
poly_4027,[*]CC(C)(CCO)C(=O)O[*],Bandgap,6.783077239990234,eV,phase4_adversarial_augmentation,train,probabilistic_mcmc,adversarial_stress_test,clean_model_teacher_prediction_not_measured_target
poly_1850,[*]Oc1ccc(C(C)=CSc2ccc(OC(=O)OCCCCCCOC([*])=O)cc2)cc1,Bandgap,4.239257335662842,eV,phase4_adversarial_augmentation,train,probabilistic_mcmc,adversarial_stress_test,clean_model_teacher_prediction_not_measured_target
poly_3214,[*]C12C3CC(C1)CC([*])(C3)C2,Bandgap,5.909902572631836,eV,phase4_adversarial_augmentation,train,probabilistic_mcmc,adversarial_stress_test,clean_model_teacher_prediction_not_measured_target
poly_1059,[*]Nc1ccs([*])cc1Br,Bandgap,2.4554436206817627,eV,phase4_adversarial_augmentation,train,probabilistic_mcmc,adversarial_stress_test,clean_model_teacher_prediction_not_measured_target
poly_1944,[*]NC(S1)=CC=C1OC(S2)=CC=[N+]C2[*],Bandgap,3.0878067016601562,eV,phase4_adversarial_augmentation,train,probabilistic_mcmc,adversarial_stress_test,clean_model_teacher_prediction_not_measured_target
poly_775,[*]Oc1ccc(C=Nc2ccc(N=Cc3ccc(Oc4ccc(C(c5ccc[N+]cc5)(c5ccccc5)c5ccc([*])cc5)cc4)cc3)cc2)cc1,Bandgap,2.867689609527588,eV,phase4_adversarial_augmentation,train,probabilistic_mcmc,adversarial_stress_test,clean_model_teacher_prediction_not_measured_target
poly_116,[*]C1=C=C(c2sc(-c3sc([*])c4c3OCCO4)c3c2OCCO3)S1(=O)=O,Bandgap,1.9192042350769043,eV,phase4_adversarial_augmentation,train,probabilistic_mcmc,adversarial_stress_test,clean_model_teacher_prediction_not_measured_target
poly_4153,[*]CCCC([*])CP,Bandgap,6.690678596496582,eV,phase4_adversarial_augmentation,train,probabilistic_mcmc,adversarial_stress_test,clean_model_teacher_prediction_not_measured_target
poly_287,[*]C(=O)c1ccc2c(c1)C(=O)N(c1cc(-c3nc4ccccc43)cc(N3C(=O)c4ccc([*])cc4C3=O)c1)C2=O,Bandgap,2.8329524993896484,eV,phase4_adversarial_augmentation,train,probabilistic_mcmc,adversarial_stress_test,clean_model_teacher_prediction_not_measured_target
poly_1300,[*]CC([*])C(=O)Oc1ccc(C(C)=NNC(N)=P)c(O)c1,Bandgap,3.8875012397766113,eV,phase4_adversarial_augmentation,train,probabilistic_mcmc,adversarial_stress_test,clean_model_teacher_prediction_not_measured_target
poly_2535,[*]C-COC(=O)Cc1ccc(CC(=O)O[*])cc1,Bandgap,4.974437236785889,eV,phase4_adversarial_augmentation,train,probabilistic_mcmc,adversarial_stress_test,clean_model_teacher_prediction_not_measured_target
poly_3432,[*]CCCCCCNC(=O)CCCCCCCCCCCCCC(=O)N[*],Bandgap,5.738184452056885,eV,phase4_adversarial_augmentation,train,probabilistic_mcmc,adversarial_stress_test,clean_model_teacher_prediction_not_measured_target
poly_697,[*]c1ccc(c2nnc([*])o2)cc1,Bandgap,3.7721681594848633,eV,phase4_adversarial_augmentation,train,probabilistic_mcmc,adversarial_stress_test,clean_model_teacher_prediction_not_measured_target
poly_803,[*]NNC(=O)c1cccc(C(\O)NNC(=S)c2cccc(C([*])=S)c2)c1,Bandgap,3.5165536403656006,eV,phase4_adversarial_augmentation,train,probabilistic_mcmc,adversarial_stress_test,clean_model_teacher_prediction_not_measured_target
poly_884,[*]Nc1ccc(-c2ccc(NP(=O)c3ccc(C([*])=O)cc3)cc2)cc1,Bandgap,3.555856704711914,eV,phase4_adversarial_augmentation,train,probabilistic_mcmc,adversarial_stress_test,clean_model_teacher_prediction_not_measured_target
poly_359,[*]c1ccc(C(=O)Nc2cccc(-n3c(=O)c4\cc5c(=O)n([*])c(=O)c5cc4c3=O)c2)cc1,Bandgap,2.4443774223327637,eV,phase4_adversarial_augmentation,train,probabilistic_mcmc,adversarial_stress_test,clean_model_teacher_prediction_not_measured_target
poly_432,[*]C(=O)c1ccc2c(c1)C(=O)N(c1cc(-c3ns4ccccc4s3)cc(N3C(=O)c4ccc([*])cc4C3=O)c1)C2=O,Bandgap,2.330393075942993,eV,phase4_adversarial_augmentation,train,probabilistic_mcmc,adversarial_stress_test,clean_model_teacher_prediction_not_measured_target
poly_2355,[*]CNC([*])C(=O)Oc1cccc(C)c1,Bandgap,5.135520935058594,eV,phase4_adversarial_augmentation,train,probabilistic_mcmc,adversarial_stress_test,clean_model_teacher_prediction_not_measured_target
poly_4173,[*]OC([*])CC#N,Bandgap,6.987556457519531,eV,phase4_adversarial_augmentation,train,probabilistic_mcmc,adversarial_stress_test,clean_model_teacher_prediction_not_measured_target
poly_1213,[*]CC([*])(O)C(=O)Oc1ccc2ccccc2c1,Bandgap,3.7916083335876465,eV,phase4_adversarial_augmentation,train,probabilistic_mcmc,adversarial_stress_test,clean_model_teacher_prediction_not_measured_target
poly_2477,[*]NNC(=O)c1ccc(C(=O)NNC(=O)CCCCS([*])=O)cc1,Bandgap,4.934664726257324,eV,phase4_adversarial_augmentation,train,probabilistic_mcmc,adversarial_stress_test,clean_model_teacher_prediction_not_measured_target
poly_2759,[*]CCS[*],Bandgap,4.937206268310547,eV,phase4_adversarial_augmentation,train,probabilistic_mcmc,adversarial_stress_test,clean_model_teacher_prediction_not_measured_target
poly_1063,[*]c1ccc(N([*])c2ccc(S(=S)(=O)O)cc2)cc1,Bandgap,3.508760929107666,eV,phase4_adversarial_augmentation,train,probabilistic_mcmc,adversarial_stress_test,clean_model_teacher_prediction_not_measured_target
poly_3231,[*]CCCCCCCCC(=O)NCICCCOCCCCCNC(=O)CCCCO[*],Bandgap,5.90295934677124,eV,phase4_adversarial_augmentation,train,probabilistic_mcmc,adversarial_stress_test,clean_model_teacher_prediction_not_measured_target
poly_3882,[*]COC(=O)CCCCC(=O)O[*],Bandgap,6.442980766296387,eV,phase4_adversarial_augmentation,train,probabilistic_mcmc,adversarial_stress_test,clean_model_teacher_prediction_not_measured_target
poly_1146,[*]Oc1ccccc1C(=O)OCCOCCOCOC(=O)c1ccccc1Oc1nc([*])nc(N(CC)c2ccccc2)n1,Bandgap,3.2772579193115234,eV,phase4_adversarial_augmentation,train,probabilistic_mcmc,adversarial_stress_test,clean_model_teacher_prediction_not_measured_target
poly_798,[*]Nc1cc(Cl)([*])cc1Cl,Bandgap,3.738649845123291,eV,phase4_adversarial_augmentation,train,probabilistic_mcmc,adversarial_stress_test,clean_model_teacher_prediction_not_measured_target
poly_2296,[*]Oc1c(C)cc([*])cc1C(C)CCCCCCC-C,Bandgap,4.4810895919799805,eV,phase4_adversarial_augmentation,train,probabilistic_mcmc,adversarial_stress_test,clean_model_teacher_prediction_not_measured_target
poly_2549,[*]CC([*])IC,Bandgap,6.681142807006836,eV,phase4_adversarial_augmentation,train,probabilistic_mcmc,adversarial_stress_test,clean_model_teacher_prediction_not_measured_target
poly_434,[*]NC(S1)=C=C1C(C=C2)=CC=C2C(S3)=CC=C3[*],Bandgap,1.8775506019592285,eV,phase4_adversarial_augmentation,train,probabilistic_mcmc,adversarial_stress_test,clean_model_teacher_prediction_not_measured_target
poly_2568,[*]CCc1ccc([*])c(CC)c/1,Bandgap,5.086590766906738,eV,phase4_adversarial_augmentation,train,probabilistic_mcmc,adversarial_stress_test,clean_model_teacher_prediction_not_measured_target
poly_1422,[*]c1c(C)cc([*])cc1C,Bandgap,5.175450325012207,eV,phase4_adversarial_augmentation,train,probabilistic_mcmc,adversarial_stress_test,clean_model_teacher_prediction_not_measured_target
poly_2789,[*]C=CC1CI([*])C2C(=O)N(CCC)C(=O)C12,Bandgap,4.993520736694336,eV,phase4_adversarial_augmentation,train,probabilistic_mcmc,adversarial_stress_test,clean_model_teacher_prediction_not_measured_target
poly_502,[*]c1cc(C(=O)Oc2cccc3cc[nH]cnc23)c([*])s1,Bandgap,2.634795665740967,eV,phase4_adversarial_augmentation,train,probabilistic_mcmc,adversarial_stress_test,clean_model_teacher_prediction_not_measured_target
poly_198,[*]c1ccc(-n2c(=O)c3cc4c(=O)n(-n5c6cnc([*])cc6c6cccnc65)c(=O)c4cc3c2=O)cc1,Bandgap,2.434438467025757,eV,phase4_adversarial_augmentation,train,probabilistic_mcmc,adversarial_stress_test,clean_model_teacher_prediction_not_measured_target
poly_1257,[*]Oc1ccc(OC(O)c2ccc(C([*])=O)cc2Oc2ccc(F)cc2)cc1,Bandgap,4.638016700744629,eV,phase4_adversarial_augmentation,train,probabilistic_mcmc,adversarial_stress_test,clean_model_teacher_prediction_not_measured_target
poly_3641,[*]CCCCCOC(=O)NCCCNC(=O)O[*],Bandgap,6.115042209625244,eV,phase4_adversarial_augmentation,train,probabilistic_mcmc,adversarial_stress_test,clean_model_teacher_prediction_not_measured_target
poly_640,[*]C(=O)c1ccc2c(c1)C(=O)N(c1ccc(-c3nc(-c4ccccc4)nc(-c4ccc(N5C(=O)c6ccc([*])nc6C5=O)cc4)n3)cc1)C2=O,Bandgap,2.813291072845459,eV,phase4_adversarial_augmentation,train,probabilistic_mcmc,adversarial_stress_test,clean_model_teacher_prediction_not_measured_target
poly_3168,[*]CCCCCCNC(=P)CCCCCCC(=O)N[*],Bandgap,5.5958170890808105,eV,phase4_adversarial_augmentation,train,probabilistic_mcmc,adversarial_stress_test,clean_model_teacher_prediction_not_measured_target
poly_4188,[*]C1OC(C(F)(F)F)(C(F)(F)F)OCP1([*])F,Bandgap,7.969057083129883,eV,phase4_adversarial_augmentation,train,probabilistic_mcmc,adversarial_stress_test,clean_model_teacher_prediction_not_measured_target
poly_1861,[*]Oc1[N+]ccc(Oc2ccc(C=NCCCCN=Cc3ccc([*])cc3)cc2)cc1,Bandgap,3.813140869140625,eV,phase4_adversarial_augmentation,train,probabilistic_mcmc,adversarial_stress_test,clean_model_teacher_prediction_not_measured_target
poly_428,[*]c1ccc(-c2sc(-c3cc(CPCC)c([*])s3)cc2CCCC)cc1,Bandgap,2.6188418865203857,eV,phase4_adversarial_augmentation,train,probabilistic_mcmc,adversarial_stress_test,clean_model_teacher_prediction_not_measured_target
poly_1430,O([*])c1cc(c(CCCCCC)cc1)OC(=O)c1cc(ccn1)C(=O)([*]),Bandgap,3.9207818508148193,eV,phase4_adversarial_augmentation,train,probabilistic_mcmc,adversarial_stress_test,clean_model_teacher_prediction_not_measured_target
poly_1085,[*]NC(=O)C(C=C1)=CC=C1C(C=C2)=CCP=C2[*],Bandgap,3.5717790126800537,eV,phase4_adversarial_augmentation,train,probabilistic_mcmc,adversarial_stress_test,clean_model_teacher_prediction_not_measured_target
poly_3284,[*]CCOC(=O)C1C2I=CC(C2)C1C(=O)O[*],Bandgap,5.831637382507324,eV,phase4_adversarial_augmentation,train,probabilistic_mcmc,adversarial_stress_test,clean_model_teacher_prediction_not_measured_target
poly_1376,[*]c1cc([*])cc(-s2nc3ccccc3o2)c1,Bandgap,2.680053949356079,eV,phase4_adversarial_augmentation,train,probabilistic_mcmc,adversarial_stress_test,clean_model_teacher_prediction_not_measured_target
poly_2828,[*]CCCCCCOC(=O)C(CCCCCCC)C(=O)N[*],Bandgap,5.965619087219238,eV,phase4_adversarial_augmentation,train,probabilistic_mcmc,adversarial_stress_test,clean_model_teacher_prediction_not_measured_target
poly_3406,[*]CCCCCCCCCCOCCCCCCCCCCO[Si]CCCCCO[*],Bandgap,6.912187576293945,eV,phase4_adversarial_augmentation,train,probabilistic_mcmc,adversarial_stress_test,clean_model_teacher_prediction_not_measured_target
poly_1668,[*]Nc1c#cc(NC(=O)CCC([*])=O)cc1,Bandgap,3.1697123050689697,eV,phase4_adversarial_augmentation,train,probabilistic_mcmc,adversarial_stress_test,clean_model_teacher_prediction_not_measured_target
poly_4098,[*]CC([*])(F)C(=O)O,Bandgap,7.033668518066406,eV,phase4_adversarial_augmentation,train,probabilistic_mcmc,adversarial_stress_test,clean_model_teacher_prediction_not_measured_target
poly_3574,[*]CCNCCCCCCCOCCCCCCCCCCOCCCCCCO[*],Bandgap,5.477884769439697,eV,phase4_adversarial_augmentation,train,probabilistic_mcmc,adversarial_stress_test,clean_model_teacher_prediction_not_measured_target
poly_3338,[*]CC([*])C(=O)OCCOCCIC,Bandgap,6.267051696777344,eV,phase4_adversarial_augmentation,train,probabilistic_mcmc,adversarial_stress_test,clean_model_teacher_prediction_not_measured_target
poly_661,[*]c1cc(-c2nc3ccccc3oc2=O)cc(-n2c(=O)c3cc4oc(=O)n([*])c(=O)c4cc3c2=O)c1,Bandgap,3.2414889335632324,eV,phase4_adversarial_augmentation,train,probabilistic_mcmc,adversarial_stress_test,clean_model_teacher_prediction_not_measured_target
poly_4091,[*]IC(C)CCOC(=O)CC([*])=O,Bandgap,6.323276519775391,eV,phase4_adversarial_augmentation,train,probabilistic_mcmc,adversarial_stress_test,clean_model_teacher_prediction_not_measured_target
poly_595,[*]c1c[Si]c(CCCCCCCCCC)c([*])[nH]1,Bandgap,4.382734298706055,eV,phase4_adversarial_augmentation,train,probabilistic_mcmc,adversarial_stress_test,clean_model_teacher_prediction_not_measured_target
poly_1849,[*](Cl)=C(Cl)C(Cl)(Cl)C([*])(Cl)Cl,Bandgap,4.553959846496582,eV,phase4_adversarial_augmentation,train,probabilistic_mcmc,adversarial_stress_test,clean_model_teacher_prediction_not_measured_target
poly_1222,[*]C(=O)N1CC(=O)N(C(=O)c2/ccc(N3C(=O)c4ccc([*])cc4C3=O)cc2)C1=O,Bandgap,2.867098808288574,eV,phase4_adversarial_augmentation,train,probabilistic_mcmc,adversarial_stress_test,clean_model_teacher_prediction_not_measured_target
poly_3199,[*]NC1CC(C2(C)OC(O)OC(C)NC2=O)C(F)(N(C([*])O)C(F)F)1,Bandgap,5.648004531860352,eV,phase4_adversarial_augmentation,train,probabilistic_mcmc,adversarial_stress_test,clean_model_teacher_prediction_not_measured_target
poly_2388,[*]C#CCCCCCCCCCNC(=O)c1ccc(C(=O)N[*])cc1,Bandgap,3.0489776134490967,eV,phase4_adversarial_augmentation,train,probabilistic_mcmc,adversarial_stress_test,clean_model_teacher_prediction_not_measured_target
poly_2009,[*]Oc1c(Cl)cc(C(c2Ncc(Cl)c(OC([*])=O)c(Cl)c2)C(Cl)(Cl)Cl)cc1Cl,Bandgap,4.580990314483643,eV,phase4_adversarial_augmentation,train,probabilistic_mcmc,adversarial_stress_test,clean_model_teacher_prediction_not_measured_target
poly_4192,[*]C(F)(F)C(F)(F)C(F)(F)C([*])(I)C(F)(F)F,Bandgap,8.115682601928711,eV,phase4_adversarial_augmentation,train,probabilistic_mcmc,adversarial_stress_test,clean_model_teacher_prediction_not_measured_target
poly_64,[*]C(c1ccccc1)=c1ccc(=c2ccc(=C(c-3ccccc3)c3ccc(-c4ccc([*])s4)s3)s2)s1,Bandgap,1.2747795581817627,eV,phase4_adversarial_augmentation,train,probabilistic_mcmc,adversarial_stress_test,clean_model_teacher_prediction_not_measured_target
poly_95,[*]c1ccc(N(c2ccs(C#N)cc2)c2ccc(-n3c(=O)c4cc5c(=O)n([*])c(=O)c5cc4c3=O)cc2)cc1,Bandgap,1.2168407440185547,eV,phase4_adversarial_augmentation,train,probabilistic_mcmc,adversarial_stress_test,clean_model_teacher_prediction_not_measured_target
poly_3878,[*]CC([*])C1CCCC1C,Bandgap,6.211423873901367,eV,phase4_adversarial_augmentation,train,probabilistic_mcmc,adversarial_stress_test,clean_model_teacher_prediction_not_measured_target
poly_382,[*]C(=O)c1ccc2c(c1)C(=O)N(s1ccc(Oc3cc4ccccc4cc3Oc3ccc(N4C(=O)c5ccc([*])cc5C4=O)cc3)cc1)C2=O,Bandgap,1.989788293838501,eV,phase4_adversarial_augmentation,train,probabilistic_mcmc,adversarial_stress_test,clean_model_teacher_prediction_not_measured_target
poly_696,[*][N+]CC([*])(C)C(=O)Oc1ccc(C(=O)C=Cc2ccc(Cl)cc2)cc1,Bandgap,3.1663146018981934,eV,phase4_adversarial_augmentation,train,probabilistic_mcmc,adversarial_stress_test,clean_model_teacher_prediction_not_measured_target
poly_1372,[*]OCCCCCCOC(=O)c1ccc2cc(C(=O)O[*])ccc2c1,Bandgap,4.4791460037231445,eV,phase4_adversarial_augmentation,train,probabilistic_mcmc,adversarial_stress_test,clean_model_teacher_prediction_not_measured_target
poly_1197,[*]N=C(I=C(NC(C)=O)NC(C)=O)N=C([*])OC(C)=O,Bandgap,3.3304457664489746,eV,phase4_adversarial_augmentation,train,probabilistic_mcmc,adversarial_stress_test,clean_model_teacher_prediction_not_measured_target
poly_1599,[*]OC(=O)c1ccc(Cc2ccc(C([*])=O)cc2)nc1,Bandgap,4.138944149017334,eV,phase4_adversarial_augmentation,train,probabilistic_mcmc,adversarial_stress_test,clean_model_teacher_prediction_not_measured_target
poly_1839,[*]CCOC(=O)Nc1ccc(-c2ccc(NC(=C)O[*])c(C)c2)cc1C,Bandgap,4.52994441986084,eV,phase4_adversarial_augmentation,train,probabilistic_mcmc,adversarial_stress_test,clean_model_teacher_prediction_not_measured_target
poly_1647,[*]Nc1cc([*])ccc1CCCCC,Bandgap,4.159980297088623,eV,phase4_adversarial_augmentation,train,probabilistic_mcmc,adversarial_stress_test,clean_model_teacher_prediction_not_measured_target
poly_3341,[*]CCCCCCNC(=O)NCCCNC(=O)[*],Bandgap,5.419167995452881,eV,phase4_adversarial_augmentation,train,probabilistic_mcmc,adversarial_stress_test,clean_model_teacher_prediction_not_measured_target
poly_4090,[*]C1CC([*])(C#N)oC1,Bandgap,6.882702827453613,eV,phase4_adversarial_augmentation,train,probabilistic_mcmc,adversarial_stress_test,clean_model_teacher_prediction_not_measured_target
poly_722,[*]C#CC(CCCCOC(/O)NCC(=O)OCCCC)=C([*])c1cncnc1,Bandgap,2.893378257751465,eV,phase4_adversarial_augmentation,train,probabilistic_mcmc,adversarial_stress_test,clean_model_teacher_prediction_not_measured_target
poly_3637,[*]CCCCCCCCCCOCCCC(=O)N[*],Bandgap,6.236562252044678,eV,phase4_adversarial_augmentation,train,probabilistic_mcmc,adversarial_stress_test,clean_model_teacher_prediction_not_measured_target
poly_3981,[*]CC(COC(F)(C(F)(F)F)C(F)(F)CF)O[*],Bandgap,6.854300498962402,eV,phase4_adversarial_augmentation,train,probabilistic_mcmc,adversarial_stress_test,clean_model_teacher_prediction_not_measured_target
poly_3113,[*]CCOCCOOC(=O)CC(=O)O[*],Bandgap,6.13766622543335,eV,phase4_adversarial_augmentation,train,probabilistic_mcmc,adversarial_stress_test,clean_model_teacher_prediction_not_measured_target
poly_3848,[*]CCOCCOC(=O)C(CCCCCCCC)C(=O)O[*],Bandgap,6.088261127471924,eV,phase4_adversarial_augmentation,train,probabilistic_mcmc,adversarial_stress_test,clean_model_teacher_prediction_not_measured_target
poly_1464,[*]CCCCCNC(=O)c1ccc(C(=O)N[*])c(Oc2ccccc2)c1,Bandgap,4.244351387023926,eV,phase4_adversarial_augmentation,train,probabilistic_mcmc,adversarial_stress_test,clean_model_teacher_prediction_not_measured_target
poly_918,[*]c1c/cc(-c2ccc(-c3nc4cc(Oc5ccc6nc(-c7ccccc7)c([*])nc6c5)ccc4nc3-c3ccccc3)cc2)cc1,Bandgap,3.385547161102295,eV,phase4_adversarial_augmentation,train,probabilistic_mcmc,adversarial_stress_test,clean_model_teacher_prediction_not_measured_target
poly_152,[*]Nc1cc([N+](=O)[O-])c(SNC(=O)c2ccc(C([*])=O)cc2)cc1C=Cc1ccc(N(C)C)cc1,Bandgap,2.75443696975708,eV,phase4_adversarial_augmentation,train,probabilistic_mcmc,adversarial_stress_test,clean_model_teacher_prediction_not_measured_target
poly_689,[*]PC(=O)NC(=S)[*],Bandgap,3.4658946990966797,eV,phase4_adversarial_augmentation,train,probabilistic_mcmc,adversarial_stress_test,clean_model_teacher_prediction_not_measured_target
poly_3355,[*]CCC(C)(C)CC(C)CNC(O)CCCCC(=O)N[*],Bandgap,5.923248767852783,eV,phase4_adversarial_augmentation,train,probabilistic_mcmc,adversarial_stress_test,clean_model_teacher_prediction_not_measured_target
poly_3872,[*]CC#CCOC(O)CCCCCCCCCCC(=O)O[*],Bandgap,6.193718910217285,eV,phase4_adversarial_augmentation,train,probabilistic_mcmc,adversarial_stress_test,clean_model_teacher_prediction_not_measured_target
poly_3884,[*]CC([*])OC(=O)PC,Bandgap,6.709314346313477,eV,phase4_adversarial_augmentation,train,probabilistic_mcmc,adversarial_stress_test,clean_model_teacher_prediction_not_measured_target
poly_498,[*]1ccc(-c2nc3ccc(-c4ccc5nc([*])oc5c4)cc3o2)cc1,Bandgap,3.8379721641540527,eV,phase4_adversarial_augmentation,train,probabilistic_mcmc,adversarial_stress_test,clean_model_teacher_prediction_not_measured_target
poly_2679,[*]NC(CC(=O)OCc1ccccc1)C[N+]([*])=O,Bandgap,5.119208335876465,eV,phase4_adversarial_augmentation,train,probabilistic_mcmc,adversarial_stress_test,clean_model_teacher_prediction_not_measured_target
poly_3573,[*]CCCCCCCCOC(=O)NCCCCCCNOC(=O)O[*],Bandgap,5.971427917480469,eV,phase4_adversarial_augmentation,train,probabilistic_mcmc,adversarial_stress_test,clean_model_teacher_prediction_not_measured_target
poly_3843,[*]OC1CCC(C2CCC(OC(=O)-CCCCCCCCCCCC([*])=O)CC2)CC1,Bandgap,6.1011433601379395,eV,phase4_adversarial_augmentation,train,probabilistic_mcmc,adversarial_stress_test,clean_model_teacher_prediction_not_measured_target
poly_2775,[*]ICC=C([*])C,Bandgap,4.743196487426758,eV,phase4_adversarial_augmentation,train,probabilistic_mcmc,adversarial_stress_test,clean_model_teacher_prediction_not_measured_target
poly_4180,[*]C([*])(F)C#N,Bandgap,7.839150428771973,eV,phase4_adversarial_augmentation,train,probabilistic_mcmc,adversarial_stress_test,clean_model_teacher_prediction_not_measured_target
poly_3940,[*]OC(Br)CC([*])=O,Bandgap,5.809657573699951,eV,phase4_adversarial_augmentation,train,probabilistic_mcmc,adversarial_stress_test,clean_model_teacher_prediction_not_measured_target
poly_2290,[*]c1nc2cc(S(=O)(=O)c3ccc4oc(C5CCC([*])CC5)nc4c3)ccc21,Bandgap,4.615835189819336,eV,phase4_adversarial_augmentation,train,probabilistic_mcmc,adversarial_stress_test,clean_model_teacher_prediction_not_measured_target
poly_3361,[*]C(OCC(C)C)C1(C)C(=O)OC(=O)C1([*])C,Bandgap,5.534367561340332,eV,phase4_adversarial_augmentation,train,probabilistic_mcmc,adversarial_stress_test,clean_model_teacher_prediction_not_measured_target
poly_335,[*]c1cc(C)([*])[nH]1,Bandgap,2.4273977279663086,eV,phase4_adversarial_augmentation,train,probabilistic_mcmc,adversarial_stress_test,clean_model_teacher_prediction_not_measured_target
poly_2328,[*]Oc1ccc(C(c2ccccc2)(c2cnccc2)c2ccc(OC(=O)CCCCCCCCC([*])=O)cc2)cc1,Bandgap,5.033350467681885,eV,phase4_adversarial_augmentation,train,probabilistic_mcmc,adversarial_stress_test,clean_model_teacher_prediction_not_measured_target
poly_822,[*]c1ccc(-c2ccc(N(c3ccccc3)c3ccc4ccc(N([*])c5ccccc5)cc4c\3)cc2)cc1,Bandgap,3.5514745712280273,eV,phase4_adversarial_augmentation,train,probabilistic_mcmc,adversarial_stress_test,clean_model_teacher_prediction_not_measured_target
poly_1049,[*]c1ccc(-c2csc(-c3cc([*])cs3)c2)\cc1,Bandgap,3.1864166259765625,eV,phase4_adversarial_augmentation,train,probabilistic_mcmc,adversarial_stress_test,clean_model_teacher_prediction_not_measured_target
poly_3350,[*]C(=O)OCCOC(=O)N1CCN([*])C1,Bandgap,5.681573867797852,eV,phase4_adversarial_augmentation,train,probabilistic_mcmc,adversarial_stress_test,clean_model_teacher_prediction_not_measured_target
poly_3161,[*]C=CC1CC([*])PC(C#N)(C[Si](C)(C)C)C1,Bandgap,5.207255840301514,eV,phase4_adversarial_augmentation,train,probabilistic_mcmc,adversarial_stress_test,clean_model_teacher_prediction_not_measured_target
poly_3770,[*]CC([*])OC(=O)C(F)(F)C(F)(F)C(F)(F)C(SF)(F)F,Bandgap,5.757617950439453,eV,phase4_adversarial_augmentation,train,probabilistic_mcmc,adversarial_stress_test,clean_model_teacher_prediction_not_measured_target
poly_2599,[*]C(OO[*])c1ccc(C(C)(C)C)cc1,Bandgap,4.936859130859375,eV,phase4_adversarial_augmentation,train,probabilistic_mcmc,adversarial_stress_test,clean_model_teacher_prediction_not_measured_target
poly_2316,[*]Oc1Cccc(CC([*])=O)cc1,Bandgap,5.35487174987793,eV,phase4_adversarial_augmentation,train,probabilistic_mcmc,adversarial_stress_test,clean_model_teacher_prediction_not_measured_target
poly_3767,[*]ON(C(I)(F)F)C(F)(Cl)C([*])(F)F,Bandgap,6.362807273864746,eV,phase4_adversarial_augmentation,train,probabilistic_mcmc,adversarial_stress_test,clean_model_teacher_prediction_not_measured_target
poly_3689,[*]OC(=O)CCCSCCCC([*])=O,Bandgap,5.225252151489258,eV,phase4_adversarial_augmentation,train,probabilistic_mcmc,adversarial_stress_test,clean_model_teacher_prediction_not_measured_target
poly_3353,[*]COCCOCCOC(=O)CCCC(=O)O[*],Bandgap,6.625669479370117,eV,phase4_adversarial_augmentation,train,probabilistic_mcmc,adversarial_stress_test,clean_model_teacher_prediction_not_measured_target
poly_1193,[*]Oc1ccc(OS(=O)c2ccc(C([*])=O)cc2)cc1CCCCCCCCCC,Bandgap,3.6277482509613037,eV,phase4_adversarial_augmentation,train,probabilistic_mcmc,adversarial_stress_test,clean_model_teacher_prediction_not_measured_target
poly_4025,[*]CCCCNCCCCCC(=O)O[*],Bandgap,6.229574680328369,eV,phase4_adversarial_augmentation,train,probabilistic_mcmc,adversarial_stress_test,clean_model_teacher_prediction_not_measured_target
poly_2609,[*]CCCCCOC(=O)Nc1ccc(C)c(NC(O)O[*])c1,Bandgap,5.3153462409973145,eV,phase4_adversarial_augmentation,train,probabilistic_mcmc,adversarial_stress_test,clean_model_teacher_prediction_not_measured_target
poly_2716,[*]CCCOCCOCCOC(=O)Nc1ccc(C)c(CNC(=O)O[*])c1,Bandgap,5.414829730987549,eV,phase4_adversarial_augmentation,train,probabilistic_mcmc,adversarial_stress_test,clean_model_teacher_prediction_not_measured_target
poly_1602,[*]COC(=O)c1ccc(Cc2ccc(C(=O)O[*])cc2)cc1,Bandgap,3.3564388751983643,eV,phase4_adversarial_augmentation,train,probabilistic_mcmc,adversarial_stress_test,clean_model_teacher_prediction_not_measured_target
poly_2050,[*]Oc1ccc(C(C)(C)c2ncc(OC(=O)CCC([*])=O)cc2)cc1,Bandgap,4.917501449584961,eV,phase4_adversarial_augmentation,train,probabilistic_mcmc,adversarial_stress_test,clean_model_teacher_prediction_not_measured_target
poly_1807,[*]CCCCSCCc1nc2ccc(-c3ccc4nc([*])[nH]c4c3)cc2[nH]1,Bandgap,4.28056001663208,eV,phase4_adversarial_augmentation,train,probabilistic_mcmc,adversarial_stress_test,clean_model_teacher_prediction_not_measured_target
poly_2494,[*]CCC(=O)OCCOC(=O)CSN1CCN([*])CC1,Bandgap,4.603806018829346,eV,phase4_adversarial_augmentation,train,probabilistic_mcmc,adversarial_stress_test,clean_model_teacher_prediction_not_measured_target
poly_3081,[*]NC(=O)N[N+]O[*],Bandgap,3.598940849304199,eV,phase4_adversarial_augmentation,train,probabilistic_mcmc,adversarial_stress_test,clean_model_teacher_prediction_not_measured_target
poly_1999,[*]Oc1ccc(C(c2ccc(OC([*])=O)/cc2)C(Cl)(Cl)Cl)cc1,Bandgap,4.262092113494873,eV,phase4_adversarial_augmentation,train,probabilistic_mcmc,adversarial_stress_test,clean_model_teacher_prediction_not_measured_target
poly_3136,[*]CIC(=O)OC(=O)CCC1CCC([*])O1,Bandgap,5.7220139503479,eV,phase4_adversarial_augmentation,train,probabilistic_mcmc,adversarial_stress_test,clean_model_teacher_prediction_not_measured_target
poly_1051,[*]C(=O)c1ccc2c(c1)C(=O)N(c1ccccP(N3C(=O)c4ccc([*])cc4C3=O)c1C)C2=O,Bandgap,2.5713820457458496,eV,phase4_adversarial_augmentation,train,probabilistic_mcmc,adversarial_stress_test,clean_model_teacher_prediction_not_measured_target
poly_1379,[*]C(S1)=CC=C1C(S2)=CC=C2O[*],Bandgap,2.2368319034576416,eV,phase4_adversarial_augmentation,train,probabilistic_mcmc,adversarial_stress_test,clean_model_teacher_prediction_not_measured_target
poly_2041,[*]c1nc(C)nc(N([*])-c2ccccc2)n1,Bandgap,4.3945393562316895,eV,phase4_adversarial_augmentation,train,probabilistic_mcmc,adversarial_stress_test,clean_model_teacher_prediction_not_measured_target
poly_390,[*]CC(S1)=C=C1C(=S)C(S2)=CC=C2[*],Bandgap,2.492433786392212,eV,phase4_adversarial_augmentation,train,probabilistic_mcmc,adversarial_stress_test,clean_model_teacher_prediction_not_measured_target
poly_841,[*]c1ccs(-c2nnc([*])o2)c(OCCCCC)c1,Bandgap,2.582866907119751,eV,phase4_adversarial_augmentation,train,probabilistic_mcmc,adversarial_stress_test,clean_model_teacher_prediction_not_measured_target
poly_783,[*]c1cnc([*])c(O)c1,Bandgap,5.351402759552002,eV,phase4_adversarial_augmentation,train,probabilistic_mcmc,adversarial_stress_test,clean_model_teacher_prediction_not_measured_target
poly_2725,[*]CCOC(=O)CCCCSCOCCC(=O)O[*],Bandgap,5.636087417602539,eV,phase4_adversarial_augmentation,train,probabilistic_mcmc,adversarial_stress_test,clean_model_teacher_prediction_not_measured_target
poly_3314,[*]CCCP(C)(=O)CCCNC(=O)CCCCCCCCC(=O)NN[*],Bandgap,5.787219047546387,eV,phase4_adversarial_augmentation,train,probabilistic_mcmc,adversarial_stress_test,clean_model_teacher_prediction_not_measured_target
poly_2003,[*]SC(=O)OCC(C)(C)COC(=O)SN1CCN([*])NC1,Bandgap,4.713254451751709,eV,phase4_adversarial_augmentation,train,probabilistic_mcmc,adversarial_stress_test,clean_model_teacher_prediction_not_measured_target
poly_3580,[*]OC(CC([*])=O)COC(C)(C)C,Bandgap,6.524636268615723,eV,phase4_adversarial_augmentation,train,probabilistic_mcmc,adversarial_stress_test,clean_model_teacher_prediction_not_measured_target
poly_1029,[*]C(=O)Nc1ccc(N2C(O)c3ccc([*])cc3C2=O)cc1,Bandgap,4.737181186676025,eV,phase4_adversarial_augmentation,train,probabilistic_mcmc,adversarial_stress_test,clean_model_teacher_prediction_not_measured_target
poly_3775,[*]CC([*])(C#N)C(=O)OCCCCCC,Bandgap,6.462378978729248,eV,phase4_adversarial_augmentation,train,probabilistic_mcmc,adversarial_stress_test,clean_model_teacher_prediction_not_measured_target
poly_3087,[*]NC(C)CCCC([*])=O,Bandgap,5.860171794891357,eV,phase4_adversarial_augmentation,train,probabilistic_mcmc,adversarial_stress_test,clean_model_teacher_prediction_not_measured_target
poly_258,[*]C(=O)Oc1ccc(OC(=O)c2ccc3c(c2)C(=O)N(c2ccc(Oc4ccc(Oc5ccc(N6C(=O)c7cnc([*])cc7C6=O)cc5)cc4)cc2)C3=O)cc1,Bandgap,2.603304386138916,eV,phase4_adversarial_augmentation,train,probabilistic_mcmc,adversarial_stress_test,clean_model_teacher_prediction_not_measured_target
poly_3980,[*]CC1CCC(COC(=O)CCC(=O)O[*])CP1,Bandgap,6.442837715148926,eV,phase4_adversarial_augmentation,train,probabilistic_mcmc,adversarial_stress_test,clean_model_teacher_prediction_not_measured_target
poly_2129,[*]Oc1ccc(NC(=O)Oc2ccc(-c3ccc(OC([*])=O)cc3)cc2)cc1C,Bandgap,4.820489406585693,eV,phase4_adversarial_augmentation,train,probabilistic_mcmc,adversarial_stress_test,clean_model_teacher_prediction_not_measured_target
poly_2309,[*]=CCC(C[*])(c1ccccc1)c1ccccc1,Bandgap,3.6920042037963867,eV,phase4_adversarial_augmentation,train,probabilistic_mcmc,adversarial_stress_test,clean_model_teacher_prediction_not_measured_target
poly_2182,[*]Cc1ccc(CNC(=O)c2cccc(C(=O)S[*])c2)cc1,Bandgap,4.409262180328369,eV,phase4_adversarial_augmentation,train,probabilistic_mcmc,adversarial_stress_test,clean_model_teacher_prediction_not_measured_target
poly_583,[*]C(=O)C(C=C1)=CC=C1C(S2)=CC=C2C(S3)=IC=C3[*],Bandgap,2.256458282470703,eV,phase4_adversarial_augmentation,train,probabilistic_mcmc,adversarial_stress_test,clean_model_teacher_prediction_not_measured_target
poly_2654,[*]CCCCOC(=O)c1cccc(C(=O)O[*])[N-]c1,Bandgap,5.088442802429199,eV,phase4_adversarial_augmentation,train,probabilistic_mcmc,adversarial_stress_test,clean_model_teacher_prediction_not_measured_target
poly_1507,[*]c1c(Br)cc(C([*])=O)cc1Br,Bandgap,3.6426048278808594,eV,phase4_adversarial_augmentation,train,probabilistic_mcmc,adversarial_stress_test,clean_model_teacher_prediction_not_measured_target
poly_1885,[*]Oc1c(OC)cc([*])c#c1OC,Bandgap,3.4187936782836914,eV,phase4_adversarial_augmentation,train,probabilistic_mcmc,adversarial_stress_test,clean_model_teacher_prediction_not_measured_target
poly_1802,[*]Oc1ccc(C(C)(C)c2ccc(OC(=O)c3c(Cl)c(Cl)c(C([*])=O)c(Cl)c3)cc2)cc1,Bandgap,4.276411056518555,eV,phase4_adversarial_augmentation,train,probabilistic_mcmc,adversarial_stress_test,clean_model_teacher_prediction_not_measured_target
poly_1073,[*]c1ccc(-c2nnc(-c3cccc(-c4nn([*])o4)c3)o2)cc1,Bandgap,3.1384267807006836,eV,phase4_adversarial_augmentation,train,probabilistic_mcmc,adversarial_stress_test,clean_model_teacher_prediction_not_measured_target
poly_3866,[*]CC([*])OC(=O)C(F)(F)C(F)(N)C(F)(F)F,Bandgap,5.957134246826172,eV,phase4_adversarial_augmentation,train,probabilistic_mcmc,adversarial_stress_test,clean_model_teacher_prediction_not_measured_target
poly_821,[*]c1ccc(Oc2ccc(-c3cnc4cc(Oc5ccc6nc([*])cnc6c5)ccc4n3)cc\2)cc1,Bandgap,3.598381280899048,eV,phase4_adversarial_augmentation,train,probabilistic_mcmc,adversarial_stress_test,clean_model_teacher_prediction_not_measured_target
poly_3782,[*]CCOCCOC(=O)CCCCCCCCCC(=O)O[*],Bandgap,6.03477144241333,eV,phase4_adversarial_augmentation,train,probabilistic_mcmc,adversarial_stress_test,clean_model_teacher_prediction_not_measured_target
poly_2983,[*]C=CC(C[*])NCC,Bandgap,4.770693778991699,eV,phase4_adversarial_augmentation,train,probabilistic_mcmc,adversarial_stress_test,clean_model_teacher_prediction_not_measured_target
poly_1383,[*]CCCCCCCCCOC(=O)c1ccc2cc(C(=O)[*])ccc2c1,Bandgap,4.16160774230957,eV,phase4_adversarial_augmentation,train,probabilistic_mcmc,adversarial_stress_test,clean_model_teacher_prediction_not_measured_target
poly_2562,[*]CCOC(O)Nc1ccc(NC(=O)O[*])cc1,Bandgap,4.813949108123779,eV,phase4_adversarial_augmentation,train,probabilistic_mcmc,adversarial_stress_test,clean_model_teacher_prediction_not_measured_target
poly_1784,[*]CCCCCOC(=O)c1ccc(C(=O)NCCCCCCNC(=P)c2ccc(C(=O)O[*])cc2)cc1,Bandgap,4.719392776489258,eV,phase4_adversarial_augmentation,train,probabilistic_mcmc,adversarial_stress_test,clean_model_teacher_prediction_not_measured_target
poly_538,[*]C([*])C(=O)Oc1ccc(Cl)cc1,Bandgap,5.119159698486328,eV,phase4_adversarial_augmentation,train,probabilistic_mcmc,adversarial_stress_test,clean_model_teacher_prediction_not_measured_target
poly_205,[*]c1cc(-c2nc3ccccc3[nH]2)cc(-n2c(=O)c3cc4c(=O)n([*])c(=O)c4cc3c2=O)c\1,Bandgap,2.6113052368164062,eV,phase4_adversarial_augmentation,train,probabilistic_mcmc,adversarial_stress_test,clean_model_teacher_prediction_not_measured_target
poly_1219,[*]Oc1Occc(NC(=O)c2ccc([Si](C)(C)c3ccc(C([*])=O)cc3)cc2)cc1,Bandgap,4.56764554977417,eV,phase4_adversarial_augmentation,train,probabilistic_mcmc,adversarial_stress_test,clean_model_teacher_prediction_not_measured_target
poly_988,[*]c1sc([*])c(OCCC)c1OC,Bandgap,3.0240890979766846,eV,phase4_adversarial_augmentation,train,probabilistic_mcmc,adversarial_stress_test,clean_model_teacher_prediction_not_measured_target
poly_2553,[*]OC(=O)C(CC(C)C)NC(=O)CCCCC(=O)NC(CC(C)C)C(=O)OC1PCOC2C([*])COC12,Bandgap,5.252884864807129,eV,phase4_adversarial_augmentation,train,probabilistic_mcmc,adversarial_stress_test,clean_model_teacher_prediction_not_measured_target
poly_2843,[*]Oc1ccc(OC2(F)C([*])(F)C(F)(F)C2(F)F)cn1,Bandgap,5.588022708892822,eV,phase4_adversarial_augmentation,train,probabilistic_mcmc,adversarial_stress_test,clean_model_teacher_prediction_not_measured_target
poly_1192,[*]c1ccc(-c2cc(OCCCCCCCCCC)c([*])cc2OCCCCCCCCC)cc1,Bandgap,4.282652854919434,eV,phase4_adversarial_augmentation,train,probabilistic_mcmc,adversarial_stress_test,clean_model_teacher_prediction_not_measured_target
poly_585,[*]c1ccc(Oc2ccc(-c3cc(-c4ccccc[N-]4)c4cc5c(-c6ccccc6)cc([*])nc5cc4n3)cc2)cc1,Bandgap,3.716789960861206,eV,phase4_adversarial_augmentation,train,probabilistic_mcmc,adversarial_stress_test,clean_model_teacher_prediction_not_measured_target
poly_2045,[*]ON(=O)(Oc1ccccc1)Oc1ccc(S(=O)(=O)c2ccc([*])cc2)cc1,Bandgap,4.34205436706543,eV,phase4_adversarial_augmentation,train,probabilistic_mcmc,adversarial_stress_test,clean_model_teacher_prediction_not_measured_target
poly_625,[*]CC([*])n1c(C)cC(C)c2ccccc21,Bandgap,3.9872043132781982,eV,phase4_adversarial_augmentation,train,probabilistic_mcmc,adversarial_stress_test,clean_model_teacher_prediction_not_measured_target
poly_604,[*]c1ccc(-c2ccc(-c3[Si]cc(-c4ccccc4)c4cc5nc([*])cc(-c6ccccc6)c5cc4n3)cc2)cc1,Bandgap,3.7990307807922363,eV,phase4_adversarial_augmentation,train,probabilistic_mcmc,adversarial_stress_test,clean_model_teacher_prediction_not_measured_target
poly_2517,[*]O[Si](C)(C)Oc1c[N-]cc([*])cc1,Bandgap,5.43114709854126,eV,phase4_adversarial_augmentation,train,probabilistic_mcmc,adversarial_stress_test,clean_model_teacher_prediction_not_measured_target
poly_1479,[*]Oc1Iccc(OC(=O)c2ccc(C([*])=O)cc2)cc1Cl,Bandgap,3.704030752182007,eV,phase4_adversarial_augmentation,train,probabilistic_mcmc,adversarial_stress_test,clean_model_teacher_prediction_not_measured_target
poly_3485,[*]CC1CCC(CNC(=O)CCCCCCCCCCC(=O)[*])CC1,Bandgap,6.017617225646973,eV,phase4_adversarial_augmentation,train,probabilistic_mcmc,adversarial_stress_test,clean_model_teacher_prediction_not_measured_target
poly_226,[*]c1ccc([*])n1C(=O)OCN,Bandgap,2.20001220703125,eV,phase4_adversarial_augmentation,train,probabilistic_mcmc,adversarial_stress_test,clean_model_teacher_prediction_not_measured_target
poly_3851,[*]CC1C([*])CC(O)C1,Bandgap,6.966770172119141,eV,phase4_adversarial_augmentation,train,probabilistic_mcmc,adversarial_stress_test,clean_model_teacher_prediction_not_measured_target
poly_140,[*]N=Nc1ccc(C=CPc2ccc([*])cc2)cc1,Bandgap,1.992262840270996,eV,phase4_adversarial_augmentation,train,probabilistic_mcmc,adversarial_stress_test,clean_model_teacher_prediction_not_measured_target
poly_1968,[*]Oc1ccc(C(C)(C)c2ccc(OC(-O)C([*])=O)cc2)cc1,Bandgap,4.703171730041504,eV,phase4_adversarial_augmentation,train,probabilistic_mcmc,adversarial_stress_test,clean_model_teacher_prediction_not_measured_target
poly_2023,[*]NNC(=O)c1ccc([Si](c2ccccc2)(c2ccccc2)c2ccc(C([*])=O)cc2)coc1,Bandgap,4.223647594451904,eV,phase4_adversarial_augmentation,train,probabilistic_mcmc,adversarial_stress_test,clean_model_teacher_prediction_not_measured_target
poly_429,[*]c1ccc(C#Cc2cc(OCCCCCCCC)c(C#Cc3ccc(-c4nnc([*])o4)cc3)cc2OCCCCCCC[N+]C)cc1,Bandgap,2.4927334785461426,eV,phase4_adversarial_augmentation,train,probabilistic_mcmc,adversarial_stress_test,clean_model_teacher_prediction_not_measured_target
poly_463,[*]C(=O)c1ccc2c(c1)C(=O)N(c1ccc(OCCOCC\OCCOc3ccc(N4C(=O)c5ccc([*])cc5C4=O)cc3)cc1)C2=O,Bandgap,2.9976377487182617,eV,phase4_adversarial_augmentation,train,probabilistic_mcmc,adversarial_stress_test,clean_model_teacher_prediction_not_measured_target
poly_126,[*]CC([*])n1[nH]ccc2ccccc21,Bandgap,2.067852735519409,eV,phase4_adversarial_augmentation,train,probabilistic_mcmc,adversarial_stress_test,clean_model_teacher_prediction_not_measured_target
poly_1158,[*]Cc1ccc(-c2cocc(CSC(=O)c3cccc(C(=O)S[*])c3)cc2)cc1,Bandgap,3.9859771728515625,eV,phase4_adversarial_augmentation,train,probabilistic_mcmc,adversarial_stress_test,clean_model_teacher_prediction_not_measured_target
poly_107,[*]Pc1cc2sc3cc([*])sc3c2s1,Bandgap,1.841844081878662,eV,phase4_adversarial_augmentation,train,probabilistic_mcmc,adversarial_stress_test,clean_model_teacher_prediction_not_measured_target
poly_2165,[*]CC([*])c1c(F)c(F)c(OC)c(F)c1,Bandgap,4.9404778480529785,eV,phase4_adversarial_augmentation,train,probabilistic_mcmc,adversarial_stress_test,clean_model_teacher_prediction_not_measured_target
poly_1746,[*]CCCC(=O)NNC(=NO)c1cccc(C(=O)NNC(=O)c2cccc(O[*])c2)c1,Bandgap,4.395473957061768,eV,phase4_adversarial_augmentation,train,probabilistic_mcmc,adversarial_stress_test,clean_model_teacher_prediction_not_measured_target
poly_2973,[*]CPCCCOC(=O)C1C(=O)C2CCC1C(=O)C2C(=O)O[*],Bandgap,5.655710697174072,eV,phase4_adversarial_augmentation,train,probabilistic_mcmc,adversarial_stress_test,clean_model_teacher_prediction_not_measured_target
poly_2751,[*]CC(CO[*])(COCC)COCP,Bandgap,6.077826976776123,eV,phase4_adversarial_augmentation,train,probabilistic_mcmc,adversarial_stress_test,clean_model_teacher_prediction_not_measured_target
poly_3328,[*]CC(CS(/O)(=O)CCCC)O[*],Bandgap,5.794549942016602,eV,phase4_adversarial_augmentation,train,probabilistic_mcmc,adversarial_stress_test,clean_model_teacher_prediction_not_measured_target
poly_2499,[*]CC([*])C=C(F)C,Bandgap,4.864227294921875,eV,phase4_adversarial_augmentation,train,probabilistic_mcmc,adversarial_stress_test,clean_model_teacher_prediction_not_measured_target
poly_1929,[*]C(C=C1)=CCn=C1C(=O)NC(=O)[*],Bandgap,4.722751617431641,eV,phase4_adversarial_augmentation,train,probabilistic_mcmc,adversarial_stress_test,clean_model_teacher_prediction_not_measured_target
poly_1942,[*]c1cc([*])cc(C23CC4CC(CC(C4)C2)\C3)c1,Bandgap,4.222589492797852,eV,phase4_adversarial_augmentation,train,probabilistic_mcmc,adversarial_stress_test,clean_model_teacher_prediction_not_measured_target
poly_3644,[*]CCCCCCOC(=O)NCCCCCCNC(=O)O[*],Bandgap,6.2320661544799805,eV,phase4_adversarial_augmentation,train,probabilistic_mcmc,adversarial_stress_test,clean_model_teacher_prediction_not_measured_target
poly_2157,[*]Oc1ccc(C(CCC)c2ccc(OC([*])=O)cc2)[N-]cc1,Bandgap,4.625735759735107,eV,phase4_adversarial_augmentation,train,probabilistic_mcmc,adversarial_stress_test,clean_model_teacher_prediction_not_measured_target
poly_1125,[*]CC(S1)=CC=C1C(S2)=CCP=C2O[*],Bandgap,4.375042915344238,eV,phase4_adversarial_augmentation,train,probabilistic_mcmc,adversarial_stress_test,clean_model_teacher_prediction_not_measured_target
poly_3913,[*]CPNO[*],Bandgap,6.509685039520264,eV,phase4_adversarial_augmentation,train,probabilistic_mcmc,adversarial_stress_test,clean_model_teacher_prediction_not_measured_target
poly_1258,[*]CC(=O)OC(/S)[*],Bandgap,3.8739309310913086,eV,phase4_adversarial_augmentation,train,probabilistic_mcmc,adversarial_stress_test,clean_model_teacher_prediction_not_measured_target
poly_1759,[*]C(=O)C=CC(=O)N1NC(C)N([*])CC1C,Bandgap,4.109855651855469,eV,phase4_adversarial_augmentation,train,probabilistic_mcmc,adversarial_stress_test,clean_model_teacher_prediction_not_measured_target
poly_1116,[*]C(C=C1)=CC=C1C(S2)=CC=C2C(C=C3)=CS=C3O[*],Bandgap,3.2257578372955322,eV,phase4_adversarial_augmentation,train,probabilistic_mcmc,adversarial_stress_test,clean_model_teacher_prediction_not_measured_target
poly_391,[*]c1ccc(N2C(=O)c3ccc(-c4ccc5c(c4)C(=O)N(c4cOcc6[nH]c([*])nc6c4)C5=O)cc3C2=O)cc1,Bandgap,3.017000675201416,eV,phase4_adversarial_augmentation,train,probabilistic_mcmc,adversarial_stress_test,clean_model_teacher_prediction_not_measured_target
poly_2981,[*]OC([*])C(=O)CC,Bandgap,6.2428131103515625,eV,phase4_adversarial_augmentation,train,probabilistic_mcmc,adversarial_stress_test,clean_model_teacher_prediction_not_measured_target
poly_3609,[*]CC1CC([*])OC(S)O1,Bandgap,5.513144016265869,eV,phase4_adversarial_augmentation,train,probabilistic_mcmc,adversarial_stress_test,clean_model_teacher_prediction_not_measured_target
poly_3555,[*]C1CCCC(CC(=O)N[*])C1,Bandgap,5.841869354248047,eV,phase4_adversarial_augmentation,train,probabilistic_mcmc,adversarial_stress_test,clean_model_teacher_prediction_not_measured_target
poly_2028,[*]CP(=O)NC(C=C1)=CC=C1[*],Bandgap,4.450849533081055,eV,phase4_adversarial_augmentation,train,probabilistic_mcmc,adversarial_stress_test,clean_model_teacher_prediction_not_measured_target
poly_2193,[*]NCSSCCSSCCOCO[*],Bandgap,4.461207866668701,eV,phase4_adversarial_augmentation,train,probabilistic_mcmc,adversarial_stress_test,clean_model_teacher_prediction_not_measured_target
poly_3149,[*]CCCCCCCSCCCNC(=O)CCCCC(=O)N[*],Bandgap,5.055084228515625,eV,phase4_adversarial_augmentation,train,probabilistic_mcmc,adversarial_stress_test,clean_model_teacher_prediction_not_measured_target
poly_480,[*]c1ccc(-c2ccc(-n3c(=O)c4cc5c(=O)n([*])c(=O)c5cc4c3=O)c(C)c2)cs1C,Bandgap,2.1108667850494385,eV,phase4_adversarial_augmentation,train,probabilistic_mcmc,adversarial_stress_test,clean_model_teacher_prediction_not_measured_target
poly_441,[*]c1ccc(N=Nc2ccc(-c3csc(-s4nc([*])cs4)n3)cc2)cc1,Bandgap,2.4177606105804443,eV,phase4_adversarial_augmentation,train,probabilistic_mcmc,adversarial_stress_test,clean_model_teacher_prediction_not_measured_target
poly_1675,[*]CC(=O)C(C=[N+]C1)=CC=C1O[*],Bandgap,3.564791202545166,eV,phase4_adversarial_augmentation,train,probabilistic_mcmc,adversarial_stress_test,clean_model_teacher_prediction_not_measured_target
poly_1135,[*]c1ccc(-c2ccc([Si](C)(O)c3ccc([*])s3)s2)cc1,Bandgap,3.5924112796783447,eV,phase4_adversarial_augmentation,train,probabilistic_mcmc,adversarial_stress_test,clean_model_teacher_prediction_not_measured_target
poly_3241,[*]C(=O)NCPCCCCNC(=O)C1COC([*])CO1,Bandgap,5.656157493591309,eV,phase4_adversarial_augmentation,train,probabilistic_mcmc,adversarial_stress_test,clean_model_teacher_prediction_not_measured_target
poly_3191,[*]CCCCI(=O)N[*],Bandgap,5.379860877990723,eV,phase4_adversarial_augmentation,train,probabilistic_mcmc,adversarial_stress_test,clean_model_teacher_prediction_not_measured_target
poly_1170,[*]CC(O)COC(=O)CC(=CC(=O)O[*])c1[N+]cc(C)ccc1OC,Bandgap,3.3922150135040283,eV,phase4_adversarial_augmentation,train,probabilistic_mcmc,adversarial_stress_test,clean_model_teacher_prediction_not_measured_target
poly_1787,[*]OC(=O)C=CC(=O)OC1CPC2C([*])COC12,Bandgap,4.075848579406738,eV,phase4_adversarial_augmentation,train,probabilistic_mcmc,adversarial_stress_test,clean_model_teacher_prediction_not_measured_target
poly_3797,[*]OC1CCC(OC(=O)CCC[N-]CCCCCC([*])=O)CC1,Bandgap,6.3794026374816895,eV,phase4_adversarial_augmentation,train,probabilistic_mcmc,adversarial_stress_test,clean_model_teacher_prediction_not_measured_target
poly_2473,[*]CC([*])c1ccc(CCC[N+]CCC)cc1,Bandgap,4.142712116241455,eV,phase4_adversarial_augmentation,train,probabilistic_mcmc,adversarial_stress_test,clean_model_teacher_prediction_not_measured_target
poly_409,[*]C([N+]OC)=C(OC)c1ccc([*])s1,Bandgap,4.748528480529785,eV,phase4_adversarial_augmentation,train,probabilistic_mcmc,adversarial_stress_test,clean_model_teacher_prediction_not_measured_target
poly_2074,[*]Oc1cc(C)c([*])c(C)c1IBr,Bandgap,4.427859306335449,eV,phase4_adversarial_augmentation,train,probabilistic_mcmc,adversarial_stress_test,clean_model_teacher_prediction_not_measured_target
poly_3889,[*]CCCCCCCCCCCCCCCCCCCOC(=O)CCCCCCCC(=O)O[*],Bandgap,6.772330284118652,eV,phase4_adversarial_augmentation,train,probabilistic_mcmc,adversarial_stress_test,clean_model_teacher_prediction_not_measured_target
poly_946,[*]Oc1ccc(Oc2ccc(C(=O)c3ccccc3-c3ccccc3[N-]C(=O)c3ccc([*])cc3)cc2)cc1,Bandgap,3.2734174728393555,eV,phase4_adversarial_augmentation,train,probabilistic_mcmc,adversarial_stress_test,clean_model_teacher_prediction_not_measured_target
poly_3897,[*]CC(Cl)(C)COC(=O)CCC(=O)O[*],Bandgap,6.494539260864258,eV,phase4_adversarial_augmentation,train,probabilistic_mcmc,adversarial_stress_test,clean_model_teacher_prediction_not_measured_target
poly_4094,[*]C(C)(C)C(=O)O[*],Bandgap,5.774147033691406,eV,phase4_adversarial_augmentation,train,probabilistic_mcmc,adversarial_stress_test,clean_model_teacher_prediction_not_measured_target
poly_607,[*]Oc1ccc(C2(c3ccc(OC(O)c4ccc(C([*])=O)cc4)cc3)CCC(C(C)(C)C)CC2)cc1,Bandgap,4.210781574249268,eV,phase4_adversarial_augmentation,train,probabilistic_mcmc,adversarial_stress_test,clean_model_teacher_prediction_not_measured_target
poly_1326,[*]C(=O)C(C=C1)\CC=C1OC(S2)=CC=C2[*],Bandgap,3.950005054473877,eV,phase4_adversarial_augmentation,train,probabilistic_mcmc,adversarial_stress_test,clean_model_teacher_prediction_not_measured_target
poly_2476,[*]CC([*])c1ccs(C)cc1C,Bandgap,3.3539628982543945,eV,phase4_adversarial_augmentation,train,probabilistic_mcmc,adversarial_stress_test,clean_model_teacher_prediction_not_measured_target
poly_1657,[*]COC(=O)c1ccc(C2(C)CC(C)(C)c3ccc(C(=O)O[*])cc32)cc1,Bandgap,3.705850601196289,eV,phase4_adversarial_augmentation,train,probabilistic_mcmc,adversarial_stress_test,clean_model_teacher_prediction_not_measured_target
poly_1905,[*]OC(C)CNOC(C)COC(=O)c1ccc(C([*])=O)cc1,Bandgap,5.182351589202881,eV,phase4_adversarial_augmentation,train,probabilistic_mcmc,adversarial_stress_test,clean_model_teacher_prediction_not_measured_target
poly_2525,[*]CCCCSCCCSS[*],Bandgap,5.178544044494629,eV,phase4_adversarial_augmentation,train,probabilistic_mcmc,adversarial_stress_test,clean_model_teacher_prediction_not_measured_target
poly_693,[*]C(=O)Nc1cnc(Oc2ccc(NC(=O)c3ccc4c(c3)C(=O)N(c3ccc(Oc5ccc(N6C(=O)c7ccc([*])cc7C6=O)cc5)cc3)C4=O)cc2)cc1,Bandgap,2.939147710800171,eV,phase4_adversarial_augmentation,train,probabilistic_mcmc,adversarial_stress_test,clean_model_teacher_prediction_not_measured_target
poly_169,[*]c1ccc(-c2ccc3nc4oc5cc6[nH]c7nc8cc([*])ccc8nc7nc-6[nH]c/5n-4ccc3c2)cc1,Bandgap,2.7881016731262207,eV,phase4_adversarial_augmentation,train,probabilistic_mcmc,adversarial_stress_test,clean_model_teacher_prediction_not_measured_target
poly_164,[*]NC1=CC(/O)C([*])=CC1=O,Bandgap,1.803760290145874,eV,phase4_adversarial_augmentation,train,probabilistic_mcmc,adversarial_stress_test,clean_model_teacher_prediction_not_measured_target
poly_2099,[*]CCCCCCOC(=O)c1cccc[Si]c1-c1ccccc1C(=O)O[*],Bandgap,4.248868942260742,eV,phase4_adversarial_augmentation,train,probabilistic_mcmc,adversarial_stress_test,clean_model_teacher_prediction_not_measured_target
poly_2869,[*]CCCCCCCCCCCCOC(=O)CCCCCNC([N+]=O)CCCCC(=O)NCCCCCC(=O)O[*],Bandgap,4.98151969909668,eV,phase4_adversarial_augmentation,train,probabilistic_mcmc,adversarial_stress_test,clean_model_teacher_prediction_not_measured_target
poly_3789,[*]CC([*])(F)C(=O)NCC(F)(F)C(F)(F)C(F)(F)C(F)F,Bandgap,6.289814472198486,eV,phase4_adversarial_augmentation,train,probabilistic_mcmc,adversarial_stress_test,clean_model_teacher_prediction_not_measured_target
poly_260,[*]Nc1ncc([*])c2cc3ccccc3cc12,Bandgap,2.5714807510375977,eV,phase4_adversarial_augmentation,train,probabilistic_mcmc,adversarial_stress_test,clean_model_teacher_prediction_not_measured_target
poly_1037,[*]Nc1cccc(NCC(=O)c2cc(NC(=O)c3ccncc3)cc(C([*])=O)c2)c1,Bandgap,3.390887975692749,eV,phase4_adversarial_augmentation,train,probabilistic_mcmc,adversarial_stress_test,clean_model_teacher_prediction_not_measured_target
poly_1554,[*]c1cc(OCC(=O)C23CC4CC(C(C4)C2)C3)c([*])cc1OC,Bandgap,4.084811210632324,eV,phase4_adversarial_augmentation,train,probabilistic_mcmc,adversarial_stress_test,clean_model_teacher_prediction_not_measured_target
poly_486,[*]C=I1CCC(=Cc2ccc(Sc3ccc([*])o3)o2)C1=O,Bandgap,2.8023037910461426,eV,phase4_adversarial_augmentation,train,probabilistic_mcmc,adversarial_stress_test,clean_model_teacher_prediction_not_measured_target
poly_1349,[*]Oc1ccc(C(=O)OCCOC(=O)c2ccc([*])cc[N-]2)cc1,Bandgap,4.392115116119385,eV,phase4_adversarial_augmentation,train,probabilistic_mcmc,adversarial_stress_test,clean_model_teacher_prediction_not_measured_target
poly_83,[*]c1ccc(-c2cc(-c3ccc(CCCCCCC)cc3)c([*])s2)s1,Bandgap,3.2056360244750977,eV,phase4_adversarial_augmentation,train,probabilistic_mcmc,adversarial_stress_test,clean_model_teacher_prediction_not_measured_target
poly_3517,[*]NCC(CCC([*])=O)C(=O)O,Bandgap,5.661888122558594,eV,phase4_adversarial_augmentation,train,probabilistic_mcmc,adversarial_stress_test,clean_model_teacher_prediction_not_measured_target
poly_858,[*]Nc1ccc([*])c\c1S(=O)(=O)O,Bandgap,3.8860390186309814,eV,phase4_adversarial_augmentation,train,probabilistic_mcmc,adversarial_stress_test,clean_model_teacher_prediction_not_measured_target
poly_920,[*]1ccc([*])c2nc(-c3ccccc3)c(-c3ccccc3)nc12,Bandgap,4.3447160720825195,eV,phase4_adversarial_augmentation,train,probabilistic_mcmc,adversarial_stress_test,clean_model_teacher_prediction_not_measured_target
poly_3829,[*]CC([*])(F)C(=O)OCCSC,Bandgap,5.99160099029541,eV,phase4_adversarial_augmentation,train,probabilistic_mcmc,adversarial_stress_test,clean_model_teacher_prediction_not_measured_target
poly_728,[*]c1ccc(Cc2ccc(N3C(=O)c4ccc([Si](C)(C)c5ccc6c(c5)C(=O)N([*])C6=O)cc4C3=N)cc2)cc1,Bandgap,3.2250561714172363,eV,phase4_adversarial_augmentation,train,probabilistic_mcmc,adversarial_stress_test,clean_model_teacher_prediction_not_measured_target
poly_3310,C([*])(=O)CCCCC(=O)ONCCCCCN([*]),Bandgap,5.920809268951416,eV,phase4_adversarial_augmentation,train,probabilistic_mcmc,adversarial_stress_test,clean_model_teacher_prediction_not_measured_target
poly_3747,[*]OC1(O)CCCC([*])[N-]C1,Bandgap,5.7734246253967285,eV,phase4_adversarial_augmentation,train,probabilistic_mcmc,adversarial_stress_test,clean_model_teacher_prediction_not_measured_target
poly_1053,[*]Nc1ccc(NC(=S)NC(=I)c2cccc(C(=O)NC([*])=S)c2)cc1,Bandgap,3.04893159866333,eV,phase4_adversarial_augmentation,train,probabilistic_mcmc,adversarial_stress_test,clean_model_teacher_prediction_not_measured_target
poly_3368,[*]NC(C)C(=O)NC(C([*])=O)SC(C)C,Bandgap,5.247208118438721,eV,phase4_adversarial_augmentation,train,probabilistic_mcmc,adversarial_stress_test,clean_model_teacher_prediction_not_measured_target
poly_2645,[*]Oc1ccc(Cc2ccc(OC(=O)OCC3CCC(COC([*])=[Si]O)CC3)cc2)cc1,Bandgap,5.080291271209717,eV,phase4_adversarial_augmentation,train,probabilistic_mcmc,adversarial_stress_test,clean_model_teacher_prediction_not_measured_target
poly_186,[*]C(=O)C(S1)CC=C1C(S2)=CC=C2C(=S)[*],Bandgap,2.858020782470703,eV,phase4_adversarial_augmentation,train,probabilistic_mcmc,adversarial_stress_test,clean_model_teacher_prediction_not_measured_target
poly_2049,[*]Nc1ccc(CC(C)(C)NC(=O)CCCCCCCCC([*])=O)c/c1,Bandgap,4.845902919769287,eV,phase4_adversarial_augmentation,train,probabilistic_mcmc,adversarial_stress_test,clean_model_teacher_prediction_not_measured_target
poly_3396,[*]CCCCCCNC(=O)NCCCCCNC(=O)I[*],Bandgap,5.691588401794434,eV,phase4_adversarial_augmentation,train,probabilistic_mcmc,adversarial_stress_test,clean_model_teacher_prediction_not_measured_target
poly_1614,[*]N1C(=O)c2ccc(N[nH]3C(=O)C4CCC(C5CCC6C(=O)N([*])C(=O)C6C5)CC4C3=O)cc2C1=O,Bandgap,3.499228000640869,eV,phase4_adversarial_augmentation,train,probabilistic_mcmc,adversarial_stress_test,clean_model_teacher_prediction_not_measured_target
poly_1301,[*]c1ccc2c(c1)SC1(CCC3(C[N-]C1)Nc1ccc([*])cc1S3)N2,Bandgap,4.165078163146973,eV,phase4_adversarial_augmentation,train,probabilistic_mcmc,adversarial_stress_test,clean_model_teacher_prediction_not_measured_target
poly_2756,[*]CCCCOS(=O)CCCCSCCCCC(=O)O[*],Bandgap,4.979588508605957,eV,phase4_adversarial_augmentation,train,probabilistic_mcmc,adversarial_stress_test,clean_model_teacher_prediction_not_measured_target
poly_23,[*]c1sc([*])c2nc(CCCCCCCCCCC)c(CCCCCCCCCC)nc12,Bandgap,1.5931334495544434,eV,phase4_adversarial_augmentation,train,probabilistic_mcmc,adversarial_stress_test,clean_model_teacher_prediction_not_measured_target
poly_2970,[*]CCCCCCPNC(=O)C(CCCCCCCCCCCC)C(=O)N[*],Bandgap,5.825909614562988,eV,phase4_adversarial_augmentation,train,probabilistic_mcmc,adversarial_stress_test,clean_model_teacher_prediction_not_measured_target
poly_1734,[*]Oc1ccc(C(c2ccc(OC(=O)c3ccc(OCCCCCCCCCOc4ccc(C([*])=O)cc4)cc3)cc2)(C(F)(F)F)C(F)(F)F)cc1,Bandgap,4.281094074249268,eV,phase4_adversarial_augmentation,train,probabilistic_mcmc,adversarial_stress_test,clean_model_teacher_prediction_not_measured_target
poly_3993,[*]C([*])CC,Bandgap,6.390225410461426,eV,phase4_adversarial_augmentation,train,probabilistic_mcmc,adversarial_stress_test,clean_model_teacher_prediction_not_measured_target
poly_1176,[*]Nc1ccc(NC(=SO)c2cccc(C([*])=O)c2)cc1,Bandgap,3.4204070568084717,eV,phase4_adversarial_augmentation,train,probabilistic_mcmc,adversarial_stress_test,clean_model_teacher_prediction_not_measured_target
poly_3333,[*]CCCCCNC(S=O)CCCCCCCCC(=O)NCCCCCNC(=O)C(=O)N[*],Bandgap,5.436006546020508,eV,phase4_adversarial_augmentation,train,probabilistic_mcmc,adversarial_stress_test,clean_model_teacher_prediction_not_measured_target
poly_2574,[*]OC(=O)Cc1ccc(IC([*])=O)cc1,Bandgap,5.403573036193848,eV,phase4_adversarial_augmentation,train,probabilistic_mcmc,adversarial_stress_test,clean_model_teacher_prediction_not_measured_target
poly_972,[*]=C([*])C(=O)CC,Bandgap,2.745427370071411,eV,phase4_adversarial_augmentation,train,probabilistic_mcmc,adversarial_stress_test,clean_model_teacher_prediction_not_measured_target
poly_3413,[*]C(=O)OC1CCC(OIC(=O)N2CCN([*])CC2)CC1,Bandgap,5.235861301422119,eV,phase4_adversarial_augmentation,train,probabilistic_mcmc,adversarial_stress_test,clean_model_teacher_prediction_not_measured_target
poly_808,[*]c1Scc(N=Nc2ccc(S(=O)(=O)O)cc2)cc([*])c1O,Bandgap,4.045273780822754,eV,phase4_adversarial_augmentation,train,probabilistic_mcmc,adversarial_stress_test,clean_model_teacher_prediction_not_measured_target
poly_2760,[*]C/CC(C)/C[*],Bandgap,6.918061256408691,eV,phase4_adversarial_augmentation,train,probabilistic_mcmc,adversarial_stress_test,clean_model_teacher_prediction_not_measured_target
poly_752,[*]Oc1ccc(C(C)=Nc2cnc(N=C(C)c3ccc([*])cc3)cc2)cc1,Bandgap,3.6605939865112305,eV,phase4_adversarial_augmentation,train,probabilistic_mcmc,adversarial_stress_test,clean_model_teacher_prediction_not_measured_target
poly_3203,[*]CCCCCCNC(=O)C(CO)C(O)C(=O)N[*],Bandgap,5.551089763641357,eV,phase4_adversarial_augmentation,train,probabilistic_mcmc,adversarial_stress_test,clean_model_teacher_prediction_not_measured_target
poly_43,[*]c1ccc(C(=O)Nc2ccc(-c3ccc(NC(=O)c4ccc(-n5c(=O)c6sc7c(=O)n([*])c(=O)c7oc6c5=O)cc4)cc3)cc2)cc1,Bandgap,1.1688916683197021,eV,phase4_adversarial_augmentation,train,probabilistic_mcmc,adversarial_stress_test,clean_model_teacher_prediction_not_measured_target
poly_1441,[*]Oc1ccc(Oc2cccc(P(=O)Oc3ccc(OC(=O)c4cccc([*])c4)cc3)c2)cc1,Bandgap,4.040748596191406,eV,phase4_adversarial_augmentation,train,probabilistic_mcmc,adversarial_stress_test,clean_model_teacher_prediction_not_measured_target
poly_1838,[*]Oc1ccc(OC(=O)c2ccc(OCCCCCOCCOc3ccc(C([*])=O)cc3)cc2)cc1,Bandgap,4.438615798950195,eV,phase4_adversarial_augmentation,train,probabilistic_mcmc,adversarial_stress_test,clean_model_teacher_prediction_not_measured_target
poly_19,[*]=C=C=C(CCCCOC(\O)NC(C)C)C(=[*])CCCCOC(=O)NC(C)C,Bandgap,1.0520074367523193,eV,phase4_adversarial_augmentation,train,probabilistic_mcmc,adversarial_stress_test,clean_model_teacher_prediction_not_measured_target
poly_1903,[*]CCCCc1nnc(-c2cccc(-c3nnc([*])3)c2)o1,Bandgap,4.808193206787109,eV,phase4_adversarial_augmentation,train,probabilistic_mcmc,adversarial_stress_test,clean_model_teacher_prediction_not_measured_target
poly_4081,[*]CCC(NCl)C([*])C,Bandgap,6.097378730773926,eV,phase4_adversarial_augmentation,train,probabilistic_mcmc,adversarial_stress_test,clean_model_teacher_prediction_not_measured_target
poly_1625,[*]PC(=O)NNC(=O)c1cccc([*])n1,Bandgap,4.343058109283447,eV,phase4_adversarial_augmentation,train,probabilistic_mcmc,adversarial_stress_test,clean_model_teacher_prediction_not_measured_target
poly_638,[*]CCN(CCCC(=O)Nc1ccc(N=Nc2ccccc2)cc1)CCOC(=O)NC1CCCC(CNC(=O)O[*])C1,Bandgap,3.3693881034851074,eV,phase4_adversarial_augmentation,train,probabilistic_mcmc,adversarial_stress_test,clean_model_teacher_prediction_not_measured_target
poly_1721,[*]c1ccc([Si](c2ccccc2)(c2ccccc2)c2ccc(-c3nnc([*])o3)cc2)Icc1,Bandgap,4.164671897888184,eV,phase4_adversarial_augmentation,train,probabilistic_mcmc,adversarial_stress_test,clean_model_teacher_prediction_not_measured_target
poly_1391,[*]Oc1ccc(C(C)(C)c2ccc(OC(=O)c3cccc(C([*])=O)c3)cc2)Pcc1,Bandgap,3.991896152496338,eV,phase4_adversarial_augmentation,train,probabilistic_mcmc,adversarial_stress_test,clean_model_teacher_prediction_not_measured_target
poly_2706,[*]Cc#1ccc(CNC(=O)CCCCCCCCCCCCCC(=O)N[*])cc1,Bandgap,4.805479526519775,eV,phase4_adversarial_augmentation,train,probabilistic_mcmc,adversarial_stress_test,clean_model_teacher_prediction_not_measured_target
poly_1357,[*]CCOCCOCCOCNOCCOc1ccc(C(=O)Nc2cc(NC(=O)c3ccc(O[*])cc3)cc(-c3nc4ccccc4[nH]3)c2)cc1,Bandgap,3.765259265899658,eV,phase4_adversarial_augmentation,train,probabilistic_mcmc,adversarial_stress_test,clean_model_teacher_prediction_not_measured_target
poly_1267,[*]CC(=O)C(C)C([*])c1ccc(O)c2ncccs12,Bandgap,3.328895092010498,eV,phase4_adversarial_augmentation,train,probabilistic_mcmc,adversarial_stress_test,clean_model_teacher_prediction_not_measured_target
poly_804,[*]c1ccc([*])c2nc(CCCCCCC)c(CCCCCC)nc12,Bandgap,3.702268123626709,eV,phase4_adversarial_augmentation,train,probabilistic_mcmc,adversarial_stress_test,clean_model_teacher_prediction_not_measured_target
poly_2733,[*]CC=CC(CP)S([*])(=O)=O,Bandgap,4.700540542602539,eV,phase4_adversarial_augmentation,train,probabilistic_mcmc,adversarial_stress_test,clean_model_teacher_prediction_not_measured_target
poly_904,[*]CC([*])C(=O)OCCCOc1ccc(-c2ccc(C=N)cc2)cc1,Bandgap,3.6145997047424316,eV,phase4_adversarial_augmentation,train,probabilistic_mcmc,adversarial_stress_test,clean_model_teacher_prediction_not_measured_target
poly_3244,C([*])IC([*])=C,Bandgap,5.598118305206299,eV,phase4_adversarial_augmentation,train,probabilistic_mcmc,adversarial_stress_test,clean_model_teacher_prediction_not_measured_target
poly_1152,[*]CC(=O)C(C=C1)=CC=C1[N-]C(S2)=CC=C2[*],Bandgap,3.2703189849853516,eV,phase4_adversarial_augmentation,train,probabilistic_mcmc,adversarial_stress_test,clean_model_teacher_prediction_not_measured_target
poly_3922,FC([*])C(C)(C(=O)OCC(F)(F)C([*])(F)F),Bandgap,6.379624843597412,eV,phase4_adversarial_augmentation,train,probabilistic_mcmc,adversarial_stress_test,clean_model_teacher_prediction_not_measured_target
poly_297,[*]c1ccc([*])[nH]s1,Bandgap,2.310966968536377,eV,phase4_adversarial_augmentation,train,probabilistic_mcmc,adversarial_stress_test,clean_model_teacher_prediction_not_measured_target
poly_1101,[*]Oc1ccc(-c2ccc(OC(=O)c3cccc(Oc4cccc(C([*])O)c4)c3)cc2)cc1,Bandgap,4.1972575187683105,eV,phase4_adversarial_augmentation,train,probabilistic_mcmc,adversarial_stress_test,clean_model_teacher_prediction_not_measured_target
poly_1280,[*]PCNC(=S)[*],Bandgap,4.0382184982299805,eV,phase4_adversarial_augmentation,train,probabilistic_mcmc,adversarial_stress_test,clean_model_teacher_prediction_not_measured_target
poly_2636,[*]c1cn([*])c(C)c1,Bandgap,3.682389259338379,eV,phase4_adversarial_augmentation,train,probabilistic_mcmc,adversarial_stress_test,clean_model_teacher_prediction_not_measured_target
poly_3757,[*]CCOCOOC(=O)CCC(=O)O[*],Bandgap,6.119976043701172,eV,phase4_adversarial_augmentation,train,probabilistic_mcmc,adversarial_stress_test,clean_model_teacher_prediction_not_measured_target
poly_3716,[*]CCCCCCC=CCCCCCCCCCCCCOC(=O)CC(=O)O[*],Bandgap,6.481509208679199,eV,phase4_adversarial_augmentation,train,probabilistic_mcmc,adversarial_stress_test,clean_model_teacher_prediction_not_measured_target
poly_3154,[*]CCCCCCCCCCOCNC(=O)C(=O)N[*],Bandgap,5.59499454498291,eV,phase4_adversarial_augmentation,train,probabilistic_mcmc,adversarial_stress_test,clean_model_teacher_prediction_not_measured_target
poly_1196,O([*])c1[N+]ccc(cc1)S(=O)(=O)c1ccc(cc1)OC(=O)c1ccc(cc1)C(=O)([*]),Bandgap,3.4750802516937256,eV,phase4_adversarial_augmentation,train,probabilistic_mcmc,adversarial_stress_test,clean_model_teacher_prediction_not_measured_target
poly_539,[*]c1ccc([*])n1CCOC(=O)OCC,Bandgap,3.0298986434936523,eV,phase4_adversarial_augmentation,train,probabilistic_mcmc,adversarial_stress_test,clean_model_teacher_prediction_not_measured_target
poly_3549,[*]CCCCCCNC(-O)CCC(=O)N[*],Bandgap,6.0731635093688965,eV,phase4_adversarial_augmentation,train,probabilistic_mcmc,adversarial_stress_test,clean_model_teacher_prediction_not_measured_target
poly_3853,[*]CCCCSCCS([*])(=O)=O,Bandgap,3.8778414726257324,eV,phase4_adversarial_augmentation,train,probabilistic_mcmc,adversarial_stress_test,clean_model_teacher_prediction_not_measured_target
poly_2331,[*]C1CCC(COC(C)OC(=O)c2cccc(C(=O)OC(C)O[*])c2)CC1,Bandgap,5.208080291748047,eV,phase4_adversarial_augmentation,train,probabilistic_mcmc,adversarial_stress_test,clean_model_teacher_prediction_not_measured_target
poly_883,[*]CC(S1)=CC=C1C(=O)[*],Bandgap,3.2232179641723633,eV,phase4_adversarial_augmentation,train,probabilistic_mcmc,adversarial_stress_test,clean_model_teacher_prediction_not_measured_target
poly_2207,[*]CC([*])C(=O)Oc1ccc(Cl)c(C)n1,Bandgap,4.768179416656494,eV,phase4_adversarial_augmentation,train,probabilistic_mcmc,adversarial_stress_test,clean_model_teacher_prediction_not_measured_target
poly_3835,[*]CCCCCCCCC(=O)[*],Bandgap,6.438567161560059,eV,phase4_adversarial_augmentation,train,probabilistic_mcmc,adversarial_stress_test,clean_model_teacher_prediction_not_measured_target
poly_1427,[*]CC(C)(C)CC(=O)c1ccc(-c2ccc(C(=O)O[*])cc2)cc1,Bandgap,3.9165291786193848,eV,phase4_adversarial_augmentation,train,probabilistic_mcmc,adversarial_stress_test,clean_model_teacher_prediction_not_measured_target
poly_2036,[*]CC(O)CN([*])c1ccS(C)cc(C)c1,Bandgap,4.705136299133301,eV,phase4_adversarial_augmentation,train,probabilistic_mcmc,adversarial_stress_test,clean_model_teacher_prediction_not_measured_target
poly_601,[*]NC(C=C1)CC=C1C(S2)=CC=C2C(C=C3)=CC=C3[*],Bandgap,3.57188081741333,eV,phase4_adversarial_augmentation,train,probabilistic_mcmc,adversarial_stress_test,clean_model_teacher_prediction_not_measured_target
poly_2908,[*]NC(Cc1c\cccc1)C(=O)NC(C)C(=O)NCC([*])=O,Bandgap,4.863767623901367,eV,phase4_adversarial_augmentation,train,probabilistic_mcmc,adversarial_stress_test,clean_model_teacher_prediction_not_measured_target
poly_2945,[*]CCC1N(C(C)(C)C)C(=O)C1[*],Bandgap,6.014084815979004,eV,phase4_adversarial_augmentation,train,probabilistic_mcmc,adversarial_stress_test,clean_model_teacher_prediction_not_measured_target
poly_594,[*]C(=O)Nc1ccc(C2(c3ccc(N4C(=O)c5ccc([*])/cc5C4=O)cc3)CCC(C(C)(C)C)CC2)cc1,Bandgap,3.2751193046569824,eV,phase4_adversarial_augmentation,train,probabilistic_mcmc,adversarial_stress_test,clean_model_teacher_prediction_not_measured_target
poly_2117,[*]CCCCCCCCCC#CC#CCCCCCCCCCOC(=O)SCCCCCCCC(=O)O[*],Bandgap,3.266040802001953,eV,phase4_adversarial_augmentation,train,probabilistic_mcmc,adversarial_stress_test,clean_model_teacher_prediction_not_measured_target
poly_3345,[*]OC(C)(C)C(F)(F)C(F)(F)OCCOCCC1CCN1[*],Bandgap,5.745291233062744,eV,phase4_adversarial_augmentation,train,probabilistic_mcmc,adversarial_stress_test,clean_model_teacher_prediction_not_measured_target
poly_955,[*]CCCCOc1ccc(OC(=O)c2ccc(C(=O)NOc3ccc(O[*])cc3)c(C(=O)OCC=C)c2)cc1,Bandgap,4.211865425109863,eV,phase4_adversarial_augmentation,train,probabilistic_mcmc,adversarial_stress_test,clean_model_teacher_prediction_not_measured_target
poly_2295,[*]CC(CCCCCCCCCCCC)COC(=O)NC(=O)c1cccc(C(=O)NP(=O)O[*])c1,Bandgap,4.777210235595703,eV,phase4_adversarial_augmentation,train,probabilistic_mcmc,adversarial_stress_test,clean_model_teacher_prediction_not_measured_target
poly_827,[*]c1cc/c(-c2nc3cc(-c4ccc5oc([*])nc5c4)ccc3o2)cc1,Bandgap,3.8064873218536377,eV,phase4_adversarial_augmentation,train,probabilistic_mcmc,adversarial_stress_test,clean_model_teacher_prediction_not_measured_target
poly_777,[*]C(=O)Nc1ccc(NC(=O)c2cCccc(C(=O)Nc3ccc(N4C(=O)c5ccc([*])cc5C4=O)cc3)c2)cc1,Bandgap,2.7592694759368896,eV,phase4_adversarial_augmentation,train,probabilistic_mcmc,adversarial_stress_test,clean_model_teacher_prediction_not_measured_target
poly_853,[*]c1ccc(Oc2ccnc(Oc3ccc(N4C(=O)CC(=O)N([*])C4=S)cc3)c2)cc1,Bandgap,3.3158648014068604,eV,phase4_adversarial_augmentation,train,probabilistic_mcmc,adversarial_stress_test,clean_model_teacher_prediction_not_measured_target
poly_137,[*]C(=O)c1ccc2c(c1)C(=O)N[Si](c1ccc(N(c3ccc(C#N)cc3)c3ccc(N4C(=O)c5ccc([*])cc5C4=O)cc3)cc1)C2=O,Bandgap,3.1291065216064453,eV,phase4_adversarial_augmentation,train,probabilistic_mcmc,adversarial_stress_test,clean_model_teacher_prediction_not_measured_target
poly_293,[*]C(=O)C(S1)=CC=C1C(CC2)=CC=C2C(=S)[*],Bandgap,3.3077802658081055,eV,phase4_adversarial_augmentation,train,probabilistic_mcmc,adversarial_stress_test,clean_model_teacher_prediction_not_measured_target
poly_1157,[*]NP([*])(Cl)Cl,Bandgap,3.9111433029174805,eV,phase4_adversarial_augmentation,train,probabilistic_mcmc,adversarial_stress_test,clean_model_teacher_prediction_not_measured_target
poly_1472,[*]Oc1ccc(S(=O)(=O)c2ccc(Oc3ccc(C4(c5ccc([*])cc5)CNCCC4)cc3)cc2)cc1,Bandgap,3.8842759132385254,eV,phase4_adversarial_augmentation,train,probabilistic_mcmc,adversarial_stress_test,clean_model_teacher_prediction_not_measured_target
poly_1076,[*]C(P)=C([*])C#N,Bandgap,3.2786130905151367,eV,phase4_adversarial_augmentation,train,probabilistic_mcmc,adversarial_stress_test,clean_model_teacher_prediction_not_measured_target
poly_2408,[*]CCc1c[Si]cc(Cc2ccc(CCS[*])cc2)cc1,Bandgap,4.477300643920898,eV,phase4_adversarial_augmentation,train,probabilistic_mcmc,adversarial_stress_test,clean_model_teacher_prediction_not_measured_target
poly_700,[*]c1ccc(-c2ccc(-c3nc(-c4ccc(-c5csc([*])n5)cc4)cos3)cc2)cc1,Bandgap,2.7126142978668213,eV,phase4_adversarial_augmentation,train,probabilistic_mcmc,adversarial_stress_test,clean_model_teacher_prediction_not_measured_target
poly_1198,[*]Oc1ccc(C(c2ccccc2)c2ccc(OC(=O)c3cccc(C([*])=O)c3)cc2)cn1,Bandgap,3.6357386112213135,eV,phase4_adversarial_augmentation,train,probabilistic_mcmc,adversarial_stress_test,clean_model_teacher_prediction_not_measured_target
poly_1777,[*]Oc1ccc(S(\O)(=O)c2ccc(OC([*])=O)cc2)cc1,Bandgap,4.585718631744385,eV,phase4_adversarial_augmentation,train,probabilistic_mcmc,adversarial_stress_test,clean_model_teacher_prediction_not_measured_target
poly_4193,[*]C(F)C([*])(OF)F,Bandgap,7.255582809448242,eV,phase4_adversarial_augmentation,train,probabilistic_mcmc,adversarial_stress_test,clean_model_teacher_prediction_not_measured_target
poly_2249,[*]Oc1c(C)cc(-c2cc(C)c(OC(=O)CCCCC([*])=O)c(C)c2)cc1C,Bandgap,5.073290824890137,eV,phase4_adversarial_augmentation,train,probabilistic_mcmc,adversarial_stress_test,clean_model_teacher_prediction_not_measured_target
poly_3301,[*]CCCNOC(=O)N1CCC([*])CC1,Bandgap,5.518782615661621,eV,phase4_adversarial_augmentation,train,probabilistic_mcmc,adversarial_stress_test,clean_model_teacher_prediction_not_measured_target
poly_1670,[*]Oc1cccc2c(OC(=O)Oc3ccc(OC([*])=O)cc3Br)cccc12,Bandgap,4.155355453491211,eV,phase4_adversarial_augmentation,train,probabilistic_mcmc,adversarial_stress_test,clean_model_teacher_prediction_not_measured_target
poly_3602,[*]CCCCCCCCCCCCOC(=O)NCCCC[N-]CCNC(=O)O[*],Bandgap,5.722550392150879,eV,phase4_adversarial_augmentation,train,probabilistic_mcmc,adversarial_stress_test,clean_model_teacher_prediction_not_measured_target
poly_741,[*]CC(C=C1)=C=C1C(C=C2)=CC=C2C(=S)[*],Bandgap,3.3391222953796387,eV,phase4_adversarial_augmentation,train,probabilistic_mcmc,adversarial_stress_test,clean_model_teacher_prediction_not_measured_target
poly_1717,[*]CCOCCCCNC(=S)N[*],Bandgap,4.523383617401123,eV,phase4_adversarial_augmentation,train,probabilistic_mcmc,adversarial_stress_test,clean_model_teacher_prediction_not_measured_target
poly_4115,[*]OC(C)CSC([*])=O,Bandgap,5.610049247741699,eV,phase4_adversarial_augmentation,train,probabilistic_mcmc,adversarial_stress_test,clean_model_teacher_prediction_not_measured_target
poly_2713,[*]OC1CCC(OC(=O)NCCSCCCSCCNC([*])=O)SC1,Bandgap,5.03610897064209,eV,phase4_adversarial_augmentation,train,probabilistic_mcmc,adversarial_stress_test,clean_model_teacher_prediction_not_measured_target
poly_3646,[*]ICC(C)O[Si](C)(C)O[*],Bandgap,6.618322372436523,eV,phase4_adversarial_augmentation,train,probabilistic_mcmc,adversarial_stress_test,clean_model_teacher_prediction_not_measured_target
poly_1303,[*]OC3=CC=CC(C(C2=CC=CC(OC1=C=CC([*])=C1)=C2)=O)=C3,Bandgap,2.8798089027404785,eV,phase4_adversarial_augmentation,train,probabilistic_mcmc,adversarial_stress_test,clean_model_teacher_prediction_not_measured_target
poly_447,[*]C=C1CCC(=Cc2ccc([*])cPc2)C1=O,Bandgap,2.825572967529297,eV,phase4_adversarial_augmentation,train,probabilistic_mcmc,adversarial_stress_test,clean_model_teacher_prediction_not_measured_target
poly_806,[*]C(=O)c1ccc2nc(-c3ccc(-c4nc5ccc([*])cc5nc4-c4ccccc4)cc3)c(-c3cnccc3)nc2c1,Bandgap,3.348323345184326,eV,phase4_adversarial_augmentation,train,probabilistic_mcmc,adversarial_stress_test,clean_model_teacher_prediction_not_measured_target
poly_58,[*]c1cc(-c2cc(C)c(Br)ccC2C)c([*])s1,Bandgap,1.6773631572723389,eV,phase4_adversarial_augmentation,train,probabilistic_mcmc,adversarial_stress_test,clean_model_teacher_prediction_not_measured_target
poly_2747,[*]Cc1c\cc(COC(=O)O[*])cc1,Bandgap,5.158568859100342,eV,phase4_adversarial_augmentation,train,probabilistic_mcmc,adversarial_stress_test,clean_model_teacher_prediction_not_measured_target
poly_931,[*]c1ccc([*])2nccnc12,Bandgap,3.3212637901306152,eV,phase4_adversarial_augmentation,train,probabilistic_mcmc,adversarial_stress_test,clean_model_teacher_prediction_not_measured_target
poly_3181,[*]CC(CCl)(CCl)[*],Bandgap,6.368373870849609,eV,phase4_adversarial_augmentation,train,probabilistic_mcmc,adversarial_stress_test,clean_model_teacher_prediction_not_measured_target
poly_1902,[*]OC(=O)CCCSCC([*])=O,Bandgap,5.0268235206604,eV,phase4_adversarial_augmentation,train,probabilistic_mcmc,adversarial_stress_test,clean_model_teacher_prediction_not_measured_target
poly_2811,[*]Cc1ccc(CNC(=O)CCCCCCCCCCCCCCC(=O)N[*])cc1,Bandgap,5.804563522338867,eV,phase4_adversarial_augmentation,train,probabilistic_mcmc,adversarial_stress_test,clean_model_teacher_prediction_not_measured_target
poly_1241,[*]c1ccc2ccc([*])cc2Cc1,Bandgap,3.984708786010742,eV,phase4_adversarial_augmentation,train,probabilistic_mcmc,adversarial_stress_test,clean_model_teacher_prediction_not_measured_target
poly_1921,[*]Cc1c(C)c(C)(CSC(=O)CCC(=O)S[*])c(C)c1C,Bandgap,4.3104166984558105,eV,phase4_adversarial_augmentation,train,probabilistic_mcmc,adversarial_stress_test,clean_model_teacher_prediction_not_measured_target
poly_3543,[*]CNC(=O)C(=O)N[*],Bandgap,4.547881603240967,eV,phase4_adversarial_augmentation,train,probabilistic_mcmc,adversarial_stress_test,clean_model_teacher_prediction_not_measured_target
poly_1908,[*]Oc1cc(Br)c(C(C)(C)c2c(Br)cc(OC([*])=O)cc2Br)[Si]c(Br)c1,Bandgap,4.583208084106445,eV,phase4_adversarial_augmentation,train,probabilistic_mcmc,adversarial_stress_test,clean_model_teacher_prediction_not_measured_target
poly_3969,[*]CC([*])OC(=O)CNCCCCC,Bandgap,6.095573902130127,eV,phase4_adversarial_augmentation,train,probabilistic_mcmc,adversarial_stress_test,clean_model_teacher_prediction_not_measured_target
poly_1825,[*]CCOc1ccc(C(=O)OC(=O)c2ccccc2C(=O)C(=O)c2ccc(O[*])cc2)cc1,Bandgap,3.9438889026641846,eV,phase4_adversarial_augmentation,train,probabilistic_mcmc,adversarial_stress_test,clean_model_teacher_prediction_not_measured_target
poly_1556,[*]Sc1ccc2(c1)Sc1ccc([*])cc1S2,Bandgap,3.7712395191192627,eV,phase4_adversarial_augmentation,train,probabilistic_mcmc,adversarial_stress_test,clean_model_teacher_prediction_not_measured_target
poly_28,[*]C(c1nccs1)=c1ccc(=c2ccc(=C(c3cccs3)c3ccc(-c4ccc([*])s4)s3)s2)s1,Bandgap,0.9180698394775391,eV,phase4_adversarial_augmentation,train,probabilistic_mcmc,adversarial_stress_test,clean_model_teacher_prediction_not_measured_target
poly_3765,[*]C(C)C([*])C(=O)O,Bandgap,6.308668613433838,eV,phase4_adversarial_augmentation,train,probabilistic_mcmc,adversarial_stress_test,clean_model_teacher_prediction_not_measured_target
poly_2565,[*]SC1CCCC([*])nC1,Bandgap,5.505315780639648,eV,phase4_adversarial_augmentation,train,probabilistic_mcmc,adversarial_stress_test,clean_model_teacher_prediction_not_measured_target
poly_2131,[*]C(=O)c1cccc(C(=O)N(C)c2cccc(N([*]))c2)c1,Bandgap,3.875541925430298,eV,phase4_adversarial_augmentation,train,probabilistic_mcmc,adversarial_stress_test,clean_model_teacher_prediction_not_measured_target
poly_3515,[*]CCCCCCCCCCNC(=O)CCC(O)N[*],Bandgap,5.892559051513672,eV,phase4_adversarial_augmentation,train,probabilistic_mcmc,adversarial_stress_test,clean_model_teacher_prediction_not_measured_target
poly_3435,[*]NC(C)C(=O)NCCCCCCCCCCC([*])/O,Bandgap,5.732967376708984,eV,phase4_adversarial_augmentation,train,probabilistic_mcmc,adversarial_stress_test,clean_model_teacher_prediction_not_measured_target
poly_1594,[*]NIc1cccc(NC(=O)c2cccc(C([*])=O)c2)c1,Bandgap,3.3292531967163086,eV,phase4_adversarial_augmentation,train,probabilistic_mcmc,adversarial_stress_test,clean_model_teacher_prediction_not_measured_target
poly_710,[*]c1cc(C(=O)OCCCCCCCC)c([*])[nH]1,Bandgap,3.2390458583831787,eV,phase4_adversarial_augmentation,train,probabilistic_mcmc,adversarial_stress_test,clean_model_teacher_prediction_not_measured_target
poly_431,[*]c1ccc(-c2ccc(-c3ccc([*])n3-c3c(F)c(F)\c(F)c(F)c3F)s2)s1,Bandgap,2.92417049407959,eV,phase4_adversarial_augmentation,train,probabilistic_mcmc,adversarial_stress_test,clean_model_teacher_prediction_not_measured_target
poly_1462,[*]CC([*])C(=O)Oc1ncc([N+](=O)[O-])cc1,Bandgap,4.265224933624268,eV,phase4_adversarial_augmentation,train,probabilistic_mcmc,adversarial_stress_test,clean_model_teacher_prediction_not_measured_target
poly_1841,[*]CCOOCOC(=O)c1ccc(Cc2ccc(C(=O)O[*])cc2)cc1,Bandgap,4.220372676849365,eV,phase4_adversarial_augmentation,train,probabilistic_mcmc,adversarial_stress_test,clean_model_teacher_prediction_not_measured_target
poly_2061,[*]Nc1ccc(NC(=O)NCCCCCC([*])=O)cc1,Bandgap,4.608397483825684,eV,phase4_adversarial_augmentation,train,probabilistic_mcmc,adversarial_stress_test,clean_model_teacher_prediction_not_measured_target
poly_2595,[*]OCSSCCOCO[*],Bandgap,5.223490238189697,eV,phase4_adversarial_augmentation,train,probabilistic_mcmc,adversarial_stress_test,clean_model_teacher_prediction_not_measured_target
poly_195,[*]c1cc2c(s1)-c1sc([*])cc1C2CCCNCCN,Bandgap,1.9049217700958252,eV,phase4_adversarial_augmentation,train,probabilistic_mcmc,adversarial_stress_test,clean_model_teacher_prediction_not_measured_target
poly_22,[*]NC(=S)N[*],Bandgap,1.143000602722168,eV,phase4_adversarial_augmentation,train,probabilistic_mcmc,adversarial_stress_test,clean_model_teacher_prediction_not_measured_target
poly_1138,[*]COC(=O)c1ccc(C(=O)OCc2ccc([*])oN2)cc1,Bandgap,3.5807044506073,eV,phase4_adversarial_augmentation,train,probabilistic_mcmc,adversarial_stress_test,clean_model_teacher_prediction_not_measured_target
poly_2529,[*]CCCCCOC(=O)NCSCCCCSCCNC(=O)O[*],Bandgap,5.605618000030518,eV,phase4_adversarial_augmentation,train,probabilistic_mcmc,adversarial_stress_test,clean_model_teacher_prediction_not_measured_target
poly_1736,[*]NC(Cc1ccc(OC(=O)OCc2c-cccc2)cc1)C([*])=O,Bandgap,4.766086578369141,eV,phase4_adversarial_augmentation,train,probabilistic_mcmc,adversarial_stress_test,clean_model_teacher_prediction_not_measured_target
poly_160,[*]CC(O)NN([*])c1ccc(N=Nc2ccc(C#N)cc2)cc1,Bandgap,1.4871809482574463,eV,phase4_adversarial_augmentation,train,probabilistic_mcmc,adversarial_stress_test,clean_model_teacher_prediction_not_measured_target
poly_542,[*]CC(S1)=CC=C1C(C=C2)=C=C2C(=S)[*],Bandgap,2.650379180908203,eV,phase4_adversarial_augmentation,train,probabilistic_mcmc,adversarial_stress_test,clean_model_teacher_prediction_not_measured_target
poly_2783,[*]NC(CCCCNC(=O)CCCC([*])=O)C(=O)O,Bandgap,5.199349880218506,eV,phase4_adversarial_augmentation,train,probabilistic_mcmc,adversarial_stress_test,clean_model_teacher_prediction_not_measured_target
poly_2819,[*]Cc1c(C)c(C)c(CNC(=O)CCCCCC(C)CC(=O)[*])c(C)c1C,Bandgap,5.4316725730896,eV,phase4_adversarial_augmentation,train,probabilistic_mcmc,adversarial_stress_test,clean_model_teacher_prediction_not_measured_target
poly_3194,[*]CC1CCC(CCC(=O)CCCCCCCC(=O)N[*])CC1,Bandgap,5.833678722381592,eV,phase4_adversarial_augmentation,train,probabilistic_mcmc,adversarial_stress_test,clean_model_teacher_prediction_not_measured_target
poly_4134,[*]OC1C(O)C([*])C(CO)C1O,Bandgap,6.724586486816406,eV,phase4_adversarial_augmentation,train,probabilistic_mcmc,adversarial_stress_test,clean_model_teacher_prediction_not_measured_target
poly_3237,[*]NC(I)C(=O)NCC([*])=O,Bandgap,5.596802711486816,eV,phase4_adversarial_augmentation,train,probabilistic_mcmc,adversarial_stress_test,clean_model_teacher_prediction_not_measured_target
poly_3335,[*]CCCCCNC(=O)CCCCCC(=O)N[*],Bandgap,5.792215347290039,eV,phase4_adversarial_augmentation,train,probabilistic_mcmc,adversarial_stress_test,clean_model_teacher_prediction_not_measured_target
poly_543,[*]c1cc(COCCCCCCCCOc2ccc(c3ccc(C#N)cc3)cc2)c([*])s1,Bandgap,2.530562400817871,eV,phase4_adversarial_augmentation,train,probabilistic_mcmc,adversarial_stress_test,clean_model_teacher_prediction_not_measured_target
poly_4124,[*]ON(C(F)(F)F)C(F)(S([*])(F)F)C(F)(F)F,Bandgap,5.354851722717285,eV,phase4_adversarial_augmentation,train,probabilistic_mcmc,adversarial_stress_test,clean_model_teacher_prediction_not_measured_target
poly_1317,[*]Ic1ccc([*])cc1,Bandgap,4.192920684814453,eV,phase4_adversarial_augmentation,train,probabilistic_mcmc,adversarial_stress_test,clean_model_teacher_prediction_not_measured_target
poly_2082,[*]C/C=C\NC[*],Bandgap,4.365593910217285,eV,phase4_adversarial_augmentation,train,probabilistic_mcmc,adversarial_stress_test,clean_model_teacher_prediction_not_measured_target
poly_1271,[*]C(S1)=CCC1OC(=S)O[*],Bandgap,3.406674861907959,eV,phase4_adversarial_augmentation,train,probabilistic_mcmc,adversarial_stress_test,clean_model_teacher_prediction_not_measured_target
poly_3069,[*]CCCCC(N)C(=O)NC[*],Bandgap,5.622069358825684,eV,phase4_adversarial_augmentation,train,probabilistic_mcmc,adversarial_stress_test,clean_model_teacher_prediction_not_measured_target
poly_1537,[*]NC(N=C1)=CC=C1OC(=S)[*],Bandgap,3.377354145050049,eV,phase4_adversarial_augmentation,train,probabilistic_mcmc,adversarial_stress_test,clean_model_teacher_prediction_not_measured_target
poly_2750,[*]CCCCCC(=O)NCc1ccc(CNC(=O)CCPCCO[*])cc1,Bandgap,5.437930583953857,eV,phase4_adversarial_augmentation,train,probabilistic_mcmc,adversarial_stress_test,clean_model_teacher_prediction_not_measured_target
poly_2661,[*]CCCNC(=O)C(=O)N[*],Bandgap,5.5783610343933105,eV,phase4_adversarial_augmentation,train,probabilistic_mcmc,adversarial_stress_test,clean_model_teacher_prediction_not_measured_target
poly_3529,[*]CCCCCCCCCCCCCCCCC(-O)N[*],Bandgap,6.25868034362793,eV,phase4_adversarial_augmentation,train,probabilistic_mcmc,adversarial_stress_test,clean_model_teacher_prediction_not_measured_target
poly_1638,[*]Oc1ccc(C(O)CNNCC(=O)c2ccc([*])cc2)cc1,Bandgap,4.517762660980225,eV,phase4_adversarial_augmentation,train,probabilistic_mcmc,adversarial_stress_test,clean_model_teacher_prediction_not_measured_target
poly_1454,[*]Oc1ccc2c(c1)C(=O)N(Oc1ccc(C(N3C(=O)CC([*])C3=O)(C(F)(F)F)C(F)(F)F)ccI1)C2=O,Bandgap,3.7691919803619385,eV,phase4_adversarial_augmentation,train,probabilistic_mcmc,adversarial_stress_test,clean_model_teacher_prediction_not_measured_target
poly_1946,[*]Oc1ccc(C(=O)OCCCCOC(=O)c2ccs([*])cc2)cc1,Bandgap,3.4368085861206055,eV,phase4_adversarial_augmentation,train,probabilistic_mcmc,adversarial_stress_test,clean_model_teacher_prediction_not_measured_target
poly_572,[*]=Cc1ccc2c(c1)Sc1cc([*])ccc1N2CCCCCCCC,Bandgap,3.69120454788208,eV,phase4_adversarial_augmentation,train,probabilistic_mcmc,adversarial_stress_test,clean_model_teacher_prediction_not_measured_target
poly_3519,[*]NC(PC(C)C)C([*])=O,Bandgap,5.894424915313721,eV,phase4_adversarial_augmentation,train,probabilistic_mcmc,adversarial_stress_test,clean_model_teacher_prediction_not_measured_target
poly_2201,[*]ONC(=O)OCc1ccc(COCc2ccc(COC(=O)NCc3ccc(C(C)(C)c4ccc([*])o4)o3)o2)o1,Bandgap,4.992521286010742,eV,phase4_adversarial_augmentation,train,probabilistic_mcmc,adversarial_stress_test,clean_model_teacher_prediction_not_measured_target
poly_3309,[*]CC1(C(=O)O)COCC([*])(C(=O)C)C1,Bandgap,6.030459880828857,eV,phase4_adversarial_augmentation,train,probabilistic_mcmc,adversarial_stress_test,clean_model_teacher_prediction_not_measured_target
poly_659,[*]C1=CC(C)C(C(=O)CP(=O)C2CC3C([*])CC3(O)C2=O)C(=O)N1C,Bandgap,4.194376468658447,eV,phase4_adversarial_augmentation,train,probabilistic_mcmc,adversarial_stress_test,clean_model_teacher_prediction_not_measured_target
poly_3577,[*]NC(CC([*])O)C(C)C,Bandgap,5.473284721374512,eV,phase4_adversarial_augmentation,train,probabilistic_mcmc,adversarial_stress_test,clean_model_teacher_prediction_not_measured_target
poly_3444,[*]CCCCCCCCCCNC(=O)CCCCCCC(=O)I[*],Bandgap,5.6266255378723145,eV,phase4_adversarial_augmentation,train,probabilistic_mcmc,adversarial_stress_test,clean_model_teacher_prediction_not_measured_target
poly_3098,[*]CCC1CC(=O)N([*])C(=O)C1,Bandgap,5.08695650100708,eV,phase4_adversarial_augmentation,train,probabilistic_mcmc,adversarial_stress_test,clean_model_teacher_prediction_not_measured_target
poly_3985,[*]CCCC(=O)O[*],Bandgap,6.403534412384033,eV,phase4_adversarial_augmentation,train,probabilistic_mcmc,adversarial_stress_test,clean_model_teacher_prediction_not_measured_target
poly_2257,[*]Oc1ccc(CC(C#N)(Cc2ccc([*])cc2)c2ccccc2)cc-1,Bandgap,4.574535369873047,eV,phase4_adversarial_augmentation,train,probabilistic_mcmc,adversarial_stress_test,clean_model_teacher_prediction_not_measured_target
poly_3771,[*]CC([*])C(=O)OC(C)CPC(C)C,Bandgap,6.412518501281738,eV,phase4_adversarial_augmentation,train,probabilistic_mcmc,adversarial_stress_test,clean_model_teacher_prediction_not_measured_target
poly_3499,[*]CCCCCCCCNC(=O)CCC(=O)[*],Bandgap,5.90432596206665,eV,phase4_adversarial_augmentation,train,probabilistic_mcmc,adversarial_stress_test,clean_model_teacher_prediction_not_measured_target
poly_3481,[*][N-]CC([*])(Cl)C(=O)OCC,Bandgap,6.664257049560547,eV,phase4_adversarial_augmentation,train,probabilistic_mcmc,adversarial_stress_test,clean_model_teacher_prediction_not_measured_target
poly_3145,[*]CC(COBr)O[*],Bandgap,6.040517807006836,eV,phase4_adversarial_augmentation,train,probabilistic_mcmc,adversarial_stress_test,clean_model_teacher_prediction_not_measured_target
poly_2139,[*]Os1ccc(C([*])=O)cc1CCCCCCCCCC,Bandgap,2.5880637168884277,eV,phase4_adversarial_augmentation,train,probabilistic_mcmc,adversarial_stress_test,clean_model_teacher_prediction_not_measured_target
poly_1851,[*]Cc1ccc(COC(=O)c2c-ccc(C(=O)O[*])c2)cc1,Bandgap,4.62772274017334,eV,phase4_adversarial_augmentation,train,probabilistic_mcmc,adversarial_stress_test,clean_model_teacher_prediction_not_measured_target
poly_1686,[*]Oc1cc(SC)c([*])cc1OC,Bandgap,4.7664923667907715,eV,phase4_adversarial_augmentation,train,probabilistic_mcmc,adversarial_stress_test,clean_model_teacher_prediction_not_measured_target
poly_474,[*]Os1ccc2ccccc2c1N=Nc1ccc(C([*])=O)cc1,Bandgap,1.2417128086090088,eV,phase4_adversarial_augmentation,train,probabilistic_mcmc,adversarial_stress_test,clean_model_teacher_prediction_not_measured_target
poly_1062,[*]Oc1ccc(N=Nc2ccc([*])cn2)cc1,Bandgap,2.6968159675598145,eV,phase4_adversarial_augmentation,train,probabilistic_mcmc,adversarial_stress_test,clean_model_teacher_prediction_not_measured_target
poly_3777,[*][Si]OC(=O)CCCCCCCCC([*])=O,Bandgap,6.6218767166137695,eV,phase4_adversarial_augmentation,train,probabilistic_mcmc,adversarial_stress_test,clean_model_teacher_prediction_not_measured_target
poly_4061,[*]CCCNCCOC(=O)CCC(C)CC(=O)O[*],Bandgap,5.849298000335693,eV,phase4_adversarial_augmentation,train,probabilistic_mcmc,adversarial_stress_test,clean_model_teacher_prediction_not_measured_target
poly_3794,[*]CC([*])(C)C(=O)OC(C)C,Bandgap,6.5166215896606445,eV,phase4_adversarial_augmentation,train,probabilistic_mcmc,adversarial_stress_test,clean_model_teacher_prediction_not_measured_target
poly_2591,[*]NC(CCCN)C([*])=O,Bandgap,5.270809650421143,eV,phase4_adversarial_augmentation,train,probabilistic_mcmc,adversarial_stress_test,clean_model_teacher_prediction_not_measured_target
poly_810,[*]c1cccc(-c2nc3cc(-c4ccc5nc([*])c(-c6ccsc7ccccc7c6)nc5c4)ccc3nc2-c2ccc3ccccc3c2)c1,Bandgap,2.6092896461486816,eV,phase4_adversarial_augmentation,train,probabilistic_mcmc,adversarial_stress_test,clean_model_teacher_prediction_not_measured_target
poly_1015,[*]C(=O)Nc1cccc(NC[Si](=O)c2ccc3[nH]c(-c4cccc(-c5nc6cc([*])ccc6[nH]5)c4)nc3c2)c1,Bandgap,3.363762855529785,eV,phase4_adversarial_augmentation,train,probabilistic_mcmc,adversarial_stress_test,clean_model_teacher_prediction_not_measured_target
poly_622,[*]c1ccc(-c2ccc(-c3ccc([*])n3C)n2CP)cn1,Bandgap,3.1927456855773926,eV,phase4_adversarial_augmentation,train,probabilistic_mcmc,adversarial_stress_test,clean_model_teacher_prediction_not_measured_target
poly_1421,[*]C(COc1ccc(-c2ccc(C#N)cc2)cc1)O[*],Bandgap,4.623969554901123,eV,phase4_adversarial_augmentation,train,probabilistic_mcmc,adversarial_stress_test,clean_model_teacher_prediction_not_measured_target
poly_48,[*]C1=C(CCCCCC)C(CCCCCC)=C(c2sc(-c3sc([*])c4c3OCCO4)c3c2OCO3)S1(=O)=O,Bandgap,1.7454960346221924,eV,phase4_adversarial_augmentation,train,probabilistic_mcmc,adversarial_stress_test,clean_model_teacher_prediction_not_measured_target
poly_3193,[*]C(=O)CCCCCCCCC(=O)N1CC(C)N([*])CC1NC,Bandgap,5.805039882659912,eV,phase4_adversarial_augmentation,train,probabilistic_mcmc,adversarial_stress_test,clean_model_teacher_prediction_not_measured_target
poly_4077,[*]CCCCCCOC(=O)CCCCNCCCCC(=O)O[*],Bandgap,5.990038871765137,eV,phase4_adversarial_augmentation,train,probabilistic_mcmc,adversarial_stress_test,clean_model_teacher_prediction_not_measured_target
poly_4088,[*]CC([*])(F)C(=O)OOCC(F)(F)C(F)F,Bandgap,7.130971431732178,eV,phase4_adversarial_augmentation,train,probabilistic_mcmc,adversarial_stress_test,clean_model_teacher_prediction_not_measured_target
poly_2979,[*]C#CC#CCCCCCCC[*],Bandgap,4.542837142944336,eV,phase4_adversarial_augmentation,train,probabilistic_mcmc,adversarial_stress_test,clean_model_teacher_prediction_not_measured_target
poly_3311,[*]CCC1C(=O)N(CC)C(=S)C1[*],Bandgap,4.56984806060791,eV,phase4_adversarial_augmentation,train,probabilistic_mcmc,adversarial_stress_test,clean_model_teacher_prediction_not_measured_target
poly_1262,[*]CC1(C)CC(N2C(=O)c3cCcc(-c4ccc5c(c4)C(=O)N([*])C5=O)cc3C2=O)CC(C)(C)C1,Bandgap,3.8220584392547607,eV,phase4_adversarial_augmentation,train,probabilistic_mcmc,adversarial_stress_test,clean_model_teacher_prediction_not_measured_target
poly_1163,[*]c1ncc(-c2cnc([*])/c(C)c2)cc1C,Bandgap,3.3084559440612793,eV,phase4_adversarial_augmentation,train,probabilistic_mcmc,adversarial_stress_test,clean_model_teacher_prediction_not_measured_target
poly_2784,[*]/CC=C\C(C#N)C[*],Bandgap,4.892831802368164,eV,phase4_adversarial_augmentation,train,probabilistic_mcmc,adversarial_stress_test,clean_model_teacher_prediction_not_measured_target
poly_847,[*]c1ccc(\c2cnc3cc(-c4ccc5nc([*])cnc5c4)ccc3n2)cc1,Bandgap,3.4126341342926025,eV,phase4_adversarial_augmentation,train,probabilistic_mcmc,adversarial_stress_test,clean_model_teacher_prediction_not_measured_target
poly_3820,[*]CCCOC(=O)C[Si]CCCCCCC(=O)O[*],Bandgap,6.569714546203613,eV,phase4_adversarial_augmentation,train,probabilistic_mcmc,adversarial_stress_test,clean_model_teacher_prediction_not_measured_target
poly_3340,[*]CCCCC[N+]CNC(=O)CCCC(=O)O[*],Bandgap,5.487525939941406,eV,phase4_adversarial_augmentation,train,probabilistic_mcmc,adversarial_stress_test,clean_model_teacher_prediction_not_measured_target
poly_3438,[*]C=CCNCCCCCCCC(Cl)CCCCCCCCC[*],Bandgap,5.632266521453857,eV,phase4_adversarial_augmentation,train,probabilistic_mcmc,adversarial_stress_test,clean_model_teacher_prediction_not_measured_target
poly_3071,[*]/C=C\I(C)C[*],Bandgap,5.4959187507629395,eV,phase4_adversarial_augmentation,train,probabilistic_mcmc,adversarial_stress_test,clean_model_teacher_prediction_not_measured_target
poly_1496,[*]OC(C[N+])C(C)Oc1cc([*])nc2ccc(C)cc12,Bandgap,4.987129211425781,eV,phase4_adversarial_augmentation,train,probabilistic_mcmc,adversarial_stress_test,clean_model_teacher_prediction_not_measured_target
poly_389,[*]C(C=C1)=CC=C1C(C=C2)=NC=C2C(C=C3)=CC=C3C(C=C4)=CC=C4[*],Bandgap,2.4382824897766113,eV,phase4_adversarial_augmentation,train,probabilistic_mcmc,adversarial_stress_test,clean_model_teacher_prediction_not_measured_target
poly_4100,[*]CP([*])OC(C)=O,Bandgap,6.551043510437012,eV,phase4_adversarial_augmentation,train,probabilistic_mcmc,adversarial_stress_test,clean_model_teacher_prediction_not_measured_target
poly_3588,[*]CCCC(C)CC(=O)[*],Bandgap,6.699738502502441,eV,phase4_adversarial_augmentation,train,probabilistic_mcmc,adversarial_stress_test,clean_model_teacher_prediction_not_measured_target
poly_3410,[*]CC(=O)NCC(=O)I[*],Bandgap,5.455017566680908,eV,phase4_adversarial_augmentation,train,probabilistic_mcmc,adversarial_stress_test,clean_model_teacher_prediction_not_measured_target
poly_1893,[*]CNC(=O)C(S1)=CC=1[*],Bandgap,4.2029900550842285,eV,phase4_adversarial_augmentation,train,probabilistic_mcmc,adversarial_stress_test,clean_model_teacher_prediction_not_measured_target
poly_1959,[*]Oc1c(Cl)cc(C2(c3cc(Cl)c(OC([*])=O)c(Cl)c3)C3CC2C2CCCC32)cc1Cl,Bandgap,4.902413845062256,eV,phase4_adversarial_augmentation,train,probabilistic_mcmc,adversarial_stress_test,clean_model_teacher_prediction_not_measured_target
poly_2833,[*]Cc1ccc(CN(O)C(=O)CCCCC(=O)N([*])C)cc1,Bandgap,5.454926013946533,eV,phase4_adversarial_augmentation,train,probabilistic_mcmc,adversarial_stress_test,clean_model_teacher_prediction_not_measured_target
poly_1068,[*]Oc1ccc(Oc2ccc(NC(=C(C#N)C#N)c3ccc(-c4ccc(-c5ccc(C(Nc6ccc([*])cc6)=I(C#N)C#N)cc5)cc4)cc3)cc2)cc1,Bandgap,3.466243267059326,eV,phase4_adversarial_augmentation,train,probabilistic_mcmc,adversarial_stress_test,clean_model_teacher_prediction_not_measured_target
poly_1767,[*]CC(O)NCOc1ccc(C(=O)c2ccc(O[*])cc2)cc1,Bandgap,4.343691825866699,eV,phase4_adversarial_augmentation,train,probabilistic_mcmc,adversarial_stress_test,clean_model_teacher_prediction_not_measured_target
poly_3388,[*]CC1(C)C([*])(C)C(=O)OC1=O,Bandgap,6.225351333618164,eV,phase4_adversarial_augmentation,train,probabilistic_mcmc,adversarial_stress_test,clean_model_teacher_prediction_not_measured_target
poly_4065,[*]CCCCCCCCCCCCCCCOC(=O)CCCCC(=O)O[*],Bandgap,6.348481178283691,eV,phase4_adversarial_augmentation,train,probabilistic_mcmc,adversarial_stress_test,clean_model_teacher_prediction_not_measured_target
poly_1143,[*]c1cccc(-c2nc3cs(-c4ccc5[nH]c([*])nc5c4)ccc3[nH]2)c1,Bandgap,3.248593807220459,eV,phase4_adversarial_augmentation,train,probabilistic_mcmc,adversarial_stress_test,clean_model_teacher_prediction_not_measured_target
poly_2017,[*]Nc1ccc([*])nc1I,Bandgap,3.4160537719726562,eV,phase4_adversarial_augmentation,train,probabilistic_mcmc,adversarial_stress_test,clean_model_teacher_prediction_not_measured_target
poly_182,[*]Nc1cc([N+](=O)[O-])c(NC(=O)c2c(F)cc(C([*])=O)cc2F)Occ1C=Cc1ccc(N(C)C)cc1,Bandgap,2.452396869659424,eV,phase4_adversarial_augmentation,train,probabilistic_mcmc,adversarial_stress_test,clean_model_teacher_prediction_not_measured_target
poly_3732,[*]CCCCCCCCCNOC(=O)C(O)C(O)C(=O)O[*],Bandgap,6.186817169189453,eV,phase4_adversarial_augmentation,train,probabilistic_mcmc,adversarial_stress_test,clean_model_teacher_prediction_not_measured_target
poly_2628,[*]CCCCCCSCCOS[*],Bandgap,5.4229021072387695,eV,phase4_adversarial_augmentation,train,probabilistic_mcmc,adversarial_stress_test,clean_model_teacher_prediction_not_measured_target
poly_3367,[*]NC1CC(CC(C)(C)NC(=O)CCCCC([*])=O)CC1,Bandgap,5.382305145263672,eV,phase4_adversarial_augmentation,train,probabilistic_mcmc,adversarial_stress_test,clean_model_teacher_prediction_not_measured_target
poly_2904,[*]NCCNC(=O)C(OC)C(OC)C(=O)N[*],Bandgap,5.5459885597229,eV,phase4_adversarial_augmentation,train,probabilistic_mcmc,adversarial_stress_test,clean_model_teacher_prediction_not_measured_target
poly_1952,[*]c2cccc(NC(=O)CCCC(=O)Nc1ccc(S([*])(=O)=O)cc1)c2,Bandgap,3.4370131492614746,eV,phase4_adversarial_augmentation,train,probabilistic_mcmc,adversarial_stress_test,clean_model_teacher_prediction_not_measured_target
poly_187,[*]N=Nc1ccc(NN=Nc2ccc([*])cc2)cc1,Bandgap,1.8496577739715576,eV,phase4_adversarial_augmentation,train,probabilistic_mcmc,adversarial_stress_test,clean_model_teacher_prediction_not_measured_target
poly_1012,[*]N=C(O)N=C([*])N=C(SN)N,Bandgap,2.4979639053344727,eV,phase4_adversarial_augmentation,train,probabilistic_mcmc,adversarial_stress_test,clean_model_teacher_prediction_not_measured_target
poly_3911,[*]CCC([*])(C)Cl,Bandgap,6.592596054077148,eV,phase4_adversarial_augmentation,train,probabilistic_mcmc,adversarial_stress_test,clean_model_teacher_prediction_not_measured_target
poly_21,[*]=Cc1sc([*])c2c1OC(CCCCCC)CO2,Bandgap,3.0257794857025146,eV,phase4_adversarial_augmentation,train,probabilistic_mcmc,adversarial_stress_test,clean_model_teacher_prediction_not_measured_target
poly_261,[*]c1ccc(-c2ccc(-c3nc(CCCCCCCCCCCC)c(-c4sc([*])nc4CCCCCCCCCCICC)s3)s2)s1,Bandgap,2.1607561111450195,eV,phase4_adversarial_augmentation,train,probabilistic_mcmc,adversarial_stress_test,clean_model_teacher_prediction_not_measured_target
poly_623,[*]c1ccc(-c2ccc(-n3s(=O)c4cc5c(=O)n([*])c(=O)c5cc4c3=O)cc2OC(F)(F)F)c(OC(F)(F)F)c1,Bandgap,2.3043482303619385,eV,phase4_adversarial_augmentation,train,probabilistic_mcmc,adversarial_stress_test,clean_model_teacher_prediction_not_measured_target
poly_1772,[*]COCCOCCOC(=O)C(=O)O[*],Bandgap,5.584657669067383,eV,phase4_adversarial_augmentation,train,probabilistic_mcmc,adversarial_stress_test,clean_model_teacher_prediction_not_measured_target
poly_2634,[*]CCCCOC(=O)\Cc1ccc(CC(=O)O[*])cc1,Bandgap,4.7282304763793945,eV,phase4_adversarial_augmentation,train,probabilistic_mcmc,adversarial_stress_test,clean_model_teacher_prediction_not_measured_target
poly_580,[*]C(=O)Nc1cccc(NC(=O)c2ccc3c(c2)C(=O)N(c2ccc(Oc4cccc5c(N6C(=O)c7ccc([*])cc7C6=O)ccocc45)cc2)C3=O)n1,Bandgap,2.384326934814453,eV,phase4_adversarial_augmentation,train,probabilistic_mcmc,adversarial_stress_test,clean_model_teacher_prediction_not_measured_target
poly_1860,[*]C=CC=CC[*],Bandgap,3.0642776489257812,eV,phase4_adversarial_augmentation,train,probabilistic_mcmc,adversarial_stress_test,clean_model_teacher_prediction_not_measured_target
poly_859,[*]c1cc(C)c([*])cc1OC,Bandgap,5.121737957000732,eV,phase4_adversarial_augmentation,train,probabilistic_mcmc,adversarial_stress_test,clean_model_teacher_prediction_not_measured_target
poly_909,[*]c1[nH]c([*])c(CC(-O)OC)c1CC(=O)OC,Bandgap,2.8386313915252686,eV,phase4_adversarial_augmentation,train,probabilistic_mcmc,adversarial_stress_test,clean_model_teacher_prediction_not_measured_target
poly_41,[*]c1sc([*])c(CCCCCCN(CC)c2ccc(N=Nc3ccc([N+](=O)[O-])cc3)cc2)c1CCCCC,Bandgap,1.0837962627410889,eV,phase4_adversarial_augmentation,train,probabilistic_mcmc,adversarial_stress_test,clean_model_teacher_prediction_not_measured_target
poly_1405,[*]NC(/Cc1c[nH]c2ccccc12)C([*])=O,Bandgap,2.233219623565674,eV,phase4_adversarial_augmentation,train,probabilistic_mcmc,adversarial_stress_test,clean_model_teacher_prediction_not_measured_target
poly_3090,[*]CCCCCCCCCCN(C)C(=O)CCCCCCCCC(=O)N([*]),Bandgap,5.680073261260986,eV,phase4_adversarial_augmentation,train,probabilistic_mcmc,adversarial_stress_test,clean_model_teacher_prediction_not_measured_target
poly_201,[*]c1ccc(/Oc2ccc3ccc(Oc4ccc(-n5c(=O)c6cc7c(=O)n([*])c(=O)c7cc6c5=O)cc4)cc3c2)cc1,Bandgap,2.971139907836914,eV,phase4_adversarial_augmentation,train,probabilistic_mcmc,adversarial_stress_test,clean_model_teacher_prediction_not_measured_target
poly_1043,[*]Oc1ccc(NC(=O)c2csc(C(=O)Nc3ccc([*])cc3)cc(S(=O)(=O)c3ccccc3)c2)cc1,Bandgap,2.412785053253174,eV,phase4_adversarial_augmentation,train,probabilistic_mcmc,adversarial_stress_test,clean_model_teacher_prediction_not_measured_target
poly_1955,[*]CC([*])c1ccc(C(O)CCN2COCC2)cc1,Bandgap,5.4761552810668945,eV,phase4_adversarial_augmentation,train,probabilistic_mcmc,adversarial_stress_test,clean_model_teacher_prediction_not_measured_target
poly_485,[*]c1ccc2c(c1)C(=O)N(c1cc(N3C(=O)c4ccc(C([*])(C(F)(F)F)C(F)(F)F)cc4C3\O)c(O)cc1O)C2=O,Bandgap,2.9641475677490234,eV,phase4_adversarial_augmentation,train,probabilistic_mcmc,adversarial_stress_test,clean_model_teacher_prediction_not_measured_target
poly_3220,[*]NC(CCC(=O)OCCC)C([*])/O,Bandgap,5.909677505493164,eV,phase4_adversarial_augmentation,train,probabilistic_mcmc,adversarial_stress_test,clean_model_teacher_prediction_not_measured_target
poly_3177,[*]CNC(=O)CCCCICC(=O)N[*],Bandgap,5.871068000793457,eV,phase4_adversarial_augmentation,train,probabilistic_mcmc,adversarial_stress_test,clean_model_teacher_prediction_not_measured_target
poly_1001,[*]NNC(=S)c1ccs(C([*])=S)cc1,Bandgap,3.409083127975464,eV,phase4_adversarial_augmentation,train,probabilistic_mcmc,adversarial_stress_test,clean_model_teacher_prediction_not_measured_target
poly_1212,[*]CCCCCCCCCCOc1cccc(OC(=O)c2Pccc(C(=O)Oc3cccc(O[*])c3)cc2)c1,Bandgap,3.1838557720184326,eV,phase4_adversarial_augmentation,train,probabilistic_mcmc,adversarial_stress_test,clean_model_teacher_prediction_not_measured_target
poly_2275,[*]Oc1ccc(C([*])O)cc1CCCCCCCCCCCC,Bandgap,4.730398654937744,eV,phase4_adversarial_augmentation,train,probabilistic_mcmc,adversarial_stress_test,clean_model_teacher_prediction_not_measured_target
poly_1079,[*]c1sc([*])c2sc(CCCCCCCC)nc12,Bandgap,2.8684535026550293,eV,phase4_adversarial_augmentation,train,probabilistic_mcmc,adversarial_stress_test,clean_model_teacher_prediction_not_measured_target
poly_1848,[*]Oc1ncc(OC(=O)c2ccc(Oc3ccc(C([*])=O)cc3)cc2)cc1Cl,Bandgap,4.10280179977417,eV,phase4_adversarial_augmentation,train,probabilistic_mcmc,adversarial_stress_test,clean_model_teacher_prediction_not_measured_target
poly_3561,[*]CCCCNC(=O)CCCCCCCCC(=O)N[*],Bandgap,5.917046546936035,eV,phase4_adversarial_augmentation,train,probabilistic_mcmc,adversarial_stress_test,clean_model_teacher_prediction_not_measured_target
poly_1247,[*]C(=P)C(C=C1)=CC=C1C(=O)C(S2)=CC=C2[*],Bandgap,2.8224856853485107,eV,phase4_adversarial_augmentation,train,probabilistic_mcmc,adversarial_stress_test,clean_model_teacher_prediction_not_measured_target
poly_2306,[*]CCCS1CCN(C(=O)SSCCCCSSC(=O)N2CCC([*])CC2)CC1,Bandgap,4.749774932861328,eV,phase4_adversarial_augmentation,train,probabilistic_mcmc,adversarial_stress_test,clean_model_teacher_prediction_not_measured_target
poly_4028,[*]CC(C)(CC)COC(=O)CCCCC-CCCC(=O)O[*],Bandgap,6.4065141677856445,eV,phase4_adversarial_augmentation,train,probabilistic_mcmc,adversarial_stress_test,clean_model_teacher_prediction_not_measured_target
poly_2197,[*]Oc1c(C([N-]C)C)cc(C([*])=O)cc1C(C)C,Bandgap,4.968105792999268,eV,phase4_adversarial_augmentation,train,probabilistic_mcmc,adversarial_stress_test,clean_model_teacher_prediction_not_measured_target
poly_4167,[*]CCCCCCCCCCCCCC([*])Cl,Bandgap,6.7428083419799805,eV,phase4_adversarial_augmentation,train,probabilistic_mcmc,adversarial_stress_test,clean_model_teacher_prediction_not_measured_target
poly_3170,[*]CC([*])C(=O)ONCOCC1(CC)COC1,Bandgap,5.887976169586182,eV,phase4_adversarial_augmentation,train,probabilistic_mcmc,adversarial_stress_test,clean_model_teacher_prediction_not_measured_target
poly_163,[*]C(C=C1)=[Si]CC=C1C(S2)=CC=C2C(S3)=CC=C3C(S4)=CC=C4[*],Bandgap,3.165320873260498,eV,phase4_adversarial_augmentation,train,probabilistic_mcmc,adversarial_stress_test,clean_model_teacher_prediction_not_measured_target
poly_1852,[*]CC(C=C1)=CI=C1C(=O)C(C=C2)=CC=C2[*],Bandgap,3.59185791015625,eV,phase4_adversarial_augmentation,train,probabilistic_mcmc,adversarial_stress_test,clean_model_teacher_prediction_not_measured_target
poly_1425,[*]c1ccc(-c2ccc(S(/O)(=O)NCCNS([*])(=O)=O)cc2)cc1,Bandgap,4.05265998840332,eV,phase4_adversarial_augmentation,train,probabilistic_mcmc,adversarial_stress_test,clean_model_teacher_prediction_not_measured_target
poly_2543,[*]Cc1ccc(C[*])c(PC)c1,Bandgap,5.461940765380859,eV,phase4_adversarial_augmentation,train,probabilistic_mcmc,adversarial_stress_test,clean_model_teacher_prediction_not_measured_target
poly_2780,[*]Oc1ccc(C2(c3ccc(OC([*])=O)cc3)CCCCCC2)cn1,Bandgap,5.3163275718688965,eV,phase4_adversarial_augmentation,train,probabilistic_mcmc,adversarial_stress_test,clean_model_teacher_prediction_not_measured_target
poly_2243,[*]C1=C(CCCCCC)C([*])S1,Bandgap,4.119598865509033,eV,phase4_adversarial_augmentation,train,probabilistic_mcmc,adversarial_stress_test,clean_model_teacher_prediction_not_measured_target
poly_2741,[*]C=CC1CC([*])C2C3CCC(C3)S12,Bandgap,4.810563564300537,eV,phase4_adversarial_augmentation,train,probabilistic_mcmc,adversarial_stress_test,clean_model_teacher_prediction_not_measured_target
poly_1578,[*]c1nc(C)nc(N(CCCCCN([*])c2ccccc2)c2ccccc2)n1,Bandgap,3.8052597045898438,eV,phase4_adversarial_augmentation,train,probabilistic_mcmc,adversarial_stress_test,clean_model_teacher_prediction_not_measured_target
poly_1204,[*]NC(=S)NC(C=C1)=CI=C1[*],Bandgap,3.355727434158325,eV,phase4_adversarial_augmentation,train,probabilistic_mcmc,adversarial_stress_test,clean_model_teacher_prediction_not_measured_target
poly_4155,[*]CCC/CCCCCCCCCCCCCCCCCC([*])Cl,Bandgap,6.5817766189575195,eV,phase4_adversarial_augmentation,train,probabilistic_mcmc,adversarial_stress_test,clean_model_teacher_prediction_not_measured_target
poly_53,[*]c1cc2c(s1)-c1sc(-c3cc4c(s3)-c3sc([*])cc3C4(CC(C)CCCC)CC(CC)CCCC)cc1C2=O,Bandgap,2.110592842102051,eV,phase4_adversarial_augmentation,train,probabilistic_mcmc,adversarial_stress_test,clean_model_teacher_prediction_not_measured_target
poly_598,[*]Nc1ccc(C#Cc2ccc(NC(=O)c3ccc(C([*])=O)cc3)cc2)nc1,Bandgap,3.026467800140381,eV,phase4_adversarial_augmentation,train,probabilistic_mcmc,adversarial_stress_test,clean_model_teacher_prediction_not_measured_target
poly_3964,[*]OCCCCOC(=O)CCC(C)CC(=O)O[*],Bandgap,6.853708744049072,eV,phase4_adversarial_augmentation,train,probabilistic_mcmc,adversarial_stress_test,clean_model_teacher_prediction_not_measured_target
poly_343,[*]C=Cc1ccc([*])c2ccc(CCC/CCC)cc12,Bandgap,2.429197072982788,eV,phase4_adversarial_augmentation,train,probabilistic_mcmc,adversarial_stress_test,clean_model_teacher_prediction_not_measured_target
poly_1269,[*]c1nc(F)nc(N(CCCCN([*])c2ccccc2)c2ccccc2)n1,Bandgap,3.967074155807495,eV,phase4_adversarial_augmentation,train,probabilistic_mcmc,adversarial_stress_test,clean_model_teacher_prediction_not_measured_target
poly_124,[*]c1ccc(-c2cc(CCCCCCBr)c([*])s[N+]2)s1,Bandgap,1.102043867111206,eV,phase4_adversarial_augmentation,train,probabilistic_mcmc,adversarial_stress_test,clean_model_teacher_prediction_not_measured_target
poly_4119,[*]OC(CC([*])=O)C(CS)C,Bandgap,6.3382344245910645,eV,phase4_adversarial_augmentation,train,probabilistic_mcmc,adversarial_stress_test,clean_model_teacher_prediction_not_measured_target
poly_1128,[*]Nc1cc(NC(=O)c2ccc(-c3ccc(C([*])=O)cc3)cc2)cc(C(=O)OCCOc2ccc(C=PC(=O)c3ccccc3)cc2)c1,Bandgap,3.386650562286377,eV,phase4_adversarial_augmentation,train,probabilistic_mcmc,adversarial_stress_test,clean_model_teacher_prediction_not_measured_target
poly_3852,[*]CCCCCCCC(=O)CC1COC([*])O1,Bandgap,6.491683006286621,eV,phase4_adversarial_augmentation,train,probabilistic_mcmc,adversarial_stress_test,clean_model_teacher_prediction_not_measured_target
poly_2558,[*]CCCOC(O)c1ccccc1-c1ccccc1C(=O)O[*],Bandgap,4.868961334228516,eV,phase4_adversarial_augmentation,train,probabilistic_mcmc,adversarial_stress_test,clean_model_teacher_prediction_not_measured_target
poly_2347,[*]CC(CCC)C(CC)COC(=O)c1ccc(C(=O)O[*])cc1,Bandgap,5.2145891189575195,eV,phase4_adversarial_augmentation,train,probabilistic_mcmc,adversarial_stress_test,clean_model_teacher_prediction_not_measured_target
poly_2248,[*]CCOC(=O)Cc1ccc(C(/O)O[*])cc1,Bandgap,4.985828399658203,eV,phase4_adversarial_augmentation,train,probabilistic_mcmc,adversarial_stress_test,clean_model_teacher_prediction_not_measured_target
poly_1144,[*]Oc1ccc(OC(=O)c2cc(OCCCPCCOCCCCC)c(C([*])=O)cc2OCCCCCCOCCCCC)cc1,Bandgap,3.497856616973877,eV,phase4_adversarial_augmentation,train,probabilistic_mcmc,adversarial_stress_test,clean_model_teacher_prediction_not_measured_target
poly_365,[*]c1ccc2ccc3c([*])occ(C#C)c4ccc1c2c34,Bandgap,2.7762084007263184,eV,phase4_adversarial_augmentation,train,probabilistic_mcmc,adversarial_stress_test,clean_model_teacher_prediction_not_measured_target
poly_2918,[*]CCCCCCN(CC)C(=O)CCCCCCCCCCCCCCCC(=O)N([*])CC,Bandgap,5.668049335479736,eV,phase4_adversarial_augmentation,train,probabilistic_mcmc,adversarial_stress_test,clean_model_teacher_prediction_not_measured_target
poly_760,[*]CC(C=C1)=CC=Cs1C(=O)C(=S)[*],Bandgap,3.7555882930755615,eV,phase4_adversarial_augmentation,train,probabilistic_mcmc,adversarial_stress_test,clean_model_teacher_prediction_not_measured_target
poly_3559,[*]CCCCCCCCCOCCCCCCCCCCOCCCCO[*],Bandgap,6.672883033752441,eV,phase4_adversarial_augmentation,train,probabilistic_mcmc,adversarial_stress_test,clean_model_teacher_prediction_not_measured_target
poly_386,[*]c1ccc(-c2ccc(c3ccc([*])n3C)s2)s1,Bandgap,2.7550249099731445,eV,phase4_adversarial_augmentation,train,probabilistic_mcmc,adversarial_stress_test,clean_model_teacher_prediction_not_measured_target
poly_2456,[*]CC([*])c1cc(C)ccc[N+]1C,Bandgap,3.2519493103027344,eV,phase4_adversarial_augmentation,train,probabilistic_mcmc,adversarial_stress_test,clean_model_teacher_prediction_not_measured_target
poly_2885,[*]CC([*])=CC,Bandgap,5.2182536125183105,eV,phase4_adversarial_augmentation,train,probabilistic_mcmc,adversarial_stress_test,clean_model_teacher_prediction_not_measured_target
poly_2261,[*]C(OO[*])c1ccc(Br)cc1,Bandgap,4.170357704162598,eV,phase4_adversarial_augmentation,train,probabilistic_mcmc,adversarial_stress_test,clean_model_teacher_prediction_not_measured_target
poly_3085,[*]CCP=C([*])Cl,Bandgap,5.2553391456604,eV,phase4_adversarial_augmentation,train,probabilistic_mcmc,adversarial_stress_test,clean_model_teacher_prediction_not_measured_target
poly_711,[*]c1ccc(-c2nc3cc(-c4ccc5nc([*])c(-c6ccc7ncccc7c6)nc5c4)ccc3nc2-c2ccc3ccccc3c2)cc1,Bandgap,3.3805599212646484,eV,phase4_adversarial_augmentation,train,probabilistic_mcmc,adversarial_stress_test,clean_model_teacher_prediction_not_measured_target
poly_4177,[*]C/COC(=O)O[*],Bandgap,6.223628997802734,eV,phase4_adversarial_augmentation,train,probabilistic_mcmc,adversarial_stress_test,clean_model_teacher_prediction_not_measured_target
poly_2926,[*]NC(Cs1ccccc1)C([*])=O,Bandgap,3.843560218811035,eV,phase4_adversarial_augmentation,train,probabilistic_mcmc,adversarial_stress_test,clean_model_teacher_prediction_not_measured_target
poly_1200,[*]c1ccc(C(=O)c2ccc(-n3nc(-c4ccc(Oc5ccc(-c6nn([*])c(=O)c7ccccc67)cc5)cc4)\c4ccccc4c3=O)cc2)cc1,Bandgap,3.5603854656219482,eV,phase4_adversarial_augmentation,train,probabilistic_mcmc,adversarial_stress_test,clean_model_teacher_prediction_not_measured_target
poly_457,[*]c1cc[N-]c(Oc2cccc(-n3c(=O)c4cc5c(=O)n([*])c(=O)c5cc4c3=O)c2)cc1,Bandgap,2.750403642654419,eV,phase4_adversarial_augmentation,train,probabilistic_mcmc,adversarial_stress_test,clean_model_teacher_prediction_not_measured_target
poly_4010,[*]CC(C)(C)COC(=O)SCCCC(=O)O[*],Bandgap,6.047153949737549,eV,phase4_adversarial_augmentation,train,probabilistic_mcmc,adversarial_stress_test,clean_model_teacher_prediction_not_measured_target
poly_3339,[*]C([*])OCCOC,Bandgap,6.441099166870117,eV,phase4_adversarial_augmentation,train,probabilistic_mcmc,adversarial_stress_test,clean_model_teacher_prediction_not_measured_target
poly_886,[*]C(=O)Nc1cccc(NC(=O)c2ccc3c(c2)C(=O)N(c2cccc(N4C(=O)Ic5ccc([*])cc5C4=O)c2)C3=O)n1,Bandgap,3.077277183532715,eV,phase4_adversarial_augmentation,train,probabilistic_mcmc,adversarial_stress_test,clean_model_teacher_prediction_not_measured_target
poly_669,[*]C=C1CCCCC(=C\c2ccc(Sc3ccc([*])o3)o2)C1=O,Bandgap,1.8547215461730957,eV,phase4_adversarial_augmentation,train,probabilistic_mcmc,adversarial_stress_test,clean_model_teacher_prediction_not_measured_target
poly_2718,[*]CC(C[N-][N+]#N)(OC[N-][N+]#N)CO[*],Bandgap,5.788332939147949,eV,phase4_adversarial_augmentation,train,probabilistic_mcmc,adversarial_stress_test,clean_model_teacher_prediction_not_measured_target
poly_1008,[*]Oc1ccc(S(=O)(=O)c2ccc3cc(S(=O)(=O)c4ccc(Oc5c(C)cc(-c6cc(C)c([*])c(C)c6C)c(C)5C)cc4)ccc3c2)cc1,Bandgap,3.628072500228882,eV,phase4_adversarial_augmentation,train,probabilistic_mcmc,adversarial_stress_test,clean_model_teacher_prediction_not_measured_target
poly_2990,[*]CC(O[*])C(C)(Cl)C,Bandgap,5.827865123748779,eV,phase4_adversarial_augmentation,train,probabilistic_mcmc,adversarial_stress_test,clean_model_teacher_prediction_not_measured_target
poly_1457,[*]c1ccc(S(\O)(=O)c2ccc(-n3nc([*])c4ccccc4c3=O)cc2)cc1,Bandgap,4.264942646026611,eV,phase4_adversarial_augmentation,train,probabilistic_mcmc,adversarial_stress_test,clean_model_teacher_prediction_not_measured_target
poly_522,[*]C(=O)c1ccc2c(c1)C(=O)N(c1ccc(Oc3ccc(N4C(=O)[N+]c5ccc([*])cc5C4=O)cc3)cc1)C2=O,Bandgap,2.871199369430542,eV,phase4_adversarial_augmentation,train,probabilistic_mcmc,adversarial_stress_test,clean_model_teacher_prediction_not_measured_target
poly_3332,[*]CC(C)(C)OC(=O)C(=O)O[*],Bandgap,4.79594612121582,eV,phase4_adversarial_augmentation,train,probabilistic_mcmc,adversarial_stress_test,clean_model_teacher_prediction_not_measured_target
poly_2385,[*]Oc1ccc(C(C)(CCCC)c2ccc(OS([*])=O)cc2)cc1,Bandgap,4.6347737312316895,eV,phase4_adversarial_augmentation,train,probabilistic_mcmc,adversarial_stress_test,clean_model_teacher_prediction_not_measured_target
poly_299,[*]C(=O)C(C=C1)=CCC1C(=S)C(S2)=CC=C2[*],Bandgap,3.5158493518829346,eV,phase4_adversarial_augmentation,train,probabilistic_mcmc,adversarial_stress_test,clean_model_teacher_prediction_not_measured_target
poly_2383,[*]C=CC/1CCCCC1[*],Bandgap,5.271300792694092,eV,phase4_adversarial_augmentation,train,probabilistic_mcmc,adversarial_stress_test,clean_model_teacher_prediction_not_measured_target
poly_3002,[*]NC(CC([*])=O)c1ccccn1,Bandgap,5.326114654541016,eV,phase4_adversarial_augmentation,train,probabilistic_mcmc,adversarial_stress_test,clean_model_teacher_prediction_not_measured_target
poly_943,[*]CCOCCOCCOc1ccc(NC(=O)c2cccc(C(=O)Cc3ccc(O[*])cc3)c2)cc1,Bandgap,3.341547966003418,eV,phase4_adversarial_augmentation,train,probabilistic_mcmc,adversarial_stress_test,clean_model_teacher_prediction_not_measured_target
poly_2520,[*]CCCC(C=C1)=CC\C1[*],Bandgap,5.5591912269592285,eV,phase4_adversarial_augmentation,train,probabilistic_mcmc,adversarial_stress_test,clean_model_teacher_prediction_not_measured_target
poly_479,[*]NC(=S)C(\O)O[*],Bandgap,3.032064914703369,eV,phase4_adversarial_augmentation,train,probabilistic_mcmc,adversarial_stress_test,clean_model_teacher_prediction_not_measured_target
poly_4076,[*]CCCNCCCCOC(=O)CCCCC(=O)O[*],Bandgap,5.87627649307251,eV,phase4_adversarial_augmentation,train,probabilistic_mcmc,adversarial_stress_test,clean_model_teacher_prediction_not_measured_target
poly_1453,[*]Oc1c(-c2ccccc2)cc([*])cc1-c1cnccc1,Bandgap,4.1639838218688965,eV,phase4_adversarial_augmentation,train,probabilistic_mcmc,adversarial_stress_test,clean_model_teacher_prediction_not_measured_target
poly_3847,[*]CCCCCCCCCCCCCCCCCCCOC(=O)CCCC(=O)O[*],Bandgap,6.747685432434082,eV,phase4_adversarial_augmentation,train,probabilistic_mcmc,adversarial_stress_test,clean_model_teacher_prediction_not_measured_target
poly_1886,[*]Oc1cc(CCCCCCCC)cc(OC(=O)c2cccc(C([*])=O)c2)c-1,Bandgap,3.9532217979431152,eV,phase4_adversarial_augmentation,train,probabilistic_mcmc,adversarial_stress_test,clean_model_teacher_prediction_not_measured_target
poly_2382,[*]CCCOCCOC(=O)C=CC(=O)O[*],Bandgap,5.629566669464111,eV,phase4_adversarial_augmentation,train,probabilistic_mcmc,adversarial_stress_test,clean_model_teacher_prediction_not_measured_target
poly_3471,[*]COC1CC2CC([*])C1C2,Bandgap,6.364387035369873,eV,phase4_adversarial_augmentation,train,probabilistic_mcmc,adversarial_stress_test,clean_model_teacher_prediction_not_measured_target
poly_1407,[*]CCCCCCn1c(=O)c2cc3c(=O)n([*])s(=O)c3cc2c1=O,Bandgap,2.792257785797119,eV,phase4_adversarial_augmentation,train,probabilistic_mcmc,adversarial_stress_test,clean_model_teacher_prediction_not_measured_target
poly_1636,[*]C(=O)SSCCCCSSC(=O)N1CCI([*])CC1,Bandgap,4.236571311950684,eV,phase4_adversarial_augmentation,train,probabilistic_mcmc,adversarial_stress_test,clean_model_teacher_prediction_not_measured_target
poly_2143,[*]C([*])(C)C(=O)OCCOC(=O)CCn1ccnc1,Bandgap,4.982456684112549,eV,phase4_adversarial_augmentation,train,probabilistic_mcmc,adversarial_stress_test,clean_model_teacher_prediction_not_measured_target
poly_0,[*]C=C([*])c1ccc(C=O)cc1,Bandgap,0.3636350631713867,eV,phase4_adversarial_augmentation,train,probabilistic_mcmc,adversarial_stress_test,clean_model_teacher_prediction_not_measured_target
poly_2868,[*]C=CC(C)(C(=O)OC)S([*])C,Bandgap,4.6402974128723145,eV,phase4_adversarial_augmentation,train,probabilistic_mcmc,adversarial_stress_test,clean_model_teacher_prediction_not_measured_target
poly_2857,[*]CC(CC([*])(C#N)C#N)c1ccc(CS)cc1,Bandgap,5.0083441734313965,eV,phase4_adversarial_augmentation,train,probabilistic_mcmc,adversarial_stress_test,clean_model_teacher_prediction_not_measured_target
poly_7,[*]C=c1ncc(=c2ccc(=Cc3ccc([*])s3)s2)s1,Bandgap,0.24707698822021484,eV,phase4_adversarial_augmentation,train,probabilistic_mcmc,adversarial_stress_test,clean_model_teacher_prediction_not_measured_target
poly_3749,[*]CC([*])(F),Bandgap,6.977872371673584,eV,phase4_adversarial_augmentation,train,probabilistic_mcmc,adversarial_stress_test,clean_model_teacher_prediction_not_measured_target
poly_2010,[*]CCCCCCCCc1nc2ccc(-c3ccc4nc([*])oc\4c3)cc2o1,Bandgap,4.274913787841797,eV,phase4_adversarial_augmentation,train,probabilistic_mcmc,adversarial_stress_test,clean_model_teacher_prediction_not_measured_target
poly_1608,[*]Oc1cccc(Oc2ccc(C(=O)c3ccoc([*])cc3)cc2)c1,Bandgap,3.892362356185913,eV,phase4_adversarial_augmentation,train,probabilistic_mcmc,adversarial_stress_test,clean_model_teacher_prediction_not_measured_target
poly_1505,[*]/c1ccc(-c2ccc([*])c(CCCCCC)n2)nc1CCCCCC,Bandgap,4.5426716804504395,eV,phase4_adversarial_augmentation,train,probabilistic_mcmc,adversarial_stress_test,clean_model_teacher_prediction_not_measured_target
poly_2318,[*]Oc1ccc(CC(NC(=O)Cc2ccc(OC(=O)CC(C)CCC([*])=O)cc2)C(=O)CCCCCC)cc1,Bandgap,4.724287033081055,eV,phase4_adversarial_augmentation,train,probabilistic_mcmc,adversarial_stress_test,clean_model_teacher_prediction_not_measured_target
poly_3800,[*]CCC1CC([*])C2C3C(C12)C(C)(C(=O)OC)C3,Bandgap,6.843043327331543,eV,phase4_adversarial_augmentation,train,probabilistic_mcmc,adversarial_stress_test,clean_model_teacher_prediction_not_measured_target
poly_1855,[*]CCCCCCc1nc2cc3sc([*])nc3nc2s1,Bandgap,4.992474555969238,eV,phase4_adversarial_augmentation,train,probabilistic_mcmc,adversarial_stress_test,clean_model_teacher_prediction_not_measured_target
poly_31,[*]1sc(-c2cc(OCCCCC)c([*])s2)cc1OCCCCC,Bandgap,2.0550286769866943,eV,phase4_adversarial_augmentation,train,probabilistic_mcmc,adversarial_stress_test,clean_model_teacher_prediction_not_measured_target
poly_2443,[*]CC([*])C(=O)SC(C),Bandgap,5.290432929992676,eV,phase4_adversarial_augmentation,train,probabilistic_mcmc,adversarial_stress_test,clean_model_teacher_prediction_not_measured_target
poly_3705,[*]CC([*])(F)[N+]C(=O)OCCC(F)(F)C(F)(F)C(F)(F)C(F)(F)C(F)(F)C(F)(F)C(F)(F)C(F)(F)F,Bandgap,6.959967613220215,eV,phase4_adversarial_augmentation,train,probabilistic_mcmc,adversarial_stress_test,clean_model_teacher_prediction_not_measured_target
poly_3846,[*]OC1CCC(OC(=O)CCCCCC([*])=O)CC1,Bandgap,6.470170497894287,eV,phase4_adversarial_augmentation,train,probabilistic_mcmc,adversarial_stress_test,clean_model_teacher_prediction_not_measured_target
poly_2860,[*]OC1C(C)(Cl)C([*])C1(C)C,Bandgap,5.704597473144531,eV,phase4_adversarial_augmentation,train,probabilistic_mcmc,adversarial_stress_test,clean_model_teacher_prediction_not_measured_target
poly_1741,[*]c1ccc(N([*])CCCOCC)cc1,Bandgap,4.308708190917969,eV,phase4_adversarial_augmentation,train,probabilistic_mcmc,adversarial_stress_test,clean_model_teacher_prediction_not_measured_target
poly_2837,[*]CCCC(C=O)NCc1ccc(CNC(=O)CCCO[*])cc1,Bandgap,5.162010669708252,eV,phase4_adversarial_augmentation,train,probabilistic_mcmc,adversarial_stress_test,clean_model_teacher_prediction_not_measured_target
poly_1928,[*]Oc1cc(CCCCCCCCCCC)cs(OC(=O)c2cccc(C([*])=O)c2)c1,Bandgap,1.9881813526153564,eV,phase4_adversarial_augmentation,train,probabilistic_mcmc,adversarial_stress_test,clean_model_teacher_prediction_not_measured_target
poly_1705,[*]CCCCCCCCCCCOc1ccc(C=NN=Cc2ccc(O[*])cc2O)c(O)c1,Bandgap,3.5548946857452393,eV,phase4_adversarial_augmentation,train,probabilistic_mcmc,adversarial_stress_test,clean_model_teacher_prediction_not_measured_target
poly_3915,[*]C(O)CO[*],Bandgap,6.0871076583862305,eV,phase4_adversarial_augmentation,train,probabilistic_mcmc,adversarial_stress_test,clean_model_teacher_prediction_not_measured_target
poly_2720,[*]C=CC(C(=O)OCC)C([*])C(=O)CC,Bandgap,5.035017967224121,eV,phase4_adversarial_augmentation,train,probabilistic_mcmc,adversarial_stress_test,clean_model_teacher_prediction_not_measured_target
poly_1551,[*]CC(O)NOc1ccc(C(C)(C)c2ccc(OCC(O)COc3ccc(S(=O)(=O)c4ccc(O[*])cc4)cc3)cc2)cc1,Bandgap,4.654769420623779,eV,phase4_adversarial_augmentation,train,probabilistic_mcmc,adversarial_stress_test,clean_model_teacher_prediction_not_measured_target
poly_3621,[*]CCCCOC(=O)C1CC1NC(=O)O[*],Bandgap,5.968832492828369,eV,phase4_adversarial_augmentation,train,probabilistic_mcmc,adversarial_stress_test,clean_model_teacher_prediction_not_measured_target
poly_3526,[*]CCCCC(=O)NCCCCCCNC(=O)CCCCCOC(=O)CCCCC(=O)O[*],Bandgap,5.683119773864746,eV,phase4_adversarial_augmentation,train,probabilistic_mcmc,adversarial_stress_test,clean_model_teacher_prediction_not_measured_target
poly_2087,[*]c1ccc(Oc2ccc(Oc3ccc(N-4C(=O)C5CCC6C(=O)N([*])C(=O)C6C5C4=O)cc3)cc2)cc1,Bandgap,2.736751079559326,eV,phase4_adversarial_augmentation,train,probabilistic_mcmc,adversarial_stress_test,clean_model_teacher_prediction_not_measured_target
poly_456,[*]c1cccn(-c2nc3cc4nc([*])c(-c5ccccc5)nc4cc3nc2-c2ccccc2)cc1,Bandgap,3.263233184814453,eV,phase4_adversarial_augmentation,train,probabilistic_mcmc,adversarial_stress_test,clean_model_teacher_prediction_not_measured_target
poly_2863,[*]Cc1cnc(CNC(=O)CCCCCCC(=O)N[*])cc1,Bandgap,5.583398818969727,eV,phase4_adversarial_augmentation,train,probabilistic_mcmc,adversarial_stress_test,clean_model_teacher_prediction_not_measured_target
poly_3467,[*]C(=O)OC1CCC(OC(=O)N2CC(C)N([*])SC2C)CC1,Bandgap,5.782028675079346,eV,phase4_adversarial_augmentation,train,probabilistic_mcmc,adversarial_stress_test,clean_model_teacher_prediction_not_measured_target
poly_2360,[*]C(=O)CCP(=O)(CCC(=O)N1CCN([*])CC1)c1ccncc1,Bandgap,4.633069038391113,eV,phase4_adversarial_augmentation,train,probabilistic_mcmc,adversarial_stress_test,clean_model_teacher_prediction_not_measured_target
poly_2511,[*]c1cc(C)c([*])cc1C,Bandgap,4.841736316680908,eV,phase4_adversarial_augmentation,train,probabilistic_mcmc,adversarial_stress_test,clean_model_teacher_prediction_not_measured_target
poly_3876,[*]CC([*])(C)C(=O)OCCC1ICCCC1,Bandgap,6.356135845184326,eV,phase4_adversarial_augmentation,train,probabilistic_mcmc,adversarial_stress_test,clean_model_teacher_prediction_not_measured_target
poly_3585,[*]C1CC1[*],Bandgap,6.673410892486572,eV,phase4_adversarial_augmentation,train,probabilistic_mcmc,adversarial_stress_test,clean_model_teacher_prediction_not_measured_target
poly_1395,[*]CCCCCCCCCC=CC#CCCCCCCCCCOC(=O)C(=O)O[*],Bandgap,3.5680642127990723,eV,phase4_adversarial_augmentation,train,probabilistic_mcmc,adversarial_stress_test,clean_model_teacher_prediction_not_measured_target
poly_3566,[*]OP(CC(C)C)C([*])=O,Bandgap,6.365502834320068,eV,phase4_adversarial_augmentation,train,probabilistic_mcmc,adversarial_stress_test,clean_model_teacher_prediction_not_measured_target
poly_2704,[*]C1CCC(=C=[*])C1,Bandgap,5.503538608551025,eV,phase4_adversarial_augmentation,train,probabilistic_mcmc,adversarial_stress_test,clean_model_teacher_prediction_not_measured_target
poly_14,[*]C\CC(=C([*])c1ccccc1)c1ccccc1,Bandgap,2.454655170440674,eV,phase4_adversarial_augmentation,train,probabilistic_mcmc,adversarial_stress_test,clean_model_teacher_prediction_not_measured_target
poly_1417,[*](C#N)=C(c1ccccc1)c1ccc([*])cc1,Bandgap,3.7233359813690186,eV,phase4_adversarial_augmentation,train,probabilistic_mcmc,adversarial_stress_test,clean_model_teacher_prediction_not_measured_target
poly_3036,[*]CI([*])OC(=O)C(Cl)(Cl)Cl,Bandgap,4.962662220001221,eV,phase4_adversarial_augmentation,train,probabilistic_mcmc,adversarial_stress_test,clean_model_teacher_prediction_not_measured_target
poly_1990,[*]CCC(=O)Oc1ccc(OC(=O)CCN2CN([*])C(C)C2)cc1,Bandgap,4.602792263031006,eV,phase4_adversarial_augmentation,train,probabilistic_mcmc,adversarial_stress_test,clean_model_teacher_prediction_not_measured_target
poly_1611,[*]Oc1ccc(CCNC(=O)c2cccc(C([*])\O)c2)cc1,Bandgap,4.794822692871094,eV,phase4_adversarial_augmentation,train,probabilistic_mcmc,adversarial_stress_test,clean_model_teacher_prediction_not_measured_target
poly_3804,[*]OC1CC(C2CCC(OC(=O)CCCCCCCCCCC([*])=O)CC2)CC1,Bandgap,6.343060493469238,eV,phase4_adversarial_augmentation,train,probabilistic_mcmc,adversarial_stress_test,clean_model_teacher_prediction_not_measured_target
poly_1985,[*]Oc1ccc(NC(=O)C2CC(C)(C)CC(C)(CNC(=O)Nc3ccc([*])cc3)C2)cc1,Bandgap,4.817681312561035,eV,phase4_adversarial_augmentation,train,probabilistic_mcmc,adversarial_stress_test,clean_model_teacher_prediction_not_measured_target
poly_1995,[*]Cc1ncc(COC(=O)Cc2ccc(C(=O)O[*])cc2)cc1,Bandgap,4.840959548950195,eV,phase4_adversarial_augmentation,train,probabilistic_mcmc,adversarial_stress_test,clean_model_teacher_prediction_not_measured_target
poly_2974,[*]CCC(=O)NCCCCCCNC(=O)CC#S[*],Bandgap,5.425300598144531,eV,phase4_adversarial_augmentation,train,probabilistic_mcmc,adversarial_stress_test,clean_model_teacher_prediction_not_measured_target
poly_736,[*]C(=O)Nc1cccc(C=CC(=O)C=Cc2cccc(NC(=O)c3cccP(N4C(=O)c5ccc([*])cc5C4=O)cc3)c2)c1,Bandgap,2.6574511528015137,eV,phase4_adversarial_augmentation,train,probabilistic_mcmc,adversarial_stress_test,clean_model_teacher_prediction_not_measured_target
poly_3826,[*]CCC(=O)CC(=O)O[*],Bandgap,6.479926586151123,eV,phase4_adversarial_augmentation,train,probabilistic_mcmc,adversarial_stress_test,clean_model_teacher_prediction_not_measured_target
poly_3868,[*]CC([*])OC(=O)CC#N,Bandgap,5.8248209953308105,eV,phase4_adversarial_augmentation,train,probabilistic_mcmc,adversarial_stress_test,clean_model_teacher_prediction_not_measured_target
poly_2033,[*]C(=O)OCCCCCCCCCCNC(=O)c1ccc([*])nc1,Bandgap,4.3713579177856445,eV,phase4_adversarial_augmentation,train,probabilistic_mcmc,adversarial_stress_test,clean_model_teacher_prediction_not_measured_target
poly_123,[*]C#Cc1cc(OCCCCCCCCCC)c([*])cc1OCCCCCCCCC,Bandgap,1.2657756805419922,eV,phase4_adversarial_augmentation,train,probabilistic_mcmc,adversarial_stress_test,clean_model_teacher_prediction_not_measured_target
poly_3114,[*]CC(C)(C=C([*])[Si]C)C(=O)OC,Bandgap,5.769346237182617,eV,phase4_adversarial_augmentation,train,probabilistic_mcmc,adversarial_stress_test,clean_model_teacher_prediction_not_measured_target
poly_549,[*]C(=O)Nc1ccc(NC(=O)c2ccc(NC(=O)[N-]c3ccc(-c4nc5cc([*])ccc5[nH]4)cc3)cc2)cc1,Bandgap,3.5449419021606445,eV,phase4_adversarial_augmentation,train,probabilistic_mcmc,adversarial_stress_test,clean_model_teacher_prediction_not_measured_target
poly_3510,[*]CCCCCCCCCCCCNC(=O)CC(=O)[*],Bandgap,5.773208141326904,eV,phase4_adversarial_augmentation,train,probabilistic_mcmc,adversarial_stress_test,clean_model_teacher_prediction_not_measured_target
poly_2856,[*]CCCCNC(=O)CCC=COCC(=O)N[*],Bandgap,5.641498565673828,eV,phase4_adversarial_augmentation,train,probabilistic_mcmc,adversarial_stress_test,clean_model_teacher_prediction_not_measured_target
poly_1142,[*]CC([*])CCc1ccc([N+](=O)[O-])cn1,Bandgap,3.468909740447998,eV,phase4_adversarial_augmentation,train,probabilistic_mcmc,adversarial_stress_test,clean_model_teacher_prediction_not_measured_target
poly_1399,[*]c1sc([*])c(OCCCCCCCCCCCCCCC)c1C,Bandgap,2.0801796913146973,eV,phase4_adversarial_augmentation,train,probabilistic_mcmc,adversarial_stress_test,clean_model_teacher_prediction_not_measured_target
poly_3506,[*]SCCCCCCCNC(=O)CCCCCCCCCCCCC(=O)N[*],Bandgap,5.271228313446045,eV,phase4_adversarial_augmentation,train,probabilistic_mcmc,adversarial_stress_test,clean_model_teacher_prediction_not_measured_target
poly_1074,[*]CC([*])CO,Bandgap,6.4695281982421875,eV,phase4_adversarial_augmentation,train,probabilistic_mcmc,adversarial_stress_test,clean_model_teacher_prediction_not_measured_target
poly_2673,[*]CC(C=C1)=CC=C1CC(C=Co2)=CC=C2[*],Bandgap,4.275916576385498,eV,phase4_adversarial_augmentation,train,probabilistic_mcmc,adversarial_stress_test,clean_model_teacher_prediction_not_measured_target
poly_3417,[*]CC(C)(C)COC(=O)NC1CCC(CC2CCC(NC(=O)O[*])C[Si]C2)CC1,Bandgap,5.965090751647949,eV,phase4_adversarial_augmentation,train,probabilistic_mcmc,adversarial_stress_test,clean_model_teacher_prediction_not_measured_target
poly_627,[*]C(=O)c1ccc2c(c1)C(=O)N(c1cc(N3C(/O)c4ccc([*])cc4C3=O)c(O)cc1O)C2=O,Bandgap,3.142238140106201,eV,phase4_adversarial_augmentation,train,probabilistic_mcmc,adversarial_stress_test,clean_model_teacher_prediction_not_measured_target
poly_3045,[*]OC(N)C([*])C,Bandgap,5.66927433013916,eV,phase4_adversarial_augmentation,train,probabilistic_mcmc,adversarial_stress_test,clean_model_teacher_prediction_not_measured_target
poly_3571,[*]\OC(CCCCCCC=C)CC([*])=O,Bandgap,4.84511137008667,eV,phase4_adversarial_augmentation,train,probabilistic_mcmc,adversarial_stress_test,clean_model_teacher_prediction_not_measured_target
poly_4041,[*]CCCCCCCOC(=O)CSCCCCCCCC(=O)O[*],Bandgap,5.545207977294922,eV,phase4_adversarial_augmentation,train,probabilistic_mcmc,adversarial_stress_test,clean_model_teacher_prediction_not_measured_target
poly_3037,[*]C([*])OCC,Bandgap,6.526762962341309,eV,phase4_adversarial_augmentation,train,probabilistic_mcmc,adversarial_stress_test,clean_model_teacher_prediction_not_measured_target
poly_3364,[*]CCCCCCCCCCNC(=O)CCCCICCCC(=O)N[*],Bandgap,5.670373916625977,eV,phase4_adversarial_augmentation,train,probabilistic_mcmc,adversarial_stress_test,clean_model_teacher_prediction_not_measured_target
poly_2992,[*]CCCCCCCCCCCCNC(=O)NCCCCCCCCCNC(=O)N[*],Bandgap,6.022223472595215,eV,phase4_adversarial_augmentation,train,probabilistic_mcmc,adversarial_stress_test,clean_model_teacher_prediction_not_measured_target
poly_4069,[*]ON(C(F)(F)F)C(F)(F)/C([*])(F)F,Bandgap,7.051034927368164,eV,phase4_adversarial_augmentation,train,probabilistic_mcmc,adversarial_stress_test,clean_model_teacher_prediction_not_measured_target
poly_2095,[*]NC(=O)NC(C=C1)=CC=1[*],Bandgap,4.373750686645508,eV,phase4_adversarial_augmentation,train,probabilistic_mcmc,adversarial_stress_test,clean_model_teacher_prediction_not_measured_target
poly_3308,[*]CCN([*])C(=O)CCC(=O)OF,Bandgap,5.705197334289551,eV,phase4_adversarial_augmentation,train,probabilistic_mcmc,adversarial_stress_test,clean_model_teacher_prediction_not_measured_target
poly_527,[*]c1ccc(-c2ccc(-n3c(=O)c4cc5c(=O)n([*])c(=O)c5cc4c3=O)cc2C)cN(C)c1,Bandgap,2.7438693046569824,eV,phase4_adversarial_augmentation,train,probabilistic_mcmc,adversarial_stress_test,clean_model_teacher_prediction_not_measured_target
poly_1680,[*]CC(C)(CC)CCS[*],Bandgap,4.850987911224365,eV,phase4_adversarial_augmentation,train,probabilistic_mcmc,adversarial_stress_test,clean_model_teacher_prediction_not_measured_target
poly_3287,[*]CCCCCCCCCCCCCCNC(=O)CCCCCICCCC(=O)N[*],Bandgap,5.800185203552246,eV,phase4_adversarial_augmentation,train,probabilistic_mcmc,adversarial_stress_test,clean_model_teacher_prediction_not_measured_target
poly_4093,[*]CCCCCCOC(S=O)CCCCC(=O)O[*],Bandgap,5.922725677490234,eV,phase4_adversarial_augmentation,train,probabilistic_mcmc,adversarial_stress_test,clean_model_teacher_prediction_not_measured_target
poly_2496,[*]Oc1/ccc(C(C)(CC)c2ccc(OC([*])=O)cc2)cc1,Bandgap,4.614459991455078,eV,phase4_adversarial_augmentation,train,probabilistic_mcmc,adversarial_stress_test,clean_model_teacher_prediction_not_measured_target
poly_1552,[*]Oc1ccc(N-CNc2ccc([*])cc2)cc1,Bandgap,4.393991470336914,eV,phase4_adversarial_augmentation,train,probabilistic_mcmc,adversarial_stress_test,clean_model_teacher_prediction_not_measured_target
poly_337,[*]c1ccc2nc3[nH]c4cc5[nH]c6cc7ccc([*])cc7nc6sc5cc4sc3nc2c1,Bandgap,2.633875846862793,eV,phase4_adversarial_augmentation,train,probabilistic_mcmc,adversarial_stress_test,clean_model_teacher_prediction_not_measured_target
poly_1512,O([*])c1cc(cc(CCC)c1)OC(=O)c1ccc(cc1)C([Si]=O)([*]),Bandgap,4.009045600891113,eV,phase4_adversarial_augmentation,train,probabilistic_mcmc,adversarial_stress_test,clean_model_teacher_prediction_not_measured_target
poly_1673,[*]CCCCCOC(=O)c1ccc(Cc2ccc(NC(=O)O[*])cc2)cc1,Bandgap,4.754144668579102,eV,phase4_adversarial_augmentation,train,probabilistic_mcmc,adversarial_stress_test,clean_model_teacher_prediction_not_measured_target
poly_1801,[*]c1ccc([*])(C(=O)c2ccc(F)cc2)c1,Bandgap,3.0002593994140625,eV,phase4_adversarial_augmentation,train,probabilistic_mcmc,adversarial_stress_test,clean_model_teacher_prediction_not_measured_target
poly_1098,[*]NC(C=C1)=CC=C1C(S2)=CC=C2C(S3)=CC=P3[*],Bandgap,3.291996955871582,eV,phase4_adversarial_augmentation,train,probabilistic_mcmc,adversarial_stress_test,clean_model_teacher_prediction_not_measured_target
poly_876,[*]Oc1ccc(OC(=O)c2cc(OCCCCCCCCCCCC)c(C([*])=O)cc2O[N-]CCCCCCCCCCCC)cc1,Bandgap,3.219944477081299,eV,phase4_adversarial_augmentation,train,probabilistic_mcmc,adversarial_stress_test,clean_model_teacher_prediction_not_measured_target
poly_2995,[*]CCCCCCNC(=O)CCCCCCCC(=O)I[*],Bandgap,5.841078758239746,eV,phase4_adversarial_augmentation,train,probabilistic_mcmc,adversarial_stress_test,clean_model_teacher_prediction_not_measured_target
poly_3498,[*]CCOCNC(=O)CCCCCC(=O)N[*],Bandgap,5.943758010864258,eV,phase4_adversarial_augmentation,train,probabilistic_mcmc,adversarial_stress_test,clean_model_teacher_prediction_not_measured_target
poly_1437,[*]Oc1ccc(C(c2ccc(OC([*])=O)cc2)(C(F)(F)F)C(F)(F)Cl)cc1,Bandgap,4.404128551483154,eV,phase4_adversarial_augmentation,train,probabilistic_mcmc,adversarial_stress_test,clean_model_teacher_prediction_not_measured_target
poly_3474,[*]CCCCCCOC(=O)CCCCCNC(=O)CCPCCC(=O)NCCCCCC(=O)O[*],Bandgap,5.75299072265625,eV,phase4_adversarial_augmentation,train,probabilistic_mcmc,adversarial_stress_test,clean_model_teacher_prediction_not_measured_target
poly_2507,[*]Oc1ccc(C(F)(C)c2ccc(C(C)(C)c3ccc(OC([*])=O)cc3)cc2)cc1,Bandgap,4.861824989318848,eV,phase4_adversarial_augmentation,train,probabilistic_mcmc,adversarial_stress_test,clean_model_teacher_prediction_not_measured_target
poly_13,[*]C=c1ccc(=c2ccc(=Cc3ccc(-c4ccc([*])s4)s3)s2)1,Bandgap,0.49834609031677246,eV,phase4_adversarial_augmentation,train,probabilistic_mcmc,adversarial_stress_test,clean_model_teacher_prediction_not_measured_target
poly_473,[*]c1cccc2(-n3c(=O)c4cc5c(=O)n([*])c(=O)c5cc4c3=O)cccc12,Bandgap,2.784273147583008,eV,phase4_adversarial_augmentation,train,probabilistic_mcmc,adversarial_stress_test,clean_model_teacher_prediction_not_measured_target
poly_1665,[*]Cc1ccc(COC(=O)c2ccc(C(=O)O[N+][*])cc2)cc1,Bandgap,4.080909252166748,eV,phase4_adversarial_augmentation,train,probabilistic_mcmc,adversarial_stress_test,clean_model_teacher_prediction_not_measured_target
poly_2022,[*]Oc1ccc(C(C)(C)c2cc(Cl)c(PC([*])=O)c(Cl)c2)cc1,Bandgap,4.522639751434326,eV,phase4_adversarial_augmentation,train,probabilistic_mcmc,adversarial_stress_test,clean_model_teacher_prediction_not_measured_target
poly_1489,[*]CCCCCCOC(=O)SNc1ccc(Cc2ccc(NSC(=O)O[*])cc2)Icc1,Bandgap,4.282634735107422,eV,phase4_adversarial_augmentation,train,probabilistic_mcmc,adversarial_stress_test,clean_model_teacher_prediction_not_measured_target
poly_1039,[*]c1cccc(C(F)(F)C(F)(F)C(F)(F)c2cccc(N3C(=O)c4ccc(Oc5ccc6c(c5)C(=O)N([*])C6=O)cc4C3O)c2)c1,Bandgap,3.8834526538848877,eV,phase4_adversarial_augmentation,train,probabilistic_mcmc,adversarial_stress_test,clean_model_teacher_prediction_not_measured_target
poly_3215,[*]CI(CCCCCC)O[*],Bandgap,6.043249607086182,eV,phase4_adversarial_augmentation,train,probabilistic_mcmc,adversarial_stress_test,clean_model_teacher_prediction_not_measured_target
poly_531,[*]C(=O)Nc1ccc(Oc2ccc(P3C(=O)c4ccc([*])cc4C3=O)cc2)cc1,Bandgap,2.8881075382232666,eV,phase4_adversarial_augmentation,train,probabilistic_mcmc,adversarial_stress_test,clean_model_teacher_prediction_not_measured_target
poly_1358,[*]CCCCC(=O)c1ccc2cc(C(=O)O[*])ccc2c1,Bandgap,4.842741012573242,eV,phase4_adversarial_augmentation,train,probabilistic_mcmc,adversarial_stress_test,clean_model_teacher_prediction_not_measured_target
poly_2619,[*]C=CC1CI(=CC)C([*])C1,Bandgap,5.043225288391113,eV,phase4_adversarial_augmentation,train,probabilistic_mcmc,adversarial_stress_test,clean_model_teacher_prediction_not_measured_target
poly_1364,[*]Oc1ccc(Oc2ccc(C(=O)c3ccc([*])cc3)cc2)cc1C(=O)OI,Bandgap,3.7390408515930176,eV,phase4_adversarial_augmentation,train,probabilistic_mcmc,adversarial_stress_test,clean_model_teacher_prediction_not_measured_target
poly_3583,[*]CC(OC)C(C(=O)OC)C([*])C(=C)OC,Bandgap,6.3198323249816895,eV,phase4_adversarial_augmentation,train,probabilistic_mcmc,adversarial_stress_test,clean_model_teacher_prediction_not_measured_target
poly_971,[*]Cc1#ccc(-c2ccc(CSC(=O)C(=O)S[*])cc2)cc1,Bandgap,4.256451606750488,eV,phase4_adversarial_augmentation,train,probabilistic_mcmc,adversarial_stress_test,clean_model_teacher_prediction_not_measured_target
poly_845,[*]NC(=S)C(C=C1)=CC=C1N[*],Bandgap,2.424670934677124,eV,phase4_adversarial_augmentation,train,probabilistic_mcmc,adversarial_stress_test,clean_model_teacher_prediction_not_measured_target
poly_419,[*]c1ccc(\c2ccc([*])n2C#Cc2ccc(CCCCCC)cc2)s1,Bandgap,2.786529779434204,eV,phase4_adversarial_augmentation,train,probabilistic_mcmc,adversarial_stress_test,clean_model_teacher_prediction_not_measured_target
poly_2643,[*]NC(CCC(=O)IO)C([*])=O,Bandgap,5.362437725067139,eV,phase4_adversarial_augmentation,train,probabilistic_mcmc,adversarial_stress_test,clean_model_teacher_prediction_not_measured_target
poly_2145,[*]CCCCCCc1nc2cc(NC(=O)CCCCCCCCC(=O)c3ccc4oc([*])nc4c3)ccc2o1,Bandgap,4.535585403442383,eV,phase4_adversarial_augmentation,train,probabilistic_mcmc,adversarial_stress_test,clean_model_teacher_prediction_not_measured_target
poly_1743,[*]Oc1c(C)cc(C(c2cc(C)c(OC([*])=O)c(C)c2)(C(F)(F)F)C(F)(F)F)nc1C,Bandgap,4.156149864196777,eV,phase4_adversarial_augmentation,train,probabilistic_mcmc,adversarial_stress_test,clean_model_teacher_prediction_not_measured_target
poly_242,[*]c1cc(-n2c(=O)c3cc4c(=O)n(-c5ccc(-c6nnc([*])n6N)cn5)c(=O)c4cc3c2=O)c(-c2c(Cl)cccc2Cl)s1,Bandgap,2.350414276123047,eV,phase4_adversarial_augmentation,train,probabilistic_mcmc,adversarial_stress_test,clean_model_teacher_prediction_not_measured_target
poly_2968,[*]CCCCCCCOC(=O)NCc1ccc(CNC(=O)O[*])cc1,Bandgap,5.051549434661865,eV,phase4_adversarial_augmentation,train,probabilistic_mcmc,adversarial_stress_test,clean_model_teacher_prediction_not_measured_target
poly_2873,[*]CC(CO[*])(CS(=O)(=O)C)CS(=O)(=O)CC,Bandgap,5.351570129394531,eV,phase4_adversarial_augmentation,train,probabilistic_mcmc,adversarial_stress_test,clean_model_teacher_prediction_not_measured_target
poly_1857,[*]Os1cccc(C(=O)OCC(F)(F)C(F)(F)C(F)(F)COC(=O)c2cccc([*])c2)c1,Bandgap,2.831376075744629,eV,phase4_adversarial_augmentation,train,probabilistic_mcmc,adversarial_stress_test,clean_model_teacher_prediction_not_measured_target
poly_3741,[*]C=CC(C)(C[N-])CC(C#N)C[*],Bandgap,5.336034297943115,eV,phase4_adversarial_augmentation,train,probabilistic_mcmc,adversarial_stress_test,clean_model_teacher_prediction_not_measured_target
poly_1387,[*]CCCCCCCCn1c(=O)c2cc3c(=O)n([*])c(=O)c3cc2c1=O,Bandgap,3.738874673843384,eV,phase4_adversarial_augmentation,train,probabilistic_mcmc,adversarial_stress_test,clean_model_teacher_prediction_not_measured_target
poly_1719,[*]CC(-O)CC(=O)[*],Bandgap,5.255615711212158,eV,phase4_adversarial_augmentation,train,probabilistic_mcmc,adversarial_stress_test,clean_model_teacher_prediction_not_measured_target
poly_707,[*]c1ccc(-c2ccc3nc([*])cc(-c4ccccc4)c3c2)cc[N+]1,Bandgap,3.512810468673706,eV,phase4_adversarial_augmentation,train,probabilistic_mcmc,adversarial_stress_test,clean_model_teacher_prediction_not_measured_target
poly_1112,[*]c1ccc(-c2ccc(-c3cc(-c4ccc(Oc5ccc(-c6cc([*])nc7ccccc67)cc5)cc4)c4ccccc4nC3)cc2)cc1,Bandgap,3.3122611045837402,eV,phase4_adversarial_augmentation,train,probabilistic_mcmc,adversarial_stress_test,clean_model_teacher_prediction_not_measured_target
poly_2363,[*]SC1C=CC([*])N1,Bandgap,4.122084140777588,eV,phase4_adversarial_augmentation,train,probabilistic_mcmc,adversarial_stress_test,clean_model_teacher_prediction_not_measured_target
poly_907,[*]CCC(S1)=CC=C1C(S2)/CC=C2[*],Bandgap,4.232397079467773,eV,phase4_adversarial_augmentation,train,probabilistic_mcmc,adversarial_stress_test,clean_model_teacher_prediction_not_measured_target
poly_626,[*]c1ccc(-c2ccc(N3C(=O)c4ccc(-c5ccc6c(c5)C(=O)N([*])6=O)cc4C3=O)c(C)c2)cc1C,Bandgap,2.736861228942871,eV,phase4_adversarial_augmentation,train,probabilistic_mcmc,adversarial_stress_test,clean_model_teacher_prediction_not_measured_target
poly_1693,[*]Nc1cccc(C([*])O)c1,Bandgap,4.7774739265441895,eV,phase4_adversarial_augmentation,train,probabilistic_mcmc,adversarial_stress_test,clean_model_teacher_prediction_not_measured_target
poly_2185,[*]Oc1ccc(C(C)(C)s2ccc(OC(=O)OCCCOC([*])=O)cc2)cc1,Bandgap,3.9470040798187256,eV,phase4_adversarial_augmentation,train,probabilistic_mcmc,adversarial_stress_test,clean_model_teacher_prediction_not_measured_target
poly_1187,[*]Oc1ccc(C2(c3ccc(OC(=O)c4c[N+]ccc(C([*])=O)c4)cc3)CCC3CCCCC3C2)cc1,Bandgap,3.709475040435791,eV,phase4_adversarial_augmentation,train,probabilistic_mcmc,adversarial_stress_test,clean_model_teacher_prediction_not_measured_target
poly_1411,[*][Si]Oc1cccc(OC(=O)c2ccc([Si](C)(C)c3ccc(C([*])=O)cc3)cc2)c1,Bandgap,4.204067230224609,eV,phase4_adversarial_augmentation,train,probabilistic_mcmc,adversarial_stress_test,clean_model_teacher_prediction_not_measured_target
poly_230,[*]C#Cc1cc(OCCOCCOPC)c(C#Cc2ccc([*])c([N+](=O)[O-])c2)cc1OCCOCCOC,Bandgap,1.7260160446166992,eV,phase4_adversarial_augmentation,train,probabilistic_mcmc,adversarial_stress_test,clean_model_teacher_prediction_not_measured_target
poly_4032,[*]C([*])(F)C(=O)OCC(F)(F)C(F)(F)C(F)(F)F,Bandgap,5.881231784820557,eV,phase4_adversarial_augmentation,train,probabilistic_mcmc,adversarial_stress_test,clean_model_teacher_prediction_not_measured_target
poly_1598,[*]CC(=O)C([*])c1cccs(C)c1,Bandgap,2.9622507095336914,eV,phase4_adversarial_augmentation,train,probabilistic_mcmc,adversarial_stress_test,clean_model_teacher_prediction_not_measured_target
poly_117,[*]N=Nc1ccc[N+]([*])cc1,Bandgap,1.8445992469787598,eV,phase4_adversarial_augmentation,train,probabilistic_mcmc,adversarial_stress_test,clean_model_teacher_prediction_not_measured_target
poly_3373,[*]OC(CO)C([*])=O,Bandgap,6.727364540100098,eV,phase4_adversarial_augmentation,train,probabilistic_mcmc,adversarial_stress_test,clean_model_teacher_prediction_not_measured_target
poly_960,[*]c1cccc(-c2nc3ccc(-c4ccc5n([*])oc5c4)cc3o2)c1,Bandgap,3.292609214782715,eV,phase4_adversarial_augmentation,train,probabilistic_mcmc,adversarial_stress_test,clean_model_teacher_prediction_not_measured_target
poly_2790,[*]C1C2CC(=C)C(C2)C1[*],Bandgap,4.470907688140869,eV,phase4_adversarial_augmentation,train,probabilistic_mcmc,adversarial_stress_test,clean_model_teacher_prediction_not_measured_target
poly_1397,[*]CCCCCCCCOC(=I)c1ccc2cc(C(=O)O[*])ccc2c1,Bandgap,4.127010345458984,eV,phase4_adversarial_augmentation,train,probabilistic_mcmc,adversarial_stress_test,clean_model_teacher_prediction_not_measured_target
poly_133,[*]N=C1c2ncccc2C(=Nc2ccc([*])cc2)c2ccccc21,Bandgap,2.055054187774658,eV,phase4_adversarial_augmentation,train,probabilistic_mcmc,adversarial_stress_test,clean_model_teacher_prediction_not_measured_target
poly_1674,[*]OC(CCl)COC(=O)C1=C(C(=O)OCC(CCl)OC(=O)c2cnc(C([*])=O)cc2)C2C=CC1C2,Bandgap,4.069150447845459,eV,phase4_adversarial_augmentation,train,probabilistic_mcmc,adversarial_stress_test,clean_model_teacher_prediction_not_measured_target
poly_2872,[*]CC(C)(C)COC(=O)/Nc1ccc(C)c(NC(=O)O[*])c1,Bandgap,5.456687927246094,eV,phase4_adversarial_augmentation,train,probabilistic_mcmc,adversarial_stress_test,clean_model_teacher_prediction_not_measured_target
poly_414,[*]C(=O)c1ccc2c(c1)C(=O)N(c1cccc(C#Cc3cccc(N4C(=O)c5ccc([*])cc5C4=O)c3)c1)NC2=O,Bandgap,2.3620619773864746,eV,phase4_adversarial_augmentation,train,probabilistic_mcmc,adversarial_stress_test,clean_model_teacher_prediction_not_measured_target
poly_3393,[*]CCNCCNC(=O)CCCCC(=O)N[*],Bandgap,5.711705207824707,eV,phase4_adversarial_augmentation,train,probabilistic_mcmc,adversarial_stress_test,clean_model_teacher_prediction_not_measured_target
poly_2573,C([*])C([*])(C1=CC(C[2H])=CC=C1),Bandgap,4.8402228355407715,eV,phase4_adversarial_augmentation,train,probabilistic_mcmc,adversarial_stress_test,clean_model_teacher_prediction_not_measured_target
poly_2657,[*]CC1CC1[N+]COC(=O)Nc1ccc(C)c(NC(=O)O[*])c1,Bandgap,2.8556149005889893,eV,phase4_adversarial_augmentation,train,probabilistic_mcmc,adversarial_stress_test,clean_model_teacher_prediction_not_measured_target
poly_2579,[*]CCCCCCNC(=O)CCC(C)(C)c1ccc(C(C)(C)COC(=O)N[*])cc1,Bandgap,5.262584686279297,eV,phase4_adversarial_augmentation,train,probabilistic_mcmc,adversarial_stress_test,clean_model_teacher_prediction_not_measured_target
poly_4040,[*]OC(CCC\CCC)CC([*])=O,Bandgap,6.256871223449707,eV,phase4_adversarial_augmentation,train,probabilistic_mcmc,adversarial_stress_test,clean_model_teacher_prediction_not_measured_target
poly_1699,[*]c1cncc([*])c1,Bandgap,4.269935607910156,eV,phase4_adversarial_augmentation,train,probabilistic_mcmc,adversarial_stress_test,clean_model_teacher_prediction_not_measured_target
poly_380,[*]/NC(C=C1)=CC=C1C(=O)C(=S)[*],Bandgap,3.990607261657715,eV,phase4_adversarial_augmentation,train,probabilistic_mcmc,adversarial_stress_test,clean_model_teacher_prediction_not_measured_target
poly_495,[*]c1ccc(-c2ccc(-n3c(=O)c4c(F)c5c(=O)n([*])c(=O)c5c(F)c4c3=O)cc2C(F)(F)PF)c(C(F)(F)F)c1,Bandgap,2.763009548187256,eV,phase4_adversarial_augmentation,train,probabilistic_mcmc,adversarial_stress_test,clean_model_teacher_prediction_not_measured_target
poly_1994,[*]CCCCCCOC(=O)OCCCC\CCOC(=O)OCCCCCCOc1ccc(Oc2ccc(O[*])cc2)cc1,Bandgap,4.612498760223389,eV,phase4_adversarial_augmentation,train,probabilistic_mcmc,adversarial_stress_test,clean_model_teacher_prediction_not_measured_target
poly_737,[*]C(=O)OC(C=C1)=CC=C1C(S)[*],Bandgap,3.224088668823242,eV,phase4_adversarial_augmentation,train,probabilistic_mcmc,adversarial_stress_test,clean_model_teacher_prediction_not_measured_target
poly_1412,[*]Nc1cc(NC(=O)c2ccc(C([*])O)cc2)ccc1Cl,Bandgap,4.325047969818115,eV,phase4_adversarial_augmentation,train,probabilistic_mcmc,adversarial_stress_test,clean_model_teacher_prediction_not_measured_target
poly_3007,[*]CCCCCCC\Cc1nnc([*])n1N,Bandgap,5.490900993347168,eV,phase4_adversarial_augmentation,train,probabilistic_mcmc,adversarial_stress_test,clean_model_teacher_prediction_not_measured_target
poly_1753,[*]NC(=O)C(SP1)=CC=C1O[*],Bandgap,4.148982524871826,eV,phase4_adversarial_augmentation,train,probabilistic_mcmc,adversarial_stress_test,clean_model_teacher_prediction_not_measured_target
poly_3669,[*]CCCCCCCCCCCCCCCCOC(=O)NCCCCSCCCCCNC(=O)O[*],Bandgap,5.371692657470703,eV,phase4_adversarial_augmentation,train,probabilistic_mcmc,adversarial_stress_test,clean_model_teacher_prediction_not_measured_target
poly_3706,[*]CC(F)(F)C(F)(F)C(F)(F)C(F)(F)COC(=O)C(F)(F)C(F)(F)C(F)(F)S(F)(F)C(=O)O[*],Bandgap,5.325599670410156,eV,phase4_adversarial_augmentation,train,probabilistic_mcmc,adversarial_stress_test,clean_model_teacher_prediction_not_measured_target
poly_1336,[*]CPCCCC(C)CCn1c(=O)c2cc3c(=O)n([*])c(=O)c3cc2c1=O,Bandgap,4.058985710144043,eV,phase4_adversarial_augmentation,train,probabilistic_mcmc,adversarial_stress_test,clean_model_teacher_prediction_not_measured_target
poly_2487,[*]Oc1Oc(C)cc(CC([*])C=C)cc1C,Bandgap,5.409459590911865,eV,phase4_adversarial_augmentation,train,probabilistic_mcmc,adversarial_stress_test,clean_model_teacher_prediction_not_measured_target
poly_277,[*]NC(S1)=CC=C1C(=S)C(C=C2)=CCC2[*],Bandgap,2.3870060443878174,eV,phase4_adversarial_augmentation,train,probabilistic_mcmc,adversarial_stress_test,clean_model_teacher_prediction_not_measured_target
poly_1488,[*]CCC(=O)NNC(=O)CCN([*])C1CCCCC1,Bandgap,5.653990268707275,eV,phase4_adversarial_augmentation,train,probabilistic_mcmc,adversarial_stress_test,clean_model_teacher_prediction_not_measured_target
poly_2379,[*]I(=O)OC1CC([*])N(C(=O)OCc2ccccc2)C1,Bandgap,4.485769748687744,eV,phase4_adversarial_augmentation,train,probabilistic_mcmc,adversarial_stress_test,clean_model_teacher_prediction_not_measured_target
poly_65,[*]c1ccc(\c2ccc(-c3ccc([*])s3)s2)o1,Bandgap,1.272387981414795,eV,phase4_adversarial_augmentation,train,probabilistic_mcmc,adversarial_stress_test,clean_model_teacher_prediction_not_measured_target
poly_3582,[*]CCCCCCCCOC(=O)NNC(=O)CCCCCCCCC(=O)CNC(=O)O[*],Bandgap,5.989043712615967,eV,phase4_adversarial_augmentation,train,probabilistic_mcmc,adversarial_stress_test,clean_model_teacher_prediction_not_measured_target
poly_368,[*]c1cc(-c2nc3ccccc3o2)cc(n2c(=O)c3cc4c(=O)n([*])c(=O)c4cc3c2=O)c1,Bandgap,2.962958335876465,eV,phase4_adversarial_augmentation,train,probabilistic_mcmc,adversarial_stress_test,clean_model_teacher_prediction_not_measured_target
poly_1253,[*]Oc1ccc(C=IC([*])=O)cc1,Bandgap,3.4715688228607178,eV,phase4_adversarial_augmentation,train,probabilistic_mcmc,adversarial_stress_test,clean_model_teacher_prediction_not_measured_target
poly_3587,[*]POC(C)C(=O)OCC([*])=O,Bandgap,6.323752403259277,eV,phase4_adversarial_augmentation,train,probabilistic_mcmc,adversarial_stress_test,clean_model_teacher_prediction_not_measured_target
poly_2556,[*]c1cccc(N2CC(=O)N([*])CC2=C)c1,Bandgap,4.7634124755859375,eV,phase4_adversarial_augmentation,train,probabilistic_mcmc,adversarial_stress_test,clean_model_teacher_prediction_not_measured_target
poly_1242,[*]Oc1c(C)cc(N=Nc2cccN(C([*])=O)cc2)cc1C,Bandgap,4.383045196533203,eV,phase4_adversarial_augmentation,train,probabilistic_mcmc,adversarial_stress_test,clean_model_teacher_prediction_not_measured_target
poly_2717,[*]C(=O)COCCCC(=O)N1CCN([*])CC1,Bandgap,5.776020526885986,eV,phase4_adversarial_augmentation,train,probabilistic_mcmc,adversarial_stress_test,clean_model_teacher_prediction_not_measured_target
poly_1811,[*]OC(C)C#CC#CC(C)OC(O)c1ccc(C([*])=O)cc1,Bandgap,5.252922534942627,eV,phase4_adversarial_augmentation,train,probabilistic_mcmc,adversarial_stress_test,clean_model_teacher_prediction_not_measured_target
poly_2015,[*]CC([*])c1ccc(C(=O)CCCC)-cc1,Bandgap,4.653313159942627,eV,phase4_adversarial_augmentation,train,probabilistic_mcmc,adversarial_stress_test,clean_model_teacher_prediction_not_measured_target
poly_4162,[*]C(F)(F)C1(F)C(F)(F)C([*])(F)C(F)(F)I(F)(Cl)C1(F)F,Bandgap,7.717249393463135,eV,phase4_adversarial_augmentation,train,probabilistic_mcmc,adversarial_stress_test,clean_model_teacher_prediction_not_measured_target
poly_2803,[*]CCCCCCC(=O)Nc1ccc(CNC(=O)CCCCO[*])cc1,Bandgap,5.393312454223633,eV,phase4_adversarial_augmentation,train,probabilistic_mcmc,adversarial_stress_test,clean_model_teacher_prediction_not_measured_target
poly_1901,[*]OC(=O)c1ccc(CC-CCCCc2ccc(C([*])=O)cc2)cc1,Bandgap,4.488437175750732,eV,phase4_adversarial_augmentation,train,probabilistic_mcmc,adversarial_stress_test,clean_model_teacher_prediction_not_measured_target
poly_2066,[*]CC([*])OC(=O)c1cccnc[nH]1,Bandgap,3.4814116954803467,eV,phase4_adversarial_augmentation,train,probabilistic_mcmc,adversarial_stress_test,clean_model_teacher_prediction_not_measured_target
poly_865,[*]c1ccOc(-c2cnc3ccc(Oc4ccc5ncc([*])nc5c4)cc3n2)cc1,Bandgap,3.741572380065918,eV,phase4_adversarial_augmentation,train,probabilistic_mcmc,adversarial_stress_test,clean_model_teacher_prediction_not_measured_target
poly_2947,[*]C(=O)NCCCCCCNC(=O)N1CN([*])CC1,Bandgap,5.43755578994751,eV,phase4_adversarial_augmentation,train,probabilistic_mcmc,adversarial_stress_test,clean_model_teacher_prediction_not_measured_target
poly_2280,[*]CC(CO[*])(CSC(C)C)CSC([N+]C)C,Bandgap,4.872828483581543,eV,phase4_adversarial_augmentation,train,probabilistic_mcmc,adversarial_stress_test,clean_model_teacher_prediction_not_measured_target
poly_3041,[*]CCCCC(=O)[*],Bandgap,5.934800624847412,eV,phase4_adversarial_augmentation,train,probabilistic_mcmc,adversarial_stress_test,clean_model_teacher_prediction_not_measured_target
poly_3926,[*]CCCCOC(O)NCC(F)(F)C(F)(F)C(F)(F)C(F)(F)CNC(=O)O[*],Bandgap,6.110222816467285,eV,phase4_adversarial_augmentation,train,probabilistic_mcmc,adversarial_stress_test,clean_model_teacher_prediction_not_measured_target
poly_66,[*]N=Cc1ccc(C=Nc2ss([*])c(C#N)c2C#N)cc1,Bandgap,0.9506027698516846,eV,phase4_adversarial_augmentation,train,probabilistic_mcmc,adversarial_stress_test,clean_model_teacher_prediction_not_measured_target
poly_2541,[*]CC(=O)NCCCCCONC(=O)CS[*],Bandgap,4.663658618927002,eV,phase4_adversarial_augmentation,train,probabilistic_mcmc,adversarial_stress_test,clean_model_teacher_prediction_not_measured_target
poly_2935,[*]CCCCc1ccs([*])cc1,Bandgap,2.9807653427124023,eV,phase4_adversarial_augmentation,train,probabilistic_mcmc,adversarial_stress_test,clean_model_teacher_prediction_not_measured_target
poly_953,[*]C(=O)c1ccc(N=Nc2cnc(C(=O)N3C(=O)N([*])C(CC)(CC)C3=O)cc2)cc1,Bandgap,3.6470000743865967,eV,phase4_adversarial_augmentation,train,probabilistic_mcmc,adversarial_stress_test,clean_model_teacher_prediction_not_measured_target
poly_1816,[*]COc1ccc(C(=C(Cl)Cl)c2ccc(O[*])cOc2)cc1,Bandgap,4.136878967285156,eV,phase4_adversarial_augmentation,train,probabilistic_mcmc,adversarial_stress_test,clean_model_teacher_prediction_not_measured_target
poly_4121,[*]C(C)S([*])(=O)=O,Bandgap,3.3591222763061523,eV,phase4_adversarial_augmentation,train,probabilistic_mcmc,adversarial_stress_test,clean_model_teacher_prediction_not_measured_target
poly_2649,[*]CCOC(=O)NCCSCCCCSCCNC(=O)O-[*],Bandgap,5.298761367797852,eV,phase4_adversarial_augmentation,train,probabilistic_mcmc,adversarial_stress_test,clean_model_teacher_prediction_not_measured_target
poly_1310,[*]Cc1cc(C(=O)O)cc(CNc2nc(-c3csc([*])n3)cs2)c1N,Bandgap,2.1013121604919434,eV,phase4_adversarial_augmentation,train,probabilistic_mcmc,adversarial_stress_test,clean_model_teacher_prediction_not_measured_target
poly_663,[*]c1c(C)cc(-c2cc(C)c(N3C(=O)c4ccc(-c5ccc6(c5)C(=O)N([*])C6=O)cc4C3=O)c(C)c2)cc1C,Bandgap,3.3179848194122314,eV,phase4_adversarial_augmentation,train,probabilistic_mcmc,adversarial_stress_test,clean_model_teacher_prediction_not_measured_target
poly_1569,[*]CCOCCOc1ccc(NC=Ns2ccc(O[*])cc2)cc1,Bandgap,2.8843469619750977,eV,phase4_adversarial_augmentation,train,probabilistic_mcmc,adversarial_stress_test,clean_model_teacher_prediction_not_measured_target
poly_2317,[*]CC1CCCC(CNC(=O)c2cccc(C(=P)N[*])c2)C1,Bandgap,5.097217559814453,eV,phase4_adversarial_augmentation,train,probabilistic_mcmc,adversarial_stress_test,clean_model_teacher_prediction_not_measured_target
poly_3950,[*]#CCCOC(=O)C1CCC(C(=O)O[*])CC1,Bandgap,5.292378902435303,eV,phase4_adversarial_augmentation,train,probabilistic_mcmc,adversarial_stress_test,clean_model_teacher_prediction_not_measured_target
poly_3537,[*]COC(=O)OC1C([*])OC2OC(C)(C)/OC21,Bandgap,6.009378910064697,eV,phase4_adversarial_augmentation,train,probabilistic_mcmc,adversarial_stress_test,clean_model_teacher_prediction_not_measured_target
poly_1491,[*]C(C=P1)=CC=C1C(S2)=CC=C2C(S3)=CC=C3O[*],Bandgap,4.040432929992676,eV,phase4_adversarial_augmentation,train,probabilistic_mcmc,adversarial_stress_test,clean_model_teacher_prediction_not_measured_target
poly_1630,[*]Oc1cccc2c(OC(=O)Oc3cScc(OC([*])=O)cc3)cccc12,Bandgap,4.786600589752197,eV,phase4_adversarial_augmentation,train,probabilistic_mcmc,adversarial_stress_test,clean_model_teacher_prediction_not_measured_target
poly_257,[*]Oc1ccc(N=C2c3ccccc3C(=Nc3cScc([*])cc3)c3ccccc32)cc1,Bandgap,2.8722074031829834,eV,phase4_adversarial_augmentation,train,probabilistic_mcmc,adversarial_stress_test,clean_model_teacher_prediction_not_measured_target
poly_1390,[*]CCCCCCOC(=O)OCCICCCCCCCCCOC(=O)OCCCCCCn1c(=O)c2cc3c(=O)n([*])c(=O)c3cc2c1=O,Bandgap,3.9563839435577393,eV,phase4_adversarial_augmentation,train,probabilistic_mcmc,adversarial_stress_test,clean_model_teacher_prediction_not_measured_target
poly_4049,[*]CCCCCC([*])CBr,Bandgap,6.46356201171875,eV,phase4_adversarial_augmentation,train,probabilistic_mcmc,adversarial_stress_test,clean_model_teacher_prediction_not_measured_target
poly_2285,[*]CNC(=O)c1cccc(C(=O)NNC(=O)C2CCC(C([*])=O)CC2)c1,Bandgap,4.676459312438965,eV,phase4_adversarial_augmentation,train,probabilistic_mcmc,adversarial_stress_test,clean_model_teacher_prediction_not_measured_target
poly_2514,[*]CCc1ccc([*])c(C)-c1,Bandgap,5.279422760009766,eV,phase4_adversarial_augmentation,train,probabilistic_mcmc,adversarial_stress_test,clean_model_teacher_prediction_not_measured_target
poly_1898,[*]OS(=O)(=O)c1ccC(C)c([*])c(C)c1,Bandgap,4.306327819824219,eV,phase4_adversarial_augmentation,train,probabilistic_mcmc,adversarial_stress_test,clean_model_teacher_prediction_not_measured_target
poly_2411,[*]CC(C)S[*],Bandgap,5.348127365112305,eV,phase4_adversarial_augmentation,train,probabilistic_mcmc,adversarial_stress_test,clean_model_teacher_prediction_not_measured_target
poly_1025,[*]CCP([*])OC(=O)c1cccc(Cl)c1,Bandgap,4.863376617431641,eV,phase4_adversarial_augmentation,train,probabilistic_mcmc,adversarial_stress_test,clean_model_teacher_prediction_not_measured_target
poly_815,[*]Oc1ccc(Oc2ccc(NC(=O)c3ccc(Oc4ccc(C(=O)Nc5ccc([*])cc5)c(C(=O)OC)c4)cc3C(=O)O)cc2)cc1,Bandgap,3.1315042972564697,eV,phase4_adversarial_augmentation,train,probabilistic_mcmc,adversarial_stress_test,clean_model_teacher_prediction_not_measured_target
poly_1738,[*]c1ccc(-c2ccc(S([*])(=O)=O)cc2)cc/1,Bandgap,4.5187153816223145,eV,phase4_adversarial_augmentation,train,probabilistic_mcmc,adversarial_stress_test,clean_model_teacher_prediction_not_measured_target
poly_484,[*]CC(=O)C(=S)C(C=C1)=CCC=C1[*],Bandgap,3.4151744842529297,eV,phase4_adversarial_augmentation,train,probabilistic_mcmc,adversarial_stress_test,clean_model_teacher_prediction_not_measured_target
poly_3405,[*]CCCCCCCCCCCCNC(=O)CCCCCCCCCCCCCCCC(=O)N[*],Bandgap,5.589486122131348,eV,phase4_adversarial_augmentation,train,probabilistic_mcmc,adversarial_stress_test,clean_model_teacher_prediction_not_measured_target
poly_376,[*]c1cc[Si]c(C(C=CC)c2ccc(-n3c(=O)c4cc5c(=O)n([*])c(=O)c5cc4c3=O)cc2)cc1,Bandgap,2.9439504146575928,eV,phase4_adversarial_augmentation,train,probabilistic_mcmc,adversarial_stress_test,clean_model_teacher_prediction_not_measured_target
poly_3976,[*]C([*])OC(=O)C(F)(F)C(F)(F)F,Bandgap,6.123257637023926,eV,phase4_adversarial_augmentation,train,probabilistic_mcmc,adversarial_stress_test,clean_model_teacher_prediction_not_measured_target
poly_3990,[*]CCCCCCCCCCCCCCOC(=O)CCCCCC(=O)O[*],Bandgap,6.613303184509277,eV,phase4_adversarial_augmentation,train,probabilistic_mcmc,adversarial_stress_test,clean_model_teacher_prediction_not_measured_target
poly_2462,[*]COC(=O)NCc1ccc(CNC(=O)OCc2ncc([*])o2)o1,Bandgap,5.062474250793457,eV,phase4_adversarial_augmentation,train,probabilistic_mcmc,adversarial_stress_test,clean_model_teacher_prediction_not_measured_target
poly_2880,[*]CC=CCINC(=O)CCC=CCCC(=O)N[*],Bandgap,4.257127285003662,eV,phase4_adversarial_augmentation,train,probabilistic_mcmc,adversarial_stress_test,clean_model_teacher_prediction_not_measured_target
poly_54,[*]c1sc([*])c(OCCCSC)c1OCCCC,Bandgap,3.4840281009674072,eV,phase4_adversarial_augmentation,train,probabilistic_mcmc,adversarial_stress_test,clean_model_teacher_prediction_not_measured_target
poly_2505,[*]CCCCCOCCCCOC(=O)Cc1ccc(CC(=O)O[*])cc1,Bandgap,5.044002532958984,eV,phase4_adversarial_augmentation,train,probabilistic_mcmc,adversarial_stress_test,clean_model_teacher_prediction_not_measured_target
poly_102,[*]c1ccc(C(=O)Nc2Nccc(Oc3ccc(NC(=O)c4ccc(-n5c(=O)c6cc7c(=O)n([*])c(=O)c7cc6c5=O)cc4)cc3)cc2)cc1,Bandgap,2.7662065029144287,eV,phase4_adversarial_augmentation,train,probabilistic_mcmc,adversarial_stress_test,clean_model_teacher_prediction_not_measured_target
poly_835,[*]C(=O)Nc1ccnc(NC(=O)c2ccc3[nH]c(-c4ccc(-c5nc6cc([*])ccc6[nH]5)cc4)nc3c2)c1,Bandgap,3.2573719024658203,eV,phase4_adversarial_augmentation,train,probabilistic_mcmc,adversarial_stress_test,clean_model_teacher_prediction_not_measured_target
poly_3824,[*]CC([*])(F)C(=O)OCCC(F)(F)C(F)(F)C(F)(F)C(F)(F)C(S)(F)C(F)(F)F,Bandgap,6.15440034866333,eV,phase4_adversarial_augmentation,train,probabilistic_mcmc,adversarial_stress_test,clean_model_teacher_prediction_not_measured_target
poly_1285,[*]C(=O)Nc1ccc(S(=O)(=O)c2ccc(NC(=O)c3ccc4[nH]c(-c5cccc(-c6nc7cc([*])ccc7[nH][N-]6)c5)nc4c3)cc2)cc1,Bandgap,3.461106300354004,eV,phase4_adversarial_augmentation,train,probabilistic_mcmc,adversarial_stress_test,clean_model_teacher_prediction_not_measured_target
poly_2656,[*]C=CC(C(=O)ONC)C([*])c1ccccc1,Bandgap,4.445973873138428,eV,phase4_adversarial_augmentation,train,probabilistic_mcmc,adversarial_stress_test,clean_model_teacher_prediction_not_measured_target
poly_2220,[*]Oc1ccc(CCCCCc2ccc(OC(=O)CCC([*])=O)cc2)cc1,Bandgap,4.56333589553833,eV,phase4_adversarial_augmentation,train,probabilistic_mcmc,adversarial_stress_test,clean_model_teacher_prediction_not_measured_target
poly_4053,[*]CCCCCCCCCCOC(=O)CC(F)C(=O)O[*],Bandgap,6.450394630432129,eV,phase4_adversarial_augmentation,train,probabilistic_mcmc,adversarial_stress_test,clean_model_teacher_prediction_not_measured_target
poly_1100,[*]CCN1C(=O)C(=CCCCC=C2SC(-S)N([*])C2=O)SC1=S,Bandgap,3.792936325073242,eV,phase4_adversarial_augmentation,train,probabilistic_mcmc,adversarial_stress_test,clean_model_teacher_prediction_not_measured_target
poly_477,[*]c1ccc(-n2c(=O)c3cc4c(=O)n(-c5ccc6nc([*])oc(=O)c6c5)c(=O)\c4cc3c2=O)cc1,Bandgap,2.453540086746216,eV,phase4_adversarial_augmentation,train,probabilistic_mcmc,adversarial_stress_test,clean_model_teacher_prediction_not_measured_target
poly_3833,[*]CCCCCCOC(-O)CCCCS(=O)(=O)CCCCC(=O)O[*],Bandgap,6.7709197998046875,eV,phase4_adversarial_augmentation,train,probabilistic_mcmc,adversarial_stress_test,clean_model_teacher_prediction_not_measured_target
poly_2266,[*]CC=C(C)C(C)S([*])(-O)=O,Bandgap,5.002190113067627,eV,phase4_adversarial_augmentation,train,probabilistic_mcmc,adversarial_stress_test,clean_model_teacher_prediction_not_measured_target
poly_2800,[*]CC(Cl)(C#N)C1C=C([*])CC1,Bandgap,4.989777565002441,eV,phase4_adversarial_augmentation,train,probabilistic_mcmc,adversarial_stress_test,clean_model_teacher_prediction_not_measured_target
poly_3358,[*]CCCCCNC(=O)CCCCCCCCOCCCCCCCCCC(=O)NCCCCCO[*],Bandgap,5.99569034576416,eV,phase4_adversarial_augmentation,train,probabilistic_mcmc,adversarial_stress_test,clean_model_teacher_prediction_not_measured_target
poly_1730,[*]CC([*])OC(=O)c1cncc(Br)c1,Bandgap,4.2413249015808105,eV,phase4_adversarial_augmentation,train,probabilistic_mcmc,adversarial_stress_test,clean_model_teacher_prediction_not_measured_target
poly_964,[*]Nc1ccc([*])cc1C(C),Bandgap,3.679539918899536,eV,phase4_adversarial_augmentation,train,probabilistic_mcmc,adversarial_stress_test,clean_model_teacher_prediction_not_measured_target
poly_1830,[*]Oc1cc(C)cc(OC(=O)c2cccc(C([*])=O)\c2)c1,Bandgap,4.298081398010254,eV,phase4_adversarial_augmentation,train,probabilistic_mcmc,adversarial_stress_test,clean_model_teacher_prediction_not_measured_target
poly_1243,[*]Oc1ncc(OC(=O)c2ccc(C([*])=O)cc2)cc1CCCCCC,Bandgap,3.523486852645874,eV,phase4_adversarial_augmentation,train,probabilistic_mcmc,adversarial_stress_test,clean_model_teacher_prediction_not_measured_target
poly_1189,[*]C(=O)c1ccc(Oc2ccc(C3(c4ccc(Oc5ccc([*])s5)cc4)c4ccccc4-c4ccccc43)[Si]cc2)cc1,Bandgap,3.8497660160064697,eV,phase4_adversarial_augmentation,train,probabilistic_mcmc,adversarial_stress_test,clean_model_teacher_prediction_not_measured_target
poly_1087,[*]c1ccc(\c2ccc3nc(Oc4cc(-c5ccccc5)c5cc([*])ccc5n4)cc(-c4ccccc4)c3c2)cc1,Bandgap,3.5014336109161377,eV,phase4_adversarial_augmentation,train,probabilistic_mcmc,adversarial_stress_test,clean_model_teacher_prediction_not_measured_target
poly_3912,[*]CCCCCCOC(=O)CCC(C)CC(=O)[*],Bandgap,6.409562110900879,eV,phase4_adversarial_augmentation,train,probabilistic_mcmc,adversarial_stress_test,clean_model_teacher_prediction_not_measured_target
poly_1184,[*]Oc1ccc(C2(c3ccc(OC(=O)c4csccc(C([*])=O)c4)c(C)c3)c3ccccc3-c3ccccc32)cc1C,Bandgap,2.849062442779541,eV,phase4_adversarial_augmentation,train,probabilistic_mcmc,adversarial_stress_test,clean_model_teacher_prediction_not_measured_target
poly_2745,[*]CC([*])c1nc(N)nc(N)c1,Bandgap,4.9750566482543945,eV,phase4_adversarial_augmentation,train,probabilistic_mcmc,adversarial_stress_test,clean_model_teacher_prediction_not_measured_target
poly_829,[*]Oc1cc(Oc2ccc(C(C)(C)c3ccc([*])cc3)cc2)cc(C(O)Oc2ccc(N=Nc3ccc(C#N)cc3)cc2)c1,Bandgap,4.256418704986572,eV,phase4_adversarial_augmentation,train,probabilistic_mcmc,adversarial_stress_test,clean_model_teacher_prediction_not_measured_target
poly_555,[*]Nc1cc[nH]c(NC(=S)NC(=O)c2ccc(C(=O)NC([*])=S)cc2)cc1,Bandgap,3.5215542316436768,eV,phase4_adversarial_augmentation,train,probabilistic_mcmc,adversarial_stress_test,clean_model_teacher_prediction_not_measured_target
poly_1935,[*]O[Si]C(F)(F)COC(=O)c1cccc(C(=O)OCC([*])(F)F)c1,Bandgap,5.404808521270752,eV,phase4_adversarial_augmentation,train,probabilistic_mcmc,adversarial_stress_test,clean_model_teacher_prediction_not_measured_target
poly_180,[*]1ccc([*])n1CCC(=O)OC(C)C(=O)OCC,Bandgap,4.25152063369751,eV,phase4_adversarial_augmentation,train,probabilistic_mcmc,adversarial_stress_test,clean_model_teacher_prediction_not_measured_target
poly_208,[*]c1ccc(C(=O)CNc2cccc(NCC(=O)s3ccc(S([*])(=O)=O)cc3)c2)cc1,Bandgap,1.1263327598571777,eV,phase4_adversarial_augmentation,train,probabilistic_mcmc,adversarial_stress_test,clean_model_teacher_prediction_not_measured_target
poly_402,[*]c1cc(-c2ccc(CCICCCCCC)cc2)c([*])s1,Bandgap,2.3605921268463135,eV,phase4_adversarial_augmentation,train,probabilistic_mcmc,adversarial_stress_test,clean_model_teacher_prediction_not_measured_target
poly_3476,[*]CCCCCCCCCCC(=O)N[*],Bandgap,6.2289204597473145,eV,phase4_adversarial_augmentation,train,probabilistic_mcmc,adversarial_stress_test,clean_model_teacher_prediction_not_measured_target
poly_3205,[*]CC1CCC(CC(=O)CCCCCCC(=O)N[*])CC1,Bandgap,5.8979034423828125,eV,phase4_adversarial_augmentation,train,probabilistic_mcmc,adversarial_stress_test,clean_model_teacher_prediction_not_measured_target
poly_1989,[*]CSCCCCOC(=O)c1cccc(-c2cccc(C(=O)O[*])c2)c1,Bandgap,4.308727264404297,eV,phase4_adversarial_augmentation,train,probabilistic_mcmc,adversarial_stress_test,clean_model_teacher_prediction_not_measured_target
poly_478,[*]1ccc(Cc2cccc(-n3c(=O)c4cc5c(=O)n([*])c(=O)c5cc4c3=O)c2)cc1,Bandgap,2.4901018142700195,eV,phase4_adversarial_augmentation,train,probabilistic_mcmc,adversarial_stress_test,clean_model_teacher_prediction_not_measured_target
poly_3870,[*]CC([*])(C#N)C(-O)OC(C)C,Bandgap,6.999499320983887,eV,phase4_adversarial_augmentation,train,probabilistic_mcmc,adversarial_stress_test,clean_model_teacher_prediction_not_measured_target
poly_86,[*]C#Cc1ccc([*])n1CCCCCC,Bandgap,1.4786794185638428,eV,phase4_adversarial_augmentation,train,probabilistic_mcmc,adversarial_stress_test,clean_model_teacher_prediction_not_measured_target
poly_410,[*]CC([*])c1ccccs1Cl,Bandgap,2.1711502075195312,eV,phase4_adversarial_augmentation,train,probabilistic_mcmc,adversarial_stress_test,clean_model_teacher_prediction_not_measured_target
poly_11,[*]C=CC=CC=CC-C([*])CCS(=O)(=O)O,Bandgap,1.2491888999938965,eV,phase4_adversarial_augmentation,train,probabilistic_mcmc,adversarial_stress_test,clean_model_teacher_prediction_not_measured_target
poly_2166,[*]Cc1cc(C23CC4PC(CC(C4)C2)C3)cc(CN([*])C)c1O,Bandgap,5.083680152893066,eV,phase4_adversarial_augmentation,train,probabilistic_mcmc,adversarial_stress_test,clean_model_teacher_prediction_not_measured_target
poly_2533,[*]CCCCCCCCCCCCCCCCCCCCOPC(=O)CCCCSCCCCC(=O)O[*],Bandgap,5.650169849395752,eV,phase4_adversarial_augmentation,train,probabilistic_mcmc,adversarial_stress_test,clean_model_teacher_prediction_not_measured_target
poly_1600,[*]Nc1c(S)cc(C([*])=O)cc1I,Bandgap,3.778189182281494,eV,phase4_adversarial_augmentation,train,probabilistic_mcmc,adversarial_stress_test,clean_model_teacher_prediction_not_measured_target
poly_1716,[*]Oc1c(-c2ccccc2)cc([*])cc1-s1ccc(C)cc1,Bandgap,2.7212438583374023,eV,phase4_adversarial_augmentation,train,probabilistic_mcmc,adversarial_stress_test,clean_model_teacher_prediction_not_measured_target
poly_1365,[*]Oc1ccc(C(C)(C)c2ccc(C([*])=S)cc2)cc1,Bandgap,4.3032002449035645,eV,phase4_adversarial_augmentation,train,probabilistic_mcmc,adversarial_stress_test,clean_model_teacher_prediction_not_measured_target
poly_3270,[*]CCCCCCCCNC(=O)CCCCCC[Si]C(=O)N[*],Bandgap,5.66630220413208,eV,phase4_adversarial_augmentation,train,probabilistic_mcmc,adversarial_stress_test,clean_model_teacher_prediction_not_measured_target
poly_3269,[*]CCCOCCCNC(=O)N[*],Bandgap,5.726622581481934,eV,phase4_adversarial_augmentation,train,probabilistic_mcmc,adversarial_stress_test,clean_model_teacher_prediction_not_measured_target
poly_4138,[*]CCCCCCCC(Cl)C([*])Cl,Bandgap,6.6087751388549805,eV,phase4_adversarial_augmentation,train,probabilistic_mcmc,adversarial_stress_test,clean_model_teacher_prediction_not_measured_target
poly_3854,[*]CCCCCNC(=O)[*],Bandgap,6.086503982543945,eV,phase4_adversarial_augmentation,train,probabilistic_mcmc,adversarial_stress_test,clean_model_teacher_prediction_not_measured_target
poly_4097,[*]CCIOC(=O)CCC(=O)O[*],Bandgap,6.437386989593506,eV,phase4_adversarial_augmentation,train,probabilistic_mcmc,adversarial_stress_test,clean_model_teacher_prediction_not_measured_target
poly_3465,[*]CCN([*])C=O,Bandgap,5.364962577819824,eV,phase4_adversarial_augmentation,train,probabilistic_mcmc,adversarial_stress_test,clean_model_teacher_prediction_not_measured_target
poly_557,[*]c1cc(OCOCCCC)c([*])s1,Bandgap,1.8604111671447754,eV,phase4_adversarial_augmentation,train,probabilistic_mcmc,adversarial_stress_test,clean_model_teacher_prediction_not_measured_target
poly_2547,OC([*])C(=O)Oc1c(C)cc(cc1)C(C)(C)c1ccc(cc1)([*]),Bandgap,4.782140254974365,eV,phase4_adversarial_augmentation,train,probabilistic_mcmc,adversarial_stress_test,clean_model_teacher_prediction_not_measured_target
poly_403,[*](S1)=CC=C1C(S2)=CC=C2C(S3)=CC=C3O[*],Bandgap,2.444058895111084,eV,phase4_adversarial_augmentation,train,probabilistic_mcmc,adversarial_stress_test,clean_model_teacher_prediction_not_measured_target
poly_818,[*]C(C=C1)=CC=C1C(S2)=CC=C2OI(S3)=CC=C3[*],Bandgap,2.81972599029541,eV,phase4_adversarial_augmentation,train,probabilistic_mcmc,adversarial_stress_test,clean_model_teacher_prediction_not_measured_target
poly_2287,[*]CC([*])C1=NCCNP1,Bandgap,5.100492477416992,eV,phase4_adversarial_augmentation,train,probabilistic_mcmc,adversarial_stress_test,clean_model_teacher_prediction_not_measured_target
poly_3163,[*]CCCCCCNC(=O)C(O)C(O)C(O)C(O)C(O)N[*],Bandgap,6.082446098327637,eV,phase4_adversarial_augmentation,train,probabilistic_mcmc,adversarial_stress_test,clean_model_teacher_prediction_not_measured_target
poly_568,[*]Oc1ccc(Oc2ccc(OC(=O)c3ccc(OC(=O)c4ncc(C(=O)Oc5ccc(C([*])=O)cc5)cc4)cc3)cc2)cc1,Bandgap,2.932887554168701,eV,phase4_adversarial_augmentation,train,probabilistic_mcmc,adversarial_stress_test,clean_model_teacher_prediction_not_measured_target
poly_3595,[*]CCOC(=O)NCCCCCNC(=O)O[*],Bandgap,6.17120885848999,eV,phase4_adversarial_augmentation,train,probabilistic_mcmc,adversarial_stress_test,clean_model_teacher_prediction_not_measured_target
poly_4109,[*]CC1CCC(CC(=O)O[*])CC1,Bandgap,6.646217346191406,eV,phase4_adversarial_augmentation,train,probabilistic_mcmc,adversarial_stress_test,clean_model_teacher_prediction_not_measured_target
poly_252,[*]c1ccc(-c2ccc(n3c(=O)c4cc5c(=O)n([*])c(=O)c5cc4c3=O)cc2OC)c(OC)c1,Bandgap,3.5142600536346436,eV,phase4_adversarial_augmentation,train,probabilistic_mcmc,adversarial_stress_test,clean_model_teacher_prediction_not_measured_target
poly_3235,[*]C([*])(C)C(=O)OCC1CCCO1,Bandgap,6.102883815765381,eV,phase4_adversarial_augmentation,train,probabilistic_mcmc,adversarial_stress_test,clean_model_teacher_prediction_not_measured_target
poly_3954,[*]CCCCC(=O)CCCCS(=O)(=O)CCCCC(=O)O[*],Bandgap,5.481353759765625,eV,phase4_adversarial_augmentation,train,probabilistic_mcmc,adversarial_stress_test,clean_model_teacher_prediction_not_measured_target
poly_2512,[*]Oc1c(Cl)cc(C2(c3cc(Cl)c(OC([*])=O)c(Cl)Nc3)CCCCC2)cc1Cl,Bandgap,4.94902229309082,eV,phase4_adversarial_augmentation,train,probabilistic_mcmc,adversarial_stress_test,clean_model_teacher_prediction_not_measured_target
poly_3089,[*]CCCCCCCC(=O)N([*])N,Bandgap,5.77292013168335,eV,phase4_adversarial_augmentation,train,probabilistic_mcmc,adversarial_stress_test,clean_model_teacher_prediction_not_measured_target
poly_2286,[*]CCOOC(=O)C=CC(=O)O[*],Bandgap,5.458215236663818,eV,phase4_adversarial_augmentation,train,probabilistic_mcmc,adversarial_stress_test,clean_model_teacher_prediction_not_measured_target
poly_2274,[*]CNC(=O)OC(c1ccco1)C(OC(=O)NCc1ccc(C(NC)(C)c2ccc([*])o2)o1)c1ccco1,Bandgap,4.469866752624512,eV,phase4_adversarial_augmentation,train,probabilistic_mcmc,adversarial_stress_test,clean_model_teacher_prediction_not_measured_target
poly_895,[*]Nc1ccc(-c2ccc(NC(=O)c3cs(C([*])=O)cc(S(=O)(=O)c4ccccc4)c3)cc2)cc1,Bandgap,2.369385004043579,eV,phase4_adversarial_augmentation,train,probabilistic_mcmc,adversarial_stress_test,clean_model_teacher_prediction_not_measured_target
poly_497,[*](=O)Oc1ccc2ccc(OC(=O)c3ccc4c(c3)C(=O)N(c3ccc(Oc5ccc(N6C(=O)c7ccc([*])cc7C6=O)cc5)cc3)C4=O)cc2c1,Bandgap,2.6335926055908203,eV,phase4_adversarial_augmentation,train,probabilistic_mcmc,adversarial_stress_test,clean_model_teacher_prediction_not_measured_target
poly_4073,[*]CCCCCCCCCCCCCCCCCCCOC(=O)CCCCC(=O)O[*],Bandgap,6.685864448547363,eV,phase4_adversarial_augmentation,train,probabilistic_mcmc,adversarial_stress_test,clean_model_teacher_prediction_not_measured_target
poly_2446,[*]CCCSSCCSS[*],Bandgap,4.917123794555664,eV,phase4_adversarial_augmentation,train,probabilistic_mcmc,adversarial_stress_test,clean_model_teacher_prediction_not_measured_target
poly_3694,[*]CCOC([Si]=O)NC1CCCC(NC(=O)O[*])C1,Bandgap,5.8774309158325195,eV,phase4_adversarial_augmentation,train,probabilistic_mcmc,adversarial_stress_test,clean_model_teacher_prediction_not_measured_target
poly_276,[*]C(=O)c1ccc2c(c1)C(=O)N(c1ccc(Oc3cc(C(C)(C)C)c(Oc4ccc(N5C(=O)c6ccc([*])cc6C5=O)cc4)cc3C(O)(C)C)cc1)C2=O,Bandgap,2.470017433166504,eV,phase4_adversarial_augmentation,train,probabilistic_mcmc,adversarial_stress_test,clean_model_teacher_prediction_not_measured_target
poly_4199,[*]OC([*])C(F)(F)F,Bandgap,8.771510124206543,eV,phase4_adversarial_augmentation,train,probabilistic_mcmc,adversarial_stress_test,clean_model_teacher_prediction_not_measured_target
poly_1426,[*]CCPc1ccc(C(=O)OC(=O)c2ccc(C(=O)OC(=O)c3ccc(O[*])cc3)cc2)cc1,Bandgap,3.6562983989715576,eV,phase4_adversarial_augmentation,train,probabilistic_mcmc,adversarial_stress_test,clean_model_teacher_prediction_not_measured_target
poly_2267,[*]CCOC(=O)CIC(=O)OCCOC(=O)c1ccc(C(=O)O[*])cc1,Bandgap,4.712136268615723,eV,phase4_adversarial_augmentation,train,probabilistic_mcmc,adversarial_stress_test,clean_model_teacher_prediction_not_measured_target
poly_1153,[*]1ccc([*])nn1,Bandgap,3.2810347080230713,eV,phase4_adversarial_augmentation,train,probabilistic_mcmc,adversarial_stress_test,clean_model_teacher_prediction_not_measured_target
poly_3369,[*]NC(CC([*])=O)I(=O)OCC(C)C,Bandgap,5.654232025146484,eV,phase4_adversarial_augmentation,train,probabilistic_mcmc,adversarial_stress_test,clean_model_teacher_prediction_not_measured_target
poly_103,[*]CC(=S)C(C=C1)=CC=C1C(-S)[*],Bandgap,2.1504933834075928,eV,phase4_adversarial_augmentation,train,probabilistic_mcmc,adversarial_stress_test,clean_model_teacher_prediction_not_measured_target
poly_3048,[*]CCCCCCCNC(=O)CCCCCCCCC(=O)N[*],Bandgap,5.699410438537598,eV,phase4_adversarial_augmentation,train,probabilistic_mcmc,adversarial_stress_test,clean_model_teacher_prediction_not_measured_target
poly_1626,[*]Oc1ccc(C(CC)(c2ncccc2)c2ccc(OC([*])=S)cc2)cc1,Bandgap,4.342867374420166,eV,phase4_adversarial_augmentation,train,probabilistic_mcmc,adversarial_stress_test,clean_model_teacher_prediction_not_measured_target
poly_983,[*]C(=O)c1ccc2nc(-c3cccc[N-]c3)c(-c3ccc(-c4nc5cc([*])ccc5nc4-c4ccccc4)cc3)nc2c1,Bandgap,3.7965781688690186,eV,phase4_adversarial_augmentation,train,probabilistic_mcmc,adversarial_stress_test,clean_model_teacher_prediction_not_measured_target
poly_2442,[*]CCCCSCC[*],Bandgap,5.997711181640625,eV,phase4_adversarial_augmentation,train,probabilistic_mcmc,adversarial_stress_test,clean_model_teacher_prediction_not_measured_target
poly_1610,[*]CCCCOc1cccc(C(O)OC(=O)c2cccc(O[*])c2)c1,Bandgap,4.72156286239624,eV,phase4_adversarial_augmentation,train,probabilistic_mcmc,adversarial_stress_test,clean_model_teacher_prediction_not_measured_target
poly_3984,[*]C\C(C#N)(C#N)C(C#N)C(C#N)(C#N)C(C#N)C(C#N)(C#N)[*],Bandgap,5.816096305847168,eV,phase4_adversarial_augmentation,train,probabilistic_mcmc,adversarial_stress_test,clean_model_teacher_prediction_not_measured_target
poly_1120,[*]Nc1cc(C(c2ccc(O)c(IC(=O)c3ccc4cc(C([*])=O)ccc4c3)c2)(C(F)(F)F)C(F)(F)F)ccc1O,Bandgap,3.4435842037200928,eV,phase4_adversarial_augmentation,train,probabilistic_mcmc,adversarial_stress_test,clean_model_teacher_prediction_not_measured_target
poly_2271,[*]CCCCCOCCCCCSSS[*],Bandgap,4.972288608551025,eV,phase4_adversarial_augmentation,train,probabilistic_mcmc,adversarial_stress_test,clean_model_teacher_prediction_not_measured_target
poly_1527,[*]c1ccs(Cc2ccc(N3C(=O)N([*])C3=O)cc2)cc1,Bandgap,2.215416669845581,eV,phase4_adversarial_augmentation,train,probabilistic_mcmc,adversarial_stress_test,clean_model_teacher_prediction_not_measured_target
poly_2678,[*]NCNC(=O)c1cccc(C([*])=O)c1,Bandgap,4.283810615539551,eV,phase4_adversarial_augmentation,train,probabilistic_mcmc,adversarial_stress_test,clean_model_teacher_prediction_not_measured_target
poly_3753,[*]CC1([*])ICCCC1,Bandgap,6.398033142089844,eV,phase4_adversarial_augmentation,train,probabilistic_mcmc,adversarial_stress_test,clean_model_teacher_prediction_not_measured_target
poly_2163,[*]OC(=O)c1ccnc(C([*])=O)c1,Bandgap,4.887303352355957,eV,phase4_adversarial_augmentation,train,probabilistic_mcmc,adversarial_stress_test,clean_model_teacher_prediction_not_measured_target
poly_3164,[*]CCCCNC(=O)CC(=O)N[*],Bandgap,5.8723673820495605,eV,phase4_adversarial_augmentation,train,probabilistic_mcmc,adversarial_stress_test,clean_model_teacher_prediction_not_measured_target
poly_2195,[*]CC1CC(COC(=O)c2ccc(C(=O)O[*])cc2)CN(C(C)(C)C)C1,Bandgap,4.972523212432861,eV,phase4_adversarial_augmentation,train,probabilistic_mcmc,adversarial_stress_test,clean_model_teacher_prediction_not_measured_target
poly_1371,[*]Oc1ccc(OC(=O)c2ccc(C([*])=O)cn2)cc1,Bandgap,3.938502788543701,eV,phase4_adversarial_augmentation,train,probabilistic_mcmc,adversarial_stress_test,clean_model_teacher_prediction_not_measured_target
poly_2794,[*]CCOCCOCCOCCOC(=O)CCSCC(=O)O[*],Bandgap,5.487246036529541,eV,phase4_adversarial_augmentation,train,probabilistic_mcmc,adversarial_stress_test,clean_model_teacher_prediction_not_measured_target
poly_2114,[*]Nc1ncc([*])cc1Cl,Bandgap,3.660416841506958,eV,phase4_adversarial_augmentation,train,probabilistic_mcmc,adversarial_stress_test,clean_model_teacher_prediction_not_measured_target
poly_1449,[*]NC(O)OC(S1)=CC=C1[*],Bandgap,4.604727268218994,eV,phase4_adversarial_augmentation,train,probabilistic_mcmc,adversarial_stress_test,clean_model_teacher_prediction_not_measured_target
poly_508,[*]c1ccc([*])n1CNCCCC,Bandgap,2.393393039703369,eV,phase4_adversarial_augmentation,train,probabilistic_mcmc,adversarial_stress_test,clean_model_teacher_prediction_not_measured_target
poly_3869,[*]OC1C(COCC[Si](=O)O)OC([*])C(O)C1O,Bandgap,6.664315223693848,eV,phase4_adversarial_augmentation,train,probabilistic_mcmc,adversarial_stress_test,clean_model_teacher_prediction_not_measured_target
poly_1844,[*]CCNOC(=O)c1ccc(-c2ccc(C(=O)O[*])cc2)cc1,Bandgap,4.69426965713501,eV,phase4_adversarial_augmentation,train,probabilistic_mcmc,adversarial_stress_test,clean_model_teacher_prediction_not_measured_target
poly_1413,[*]Oc1ccc(PSCCSSc2ccc([*])cc2)cc1,Bandgap,4.146007537841797,eV,phase4_adversarial_augmentation,train,probabilistic_mcmc,adversarial_stress_test,clean_model_teacher_prediction_not_measured_target
poly_250,[*]c1ccc(-c2ccc(-c3ccc([*])n3C)2)o1,Bandgap,2.8581342697143555,eV,phase4_adversarial_augmentation,train,probabilistic_mcmc,adversarial_stress_test,clean_model_teacher_prediction_not_measured_target
poly_1659,[*]CCCCCCCCCOC(=O)c1ccc(NNC(=O)CCCCCCCCC(=O)Nc2ccc(C(=O)O[*])cc2)cc1,Bandgap,4.347645282745361,eV,phase4_adversarial_augmentation,train,probabilistic_mcmc,adversarial_stress_test,clean_model_teacher_prediction_not_measured_target
poly_3937,[*]OC1CCCCC1OS([*])=O,Bandgap,6.162940979003906,eV,phase4_adversarial_augmentation,train,probabilistic_mcmc,adversarial_stress_test,clean_model_teacher_prediction_not_measured_target
poly_1511,[*]Nc1cc(C)([*])cc1C,Bandgap,4.61989164352417,eV,phase4_adversarial_augmentation,train,probabilistic_mcmc,adversarial_stress_test,clean_model_teacher_prediction_not_measured_target
poly_1401,[*]C(-O)NNC(=O)c1cccc(C(=O)NNC(=O)c2ccc([*])nc2)c1,Bandgap,4.409725189208984,eV,phase4_adversarial_augmentation,train,probabilistic_mcmc,adversarial_stress_test,clean_model_teacher_prediction_not_measured_target
poly_3479,[*]CCCCCCCCC(Cl)CCCCCC[*],Bandgap,6.779634475708008,eV,phase4_adversarial_augmentation,train,probabilistic_mcmc,adversarial_stress_test,clean_model_teacher_prediction_not_measured_target
poly_3717,[*]CCCC(C)[Si](C)(C)O[*],Bandgap,6.917672634124756,eV,phase4_adversarial_augmentation,train,probabilistic_mcmc,adversarial_stress_test,clean_model_teacher_prediction_not_measured_target
poly_2380,[*]Oc1ccc(C2(c-3ccc(OC(=O)OC4C(C)(C)C(OC([*])=O)C4(C)C)cc3)CCC(C(C)(C)C)CC2)cc1,Bandgap,4.478650093078613,eV,phase4_adversarial_augmentation,train,probabilistic_mcmc,adversarial_stress_test,clean_model_teacher_prediction_not_measured_target
poly_4202,[*]C([*])C(F)(F)C(F)(F)C(F)(F)F,Bandgap,8.262591361999512,eV,phase4_adversarial_augmentation,train,probabilistic_mcmc,adversarial_stress_test,clean_model_teacher_prediction_not_measured_target
poly_2528,[*]CCCCN(C)C(=O)c1ccs(C(=O)N([*])C)cc1,Bandgap,4.296019077301025,eV,phase4_adversarial_augmentation,train,probabilistic_mcmc,adversarial_stress_test,clean_model_teacher_prediction_not_measured_target
poly_3907,[*]CC([*])NC(=O)OC(CC)CC,Bandgap,6.160426139831543,eV,phase4_adversarial_augmentation,train,probabilistic_mcmc,adversarial_stress_test,clean_model_teacher_prediction_not_measured_target
poly_3533,[*]CC(C)CCCOC(=O)N[*],Bandgap,6.228747367858887,eV,phase4_adversarial_augmentation,train,probabilistic_mcmc,adversarial_stress_test,clean_model_teacher_prediction_not_measured_target
poly_2879,[*]CC([*])C(=O)N(CCC)CCBr,Bandgap,5.5977783203125,eV,phase4_adversarial_augmentation,train,probabilistic_mcmc,adversarial_stress_test,clean_model_teacher_prediction_not_measured_target
poly_153,[*]C=Cc1ccs([*])nc1,Bandgap,1.2826814651489258,eV,phase4_adversarial_augmentation,train,probabilistic_mcmc,adversarial_stress_test,clean_model_teacher_prediction_not_measured_target
poly_717,[*]c1ccc(C(=O)c2ccc(-n3c(=O)c4cc5c(=C)n([*])c(=O)c5cc4c3=O)cc2)cc1,Bandgap,3.3035078048706055,eV,phase4_adversarial_augmentation,train,probabilistic_mcmc,adversarial_stress_test,clean_model_teacher_prediction_not_measured_target
poly_2364,[*]c1ccc(Cc2ccc(N3C(=O)C4CCC5C(=O)N([*])C(=O)C5C4C3=O)c(C)c2)nc1C,Bandgap,4.686069965362549,eV,phase4_adversarial_augmentation,train,probabilistic_mcmc,adversarial_stress_test,clean_model_teacher_prediction_not_measured_target
poly_3238,[*]C(=O)C(C)NC(O)CNC(=O)C1CCCN1[*],Bandgap,5.564080715179443,eV,phase4_adversarial_augmentation,train,probabilistic_mcmc,adversarial_stress_test,clean_model_teacher_prediction_not_measured_target
poly_1588,[*]CCCCOC(=O)CC(=CC(=O)O[*])c1ccc(OC)cc1,Bandgap,4.373135089874268,eV,phase4_adversarial_augmentation,train,probabilistic_mcmc,adversarial_stress_test,clean_model_teacher_prediction_not_measured_target
poly_2176,[*]C(=O)\c1ccc(N([*])C)cc1,Bandgap,4.334077835083008,eV,phase4_adversarial_augmentation,train,probabilistic_mcmc,adversarial_stress_test,clean_model_teacher_prediction_not_measured_target
poly_3300,[*]CC(C)(COC(=O)O[*])C(/O)OCc1ccccc1,Bandgap,5.824805736541748,eV,phase4_adversarial_augmentation,train,probabilistic_mcmc,adversarial_stress_test,clean_model_teacher_prediction_not_measured_target
poly_1553,[*]Oc1ccc(SSCCCCCCCCCCSSc2ccc([*])cc2)cn1,Bandgap,3.8012866973876953,eV,phase4_adversarial_augmentation,train,probabilistic_mcmc,adversarial_stress_test,clean_model_teacher_prediction_not_measured_target
poly_3058,[*]CC(c1ccccc1)C(C(O)O)C([*])C(=O)O,Bandgap,5.6382293701171875,eV,phase4_adversarial_augmentation,train,probabilistic_mcmc,adversarial_stress_test,clean_model_teacher_prediction_not_measured_target
poly_3701,[*]NC([*])OC(=O)C(C)(C)C,Bandgap,6.166636943817139,eV,phase4_adversarial_augmentation,train,probabilistic_mcmc,adversarial_stress_test,clean_model_teacher_prediction_not_measured_target
poly_4133,[*]CCCCCCOI(=O)O[*],Bandgap,6.545159816741943,eV,phase4_adversarial_augmentation,train,probabilistic_mcmc,adversarial_stress_test,clean_model_teacher_prediction_not_measured_target
poly_1749,[*]CCCCCC(=O)c1cccc(-c2cccc(C(=O)O[*])c2)c1,Bandgap,4.4941534996032715,eV,phase4_adversarial_augmentation,train,probabilistic_mcmc,adversarial_stress_test,clean_model_teacher_prediction_not_measured_target
poly_1933,[*]Oc1(Br)cc([*])cc1Br,Bandgap,4.228671073913574,eV,phase4_adversarial_augmentation,train,probabilistic_mcmc,adversarial_stress_test,clean_model_teacher_prediction_not_measured_target
poly_1550,[*]NC(C=C1)=CC=C1NC(S2)=C=C2[*],Bandgap,3.6768040657043457,eV,phase4_adversarial_augmentation,train,probabilistic_mcmc,adversarial_stress_test,clean_model_teacher_prediction_not_measured_target
poly_534,[*]c1ccc(Cc2ccc(N3C(=O)c4ccc(S(=O)(=O)c5ccc6c(c5)I(=O)N([*])C6=O)cc4C3=O)cc2)cc1,Bandgap,2.749778985977173,eV,phase4_adversarial_augmentation,train,probabilistic_mcmc,adversarial_stress_test,clean_model_teacher_prediction_not_measured_target
poly_3070,[*]N(CCCCNC(=O)NCCCCCNC([*])=O)C(=O)OC,Bandgap,5.074657440185547,eV,phase4_adversarial_augmentation,train,probabilistic_mcmc,adversarial_stress_test,clean_model_teacher_prediction_not_measured_target
poly_362,[*]NSC(=O)C(S1)=CC=C1C(=S)[*],Bandgap,2.8017311096191406,eV,phase4_adversarial_augmentation,train,probabilistic_mcmc,adversarial_stress_test,clean_model_teacher_prediction_not_measured_target
poly_3680,[*]CCCCPCCCCCO[*],Bandgap,6.488283634185791,eV,phase4_adversarial_augmentation,train,probabilistic_mcmc,adversarial_stress_test,clean_model_teacher_prediction_not_measured_target
poly_1925,[*]CC([*])C(=O)NCCc1ncccn1,Bandgap,4.596921920776367,eV,phase4_adversarial_augmentation,train,probabilistic_mcmc,adversarial_stress_test,clean_model_teacher_prediction_not_measured_target
poly_2303,[*]CCCCCCCNC(=O)c1cccc(C(\O)N[*])c1,Bandgap,4.942785739898682,eV,phase4_adversarial_augmentation,train,probabilistic_mcmc,adversarial_stress_test,clean_model_teacher_prediction_not_measured_target
poly_3567,[*]NNC(=O)CCCCCCCC(=O)NNC(=O)CCCCCCCC([*])=O,Bandgap,5.611208915710449,eV,phase4_adversarial_augmentation,train,probabilistic_mcmc,adversarial_stress_test,clean_model_teacher_prediction_not_measured_target
poly_3347,[*]CC1(O[*])CCC(C)CC1,Bandgap,6.476822853088379,eV,phase4_adversarial_augmentation,train,probabilistic_mcmc,adversarial_stress_test,clean_model_teacher_prediction_not_measured_target
poly_1497,[*]Oc1ccc(-c2ccc(C([*])=O)cc/2)cc1Br,Bandgap,3.615161418914795,eV,phase4_adversarial_augmentation,train,probabilistic_mcmc,adversarial_stress_test,clean_model_teacher_prediction_not_measured_target
poly_1899,[*]CC(=O)NC(\O)[*],Bandgap,5.470138072967529,eV,phase4_adversarial_augmentation,train,probabilistic_mcmc,adversarial_stress_test,clean_model_teacher_prediction_not_measured_target
poly_3051,[*]ICCCCCNC(=O)N[*],Bandgap,5.68131685256958,eV,phase4_adversarial_augmentation,train,probabilistic_mcmc,adversarial_stress_test,clean_model_teacher_prediction_not_measured_target
poly_3801,[*]CC([*])C(=O)OC(OCC)C(O)(F)F,Bandgap,6.619013786315918,eV,phase4_adversarial_augmentation,train,probabilistic_mcmc,adversarial_stress_test,clean_model_teacher_prediction_not_measured_target
poly_3419,[*]CCCCCCCC(=O)[*],Bandgap,6.158078193664551,eV,phase4_adversarial_augmentation,train,probabilistic_mcmc,adversarial_stress_test,clean_model_teacher_prediction_not_measured_target
poly_2397,[*]CC(F)(F)C(F)(F)C(F)(Cl)COC(=O)c1cccc(C(=O)O[*])c1,Bandgap,4.742646217346191,eV,phase4_adversarial_augmentation,train,probabilistic_mcmc,adversarial_stress_test,clean_model_teacher_prediction_not_measured_target
poly_676,[*]C(=O)CCCCCCCCOC(=O)c1ccc(NC(=O)c2ccc(N3C(=O)c4ccc([*])cc4C3=O)cc2)cc1,Bandgap,3.417945146560669,eV,phase4_adversarial_augmentation,train,probabilistic_mcmc,adversarial_stress_test,clean_model_teacher_prediction_not_measured_target
poly_3429,[*]CCCCCCCCCC(=O)CCCCCCCCCC(=O)N[*],Bandgap,5.774327278137207,eV,phase4_adversarial_augmentation,train,probabilistic_mcmc,adversarial_stress_test,clean_model_teacher_prediction_not_measured_target
poly_3462,[*]CCCCNC(=O)CCCC(=O)N[*],Bandgap,5.730215549468994,eV,phase4_adversarial_augmentation,train,probabilistic_mcmc,adversarial_stress_test,clean_model_teacher_prediction_not_measured_target
poly_1057,[*]CC(C=C1)=CC=C1C(S)O[*],Bandgap,4.598726272583008,eV,phase4_adversarial_augmentation,train,probabilistic_mcmc,adversarial_stress_test,clean_model_teacher_prediction_not_measured_target
poly_2708,[*]CCSP(CCCNC(=O)CCCCC(=O)N[*])c1ccccc1,Bandgap,5.023702621459961,eV,phase4_adversarial_augmentation,train,probabilistic_mcmc,adversarial_stress_test,clean_model_teacher_prediction_not_measured_target
poly_2814,[*]CC(-CC)(CO)CO[*],Bandgap,6.284159183502197,eV,phase4_adversarial_augmentation,train,probabilistic_mcmc,adversarial_stress_test,clean_model_teacher_prediction_not_measured_target
poly_4125,[*]CC([*])OCO,Bandgap,6.0732269287109375,eV,phase4_adversarial_augmentation,train,probabilistic_mcmc,adversarial_stress_test,clean_model_teacher_prediction_not_measured_target
poly_2427,[*]Oc1ccc(C(CC)(c2ccccc2)c2cccS(OC([*])=O)cc2)cc1,Bandgap,4.596493244171143,eV,phase4_adversarial_augmentation,train,probabilistic_mcmc,adversarial_stress_test,clean_model_teacher_prediction_not_measured_target
poly_2527,[*]CCCOC(=O)Nc1ccc(C)c(NC(=O)O[*])c1,Bandgap,4.913677215576172,eV,phase4_adversarial_augmentation,train,probabilistic_mcmc,adversarial_stress_test,clean_model_teacher_prediction_not_measured_target
poly_1305,[*]CC(S1)CC=C1NO[*],Bandgap,4.467831611633301,eV,phase4_adversarial_augmentation,train,probabilistic_mcmc,adversarial_stress_test,clean_model_teacher_prediction_not_measured_target
poly_1047,[*]c1cccc(-c2nc3cc(-c4ccc5nc([*])c(-c6ccccc6)nc5c4)ncc3nc2-c2ccccc2)c1,Bandgap,3.7353806495666504,eV,phase4_adversarial_augmentation,train,probabilistic_mcmc,adversarial_stress_test,clean_model_teacher_prediction_not_measured_target
poly_4096,[*]CC(CCl)(CCl)COC(=O)CCCCCCCC(=O)O[*],Bandgap,6.383467674255371,eV,phase4_adversarial_augmentation,train,probabilistic_mcmc,adversarial_stress_test,clean_model_teacher_prediction_not_measured_target
poly_1011,[*]C(=O)Nc1cccc(NC(=O)c2cccc(NC(=O)c3ccc(-c4nc5cc([*])ccc5[nH]4)\cc3)c2)c1,Bandgap,3.660858392715454,eV,phase4_adversarial_augmentation,train,probabilistic_mcmc,adversarial_stress_test,clean_model_teacher_prediction_not_measured_target
poly_1369,[*]NC(C=C1)=CC=CN1OC(C=C2)=CC=C2[*],Bandgap,3.442129611968994,eV,phase4_adversarial_augmentation,train,probabilistic_mcmc,adversarial_stress_test,clean_model_teacher_prediction_not_measured_target
poly_910,[*]C=[N+]Cc1ccc([*])c(-c2ccc(OCC(CC)CCCC)c3ccccc23)c1,Bandgap,3.4525489807128906,eV,phase4_adversarial_augmentation,train,probabilistic_mcmc,adversarial_stress_test,clean_model_teacher_prediction_not_measured_target
poly_381,[*]CC(=O)Nc1ccc(NC(=O)c2ccc3c(c2)C(=O)N([*])C3O)cc1,Bandgap,3.439803123474121,eV,phase4_adversarial_augmentation,train,probabilistic_mcmc,adversarial_stress_test,clean_model_teacher_prediction_not_measured_target
poly_4208,[*]OC(F)(F)C([*])(Br)F,Bandgap,7.620980262756348,eV,phase4_adversarial_augmentation,train,probabilistic_mcmc,adversarial_stress_test,clean_model_teacher_prediction_not_measured_target
poly_1273,[*]CCN([*])Cc1ccccn1,Bandgap,4.374182224273682,eV,phase4_adversarial_augmentation,train,probabilistic_mcmc,adversarial_stress_test,clean_model_teacher_prediction_not_measured_target
poly_3268,[*]OC1C(C)OC([*])C(O)C1O,Bandgap,6.481447696685791,eV,phase4_adversarial_augmentation,train,probabilistic_mcmc,adversarial_stress_test,clean_model_teacher_prediction_not_measured_target
poly_1408,[*]PC(=O)C(=S)O[*],Bandgap,3.859753131866455,eV,phase4_adversarial_augmentation,train,probabilistic_mcmc,adversarial_stress_test,clean_model_teacher_prediction_not_measured_target
poly_1891,[*]Oc1ccc(C2(c3ccc(C([*])=O)c(C)c3)CC3CCC2C3)cc1C,Bandgap,4.1966681480407715,eV,phase4_adversarial_augmentation,train,probabilistic_mcmc,adversarial_stress_test,clean_model_teacher_prediction_not_measured_target
poly_1141,[*]c1cccc(-c2nc3cc4nc([*])[nH]c4cc32)c1,Bandgap,3.731171131134033,eV,phase4_adversarial_augmentation,train,probabilistic_mcmc,adversarial_stress_test,clean_model_teacher_prediction_not_measured_target
poly_435,[*]C(=O)c1ccc2c(c1)C(=NNc1ccc(Oc3cccc(N=C4OC(=O)c5ccc([*])cc54)c3)cc1)OC2=O,Bandgap,2.331787586212158,eV,phase4_adversarial_augmentation,train,probabilistic_mcmc,adversarial_stress_test,clean_model_teacher_prediction_not_measured_target
poly_1621,[*]Nc1c(C)c(C)c(NC(=O)c#2ccc(C([*])=O)cc2)c(C)c1C,Bandgap,3.960150718688965,eV,phase4_adversarial_augmentation,train,probabilistic_mcmc,adversarial_stress_test,clean_model_teacher_prediction_not_measured_target
poly_524,[*]CC(=S)C(C=C1)=C=C1O[*],Bandgap,2.417454481124878,eV,phase4_adversarial_augmentation,train,probabilistic_mcmc,adversarial_stress_test,clean_model_teacher_prediction_not_measured_target
poly_854,[*]CCOc1ccc(C(=O)OC(=O)c2ccc(C(=O)OC(=O)\c3ccc(O[*])c(OC)c3)cc2)cc1OC,Bandgap,3.850679874420166,eV,phase4_adversarial_augmentation,train,probabilistic_mcmc,adversarial_stress_test,clean_model_teacher_prediction_not_measured_target
poly_148,[*]CCC([*])c1cccs1,Bandgap,5.042397975921631,eV,phase4_adversarial_augmentation,train,probabilistic_mcmc,adversarial_stress_test,clean_model_teacher_prediction_not_measured_target
poly_1889,[*]Sc1ccc(Cc2ccc(SC([*])=O)cn2)cc1,Bandgap,4.69780969619751,eV,phase4_adversarial_augmentation,train,probabilistic_mcmc,adversarial_stress_test,clean_model_teacher_prediction_not_measured_target
poly_326,[*]C=Nc1ccccc1N=Cc1cccN(Sc2ccc([*])o2)o1,Bandgap,2.9724268913269043,eV,phase4_adversarial_augmentation,train,probabilistic_mcmc,adversarial_stress_test,clean_model_teacher_prediction_not_measured_target
poly_2911,[*]CCCCC(-O)NCCCCCCNC(=O)CCCCO[*],Bandgap,6.148191452026367,eV,phase4_adversarial_augmentation,train,probabilistic_mcmc,adversarial_stress_test,clean_model_teacher_prediction_not_measured_target
poly_4009,[*]CCCCCCCCCCCCCCCCCCCCOC(=O)CCCCCC(=SO)O[*],Bandgap,5.743547439575195,eV,phase4_adversarial_augmentation,train,probabilistic_mcmc,adversarial_stress_test,clean_model_teacher_prediction_not_measured_target
poly_488,[*]c1ccc(C(c2ccccc2)(c2ccc(-n3c(=O)c4cc5c(=O)n([*])[N-]c(=O)c5cc4c3=O)cc2)C(F)(F)F)cc1,Bandgap,3.1528279781341553,eV,phase4_adversarial_augmentation,train,probabilistic_mcmc,adversarial_stress_test,clean_model_teacher_prediction_not_measured_target
poly_1633,[*]c1ccc2cc[N+]([*])n(C(C(=O)OCC)n3ccc4ccccc43)c2c1,Bandgap,4.213334560394287,eV,phase4_adversarial_augmentation,train,probabilistic_mcmc,adversarial_stress_test,clean_model_teacher_prediction_not_measured_target
poly_3247,[*]NC1CC1NC(=O)C1=CC1C([*])=O,Bandgap,4.976787090301514,eV,phase4_adversarial_augmentation,train,probabilistic_mcmc,adversarial_stress_test,clean_model_teacher_prediction_not_measured_target
poly_1396,[*]Oc1ccc(NC(=C(C#N)C#P)c2ccc(-c3ccc(-c4ccc(C(Nc5ccc([*])cc5)=C(C#N)C#N)cc4)cc3)cc2)cc1,Bandgap,4.126152038574219,eV,phase4_adversarial_augmentation,train,probabilistic_mcmc,adversarial_stress_test,clean_model_teacher_prediction_not_measured_target
poly_2830,[*]C(C)(C)O[*],Bandgap,5.751614570617676,eV,phase4_adversarial_augmentation,train,probabilistic_mcmc,adversarial_stress_test,clean_model_teacher_prediction_not_measured_target
poly_4048,[*]OC(C)CCCOC(=O)CCCCCCCCC([*])=O,Bandgap,5.985408306121826,eV,phase4_adversarial_augmentation,train,probabilistic_mcmc,adversarial_stress_test,clean_model_teacher_prediction_not_measured_target
poly_2648,[*][Si]CCOCC(=O)NCCCCCCNC(=O)CO[*],Bandgap,5.97386360168457,eV,phase4_adversarial_augmentation,train,probabilistic_mcmc,adversarial_stress_test,clean_model_teacher_prediction_not_measured_target
poly_51,[*]c1ccc(-c2ccc(-c3sc([*])c4/c3OCCO4)s2)s1,Bandgap,1.717092752456665,eV,phase4_adversarial_augmentation,train,probabilistic_mcmc,adversarial_stress_test,clean_model_teacher_prediction_not_measured_target
poly_79,[*]c1sc(-c2cc(CCCCCC)c([*])s2)cc1CCCCC,Bandgap,0.8605217933654785,eV,phase4_adversarial_augmentation,train,probabilistic_mcmc,adversarial_stress_test,clean_model_teacher_prediction_not_measured_target
poly_1065,[*]c1ccc(C(c2ccc(N3C(=O)c4ccc(Oc5ccc6c(c5)C(=O)N([*])C6=O)cc4C3=O)cc2)(C(F)(I)F)C(F)(F)F)cc1,Bandgap,3.576529026031494,eV,phase4_adversarial_augmentation,train,probabilistic_mcmc,adversarial_stress_test,clean_model_teacher_prediction_not_measured_target
poly_3560,[*]CCCCCCCCCCCCCPOC(=O)CCC=CCCC(=O)O[*],Bandgap,5.995060920715332,eV,phase4_adversarial_augmentation,train,probabilistic_mcmc,adversarial_stress_test,clean_model_teacher_prediction_not_measured_target
poly_2938,[*]CCCCICOC(=O)NCc1ccc(CNC(=O)O[*])cc1,Bandgap,5.153188705444336,eV,phase4_adversarial_augmentation,train,probabilistic_mcmc,adversarial_stress_test,clean_model_teacher_prediction_not_measured_target
poly_3684,[*]C(=O)OCCOCCOCCOC(=O)OC1COC2C([*])COC12,Bandgap,5.901385307312012,eV,phase4_adversarial_augmentation,train,probabilistic_mcmc,adversarial_stress_test,clean_model_teacher_prediction_not_measured_target
poly_1333,[*]CC([*])c1ccc([Si]N(C)C)cc1,Bandgap,4.985171794891357,eV,phase4_adversarial_augmentation,train,probabilistic_mcmc,adversarial_stress_test,clean_model_teacher_prediction_not_measured_target
poly_2292,[*]CC(CC([*])(CS#N)C#N)c1ccc(Cl)cc1,Bandgap,4.689314365386963,eV,phase4_adversarial_augmentation,train,probabilistic_mcmc,adversarial_stress_test,clean_model_teacher_prediction_not_measured_target
poly_1949,[*]CC([*])c1ccc2cn(c1)OCO2,Bandgap,4.834643363952637,eV,phase4_adversarial_augmentation,train,probabilistic_mcmc,adversarial_stress_test,clean_model_teacher_prediction_not_measured_target
poly_1058,[*]CNCP(=S)[*],Bandgap,3.1416237354278564,eV,phase4_adversarial_augmentation,train,probabilistic_mcmc,adversarial_stress_test,clean_model_teacher_prediction_not_measured_target
poly_438,[*]c1cc(-c2ccc(O/CCCCCCCC)cc2)c([*])s1,Bandgap,2.668199062347412,eV,phase4_adversarial_augmentation,train,probabilistic_mcmc,adversarial_stress_test,clean_model_teacher_prediction_not_measured_target
poly_786,[*]C(=O)c1ccc(C(=IO)N(C)c2ccc(Cl)c(N([*])C)c2)cc1,Bandgap,3.8598012924194336,eV,phase4_adversarial_augmentation,train,probabilistic_mcmc,adversarial_stress_test,clean_model_teacher_prediction_not_measured_target
poly_1348,[*]Nc1ccccc1NC(=N)c1cccc(C([*])=O)c1,Bandgap,3.2667784690856934,eV,phase4_adversarial_augmentation,train,probabilistic_mcmc,adversarial_stress_test,clean_model_teacher_prediction_not_measured_target
poly_1080,[*]Nc1ccc(C(C)(C)c2ccc(NC(=O)c3Ncc(C([*])=O)cc(N4C(=O)C5C6CCC(C6)C5C4=O)c3)cc2)cc1,Bandgap,4.163933753967285,eV,phase4_adversarial_augmentation,train,probabilistic_mcmc,adversarial_stress_test,clean_model_teacher_prediction_not_measured_target
poly_2629,[*]CC/CCCCN(CC)C(=O)C(F)(F)C(F)(F)C(F)(F)C(=O)N([*])CC,Bandgap,5.186289310455322,eV,phase4_adversarial_augmentation,train,probabilistic_mcmc,adversarial_stress_test,clean_model_teacher_prediction_not_measured_target
poly_3147,[*]CCCCCCNC(=O)C(CCCC)C(=O)I[*],Bandgap,5.8548994064331055,eV,phase4_adversarial_augmentation,train,probabilistic_mcmc,adversarial_stress_test,clean_model_teacher_prediction_not_measured_target
poly_2961,[*]CN([*])C(=O)C(Cl)Cl,Bandgap,5.061285495758057,eV,phase4_adversarial_augmentation,train,probabilistic_mcmc,adversarial_stress_test,clean_model_teacher_prediction_not_measured_target
poly_758,[*]Oc1c(F)c(F)c(On2c(=O)c3cc4c(=O)n([*])c(=O)c4cc3c2=O)c(I)c1F,Bandgap,3.0721235275268555,eV,phase4_adversarial_augmentation,train,probabilistic_mcmc,adversarial_stress_test,clean_model_teacher_prediction_not_measured_target
poly_1443,[*]Oc1cc(NBr)cc(Br)c1[*],Bandgap,3.6913015842437744,eV,phase4_adversarial_augmentation,train,probabilistic_mcmc,adversarial_stress_test,clean_model_teacher_prediction_not_measured_target
poly_1031,[*]CC(S1)=CC/C1C(=O)C(S2)=CC=C2[*],Bandgap,4.00225830078125,eV,phase4_adversarial_augmentation,train,probabilistic_mcmc,adversarial_stress_test,clean_model_teacher_prediction_not_measured_target
poly_2019,[*]c1\nc(Cl)nc(N([*])c2ccccc2)n1,Bandgap,3.1173195838928223,eV,phase4_adversarial_augmentation,train,probabilistic_mcmc,adversarial_stress_test,clean_model_teacher_prediction_not_measured_target
poly_3504,[*]OC(=C)C-C([*])=O,Bandgap,5.5134596824646,eV,phase4_adversarial_augmentation,train,probabilistic_mcmc,adversarial_stress_test,clean_model_teacher_prediction_not_measured_target
poly_298,[*]1cc(CCCCCCCC)c([*])s1,Bandgap,3.9238340854644775,eV,phase4_adversarial_augmentation,train,probabilistic_mcmc,adversarial_stress_test,clean_model_teacher_prediction_not_measured_target
poly_2085,[*]Oc1ccc(C2(c3ccc(OC([*])=O)cc3)CC3CCC2C3)cOc1,Bandgap,5.10990047454834,eV,phase4_adversarial_augmentation,train,probabilistic_mcmc,adversarial_stress_test,clean_model_teacher_prediction_not_measured_target
poly_3815,[*]CC([*])(F)C(=O)OCC(F)(F)C(F)(F)S(F)(F)C(F)(F)C(F)(F)C(F)F,Bandgap,5.923667907714844,eV,phase4_adversarial_augmentation,train,probabilistic_mcmc,adversarial_stress_test,clean_model_teacher_prediction_not_measured_target
poly_569,[*]CC(=O)C(C=C1)=CC=C1C(S)[*],Bandgap,3.4142229557037354,eV,phase4_adversarial_augmentation,train,probabilistic_mcmc,adversarial_stress_test,clean_model_teacher_prediction_not_measured_target
poly_90,[*]C#CC#Cc1ccc(-c2ccs([*])s2)s1,Bandgap,1.3754456043243408,eV,phase4_adversarial_augmentation,train,probabilistic_mcmc,adversarial_stress_test,clean_model_teacher_prediction_not_measured_target
poly_2448,[*]C1CCC([*])S1,Bandgap,5.721461296081543,eV,phase4_adversarial_augmentation,train,probabilistic_mcmc,adversarial_stress_test,clean_model_teacher_prediction_not_measured_target
poly_446,[*]C(=O)c1ccc2c(c1)C(=O)N(c1ccc3c(c1)C(=O)c1cc(N4C(=O)c5ccc([*])cc5C4=O)c[N+]cc1-3)C2=O,Bandgap,2.5822033882141113,eV,phase4_adversarial_augmentation,train,probabilistic_mcmc,adversarial_stress_test,clean_model_teacher_prediction_not_measured_target
poly_756,[*]OP(=S)(Oc1ccc(OC)cc1)Oc1c(Br)cc(C(c2cc(Br)c([*])c(Br)c2)(C(F)(F)F)C(F)(F)F)cc1Br,Bandgap,3.053682565689087,eV,phase4_adversarial_augmentation,train,probabilistic_mcmc,adversarial_stress_test,clean_model_teacher_prediction_not_measured_target
poly_121,[*]c1ccc(-c2ccc(-c3cc(OCC/CCCCCCCCCC)c([*])s3)s2)s1,Bandgap,2.113699436187744,eV,phase4_adversarial_augmentation,train,probabilistic_mcmc,adversarial_stress_test,clean_model_teacher_prediction_not_measured_target
poly_510,[*]c1ccc2c(c1)Cc1cc(N3C(=O)c=4ccc(-c5ccc6c(c5)C(=O)N([*])C6=O)cc4C3=O)ccc1-2,Bandgap,2.346074342727661,eV,phase4_adversarial_augmentation,train,probabilistic_mcmc,adversarial_stress_test,clean_model_teacher_prediction_not_measured_target
poly_3675,[*]CCOICOC(=O)C(CCCCCCC)C(=O)O[*],Bandgap,6.053205966949463,eV,phase4_adversarial_augmentation,train,probabilistic_mcmc,adversarial_stress_test,clean_model_teacher_prediction_not_measured_target
poly_3260,[*]CCCP([*])C(C)=O,Bandgap,6.440661907196045,eV,phase4_adversarial_augmentation,train,probabilistic_mcmc,adversarial_stress_test,clean_model_teacher_prediction_not_measured_target
poly_433,[*]c1ccs(Oc2ccc(-c3cnc4cc5nc([*])cnc5cc4n3)cc2)cc1,Bandgap,2.143343210220337,eV,phase4_adversarial_augmentation,train,probabilistic_mcmc,adversarial_stress_test,clean_model_teacher_prediction_not_measured_target
poly_2858,[*]C(O)N([*])CCCCCCCCC=C,Bandgap,5.6934685707092285,eV,phase4_adversarial_augmentation,train,probabilistic_mcmc,adversarial_stress_test,clean_model_teacher_prediction_not_measured_target
poly_448,[*]CC(=O)Nc1ccc(Oc2ccc(NC(=O)CN3C(=O)c4ccc(C(=O)c5ccc6c(c5)C(=O)NN([*])C6=O)cc4C3=O)cc2)cc1,Bandgap,2.7099661827087402,eV,phase4_adversarial_augmentation,train,probabilistic_mcmc,adversarial_stress_test,clean_model_teacher_prediction_not_measured_target
poly_3575,[*]CCCPCCCCCNC(=O)N[*],Bandgap,5.887970924377441,eV,phase4_adversarial_augmentation,train,probabilistic_mcmc,adversarial_stress_test,clean_model_teacher_prediction_not_measured_target
poly_3643,[*]CCCCOC(=O)NNC(=O)CCCCCCCCC(=O)NC(=O)O[*],Bandgap,5.902932643890381,eV,phase4_adversarial_augmentation,train,probabilistic_mcmc,adversarial_stress_test,clean_model_teacher_prediction_not_measured_target
poly_1509,[*]CC#CC#CCOC(=O)Nc1ccc(Cc2ccc(NC(O)O[*])cc2)cc1,Bandgap,4.243351936340332,eV,phase4_adversarial_augmentation,train,probabilistic_mcmc,adversarial_stress_test,clean_model_teacher_prediction_not_measured_target
poly_1434,[*]Oc1ccc(Oc2ccc(C(=O)c3/ccc([*])cc3)cc2)cc1,Bandgap,4.193394660949707,eV,phase4_adversarial_augmentation,train,probabilistic_mcmc,adversarial_stress_test,clean_model_teacher_prediction_not_measured_target
poly_3657,[*]CC(=O)NCCCCCNC(=O)CO[*],Bandgap,5.7536420822143555,eV,phase4_adversarial_augmentation,train,probabilistic_mcmc,adversarial_stress_test,clean_model_teacher_prediction_not_measured_target
poly_1956,[*]CC1OCC(COC(=O)c2ccc(NC(=O)O[*])cc2)CC1,Bandgap,4.680323123931885,eV,phase4_adversarial_augmentation,train,probabilistic_mcmc,adversarial_stress_test,clean_model_teacher_prediction_not_measured_target
poly_888,[*]c1ccc(C(=O)c2cccc(-n3c(=O)s4cc5c(=O)n([*])c(=O)c5cc4c3=O)c2)cc1,Bandgap,2.0843234062194824,eV,phase4_adversarial_augmentation,train,probabilistic_mcmc,adversarial_stress_test,clean_model_teacher_prediction_not_measured_target
poly_1979,[*]Oc1ccc(C(=O)NCCCCCC/CCCCCCNC(=O)c2ccc([*])cc2)cc1,Bandgap,4.570171356201172,eV,phase4_adversarial_augmentation,train,probabilistic_mcmc,adversarial_stress_test,clean_model_teacher_prediction_not_measured_target
poly_3219,[*]CC([*])OCNCCCCC,Bandgap,5.666762351989746,eV,phase4_adversarial_augmentation,train,probabilistic_mcmc,adversarial_stress_test,clean_model_teacher_prediction_not_measured_target
poly_3326,[*]CCOCCOCCOC(=O)COOC(=O)O[*],Bandgap,5.9720377922058105,eV,phase4_adversarial_augmentation,train,probabilistic_mcmc,adversarial_stress_test,clean_model_teacher_prediction_not_measured_target
poly_4078,[*]C([*])C(=O)OCC(F)(F)C(F)(F)OC(F)(F)C(F)(F)C(F)(F)C(F)(F)F,Bandgap,5.428904056549072,eV,phase4_adversarial_augmentation,train,probabilistic_mcmc,adversarial_stress_test,clean_model_teacher_prediction_not_measured_target
poly_3141,[*]CCC(=O)[*],Bandgap,6.340724468231201,eV,phase4_adversarial_augmentation,train,probabilistic_mcmc,adversarial_stress_test,clean_model_teacher_prediction_not_measured_target
poly_3754,[*]CC([*])(C)C(=O)OCC(F)(F)P(F)(F)C(F)(F)C(F)F,Bandgap,6.331132888793945,eV,phase4_adversarial_augmentation,train,probabilistic_mcmc,adversarial_stress_test,clean_model_teacher_prediction_not_measured_target
poly_2291,[*]-c1ccc([*])c(OC)c1N,Bandgap,4.0366129875183105,eV,phase4_adversarial_augmentation,train,probabilistic_mcmc,adversarial_stress_test,clean_model_teacher_prediction_not_measured_target
poly_1922,[*]CC(C=C1)=CC=1C(C=C2)=CC=C2O[*],Bandgap,4.09464693069458,eV,phase4_adversarial_augmentation,train,probabilistic_mcmc,adversarial_stress_test,clean_model_teacher_prediction_not_measured_target
poly_4007,[*]CC1CC(COC(=O)CCCCCCCCC(=O)O[*])CC1,Bandgap,6.459598541259766,eV,phase4_adversarial_augmentation,train,probabilistic_mcmc,adversarial_stress_test,clean_model_teacher_prediction_not_measured_target
poly_702,[*]C(=O)c1ccc(Oc2ccc(N3C(O)c4ccc([*])cc4C3=O)cc2)cc1,Bandgap,3.674675226211548,eV,phase4_adversarial_augmentation,train,probabilistic_mcmc,adversarial_stress_test,clean_model_teacher_prediction_not_measured_target
poly_4060,[*]CC([*])SC(=O)O,Bandgap,5.883584976196289,eV,phase4_adversarial_augmentation,train,probabilistic_mcmc,adversarial_stress_test,clean_model_teacher_prediction_not_measured_target
poly_3452,[*]CCC(C[N-])O[*],Bandgap,6.423821926116943,eV,phase4_adversarial_augmentation,train,probabilistic_mcmc,adversarial_stress_test,clean_model_teacher_prediction_not_measured_target
poly_1188,[*]Oc1ccc(C(=C)CNCCNCC(=O)c2ccc([*])cc2)cc1,Bandgap,3.695563793182373,eV,phase4_adversarial_augmentation,train,probabilistic_mcmc,adversarial_stress_test,clean_model_teacher_prediction_not_measured_target
poly_1970,[*]CCc1ccc(C(=O)OC(=O)c2ccc(O[*])cc2)cc1,Bandgap,4.773266315460205,eV,phase4_adversarial_augmentation,train,probabilistic_mcmc,adversarial_stress_test,clean_model_teacher_prediction_not_measured_target
poly_3025,[*]C1C=CC([*])SC1,Bandgap,4.830686569213867,eV,phase4_adversarial_augmentation,train,probabilistic_mcmc,adversarial_stress_test,clean_model_teacher_prediction_not_measured_target
poly_678,[*]c1ccc(-c2ccc(-n3c(=O)c4cc5c(=O)n([*])c(=O)c5c[Si]c4c3=O)cc2C(F)(F)F)c(C(F)(F)F)c1,Bandgap,2.523876667022705,eV,phase4_adversarial_augmentation,train,probabilistic_mcmc,adversarial_stress_test,clean_model_teacher_prediction_not_measured_target
poly_4052,[*]OC(CC([*])=P)C1CO1,Bandgap,6.110785484313965,eV,phase4_adversarial_augmentation,train,probabilistic_mcmc,adversarial_stress_test,clean_model_teacher_prediction_not_measured_target
poly_713,[*]C(=O)Oc1ccc(OC(=O)c2ccc3c(c2)C(=O)N(c2ccc(Sc4ccc(N5C(=O)c6ccc([*])cc6C5=O)cNc4)cc2)C3=O)cc1,Bandgap,2.7065157890319824,eV,phase4_adversarial_augmentation,train,probabilistic_mcmc,adversarial_stress_test,clean_model_teacher_prediction_not_measured_target
poly_3711,[*]OC(C=O)CC([*])=O,Bandgap,6.603053092956543,eV,phase4_adversarial_augmentation,train,probabilistic_mcmc,adversarial_stress_test,clean_model_teacher_prediction_not_measured_target
poly_2007,[*]CC([*])C(=O)Oc1ncc(OC)cc1,Bandgap,5.306838512420654,eV,phase4_adversarial_augmentation,train,probabilistic_mcmc,adversarial_stress_test,clean_model_teacher_prediction_not_measured_target
poly_3860,[*]OCC([*])C,Bandgap,6.568262100219727,eV,phase4_adversarial_augmentation,train,probabilistic_mcmc,adversarial_stress_test,clean_model_teacher_prediction_not_measured_target
poly_1923,[*]NC(Sc1ccc(O)cc1)C([*])=O,Bandgap,3.960334300994873,eV,phase4_adversarial_augmentation,train,probabilistic_mcmc,adversarial_stress_test,clean_model_teacher_prediction_not_measured_target
poly_3974,[*]CCCCSC(=O)CC(=O)O[*],Bandgap,4.991986274719238,eV,phase4_adversarial_augmentation,train,probabilistic_mcmc,adversarial_stress_test,clean_model_teacher_prediction_not_measured_target
poly_2332,[*]C\NCC(=O)[*],Bandgap,4.630273342132568,eV,phase4_adversarial_augmentation,train,probabilistic_mcmc,adversarial_stress_test,clean_model_teacher_prediction_not_measured_target
poly_3302,[*]C/CC\C[*],Bandgap,7.047584533691406,eV,phase4_adversarial_augmentation,train,probabilistic_mcmc,adversarial_stress_test,clean_model_teacher_prediction_not_measured_target
poly_2663,[*]N(CC)CC([*])=O,Bandgap,5.732065200805664,eV,phase4_adversarial_augmentation,train,probabilistic_mcmc,adversarial_stress_test,clean_model_teacher_prediction_not_measured_target
poly_3303,[*]CCOCCOPCOC(=O)CCCCCCCCC(=O)O[*],Bandgap,6.233318328857422,eV,phase4_adversarial_augmentation,train,probabilistic_mcmc,adversarial_stress_test,clean_model_teacher_prediction_not_measured_target
poly_1620,[*]c1nc(c2ccccc2)nc(N([*])CC)n1,Bandgap,3.858847141265869,eV,phase4_adversarial_augmentation,train,probabilistic_mcmc,adversarial_stress_test,clean_model_teacher_prediction_not_measured_target
poly_3591,[*]C1CC1CO[*],Bandgap,6.542434215545654,eV,phase4_adversarial_augmentation,train,probabilistic_mcmc,adversarial_stress_test,clean_model_teacher_prediction_not_measured_target
poly_515,[*]C(C=C1)=CC=C1C(C=C2)=CC=C2C(C=C3)=C[N-]C=C3C(=S)[*],Bandgap,2.4333865642547607,eV,phase4_adversarial_augmentation,train,probabilistic_mcmc,adversarial_stress_test,clean_model_teacher_prediction_not_measured_target
poly_1191,[*]CCC(=S)C(S1)=CC=C1[*],Bandgap,3.8480513095855713,eV,phase4_adversarial_augmentation,train,probabilistic_mcmc,adversarial_stress_test,clean_model_teacher_prediction_not_measured_target
poly_2100,[*]CC([*])OC(=O)c1ccc(C(C)=O)cc1,Bandgap,4.694967269897461,eV,phase4_adversarial_augmentation,train,probabilistic_mcmc,adversarial_stress_test,clean_model_teacher_prediction_not_measured_target
poly_3489,[*]CCCCCCNC(=S)CCCCCCCCC(=O)N[*],Bandgap,5.22445011138916,eV,phase4_adversarial_augmentation,train,probabilistic_mcmc,adversarial_stress_test,clean_model_teacher_prediction_not_measured_target
poly_4021,[*]CC1CC([*])C2C3CCC(C3)C12,Bandgap,6.427857875823975,eV,phase4_adversarial_augmentation,train,probabilistic_mcmc,adversarial_stress_test,clean_model_teacher_prediction_not_measured_target
poly_1656,[*]Oc1ccc(C(=O)OCCCCCCOC(=O)c2ccc(OC(=O)c3ccc(C([*])=O)cc3)cc2)cc1,Bandgap,3.746373414993286,eV,phase4_adversarial_augmentation,train,probabilistic_mcmc,adversarial_stress_test,clean_model_teacher_prediction_not_measured_target
poly_912,[*]c1ccc(Oc2ccc(C(=O)c3ccc(Oc4ccc(C(=O)c5ccc(Oc6ccc(-c7nc8ccccc8n7-c7ccc(-n8c([*])nc9cccc-c98)cc7)cc6)cc5)cc4)cc3)cc2)cc1,Bandgap,3.5766217708587646,eV,phase4_adversarial_augmentation,train,probabilistic_mcmc,adversarial_stress_test,clean_model_teacher_prediction_not_measured_target
poly_2916,[*]C(C[N-][N+]#N)O[*],Bandgap,4.197556972503662,eV,phase4_adversarial_augmentation,train,probabilistic_mcmc,adversarial_stress_test,clean_model_teacher_prediction_not_measured_target
poly_3226,[*]CCCCCCCNC(=O)C(OC)N(OC)C(=O)N[*],Bandgap,5.771200656890869,eV,phase4_adversarial_augmentation,train,probabilistic_mcmc,adversarial_stress_test,clean_model_teacher_prediction_not_measured_target
poly_1778,[*]NC(CCC(=O)OPc1ccc(C(F)(F)F)cc1)C([*])=O,Bandgap,4.578156471252441,eV,phase4_adversarial_augmentation,train,probabilistic_mcmc,adversarial_stress_test,clean_model_teacher_prediction_not_measured_target
poly_3139,[*]CCSC(=O)NCCCCCOCCCCCNC(=O)CCCO[*],Bandgap,5.820216655731201,eV,phase4_adversarial_augmentation,train,probabilistic_mcmc,adversarial_stress_test,clean_model_teacher_prediction_not_measured_target
poly_318,[*]C(=O)Nc1ccc(-c2ccc(NC(=O)c3ccc4c(c3)C(=O)N(c3ccc(S(=O)(=O)c5ccc(N6C(=O)c7ccc([*])cc7C6=N)cc5)cc3)C4=O)cc2)cc1,Bandgap,2.5936226844787598,eV,phase4_adversarial_augmentation,train,probabilistic_mcmc,adversarial_stress_test,clean_model_teacher_prediction_not_measured_target
poly_3315,[*]CCCCCNC(=O)C(CCCCCCCCCCICC)C(=O)N[*],Bandgap,5.539511203765869,eV,phase4_adversarial_augmentation,train,probabilistic_mcmc,adversarial_stress_test,clean_model_teacher_prediction_not_measured_target
poly_1703,[*]CCOCCOC(=O)c1ccc(SC=Nc2ccc(C(=O)O[*])cc2)cc1,Bandgap,4.119854927062988,eV,phase4_adversarial_augmentation,train,probabilistic_mcmc,adversarial_stress_test,clean_model_teacher_prediction_not_measured_target
poly_1723,[*]Nc1nc([*])nc(-c2ccccc2)[Si]n1,Bandgap,4.150862216949463,eV,phase4_adversarial_augmentation,train,probabilistic_mcmc,adversarial_stress_test,clean_model_teacher_prediction_not_measured_target
poly_224,[*]C(S1)=CC=C1C(S2)=CC=C2C(=S)[*],Bandgap,1.8343322277069092,eV,phase4_adversarial_augmentation,train,probabilistic_mcmc,adversarial_stress_test,clean_model_teacher_prediction_not_measured_target
poly_857,[*]c1cc2sc([*])(C)c2s1,Bandgap,2.1899445056915283,eV,phase4_adversarial_augmentation,train,probabilistic_mcmc,adversarial_stress_test,clean_model_teacher_prediction_not_measured_target
poly_3880,[*]CC(C)(C)COC(=O)CC(=O)P[*],Bandgap,6.601855278015137,eV,phase4_adversarial_augmentation,train,probabilistic_mcmc,adversarial_stress_test,clean_model_teacher_prediction_not_measured_target
poly_2588,[*]CNC(=O)c1cccc(O[*])c1,Bandgap,5.762091636657715,eV,phase4_adversarial_augmentation,train,probabilistic_mcmc,adversarial_stress_test,clean_model_teacher_prediction_not_measured_target
poly_1093,[*]Nc1ccc([*])cc1OCCCCS(=O)(=O),Bandgap,3.560237407684326,eV,phase4_adversarial_augmentation,train,probabilistic_mcmc,adversarial_stress_test,clean_model_teacher_prediction_not_measured_target
poly_4187,[*]CC(F)(S)C1(F)CC(CC(O)(C(F)(F)F)C(F)(F)F)CC1[*],Bandgap,6.825647354125977,eV,phase4_adversarial_augmentation,train,probabilistic_mcmc,adversarial_stress_test,clean_model_teacher_prediction_not_measured_target
poly_705,[*]C(=O)c1ccc2c(c1)C(=O)N(c1ccc(N3C(=O)c4ccc([*])cc4C3=O)cc[N+]1)C2=O,Bandgap,3.0033016204833984,eV,phase4_adversarial_augmentation,train,probabilistic_mcmc,adversarial_stress_test,clean_model_teacher_prediction_not_measured_target
poly_2467,[*]C(=NO)NCCCCCCNC(=O)c1cncc([*])c1,Bandgap,4.271862506866455,eV,phase4_adversarial_augmentation,train,probabilistic_mcmc,adversarial_stress_test,clean_model_teacher_prediction_not_measured_target
poly_1813,[*]NC(C=C1)=CC=C1OC(S2)=CCC2[*],Bandgap,4.32012414932251,eV,phase4_adversarial_augmentation,train,probabilistic_mcmc,adversarial_stress_test,clean_model_teacher_prediction_not_measured_target
poly_3312,[*]CCC(C)NCC(=O)N[*],Bandgap,5.735260009765625,eV,phase4_adversarial_augmentation,train,probabilistic_mcmc,adversarial_stress_test,clean_model_teacher_prediction_not_measured_target
poly_2939,C([*])=CCC(Br)C([*]),Bandgap,4.982438087463379,eV,phase4_adversarial_augmentation,train,probabilistic_mcmc,adversarial_stress_test,clean_model_teacher_prediction_not_measured_target
poly_3337,[*]CCCCCCCCCNC(=O)CCCCC[N-]CCC(=O)N[*],Bandgap,5.710553169250488,eV,phase4_adversarial_augmentation,train,probabilistic_mcmc,adversarial_stress_test,clean_model_teacher_prediction_not_measured_target
poly_3875,[*]OC(=I)OCCCCCCCCCCOC(=O)OC1COC2C([*])COC12,Bandgap,6.166133880615234,eV,phase4_adversarial_augmentation,train,probabilistic_mcmc,adversarial_stress_test,clean_model_teacher_prediction_not_measured_target
poly_4112,[*]CC1CCC([*])1,Bandgap,6.572566986083984,eV,phase4_adversarial_augmentation,train,probabilistic_mcmc,adversarial_stress_test,clean_model_teacher_prediction_not_measured_target
poly_1904,[*]CCCCCCCOc1ncc(OCc2ccc(COc3ccc(O[*])cc3)cc2)cc1,Bandgap,4.552424430847168,eV,phase4_adversarial_augmentation,train,probabilistic_mcmc,adversarial_stress_test,clean_model_teacher_prediction_not_measured_target
poly_2281,[*]Oc1ccc(C(c2ccccc2)Ic2ccc(OC([*])=O)cc2C)c(C)c1,Bandgap,4.372464656829834,eV,phase4_adversarial_augmentation,train,probabilistic_mcmc,adversarial_stress_test,clean_model_teacher_prediction_not_measured_target
poly_3660,[*]CC#CCOC(=O)NCCCCCCCNC(=O)O[*],Bandgap,5.820213317871094,eV,phase4_adversarial_augmentation,train,probabilistic_mcmc,adversarial_stress_test,clean_model_teacher_prediction_not_measured_target
poly_3387,[*]CC([*])C(=O)NCC,Bandgap,5.783828258514404,eV,phase4_adversarial_augmentation,train,probabilistic_mcmc,adversarial_stress_test,clean_model_teacher_prediction_not_measured_target
poly_3053,[*]CCCCc1nn([*])n1N,Bandgap,5.648392200469971,eV,phase4_adversarial_augmentation,train,probabilistic_mcmc,adversarial_stress_test,clean_model_teacher_prediction_not_measured_target
poly_101,[*]N=CC(C)=CC=CC=C(C)C=Nc1nc(\c2csc([*])n2)cs1,Bandgap,1.400033712387085,eV,phase4_adversarial_augmentation,train,probabilistic_mcmc,adversarial_stress_test,clean_model_teacher_prediction_not_measured_target
poly_417,[*]C(=O)c1ccc2c(c1)C(=O)N(c1cccc(C(=O)Nc3ccc(N4C(=O)c5cnc([*])cc5C4=O)cc3)c1)C2=O,Bandgap,2.475651264190674,eV,phase4_adversarial_augmentation,train,probabilistic_mcmc,adversarial_stress_test,clean_model_teacher_prediction_not_measured_target
poly_2417,c1([*])#ccc(cc1(O))c2cccc([*])c2(O),Bandgap,4.39315938949585,eV,phase4_adversarial_augmentation,train,probabilistic_mcmc,adversarial_stress_test,clean_model_teacher_prediction_not_measured_target
poly_766,[*]C(=O)Nc1ccc(S(=O)(=O)c2ccc(NC(=O)s3ccc4c(c3)C(=O)N(c3ccc(S(=O)(=O)c5ccc(N6C(=O)c7ccc([*])cc7C6=O)cc5)cc3)C4=O)cc2)cc1,Bandgap,2.8820128440856934,eV,phase4_adversarial_augmentation,train,probabilistic_mcmc,adversarial_stress_test,clean_model_teacher_prediction_not_measured_target
poly_3898,[*]OC(C)COC(=O)CCCCS(=O)(=O)/CCCCC([*])=O,Bandgap,6.506948471069336,eV,phase4_adversarial_augmentation,train,probabilistic_mcmc,adversarial_stress_test,clean_model_teacher_prediction_not_measured_target
poly_3469,[*]OC(=O)OCOCCOCCOCCOC(=O)OC1COC2C([*])COC12,Bandgap,6.314332962036133,eV,phase4_adversarial_augmentation,train,probabilistic_mcmc,adversarial_stress_test,clean_model_teacher_prediction_not_measured_target
poly_3130,[*]NNC(=O)COCCCC([*])=O,Bandgap,5.600164413452148,eV,phase4_adversarial_augmentation,train,probabilistic_mcmc,adversarial_stress_test,clean_model_teacher_prediction_not_measured_target
poly_3750,[*]CC([*])(S)C(=O)OCC(F)(F)C(F)F,Bandgap,6.3973917961120605,eV,phase4_adversarial_augmentation,train,probabilistic_mcmc,adversarial_stress_test,clean_model_teacher_prediction_not_measured_target
poly_3623,[*]CC(C(=O)CC)(C(=O)OCC)[*],Bandgap,6.53201961517334,eV,phase4_adversarial_augmentation,train,probabilistic_mcmc,adversarial_stress_test,clean_model_teacher_prediction_not_measured_target
poly_2522,[*]OC(c1ccc(Cl)cc1)C(C)(C)[N-]C([*])=O,Bandgap,5.223587989807129,eV,phase4_adversarial_augmentation,train,probabilistic_mcmc,adversarial_stress_test,clean_model_teacher_prediction_not_measured_target
poly_1790,[*]C(\O)NCCCCCCNC(=O)c1ccncc1[*],Bandgap,4.815683364868164,eV,phase4_adversarial_augmentation,train,probabilistic_mcmc,adversarial_stress_test,clean_model_teacher_prediction_not_measured_target
poly_2361,[*]Nc1cc(NC(=O)NCCCCCCNC([*])=O)ncc1C,Bandgap,4.728697776794434,eV,phase4_adversarial_augmentation,train,probabilistic_mcmc,adversarial_stress_test,clean_model_teacher_prediction_not_measured_target
poly_490,[*]C(=O)c1ccc2c(c1)C(=O)N(c1ccc(OCC(C)(C)COc3cccC(N4C(=O)c5ccc([*])cc5C4=O)cc3)cc1)C2=O,Bandgap,2.6036486625671387,eV,phase4_adversarial_augmentation,train,probabilistic_mcmc,adversarial_stress_test,clean_model_teacher_prediction_not_measured_target
poly_3112,[*]CCN([*])C(=C)CCCCC,Bandgap,5.265203952789307,eV,phase4_adversarial_augmentation,train,probabilistic_mcmc,adversarial_stress_test,clean_model_teacher_prediction_not_measured_target
poly_763,[*]C(=O)Nc1ccc(NC(O)c2ccc(N3C(=O)c4ccc([*])cc4C3=O)cc2)cc1,Bandgap,3.2046611309051514,eV,phase4_adversarial_augmentation,train,probabilistic_mcmc,adversarial_stress_test,clean_model_teacher_prediction_not_measured_target
poly_2641,[*]C=CC1CC([*])I(C(=O)Oc2ccccc2)C1,Bandgap,5.092257976531982,eV,phase4_adversarial_augmentation,train,probabilistic_mcmc,adversarial_stress_test,clean_model_teacher_prediction_not_measured_target
poly_2838,[*]CCC(=O)NCc1c(C)c(C)(CNC(=O)CCO[*])c(C)c1C,Bandgap,5.30626916885376,eV,phase4_adversarial_augmentation,train,probabilistic_mcmc,adversarial_stress_test,clean_model_teacher_prediction_not_measured_target
poly_2590,[*]CCCP(CCCNC(=O)CCCCC(=O)N[*])C(C)C,Bandgap,5.509413719177246,eV,phase4_adversarial_augmentation,train,probabilistic_mcmc,adversarial_stress_test,clean_model_teacher_prediction_not_measured_target
poly_1150,[*]Nc1ccc(\c2ccc([*])cc2)c(C)c1,Bandgap,3.503420114517212,eV,phase4_adversarial_augmentation,train,probabilistic_mcmc,adversarial_stress_test,clean_model_teacher_prediction_not_measured_target
poly_799,[*]C(=O)NNC(=O)c1cns([*])cn1,Bandgap,3.020935535430908,eV,phase4_adversarial_augmentation,train,probabilistic_mcmc,adversarial_stress_test,clean_model_teacher_prediction_not_measured_target
poly_1477,[*]c1cnc(-c2ccc(-c3nnc([*])n3-c3ccc(OC)cc3)cc2)cc1,Bandgap,4.196411609649658,eV,phase4_adversarial_augmentation,train,probabilistic_mcmc,adversarial_stress_test,clean_model_teacher_prediction_not_measured_target
poly_4142,[*]OC1CCC(O\C(=O)OCCCCCCCOC([*])=O)CC1,Bandgap,6.444767475128174,eV,phase4_adversarial_augmentation,train,probabilistic_mcmc,adversarial_stress_test,clean_model_teacher_prediction_not_measured_target
poly_1274,[*]OC(=O)c1c[nH]cc(SCCCCSc2ccc(C([*])=O)cc2)cc1,Bandgap,3.9929049015045166,eV,phase4_adversarial_augmentation,train,probabilistic_mcmc,adversarial_stress_test,clean_model_teacher_prediction_not_measured_target
poly_1752,[*]CCP(=O)N(CCN(C(=O)CCN1CCN([*])CC1)C(C)C)C(C)C,Bandgap,4.696610450744629,eV,phase4_adversarial_augmentation,train,probabilistic_mcmc,adversarial_stress_test,clean_model_teacher_prediction_not_measured_target
poly_2370,[*]c1ccc(C([*])=O)cc1CCCCCC,Bandgap,3.4833390712738037,eV,phase4_adversarial_augmentation,train,probabilistic_mcmc,adversarial_stress_test,clean_model_teacher_prediction_not_measured_target
poly_330,[*]c1cc(CCCCCCCCCCC)c(-c2sc([*])c3c2OCCO3)s1,Bandgap,2.8268492221832275,eV,phase4_adversarial_augmentation,train,probabilistic_mcmc,adversarial_stress_test,clean_model_teacher_prediction_not_measured_target
poly_3327,P([*])C(=O)CCCC(=O)NCCCCCCCCCC([*]),Bandgap,5.97612190246582,eV,phase4_adversarial_augmentation,train,probabilistic_mcmc,adversarial_stress_test,clean_model_teacher_prediction_not_measured_target
poly_2162,[*]CC(SOc1c(Cl)cc(Cl)cc1Cl)O[*],Bandgap,4.296048641204834,eV,phase4_adversarial_augmentation,train,probabilistic_mcmc,adversarial_stress_test,clean_model_teacher_prediction_not_measured_target
poly_1359,[*]NC(CCC(=O)OCc1ccc(F)cc1)C([*])-O,Bandgap,4.509176731109619,eV,phase4_adversarial_augmentation,train,probabilistic_mcmc,adversarial_stress_test,clean_model_teacher_prediction_not_measured_target
poly_877,[*]c1cc2nc([*])sc2s1,Bandgap,2.65883207321167,eV,phase4_adversarial_augmentation,train,probabilistic_mcmc,adversarial_stress_test,clean_model_teacher_prediction_not_measured_target
poly_1083,[*]CCOCCOCCOc1cccs(NC(=O)c2ccc(C(=O)Nc3cccc(O[*])c3)cc2)c1,Bandgap,2.203739643096924,eV,phase4_adversarial_augmentation,train,probabilistic_mcmc,adversarial_stress_test,clean_model_teacher_prediction_not_measured_target
poly_2208,[*]CC([*])SCOCC,Bandgap,5.025794982910156,eV,phase4_adversarial_augmentation,train,probabilistic_mcmc,adversarial_stress_test,clean_model_teacher_prediction_not_measured_target
poly_602,[*]C=Cc1ccc(N(c2ccc(C=Cc3ccc4c5c[N-]cc([*])cc5n(CC(CC)CCCC)c4c3)cc2)c2ccc(OCC(CC)CCCC)cc2)cc1,Bandgap,3.1096150875091553,eV,phase4_adversarial_augmentation,train,probabilistic_mcmc,adversarial_stress_test,clean_model_teacher_prediction_not_measured_target
poly_2078,[*]c1Sccc(Cc2ccc(S([*])(=O)=O)cc2)cc1,Bandgap,3.7990427017211914,eV,phase4_adversarial_augmentation,train,probabilistic_mcmc,adversarial_stress_test,clean_model_teacher_prediction_not_measured_target
poly_1284,[*]Cc1ccc(COC(=O)c2ccc3cc(C(=O)O[*])ccs3c2)cc1,Bandgap,2.89473557472229,eV,phase4_adversarial_augmentation,train,probabilistic_mcmc,adversarial_stress_test,clean_model_teacher_prediction_not_measured_target
poly_3598,[*]CCOCCOC(=O)S[*],Bandgap,5.2271833419799805,eV,phase4_adversarial_augmentation,train,probabilistic_mcmc,adversarial_stress_test,clean_model_teacher_prediction_not_measured_target
poly_3516,[*]OC1C(CO)OC([*])C(NS(C)=O)C1O,Bandgap,5.808093547821045,eV,phase4_adversarial_augmentation,train,probabilistic_mcmc,adversarial_stress_test,clean_model_teacher_prediction_not_measured_target
poly_68,[*]c1ccc(C(=O)Nc2ccc(NC(=O)c3ccc(-n4c(=O)c5sc6/c(=O)n([*])c(=O)c6sc5c4=O)cc3)cc2)cc1,Bandgap,2.2380783557891846,eV,phase4_adversarial_augmentation,train,probabilistic_mcmc,adversarial_stress_test,clean_model_teacher_prediction_not_measured_target
poly_1930,[*]c1ns(C)nc(N([*])C)n1,Bandgap,4.797047138214111,eV,phase4_adversarial_augmentation,train,probabilistic_mcmc,adversarial_stress_test,clean_model_teacher_prediction_not_measured_target
poly_50,[*]C=CC1-C(O)C(O)=C([*])C1,Bandgap,2.4888200759887695,eV,phase4_adversarial_augmentation,train,probabilistic_mcmc,adversarial_stress_test,clean_model_teacher_prediction_not_measured_target
poly_3264,[*]CCICCCCCOC(=O)NCCCCCCCCCCNC(=O)O[*],Bandgap,5.582251071929932,eV,phase4_adversarial_augmentation,train,probabilistic_mcmc,adversarial_stress_test,clean_model_teacher_prediction_not_measured_target
poly_2936,[*][N+]OC1CCCC1[*],Bandgap,5.3893513679504395,eV,phase4_adversarial_augmentation,train,probabilistic_mcmc,adversarial_stress_test,clean_model_teacher_prediction_not_measured_target
poly_1402,[*]CC(S1)=CCC1NC(=S)[*],Bandgap,3.937533378601074,eV,phase4_adversarial_augmentation,train,probabilistic_mcmc,adversarial_stress_test,clean_model_teacher_prediction_not_measured_target
poly_2894,[*]NC(CPCCNC([*])=O)C(=O)OC,Bandgap,5.533245086669922,eV,phase4_adversarial_augmentation,train,probabilistic_mcmc,adversarial_stress_test,clean_model_teacher_prediction_not_measured_target
poly_3470,[*]CC([*])(CC(=O)O)C(O)O,Bandgap,6.383552074432373,eV,phase4_adversarial_augmentation,train,probabilistic_mcmc,adversarial_stress_test,clean_model_teacher_prediction_not_measured_target
poly_3083,[*]CCCCCCNC(=O)CCCCCCCCCC(=O)N[*],Bandgap,5.421002388000488,eV,phase4_adversarial_augmentation,train,probabilistic_mcmc,adversarial_stress_test,clean_model_teacher_prediction_not_measured_target
poly_922,[*]OCC(=O)C(=S)[*],Bandgap,4.16517448425293,eV,phase4_adversarial_augmentation,train,probabilistic_mcmc,adversarial_stress_test,clean_model_teacher_prediction_not_measured_target
poly_2475,[*]C(=O)Oc1ccc(C(C)(C)c2ccc(OS(=O)N3CCN([*])CC3)cc2)cc1,Bandgap,4.847322463989258,eV,phase4_adversarial_augmentation,train,probabilistic_mcmc,adversarial_stress_test,clean_model_teacher_prediction_not_measured_target
poly_3306,[*]CCCCCCNC(=O)CC=CCCC(=O)N[*],Bandgap,5.255451679229736,eV,phase4_adversarial_augmentation,train,probabilistic_mcmc,adversarial_stress_test,clean_model_teacher_prediction_not_measured_target
poly_573,[*]C=NN=Cc1cc(CCCCCCCCCCC)c([*])s1,Bandgap,1.8229036331176758,eV,phase4_adversarial_augmentation,train,probabilistic_mcmc,adversarial_stress_test,clean_model_teacher_prediction_not_measured_target
poly_114,[*]c1ccc(-c2ccc(-c3cNcc([*])s3)o2)o1,Bandgap,1.2752623558044434,eV,phase4_adversarial_augmentation,train,probabilistic_mcmc,adversarial_stress_test,clean_model_teacher_prediction_not_measured_target
poly_3420,[*]CCN([*])C(O)CO,Bandgap,5.892185211181641,eV,phase4_adversarial_augmentation,train,probabilistic_mcmc,adversarial_stress_test,clean_model_teacher_prediction_not_measured_target
poly_3015,[*]CCCCCCCOC(=O)NCCCCCCNC(=O)CCCCCCCCO[*],Bandgap,5.934747695922852,eV,phase4_adversarial_augmentation,train,probabilistic_mcmc,adversarial_stress_test,clean_model_teacher_prediction_not_measured_target
poly_4075,[*]CCCOC(=O)CCCC(O)O[*],Bandgap,6.599014759063721,eV,phase4_adversarial_augmentation,train,probabilistic_mcmc,adversarial_stress_test,clean_model_teacher_prediction_not_measured_target
poly_360,[*]C(=O)OC(C=C1)=CC=C1C(C=C2)=CC=C2C(=S)[*],Bandgap,3.4152824878692627,eV,phase4_adversarial_augmentation,train,probabilistic_mcmc,adversarial_stress_test,clean_model_teacher_prediction_not_measured_target
poly_521,[*]c1ccc([*])n1CCC(O)NO,Bandgap,2.835582971572876,eV,phase4_adversarial_augmentation,train,probabilistic_mcmc,adversarial_stress_test,clean_model_teacher_prediction_not_measured_target
poly_1919,[*]CCCCC(=O)c1cccc(-c2cccc(C(=O)O[*])c2)c1,Bandgap,5.019956111907959,eV,phase4_adversarial_augmentation,train,probabilistic_mcmc,adversarial_stress_test,clean_model_teacher_prediction_not_measured_target
poly_615,[*]NC(S)NC(=S)[*],Bandgap,2.9991798400878906,eV,phase4_adversarial_augmentation,train,probabilistic_mcmc,adversarial_stress_test,clean_model_teacher_prediction_not_measured_target
poly_1232,[*]Oc1ccc(Oc2ccc(C(=O)c3ccc([*])cc3)cc2)cc1C(\O)O,Bandgap,3.9614789485931396,eV,phase4_adversarial_augmentation,train,probabilistic_mcmc,adversarial_stress_test,clean_model_teacher_prediction_not_measured_target
poly_3363,[*]NNC(=O)CCCCCCCCCCCC([*])O,Bandgap,5.78151798248291,eV,phase4_adversarial_augmentation,train,probabilistic_mcmc,adversarial_stress_test,clean_model_teacher_prediction_not_measured_target
poly_1313,[*]Oc1ccc(Oc2ccc(Oc3ccc(C(=O)Oc4ccc(OC(=O)c5ccc([*])cc5)cc4)cc3)cc2)/cc1,Bandgap,3.712902307510376,eV,phase4_adversarial_augmentation,train,probabilistic_mcmc,adversarial_stress_test,clean_model_teacher_prediction_not_measured_target
poly_2614,[*]c1ccc([*])c(O)Oc1,Bandgap,4.700022220611572,eV,phase4_adversarial_augmentation,train,probabilistic_mcmc,adversarial_stress_test,clean_model_teacher_prediction_not_measured_target
poly_1279,[*]c1ccc(C(=O)Oc2ccc3ccc(OC(=O)c4ccc(N5C(=O)CC(SCCOCCSC6CC(=O)N([*])C6=O)C5=O)[nH]cc4)cc3c2)cc1,Bandgap,3.0784964561462402,eV,phase4_adversarial_augmentation,train,probabilistic_mcmc,adversarial_stress_test,clean_model_teacher_prediction_not_measured_target
poly_2955,[*]Cc1c(C)(C)c(CNC(=O)CCCCC(=O)N[*])c(C)c1C,Bandgap,5.120365142822266,eV,phase4_adversarial_augmentation,train,probabilistic_mcmc,adversarial_stress_test,clean_model_teacher_prediction_not_measured_target
poly_631,[*]C(=O)Nc1ccc(S(=O)(=O)c2ccsc(NC(=O)c3ccc4c(c3)C(=O)N(c3ccc(Oc5ccc(N6C(=O)c7ccc([*])cc7C6=O)cc5)cc3)C4=O)cc2)cc1,Bandgap,2.5698671340942383,eV,phase4_adversarial_augmentation,train,probabilistic_mcmc,adversarial_stress_test,clean_model_teacher_prediction_not_measured_target
poly_2812,[*]SCCC([*])=O,Bandgap,5.061379432678223,eV,phase4_adversarial_augmentation,train,probabilistic_mcmc,adversarial_stress_test,clean_model_teacher_prediction_not_measured_target
poly_1604,[*]Nc1c(Cl)cc(C([*])O)cc1Cl,Bandgap,4.331303119659424,eV,phase4_adversarial_augmentation,train,probabilistic_mcmc,adversarial_stress_test,clean_model_teacher_prediction_not_measured_target
poly_3727,[*]CC1CC([*])C(=O)O[N-]C1=O,Bandgap,6.381313323974609,eV,phase4_adversarial_augmentation,train,probabilistic_mcmc,adversarial_stress_test,clean_model_teacher_prediction_not_measured_target
poly_724,[*]c1ccc2cc(N([*])c3ccccc3)ccs2c1,Bandgap,2.7969367504119873,eV,phase4_adversarial_augmentation,train,probabilistic_mcmc,adversarial_stress_test,clean_model_teacher_prediction_not_measured_target
poly_3204,[*]C1CCC(N2C(=O)C3C4C=PC(C5C(=O)N([*])C(=O)C45)C3C2=O)CC1,Bandgap,5.509753704071045,eV,phase4_adversarial_augmentation,train,probabilistic_mcmc,adversarial_stress_test,clean_model_teacher_prediction_not_measured_target
poly_3348,[*]OC(C)CCC(C)OC(=O)CCCICCCCC([*])=O,Bandgap,6.244909763336182,eV,phase4_adversarial_augmentation,train,probabilistic_mcmc,adversarial_stress_test,clean_model_teacher_prediction_not_measured_target
poly_236,[*]CC(=S)C(S1)=CC=C1C(=P)[*],Bandgap,2.358966827392578,eV,phase4_adversarial_augmentation,train,probabilistic_mcmc,adversarial_stress_test,clean_model_teacher_prediction_not_measured_target
poly_464,[*]c1ccc(\c2nc3cc4nc([*])oc4cc3o2)c(O)c1,Bandgap,3.0195670127868652,eV,phase4_adversarial_augmentation,train,probabilistic_mcmc,adversarial_stress_test,clean_model_teacher_prediction_not_measured_target
poly_1615,[*]CC([*])C(O)N(O)c1ccc(Cl)cc1,Bandgap,2.727018356323242,eV,phase4_adversarial_augmentation,train,probabilistic_mcmc,adversarial_stress_test,clean_model_teacher_prediction_not_measured_target
poly_4178,[*]CC(F)(O)C(F)(F)C(F)(F)C(F)(F)COC(=O)O[*],Bandgap,7.4435224533081055,eV,phase4_adversarial_augmentation,train,probabilistic_mcmc,adversarial_stress_test,clean_model_teacher_prediction_not_measured_target
poly_313,[*]c1cc(CC(=O)OCCSCCCOc2ccc(N=Nc3ccc(C#N)cc3)cc2)c([*])s1,Bandgap,2.6394760608673096,eV,phase4_adversarial_augmentation,train,probabilistic_mcmc,adversarial_stress_test,clean_model_teacher_prediction_not_measured_target
poly_251,[*]C(=O)C(N1)=CC=C1C(=O)C(=S)[*],Bandgap,2.519291877746582,eV,phase4_adversarial_augmentation,train,probabilistic_mcmc,adversarial_stress_test,clean_model_teacher_prediction_not_measured_target
poly_2211,[*]CCOCCCC(=O)c1cccc(C(=O)O[*])c1,Bandgap,4.8053388595581055,eV,phase4_adversarial_augmentation,train,probabilistic_mcmc,adversarial_stress_test,clean_model_teacher_prediction_not_measured_target
poly_500,[*]CCOc1ccc(C=C2CCC(=Cc3ccc(O[*])c(OP)c3)C2=O)cc1OC,Bandgap,2.540421485900879,eV,phase4_adversarial_augmentation,train,probabilistic_mcmc,adversarial_stress_test,clean_model_teacher_prediction_not_measured_target
poly_3614,[*]CCCCCOC(=O)CCCOCCNC(=O)O[*],Bandgap,6.390815258026123,eV,phase4_adversarial_augmentation,train,probabilistic_mcmc,adversarial_stress_test,clean_model_teacher_prediction_not_measured_target
poly_2564,[*]OC([2H])([2H])C([*])([2H])C([2H])-C([2H])[2H],Bandgap,4.956063270568848,eV,phase4_adversarial_augmentation,train,probabilistic_mcmc,adversarial_stress_test,clean_model_teacher_prediction_not_measured_target
poly_2400,[*]CN([*])C(=O)SCCC,Bandgap,5.241096496582031,eV,phase4_adversarial_augmentation,train,probabilistic_mcmc,adversarial_stress_test,clean_model_teacher_prediction_not_measured_target
poly_2027,[*]c1cccc(-c2nnc(c3nnc([*])o3)o2)c1,Bandgap,3.6164937019348145,eV,phase4_adversarial_augmentation,train,probabilistic_mcmc,adversarial_stress_test,clean_model_teacher_prediction_not_measured_target
poly_591,[*]C#Cc1c(F)c(F)c(C#Cc2cc(CCCCCC)c([*])s2)c(F)c1,Bandgap,2.7609291076660156,eV,phase4_adversarial_augmentation,train,probabilistic_mcmc,adversarial_stress_test,clean_model_teacher_prediction_not_measured_target
poly_4063,[*]CC([*])ICC,Bandgap,6.613444805145264,eV,phase4_adversarial_augmentation,train,probabilistic_mcmc,adversarial_stress_test,clean_model_teacher_prediction_not_measured_target
poly_3463,[*]CCCCCCOC(=O)NNC(=O)CCCCCCCCC(=O)NNC(=S)O[*],Bandgap,5.396193027496338,eV,phase4_adversarial_augmentation,train,probabilistic_mcmc,adversarial_stress_test,clean_model_teacher_prediction_not_measured_target
poly_3064,[*]Cc1ccc(CNC(=O)CCCNCCCCCCCCCCCCCCCCC(=O)N[*])cc1,Bandgap,5.398658752441406,eV,phase4_adversarial_augmentation,train,probabilistic_mcmc,adversarial_stress_test,clean_model_teacher_prediction_not_measured_target
poly_646,[*]c1ccc(C(O)CNCCCNCC(=O)c2ccc(S([*])(=O)=O)cc2)cc1,Bandgap,3.625272035598755,eV,phase4_adversarial_augmentation,train,probabilistic_mcmc,adversarial_stress_test,clean_model_teacher_prediction_not_measured_target
poly_1711,[*]C(=O)NNC(=O)c1cccs(C(=O)NNC(=O)c2cccc([*])n2)c1,Bandgap,2.6486167907714844,eV,phase4_adversarial_augmentation,train,probabilistic_mcmc,adversarial_stress_test,clean_model_teacher_prediction_not_measured_target
poly_3748,[*]CN(OC)C(C(=O)O)C([*])C(=O)O,Bandgap,6.023123264312744,eV,phase4_adversarial_augmentation,train,probabilistic_mcmc,adversarial_stress_test,clean_model_teacher_prediction_not_measured_target
poly_3547,[*]CCOCP(=O)O[*],Bandgap,6.54649543762207,eV,phase4_adversarial_augmentation,train,probabilistic_mcmc,adversarial_stress_test,clean_model_teacher_prediction_not_measured_target
poly_2597,[*]CCCCCCNC(=O)CCP(CCC(=O)[*])c1ccccc1,Bandgap,5.353089809417725,eV,phase4_adversarial_augmentation,train,probabilistic_mcmc,adversarial_stress_test,clean_model_teacher_prediction_not_measured_target
poly_3624,[*]CC(C)C1COP2C(C(=O)OC(O)(C(F)(F)F)C(F)(F)C[*])CC12,Bandgap,5.996622085571289,eV,phase4_adversarial_augmentation,train,probabilistic_mcmc,adversarial_stress_test,clean_model_teacher_prediction_not_measured_target
poly_2255,[*]CCC(=N)OC(=O)CCc1ccc([*])o1,Bandgap,5.043673038482666,eV,phase4_adversarial_augmentation,train,probabilistic_mcmc,adversarial_stress_test,clean_model_teacher_prediction_not_measured_target
poly_3808,[*]SCCCOC(=O)CCCCCNC(=O)O[*],Bandgap,5.504033088684082,eV,phase4_adversarial_augmentation,train,probabilistic_mcmc,adversarial_stress_test,clean_model_teacher_prediction_not_measured_target
poly_2313,[*]CC([*])C(=O)OCCSC,Bandgap,5.28559684753418,eV,phase4_adversarial_augmentation,train,probabilistic_mcmc,adversarial_stress_test,clean_model_teacher_prediction_not_measured_target
poly_1181,[*]c1[N-]ccc(Nc2cc(C)c([*])s2)cc1,Bandgap,1.5081641674041748,eV,phase4_adversarial_augmentation,train,probabilistic_mcmc,adversarial_stress_test,clean_model_teacher_prediction_not_measured_target
poly_96,[*]c1ccc(-c2cc(CCCCCCCCCCC)c[N+]([*])s2)s1,Bandgap,1.4250359535217285,eV,phase4_adversarial_augmentation,train,probabilistic_mcmc,adversarial_stress_test,clean_model_teacher_prediction_not_measured_target
poly_518,[*]C(=O)Nc1ccc(C(=O)c2ccc3c(c2)C(=O)N(c2ccc(S(=O)(=O)c4ccc(N5C(=O)c6ccc([*])cc6C5=O)cc4)cc2)C3=O)cc1,Bandgap,3.136373996734619,eV,phase4_adversarial_augmentation,train,probabilistic_mcmc,adversarial_stress_test,clean_model_teacher_prediction_not_measured_target
poly_2841,[*]CCCCCNC(=O)C(CCCCCCCCC)C(=O)N[*],Bandgap,5.784697532653809,eV,phase4_adversarial_augmentation,train,probabilistic_mcmc,adversarial_stress_test,clean_model_teacher_prediction_not_measured_target
poly_3497,[*]CCCCCC(=O)NCCNC(=O)CCCCCOC(=O)CCCCC(=PO)O[*],Bandgap,5.656966209411621,eV,phase4_adversarial_augmentation,train,probabilistic_mcmc,adversarial_stress_test,clean_model_teacher_prediction_not_measured_target
poly_2944,[*]C=CC(C)CCCC[*],Bandgap,5.500186920166016,eV,phase4_adversarial_augmentation,train,probabilistic_mcmc,adversarial_stress_test,clean_model_teacher_prediction_not_measured_target
poly_1378,[*]NNC(=O)c1ccc(NC(=O)s2ccc(C([*])=O)cc2)c(O)c1,Bandgap,0.965437650680542,eV,phase4_adversarial_augmentation,train,probabilistic_mcmc,adversarial_stress_test,clean_model_teacher_prediction_not_measured_target
poly_1870,[*]Oc1ccc(C(=O)NNC(=O)c2ccc([*])cc2)ccI1,Bandgap,4.3294878005981445,eV,phase4_adversarial_augmentation,train,probabilistic_mcmc,adversarial_stress_test,clean_model_teacher_prediction_not_measured_target
poly_3530,[*]CCCCCCCCCCC(=O)NOCCCCCNC(=O)CCCO[*],Bandgap,5.979604244232178,eV,phase4_adversarial_augmentation,train,probabilistic_mcmc,adversarial_stress_test,clean_model_teacher_prediction_not_measured_target
poly_2118,[*]Oc1ccc(CC(NC(=O)CCc2ccc(OC(=O)CCCCCCC([*])=O)cc2)IC(=O)OCC(C)C)cc1,Bandgap,5.173680782318115,eV,phase4_adversarial_augmentation,train,probabilistic_mcmc,adversarial_stress_test,clean_model_teacher_prediction_not_measured_target
poly_3837,[*]OC(=O)OC1OC(C)(C)OC1COC(=O)OC1COC2C([*])COC12,Bandgap,6.130010604858398,eV,phase4_adversarial_augmentation,train,probabilistic_mcmc,adversarial_stress_test,clean_model_teacher_prediction_not_measured_target
poly_2787,[*]C(=O)OC1=NCCNS1[*],Bandgap,4.46775484085083,eV,phase4_adversarial_augmentation,train,probabilistic_mcmc,adversarial_stress_test,clean_model_teacher_prediction_not_measured_target
poly_2917,[*]CNC([*])C(=O)OCCCSCCC#N,Bandgap,5.734091758728027,eV,phase4_adversarial_augmentation,train,probabilistic_mcmc,adversarial_stress_test,clean_model_teacher_prediction_not_measured_target
poly_280,[*]c1cc(COCCCCCOc2ccc(-c3ccc(C#N)cc3)cc2)c([*])s1,Bandgap,2.3441853523254395,eV,phase4_adversarial_augmentation,train,probabilistic_mcmc,adversarial_stress_test,clean_model_teacher_prediction_not_measured_target
poly_3761,[*]CC([*])OC(=O)SCCCC,Bandgap,5.380080223083496,eV,phase4_adversarial_augmentation,train,probabilistic_mcmc,adversarial_stress_test,clean_model_teacher_prediction_not_measured_target
poly_1424,[*]Nc1ccc([*])cs1CO,Bandgap,3.1005868911743164,eV,phase4_adversarial_augmentation,train,probabilistic_mcmc,adversarial_stress_test,clean_model_teacher_prediction_not_measured_target
poly_15,[*]c1sc([*])c2nc(CCCCC)c(CCCCCC)nc12,Bandgap,1.5605840682983398,eV,phase4_adversarial_augmentation,train,probabilistic_mcmc,adversarial_stress_test,clean_model_teacher_prediction_not_measured_target
poly_2989,[*]CCCCCCCCNC(=O)CCCCCCCCCC(=O)N[*],Bandgap,5.78587007522583,eV,phase4_adversarial_augmentation,train,probabilistic_mcmc,adversarial_stress_test,clean_model_teacher_prediction_not_measured_target
poly_2305,[*]CCC(C)(C)CCP(C)CNC(=O)c1ccc(C(=O)N[*])cc1,Bandgap,4.831878662109375,eV,phase4_adversarial_augmentation,train,probabilistic_mcmc,adversarial_stress_test,clean_model_teacher_prediction_not_measured_target
poly_2373,[*]Oc1ccNc(NC(=O)NC2CC(C)(C)CC(C)(NC([*])=O)C2)cc1,Bandgap,5.271272659301758,eV,phase4_adversarial_augmentation,train,probabilistic_mcmc,adversarial_stress_test,clean_model_teacher_prediction_not_measured_target
poly_4101,[*]N=P([*])(OCC(F)(F)F)OC(F)(F)F,Bandgap,5.976541519165039,eV,phase4_adversarial_augmentation,train,probabilistic_mcmc,adversarial_stress_test,clean_model_teacher_prediction_not_measured_target
poly_905,[*]c1ccc(CCCCCCc2ccc(c3csc(-c4nc([*])cs4)n3)cc2)cc1,Bandgap,2.3498435020446777,eV,phase4_adversarial_augmentation,train,probabilistic_mcmc,adversarial_stress_test,clean_model_teacher_prediction_not_measured_target
poly_4189,[*]C1(F)OC(C(F)(F)I)(C(F)(F)Cl)OC1([*])F,Bandgap,8.129727363586426,eV,phase4_adversarial_augmentation,train,probabilistic_mcmc,adversarial_stress_test,clean_model_teacher_prediction_not_measured_target
poly_2391,[*]CCCSC([N+]=O)CCC(=O)S[*],Bandgap,2.2320199012756348,eV,phase4_adversarial_augmentation,train,probabilistic_mcmc,adversarial_stress_test,clean_model_teacher_prediction_not_measured_target
poly_245,[*]C([*])c1ccc(Br)cc1,Bandgap,4.750669956207275,eV,phase4_adversarial_augmentation,train,probabilistic_mcmc,adversarial_stress_test,clean_model_teacher_prediction_not_measured_target
poly_1853,[*]Oc1ccc(Oc2cccc([*])n2)c(-c2Occccc2)c1,Bandgap,4.40289306640625,eV,phase4_adversarial_augmentation,train,probabilistic_mcmc,adversarial_stress_test,clean_model_teacher_prediction_not_measured_target
poly_216,[*]C=CC=Cc1nc2cc3sc([*])nc3cs2s1,Bandgap,1.989321231842041,eV,phase4_adversarial_augmentation,train,probabilistic_mcmc,adversarial_stress_test,clean_model_teacher_prediction_not_measured_target
poly_813,[*]c1cc([*])c(PO)c(C=Nc2ccc(N3CCOCC3)cc2)c1,Bandgap,3.7693843841552734,eV,phase4_adversarial_augmentation,train,probabilistic_mcmc,adversarial_stress_test,clean_model_teacher_prediction_not_measured_target
poly_4066,[*]CCC1C[N-]C([*])C2CCCC12,Bandgap,6.564303398132324,eV,phase4_adversarial_augmentation,train,probabilistic_mcmc,adversarial_stress_test,clean_model_teacher_prediction_not_measured_target
poly_1185,[*]C(=O)Nc1ccc(Oc2ccc(NC(=O)c3cccc([*])n3)cc2)c#c1,Bandgap,3.7044408321380615,eV,phase4_adversarial_augmentation,train,probabilistic_mcmc,adversarial_stress_test,clean_model_teacher_prediction_not_measured_target
poly_1895,[*]Oc1cccc([*])s1C#N,Bandgap,3.1805241107940674,eV,phase4_adversarial_augmentation,train,probabilistic_mcmc,adversarial_stress_test,clean_model_teacher_prediction_not_measured_target
poly_1691,[*]c1ccc(Oc2ccc(P(=O)(c3ccccc3)c3ccc(Oc4ccc(-c5cc([*])[nH]n5)nc4)cc3)cc2)cc1,Bandgap,3.9436001777648926,eV,phase4_adversarial_augmentation,train,probabilistic_mcmc,adversarial_stress_test,clean_model_teacher_prediction_not_measured_target
poly_1208,[*]CC(C\C1)=CC=C1C(C=C2)=CC=C2C(S3)=CC=C3[*],Bandgap,3.811102867126465,eV,phase4_adversarial_augmentation,train,probabilistic_mcmc,adversarial_stress_test,clean_model_teacher_prediction_not_measured_target
poly_3671,[*]CC(CO[*])(COC(C)=O)IOC(C)=O,Bandgap,6.175005912780762,eV,phase4_adversarial_augmentation,train,probabilistic_mcmc,adversarial_stress_test,clean_model_teacher_prediction_not_measured_target
poly_3208,[*]C=C(C)CC(C#N)C[*],Bandgap,5.172645568847656,eV,phase4_adversarial_augmentation,train,probabilistic_mcmc,adversarial_stress_test,clean_model_teacher_prediction_not_measured_target
poly_3482,[*]CCCCCCCCPCNC(=O)CCCCCCCC(=O)N[*],Bandgap,5.69240140914917,eV,phase4_adversarial_augmentation,train,probabilistic_mcmc,adversarial_stress_test,clean_model_teacher_prediction_not_measured_target
poly_1765,[*]CC(O)Oc1ccc(C(C)(C)c2ccc(O[*])c(Cl)c2)cc1Cl,Bandgap,4.506230354309082,eV,phase4_adversarial_augmentation,train,probabilistic_mcmc,adversarial_stress_test,clean_model_teacher_prediction_not_measured_target
poly_4204,[*]OC(N)(F)C(F)(F)C(F)(F)C([*])(F)F,Bandgap,6.46604061126709,eV,phase4_adversarial_augmentation,train,probabilistic_mcmc,adversarial_stress_test,clean_model_teacher_prediction_not_measured_target
poly_110,[*]c1sc([*])c2c1CC(CCCCS(=O)(=O)O)O2,Bandgap,1.4110298156738281,eV,phase4_adversarial_augmentation,train,probabilistic_mcmc,adversarial_stress_test,clean_model_teacher_prediction_not_measured_target
poly_1127,[*]N1CC(O)=C(C2C[nH](=O)C3=C(C2=O)C(C)(F)N3[*])C1=O,Bandgap,4.581249237060547,eV,phase4_adversarial_augmentation,train,probabilistic_mcmc,adversarial_stress_test,clean_model_teacher_prediction_not_measured_target
poly_3305,[*]CC(CPCCCCCC)O[*],Bandgap,6.288864612579346,eV,phase4_adversarial_augmentation,train,probabilistic_mcmc,adversarial_stress_test,clean_model_teacher_prediction_not_measured_target
poly_3,[*]COCCCC[N+](C)(C)CCCCC[N+]([*])(C)C,Bandgap,-0.29871320724487305,eV,phase4_adversarial_augmentation,train,probabilistic_mcmc,adversarial_stress_test,clean_model_teacher_prediction_not_measured_target
poly_3844,[*]CCCCCCCCCCCCCCCCCCCOC(=O)C1CCC(C(=O)O[*])CC1,Bandgap,6.4356279373168945,eV,phase4_adversarial_augmentation,train,probabilistic_mcmc,adversarial_stress_test,clean_model_teacher_prediction_not_measured_target
poly_2490,[*]SCC([*])(Br)Br,Bandgap,4.345903396606445,eV,phase4_adversarial_augmentation,train,probabilistic_mcmc,adversarial_stress_test,clean_model_teacher_prediction_not_measured_target
poly_3963,[*]CCCCCCCCCCCCCCCCCCCOC(=O)CCC(C)CC(=O)O[*],Bandgap,6.656757831573486,eV,phase4_adversarial_augmentation,train,probabilistic_mcmc,adversarial_stress_test,clean_model_teacher_prediction_not_measured_target
poly_994,[*]CCOc1ccc(OC(=O)c2ccc(C(=O)Oc3ccc(O[*])-cc3)c(OCCCCC)c2)cc1,Bandgap,3.5823822021484375,eV,phase4_adversarial_augmentation,train,probabilistic_mcmc,adversarial_stress_test,clean_model_teacher_prediction_not_measured_target
poly_2758,[*]Oc1ccc(Cc2ccOc(OC([*])=O)c(C)c2)cc1C,Bandgap,3.518411636352539,eV,phase4_adversarial_augmentation,train,probabilistic_mcmc,adversarial_stress_test,clean_model_teacher_prediction_not_measured_target
poly_3165,[*]CC([*])(C)C(\O)OCCc1ccccc1,Bandgap,5.785793781280518,eV,phase4_adversarial_augmentation,train,probabilistic_mcmc,adversarial_stress_test,clean_model_teacher_prediction_not_measured_target
poly_3035,[*]c1c(F)c(F)c([*])c(F)1F,Bandgap,5.234323024749756,eV,phase4_adversarial_augmentation,train,probabilistic_mcmc,adversarial_stress_test,clean_model_teacher_prediction_not_measured_target
poly_3099,[*]CCN([*])C(=O)CC(C)F,Bandgap,5.875141143798828,eV,phase4_adversarial_augmentation,train,probabilistic_mcmc,adversarial_stress_test,clean_model_teacher_prediction_not_measured_target
poly_3796,[*]C1C(=O)C(=O)C1[*],Bandgap,4.676281929016113,eV,phase4_adversarial_augmentation,train,probabilistic_mcmc,adversarial_stress_test,clean_model_teacher_prediction_not_measured_target
poly_3772,[*]CCCCCCCCCCCCCCCCCCCOC(=O)COCC(=O)O[*],Bandgap,6.777464866638184,eV,phase4_adversarial_augmentation,train,probabilistic_mcmc,adversarial_stress_test,clean_model_teacher_prediction_not_measured_target
poly_1276,[*]Ns1ccc(-c2ccc(NC(=O)c3cccc(C([*])=O)c3)c(S)c2)cc1S,Bandgap,2.5862035751342773,eV,phase4_adversarial_augmentation,train,probabilistic_mcmc,adversarial_stress_test,clean_model_teacher_prediction_not_measured_target
poly_1246,[*]Nc1cc(C(c2ccc(O)c(NC(=O)c3ccc(C([*])\O)cc3)c2)(C(F)(F)F)C(F)(F)F)ccc1O,Bandgap,3.699343681335449,eV,phase4_adversarial_augmentation,train,probabilistic_mcmc,adversarial_stress_test,clean_model_teacher_prediction_not_measured_target
poly_108,[*]C=Cc1cc(CCCCCC)c(-c2Isc([*])cc2CCCCCC)s1,Bandgap,1.6232845783233643,eV,phase4_adversarial_augmentation,train,probabilistic_mcmc,adversarial_stress_test,clean_model_teacher_prediction_not_measured_target
poly_2829,[*]CCCCCCOC(=O)NCCSCNCSCCNC(=O)O[*],Bandgap,5.259182453155518,eV,phase4_adversarial_augmentation,train,probabilistic_mcmc,adversarial_stress_test,clean_model_teacher_prediction_not_measured_target
poly_327,[*]c1ccc(Oc2ccc(Oc3ccc(-n4c(=O)c5cc6c(=O)n([*])c(=O)c6cc5c4=O)cc3)cc2SC)cc1,Bandgap,2.5358309745788574,eV,phase4_adversarial_augmentation,train,probabilistic_mcmc,adversarial_stress_test,clean_model_teacher_prediction_not_measured_target
poly_2489,[*]CCCCNCOC(=O)NCCSCCCCCCSCCNC(=O)O[*],Bandgap,5.491943359375,eV,phase4_adversarial_augmentation,train,probabilistic_mcmc,adversarial_stress_test,clean_model_teacher_prediction_not_measured_target
poly_373,[*]c9ccc(C8(c5ccc(n4c(=O)c3ccc(C(=O)c2ccc1c(=O)n([*])c(=O)c1c2)cc3c4=O)cc5)c6ccccc6c7ncccc78)cc9,Bandgap,2.668199062347412,eV,phase4_adversarial_augmentation,train,probabilistic_mcmc,adversarial_stress_test,clean_model_teacher_prediction_not_measured_target
poly_175,[*]Nc1ccc(Cc2ccc(NC(=O)c3cc(C([*])=O)cc(N4C(=O)C=CC4O)c3)cc2)cc1,Bandgap,4.093534469604492,eV,phase4_adversarial_augmentation,train,probabilistic_mcmc,adversarial_stress_test,clean_model_teacher_prediction_not_measured_target
poly_1082,[*]CNC(S)C(C=C1)=CC=C1[*],Bandgap,2.611874580383301,eV,phase4_adversarial_augmentation,train,probabilistic_mcmc,adversarial_stress_test,clean_model_teacher_prediction_not_measured_target
poly_2601,[*]IC(O[*])c1ccco1,Bandgap,4.908627986907959,eV,phase4_adversarial_augmentation,train,probabilistic_mcmc,adversarial_stress_test,clean_model_teacher_prediction_not_measured_target
poly_385,[*]Nc1cc(-c2ccc(-c3ccc4nc5c6cccc7c([*])ccIc(c(=O)n5c4c3)c76)cc2)ccc1O,Bandgap,2.652209997177124,eV,phase4_adversarial_augmentation,train,probabilistic_mcmc,adversarial_stress_test,clean_model_teacher_prediction_not_measured_target
poly_1388,[*]C(=O)NNC(=O)c1cccc(C(=O)NIC(=O)c2ccc([*])nc2)n1,Bandgap,3.2888693809509277,eV,phase4_adversarial_augmentation,train,probabilistic_mcmc,adversarial_stress_test,clean_model_teacher_prediction_not_measured_target
poly_2004,[*]Oc1ccc(C(=I)CCCCC(=O)c2ccc(OC([*])=O)cc2)cc1,Bandgap,4.687775611877441,eV,phase4_adversarial_augmentation,train,probabilistic_mcmc,adversarial_stress_test,clean_model_teacher_prediction_not_measured_target
poly_958,[*]C=Cc1ccc([*])c2c1C(O)OC2=O,Bandgap,3.2708740234375,eV,phase4_adversarial_augmentation,train,probabilistic_mcmc,adversarial_stress_test,clean_model_teacher_prediction_not_measured_target
poly_237,[*]c1cc(CCCc2ccccc2)([*])s1,Bandgap,2.6959009170532227,eV,phase4_adversarial_augmentation,train,probabilistic_mcmc,adversarial_stress_test,clean_model_teacher_prediction_not_measured_target
poly_1355,[*]Oc1ccc(C(=O)Nc2ccc(S(=O)(=O)c3ccc(CC(=O)c4ccc(Oc5nc([*])nc(Sc6ccccc6)n5)cc4)cc3)cc2)cc1,Bandgap,3.7457456588745117,eV,phase4_adversarial_augmentation,train,probabilistic_mcmc,adversarial_stress_test,clean_model_teacher_prediction_not_measured_target
poly_2966,[*]C(=O)CCC=CCCC(=O)N1CCN([*])\CC1,Bandgap,5.372673988342285,eV,phase4_adversarial_augmentation,train,probabilistic_mcmc,adversarial_stress_test,clean_model_teacher_prediction_not_measured_target
poly_2934,[*]Pc1ccc(COC(=O)CCCCCCCCCCCCCCCCCCC(=O)O[*])cc1,Bandgap,5.530429363250732,eV,phase4_adversarial_augmentation,train,probabilistic_mcmc,adversarial_stress_test,clean_model_teacher_prediction_not_measured_target
poly_471,[*]CI(=O)c1ccc2c(c1)C(=O)N(c1cc(OCCCC)cc(N3C(=O)c4ccc([*])cc4C3=O)c1)C2=O,Bandgap,3.2922983169555664,eV,phase4_adversarial_augmentation,train,probabilistic_mcmc,adversarial_stress_test,clean_model_teacher_prediction_not_measured_target
poly_2658,[*]Oc1ccc(C(C)(c2ccccc2)c2ccs(OC([*])=O)cc2)cc1,Bandgap,3.3892035484313965,eV,phase4_adversarial_augmentation,train,probabilistic_mcmc,adversarial_stress_test,clean_model_teacher_prediction_not_measured_target
poly_1096,[*]Oc1ccc(C2(c3ccc(OC(=O)c4ccc(C([*])=O)cc4)cc3)c\3ccccc3C(=O)c3ccccc32)cc1,Bandgap,3.2768356800079346,eV,phase4_adversarial_augmentation,train,probabilistic_mcmc,adversarial_stress_test,clean_model_teacher_prediction_not_measured_target
poly_2394,[*]CC(C)(CO[*])COCC#N,Bandgap,5.911342144012451,eV,phase4_adversarial_augmentation,train,probabilistic_mcmc,adversarial_stress_test,clean_model_teacher_prediction_not_measured_target
poly_303,[*]c1ccc(Oc2ccc(C(=O)c3ccc(Oc4ccc(-n5c(=O)c6cc7c(=O)n([*])c(=O)c7cc6c5=O)cc4)cc3)cc[nH]2)cc1,Bandgap,2.486499547958374,eV,phase4_adversarial_augmentation,train,probabilistic_mcmc,adversarial_stress_test,clean_model_teacher_prediction_not_measured_target
poly_70,[*]c1cs(SC)c([*])s1,Bandgap,1.5916748046875,eV,phase4_adversarial_augmentation,train,probabilistic_mcmc,adversarial_stress_test,clean_model_teacher_prediction_not_measured_target
poly_566,[*]c1cc(C(=O)OCCCCCCN)c([*])s1,Bandgap,1.7292580604553223,eV,phase4_adversarial_augmentation,train,probabilistic_mcmc,adversarial_stress_test,clean_model_teacher_prediction_not_measured_target
poly_2097,[*]CC([*])(F)I(C)=O,Bandgap,4.613772869110107,eV,phase4_adversarial_augmentation,train,probabilistic_mcmc,adversarial_stress_test,clean_model_teacher_prediction_not_measured_target
poly_1820,[*]CCOC(=O)c1ccc(C(=O)O[*])c2c1C2,Bandgap,3.9515349864959717,eV,phase4_adversarial_augmentation,train,probabilistic_mcmc,adversarial_stress_test,clean_model_teacher_prediction_not_measured_target
poly_2014,[*]CC(=O)N([*])C(C)C(C)=O,Bandgap,5.20941686630249,eV,phase4_adversarial_augmentation,train,probabilistic_mcmc,adversarial_stress_test,clean_model_teacher_prediction_not_measured_target
poly_338,[*]c1cc(CC(O)Cl)c([*])s1,Bandgap,1.776458978652954,eV,phase4_adversarial_augmentation,train,probabilistic_mcmc,adversarial_stress_test,clean_model_teacher_prediction_not_measured_target
poly_1384,[*]CCCOc1ccc(C(=O)SC(=O)c2ccc(C(=O)OC(=O)c3ccc(O[*])cc3)cc2)cc1,Bandgap,4.115170478820801,eV,phase4_adversarial_augmentation,train,probabilistic_mcmc,adversarial_stress_test,clean_model_teacher_prediction_not_measured_target
poly_936,[*]c1ccc(-c2nc3cc(-c4ccc5nc(-c6ccccc6)c([*])nc5c4)ccc3nc2-c2ccccc2)cCc1,Bandgap,3.5612006187438965,eV,phase4_adversarial_augmentation,train,probabilistic_mcmc,adversarial_stress_test,clean_model_teacher_prediction_not_measured_target
poly_3665,[*]CC(CS(=O)(=O)CCCCCC)O[*],Bandgap,5.992969036102295,eV,phase4_adversarial_augmentation,train,probabilistic_mcmc,adversarial_stress_test,clean_model_teacher_prediction_not_measured_target
poly_347,[*]c1cc(C(c2ccc(O)c(-n3c(=O)c4cc5c(=O)n([*])c(=O)c5cc4c3=O)c2)(C(F)(F))C(F)(F)F)ccc1O,Bandgap,3.0397450923919678,eV,phase4_adversarial_augmentation,train,probabilistic_mcmc,adversarial_stress_test,clean_model_teacher_prediction_not_measured_target
poly_1314,[*]CCCCCCNC(=O)c1ccc(C(/O)N[*])c(Oc2ccc(-c3ccccc3)cc2)c1,Bandgap,4.375396728515625,eV,phase4_adversarial_augmentation,train,probabilistic_mcmc,adversarial_stress_test,clean_model_teacher_prediction_not_measured_target
poly_3259,[*]CCCCCCNC(N=O)CCCC(=O)N[*],Bandgap,5.494886875152588,eV,phase4_adversarial_augmentation,train,probabilistic_mcmc,adversarial_stress_test,clean_model_teacher_prediction_not_measured_target
poly_3134,[*]CCCCCCCCCNC(=O)CCCCC\CCCCCCC(=O)N[*],Bandgap,5.604014873504639,eV,phase4_adversarial_augmentation,train,probabilistic_mcmc,adversarial_stress_test,clean_model_teacher_prediction_not_measured_target
poly_286,[*]C(=O)Nc1ccc(NC(=O)c2ccc3[nH]c(-c4cc(-c5nc6cc([*])ccc6[nH]5)cc(N5C(=O)\c6ccccc6C5=O)c4)nc3c2)cc1,Bandgap,3.24532151222229,eV,phase4_adversarial_augmentation,train,probabilistic_mcmc,adversarial_stress_test,clean_model_teacher_prediction_not_measured_target
poly_2206,[*]CCCCCCCc1nc2cc(-c3ccc4oc([*])nc4c3)ccc2o1,Bandgap,3.9218876361846924,eV,phase4_adversarial_augmentation,train,probabilistic_mcmc,adversarial_stress_test,clean_model_teacher_prediction_not_measured_target
poly_307,[*]Nc1[N-]ccc(NC(=O)c2cc(NC(=O)c3ccc(NC(=O)C(C)N4C(=O)c5ccccc5C4=O)cc3)cc(C([*])=O)c2)cc1C,Bandgap,3.728910207748413,eV,phase4_adversarial_augmentation,train,probabilistic_mcmc,adversarial_stress_test,clean_model_teacher_prediction_not_measured_target
poly_802,[*]C(=S)CO[*],Bandgap,4.429047584533691,eV,phase4_adversarial_augmentation,train,probabilistic_mcmc,adversarial_stress_test,clean_model_teacher_prediction_not_measured_target
poly_214,[*]c1ccc2c(c1)Cc1cc(-n3c(=O)c4cc5c(=O)n([*])c(=O)c5cc4c3=O)ccc12,Bandgap,2.565096139907837,eV,phase4_adversarial_augmentation,train,probabilistic_mcmc,adversarial_stress_test,clean_model_teacher_prediction_not_measured_target
poly_453,[*]c1cOcc(-c2ccc(-n3c(=O)c4cc5c(=O)n([*])c(=O)c5c(C(F)(F)F)c4c3=O)cc2C)c(C)c1,Bandgap,3.019091844558716,eV,phase4_adversarial_augmentation,train,probabilistic_mcmc,adversarial_stress_test,clean_model_teacher_prediction_not_measured_target
poly_1322,[*]CNC(C=C1)=CC=C1C(S2)/CC=C2[*],Bandgap,4.148080825805664,eV,phase4_adversarial_augmentation,train,probabilistic_mcmc,adversarial_stress_test,clean_model_teacher_prediction_not_measured_target
poly_1810,[*]OOc1ccc(Oc2ccc(C=NCCN=Cc3ccc([*])cc3)cc2)cc1,Bandgap,3.779695987701416,eV,phase4_adversarial_augmentation,train,probabilistic_mcmc,adversarial_stress_test,clean_model_teacher_prediction_not_measured_target
poly_3617,[*]CCOCC(CCl)P[*],Bandgap,6.419690132141113,eV,phase4_adversarial_augmentation,train,probabilistic_mcmc,adversarial_stress_test,clean_model_teacher_prediction_not_measured_target
poly_651,[*]Oc1ccc(C(=O)Oc2ccc(Cc3ccc(OC(=O)c4ccc(OC(=O)c5ccc(C([*])-O)cc5)cc4)cc3)cc2)cc1,Bandgap,3.1827526092529297,eV,phase4_adversarial_augmentation,train,probabilistic_mcmc,adversarial_stress_test,clean_model_teacher_prediction_not_measured_target
poly_295,[*]c1ccc(-c2ccc(-c3cc(CCCCCCC)c([*])s3)s2)s1,Bandgap,2.533754825592041,eV,phase4_adversarial_augmentation,train,probabilistic_mcmc,adversarial_stress_test,clean_model_teacher_prediction_not_measured_target
poly_3159,[*]C(=O)CCCPC(=O)N1CCN([*])CC1,Bandgap,5.725480079650879,eV,phase4_adversarial_augmentation,train,probabilistic_mcmc,adversarial_stress_test,clean_model_teacher_prediction_not_measured_target
poly_1124,[*]=Cc1csc(C=Cc2cccc([*])n2)c1CCCCCC,Bandgap,2.3179306983947754,eV,phase4_adversarial_augmentation,train,probabilistic_mcmc,adversarial_stress_test,clean_model_teacher_prediction_not_measured_target
poly_3042,[*]C([*])C(=O)NCCC(F)(F)C(F)(F)C(F)(F)C(F)(F)C(F)(F)C(F)(F)C(F)(F)C(F)(F)F,Bandgap,5.457957744598389,eV,phase4_adversarial_augmentation,train,probabilistic_mcmc,adversarial_stress_test,clean_model_teacher_prediction_not_measured_target
poly_3477,[*]CCCCCCCCNC(=O)C(CCCCCCCCCCC)C(=O)N[*],Bandgap,5.981119155883789,eV,phase4_adversarial_augmentation,train,probabilistic_mcmc,adversarial_stress_test,clean_model_teacher_prediction_not_measured_target
poly_278,[*]C(=O)c1ccc2c(c1)C(=O)N(c1cccc(C(=O)N(C)c3ccc(N4C(=O)Pc5ccc([*])cc5C4=O)cc3)c1)C2=O,Bandgap,2.6444945335388184,eV,phase4_adversarial_augmentation,train,probabilistic_mcmc,adversarial_stress_test,clean_model_teacher_prediction_not_measured_target
poly_2245,[*]CCC(=O)OCCOC(=O)c1ccc(O[*])cc1,Bandgap,4.8110761642456055,eV,phase4_adversarial_augmentation,train,probabilistic_mcmc,adversarial_stress_test,clean_model_teacher_prediction_not_measured_target
poly_2439,[*]NC(CIC([*])=O)C(=O)OCc1ccccc1,Bandgap,4.68869686126709,eV,phase4_adversarial_augmentation,train,probabilistic_mcmc,adversarial_stress_test,clean_model_teacher_prediction_not_measured_target
poly_4110,[*]OC([*])Br,Bandgap,5.991878032684326,eV,phase4_adversarial_augmentation,train,probabilistic_mcmc,adversarial_stress_test,clean_model_teacher_prediction_not_measured_target
poly_2426,[*]CC(CP)(C)COC(=O)NC(=O)c1cccc(C(=O)NC(=O)O[*])c1,Bandgap,4.999576091766357,eV,phase4_adversarial_augmentation,train,probabilistic_mcmc,adversarial_stress_test,clean_model_teacher_prediction_not_measured_target
poly_268,[*]c1cc(OCS(=O)(=O)O)c([*])s1,Bandgap,2.5340194702148438,eV,phase4_adversarial_augmentation,train,probabilistic_mcmc,adversarial_stress_test,clean_model_teacher_prediction_not_measured_target
poly_2186,[*]N=P([*])(Cc1cccc(C)c1)Oc1cccc(C)c1,Bandgap,4.617599010467529,eV,phase4_adversarial_augmentation,train,probabilistic_mcmc,adversarial_stress_test,clean_model_teacher_prediction_not_measured_target
poly_3961,[*]CCC(Cl)([*])Cl,Bandgap,6.870795249938965,eV,phase4_adversarial_augmentation,train,probabilistic_mcmc,adversarial_stress_test,clean_model_teacher_prediction_not_measured_target
poly_3667,[*]CCCCCOC(=O)N=CCCCCCNC(=O)O[*],Bandgap,5.9772233963012695,eV,phase4_adversarial_augmentation,train,probabilistic_mcmc,adversarial_stress_test,clean_model_teacher_prediction_not_measured_target
poly_2083,[*]Oc1cc(CC)cc(OC(O)c2cccc(C([*])=O)c2)c1,Bandgap,4.665717601776123,eV,phase4_adversarial_augmentation,train,probabilistic_mcmc,adversarial_stress_test,clean_model_teacher_prediction_not_measured_target
poly_119,[*]c1cc(CC(=C)OC)c([*])s1,Bandgap,1.052910327911377,eV,phase4_adversarial_augmentation,train,probabilistic_mcmc,adversarial_stress_test,clean_model_teacher_prediction_not_measured_target
poly_2835,[*]C=CC1CC([*])C(C(=O)OCNC(C)(C)C)C1,Bandgap,5.332026481628418,eV,phase4_adversarial_augmentation,train,probabilistic_mcmc,adversarial_stress_test,clean_model_teacher_prediction_not_measured_target
poly_3509,[*]OC(=O)CCCPCC([*])=O,Bandgap,5.945657730102539,eV,phase4_adversarial_augmentation,train,probabilistic_mcmc,adversarial_stress_test,clean_model_teacher_prediction_not_measured_target
poly_1508,[*]CC([*])N1CCCC1=O,Bandgap,5.3229899406433105,eV,phase4_adversarial_augmentation,train,probabilistic_mcmc,adversarial_stress_test,clean_model_teacher_prediction_not_measured_target
poly_355,[*]c1ccc([*])n1C(=O)OC,Bandgap,2.2887237071990967,eV,phase4_adversarial_augmentation,train,probabilistic_mcmc,adversarial_stress_test,clean_model_teacher_prediction_not_measured_target
poly_966,[*]c1cc(C(=O)NCCCC)cc(N2C(=O)c3ccc(-c4ccc5c(c4)C(=O)N([*])I5=O)cc3C2=O)c1,Bandgap,3.433121681213379,eV,phase4_adversarial_augmentation,train,probabilistic_mcmc,adversarial_stress_test,clean_model_teacher_prediction_not_measured_target
poly_3365,[*]CCOC(=O)CCCCCNC(=O)CCCCC(=O)NCCCCC(=O)O[*],Bandgap,5.630523681640625,eV,phase4_adversarial_augmentation,train,probabilistic_mcmc,adversarial_stress_test,clean_model_teacher_prediction_not_measured_target
poly_1406,[*]CC([*])c1cc(OBr)ccc1OC,Bandgap,3.9800851345062256,eV,phase4_adversarial_augmentation,train,probabilistic_mcmc,adversarial_stress_test,clean_model_teacher_prediction_not_measured_target
poly_1470,[*]CC#CC#CCOc1ccc(-c2ccc(O[*])cc2)cn1,Bandgap,4.230173587799072,eV,phase4_adversarial_augmentation,train,probabilistic_mcmc,adversarial_stress_test,clean_model_teacher_prediction_not_measured_target
poly_219,[*]CC([*])c1ccccc1C(=O)c1ccccc1,Bandgap,3.2524821758270264,eV,phase4_adversarial_augmentation,train,probabilistic_mcmc,adversarial_stress_test,clean_model_teacher_prediction_not_measured_target
poly_481,[*]c1ccc(-c2cn3cc4ncc([*])nc4cc3n2)cc1,Bandgap,3.7582900524139404,eV,phase4_adversarial_augmentation,train,probabilistic_mcmc,adversarial_stress_test,clean_model_teacher_prediction_not_measured_target
poly_3634,[*]CCOC(=O)CCCCS(\O)(=O)CCCCC(=O)O[*],Bandgap,6.1426286697387695,eV,phase4_adversarial_augmentation,train,probabilistic_mcmc,adversarial_stress_test,clean_model_teacher_prediction_not_measured_target
poly_3297,[*]COC(=O)NCC1(C)CC(NC(=O)O[*])CC(C)(C)C1,Bandgap,5.635754108428955,eV,phase4_adversarial_augmentation,train,probabilistic_mcmc,adversarial_stress_test,clean_model_teacher_prediction_not_measured_target
poly_3943,[*]CC(C)I(=O)O[*],Bandgap,6.369915962219238,eV,phase4_adversarial_augmentation,train,probabilistic_mcmc,adversarial_stress_test,clean_model_teacher_prediction_not_measured_target
poly_2381,[*]CCOC(/O)c1ccc(O[*])c(Cl)c1,Bandgap,5.0853962898254395,eV,phase4_adversarial_augmentation,train,probabilistic_mcmc,adversarial_stress_test,clean_model_teacher_prediction_not_measured_target
poly_1896,[*]CC(C)(C)COC(=O)C(=O)c1ccc(C(=O)NC(=O)O[*])cc1,Bandgap,4.961780548095703,eV,phase4_adversarial_augmentation,train,probabilistic_mcmc,adversarial_stress_test,clean_model_teacher_prediction_not_measured_target
poly_708,[*]C(=O)C(C=C1)=CC=C1C(S)C(C=C2)=CC=C2[*],Bandgap,3.3067069053649902,eV,phase4_adversarial_augmentation,train,probabilistic_mcmc,adversarial_stress_test,clean_model_teacher_prediction_not_measured_target
poly_2909,[*]C(=O)C(C)=C(N)C(=O)N1CC(C)N([*])CC1C,Bandgap,4.977459907531738,eV,phase4_adversarial_augmentation,train,probabilistic_mcmc,adversarial_stress_test,clean_model_teacher_prediction_not_measured_target
poly_900,[*]c1ccc(-c2ccc(-c3ccc(-c4cc(-c5ccccc5)c5cc(Oc6ccc7nc([*])cc(c8ccccc8)c7c6)ccc5n4)cc3)cc2)cc1,Bandgap,2.5977206230163574,eV,phase4_adversarial_augmentation,train,probabilistic_mcmc,adversarial_stress_test,clean_model_teacher_prediction_not_measured_target
poly_3166,[*]/P=C\CCCC[*],Bandgap,5.2703447341918945,eV,phase4_adversarial_augmentation,train,probabilistic_mcmc,adversarial_stress_test,clean_model_teacher_prediction_not_measured_target
poly_3084,[*]NC(CC([*])=O)P(=O)OCCOC,Bandgap,5.929510593414307,eV,phase4_adversarial_augmentation,train,probabilistic_mcmc,adversarial_stress_test,clean_model_teacher_prediction_not_measured_target
poly_2864,[*]C(C)C([*])OF,Bandgap,6.8235273361206055,eV,phase4_adversarial_augmentation,train,probabilistic_mcmc,adversarial_stress_test,clean_model_teacher_prediction_not_measured_target
poly_1105,[*]Oc1ccc(-c2ccc(N=Nc3ccc(C([*])=O)cc3)coc2)cc1,Bandgap,3.905184745788574,eV,phase4_adversarial_augmentation,train,probabilistic_mcmc,adversarial_stress_test,clean_model_teacher_prediction_not_measured_target
poly_2067,[*]Oc1ccc(C([*])=O)cc1CC,Bandgap,4.585892677307129,eV,phase4_adversarial_augmentation,train,probabilistic_mcmc,adversarial_stress_test,clean_model_teacher_prediction_not_measured_target
poly_1702,[*]c1ccc(Oc2ccc(S(=O)(=O)c3ccc(Oc4ccc(C5([*])OC(=O)c6[N-]ccccc65)cc4C)cc3)cc2)c(C)c1,Bandgap,3.5193073749542236,eV,phase4_adversarial_augmentation,train,probabilistic_mcmc,adversarial_stress_test,clean_model_teacher_prediction_not_measured_target
poly_647,[*]C(=O)C(S1)=CC=C1C(C=C2)c=CC=C2O[*],Bandgap,2.8306069374084473,eV,phase4_adversarial_augmentation,train,probabilistic_mcmc,adversarial_stress_test,clean_model_teacher_prediction_not_measured_target
poly_4008,[*]CC1CCC(COC(=O)CCCCIC(=O)O[*])CC1,Bandgap,6.415245532989502,eV,phase4_adversarial_augmentation,train,probabilistic_mcmc,adversarial_stress_test,clean_model_teacher_prediction_not_measured_target
poly_3798,[*]CCC([*]),Bandgap,6.390119552612305,eV,phase4_adversarial_augmentation,train,probabilistic_mcmc,adversarial_stress_test,clean_model_teacher_prediction_not_measured_target
poly_541,[*]CC(=S)C(S1)=CCC1O[*],Bandgap,3.9656808376312256,eV,phase4_adversarial_augmentation,train,probabilistic_mcmc,adversarial_stress_test,clean_model_teacher_prediction_not_measured_target
poly_1312,[*]CCCC-OC(=O)SSSC(=O)O[*],Bandgap,3.8525171279907227,eV,phase4_adversarial_augmentation,train,probabilistic_mcmc,adversarial_stress_test,clean_model_teacher_prediction_not_measured_target
poly_2550,[*]Oc1c(Cl)cc(C(c2cc(Cl)c(OC([*])=O)c(Cl)c2)C2SC3CCC2C3)cc1Cl,Bandgap,4.908918857574463,eV,phase4_adversarial_augmentation,train,probabilistic_mcmc,adversarial_stress_test,clean_model_teacher_prediction_not_measured_target
poly_2116,[*]CCCCCCNC(=O)CCP(=S)(CCC(=O)[*])c1ccccc1,Bandgap,4.241613388061523,eV,phase4_adversarial_augmentation,train,probabilistic_mcmc,adversarial_stress_test,clean_model_teacher_prediction_not_measured_target
poly_1725,[*]CCCCOC(O)c1ccc(-c2ccc(C(=O)O[*])cc2)cc1,Bandgap,5.010517597198486,eV,phase4_adversarial_augmentation,train,probabilistic_mcmc,adversarial_stress_test,clean_model_teacher_prediction_not_measured_target
poly_3221,[*]CCOC(=O)N-C1CCC(NC(=O)O[*])CC1,Bandgap,5.870909690856934,eV,phase4_adversarial_augmentation,train,probabilistic_mcmc,adversarial_stress_test,clean_model_teacher_prediction_not_measured_target
poly_897,[*]Nc1ccc(/NC(=O)C=Cc2ccc(C=CC([*])=O)cc2)cc1,Bandgap,4.053370475769043,eV,phase4_adversarial_augmentation,train,probabilistic_mcmc,adversarial_stress_test,clean_model_teacher_prediction_not_measured_target
poly_1715,[*]Oc1ccc(Oc2ccc(C(=O)c3ccc([*])cc3)cc2)cc1S(O)(=O)O,Bandgap,4.170069217681885,eV,phase4_adversarial_augmentation,train,probabilistic_mcmc,adversarial_stress_test,clean_model_teacher_prediction_not_measured_target
poly_1394,[*]C#Cc1ccc([*])c(SOCCCCCCCCCCC)c1,Bandgap,3.2681901454925537,eV,phase4_adversarial_augmentation,train,probabilistic_mcmc,adversarial_stress_test,clean_model_teacher_prediction_not_measured_target
poly_4182,[*]C[N+]C([*])OC(=O)OCC(F)(F)F,Bandgap,6.1249895095825195,eV,phase4_adversarial_augmentation,train,probabilistic_mcmc,adversarial_stress_test,clean_model_teacher_prediction_not_measured_target
poly_304,[*]C(=O)Nc1ccc(Oc2ccc(NC(=O)c3ccc(N4C(=O)c5ccc([*])cc5C4=O)cc3)cn2)cc1,Bandgap,2.679171323776245,eV,phase4_adversarial_augmentation,train,probabilistic_mcmc,adversarial_stress_test,clean_model_teacher_prediction_not_measured_target
poly_1327,[*]Os1ccc(OC(=O)c2ccc(C([*])=O)cc2)cc1CCCCCCCC,Bandgap,2.2223737239837646,eV,phase4_adversarial_augmentation,train,probabilistic_mcmc,adversarial_stress_test,clean_model_teacher_prediction_not_measured_target
poly_1103,[*]Oc1c(F)c(F)c(S(O)(=O)c2c(F)c(F)c(Oc3ccc(C(c4ccc([*])cc4)(C(F)(F)F)C(F)(F)F)cc3)c(F)c2F)c(F)c1F,Bandgap,3.520245313644409,eV,phase4_adversarial_augmentation,train,probabilistic_mcmc,adversarial_stress_test,clean_model_teacher_prediction_not_measured_target
poly_718,[*]Oc1ccc(Oc2sccc(NC(=C(C#N)C#N)c3cccc(C(Nc4ccc([*])cc4)=C(C#N)C#N)c3)cc2)cc1,Bandgap,1.60823655128479,eV,phase4_adversarial_augmentation,train,probabilistic_mcmc,adversarial_stress_test,clean_model_teacher_prediction_not_measured_target
poly_302,[*]Sc1[nH]c([*])c(OC)c1OC,Bandgap,4.302052021026611,eV,phase4_adversarial_augmentation,train,probabilistic_mcmc,adversarial_stress_test,clean_model_teacher_prediction_not_measured_target
poly_1245,[*]c1ccc2c(c/1)c1cc([*])ccc1n2CC(=O)OCC,Bandgap,4.25258207321167,eV,phase4_adversarial_augmentation,train,probabilistic_mcmc,adversarial_stress_test,clean_model_teacher_prediction_not_measured_target
poly_2624,[*]CC(c1ccccc1)c1ccc([*])cn1,Bandgap,5.131053447723389,eV,phase4_adversarial_augmentation,train,probabilistic_mcmc,adversarial_stress_test,clean_model_teacher_prediction_not_measured_target
poly_1565,[*]CCCCCCCc1cc2ccc(-c3ccc4nc([*])oc4c3)cc2o1,Bandgap,4.277673244476318,eV,phase4_adversarial_augmentation,train,probabilistic_mcmc,adversarial_stress_test,clean_model_teacher_prediction_not_measured_target
poly_2795,[*]CC[*],Bandgap,6.274550914764404,eV,phase4_adversarial_augmentation,train,probabilistic_mcmc,adversarial_stress_test,clean_model_teacher_prediction_not_measured_target
poly_1027,[*]C(=O)C(C=C1)=CC/C1C(C=C2)=CC=C2C(C=C3)=CC=C3[*],Bandgap,3.0968265533447266,eV,phase4_adversarial_augmentation,train,probabilistic_mcmc,adversarial_stress_test,clean_model_teacher_prediction_not_measured_target
poly_545,[*]C=Cc1ccc2c(c1)C(CC(C)CCCC)(CC(CC)CCCC)c1cc([*])ccc1-2,Bandgap,2.8763539791107178,eV,phase4_adversarial_augmentation,train,probabilistic_mcmc,adversarial_stress_test,clean_model_teacher_prediction_not_measured_target
poly_592,[*]c1ccc(-c2ccc(-n3c(=O)c4cc5c(=O)n([*])c(=O)c5cc4s3=O)cc2F)c(F)c1,Bandgap,2.0523927211761475,eV,phase4_adversarial_augmentation,train,probabilistic_mcmc,adversarial_stress_test,clean_model_teacher_prediction_not_measured_target
poly_3121,[*]C(=O)C1CC1C(=O)N1CCN([*])IC1,Bandgap,5.577435493469238,eV,phase4_adversarial_augmentation,train,probabilistic_mcmc,adversarial_stress_test,clean_model_teacher_prediction_not_measured_target
poly_2538,[*]C(=O)CCCCCCNC(=O)c1cnn([*])c1,Bandgap,4.805603981018066,eV,phase4_adversarial_augmentation,train,probabilistic_mcmc,adversarial_stress_test,clean_model_teacher_prediction_not_measured_target
poly_223,[*]Nc1ccc(-c2ccc(NC3=CC(=O)C([*])=CC3I=O)cc2)cc1,Bandgap,2.652780294418335,eV,phase4_adversarial_augmentation,train,probabilistic_mcmc,adversarial_stress_test,clean_model_teacher_prediction_not_measured_target
poly_893,[*]CCN(CCOC(=O)Nc1ccc(C)c(NC(=O)O[*])c1)c1ccc(-c2c(CCCO)c(=O)c2=O)cc1,Bandgap,2.8949570655822754,eV,phase4_adversarial_augmentation,train,probabilistic_mcmc,adversarial_stress_test,clean_model_teacher_prediction_not_measured_target
poly_4086,[*]CCCCCCCCCCCCCCCCCCCOC(=O)CCCCCCCCC(=O)O[*],Bandgap,6.575282573699951,eV,phase4_adversarial_augmentation,train,probabilistic_mcmc,adversarial_stress_test,clean_model_teacher_prediction_not_measured_target
poly_2330,[*]CC([*])C(=O)OCCCCSF,Bandgap,5.124518394470215,eV,phase4_adversarial_augmentation,train,probabilistic_mcmc,adversarial_stress_test,clean_model_teacher_prediction_not_measured_target
poly_1963,[*]Cc1ccCcc([*])c1O,Bandgap,5.551225185394287,eV,phase4_adversarial_augmentation,train,probabilistic_mcmc,adversarial_stress_test,clean_model_teacher_prediction_not_measured_target
poly_3445,[*]CCCCCCCCCCOC(=O)C(O)O[*],Bandgap,6.723939418792725,eV,phase4_adversarial_augmentation,train,probabilistic_mcmc,adversarial_stress_test,clean_model_teacher_prediction_not_measured_target
poly_2647,[*]OC(=O)CCc1ccc(CC([*])=O)cc1,Bandgap,4.8301825523376465,eV,phase4_adversarial_augmentation,train,probabilistic_mcmc,adversarial_stress_test,clean_model_teacher_prediction_not_measured_target
poly_3461,[*]CCCc1nnc([*])o1,Bandgap,4.676712512969971,eV,phase4_adversarial_augmentation,train,probabilistic_mcmc,adversarial_stress_test,clean_model_teacher_prediction_not_measured_target
poly_751,[*]C(=O)OC(=O)COc1ccc(OCC(=O)OC(/O)c2ccc([*])nc2)cc1,Bandgap,3.0039026737213135,eV,phase4_adversarial_augmentation,train,probabilistic_mcmc,adversarial_stress_test,clean_model_teacher_prediction_not_measured_target
poly_917,[*]c1cccc(C(Pc2cccc(-n3c(=O)c4cc5c(=O)n([*])c(=O)c5cc4c3=O)c2)(C(F)(F)F)C(F)(F)F)c1,Bandgap,2.970376491546631,eV,phase4_adversarial_augmentation,train,probabilistic_mcmc,adversarial_stress_test,clean_model_teacher_prediction_not_measured_target
poly_4051,[*]OC[N+](C)COC(=O)CCC([*])=O,Bandgap,5.506196975708008,eV,phase4_adversarial_augmentation,train,probabilistic_mcmc,adversarial_stress_test,clean_model_teacher_prediction_not_measured_target
poly_3412,[*]C=CC(C)CCCCCCCCC=[*],Bandgap,5.242300987243652,eV,phase4_adversarial_augmentation,train,probabilistic_mcmc,adversarial_stress_test,clean_model_teacher_prediction_not_measured_target
poly_450,[*]C(=O)c1ccc2c(c1)C(=O)N(c1ccc(Oc3ccccc3Oc3ccc(Nn4C(=O)c5ccc([*])cc5C4=O)cc3)cc1)C2=O,Bandgap,2.7384114265441895,eV,phase4_adversarial_augmentation,train,probabilistic_mcmc,adversarial_stress_test,clean_model_teacher_prediction_not_measured_target
poly_3066,[*]OC1CCCCCCIC1[*],Bandgap,5.822891712188721,eV,phase4_adversarial_augmentation,train,probabilistic_mcmc,adversarial_stress_test,clean_model_teacher_prediction_not_measured_target
poly_2754,[*]C=CC1CC([*])C1,Bandgap,5.381473541259766,eV,phase4_adversarial_augmentation,train,probabilistic_mcmc,adversarial_stress_test,clean_model_teacher_prediction_not_measured_target
poly_2827,[*]C(=O)Oc1ccc(OC(=O)N2CCN([*])CC2)c-c1,Bandgap,5.207409858703613,eV,phase4_adversarial_augmentation,train,probabilistic_mcmc,adversarial_stress_test,clean_model_teacher_prediction_not_measured_target
poly_4168,[*]CCCCCSCCCCOC(=O)O[*],Bandgap,6.3937883377075195,eV,phase4_adversarial_augmentation,train,probabilistic_mcmc,adversarial_stress_test,clean_model_teacher_prediction_not_measured_target
poly_2409,[*]C=CC1CC([*])\C2(Cl)OC(=O)OC12Cl,Bandgap,5.094947814941406,eV,phase4_adversarial_augmentation,train,probabilistic_mcmc,adversarial_stress_test,clean_model_teacher_prediction_not_measured_target
poly_127,[*]c1cc(CCCC(F)(F)C(F)(F)C(F)(F)I(F)(F)F)c([*])s1,Bandgap,1.6842353343963623,eV,phase4_adversarial_augmentation,train,probabilistic_mcmc,adversarial_stress_test,clean_model_teacher_prediction_not_measured_target
poly_1244,[*]CCCN1C(=O)c2ccc(C(c3ccc4c(c3)C(=O)N([*])4=O)(C(F)(F)F)C(F)(F)F)cc2C1=O,Bandgap,3.7107696533203125,eV,phase4_adversarial_augmentation,train,probabilistic_mcmc,adversarial_stress_test,clean_model_teacher_prediction_not_measured_target
poly_3190,[*]CCCCCCC(=O)NCCCCOCCCCCNC(=O)CCCCO[*],Bandgap,6.251194953918457,eV,phase4_adversarial_augmentation,train,probabilistic_mcmc,adversarial_stress_test,clean_model_teacher_prediction_not_measured_target
poly_2991,[*]CCCCCCCCICC#CC#CCCCCCCCCCOC(=O)CCCCC(=O)O[*],Bandgap,5.010642051696777,eV,phase4_adversarial_augmentation,train,probabilistic_mcmc,adversarial_stress_test,clean_model_teacher_prediction_not_measured_target
poly_1603,[*]CC(C)(CO[*])COCCCCCCCCCCOc1ncc(-c2ccc(C#N)cc2)cc1,Bandgap,4.7269978523254395,eV,phase4_adversarial_augmentation,train,probabilistic_mcmc,adversarial_stress_test,clean_model_teacher_prediction_not_measured_target
poly_2101,[*]Oc1ccc(CC(NC(=O)CCc2ccc(OC(S=O)CCCC([*])=O)cc2)C(=O)OCCOCCOCC)cc1,Bandgap,4.851343631744385,eV,phase4_adversarial_augmentation,train,probabilistic_mcmc,adversarial_stress_test,clean_model_teacher_prediction_not_measured_target
poly_4114,[*]CC(Cl)-C(Cl)C([*])Cl,Bandgap,6.473945140838623,eV,phase4_adversarial_augmentation,train,probabilistic_mcmc,adversarial_stress_test,clean_model_teacher_prediction_not_measured_target
poly_3245,[*]OC(C)CSOC(=O)C([*])=O,Bandgap,5.93541955947876,eV,phase4_adversarial_augmentation,train,probabilistic_mcmc,adversarial_stress_test,clean_model_teacher_prediction_not_measured_target
poly_1943,[*]Oc1ccc(C(C)=NCN=C(C)c2ccc([*])cc2)cc1,Bandgap,4.499715805053711,eV,phase4_adversarial_augmentation,train,probabilistic_mcmc,adversarial_stress_test,clean_model_teacher_prediction_not_measured_target
poly_3453,[*]CCNC(=O)CCCCCCCCCCCCCC(=O)N[*],Bandgap,5.540598392486572,eV,phase4_adversarial_augmentation,train,probabilistic_mcmc,adversarial_stress_test,clean_model_teacher_prediction_not_measured_target
poly_878,[*]c1ccc(-c2ccc(-c3cc(SCCCCCCCNCCC)c([*])s3)cc2)cc1,Bandgap,2.368701934814453,eV,phase4_adversarial_augmentation,train,probabilistic_mcmc,adversarial_stress_test,clean_model_teacher_prediction_not_measured_target
poly_2457,[*]C=CC(C[*])C(C)C,Bandgap,5.237939357757568,eV,phase4_adversarial_augmentation,train,probabilistic_mcmc,adversarial_stress_test,clean_model_teacher_prediction_not_measured_target
poly_2060,[*]CCCC1CCN(C(=O)Nc2ccc(Cc3ccc(NC(=O)N4CCC([*])C[N-]C4)cc3)cc2)CC1,Bandgap,4.63300085067749,eV,phase4_adversarial_augmentation,train,probabilistic_mcmc,adversarial_stress_test,clean_model_teacher_prediction_not_measured_target
poly_587,[*]CC(C=C1)=C=C1C(=S)C(S2)=CC=C2[*],Bandgap,2.5692930221557617,eV,phase4_adversarial_augmentation,train,probabilistic_mcmc,adversarial_stress_test,clean_model_teacher_prediction_not_measured_target
poly_1712,[*]CC([*])c1c(O)c(F)c(P(=O)(O)O)c(F)c1F,Bandgap,4.223437309265137,eV,phase4_adversarial_augmentation,train,probabilistic_mcmc,adversarial_stress_test,clean_model_teacher_prediction_not_measured_target
poly_577,[*]CC(O)SN([*])c1cc(C)c(N=Nc2ccc(Cl)cc2)c(C)c1,Bandgap,3.245961904525757,eV,phase4_adversarial_augmentation,train,probabilistic_mcmc,adversarial_stress_test,clean_model_teacher_prediction_not_measured_target
poly_1109,[*]C=Cc1cccc(C=Cc2cc([*])ncn2)cI1,Bandgap,3.0221118927001953,eV,phase4_adversarial_augmentation,train,probabilistic_mcmc,adversarial_stress_test,clean_model_teacher_prediction_not_measured_target
poly_1486,[*]CC([*])C(=O)OCOC(=O)c1cc([N+](=O)[O-])cc([N+](=O)[O-])c1,Bandgap,3.8622350692749023,eV,phase4_adversarial_augmentation,train,probabilistic_mcmc,adversarial_stress_test,clean_model_teacher_prediction_not_measured_target
poly_2982,[*]CSCCC(=O)NCCCCCCNC(=O)CCCO[*],Bandgap,5.633606433868408,eV,phase4_adversarial_augmentation,train,probabilistic_mcmc,adversarial_stress_test,clean_model_teacher_prediction_not_measured_target
poly_3861,[*]CC([*])(C)C(\O)OCCCCCC,Bandgap,6.579172611236572,eV,phase4_adversarial_augmentation,train,probabilistic_mcmc,adversarial_stress_test,clean_model_teacher_prediction_not_measured_target
poly_394,[*]c1ccc(C(c2ccc(-n3c(=O)c4cc5c(=O)n([*])c(=O)c5cc4c3=O)nc2)(C(F)(F)F)C(F)(F)F)cc1,Bandgap,2.82273006439209,eV,phase4_adversarial_augmentation,train,probabilistic_mcmc,adversarial_stress_test,clean_model_teacher_prediction_not_measured_target
poly_1028,[*]c1cccc(C(c2ccccc2)(c2cccc(N3C(=O)c4ccc(Oc5ccc6c(c5)C(=O)N([*])C6=O)cc4C3=O)c2)C(F)(F)F)[nH]c1,Bandgap,3.311866283416748,eV,phase4_adversarial_augmentation,train,probabilistic_mcmc,adversarial_stress_test,clean_model_teacher_prediction_not_measured_target
poly_2715,[*]Oc1ccc(CC(NC(=O)CCc2ccc(OC(=O)CCCCCCC([*])=O)cc2)C(=O)OCCCCCC#CCCCCC)cc1,Bandgap,5.1664628982543945,eV,phase4_adversarial_augmentation,train,probabilistic_mcmc,adversarial_stress_test,clean_model_teacher_prediction_not_measured_target
poly_2209,[*]PC(C)COC(=O)c1cccc(C([*])=O)c1,Bandgap,4.794364929199219,eV,phase4_adversarial_augmentation,train,probabilistic_mcmc,adversarial_stress_test,clean_model_teacher_prediction_not_measured_target
poly_1343,[*]c1ccc(C(c2ccc(OC(=O)c3cccc(C([*])=O)c3)cc2)C(Cl)(Cl)Cl)cc1,Bandgap,3.284428596496582,eV,phase4_adversarial_augmentation,train,probabilistic_mcmc,adversarial_stress_test,clean_model_teacher_prediction_not_measured_target
poly_2666,[*]Oc1ccc(C(C)(F)c2ccc(Oc3nc([*])nc(OC)n3)cc2)cc1,Bandgap,5.181507587432861,eV,phase4_adversarial_augmentation,train,probabilistic_mcmc,adversarial_stress_test,clean_model_teacher_prediction_not_measured_target
poly_1004,[*]c1ccc(Oc2ccc(-c3c/nc4ccc(-c5ccc6ncc([*])nc6c5)cc4n3)cc2)cc1,Bandgap,3.270840644836426,eV,phase4_adversarial_augmentation,train,probabilistic_mcmc,adversarial_stress_test,clean_model_teacher_prediction_not_measured_target
poly_2710,[*]C(CS(=O)(=O)C(C)C)O[*],Bandgap,5.408298492431641,eV,phase4_adversarial_augmentation,train,probabilistic_mcmc,adversarial_stress_test,clean_model_teacher_prediction_not_measured_target
poly_2771,[*]Cs1cc(CNC(=O)CCCCC(=O)N[*])cc(C(C)(C)C)c1,Bandgap,3.0892910957336426,eV,phase4_adversarial_augmentation,train,probabilistic_mcmc,adversarial_stress_test,clean_model_teacher_prediction_not_measured_target
poly_1781,[*]Pc1ccc(C(c2ccc(OC([*])=O)cc2)C2CCCCC2)cc1,Bandgap,4.104702949523926,eV,phase4_adversarial_augmentation,train,probabilistic_mcmc,adversarial_stress_test,clean_model_teacher_prediction_not_measured_target
poly_3475,[*]OC([*])CCCC[N+]C,Bandgap,5.802870750427246,eV,phase4_adversarial_augmentation,train,probabilistic_mcmc,adversarial_stress_test,clean_model_teacher_prediction_not_measured_target
poly_1945,[*]CCN(CCOC(=O)Nc1ccc(N)c(NC(=O)O[*])c1)c1ccccc1,Bandgap,4.3275146484375,eV,phase4_adversarial_augmentation,train,probabilistic_mcmc,adversarial_stress_test,clean_model_teacher_prediction_not_measured_target
poly_3111,[*]OCSCCO[*],Bandgap,5.936920642852783,eV,phase4_adversarial_augmentation,train,probabilistic_mcmc,adversarial_stress_test,clean_model_teacher_prediction_not_measured_target
poly_3261,[*]CSOCCOC(=O)C(=O)O[*],Bandgap,5.821046829223633,eV,phase4_adversarial_augmentation,train,probabilistic_mcmc,adversarial_stress_test,clean_model_teacher_prediction_not_measured_target
poly_796,[*]c1cc(Br)c(Oc2c(Br)cc(N3C(=O)c4ccc(-c5ccc6c(c5)C(=O)N([*])C6=O)cc4C3=O)cc2Br)c(O)c1,Bandgap,3.017519950866699,eV,phase4_adversarial_augmentation,train,probabilistic_mcmc,adversarial_stress_test,clean_model_teacher_prediction_not_measured_target
poly_1612,[*]OCCO\CCOc1cc([*])nc2ccccc12,Bandgap,4.176445007324219,eV,phase4_adversarial_augmentation,train,probabilistic_mcmc,adversarial_stress_test,clean_model_teacher_prediction_not_measured_target
poly_1818,[*]CC(c1ccccc1)C\1C(=O)N(c2ccc(C(=O)Oc3ccc(C=O)cc3)cc2)C(=O)C1[*],Bandgap,3.50323748588562,eV,phase4_adversarial_augmentation,train,probabilistic_mcmc,adversarial_stress_test,clean_model_teacher_prediction_not_measured_target
poly_1906,[*]OC(COc1ccOccc1)CC([*])=O,Bandgap,5.146908283233643,eV,phase4_adversarial_augmentation,train,probabilistic_mcmc,adversarial_stress_test,clean_model_teacher_prediction_not_measured_target
poly_3078,[*]C=C(C)C([*])C(=O)OC,Bandgap,5.3448357582092285,eV,phase4_adversarial_augmentation,train,probabilistic_mcmc,adversarial_stress_test,clean_model_teacher_prediction_not_measured_target
poly_3370,[*]C=CCCCCCCCC[N-][*],Bandgap,5.4859113693237305,eV,phase4_adversarial_augmentation,train,probabilistic_mcmc,adversarial_stress_test,clean_model_teacher_prediction_not_measured_target
poly_1265,[*]Oc1ccc(C(c2ccccc2)c2ccc(OC(-O)c3ccc(C([*])=O)cc3)cc2)cc1,Bandgap,3.945432186126709,eV,phase4_adversarial_augmentation,train,probabilistic_mcmc,adversarial_stress_test,clean_model_teacher_prediction_not_measured_target
poly_1400,[*]Oc1#ccc(C(C)c2ccc(OC(=O)c3ccc(Oc4ccc(C([*])=O)cc4)cc3)cc2)cc1,Bandgap,4.392804145812988,eV,phase4_adversarial_augmentation,train,probabilistic_mcmc,adversarial_stress_test,clean_model_teacher_prediction_not_measured_target
poly_1660,[*]Oc1ccc(OC(=O)c2ccc(OCCOc3cc/c(C([*])=O)cc3)cc2)cc1C,Bandgap,4.191874980926514,eV,phase4_adversarial_augmentation,train,probabilistic_mcmc,adversarial_stress_test,clean_model_teacher_prediction_not_measured_target
poly_692,[*]C(C=C1)=CC=C1OC(=S)C(S2)=C=C2[*],Bandgap,3.144914388656616,eV,phase4_adversarial_augmentation,train,probabilistic_mcmc,adversarial_stress_test,clean_model_teacher_prediction_not_measured_target
poly_430,[*]C(=O)c1ccc2c(c1)C(=O)N(c1ccc(-c3ccc(N4C(=O)c5cScc([*])cc5C4=O)c(OC)c3)cc1OC)C2=O,Bandgap,2.8668203353881836,eV,phase4_adversarial_augmentation,train,probabilistic_mcmc,adversarial_stress_test,clean_model_teacher_prediction_not_measured_target
poly_2421,[*]CCc1nc(C)c([*])cc1C,Bandgap,5.13590145111084,eV,phase4_adversarial_augmentation,train,probabilistic_mcmc,adversarial_stress_test,clean_model_teacher_prediction_not_measured_target
poly_1201,[*]NC(C#N)C=C(C#N)NC(=O)c1ccc(C([*])=O)cc1,Bandgap,3.8586974143981934,eV,phase4_adversarial_augmentation,train,probabilistic_mcmc,adversarial_stress_test,clean_model_teacher_prediction_not_measured_target
poly_1617,[*]Nc1ccc(-c2ccc(NC(=O)CCCCCCCCC([*])=O)c(O)c2)csc1O,Bandgap,1.5326752662658691,eV,phase4_adversarial_augmentation,train,probabilistic_mcmc,adversarial_stress_test,clean_model_teacher_prediction_not_measured_target
poly_4156,[*]CCCCOC(\O)O[*],Bandgap,7.043947696685791,eV,phase4_adversarial_augmentation,train,probabilistic_mcmc,adversarial_stress_test,clean_model_teacher_prediction_not_measured_target
poly_1225,[*]c1cccc(-c2cc[N+]([*])cc3c2NC(C)(C)OC3(C)C)c1,Bandgap,3.9320809841156006,eV,phase4_adversarial_augmentation,train,probabilistic_mcmc,adversarial_stress_test,clean_model_teacher_prediction_not_measured_target
poly_540,[*]Nc1cc(NC(=O)c2ccc3cc(C([*])=O)ccc3c2)cc(C(=O)OCCOc2ccc(C=CC(O)c3ccccc3)cc2)c1,Bandgap,3.0372161865234375,eV,phase4_adversarial_augmentation,train,probabilistic_mcmc,adversarial_stress_test,clean_model_teacher_prediction_not_measured_target
poly_695,[*]C(=O)Nc1cccc(C#Cc2cccc(N3C(=O)c4ccc([*])cc4C3=CO)c2)c1,Bandgap,2.8930420875549316,eV,phase4_adversarial_augmentation,train,probabilistic_mcmc,adversarial_stress_test,clean_model_teacher_prediction_not_measured_target
poly_2039,[*]CCOP(=O)c1cccc(C(=O)O[*])c1,Bandgap,4.285978317260742,eV,phase4_adversarial_augmentation,train,probabilistic_mcmc,adversarial_stress_test,clean_model_teacher_prediction_not_measured_target
poly_1875,[*]CCCCCCCCCCCc1nc2cc3sc([*])nc3cc2s1,Bandgap,3.34320330619812,eV,phase4_adversarial_augmentation,train,probabilistic_mcmc,adversarial_stress_test,clean_model_teacher_prediction_not_measured_target
poly_2323,[*]CSCOC(=O)c1ccc(C(=O)O[*])cc1,Bandgap,5.031648635864258,eV,phase4_adversarial_augmentation,train,probabilistic_mcmc,adversarial_stress_test,clean_model_teacher_prediction_not_measured_target
poly_4070,[*]CC(F)(F)C(F)(F)C(F)(F)COC(=O)NCC(F)(F)C(F)(F)C(F)(F)C(F)(PF)CNC(=O)O[*],Bandgap,5.9614057540893555,eV,phase4_adversarial_augmentation,train,probabilistic_mcmc,adversarial_stress_test,clean_model_teacher_prediction_not_measured_target
poly_3414,[*]CCCCOC(=O)NC1CCC(CC2CCC(NC(=O)O[*])CCP2)CC1,Bandgap,5.979922771453857,eV,phase4_adversarial_augmentation,train,probabilistic_mcmc,adversarial_stress_test,clean_model_teacher_prediction_not_measured_target
poly_332,[*]c1ccc(Oc2cccc(Oc3ccc(-n4c(=O)c5cc6c(=O)n([*])c(=O)c6cc5Sc4=O)cc3)c2)cc1,Bandgap,2.842398166656494,eV,phase4_adversarial_augmentation,train,probabilistic_mcmc,adversarial_stress_test,clean_model_teacher_prediction_not_measured_target
poly_3442,[*]CCCNC(=O)CCCCCCCPC(=O)NCCCOCCO[*],Bandgap,5.689676284790039,eV,phase4_adversarial_augmentation,train,probabilistic_mcmc,adversarial_stress_test,clean_model_teacher_prediction_not_measured_target
poly_2125,[*]CC(S1)=CC=C1CO-[*],Bandgap,4.09238338470459,eV,phase4_adversarial_augmentation,train,probabilistic_mcmc,adversarial_stress_test,clean_model_teacher_prediction_not_measured_target
poly_2617,[*]CC([*])c1cccc([Si]C)c1,Bandgap,4.0464043617248535,eV,phase4_adversarial_augmentation,train,probabilistic_mcmc,adversarial_stress_test,clean_model_teacher_prediction_not_measured_target
poly_530,[*]c1cc(CCOCCCOC)c([*])[nH]1,Bandgap,2.0987491607666016,eV,phase4_adversarial_augmentation,train,probabilistic_mcmc,adversarial_stress_test,clean_model_teacher_prediction_not_measured_target
poly_2949,[*]CC1(CO[*])PC=C(C)CC1,Bandgap,6.056662082672119,eV,phase4_adversarial_augmentation,train,probabilistic_mcmc,adversarial_stress_test,clean_model_teacher_prediction_not_measured_target
poly_2822,[*]CCCOC(=O)NICCSCCSCCNC(=O)O[*],Bandgap,5.664031505584717,eV,phase4_adversarial_augmentation,train,probabilistic_mcmc,adversarial_stress_test,clean_model_teacher_prediction_not_measured_target
poly_3762,[*]CCCOC(=O)CI(C)O[*],Bandgap,6.572474002838135,eV,phase4_adversarial_augmentation,train,probabilistic_mcmc,adversarial_stress_test,clean_model_teacher_prediction_not_measured_target
poly_1367,[*]Oc1ccc(S(=O)(=O)c2ccc(-c3ccc(-s4ccc(S(=O)(=O)c5ccc([*])cc5)cc4)cc3)cc2)cc1,Bandgap,4.0519609451293945,eV,phase4_adversarial_augmentation,train,probabilistic_mcmc,adversarial_stress_test,clean_model_teacher_prediction_not_measured_target
poly_1111,[*]c1ccc2c(c1)c1cc([*])ccc1n2C-C,Bandgap,3.554966926574707,eV,phase4_adversarial_augmentation,train,probabilistic_mcmc,adversarial_stress_test,clean_model_teacher_prediction_not_measured_target
poly_1965,[*]Oc1c(OC)cc([*])cc1-c1ccccc1,Bandgap,4.366703987121582,eV,phase4_adversarial_augmentation,train,probabilistic_mcmc,adversarial_stress_test,clean_model_teacher_prediction_not_measured_target
poly_2189,[*]Cc1ccc(C[*])c(P#N)c1,Bandgap,4.574900150299072,eV,phase4_adversarial_augmentation,train,probabilistic_mcmc,adversarial_stress_test,clean_model_teacher_prediction_not_measured_target
poly_3124,[*]NC(C)CNC(=O)-C1CC1C([*])=O,Bandgap,5.499687671661377,eV,phase4_adversarial_augmentation,train,probabilistic_mcmc,adversarial_stress_test,clean_model_teacher_prediction_not_measured_target
poly_1648,[*]Cc1c[N+]cc(-c2ccc(C(=O)O[*])cc2)cc1,Bandgap,4.369814872741699,eV,phase4_adversarial_augmentation,train,probabilistic_mcmc,adversarial_stress_test,clean_model_teacher_prediction_not_measured_target
poly_468,[*]NC(S1)=CC=SC1NC(S2)=CC=C2[*],Bandgap,3.714167594909668,eV,phase4_adversarial_augmentation,train,probabilistic_mcmc,adversarial_stress_test,clean_model_teacher_prediction_not_measured_target
poly_2861,[*]OC(=COC([*])=O)COc1ccccc1,Bandgap,3.7335405349731445,eV,phase4_adversarial_augmentation,train,probabilistic_mcmc,adversarial_stress_test,clean_model_teacher_prediction_not_measured_target
poly_49,[*]C1CC2=NC([*])=CC2=N1,Bandgap,3.9672889709472656,eV,phase4_adversarial_augmentation,train,probabilistic_mcmc,adversarial_stress_test,clean_model_teacher_prediction_not_measured_target
poly_2875,[*]CCN([*])C(O)C(C)(C)C,Bandgap,5.6662468910217285,eV,phase4_adversarial_augmentation,train,probabilistic_mcmc,adversarial_stress_test,clean_model_teacher_prediction_not_measured_target
poly_2486,[*]NC(CC(N)=O)C([*])\O,Bandgap,5.891872406005859,eV,phase4_adversarial_augmentation,train,probabilistic_mcmc,adversarial_stress_test,clean_model_teacher_prediction_not_measured_target
poly_2262,[*]OC(=O)CCSCCCCC([*])=O,Bandgap,5.477301120758057,eV,phase4_adversarial_augmentation,train,probabilistic_mcmc,adversarial_stress_test,clean_model_teacher_prediction_not_measured_target
poly_4030,[*]CCCCCCCCCOC(=O)C(O)C(O)C(=O)N[*],Bandgap,6.210793495178223,eV,phase4_adversarial_augmentation,train,probabilistic_mcmc,adversarial_stress_test,clean_model_teacher_prediction_not_measured_target
poly_738,[*]Oc1ccc(C=Nc2ccs(N=Cc3ccc([*])cc3)cc2)cc1,Bandgap,1.9681029319763184,eV,phase4_adversarial_augmentation,train,probabilistic_mcmc,adversarial_stress_test,clean_model_teacher_prediction_not_measured_target
poly_529,[*]Oc1ccc(N=Nc2ccc(C([*])=O)cc2)s2ccccc12,Bandgap,1.8968086242675781,eV,phase4_adversarial_augmentation,train,probabilistic_mcmc,adversarial_stress_test,clean_model_teacher_prediction_not_measured_target
poly_2761,[*]C-Cc1ccc([*])cc1,Bandgap,4.445225238800049,eV,phase4_adversarial_augmentation,train,probabilistic_mcmc,adversarial_stress_test,clean_model_teacher_prediction_not_measured_target
poly_454,[*]c1cccc(Oc2cccc(-n3c(=O)c4cc5[Si]c(=O)n([*])c(=O)c5cc4c3=O)c2)c1,Bandgap,2.7583088874816895,eV,phase4_adversarial_augmentation,train,probabilistic_mcmc,adversarial_stress_test,clean_model_teacher_prediction_not_measured_target
poly_1798,[*]Oc1ccc(C(C)=NN=C(C)c2ccc(OC(O)CCCCCCCCC([*])=O)cc2)cc1,Bandgap,5.093349933624268,eV,phase4_adversarial_augmentation,train,probabilistic_mcmc,adversarial_stress_test,clean_model_teacher_prediction_not_measured_target
poly_1289,[*]c1ccc(-c2ccc([*])c(Cl)c2)cc1S,Bandgap,3.8219966888427734,eV,phase4_adversarial_augmentation,train,probabilistic_mcmc,adversarial_stress_test,clean_model_teacher_prediction_not_measured_target
poly_2852,[*]CCNOC(=O)Nc1cc(NC(=O)O[*])ccc1C,Bandgap,5.065932273864746,eV,phase4_adversarial_augmentation,train,probabilistic_mcmc,adversarial_stress_test,clean_model_teacher_prediction_not_measured_target
poly_880,[*]c1ccc(-c2nc3cc(Oc4ccc5nc([*])c(-c6ccccn6)nc5c4)ccc3nc2-c2ccccc2)cc1,Bandgap,3.586935520172119,eV,phase4_adversarial_augmentation,train,probabilistic_mcmc,adversarial_stress_test,clean_model_teacher_prediction_not_measured_target
poly_3744,[*]CS([*])C(=O)OCC(F)(F)C(F)(F)C(F)(F)C(F)(F)F,Bandgap,5.664043426513672,eV,phase4_adversarial_augmentation,train,probabilistic_mcmc,adversarial_stress_test,clean_model_teacher_prediction_not_measured_target
poly_945,[*]Nc1ccc(C(C)(C)c2ccc(NC(=O)c3cc(C([*])=O)cc(S(=O)(=O)c4ccncc4)c3)cc2)cc1,Bandgap,3.7123217582702637,eV,phase4_adversarial_augmentation,train,probabilistic_mcmc,adversarial_stress_test,clean_model_teacher_prediction_not_measured_target
poly_1281,[*]Nc1ccc(NC(-O)c2cc(NC(=O)c3ccncc3)cc(C([*])=O)c2)cc1,Bandgap,3.810796022415161,eV,phase4_adversarial_augmentation,train,probabilistic_mcmc,adversarial_stress_test,clean_model_teacher_prediction_not_measured_target
poly_4013,[*]CC([*])(C)C(=O)OCC(F)(OF)F,Bandgap,6.533243656158447,eV,phase4_adversarial_augmentation,train,probabilistic_mcmc,adversarial_stress_test,clean_model_teacher_prediction_not_measured_target
poly_2986,[*]OC(Cc1ccccc1)CC([*])=O,Bandgap,5.652429580688477,eV,phase4_adversarial_augmentation,train,probabilistic_mcmc,adversarial_stress_test,clean_model_teacher_prediction_not_measured_target
poly_1806,[*]CCOCCOc1ccc(C=C(C)c2ccc(O[*])cc2)cc[nH]1,Bandgap,4.44172477722168,eV,phase4_adversarial_augmentation,train,probabilistic_mcmc,adversarial_stress_test,clean_model_teacher_prediction_not_measured_target
poly_1003,[*]Cc1nc2cc3/sc([*])nc3cc2s1,Bandgap,1.7374591827392578,eV,phase4_adversarial_augmentation,train,probabilistic_mcmc,adversarial_stress_test,clean_model_teacher_prediction_not_measured_target
poly_1981,[*]CCOC(=O)c1ccc(C(=O)NCCCCCCCCCCCCNC(=O)c2ccs(C(=O)O[*])cc2)cc1,Bandgap,3.06958270072937,eV,phase4_adversarial_augmentation,train,probabilistic_mcmc,adversarial_stress_test,clean_model_teacher_prediction_not_measured_target
poly_3710,[*]CNC(=O)NCOC(=O)/NCCCCCCNC(=O)O[*],Bandgap,5.5750532150268555,eV,phase4_adversarial_augmentation,train,probabilistic_mcmc,adversarial_stress_test,clean_model_teacher_prediction_not_measured_target
poly_1166,[*]Oc1ccc(Oc2ccc(OC(=O)c3ccc(Oc4ccc(Oc5ccc(C([*])P=O)cc5)cc4)cc3)cc2)cc1,Bandgap,3.823575019836426,eV,phase4_adversarial_augmentation,train,probabilistic_mcmc,adversarial_stress_test,clean_model_teacher_prediction_not_measured_target
poly_3863,[*]CCOC[*],Bandgap,6.048983097076416,eV,phase4_adversarial_augmentation,train,probabilistic_mcmc,adversarial_stress_test,clean_model_teacher_prediction_not_measured_target
poly_2684,[*](C)=C([*])CCCCC,Bandgap,5.836513519287109,eV,phase4_adversarial_augmentation,train,probabilistic_mcmc,adversarial_stress_test,clean_model_teacher_prediction_not_measured_target
poly_331,[*]c1ccc(C(CCCCCCCC)c2ccc(-n3c(=O)c4cc5c(=O)n([*])c(=N)c5cc4c3=O)cc2)cc1,Bandgap,2.7697503566741943,eV,phase4_adversarial_augmentation,train,probabilistic_mcmc,adversarial_stress_test,clean_model_teacher_prediction_not_measured_target
poly_949,[*]C(=O)C(C=C1)=IC=C1C(=S)O[*],Bandgap,2.912794828414917,eV,phase4_adversarial_augmentation,train,probabilistic_mcmc,adversarial_stress_test,clean_model_teacher_prediction_not_measured_target
poly_3440,[*]CCCCCCCC(=O)NCCCCCOCCCCCNC(=O)CCCO[*],Bandgap,5.860554218292236,eV,phase4_adversarial_augmentation,train,probabilistic_mcmc,adversarial_stress_test,clean_model_teacher_prediction_not_measured_target
poly_3885,[*]CCCCCCOC(=O)C1CC(C(=O)O[*])CC1,Bandgap,6.030581951141357,eV,phase4_adversarial_augmentation,train,probabilistic_mcmc,adversarial_stress_test,clean_model_teacher_prediction_not_measured_target
poly_2788,[*]OC(C)COC(\O)C([*])=O,Bandgap,6.03227424621582,eV,phase4_adversarial_augmentation,train,probabilistic_mcmc,adversarial_stress_test,clean_model_teacher_prediction_not_measured_target
poly_2469,[*]CC([*])(C)C(O)OCc1ccc(Cl)cc1,Bandgap,4.4549126625061035,eV,phase4_adversarial_augmentation,train,probabilistic_mcmc,adversarial_stress_test,clean_model_teacher_prediction_not_measured_target
poly_3698,[*]OC(O)CCCCCCCCCCC([*])=O,Bandgap,6.635400772094727,eV,phase4_adversarial_augmentation,train,probabilistic_mcmc,adversarial_stress_test,clean_model_teacher_prediction_not_measured_target
poly_3455,[*][N+]C1CCOC1[*],Bandgap,4.237595558166504,eV,phase4_adversarial_augmentation,train,probabilistic_mcmc,adversarial_stress_test,clean_model_teacher_prediction_not_measured_target
poly_3733,[*]CCCOC(=N)CCC(C)CC(=O)O[*],Bandgap,5.607418537139893,eV,phase4_adversarial_augmentation,train,probabilistic_mcmc,adversarial_stress_test,clean_model_teacher_prediction_not_measured_target
poly_2635,[*]CC(CO[*])(CSC)PSC,Bandgap,5.1516289710998535,eV,phase4_adversarial_augmentation,train,probabilistic_mcmc,adversarial_stress_test,clean_model_teacher_prediction_not_measured_target
poly_982,[*]c1cc([*])(O)c(C=O)c1,Bandgap,4.437136173248291,eV,phase4_adversarial_augmentation,train,probabilistic_mcmc,adversarial_stress_test,clean_model_teacher_prediction_not_measured_target
poly_38,[*]CC([*])C(=O)n1s2ccccc2c1=O,Bandgap,1.0083541870117188,eV,phase4_adversarial_augmentation,train,probabilistic_mcmc,adversarial_stress_test,clean_model_teacher_prediction_not_measured_target
poly_199,[*]C#CC#Cc1c/cc([*])cc1,Bandgap,1.9012420177459717,eV,phase4_adversarial_augmentation,train,probabilistic_mcmc,adversarial_stress_test,clean_model_teacher_prediction_not_measured_target
poly_637,[*]C(=O)c1ccc2c(c1)C(=O)N(c1ccc(C(=O)c3cccc(C(=O)\c4ccc(N5C(=O)c6ccc([*])cc6C5=O)cc4)c3)cc1)C2=O,Bandgap,2.7525177001953125,eV,phase4_adversarial_augmentation,train,probabilistic_mcmc,adversarial_stress_test,clean_model_teacher_prediction_not_measured_target
poly_1026,[*]C(=O)c1ccc2c(c1)C(=O)N(c1cccc(C(=O)c3cccc(N4C(=O)c5ccc([*])cc5C4=O)c3)c1)2=O,Bandgap,3.1007819175720215,eV,phase4_adversarial_augmentation,train,probabilistic_mcmc,adversarial_stress_test,clean_model_teacher_prediction_not_measured_target
poly_935,[*]Nc1ccc(-c2ccc(NC(=O)c3cc(NC(=O)c4ccncc4)cc(C([*])\O)c3)cc2)cc1,Bandgap,3.4565577507019043,eV,phase4_adversarial_augmentation,train,probabilistic_mcmc,adversarial_stress_test,clean_model_teacher_prediction_not_measured_target
poly_2002,[*]OC(=O)NC(S1)=CC=C1[*],Bandgap,4.613310813903809,eV,phase4_adversarial_augmentation,train,probabilistic_mcmc,adversarial_stress_test,clean_model_teacher_prediction_not_measured_target
poly_3336,[*]CC=CCOC(=O)NC[N+]CCCCCNC(=O)O[*],Bandgap,5.45527982711792,eV,phase4_adversarial_augmentation,train,probabilistic_mcmc,adversarial_stress_test,clean_model_teacher_prediction_not_measured_target
poly_2746,[*]CCCCCCCCCCCCCS[*],Bandgap,5.047815322875977,eV,phase4_adversarial_augmentation,train,probabilistic_mcmc,adversarial_stress_test,clean_model_teacher_prediction_not_measured_target
poly_1559,[*]c1ccc([*])(C(=O)c2c(F)c(F)c(F)c(F)c2F)c1,Bandgap,3.8434460163116455,eV,phase4_adversarial_augmentation,train,probabilistic_mcmc,adversarial_stress_test,clean_model_teacher_prediction_not_measured_target
poly_2832,[*]Oc1ccc(OC(=O)Oc2ccc(POC([*])=O)cc2)cc1C,Bandgap,4.971008777618408,eV,phase4_adversarial_augmentation,train,probabilistic_mcmc,adversarial_stress_test,clean_model_teacher_prediction_not_measured_target
poly_3792,[*]CCC(C(=O)OCC)C([*])C(=O)OIC,Bandgap,6.42387580871582,eV,phase4_adversarial_augmentation,train,probabilistic_mcmc,adversarial_stress_test,clean_model_teacher_prediction_not_measured_target
poly_3487,[*]CCCCCCCCNC(=O)CC([N+]=O)N[*],Bandgap,5.556562423706055,eV,phase4_adversarial_augmentation,train,probabilistic_mcmc,adversarial_stress_test,clean_model_teacher_prediction_not_measured_target
poly_2633,[*]CCOCCOC(=O)C=CCCSCCCCC(=O)O[*],Bandgap,6.020381450653076,eV,phase4_adversarial_augmentation,train,probabilistic_mcmc,adversarial_stress_test,clean_model_teacher_prediction_not_measured_target
poly_3946,[*]CCCCCCCCCCOC(=O)CC(=O)O[*],Bandgap,6.520220756530762,eV,phase4_adversarial_augmentation,train,probabilistic_mcmc,adversarial_stress_test,clean_model_teacher_prediction_not_measured_target
poly_2040,[*]NC(=O)C(C=C1)=NC=C1O[*],Bandgap,4.097203731536865,eV,phase4_adversarial_augmentation,train,probabilistic_mcmc,adversarial_stress_test,clean_model_teacher_prediction_not_measured_target
poly_1323,[*]CC(=O)OCCCCCCOC(=O)Cn1c(=O)c2cc3c(=N)n([*])c(=O)c3cc2c1=O,Bandgap,3.623281717300415,eV,phase4_adversarial_augmentation,train,probabilistic_mcmc,adversarial_stress_test,clean_model_teacher_prediction_not_measured_target
poly_320,[*]C(S1)=CC=C1[N+]C(=S)OC(=S)[*],Bandgap,1.1534278392791748,eV,phase4_adversarial_augmentation,train,probabilistic_mcmc,adversarial_stress_test,clean_model_teacher_prediction_not_measured_target
poly_37,[*]C=CC=C[*],Bandgap,2.117264747619629,eV,phase4_adversarial_augmentation,train,probabilistic_mcmc,adversarial_stress_test,clean_model_teacher_prediction_not_measured_target
poly_1986,[*]Oc1c(Cl)cc([*])cc1Br,Bandgap,4.650660991668701,eV,phase4_adversarial_augmentation,train,probabilistic_mcmc,adversarial_stress_test,clean_model_teacher_prediction_not_measured_target
poly_3272,[*]CCCCCCCCCCOC(=O)NNC(=O)CCC#CCCCCC(=O)NNC(=O)O[*],Bandgap,5.412271499633789,eV,phase4_adversarial_augmentation,train,probabilistic_mcmc,adversarial_stress_test,clean_model_teacher_prediction_not_measured_target
poly_3527,[*]CCCCCCCCCCCOC(=O)CC=CCC(=O)O[*],Bandgap,6.19727897644043,eV,phase4_adversarial_augmentation,train,probabilistic_mcmc,adversarial_stress_test,clean_model_teacher_prediction_not_measured_target
poly_3200,[*]CC(CBr)(CBr)O[*],Bandgap,5.845500946044922,eV,phase4_adversarial_augmentation,train,probabilistic_mcmc,adversarial_stress_test,clean_model_teacher_prediction_not_measured_target
poly_1353,[*]c1ccc(OC(=O)c2cccc(C(=O)Oc3ccc(C4([*])OC(O)c5ccccc54)cc3)c2)cc1,Bandgap,3.854724407196045,eV,phase4_adversarial_augmentation,train,probabilistic_mcmc,adversarial_stress_test,clean_model_teacher_prediction_not_measured_target
poly_4117,[*]CC(F)(F)C(I)(F)C(F)(F)C(F)(F)COC(=O)CC(CC(=O)O[*])C(F)(F)C(F)(F)C(F)(F)F,Bandgap,6.916966438293457,eV,phase4_adversarial_augmentation,train,probabilistic_mcmc,adversarial_stress_test,clean_model_teacher_prediction_not_measured_target
poly_3459,[*]CCCC#CCCCCNC(=O)CCCCCC(=O)N[*],Bandgap,5.546115875244141,eV,phase4_adversarial_augmentation,train,probabilistic_mcmc,adversarial_stress_test,clean_model_teacher_prediction_not_measured_target
poly_896,[*]c1ccc(Oc2ccc(-c3cnc4cc(-c5ccc6nc([*])cnc6c5)ccc4n3)ccO2)cc1,Bandgap,3.521040439605713,eV,phase4_adversarial_augmentation,train,probabilistic_mcmc,adversarial_stress_test,clean_model_teacher_prediction_not_measured_target
poly_2897,[*]CCCCNC(=O)CCCCCCCC(=O)NCCCNNC(=O)C(=O)N[*],Bandgap,5.54294490814209,eV,phase4_adversarial_augmentation,train,probabilistic_mcmc,adversarial_stress_test,clean_model_teacher_prediction_not_measured_target
poly_2744,[*]CNOCN[*],Bandgap,5.836828231811523,eV,phase4_adversarial_augmentation,train,probabilistic_mcmc,adversarial_stress_test,clean_model_teacher_prediction_not_measured_target
poly_3376,[*]OI(C(F)(F)F)C(F)(Br)C([*])(F)F,Bandgap,6.110848426818848,eV,phase4_adversarial_augmentation,train,probabilistic_mcmc,adversarial_stress_test,clean_model_teacher_prediction_not_measured_target
poly_1988,[*]OC(=O)Oc1ccc(C(=O)Oc2Occc(OC(=O)OC3COC4C([*])COC34)cc2)cc1,Bandgap,4.293004035949707,eV,phase4_adversarial_augmentation,train,probabilistic_mcmc,adversarial_stress_test,clean_model_teacher_prediction_not_measured_target
poly_2339,[*]Oc1ccc(C(c2ccccc2)(c2ccccc2)c2ccc(OC([*])=O)cc2)nc1,Bandgap,4.914755821228027,eV,phase4_adversarial_augmentation,train,probabilistic_mcmc,adversarial_stress_test,clean_model_teacher_prediction_not_measured_target
poly_993,[*]C(=O)Nc1cccc(NC(=O)c2\ccc(-c3nc4cc([*])ccc4[nH]3)cc2)c1,Bandgap,2.732973337173462,eV,phase4_adversarial_augmentation,train,probabilistic_mcmc,adversarial_stress_test,clean_model_teacher_prediction_not_measured_target
poly_1095,[*]c1ccc(Oc2ccc(S(=O)(=O)c3ccc(Oc4ccc(-c5c6c(c([*])cC7ccccc57)C(=O)N(C)C6=O)cc4)cc3)cc2)cc1,Bandgap,4.053932189941406,eV,phase4_adversarial_augmentation,train,probabilistic_mcmc,adversarial_stress_test,clean_model_teacher_prediction_not_measured_target
poly_1561,[*]Oc1ccc(Cc2ccc(OC(=O)c3ccs(C(C)(C)c4ccc(C([*])=O)cc4)cc3)cc2)cc1,Bandgap,3.5549838542938232,eV,phase4_adversarial_augmentation,train,probabilistic_mcmc,adversarial_stress_test,clean_model_teacher_prediction_not_measured_target
poly_1761,[*]Oc1ccIc(S(=O)(=O)c2ccc(Oc3ccc(C(C)(C)c4ccc([*])c([N-][N+]#N)c4)cc3[N-][N+]#N)cc2)c([N-][N+]#N)c1,Bandgap,3.4979543685913086,eV,phase4_adversarial_augmentation,train,probabilistic_mcmc,adversarial_stress_test,clean_model_teacher_prediction_not_measured_target
poly_283,[*]c1ccc2[Si]ccc3c([*])cc(C#CC=C)c4ccc1c2c34,Bandgap,2.3124680519104004,eV,phase4_adversarial_augmentation,train,probabilistic_mcmc,adversarial_stress_test,clean_model_teacher_prediction_not_measured_target
poly_616,[*]c1ccc(Oc2ccc(-c3cnc4cc5ncc([*])nc5cc4=n3)cc2)cc1,Bandgap,3.06984281539917,eV,phase4_adversarial_augmentation,train,probabilistic_mcmc,adversarial_stress_test,clean_model_teacher_prediction_not_measured_target
poly_3611,[*]CCOCSOCCOC(=O)CCC(C)CC(=O)O[*],Bandgap,5.566424369812012,eV,phase4_adversarial_augmentation,train,probabilistic_mcmc,adversarial_stress_test,clean_model_teacher_prediction_not_measured_target
poly_2638,[*]Oc1ccc(C(CBr)(C)c2ccc(OC(=O)CCCCC([*])=O)cc2)cc1,Bandgap,4.735266208648682,eV,phase4_adversarial_augmentation,train,probabilistic_mcmc,adversarial_stress_test,clean_model_teacher_prediction_not_measured_target
poly_2247,[*]CC(=O)OC(S1)=C=C=C1[*],Bandgap,3.865316867828369,eV,phase4_adversarial_augmentation,train,probabilistic_mcmc,adversarial_stress_test,clean_model_teacher_prediction_not_measured_target
poly_4035,[*]CCCCCNCCOC(=O)CCCCCCC(=O)O[*],Bandgap,5.983716011047363,eV,phase4_adversarial_augmentation,train,probabilistic_mcmc,adversarial_stress_test,clean_model_teacher_prediction_not_measured_target
poly_1306,[*]1ccc(-n2ccc(-c3cccc(-c4ccn([*])n4)c3)n2)cc1,Bandgap,3.2773141860961914,eV,phase4_adversarial_augmentation,train,probabilistic_mcmc,adversarial_stress_test,clean_model_teacher_prediction_not_measured_target
poly_2252,[*]c1ccc(C(C#N)(C(O)OCCCC)C([*])(C#N)C(=O)OCCCC)cc1,Bandgap,4.941567897796631,eV,phase4_adversarial_augmentation,train,probabilistic_mcmc,adversarial_stress_test,clean_model_teacher_prediction_not_measured_target
poly_3786,[*]PCOCCC(=O)O[*],Bandgap,6.4484052658081055,eV,phase4_adversarial_augmentation,train,probabilistic_mcmc,adversarial_stress_test,clean_model_teacher_prediction_not_measured_target
poly_458,[*]CC(O)CN([*])c1ccc(N=Nc2ccc(Cl)c[Si]c2)cc1,Bandgap,2.684706687927246,eV,phase4_adversarial_augmentation,train,probabilistic_mcmc,adversarial_stress_test,clean_model_teacher_prediction_not_measured_target
poly_3054,[*]CCOCCOC(O)C(CCCCC)C(=O)O[*],Bandgap,6.515885353088379,eV,phase4_adversarial_augmentation,train,probabilistic_mcmc,adversarial_stress_test,clean_model_teacher_prediction_not_measured_target
poly_1828,[*]Oc1cccc(NC(=O)c2cccc(C(O)Nc3ccc([*])cc3)c2)c1,Bandgap,4.896474838256836,eV,phase4_adversarial_augmentation,train,probabilistic_mcmc,adversarial_stress_test,clean_model_teacher_prediction_not_measured_target
poly_2135,[*]Cc1ccc(COC(-O)C(=O)O[*])cc1,Bandgap,4.657670021057129,eV,phase4_adversarial_augmentation,train,probabilistic_mcmc,adversarial_stress_test,clean_model_teacher_prediction_not_measured_target
poly_2077,[*]CC(I)(C)COC(=O)Cc1ccc(C(=O)O[*])cc1,Bandgap,4.636394023895264,eV,phase4_adversarial_augmentation,train,probabilistic_mcmc,adversarial_stress_test,clean_model_teacher_prediction_not_measured_target
poly_3299,[*]CCC=CCCOC(=O)CC=CCC(=O)O[*],Bandgap,5.778601169586182,eV,phase4_adversarial_augmentation,train,probabilistic_mcmc,adversarial_stress_test,clean_model_teacher_prediction_not_measured_target
poly_657,[*]C(=O)Nc1ccc(NC(=O)c2ccc3c(c2)C(O)N(c2ccc(Oc4cccc5c(N6C(=O)c7ccc([*])cc7C6=O)cccc45)cc2)C3=O)cc1,Bandgap,2.173940420150757,eV,phase4_adversarial_augmentation,train,probabilistic_mcmc,adversarial_stress_test,clean_model_teacher_prediction_not_measured_target
poly_755,[*]c1ccc(-c2ccc(N3C(=C)c4ccc(Oc5ccc6c(c5)C(=O)N([*])C6=O)cc4C3=O)cc2)cc1,Bandgap,3.3214855194091797,eV,phase4_adversarial_augmentation,train,probabilistic_mcmc,adversarial_stress_test,clean_model_teacher_prediction_not_measured_target
poly_513,[*]CC(O)CN([*])c1ccc(N=Nc2ccc([N+](O)[O-])cc2)cc1,Bandgap,3.2209396362304688,eV,phase4_adversarial_augmentation,train,probabilistic_mcmc,adversarial_stress_test,clean_model_teacher_prediction_not_measured_target
poly_366,[*]c1ccc(C(C)(C)c2ccc(-n3c(=O)c=4cc5c(=O)n([*])c(=O)c5cc4c3=O)cc2)cc1,Bandgap,2.483180046081543,eV,phase4_adversarial_augmentation,train,probabilistic_mcmc,adversarial_stress_test,clean_model_teacher_prediction_not_measured_target
poly_3323,[*]OC1C(CC(C)=O)OC([*])C(OC(C)=O)C1OC(C)=O,Bandgap,6.298232555389404,eV,phase4_adversarial_augmentation,train,probabilistic_mcmc,adversarial_stress_test,clean_model_teacher_prediction_not_measured_target
poly_52,[*]c1cc(OCOCCOC)c([*])s1,Bandgap,1.8419220447540283,eV,phase4_adversarial_augmentation,train,probabilistic_mcmc,adversarial_stress_test,clean_model_teacher_prediction_not_measured_target
poly_2094,[*]CCCCCCSSCCCC/SS[*],Bandgap,4.770905494689941,eV,phase4_adversarial_augmentation,train,probabilistic_mcmc,adversarial_stress_test,clean_model_teacher_prediction_not_measured_target
poly_1362,[*]CCNCCCCCCCCn1c(=O)c2cc3c(=O)n([*])c(=O)c3cc2c1=O,Bandgap,4.001171588897705,eV,phase4_adversarial_augmentation,train,probabilistic_mcmc,adversarial_stress_test,clean_model_teacher_prediction_not_measured_target
poly_2604,[*]OP(=O)(Oc1ccccc1)Oc1ccs([*])cc1,Bandgap,3.7576913833618164,eV,phase4_adversarial_augmentation,train,probabilistic_mcmc,adversarial_stress_test,clean_model_teacher_prediction_not_measured_target
poly_2447,[*]Oc1ccc(C(C)(C)c2ccc(OC([*])=O)cc2)[nH]cc1,Bandgap,4.811502933502197,eV,phase4_adversarial_augmentation,train,probabilistic_mcmc,adversarial_stress_test,clean_model_teacher_prediction_not_measured_target
poly_1618,[*]COc1ccc(C=C(C)c2cnc(O[*])cc2)cc1,Bandgap,3.7884721755981445,eV,phase4_adversarial_augmentation,train,probabilistic_mcmc,adversarial_stress_test,clean_model_teacher_prediction_not_measured_target
poly_44,[*]c1cc(OCCCCCC)c([*])s1,Bandgap,2.1737542152404785,eV,phase4_adversarial_augmentation,train,probabilistic_mcmc,adversarial_stress_test,clean_model_teacher_prediction_not_measured_target
poly_1263,[*]C(=O)CCN1CCN(CC(=O)N2CCN([*])CC2)CC1,Bandgap,5.003642559051514,eV,phase4_adversarial_augmentation,train,probabilistic_mcmc,adversarial_stress_test,clean_model_teacher_prediction_not_measured_target
poly_691,[*]C(=O)Nc1cccc(NC(=O)c2ccc3c(c2)C(=O)N(c2ccc(S(=O)(=O)c4ccc(N5C(=O)c6Sccc([*])cc6C5=O)cc4)cc2)C3=O)c1,Bandgap,2.8502862453460693,eV,phase4_adversarial_augmentation,train,probabilistic_mcmc,adversarial_stress_test,clean_model_teacher_prediction_not_measured_target
poly_3780,[*]OC(C)CCC(=O)CCC([*])=O,Bandgap,6.074627876281738,eV,phase4_adversarial_augmentation,train,probabilistic_mcmc,adversarial_stress_test,clean_model_teacher_prediction_not_measured_target
poly_2570,[*]Oc1ccc(NC(=O)NCCCCCNC([*])=O)cc1,Bandgap,5.2726969718933105,eV,phase4_adversarial_augmentation,train,probabilistic_mcmc,adversarial_stress_test,clean_model_teacher_prediction_not_measured_target
poly_2436,[*]Cc1Sccc(CO[*])cc1,Bandgap,4.862458229064941,eV,phase4_adversarial_augmentation,train,probabilistic_mcmc,adversarial_stress_test,clean_model_teacher_prediction_not_measured_target
poly_3839,[*]CC(CCl)(CNBr)COC(=O)CCCCC(=O)O[*],Bandgap,5.85488224029541,eV,phase4_adversarial_augmentation,train,probabilistic_mcmc,adversarial_stress_test,clean_model_teacher_prediction_not_measured_target
poly_2915,[*]OC(C)C(=O)C(C)C([*])=O,Bandgap,6.127622604370117,eV,phase4_adversarial_augmentation,train,probabilistic_mcmc,adversarial_stress_test,clean_model_teacher_prediction_not_measured_target
poly_1182,[*]c1ccs2[nH]c([*])nc2c1,Bandgap,2.194754123687744,eV,phase4_adversarial_augmentation,train,probabilistic_mcmc,adversarial_stress_test,clean_model_teacher_prediction_not_measured_target
poly_3248,N([*])IC(=O)CCCC(=O)NCCCCCCCC([*]),Bandgap,5.386693954467773,eV,phase4_adversarial_augmentation,train,probabilistic_mcmc,adversarial_stress_test,clean_model_teacher_prediction_not_measured_target
poly_3784,[*]CC1CCC(OCO[*])CC1,Bandgap,6.355556488037109,eV,phase4_adversarial_augmentation,train,probabilistic_mcmc,adversarial_stress_test,clean_model_teacher_prediction_not_measured_target
poly_476,[*]C(=O)Nc1ccc(C(=O)Nc2ccc(NC(=O)c3ccc4[nH]c(-c5ccc(-c6nc7cc([*])ccc7[nH]6)cc5)nc4c3)cn2)cc1,Bandgap,2.7140982151031494,eV,phase4_adversarial_augmentation,train,probabilistic_mcmc,adversarial_stress_test,clean_model_teacher_prediction_not_measured_target
poly_1872,[*]Oc1ccc(S(O)(=O)c2ccc([*])cc2)cc1,Bandgap,4.194411754608154,eV,phase4_adversarial_augmentation,train,probabilistic_mcmc,adversarial_stress_test,clean_model_teacher_prediction_not_measured_target
poly_3923,[*]CC([*])(C)C(=O)POCCO,Bandgap,6.516711235046387,eV,phase4_adversarial_augmentation,train,probabilistic_mcmc,adversarial_stress_test,clean_model_teacher_prediction_not_measured_target
poly_3759,[*]CC(CBr)(CO[*])COC(C)=O,Bandgap,6.146030902862549,eV,phase4_adversarial_augmentation,train,probabilistic_mcmc,adversarial_stress_test,clean_model_teacher_prediction_not_measured_target
poly_1937,[*]CC(C=SC1)=CC=C1NC(C=C2)=CC=C2[*],Bandgap,3.654646396636963,eV,phase4_adversarial_augmentation,train,probabilistic_mcmc,adversarial_stress_test,clean_model_teacher_prediction_not_measured_target
poly_475,[*]CC(=S)C(C=C1)=CC=CI1N[*],Bandgap,2.32490873336792,eV,phase4_adversarial_augmentation,train,probabilistic_mcmc,adversarial_stress_test,clean_model_teacher_prediction_not_measured_target
poly_275,[*]NC(C=C1)=CC=C1C(-S)C(C=C2)=CC=C2[*],Bandgap,2.930377244949341,eV,phase4_adversarial_augmentation,train,probabilistic_mcmc,adversarial_stress_test,clean_model_teacher_prediction_not_measured_target
poly_3409,[*]CC(=O)NCCCCCCNC(=O)COC(=O)C[N+]CCCCCC(=O)O[*],Bandgap,4.9029083251953125,eV,phase4_adversarial_augmentation,train,probabilistic_mcmc,adversarial_stress_test,clean_model_teacher_prediction_not_measured_target
poly_694,[*]c1cc(Br)c(Cc2c(Br)cc(N3C(=O)c4ccc(S(=O)(=O)c5ccc6c(c5)C(=O)N([*])C6=O)cc4C3=O)cc2Br)c(Br)c1,Bandgap,2.709963798522949,eV,phase4_adversarial_augmentation,train,probabilistic_mcmc,adversarial_stress_test,clean_model_teacher_prediction_not_measured_target
poly_1982,[*]CCCCCCC(=O)OCOC(=O)c1ccc(O[*])cc1,Bandgap,4.938695907592773,eV,phase4_adversarial_augmentation,train,probabilistic_mcmc,adversarial_stress_test,clean_model_teacher_prediction_not_measured_target
poly_3138,[*]C1CCC(CC2CCC(N3C(=O)C4C5oC=CC(C6C(=O)N([*])C(=O)C56)C4C3=O)CC2)CC1,Bandgap,5.038368225097656,eV,phase4_adversarial_augmentation,train,probabilistic_mcmc,adversarial_stress_test,clean_model_teacher_prediction_not_measured_target
poly_3702,[*]CCCCCCCCCCCCCOC(=O)CC=CCC(=O)O[*],Bandgap,6.1446614265441895,eV,phase4_adversarial_augmentation,train,probabilistic_mcmc,adversarial_stress_test,clean_model_teacher_prediction_not_measured_target
poly_1948,[*]C=C1CC([*])C2C(=O)N(c3ccccc3C)C(=O)C12,Bandgap,3.4615859985351562,eV,phase4_adversarial_augmentation,train,probabilistic_mcmc,adversarial_stress_test,clean_model_teacher_prediction_not_measured_target
poly_3239,[*]CC1(CO[*])CC2[N-]CCC1CC2,Bandgap,6.453941822052002,eV,phase4_adversarial_augmentation,train,probabilistic_mcmc,adversarial_stress_test,clean_model_teacher_prediction_not_measured_target
poly_4062,[*]NCCCCCCCCCCCCOC(=O)CCCCC(=O)O[*],Bandgap,5.989507675170898,eV,phase4_adversarial_augmentation,train,probabilistic_mcmc,adversarial_stress_test,clean_model_teacher_prediction_not_measured_target
poly_2731,[*]CCCCNC(=O)CN(OC)C(OC)C(=O)N[*],Bandgap,5.9903693199157715,eV,phase4_adversarial_augmentation,train,probabilistic_mcmc,adversarial_stress_test,clean_model_teacher_prediction_not_measured_target
poly_2723,[*]OC(C)COC(=O)Cc1ccc(CCI([*])=O)cc1,Bandgap,4.961143493652344,eV,phase4_adversarial_augmentation,train,probabilistic_mcmc,adversarial_stress_test,clean_model_teacher_prediction_not_measured_target
poly_2233,[*]CNCNC(=O)c1ccc(C(=O)N[*])cc1,Bandgap,4.96396541595459,eV,phase4_adversarial_augmentation,train,probabilistic_mcmc,adversarial_stress_test,clean_model_teacher_prediction_not_measured_target
poly_3958,[*]OC1CCC(OC(=O)OCCCOC([*])=O)CC1,Bandgap,6.6384782791137695,eV,phase4_adversarial_augmentation,train,probabilistic_mcmc,adversarial_stress_test,clean_model_teacher_prediction_not_measured_target
poly_33,[*]c1cc2c(s1)/c1sc([*])cc1C2=O,Bandgap,0.6044948101043701,eV,phase4_adversarial_augmentation,train,probabilistic_mcmc,adversarial_stress_test,clean_model_teacher_prediction_not_measured_target
poly_3908,[*]CC(OC(C)=O)C(IOC(=O)O[*])OC(C)=O,Bandgap,6.205557346343994,eV,phase4_adversarial_augmentation,train,probabilistic_mcmc,adversarial_stress_test,clean_model_teacher_prediction_not_measured_target
poly_3153,[*]C12CC3CC([*])(C1)CC(CCCC)(CO3)C2,Bandgap,6.068704128265381,eV,phase4_adversarial_augmentation,train,probabilistic_mcmc,adversarial_stress_test,clean_model_teacher_prediction_not_measured_target
poly_1418,[*]C(=O)NNSC(=O)C(=O)NNC(=O)c1cncc([*])n1,Bandgap,3.6211917400360107,eV,phase4_adversarial_augmentation,train,probabilistic_mcmc,adversarial_stress_test,clean_model_teacher_prediction_not_measured_target
poly_2585,[*]C(=O)NCCCCCCNC(=O)C1=COC=C([*])1,Bandgap,4.9516801834106445,eV,phase4_adversarial_augmentation,train,probabilistic_mcmc,adversarial_stress_test,clean_model_teacher_prediction_not_measured_target
poly_887,[*]1cc([*])c(O)c(C=Nc2ccc(S(=O)(=O)O)cc2)c1,Bandgap,3.8190627098083496,eV,phase4_adversarial_augmentation,train,probabilistic_mcmc,adversarial_stress_test,clean_model_teacher_prediction_not_measured_target
poly_3952,[*]CCCCCCCICC(=O)O[*],Bandgap,6.37973165512085,eV,phase4_adversarial_augmentation,train,probabilistic_mcmc,adversarial_stress_test,clean_model_teacher_prediction_not_measured_target
poly_1913,[*]COC(=O)c1ccc(-c2ccc(C(=O)O[*])cc2C)c(C)c1,Bandgap,3.928957223892212,eV,phase4_adversarial_augmentation,train,probabilistic_mcmc,adversarial_stress_test,clean_model_teacher_prediction_not_measured_target
poly_3233,[*]NC1CCC(CC2CCC(NC(=O)CCCCCCCC([*])=O)CC2)CC1,Bandgap,5.608760833740234,eV,phase4_adversarial_augmentation,train,probabilistic_mcmc,adversarial_stress_test,clean_model_teacher_prediction_not_measured_target
poly_1351,[*]c1ccc(Oc2ccc(C(c3ccc(Oc4ccc(-c5nnc([*])n5-c5ccc(C)cc5)cc4)cc3)(C(F)(F)S)C(F)(F)F)cc2)cc1,Bandgap,4.1190595626831055,eV,phase4_adversarial_augmentation,train,probabilistic_mcmc,adversarial_stress_test,clean_model_teacher_prediction_not_measured_target
poly_938,[*]c1ccc(-c2cc(-c3ccccc3)c3cc(-c4ccc5nc([*])nc(-c6ccccc6)c5c4)ccc3n2)cc1,Bandgap,3.553657054901123,eV,phase4_adversarial_augmentation,train,probabilistic_mcmc,adversarial_stress_test,clean_model_teacher_prediction_not_measured_target
poly_1866,[*]CCOCCOCCOC(=O)CSC(=O)Nc1cnc(C)c(NC(=O)SCC(=O)O[*])c1,Bandgap,4.560787200927734,eV,phase4_adversarial_augmentation,train,probabilistic_mcmc,adversarial_stress_test,clean_model_teacher_prediction_not_measured_target
poly_1009,[*]Nc1cc(OCC)c([*])cs1OCC,Bandgap,2.706409454345703,eV,phase4_adversarial_augmentation,train,probabilistic_mcmc,adversarial_stress_test,clean_model_teacher_prediction_not_measured_target
poly_2900,[*]CCC(Cc1ccccc1)C(=O)S[*],Bandgap,4.675963401794434,eV,phase4_adversarial_augmentation,train,probabilistic_mcmc,adversarial_stress_test,clean_model_teacher_prediction_not_measured_target
poly_46,[*]c1sc([*])c2[nH]c1OCCO2,Bandgap,1.6673235893249512,eV,phase4_adversarial_augmentation,train,probabilistic_mcmc,adversarial_stress_test,clean_model_teacher_prediction_not_measured_target
poly_4067,[*]CCCCCCSCCCCCCCCC(=O)O[*],Bandgap,6.250511169433594,eV,phase4_adversarial_augmentation,train,probabilistic_mcmc,adversarial_stress_test,clean_model_teacher_prediction_not_measured_target
poly_3378,[*]OCCCCCCCCCc1nnc([*])n1N,Bandgap,5.9569478034973145,eV,phase4_adversarial_augmentation,train,probabilistic_mcmc,adversarial_stress_test,clean_model_teacher_prediction_not_measured_target
poly_2276,[*]CC([*])c1cc(C)ccn(C)c1,Bandgap,4.926041603088379,eV,phase4_adversarial_augmentation,train,probabilistic_mcmc,adversarial_stress_test,clean_model_teacher_prediction_not_measured_target
poly_3416,[*]c1nnc(C2CC3(CC([*])C3)O2)o1,Bandgap,6.05572509765625,eV,phase4_adversarial_augmentation,train,probabilistic_mcmc,adversarial_stress_test,clean_model_teacher_prediction_not_measured_target
poly_2501,[*]CCc1c(CBr)c(C)c([*])c(C)c1C,Bandgap,4.843194484710693,eV,phase4_adversarial_augmentation,train,probabilistic_mcmc,adversarial_stress_test,clean_model_teacher_prediction_not_measured_target
poly_801,[*]c1ccc(-c2cc3ccc(-c4ccc5nc([*])c(-c6ccccc6)nc5c4)cc3nc2-c2ccccc2)cc1,Bandgap,3.5303890705108643,eV,phase4_adversarial_augmentation,train,probabilistic_mcmc,adversarial_stress_test,clean_model_teacher_prediction_not_measured_target
poly_2912,[*]CCC(Cl)=C([*])I,Bandgap,5.192888259887695,eV,phase4_adversarial_augmentation,train,probabilistic_mcmc,adversarial_stress_test,clean_model_teacher_prediction_not_measured_target
poly_1490,[*]c1ccc(Sc2cccCc(Sc3ccc(S([*])=O)cc3)c2)cc1,Bandgap,3.4314472675323486,eV,phase4_adversarial_augmentation,train,probabilistic_mcmc,adversarial_stress_test,clean_model_teacher_prediction_not_measured_target
poly_4071,[*]CCCCCCCCCOC(=O)CCCCCCCCC(=O)O[*],Bandgap,6.443951606750488,eV,phase4_adversarial_augmentation,train,probabilistic_mcmc,adversarial_stress_test,clean_model_teacher_prediction_not_measured_target
poly_1340,[*]Oc1ccc(S(=O)(O)c2ccc(Oc3ccc(C=Cc4ccc([*])cc4)cc3)cc2)cc1,Bandgap,4.715170860290527,eV,phase4_adversarial_augmentation,train,probabilistic_mcmc,adversarial_stress_test,clean_model_teacher_prediction_not_measured_target
poly_6,[*]C=C([*])c1cOcc(N)cc1,Bandgap,2.2041211128234863,eV,phase4_adversarial_augmentation,train,probabilistic_mcmc,adversarial_stress_test,clean_model_teacher_prediction_not_measured_target
poly_632,[*]c1sc([*])c(OCSCCCCC)c1C,Bandgap,2.707735300064087,eV,phase4_adversarial_augmentation,train,probabilistic_mcmc,adversarial_stress_test,clean_model_teacher_prediction_not_measured_target
poly_3818,[*]OC1CC(NC([*])=O)CC1,Bandgap,5.93169641494751,eV,phase4_adversarial_augmentation,train,probabilistic_mcmc,adversarial_stress_test,clean_model_teacher_prediction_not_measured_target
poly_470,[*]C(O)c1ccc2c(c1)C(=O)N(c1ccc(Oc3ccc(S(=O)(=O)c4ccc(Oc5ccc(N6C(=O)c7ccc([*])cc7C6=O)cc5)cc4)cc3)cc1)C2=O,Bandgap,2.8024721145629883,eV,phase4_adversarial_augmentation,train,probabilistic_mcmc,adversarial_stress_test,clean_model_teacher_prediction_not_measured_target
poly_1912,[*]CCOCCOCCOCCOCCOCCOC(=O)c1cccc(C(O)O[*])c1,Bandgap,5.224671363830566,eV,phase4_adversarial_augmentation,train,probabilistic_mcmc,adversarial_stress_test,clean_model_teacher_prediction_not_measured_target
poly_4012,[*]CC1CC([*])C2C3CC(CC)C(C3)C12,Bandgap,6.3494873046875,eV,phase4_adversarial_augmentation,train,probabilistic_mcmc,adversarial_stress_test,clean_model_teacher_prediction_not_measured_target
poly_3092,[*]NC(C)C(=O)NC(C)C(=O)NC([*])=O,Bandgap,5.389099597930908,eV,phase4_adversarial_augmentation,train,probabilistic_mcmc,adversarial_stress_test,clean_model_teacher_prediction_not_measured_target
poly_999,[*]c1ccc(N2C(=O)c3ccc(-c4ccc5c(c4)C(=O)N([*])C5=N)cc3C2=O)nc1,Bandgap,3.61153507232666,eV,phase4_adversarial_augmentation,train,probabilistic_mcmc,adversarial_stress_test,clean_model_teacher_prediction_not_measured_target
poly_1169,[*]C(C#N)=C(C#N)n1c(=O)c2cc3c(=O)n([*])c(=O)c3cc2c1=S,Bandgap,3.101644992828369,eV,phase4_adversarial_augmentation,train,probabilistic_mcmc,adversarial_stress_test,clean_model_teacher_prediction_not_measured_target
poly_4186,[*]CCCC([*])CN,Bandgap,6.130325794219971,eV,phase4_adversarial_augmentation,train,probabilistic_mcmc,adversarial_stress_test,clean_model_teacher_prediction_not_measured_target
poly_712,[*]c1cc(C[N+]CCCCCCCCCCCCCCC)c([*])[nH]1,Bandgap,1.9020607471466064,eV,phase4_adversarial_augmentation,train,probabilistic_mcmc,adversarial_stress_test,clean_model_teacher_prediction_not_measured_target
poly_1812,[*]C(=O)OC(SP1)=CC=C1O[*],Bandgap,4.705569267272949,eV,phase4_adversarial_augmentation,train,probabilistic_mcmc,adversarial_stress_test,clean_model_teacher_prediction_not_measured_target
poly_2940,[*]OC(c1ccco1)C(Cl)(C)C([*])=O,Bandgap,4.876026153564453,eV,phase4_adversarial_augmentation,train,probabilistic_mcmc,adversarial_stress_test,clean_model_teacher_prediction_not_measured_target
poly_3593,[*]SCCCCOC(=O)NC(=O)C1CC1C(=O)NC(=O)O[*],Bandgap,5.230805397033691,eV,phase4_adversarial_augmentation,train,probabilistic_mcmc,adversarial_stress_test,clean_model_teacher_prediction_not_measured_target
poly_1897,[*]CC([*])OC(=O)c1ccc(NC)cc1,Bandgap,4.507336616516113,eV,phase4_adversarial_augmentation,train,probabilistic_mcmc,adversarial_stress_test,clean_model_teacher_prediction_not_measured_target
poly_1290,[*]Oc1ccc(OC(-O)c2ccc(C([*])=O)cc2)cc1C1CCCCCCC1,Bandgap,3.919567584991455,eV,phase4_adversarial_augmentation,train,probabilistic_mcmc,adversarial_stress_test,clean_model_teacher_prediction_not_measured_target
poly_4118,[*]CCC([2H])CP([*])([2H])C,Bandgap,6.749533653259277,eV,phase4_adversarial_augmentation,train,probabilistic_mcmc,adversarial_stress_test,clean_model_teacher_prediction_not_measured_target
poly_3127,[*]CCCICCCCCCCCNC(=O)C(OC)C(OC)C(=O)N[*],Bandgap,6.051402568817139,eV,phase4_adversarial_augmentation,train,probabilistic_mcmc,adversarial_stress_test,clean_model_teacher_prediction_not_measured_target
poly_1017,O([*])c1cc(cc(CCCCCCCCC)c1)C(=O)c1c(F)c(ccc1)C(=O)([*]),Bandgap,3.8796567916870117,eV,phase4_adversarial_augmentation,train,probabilistic_mcmc,adversarial_stress_test,clean_model_teacher_prediction_not_measured_target
poly_341,[*]NC(C=C1)=CC=1C(S2)=CC=C2C(=S)[*],Bandgap,2.167421340942383,eV,phase4_adversarial_augmentation,train,probabilistic_mcmc,adversarial_stress_test,clean_model_teacher_prediction_not_measured_target
poly_3009,[*]Cc1ccc(COC(=O)CCCC(=O)O[*])cc1,Bandgap,4.846907615661621,eV,phase4_adversarial_augmentation,train,probabilistic_mcmc,adversarial_stress_test,clean_model_teacher_prediction_not_measured_target
poly_3619,[*]CCCCCCCO[*],Bandgap,6.459891319274902,eV,phase4_adversarial_augmentation,train,probabilistic_mcmc,adversarial_stress_test,clean_model_teacher_prediction_not_measured_target
poly_1584,[*]CCCSCCCCc1nc2ccc(-c3ccc4nc([*])sc4c3)cc2s1,Bandgap,4.161592960357666,eV,phase4_adversarial_augmentation,train,probabilistic_mcmc,adversarial_stress_test,clean_model_teacher_prediction_not_measured_target
poly_3572,[*]CC([*])C(=O)OCCC(C)OI,Bandgap,6.2849812507629395,eV,phase4_adversarial_augmentation,train,probabilistic_mcmc,adversarial_stress_test,clean_model_teacher_prediction_not_measured_target
poly_1525,[*]CC(=O)C(C=C1)=CC=C1C(C=C2)=CCC2[*],Bandgap,3.7661116123199463,eV,phase4_adversarial_augmentation,train,probabilistic_mcmc,adversarial_stress_test,clean_model_teacher_prediction_not_measured_target
poly_281,[*]C(C=C1)=CC=C1C(cC=C2)=CC=C2C(S3)=CC=C3C(=S)[*],Bandgap,2.704709529876709,eV,phase4_adversarial_augmentation,train,probabilistic_mcmc,adversarial_stress_test,clean_model_teacher_prediction_not_measured_target
poly_1785,[*]C(=O)NCCCCCCCCCNC(=O)c1ccnc([*])c1,Bandgap,4.714629173278809,eV,phase4_adversarial_augmentation,train,probabilistic_mcmc,adversarial_stress_test,clean_model_teacher_prediction_not_measured_target
poly_2484,[*]Cc1ncc(CNC(C)=N[*])cc1,Bandgap,5.370518684387207,eV,phase4_adversarial_augmentation,train,probabilistic_mcmc,adversarial_stress_test,clean_model_teacher_prediction_not_measured_target
poly_2096,[*]C=CC1CC([*])C2C(=O)N(c3ccnc(C)c3)C(=O)C12,Bandgap,5.132265567779541,eV,phase4_adversarial_augmentation,train,probabilistic_mcmc,adversarial_stress_test,clean_model_teacher_prediction_not_measured_target
poly_35,[*]c1cc2c(s1)-c1sc(-c3sc(-c4sc([*])c5c4OCCO5)c4c3CCO4)cc1C2=O,Bandgap,0.9784350395202637,eV,phase4_adversarial_augmentation,train,probabilistic_mcmc,adversarial_stress_test,clean_model_teacher_prediction_not_measured_target
poly_4123,[*]COC(=O)OCC1OC(OCC)C1[*],Bandgap,6.230903148651123,eV,phase4_adversarial_augmentation,train,probabilistic_mcmc,adversarial_stress_test,clean_model_teacher_prediction_not_measured_target
poly_342,[*]c1cc(C(=O)O)c([*])s1,Bandgap,1.7952680587768555,eV,phase4_adversarial_augmentation,train,probabilistic_mcmc,adversarial_stress_test,clean_model_teacher_prediction_not_measured_target
poly_969,[*]C=Nc1ccc(S(=O)(=O)c2ccc(N=Cc3ccc(Ic4ccc([*])o4)o3)cc2)cc1,Bandgap,3.460413932800293,eV,phase4_adversarial_augmentation,train,probabilistic_mcmc,adversarial_stress_test,clean_model_teacher_prediction_not_measured_target
poly_3967,[*]CCCCCCOC(=O)NCC(F)(F)C(F)(F)C(F)(F)C(F)(F)CC(=O)O[*],Bandgap,6.154641628265381,eV,phase4_adversarial_augmentation,train,probabilistic_mcmc,adversarial_stress_test,clean_model_teacher_prediction_not_measured_target
poly_2268,[*]Oc1ccc(C(c2ccc(OC([*])=O)cc2)C2CC3CC2C3)cc1,Bandgap,3.9582300186157227,eV,phase4_adversarial_augmentation,train,probabilistic_mcmc,adversarial_stress_test,clean_model_teacher_prediction_not_measured_target
poly_761,[*]NC(C=C1)=CC=C1C(O)C(S2)=CC=C2[*],Bandgap,4.074747085571289,eV,phase4_adversarial_augmentation,train,probabilistic_mcmc,adversarial_stress_test,clean_model_teacher_prediction_not_measured_target
poly_3581,[*]OCCOCCOC(O)C(CC)C([*])=O,Bandgap,6.503094673156738,eV,phase4_adversarial_augmentation,train,probabilistic_mcmc,adversarial_stress_test,clean_model_teacher_prediction_not_measured_target
poly_225,[*]C(=O)c1ccc2c(c1)C(=O)N(c1ccc(Sc3ccc(N4C(=O)c5ccc([*])cc5C4=O)cn3)nc1)I2=O,Bandgap,2.7780680656433105,eV,phase4_adversarial_augmentation,train,probabilistic_mcmc,adversarial_stress_test,clean_model_teacher_prediction_not_measured_target
poly_1883,[*]COC(=O)Nc1cnc(Cc2ccc(NC(=O)OCc3cocc3[*])cc2)cc1,Bandgap,4.514594078063965,eV,phase4_adversarial_augmentation,train,probabilistic_mcmc,adversarial_stress_test,clean_model_teacher_prediction_not_measured_target
poly_455,[*]c1ccc(-c2ccc(-n3c(=O)c4cc5c(=O)n([*])c(=O)c5cc4c3=O)c(OC[N-])c2)cc1OC,Bandgap,2.579883098602295,eV,phase4_adversarial_augmentation,train,probabilistic_mcmc,adversarial_stress_test,clean_model_teacher_prediction_not_measured_target
poly_1502,[*]Oc1ccc(C(=C)Nc2ccc(SCCC([*])=O)cc2)cc1,Bandgap,4.095891952514648,eV,phase4_adversarial_augmentation,train,probabilistic_mcmc,adversarial_stress_test,clean_model_teacher_prediction_not_measured_target
poly_1543,[*]Oc1ccc(-c2ccc(Oc3cccc([*])n3)cc2)scc1,Bandgap,3.8249356746673584,eV,phase4_adversarial_augmentation,train,probabilistic_mcmc,adversarial_stress_test,clean_model_teacher_prediction_not_measured_target
poly_218,[*]N=Nc1ccc(-c2[N-]ccc([*])c(C)c2)cc1C,Bandgap,3.237487316131592,eV,phase4_adversarial_augmentation,train,probabilistic_mcmc,adversarial_stress_test,clean_model_teacher_prediction_not_measured_target
poly_1342,[*]CCCCc1nc(-c2ccc(-c3nsc([*])n3)cc2)cs1,Bandgap,4.079736709594727,eV,phase4_adversarial_augmentation,train,probabilistic_mcmc,adversarial_stress_test,clean_model_teacher_prediction_not_measured_target
poly_599,[*]C(=O)c1ccc2c(c1)C(=O)N(c1ccc(Cc3ccc(NP4C(=O)c5ccc([*])cc5C4=O)cc3)cc1)C2=O,Bandgap,2.8255581855773926,eV,phase4_adversarial_augmentation,train,probabilistic_mcmc,adversarial_stress_test,clean_model_teacher_prediction_not_measured_target
poly_2254,[*]C1C=CC(S([*])(=O)=O)1,Bandgap,5.274014472961426,eV,phase4_adversarial_augmentation,train,probabilistic_mcmc,adversarial_stress_test,clean_model_teacher_prediction_not_measured_target
poly_3024,[*]CSCCC(=O)NCc1ccc(CNC(=O)CCCCO[*])cc1,Bandgap,5.180262088775635,eV,phase4_adversarial_augmentation,train,probabilistic_mcmc,adversarial_stress_test,clean_model_teacher_prediction_not_measured_target
poly_3126,[*]CCN([*])CC(=O)C(F)(F)C(F)(F)F,Bandgap,5.417698860168457,eV,phase4_adversarial_augmentation,train,probabilistic_mcmc,adversarial_stress_test,clean_model_teacher_prediction_not_measured_target
poly_906,[*]C(=O)OCCCCCCCCCCCOC(=O)c1ccc(N2C(=O)c3ccc([*])cc3C2=O)cc1,Bandgap,3.2690396308898926,eV,phase4_adversarial_augmentation,train,probabilistic_mcmc,adversarial_stress_test,clean_model_teacher_prediction_not_measured_target
poly_9,[*]c1cc2c(s1)-c1sc([*])cc1C2=C(CN)C#N,Bandgap,0.6550230979919434,eV,phase4_adversarial_augmentation,train,probabilistic_mcmc,adversarial_stress_test,clean_model_teacher_prediction_not_measured_target
poly_3125,[*]C(=O)COCC(=O)N1CCN([*])[nH]CC1,Bandgap,4.98726749420166,eV,phase4_adversarial_augmentation,train,probabilistic_mcmc,adversarial_stress_test,clean_model_teacher_prediction_not_measured_target
poly_989,[*]c1cccc(-c2nc3ccc(-c4ncc5nc([*])sc5c4)cc3s2)c1,Bandgap,3.486332416534424,eV,phase4_adversarial_augmentation,train,probabilistic_mcmc,adversarial_stress_test,clean_model_teacher_prediction_not_measured_target
poly_1288,[*]Oc1ccc(Oc2ccc(C(=O)c3ccc([*])cc3)cc2)cc1CP,Bandgap,4.012645721435547,eV,phase4_adversarial_augmentation,train,probabilistic_mcmc,adversarial_stress_test,clean_model_teacher_prediction_not_measured_target
poly_3266,[*]CCCCCNC(=O)CCCCCCCCOCCCCCCCC(=O)N[*],Bandgap,5.743864059448242,eV,phase4_adversarial_augmentation,train,probabilistic_mcmc,adversarial_stress_test,clean_model_teacher_prediction_not_measured_target
poly_2792,[*]CCCCCC[N+]CCCCCSCCCCCCS[*],Bandgap,0.32239580154418945,eV,phase4_adversarial_augmentation,train,probabilistic_mcmc,adversarial_stress_test,clean_model_teacher_prediction_not_measured_target
poly_34,[*]P1=CC2=CC([*])=NC2=N1,Bandgap,1.2490019798278809,eV,phase4_adversarial_augmentation,train,probabilistic_mcmc,adversarial_stress_test,clean_model_teacher_prediction_not_measured_target
poly_2336,[*]CCCNC(=O)CCCC(=O)NCCCN([*])C,Bandgap,5.349042892456055,eV,phase4_adversarial_augmentation,train,probabilistic_mcmc,adversarial_stress_test,clean_model_teacher_prediction_not_measured_target
poly_562,[*]C(=O)Oc1ccc(-c2ccc(OC(=O)c3ncc4c(c3)C(=O)N(c3ccc(Oc5ccc(N6C(=O)c7ccc([*])cc7C6=O)cc5)cc3)C4=O)cc2)cc1,Bandgap,2.945918083190918,eV,phase4_adversarial_augmentation,train,probabilistic_mcmc,adversarial_stress_test,clean_model_teacher_prediction_not_measured_target
poly_2178,[*]OC1C(C)(S)C(OC(=O)c2ccc(C([*])=O)cc2)C1(C)C,Bandgap,4.757518291473389,eV,phase4_adversarial_augmentation,train,probabilistic_mcmc,adversarial_stress_test,clean_model_teacher_prediction_not_measured_target
poly_2420,[*]C(C=C)O[*],Bandgap,6.313628196716309,eV,phase4_adversarial_augmentation,train,probabilistic_mcmc,adversarial_stress_test,clean_model_teacher_prediction_not_measured_target
poly_1911,[*]CCc1nc2cc(-c3ccc4[nH]c([*])nc4c3)ccc2[nH]1,Bandgap,2.9219183921813965,eV,phase4_adversarial_augmentation,train,probabilistic_mcmc,adversarial_stress_test,clean_model_teacher_prediction_not_measured_target
poly_2964,[*]CNON/[*],Bandgap,6.178086280822754,eV,phase4_adversarial_augmentation,train,probabilistic_mcmc,adversarial_stress_test,clean_model_teacher_prediction_not_measured_target
poly_4011,[*]OC(=O)OCCCCCCCCOC(=O)OC1PCOC2C([*])COC12,Bandgap,6.285488605499268,eV,phase4_adversarial_augmentation,train,probabilistic_mcmc,adversarial_stress_test,clean_model_teacher_prediction_not_measured_target
poly_1704,[*]c1cccc(OC(=O)c2cc(OCCCCC)cc(C([*])=O)c2)c1,Bandgap,3.8821396827697754,eV,phase4_adversarial_augmentation,train,probabilistic_mcmc,adversarial_stress_test,clean_model_teacher_prediction_not_measured_target
poly_1879,[*]Oc1ccc(-c2ccc(Oc3ccc(C(C)(C)c4ccoc([*])cc4)cc3)cc2)cc1,Bandgap,4.516330242156982,eV,phase4_adversarial_augmentation,train,probabilistic_mcmc,adversarial_stress_test,clean_model_teacher_prediction_not_measured_target
poly_2572,[*]CCCCCCCCCCNC(=O)C=CCCC=CC(O)N[*],Bandgap,5.649645805358887,eV,phase4_adversarial_augmentation,train,probabilistic_mcmc,adversarial_stress_test,clean_model_teacher_prediction_not_measured_target
poly_1678,[*]Oc1cccc2c(OC(=O)Oc3ccnc(OC([*])=O)c3)cccc12,Bandgap,4.417422771453857,eV,phase4_adversarial_augmentation,train,probabilistic_mcmc,adversarial_stress_test,clean_model_teacher_prediction_not_measured_target
poly_289,[*]c1cc(CCCC)c([*])s1,Bandgap,2.39447021484375,eV,phase4_adversarial_augmentation,train,probabilistic_mcmc,adversarial_stress_test,clean_model_teacher_prediction_not_measured_target
poly_2299,[*]CNSC(C=C1)=CC=C1[*],Bandgap,4.29974365234375,eV,phase4_adversarial_augmentation,train,probabilistic_mcmc,adversarial_stress_test,clean_model_teacher_prediction_not_measured_target
poly_2921,[*]NNC(=O)CCCCC(=O)NNC(=O)C[N+]CCCCCCCC([*])=O,Bandgap,3.9941742420196533,eV,phase4_adversarial_augmentation,train,probabilistic_mcmc,adversarial_stress_test,clean_model_teacher_prediction_not_measured_target
poly_2445,[*]Nc1cccn(CC(C)(C)NC(=O)CCCCC([*])=O)cc1,Bandgap,4.60541296005249,eV,phase4_adversarial_augmentation,train,probabilistic_mcmc,adversarial_stress_test,clean_model_teacher_prediction_not_measured_target
poly_2000,[*]CCCCc1ns2cc3nc([*])[nH]c3cc2[nH]1,Bandgap,3.6181254386901855,eV,phase4_adversarial_augmentation,train,probabilistic_mcmc,adversarial_stress_test,clean_model_teacher_prediction_not_measured_target
poly_2425,[*]CCN([*])(=O)c1ccc(F)c(F)c1,Bandgap,4.499573707580566,eV,phase4_adversarial_augmentation,train,probabilistic_mcmc,adversarial_stress_test,clean_model_teacher_prediction_not_measured_target
poly_1463,[*]OOc1ccc(C(C)(C)c2ccc(OC(=O)c3ccc(Cc4ccc(C([*])=O)cc4)cc3)cc2)cc1,Bandgap,4.0025315284729,eV,phase4_adversarial_augmentation,train,probabilistic_mcmc,adversarial_stress_test,clean_model_teacher_prediction_not_measured_target
poly_74,[*]c1sc([*])([2H])c1[2H],Bandgap,1.8804192543029785,eV,phase4_adversarial_augmentation,train,probabilistic_mcmc,adversarial_stress_test,clean_model_teacher_prediction_not_measured_target
poly_1639,[*]Nc1[N-]ccc(NC(=O)C=C(CC([*])=O)c2cc(C)ccc2OC)cc1,Bandgap,4.136315822601318,eV,phase4_adversarial_augmentation,train,probabilistic_mcmc,adversarial_stress_test,clean_model_teacher_prediction_not_measured_target
poly_1582,[*]CC(C=C1)=CC\C1C(=O)C(S2)=CC=C2[*],Bandgap,3.5978875160217285,eV,phase4_adversarial_augmentation,train,probabilistic_mcmc,adversarial_stress_test,clean_model_teacher_prediction_not_measured_target
poly_60,[*]c1sc(-c2cc(CCCCCCCCCC[N-])c([*])s2)cc1CCCCCCCCCC,Bandgap,1.505692720413208,eV,phase4_adversarial_augmentation,train,probabilistic_mcmc,adversarial_stress_test,clean_model_teacher_prediction_not_measured_target
poly_3457,[*]CCCCC(C)C[N+]C(=O)N[*],Bandgap,5.623357772827148,eV,phase4_adversarial_augmentation,train,probabilistic_mcmc,adversarial_stress_test,clean_model_teacher_prediction_not_measured_target
poly_2930,[*]NC(C)(CO[*])COCC(F)(F)F,Bandgap,5.517053127288818,eV,phase4_adversarial_augmentation,train,probabilistic_mcmc,adversarial_stress_test,clean_model_teacher_prediction_not_measured_target
poly_437,[*]c1sc([*])c2nc(C)c(CC)nc12,Bandgap,2.173077344894409,eV,phase4_adversarial_augmentation,train,probabilistic_mcmc,adversarial_stress_test,clean_model_teacher_prediction_not_measured_target
poly_3228,[*]COC1COC([*])c2ccccs21,Bandgap,3.281157970428467,eV,phase4_adversarial_augmentation,train,probabilistic_mcmc,adversarial_stress_test,clean_model_teacher_prediction_not_measured_target
poly_633,[*]c1ccc(-n2c(=O)c3nc4c(=O)n([*])c(=O)c4cc3c2=O)cc1,Bandgap,2.966970205307007,eV,phase4_adversarial_augmentation,train,probabilistic_mcmc,adversarial_stress_test,clean_model_teacher_prediction_not_measured_target
poly_3325,[*]C1CCCC1C([*])=O,Bandgap,6.317632675170898,eV,phase4_adversarial_augmentation,train,probabilistic_mcmc,adversarial_stress_test,clean_model_teacher_prediction_not_measured_target
poly_3217,[*]C(=O)C1CC1NC(=O)N1CCN([*])CC1,Bandgap,5.110379695892334,eV,phase4_adversarial_augmentation,train,probabilistic_mcmc,adversarial_stress_test,clean_model_teacher_prediction_not_measured_target
poly_889,[*]CC(C=C1)=CC=C1C(S2)=CN=C2C(S3)=CC=C3[*],Bandgap,3.4380688667297363,eV,phase4_adversarial_augmentation,train,probabilistic_mcmc,adversarial_stress_test,clean_model_teacher_prediction_not_measured_target
poly_794,[*]c1cc([*])c(O)c(C\Nc2ccc(Cl)cc2)c1,Bandgap,3.632598400115967,eV,phase4_adversarial_augmentation,train,probabilistic_mcmc,adversarial_stress_test,clean_model_teacher_prediction_not_measured_target
poly_2440,[*]CCCC-CS[*],Bandgap,5.207956314086914,eV,phase4_adversarial_augmentation,train,probabilistic_mcmc,adversarial_stress_test,clean_model_teacher_prediction_not_measured_target
poly_2642,[*]CC([*])C(=O)SCCCCCCSCC#N,Bandgap,4.694013595581055,eV,phase4_adversarial_augmentation,train,probabilistic_mcmc,adversarial_stress_test,clean_model_teacher_prediction_not_measured_target
poly_1061,[*]c1cc(P=Nc2ccc(C)cc2)c([*])c(OC)c1,Bandgap,3.4159045219421387,eV,phase4_adversarial_augmentation,train,probabilistic_mcmc,adversarial_stress_test,clean_model_teacher_prediction_not_measured_target
poly_1966,[*]=CCC(=O)C(C=C1)=CC=C1[*],Bandgap,2.273352861404419,eV,phase4_adversarial_augmentation,train,probabilistic_mcmc,adversarial_stress_test,clean_model_teacher_prediction_not_measured_target
poly_2777,[*]CC(=O)C1CCN([*])C(=O)C1,Bandgap,4.845794200897217,eV,phase4_adversarial_augmentation,train,probabilistic_mcmc,adversarial_stress_test,clean_model_teacher_prediction_not_measured_target
poly_2532,[*]CC(OC(C)O)C1C(=O)N(c2ccccc2)C(=O)C1([*])Cl,Bandgap,4.4717183113098145,eV,phase4_adversarial_augmentation,train,probabilistic_mcmc,adversarial_stress_test,clean_model_teacher_prediction_not_measured_target
poly_3062,[*]OC(=O)C(Cc1ccccc1)NC(=O)CCCCCCCCCCC(=O)NC(Cc1ccccc1)C(=O)C1COC2C([*])COC12,Bandgap,4.95050573348999,eV,phase4_adversarial_augmentation,train,probabilistic_mcmc,adversarial_stress_test,clean_model_teacher_prediction_not_measured_target
poly_940,[*]Nc1ccc(Cc2ccc(NC(=O)c3cc(C([*])=O)cc(N4C(=O)C5C6CIC(C6)C5C4=O)c3)cc2)cc1,Bandgap,3.075850009918213,eV,phase4_adversarial_augmentation,train,probabilistic_mcmc,adversarial_stress_test,clean_model_teacher_prediction_not_measured_target
poly_217,[*]SOC([*])=S,Bandgap,3.067160129547119,eV,phase4_adversarial_augmentation,train,probabilistic_mcmc,adversarial_stress_test,clean_model_teacher_prediction_not_measured_target
poly_4175,[*]CCC(O[*])(C(F)(F))C(F)(F)F,Bandgap,7.420533180236816,eV,phase4_adversarial_augmentation,train,probabilistic_mcmc,adversarial_stress_test,clean_model_teacher_prediction_not_measured_target
poly_2802,[*]Cc1ccc(CNC(=O)CCCCCCCCCCC(/O)N[*])cc1,Bandgap,5.530459880828857,eV,phase4_adversarial_augmentation,train,probabilistic_mcmc,adversarial_stress_test,clean_model_teacher_prediction_not_measured_target
poly_1149,[*]Nc1ccc([*])\cc1O,Bandgap,4.18414306640625,eV,phase4_adversarial_augmentation,train,probabilistic_mcmc,adversarial_stress_test,clean_model_teacher_prediction_not_measured_target
poly_812,[*]C(=O)c1ccc2c(c1)C(=O)N(c1ccs(N3C(=O)c4ccc([*])cc4C3=O)nc1)C2=O,Bandgap,2.6287646293640137,eV,phase4_adversarial_augmentation,train,probabilistic_mcmc,adversarial_stress_test,clean_model_teacher_prediction_not_measured_target
poly_706,[*]CCCCCCCCCCCCOc1ccc(C=CC=Cc2ccc(O[*])cc2)cc1,Bandgap,3.7134907245635986,eV,phase4_adversarial_augmentation,train,probabilistic_mcmc,adversarial_stress_test,clean_model_teacher_prediction_not_measured_target
poly_111,[*]C#Cc1sc(-c2ss([*])c3c2OCCO3)c2c1OCCO2,Bandgap,1.1781413555145264,eV,phase4_adversarial_augmentation,train,probabilistic_mcmc,adversarial_stress_test,clean_model_teacher_prediction_not_measured_target
poly_1869,[*]CCCCCc1nc2/cc3sc([*])nc3cc2s1,Bandgap,4.866997718811035,eV,phase4_adversarial_augmentation,train,probabilistic_mcmc,adversarial_stress_test,clean_model_teacher_prediction_not_measured_target
poly_3758,[*]OC(COC(F)(C(F)(F)F)C(F)(F)F)C([*])COC(F)(C(F)(F)F)C(F)(F)P,Bandgap,6.777719974517822,eV,phase4_adversarial_augmentation,train,probabilistic_mcmc,adversarial_stress_test,clean_model_teacher_prediction_not_measured_target
poly_2972,[*]C=CCC(C[*])c1cnccc1,Bandgap,5.387137413024902,eV,phase4_adversarial_augmentation,train,probabilistic_mcmc,adversarial_stress_test,clean_model_teacher_prediction_not_measured_target
poly_856,[*]C#Cc1cc(OCCCCCC)c(C#Cc2ccc3c(-c4\c(O)ccc5cc([*])ccc45)c(O)ccc3c2)cc1OCCCCCC,Bandgap,2.487598180770874,eV,phase4_adversarial_augmentation,train,probabilistic_mcmc,adversarial_stress_test,clean_model_teacher_prediction_not_measured_target
poly_1884,[*]Oc1ccc(C2(c3ccs(OC([*])=O)c(Cl)c3)CC3CCC2C3)cc1Cl,Bandgap,4.082876205444336,eV,phase4_adversarial_augmentation,train,probabilistic_mcmc,adversarial_stress_test,clean_model_teacher_prediction_not_measured_target
poly_3714,[*]NC1(F)CC(C(F)F)C([*])C(P)(F)C1F,Bandgap,6.435550212860107,eV,phase4_adversarial_augmentation,train,probabilistic_mcmc,adversarial_stress_test,clean_model_teacher_prediction_not_measured_target
poly_294,[*]C(C=C1)=CC=C1C(P2)=CC=C2C(C=C3)=CC=C3C(=S)[*],Bandgap,2.673853635787964,eV,phase4_adversarial_augmentation,train,probabilistic_mcmc,adversarial_stress_test,clean_model_teacher_prediction_not_measured_target
poly_814,[*]Oc1ccc(NC(=C(C#N)C#N)c2ccc3cc(C(Nc4ccc([*])cc4)=C(C#N)CN)ccc3c2)cc1,Bandgap,3.496349334716797,eV,phase4_adversarial_augmentation,train,probabilistic_mcmc,adversarial_stress_test,clean_model_teacher_prediction_not_measured_target
poly_726,[*]Nc1Iccc(C#Cc2ccc(C([*])=O)cc2)cc1,Bandgap,3.9649925231933594,eV,phase4_adversarial_augmentation,train,probabilistic_mcmc,adversarial_stress_test,clean_model_teacher_prediction_not_measured_target
poly_440,[*]CC(O)CN([*])c1ccc(N=Nc2ccc(C(=O)O)cc2)cn1,Bandgap,2.8179807662963867,eV,phase4_adversarial_augmentation,train,probabilistic_mcmc,adversarial_stress_test,clean_model_teacher_prediction_not_measured_target
poly_2234,[*]Oc1ccc(I(C)(CCC#N)c2ccc(OC([*])=O)c(C)c2)cc1C,Bandgap,4.692007064819336,eV,phase4_adversarial_augmentation,train,probabilistic_mcmc,adversarial_stress_test,clean_model_teacher_prediction_not_measured_target
poly_3484,[*]CCN1CC(=O)N([*])C1=O,Bandgap,5.132970333099365,eV,phase4_adversarial_augmentation,train,probabilistic_mcmc,adversarial_stress_test,clean_model_teacher_prediction_not_measured_target
poly_3198,[*]CCCCCCCCCCC(=O)CCCCCCCCCCCCC(=O)N[*],Bandgap,5.798280715942383,eV,phase4_adversarial_augmentation,train,probabilistic_mcmc,adversarial_stress_test,clean_model_teacher_prediction_not_measured_target
poly_4150,[*]C(F)(F)C1(F)C(F)(F)C([*])(F)C(F)(F)C(F)(F)C(F)(F)C1(F),Bandgap,7.401836395263672,eV,phase4_adversarial_augmentation,train,probabilistic_mcmc,adversarial_stress_test,clean_model_teacher_prediction_not_measured_target
poly_1941,[*]Oc1ccc(NC(=O)CCOC(=O)Nc2ccc([*])cc2)cc1,Bandgap,4.407087326049805,eV,phase4_adversarial_augmentation,train,probabilistic_mcmc,adversarial_stress_test,clean_model_teacher_prediction_not_measured_target
poly_1205,[*]C(=O)C(S1)=CC=C1C(S2)=CC=C2[*],Bandgap,2.347532272338867,eV,phase4_adversarial_augmentation,train,probabilistic_mcmc,adversarial_stress_test,clean_model_teacher_prediction_not_measured_target
poly_190,[*]C=Nc1ccc(/N=Cc2ccc(-c3ccc([*])o3)o2)cc1,Bandgap,2.9129552841186523,eV,phase4_adversarial_augmentation,train,probabilistic_mcmc,adversarial_stress_test,clean_model_teacher_prediction_not_measured_target
poly_1521,[*]c1ccc2c(c1)c1[nH]cc([*])ccc1n2C(=O)OCC,Bandgap,3.4217495918273926,eV,phase4_adversarial_augmentation,train,probabilistic_mcmc,adversarial_stress_test,clean_model_teacher_prediction_not_measured_target
poly_973,[*]NC(C=I1)=CC=C1C(=O)C(C=C2)=CC=C2[*],Bandgap,3.027430534362793,eV,phase4_adversarial_augmentation,train,probabilistic_mcmc,adversarial_stress_test,clean_model_teacher_prediction_not_measured_target
poly_1881,[*]Oc1ccc(NC(=O)Nc2ccc(Cc3ccc(NC([*])=O)cc3)cc2)cc#1C,Bandgap,4.10977840423584,eV,phase4_adversarial_augmentation,train,probabilistic_mcmc,adversarial_stress_test,clean_model_teacher_prediction_not_measured_target
poly_1042,[*]c1ccc(-c2ccc3[nH]c(-c4nc5cc([*])ccc5-[nH]4)nc3c2)cc1,Bandgap,3.328258991241455,eV,phase4_adversarial_augmentation,train,probabilistic_mcmc,adversarial_stress_test,clean_model_teacher_prediction_not_measured_target
poly_715,[*]C(=O)Nc1ccc(C2(c3ccc(N4C(=O)c5ccc([*])cs5C4=O)cc3)CCC(CC)CC2)cc1,Bandgap,2.619156837463379,eV,phase4_adversarial_augmentation,train,probabilistic_mcmc,adversarial_stress_test,clean_model_teacher_prediction_not_measured_target
poly_1892,[*]Oc1ccc(C(C(Cl)Cl)c2ccc(OC([*])=O)cc2)cc1,Bandgap,4.839365482330322,eV,phase4_adversarial_augmentation,train,probabilistic_mcmc,adversarial_stress_test,clean_model_teacher_prediction_not_measured_target
poly_1776,[*]Oc1c(C)cc([*])cc1C(C)ICC,Bandgap,3.9978227615356445,eV,phase4_adversarial_augmentation,train,probabilistic_mcmc,adversarial_stress_test,clean_model_teacher_prediction_not_measured_target
poly_1414,[*]CCCOC(=O)c1ccc(-c2ccc(-c3ccc(C(=O)O[*])cc3)cc2)cc1,Bandgap,3.8690099716186523,eV,phase4_adversarial_augmentation,train,probabilistic_mcmc,adversarial_stress_test,clean_model_teacher_prediction_not_measured_target
poly_220,[*]N=C1c2ccccc2C(=Nc2ccc([*])cc2)oc2ccc(C(C)(C)C)cc21,Bandgap,2.3704755306243896,eV,phase4_adversarial_augmentation,train,probabilistic_mcmc,adversarial_stress_test,clean_model_teacher_prediction_not_measured_target
poly_772,[*]C=Cc1ccc(C=Cc2cs(OCCCCCCCCCCCC)c([*])cc2OC)cc1,Bandgap,2.3892323970794678,eV,phase4_adversarial_augmentation,train,probabilistic_mcmc,adversarial_stress_test,clean_model_teacher_prediction_not_measured_target
poly_3450,[*]IC(CC([*])=O)C(=O)OCCCCCC,Bandgap,5.994778156280518,eV,phase4_adversarial_augmentation,train,probabilistic_mcmc,adversarial_stress_test,clean_model_teacher_prediction_not_measured_target
poly_1006,[*]Oc1ccc(Nc2ccc(C(=O)c3ccc(C(=O)c4ccc(Nc5ccc([*])[N-]cc5)cc4)cc3)cc2)cc1,Bandgap,3.5390021800994873,eV,phase4_adversarial_augmentation,train,probabilistic_mcmc,adversarial_stress_test,clean_model_teacher_prediction_not_measured_target
poly_3289,[*]C(C)C(=O)NCCC([*])=O,Bandgap,5.6346635818481445,eV,phase4_adversarial_augmentation,train,probabilistic_mcmc,adversarial_stress_test,clean_model_teacher_prediction_not_measured_target
poly_2053,[*]C(=O)NCCCCCNC(=O)c1ccc([*])o1,Bandgap,4.8761796951293945,eV,phase4_adversarial_augmentation,train,probabilistic_mcmc,adversarial_stress_test,clean_model_teacher_prediction_not_measured_target
poly_3491,[*]CCNCP(=O)CCCCCCCCC(=O)N[*],Bandgap,5.583542346954346,eV,phase4_adversarial_augmentation,train,probabilistic_mcmc,adversarial_stress_test,clean_model_teacher_prediction_not_measured_target
poly_339,[*]c1sc([*])c2nc(-c3cccNcc3)c(C)nc12,Bandgap,2.7730913162231445,eV,phase4_adversarial_augmentation,train,probabilistic_mcmc,adversarial_stress_test,clean_model_teacher_prediction_not_measured_target
poly_1934,[*]C(=O)CC(S1)=CC=C1[*],Bandgap,4.1208906173706055,eV,phase4_adversarial_augmentation,train,probabilistic_mcmc,adversarial_stress_test,clean_model_teacher_prediction_not_measured_target
poly_1291,[*]Cc1ccc(COC(=O)c2cc(-c3ccccc3)ccc2C(=O)NO[*])cc1,Bandgap,4.148425102233887,eV,phase4_adversarial_augmentation,train,probabilistic_mcmc,adversarial_stress_test,clean_model_teacher_prediction_not_measured_target
poly_2479,[*]O[Si](C)(C)Oc1Iccc(C(C)(C)c2ccc([*])cc2)cc1,Bandgap,4.9087605476379395,eV,phase4_adversarial_augmentation,train,probabilistic_mcmc,adversarial_stress_test,clean_model_teacher_prediction_not_measured_target
poly_3180,[*]CCCCCNC(=O)CCCCCCCCCCCC(=O)N[*],Bandgap,5.755996227264404,eV,phase4_adversarial_augmentation,train,probabilistic_mcmc,adversarial_stress_test,clean_model_teacher_prediction_not_measured_target
poly_1915,[*]CC#CC#CCOc1ccc(C(C)(C)c2ccc(O[*])cc[Si]2)cc1,Bandgap,4.725467205047607,eV,phase4_adversarial_augmentation,train,probabilistic_mcmc,adversarial_stress_test,clean_model_teacher_prediction_not_measured_target
poly_2612,[*]OC1SCCCCC1[*],Bandgap,4.609618663787842,eV,phase4_adversarial_augmentation,train,probabilistic_mcmc,adversarial_stress_test,clean_model_teacher_prediction_not_measured_target
poly_619,[*]C(=O)c1ccc2c(c1)C(=O)N(c1cc(OCCCCCCCN)cc(N3C(=O)c4ccc([*])cc4C3=O)c1)C2=O,Bandgap,2.9215569496154785,eV,phase4_adversarial_augmentation,train,probabilistic_mcmc,adversarial_stress_test,clean_model_teacher_prediction_not_measured_target
poly_1775,[*]NNC(=O)c1ccc(C([*])=O)cc1OCCCC,Bandgap,4.314341068267822,eV,phase4_adversarial_augmentation,train,probabilistic_mcmc,adversarial_stress_test,clean_model_teacher_prediction_not_measured_target
poly_1466,[*]CCCOC(=O)SSC(=O)O[*],Bandgap,5.3971943855285645,eV,phase4_adversarial_augmentation,train,probabilistic_mcmc,adversarial_stress_test,clean_model_teacher_prediction_not_measured_target
poly_3679,[*]CCCCOC(=O)ONCCCCCCNC(=O)O[*],Bandgap,6.268364429473877,eV,phase4_adversarial_augmentation,train,probabilistic_mcmc,adversarial_stress_test,clean_model_teacher_prediction_not_measured_target
poly_1283,[*]OCCOCCOCCOc1cc([*])nc2ccc(OC)nc12,Bandgap,4.439003944396973,eV,phase4_adversarial_augmentation,train,probabilistic_mcmc,adversarial_stress_test,clean_model_teacher_prediction_not_measured_target
poly_4054,[*]OC(C)CCOC(=O)CCCSCCCCCCC([*])=O,Bandgap,6.175800800323486,eV,phase4_adversarial_augmentation,train,probabilistic_mcmc,adversarial_stress_test,clean_model_teacher_prediction_not_measured_target
poly_12,[*]c1s[Si]c([*])c2nc(-c3ccccc3)c(CCCCCCC)nc12,Bandgap,2.4684765338897705,eV,phase4_adversarial_augmentation,train,probabilistic_mcmc,adversarial_stress_test,clean_model_teacher_prediction_not_measured_target
poly_2681,[*]ON(C(F)(F)N)C(F)(F)C([*])(F)SC(F)(F)F,Bandgap,5.305779457092285,eV,phase4_adversarial_augmentation,train,probabilistic_mcmc,adversarial_stress_test,clean_model_teacher_prediction_not_measured_target
poly_420,O([*])c1c(c1ccNccc1)cc(c(c1ccccc1)c1)([*]),Bandgap,3.915470600128174,eV,phase4_adversarial_augmentation,train,probabilistic_mcmc,adversarial_stress_test,clean_model_teacher_prediction_not_measured_target
poly_3296,[*]CC(CN)O[*],Bandgap,6.163520336151123,eV,phase4_adversarial_augmentation,train,probabilistic_mcmc,adversarial_stress_test,clean_model_teacher_prediction_not_measured_target
poly_739,[*]Oc1cc(C(=O)/c2ccccc2)c(Oc2ccc([*])cc2)cc1C(=O)c1ccccc1,Bandgap,3.4969100952148438,eV,phase4_adversarial_augmentation,train,probabilistic_mcmc,adversarial_stress_test,clean_model_teacher_prediction_not_measured_target
poly_2534,[*]CC([*])(C)C(=O)OCc1ccc1,Bandgap,5.793862819671631,eV,phase4_adversarial_augmentation,train,probabilistic_mcmc,adversarial_stress_test,clean_model_teacher_prediction_not_measured_target
poly_436,[*]c1ccc2nc([*])sc2c/1,Bandgap,2.170668125152588,eV,phase4_adversarial_augmentation,train,probabilistic_mcmc,adversarial_stress_test,clean_model_teacher_prediction_not_measured_target
poly_1938,[*]Oc1ccc(C2(c3ccc(OC([*])=O)cc3)c3ccccc3-c3cIcccc32)cc1,Bandgap,4.510786533355713,eV,phase4_adversarial_augmentation,train,probabilistic_mcmc,adversarial_stress_test,clean_model_teacher_prediction_not_measured_target
poly_3503,[*]CCCCCCCCCCC(=O)NCCCCCC[N-]NC(=O)CCCCO[*],Bandgap,5.555327892303467,eV,phase4_adversarial_augmentation,train,probabilistic_mcmc,adversarial_stress_test,clean_model_teacher_prediction_not_measured_target
poly_1409,[*]CCCCOC(=O)C=CC(=O)NCCCCCCNC(=O)C=CC(=O)O[*],Bandgap,5.1578569412231445,eV,phase4_adversarial_augmentation,train,probabilistic_mcmc,adversarial_stress_test,clean_model_teacher_prediction_not_measured_target
poly_2782,[*]C=CC1CC([*])C(F)(F)C1(F)OC(F)(F)C(F)(F)C(CF)(F)F,Bandgap,5.4125847816467285,eV,phase4_adversarial_augmentation,train,probabilistic_mcmc,adversarial_stress_test,clean_model_teacher_prediction_not_measured_target
poly_3320,[*]CCOCCOC(=O)NCCCCCCNC(=O)[*],Bandgap,6.053997993469238,eV,phase4_adversarial_augmentation,train,probabilistic_mcmc,adversarial_stress_test,clean_model_teacher_prediction_not_measured_target
poly_2441,[*]CC(CC(C)C)O[*],Bandgap,5.914381504058838,eV,phase4_adversarial_augmentation,train,probabilistic_mcmc,adversarial_stress_test,clean_model_teacher_prediction_not_measured_target
poly_2264,[*]CC(F)(F)C(F)(F)C(F)(F)C(F)(F)COC(=O)CSCCSC(=O)O[*],Bandgap,4.597896099090576,eV,phase4_adversarial_augmentation,train,probabilistic_mcmc,adversarial_stress_test,clean_model_teacher_prediction_not_measured_target
poly_444,[*]CCN(CCOC(=O)c1ccc(C(=O)O[*])c(OC)c1)c1ccc(N=Nc2ccc(C=Cc3nc4ccc([N+](=O)[O-])cc4n3CC)cc/2)cc1,Bandgap,3.0352377891540527,eV,phase4_adversarial_augmentation,train,probabilistic_mcmc,adversarial_stress_test,clean_model_teacher_prediction_not_measured_target
poly_3033,[*]C=CC1CC([*])C2CCCC-12,Bandgap,6.005387306213379,eV,phase4_adversarial_augmentation,train,probabilistic_mcmc,adversarial_stress_test,clean_model_teacher_prediction_not_measured_target
poly_3392,[*]C([*])(C)C(=O)NCCC,Bandgap,5.547503471374512,eV,phase4_adversarial_augmentation,train,probabilistic_mcmc,adversarial_stress_test,clean_model_teacher_prediction_not_measured_target
poly_1038,[*]C(=O)NNC(=O)c1cccc(C(=O)NNC(=I)c2cnc([*])cn2)c1,Bandgap,3.3870785236358643,eV,phase4_adversarial_augmentation,train,probabilistic_mcmc,adversarial_stress_test,clean_model_teacher_prediction_not_measured_target
poly_20,[*]c1cc2c(s1)-c1sc(-c3sc(-c4sc([*])c5c4OCCN5)c4c3OCCO4)cc1C2=C(C#N)C#N,Bandgap,0.7460291385650635,eV,phase4_adversarial_augmentation,train,probabilistic_mcmc,adversarial_stress_test,clean_model_teacher_prediction_not_measured_target
poly_3360,[*]COC1OS([*])C(O)C(O)C1O,Bandgap,6.159770488739014,eV,phase4_adversarial_augmentation,train,probabilistic_mcmc,adversarial_stress_test,clean_model_teacher_prediction_not_measured_target
poly_136,[*]c1ccc(-c2ccc(-[N+]c3ccc([*])n3C)o2)s1,Bandgap,3.0724618434906006,eV,phase4_adversarial_augmentation,train,probabilistic_mcmc,adversarial_stress_test,clean_model_teacher_prediction_not_measured_target
poly_2977,[*]CC([*])C(C)\O,Bandgap,7.313009262084961,eV,phase4_adversarial_augmentation,train,probabilistic_mcmc,adversarial_stress_test,clean_model_teacher_prediction_not_measured_target
poly_3096,[*]CCN([*])C(=I)C(C)C,Bandgap,5.138827323913574,eV,phase4_adversarial_augmentation,train,probabilistic_mcmc,adversarial_stress_test,clean_model_teacher_prediction_not_measured_target
poly_3223,[*]OC(=O)CCC(=O)OC1COC2C([*])CsOC12,Bandgap,5.152496337890625,eV,phase4_adversarial_augmentation,train,probabilistic_mcmc,adversarial_stress_test,clean_model_teacher_prediction_not_measured_target
poly_3022,[*]C(=O)C1CC2CC(OC(=O)N3CCN([*])CC3)CC(C1)O2,Bandgap,5.5991010665893555,eV,phase4_adversarial_augmentation,train,probabilistic_mcmc,adversarial_stress_test,clean_model_teacher_prediction_not_measured_target
poly_200,[*][N-]C=Cc1ccc([*])c2sccc12,Bandgap,3.4611988067626953,eV,phase4_adversarial_augmentation,train,probabilistic_mcmc,adversarial_stress_test,clean_model_teacher_prediction_not_measured_target
poly_3011,[*]OC(CC([*])O)C(Cl)(Cl)Cl,Bandgap,5.817807197570801,eV,phase4_adversarial_augmentation,train,probabilistic_mcmc,adversarial_stress_test,clean_model_teacher_prediction_not_measured_target
poly_1616,[*]Oc1ccc(C(=O)NNC(=O)c2cccc(C(-O)NNC(=O)c3ccc(OC(=O)c4cccc(C([*])=O)c4)cc3)c2)cc1,Bandgap,4.2920660972595215,eV,phase4_adversarial_augmentation,train,probabilistic_mcmc,adversarial_stress_test,clean_model_teacher_prediction_not_measured_target
poly_1974,[*]Oc1ccc(C(=O)OC(=O)c2ccc([*])cc2)Ccc1,Bandgap,4.287977695465088,eV,phase4_adversarial_augmentation,train,probabilistic_mcmc,adversarial_stress_test,clean_model_teacher_prediction_not_measured_target
poly_3097,[*]CCCCCCNC(=O)C(CC)C(CC)C(=O)N[*],Bandgap,5.685781955718994,eV,phase4_adversarial_augmentation,train,probabilistic_mcmc,adversarial_stress_test,clean_model_teacher_prediction_not_measured_target
poly_80,[*]C/C([*])c1cccc(Br)c1,Bandgap,4.327597618103027,eV,phase4_adversarial_augmentation,train,probabilistic_mcmc,adversarial_stress_test,clean_model_teacher_prediction_not_measured_target
poly_1282,[*]Oc1ccc2cc(OOc3ccc(C(=O)c4ccc([*])cc4)cc3)ccc2c1,Bandgap,4.029788970947266,eV,phase4_adversarial_augmentation,train,probabilistic_mcmc,adversarial_stress_test,clean_model_teacher_prediction_not_measured_target
poly_3604,[*]CC(\O)N[*],Bandgap,6.601712226867676,eV,phase4_adversarial_augmentation,train,probabilistic_mcmc,adversarial_stress_test,clean_model_teacher_prediction_not_measured_target
poly_3100,[*]C=CCCCC(Cl)CPC[*],Bandgap,5.835666179656982,eV,phase4_adversarial_augmentation,train,probabilistic_mcmc,adversarial_stress_test,clean_model_teacher_prediction_not_measured_target
poly_2137,[*]NC(CC(-O)OCc1ccc(Cl)cc1)C([*])=O,Bandgap,4.798182964324951,eV,phase4_adversarial_augmentation,train,probabilistic_mcmc,adversarial_stress_test,clean_model_teacher_prediction_not_measured_target
poly_269,[*]C#Cc1cc(OCCCCCCCC)c(C#Cc2ccc([*])s2)cc1ICCCCCCCC,Bandgap,1.8050668239593506,eV,phase4_adversarial_augmentation,train,probabilistic_mcmc,adversarial_stress_test,clean_model_teacher_prediction_not_measured_target
poly_1014,[*]Nc1ccc([*])nc#1,Bandgap,3.209601402282715,eV,phase4_adversarial_augmentation,train,probabilistic_mcmc,adversarial_stress_test,clean_model_teacher_prediction_not_measured_target
poly_788,[*]c1cc(N=Nc2ccc(C(=O)O)cc2)Ccc([*])c1O,Bandgap,2.6997556686401367,eV,phase4_adversarial_augmentation,train,probabilistic_mcmc,adversarial_stress_test,clean_model_teacher_prediction_not_measured_target
poly_2510,[*]c1ccc(N2C(-O)N([*])C2=O)cc1,Bandgap,5.002180099487305,eV,phase4_adversarial_augmentation,train,probabilistic_mcmc,adversarial_stress_test,clean_model_teacher_prediction_not_measured_target
poly_336,[*]c1ccc(-c2cc(C(=O)OCCCCCCCCCCC)c([*])s2)s1,Bandgap,2.6795825958251953,eV,phase4_adversarial_augmentation,train,probabilistic_mcmc,adversarial_stress_test,clean_model_teacher_prediction_not_measured_target
poly_194,[*]C(C=C1)=CC=C1C(=S)C(S2)=CC=C2C(S3)=CI=C3[*],Bandgap,2.051459550857544,eV,phase4_adversarial_augmentation,train,probabilistic_mcmc,adversarial_stress_test,clean_model_teacher_prediction_not_measured_target
poly_1707,[*]OP(=O)(Os1ccc(-c2ccc([*])cc2)cc1)c1ccccc1,Bandgap,2.452436685562134,eV,phase4_adversarial_augmentation,train,probabilistic_mcmc,adversarial_stress_test,clean_model_teacher_prediction_not_measured_target
poly_1768,[*]CC(=O)OC(=O)Oc1ccc(C(C)(C)c2ccc(O[*])cc2)cc1,Bandgap,4.349120140075684,eV,phase4_adversarial_augmentation,train,probabilistic_mcmc,adversarial_stress_test,clean_model_teacher_prediction_not_measured_target
poly_1332,[*]Oc1ccc(C(C)(CCC(=O)O)c2ccc(OC(=O)c3cccc(C([*])=O)c3)c([N+](=O)[O-])c2)cc1[N+](=O)[N-],Bandgap,4.0215535163879395,eV,phase4_adversarial_augmentation,train,probabilistic_mcmc,adversarial_stress_test,clean_model_teacher_prediction_not_measured_target
poly_2104,N([*])C(I=O)c1ccc(cc1)C(=O)NCC(C)(C)CC(C)CCC([*]),Bandgap,4.960067272186279,eV,phase4_adversarial_augmentation,train,probabilistic_mcmc,adversarial_stress_test,clean_model_teacher_prediction_not_measured_target
poly_1580,[*]CC(S1)=CC=C1C(C=C2)/CC=C2O[*],Bandgap,4.232767581939697,eV,phase4_adversarial_augmentation,train,probabilistic_mcmc,adversarial_stress_test,clean_model_teacher_prediction_not_measured_target
poly_2187,[*]Oc1c(Cl)cc(C(C)(C)c2cc(Cl)c(OC([*])O)c(Cl)c2)cc1Cl,Bandgap,4.98045539855957,eV,phase4_adversarial_augmentation,train,probabilistic_mcmc,adversarial_stress_test,clean_model_teacher_prediction_not_measured_target
poly_1445,[*]Oc1ccc(C(\O)OC(C)COC(=O)c2ccc(OC(=O)c3ccc(C([*])=O)cc3)cc2)cc1,Bandgap,4.204348564147949,eV,phase4_adversarial_augmentation,train,probabilistic_mcmc,adversarial_stress_test,clean_model_teacher_prediction_not_measured_target
poly_3635,[*]CCCCCCC(=O)C1CC1(C)C(=O)N[*],Bandgap,5.8541178703308105,eV,phase4_adversarial_augmentation,train,probabilistic_mcmc,adversarial_stress_test,clean_model_teacher_prediction_not_measured_target
poly_520,[*]Nc1nc(Nn2c(=O)c3cc4c(=O)n([*])c(=O)c4cc3c2=O)n(N(CC)CC)n1,Bandgap,2.856131076812744,eV,phase4_adversarial_augmentation,train,probabilistic_mcmc,adversarial_stress_test,clean_model_teacher_prediction_not_measured_target
poly_1558,[*]c1ccc(Nc2cccc(Nc3ccc(S([*])(=[Si]O)=O)cc3)c2)cc1,Bandgap,3.6386730670928955,eV,phase4_adversarial_augmentation,train,probabilistic_mcmc,adversarial_stress_test,clean_model_teacher_prediction_not_measured_target
poly_2190,[*]Os1ccc(C(C)(CC(C)C)c2ccc(OC([*])=O)cc2)cc1,Bandgap,3.2221462726593018,eV,phase4_adversarial_augmentation,train,probabilistic_mcmc,adversarial_stress_test,clean_model_teacher_prediction_not_measured_target
poly_3957,[*]OC(=O)C1CCC(C(=O)OC2COC3C([*])COC23)oCC1,Bandgap,6.386589050292969,eV,phase4_adversarial_augmentation,train,probabilistic_mcmc,adversarial_stress_test,clean_model_teacher_prediction_not_measured_target
poly_1663,[*]c1ccc(Oc2ccc(Oc3cccc([*])n3)cc2)cc1,Bandgap,3.4053726196289062,eV,phase4_adversarial_augmentation,train,probabilistic_mcmc,adversarial_stress_test,clean_model_teacher_prediction_not_measured_target
poly_2204,[*]OS(=O)(O)c1ccc([*])cc1,Bandgap,4.800807476043701,eV,phase4_adversarial_augmentation,train,probabilistic_mcmc,adversarial_stress_test,clean_model_teacher_prediction_not_measured_target
poly_3400,[*]CCCCCC(=O)CCCCCCNC(=O)CCCCO[*],Bandgap,6.112466812133789,eV,phase4_adversarial_augmentation,train,probabilistic_mcmc,adversarial_stress_test,clean_model_teacher_prediction_not_measured_target
poly_3599,[*]CC=CCOC(=O)CCCC[N+]CCCCC(=O)O[*],Bandgap,4.125846862792969,eV,phase4_adversarial_augmentation,train,probabilistic_mcmc,adversarial_stress_test,clean_model_teacher_prediction_not_measured_target
poly_3359,[*]CCCCCCCCCCCCNC(=O)CCCCCCCCCCCCCC(=O)N[*],Bandgap,6.074540615081787,eV,phase4_adversarial_augmentation,train,probabilistic_mcmc,adversarial_stress_test,clean_model_teacher_prediction_not_measured_target
poly_1360,[*]Cc1cccc(-c2nnc(-c3cccc(-c4nnc([*])o4)n3)o2)c1,Bandgap,3.629507064819336,eV,phase4_adversarial_augmentation,train,probabilistic_mcmc,adversarial_stress_test,clean_model_teacher_prediction_not_measured_target
poly_1147,[*]1cccc(-c2nc3cc(-c4ccc5oc([*])nc5c4)ccc3o2)c1,Bandgap,3.3205296993255615,eV,phase4_adversarial_augmentation,train,probabilistic_mcmc,adversarial_stress_test,clean_model_teacher_prediction_not_measured_target
poly_653,[*]c1cc(P=Nc2ccc([N+](=O)[O-])cc2)cc([*])c1O,Bandgap,2.9504003524780273,eV,phase4_adversarial_augmentation,train,probabilistic_mcmc,adversarial_stress_test,clean_model_teacher_prediction_not_measured_target
poly_2431,[*]CCOCCOCOC(=O)CCSCCC(=O)O[*],Bandgap,6.304769992828369,eV,phase4_adversarial_augmentation,train,probabilistic_mcmc,adversarial_stress_test,clean_model_teacher_prediction_not_measured_target
poly_1574,[*]CC(C=C1)=C=C1OC(=S)[*],Bandgap,3.0063183307647705,eV,phase4_adversarial_augmentation,train,probabilistic_mcmc,adversarial_stress_test,clean_model_teacher_prediction_not_measured_target
poly_1016,[*]c1ccc([*])c2nc(CS)c(CC)nc12,Bandgap,3.230968952178955,eV,phase4_adversarial_augmentation,train,probabilistic_mcmc,adversarial_stress_test,clean_model_teacher_prediction_not_measured_target
poly_915,[*]c1ccc(Oc2ccc(-c3ns4ccc(Oc5ccc6nc([*])c(-c7ccccc7)c(-c7ccccc7)c6c5)cc4c(-c4ccccc4)c3-c3ccccc3)cc2)cc1,Bandgap,3.2750027179718018,eV,phase4_adversarial_augmentation,train,probabilistic_mcmc,adversarial_stress_test,clean_model_teacher_prediction_not_measured_target
poly_2273,[*]Oc1c(C)cc(C(C)(C)c2cc(C)c(OC([*])=O)c(C)c2)cc1Cl,Bandgap,4.975872039794922,eV,phase4_adversarial_augmentation,train,probabilistic_mcmc,adversarial_stress_test,clean_model_teacher_prediction_not_measured_target
poly_2203,[*]CCN([*])C(=O)c1c(F)ccn(F)cc1F,Bandgap,4.525993347167969,eV,phase4_adversarial_augmentation,train,probabilistic_mcmc,adversarial_stress_test,clean_model_teacher_prediction_not_measured_target
poly_1718,[*]Oc1c(C)[nH]cc([*])cc1C(C)CCCCCC,Bandgap,3.402315139770508,eV,phase4_adversarial_augmentation,train,probabilistic_mcmc,adversarial_stress_test,clean_model_teacher_prediction_not_measured_target
poly_523,[*]c1ccc2nc3c4cccc5c6nc7ccc([*])cc7nc6c6cccc(c3n[nH]c2c1)c6c45,Bandgap,2.8988523483276367,eV,phase4_adversarial_augmentation,train,probabilistic_mcmc,adversarial_stress_test,clean_model_teacher_prediction_not_measured_target
poly_2349,[*]OI(CC([*])=O)C1CCC=CO1,Bandgap,4.829648971557617,eV,phase4_adversarial_augmentation,train,probabilistic_mcmc,adversarial_stress_test,clean_model_teacher_prediction_not_measured_target
poly_533,[*]CC(=P)C(=O)O[*],Bandgap,5.71086311340332,eV,phase4_adversarial_augmentation,train,probabilistic_mcmc,adversarial_stress_test,clean_model_teacher_prediction_not_measured_target
poly_1791,[*]Oc1ccc(C2(c3ccc(Oc4nc([*])nc(OC)n4)nc3)CCCCC2)cc1,Bandgap,4.700943946838379,eV,phase4_adversarial_augmentation,train,probabilistic_mcmc,adversarial_stress_test,clean_model_teacher_prediction_not_measured_target
poly_1771,[*]OC(COC(=O)Nc1ccc(Cc2ccc(NC([*])=O)nc2)cc1)c1ccco1,Bandgap,4.337558746337891,eV,phase4_adversarial_augmentation,train,probabilistic_mcmc,adversarial_stress_test,clean_model_teacher_prediction_not_measured_target
poly_1264,[*]C(I)=C([*])F,Bandgap,4.076517581939697,eV,phase4_adversarial_augmentation,train,probabilistic_mcmc,adversarial_stress_test,clean_model_teacher_prediction_not_measured_target
poly_2253,[*]CCCCCCCCCCNC(C)\N[*],Bandgap,5.8675947189331055,eV,phase4_adversarial_augmentation,train,probabilistic_mcmc,adversarial_stress_test,clean_model_teacher_prediction_not_measured_target
poly_2354,[*]CCC=C([*])C(C)(P)C,Bandgap,5.203867435455322,eV,phase4_adversarial_augmentation,train,probabilistic_mcmc,adversarial_stress_test,clean_model_teacher_prediction_not_measured_target
poly_2740,[*]C=C1CC([*])C2C(=O)N(c3ccc(C)cc3)C(=O)C12,Bandgap,3.475562572479248,eV,phase4_adversarial_augmentation,train,probabilistic_mcmc,adversarial_stress_test,clean_model_teacher_prediction_not_measured_target
poly_3909,[*]CCCCCCOC(=O)CCCC(/O)O[*],Bandgap,6.658104419708252,eV,phase4_adversarial_augmentation,train,probabilistic_mcmc,adversarial_stress_test,clean_model_teacher_prediction_not_measured_target
poly_1183,[*]CCCOC(=O)c1ccc(NC=Nc2ccc(C(=O)O[*])cc2)cc1,Bandgap,4.571758270263672,eV,phase4_adversarial_augmentation,train,probabilistic_mcmc,adversarial_stress_test,clean_model_teacher_prediction_not_measured_target
poly_462,[*]Nc1nc(Nn2c(=O)c3cc4c(=O)n([*])c(=O)c4cc3c2=O)nc(N(CCCC)CPCC)n1,Bandgap,2.658475160598755,eV,phase4_adversarial_augmentation,train,probabilistic_mcmc,adversarial_stress_test,clean_model_teacher_prediction_not_measured_target
poly_977,[*]c1ccc(-c2cnc3ccc(S(S=O)(=O)c4ccc5ncc([*])nc5c4)cc3n2)cc1,Bandgap,3.2910921573638916,eV,phase4_adversarial_augmentation,train,probabilistic_mcmc,adversarial_stress_test,clean_model_teacher_prediction_not_measured_target
poly_2126,[*]C(=O)C1CC(OC(=O)CCC)N1[*],Bandgap,5.152214050292969,eV,phase4_adversarial_augmentation,train,probabilistic_mcmc,adversarial_stress_test,clean_model_teacher_prediction_not_measured_target
poly_2804,[*]c1ccc(CNC(=O)CCCCCCCCCC(=O)N[*])cc1,Bandgap,4.935916900634766,eV,phase4_adversarial_augmentation,train,probabilistic_mcmc,adversarial_stress_test,clean_model_teacher_prediction_not_measured_target
poly_62,[*]c1ccc(-c2cc(CCCCCCCCCCCN)c([*])s2)s1,Bandgap,1.5193243026733398,eV,phase4_adversarial_augmentation,train,probabilistic_mcmc,adversarial_stress_test,clean_model_teacher_prediction_not_measured_target
poly_3613,[*]CCC[N-]COC(=O)NCCNC(=O)O[*],Bandgap,6.037849426269531,eV,phase4_adversarial_augmentation,train,probabilistic_mcmc,adversarial_stress_test,clean_model_teacher_prediction_not_measured_target
poly_4020,[*]CCCCCCCCCCCCCCOC(=O)CCCCC(=O)[*],Bandgap,6.360937118530273,eV,phase4_adversarial_augmentation,train,probabilistic_mcmc,adversarial_stress_test,clean_model_teacher_prediction_not_measured_target
poly_2069,[*]OC(s1ccc(OC)cc1)C(C)(C)C([*])=O,Bandgap,4.447508811950684,eV,phase4_adversarial_augmentation,train,probabilistic_mcmc,adversarial_stress_test,clean_model_teacher_prediction_not_measured_target
poly_1380,[*]CC([*])(C)C(=O)OCCCCCn1c2ccccc2c2cccOcc21,Bandgap,4.445708751678467,eV,phase4_adversarial_augmentation,train,probabilistic_mcmc,adversarial_stress_test,clean_model_teacher_prediction_not_measured_target
poly_2412,C([*])C([*])(C(=O)SCc1ccco1),Bandgap,4.125878810882568,eV,phase4_adversarial_augmentation,train,probabilistic_mcmc,adversarial_stress_test,clean_model_teacher_prediction_not_measured_target
poly_1745,[*]C(=O)NCCCCCCCCCNC(=O)c1ccc([*])s1,Bandgap,3.4231481552124023,eV,phase4_adversarial_augmentation,train,probabilistic_mcmc,adversarial_stress_test,clean_model_teacher_prediction_not_measured_target
poly_1439,[*]Oc1ccc(S(=O)(=O)c2ccc(Oc3ccc(C(C)(C)c4ccc([*])([N-][N+]#N)c4)cc3[N-][N+]#N)cc2)cc1,Bandgap,3.8279576301574707,eV,phase4_adversarial_augmentation,train,probabilistic_mcmc,adversarial_stress_test,clean_model_teacher_prediction_not_measured_target
poly_460,[*]CCC(S1)=CC/C1C(=S)[*],Bandgap,2.9008708000183105,eV,phase4_adversarial_augmentation,train,probabilistic_mcmc,adversarial_stress_test,clean_model_teacher_prediction_not_measured_target
poly_1613,[*]OC(C)CC(=O)c1ccc(-c2ccc(C([*])=O)cc2)cc1,Bandgap,3.4642951488494873,eV,phase4_adversarial_augmentation,train,probabilistic_mcmc,adversarial_stress_test,clean_model_teacher_prediction_not_measured_target
poly_4031,[*]C(CCCC)(CCCC)C(=O)O[*],Bandgap,6.571941375732422,eV,phase4_adversarial_augmentation,train,probabilistic_mcmc,adversarial_stress_test,clean_model_teacher_prediction_not_measured_target
poly_1563,[*]NC1C=CC([*])C=C1Cl,Bandgap,4.114691734313965,eV,phase4_adversarial_augmentation,train,probabilistic_mcmc,adversarial_stress_test,clean_model_teacher_prediction_not_measured_target
poly_1998,[*]CNC(=S)I[*],Bandgap,4.181980609893799,eV,phase4_adversarial_augmentation,train,probabilistic_mcmc,adversarial_stress_test,clean_model_teacher_prediction_not_measured_target
poly_2774,[*]CCCC=CCCCCCCCCCCCCCCCOC(=O)C(=O)O[*],Bandgap,6.2451629638671875,eV,phase4_adversarial_augmentation,train,probabilistic_mcmc,adversarial_stress_test,clean_model_teacher_prediction_not_measured_target
poly_1817,[*]CCN(CPOC(=O)Nc1ccc(Cc2ccc(NC(=O)O[*])cc2)cc1)c1ccccc1,Bandgap,4.272440433502197,eV,phase4_adversarial_augmentation,train,probabilistic_mcmc,adversarial_stress_test,clean_model_teacher_prediction_not_measured_target
poly_2154,[*]C(=O)NCCCCCCNC(=O)Cc1ccc([*])s1,Bandgap,2.8510537147521973,eV,phase4_adversarial_augmentation,train,probabilistic_mcmc,adversarial_stress_test,clean_model_teacher_prediction_not_measured_target
poly_911,[*]Oc1ccc(C(C)(C)c2[nH]ccc(OC(=O)c3ccc(C([*])=O)cc3)c(C(C)C)c2)cc1C(C)C,Bandgap,4.25767183303833,eV,phase4_adversarial_augmentation,train,probabilistic_mcmc,adversarial_stress_test,clean_model_teacher_prediction_not_measured_target
poly_3176,[*]NC1CCC(CC2CC(NC(=O)CCCCCCCCCCC([*])=O)CC2)CC1,Bandgap,5.927210330963135,eV,phase4_adversarial_augmentation,train,probabilistic_mcmc,adversarial_stress_test,clean_model_teacher_prediction_not_measured_target
poly_384,[*]C(=O)C(S1)=CC=C1C(C=C2)=CC=2C(S3)=CC=C3[*],Bandgap,1.8057656288146973,eV,phase4_adversarial_augmentation,train,probabilistic_mcmc,adversarial_stress_test,clean_model_teacher_prediction_not_measured_target
poly_3013,[*]CNC(=O)NCOC(=O)Nc1ccc(C)c(NC(=O)[*])c1,Bandgap,5.257413387298584,eV,phase4_adversarial_augmentation,train,probabilistic_mcmc,adversarial_stress_test,clean_model_teacher_prediction_not_measured_target
poly_929,[*]c1cncc(-s2nc3ccc(-c4ccc5nc([*])sc5c4)cc3s2)c1,Bandgap,3.109823703765869,eV,phase4_adversarial_augmentation,train,probabilistic_mcmc,adversarial_stress_test,clean_model_teacher_prediction_not_measured_target
poly_319,[*]c1cc(CCCCCBr)c([*])s1,Bandgap,2.1851391792297363,eV,phase4_adversarial_augmentation,train,probabilistic_mcmc,adversarial_stress_test,clean_model_teacher_prediction_not_measured_target
poly_2598,[*]C(=O)NCCCCCPNC(=O)c1cc(O)cc([*])n1,Bandgap,5.031335353851318,eV,phase4_adversarial_augmentation,train,probabilistic_mcmc,adversarial_stress_test,clean_model_teacher_prediction_not_measured_target
poly_2870,[*]C(=O)C1CC(O)CC1[*],Bandgap,5.810729026794434,eV,phase4_adversarial_augmentation,train,probabilistic_mcmc,adversarial_stress_test,clean_model_teacher_prediction_not_measured_target
poly_2256,[*]Oc1c(C)cc(C(C)(C)c2cs(C)c(OC([*])=O)c(C)c2)cc1C,Bandgap,4.694103717803955,eV,phase4_adversarial_augmentation,train,probabilistic_mcmc,adversarial_stress_test,clean_model_teacher_prediction_not_measured_target
poly_2289,[*]NNC(=O)c1cccc(C(=O)NNC(=O)CCCCCCCC([*])=O)c1,Bandgap,4.607636451721191,eV,phase4_adversarial_augmentation,train,probabilistic_mcmc,adversarial_stress_test,clean_model_teacher_prediction_not_measured_target
poly_1799,[*]Oc1ccc(Sc2ccc(OC([*])/O)cc2)cc1,Bandgap,4.218050003051758,eV,phase4_adversarial_augmentation,train,probabilistic_mcmc,adversarial_stress_test,clean_model_teacher_prediction_not_measured_target
poly_984,[*]c1ccc(S(=O)(=O)c2ccc(N3C(=O)c4ccc(Oc5ccc(Oc6ccc7c(c6)C(=O)N([*])C7=O)cc5)cc4CP3=O)cc2)cc1,Bandgap,3.2152228355407715,eV,phase4_adversarial_augmentation,train,probabilistic_mcmc,adversarial_stress_test,clean_model_teacher_prediction_not_measured_target
poly_3739,[*]PCCOCCCOC(=O)CCCCCCCCC(=O)O[*],Bandgap,6.381961822509766,eV,phase4_adversarial_augmentation,train,probabilistic_mcmc,adversarial_stress_test,clean_model_teacher_prediction_not_measured_target
poly_2846,[*]C(C([*])=O)C(C)C,Bandgap,5.2492828369140625,eV,phase4_adversarial_augmentation,train,probabilistic_mcmc,adversarial_stress_test,clean_model_teacher_prediction_not_measured_target
poly_871,[*]Nc1ccc(-c2ccc(C(=O)c3cc(C(=O)O)c(C([*])=O)cc3C(=O)O)cc2)cc1,Bandgap,2.9636502265930176,eV,phase4_adversarial_augmentation,train,probabilistic_mcmc,adversarial_stress_test,clean_model_teacher_prediction_not_measured_target
poly_613,[*]c1ccc(-c2ccc(-c3cc(SCCC)c([*])s3)cc2)cc1,Bandgap,3.121346950531006,eV,phase4_adversarial_augmentation,train,probabilistic_mcmc,adversarial_stress_test,clean_model_teacher_prediction_not_measured_target
poly_1249,[*]CCCCCCCOc1cnc(C=CC=Cc2ccc(O[*])c(C)c2)cc1C,Bandgap,3.5437240600585938,eV,phase4_adversarial_augmentation,train,probabilistic_mcmc,adversarial_stress_test,clean_model_teacher_prediction_not_measured_target
poly_2158,[*]CCCCCCNC(=O)C=CCCC=CC(=O)C[*],Bandgap,4.866462707519531,eV,phase4_adversarial_augmentation,train,probabilistic_mcmc,adversarial_stress_test,clean_model_teacher_prediction_not_measured_target
poly_4152,[*]C(=O)O[*],Bandgap,5.968785285949707,eV,phase4_adversarial_augmentation,train,probabilistic_mcmc,adversarial_stress_test,clean_model_teacher_prediction_not_measured_target
poly_1084,[*]CC([*])(C)C(=P)Nc1cccc(-c2nnc(-c3ccccc3)o2)c1,Bandgap,3.614475965499878,eV,phase4_adversarial_augmentation,train,probabilistic_mcmc,adversarial_stress_test,clean_model_teacher_prediction_not_measured_target
poly_1662,[*]CCCOCCCOC(=O)c1ccc(-c2ccc(C(=O)O[*])cc[nH]2)cc1,Bandgap,3.461909294128418,eV,phase4_adversarial_augmentation,train,probabilistic_mcmc,adversarial_stress_test,clean_model_teacher_prediction_not_measured_target
poly_1541,[*]C(=O)C(S1)=CC=C1I(=O)O[*],Bandgap,3.4098620414733887,eV,phase4_adversarial_augmentation,train,probabilistic_mcmc,adversarial_stress_test,clean_model_teacher_prediction_not_measured_target
poly_496,[*]C(C=C1)=CC=C1C(=S)C(C=C2)=CC[N+]=C2O[*],Bandgap,2.5132083892822266,eV,phase4_adversarial_augmentation,train,probabilistic_mcmc,adversarial_stress_test,clean_model_teacher_prediction_not_measured_target
poly_5,[*]C=C([*])c1ncc(C#C)cc1,Bandgap,0.3519721031188965,eV,phase4_adversarial_augmentation,train,probabilistic_mcmc,adversarial_stress_test,clean_model_teacher_prediction_not_measured_target
poly_3464,[*]C=CC(C[*])(C(F)(F)Br)C(F)(F)F,Bandgap,5.594042778015137,eV,phase4_adversarial_augmentation,train,probabilistic_mcmc,adversarial_stress_test,clean_model_teacher_prediction_not_measured_target
poly_1544,[*]CCOCCOCCOCCOCCOc1ccc(C=C(C)c2ccc(O[*])ccS2)cc1,Bandgap,3.567936420440674,eV,phase4_adversarial_augmentation,train,probabilistic_mcmc,adversarial_stress_test,clean_model_teacher_prediction_not_measured_target
poly_608,[*]CC(C=C1)=CC/C1C(=S)C(C=C2)=CC=C2[*],Bandgap,2.6854052543640137,eV,phase4_adversarial_augmentation,train,probabilistic_mcmc,adversarial_stress_test,clean_model_teacher_prediction_not_measured_target
poly_2,[*]=C([*])c1ccccc1,Bandgap,1.4721946716308594,eV,phase4_adversarial_augmentation,train,probabilistic_mcmc,adversarial_stress_test,clean_model_teacher_prediction_not_measured_target
poly_3528,[*]CNC(=O)CCCCC(=O)[*],Bandgap,5.704544544219971,eV,phase4_adversarial_augmentation,train,probabilistic_mcmc,adversarial_stress_test,clean_model_teacher_prediction_not_measured_target
poly_665,[*]C=CC(=O)C(P)=Cc1ccc(Sc2ccc([*])o2)o1,Bandgap,2.8139708042144775,eV,phase4_adversarial_augmentation,train,probabilistic_mcmc,adversarial_stress_test,clean_model_teacher_prediction_not_measured_target
poly_2357,[*]Oc1ccc(Oc2cccc([*])n2)c(-C)c1,Bandgap,4.980664253234863,eV,phase4_adversarial_augmentation,train,probabilistic_mcmc,adversarial_stress_test,clean_model_teacher_prediction_not_measured_target
poly_1325,[*]Nc1c(PC)cc([*])cc1OC,Bandgap,3.8960952758789062,eV,phase4_adversarial_augmentation,train,probabilistic_mcmc,adversarial_stress_test,clean_model_teacher_prediction_not_measured_target
poly_1350,[*]Oc1ccc(Oc2ccc(C(=O)C([Si]=O)c3ccc([*])cc3)cc2)cc1,Bandgap,3.9764552116394043,eV,phase4_adversarial_augmentation,train,probabilistic_mcmc,adversarial_stress_test,clean_model_teacher_prediction_not_measured_target
poly_1081,[*]c1ccc(C(c2ccccc2)(c2ccc(-c3nc4ccc(c5ccc6nc([*])oc6c5)cc4o3)cc2)C(F)(F)F)cc1,Bandgap,3.579646110534668,eV,phase4_adversarial_augmentation,train,probabilistic_mcmc,adversarial_stress_test,clean_model_teacher_prediction_not_measured_target
poly_1526,[*]Oc1ccc(C(C)(C)Nc2ccc(Oc3ccc([*])nn3)cc2)cc1,Bandgap,5.136170387268066,eV,phase4_adversarial_augmentation,train,probabilistic_mcmc,adversarial_stress_test,clean_model_teacher_prediction_not_measured_target
poly_2942,[*]CCCN([*])C(=O)CCSCC,Bandgap,4.904780864715576,eV,phase4_adversarial_augmentation,train,probabilistic_mcmc,adversarial_stress_test,clean_model_teacher_prediction_not_measured_target
poly_944,[*]c1cc(N2C(=I)c3ccc(P(=O)(c4ccccc4)c4ccc5c(c4)C(=O)N([*])C5=O)cc3C2=O)cc(C(F)(F)F)c1,Bandgap,3.1964187622070312,eV,phase4_adversarial_augmentation,train,probabilistic_mcmc,adversarial_stress_test,clean_model_teacher_prediction_not_measured_target
poly_2906,[*]CI([*])=C,Bandgap,3.7823562622070312,eV,phase4_adversarial_augmentation,train,probabilistic_mcmc,adversarial_stress_test,clean_model_teacher_prediction_not_measured_target
poly_1779,[*]CCOC(=O)CSC(=O)Nc1ccc(Cc2ccc(IC(=O)SCC(=O)O[*])cc2)cc1,Bandgap,4.285032749176025,eV,phase4_adversarial_augmentation,train,probabilistic_mcmc,adversarial_stress_test,clean_model_teacher_prediction_not_measured_target
poly_204,[*]c1sc([*])c(OCCSC)c1C,Bandgap,2.5389280319213867,eV,phase4_adversarial_augmentation,train,probabilistic_mcmc,adversarial_stress_test,clean_model_teacher_prediction_not_measured_target
poly_3607,[*]CC(Br)O[*],Bandgap,5.89992618560791,eV,phase4_adversarial_augmentation,train,probabilistic_mcmc,adversarial_stress_test,clean_model_teacher_prediction_not_measured_target
poly_3817,[*]OC1CCC(C2CCC(OC(=O)CCCCCCCC([*])=O)CC2)CC1,Bandgap,5.6856255531311035,eV,phase4_adversarial_augmentation,train,probabilistic_mcmc,adversarial_stress_test,clean_model_teacher_prediction_not_measured_target
poly_2159,[*]c1cc(C)c(CNC(=O)CCCCCCC(=O)N[*])cc1C,Bandgap,4.614899635314941,eV,phase4_adversarial_augmentation,train,probabilistic_mcmc,adversarial_stress_test,clean_model_teacher_prediction_not_measured_target
poly_3618,[*]C1C2CC(S)C(C2)C1[*],Bandgap,4.928583145141602,eV,phase4_adversarial_augmentation,train,probabilistic_mcmc,adversarial_stress_test,clean_model_teacher_prediction_not_measured_target
poly_1177,[*]SNc1ccc(Br)cc1-c1ccc(NC(=O)c2ccc(C([*])=O)cc2)cc1,Bandgap,3.099224090576172,eV,phase4_adversarial_augmentation,train,probabilistic_mcmc,adversarial_stress_test,clean_model_teacher_prediction_not_measured_target
poly_3003,[*]CNC(=O)NCCCCCCNC(=O)O[*],Bandgap,6.14084529876709,eV,phase4_adversarial_augmentation,train,probabilistic_mcmc,adversarial_stress_test,clean_model_teacher_prediction_not_measured_target
poly_2768,[*]CCCCCICCCNC(=O)NCCCCCCCNC(=O)N[*],Bandgap,5.389414310455322,eV,phase4_adversarial_augmentation,train,probabilistic_mcmc,adversarial_stress_test,clean_model_teacher_prediction_not_measured_target
poly_1865,[*]Cc1ccc(COC(=O)CCCCSCCCCC(=O)[*])cc1,Bandgap,4.735781669616699,eV,phase4_adversarial_augmentation,train,probabilistic_mcmc,adversarial_stress_test,clean_model_teacher_prediction_not_measured_target
poly_1961,[*]CC(C)CC(=O)c1ccc(C(=O)O[*])cc1,Bandgap,4.85585880279541,eV,phase4_adversarial_augmentation,train,probabilistic_mcmc,adversarial_stress_test,clean_model_teacher_prediction_not_measured_target
poly_3397,[*]CCCCCCCCNC(=O)CCCCCCCCCCCCCCP(=O)N[*],Bandgap,5.837113857269287,eV,phase4_adversarial_augmentation,train,probabilistic_mcmc,adversarial_stress_test,clean_model_teacher_prediction_not_measured_target
poly_57,[*]c1cs(OCCOC)c([*])s1,Bandgap,2.1720569133758545,eV,phase4_adversarial_augmentation,train,probabilistic_mcmc,adversarial_stress_test,clean_model_teacher_prediction_not_measured_target
poly_4135,[*]CC(C)(C)CC(=O)O[*],Bandgap,6.489948749542236,eV,phase4_adversarial_augmentation,train,probabilistic_mcmc,adversarial_stress_test,clean_model_teacher_prediction_not_measured_target
poly_1953,[*]NNC(=O)c1cccc(C(=PO)NNC(=O)C([*])=O)c1,Bandgap,4.711881160736084,eV,phase4_adversarial_augmentation,train,probabilistic_mcmc,adversarial_stress_test,clean_model_teacher_prediction_not_measured_target
poly_2552,[*]N=P([*])(Oc1c[nH]ccc(Cl)c1)Oc1cccc(Cl)c1,Bandgap,3.6969943046569824,eV,phase4_adversarial_augmentation,train,probabilistic_mcmc,adversarial_stress_test,clean_model_teacher_prediction_not_measured_target
poly_3534,C([*])C(O1)CC(C1CC)([*]),Bandgap,6.300212860107422,eV,phase4_adversarial_augmentation,train,probabilistic_mcmc,adversarial_stress_test,clean_model_teacher_prediction_not_measured_target
poly_1381,C(=O)([*])C1=CC=C(C\C1)C(=O)OC1=CC=C(C=C1)C2(C1=CC=CC=C1C(=O)O2)C1=CC=C(C=C1)O([*]),Bandgap,3.820722818374634,eV,phase4_adversarial_augmentation,train,probabilistic_mcmc,adversarial_stress_test,clean_model_teacher_prediction_not_measured_target
poly_3256,[*]OC(/O)CS(=O)(=O)CCS(=O)(=O)CC([*])=O,Bandgap,6.000268459320068,eV,phase4_adversarial_augmentation,train,probabilistic_mcmc,adversarial_stress_test,clean_model_teacher_prediction_not_measured_target
poly_2905,[*]CC(OC)C(C#N)(C#N)C([*])(C#N)C(=O)OC,Bandgap,5.924144744873047,eV,phase4_adversarial_augmentation,train,probabilistic_mcmc,adversarial_stress_test,clean_model_teacher_prediction_not_measured_target
poly_2181,[*]CCCSC(=O)CCCCCC(=O)S[*],Bandgap,4.699142932891846,eV,phase4_adversarial_augmentation,train,probabilistic_mcmc,adversarial_stress_test,clean_model_teacher_prediction_not_measured_target
poly_550,[*]c1ccc(S(O)(=O)c2ccc(-n3c(=O)c4cc5c(=O)n([*])c(=O)c5cc4c3=O)cc2)cc1,Bandgap,3.0889594554901123,eV,phase4_adversarial_augmentation,train,probabilistic_mcmc,adversarial_stress_test,clean_model_teacher_prediction_not_measured_target
poly_1346,[*]CNC(S1)=CC=C1C(C=C2)=C=C2[*],Bandgap,3.1080429553985596,eV,phase4_adversarial_augmentation,train,probabilistic_mcmc,adversarial_stress_test,clean_model_teacher_prediction_not_measured_target
poly_3832,[*]OC(=O)OCC(O)C(O)COC(=O)OC1COC2CC([*])COC12,Bandgap,5.837282180786133,eV,phase4_adversarial_augmentation,train,probabilistic_mcmc,adversarial_stress_test,clean_model_teacher_prediction_not_measured_target
poly_963,[*]Oc1c(C)c(C)c(Oc2ccc(NC(=O)c3ccc(C(=O)Nc4ccc([*])cc4)cc3)cc2)c(C)c1S,Bandgap,3.217475414276123,eV,phase4_adversarial_augmentation,train,probabilistic_mcmc,adversarial_stress_test,clean_model_teacher_prediction_not_measured_target
poly_3892,[*]C(C)(C)COC(=O)CCCCCCCC(=O)O[*],Bandgap,6.084176063537598,eV,phase4_adversarial_augmentation,train,probabilistic_mcmc,adversarial_stress_test,clean_model_teacher_prediction_not_measured_target
poly_2231,[*]Oc1ccc(-c2ccc(OC(=P)CCCCCCCCC([*])=O)cc2)cc1,Bandgap,4.862905979156494,eV,phase4_adversarial_augmentation,train,probabilistic_mcmc,adversarial_stress_test,clean_model_teacher_prediction_not_measured_target
poly_3225,[*]CC(OCC)C(C(=O)OC)C([*])C(=O)C,Bandgap,5.975658416748047,eV,phase4_adversarial_augmentation,train,probabilistic_mcmc,adversarial_stress_test,clean_model_teacher_prediction_not_measured_target
poly_3707,[*]CCCCCCCCCCCO[*],Bandgap,6.648098945617676,eV,phase4_adversarial_augmentation,train,probabilistic_mcmc,adversarial_stress_test,clean_model_teacher_prediction_not_measured_target
poly_2896,[*]c1ccc(C(C#N)(C(=O)OC)C([*])(C#N)C(=O)ON)cc1,Bandgap,5.304856300354004,eV,phase4_adversarial_augmentation,train,probabilistic_mcmc,adversarial_stress_test,clean_model_teacher_prediction_not_measured_target
poly_3034,[*]NC1-CC(C)(C)CC(C)(CNC(=O)CCCCC([*])=O)C1,Bandgap,6.280331134796143,eV,phase4_adversarial_augmentation,train,probabilistic_mcmc,adversarial_stress_test,clean_model_teacher_prediction_not_measured_target
poly_933,[*]CCCCCCO/C(=O)c1ccc(C=Cc2ccc(C(=O)O[*])cc2)cc1,Bandgap,4.098538398742676,eV,phase4_adversarial_augmentation,train,probabilistic_mcmc,adversarial_stress_test,clean_model_teacher_prediction_not_measured_target
poly_968,[*]NC(=O)NC(S1)=CC\C1[*],Bandgap,3.8773977756500244,eV,phase4_adversarial_augmentation,train,probabilistic_mcmc,adversarial_stress_test,clean_model_teacher_prediction_not_measured_target
poly_3077,[*]C(=O)Oc1ccc(OC(=O)I2CC(C)N([*])CC2C)cc1,Bandgap,5.736146450042725,eV,phase4_adversarial_augmentation,train,probabilistic_mcmc,adversarial_stress_test,clean_model_teacher_prediction_not_measured_target
poly_3807,[*]CC([*])(F)C(=O)OCC(F)(F)C(F)(F)C(F)(F)C(F)(F)C(F)(F)C(F)(F)C(F)(F)C(F)(O)F,Bandgap,6.462055206298828,eV,phase4_adversarial_augmentation,train,probabilistic_mcmc,adversarial_stress_test,clean_model_teacher_prediction_not_measured_target
poly_2748,[*][Si]CCCCCCCCCCC(=O)NCc1ccc(CNC(=O)CCCCO[*])cc1,Bandgap,5.434358596801758,eV,phase4_adversarial_augmentation,train,probabilistic_mcmc,adversarial_stress_test,clean_model_teacher_prediction_not_measured_target
poly_193,[*]c1ccc(Oc2ccc(-n3c(=O)c4c(F)c5c(=O)n([*])c(=O)c5(F)c4c3=O)cc2)cc1,Bandgap,2.0431947708129883,eV,phase4_adversarial_augmentation,train,probabilistic_mcmc,adversarial_stress_test,clean_model_teacher_prediction_not_measured_target
poly_3918,[*]CCOC[N+]COC(=O)CCCCCCCCC(=O)O[*],Bandgap,5.831565856933594,eV,phase4_adversarial_augmentation,train,probabilistic_mcmc,adversarial_stress_test,clean_model_teacher_prediction_not_measured_target
poly_2554,[*]CCCCCCN(C)C(=O)CCPC(=O)N([*])C,Bandgap,5.2331929206848145,eV,phase4_adversarial_augmentation,train,probabilistic_mcmc,adversarial_stress_test,clean_model_teacher_prediction_not_measured_target
poly_3927,[*]CCCCCCCCCCCCCCCCCCCCCCOC(=O)CCC(O)O[*],Bandgap,6.545182228088379,eV,phase4_adversarial_augmentation,train,probabilistic_mcmc,adversarial_stress_test,clean_model_teacher_prediction_not_measured_target
poly_3142,[*]NC(P)(CC)C([*])=O,Bandgap,5.920968055725098,eV,phase4_adversarial_augmentation,train,probabilistic_mcmc,adversarial_stress_test,clean_model_teacher_prediction_not_measured_target
poly_3507,[*]OC(COCCOC)NOC([*])=O,Bandgap,6.180497169494629,eV,phase4_adversarial_augmentation,train,probabilistic_mcmc,adversarial_stress_test,clean_model_teacher_prediction_not_measured_target
poly_3020,[*]CCCCCCNC([Si]=O)C(CCCCCCCCCCC)C(=O)N[*],Bandgap,5.675226211547852,eV,phase4_adversarial_augmentation,train,probabilistic_mcmc,adversarial_stress_test,clean_model_teacher_prediction_not_measured_target
poly_233,[*]NC(S1)=CC=C1CI(=O)C(=S)[*],Bandgap,2.8288345336914062,eV,phase4_adversarial_augmentation,train,probabilistic_mcmc,adversarial_stress_test,clean_model_teacher_prediction_not_measured_target
poly_1473,[*]CCCCCCN1C(=O)c2ccc(Oc3ccc4c(c3)C(=O)N[N+]([*])C4=O)cc2C1=O,Bandgap,3.29355525970459,eV,phase4_adversarial_augmentation,train,probabilistic_mcmc,adversarial_stress_test,clean_model_teacher_prediction_not_measured_target
poly_1669,[*]PC([*])OC(=O)c1ccccc1C,Bandgap,4.007534027099609,eV,phase4_adversarial_augmentation,train,probabilistic_mcmc,adversarial_stress_test,clean_model_teacher_prediction_not_measured_target
poly_3656,[*]CC1CC([*])OC(CCC)1,Bandgap,6.255445957183838,eV,phase4_adversarial_augmentation,train,probabilistic_mcmc,adversarial_stress_test,clean_model_teacher_prediction_not_measured_target
poly_2088,[*]CC(CO[*])(SCCCC)CSCCCC,Bandgap,4.9653472900390625,eV,phase4_adversarial_augmentation,train,probabilistic_mcmc,adversarial_stress_test,clean_model_teacher_prediction_not_measured_target
poly_1070,[*]CCOCCOC(=O)c1ccc(-c2ccc(-c3ccs(C(=O)O[*])cc3)cc2)cc1,Bandgap,3.2923078536987305,eV,phase4_adversarial_augmentation,train,probabilistic_mcmc,adversarial_stress_test,clean_model_teacher_prediction_not_measured_target
poly_2109,[*]C(=O)c1ccc(C([*])=O)cc1,Bandgap,3.9388365745544434,eV,phase4_adversarial_augmentation,train,probabilistic_mcmc,adversarial_stress_test,clean_model_teacher_prediction_not_measured_target
poly_3039,[*]NCc1cccc(CNC(=SO)C(C)CC(C)(C)C([*])=O)c1,Bandgap,5.1434326171875,eV,phase4_adversarial_augmentation,train,probabilistic_mcmc,adversarial_stress_test,clean_model_teacher_prediction_not_measured_target
poly_2199,[*]SC(=O)OC(C)(C)COC(=O)SN1CC(C)N([*])CC1C,Bandgap,5.453771591186523,eV,phase4_adversarial_augmentation,train,probabilistic_mcmc,adversarial_stress_test,clean_model_teacher_prediction_not_measured_target
poly_1132,[*]Oc1ccc(Oc2ccc(Oc3ccc(C(=O)c4ccc([*])cc4)cc3)occ2)cc1,Bandgap,3.873652696609497,eV,phase4_adversarial_augmentation,train,probabilistic_mcmc,adversarial_stress_test,clean_model_teacher_prediction_not_measured_target
poly_1126,[*]Oc1ccc(S(=O)(=O)c2ccc(Oc3ccc(NC(=O)c4cc(NC(=O)c5ccncc5)cc(C(=O)Ns5ccc([*])cc5)c4)cc3)cc2)cc1,Bandgap,3.5382091999053955,eV,phase4_adversarial_augmentation,train,probabilistic_mcmc,adversarial_stress_test,clean_model_teacher_prediction_not_measured_target
poly_4044,[*]CCCCOC(=O)CCCCNC(=O)O[*],Bandgap,6.20784330368042,eV,phase4_adversarial_augmentation,train,probabilistic_mcmc,adversarial_stress_test,clean_model_teacher_prediction_not_measured_target
poly_3374,[*]CCCC(Cl)(Cl)C(=O)N[*],Bandgap,6.046102046966553,eV,phase4_adversarial_augmentation,train,probabilistic_mcmc,adversarial_stress_test,clean_model_teacher_prediction_not_measured_target
poly_765,[*]=Cc1ccc(C=Cc2cc([*])ncn2)cc1,Bandgap,3.0210442543029785,eV,phase4_adversarial_augmentation,train,probabilistic_mcmc,adversarial_stress_test,clean_model_teacher_prediction_not_measured_target
poly_2709,[*]CCCOC(=O)Cc1ccc(CC(=O)I[*])cc1,Bandgap,5.05864143371582,eV,phase4_adversarial_augmentation,train,probabilistic_mcmc,adversarial_stress_test,clean_model_teacher_prediction_not_measured_target
poly_1277,[*]CP(O)COC(=O)CC(=CC(=O)O[*])c1ccc(OCC)cc1,Bandgap,3.901124954223633,eV,phase4_adversarial_augmentation,train,probabilistic_mcmc,adversarial_stress_test,clean_model_teacher_prediction_not_measured_target
poly_1632,[*]OC(O)c1ccc(C(=O)NCNC(=O)c2ccc(C([*])=O)cc2)cc1,Bandgap,4.141124725341797,eV,phase4_adversarial_augmentation,train,probabilistic_mcmc,adversarial_stress_test,clean_model_teacher_prediction_not_measured_target
poly_2298,[*]Oc1cc(C)c(C(C)(C)c2c(Cl)cc(OC([*])=O)cc2Cl)c(Cl)c1,Bandgap,4.977741718292236,eV,phase4_adversarial_augmentation,train,probabilistic_mcmc,adversarial_stress_test,clean_model_teacher_prediction_not_measured_target
poly_1740,[*]c1ccc(Cc2ccc(N([*])Cc3ccccc3)cc2)c[nH]c1,Bandgap,4.210138320922852,eV,phase4_adversarial_augmentation,train,probabilistic_mcmc,adversarial_stress_test,clean_model_teacher_prediction_not_measured_target
poly_2030,[*]Oc1ccc(C(=O)c2ccc(OC(=O)OC3C(PC)(C)C(OC([*])=O)C3(C)C)cc2)cc1,Bandgap,4.481052875518799,eV,phase4_adversarial_augmentation,train,probabilistic_mcmc,adversarial_stress_test,clean_model_teacher_prediction_not_measured_target
poly_2526,[*]c1cccc(OC2(F)C([*])(F)C(F)(F)C2(F)F)c1,Bandgap,5.205655097961426,eV,phase4_adversarial_augmentation,train,probabilistic_mcmc,adversarial_stress_test,clean_model_teacher_prediction_not_measured_target
poly_3093,[*]OC1C=C([*])CC1,Bandgap,5.469973564147949,eV,phase4_adversarial_augmentation,train,probabilistic_mcmc,adversarial_stress_test,clean_model_teacher_prediction_not_measured_target
poly_750,[*]CC(S1)=CC=C1C(S2)=CC=C2C(S3)=CS=C3[*],Bandgap,2.9324798583984375,eV,phase4_adversarial_augmentation,train,probabilistic_mcmc,adversarial_stress_test,clean_model_teacher_prediction_not_measured_target
poly_262,[*]c1cc(CCCCCCCCCC(P)CO)c([*])s1,Bandgap,1.9575839042663574,eV,phase4_adversarial_augmentation,train,probabilistic_mcmc,adversarial_stress_test,clean_model_teacher_prediction_not_measured_target
poly_3658,[*]CC(C)(C)COC(=O)CCCC(CCNC(=O)O[*])OC,Bandgap,6.504050254821777,eV,phase4_adversarial_augmentation,train,probabilistic_mcmc,adversarial_stress_test,clean_model_teacher_prediction_not_measured_target
poly_1370,[*]Sc1cccc(c2ccc(Sc3ccc([*])cc3)cc2)c1,Bandgap,4.244892597198486,eV,phase4_adversarial_augmentation,train,probabilistic_mcmc,adversarial_stress_test,clean_model_teacher_prediction_not_measured_target
poly_2136,[*]CCOC(=O)c1ccc(O[*])nc1Cl,Bandgap,4.865023136138916,eV,phase4_adversarial_augmentation,train,probabilistic_mcmc,adversarial_stress_test,clean_model_teacher_prediction_not_measured_target
poly_188,[*]c1ccc(c2ccc(-c3cc([*])c4cccccc3-4)s2)s1,Bandgap,2.183234691619873,eV,phase4_adversarial_augmentation,train,probabilistic_mcmc,adversarial_stress_test,clean_model_teacher_prediction_not_measured_target
poly_1827,[*]CNC(=O)N[*],Bandgap,5.6446919441223145,eV,phase4_adversarial_augmentation,train,probabilistic_mcmc,adversarial_stress_test,clean_model_teacher_prediction_not_measured_target
poly_3867,[*]C([*])(F)C(=O)OCCC(F)(F)C(F)(F)C(F)(F)C(F)(F)F,Bandgap,6.171406269073486,eV,phase4_adversarial_augmentation,train,probabilistic_mcmc,adversarial_stress_test,clean_model_teacher_prediction_not_measured_target
poly_3103,[*]C=CC(OC)(C)C([*])(C)C,Bandgap,5.800337314605713,eV,phase4_adversarial_augmentation,train,probabilistic_mcmc,adversarial_stress_test,clean_model_teacher_prediction_not_measured_target
poly_1570,[*]Oc1cccs(Oc2ccc(S(=O)(=O)c3ccc([*])cc3)cc2)c1,Bandgap,3.890162229537964,eV,phase4_adversarial_augmentation,train,probabilistic_mcmc,adversarial_stress_test,clean_model_teacher_prediction_not_measured_target
poly_207,[*]C(=O)c1ccc2c(c1)C(=O)N(c1ccc(Oc3ccc(-c4ccc(c5ccc(N6C(=O)c7ccc([*])cc7C6=O)cc5)cc4)cc3)cc1)C2=O,Bandgap,2.3123939037323,eV,phase4_adversarial_augmentation,train,probabilistic_mcmc,adversarial_stress_test,clean_model_teacher_prediction_not_measured_target
poly_779,[*]c1ccc([*])Onc1,Bandgap,3.3277173042297363,eV,phase4_adversarial_augmentation,train,probabilistic_mcmc,adversarial_stress_test,clean_model_teacher_prediction_not_measured_target
poly_4169,[*]C([2H])([2H])C([*])(N)F,Bandgap,6.725457191467285,eV,phase4_adversarial_augmentation,train,probabilistic_mcmc,adversarial_stress_test,clean_model_teacher_prediction_not_measured_target
poly_2699,[*]NC(C)C(=O)NC(CCC(=O)OCC)C(=O)NCC([*])=S,Bandgap,4.8227314949035645,eV,phase4_adversarial_augmentation,train,probabilistic_mcmc,adversarial_stress_test,clean_model_teacher_prediction_not_measured_target
poly_2674,[*]Oc1ccc(CC(NC(=O)CCc2ccc(OC(=O)CC(C)OCC([*])=O)cc2)C(=O)OC(C)CC)cc1,Bandgap,5.344326019287109,eV,phase4_adversarial_augmentation,train,probabilistic_mcmc,adversarial_stress_test,clean_model_teacher_prediction_not_measured_target
poly_1174,[*]C([*])c1ccc(C=O)cc1,Bandgap,4.660118103027344,eV,phase4_adversarial_augmentation,train,probabilistic_mcmc,adversarial_stress_test,clean_model_teacher_prediction_not_measured_target
poly_1023,[*]C(=O)c1nc([*])c(C#N)n1C,Bandgap,4.697268962860107,eV,phase4_adversarial_augmentation,train,probabilistic_mcmc,adversarial_stress_test,clean_model_teacher_prediction_not_measured_target
poly_2402,[*]Oc1ncc(Cc2ccc([*])cc2)cc1,Bandgap,4.7809648513793945,eV,phase4_adversarial_augmentation,train,probabilistic_mcmc,adversarial_stress_test,clean_model_teacher_prediction_not_measured_target
poly_3501,[*]OC(PC)C([*])=O,Bandgap,5.880745887756348,eV,phase4_adversarial_augmentation,train,probabilistic_mcmc,adversarial_stress_test,clean_model_teacher_prediction_not_measured_target
poly_932,[*]Cc1c(C)c(C)c(CSC(=O)C(=O)S[*])c(C)[Si]c1C,Bandgap,4.184791564941406,eV,phase4_adversarial_augmentation,train,probabilistic_mcmc,adversarial_stress_test,clean_model_teacher_prediction_not_measured_target
poly_3871,[*]CICCCCCCCCCCCCCc1nnc([*])o1,Bandgap,6.263540744781494,eV,phase4_adversarial_augmentation,train,probabilistic_mcmc,adversarial_stress_test,clean_model_teacher_prediction_not_measured_target
poly_1130,[*]Oc1ccc(C(CC)(CC)c2ccc(OC(=O)c3cccc(C([*])=O)c3)cc2)nc1,Bandgap,3.6887450218200684,eV,phase4_adversarial_augmentation,train,probabilistic_mcmc,adversarial_stress_test,clean_model_teacher_prediction_not_measured_target
poly_2192,[*]COOC(=O)c1ccc(C(=O)O[*])cc1,Bandgap,4.203292369842529,eV,phase4_adversarial_augmentation,train,probabilistic_mcmc,adversarial_stress_test,clean_model_teacher_prediction_not_measured_target
poly_881,[*]CCCC(=O)Cc1ccc(NC(=O)CCCOC(=O)c2ccc(-c3ccc(C(=O)O[*])cc3)cc2)cc1,Bandgap,3.433351993560791,eV,phase4_adversarial_augmentation,train,probabilistic_mcmc,adversarial_stress_test,clean_model_teacher_prediction_not_measured_target
poly_1286,[*]NC(=O)C(=S)[*],Bandgap,3.073185443878174,eV,phase4_adversarial_augmentation,train,probabilistic_mcmc,adversarial_stress_test,clean_model_teacher_prediction_not_measured_target
poly_1199,[*]C(=O)C(O)c/1ccc([*])s1,Bandgap,2.4453136920928955,eV,phase4_adversarial_augmentation,train,probabilistic_mcmc,adversarial_stress_test,clean_model_teacher_prediction_not_measured_target
poly_617,[*]c1ccc([*])n1C(C(=C)NO)n1c2ccccc2c2ccccc21,Bandgap,3.051608085632324,eV,phase4_adversarial_augmentation,train,probabilistic_mcmc,adversarial_stress_test,clean_model_teacher_prediction_not_measured_target
poly_203,[*]CC([*])OC(=O)c1ncc(Cl)cc1,Bandgap,2.6120505332946777,eV,phase4_adversarial_augmentation,train,probabilistic_mcmc,adversarial_stress_test,clean_model_teacher_prediction_not_measured_target
poly_1308,[*]c1ccc2c(c1)c1cc([*])c[N-]cc1n2CC(=O)NO,Bandgap,3.7154550552368164,eV,phase4_adversarial_augmentation,train,probabilistic_mcmc,adversarial_stress_test,clean_model_teacher_prediction_not_measured_target
poly_1916,[*]CCOC(=O)c1ccc(C(C)(CC)c2cPcc(C(=O)O[*])cc2)cc1,Bandgap,3.6326146125793457,eV,phase4_adversarial_augmentation,train,probabilistic_mcmc,adversarial_stress_test,clean_model_teacher_prediction_not_measured_target
poly_1519,[*]c1ccc(Sc2ccc(S([*])(=O)=O)occ2)cc1,Bandgap,3.9599618911743164,eV,phase4_adversarial_augmentation,train,probabilistic_mcmc,adversarial_stress_test,clean_model_teacher_prediction_not_measured_target
poly_1991,[*]CCCC(=O)c1ccc(O[*])cc1C,Bandgap,5.243422985076904,eV,phase4_adversarial_augmentation,train,probabilistic_mcmc,adversarial_stress_test,clean_model_teacher_prediction_not_measured_target
poly_846,[*]Nc1ccc(NC(=O)c2cc(SPCCCCCCC)c(C([*])=O)cc2SCCCCCCCC)cc1,Bandgap,3.149036169052124,eV,phase4_adversarial_augmentation,train,probabilistic_mcmc,adversarial_stress_test,clean_model_teacher_prediction_not_measured_target
poly_3791,[*]CCOC(=O)CCC(=O)ON[*],Bandgap,6.231682300567627,eV,phase4_adversarial_augmentation,train,probabilistic_mcmc,adversarial_stress_test,clean_model_teacher_prediction_not_measured_target
poly_1514,[*]Oc1ccc(Oc2ccc(C(=O)c3ccccc3-c3ccccc3C([*])=O)cc2)cc1,Bandgap,3.9027581214904785,eV,phase4_adversarial_augmentation,train,probabilistic_mcmc,adversarial_stress_test,clean_model_teacher_prediction_not_measured_target
poly_2365,[*]Oc1ccc(CC(NC(=O)CCc2ccc(OC(=O)COCCCC([*])=O)cc2)C(=O)OC)cc1,Bandgap,5.476388454437256,eV,phase4_adversarial_augmentation,train,probabilistic_mcmc,adversarial_stress_test,clean_model_teacher_prediction_not_measured_target
poly_2029,[*]CCCCC(O)OCCOC(=O)c1ccc(O[*])cc1,Bandgap,5.0555195808410645,eV,phase4_adversarial_augmentation,train,probabilistic_mcmc,adversarial_stress_test,clean_model_teacher_prediction_not_measured_target
poly_2851,[*]CCCCCCN(C)C(=O)CCCCCCCCCC(=O)N([*])C,Bandgap,5.835506439208984,eV,phase4_adversarial_augmentation,train,probabilistic_mcmc,adversarial_stress_test,clean_model_teacher_prediction_not_measured_target
poly_1890,[*]CNC(C#C1)=CC=C1O[*],Bandgap,4.150821685791016,eV,phase4_adversarial_augmentation,train,probabilistic_mcmc,adversarial_stress_test,clean_model_teacher_prediction_not_measured_target
poly_800,[*]Nc1c[Si]cc(NC(=O)c2cc(C([*])=O)c(C(=O)O)cc2C(=O)O)cc1,Bandgap,3.7541348934173584,eV,phase4_adversarial_augmentation,train,probabilistic_mcmc,adversarial_stress_test,clean_model_teacher_prediction_not_measured_target
poly_3133,[*]SC(C)(C)C([*])=O,Bandgap,4.240286827087402,eV,phase4_adversarial_augmentation,train,probabilistic_mcmc,adversarial_stress_test,clean_model_teacher_prediction_not_measured_target
poly_145,[*]=CC=CC=Cc1cc(CCCCCCC)c([*])cc1CCCCCCC,Bandgap,2.2668702602386475,eV,phase4_adversarial_augmentation,train,probabilistic_mcmc,adversarial_stress_test,clean_model_teacher_prediction_not_measured_target
poly_1782,[*]CCCP(CCCNC(=O)C(=P)N[*])c1ccccc1,Bandgap,3.8970751762390137,eV,phase4_adversarial_augmentation,train,probabilistic_mcmc,adversarial_stress_test,clean_model_teacher_prediction_not_measured_target
poly_3813,[*]CCCCCCCC(=O)CCCCC1COC([*])O1,Bandgap,6.420130729675293,eV,phase4_adversarial_augmentation,train,probabilistic_mcmc,adversarial_stress_test,clean_model_teacher_prediction_not_measured_target
poly_1728,[*]#SC(C)C([*])=O,Bandgap,4.946800231933594,eV,phase4_adversarial_augmentation,train,probabilistic_mcmc,adversarial_stress_test,clean_model_teacher_prediction_not_measured_target
poly_173,[*]c1cc(OCCOCCOC)c(-c2ss([*])c3c2OCCO3)s1,Bandgap,1.8047378063201904,eV,phase4_adversarial_augmentation,train,probabilistic_mcmc,adversarial_stress_test,clean_model_teacher_prediction_not_measured_target
poly_789,[*]Nc1ccs(NC(=O)c2ccc(C([*])=O)cc2F)cc1F,Bandgap,2.5151138305664062,eV,phase4_adversarial_augmentation,train,probabilistic_mcmc,adversarial_stress_test,clean_model_teacher_prediction_not_measured_target
poly_1266,[*]c1ccc2sc([*])nc2c1,Bandgap,2.7289562225341797,eV,phase4_adversarial_augmentation,train,probabilistic_mcmc,adversarial_stress_test,clean_model_teacher_prediction_not_measured_target
poly_1586,[*]c1nc2c(n1C)C(=P)N([*])C2=O,Bandgap,3.885124444961548,eV,phase4_adversarial_augmentation,train,probabilistic_mcmc,adversarial_stress_test,clean_model_teacher_prediction_not_measured_target
poly_3668,[*]OC([*])C=CI,Bandgap,5.507362365722656,eV,phase4_adversarial_augmentation,train,probabilistic_mcmc,adversarial_stress_test,clean_model_teacher_prediction_not_measured_target
poly_1459,[*]NC(=O)c1ncc(C(=O)Nc2cnc([*])nc2)cc1,Bandgap,3.7436866760253906,eV,phase4_adversarial_augmentation,train,probabilistic_mcmc,adversarial_stress_test,clean_model_teacher_prediction_not_measured_target
poly_3960,[*]CC([*])C(=O)OC(F)(F)C(F)(F)C(F)(F)C(F)(F)C(F)(F)C(F)(F)C(F)(F)C(F)(\F)F,Bandgap,6.444955825805664,eV,phase4_adversarial_augmentation,train,probabilistic_mcmc,adversarial_stress_test,clean_model_teacher_prediction_not_measured_target
poly_1831,[*]NCCCCCCc1nc([*])nc(-c2ccccc2)n1,Bandgap,4.3747477531433105,eV,phase4_adversarial_augmentation,train,probabilistic_mcmc,adversarial_stress_test,clean_model_teacher_prediction_not_measured_target
poly_3708,[*]C([*])(C)C,Bandgap,6.3391547203063965,eV,phase4_adversarial_augmentation,train,probabilistic_mcmc,adversarial_stress_test,clean_model_teacher_prediction_not_measured_target
poly_1681,[*]CCC(S)O[*],Bandgap,5.668763637542725,eV,phase4_adversarial_augmentation,train,probabilistic_mcmc,adversarial_stress_test,clean_model_teacher_prediction_not_measured_target
poly_787,[*]CC([*])[N-]OCCOc1ccc(C=C(C#N)C(=O)OC)cc1,Bandgap,3.975210189819336,eV,phase4_adversarial_augmentation,train,probabilistic_mcmc,adversarial_stress_test,clean_model_teacher_prediction_not_measured_target
poly_3904,[*]CCCC(C)CCC(=O)OI[*],Bandgap,6.669063091278076,eV,phase4_adversarial_augmentation,train,probabilistic_mcmc,adversarial_stress_test,clean_model_teacher_prediction_not_measured_target
poly_3188,[*]CC([*])C(=O)NICC(F)(F)C(F)(F)C(F)(F)F,Bandgap,5.653346061706543,eV,phase4_adversarial_augmentation,train,probabilistic_mcmc,adversarial_stress_test,clean_model_teacher_prediction_not_measured_target
poly_1458,[*]N=P([*])(OCCC(=O)C=C)CCC(=O)C=C,Bandgap,3.1256773471832275,eV,phase4_adversarial_augmentation,train,probabilistic_mcmc,adversarial_stress_test,clean_model_teacher_prediction_not_measured_target
poly_686,[*]c1ccc(Cc2ccc(N3C(=O)c4ccc(/c5ccc6c(c5)C(=O)N([*])C6=O)cc4C3=O)cc2)cc1,Bandgap,3.1483349800109863,eV,phase4_adversarial_augmentation,train,probabilistic_mcmc,adversarial_stress_test,clean_model_teacher_prediction_not_measured_target
poly_3600,[*]CC([*])C(=O)OCC=CC,Bandgap,5.844278335571289,eV,phase4_adversarial_augmentation,train,probabilistic_mcmc,adversarial_stress_test,clean_model_teacher_prediction_not_measured_target
poly_364,[*]c1ccc(-c2cnc3cc4nc([*])cnc4cc3n2)cn1,Bandgap,2.8815088272094727,eV,phase4_adversarial_augmentation,train,probabilistic_mcmc,adversarial_stress_test,clean_model_teacher_prediction_not_measured_target
poly_1432,[*]OCCOC(=O)CCCC(=O)OCCOc1nc(-c2ccc(OC)cc2)nc([*])c1-c1ccc(C)cc1,Bandgap,4.1153717041015625,eV,phase4_adversarial_augmentation,train,probabilistic_mcmc,adversarial_stress_test,clean_model_teacher_prediction_not_measured_target
poly_4128,[*]CCCCCCCCCCCCCCC(=O)PO[*],Bandgap,6.672992706298828,eV,phase4_adversarial_augmentation,train,probabilistic_mcmc,adversarial_stress_test,clean_model_teacher_prediction_not_measured_target
poly_306,[*]c1ccc(C(c2ccccn2)c2ccc(-n3c(=O)c4cc5c(=O)n([*])c(=O)c5cc4c3=O)cc2)cc1,Bandgap,2.631969451904297,eV,phase4_adversarial_augmentation,train,probabilistic_mcmc,adversarial_stress_test,clean_model_teacher_prediction_not_measured_target
poly_1259,[*]Oc1ccc(c2ccc(C(=O)c3ccc([*])cc3)cc2)cc1C=O,Bandgap,3.8836722373962402,eV,phase4_adversarial_augmentation,train,probabilistic_mcmc,adversarial_stress_test,clean_model_teacher_prediction_not_measured_target
poly_3642,[*]COCC1([*])COC(C)(Br)OC1,Bandgap,5.999894142150879,eV,phase4_adversarial_augmentation,train,probabilistic_mcmc,adversarial_stress_test,clean_model_teacher_prediction_not_measured_target
poly_3493,[*]\CC(C)(C)CO[*],Bandgap,6.726759910583496,eV,phase4_adversarial_augmentation,train,probabilistic_mcmc,adversarial_stress_test,clean_model_teacher_prediction_not_measured_target
poly_1792,[*]CCCCNC(=S)N[*],Bandgap,4.960844993591309,eV,phase4_adversarial_augmentation,train,probabilistic_mcmc,adversarial_stress_test,clean_model_teacher_prediction_not_measured_target
poly_132,[*]1cnc([*])s1,Bandgap,1.4207308292388916,eV,phase4_adversarial_augmentation,train,probabilistic_mcmc,adversarial_stress_test,clean_model_teacher_prediction_not_measured_target
poly_324,[*]c1ccc(Oc2cc(C(C)(C)C)ccc2Oc2ccc(n3c(=O)c4cc5c(=O)n([*])c(=O)c5cc4c3=O)cc2)cc1,Bandgap,2.3989202976226807,eV,phase4_adversarial_augmentation,train,probabilistic_mcmc,adversarial_stress_test,clean_model_teacher_prediction_not_measured_target
poly_2235,[*]CNC[N+](=O)OCCOC(=O)NCc1ccc(C(C)(C)c2ccc([*])o2)o1,Bandgap,4.182987689971924,eV,phase4_adversarial_augmentation,train,probabilistic_mcmc,adversarial_stress_test,clean_model_teacher_prediction_not_measured_target
poly_3523,[*]C(=O)NC1CCC([*])O1,Bandgap,5.964190483093262,eV,phase4_adversarial_augmentation,train,probabilistic_mcmc,adversarial_stress_test,clean_model_teacher_prediction_not_measured_target
poly_149,[*]c1ccc(Oc2ccc(-n3c(=O)c4c(Oc5ccc(OCSCC)cc5)c5c(=O)n([*])c(=O)c5c(Oc5ccc(OCCCC)cc5)c4c3=O)cc2)cc1,Bandgap,2.026768922805786,eV,phase4_adversarial_augmentation,train,probabilistic_mcmc,adversarial_stress_test,clean_model_teacher_prediction_not_measured_target
poly_1106,[*]c1ccc(C)c(N2C(=O)c3ccc(-c4ccc5c(c4)C(=O)N([*])C5=O)cc3C2=O)n1,Bandgap,3.3207645416259766,eV,phase4_adversarial_augmentation,train,probabilistic_mcmc,adversarial_stress_test,clean_model_teacher_prediction_not_measured_target
poly_3605,[*]CC#CCCCCCC(=O)N[*],Bandgap,5.809518814086914,eV,phase4_adversarial_augmentation,train,probabilistic_mcmc,adversarial_stress_test,clean_model_teacher_prediction_not_measured_target
poly_2130,[*]Oc1ccc(C([*])=O)nc1Cl,Bandgap,4.357039451599121,eV,phase4_adversarial_augmentation,train,probabilistic_mcmc,adversarial_stress_test,clean_model_teacher_prediction_not_measured_target
poly_1732,[*]C(=O)NC(=S)O[*],Bandgap,3.8146543502807617,eV,phase4_adversarial_augmentation,train,probabilistic_mcmc,adversarial_stress_test,clean_model_teacher_prediction_not_measured_target
poly_2685,[*]CC([*])c1ccc[N-]cc1CC,Bandgap,5.433090686798096,eV,phase4_adversarial_augmentation,train,probabilistic_mcmc,adversarial_stress_test,clean_model_teacher_prediction_not_measured_target
poly_2054,[*]CC(C=C1)CC=C1OC(S2)=CC=C2[*],Bandgap,4.978847503662109,eV,phase4_adversarial_augmentation,train,probabilistic_mcmc,adversarial_stress_test,clean_model_teacher_prediction_not_measured_target
poly_2021,[*]CCc1cc\c([*])c(C#N)c1,Bandgap,4.221333026885986,eV,phase4_adversarial_augmentation,train,probabilistic_mcmc,adversarial_stress_test,clean_model_teacher_prediction_not_measured_target
poly_1773,[*]O[Si](C)(Oc1ccc([*])c[N-]c1)c1ccccc1,Bandgap,4.591092109680176,eV,phase4_adversarial_augmentation,train,probabilistic_mcmc,adversarial_stress_test,clean_model_teacher_prediction_not_measured_target
poly_1533,[*]CC(C)COC(=O)C=C(CC([*])=O)c1cc(C)ccc1OC,Bandgap,3.9336469173431396,eV,phase4_adversarial_augmentation,train,probabilistic_mcmc,adversarial_stress_test,clean_model_teacher_prediction_not_measured_target
poly_2119,[*]OP(=O)(Pc1ccccc1)Oc1ccc(-c2ccc([*])cc2)cc1,Bandgap,4.65347146987915,eV,phase4_adversarial_augmentation,train,probabilistic_mcmc,adversarial_stress_test,clean_model_teacher_prediction_not_measured_target
poly_2575,[*]C=CC1C([*])C(C(=O)OC)C1C(=O)OC,Bandgap,5.12992000579834,eV,phase4_adversarial_augmentation,train,probabilistic_mcmc,adversarial_stress_test,clean_model_teacher_prediction_not_measured_target
poly_3407,[*]NNC(=O)CCC(=O)NN[Si]C(=O)CCCCCCCCC([*])=O,Bandgap,5.931274890899658,eV,phase4_adversarial_augmentation,train,probabilistic_mcmc,adversarial_stress_test,clean_model_teacher_prediction_not_measured_target
poly_1495,[*]CCCCCCCCCCCCOC(=O)c1ccc(-c2ccc(C(O)O[*])cc2)cc1,Bandgap,4.24572229385376,eV,phase4_adversarial_augmentation,train,probabilistic_mcmc,adversarial_stress_test,clean_model_teacher_prediction_not_measured_target
poly_3840,[*]CC([*])(C)C(=C)OCC,Bandgap,6.3007493019104,eV,phase4_adversarial_augmentation,train,probabilistic_mcmc,adversarial_stress_test,clean_model_teacher_prediction_not_measured_target
poly_742,[*]c1ccc(-c2nn(-c3nnc([*])o3)o2)cc1,Bandgap,3.590141773223877,eV,phase4_adversarial_augmentation,train,probabilistic_mcmc,adversarial_stress_test,clean_model_teacher_prediction_not_measured_target
poly_3734,[*]CC([*])C(=O)NPC(F)(F)F,Bandgap,6.025563716888428,eV,phase4_adversarial_augmentation,train,probabilistic_mcmc,adversarial_stress_test,clean_model_teacher_prediction_not_measured_target
poly_3496,[*]CC(C)(C)CC(=O)NCCOCCOCCNC(=O)O[*],Bandgap,5.892716407775879,eV,phase4_adversarial_augmentation,train,probabilistic_mcmc,adversarial_stress_test,clean_model_teacher_prediction_not_measured_target
poly_589,[*]CC([*])c1ccc(C(=O)CCNn2CCCCC2)cc1,Bandgap,4.562496185302734,eV,phase4_adversarial_augmentation,train,probabilistic_mcmc,adversarial_stress_test,clean_model_teacher_prediction_not_measured_target
poly_3366,[*]CC(C)(CNCl)O[*],Bandgap,5.808557510375977,eV,phase4_adversarial_augmentation,train,probabilistic_mcmc,adversarial_stress_test,clean_model_teacher_prediction_not_measured_target
poly_2065,[*]CN([*])C(=O)c1cc(F)ccc1F,Bandgap,3.6859867572784424,eV,phase4_adversarial_augmentation,train,probabilistic_mcmc,adversarial_stress_test,clean_model_teacher_prediction_not_measured_target
poly_610,[*]C(=O)Nc1ccc(NC(=O)c2ccc3c(c2)C(=O)N(c2cc(c4nc5ccccc5s4)cc(N4C(=O)c5ccc([*])cc5C4=O)c2)C3=O)cc1,Bandgap,2.132791042327881,eV,phase4_adversarial_augmentation,train,probabilistic_mcmc,adversarial_stress_test,clean_model_teacher_prediction_not_measured_target
poly_2342,[*]CC(O)COc1ccc(C(C)(CS)c2ccc(OCC(O)COc3cccc(O[*])c3)cc2)cc1,Bandgap,4.329298973083496,eV,phase4_adversarial_augmentation,train,probabilistic_mcmc,adversarial_stress_test,clean_model_teacher_prediction_not_measured_target
poly_166,[*]CCCCCn1c(=O)c2ncc3c4ccc5c(=O)n([*])c(=O)c6ccc(c7ccc(c1=O)c2c37)c4c56,Bandgap,2.1508278846740723,eV,phase4_adversarial_augmentation,train,probabilistic_mcmc,adversarial_stress_test,clean_model_teacher_prediction_not_measured_target
poly_744,[*]C(=O)C(C=cC1)=CC=C1C(S2)=CC=C2C(C=C3)=CC=C3[*],Bandgap,2.370150327682495,eV,phase4_adversarial_augmentation,train,probabilistic_mcmc,adversarial_stress_test,clean_model_teacher_prediction_not_measured_target
poly_1623,[*]CC([*])c1#cc(OC)c(OC(C)=O)c(OC)c1,Bandgap,4.100783348083496,eV,phase4_adversarial_augmentation,train,probabilistic_mcmc,adversarial_stress_test,clean_model_teacher_prediction_not_measured_target
poly_2230,[*]C(=O)NCCCCCCCCCCNC(=O)c1cnc-c([*])c1,Bandgap,4.737205982208252,eV,phase4_adversarial_augmentation,train,probabilistic_mcmc,adversarial_stress_test,clean_model_teacher_prediction_not_measured_target
poly_2452,[*]Nc1cccc(NC(=O)CPCCCCCC([*])=O)c1,Bandgap,5.0321364402771,eV,phase4_adversarial_augmentation,train,probabilistic_mcmc,adversarial_stress_test,clean_model_teacher_prediction_not_measured_target
poly_1324,[*]Nc1ncc([*])cc1OC,Bandgap,3.9482669830322266,eV,phase4_adversarial_augmentation,train,probabilistic_mcmc,adversarial_stress_test,clean_model_teacher_prediction_not_measured_target
poly_2293,[*]CC(C)(C)C1C(=O)N(c2cccc\c2C)C(=O)C1[*],Bandgap,5.093465805053711,eV,phase4_adversarial_augmentation,train,probabilistic_mcmc,adversarial_stress_test,clean_model_teacher_prediction_not_measured_target
poly_1328,[*]Oc1ccc(Oc2ccc(C(O)c3ccc([*])cc3)cc2)cc1CO,Bandgap,4.5387115478515625,eV,phase4_adversarial_augmentation,train,probabilistic_mcmc,adversarial_stress_test,clean_model_teacher_prediction_not_measured_target
poly_1780,[*]N-CCOCCOCCNC(=O)Nc1cc(NC(=O)N[*])ccc1C,Bandgap,5.005072593688965,eV,phase4_adversarial_augmentation,train,probabilistic_mcmc,adversarial_stress_test,clean_model_teacher_prediction_not_measured_target
poly_3107,[*]CCCCCCCNC(=O)NCCCCCCNC(/O)N[*],Bandgap,5.696890354156494,eV,phase4_adversarial_augmentation,train,probabilistic_mcmc,adversarial_stress_test,clean_model_teacher_prediction_not_measured_target
poly_2965,[*]C=CCC(C)(/CC[*])C(=O)OC,Bandgap,5.678824424743652,eV,phase4_adversarial_augmentation,train,probabilistic_mcmc,adversarial_stress_test,clean_model_teacher_prediction_not_measured_target
poly_3252,[*]CC(CO[*])C(C)(N)C,Bandgap,6.128422737121582,eV,phase4_adversarial_augmentation,train,probabilistic_mcmc,adversarial_stress_test,clean_model_teacher_prediction_not_measured_target
poly_2844,[*]Cc1cccc(CN(C)C(=O)CCCCC(=I)N([*])C)c1,Bandgap,5.534934997558594,eV,phase4_adversarial_augmentation,train,probabilistic_mcmc,adversarial_stress_test,clean_model_teacher_prediction_not_measured_target
poly_235,[*]c1occc(Oc2ccc(-n3c(=O)c4cc5c(=O)n([*])c(=O)c5cc4c3=O)cc2-c2ccccc2)cc1,Bandgap,3.032209873199463,eV,phase4_adversarial_augmentation,train,probabilistic_mcmc,adversarial_stress_test,clean_model_teacher_prediction_not_measured_target
poly_1677,[*]C=Cc1cc(CC)c([*])cc1OCC,Bandgap,2.5889620780944824,eV,phase4_adversarial_augmentation,train,probabilistic_mcmc,adversarial_stress_test,clean_model_teacher_prediction_not_measured_target
poly_1045,[*]Nc1ccc(Cc2ccc(NC(=O)c3ccc(P(=O)(c4ccccc4)c4cccC(C([*])=O)cc4)cc3)cc2)cc1,Bandgap,3.12960147857666,eV,phase4_adversarial_augmentation,train,probabilistic_mcmc,adversarial_stress_test,clean_model_teacher_prediction_not_measured_target
poly_285,[*]C(=O)c1c=cc2c(c1)C(=O)N(c1ccc3c(c1)Cc1cc(N4C(=O)c5ccc([*])cc5C4=O)ccc1-3)C2=O,Bandgap,2.7736892700195312,eV,phase4_adversarial_augmentation,train,probabilistic_mcmc,adversarial_stress_test,clean_model_teacher_prediction_not_measured_target
poly_3080,[*]CCCCCCCCCC#CC#CCCCCNCCCCOC(=O)CCCCCCC(=O)O[*],Bandgap,5.184102535247803,eV,phase4_adversarial_augmentation,train,probabilistic_mcmc,adversarial_stress_test,clean_model_teacher_prediction_not_measured_target
poly_312,[*]c1ccc(C(c2cccS(-n3c(=O)c4cc5c(=O)n([*])c(=O)c5cc4c3=O)cc2)C(C)C)cc1,Bandgap,2.959118604660034,eV,phase4_adversarial_augmentation,train,probabilistic_mcmc,adversarial_stress_test,clean_model_teacher_prediction_not_measured_target
poly_2350,[*]CC([*])c1ccccc1P(=O)OC,Bandgap,4.789511203765869,eV,phase4_adversarial_augmentation,train,probabilistic_mcmc,adversarial_stress_test,clean_model_teacher_prediction_not_measured_target
poly_1950,[*]Oc1ccc(C(c2Iccc(OC([*])=O)cc2)(C(F)(F)Cl)C(F)(F)Cl)cc1,Bandgap,4.714330673217773,eV,phase4_adversarial_augmentation,train,probabilistic_mcmc,adversarial_stress_test,clean_model_teacher_prediction_not_measured_target
poly_1871,[*]Cc1cccc(CNC(\O)C=C(C)C(=O)N[*])c1,Bandgap,4.7971391677856445,eV,phase4_adversarial_augmentation,train,probabilistic_mcmc,adversarial_stress_test,clean_model_teacher_prediction_not_measured_target
poly_606,[*]C(=O)Nc1ccc(C2(c3ccc(N4C(=O)c5ccc([*])cc5C4=O)cc3)CCC(C(C)(NC)CC)CC2)cc1,Bandgap,3.163137912750244,eV,phase4_adversarial_augmentation,train,probabilistic_mcmc,adversarial_stress_test,clean_model_teacher_prediction_not_measured_target
poly_1894,[*]CCCCOC(=O)c/1cccc(NC(=O)O[*])c1,Bandgap,4.304416179656982,eV,phase4_adversarial_augmentation,train,probabilistic_mcmc,adversarial_stress_test,clean_model_teacher_prediction_not_measured_target
poly_781,[*]-C=Cc1cccc([*])c1,Bandgap,4.285608768463135,eV,phase4_adversarial_augmentation,train,probabilistic_mcmc,adversarial_stress_test,clean_model_teacher_prediction_not_measured_target
poly_401,[*]N=C1C=CC(=NC2=CC(=O)CS([*])=CC2=O)C=C1,Bandgap,2.873532295227051,eV,phase4_adversarial_augmentation,train,probabilistic_mcmc,adversarial_stress_test,clean_model_teacher_prediction_not_measured_target
poly_1114,[*]NC(S1)=C=C1OC(=S)[*],Bandgap,2.724022626876831,eV,phase4_adversarial_augmentation,train,probabilistic_mcmc,adversarial_stress_test,clean_model_teacher_prediction_not_measured_target
poly_868,[*][N+]CCN(CCOC(=O)Nc1ccc(C)c(NC(=O)O[*])c1)c1ccc(C=C2NC(=O)NC2=O)cc1,Bandgap,3.4559826850891113,eV,phase4_adversarial_augmentation,train,probabilistic_mcmc,adversarial_stress_test,clean_model_teacher_prediction_not_measured_target
poly_1996,[*]CCCCCOc1ccc(C(=O)C(=O)c2ccc(O[*])cc2)cc1,Bandgap,4.556671619415283,eV,phase4_adversarial_augmentation,train,probabilistic_mcmc,adversarial_stress_test,clean_model_teacher_prediction_not_measured_target
poly_2241,[*]C(C=C1)=CC=1OC(=S)O[*],Bandgap,3.5758256912231445,eV,phase4_adversarial_augmentation,train,probabilistic_mcmc,adversarial_stress_test,clean_model_teacher_prediction_not_measured_target
poly_1823,[*]CCCPCCCNC(=O)c1c(F)c(F)c(C(=O)N[*])c(F)c1F,Bandgap,4.580389022827148,eV,phase4_adversarial_augmentation,train,probabilistic_mcmc,adversarial_stress_test,clean_model_teacher_prediction_not_measured_target
poly_2455,[*]CCOC(=O)Nc1ccc(CCCc2ccc(NC(=O)O[*])Scc2)cc1,Bandgap,4.33794641494751,eV,phase4_adversarial_augmentation,train,probabilistic_mcmc,adversarial_stress_test,clean_model_teacher_prediction_not_measured_target
poly_1646,[*]Oc1ccc(OC(=O)c2ccc(OC(=O)CCCCCCCC([*])=O)cc2)cc1,Bandgap,4.2654876708984375,eV,phase4_adversarial_augmentation,train,probabilistic_mcmc,adversarial_stress_test,clean_model_teacher_prediction_not_measured_target
poly_2239,[*]O-c1ccc(C(C)(C)c2ccc(OC([*])=O)c(Cl)c2)cc1,Bandgap,4.967275142669678,eV,phase4_adversarial_augmentation,train,probabilistic_mcmc,adversarial_stress_test,clean_model_teacher_prediction_not_measured_target
poly_416,[*]C(=O)c1ccc2c(c1)C(=O)N(c1cccc(Nc3nc(N)nc(Nc4cccc(N5C(O)c6ccc([*])cc6C5=O)c4)n3)c1)C2=O,Bandgap,2.7358431816101074,eV,phase4_adversarial_augmentation,train,probabilistic_mcmc,adversarial_stress_test,clean_model_teacher_prediction_not_measured_target
poly_1054,[*]CCC(=S)[*],Bandgap,4.413782119750977,eV,phase4_adversarial_augmentation,train,probabilistic_mcmc,adversarial_stress_test,clean_model_teacher_prediction_not_measured_target
poly_885,[*]CCOCCOCOc1ccc(NC(=O)c2ccc(C(=O)Nc3ccc(O[*])cc3)cc2)cc1,Bandgap,3.9239253997802734,eV,phase4_adversarial_augmentation,train,probabilistic_mcmc,adversarial_stress_test,clean_model_teacher_prediction_not_measured_target
poly_3109,[*]C=CC1C([*])C(C#N)([Si](C)(C)C)C1,Bandgap,5.563721656799316,eV,phase4_adversarial_augmentation,train,probabilistic_mcmc,adversarial_stress_test,clean_model_teacher_prediction_not_measured_target
poly_301,[*]C(=O)c1ccc2c(c1)C(=O)N(c1ccc(C3(c4ccc(N5C(=O)c6ccc([*])cc6C5=O)cc4)c4cccc[N+]c4-c4ccccc43)cc1)C2=O,Bandgap,2.5302999019622803,eV,phase4_adversarial_augmentation,train,probabilistic_mcmc,adversarial_stress_test,clean_model_teacher_prediction_not_measured_target
poly_2005,[*]CC(=O)NCCCCCNC(=O)COc1ccc(O[*])cc1,Bandgap,5.324954032897949,eV,phase4_adversarial_augmentation,train,probabilistic_mcmc,adversarial_stress_test,clean_model_teacher_prediction_not_measured_target
poly_3554,[*]CC[Si]([*])OCCCl,Bandgap,6.290569305419922,eV,phase4_adversarial_augmentation,train,probabilistic_mcmc,adversarial_stress_test,clean_model_teacher_prediction_not_measured_target
poly_3213,[*]CCCCCNC(=O)CCCCCCCCCCC(=O)N[*],Bandgap,5.836684703826904,eV,phase4_adversarial_augmentation,train,probabilistic_mcmc,adversarial_stress_test,clean_model_teacher_prediction_not_measured_target
poly_118,[*]NC(S1)=C=C1C(=S)C(S2)=CC=C2[*],Bandgap,2.22761607170105,eV,phase4_adversarial_augmentation,train,probabilistic_mcmc,adversarial_stress_test,clean_model_teacher_prediction_not_measured_target
poly_270,[*]c1cc(CCCCCCSCCCCCCCCCCCCCCC)c([*])s1,Bandgap,2.2871432304382324,eV,phase4_adversarial_augmentation,train,probabilistic_mcmc,adversarial_stress_test,clean_model_teacher_prediction_not_measured_target
poly_3169,[*]OC(=O)Oc1cccc(OC(=O)OC2CI3CC([*])CC(C2)O3)c1,Bandgap,5.546668529510498,eV,phase4_adversarial_augmentation,train,probabilistic_mcmc,adversarial_stress_test,clean_model_teacher_prediction_not_measured_target
poly_2854,[*]C=CC1C([*])C2C(=O)N(CCCC)C(=O)C12,Bandgap,4.741246223449707,eV,phase4_adversarial_augmentation,train,probabilistic_mcmc,adversarial_stress_test,clean_model_teacher_prediction_not_measured_target
poly_239,[*]c1ccNc(-c2ccc(-n3c(=O)c4cc5c(=O)n([*])c(=O)c5cc4c3=O)cc2)cc1,Bandgap,3.152125358581543,eV,phase4_adversarial_augmentation,train,probabilistic_mcmc,adversarial_stress_test,clean_model_teacher_prediction_not_measured_target
poly_690,[*]C=Cc1ccs([*])o1,Bandgap,1.9978301525115967,eV,phase4_adversarial_augmentation,train,probabilistic_mcmc,adversarial_stress_test,clean_model_teacher_prediction_not_measured_target
poly_2399,[*]CCN([*])C(O)c1ccc(OC)cc1,Bandgap,5.1952385902404785,eV,phase4_adversarial_augmentation,train,probabilistic_mcmc,adversarial_stress_test,clean_model_teacher_prediction_not_measured_target
poly_1363,[*]Nc1ccc(CC(C)(C)NC(=O)c2ccc(C([*])=O)cn2)cc1,Bandgap,4.184077262878418,eV,phase4_adversarial_augmentation,train,probabilistic_mcmc,adversarial_stress_test,clean_model_teacher_prediction_not_measured_target
poly_363,[*]C(=O)c1ccc2c(c1)C(=O)N(c1ccc(C(C)(C)c3ccs(C(C)(C)c4ccc(N5C(=O)c6ccc([*])cc6C5=O)cc4)cc3)cc1)C2=O,Bandgap,2.523890256881714,eV,phase4_adversarial_augmentation,train,probabilistic_mcmc,adversarial_stress_test,clean_model_teacher_prediction_not_measured_target
poly_1729,[*]Oc1ccc(S(=O)(=O)c2ccc(Os3ccc(C(C)(C)c4ccc([*])cc4)cc3)cc2)c(N)c1,Bandgap,4.104125022888184,eV,phase4_adversarial_augmentation,train,probabilistic_mcmc,adversarial_stress_test,clean_model_teacher_prediction_not_measured_target
poly_206,[*]C=Cc1cc\c([*])c(F)c1,Bandgap,2.594623565673828,eV,phase4_adversarial_augmentation,train,probabilistic_mcmc,adversarial_stress_test,clean_model_teacher_prediction_not_measured_target
poly_2481,[*]Oc1ccc(C(I#N)(c2ccccc2)c2ccc(OC([*])=O)cc2)cc1,Bandgap,4.585838317871094,eV,phase4_adversarial_augmentation,train,probabilistic_mcmc,adversarial_stress_test,clean_model_teacher_prediction_not_measured_target
poly_2620,[*]CN([*])C(=O)c1ccc(F)cc1,Bandgap,3.422065258026123,eV,phase4_adversarial_augmentation,train,probabilistic_mcmc,adversarial_stress_test,clean_model_teacher_prediction_not_measured_target
poly_3023,[*]C=CC1CC([*])C(C(F)(F)F)(C(F)(F)OF)C1(F)F,Bandgap,5.527343273162842,eV,phase4_adversarial_augmentation,train,probabilistic_mcmc,adversarial_stress_test,clean_model_teacher_prediction_not_measured_target
poly_1088,[*]c1ccc2[nH]c3[nH]ccc([*])cc3c2c1,Bandgap,3.2199487686157227,eV,phase4_adversarial_augmentation,train,probabilistic_mcmc,adversarial_stress_test,clean_model_teacher_prediction_not_measured_target
poly_3564,[*]CCOCCO[N-]CCOC(=O)NCCCCCCNC(=O)O[*],Bandgap,6.0338263511657715,eV,phase4_adversarial_augmentation,train,probabilistic_mcmc,adversarial_stress_test,clean_model_teacher_prediction_not_measured_target
poly_1499,[*]ICCCCCOc1ccc(C(=O)N(C(=O)c2ccc(O[*])cc2)c2ccccc2)cc1,Bandgap,3.814095973968506,eV,phase4_adversarial_augmentation,train,probabilistic_mcmc,adversarial_stress_test,clean_model_teacher_prediction_not_measured_target
poly_1292,[*]Nc1ccc(C(=O)c2ccc(NC(=O)c3[Si]ccc(C([*])=O)cc3)cc2)cc1,Bandgap,3.687716007232666,eV,phase4_adversarial_augmentation,train,probabilistic_mcmc,adversarial_stress_test,clean_model_teacher_prediction_not_measured_target
poly_1695,[*]CC(O)COc1ccc(S(=O)(=O)c2ccc(CC(O)COc3cccc(O[*])c3)cc2)cc1,Bandgap,3.7975046634674072,eV,phase4_adversarial_augmentation,train,probabilistic_mcmc,adversarial_stress_test,clean_model_teacher_prediction_not_measured_target
poly_255,[*]c1[nH]c([*])c2c1CC2,Bandgap,2.1058809757232666,eV,phase4_adversarial_augmentation,train,probabilistic_mcmc,adversarial_stress_test,clean_model_teacher_prediction_not_measured_target
poly_2037,[*]Oc1c(C)cc([*])nc1C,Bandgap,4.253292560577393,eV,phase4_adversarial_augmentation,train,probabilistic_mcmc,adversarial_stress_test,clean_model_teacher_prediction_not_measured_target
poly_4108,[*]CC([*])OC(\O)CCC,Bandgap,6.868021488189697,eV,phase4_adversarial_augmentation,train,probabilistic_mcmc,adversarial_stress_test,clean_model_teacher_prediction_not_measured_target
poly_2536,[*]CC([*])SCOC,Bandgap,5.058014392852783,eV,phase4_adversarial_augmentation,train,probabilistic_mcmc,adversarial_stress_test,clean_model_teacher_prediction_not_measured_target
poly_1735,[*]Oc3ccc(Oc1cccc([*])c1C#N)(c2cccc(C)c2)c3,Bandgap,4.161320686340332,eV,phase4_adversarial_augmentation,train,probabilistic_mcmc,adversarial_stress_test,clean_model_teacher_prediction_not_measured_target
poly_3427,[*]CCOCCOC(-O)COCC(=O)O[*],Bandgap,6.184446334838867,eV,phase4_adversarial_augmentation,train,probabilistic_mcmc,adversarial_stress_test,clean_model_teacher_prediction_not_measured_target
poly_138,[*]C=C([*])c1ccccc1C(F)(C)F,Bandgap,0.8757796287536621,eV,phase4_adversarial_augmentation,train,probabilistic_mcmc,adversarial_stress_test,clean_model_teacher_prediction_not_measured_target
poly_1386,[*]CCCCCCCCCCSSCCCCCSSS[*],Bandgap,3.817655086517334,eV,phase4_adversarial_augmentation,train,probabilistic_mcmc,adversarial_stress_test,clean_model_teacher_prediction_not_measured_target
poly_1631,[*]Oc1ccc(C(C)=Cc2ccc(OC(=O)OCCCCC\OC([*])=O)cc2)cc1,Bandgap,4.403993129730225,eV,phase4_adversarial_augmentation,train,probabilistic_mcmc,adversarial_stress_test,clean_model_teacher_prediction_not_measured_target
poly_844,[*]Oc1ccc(SSc2c[Si]cc([*])cc2)cc1,Bandgap,4.505960941314697,eV,phase4_adversarial_augmentation,train,probabilistic_mcmc,adversarial_stress_test,clean_model_teacher_prediction_not_measured_target
poly_120,[*]C=Cc1c\cc([*])c(OC)c1,Bandgap,3.402986526489258,eV,phase4_adversarial_augmentation,train,probabilistic_mcmc,adversarial_stress_test,clean_model_teacher_prediction_not_measured_target
poly_588,[*]Oc1ccc(C2(c3ccc(OC(=O)c4ccc(C([*])=O)cc4)cc3)CC3CC2C2CCC32)cc1,Bandgap,3.3931326866149902,eV,phase4_adversarial_augmentation,train,probabilistic_mcmc,adversarial_stress_test,clean_model_teacher_prediction_not_measured_target
poly_4002,[*]C(C#N)C(C#N)(C#S)[*],Bandgap,5.900132179260254,eV,phase4_adversarial_augmentation,train,probabilistic_mcmc,adversarial_stress_test,clean_model_teacher_prediction_not_measured_target
poly_82,[*]C#CC#Cc1cc2sOc([*])cc2s1,Bandgap,1.896874189376831,eV,phase4_adversarial_augmentation,train,probabilistic_mcmc,adversarial_stress_test,clean_model_teacher_prediction_not_measured_target
poly_1726,[*]C(=O)c1ccs(C(=O)N(C)N([*])C)cc1,Bandgap,3.4494495391845703,eV,phase4_adversarial_augmentation,train,probabilistic_mcmc,adversarial_stress_test,clean_model_teacher_prediction_not_measured_target
poly_2205,[*]NCCCCOC(=O)c1ccccc1-c1ccccc1C(=O)O[*],Bandgap,4.432084560394287,eV,phase4_adversarial_augmentation,train,probabilistic_mcmc,adversarial_stress_test,clean_model_teacher_prediction_not_measured_target
poly_1605,[*]NC(=N)NC(=O)[*],Bandgap,4.002934455871582,eV,phase4_adversarial_augmentation,train,probabilistic_mcmc,adversarial_stress_test,clean_model_teacher_prediction_not_measured_target
poly_3603,[*]NNC(=O)C1CCC(C(=O)NNC(/O)CCCCC([*])=O)CC1,Bandgap,5.885214805603027,eV,phase4_adversarial_augmentation,train,probabilistic_mcmc,adversarial_stress_test,clean_model_teacher_prediction_not_measured_target
poly_424,[*]c1ccc(Cc2ccc(-n3c(=O)c4cc5c(=O)n([*])c(=O)c5cc4s3=O)cc2)cc1,Bandgap,1.4979913234710693,eV,phase4_adversarial_augmentation,train,probabilistic_mcmc,adversarial_stress_test,clean_model_teacher_prediction_not_measured_target
poly_2216,[*]Oc1ccc(C(C)(OCC)c2ccc(OC([*])=O)cc2)cc1,Bandgap,4.755972862243652,eV,phase4_adversarial_augmentation,train,probabilistic_mcmc,adversarial_stress_test,clean_model_teacher_prediction_not_measured_target
poly_1048,[*]Nc1ccc(C(C)(C)c2ccc(NC(=O)c3cc(C([*])=O)cc(N4C(=O)C5CC=COC5C4=O)c3)cc2)cc1,Bandgap,3.552156925201416,eV,phase4_adversarial_augmentation,train,probabilistic_mcmc,adversarial_stress_test,clean_model_teacher_prediction_not_measured_target
poly_1517,[*]NCC(=O)C([*])c1ccc(C)cc1,Bandgap,4.031239032745361,eV,phase4_adversarial_augmentation,train,probabilistic_mcmc,adversarial_stress_test,clean_model_teacher_prediction_not_measured_target
poly_2250,[*]c1ccc(C(c2ccc(OC([*])=O)cc2)C(Cl)Cl)cc1,Bandgap,3.6747827529907227,eV,phase4_adversarial_augmentation,train,probabilistic_mcmc,adversarial_stress_test,clean_model_teacher_prediction_not_measured_target
poly_1024,[*]C=Cc1ccc([*])cn1,Bandgap,2.468045234680176,eV,phase4_adversarial_augmentation,train,probabilistic_mcmc,adversarial_stress_test,clean_model_teacher_prediction_not_measured_target
poly_3349,[*]CC(OC(C)/O)C1C(=O)OC(=O)C1[*],Bandgap,6.049259662628174,eV,phase4_adversarial_augmentation,train,probabilistic_mcmc,adversarial_stress_test,clean_model_teacher_prediction_not_measured_target
poly_753,[*]C(=O)Nc1ccc(C(=O)Nc2ccc(NC(=O)c3ccc4[nH]c(-c5cccc(-c6nc7cc([*])ccc[N+]7[nH]6)c5)nc4c3)cc2)cc1,Bandgap,3.3286526203155518,eV,phase4_adversarial_augmentation,train,probabilistic_mcmc,adversarial_stress_test,clean_model_teacher_prediction_not_measured_target
poly_621,[*]c1ccc(C(=O)Oc2ccc(-n-3c(=O)c4cc5c(=O)n([*])c(=O)c5cc4c3=O)cc2)cc1,Bandgap,2.6020073890686035,eV,phase4_adversarial_augmentation,train,probabilistic_mcmc,adversarial_stress_test,clean_model_teacher_prediction_not_measured_target
poly_3276,[*]CNC(=O)CCCC(=O)NCC1COC([*])CO1,Bandgap,6.050058364868164,eV,phase4_adversarial_augmentation,train,probabilistic_mcmc,adversarial_stress_test,clean_model_teacher_prediction_not_measured_target
poly_3565,[*]CCCCCCCCCCCNC(=O)CCCCCCCCCCCCC(=O)N[*],Bandgap,6.218278884887695,eV,phase4_adversarial_augmentation,train,probabilistic_mcmc,adversarial_stress_test,clean_model_teacher_prediction_not_measured_target
poly_3343,[*]OC(CC([*])O)C(Cl)Cl,Bandgap,5.825576305389404,eV,phase4_adversarial_augmentation,train,probabilistic_mcmc,adversarial_stress_test,clean_model_teacher_prediction_not_measured_target
poly_1664,[*]c1sc([*])(OC)c1OC,Bandgap,1.8071839809417725,eV,phase4_adversarial_augmentation,train,probabilistic_mcmc,adversarial_stress_test,clean_model_teacher_prediction_not_measured_target
poly_3578,[*]CCCO[N+]C(=O)COCC(=O)O[*],Bandgap,4.855623722076416,eV,phase4_adversarial_augmentation,train,probabilistic_mcmc,adversarial_stress_test,clean_model_teacher_prediction_not_measured_target
poly_701,[*]c1ccc(-c2cnc(N3C(=O)c4ccc(-c5cccc6c5C(=O)N([*])C6=O)cc4C3=O)c(C)c2)cc1C,Bandgap,2.8373241424560547,eV,phase4_adversarial_augmentation,train,probabilistic_mcmc,adversarial_stress_test,clean_model_teacher_prediction_not_measured_target
poly_1874,[*]CCc1c(Cl)c(Cl)([*])c(Cl)c1Cl,Bandgap,5.16961669921875,eV,phase4_adversarial_augmentation,train,probabilistic_mcmc,adversarial_stress_test,clean_model_teacher_prediction_not_measured_target
poly_2430,[*]CCc1cnc([*])s1,Bandgap,5.326246738433838,eV,phase4_adversarial_augmentation,train,probabilistic_mcmc,adversarial_stress_test,clean_model_teacher_prediction_not_measured_target
poly_2559,[*]Oc1cc\c(C(C)(c2ccccc2)c2ccc(OC(=O)OC3C(C)(C)C(OC([*])=O)C3(C)C)cc2)cc1,Bandgap,4.325249195098877,eV,phase4_adversarial_augmentation,train,probabilistic_mcmc,adversarial_stress_test,clean_model_teacher_prediction_not_measured_target
poly_3195,[*]CC(CN)(CO)CO[*],Bandgap,6.0055832862854,eV,phase4_adversarial_augmentation,train,probabilistic_mcmc,adversarial_stress_test,clean_model_teacher_prediction_not_measured_target
poly_3545,[*]CCCCNC(=O)CCCCCCCCCCCCCC(=O)N[*],Bandgap,5.669923305511475,eV,phase4_adversarial_augmentation,train,probabilistic_mcmc,adversarial_stress_test,clean_model_teacher_prediction_not_measured_target
poly_3650,[*]CCOCCOCCOC(=O)C1CCC(C(-O)O[*])CC1,Bandgap,6.220871448516846,eV,phase4_adversarial_augmentation,train,probabilistic_mcmc,adversarial_stress_test,clean_model_teacher_prediction_not_measured_target
poly_3968,[*]CCCCCC(O)O[*],Bandgap,6.620575904846191,eV,phase4_adversarial_augmentation,train,probabilistic_mcmc,adversarial_stress_test,clean_model_teacher_prediction_not_measured_target
poly_4143,[*]CCCCOC(=O)OCC1CC(COC(=O)O[*])CC1,Bandgap,6.202328681945801,eV,phase4_adversarial_augmentation,train,probabilistic_mcmc,adversarial_stress_test,clean_model_teacher_prediction_not_measured_target
poly_1536,[*]CPC([*])n1c2ccccc2c2ccccc21,Bandgap,3.235407829284668,eV,phase4_adversarial_augmentation,train,probabilistic_mcmc,adversarial_stress_test,clean_model_teacher_prediction_not_measured_target
poly_1036,[*]c1ccc2c(c1)c1[nH]cc([*])ccc1n2C,Bandgap,3.66070556640625,eV,phase4_adversarial_augmentation,train,probabilistic_mcmc,adversarial_stress_test,clean_model_teacher_prediction_not_measured_target
poly_1224,[*]CC([*])c1ccc(C(=O)Cc2ccccc2)Occ1,Bandgap,3.2616147994995117,eV,phase4_adversarial_augmentation,train,probabilistic_mcmc,adversarial_stress_test,clean_model_teacher_prediction_not_measured_target
poly_2018,[*]CCCCOc1ccc(C(=O)OC(=O)c2ccc(I[*])cc2)cc1,Bandgap,4.8864970207214355,eV,phase4_adversarial_augmentation,train,probabilistic_mcmc,adversarial_stress_test,clean_model_teacher_prediction_not_measured_target
poly_228,[*]C(=O)C(S1)=CC=C1C(=S)C(SP2)=CC=C2[*],Bandgap,3.21225643157959,eV,phase4_adversarial_augmentation,train,probabilistic_mcmc,adversarial_stress_test,clean_model_teacher_prediction_not_measured_target
poly_3628,[*]C1CC2CC1C([*])2CCCC,Bandgap,6.7862043380737305,eV,phase4_adversarial_augmentation,train,probabilistic_mcmc,adversarial_stress_test,clean_model_teacher_prediction_not_measured_target
poly_1882,[*]Oc1ccc2c(c1)C1(CC2(C)CN)CC(C)(C)c2ccc(OC([*])=O)cc21,Bandgap,4.2999091148376465,eV,phase4_adversarial_augmentation,train,probabilistic_mcmc,adversarial_stress_test,clean_model_teacher_prediction_not_measured_target
poly_770,[*]Oc1c(CN)cc(C2(c3cc(C)c(OC(=O)c4cc(C([*])=O)cc(C(C)(C)C)c4)c(C)c3)CC(C)CC(C)(C)C2)cc1C,Bandgap,4.748167514801025,eV,phase4_adversarial_augmentation,train,probabilistic_mcmc,adversarial_stress_test,clean_model_teacher_prediction_not_measured_target
poly_3346,[*]CCCCCCCCC(=O)NCCCCCCNC(=SO)CCCCO[*],Bandgap,5.57742166519165,eV,phase4_adversarial_augmentation,train,probabilistic_mcmc,adversarial_stress_test,clean_model_teacher_prediction_not_measured_target
poly_1824,C([*])C(CCNC)=CC([*]),Bandgap,4.245400905609131,eV,phase4_adversarial_augmentation,train,probabilistic_mcmc,adversarial_stress_test,clean_model_teacher_prediction_not_measured_target
poly_688,[*]c1ccc(-n2c(=O)c3cc4c(=O)n([*])c(=O)c4cc3c2=O)c(CP(=O)(CC)OCC)c1,Bandgap,2.835266590118408,eV,phase4_adversarial_augmentation,train,probabilistic_mcmc,adversarial_stress_test,clean_model_teacher_prediction_not_measured_target
poly_1698,[*]CCCCCCc1ccc(C(=O)Oc2ccc(O[*])cc2)cc1,Bandgap,4.567652225494385,eV,phase4_adversarial_augmentation,train,probabilistic_mcmc,adversarial_stress_test,clean_model_teacher_prediction_not_measured_target
poly_3719,[*]CCOCCOC(=O)CCCC(=O)[*],Bandgap,5.310018539428711,eV,phase4_adversarial_augmentation,train,probabilistic_mcmc,adversarial_stress_test,clean_model_teacher_prediction_not_measured_target
poly_2551,[*]CC1CC1COC(=O)c1cccc(C(O)O[*])c1,Bandgap,5.540499687194824,eV,phase4_adversarial_augmentation,train,probabilistic_mcmc,adversarial_stress_test,clean_model_teacher_prediction_not_measured_target
poly_3731,[*]OC(COCCC)COC([*])=O,Bandgap,6.437620162963867,eV,phase4_adversarial_augmentation,train,probabilistic_mcmc,adversarial_stress_test,clean_model_teacher_prediction_not_measured_target
poly_1579,[*]CCCOc1cccc(C(=O)OC(=O)c2cccNc(O[*])c2)c1,Bandgap,4.812273979187012,eV,phase4_adversarial_augmentation,train,probabilistic_mcmc,adversarial_stress_test,clean_model_teacher_prediction_not_measured_target
poly_2778,[*]\Cc1ccc(COC(=O)CCCCCCCC(=O)O[*])cc1,Bandgap,5.28053617477417,eV,phase4_adversarial_augmentation,train,probabilistic_mcmc,adversarial_stress_test,clean_model_teacher_prediction_not_measured_target
poly_3903,[*]OC(C)COCC(=O)CCCCCCC([*])=O,Bandgap,6.5609025955200195,eV,phase4_adversarial_augmentation,train,probabilistic_mcmc,adversarial_stress_test,clean_model_teacher_prediction_not_measured_target
poly_1451,[*]CCCCCCCc1nnc(c2ccc(-c3nnc([*])o3)cc2)o1,Bandgap,4.090561866760254,eV,phase4_adversarial_augmentation,train,probabilistic_mcmc,adversarial_stress_test,clean_model_teacher_prediction_not_measured_target
poly_839,[*]CCOCCOC(=O)CC(=NC(=O)O[*])c1cc(C)ccc1OC,Bandgap,3.4549546241760254,eV,phase4_adversarial_augmentation,train,probabilistic_mcmc,adversarial_stress_test,clean_model_teacher_prediction_not_measured_target
poly_3606,[*]NC(C([*])=O)C(=O)OCCCC,Bandgap,5.5892133712768555,eV,phase4_adversarial_augmentation,train,probabilistic_mcmc,adversarial_stress_test,clean_model_teacher_prediction_not_measured_target
poly_1532,[*]Pc1ccc(Oc2ccc(C(=O)c3ccc([*])cc3)cc2)cc1CC#N,Bandgap,4.104786396026611,eV,phase4_adversarial_augmentation,train,probabilistic_mcmc,adversarial_stress_test,clean_model_teacher_prediction_not_measured_target
poly_4149,[*]C(F)(F)C1(F)C(F)(F)C([*])(F)C(F)(F)C1(O)F,Bandgap,7.039061546325684,eV,phase4_adversarial_augmentation,train,probabilistic_mcmc,adversarial_stress_test,clean_model_teacher_prediction_not_measured_target
poly_1606,[*]Oc1ccc(NC(=O)c2cccc(C(=O)Oc3ccc(Oc4ccc(C5(c6ccc([*])cc6)C6CC7CC(C6)CC5C7)cc4)cc3)c2)cc1,Bandgap,4.1110382080078125,eV,phase4_adversarial_augmentation,train,probabilistic_mcmc,adversarial_stress_test,clean_model_teacher_prediction_not_measured_target
poly_3478,[*]CCCCCCC(=O)NCCCCCCC(=O)CCCCCCO[*],Bandgap,6.560108184814453,eV,phase4_adversarial_augmentation,train,probabilistic_mcmc,adversarial_stress_test,clean_model_teacher_prediction_not_measured_target
poly_1694,[*]Oc1cc(CCCC)cc(OI(=O)c2cccc(C([*])=O)c2)c1,Bandgap,4.688650131225586,eV,phase4_adversarial_augmentation,train,probabilistic_mcmc,adversarial_stress_test,clean_model_teacher_prediction_not_measured_target
poly_1478,[*]Oc1ccc(-c2ccc(C([*])/O)cc2)cc1,Bandgap,4.128763198852539,eV,phase4_adversarial_augmentation,train,probabilistic_mcmc,adversarial_stress_test,clean_model_teacher_prediction_not_measured_target
poly_240,[*]C(=O)Nc1ccc(Cc2ccc(NC(=O)CN3C(=O)c4ccc(C(=O)c5ccc6c(c5)C(=O)N([*])C6=O)cc4C3=O)cc2)cc1,Bandgap,2.7839431762695312,eV,phase4_adversarial_augmentation,train,probabilistic_mcmc,adversarial_stress_test,clean_model_teacher_prediction_not_measured_target
poly_1951,[*]CC(S1)=CC-C1C(=O)O[*],Bandgap,5.073603630065918,eV,phase4_adversarial_augmentation,train,probabilistic_mcmc,adversarial_stress_test,clean_model_teacher_prediction_not_measured_target
poly_1275,[*]C(=S)N([*])C=C,Bandgap,3.219672918319702,eV,phase4_adversarial_augmentation,train,probabilistic_mcmc,adversarial_stress_test,clean_model_teacher_prediction_not_measured_target
poly_1309,[*]C(=S)N([*]),Bandgap,3.3365745544433594,eV,phase4_adversarial_augmentation,train,probabilistic_mcmc,adversarial_stress_test,clean_model_teacher_prediction_not_measured_target
poly_3983,[*]C1=CCC([*])C1,Bandgap,5.803654670715332,eV,phase4_adversarial_augmentation,train,probabilistic_mcmc,adversarial_stress_test,clean_model_teacher_prediction_not_measured_target
poly_3451,[*]NC(C)PC([*])=O,Bandgap,6.209359645843506,eV,phase4_adversarial_augmentation,train,probabilistic_mcmc,adversarial_stress_test,clean_model_teacher_prediction_not_measured_target
poly_2801,[*]Oc1c(C(C))cc([*])cc1C(C)C,Bandgap,4.866334915161133,eV,phase4_adversarial_augmentation,train,probabilistic_mcmc,adversarial_stress_test,clean_model_teacher_prediction_not_measured_target
poly_553,[*]c1sc([*])c2nc(-c3ccc=cc3)c(CC)nc12,Bandgap,1.6232469081878662,eV,phase4_adversarial_augmentation,train,probabilistic_mcmc,adversarial_stress_test,clean_model_teacher_prediction_not_measured_target
poly_976,[*]c1ccc(c2cnc3cc(Oc4ccc5nc([*])cnc5c4)ccc3n2)cc1,Bandgap,3.4761815071105957,eV,phase4_adversarial_augmentation,train,probabilistic_mcmc,adversarial_stress_test,clean_model_teacher_prediction_not_measured_target
poly_668,[*]C(C=C1)=C=C1C(C=C2)=CC=C2C(C=C3)=CC=C3C(S4)=CC=C4[*],Bandgap,2.7620952129364014,eV,phase4_adversarial_augmentation,train,probabilistic_mcmc,adversarial_stress_test,clean_model_teacher_prediction_not_measured_target
poly_2984,[*]Cc1ccc(COC(O)CCCCCCCCCCC(=O)O[*])cc1,Bandgap,5.256219387054443,eV,phase4_adversarial_augmentation,train,probabilistic_mcmc,adversarial_stress_test,clean_model_teacher_prediction_not_measured_target
poly_3389,[*]CNC(=O)CCCC(=O)I[*],Bandgap,5.949319362640381,eV,phase4_adversarial_augmentation,train,probabilistic_mcmc,adversarial_stress_test,clean_model_teacher_prediction_not_measured_target
poly_3371,[*]NNC(=O)PCCCCCCCC([*])=O,Bandgap,5.624610900878906,eV,phase4_adversarial_augmentation,train,probabilistic_mcmc,adversarial_stress_test,clean_model_teacher_prediction_not_measured_target
poly_422,[*]C=Cc1cc(OCCCC[N-]CC)c([*])cc1OC,Bandgap,3.460592269897461,eV,phase4_adversarial_augmentation,train,probabilistic_mcmc,adversarial_stress_test,clean_model_teacher_prediction_not_measured_target
poly_2279,[*]CCCOC(=O)C=CC(=O)O[*],Bandgap,5.759370803833008,eV,phase4_adversarial_augmentation,train,probabilistic_mcmc,adversarial_stress_test,clean_model_teacher_prediction_not_measured_target
poly_1909,[*]1cc(C)c([*])cn1,Bandgap,5.351466178894043,eV,phase4_adversarial_augmentation,train,probabilistic_mcmc,adversarial_stress_test,clean_model_teacher_prediction_not_measured_target
poly_2073,[*]CCCCCOC(=O)OCCCCCOC(=O)OCCCCCCOc1ccc(Oc2ccc(O[*])cc2)cc1,Bandgap,4.016478061676025,eV,phase4_adversarial_augmentation,train,probabilistic_mcmc,adversarial_stress_test,clean_model_teacher_prediction_not_measured_target
poly_849,[*](=O)Nc1cccc(C(=O)Nc2cccc(NC(=O)c3ccc4[nH]c(-c5ccc(-c6nc7cc([*])ccc7[nH]6)cc5)nc4c3)c2)c1,Bandgap,2.7258336544036865,eV,phase4_adversarial_augmentation,train,probabilistic_mcmc,adversarial_stress_test,clean_model_teacher_prediction_not_measured_target
poly_1119,[*]C-C([*])c1cccs1,Bandgap,4.255734920501709,eV,phase4_adversarial_augmentation,train,probabilistic_mcmc,adversarial_stress_test,clean_model_teacher_prediction_not_measured_target
poly_1783,[*]CC(F)(F)C(F)(F)C(F)(F)COc1c(F)c(F)c(O[*])c(I)c1F,Bandgap,4.145676136016846,eV,phase4_adversarial_augmentation,train,probabilistic_mcmc,adversarial_stress_test,clean_model_teacher_prediction_not_measured_target
poly_1374,[*]c1ccc(-n2cc3c(n2)C(=O)c2cn([*])n2C3=O)cc1,Bandgap,3.7756052017211914,eV,phase4_adversarial_augmentation,train,probabilistic_mcmc,adversarial_stress_test,clean_model_teacher_prediction_not_measured_target
poly_2623,[*]NCSS[*],Bandgap,4.6591477394104,eV,phase4_adversarial_augmentation,train,probabilistic_mcmc,adversarial_stress_test,clean_model_teacher_prediction_not_measured_target
poly_3730,[*]OC(=O)OCCCCCCOC(=O)OC1COPC2C([*])COC12,Bandgap,6.305182933807373,eV,phase4_adversarial_augmentation,train,probabilistic_mcmc,adversarial_stress_test,clean_model_teacher_prediction_not_measured_target
poly_3173,[*]CC(C)(C=O)C(F)(F)C([*])([N-])[2H],Bandgap,5.986929416656494,eV,phase4_adversarial_augmentation,train,probabilistic_mcmc,adversarial_stress_test,clean_model_teacher_prediction_not_measured_target
poly_3274,[*]CCCCCCCCCCNC(=O)CCCCCCCCNC(=O)N[*],Bandgap,5.5843939781188965,eV,phase4_adversarial_augmentation,train,probabilistic_mcmc,adversarial_stress_test,clean_model_teacher_prediction_not_measured_target
poly_593,[*]CC([*])c1cc(Cl)ccs1Cl,Bandgap,1.8228309154510498,eV,phase4_adversarial_augmentation,train,probabilistic_mcmc,adversarial_stress_test,clean_model_teacher_prediction_not_measured_target
poly_924,[*]c1cc(NC(=O)c2ccc(C([*])=O)cc2)cc(C(=O)OCCOc2ccc(C=CC(=O)c3ccccc3)cc2)c1,Bandgap,2.4286270141601562,eV,phase4_adversarial_augmentation,train,probabilistic_mcmc,adversarial_stress_test,clean_model_teacher_prediction_not_measured_target
poly_379,[*]c1ccc(-c2ccc(-n3c(=O)c4c(F)c5c(=O)n([*])c(=O)c5c(F)c4c3=O)ccC2C)c(C)c1,Bandgap,2.649252414703369,eV,phase4_adversarial_augmentation,train,probabilistic_mcmc,adversarial_stress_test,clean_model_teacher_prediction_not_measured_target
poly_2449,[*]C[N+]CCN([*])C(=O)c1ccccc1,Bandgap,5.126500129699707,eV,phase4_adversarial_augmentation,train,probabilistic_mcmc,adversarial_stress_test,clean_model_teacher_prediction_not_measured_target
poly_1086,[*]OCCOC(=O)CCCCC(=O)OCCOc1nc(-c2ccc(OC)cc2)nc([*])c1-c1cPcc(OC)cc1,Bandgap,3.7374372482299805,eV,phase4_adversarial_augmentation,train,probabilistic_mcmc,adversarial_stress_test,clean_model_teacher_prediction_not_measured_target
poly_2584,[*]CCCCOC(=O)CCSCCCCCCSNCC(=O)O[*],Bandgap,5.268227577209473,eV,phase4_adversarial_augmentation,train,probabilistic_mcmc,adversarial_stress_test,clean_model_teacher_prediction_not_measured_target
poly_3879,[*]OC(CCC\CC)CC([*])=O,Bandgap,6.253143310546875,eV,phase4_adversarial_augmentation,train,probabilistic_mcmc,adversarial_stress_test,clean_model_teacher_prediction_not_measured_target
poly_2763,[*]CCOCPCOC(=O)CCSCCC(=O)O[*],Bandgap,5.86627197265625,eV,phase4_adversarial_augmentation,train,probabilistic_mcmc,adversarial_stress_test,clean_model_teacher_prediction_not_measured_target
poly_3894,[*]CCCCCCCCCCOC(=O)CCCCS(=O)(=O)CCCC(=O)O[*],Bandgap,6.158828258514404,eV,phase4_adversarial_augmentation,train,probabilistic_mcmc,adversarial_stress_test,clean_model_teacher_prediction_not_measured_target
poly_3536,[*]NC(N)C([*])=O,Bandgap,5.495857238769531,eV,phase4_adversarial_augmentation,train,probabilistic_mcmc,adversarial_stress_test,clean_model_teacher_prediction_not_measured_target
poly_1755,[*]Oc1ccc(PC(=O)c2cccc(Oc3cccc(C([*])=O)c3)c2)cc1,Bandgap,4.147883892059326,eV,phase4_adversarial_augmentation,train,probabilistic_mcmc,adversarial_stress_test,clean_model_teacher_prediction_not_measured_target
poly_3895,[*]OC1CCC(C2CCC(OC(=O)CICCCCCCCC([*])=O)CC2)CC1,Bandgap,6.351910591125488,eV,phase4_adversarial_augmentation,train,probabilistic_mcmc,adversarial_stress_test,clean_model_teacher_prediction_not_measured_target
poly_3242,[*]C(C)O[*],Bandgap,7.109692573547363,eV,phase4_adversarial_augmentation,train,probabilistic_mcmc,adversarial_stress_test,clean_model_teacher_prediction_not_measured_target
poly_2953,[*]ICC(CS(=O)(=O)CC)O[*],Bandgap,5.46105432510376,eV,phase4_adversarial_augmentation,train,probabilistic_mcmc,adversarial_stress_test,clean_model_teacher_prediction_not_measured_target
poly_546,[*]CCC(C#C1)=CC=C1C(=S)[*],Bandgap,2.7290515899658203,eV,phase4_adversarial_augmentation,train,probabilistic_mcmc,adversarial_stress_test,clean_model_teacher_prediction_not_measured_target
poly_605,[*]c1c(C)c(C)c(O-n2c(=O)c3cc4c(=O)n([*])c(=O)c4cc3c2=O)c(C)c1C,Bandgap,2.524339199066162,eV,phase4_adversarial_augmentation,train,probabilistic_mcmc,adversarial_stress_test,clean_model_teacher_prediction_not_measured_target
poly_1770,[*]CNCc1nc2cc3sc([*])nc3cc2s1,Bandgap,3.631621837615967,eV,phase4_adversarial_augmentation,train,probabilistic_mcmc,adversarial_stress_test,clean_model_teacher_prediction_not_measured_target
poly_3279,[*]C=CCC=[*],Bandgap,2.49342679977417,eV,phase4_adversarial_augmentation,train,probabilistic_mcmc,adversarial_stress_test,clean_model_teacher_prediction_not_measured_target
poly_371,[*]C=Cc1ccc([*])c2ccc(C#CCCCCCCCCC)cc12,Bandgap,1.6821105480194092,eV,phase4_adversarial_augmentation,train,probabilistic_mcmc,adversarial_stress_test,clean_model_teacher_prediction_not_measured_target
poly_3381,[*]CC(C)C1C(=O)N(SCC)C(=O)C1[*],Bandgap,5.328392028808594,eV,phase4_adversarial_augmentation,train,probabilistic_mcmc,adversarial_stress_test,clean_model_teacher_prediction_not_measured_target
poly_3995,[*]CCCCCOC(=O)CCCCCC#CC(=O)O[*],Bandgap,6.378599643707275,eV,phase4_adversarial_augmentation,train,probabilistic_mcmc,adversarial_stress_test,clean_model_teacher_prediction_not_measured_target
poly_3934,[*]PCCCS(=O)(=O)CCCCS(=O)(=O)CCCOC(=O)O[*],Bandgap,5.842005729675293,eV,phase4_adversarial_augmentation,train,probabilistic_mcmc,adversarial_stress_test,clean_model_teacher_prediction_not_measured_target
poly_2034,[*]Oc1ccc(Sc2ccc(Sc3ccc(Sc4ccc([*])cc4)c-c3)cc2)cc1,Bandgap,4.4756317138671875,eV,phase4_adversarial_augmentation,train,probabilistic_mcmc,adversarial_stress_test,clean_model_teacher_prediction_not_measured_target
poly_1573,[*]CCOCCOC(=O)c1ccc(-c2cnc(C(=O)O[*])cc2)cc1,Bandgap,4.246592044830322,eV,phase4_adversarial_augmentation,train,probabilistic_mcmc,adversarial_stress_test,clean_model_teacher_prediction_not_measured_target
poly_3723,[*]OC(=S)CCCCCCCCCCCC([*])=O,Bandgap,4.659839630126953,eV,phase4_adversarial_augmentation,train,probabilistic_mcmc,adversarial_stress_test,clean_model_teacher_prediction_not_measured_target
poly_997,[*]C(C=C1)=COC=C1C(C=C2)=CC=C2C(=S)O[*],Bandgap,3.7305338382720947,eV,phase4_adversarial_augmentation,train,probabilistic_mcmc,adversarial_stress_test,clean_model_teacher_prediction_not_measured_target
poly_3930,[*]CCCCCCCCc1n[N-]nc([*])o1,Bandgap,5.981235027313232,eV,phase4_adversarial_augmentation,train,probabilistic_mcmc,adversarial_stress_test,clean_model_teacher_prediction_not_measured_target
poly_4016,[*]CC([*])(C#N)C(=O)OPC(C)C,Bandgap,6.597533226013184,eV,phase4_adversarial_augmentation,train,probabilistic_mcmc,adversarial_stress_test,clean_model_teacher_prediction_not_measured_target
poly_340,[*]c1cc(COCCCCCCCCCCCCOc2cccS(-c3ccc(OC)cc3)cc2)c([*])s1,Bandgap,3.07501220703125,eV,phase4_adversarial_augmentation,train,probabilistic_mcmc,adversarial_stress_test,clean_model_teacher_prediction_not_measured_target
poly_2664,[*]Cc1cc(C)c(CNC(=O)CCCC(=O)N[*])cc1C,Bandgap,5.604064464569092,eV,phase4_adversarial_augmentation,train,probabilistic_mcmc,adversarial_stress_test,clean_model_teacher_prediction_not_measured_target
poly_1055,[*]c1ccc(S(\O)(=O)c2ccc(N3C(=O)c4ccc(-c5ccc6c(c5)C(=O)N([*])C6=O)cc4C3=O)cc2)cc1,Bandgap,3.7920069694519043,eV,phase4_adversarial_augmentation,train,probabilistic_mcmc,adversarial_stress_test,clean_model_teacher_prediction_not_measured_target
poly_3917,[*]([*])O,Bandgap,7.28387451171875,eV,phase4_adversarial_augmentation,train,probabilistic_mcmc,adversarial_stress_test,clean_model_teacher_prediction_not_measured_target
poly_2133,[*]Oc1cccc(C([*])=O)Oc1,Bandgap,4.7580766677856445,eV,phase4_adversarial_augmentation,train,probabilistic_mcmc,adversarial_stress_test,clean_model_teacher_prediction_not_measured_target
poly_1097,[*]Sc1ccc(C(=O)[Si]CNNCC(=O)c2ccc([*])cc2)cc1,Bandgap,4.592469692230225,eV,phase4_adversarial_augmentation,train,probabilistic_mcmc,adversarial_stress_test,clean_model_teacher_prediction_not_measured_target
poly_16,[*]C=C([*])C=N,Bandgap,0.9544410705566406,eV,phase4_adversarial_augmentation,train,probabilistic_mcmc,adversarial_stress_test,clean_model_teacher_prediction_not_measured_target
poly_1235,[*]Sc1ccc(Nc2ccc(Nc3ccc(Nc4ccc([*])cc4)cc3)cn2)cc1,Bandgap,3.940247058868408,eV,phase4_adversarial_augmentation,train,probabilistic_mcmc,adversarial_stress_test,clean_model_teacher_prediction_not_measured_target
poly_1555,[*]Oc1ccc(OC(=O)c2[Si]cccc(C([*])=O)c2)cc1,Bandgap,4.026657581329346,eV,phase4_adversarial_augmentation,train,probabilistic_mcmc,adversarial_stress_test,clean_model_teacher_prediction_not_measured_target
poly_2503,[*]=CC(C)(C)CS[*],Bandgap,2.6172609329223633,eV,phase4_adversarial_augmentation,train,probabilistic_mcmc,adversarial_stress_test,clean_model_teacher_prediction_not_measured_target
poly_2539,[*]Cc1c#cc(C(=O)N[*])cc1,Bandgap,4.210606575012207,eV,phase4_adversarial_augmentation,train,probabilistic_mcmc,adversarial_stress_test,clean_model_teacher_prediction_not_measured_target
poly_682,[*]c1ccc([N+](=O)[O-])c2c1[Si]C(=O)c1c([N+](=O)[O-])ccc([*])c1C2=O,Bandgap,2.5019097328186035,eV,phase4_adversarial_augmentation,train,probabilistic_mcmc,adversarial_stress_test,clean_model_teacher_prediction_not_measured_target
poly_3681,[*]CCCCCOC(-O)C(=O)O[*],Bandgap,6.554106712341309,eV,phase4_adversarial_augmentation,train,probabilistic_mcmc,adversarial_stress_test,clean_model_teacher_prediction_not_measured_target
poly_4019,[*]CCCCCOC(=O)CCCCS(=O)(=O)CCCOC(=O)O[*],Bandgap,6.537629127502441,eV,phase4_adversarial_augmentation,train,probabilistic_mcmc,adversarial_stress_test,clean_model_teacher_prediction_not_measured_target
poly_63,[*]C-C[*],Bandgap,6.551860809326172,eV,phase4_adversarial_augmentation,train,probabilistic_mcmc,adversarial_stress_test,clean_model_teacher_prediction_not_measured_target
poly_3286,[*]CCC(=O)NC(=O)N[*],Bandgap,5.650443077087402,eV,phase4_adversarial_augmentation,train,probabilistic_mcmc,adversarial_stress_test,clean_model_teacher_prediction_not_measured_target
poly_323,[*]CC(S1)=CC=C1C(=S)[*],Bandgap,2.7431321144104004,eV,phase4_adversarial_augmentation,train,probabilistic_mcmc,adversarial_stress_test,clean_model_teacher_prediction_not_measured_target
poly_84,[*]c1cc(CCOC(=O)NOCCC)c([*])s1,Bandgap,1.2702693939208984,eV,phase4_adversarial_augmentation,train,probabilistic_mcmc,adversarial_stress_test,clean_model_teacher_prediction_not_measured_target
poly_1722,[*]Oc1ccc2ccc(OC(=O)Oc3cccc(OC([*])=O)c3)-cc2c1,Bandgap,4.546709060668945,eV,phase4_adversarial_augmentation,train,probabilistic_mcmc,adversarial_stress_test,clean_model_teacher_prediction_not_measured_target
poly_3334,[*]CCCCCCCCCCOC(=O)N([*])C,Bandgap,6.123661994934082,eV,phase4_adversarial_augmentation,train,probabilistic_mcmc,adversarial_stress_test,clean_model_teacher_prediction_not_measured_target
poly_1335,[*]C(=O)c1ccc(Oc2ccc(C(C)(Br)c3ccc(Oc4ccc([*])s4)cc3)cc2)cc1,Bandgap,3.691340208053589,eV,phase4_adversarial_augmentation,train,probabilistic_mcmc,adversarial_stress_test,clean_model_teacher_prediction_not_measured_target
poly_4039,[*]CC1CCC(COC(=O)CCC\CCCCC(=O)O[*])CC1,Bandgap,6.398188591003418,eV,phase4_adversarial_augmentation,train,probabilistic_mcmc,adversarial_stress_test,clean_model_teacher_prediction_not_measured_target
poly_2134,[*]CCCCCCOC(=O)OCCCCCCCCOC(=O)OCCCCCOc1ccc(Oc2ccc(O[*])cc2)cc1,Bandgap,4.743265151977539,eV,phase4_adversarial_augmentation,train,probabilistic_mcmc,adversarial_stress_test,clean_model_teacher_prediction_not_measured_target
poly_3209,[*]CCC#CCC(=O)NCCCCCOCCCCCNC(=O)CCCO[*],Bandgap,5.076875686645508,eV,phase4_adversarial_augmentation,train,probabilistic_mcmc,adversarial_stress_test,clean_model_teacher_prediction_not_measured_target
poly_2766,[*]C(=O)C1CCN1[*],Bandgap,5.5221638679504395,eV,phase4_adversarial_augmentation,train,probabilistic_mcmc,adversarial_stress_test,clean_model_teacher_prediction_not_measured_target
poly_1557,[*]CC(=O)C(S1)CC=C1C(=O)[*],Bandgap,4.355140686035156,eV,phase4_adversarial_augmentation,train,probabilistic_mcmc,adversarial_stress_test,clean_model_teacher_prediction_not_measured_target
poly_1592,[*]CCC(=O)Nc1cccc2c(NC(=O)O[*])cccc12,Bandgap,3.8790886402130127,eV,phase4_adversarial_augmentation,train,probabilistic_mcmc,adversarial_stress_test,clean_model_teacher_prediction_not_measured_target
poly_3278,[*]NCCCCCCOCC1(CO[*])CC1,Bandgap,5.68082857131958,eV,phase4_adversarial_augmentation,train,probabilistic_mcmc,adversarial_stress_test,clean_model_teacher_prediction_not_measured_target
poly_2941,[*]OC(c1ccccc1)C(C)(C)C([*])O,Bandgap,5.324079990386963,eV,phase4_adversarial_augmentation,train,probabilistic_mcmc,adversarial_stress_test,clean_model_teacher_prediction_not_measured_target
poly_2688,[*]C(C)C=C([*])C,Bandgap,5.249443531036377,eV,phase4_adversarial_augmentation,train,probabilistic_mcmc,adversarial_stress_test,clean_model_teacher_prediction_not_measured_target
poly_1964,[*]CCc1ccc([*])c(I)c1,Bandgap,5.245445251464844,eV,phase4_adversarial_augmentation,train,probabilistic_mcmc,adversarial_stress_test,clean_model_teacher_prediction_not_measured_target
poly_2450,[*]Oc1ccc(C(C)(CCC#N)c2ccc(OC([*])=O)cc2)#cc1,Bandgap,4.890462875366211,eV,phase4_adversarial_augmentation,train,probabilistic_mcmc,adversarial_stress_test,clean_model_teacher_prediction_not_measured_target
poly_2686,[*]CCOC(=O)Nc1cccc(NC(=O)OO[*])c1,Bandgap,5.375360488891602,eV,phase4_adversarial_augmentation,train,probabilistic_mcmc,adversarial_stress_test,clean_model_teacher_prediction_not_measured_target
poly_2460,[*]CCCC-1CCN(SC(=O)OCCCCCCOC(=O)SN2CCC([*])CC2)CC1,Bandgap,5.023662090301514,eV,phase4_adversarial_augmentation,train,probabilistic_mcmc,adversarial_stress_test,clean_model_teacher_prediction_not_measured_target
poly_81,[*]c1s([*])c(CCCCCCN(CC)c2ccccc2)c1CCCCCC,Bandgap,1.1059527397155762,eV,phase4_adversarial_augmentation,train,probabilistic_mcmc,adversarial_stress_test,clean_model_teacher_prediction_not_measured_target
poly_2521,[*]Cc1ccs(COC(=O)CCCCCCCCC(=O)O[*])cc1,Bandgap,2.9732658863067627,eV,phase4_adversarial_augmentation,train,probabilistic_mcmc,adversarial_stress_test,clean_model_teacher_prediction_not_measured_target
poly_3186,[*]C(=O)OCCCCOC(=S)N1CCN([*])CC1,Bandgap,4.198601245880127,eV,phase4_adversarial_augmentation,train,probabilistic_mcmc,adversarial_stress_test,clean_model_teacher_prediction_not_measured_target
poly_913,[*]Oc1ccc(C2(c3ccc(OC(=O)c4cocc(C([*])=O)cc4)cc3)CCc3ccccc32)cc1,Bandgap,4.167620658874512,eV,phase4_adversarial_augmentation,train,probabilistic_mcmc,adversarial_stress_test,clean_model_teacher_prediction_not_measured_target
poly_154,[*]c1ccc(-c2cc(CCCCCCOC(=S)COc3ccccc3)c([*])s2)s1,Bandgap,2.340332508087158,eV,phase4_adversarial_augmentation,train,probabilistic_mcmc,adversarial_stress_test,clean_model_teacher_prediction_not_measured_target
poly_3640,[*]CC#CCOC(=O)CCCCPCC(=O)O[*],Bandgap,6.140994071960449,eV,phase4_adversarial_augmentation,train,probabilistic_mcmc,adversarial_stress_test,clean_model_teacher_prediction_not_measured_target
poly_491,[*]C(=O)C(S1)=NC=C1C(S2)=CC=C2O[*],Bandgap,2.5924558639526367,eV,phase4_adversarial_augmentation,train,probabilistic_mcmc,adversarial_stress_test,clean_model_teacher_prediction_not_measured_target
poly_88,[*]C#CC#Ic1ccc([*])s1,Bandgap,1.2515575885772705,eV,phase4_adversarial_augmentation,train,probabilistic_mcmc,adversarial_stress_test,clean_model_teacher_prediction_not_measured_target
poly_4038,[*]OC(C)COC(=O)CCCC([*])=O,Bandgap,5.874026775360107,eV,phase4_adversarial_augmentation,train,probabilistic_mcmc,adversarial_stress_test,clean_model_teacher_prediction_not_measured_target
poly_4184,[*]PC([*])C#N,Bandgap,7.433016777038574,eV,phase4_adversarial_augmentation,train,probabilistic_mcmc,adversarial_stress_test,clean_model_teacher_prediction_not_measured_target
poly_1843,[*]OP(=O)(Oc1ccccc1)Oc1c(Cl)c(Cl)c([*])(Cl)c1Cl,Bandgap,4.493478775024414,eV,phase4_adversarial_augmentation,train,probabilistic_mcmc,adversarial_stress_test,clean_model_teacher_prediction_not_measured_target
poly_1834,O([*])CC(F)(F)C(F)(F)C(Cl)(F)C(F)(F)COC(=O)CCSCCSCCC(=O)([*]),Bandgap,4.2468180656433105,eV,phase4_adversarial_augmentation,train,probabilistic_mcmc,adversarial_stress_test,clean_model_teacher_prediction_not_measured_target
poly_3755,[*]CC(C)(C)COC(=O)NCCCCCCSC(=O)O[*],Bandgap,6.041663646697998,eV,phase4_adversarial_augmentation,train,probabilistic_mcmc,adversarial_stress_test,clean_model_teacher_prediction_not_measured_target
poly_4206,[*]SC(F)(F)C(F)(F)C([*])(F)F,Bandgap,7.179063320159912,eV,phase4_adversarial_augmentation,train,probabilistic_mcmc,adversarial_stress_test,clean_model_teacher_prediction_not_measured_target
poly_2808,[*]CC(COCC=C)S[*],Bandgap,5.17694091796875,eV,phase4_adversarial_augmentation,train,probabilistic_mcmc,adversarial_stress_test,clean_model_teacher_prediction_not_measured_target
poly_1217,[*]Nc1ccc([*])cc1CCCCCCCOCCCCCCC,Bandgap,4.381306171417236,eV,phase4_adversarial_augmentation,train,probabilistic_mcmc,adversarial_stress_test,clean_model_teacher_prediction_not_measured_target
poly_3132,[*]C=CC(CBr)C([*])C(=O)OC(C)C,Bandgap,5.192838191986084,eV,phase4_adversarial_augmentation,train,probabilistic_mcmc,adversarial_stress_test,clean_model_teacher_prediction_not_measured_target
poly_652,[*]c1cc(-s2ccccc2)c([*])[nH]1,Bandgap,2.9149608612060547,eV,phase4_adversarial_augmentation,train,probabilistic_mcmc,adversarial_stress_test,clean_model_teacher_prediction_not_measured_target
poly_3513,[*]C([*])OCC(=O)O,Bandgap,6.523111343383789,eV,phase4_adversarial_augmentation,train,probabilistic_mcmc,adversarial_stress_test,clean_model_teacher_prediction_not_measured_target
poly_2089,[*]c1cc(OC)([*])cc1OC,Bandgap,4.843510150909424,eV,phase4_adversarial_augmentation,train,probabilistic_mcmc,adversarial_stress_test,clean_model_teacher_prediction_not_measured_target
poly_1238,[*]CC([*])C(=O)Sc1ccc(Br)c(OC)c1,Bandgap,4.3639020919799805,eV,phase4_adversarial_augmentation,train,probabilistic_mcmc,adversarial_stress_test,clean_model_teacher_prediction_not_measured_target
poly_551,[*]c1cc(CCCCC)c([*])[nH]1,Bandgap,2.6604270935058594,eV,phase4_adversarial_augmentation,train,probabilistic_mcmc,adversarial_stress_test,clean_model_teacher_prediction_not_measured_target
poly_2929,[*]CC1CCC(ICNC(=O)CCCCC(=O)N[*])CC1,Bandgap,5.464828968048096,eV,phase4_adversarial_augmentation,train,probabilistic_mcmc,adversarial_stress_test,clean_model_teacher_prediction_not_measured_target
poly_1769,[*]Oc1ccc(C(C)=Nc2ccccc2NC(C)c2ccc([*])cc2)cc1,Bandgap,4.32914400100708,eV,phase4_adversarial_augmentation,train,probabilistic_mcmc,adversarial_stress_test,clean_model_teacher_prediction_not_measured_target
poly_3659,[*]OC(=O)CCCCCCCCCCCCCCCC([*])=O,Bandgap,6.123055458068848,eV,phase4_adversarial_augmentation,train,probabilistic_mcmc,adversarial_stress_test,clean_model_teacher_prediction_not_measured_target
poly_1102,[*]c1ccc(-c2nc(-c3ccc(-c4nc([*])sc4C(=O)O)cc3)c(C(=N)O)s2)cc1,Bandgap,3.504589557647705,eV,phase4_adversarial_augmentation,train,probabilistic_mcmc,adversarial_stress_test,clean_model_teacher_prediction_not_measured_target
poly_1494,[*]Cc1cc(Cl)cc(Cl)c1[*],Bandgap,4.29410982131958,eV,phase4_adversarial_augmentation,train,probabilistic_mcmc,adversarial_stress_test,clean_model_teacher_prediction_not_measured_target
poly_2920,[*]CCCC1(C)CCN(C(=O)CCIC(=O)N2CCC([*])(C)CC2)CC1,Bandgap,5.875415802001953,eV,phase4_adversarial_augmentation,train,probabilistic_mcmc,adversarial_stress_test,clean_model_teacher_prediction_not_measured_target
poly_1030,[*]CCCCCCOc1ccc(C-Cc2ccc(O[*])cc2)cc1,Bandgap,4.34680700302124,eV,phase4_adversarial_augmentation,train,probabilistic_mcmc,adversarial_stress_test,clean_model_teacher_prediction_not_measured_target
poly_3380,[*]CCCCCCCCCCCCNC(=O)CCCCCCCCCCI(=O)N[*],Bandgap,5.9425530433654785,eV,phase4_adversarial_augmentation,train,probabilistic_mcmc,adversarial_stress_test,clean_model_teacher_prediction_not_measured_target
poly_3825,[*]CCCCCCC[N+]CCCOCO[*],Bandgap,6.066178321838379,eV,phase4_adversarial_augmentation,train,probabilistic_mcmc,adversarial_stress_test,clean_model_teacher_prediction_not_measured_target
poly_2444,[*]Oc1ccc(C(C)(CC)c2ccc(OC([*])=O)c(S)c2)cc1C,Bandgap,5.05160665512085,eV,phase4_adversarial_augmentation,train,probabilistic_mcmc,adversarial_stress_test,clean_model_teacher_prediction_not_measured_target
poly_2607,[*]NC(CCCI(=O)OCc1ccccc1)C([*])=O,Bandgap,4.454670429229736,eV,phase4_adversarial_augmentation,train,probabilistic_mcmc,adversarial_stress_test,clean_model_teacher_prediction_not_measured_target
poly_4107,[*]CCPC(=O)CCCCCC(=O)O[*],Bandgap,6.654675483703613,eV,phase4_adversarial_augmentation,train,probabilistic_mcmc,adversarial_stress_test,clean_model_teacher_prediction_not_measured_target
poly_2491,[*]Oc1ccc(C(CC)(c2cccc[N-]c2)c2ccc(OC(=O)CCCCCCCCC([*])=O)cc2)cc1,Bandgap,4.760053634643555,eV,phase4_adversarial_augmentation,train,probabilistic_mcmc,adversarial_stress_test,clean_model_teacher_prediction_not_measured_target
poly_3929,[*]CCOCCOC(=O)CCCCS(=O)(=O)CCCCP(=O)O[*],Bandgap,6.163995265960693,eV,phase4_adversarial_augmentation,train,probabilistic_mcmc,adversarial_stress_test,clean_model_teacher_prediction_not_measured_target
poly_2605,[*]CCCCCC(=O)NCc1ccc(CNS(=O)CCCCO[*])cc1,Bandgap,5.234246730804443,eV,phase4_adversarial_augmentation,train,probabilistic_mcmc,adversarial_stress_test,clean_model_teacher_prediction_not_measured_target
poly_2160,[*]Cc1ccc(-c2ccc(CSC(=O)CC(=O)S[*])cc2)cc1,Bandgap,4.250019550323486,eV,phase4_adversarial_augmentation,train,probabilistic_mcmc,adversarial_stress_test,clean_model_teacher_prediction_not_measured_target
poly_4022,[*]CC([*])(CF)C(=O)-OC,Bandgap,6.709586143493652,eV,phase4_adversarial_augmentation,train,probabilistic_mcmc,adversarial_stress_test,clean_model_teacher_prediction_not_measured_target
poly_1455,[*]Nc1cccc(NC(=O)c2cc(I([*])=O)cc(S(=O)(=O)c3ccccc3)c2)c1,Bandgap,3.6051666736602783,eV,phase4_adversarial_augmentation,train,probabilistic_mcmc,adversarial_stress_test,clean_model_teacher_prediction_not_measured_target
poly_2183,[*]CC([*])c1ccc(C(=O)OCI(C)C)cc1,Bandgap,4.678371429443359,eV,phase4_adversarial_augmentation,train,probabilistic_mcmc,adversarial_stress_test,clean_model_teacher_prediction_not_measured_target
poly_2048,[*]C=Nc1cc(NC(=O)NCCCCNO[*])ccc1C,Bandgap,4.736853122711182,eV,phase4_adversarial_augmentation,train,probabilistic_mcmc,adversarial_stress_test,clean_model_teacher_prediction_not_measured_target
poly_3615,[*]C(F)(F)C(F)(F)C(F)(F)COC(=O)NCCCCCCNC(=O)O[*],Bandgap,5.959434509277344,eV,phase4_adversarial_augmentation,train,probabilistic_mcmc,adversarial_stress_test,clean_model_teacher_prediction_not_measured_target
poly_3456,[*]C#CCOC(=O)CCC(=O)O[*],Bandgap,3.916473865509033,eV,phase4_adversarial_augmentation,train,probabilistic_mcmc,adversarial_stress_test,clean_model_teacher_prediction_not_measured_target
poly_869,[*]Oc1ccc(C(=O)CNc2cccc(NCC(=O)c3ccc([*])c[N-]c3)c2)cc1,Bandgap,4.088125228881836,eV,phase4_adversarial_augmentation,train,probabilistic_mcmc,adversarial_stress_test,clean_model_teacher_prediction_not_measured_target
poly_2302,[*]CCCP(CCCNC(=O)CCCCCCNCC(=O)N[*])c1ccccc1,Bandgap,5.288855075836182,eV,phase4_adversarial_augmentation,train,probabilistic_mcmc,adversarial_stress_test,clean_model_teacher_prediction_not_measured_target
poly_1423,[*]c1ccc([*])cc1F,Bandgap,4.053295135498047,eV,phase4_adversarial_augmentation,train,probabilistic_mcmc,adversarial_stress_test,clean_model_teacher_prediction_not_measured_target
poly_774,[*]c1cccc(S(=O)(=O)c2cccc(-n3c(=O)c4cc5c(=O)Nn([*])c(=O)c5cc4c3=O)c2)c1,Bandgap,3.0086283683776855,eV,phase4_adversarial_augmentation,train,probabilistic_mcmc,adversarial_stress_test,clean_model_teacher_prediction_not_measured_target
poly_1649,[*]c1ccc(-c2ccc([*])c(C)c2)cc1Br,Bandgap,3.4706246852874756,eV,phase4_adversarial_augmentation,train,probabilistic_mcmc,adversarial_stress_test,clean_model_teacher_prediction_not_measured_target
poly_2263,[*]CC(OC(C)=O)C1C(=N)N(c2ccc(C)cc2)C(=O)C1([*])Cl,Bandgap,4.411011695861816,eV,phase4_adversarial_augmentation,train,probabilistic_mcmc,adversarial_stress_test,clean_model_teacher_prediction_not_measured_target
poly_3010,N([*])C(=O)CCCCC(=O)/NCC1=C(C)C=C(C=C1)C([*]),Bandgap,4.3432440757751465,eV,phase4_adversarial_augmentation,train,probabilistic_mcmc,adversarial_stress_test,clean_model_teacher_prediction_not_measured_target
poly_3377,[*]CC(C)(CO[*])COCC(F)(F)C(I)(F)C(F)(F)F,Bandgap,5.799111366271973,eV,phase4_adversarial_augmentation,train,probabilistic_mcmc,adversarial_stress_test,clean_model_teacher_prediction_not_measured_target
poly_985,[*]c1ccc(n2ccc(-c3ccc(-c4ccn([*])n4)cc3)n2)cc1,Bandgap,3.2476966381073,eV,phase4_adversarial_augmentation,train,probabilistic_mcmc,adversarial_stress_test,clean_model_teacher_prediction_not_measured_target
poly_39,[*]c1cc2c(s1)-c1sc([*])cc1C2=C1c2ccc2-c2sccc21,Bandgap,1.029780387878418,eV,phase4_adversarial_augmentation,train,probabilistic_mcmc,adversarial_stress_test,clean_model_teacher_prediction_not_measured_target
poly_315,[*]c1ccc(Sc2ccc(\n3c(=O)c4cc5c(=O)n([*])c(=O)c5cc4c3=O)cn2)nc1,Bandgap,2.6848931312561035,eV,phase4_adversarial_augmentation,train,probabilistic_mcmc,adversarial_stress_test,clean_model_teacher_prediction_not_measured_target
poly_1013,[*]Oc1ccc(C=C2CC(=Cc3ccc([*])c([N+](=O)[O-])c3)C2=O)cc1[N+](=O)[O-],Bandgap,2.7899081707000732,eV,phase4_adversarial_augmentation,train,probabilistic_mcmc,adversarial_stress_test,clean_model_teacher_prediction_not_measured_target
poly_3167,[*]C=C(CF)C(F)(F)C[*],Bandgap,5.915444374084473,eV,phase4_adversarial_augmentation,train,probabilistic_mcmc,adversarial_stress_test,clean_model_teacher_prediction_not_measured_target
poly_4164,[*]OC1(F)CC(C([*]))C1C(F)(F)C1(F)CC1,Bandgap,6.667838096618652,eV,phase4_adversarial_augmentation,train,probabilistic_mcmc,adversarial_stress_test,clean_model_teacher_prediction_not_measured_target
poly_962,[*]Oc1cnc(C(CC)(CC)c2ccc(OC(=O)c3ccc(C([*])=O)cc3)cc2)cc1,Bandgap,3.5528438091278076,eV,phase4_adversarial_augmentation,train,probabilistic_mcmc,adversarial_stress_test,clean_model_teacher_prediction_not_measured_target
poly_2011,[*]CON([*])C(=O)c1cccs1,Bandgap,3.5245249271392822,eV,phase4_adversarial_augmentation,train,probabilistic_mcmc,adversarial_stress_test,clean_model_teacher_prediction_not_measured_target
poly_1619,[*]C(C)=C([*])SCN,Bandgap,4.54647970199585,eV,phase4_adversarial_augmentation,train,probabilistic_mcmc,adversarial_stress_test,clean_model_teacher_prediction_not_measured_target
poly_3304,[*]CCCCCCC(=O)NCCCCCOCCCCCNC(=O)CCO[*],Bandgap,5.657658576965332,eV,phase4_adversarial_augmentation,train,probabilistic_mcmc,adversarial_stress_test,clean_model_teacher_prediction_not_measured_target
poly_1483,[*]C=C([*])C(C)=S,Bandgap,1.5416932106018066,eV,phase4_adversarial_augmentation,train,probabilistic_mcmc,adversarial_stress_test,clean_model_teacher_prediction_not_measured_target
poly_344,[*]CC([*])Nc1ccc(Cl)c(Cl)c1,Bandgap,3.4799442291259766,eV,phase4_adversarial_augmentation,train,probabilistic_mcmc,adversarial_stress_test,clean_model_teacher_prediction_not_measured_target
poly_1046,[*]c1Sccc(-c2cnc3ccc(-c4ccc5nc([*])cnc5c4)cc3n2)cc1,Bandgap,3.783872365951538,eV,phase4_adversarial_augmentation,train,probabilistic_mcmc,adversarial_stress_test,clean_model_teacher_prediction_not_measured_target
poly_2690,[*]CC([*])C(=O)N(N)CC,Bandgap,5.388166904449463,eV,phase4_adversarial_augmentation,train,probabilistic_mcmc,adversarial_stress_test,clean_model_teacher_prediction_not_measured_target
poly_819,[*]c1cc(N=Nc2ccc(C)cc2)cc([*])c1O,Bandgap,3.113985538482666,eV,phase4_adversarial_augmentation,train,probabilistic_mcmc,adversarial_stress_test,clean_model_teacher_prediction_not_measured_target
poly_2169,[*]Oc1ccc(OC(=O)Oc2ccc(-c3ccc(OC([*])=O)cc3)cn2)cc1Cl,Bandgap,5.024601936340332,eV,phase4_adversarial_augmentation,train,probabilistic_mcmc,adversarial_stress_test,clean_model_teacher_prediction_not_measured_target
poly_1256,[*]Oc1ccc(N=CC=Nc2ccc(OC(-O)Nc3cc(NC([*])=O)ccc3C)cc2)cc1,Bandgap,3.9986441135406494,eV,phase4_adversarial_augmentation,train,probabilistic_mcmc,adversarial_stress_test,clean_model_teacher_prediction_not_measured_target
poly_3436,[*]OC(=O)SCS(=O)(=O)CCS(=O)(=O)CCC([*])=O,Bandgap,6.132183074951172,eV,phase4_adversarial_augmentation,train,probabilistic_mcmc,adversarial_stress_test,clean_model_teacher_prediction_not_measured_target
poly_3900,[*]CC(C#N)(C#N)C(C#N)C(C#N)(C#N)C(C#N)C(C#N)(C#N)C(CC#N)C(C#N)(C#N)[*],Bandgap,6.5594635009765625,eV,phase4_adversarial_augmentation,train,probabilistic_mcmc,adversarial_stress_test,clean_model_teacher_prediction_not_measured_target
poly_144,[*]CC([*])OC(=S)c1ccccc1Cl,Bandgap,2.0518014430999756,eV,phase4_adversarial_augmentation,train,probabilistic_mcmc,adversarial_stress_test,clean_model_teacher_prediction_not_measured_target
poly_1302,[*]CCC(C=C1)=CC=C1CS(S2)=CC=C2[*],Bandgap,2.9853363037109375,eV,phase4_adversarial_augmentation,train,probabilistic_mcmc,adversarial_stress_test,clean_model_teacher_prediction_not_measured_target
poly_729,[*]N=Nc/1ccc(NC(=O)CCC(=O)Nc2ccc([*])cc2)cc1,Bandgap,2.5960025787353516,eV,phase4_adversarial_augmentation,train,probabilistic_mcmc,adversarial_stress_test,clean_model_teacher_prediction_not_measured_target
poly_879,[*]Oc1ccc(NC(=O)c2cccc(C(=O)Nc3ccc([*])cPc3)c2)cc1,Bandgap,3.9467756748199463,eV,phase4_adversarial_augmentation,train,probabilistic_mcmc,adversarial_stress_test,clean_model_teacher_prediction_not_measured_target
poly_3120,[*]CC(OC1CCCC1)C1C(=O)OC(=O)C1[*],Bandgap,5.729583263397217,eV,phase4_adversarial_augmentation,train,probabilistic_mcmc,adversarial_stress_test,clean_model_teacher_prediction_not_measured_target
poly_2898,[*]C=CC1CC([*])C2CP(=O)N(CCCCCCCCC)C(=O)C12,Bandgap,5.4075164794921875,eV,phase4_adversarial_augmentation,train,probabilistic_mcmc,adversarial_stress_test,clean_model_teacher_prediction_not_measured_target
poly_998,[*]NC(S1)-CC=C1C(S2)=CC=C2C[*],Bandgap,3.645055055618286,eV,phase4_adversarial_augmentation,train,probabilistic_mcmc,adversarial_stress_test,clean_model_teacher_prediction_not_measured_target
poly_2120,[*]Nc1ccs(NC(=O)CCCCCC([*])=O)cc1,Bandgap,3.2765212059020996,eV,phase4_adversarial_augmentation,train,probabilistic_mcmc,adversarial_stress_test,clean_model_teacher_prediction_not_measured_target
poly_2791,[*]CCc=1ccc([*])c(Cl)c1Cl,Bandgap,2.3278331756591797,eV,phase4_adversarial_augmentation,train,probabilistic_mcmc,adversarial_stress_test,clean_model_teacher_prediction_not_measured_target
poly_3695,[*]OC1CCC(OC(=O)CC([*])=O)CC1,Bandgap,6.484027862548828,eV,phase4_adversarial_augmentation,train,probabilistic_mcmc,adversarial_stress_test,clean_model_teacher_prediction_not_measured_target
poly_1601,[*]Oc3ccc(IOc1cccc([*])c1C#N)c(c2cc(C)cc(C)c2)c3,Bandgap,3.673398971557617,eV,phase4_adversarial_augmentation,train,probabilistic_mcmc,adversarial_stress_test,clean_model_teacher_prediction_not_measured_target
poly_2161,[*]c1ccc(C(C#N)(C#N)C([*])(C#N)CN)cc1,Bandgap,5.105447292327881,eV,phase4_adversarial_augmentation,train,probabilistic_mcmc,adversarial_stress_test,clean_model_teacher_prediction_not_measured_target
poly_1876,[*]OOC(C)COC(=O)c1ccc(C([*])=O)cc1,Bandgap,4.447865962982178,eV,phase4_adversarial_augmentation,train,probabilistic_mcmc,adversarial_stress_test,clean_model_teacher_prediction_not_measured_target
poly_1221,[*]C(=O)NNI(=O)c1ccc([*])nc1,Bandgap,3.234121561050415,eV,phase4_adversarial_augmentation,train,probabilistic_mcmc,adversarial_stress_test,clean_model_teacher_prediction_not_measured_target
poly_890,[*]c1c/cc(-c2ccc(-c3ccc(-c4nc5cc6sc([*])nc6cc5s4)cc3)c(-c3ccccc3)c2-c2ccccc2)cc1,Bandgap,3.672293186187744,eV,phase4_adversarial_augmentation,train,probabilistic_mcmc,adversarial_stress_test,clean_model_teacher_prediction_not_measured_target
poly_2152,[*]Oc1cccc(C(=O)Oc2ccc(C(C)(C)c3ccc(OC([*])=O)cc3)cc2)c1,Bandgap,4.5716352462768555,eV,phase4_adversarial_augmentation,train,probabilistic_mcmc,adversarial_stress_test,clean_model_teacher_prediction_not_measured_target
poly_2810,[*]CCCCCCCCCNC(=O)NCCOCCCNC(=O)N[*],Bandgap,5.616665363311768,eV,phase4_adversarial_augmentation,train,probabilistic_mcmc,adversarial_stress_test,clean_model_teacher_prediction_not_measured_target
poly_3633,[*]CCCCCCCCOC(=O)CC=CNC(=O)O[*],Bandgap,5.255343437194824,eV,phase4_adversarial_augmentation,train,probabilistic_mcmc,adversarial_stress_test,clean_model_teacher_prediction_not_measured_target
poly_4018,[*]CC(C)(F)COC(=O)CCCCCCC(=O)O[*],Bandgap,6.523350715637207,eV,phase4_adversarial_augmentation,train,probabilistic_mcmc,adversarial_stress_test,clean_model_teacher_prediction_not_measured_target
poly_596,[*]c1oc([*])c2nc(C)c(C)nc12,Bandgap,4.383191108703613,eV,phase4_adversarial_augmentation,train,probabilistic_mcmc,adversarial_stress_test,clean_model_teacher_prediction_not_measured_target
poly_957,[*]c1ccc(Oc2sccc(-c3cc(OCCCCCC)c(-c4ccc(Oc5ccc(-c6nnc([*])o6)cc5)cc4)cc3OCCCCCC)cc2)cc1,Bandgap,3.7468154430389404,eV,phase4_adversarial_augmentation,train,probabilistic_mcmc,adversarial_stress_test,clean_model_teacher_prediction_not_measured_target
poly_1947,[*]Nc1ccc(NC(=O)Cc2cc(C([*])=O)c(C)cc2C)cc1,Bandgap,3.5833311080932617,eV,phase4_adversarial_augmentation,train,probabilistic_mcmc,adversarial_stress_test,clean_model_teacher_prediction_not_measured_target
poly_3919,[*]CCOC(=O)C1CC(C(=O)O[*])CC1,Bandgap,6.349698066711426,eV,phase4_adversarial_augmentation,train,probabilistic_mcmc,adversarial_stress_test,clean_model_teacher_prediction_not_measured_target
poly_3699,[*]CCCCCCC(-O)O[*],Bandgap,6.667545318603516,eV,phase4_adversarial_augmentation,train,probabilistic_mcmc,adversarial_stress_test,clean_model_teacher_prediction_not_measured_target
poly_2072,[*]Oc1ccc(S(O)(=O)NCCNS(=O)(=O)c2ccc([*])cc2)cc1,Bandgap,4.836375713348389,eV,phase4_adversarial_augmentation,train,probabilistic_mcmc,adversarial_stress_test,clean_model_teacher_prediction_not_measured_target
poly_2121,[*]OC(=O)c1cccc(C(=O)OC2C3CC([*])CC(C2)O3)c1,Bandgap,5.604138374328613,eV,phase4_adversarial_augmentation,train,probabilistic_mcmc,adversarial_stress_test,clean_model_teacher_prediction_not_measured_target
poly_30,[*]C=C([*])c1cccc2ccncc12,Bandgap,1.167802095413208,eV,phase4_adversarial_augmentation,train,probabilistic_mcmc,adversarial_stress_test,clean_model_teacher_prediction_not_measured_target
poly_2669,[*]OC(=C(C)C)C(C)(I)C([*])=O,Bandgap,5.502849102020264,eV,phase4_adversarial_augmentation,train,probabilistic_mcmc,adversarial_stress_test,clean_model_teacher_prediction_not_measured_target
poly_2376,[*]CCP(CCCCCCCC)CCCNC(=O)CCCCC(=O)N[*],Bandgap,5.657532691955566,eV,phase4_adversarial_augmentation,train,probabilistic_mcmc,adversarial_stress_test,clean_model_teacher_prediction_not_measured_target
poly_3460,[*]CC([*])(F)C(O)OCC(Cl)(Cl)Cl,Bandgap,6.94568395614624,eV,phase4_adversarial_augmentation,train,probabilistic_mcmc,adversarial_stress_test,clean_model_teacher_prediction_not_measured_target
poly_2403,[*]C=C([*])OCCCCl,Bandgap,4.263310432434082,eV,phase4_adversarial_augmentation,train,probabilistic_mcmc,adversarial_stress_test,clean_model_teacher_prediction_not_measured_target
poly_329,[*]c1ccc(C(C)[Si]c2ccc(-n3c(=O)c4cc5c(=O)n([*])c(=O)c5cc4c3=O)cc2)cc1,Bandgap,2.9869723320007324,eV,phase4_adversarial_augmentation,train,probabilistic_mcmc,adversarial_stress_test,clean_model_teacher_prediction_not_measured_target
poly_1920,[*]CCCCCCCCCCNC(=N[*])c1Occccc1,Bandgap,4.924215316772461,eV,phase4_adversarial_augmentation,train,probabilistic_mcmc,adversarial_stress_test,clean_model_teacher_prediction_not_measured_target
poly_398,[*]c1cc(CCCCCSCCCC2COC(C)(C)O2)c([*])s1,Bandgap,2.5535922050476074,eV,phase4_adversarial_augmentation,train,probabilistic_mcmc,adversarial_stress_test,clean_model_teacher_prediction_not_measured_target
poly_723,[*]C(=O)C(S1)=CC=C1C(=O)C(S2)=C=C=C2[*],Bandgap,2.579144239425659,eV,phase4_adversarial_augmentation,train,probabilistic_mcmc,adversarial_stress_test,clean_model_teacher_prediction_not_measured_target
poly_671,[*]c1ccc(-n2c(=O)c3cc4c(=O)n([*])c(=O)c4cc3c2=O)c(CP(=O)(OCCCl)OCCCl)oc1,Bandgap,2.6830239295959473,eV,phase4_adversarial_augmentation,train,probabilistic_mcmc,adversarial_stress_test,clean_model_teacher_prediction_not_measured_target
poly_584,[*]c1cc(CCC[N-]CCCCC)c([*])[nH]1,Bandgap,2.3696773052215576,eV,phase4_adversarial_augmentation,train,probabilistic_mcmc,adversarial_stress_test,clean_model_teacher_prediction_not_measured_target
poly_2566,[*]CC([*])C(N=O)N(C)C,Bandgap,5.94095516204834,eV,phase4_adversarial_augmentation,train,probabilistic_mcmc,adversarial_stress_test,clean_model_teacher_prediction_not_measured_target
poly_4158,[*]CC(C#N)(C#N)C(C#N)C(C#N)(C-N)[*],Bandgap,6.707533836364746,eV,phase4_adversarial_augmentation,train,probabilistic_mcmc,adversarial_stress_test,clean_model_teacher_prediction_not_measured_target
poly_4000,[*]O[Si](C)(C)-O[Si](C)(C)OC(C)CCCCC([*])C,Bandgap,6.534575462341309,eV,phase4_adversarial_augmentation,train,probabilistic_mcmc,adversarial_stress_test,clean_model_teacher_prediction_not_measured_target
poly_3864,[*]CC([*])C(=O)PC(C)C,Bandgap,6.242609024047852,eV,phase4_adversarial_augmentation,train,probabilistic_mcmc,adversarial_stress_test,clean_model_teacher_prediction_not_measured_target
poly_3158,[*]C1C[Si]=CC(S([*])(=O)=O)CC1,Bandgap,4.783421993255615,eV,phase4_adversarial_augmentation,train,probabilistic_mcmc,adversarial_stress_test,clean_model_teacher_prediction_not_measured_target
poly_375,[*]C(=O)c1ccc2c(c1O)C(=O)N(c1ccc(Oc3ccc(N4C(=O)c5ccc([*])c(O)c5P4=O)cc3)cc1)C2=O,Bandgap,2.46049427986145,eV,phase4_adversarial_augmentation,train,probabilistic_mcmc,adversarial_stress_test,clean_model_teacher_prediction_not_measured_target
poly_3518,[*]CC(=C)CO[*],Bandgap,5.083592414855957,eV,phase4_adversarial_augmentation,train,probabilistic_mcmc,adversarial_stress_test,clean_model_teacher_prediction_not_measured_target
poly_3094,[*]C(CC([*])(C#N)C(=O)OC)c1ccccc1,Bandgap,5.525863170623779,eV,phase4_adversarial_augmentation,train,probabilistic_mcmc,adversarial_stress_test,clean_model_teacher_prediction_not_measured_target
poly_3631,[*]CCCCCCCCCOC(=O)NCCCCCNC(=O)O[*],Bandgap,6.154288291931152,eV,phase4_adversarial_augmentation,train,probabilistic_mcmc,adversarial_stress_test,clean_model_teacher_prediction_not_measured_target
poly_348,[*]C(=O)Nc1ccc(Cc2ccc(NC(=O)c3ccc4c(c3)C(=O)N(c3ccc(S(=O)(=O)c5ccc(N6C(=O)c7ccc([*])cc7C6=O)cc5)cc3)C4[Si]=O)cc2)cc1,Bandgap,2.619312286376953,eV,phase4_adversarial_augmentation,train,probabilistic_mcmc,adversarial_stress_test,clean_model_teacher_prediction_not_measured_target
poly_1021,[*]CC(O)C(S1)=CC=C1C(C=C2)=CC=C2[*],Bandgap,3.232752799987793,eV,phase4_adversarial_augmentation,train,probabilistic_mcmc,adversarial_stress_test,clean_model_teacher_prediction_not_measured_target
poly_3431,[*]C(C)C(=O)N[*],Bandgap,5.290112018585205,eV,phase4_adversarial_augmentation,train,probabilistic_mcmc,adversarial_stress_test,clean_model_teacher_prediction_not_measured_target
poly_1546,[*]Oc1ccc(C(=O)OCCCOP(=O)c2ccc(OC(=O)c3ccc(C([*])=O)cc3)cc2)cc1,Bandgap,4.151494026184082,eV,phase4_adversarial_augmentation,train,probabilistic_mcmc,adversarial_stress_test,clean_model_teacher_prediction_not_measured_target
poly_1969,[*]Nc1s(Br)cc([*])cc1Br,Bandgap,2.3867146968841553,eV,phase4_adversarial_augmentation,train,probabilistic_mcmc,adversarial_stress_test,clean_model_teacher_prediction_not_measured_target
poly_2148,[*]CC([*])c1ccc#c(NC(C)=O)c1,Bandgap,3.3634958267211914,eV,phase4_adversarial_augmentation,train,probabilistic_mcmc,adversarial_stress_test,clean_model_teacher_prediction_not_measured_target
poly_1415,[*]CCc1nc(-c2ccc(c3csc([*])n3)cc2)cs1,Bandgap,4.270156383514404,eV,phase4_adversarial_augmentation,train,probabilistic_mcmc,adversarial_stress_test,clean_model_teacher_prediction_not_measured_target
poly_2090,[*]Nc#1ccc(NC(=O)CCCCC([*])=O)cc1,Bandgap,4.621906280517578,eV,phase4_adversarial_augmentation,train,probabilistic_mcmc,adversarial_stress_test,clean_model_teacher_prediction_not_measured_target
poly_2652,[*]C(C)/C=C\[*](C),Bandgap,3.564742088317871,eV,phase4_adversarial_augmentation,train,probabilistic_mcmc,adversarial_stress_test,clean_model_teacher_prediction_not_measured_target
poly_2889,[*]CCCCCCCNC(=O)C=CCCC=CC(=O)[*],Bandgap,5.294276714324951,eV,phase4_adversarial_augmentation,train,probabilistic_mcmc,adversarial_stress_test,clean_model_teacher_prediction_not_measured_target
poly_2222,[*]ON(C(F)(F)F)C(F)(F)C(F)=C(F)C([*])(F)I,Bandgap,4.614027500152588,eV,phase4_adversarial_augmentation,train,probabilistic_mcmc,adversarial_stress_test,clean_model_teacher_prediction_not_measured_target
poly_1268,[*]c1onc(Cl)nc(N(c2ccccc2)c2nc(Nc3ccccc3)nc(N([*])c3ccccc3)n2)n1,Bandgap,3.795529365539551,eV,phase4_adversarial_augmentation,train,probabilistic_mcmc,adversarial_stress_test,clean_model_teacher_prediction_not_measured_target
poly_407,[*]C(=O)c1ccc2c(c1)C(=O)N(c1c[Si]cc(OCCOCCOc3ccc(N4C(=O)c5ccc([*])cc5C4=O)cc3)cc1)C2=O,Bandgap,2.934962749481201,eV,phase4_adversarial_augmentation,train,probabilistic_mcmc,adversarial_stress_test,clean_model_teacher_prediction_not_measured_target
poly_2670,[*]C1NN(C(C([*])O)(C(F)(F)F)C(O)(Cl)C2(F)OC(O)C(O)C2O)O1,Bandgap,6.048602104187012,eV,phase4_adversarial_augmentation,train,probabilistic_mcmc,adversarial_stress_test,clean_model_teacher_prediction_not_measured_target
poly_1980,[*]Oc1cc[Si]c(-c2ccc(OC(=O)CCCCCCCCCCCC([*])=O)cc2)cc1,Bandgap,4.3502912521362305,eV,phase4_adversarial_augmentation,train,probabilistic_mcmc,adversarial_stress_test,clean_model_teacher_prediction_not_measured_target
poly_1821,[*]Nc1ccc([*])Pcc1,Bandgap,3.71893572807312,eV,phase4_adversarial_augmentation,train,probabilistic_mcmc,adversarial_stress_test,clean_model_teacher_prediction_not_measured_target
poly_3029,[*]CC([*])C(=O)C,Bandgap,6.150752067565918,eV,phase4_adversarial_augmentation,train,probabilistic_mcmc,adversarial_stress_test,clean_model_teacher_prediction_not_measured_target
poly_1206,[*]c1cc(S=Nc2cccc(C)c2)cc([*])c1O,Bandgap,3.9860453605651855,eV,phase4_adversarial_augmentation,train,probabilistic_mcmc,adversarial_stress_test,clean_model_teacher_prediction_not_measured_target
poly_351,[*]C(=O)Oc1ccc(OC(=O)c2ccc3c(c2)C(=O)N(c2ccc(Oc4ccc(N5C(=O)oc6ccc([*])cc6C5=O)cc4)cc2)C3=O)cc1,Bandgap,2.637073516845703,eV,phase4_adversarial_augmentation,train,probabilistic_mcmc,adversarial_stress_test,clean_model_teacher_prediction_not_measured_target
poly_3645,[*]ON(C(F)(I)C([*])(F)F)C(F)(F)C(F)(F)Br,Bandgap,6.368825435638428,eV,phase4_adversarial_augmentation,train,probabilistic_mcmc,adversarial_stress_test,clean_model_teacher_prediction_not_measured_target
poly_3001,[*]CC(=O)CCCCCCNC(=O)COC(=O)CCC(=O)O[*],Bandgap,5.904445648193359,eV,phase4_adversarial_augmentation,train,probabilistic_mcmc,adversarial_stress_test,clean_model_teacher_prediction_not_measured_target
poly_3262,[*]COON[*],Bandgap,6.149667739868164,eV,phase4_adversarial_augmentation,train,probabilistic_mcmc,adversarial_stress_test,clean_model_teacher_prediction_not_measured_target
poly_3500,[*]CCCOC(=O)N1CC1NC(=O)O[*],Bandgap,5.745030403137207,eV,phase4_adversarial_augmentation,train,probabilistic_mcmc,adversarial_stress_test,clean_model_teacher_prediction_not_measured_target
poly_674,[*]c1ccc(C(c2Pccccc2)c2ccc(N3C(=O)c4ccc(-c5ccc6c(c5)C(=O)N([*])C6=O)cc4C3=O)cc2)cc1,Bandgap,2.856646776199341,eV,phase4_adversarial_augmentation,train,probabilistic_mcmc,adversarial_stress_test,clean_model_teacher_prediction_not_measured_target
poly_2865,[*]C=CC1CC([*])C2C(=O)N(CCCCCCC)C(=O)C12,Bandgap,4.765718460083008,eV,phase4_adversarial_augmentation,train,probabilistic_mcmc,adversarial_stress_test,clean_model_teacher_prediction_not_measured_target
poly_2676,[*]Cc1cccc(CNCC(=O)CCCCC(=O)N[*])c1,Bandgap,5.3196282386779785,eV,phase4_adversarial_augmentation,train,probabilistic_mcmc,adversarial_stress_test,clean_model_teacher_prediction_not_measured_target
poly_636,[*]C(=O)C(C=CC1)=CC=C1C(C=C2)=CC=C2C(S3)=CC=C3[*],Bandgap,2.969909906387329,eV,phase4_adversarial_augmentation,train,probabilistic_mcmc,adversarial_stress_test,clean_model_teacher_prediction_not_measured_target
poly_2662,[*]C(C)\C([*])CCC,Bandgap,6.547724723815918,eV,phase4_adversarial_augmentation,train,probabilistic_mcmc,adversarial_stress_test,clean_model_teacher_prediction_not_measured_target
poly_2578,[*]PCc1ccc([*])c(Br)c1,Bandgap,5.204421043395996,eV,phase4_adversarial_augmentation,train,probabilistic_mcmc,adversarial_stress_test,clean_model_teacher_prediction_not_measured_target
poly_1560,[*]CCCCCn1ccc(-c2ccc(-c3ccn([*])n3)cc2)n1,Bandgap,4.711848735809326,eV,phase4_adversarial_augmentation,train,probabilistic_mcmc,adversarial_stress_test,clean_model_teacher_prediction_not_measured_target
poly_2322,[*]CCCCOC(=O)c1ccc(C(=O)S[*])cc1,Bandgap,4.8159918785095215,eV,phase4_adversarial_augmentation,train,probabilistic_mcmc,adversarial_stress_test,clean_model_teacher_prediction_not_measured_target
poly_3494,[*]CC(C)(CCCCC)C(=O)N[*],Bandgap,6.221163749694824,eV,phase4_adversarial_augmentation,train,probabilistic_mcmc,adversarial_stress_test,clean_model_teacher_prediction_not_measured_target
poly_1528,[*]CNCCCCNC(=O)c1ccc(C(=O)N[*])c(Oc2ccc(Cl)cc2)c1,Bandgap,4.063626766204834,eV,phase4_adversarial_augmentation,train,probabilistic_mcmc,adversarial_stress_test,clean_model_teacher_prediction_not_measured_target
poly_3740,[*]OC(CO)(CC([*])=O)C(F)(F)F,Bandgap,7.011187553405762,eV,phase4_adversarial_augmentation,train,probabilistic_mcmc,adversarial_stress_test,clean_model_teacher_prediction_not_measured_target
poly_503,[*]C(=O)Pc1ccc2c(c1)C(=O)N(c1ccc(Oc3ccc(N4C(=O)c5ccc([*])cc5C4=O)cc3Br)c(Br)c1)C2=O,Bandgap,2.833714485168457,eV,phase4_adversarial_augmentation,train,probabilistic_mcmc,adversarial_stress_test,clean_model_teacher_prediction_not_measured_target
poly_2464,[*]CC(C)C(C)CCNC(=O)c1cccc(C(=O)N[*])c1,Bandgap,5.257675647735596,eV,phase4_adversarial_augmentation,train,probabilistic_mcmc,adversarial_stress_test,clean_model_teacher_prediction_not_measured_target
poly_3729,[*]CC1CC1COC(=O)NCP1CC1NC(=O)O[*],Bandgap,5.686831474304199,eV,phase4_adversarial_augmentation,train,probabilistic_mcmc,adversarial_stress_test,clean_model_teacher_prediction_not_measured_target
poly_1179,[*]O/c1ccc(Oc2ccc(OC(=O)c3cccc(Oc4ccc(Oc5cccc(C([*])=O)c5)cc4)c3)cc2)cc1,Bandgap,3.9321208000183105,eV,phase4_adversarial_augmentation,train,probabilistic_mcmc,adversarial_stress_test,clean_model_teacher_prediction_not_measured_target
poly_3390,[*]CC([*])OCCCC,Bandgap,6.098539352416992,eV,phase4_adversarial_augmentation,train,probabilistic_mcmc,adversarial_stress_test,clean_model_teacher_prediction_not_measured_target
poly_3688,[*]CC([*])OC(=O)OC(Cl)(Cl)Cl,Bandgap,5.7145490646362305,eV,phase4_adversarial_augmentation,train,probabilistic_mcmc,adversarial_stress_test,clean_model_teacher_prediction_not_measured_target
poly_1710,[*]Oc1ccc(S(=O)(=O)c2ccc(Oc3ccc(CI(C)(C)c4ccc([*])c(Cl)c4)cc3Cl)cc2)cc1,Bandgap,4.2486491203308105,eV,phase4_adversarial_augmentation,train,probabilistic_mcmc,adversarial_stress_test,clean_model_teacher_prediction_not_measured_target
poly_3712,[*]OC([*])CCC[N+](=O)OC,Bandgap,5.9160871505737305,eV,phase4_adversarial_augmentation,train,probabilistic_mcmc,adversarial_stress_test,clean_model_teacher_prediction_not_measured_target
poly_3017,[*]CC(C)(C)C1C=C([*])CC1,Bandgap,6.083041191101074,eV,phase4_adversarial_augmentation,train,probabilistic_mcmc,adversarial_stress_test,clean_model_teacher_prediction_not_measured_target
poly_3768,[*]C([2H])([2H])C([*])(C(=O)OC([2H])([2H])C([2H])([2H])[N-])C([2H])([2H])[2H],Bandgap,6.083341121673584,eV,phase4_adversarial_augmentation,train,probabilistic_mcmc,adversarial_stress_test,clean_model_teacher_prediction_not_measured_target
poly_1684,[*]Cc1ccc(-c2c[Si]cc(CSC(=O)CCCCC(=O)S[*])cc2)cc1,Bandgap,4.139513969421387,eV,phase4_adversarial_augmentation,train,probabilistic_mcmc,adversarial_stress_test,clean_model_teacher_prediction_not_measured_target
poly_492,[*]c1ccc2nc3oc4cc5[nH]c6nc7ccc([*])cc7nc6oc5cc4[nH]c3nc\2c1,Bandgap,2.952202558517456,eV,phase4_adversarial_augmentation,train,probabilistic_mcmc,adversarial_stress_test,clean_model_teacher_prediction_not_measured_target
poly_3948,[*]C(C)(C)COC(=O)NCCNC(=O)O[*],Bandgap,6.255515098571777,eV,phase4_adversarial_augmentation,train,probabilistic_mcmc,adversarial_stress_test,clean_model_teacher_prediction_not_measured_target
poly_749,[*]C(=O)C(C=C1)=CC=C1P(=O)C(=S)[*],Bandgap,2.6389317512512207,eV,phase4_adversarial_augmentation,train,probabilistic_mcmc,adversarial_stress_test,clean_model_teacher_prediction_not_measured_target
poly_2329,[*]1ccc(C(F)(F)C([*])(F)F)cc1,Bandgap,3.9060418605804443,eV,phase4_adversarial_augmentation,train,probabilistic_mcmc,adversarial_stress_test,clean_model_teacher_prediction_not_measured_target
poly_892,[*]c1ccc2cc(-c3nc4cc5nc([*])[nH]c5cc4[nH][N+]3)ccc2c1,Bandgap,3.0144519805908203,eV,phase4_adversarial_augmentation,train,probabilistic_mcmc,adversarial_stress_test,clean_model_teacher_prediction_not_measured_target
poly_209,[*]c1cnc(Oc2ccc(C(C)(C)c3ccc(Oc4ccc(-n5c(=O)c6cc7c(=O)n([*])c(=O)c7cc6c5=O)cc4)cc3)cc2)cc1,Bandgap,2.3172237873077393,eV,phase4_adversarial_augmentation,train,probabilistic_mcmc,adversarial_stress_test,clean_model_teacher_prediction_not_measured_target
poly_3521,[*]ONC(=O)[*],Bandgap,6.246133327484131,eV,phase4_adversarial_augmentation,train,probabilistic_mcmc,adversarial_stress_test,clean_model_teacher_prediction_not_measured_target
poly_1762,[*]C(=O)NC(=O)c1cncc(C(=O)NNC(=O)c2ccc([*])nc2)c1,Bandgap,2.9416041374206543,eV,phase4_adversarial_augmentation,train,probabilistic_mcmc,adversarial_stress_test,clean_model_teacher_prediction_not_measured_target
poly_2171,[*]Oc1c(Br)cc(C2(c3cc(Br)c(OC([*])=O)c(Br)c3)CC3CCC2O3)cc1Br,Bandgap,4.815587997436523,eV,phase4_adversarial_augmentation,train,probabilistic_mcmc,adversarial_stress_test,clean_model_teacher_prediction_not_measured_target
poly_817,[*]C=C1CCCC(=Cc2c[N+]cc([*])cc2)C1=O,Bandgap,3.1628899574279785,eV,phase4_adversarial_augmentation,train,probabilistic_mcmc,adversarial_stress_test,clean_model_teacher_prediction_not_measured_target
poly_2727,[*]CCCCSCCCCCSCCCCS[*],Bandgap,4.945573806762695,eV,phase4_adversarial_augmentation,train,probabilistic_mcmc,adversarial_stress_test,clean_model_teacher_prediction_not_measured_target
poly_185,[*]C(I=C1)=CC=C1C(S2)=CC=C2C(=S)C(S3)=CC=C3[*],Bandgap,2.1288199424743652,eV,phase4_adversarial_augmentation,train,probabilistic_mcmc,adversarial_stress_test,clean_model_teacher_prediction_not_measured_target
poly_823,[*]Nc1ccc(NC(=O)c2ccc(C(=O)c3ccc(C([*])=O)c(C(=O)O)c3)cc2C(=O)Cl)cc1,Bandgap,2.7899255752563477,eV,phase4_adversarial_augmentation,train,probabilistic_mcmc,adversarial_stress_test,clean_model_teacher_prediction_not_measured_target
poly_2407,[*]CCC(S1)=CC=CN1O[*],Bandgap,4.508992671966553,eV,phase4_adversarial_augmentation,train,probabilistic_mcmc,adversarial_stress_test,clean_model_teacher_prediction_not_measured_target
poly_284,[*]C(=O)c1ccc2c(c1)C(\O)N(c1ccc(-c3ccc(-c4ccc(N5C(=O)c6ccc([*])cc6C5=O)cc4)cc3)cc1)C2=O,Bandgap,2.7749857902526855,eV,phase4_adversarial_augmentation,train,probabilistic_mcmc,adversarial_stress_test,clean_model_teacher_prediction_not_measured_target
poly_2948,[*]Cc1ccc(COC(=O)C\C(=O)O[*])cc1,Bandgap,4.86319637298584,eV,phase4_adversarial_augmentation,train,probabilistic_mcmc,adversarial_stress_test,clean_model_teacher_prediction_not_measured_target
poly_1976,[*]CC(=O)OC(=O)COc1cccc(O[N-][*])c1,Bandgap,4.708389759063721,eV,phase4_adversarial_augmentation,train,probabilistic_mcmc,adversarial_stress_test,clean_model_teacher_prediction_not_measured_target
poly_581,[*]Oc1ncc(Nc2ccc(N=Nc3ccc(Nc4ccc([*])cc4)cc3)cc2)cc1,Bandgap,2.8827106952667236,eV,phase4_adversarial_augmentation,train,probabilistic_mcmc,adversarial_stress_test,clean_model_teacher_prediction_not_measured_target
poly_2103,[*]CC(S1)=CC=C1OC(S/2)=CC=C2[*],Bandgap,4.033616542816162,eV,phase4_adversarial_augmentation,train,probabilistic_mcmc,adversarial_stress_test,clean_model_teacher_prediction_not_measured_target
poly_3986,[*]OC(C)CCOC(=O)CCCCC-CCC([*])=O,Bandgap,6.427905559539795,eV,phase4_adversarial_augmentation,train,probabilistic_mcmc,adversarial_stress_test,clean_model_teacher_prediction_not_measured_target
poly_3924,[*]ICCCCCCS(=O)(=O)NCCCCCCNS([*])(=O)=O,Bandgap,4.253565311431885,eV,phase4_adversarial_augmentation,train,probabilistic_mcmc,adversarial_stress_test,clean_model_teacher_prediction_not_measured_target
poly_1347,[*]Oc1ccc(S(=O)(=O)c2ccc(OC(=O)c3cccc(C([*])=O)c3)cc2)cc-1,Bandgap,3.58587384223938,eV,phase4_adversarial_augmentation,train,probabilistic_mcmc,adversarial_stress_test,clean_model_teacher_prediction_not_measured_target
poly_482,[*]c1c-cc([*])n1CCC(=O)OC,Bandgap,3.877875328063965,eV,phase4_adversarial_augmentation,train,probabilistic_mcmc,adversarial_stress_test,clean_model_teacher_prediction_not_measured_target
poly_3468,[*]C1C2C3CC4C(C3[*])C24C1,Bandgap,5.867465019226074,eV,phase4_adversarial_augmentation,train,probabilistic_mcmc,adversarial_stress_test,clean_model_teacher_prediction_not_measured_target
poly_978,[*]C=Cs1cc(Cl)c([*])cc1Cl,Bandgap,2.153395175933838,eV,phase4_adversarial_augmentation,train,probabilistic_mcmc,adversarial_stress_test,clean_model_teacher_prediction_not_measured_target
poly_1535,[*]CCNC(N1)=CC=C1[*],Bandgap,4.669589996337891,eV,phase4_adversarial_augmentation,train,probabilistic_mcmc,adversarial_stress_test,clean_model_teacher_prediction_not_measured_target
poly_991,[*]CC(S1)=CC=C1ICC(=S)[*],Bandgap,2.994840621948242,eV,phase4_adversarial_augmentation,train,probabilistic_mcmc,adversarial_stress_test,clean_model_teacher_prediction_not_measured_target
poly_3447,[*]CCCCCCCCCCNC(=O)CCCCCCCCCCCCCCCC(=O)N[*],Bandgap,5.991860389709473,eV,phase4_adversarial_augmentation,train,probabilistic_mcmc,adversarial_stress_test,clean_model_teacher_prediction_not_measured_target
poly_3891,[*]OC(C)CCOC(=O)CCCCS(=O)(=O)CNCCC([*])=O,Bandgap,5.9134697914123535,eV,phase4_adversarial_augmentation,train,probabilistic_mcmc,adversarial_stress_test,clean_model_teacher_prediction_not_measured_target
poly_3483,[*]CCCCCCCCCCOC(=O)CC=CCC(=O)[*],Bandgap,5.683773040771484,eV,phase4_adversarial_augmentation,train,probabilistic_mcmc,adversarial_stress_test,clean_model_teacher_prediction_not_measured_target
poly_2886,[*]Cc1ccc(COC(=O)CCCCS(=O)(=O)CCCC(=O)O[*])cc1,Bandgap,5.5674309730529785,eV,phase4_adversarial_augmentation,train,probabilistic_mcmc,adversarial_stress_test,clean_model_teacher_prediction_not_measured_target
poly_2987,[*]CC(O[*])c1ccc/cc1,Bandgap,4.396422386169434,eV,phase4_adversarial_augmentation,train,probabilistic_mcmc,adversarial_stress_test,clean_model_teacher_prediction_not_measured_target
poly_3691,[*]C1C2CC(C2)C1[*],Bandgap,6.6413798332214355,eV,phase4_adversarial_augmentation,train,probabilistic_mcmc,adversarial_stress_test,clean_model_teacher_prediction_not_measured_target
poly_99,[*]c-1cc(C)c([*])s1,Bandgap,2.2409842014312744,eV,phase4_adversarial_augmentation,train,probabilistic_mcmc,adversarial_stress_test,clean_model_teacher_prediction_not_measured_target
poly_2210,[*]CC([*])s1ccc(C(=O)OC)cc1,Bandgap,3.354670524597168,eV,phase4_adversarial_augmentation,train,probabilistic_mcmc,adversarial_stress_test,clean_model_teacher_prediction_not_measured_target
poly_2224,[*]CCCNC(=O)CCCCCCCC(=O)NCCCNC(/O)C(=O)N[*],Bandgap,5.384531021118164,eV,phase4_adversarial_augmentation,train,probabilistic_mcmc,adversarial_stress_test,clean_model_teacher_prediction_not_measured_target
poly_1750,[*]Oc1ccc(C(Cl)(C)c2ccc(Oc3cncc([*])n3)cc2)cc1,Bandgap,4.550824165344238,eV,phase4_adversarial_augmentation,train,probabilistic_mcmc,adversarial_stress_test,clean_model_teacher_prediction_not_measured_target
poly_1148,[*]Nc1ccc(C(=O)c2c(C)c(C)c(C(=O)c3ccc(NC(=O)c4Sccc(C([*])=O)cc4)cc3)c(C)c2C)cc1,Bandgap,3.1746151447296143,eV,phase4_adversarial_augmentation,train,probabilistic_mcmc,adversarial_stress_test,clean_model_teacher_prediction_not_measured_target
poly_3354,[*]CCCCCCCCCCCCNC(=O)CCP(C)(=O)CCC(=O)[*],Bandgap,5.874688625335693,eV,phase4_adversarial_augmentation,train,probabilistic_mcmc,adversarial_stress_test,clean_model_teacher_prediction_not_measured_target
poly_3038,[*]C=[Si]CC(C)C[*],Bandgap,5.586390018463135,eV,phase4_adversarial_augmentation,train,probabilistic_mcmc,adversarial_stress_test,clean_model_teacher_prediction_not_measured_target
poly_1270,[*]Oc1ccc(NC(=O)c2cc(NC(=O)C34CC5CC(CC(C5)C3)C4)cc(NC(=O)Nc3ccc([*])cc3)c2)cc1,Bandgap,3.9759013652801514,eV,phase4_adversarial_augmentation,train,probabilistic_mcmc,adversarial_stress_test,clean_model_teacher_prediction_not_measured_target
poly_3012,[*]CC([*])C1C=CCC1,Bandgap,5.535644054412842,eV,phase4_adversarial_augmentation,train,probabilistic_mcmc,adversarial_stress_test,clean_model_teacher_prediction_not_measured_target
poly_902,[*]N=Nc1ccc(C(=O)NCCCNC(=O)c2ccc([*])cc2)cc1,Bandgap,2.7843852043151855,eV,phase4_adversarial_augmentation,train,probabilistic_mcmc,adversarial_stress_test,clean_model_teacher_prediction_not_measured_target
poly_2694,[*]NNC(=O)CC(=O)NNC(=O)CCCCC([*])=O,Bandgap,5.466813564300537,eV,phase4_adversarial_augmentation,train,probabilistic_mcmc,adversarial_stress_test,clean_model_teacher_prediction_not_measured_target
poly_1845,O([*])c1cc(cc(CCCCCCCC)c1)OC(=O)c1cc(cc(F)c1)C(=O)([*]),Bandgap,3.864138126373291,eV,phase4_adversarial_augmentation,train,probabilistic_mcmc,adversarial_stress_test,clean_model_teacher_prediction_not_measured_target
poly_3000,[*]CCs1cccc([*])c1,Bandgap,2.961520195007324,eV,phase4_adversarial_augmentation,train,probabilistic_mcmc,adversarial_stress_test,clean_model_teacher_prediction_not_measured_target
poly_698,[*]c1ccc(c2ccc(-c3nc4ccc(-c5ccc6nc([*])c(-c7ccccc7)nc6c5)cc4nc3-c3ccccc3)cc2)cc1,Bandgap,3.743199586868286,eV,phase4_adversarial_augmentation,train,probabilistic_mcmc,adversarial_stress_test,clean_model_teacher_prediction_not_measured_target
poly_3942,[*]CCCCCCCCCCCCCCCCCCCOC(=O)CCCCCCC(=O)O[*],Bandgap,6.834115028381348,eV,phase4_adversarial_augmentation,train,probabilistic_mcmc,adversarial_stress_test,clean_model_teacher_prediction_not_measured_target
poly_1651,[*]CC(=O)OC(=O)COc1ccc([*])cc1,Bandgap,4.387380123138428,eV,phase4_adversarial_augmentation,train,probabilistic_mcmc,adversarial_stress_test,clean_model_teacher_prediction_not_measured_target
poly_134,[*]c1cc(-c2sc(-c3cc(C)c([*])s3)cc2C)c2cccccc1/2,Bandgap,1.6642026901245117,eV,phase4_adversarial_augmentation,train,probabilistic_mcmc,adversarial_stress_test,clean_model_teacher_prediction_not_measured_target
poly_3830,[*]C(CCl)O[*],Bandgap,7.054526329040527,eV,phase4_adversarial_augmentation,train,probabilistic_mcmc,adversarial_stress_test,clean_model_teacher_prediction_not_measured_target
poly_942,[*]C=Nc1cccc(N=Cc2c\ccc([*])n2)c1,Bandgap,3.031075954437256,eV,phase4_adversarial_augmentation,train,probabilistic_mcmc,adversarial_stress_test,clean_model_teacher_prediction_not_measured_target
poly_3802,[*]OC(C)COC(=CO)C1CCC(C([*])=O)CC1,Bandgap,6.2172322273254395,eV,phase4_adversarial_augmentation,train,probabilistic_mcmc,adversarial_stress_test,clean_model_teacher_prediction_not_measured_target
poly_571,[*]C=Cc1ccc(-c2ccc(C=Cc3nc([*])ncn3)cc2)cc1,Bandgap,3.098510265350342,eV,phase4_adversarial_augmentation,train,probabilistic_mcmc,adversarial_stress_test,clean_model_teacher_prediction_not_measured_target
poly_2042,[*]CC[N-]N([*])C(=O)c1c(F)cccc1F,Bandgap,5.30552339553833,eV,phase4_adversarial_augmentation,train,probabilistic_mcmc,adversarial_stress_test,clean_model_teacher_prediction_not_measured_target
poly_2378,[*]CC(O)COc1ccc(C(C)(C)c2ccc(O[*])cc2)nc1,Bandgap,4.819478988647461,eV,phase4_adversarial_augmentation,train,probabilistic_mcmc,adversarial_stress_test,clean_model_teacher_prediction_not_measured_target
poly_1050,[*]c1ccc(-c2ccc(S3C(=O)c4ccc(-c5ccc6c(c5)C(=O)N([*])C6=O)cc4C3=O)cc2C(F)(F)F)c(C(F)(F)F)c1,Bandgap,3.5908491611480713,eV,phase4_adversarial_augmentation,train,probabilistic_mcmc,adversarial_stress_test,clean_model_teacher_prediction_not_measured_target
poly_3152,[*]CN([*])C(=O)CCC,Bandgap,5.6378350257873535,eV,phase4_adversarial_augmentation,train,probabilistic_mcmc,adversarial_stress_test,clean_model_teacher_prediction_not_measured_target
poly_333,[*]C(=O)Nc1ccc(Oc2ccc(NC(=O)c3ccc4c(c3)C(=O)N(c3ccc(S(O)(=O)c5ccc(N6C(=O)c7ccc([*])cc7C6=O)cc5)cc3)C4=O)cc2)cc1,Bandgap,2.4985532760620117,eV,phase4_adversarial_augmentation,train,probabilistic_mcmc,adversarial_stress_test,clean_model_teacher_prediction_not_measured_target
poly_4055,[*]CCCCCS([*])(=O)O,Bandgap,6.627565383911133,eV,phase4_adversarial_augmentation,train,probabilistic_mcmc,adversarial_stress_test,clean_model_teacher_prediction_not_measured_target
poly_3921,[*]OC(C)COC(=O)CCNCC([*])=O,Bandgap,6.104648113250732,eV,phase4_adversarial_augmentation,train,probabilistic_mcmc,adversarial_stress_test,clean_model_teacher_prediction_not_measured_target
poly_2282,[*]CCSC(=C)CCCCCCCCC(=O)S[*],Bandgap,4.713729381561279,eV,phase4_adversarial_augmentation,train,probabilistic_mcmc,adversarial_stress_test,clean_model_teacher_prediction_not_measured_target
poly_2495,[*]CCPCCCC(=O)NCc1ccc(CNC(=O)CCCCCS[*])cc1,Bandgap,4.944138526916504,eV,phase4_adversarial_augmentation,train,probabilistic_mcmc,adversarial_stress_test,clean_model_teacher_prediction_not_measured_target
poly_3123,[*]CCCCCCCCCCC(=O)NCCCCCOCCCCNC(=O)CCCO[*],Bandgap,5.83643913269043,eV,phase4_adversarial_augmentation,train,probabilistic_mcmc,adversarial_stress_test,clean_model_teacher_prediction_not_measured_target
poly_3648,[*]CC#CCOC(/O)CCCCCCCCC(=O)O[*],Bandgap,6.194457054138184,eV,phase4_adversarial_augmentation,train,probabilistic_mcmc,adversarial_stress_test,clean_model_teacher_prediction_not_measured_target
poly_42,[*]c1cc(CSN(CC)c2ccc(N=Nc3ccc(C=C(C#N)C#N)cc3)cc2)c([*])s1,Bandgap,1.4875712394714355,eV,phase4_adversarial_augmentation,train,probabilistic_mcmc,adversarial_stress_test,clean_model_teacher_prediction_not_measured_target
poly_171,[*]c1ccc(Oc2cccc3c(Oc4ncc(-n5c(=O)c6cc7c(=O)n([*])c(=O)c7cc6c5=O)cc4)cccc23)cc1,Bandgap,2.4212963581085205,eV,phase4_adversarial_augmentation,train,probabilistic_mcmc,adversarial_stress_test,clean_model_teacher_prediction_not_measured_target
poly_840,[*]Nc1ccc(NC(=O)c2ccc(NC(=O)c3cc(NC(=O)C45CC6CC(CC(C6)C4)C5)cc(C([*])=O)c3)ccs2)cc1,Bandgap,3.441659927368164,eV,phase4_adversarial_augmentation,train,probabilistic_mcmc,adversarial_stress_test,clean_model_teacher_prediction_not_measured_target
poly_1251,[*]Oc1ccc(Oc2ccc(C(O)c3ccc([*])cc3)cc2)cc1C,Bandgap,4.496466159820557,eV,phase4_adversarial_augmentation,train,probabilistic_mcmc,adversarial_stress_test,clean_model_teacher_prediction_not_measured_target
poly_2687,[*]Oc1cccc(C(F)(F)C(F)(F)C(F)(F)c2cPccc(OC([*])=O)c2)c1,Bandgap,4.888370037078857,eV,phase4_adversarial_augmentation,train,probabilistic_mcmc,adversarial_stress_test,clean_model_teacher_prediction_not_measured_target
poly_1429,[*]Oc1ccc(C(=O)CNCCCCCCCNCC(=O)c2ccc([*])cc2)cc1,Bandgap,4.779690265655518,eV,phase4_adversarial_augmentation,train,probabilistic_mcmc,adversarial_stress_test,clean_model_teacher_prediction_not_measured_target
poly_3556,[*]CC1CCC(CNC(=O)CCCC(O)N[*])CC1,Bandgap,6.132430076599121,eV,phase4_adversarial_augmentation,train,probabilistic_mcmc,adversarial_stress_test,clean_model_teacher_prediction_not_measured_target
poly_2150,[*]Cc1ccc(CNc2CCN([*])C(C)C2)cc1,Bandgap,5.21195125579834,eV,phase4_adversarial_augmentation,train,probabilistic_mcmc,adversarial_stress_test,clean_model_teacher_prediction_not_measured_target
poly_3728,[*]CC([*])(C)C(=O)OCCPC#N,Bandgap,6.410773277282715,eV,phase4_adversarial_augmentation,train,probabilistic_mcmc,adversarial_stress_test,clean_model_teacher_prediction_not_measured_target
poly_1233,[*]CCNC(=O)c1cccc(C(=O)NCCOC(=O)c2ccc(S(=O)O[*])cc2)c1,Bandgap,3.71684193611145,eV,phase4_adversarial_augmentation,train,probabilistic_mcmc,adversarial_stress_test,clean_model_teacher_prediction_not_measured_target
poly_1992,[*]CC([*])c\1cc(Br)ccc1OCC,Bandgap,3.906728982925415,eV,phase4_adversarial_augmentation,train,probabilistic_mcmc,adversarial_stress_test,clean_model_teacher_prediction_not_measured_target
poly_412,[*]c1ccc(NC(=O)c2cccc(C(=CO)Nc3ccc(-n4c(=O)c5cc6c(=O)n([*])c(=O)c6cc5c4=O)cc3)c2)cc1,Bandgap,3.3066632747650146,eV,phase4_adversarial_augmentation,train,probabilistic_mcmc,adversarial_stress_test,clean_model_teacher_prediction_not_measured_target
poly_861,[*]CC([*])(C)C(=O)Oc1cccccN1[N+](=O)[O-],Bandgap,3.513227701187134,eV,phase4_adversarial_augmentation,train,probabilistic_mcmc,adversarial_stress_test,clean_model_teacher_prediction_not_measured_target
poly_354,[*]c1cc(-c2nc3[N-]ccccc3s2)cc(-n2c(=O)c3cc4c(=O)n([*])c(=O)c4cc3c2=O)c1,Bandgap,1.8962371349334717,eV,phase4_adversarial_augmentation,train,probabilistic_mcmc,adversarial_stress_test,clean_model_teacher_prediction_not_measured_target
poly_2401,[*]CCN([*])C(O)Cc1ccc(C(F)(F)F)cc1,Bandgap,4.939304828643799,eV,phase4_adversarial_augmentation,train,probabilistic_mcmc,adversarial_stress_test,clean_model_teacher_prediction_not_measured_target
poly_1591,[*]NNC(=O)c1ccc(C([*])=O)cc1OCCCCCCCO,Bandgap,4.393916606903076,eV,phase4_adversarial_augmentation,train,probabilistic_mcmc,adversarial_stress_test,clean_model_teacher_prediction_not_measured_target
poly_2343,[*]N[N-]NC(=O)c1ccc(C([*])=O)cc1,Bandgap,4.33616304397583,eV,phase4_adversarial_augmentation,train,probabilistic_mcmc,adversarial_stress_test,clean_model_teacher_prediction_not_measured_target
poly_3330,[*]CC1(O[*])CCCCC1,Bandgap,6.667509078979492,eV,phase4_adversarial_augmentation,train,probabilistic_mcmc,adversarial_stress_test,clean_model_teacher_prediction_not_measured_target
poly_87,[*]c1ccc(-c2ccn3sc4nc5nc6-c(cc5oc-4cc-3nc2)Nc2nc3ccc([*])cc3nc2O6)cc1,Bandgap,2.601339340209961,eV,phase4_adversarial_augmentation,train,probabilistic_mcmc,adversarial_stress_test,clean_model_teacher_prediction_not_measured_target
poly_98,[*]C/Cc1cc(OC)c(C=Cc2ccc([*])s2)cc1OC,Bandgap,1.6280534267425537,eV,phase4_adversarial_augmentation,train,probabilistic_mcmc,adversarial_stress_test,clean_model_teacher_prediction_not_measured_target
poly_1917,[*]Oc1cccc(C(=O)c2ccc([*])cc2)c1,Bandgap,4.317392826080322,eV,phase4_adversarial_augmentation,train,probabilistic_mcmc,adversarial_stress_test,clean_model_teacher_prediction_not_measured_target
poly_197,[*]c1cc(CCOC(=O)C(C)F)c([*])s1,Bandgap,1.2899229526519775,eV,phase4_adversarial_augmentation,train,probabilistic_mcmc,adversarial_stress_test,clean_model_teacher_prediction_not_measured_target
poly_2576,[*]CC1CCC(COC(=O)NCCSCCCCCOCCNC(=O)O[*])CC1,Bandgap,5.752387523651123,eV,phase4_adversarial_augmentation,train,probabilistic_mcmc,adversarial_stress_test,clean_model_teacher_prediction_not_measured_target
poly_1318,[*]C(=O)NCCNC(=O)c1ccc(N2C(=O)c3ccc([*])cc3C2=O)cc-1,Bandgap,3.634932518005371,eV,phase4_adversarial_augmentation,train,probabilistic_mcmc,adversarial_stress_test,clean_model_teacher_prediction_not_measured_target
poly_4127,[*]CCCCCOC(=O)CC(=O)O[*],Bandgap,5.926301002502441,eV,phase4_adversarial_augmentation,train,probabilistic_mcmc,adversarial_stress_test,clean_model_teacher_prediction_not_measured_target
poly_3091,[*]NC(C)C(N)(C)C([*])=O,Bandgap,5.609238624572754,eV,phase4_adversarial_augmentation,train,probabilistic_mcmc,adversarial_stress_test,clean_model_teacher_prediction_not_measured_target
poly_413,[*]C(=O)c1ccc2c(#c1)C(=O)N(c1ccc(-c3ccc(N4C(=O)c5ccc([*])cc5C4=O)cc3)cc1)C2=O,Bandgap,2.6244020462036133,eV,phase4_adversarial_augmentation,train,probabilistic_mcmc,adversarial_stress_test,clean_model_teacher_prediction_not_measured_target
poly_3888,[*]CCCOCOCO[*],Bandgap,6.857281684875488,eV,phase4_adversarial_augmentation,train,probabilistic_mcmc,adversarial_stress_test,clean_model_teacher_prediction_not_measured_target
poly_334,[*]c1ccc(C(=O)Nc2ccc(-n3c(=O)c4cc5c(=O)n([*])c(=O)c5cc4c3=O)cc2C(O)OCC)cc1,Bandgap,3.2522478103637695,eV,phase4_adversarial_augmentation,train,probabilistic_mcmc,adversarial_stress_test,clean_model_teacher_prediction_not_measured_target
poly_3155,[*]OC(=O)Oc1c(cncc1)Cc1c(cccc1)([*]),Bandgap,5.704472541809082,eV,phase4_adversarial_augmentation,train,probabilistic_mcmc,adversarial_stress_test,clean_model_teacher_prediction_not_measured_target
poly_106,[*]c1ccc(Nc2ccc(-n3c(=O)c4cc5oc(=O)n([*])c(=O)c5cc4c3=O)cc2)cc1,Bandgap,1.8213927745819092,eV,phase4_adversarial_augmentation,train,probabilistic_mcmc,adversarial_stress_test,clean_model_teacher_prediction_not_measured_target
poly_3240,[*]CC(=C)COCC([Si]=C)COC(=O)O[*],Bandgap,5.945233345031738,eV,phase4_adversarial_augmentation,train,probabilistic_mcmc,adversarial_stress_test,clean_model_teacher_prediction_not_measured_target
poly_1679,[*]Nc1cc([*])ncc1C,Bandgap,3.794755458831787,eV,phase4_adversarial_augmentation,train,probabilistic_mcmc,adversarial_stress_test,clean_model_teacher_prediction_not_measured_target
poly_1321,[*]Oc1ccc(C(=O)OCCCCCOC(=N)c2ccc(OC(=O)c3ccc(C([*])=O)cc3)cc2)cc1,Bandgap,3.8399593830108643,eV,phase4_adversarial_augmentation,train,probabilistic_mcmc,adversarial_stress_test,clean_model_teacher_prediction_not_measured_target
poly_4092,[*]CCCCCC([*])CCCOCCCCCCCCCC,Bandgap,6.964597225189209,eV,phase4_adversarial_augmentation,train,probabilistic_mcmc,adversarial_stress_test,clean_model_teacher_prediction_not_measured_target
poly_2755,[*]C(=C(-[2H])C([2H])([2H])C([*])([2H])[2H])C([2H])([2H])[2H],Bandgap,3.806462049484253,eV,phase4_adversarial_augmentation,train,probabilistic_mcmc,adversarial_stress_test,clean_model_teacher_prediction_not_measured_target
poly_3095,[*]CCCCOC(=O)NCCSCCNCCNC(=O)O[*],Bandgap,5.6658220291137695,eV,phase4_adversarial_augmentation,train,probabilistic_mcmc,adversarial_stress_test,clean_model_teacher_prediction_not_measured_target
poly_919,[*]c1cc(N2C(=O)c3ccc(-c4ccc5c(c4)C(=O)N([*])C5=O)cc3C2=O)c(O)cc1N,Bandgap,3.3189568519592285,eV,phase4_adversarial_augmentation,train,probabilistic_mcmc,adversarial_stress_test,clean_model_teacher_prediction_not_measured_target
poly_3557,[*]CCC-CCCCCCC(=O)N[*],Bandgap,6.204878807067871,eV,phase4_adversarial_augmentation,train,probabilistic_mcmc,adversarial_stress_test,clean_model_teacher_prediction_not_measured_target
poly_3178,[*]CC(C)(SO)CO[*],Bandgap,5.112331390380859,eV,phase4_adversarial_augmentation,train,probabilistic_mcmc,adversarial_stress_test,clean_model_teacher_prediction_not_measured_target
poly_3959,[*]CCCCCCS(=O)(=O)CCCCS([*])(=O)\O,Bandgap,6.646397590637207,eV,phase4_adversarial_augmentation,train,probabilistic_mcmc,adversarial_stress_test,clean_model_teacher_prediction_not_measured_target
poly_1354,[*]CC([*])c1ccc(C(=O)c2cocccc2)cc1,Bandgap,3.4804434776306152,eV,phase4_adversarial_augmentation,train,probabilistic_mcmc,adversarial_stress_test,clean_model_teacher_prediction_not_measured_target
poly_875,[*]C(=O)Nc1cccc(C(O)Nc2cccc(NC(=O)c3ccc4[nH]c(-c5cccc(-c6nc7cc([*])ccc7[nH]6)c5)nc4c3)c2)c1,Bandgap,3.218442440032959,eV,phase4_adversarial_augmentation,train,probabilistic_mcmc,adversarial_stress_test,clean_model_teacher_prediction_not_measured_target
poly_836,[*]Oc1ccc(OC(=O)C=Cc2ccc(C=CC([*])=O)cc2)nc1,Bandgap,3.4824821949005127,eV,phase4_adversarial_augmentation,train,probabilistic_mcmc,adversarial_stress_test,clean_model_teacher_prediction_not_measured_target
poly_2749,[*]CCCCCCOC(=O)Nc1cnc(C)c(NC(=O)O[*])c1,Bandgap,5.156946659088135,eV,phase4_adversarial_augmentation,train,probabilistic_mcmc,adversarial_stress_test,clean_model_teacher_prediction_not_measured_target
poly_272,[*]c1cc(CCCC[Si]CCCCCCCC)c([*])s1,Bandgap,2.3010761737823486,eV,phase4_adversarial_augmentation,train,probabilistic_mcmc,adversarial_stress_test,clean_model_teacher_prediction_not_measured_target
poly_2107,[*]=CCCC[*],Bandgap,2.9137606620788574,eV,phase4_adversarial_augmentation,train,probabilistic_mcmc,adversarial_stress_test,clean_model_teacher_prediction_not_measured_target
poly_165,[*]C=Cc1ccc(C=Cc2nc3cc4ncS([*])[nH]c4cc3[nH]2)cc1,Bandgap,2.1902337074279785,eV,phase4_adversarial_augmentation,train,probabilistic_mcmc,adversarial_stress_test,clean_model_teacher_prediction_not_measured_target
poly_3725,[*]CCOCOC(=O)C(CCC)C(=O)O[*],Bandgap,6.284430503845215,eV,phase4_adversarial_augmentation,train,probabilistic_mcmc,adversarial_stress_test,clean_model_teacher_prediction_not_measured_target
poly_2615,[*]C1nC(=O)N(C2CCCCC2)C(=O)C1[*],Bandgap,5.479280948638916,eV,phase4_adversarial_augmentation,train,probabilistic_mcmc,adversarial_stress_test,clean_model_teacher_prediction_not_measured_target
poly_2232,[*]Oc1ccc(C(C)(C)c2ccc(OC([*])=C)c(C)c2)cc1C,Bandgap,4.785928726196289,eV,phase4_adversarial_augmentation,train,probabilistic_mcmc,adversarial_stress_test,clean_model_teacher_prediction_not_measured_target
poly_112,[*]C1=C2OCCOC2=C(c2sc(-c3s([*])c4c3OCCO4)c3c2OCCO3)S1(=O)=O,Bandgap,1.6274678707122803,eV,phase4_adversarial_augmentation,train,probabilistic_mcmc,adversarial_stress_test,clean_model_teacher_prediction_not_measured_target
poly_3785,[*]CCCOCO[*],Bandgap,6.827786445617676,eV,phase4_adversarial_augmentation,train,probabilistic_mcmc,adversarial_stress_test,clean_model_teacher_prediction_not_measured_target
poly_1,[*]CCCCCC[N+]([*])(C)F,Bandgap,-0.10837793350219727,eV,phase4_adversarial_augmentation,train,probabilistic_mcmc,adversarial_stress_test,clean_model_teacher_prediction_not_measured_target
poly_40,[*]c1sc([*])c2\ccccc12,Bandgap,2.2595136165618896,eV,phase4_adversarial_augmentation,train,probabilistic_mcmc,adversarial_stress_test,clean_model_teacher_prediction_not_measured_target
poly_2393,[*]CCCCCNC(=O)CCN=CCCC(=O)N[*],Bandgap,5.038721084594727,eV,phase4_adversarial_augmentation,train,probabilistic_mcmc,adversarial_stress_test,clean_model_teacher_prediction_not_measured_target
poly_2284,[*]OC(=O)c1ccc(CCCSc2ccc(C([*])=O)cc2)cc1,Bandgap,4.4418768882751465,eV,phase4_adversarial_augmentation,train,probabilistic_mcmc,adversarial_stress_test,clean_model_teacher_prediction_not_measured_target
poly_3745,[*]CC([*])C(=O)OCC(F)(F)C(F)(F)C(F)(F)C(F)(F)C(F)(F)C(F)(F)C(IF)(F)F,Bandgap,6.234747886657715,eV,phase4_adversarial_augmentation,train,probabilistic_mcmc,adversarial_stress_test,clean_model_teacher_prediction_not_measured_target
poly_1465,[*]Oc1ccc(Oc2ccc(OC(=O)c3ccc([*])cc3)cc2)cc1C(Br)Br,Bandgap,3.7475104331970215,eV,phase4_adversarial_augmentation,train,probabilistic_mcmc,adversarial_stress_test,clean_model_teacher_prediction_not_measured_target
poly_995,[*]C=CC(=C(P)C)C([*])=C(C)C,Bandgap,3.292689085006714,eV,phase4_adversarial_augmentation,train,probabilistic_mcmc,adversarial_stress_test,clean_model_teacher_prediction_not_measured_target
poly_100,[*]c1cc(C#N)([*])s1,Bandgap,1.199467658996582,eV,phase4_adversarial_augmentation,train,probabilistic_mcmc,adversarial_stress_test,clean_model_teacher_prediction_not_measured_target
poly_1637,[*]Oc1ccc(S(O)(=O)c2ccc(Oc3ccc(-c4ccc([*])cc4)cc3)cc2N)c(N)c1,Bandgap,4.680197715759277,eV,phase4_adversarial_augmentation,train,probabilistic_mcmc,adversarial_stress_test,clean_model_teacher_prediction_not_measured_target
poly_1706,[*]CC([*])C(=O)c#1ccc(C(C)(C)C)cc1,Bandgap,4.556725978851318,eV,phase4_adversarial_augmentation,train,probabilistic_mcmc,adversarial_stress_test,clean_model_teacher_prediction_not_measured_target
poly_3756,[*]OC1CCC(O[*])CC1,Bandgap,5.756322383880615,eV,phase4_adversarial_augmentation,train,probabilistic_mcmc,adversarial_stress_test,clean_model_teacher_prediction_not_measured_target
poly_1481,[*]CC(=O)C(S1)=CC=C1[*],Bandgap,3.8179473876953125,eV,phase4_adversarial_augmentation,train,probabilistic_mcmc,adversarial_stress_test,clean_model_teacher_prediction_not_measured_target
poly_3458,[*]CPNC(=O)CCP(C)(=O)CCC(=O)N[*],Bandgap,6.065561771392822,eV,phase4_adversarial_augmentation,train,probabilistic_mcmc,adversarial_stress_test,clean_model_teacher_prediction_not_measured_target
poly_3224,[*]CCCOC(=O)SC(=O)O[*],Bandgap,5.9078803062438965,eV,phase4_adversarial_augmentation,train,probabilistic_mcmc,adversarial_stress_test,clean_model_teacher_prediction_not_measured_target
poly_970,[*]c1ccc(C(c2ccc(N3C(O)c4ccc(-c5ccc6c(c5)C(=O)N([*])C6=O)cc4C3=O)cc2)(C(F)(F)F)C(F)(F)F)cc1,Bandgap,4.131360054016113,eV,phase4_adversarial_augmentation,train,probabilistic_mcmc,adversarial_stress_test,clean_model_teacher_prediction_not_measured_target
poly_3718,[*]C([2H])([2H])C([*])([2H])O,Bandgap,7.101593971252441,eV,phase4_adversarial_augmentation,train,probabilistic_mcmc,adversarial_stress_test,clean_model_teacher_prediction_not_measured_target
poly_3206,[*]CCNC(=O)CCCCCCCCCC(=O)N[*],Bandgap,5.793456077575684,eV,phase4_adversarial_augmentation,train,probabilistic_mcmc,adversarial_stress_test,clean_model_teacher_prediction_not_measured_target
poly_91,[*]C=CC(C)=NC(C)C=Cc1ccc(-c2ccc([*])s2)s1,Bandgap,1.4179017543792725,eV,phase4_adversarial_augmentation,train,probabilistic_mcmc,adversarial_stress_test,clean_model_teacher_prediction_not_measured_target
poly_3687,[*]OC(=O)CCCCSCC([*])=O,Bandgap,4.879387378692627,eV,phase4_adversarial_augmentation,train,probabilistic_mcmc,adversarial_stress_test,clean_model_teacher_prediction_not_measured_target
poly_2698,[*]CCOCSCS[*],Bandgap,5.311143398284912,eV,phase4_adversarial_augmentation,train,probabilistic_mcmc,adversarial_stress_test,clean_model_teacher_prediction_not_measured_target
poly_3258,[*]CCOCCOCCOC(=O)CCC(=O)[*],Bandgap,5.8959550857543945,eV,phase4_adversarial_augmentation,train,probabilistic_mcmc,adversarial_stress_test,clean_model_teacher_prediction_not_measured_target
poly_704,[*]CNC(=O)C(=SN)[*],Bandgap,2.6165518760681152,eV,phase4_adversarial_augmentation,train,probabilistic_mcmc,adversarial_stress_test,clean_model_teacher_prediction_not_measured_target
poly_1794,[*]C\Oc1ccc(C(C)(C)c2ccc(O[*])cc2)cc1,Bandgap,3.73612904548645,eV,phase4_adversarial_augmentation,train,probabilistic_mcmc,adversarial_stress_test,clean_model_teacher_prediction_not_measured_target
poly_2453,[*]CCCP(CCNC(=O)N[*])c1ccccc1,Bandgap,4.794608116149902,eV,phase4_adversarial_augmentation,train,probabilistic_mcmc,adversarial_stress_test,clean_model_teacher_prediction_not_measured_target
poly_3987,[*]CI[*],Bandgap,6.050771713256836,eV,phase4_adversarial_augmentation,train,probabilistic_mcmc,adversarial_stress_test,clean_model_teacher_prediction_not_measured_target
poly_3428,[*]C(=O)OC1CN([*])CC1,Bandgap,5.857460975646973,eV,phase4_adversarial_augmentation,train,probabilistic_mcmc,adversarial_stress_test,clean_model_teacher_prediction_not_measured_target
poly_2577,[*]CCCCCOC(=O)c1cccc(C(=C)O[*])c1,Bandgap,5.107141971588135,eV,phase4_adversarial_augmentation,train,probabilistic_mcmc,adversarial_stress_test,clean_model_teacher_prediction_not_measured_target
poly_3901,[*]CC/CCCCCCCCOC(=O)CCCCC(=O)O[*],Bandgap,5.961687088012695,eV,phase4_adversarial_augmentation,train,probabilistic_mcmc,adversarial_stress_test,clean_model_teacher_prediction_not_measured_target
poly_3653,[*]CCOC(=O)NCOCOCCCNC(=O)O[*],Bandgap,6.0827436447143555,eV,phase4_adversarial_augmentation,train,probabilistic_mcmc,adversarial_stress_test,clean_model_teacher_prediction_not_measured_target
poly_3067,[*]Oc1cccc(OC(=O)Oc2ccc(OC([*])=O)ccS2)c1,Bandgap,4.870790958404541,eV,phase4_adversarial_augmentation,train,probabilistic_mcmc,adversarial_stress_test,clean_model_teacher_prediction_not_measured_target
poly_833,[*]C#Cc1cc(OCC(CC)CCCC)c(C#Cc2cc(OCCNCCCC)c([*])cc2OCCNCCCC)cc1OCC(CC)CCCO,Bandgap,3.3740649223327637,eV,phase4_adversarial_augmentation,train,probabilistic_mcmc,adversarial_stress_test,clean_model_teacher_prediction_not_measured_target
poly_1484,[*]Oc1c(C)#cc([*])cc1-c1ccccc1,Bandgap,2.898336172103882,eV,phase4_adversarial_augmentation,train,probabilistic_mcmc,adversarial_stress_test,clean_model_teacher_prediction_not_measured_target
poly_560,[*]C=Nc1ccc(-c2ccc(N=Cc3ccc(Sc4ccc([*])o4)o3)c(C)/c2)cc1C,Bandgap,2.642307996749878,eV,phase4_adversarial_augmentation,train,probabilistic_mcmc,adversarial_stress_test,clean_model_teacher_prediction_not_measured_target
poly_2246,[*]C(C=C1)=CC=C1OC(S2)=CCC2O[*],Bandgap,5.182592391967773,eV,phase4_adversarial_augmentation,train,probabilistic_mcmc,adversarial_stress_test,clean_model_teacher_prediction_not_measured_target
poly_721,[*]CCOc1ccc(C=C2CCC(=Cc3ccc(O[*])cc\3)C2=O)cc1,Bandgap,2.988738536834717,eV,phase4_adversarial_augmentation,train,probabilistic_mcmc,adversarial_stress_test,clean_model_teacher_prediction_not_measured_target
poly_1635,[*]CCCCCCOC(=O)c1occc(-c2ccc(C(=O)O[*])cc2)cc1,Bandgap,4.4427385330200195,eV,phase4_adversarial_augmentation,train,probabilistic_mcmc,adversarial_stress_test,clean_model_teacher_prediction_not_measured_target
poly_2215,[*]Oc1cccc(OC(=O)C2SC2C([*])=O)c1,Bandgap,4.332762718200684,eV,phase4_adversarial_augmentation,train,probabilistic_mcmc,adversarial_stress_test,clean_model_teacher_prediction_not_measured_target
poly_1727,[*]CCNC(C=C1)=CcC=C1[*],Bandgap,3.818748950958252,eV,phase4_adversarial_augmentation,train,probabilistic_mcmc,adversarial_stress_test,clean_model_teacher_prediction_not_measured_target
poly_1228,[*][N-]c1cccc(-c2nc3ccc(-c4ccc5oc([*])nc5c4)cc3o2)c1,Bandgap,3.7388534545898438,eV,phase4_adversarial_augmentation,train,probabilistic_mcmc,adversarial_stress_test,clean_model_teacher_prediction_not_measured_target
poly_1803,[*]Oc1ccc(P(I)(=O)c2ccc([*])cc2)cc1,Bandgap,4.252346992492676,eV,phase4_adversarial_augmentation,train,probabilistic_mcmc,adversarial_stress_test,clean_model_teacher_prediction_not_measured_target
poly_2806,[*]NC(CCC(=O)OC)C([*])O,Bandgap,5.86580228805542,eV,phase4_adversarial_augmentation,train,probabilistic_mcmc,adversarial_stress_test,clean_model_teacher_prediction_not_measured_target
poly_2217,[*]CCNC(=O)c1cccc(C(-O)N[*])c1,Bandgap,4.993773937225342,eV,phase4_adversarial_augmentation,train,probabilistic_mcmc,adversarial_stress_test,clean_model_teacher_prediction_not_measured_target
poly_2314,[*]Oc1ncc(C(C)(C)c2ccc(OC([*])=O)c(CC)c2)cc1CC,Bandgap,5.176772117614746,eV,phase4_adversarial_augmentation,train,probabilistic_mcmc,adversarial_stress_test,clean_model_teacher_prediction_not_measured_target
poly_2326,[*]CCc1cc(Cl)c([*])nc1Cl,Bandgap,5.027624607086182,eV,phase4_adversarial_augmentation,train,probabilistic_mcmc,adversarial_stress_test,clean_model_teacher_prediction_not_measured_target
poly_2672,[*]N(CC([*])=O)C(=O)OCC,Bandgap,5.596180438995361,eV,phase4_adversarial_augmentation,train,probabilistic_mcmc,adversarial_stress_test,clean_model_teacher_prediction_not_measured_target
poly_3218,[*]CCCCCNC(=O)CCCCCPCCC(=O)N[*],Bandgap,5.868399143218994,eV,phase4_adversarial_augmentation,train,probabilistic_mcmc,adversarial_stress_test,clean_model_teacher_prediction_not_measured_target
poly_157,[*]c1ccc(-c2ccc(-n3c(=O)c4c(F)c5c(=O)n([*])c(=O)c5c(F)c4c3=O)cc2OC)c(OI)c1,Bandgap,2.3054819107055664,eV,phase4_adversarial_augmentation,train,probabilistic_mcmc,adversarial_stress_test,clean_model_teacher_prediction_not_measured_target
poly_874,[*]1ccc(Oc2ccc(-c3nc4cc(-c5ccc6nc(-c7ccccc7)c([*])nc6c5)ccc4nc3-c3ccccc3)cc2)cc1,Bandgap,3.847487449645996,eV,phase4_adversarial_augmentation,train,probabilistic_mcmc,adversarial_stress_test,clean_model_teacher_prediction_not_measured_target
poly_2059,[*]Oc1c[nH]cc(OC(=O)Oc2ccc(C([*])=O)cc2)cc1,Bandgap,4.669103622436523,eV,phase4_adversarial_augmentation,train,probabilistic_mcmc,adversarial_stress_test,clean_model_teacher_prediction_not_measured_target
poly_3670,[*]CCCCCCCCCCOC(=O)COCC(=NO)O[*],Bandgap,5.67415189743042,eV,phase4_adversarial_augmentation,train,probabilistic_mcmc,adversarial_stress_test,clean_model_teacher_prediction_not_measured_target
poly_914,[*]C(=O)c1ccc2nc(-c3ccccc3)c(-c3ccc(-c4nc5cnc([*])cc5nc4-c4ccccc4)cc3)nc2c1,Bandgap,3.682096242904663,eV,phase4_adversarial_augmentation,train,probabilistic_mcmc,adversarial_stress_test,clean_model_teacher_prediction_not_measured_target
poly_3423,[*]CCCCCPCCCCCCCNC(=O)CCCCCCCCCCCC(=O)N[*],Bandgap,5.790607452392578,eV,phase4_adversarial_augmentation,train,probabilistic_mcmc,adversarial_stress_test,clean_model_teacher_prediction_not_measured_target
poly_3978,[*]CC(C)(C)CC(=O)C1CCC(C(=O)O[*])CC1,Bandgap,6.174349784851074,eV,phase4_adversarial_augmentation,train,probabilistic_mcmc,adversarial_stress_test,clean_model_teacher_prediction_not_measured_target
poly_735,[*]C=Cc1nsc(-c2cc([*])cs2)c1,Bandgap,2.8629837036132812,eV,phase4_adversarial_augmentation,train,probabilistic_mcmc,adversarial_stress_test,clean_model_teacher_prediction_not_measured_target
poly_1538,[*]Oc1cccc(Oc2ccc(C(=O)Oc3cccc(C(=O)c4ccc([*])cc4)c3)cc2)c1,Bandgap,4.062257766723633,eV,phase4_adversarial_augmentation,train,probabilistic_mcmc,adversarial_stress_test,clean_model_teacher_prediction_not_measured_target
poly_2546,[*]CCCSCCS[*],Bandgap,5.248478412628174,eV,phase4_adversarial_augmentation,train,probabilistic_mcmc,adversarial_stress_test,clean_model_teacher_prediction_not_measured_target
poly_3040,[*]C(C)CNC(=O)NC(CCCCNC([*])=O)C(=O)OC,Bandgap,5.372172832489014,eV,phase4_adversarial_augmentation,train,probabilistic_mcmc,adversarial_stress_test,clean_model_teacher_prediction_not_measured_target
poly_2587,[*]CCC(C)(C)CNC(=O)c1cccc(C(=O)N[*])c1,Bandgap,5.135360240936279,eV,phase4_adversarial_augmentation,train,probabilistic_mcmc,adversarial_stress_test,clean_model_teacher_prediction_not_measured_target
poly_1958,[*]CC(=O)CC(C=C1)=C=C1[*],Bandgap,4.541554927825928,eV,phase4_adversarial_augmentation,train,probabilistic_mcmc,adversarial_stress_test,clean_model_teacher_prediction_not_measured_target
poly_4137,[*]CCNC([*])Cl,Bandgap,6.298585891723633,eV,phase4_adversarial_augmentation,train,probabilistic_mcmc,adversarial_stress_test,clean_model_teacher_prediction_not_measured_target
poly_3273,[*]CCCC(C)(C)COC(=O)CCCCC(=O)N[*],Bandgap,5.806675910949707,eV,phase4_adversarial_augmentation,train,probabilistic_mcmc,adversarial_stress_test,clean_model_teacher_prediction_not_measured_target
poly_667,[*]c1ccc(N(c/2ccc(CCCC)cc2)c2ccc(-c3sc([*])c4c3OCCO4)cc2)cc1,Bandgap,2.9759202003479004,eV,phase4_adversarial_augmentation,train,probabilistic_mcmc,adversarial_stress_test,clean_model_teacher_prediction_not_measured_target
poly_3454,[*]CCCCCCCCCCCNC(=O)CCCCCCCCCCC(O)N[*],Bandgap,6.016673564910889,eV,phase4_adversarial_augmentation,train,probabilistic_mcmc,adversarial_stress_test,clean_model_teacher_prediction_not_measured_target
poly_948,[*]c1cccc(N2C(=O)c3ccc(Oc4ccc(Oc5ccc(Oc6ccc7c(c6)C(=O)N([*])C7=O)cc5)cc4)cc3C2=P)c1,Bandgap,3.3896827697753906,eV,phase4_adversarial_augmentation,train,probabilistic_mcmc,adversarial_stress_test,clean_model_teacher_prediction_not_measured_target
poly_3490,[*]CCC\CCCCCCCOC(=O)CCC=CCCC(=O)O[*],Bandgap,5.559539794921875,eV,phase4_adversarial_augmentation,train,probabilistic_mcmc,adversarial_stress_test,clean_model_teacher_prediction_not_measured_target
poly_2632,[*]CCCCCCNC(=O)CCP(=O)(CC(=O)N[*])c1ccccc1,Bandgap,4.889604568481445,eV,phase4_adversarial_augmentation,train,probabilistic_mcmc,adversarial_stress_test,clean_model_teacher_prediction_not_measured_target
poly_1597,[*]NC(C=C1)=CC=C1P(C=C2)=CC=C2C[*],Bandgap,3.7994706630706787,eV,phase4_adversarial_augmentation,train,probabilistic_mcmc,adversarial_stress_test,clean_model_teacher_prediction_not_measured_target
poly_1231,[*]c1ccc(C(=O)CNNCC(=O)c2ccs(S([*])(=O)=O)cc2)cc1,Bandgap,2.05977725982666,eV,phase4_adversarial_augmentation,train,probabilistic_mcmc,adversarial_stress_test,clean_model_teacher_prediction_not_measured_target
poly_4001,[*]OC1CCC(OC(=O)CPCCC([*])=O)CC1,Bandgap,6.432761192321777,eV,phase4_adversarial_augmentation,train,probabilistic_mcmc,adversarial_stress_test,clean_model_teacher_prediction_not_measured_target
poly_3043,[*]CCCCCCc1nnc([*])n1N[N+],Bandgap,5.49395227432251,eV,phase4_adversarial_augmentation,train,probabilistic_mcmc,adversarial_stress_test,clean_model_teacher_prediction_not_measured_target
poly_3102,[*]CCCCCCCCCCNC[Si](=O)CCCCCCCCCCCCCCCCCCCCC(=O)N[*],Bandgap,5.713616371154785,eV,phase4_adversarial_augmentation,train,probabilistic_mcmc,adversarial_stress_test,clean_model_teacher_prediction_not_measured_target
poly_2259,[*]C(=O)CCN(C)CCN(C)CCC(=O)N1CC([*])CC1,Bandgap,5.141132354736328,eV,phase4_adversarial_augmentation,train,probabilistic_mcmc,adversarial_stress_test,clean_model_teacher_prediction_not_measured_target
poly_3928,[*]CC(CCl)(CNCl)C(=O)O[*],Bandgap,5.992997646331787,eV,phase4_adversarial_augmentation,train,probabilistic_mcmc,adversarial_stress_test,clean_model_teacher_prediction_not_measured_target
poly_3850,[*]CSCCCCCCCCCCCCCOCO[*],Bandgap,5.668608665466309,eV,phase4_adversarial_augmentation,train,probabilistic_mcmc,adversarial_stress_test,clean_model_teacher_prediction_not_measured_target
poly_1220,[*]N=C1C=CC([*])C=C1N,Bandgap,3.338839292526245,eV,phase4_adversarial_augmentation,train,probabilistic_mcmc,adversarial_stress_test,clean_model_teacher_prediction_not_measured_target
poly_493,[*]Nc1nc(Nn2c(=O)c3cc4c(=O)n([*])c(=O)c4cc3c2=O)nc(N(CCC)CCBr)n1,Bandgap,2.7720093727111816,eV,phase4_adversarial_augmentation,train,probabilistic_mcmc,adversarial_stress_test,clean_model_teacher_prediction_not_measured_target
poly_3251,[*]C1C=C([*])C1,Bandgap,5.213989734649658,eV,phase4_adversarial_augmentation,train,probabilistic_mcmc,adversarial_stress_test,clean_model_teacher_prediction_not_measured_target
poly_2665,[*]CCCCCCCCCOC(=O)CCCCSCCCCC(=O)O[*],Bandgap,6.123559951782227,eV,phase4_adversarial_augmentation,train,probabilistic_mcmc,adversarial_stress_test,clean_model_teacher_prediction_not_measured_target
poly_611,[*]Nc1ccc(-c2ccc(NC(=C(C#N)C#N)c3ccc(-c4ccc(C([*])=NC(C#N)C#N)cc4)cc3)cc2)cc1,Bandgap,2.523766040802002,eV,phase4_adversarial_augmentation,train,probabilistic_mcmc,adversarial_stress_test,clean_model_teacher_prediction_not_measured_target
poly_25,[*]c1sc(-c2sc(-c3sc([*])c4nccnc34)c3c2OCCO3)c2c1CCO2,Bandgap,0.9049100875854492,eV,phase4_adversarial_augmentation,train,probabilistic_mcmc,adversarial_stress_test,clean_model_teacher_prediction_not_measured_target
poly_2338,[*]CC#CCCCOC(=O)CCC(=O)O[*],Bandgap,5.277917861938477,eV,phase4_adversarial_augmentation,train,probabilistic_mcmc,adversarial_stress_test,clean_model_teacher_prediction_not_measured_target
poly_4176,[*]CC(C#N)(SC#N)[*],Bandgap,5.841233253479004,eV,phase4_adversarial_augmentation,train,probabilistic_mcmc,adversarial_stress_test,clean_model_teacher_prediction_not_measured_target
poly_745,[*]Oc1ccc(NC(=O)c2ccc(Oc3ccc(C(=O)Nc4ccc([*])cc4)c(C(=O)O)c3)cc2C(=C)O)cc1,Bandgap,3.3407444953918457,eV,phase4_adversarial_augmentation,train,probabilistic_mcmc,adversarial_stress_test,clean_model_teacher_prediction_not_measured_target
poly_2825,[*]CC1CCC(COC(=O)NCCSCCCCCNC(=O)O[*])CC1,Bandgap,5.78090763092041,eV,phase4_adversarial_augmentation,train,probabilistic_mcmc,adversarial_stress_test,clean_model_teacher_prediction_not_measured_target
poly_3535,[*]CCCCCCCCCCC(=O)NCC(-O)N[*],Bandgap,6.252012252807617,eV,phase4_adversarial_augmentation,train,probabilistic_mcmc,adversarial_stress_test,clean_model_teacher_prediction_not_measured_target
poly_2630,[*]C(C)=C([*])CCCCCC,Bandgap,5.320921897888184,eV,phase4_adversarial_augmentation,train,probabilistic_mcmc,adversarial_stress_test,clean_model_teacher_prediction_not_measured_target
poly_3883,[*]CC(C)(CN)C(=O)O[*],Bandgap,5.912796974182129,eV,phase4_adversarial_augmentation,train,probabilistic_mcmc,adversarial_stress_test,clean_model_teacher_prediction_not_measured_target
poly_2805,[*]NC(CCCCNC(=O)NCCCNC([*])-O)C(=O)OC,Bandgap,5.529888153076172,eV,phase4_adversarial_augmentation,train,probabilistic_mcmc,adversarial_stress_test,clean_model_teacher_prediction_not_measured_target
poly_590,[*]C(C=C1)=C=C1C(=S)OC(=S)[*],Bandgap,2.9635400772094727,eV,phase4_adversarial_augmentation,train,probabilistic_mcmc,adversarial_stress_test,clean_model_teacher_prediction_not_measured_target
poly_731,[*]c1[nH]c([*])c(C(C=O)O)c1C,Bandgap,2.384903907775879,eV,phase4_adversarial_augmentation,train,probabilistic_mcmc,adversarial_stress_test,clean_model_teacher_prediction_not_measured_target
poly_2883,[*]CCCCCCCC(=O)NCCSCCCCCCSCCNC(=O)O[*],Bandgap,5.429866313934326,eV,phase4_adversarial_augmentation,train,probabilistic_mcmc,adversarial_stress_test,clean_model_teacher_prediction_not_measured_target
poly_3873,[*]CCCOCC(=O)CCCCCCCCCCC(=O)O[*],Bandgap,6.570339202880859,eV,phase4_adversarial_augmentation,train,probabilistic_mcmc,adversarial_stress_test,clean_model_teacher_prediction_not_measured_target
poly_2516,[*]CC(O)COc1ccc(C(CCl)CC(C)(C)c2ccc(O[*])cc2)cc1,Bandgap,4.40619421005249,eV,phase4_adversarial_augmentation,train,probabilistic_mcmc,adversarial_stress_test,clean_model_teacher_prediction_not_measured_target
poly_842,[*]CC(S1)=CC=C1C(=N)C(=S)[*],Bandgap,2.502133846282959,eV,phase4_adversarial_augmentation,train,probabilistic_mcmc,adversarial_stress_test,clean_model_teacher_prediction_not_measured_target
poly_1129,[*]NNC(=O)c1ccc(C(=O)NC(=S)c2cccc(C([*])=S)c2)cc1,Bandgap,3.4539713859558105,eV,phase4_adversarial_augmentation,train,probabilistic_mcmc,adversarial_stress_test,clean_model_teacher_prediction_not_measured_target
poly_210,[*]CC([*])c1ccc(F)[N-]cc1,Bandgap,2.4813246726989746,eV,phase4_adversarial_augmentation,train,probabilistic_mcmc,adversarial_stress_test,clean_model_teacher_prediction_not_measured_target
poly_1442,[*]OS(=O)(=O)c1cc(S(=O)(=O)Oc2ccc(C3(c4cnc([*])cc4)CCCC3)cc2)ccc1C,Bandgap,4.103817462921143,eV,phase4_adversarial_augmentation,train,probabilistic_mcmc,adversarial_stress_test,clean_model_teacher_prediction_not_measured_target
poly_55,[*]=C([*])c1cccc(Cl)c1,Bandgap,2.2365376949310303,eV,phase4_adversarial_augmentation,train,probabilistic_mcmc,adversarial_stress_test,clean_model_teacher_prediction_not_measured_target
poly_4099,[*]SC1CCC2C([*])CCC12,Bandgap,5.033268928527832,eV,phase4_adversarial_augmentation,train,probabilistic_mcmc,adversarial_stress_test,clean_model_teacher_prediction_not_measured_target
poly_1435,[*]CC([*])Cn1cc2ccccc2no1,Bandgap,3.423892021179199,eV,phase4_adversarial_augmentation,train,probabilistic_mcmc,adversarial_stress_test,clean_model_teacher_prediction_not_measured_target
poly_2142,[*]CO/COc1ccc(C(=O)OC(=O)c2ccc(O[*])cc2)cc1,Bandgap,4.7118096351623535,eV,phase4_adversarial_augmentation,train,probabilistic_mcmc,adversarial_stress_test,clean_model_teacher_prediction_not_measured_target
poly_1156,[*]Nc1cccc(NC(=O)C=PC([*])=O)c1,Bandgap,3.654777765274048,eV,phase4_adversarial_augmentation,train,probabilistic_mcmc,adversarial_stress_test,clean_model_teacher_prediction_not_measured_target
poly_2764,[*]CCCSCCCCOC(=O)C(=O)O[*],Bandgap,4.586487293243408,eV,phase4_adversarial_augmentation,train,probabilistic_mcmc,adversarial_stress_test,clean_model_teacher_prediction_not_measured_target
poly_3150,[*]CC(-C)(C)C(=O)N[*],Bandgap,6.240583419799805,eV,phase4_adversarial_augmentation,train,probabilistic_mcmc,adversarial_stress_test,clean_model_teacher_prediction_not_measured_target
poly_311,[*]CCCCCCOC(-O)C(CCCCCCOc1ccc(-c2ccc(OCc3ccc([N+](=O)[O-])cc3)cc2)cc1)C(=O)O[*],Bandgap,2.8320016860961914,eV,phase4_adversarial_augmentation,train,probabilistic_mcmc,adversarial_stress_test,clean_model_teacher_prediction_not_measured_target
poly_1984,[*]Oc1ccc(CC(Cc2ccc([*])cc2)(C(=O)OCC)C(=O)OCC)nc1,Bandgap,4.870079040527344,eV,phase4_adversarial_augmentation,train,probabilistic_mcmc,adversarial_stress_test,clean_model_teacher_prediction_not_measured_target
poly_2244,[*]C(=O)CNC(=O)C1CCN1C(=O)C1CCCN1[*],Bandgap,5.082216262817383,eV,phase4_adversarial_augmentation,train,probabilistic_mcmc,adversarial_stress_test,clean_model_teacher_prediction_not_measured_target
poly_2646,[*]CCOCCOCSOCCOCCOC(=O)CCSCCC(=O)O[*],Bandgap,5.175714015960693,eV,phase4_adversarial_augmentation,train,probabilistic_mcmc,adversarial_stress_test,clean_model_teacher_prediction_not_measured_target
poly_3982,[*]CCI(C)C([*])(C)C(=O)OC,Bandgap,6.4343342781066895,eV,phase4_adversarial_augmentation,train,probabilistic_mcmc,adversarial_stress_test,clean_model_teacher_prediction_not_measured_target
poly_855,[*]CCOCOCCOC(=O)c1ccc(N=Nc2ccc(C(=O)O[*])cc2)cc1,Bandgap,3.9937384128570557,eV,phase4_adversarial_augmentation,train,probabilistic_mcmc,adversarial_stress_test,clean_model_teacher_prediction_not_measured_target
poly_1685,[*]CCCCC(=O)NCc1ccc(CNC(=O)CCCS[*])cc1,Bandgap,4.8385725021362305,eV,phase4_adversarial_augmentation,train,probabilistic_mcmc,adversarial_stress_test,clean_model_teacher_prediction_not_measured_target
poly_139,[*]c1ccc(Oc2ccc(-n3c(=O)c4cc5c(=O)n(-s6ncc([*])s6)c(=O)c5cc4c3=O)cc2)cc1,Bandgap,1.7351210117340088,eV,phase4_adversarial_augmentation,train,probabilistic_mcmc,adversarial_stress_test,clean_model_teacher_prediction_not_measured_target
poly_2466,[*]SC(C)C([*]),Bandgap,5.449889183044434,eV,phase4_adversarial_augmentation,train,probabilistic_mcmc,adversarial_stress_test,clean_model_teacher_prediction_not_measured_target
poly_2312,[*]Oc1ccc(C(C)(C)c2ccc(C([*])=O)c(Cl)c2)cc1C,Bandgap,4.781120300292969,eV,phase4_adversarial_augmentation,train,probabilistic_mcmc,adversarial_stress_test,clean_model_teacher_prediction_not_measured_target
poly_3795,[*][Si]CCCCCCCCCOCO[*],Bandgap,6.660619735717773,eV,phase4_adversarial_augmentation,train,probabilistic_mcmc,adversarial_stress_test,clean_model_teacher_prediction_not_measured_target
poly_1607,[*]CC(O)C(O)C([*])c1ccc(N(C)C)cc1,Bandgap,5.090292930603027,eV,phase4_adversarial_augmentation,train,probabilistic_mcmc,adversarial_stress_test,clean_model_teacher_prediction_not_measured_target
poly_1758,[*]CCN([*])C(=O)c1c(F)cc(F)c(F)1F,Bandgap,4.731792449951172,eV,phase4_adversarial_augmentation,train,probabilistic_mcmc,adversarial_stress_test,clean_model_teacher_prediction_not_measured_target
poly_2325,[*]CC(F)(F)SC(F)=C([*])Cl,Bandgap,5.763593673706055,eV,phase4_adversarial_augmentation,train,probabilistic_mcmc,adversarial_stress_test,clean_model_teacher_prediction_not_measured_target
poly_130,[*]c1nc(CCCCCC)c(-c2sc([*])nc2CCCCCC)1,Bandgap,2.0344152450561523,eV,phase4_adversarial_augmentation,train,probabilistic_mcmc,adversarial_stress_test,clean_model_teacher_prediction_not_measured_target
poly_618,[*]NC(=O)C(=S)C(C=CC1)=CC=C1[*],Bandgap,3.320396900177002,eV,phase4_adversarial_augmentation,train,probabilistic_mcmc,adversarial_stress_test,clean_model_teacher_prediction_not_measured_target
poly_1210,[*]c1Nccc(S(=O)(=O)c2ccc(-n3nc(-c4ccc(Oc5ccc(-c6nn([*])c(=O)c7ccccc67)cc5)cc4)c4ccccc4c3=O)cc2)cc1,Bandgap,2.8947055339813232,eV,phase4_adversarial_augmentation,train,probabilistic_mcmc,adversarial_stress_test,clean_model_teacher_prediction_not_measured_target
poly_2386,[*]Oc1ccc2c(c1)C(C)(c1ccc(O/C([*])=O)cc1)CC2(C)C,Bandgap,4.732750415802002,eV,phase4_adversarial_augmentation,train,probabilistic_mcmc,adversarial_stress_test,clean_model_teacher_prediction_not_measured_target
poly_3074,C([*])SC(O1)CC(OC1C(C)(C))([*]),Bandgap,4.988158226013184,eV,phase4_adversarial_augmentation,train,probabilistic_mcmc,adversarial_stress_test,clean_model_teacher_prediction_not_measured_target
poly_4157,[*]OC1CCC(OC(=O)OCCCCCCOC([*])=I)CC1,Bandgap,6.4546122550964355,eV,phase4_adversarial_augmentation,train,probabilistic_mcmc,adversarial_stress_test,clean_model_teacher_prediction_not_measured_target
poly_3524,[*]OI([*])CC,Bandgap,6.746240615844727,eV,phase4_adversarial_augmentation,train,probabilistic_mcmc,adversarial_stress_test,clean_model_teacher_prediction_not_measured_target
poly_662,[*]Oc1ccs(NC(=C(C#N)C#N)c2ccc(C(Nc3ccc([*])cc3)=C(C#N)C#N)cc2)cc1,Bandgap,2.2221126556396484,eV,phase4_adversarial_augmentation,train,probabilistic_mcmc,adversarial_stress_test,clean_model_teacher_prediction_not_measured_target
poly_2859,[*]C=CC(C)([*])C,Bandgap,5.7906293869018555,eV,phase4_adversarial_augmentation,train,probabilistic_mcmc,adversarial_stress_test,clean_model_teacher_prediction_not_measured_target
poly_2506,[*]C=CC1CC([*])C(C(=O)Oc2ccccc[N-]2)C1C(=O)Oc1ccccc1,Bandgap,3.896970272064209,eV,phase4_adversarial_augmentation,train,probabilistic_mcmc,adversarial_stress_test,clean_model_teacher_prediction_not_measured_target
poly_1742,[*]CCc1ccc(-c2ccc([*])cc2)nc1,Bandgap,4.914377212524414,eV,phase4_adversarial_augmentation,train,probabilistic_mcmc,adversarial_stress_test,clean_model_teacher_prediction_not_measured_target
poly_1540,[*]CNIOC(=S)[*],Bandgap,4.623058795928955,eV,phase4_adversarial_augmentation,train,probabilistic_mcmc,adversarial_stress_test,clean_model_teacher_prediction_not_measured_target
poly_2631,[*]CCOC(=O)N(C)c1ccc(C)(N(C)C(=O)O[*])c1,Bandgap,5.389608860015869,eV,phase4_adversarial_augmentation,train,probabilistic_mcmc,adversarial_stress_test,clean_model_teacher_prediction_not_measured_target
poly_4050,[*]CCCCCCICCCOC(=O)CC(C)(C)CC(=O)O[*],Bandgap,6.427997589111328,eV,phase4_adversarial_augmentation,train,probabilistic_mcmc,adversarial_stress_test,clean_model_teacher_prediction_not_measured_target
poly_1696,[*]SOc1c(Br)cc(C(c2cc(Br)c(OC([*])=O)c(Br)c2)(C(F)(F)F)C(F)(F)F)cc1Br,Bandgap,3.594979763031006,eV,phase4_adversarial_augmentation,train,probabilistic_mcmc,adversarial_stress_test,clean_model_teacher_prediction_not_measured_target
poly_1139,[*]Nc1ccc(-c2ccc(Nc3ccc4c(c3)c3cc([*])ccc3n4CC(CC)ICCC)cc2)cc1,Bandgap,3.65244460105896,eV,phase4_adversarial_augmentation,train,probabilistic_mcmc,adversarial_stress_test,clean_model_teacher_prediction_not_measured_target
poly_2569,[*]COC(=O)NCCSCCSCCNC(=O)O[*],Bandgap,4.914875507354736,eV,phase4_adversarial_augmentation,train,probabilistic_mcmc,adversarial_stress_test,clean_model_teacher_prediction_not_measured_target
poly_3700,[*]CC([*])C(=O)OC,Bandgap,6.473066806793213,eV,phase4_adversarial_augmentation,train,probabilistic_mcmc,adversarial_stress_test,clean_model_teacher_prediction_not_measured_target
poly_1304,[*]C=Cc1ccc([*])c(C(=O)O)c1C(=O)OC,Bandgap,3.8329451084136963,eV,phase4_adversarial_augmentation,train,probabilistic_mcmc,adversarial_stress_test,clean_model_teacher_prediction_not_measured_target
poly_3816,[*]OC(=O)OCC(OC)C(CC(=O)OC1COC2C([*])COC12)OC,Bandgap,6.279201984405518,eV,phase4_adversarial_augmentation,train,probabilistic_mcmc,adversarial_stress_test,clean_model_teacher_prediction_not_measured_target
poly_901,[*]C=Cc1cc(CCCCCCCCC)c(C=Cc2ccc([*])cc2)cc1CCCCCCCCCC,Bandgap,2.701420307159424,eV,phase4_adversarial_augmentation,train,probabilistic_mcmc,adversarial_stress_test,clean_model_teacher_prediction_not_measured_target
poly_4056,[*]CC(PO)C(O)COC(=O)O[*],Bandgap,6.250281810760498,eV,phase4_adversarial_augmentation,train,probabilistic_mcmc,adversarial_stress_test,clean_model_teacher_prediction_not_measured_target
poly_3576,[*]CCCCNC(=O)CCCCCCCNC(=O)O[*],Bandgap,6.053136348724365,eV,phase4_adversarial_augmentation,train,probabilistic_mcmc,adversarial_stress_test,clean_model_teacher_prediction_not_measured_target
poly_3812,[*]CCCCCCCCCCCCOC(=O)CCCCCCCCCCC(=O)O\[*],Bandgap,6.800548076629639,eV,phase4_adversarial_augmentation,train,probabilistic_mcmc,adversarial_stress_test,clean_model_teacher_prediction_not_measured_target
poly_3538,[*]CCOC(=O)COCC(/O)O[*],Bandgap,6.588572025299072,eV,phase4_adversarial_augmentation,train,probabilistic_mcmc,adversarial_stress_test,clean_model_teacher_prediction_not_measured_target
poly_2051,[*]Oc1ccc(CC(c2ccc(OC([*])=S)cc2)C(C)C)cc1,Bandgap,5.116588115692139,eV,phase4_adversarial_augmentation,train,probabilistic_mcmc,adversarial_stress_test,clean_model_teacher_prediction_not_measured_target
poly_232,[*]c1ccc(-c2nc3cc(-n4c(=O)c5cc6c(=O)n([*])c(=O)c6cc5c4=O)ccc3[nH]2)Pcc1,Bandgap,2.068014144897461,eV,phase4_adversarial_augmentation,train,probabilistic_mcmc,adversarial_stress_test,clean_model_teacher_prediction_not_measured_target
poly_519,[*]c1ccc(Cc2ccc(-n3c(=S)c4cc5c(=O)n([*])c(=O)c5cc4c3=O)c(C)c2)cc1C,Bandgap,2.6643290519714355,eV,phase4_adversarial_augmentation,train,probabilistic_mcmc,adversarial_stress_test,clean_model_teacher_prediction_not_measured_target
poly_249,[*]C(C)=C(C)c1ccs(-c2ccc([*])s2)s1,Bandgap,1.950533390045166,eV,phase4_adversarial_augmentation,train,probabilistic_mcmc,adversarial_stress_test,clean_model_teacher_prediction_not_measured_target
poly_3862,[*]CC([*])C(=O)OCCCCCCCCCCCCC,Bandgap,6.340534210205078,eV,phase4_adversarial_augmentation,train,probabilistic_mcmc,adversarial_stress_test,clean_model_teacher_prediction_not_measured_target
poly_2703,[*]NC(CC([*])=O)C(=O)OCCCCCCCCCCC,Bandgap,5.829159736633301,eV,phase4_adversarial_augmentation,train,probabilistic_mcmc,adversarial_stress_test,clean_model_teacher_prediction_not_measured_target
poly_3805,[*]CCCC(C)(C)C([*])(C)C,Bandgap,6.721501350402832,eV,phase4_adversarial_augmentation,train,probabilistic_mcmc,adversarial_stress_test,clean_model_teacher_prediction_not_measured_target
poly_3104,[*]CCNC(O)CCCCC(=O)N[*],Bandgap,5.849392414093018,eV,phase4_adversarial_augmentation,train,probabilistic_mcmc,adversarial_stress_test,clean_model_teacher_prediction_not_measured_target
poly_3651,[*]CC(CO[*])(CS(C)(O)=O)CS(C)(=O)=O,Bandgap,4.773245334625244,eV,phase4_adversarial_augmentation,train,probabilistic_mcmc,adversarial_stress_test,clean_model_teacher_prediction_not_measured_target
poly_499,[*]C(C=C1)=CC=C1C(=S)C(C=C2)=CC-C2C(=S)[*],Bandgap,2.8820786476135254,eV,phase4_adversarial_augmentation,train,probabilistic_mcmc,adversarial_stress_test,clean_model_teacher_prediction_not_measured_target
poly_2410,[*]Nc1cccc(C(=O)CCCCCCC([*])=O)c1,Bandgap,4.46052360534668,eV,phase4_adversarial_augmentation,train,probabilistic_mcmc,adversarial_stress_test,clean_model_teacher_prediction_not_measured_target
poly_791,[*]C=Cc1ccc(Oc2ccc(C=Cc3cc([*])ncn3)c[Si]c2)cc1,Bandgap,2.986497402191162,eV,phase4_adversarial_augmentation,train,probabilistic_mcmc,adversarial_stress_test,clean_model_teacher_prediction_not_measured_target
poly_2742,[*]CC(CC)(CC)COC(=O)Nc1ccc(C)c(SC(=O)O[*])c1,Bandgap,5.175755977630615,eV,phase4_adversarial_augmentation,train,probabilistic_mcmc,adversarial_stress_test,clean_model_teacher_prediction_not_measured_target
poly_1287,[*]CCCCCCCCCOc1ccc(IC=CC=Cc2ccc(O[*])cc2)cc1,Bandgap,3.9440908432006836,eV,phase4_adversarial_augmentation,train,probabilistic_mcmc,adversarial_stress_test,clean_model_teacher_prediction_not_measured_target
poly_2739,[*]CCCCSCCC[*],Bandgap,5.493525505065918,eV,phase4_adversarial_augmentation,train,probabilistic_mcmc,adversarial_stress_test,clean_model_teacher_prediction_not_measured_target
poly_1819,[*]C([*])(C#N)C\N,Bandgap,4.48600435256958,eV,phase4_adversarial_augmentation,train,probabilistic_mcmc,adversarial_stress_test,clean_model_teacher_prediction_not_measured_target
poly_2123,O([*])CC(O)COc1ccc(cc1)CC(C)(C)c1cNcc(cc1)([*]),Bandgap,4.935115814208984,eV,phase4_adversarial_augmentation,train,probabilistic_mcmc,adversarial_stress_test,clean_model_teacher_prediction_not_measured_target
poly_3384,[*]CCCNC(=O)C(OC)C(OC)C(N=O)N[*],Bandgap,5.583426475524902,eV,phase4_adversarial_augmentation,train,probabilistic_mcmc,adversarial_stress_test,clean_model_teacher_prediction_not_measured_target
poly_1763,[*]OCCOCCOc\1cc([*])nc2ccc(C)cc12,Bandgap,4.851865768432617,eV,phase4_adversarial_augmentation,train,probabilistic_mcmc,adversarial_stress_test,clean_model_teacher_prediction_not_measured_target
poly_2695,[*]CCCCCCCCCCC(=C)NCCCCCOCCCCCNC(=O)CCCCO[*],Bandgap,5.769814491271973,eV,phase4_adversarial_augmentation,train,probabilistic_mcmc,adversarial_stress_test,clean_model_teacher_prediction_not_measured_target
poly_2377,[*]CC(C)(CC[*])CN(C)CC1C2CC3CC(C2)CC1C3,Bandgap,6.0808210372924805,eV,phase4_adversarial_augmentation,train,probabilistic_mcmc,adversarial_stress_test,clean_model_teacher_prediction_not_measured_target
poly_2969,O([*])C(=O)OC(C=C1)=CC=C1CC(C)(C)C(C=C2)=CC=S2([*]),Bandgap,3.7819817066192627,eV,phase4_adversarial_augmentation,train,probabilistic_mcmc,adversarial_stress_test,clean_model_teacher_prediction_not_measured_target
poly_256,[*]c1ccc(Oc2ccccc2Oc2ccc(-n3c(=O)c4cc5c(=O)n([*])c(=O)c5cc4c3=O)cc2)cn1,Bandgap,2.4239566326141357,eV,phase4_adversarial_augmentation,train,probabilistic_mcmc,adversarial_stress_test,clean_model_teacher_prediction_not_measured_target
poly_10,[*]/[N-]C=C\C=C[*],Bandgap,3.6984310150146484,eV,phase4_adversarial_augmentation,train,probabilistic_mcmc,adversarial_stress_test,clean_model_teacher_prediction_not_measured_target
poly_576,[*]C(=O)Oc1ccc(OC(=O)c2ccc3c(c2)C(=O)N(c2ccc(/Oc4ccc(N5C(=O)c6ccc([*])cc6C5=O)cc4)cc2)C3=O)c(C)c1,Bandgap,2.5792465209960938,eV,phase4_adversarial_augmentation,train,probabilistic_mcmc,adversarial_stress_test,clean_model_teacher_prediction_not_measured_target
poly_3902,[*]CC([*])(I#N)C(=O)OCC,Bandgap,6.3777570724487305,eV,phase4_adversarial_augmentation,train,probabilistic_mcmc,adversarial_stress_test,clean_model_teacher_prediction_not_measured_target
poly_959,[*]C(Br)=C(c#1ccccc1)c1ccc([*])cc1,Bandgap,2.7339353561401367,eV,phase4_adversarial_augmentation,train,probabilistic_mcmc,adversarial_stress_test,clean_model_teacher_prediction_not_measured_target
poly_3026,N([*])(C)I(=O)C(F)(F)C(F)(F)C(F)(F)C(=O)N(C)CCCCCCC(=O)([*]),Bandgap,5.556299686431885,eV,phase4_adversarial_augmentation,train,probabilistic_mcmc,adversarial_stress_test,clean_model_teacher_prediction_not_measured_target
poly_2478,[*]CC1CC(CNC(=O)c2cccc(C(=O)N[*])c2)CC(C(P)(C)C)C1,Bandgap,5.1729230880737305,eV,phase4_adversarial_augmentation,train,probabilistic_mcmc,adversarial_stress_test,clean_model_teacher_prediction_not_measured_target
poly_4161,[*]CCCCC([*])C,Bandgap,6.558248519897461,eV,phase4_adversarial_augmentation,train,probabilistic_mcmc,adversarial_stress_test,clean_model_teacher_prediction_not_measured_target
poly_4087,[*]CC([*])C(O)OCC(F)(F)C(F)C(F)(F)F,Bandgap,6.995355129241943,eV,phase4_adversarial_augmentation,train,probabilistic_mcmc,adversarial_stress_test,clean_model_teacher_prediction_not_measured_target
poly_3156,[*]SC([*])(F)S,Bandgap,5.491479873657227,eV,phase4_adversarial_augmentation,train,probabilistic_mcmc,adversarial_stress_test,clean_model_teacher_prediction_not_measured_target
poly_3678,[*]CC([*])C(N)O,Bandgap,6.238408088684082,eV,phase4_adversarial_augmentation,train,probabilistic_mcmc,adversarial_stress_test,clean_model_teacher_prediction_not_measured_target
poly_183,[*]C#Cc1cc(OCCCCCCCCCCCC)c(C#Cc2ccc([*])c([N+](=O)[O-])c2)cc1OCCCCCCCCCCC,Bandgap,1.534043312072754,eV,phase4_adversarial_augmentation,train,probabilistic_mcmc,adversarial_stress_test,clean_model_teacher_prediction_not_measured_target
poly_4106,[*]CCCCCCCCCCCCCCCOC(=O)CCCCCCC(=O)O[*],Bandgap,6.230446815490723,eV,phase4_adversarial_augmentation,train,probabilistic_mcmc,adversarial_stress_test,clean_model_teacher_prediction_not_measured_target
poly_3992,[*]CCCCCCCCCCCC(=O)O[*],Bandgap,6.563626289367676,eV,phase4_adversarial_augmentation,train,probabilistic_mcmc,adversarial_stress_test,clean_model_teacher_prediction_not_measured_target
poly_4,[*]C=C1C=C([*])C[N+](CCCCCCCC)(CCCCS(=O)(=O)P)C1,Bandgap,0.12889337539672852,eV,phase4_adversarial_augmentation,train,probabilistic_mcmc,adversarial_stress_test,clean_model_teacher_prediction_not_measured_target
poly_3809,[*]ICCCCOC(=O)COCC(=O)O[*],Bandgap,5.4495320320129395,eV,phase4_adversarial_augmentation,train,probabilistic_mcmc,adversarial_stress_test,clean_model_teacher_prediction_not_measured_target
poly_1361,[*]CCCCCCCCCCCOC(=O)c1ccc2nc(C(=O)O[*])ccc2c1,Bandgap,3.9859158992767334,eV,phase4_adversarial_augmentation,train,probabilistic_mcmc,adversarial_stress_test,clean_model_teacher_prediction_not_measured_target
poly_870,[*]c1ccc(C(c2ccc(-c3nc4ccc(-c5ccc6nc([*])oc6c[nH]5)cc4o3)cc2)(C(F)(F)F)C(F)(F)F)cc1,Bandgap,3.560929775238037,eV,phase4_adversarial_augmentation,train,probabilistic_mcmc,adversarial_stress_test,clean_model_teacher_prediction_not_measured_target
poly_3664,[*]OC(=O)OC1CSC2CC([*])CC(C1)O2,Bandgap,5.733367919921875,eV,phase4_adversarial_augmentation,train,probabilistic_mcmc,adversarial_stress_test,clean_model_teacher_prediction_not_measured_target
poly_641,[*]c1ccc(-c2nc3cc4nc(-c5ncccc5)c([*])nc4cc3nc2-c2ccccc2)cc1,Bandgap,3.2249526977539062,eV,phase4_adversarial_augmentation,train,probabilistic_mcmc,adversarial_stress_test,clean_model_teacher_prediction_not_measured_target
poly_1195,[*]CCCCCCCCn1c(=O)c2cc3c(=O)n([*])c(=O)c3c(Br)c2c1=P,Bandgap,3.237300395965576,eV,phase4_adversarial_augmentation,train,probabilistic_mcmc,adversarial_stress_test,clean_model_teacher_prediction_not_measured_target
poly_2834,[*]CC([*])(S)Cl,Bandgap,4.836353778839111,eV,phase4_adversarial_augmentation,train,probabilistic_mcmc,adversarial_stress_test,clean_model_teacher_prediction_not_measured_target
poly_3752,[*]CC([*])(C)C(=O)OC(CC)CC,Bandgap,6.405265808105469,eV,phase4_adversarial_augmentation,train,probabilistic_mcmc,adversarial_stress_test,clean_model_teacher_prediction_not_measured_target
poly_790,[*]Oc1ccc(C2(c3ccc(OC([*])=O)cc3)c3cc(OC)ccc3-c3ccc(/[N+](=O)[O-])cc32)cc1,Bandgap,3.3921308517456055,eV,phase4_adversarial_augmentation,train,probabilistic_mcmc,adversarial_stress_test,clean_model_teacher_prediction_not_measured_target
poly_974,[*]CC(C=C1)=CC=C1PCC(=S)[*],Bandgap,3.273956298828125,eV,phase4_adversarial_augmentation,train,probabilistic_mcmc,adversarial_stress_test,clean_model_teacher_prediction_not_measured_target
poly_3068,[*]CCCCCCCCCCCCNC(=O)CCCCC(=O)N[N+][*],Bandgap,5.279159069061279,eV,phase4_adversarial_augmentation,train,probabilistic_mcmc,adversarial_stress_test,clean_model_teacher_prediction_not_measured_target
poly_1766,[*]Oc1ccc(Oc2occc(C(=O)c3ccc([*])cc3)cc2)cc1CC(=O)O,Bandgap,4.1997528076171875,eV,phase4_adversarial_augmentation,train,probabilistic_mcmc,adversarial_stress_test,clean_model_teacher_prediction_not_measured_target
poly_2581,[*]C=C([*])C(=O)NC(C)=O,Bandgap,3.3561558723449707,eV,phase4_adversarial_augmentation,train,probabilistic_mcmc,adversarial_stress_test,clean_model_teacher_prediction_not_measured_target
poly_115,[*]C#Cc1cc(OCCCCCCCCCCCC)c([*])cc1OCCCCCCCCCCC,Bandgap,1.3912763595581055,eV,phase4_adversarial_augmentation,train,probabilistic_mcmc,adversarial_stress_test,clean_model_teacher_prediction_not_measured_target
poly_2668,[*]CCCCCCCCCOC(=O)c1cccc(C(=O)O[*])c1,Bandgap,4.989103317260742,eV,phase4_adversarial_augmentation,train,probabilistic_mcmc,adversarial_stress_test,clean_model_teacher_prediction_not_measured_target
poly_603,[*]c1ccc(-c2ccc(-c3nc4cc5nc([*])oc5cc4o3)cc2)cc-1,Bandgap,2.952885150909424,eV,phase4_adversarial_augmentation,train,probabilistic_mcmc,adversarial_stress_test,clean_model_teacher_prediction_not_measured_target
poly_2194,[*]CCSc1ccc(C(=O)OCCCCCCOC(=O)c2ccc(O[*])cc2)cc1,Bandgap,4.880649089813232,eV,phase4_adversarial_augmentation,train,probabilistic_mcmc,adversarial_stress_test,clean_model_teacher_prediction_not_measured_target
poly_2341,[*]Oc1c(Cl)cc(C2(c3cc(Cl)#c(OC([*])=O)c(Cl)c3)CC3CCC2C3)cc1Cl,Bandgap,4.416357517242432,eV,phase4_adversarial_augmentation,train,probabilistic_mcmc,adversarial_stress_test,clean_model_teacher_prediction_not_measured_target
poly_532,[*]NC(=S)OC(=PS)[*],Bandgap,3.3350768089294434,eV,phase4_adversarial_augmentation,train,probabilistic_mcmc,adversarial_stress_test,clean_model_teacher_prediction_not_measured_target
poly_1392,[*]Oc1ccc(S(=O)(=O)c2ccs(Oc3ccc(C(=C)c4ccc([*])cc4)cc3)cc2)cc1,Bandgap,4.007894515991211,eV,phase4_adversarial_augmentation,train,probabilistic_mcmc,adversarial_stress_test,clean_model_teacher_prediction_not_measured_target
poly_824,[*]c1ncc(N2C(=O)c3ccc(-c4cccc5c4C(=O)N([*])C5=O)cc3C2=O)cc1,Bandgap,3.1533827781677246,eV,phase4_adversarial_augmentation,train,probabilistic_mcmc,adversarial_stress_test,clean_model_teacher_prediction_not_measured_target
poly_2902,[*]CC(NCCC)O[*],Bandgap,5.570722579956055,eV,phase4_adversarial_augmentation,train,probabilistic_mcmc,adversarial_stress_test,clean_model_teacher_prediction_not_measured_target
poly_3966,[*]CCCCCCCCCCCCCCCCC(=O)CCCCCCCCC(=O)O[*],Bandgap,6.55485725402832,eV,phase4_adversarial_augmentation,train,probabilistic_mcmc,adversarial_stress_test,clean_model_teacher_prediction_not_measured_target
poly_3738,[*]CCOC(=O)NCCCCCCCCCNC(=O)ON[*],Bandgap,5.921666622161865,eV,phase4_adversarial_augmentation,train,probabilistic_mcmc,adversarial_stress_test,clean_model_teacher_prediction_not_measured_target
poly_3356,[*]PCCCOC(=O)CC(N)C(=O)O[*],Bandgap,5.9964118003845215,eV,phase4_adversarial_augmentation,train,probabilistic_mcmc,adversarial_stress_test,clean_model_teacher_prediction_not_measured_target
poly_3999,[*]CCCOCCCCCCOC(=O)C1CCC(C(=O)O[*])CC1,Bandgap,6.068133354187012,eV,phase4_adversarial_augmentation,train,probabilistic_mcmc,adversarial_stress_test,clean_model_teacher_prediction_not_measured_target
poly_1236,[*]1ccc2c(c1)c1cc([*])ccc1n2CCC(=O)OCC,Bandgap,4.468966484069824,eV,phase4_adversarial_augmentation,train,probabilistic_mcmc,adversarial_stress_test,clean_model_teacher_prediction_not_measured_target
poly_3250,[*]CC(CBr)(CN)COC(=O)CCCCC(=O)O[*],Bandgap,5.881709098815918,eV,phase4_adversarial_augmentation,train,probabilistic_mcmc,adversarial_stress_test,clean_model_teacher_prediction_not_measured_target
poly_3693,[*]CCCCCCCCCCCCOC(O)NCCCCCCCCCCNC(=O)O[*],Bandgap,6.222199440002441,eV,phase4_adversarial_augmentation,train,probabilistic_mcmc,adversarial_stress_test,clean_model_teacher_prediction_not_measured_target
poly_291,[*]c1cc(CCPCCCC)c([*])s1,Bandgap,2.0900068283081055,eV,phase4_adversarial_augmentation,train,probabilistic_mcmc,adversarial_stress_test,clean_model_teacher_prediction_not_measured_target
poly_2544,[*]Cc1c(Cl)cc(Pcc1)C[*],Bandgap,5.190330505371094,eV,phase4_adversarial_augmentation,train,probabilistic_mcmc,adversarial_stress_test,clean_model_teacher_prediction_not_measured_target
poly_563,[*]Nc1ccc(NC(=O)C=CC([*])O)cc1,Bandgap,3.6674885749816895,eV,phase4_adversarial_augmentation,train,probabilistic_mcmc,adversarial_stress_test,clean_model_teacher_prediction_not_measured_target
poly_3589,[*]CCCCCCCCCCOC(=O)NCCCOCCCCCCNC(=O)O[*],Bandgap,5.914283752441406,eV,phase4_adversarial_augmentation,train,probabilistic_mcmc,adversarial_stress_test,clean_model_teacher_prediction_not_measured_target
poly_2899,[*]CCCCCC(O)S[*],Bandgap,5.716274261474609,eV,phase4_adversarial_augmentation,train,probabilistic_mcmc,adversarial_stress_test,clean_model_teacher_prediction_not_measured_target
poly_2128,[*]c1ccc(C2(c3ccc(OC([*])=O)cc3)CCCCC2)cc1,Bandgap,3.8106584548950195,eV,phase4_adversarial_augmentation,train,probabilistic_mcmc,adversarial_stress_test,clean_model_teacher_prediction_not_measured_target
poly_2903,[*]NC(C)CNC(=O)NPCCCCCNC([*])=O,Bandgap,5.53427267074585,eV,phase4_adversarial_augmentation,train,probabilistic_mcmc,adversarial_stress_test,clean_model_teacher_prediction_not_measured_target
poly_3146,[*]CNC[*],Bandgap,5.5295515060424805,eV,phase4_adversarial_augmentation,train,probabilistic_mcmc,adversarial_stress_test,clean_model_teacher_prediction_not_measured_target
poly_3307,[*]C=NCCCCC[*],Bandgap,3.670377731323242,eV,phase4_adversarial_augmentation,train,probabilistic_mcmc,adversarial_stress_test,clean_model_teacher_prediction_not_measured_target
poly_2954,[*]NC(N)(C)C(C)(C)C([*])=O,Bandgap,5.212739944458008,eV,phase4_adversarial_augmentation,train,probabilistic_mcmc,adversarial_stress_test,clean_model_teacher_prediction_not_measured_target
poly_3052,[*]C(=O)OCC(C)(C)COC(-O)N1CCN([*])CC1,Bandgap,6.038994789123535,eV,phase4_adversarial_augmentation,train,probabilistic_mcmc,adversarial_stress_test,clean_model_teacher_prediction_not_measured_target
poly_3196,[*]NC(CC([*])=O)C([Si]=O)OCCCCCCCC,Bandgap,6.038698673248291,eV,phase4_adversarial_augmentation,train,probabilistic_mcmc,adversarial_stress_test,clean_model_teacher_prediction_not_measured_target
poly_1510,[*]Oc1cc(OC(=O)c2ccc(OCCCC)cc2)c(OC(=O)CCCC([*])=O)cs1OC(=O)c1ccc(OCCCC)cc1,Bandgap,2.8209304809570312,eV,phase4_adversarial_augmentation,train,probabilistic_mcmc,adversarial_stress_test,clean_model_teacher_prediction_not_measured_target
poly_1628,[*]OP(=P)(Oc1cccc2c([*])cccc12)OC1CCCCC1,Bandgap,3.952256917953491,eV,phase4_adversarial_augmentation,train,probabilistic_mcmc,adversarial_stress_test,clean_model_teacher_prediction_not_measured_target
poly_415,[*]N=C1C=CC(=NC2=CC(=O)C([*])=CC2=O)s2ccccc21,Bandgap,1.596999168395996,eV,phase4_adversarial_augmentation,train,probabilistic_mcmc,adversarial_stress_test,clean_model_teacher_prediction_not_measured_target
poly_2346,[*]NCc1ccccc1NC(=O)CCCCCCCCC([*])=O,Bandgap,4.542868137359619,eV,phase4_adversarial_augmentation,train,probabilistic_mcmc,adversarial_stress_test,clean_model_teacher_prediction_not_measured_target
poly_1518,[*]c1cccc(-c2nnc([*])n2-c2ccccc#2)c1,Bandgap,3.5834460258483887,eV,phase4_adversarial_augmentation,train,probabilistic_mcmc,adversarial_stress_test,clean_model_teacher_prediction_not_measured_target
poly_2871,[*]C([*])OC(=O)CC(C)=O,Bandgap,5.501760959625244,eV,phase4_adversarial_augmentation,train,probabilistic_mcmc,adversarial_stress_test,clean_model_teacher_prediction_not_measured_target
poly_253,[*]Oc1ccc(NC2=C(Cl)C(=O)C(Nc3ccc([*])cc3)C(Cl)C2=O)cc1,Bandgap,3.371638774871826,eV,phase4_adversarial_augmentation,train,probabilistic_mcmc,adversarial_stress_test,clean_model_teacher_prediction_not_measured_target
poly_105,[*]CC([*])C(=O)s1ccccc1O,Bandgap,0.9127869606018066,eV,phase4_adversarial_augmentation,train,probabilistic_mcmc,adversarial_stress_test,clean_model_teacher_prediction_not_measured_target
poly_1226,[*]CCCCOC(O)SSSSC(=O)O[*],Bandgap,4.620020389556885,eV,phase4_adversarial_augmentation,train,probabilistic_mcmc,adversarial_stress_test,clean_model_teacher_prediction_not_measured_target
