polymer_id,original_representation,property_name,property_value,units,source_dataset,split,phase4_attack_family,phase4_attack_category,phase4_label_basis
poly_1487,[*]Cc1nc(-c2ccc(-c3csc([*])n3)cc2)cs1,Bandgap,3.9045,eV,polyverse_bandgap,train,clean,clean,measured_target
poly_2689,[*]CC(CC([*])(C#N)C#N)(OC(C)=O)c1ccc(OC(C)=O)cc1,Bandgap,5.1337,eV,polyverse_bandgap,train,clean,clean,measured_target
poly_158,[*]c1ccc(Oc2ccc(Oc3ccc(-n4c(=O)c5cc6c(=O)n([*])c(=O)c6cc5c4=O)cc3)cc2C(C)(C)C)cc1,Bandgap,1.9571,eV,polyverse_bandgap,train,clean,clean,measured_target
poly_1797,[*]Oc1ccc(Oc2ccc(C=NCCCCCCN=Cc3ccc([*])cc3)cc2)cc1,Bandgap,4.2528,eV,polyverse_bandgap,train,clean,clean,measured_target
poly_1671,[*]CC(=O)C([*])c1ccc(F)cc1,Bandgap,4.1155,eV,polyverse_bandgap,train,clean,clean,measured_target
poly_2561,[*]Oc1cccc([*])c1,Bandgap,5.0109,eV,polyverse_bandgap,train,clean,clean,measured_target
poly_2020,[*]OC(=O)CCSCc1ccc(CSCCC([*])=O)cc1,Bandgap,4.4934,eV,polyverse_bandgap,train,clean,clean,measured_target
poly_3047,[*]CC(CC(Cl)(Cl)Cl)O[*],Bandgap,5.5252,eV,polyverse_bandgap,train,clean,clean,measured_target
poly_1319,[*]Oc1ccc(OC(=O)c2ccc(C([*])=O)cc2)cc1CCCCCCC,Bandgap,3.6937,eV,polyverse_bandgap,train,clean,clean,measured_target
poly_1151,[*]c1csc([*])c1,Bandgap,3.5004,eV,polyverse_bandgap,train,clean,clean,measured_target
poly_3932,[*]C1CC([*])OC(O)O1,Bandgap,6.5411,eV,polyverse_bandgap,train,clean,clean,measured_target
poly_1747,[*]Oc1cccc(OC(=O)c2ccc(Oc3ccc(C([*])=O)cc3)cc2)c1,Bandgap,4.1878,eV,polyverse_bandgap,train,clean,clean,measured_target
poly_4045,[*]CCCOC(=O)CCCCCCCCCC(=O)O[*],Bandgap,6.7038,eV,polyverse_bandgap,train,clean,clean,measured_target
poly_3236,[*]CCCCCCNC(=O)C(CCCCCCCCCCCCCCC)C(=O)N[*],Bandgap,5.7343,eV,polyverse_bandgap,train,clean,clean,measured_target
poly_1501,[*]Nc1ccc([*])cc1OCCCCCCCCCCCC,Bandgap,3.9219,eV,polyverse_bandgap,train,clean,clean,measured_target
poly_1428,[*]c1ccc(S([*])(=O)=O)cc1,Bandgap,3.8258,eV,polyverse_bandgap,train,clean,clean,measured_target
poly_3148,[*]CCCNC(=O)CCCCCCCCC(=O)NCCCNC(=O)C(=O)N[*],Bandgap,5.6387,eV,polyverse_bandgap,train,clean,clean,measured_target
poly_305,[*]c1cc(CCCCCCCCCC)c([*])s1,Bandgap,2.3836,eV,polyverse_bandgap,train,clean,clean,measured_target
poly_1123,[*]CC([*])(C)C(=O)OCc1ccc2c(c1)c1ccccc1n2CC,Bandgap,3.4577,eV,polyverse_bandgap,train,clean,clean,measured_target
poly_3819,[*]CC([*])C(=O)OCCC#N,Bandgap,6.377000000000002,eV,polyverse_bandgap,train,clean,clean,measured_target
poly_397,[*]C=C([*])c1ccc(C(=O)Oc2c(F)c(F)c(F)c(F)c2F)cc1,Bandgap,2.5164,eV,polyverse_bandgap,train,clean,clean,measured_target
poly_3520,[*]C(=O)OCC(C)(C)COC(=O)N1CCN([*])C(C)C1,Bandgap,5.9905,eV,polyverse_bandgap,train,clean,clean,measured_target
poly_1864,[*]Oc1cccc(Oc2cccc([*])c2)c1C#N,Bandgap,4.3119,eV,polyverse_bandgap,train,clean,clean,measured_target
poly_3285,[*]CC([*])Br,Bandgap,5.7722,eV,polyverse_bandgap,train,clean,clean,measured_target
poly_1697,[*]Oc1c(C)cc([*])cc1C(C)CCCCC,Bandgap,4.1484,eV,polyverse_bandgap,train,clean,clean,measured_target
poly_3201,[*]OC1CC(c2ccccc2)CC([*])O1,Bandgap,5.7012,eV,polyverse_bandgap,train,clean,clean,measured_target
poly_1658,[*]Oc2cccc(OC(=O)c1cccc(C([*])=O)c1C(F)(F)C(F)(F)C(F)(F)F)c2,Bandgap,4.0962,eV,polyverse_bandgap,train,clean,clean,measured_target
poly_47,[*]CC(=S)C(=O)C(=S)[*],Bandgap,1.354,eV,polyverse_bandgap,train,clean,clean,measured_target
poly_399,[*]CCN(CCOC(=O)c1cccc(C(=O)O[*])c1)c1ccc(N=Nc2ccc(-c3nc4ccc([N+](=O)[O-])cc4n3CC)cc2)cc1,Bandgap,2.5182,eV,polyverse_bandgap,train,clean,clean,measured_target
poly_2334,[*]COC(=S)O[*],Bandgap,4.7874,eV,polyverse_bandgap,train,clean,clean,measured_target
poly_2105,[*]Oc1ccc(OC(=O)CCC([*])=O)cc1,Bandgap,4.5760000000000005,eV,polyverse_bandgap,train,clean,clean,measured_target
poly_3317,[*]CCCC(C)(C)CNC(=O)CCCCCCCCC(=O)N[*],Bandgap,5.8015,eV,polyverse_bandgap,train,clean,clean,measured_target
poly_1760,[*]CCSSSSCCO[*],Bandgap,4.2061,eV,polyverse_bandgap,train,clean,clean,measured_target
poly_3171,[*]NC(CCC(=O)OCCCCC)C([*])=O,Bandgap,5.6585,eV,polyverse_bandgap,train,clean,clean,measured_target
poly_1035,[*]Nc1cc(NC(=O)c2ccccc2C([*])=O)cc(-c2nnc(-c3ccccn3)o2)c1,Bandgap,3.359,eV,polyverse_bandgap,train,clean,clean,measured_target
poly_3055,[*]CCCCCCNC(=O)CCc1ccc(C(C)CC(=O)N[*])cc1,Bandgap,5.5318,eV,polyverse_bandgap,train,clean,clean,measured_target
poly_2258,[*]CC([*])n1ccnc1,Bandgap,4.7081,eV,polyverse_bandgap,train,clean,clean,measured_target
poly_67,[*]c1cc(CCCCCCOC(=O)COC)c([*])s1,Bandgap,1.5263,eV,polyverse_bandgap,train,clean,clean,measured_target
poly_1133,[*]Oc1cc(C(C)(C)c2ccccc2)c(OC(=O)c2ccc(C([*])=O)cc2)cc1C(C)(C)c1ccccc1,Bandgap,3.4711,eV,polyverse_bandgap,train,clean,clean,measured_target
poly_3352,[*]OC([2H])([2H])C([*])([2H])[2H],Bandgap,5.8333,eV,polyverse_bandgap,train,clean,clean,measured_target
poly_2081,[*]CC(S[*])C(C)(C)C,Bandgap,4.5517,eV,polyverse_bandgap,train,clean,clean,measured_target
poly_1585,[*]CC(COc1ccc(OC)cc1)O[*],Bandgap,4.0197,eV,polyverse_bandgap,train,clean,clean,measured_target
poly_1180,[*]OCCOC(=O)CCCC(=O)OCCOc1nc(-c2ccc(OCCCC)cc2)nc([*])c1-c1ccc(OC)cc1,Bandgap,3.5409,eV,polyverse_bandgap,train,clean,clean,measured_target
poly_4190,[*]C(F)(F)C([*])(F)OC(F)(F)F,Bandgap,8.0507,eV,polyverse_bandgap,train,clean,clean,measured_target
poly_574,[*]c1cc2c(s1)-c1sc([*])cc1C2(CCCCCCCC)CCCCCCCC,Bandgap,2.7507,eV,polyverse_bandgap,train,clean,clean,measured_target
poly_3720,[*]CCCCOC(=O)NCCCNC(=O)O[*],Bandgap,6.2411,eV,polyverse_bandgap,train,clean,clean,measured_target
poly_673,[*]NC(C=C1)=CC=C1C(C=C2)=CC=C2C(=S)[*],Bandgap,2.8961,eV,polyverse_bandgap,train,clean,clean,measured_target
poly_3649,[*]OC(C)COC(=O)COCC([*])=O,Bandgap,6.1342,eV,polyverse_bandgap,train,clean,clean,measured_target
poly_3185,[*]CCC(=O)OCCCC=CCCCOC(=O)CCC1NC(=O)C([*])NC1=O,Bandgap,5.6763,eV,polyverse_bandgap,train,clean,clean,measured_target
poly_3666,[*]CCOCCOCCOC(=O)CCCCCCCC(=O)O[*],Bandgap,6.1534,eV,polyverse_bandgap,train,clean,clean,measured_target
poly_3425,[*]CCOCC(=O)NCCNC(=O)CO[*],Bandgap,5.8923,eV,polyverse_bandgap,train,clean,clean,measured_target
poly_221,[*]c1ccc(Oc2cc3ccccc3cc2Oc2ccc(-n3c(=O)c4cc5c(=O)n([*])c(=O)c5cc4c3=O)cc2)cc1,Bandgap,2.1718,eV,polyverse_bandgap,train,clean,clean,measured_target
poly_1878,[*]CNC(S1)=CC=C1N[*],Bandgap,4.3295,eV,polyverse_bandgap,train,clean,clean,measured_target
poly_1829,[*]Oc1ccc(Oc2ccc(C(=O)c3ccc([*])cc3)cc2)cc1COC,Bandgap,4.2796,eV,polyverse_bandgap,train,clean,clean,measured_target
poly_834,[*]c1cc(OCCCC)c([*])s1,Bandgap,3.0949,eV,polyverse_bandgap,train,clean,clean,measured_target
poly_2848,[*]CC(CCl)(CI)COC(=O)CCCCC(=O)O[*],Bandgap,5.2961,eV,polyverse_bandgap,train,clean,clean,measured_target
poly_784,[*]C(=O)c1ccc2c(c1)C(=O)N(c1ccc(C(c3ccccc3)(c3ccc(N4C(=O)c5ccc([*])cc5C4=O)cc3)C(F)(F)F)cc1)C2=O,Bandgap,3.0137,eV,polyverse_bandgap,train,clean,clean,measured_target
poly_3865,[*]OC([*])C(Cl)Cl,Bandgap,6.4632,eV,polyverse_bandgap,train,clean,clean,measured_target
poly_247,[*]c1ccc(Oc2ccc(Oc3ccc(-n4c(=O)c5cc6c(=O)n([*])c(=O)c6cc5c4=O)cc3)cc2)cc1,Bandgap,2.2398,eV,polyverse_bandgap,train,clean,clean,measured_target
poly_3766,[*]CC(CO[*])(COC=O)COC=O,Bandgap,6.3091,eV,polyverse_bandgap,train,clean,clean,measured_target
poly_1733,[*]Oc1ccc(C(C)=Cc2ccc(OC(=O)OCCCCOC([*])=O)cc2)cc1,Bandgap,4.177,eV,polyverse_bandgap,train,clean,clean,measured_target
poly_680,[*]C(=O)Nc1ccc(NC(=O)c2ccc3c(c2)C(=O)N(c2cccc(N4C(=O)c5ccc([*])cc5C4=O)c2)C3=O)cc1,Bandgap,2.9009,eV,polyverse_bandgap,train,clean,clean,measured_target
poly_643,[*]C(=O)Nc1ccc(C2(c3ccc(N4C(=O)c5ccc([*])cc5C4=O)cc3)CCCCC2)cc1,Bandgap,2.8538,eV,polyverse_bandgap,train,clean,clean,measured_target
poly_1440,[*]OS(=O)(=O)c1cccc(C(=O)Oc2ccc(C(C)(C)c3ccc([*])cc3)cc2)c1,Bandgap,3.8376,eV,polyverse_bandgap,train,clean,clean,measured_target
poly_405,[*]C([2H])([2H])C([*])([2H])C([2H])=C([2H])[2H],Bandgap,2.522,eV,polyverse_bandgap,train,clean,clean,measured_target
poly_1234,[*]C(=O)C(S1)=CC=C1OC(=S)[*],Bandgap,3.6056,eV,polyverse_bandgap,train,clean,clean,measured_target
poly_3677,[*]OC(=O)CCCCCCCCCCCCC([*])=O,Bandgap,6.1871,eV,polyverse_bandgap,train,clean,clean,measured_target
poly_3841,[*]OC(C)CCC(C)OC(=O)CCCCC([*])=O,Bandgap,6.4235,eV,polyverse_bandgap,train,clean,clean,measured_target
poly_2677,[*]CC(O)COC(=O)CCCCC(=O)OCC(O)COc1ccc(O[*])cc1,Bandgap,5.1211,eV,polyverse_bandgap,train,clean,clean,measured_target
poly_552,[*]C(=O)Oc1ccc(OC(=O)c2ccc3c(c2)C(=O)N(c2ccc(Oc4ccc(N5C(=O)c6ccc([*])cc6C5=O)cc4)cc2)C3=O)c(C(C)(C)C)c1,Bandgap,2.7274,eV,polyverse_bandgap,train,clean,clean,measured_target
poly_720,[*]NC(=O)C(C=C1)=CC=C1C(=S)[*],Bandgap,2.9444,eV,polyverse_bandgap,train,clean,clean,measured_target
poly_1645,[*]C=CC1C=CC([*])C(C(=O)OC(C)(C)C)=C1C(=O)OC(C)(C)C,Bandgap,4.0868,eV,polyverse_bandgap,train,clean,clean,measured_target
poly_396,[*]c1cc(N=Nc2ccc(C#N)cc2)cc([*])c1O,Bandgap,2.5143,eV,polyverse_bandgap,train,clean,clean,measured_target
poly_129,[*]c1ccc(-c2cc(CCCCCCCCCF)c([*])s2)s1,Bandgap,1.8341,eV,polyverse_bandgap,train,clean,clean,measured_target
poly_3685,[*]CCOC(=O)NCCOCCOCCNC(=O)O[*],Bandgap,6.1965,eV,polyverse_bandgap,train,clean,clean,measured_target
poly_3550,[*]CCCCCCNC(=O)CCCCCCCCCCCCCCCCCCCCC(=O)N[*],Bandgap,6.0208,eV,polyverse_bandgap,train,clean,clean,measured_target
poly_1018,[*]c1ccc(-c2ccc(N3C(=O)c4ccc(Oc5ccc6c(c5)C(=O)N([*])C6=O)cc4C3=O)cc2C)c(C)c1,Bandgap,3.3433,eV,polyverse_bandgap,train,clean,clean,measured_target
poly_3859,[*]CC([*])C(=O)OCCCCCCC,Bandgap,6.4578,eV,polyverse_bandgap,train,clean,clean,measured_target
poly_3778,[*]NC(=O)OC(=O)[*],Bandgap,6.3288,eV,polyverse_bandgap,train,clean,clean,measured_target
poly_3787,[*]CC(F)(F)C(F)(F)C(F)(F)COC(=O)C(F)(F)C(F)(F)C(F)(F)C(F)(F)C(=O)O[*],Bandgap,6.3429,eV,polyverse_bandgap,train,clean,clean,measured_target
poly_820,[*]C(=O)Nc1ccc(Cc2ccc(N3C(=O)c4ccc([*])cc4C3=O)cc2)cc1,Bandgap,3.0708,eV,polyverse_bandgap,train,clean,clean,measured_target
poly_2057,[*]C(=O)c1ccc(C(=O)N2CC(C)N([*])CC2C)cc1,Bandgap,4.5321,eV,polyverse_bandgap,train,clean,clean,measured_target
poly_2351,[*]c1ccc(C2C(C#N)(C(=O)OCCC)C([*])C2(C#N)C(=O)OCCC)cc1,Bandgap,4.8078,eV,polyverse_bandgap,train,clean,clean,measured_target
poly_4191,[*]COC(=O)O[*],Bandgap,8.088,eV,polyverse_bandgap,train,clean,clean,measured_target
poly_2480,[*]Cc1c(O)c(CNC(=O)N[*])cc(C(CC)=NO)c1O,Bandgap,4.9278,eV,polyverse_bandgap,train,clean,clean,measured_target
poly_624,[*]c1ccc(N(c2ccc(CCCC)cc2)c2ccc(-c3ccc([*])s3)cc2)cc1,Bandgap,2.8259,eV,polyverse_bandgap,train,clean,clean,measured_target
poly_3437,[*]CCCCCCCNC(=O)CCCCC(=O)N[*],Bandgap,5.9053,eV,polyverse_bandgap,train,clean,clean,measured_target
poly_2651,[*]Oc1ccc(C(c2ccccc2)c2ccc(OC([*])=O)cc2)cc1,Bandgap,5.1036,eV,polyverse_bandgap,train,clean,clean,measured_target
poly_649,[*]c1ccc([*])n1C(C(=O)OCC)n1cccc1,Bandgap,2.8576,eV,polyverse_bandgap,train,clean,clean,measured_target
poly_2196,[*]Oc1c(CCCCC)cc([*])cc1-c1ccccc1,Bandgap,4.6522,eV,polyverse_bandgap,train,clean,clean,measured_target
poly_2594,[*]Oc1ccc(C(C)c2ccc(OC([*])=O)c(C)c2)cc1C,Bandgap,5.0393,eV,polyverse_bandgap,train,clean,clean,measured_target
poly_4154,[*]CCC1CCC([*])C1,Bandgap,7.0987,eV,polyverse_bandgap,train,clean,clean,measured_target
poly_2644,[*]Oc1cccc(OC(=O)CCC([*])=O)c1,Bandgap,5.0962,eV,polyverse_bandgap,train,clean,clean,measured_target
poly_1118,[*]Oc1ccc(C(=O)Nc2cc(NC(=O)c3ccc([*])cc3)cc(-c3nc4ccccc4[nH]3)c2)cc1,Bandgap,3.4538,eV,polyverse_bandgap,train,clean,clean,measured_target
poly_3896,[*]CCCOC(=O)CC(=O)O[*],Bandgap,6.5016,eV,polyverse_bandgap,train,clean,clean,measured_target
poly_172,[*]CCCCCCCCn1c(=O)c2ccc3c4ccc5c(=O)n([*])c(=O)c6ccc(c7ccc(c1=O)c2c37)c4c56,Bandgap,2.0018,eV,polyverse_bandgap,train,clean,clean,measured_target
poly_317,[*]c1cc(CCCCBr)c([*])s1,Bandgap,2.4191,eV,polyverse_bandgap,train,clean,clean,measured_target
poly_1194,[*]NC(C=C1)=CC=C1C(C=C2)=CC=C2C(C=C3)=CC=C3[*],Bandgap,3.553,eV,polyverse_bandgap,train,clean,clean,measured_target
poly_36,[*]c1sc(-c2sc(-c3sc([*])c4nccnc34)c3c2OC(CCCCCC)CO3)c2c1OCC(CCCCCC)O2,Bandgap,1.2188,eV,polyverse_bandgap,train,clean,clean,measured_target
poly_3466,[*]CC1CCCC(CNC(=O)CCCCCCC(=O)N[*])C1,Bandgap,5.9394,eV,polyverse_bandgap,train,clean,clean,measured_target
poly_1739,O([*])C(=O)OC(C=C1)=CC=C1C(C=C2)=CC=C2CC(C=C3)=CC=C3C(C=C4)=CC=C4([*]),Bandgap,4.1828,eV,polyverse_bandgap,train,clean,clean,measured_target
poly_3254,[*]NC1CC(CCC([*])=O)C1(C)C,Bandgap,5.7477,eV,polyverse_bandgap,train,clean,clean,measured_target
poly_2876,[*]CCc1ccc(CCNC(=O)CCCCCCCCCC(=O)N[*])cc1,Bandgap,5.3249,eV,polyverse_bandgap,train,clean,clean,measured_target
poly_2773,[*]CCCCCCCCCCOC(=O)Nc1ccc(C)c(NC(=O)O[*])c1,Bandgap,5.2165,eV,polyverse_bandgap,train,clean,clean,measured_target
poly_2881,[*]Cc1ccc(CNC(=O)CCCCCCCCC(=O)N[*])cc1,Bandgap,5.3317,eV,polyverse_bandgap,train,clean,clean,measured_target
poly_2424,[*]C(C=C1)=CC=C1OC(C=C2)=CC=C2O[*],Bandgap,4.8832,eV,polyverse_bandgap,train,clean,clean,measured_target
poly_950,[*]CCCCCCOc1ccc(OC(=O)c2ccc(C(=O)Oc3ccc(O[*])cc3)cc2)cc1,Bandgap,3.2533,eV,polyverse_bandgap,train,clean,clean,measured_target
poly_2586,[*]CCc1ccc([*])c(F)c1,Bandgap,5.0304,eV,polyverse_bandgap,train,clean,clean,measured_target
poly_1154,[*]Oc1ccc(C(=O)CNCCCNCC(=O)c2ccc([*])cc2)cc1,Bandgap,3.504,eV,polyverse_bandgap,train,clean,clean,measured_target
poly_2950,[*]CCCCCCCCCCNC(=O)C(C)=C(C)C(=O)N[*],Bandgap,5.4099,eV,polyverse_bandgap,train,clean,clean,measured_target
poly_143,[*]c1ccc(-c2ccc(-c3ccc([*])s3)s2)cc1,Bandgap,1.9121,eV,polyverse_bandgap,train,clean,clean,measured_target
poly_825,[*]C(=O)c1ccc2nc(-c3ccc(-c4cnc5cc([*])ccc5n4)cc3)cnc2c1,Bandgap,3.0794,eV,polyverse_bandgap,train,clean,clean,measured_target
poly_2315,[*]CCCN([*])C,Bandgap,4.769,eV,polyverse_bandgap,train,clean,clean,measured_target
poly_353,[*]C(=O)c1ccc2c(c1)C(=O)N(c1ccc(Oc3cccc(N4C(=O)c5ccc([*])cc5C4=O)c3)cc1)C2=O,Bandgap,2.4674,eV,polyverse_bandgap,train,clean,clean,measured_target
poly_4116,[*]CCCOC(=O)CCCCCCC(=O)O[*],Bandgap,6.8719,eV,polyverse_bandgap,train,clean,clean,measured_target
poly_1446,[*]Oc1c(-c2ccccc2)cc([*])cc1-c1cccc(C)c1,Bandgap,3.8434,eV,polyverse_bandgap,train,clean,clean,measured_target
poly_554,[*]c1ccc([*])n1CC(=O)NO,Bandgap,2.7285,eV,polyverse_bandgap,train,clean,clean,measured_target
poly_3953,[*]CC(F)(F)C(F)(F)C(F)(F)COC(=O)CCCCC(=O)O[*],Bandgap,6.5793,eV,polyverse_bandgap,train,clean,clean,measured_target
poly_3696,[*]OC(=O)CCCCC([*])=O,Bandgap,6.2079,eV,polyverse_bandgap,train,clean,clean,measured_target
poly_872,[*]Nc1ccc([*])cc1CC,Bandgap,3.1433,eV,polyverse_bandgap,train,clean,clean,measured_target
poly_3682,[*]CCCCCOC(=O)COCC(=O)O[*],Bandgap,6.1938,eV,polyverse_bandgap,train,clean,clean,measured_target
poly_4027,[*]CC(C)(CCC)C(=O)O[*],Bandgap,6.6736,eV,polyverse_bandgap,train,clean,clean,measured_target
poly_1850,[*]Oc1ccc(C(C)=Cc2ccc(OC(=O)OCCCCCCOC([*])=O)cc2)cc1,Bandgap,4.2998,eV,polyverse_bandgap,train,clean,clean,measured_target
poly_3214,[*]C12CC3CC(C1)CC([*])(C3)C2,Bandgap,5.7135,eV,polyverse_bandgap,train,clean,clean,measured_target
poly_1059,[*]Nc1ccc([*])cc1Br,Bandgap,3.3926,eV,polyverse_bandgap,train,clean,clean,measured_target
poly_1944,[*]NC(S1)=CC=C1OC(S2)=CC=C2[*],Bandgap,4.415,eV,polyverse_bandgap,train,clean,clean,measured_target
poly_775,[*]Oc1ccc(C=Nc2ccc(N=Cc3ccc(Oc4ccc(C(c5ccccc5)(c5ccccc5)c5ccc([*])cc5)cc4)cc3)cc2)cc1,Bandgap,3.0005,eV,polyverse_bandgap,train,clean,clean,measured_target
poly_116,[*]C1=CC=C(c2sc(-c3sc([*])c4c3OCCO4)c3c2OCCO3)S1(=O)=O,Bandgap,1.7641,eV,polyverse_bandgap,train,clean,clean,measured_target
poly_4153,[*]CCCC([*])C,Bandgap,7.097,eV,polyverse_bandgap,train,clean,clean,measured_target
poly_287,[*]C(=O)c1ccc2c(c1)C(=O)N(c1cc(-c3nc4ccccc4[nH]3)cc(N3C(=O)c4ccc([*])cc4C3=O)c1)C2=O,Bandgap,2.3475,eV,polyverse_bandgap,train,clean,clean,measured_target
poly_1300,[*]CC([*])C(=O)Oc1ccc(C(C)=NNC(N)=O)c(O)c1,Bandgap,3.6684,eV,polyverse_bandgap,train,clean,clean,measured_target
poly_2535,[*]CCOC(=O)Cc1ccc(CC(=O)O[*])cc1,Bandgap,4.9816,eV,polyverse_bandgap,train,clean,clean,measured_target
poly_3432,[*]CCCCCCNC(=O)CCCCCCCCCCCCCCC(=O)N[*],Bandgap,5.9016,eV,polyverse_bandgap,train,clean,clean,measured_target
poly_697,[*]c1ccc(-c2nnc([*])o2)cc1,Bandgap,2.923,eV,polyverse_bandgap,train,clean,clean,measured_target
poly_803,[*]NNC(=O)c1cccc(C(=O)NNC(=S)c2cccc(C([*])=S)c2)c1,Bandgap,3.0452,eV,polyverse_bandgap,train,clean,clean,measured_target
poly_884,[*]Nc1ccc(-c2ccc(NC(=O)c3ccc(C([*])=O)cc3)cc2)cc1,Bandgap,3.1615,eV,polyverse_bandgap,train,clean,clean,measured_target
poly_359,[*]c1ccc(C(=O)Nc2cccc(-n3c(=O)c4cc5c(=O)n([*])c(=O)c5cc4c3=O)c2)cc1,Bandgap,2.4772,eV,polyverse_bandgap,train,clean,clean,measured_target
poly_432,[*]C(=O)c1ccc2c(c1)C(=O)N(c1cc(-c3nc4ccccc4s3)cc(N3C(=O)c4ccc([*])cc4C3=O)c1)C2=O,Bandgap,2.5568,eV,polyverse_bandgap,train,clean,clean,measured_target
poly_2355,[*]CC([*])C(=O)Oc1cccc(C)c1,Bandgap,4.8157,eV,polyverse_bandgap,train,clean,clean,measured_target
poly_4173,[*]OC([*])CCC#N,Bandgap,7.2521,eV,polyverse_bandgap,train,clean,clean,measured_target
poly_1213,[*]CC([*])(C)C(=O)Oc1ccc2ccccc2c1,Bandgap,3.5795,eV,polyverse_bandgap,train,clean,clean,measured_target
poly_2477,[*]NNC(=O)c1ccc(C(=O)NNC(=O)CCCCC([*])=O)cc1,Bandgap,4.9254,eV,polyverse_bandgap,train,clean,clean,measured_target
poly_2759,[*]CCCS[*],Bandgap,5.2018,eV,polyverse_bandgap,train,clean,clean,measured_target
poly_1063,[*]c1ccc(N([*])c2ccc(S(=O)(=O)O)cc2)cc1,Bandgap,3.3958,eV,polyverse_bandgap,train,clean,clean,measured_target
poly_3231,[*]CCCCCCCCC(=O)NCCCCCOCCCCCNC(=O)CCCCO[*],Bandgap,5.7312,eV,polyverse_bandgap,train,clean,clean,measured_target
poly_3882,[*]CCOC(=O)CCCCC(=O)O[*],Bandgap,6.4808,eV,polyverse_bandgap,train,clean,clean,measured_target
poly_1146,[*]Oc1ccccc1C(=O)OCCOCCOCCOC(=O)c1ccccc1Oc1nc([*])nc(N(CC)c2ccccc2)n1,Bandgap,3.4967,eV,polyverse_bandgap,train,clean,clean,measured_target
poly_798,[*]Nc1cc(Cl)c([*])cc1Cl,Bandgap,3.035,eV,polyverse_bandgap,train,clean,clean,measured_target
poly_2296,[*]Oc1c(C)cc([*])cc1C(C)CCCCCCCC,Bandgap,4.7507,eV,polyverse_bandgap,train,clean,clean,measured_target
poly_2549,[*]CC([*])SC,Bandgap,4.9974,eV,polyverse_bandgap,train,clean,clean,measured_target
poly_434,[*]NC(S1)=CC=C1C(C=C2)=CC=C2C(S3)=CC=C3[*],Bandgap,2.5591,eV,polyverse_bandgap,train,clean,clean,measured_target
poly_2568,[*]CCc1ccc([*])c(CC)c1,Bandgap,5.0142,eV,polyverse_bandgap,train,clean,clean,measured_target
poly_1422,[*]Sc1c(C)cc([*])cc1C,Bandgap,3.8176,eV,polyverse_bandgap,train,clean,clean,measured_target
poly_2789,[*]C=CC1CC([*])C2C(=O)N(CCC)C(=O)C12,Bandgap,5.2293,eV,polyverse_bandgap,train,clean,clean,measured_target
poly_502,[*]c1cc(C(=O)Oc2cccc3cccnc23)c([*])s1,Bandgap,2.6538,eV,polyverse_bandgap,train,clean,clean,measured_target
poly_198,[*]c1ccc(-n2c(=O)c3cc4c(=O)n(-n5c6ccc([*])cc6c6cccnc65)c(=O)c4cc3c2=O)cc1,Bandgap,2.0994,eV,polyverse_bandgap,train,clean,clean,measured_target
poly_1469,[*]Oc1ccc(C(=O)OCCCCOC(=O)c2ccc(OC(=O)c3ccc(C([*])=O)cc3)cc2)cc1,Bandgap,3.8861,eV,polyverse_bandgap,train,clean,clean,measured_target
poly_1257,[*]Oc1ccc(OC(=O)c2ccc(C([*])=O)cc2Oc2ccc(F)cc2)cc1,Bandgap,3.6251,eV,polyverse_bandgap,train,clean,clean,measured_target
poly_3641,[*]CCCCCCOC(=O)NCCCNC(=O)O[*],Bandgap,6.1264,eV,polyverse_bandgap,train,clean,clean,measured_target
poly_640,[*]C(=O)c1ccc2c(c1)C(=O)N(c1ccc(-c3nc(-c4ccccc4)nc(-c4ccc(N5C(=O)c6ccc([*])cc6C5=O)cc4)n3)cc1)C2=O,Bandgap,2.85,eV,polyverse_bandgap,train,clean,clean,measured_target
poly_3168,[*]CCCCCCNC(=O)CCCCCCC(=O)N[*],Bandgap,5.6562,eV,polyverse_bandgap,train,clean,clean,measured_target
poly_4188,[*]C1OC(C(F)(F)F)(C(F)(F)F)OC1([*])F,Bandgap,7.8893,eV,polyverse_bandgap,train,clean,clean,measured_target
poly_1861,[*]Oc1ccc(Oc2ccc(C=NCCCCN=Cc3ccc([*])cc3)cc2)cc1,Bandgap,4.309,eV,polyverse_bandgap,train,clean,clean,measured_target
poly_428,[*]c1ccc(-c2sc(-c3cc(CCCC)c([*])s3)cc2CCCC)cc1,Bandgap,2.55,eV,polyverse_bandgap,train,clean,clean,measured_target
poly_1430,O([*])c1cc(c(CCCCCC)cc1)OC(=O)c1cc(ccc1)C(=O)([*]),Bandgap,3.8294,eV,polyverse_bandgap,train,clean,clean,measured_target
poly_1085,[*]NC(=O)C(C=C1)=CC=C1C(C=C2)=CC=C2[*],Bandgap,3.4167,eV,polyverse_bandgap,train,clean,clean,measured_target
poly_3284,[*]CCOC(=O)C1C2C=CC(C2)C1C(=O)O[*],Bandgap,5.7712,eV,polyverse_bandgap,train,clean,clean,measured_target
poly_1376,[*]c1cc([*])cc(-c2nc3ccccc3o2)c1,Bandgap,3.757,eV,polyverse_bandgap,train,clean,clean,measured_target
poly_2828,[*]CCCCCCNC(=O)C(CCCCCCC)C(=O)N[*],Bandgap,5.2746,eV,polyverse_bandgap,train,clean,clean,measured_target
poly_3406,[*]CCCCCCCCCCOCCCCCCCCCCOCCCCCO[*],Bandgap,5.8764,eV,polyverse_bandgap,train,clean,clean,measured_target
poly_1668,[*]Nc1ccc(NC(=O)CCC([*])=O)cc1,Bandgap,4.1096,eV,polyverse_bandgap,train,clean,clean,measured_target
poly_4098,[*]CC([*])(F)C(=O)OC,Bandgap,6.7927,eV,polyverse_bandgap,train,clean,clean,measured_target
poly_3574,[*]CCCCCCCCCCOCCCCCCCCCCOCCCCCCO[*],Bandgap,6.045,eV,polyverse_bandgap,train,clean,clean,measured_target
poly_3338,[*]CC([*])C(=O)OCCOCCOC,Bandgap,5.8186,eV,polyverse_bandgap,train,clean,clean,measured_target
poly_661,[*]c1cc(-c2nc3ccccc3oc2=O)cc(-n2c(=O)c3cc4c(=O)n([*])c(=O)c4cc3c2=O)c1,Bandgap,2.8787,eV,polyverse_bandgap,train,clean,clean,measured_target
poly_4091,[*]OC(C)CCOC(=O)CC([*])=O,Bandgap,6.7779,eV,polyverse_bandgap,train,clean,clean,measured_target
poly_595,[*]c1cc(CCCCCCCCCC)c([*])[nH]1,Bandgap,2.7864,eV,polyverse_bandgap,train,clean,clean,measured_target
poly_1849,[*]C(Cl)=C(Cl)C(Cl)(Cl)C([*])(Cl)Cl,Bandgap,4.2995,eV,polyverse_bandgap,train,clean,clean,measured_target
poly_1222,[*]C(=O)N1CC(=O)N(C(=O)c2ccc(N3C(=O)c4ccc([*])cc4C3=O)cc2)C1=O,Bandgap,3.5902,eV,polyverse_bandgap,train,clean,clean,measured_target
poly_3199,[*]NC1CC(C2(C)OC(O)OC(C)NC2=O)C(F)(N(C([*])O)C(F)F)O1,Bandgap,5.6987,eV,polyverse_bandgap,train,clean,clean,measured_target
poly_2388,[*]CCCCCCCCCCCNC(=O)c1ccc(C(=O)N[*])cc1,Bandgap,4.852,eV,polyverse_bandgap,train,clean,clean,measured_target
poly_2009,[*]Oc1c(Cl)cc(C(c2cc(Cl)c(OC([*])=O)c(Cl)c2)C(Cl)(Cl)Cl)cc1Cl,Bandgap,4.4804,eV,polyverse_bandgap,train,clean,clean,measured_target
poly_4192,[*]C(F)(F)C(F)(F)C(F)(F)C([*])(F)C(F)(F)F,Bandgap,8.1013,eV,polyverse_bandgap,train,clean,clean,measured_target
poly_64,[*]C(c1ccccc1)=c1ccc(=c2ccc(=C(c3ccccc3)c3ccc(-c4ccc([*])s4)s3)s2)s1,Bandgap,1.4792,eV,polyverse_bandgap,train,clean,clean,measured_target
poly_95,[*]c1ccc(N(c2ccc(C#N)cc2)c2ccc(-n3c(=O)c4cc5c(=O)n([*])c(=O)c5cc4c3=O)cc2)cc1,Bandgap,1.6309,eV,polyverse_bandgap,train,clean,clean,measured_target
poly_3878,[*]CC([*])C1CCCCC1C,Bandgap,6.4756,eV,polyverse_bandgap,train,clean,clean,measured_target
poly_382,[*]C(=O)c1ccc2c(c1)C(=O)N(c1ccc(Oc3cc4ccccc4cc3Oc3ccc(N4C(=O)c5ccc([*])cc5C4=O)cc3)cc1)C2=O,Bandgap,2.4977,eV,polyverse_bandgap,train,clean,clean,measured_target
poly_696,[*]CC([*])(C)C(=O)Oc1ccc(C(=O)C=Cc2ccc(Cl)cc2)cc1,Bandgap,2.9217,eV,polyverse_bandgap,train,clean,clean,measured_target
poly_1372,[*]CCCCCCCOC(=O)c1ccc2cc(C(=O)O[*])ccc2c1,Bandgap,3.7523,eV,polyverse_bandgap,train,clean,clean,measured_target
poly_1197,[*]N=C(N=C(NC(C)=O)NC(C)=O)N=C([*])OC(C)=O,Bandgap,3.5543,eV,polyverse_bandgap,train,clean,clean,measured_target
poly_1599,[*]OC(=O)c1ccc(Cc2ccc(C([*])=O)cc2)cc1,Bandgap,4.038,eV,polyverse_bandgap,train,clean,clean,measured_target
poly_1839,[*]CCOC(=O)Nc1ccc(-c2ccc(NC(=O)O[*])c(C)c2)cc1C,Bandgap,4.2922,eV,polyverse_bandgap,train,clean,clean,measured_target
poly_1647,[*]Nc1cc([*])ccc1CCCCCC,Bandgap,4.087,eV,polyverse_bandgap,train,clean,clean,measured_target
poly_3341,[*]CCCCCCNC(=O)NCCCNC(=O)N[*],Bandgap,5.8207,eV,polyverse_bandgap,train,clean,clean,measured_target
poly_4090,[*]C1CC([*])(C#N)C1,Bandgap,6.7759,eV,polyverse_bandgap,train,clean,clean,measured_target
poly_722,[*]C#CC(CCCCOC(=O)NCC(=O)OCCCC)=C([*])c1cncnc1,Bandgap,2.9465,eV,polyverse_bandgap,train,clean,clean,measured_target
poly_3637,[*]CCCCCCCCCCCCCCC(=O)N[*],Bandgap,6.1217,eV,polyverse_bandgap,train,clean,clean,measured_target
poly_3981,[*]CC(COC(F)(C(F)(F)F)C(F)(F)F)O[*],Bandgap,6.6106,eV,polyverse_bandgap,train,clean,clean,measured_target
poly_3113,[*]CCOCCOC(=O)CC(=O)O[*],Bandgap,5.5945,eV,polyverse_bandgap,train,clean,clean,measured_target
poly_3848,[*]CCOCCOC(=O)C(CCCCCCCCC)C(=O)O[*],Bandgap,6.441,eV,polyverse_bandgap,train,clean,clean,measured_target
poly_1464,[*]CCCCCCNC(=O)c1ccc(C(=O)N[*])c(Oc2ccccc2)c1,Bandgap,3.8711,eV,polyverse_bandgap,train,clean,clean,measured_target
poly_918,[*]c1ccc(-c2ccc(-c3nc4cc(Oc5ccc6nc(-c7ccccc7)c([*])nc6c5)ccc4nc3-c3ccccc3)cc2)cc1,Bandgap,3.2011,eV,polyverse_bandgap,train,clean,clean,measured_target
poly_152,[*]Nc1cc([N+](=O)[O-])c(NC(=O)c2ccc(C([*])=O)cc2)cc1C=Cc1ccc(N(C)C)cc1,Bandgap,1.9467,eV,polyverse_bandgap,train,clean,clean,measured_target
poly_689,[*]CC(=O)NC(=S)[*],Bandgap,2.9137,eV,polyverse_bandgap,train,clean,clean,measured_target
poly_3355,[*]CCC(C)(C)CC(C)CNC(=O)CCCCC(=O)N[*],Bandgap,5.8392,eV,polyverse_bandgap,train,clean,clean,measured_target
poly_2113,C(F)(F)CC(F)(F)C(C=C1)=CC=C1,Bandgap,4.5802,eV,polyverse_bandgap,train,clean,clean,measured_target
poly_3872,[*]CC#CCOC(=O)CCCCCCCCCCC(=O)O[*],Bandgap,6.4691,eV,polyverse_bandgap,train,clean,clean,measured_target
poly_3884,[*]CC([*])OC(=O)CC,Bandgap,6.4816,eV,polyverse_bandgap,train,clean,clean,measured_target
poly_498,[*]c1ccc(-c2nc3ccc(-c4ccc5nc([*])oc5c4)cc3o2)cc1,Bandgap,2.65,eV,polyverse_bandgap,train,clean,clean,measured_target
poly_2679,[*]NC(CC(=O)OCc1ccccc1)C([*])=O,Bandgap,5.122999999999998,eV,polyverse_bandgap,train,clean,clean,measured_target
poly_3573,[*]CCCCCCCCOC(=O)NCCCCCCNC(=O)O[*],Bandgap,6.0447,eV,polyverse_bandgap,train,clean,clean,measured_target
poly_3843,[*]OC1CCC(C2CCC(OC(=O)CCCCCCCCCCCC([*])=O)CC2)CC1,Bandgap,6.4319,eV,polyverse_bandgap,train,clean,clean,measured_target
poly_2775,[*]CCC=C([*])C,Bandgap,5.2179,eV,polyverse_bandgap,train,clean,clean,measured_target
poly_4180,[*]CC([*])(F)C#N,Bandgap,7.624,eV,polyverse_bandgap,train,clean,clean,measured_target
poly_3940,[*]OC(C)CC([*])=O,Bandgap,6.5552,eV,polyverse_bandgap,train,clean,clean,measured_target
poly_2290,[*]c1nc2cc(S(=O)(=O)c3ccc4oc(C5CCC([*])CC5)nc4c3)ccc2o1,Bandgap,4.7439,eV,polyverse_bandgap,train,clean,clean,measured_target
poly_3361,[*]CC(OCC(C)C)C1(C)C(=O)OC(=O)C1([*])C,Bandgap,5.8465,eV,polyverse_bandgap,train,clean,clean,measured_target
poly_335,[*]c1cc(C)c([*])[nH]1,Bandgap,2.4417,eV,polyverse_bandgap,train,clean,clean,measured_target
poly_2328,[*]Oc1ccc(C(c2ccccc2)(c2ccccc2)c2ccc(OC(=O)CCCCCCCCC([*])=O)cc2)cc1,Bandgap,4.7831,eV,polyverse_bandgap,train,clean,clean,measured_target
poly_822,[*]c1ccc(-c2ccc(N(c3ccccc3)c3ccc4ccc(N([*])c5ccccc5)cc4c3)cc2)cc1,Bandgap,3.0776,eV,polyverse_bandgap,train,clean,clean,measured_target
poly_1049,[*]c1ccc(-c2csc(-c3cc([*])cs3)c2)cc1,Bandgap,3.3768,eV,polyverse_bandgap,train,clean,clean,measured_target
poly_3350,[*]C(=O)OCCOC(=O)N1CCN([*])CC1,Bandgap,5.8319,eV,polyverse_bandgap,train,clean,clean,measured_target
poly_3161,[*]C=CC1CC([*])C(C#N)(C[Si](C)(C)C)C1,Bandgap,5.6505,eV,polyverse_bandgap,train,clean,clean,measured_target
poly_3770,[*]CC([*])OC(=O)C(F)(F)C(F)(F)C(F)(F)C(F)(F)F,Bandgap,6.3179,eV,polyverse_bandgap,train,clean,clean,measured_target
poly_2599,[*]CC(OO[*])c1ccc(C(C)(C)C)cc1,Bandgap,5.0492,eV,polyverse_bandgap,train,clean,clean,measured_target
poly_2316,[*]Oc1ccc(CC([*])=O)cc1,Bandgap,4.7696,eV,polyverse_bandgap,train,clean,clean,measured_target
poly_3767,[*]ON(C(F)(F)F)C(F)(Cl)C([*])(F)F,Bandgap,6.311,eV,polyverse_bandgap,train,clean,clean,measured_target
poly_3689,[*]OC(=O)CCCCCCCC([*])=O,Bandgap,6.199,eV,polyverse_bandgap,train,clean,clean,measured_target
poly_3353,[*]CCOCCOCCOC(=O)CCCC(=O)O[*],Bandgap,5.8349,eV,polyverse_bandgap,train,clean,clean,measured_target
poly_1193,[*]Oc1ccc(OC(=O)c2ccc(C([*])=O)cc2)cc1CCCCCCCCCC,Bandgap,3.553,eV,polyverse_bandgap,train,clean,clean,measured_target
poly_4025,[*]CCCCCCCCCCC(=O)O[*],Bandgap,6.6722,eV,polyverse_bandgap,train,clean,clean,measured_target
poly_2609,[*]CCCCCOC(=O)Nc1ccc(C)c(NC(=O)O[*])c1,Bandgap,5.0679,eV,polyverse_bandgap,train,clean,clean,measured_target
poly_2716,[*]CCCOCCOCCOC(=O)Nc1ccc(C)c(NC(=O)O[*])c1,Bandgap,5.1637,eV,polyverse_bandgap,train,clean,clean,measured_target
poly_2608,[*]Cc1ccc(C[*])c(CC)c1,Bandgap,5.0672,eV,polyverse_bandgap,train,clean,clean,measured_target
poly_1602,[*]CCOC(=O)c1ccc(Cc2ccc(C(=O)O[*])cc2)cc1,Bandgap,4.0415,eV,polyverse_bandgap,train,clean,clean,measured_target
poly_2050,[*]Oc1ccc(C(C)(C)c2ccc(OC(=O)CCC([*])=O)cc2)cc1,Bandgap,4.5269,eV,polyverse_bandgap,train,clean,clean,measured_target
poly_1807,[*]CCCCCCCc1nc2ccc(-c3ccc4nc([*])[nH]c4c3)cc2[nH]1,Bandgap,4.2648,eV,polyverse_bandgap,train,clean,clean,measured_target
poly_2494,[*]CCC(=O)OCCOC(=O)CCN1CCN([*])CC1,Bandgap,4.9393,eV,polyverse_bandgap,train,clean,clean,measured_target
poly_3081,[*]NC(=O)NO[*],Bandgap,5.553999999999999,eV,polyverse_bandgap,train,clean,clean,measured_target
poly_1999,[*]Oc1ccc(C(c2ccc(OC([*])=O)cc2)C(Cl)(Cl)Cl)cc1,Bandgap,4.4725,eV,polyverse_bandgap,train,clean,clean,measured_target
poly_3136,[*]CCC(=O)OC(=O)CCC1CCC([*])O1,Bandgap,5.624,eV,polyverse_bandgap,train,clean,clean,measured_target
poly_1051,[*]C(=O)c1ccc2c(c1)C(=O)N(c1cccc(N3C(=O)c4ccc([*])cc4C3=O)c1C)C2=O,Bandgap,3.3805,eV,polyverse_bandgap,train,clean,clean,measured_target
poly_1379,[*]C(S1)=CC=C1OC(S2)=CC=C2O[*],Bandgap,3.7582,eV,polyverse_bandgap,train,clean,clean,measured_target
poly_2041,[*]c1nc(C)nc(N([*])c2ccccc2)n1,Bandgap,4.5166,eV,polyverse_bandgap,train,clean,clean,measured_target
poly_390,[*]CC(S1)=CC=C1C(=S)C(S2)=CC=C2[*],Bandgap,2.5053,eV,polyverse_bandgap,train,clean,clean,measured_target
poly_841,[*]c1ccc(-c2nnc([*])o2)c(OCCCCC)c1,Bandgap,3.1025,eV,polyverse_bandgap,train,clean,clean,measured_target
poly_2359,C(C=C1)=CC=C1OC(=O)CC(=O)CCO,Bandgap,4.8187,eV,polyverse_bandgap,train,clean,clean,measured_target
poly_783,[*]Nc1cnc([*])c(O)c1,Bandgap,3.0117,eV,polyverse_bandgap,train,clean,clean,measured_target
poly_2725,[*]CCOC(=O)CCCCSCCCCC(=O)O[*],Bandgap,5.1771,eV,polyverse_bandgap,train,clean,clean,measured_target
poly_3314,[*]CCCP(C)(=O)CCCNC(=O)CCCCCCCCC(=O)N[*],Bandgap,5.8002,eV,polyverse_bandgap,train,clean,clean,measured_target
poly_2003,[*]SC(=O)OCC(C)(C)COC(=O)SN1CCN([*])CC1,Bandgap,4.4766,eV,polyverse_bandgap,train,clean,clean,measured_target
poly_3580,[*]OC(COC([*])=O)COC(C)(C)C,Bandgap,6.0478,eV,polyverse_bandgap,train,clean,clean,measured_target
poly_1029,[*]C(=O)Nc1ccc(N2C(=O)c3ccc([*])cc3C2=O)cc1,Bandgap,3.3531,eV,polyverse_bandgap,train,clean,clean,measured_target
poly_3775,[*]CC([*])(C#N)C(=O)OCCCCCCC,Bandgap,6.3228,eV,polyverse_bandgap,train,clean,clean,measured_target
poly_3087,[*]NC(C)CCCCC([*])=O,Bandgap,5.5619,eV,polyverse_bandgap,train,clean,clean,measured_target
poly_258,[*]C(=O)Oc1ccc(OC(=O)c2ccc3c(c2)C(=O)N(c2ccc(Oc4ccc(Oc5ccc(N6C(=O)c7ccc([*])cc7C6=O)cc5)cc4)cc2)C3=O)cc1,Bandgap,2.2849,eV,polyverse_bandgap,train,clean,clean,measured_target
poly_3980,[*]CC1CCC(COC(=O)CCC(=O)O[*])CC1,Bandgap,6.6088,eV,polyverse_bandgap,train,clean,clean,measured_target
poly_2129,[*]Oc1ccc(OC(=O)Oc2ccc(-c3ccc(OC([*])=O)cc3)cc2)cc1C,Bandgap,4.5964,eV,polyverse_bandgap,train,clean,clean,measured_target
poly_2309,[*]C=CCC(C[*])(c1ccccc1)c1ccccc1,Bandgap,4.7635,eV,polyverse_bandgap,train,clean,clean,measured_target
poly_2182,[*]Cc1ccc(CNC(=O)c2cccc(C(=O)N[*])c2)cc1,Bandgap,4.6431,eV,polyverse_bandgap,train,clean,clean,measured_target
poly_583,[*]C(=O)C(C=C1)=CC=C1C(S2)=CC=C2C(S3)=CC=C3[*],Bandgap,2.7667,eV,polyverse_bandgap,train,clean,clean,measured_target
poly_2654,[*]CCCCOC(=O)c1cccc(C(=O)O[*])c1,Bandgap,5.1042,eV,polyverse_bandgap,train,clean,clean,measured_target
poly_1507,[*]Nc1c(Br)cc(C([*])=O)cc1Br,Bandgap,3.9265,eV,polyverse_bandgap,train,clean,clean,measured_target
poly_1885,[*]Oc1c(OC)cc([*])cc1OC,Bandgap,4.3423,eV,polyverse_bandgap,train,clean,clean,measured_target
poly_1802,[*]Oc1ccc(C(C)(C)c2ccc(OC(=O)c3c(Cl)c(Cl)c(C([*])=O)c(Cl)c3Cl)cc2)cc1,Bandgap,4.2598,eV,polyverse_bandgap,train,clean,clean,measured_target
poly_1073,[*]c1ccc(-c2nnc(-c3cccc(-c4nnc([*])o4)c3)o2)cc1,Bandgap,3.4063,eV,polyverse_bandgap,train,clean,clean,measured_target
poly_3866,[*]CC([*])OC(=O)C(F)(F)C(F)(F)C(F)(F)F,Bandgap,6.4637,eV,polyverse_bandgap,train,clean,clean,measured_target
poly_821,[*]c1ccc(Oc2ccc(-c3cnc4cc(Oc5ccc6nc([*])cnc6c5)ccc4n3)cc2)cc1,Bandgap,3.0731,eV,polyverse_bandgap,train,clean,clean,measured_target
poly_3782,[*]CCOCCOC(=O)CCCCCCCCCCC(=O)O[*],Bandgap,6.3322,eV,polyverse_bandgap,train,clean,clean,measured_target
poly_2983,[*]C=CC(C[*])CC,Bandgap,5.4466,eV,polyverse_bandgap,train,clean,clean,measured_target
poly_1383,[*]CCCCCCCCCOC(=O)c1ccc2cc(C(=O)O[*])ccc2c1,Bandgap,3.7639,eV,polyverse_bandgap,train,clean,clean,measured_target
poly_2562,[*]CCOC(=O)Nc1ccc(NC(=O)O[*])cc1,Bandgap,5.0116,eV,polyverse_bandgap,train,clean,clean,measured_target
poly_1784,[*]CCCCCOC(=O)c1ccc(C(=O)NCCCCCCNC(=O)c2ccc(C(=O)O[*])cc2)cc1,Bandgap,4.2435,eV,polyverse_bandgap,train,clean,clean,measured_target
poly_538,[*]CC([*])C(=O)Oc1ccc(Cl)cc1,Bandgap,2.7059,eV,polyverse_bandgap,train,clean,clean,measured_target
poly_205,[*]c1cc(-c2nc3ccccc3[nH]2)cc(-n2c(=O)c3cc4c(=O)n([*])c(=O)c4cc3c2=O)c1,Bandgap,2.1187,eV,polyverse_bandgap,train,clean,clean,measured_target
poly_1219,[*]Oc1ccc(NC(=O)c2ccc([Si](C)(C)c3ccc(C([*])=O)cc3)cc2)cc1,Bandgap,3.5860000000000003,eV,polyverse_bandgap,train,clean,clean,measured_target
poly_988,[*]c1sc([*])c(OCCCC)c1OC,Bandgap,3.3038,eV,polyverse_bandgap,train,clean,clean,measured_target
poly_2553,[*]OC(=O)C(CC(C)C)NC(=O)CCCCC(=O)NC(CC(C)C)C(=O)OC1COC2C([*])COC12,Bandgap,5.0053,eV,polyverse_bandgap,train,clean,clean,measured_target
poly_2843,[*]Oc1ccc(OC2(F)C([*])(F)C(F)(F)C2(F)F)cc1,Bandgap,5.2931,eV,polyverse_bandgap,train,clean,clean,measured_target
poly_1192,[*]c1ccc(-c2cc(OCCCCCCCCCC)c([*])cc2OCCCCCCCCCC)cc1,Bandgap,3.5529,eV,polyverse_bandgap,train,clean,clean,measured_target
poly_585,[*]c1ccc(Oc2ccc(-c3cc(-c4ccccc4)c4cc5c(-c6ccccc6)cc([*])nc5cc4n3)cc2)cc1,Bandgap,2.7694,eV,polyverse_bandgap,train,clean,clean,measured_target
poly_2045,[*]OP(=O)(Oc1ccccc1)Oc1ccc(S(=O)(=O)c2ccc([*])cc2)cc1,Bandgap,4.5217,eV,polyverse_bandgap,train,clean,clean,measured_target
poly_625,[*]CC([*])n1c(C)c(C)c2ccccc21,Bandgap,2.8269,eV,polyverse_bandgap,train,clean,clean,measured_target
poly_604,[*]c1ccc(-c2ccc(-c3cc(-c4ccccc4)c4cc5nc([*])cc(-c6ccccc6)c5cc4n3)cc2)cc1,Bandgap,2.7945,eV,polyverse_bandgap,train,clean,clean,measured_target
poly_2517,[*]O[Si](C)(C)Oc1ccc([*])cc1,Bandgap,4.9658,eV,polyverse_bandgap,train,clean,clean,measured_target
poly_1479,[*]Oc1ccc(OC(=O)c2ccc(C([*])=O)cc2)cc1Cl,Bandgap,3.8996,eV,polyverse_bandgap,train,clean,clean,measured_target
poly_3485,[*]CC1CCC(CNC(=O)CCCCCCCCCCC(=O)N[*])CC1,Bandgap,5.9503,eV,polyverse_bandgap,train,clean,clean,measured_target
poly_226,[*]c1ccc([*])n1C(=O)OCC,Bandgap,2.1791,eV,polyverse_bandgap,train,clean,clean,measured_target
poly_3851,[*]CC1CC([*])CC(O)C1,Bandgap,6.4454,eV,polyverse_bandgap,train,clean,clean,measured_target
poly_140,[*]N=Nc1ccc(C=Cc2ccc([*])cc2)cc1,Bandgap,1.8934,eV,polyverse_bandgap,train,clean,clean,measured_target
poly_1968,[*]Oc1ccc(C(C)(C)c2ccc(OC(=O)C([*])=O)cc2)cc1,Bandgap,4.435,eV,polyverse_bandgap,train,clean,clean,measured_target
poly_2023,[*]NNC(=O)c1ccc([Si](c2ccccc2)(c2ccccc2)c2ccc(C([*])=O)cc2)cc1,Bandgap,4.4942,eV,polyverse_bandgap,train,clean,clean,measured_target
poly_429,[*]c1ccc(C#Cc2cc(OCCCCCCCC)c(C#Cc3ccc(-c4nnc([*])o4)cc3)cc2OCCCCCCCC)cc1,Bandgap,2.5503,eV,polyverse_bandgap,train,clean,clean,measured_target
poly_463,[*]C(=O)c1ccc2c(c1)C(=O)N(c1ccc(OCCOCCOCCOc3ccc(N4C(=O)c5ccc([*])cc5C4=O)cc3)cc1)C2=O,Bandgap,2.5899,eV,polyverse_bandgap,train,clean,clean,measured_target
poly_126,[*]CC([*])n1ccc2ccccc21,Bandgap,1.8061,eV,polyverse_bandgap,train,clean,clean,measured_target
poly_1158,[*]Cc1ccc(-c2ccc(CSC(=O)c3cccc(C(=O)S[*])c3)cc2)cc1,Bandgap,3.5122,eV,polyverse_bandgap,train,clean,clean,measured_target
poly_107,[*]c1cc2sc3cc([*])sc3c2s1,Bandgap,1.6985,eV,polyverse_bandgap,train,clean,clean,measured_target
poly_2165,[*]CC([*])c1c(F)c(F)c(OC)c(F)c1F,Bandgap,4.6268,eV,polyverse_bandgap,train,clean,clean,measured_target
poly_1746,[*]CCCC(=O)NNC(=O)c1cccc(C(=O)NNC(=O)c2cccc(O[*])c2)c1,Bandgap,4.1874,eV,polyverse_bandgap,train,clean,clean,measured_target
poly_2973,[*]CCCCOC(=O)C1C(=O)C2CCC1C(=O)C2C(=O)O[*],Bandgap,5.4305,eV,polyverse_bandgap,train,clean,clean,measured_target
poly_2751,[*]CC(CO[*])(COCC)COCC,Bandgap,5.1949,eV,polyverse_bandgap,train,clean,clean,measured_target
poly_3328,[*]CC(CS(=O)(=O)CCCC)O[*],Bandgap,5.8098,eV,polyverse_bandgap,train,clean,clean,measured_target
poly_2499,[*]CC([*])C=C(C)C,Bandgap,4.9414,eV,polyverse_bandgap,train,clean,clean,measured_target
poly_1929,[*]C(C=C1)=CC=C1C(=O)NC(=O)[*],Bandgap,4.3975,eV,polyverse_bandgap,train,clean,clean,measured_target
poly_1942,[*]c1cc([*])cc(C23CC4CC(CC(C4)C2)C3)c1,Bandgap,4.4142,eV,polyverse_bandgap,train,clean,clean,measured_target
poly_3644,[*]CCCCCCCOC(=O)NCCCCCCNC(=O)O[*],Bandgap,6.1286,eV,polyverse_bandgap,train,clean,clean,measured_target
poly_2157,[*]Oc1ccc(C(CCC)c2ccc(OC([*])=O)cc2)cc1,Bandgap,4.6197,eV,polyverse_bandgap,train,clean,clean,measured_target
poly_1125,[*]CC(S1)=CC=C1C(S2)=CC=C2O[*],Bandgap,3.4592,eV,polyverse_bandgap,train,clean,clean,measured_target
poly_3913,[*]CONO[*],Bandgap,6.52,eV,polyverse_bandgap,train,clean,clean,measured_target
poly_1258,[*]CC(=O)OC(=S)[*],Bandgap,3.6251,eV,polyverse_bandgap,train,clean,clean,measured_target
poly_1759,[*]C(=O)C=CC(=O)N1CC(C)N([*])CC1C,Bandgap,4.2051,eV,polyverse_bandgap,train,clean,clean,measured_target
poly_1116,[*]C(C=C1)=CC=C1C(S2)=CC=C2C(C=C3)=CC=C3O[*],Bandgap,3.4535,eV,polyverse_bandgap,train,clean,clean,measured_target
poly_391,[*]c1ccc(N2C(=O)c3ccc(-c4ccc5c(c4)C(=O)N(c4ccc6[nH]c([*])nc6c4)C5=O)cc3C2=O)cc1,Bandgap,2.5083,eV,polyverse_bandgap,train,clean,clean,measured_target
poly_2981,[*]CC([*])C(=O)CC,Bandgap,5.4461,eV,polyverse_bandgap,train,clean,clean,measured_target
poly_3609,[*]CC1CC([*])OC(C)O1,Bandgap,6.0751,eV,polyverse_bandgap,train,clean,clean,measured_target
poly_3555,[*]CC1CCCC(CC(=O)N[*])C1,Bandgap,6.0231,eV,polyverse_bandgap,train,clean,clean,measured_target
poly_2028,[*]CC(=O)NC(C=C1)=CC=C1[*],Bandgap,4.5019,eV,polyverse_bandgap,train,clean,clean,measured_target
poly_2193,[*]CCSSCCSSCCOCO[*],Bandgap,4.6502,eV,polyverse_bandgap,train,clean,clean,measured_target
poly_3149,[*]CCCCCCCCCCNC(=O)CCCCC(=O)N[*],Bandgap,5.6396,eV,polyverse_bandgap,train,clean,clean,measured_target
poly_480,[*]c1ccc(-c2ccc(-n3c(=O)c4cc5c(=O)n([*])c(=O)c5cc4c3=O)c(C)c2)cc1C,Bandgap,2.6256,eV,polyverse_bandgap,train,clean,clean,measured_target
poly_441,[*]c1ccc(N=Nc2ccc(-c3csc(-c4nc([*])cs4)n3)cc2)cc1,Bandgap,2.5698,eV,polyverse_bandgap,train,clean,clean,measured_target
poly_1675,[*]CC(=O)C(C=C1)=CC=C1O[*],Bandgap,4.1247,eV,polyverse_bandgap,train,clean,clean,measured_target
poly_1135,[*]c1ccc(-c2ccc([Si](C)(C)c3ccc([*])s3)s2)cc1,Bandgap,3.4722,eV,polyverse_bandgap,train,clean,clean,measured_target
poly_3241,[*]C(=O)NCCCCCCNC(=O)C1COC([*])CO1,Bandgap,5.7371,eV,polyverse_bandgap,train,clean,clean,measured_target
poly_3191,[*]CCCCC(=O)N[*],Bandgap,5.686,eV,polyverse_bandgap,train,clean,clean,measured_target
poly_1170,[*]CC(O)COC(=O)CC(=CC(=O)O[*])c1cc(C)ccc1OC,Bandgap,3.5228,eV,polyverse_bandgap,train,clean,clean,measured_target
poly_1787,[*]OC(=O)C=CC(=O)OC1COC2C([*])COC12,Bandgap,4.2459,eV,polyverse_bandgap,train,clean,clean,measured_target
poly_3797,[*]OC1CCC(OC(=O)CCCCCCCCC([*])=O)CC1,Bandgap,6.3512,eV,polyverse_bandgap,train,clean,clean,measured_target
poly_2473,[*]CC([*])c1ccc(CCCCCC)cc1,Bandgap,4.9196,eV,polyverse_bandgap,train,clean,clean,measured_target
poly_409,[*]C(OC)=C(OC)c1ccc([*])s1,Bandgap,2.5277,eV,polyverse_bandgap,train,clean,clean,measured_target
poly_2074,[*]Oc1cc(C)c([*])c(C)c1Br,Bandgap,4.5478,eV,polyverse_bandgap,train,clean,clean,measured_target
poly_3889,[*]CCCCCCCCCCCCCCCCCCCCOC(=O)CCCCCCCC(=O)O[*],Bandgap,6.4907,eV,polyverse_bandgap,train,clean,clean,measured_target
poly_946,[*]Oc1ccc(Oc2ccc(C(=O)c3ccccc3-c3ccccc3C(=O)c3ccc([*])cc3)cc2)cc1,Bandgap,3.2515,eV,polyverse_bandgap,train,clean,clean,measured_target
poly_3897,[*]CC(C)(C)COC(=O)CCC(=O)O[*],Bandgap,6.5024,eV,polyverse_bandgap,train,clean,clean,measured_target
poly_4094,[*]CC(C)(C)C(=O)O[*],Bandgap,6.7827,eV,polyverse_bandgap,train,clean,clean,measured_target
poly_607,[*]Oc1ccc(C2(c3ccc(OC(=O)c4ccc(C([*])=O)cc4)cc3)CCC(C(C)(C)C)CC2)cc1,Bandgap,2.7988,eV,polyverse_bandgap,train,clean,clean,measured_target
poly_1326,[*]C(=O)C(C=C1)=CC=C1OC(S2)=CC=C2[*],Bandgap,3.7007,eV,polyverse_bandgap,train,clean,clean,measured_target
poly_2476,[*]CC([*])c1ccc(C)cc1C,Bandgap,4.9248,eV,polyverse_bandgap,train,clean,clean,measured_target
poly_1657,[*]CCOC(=O)c1ccc(C2(C)CC(C)(C)c3ccc(C(=O)O[*])cc32)cc1,Bandgap,4.0949,eV,polyverse_bandgap,train,clean,clean,measured_target
poly_1905,[*]OC(C)COC(C)COC(=O)c1ccc(C([*])=O)cc1,Bandgap,4.3685,eV,polyverse_bandgap,train,clean,clean,measured_target
poly_2525,[*]CCCCSSCCCSS[*],Bandgap,4.9696,eV,polyverse_bandgap,train,clean,clean,measured_target
poly_725,CC(=S)NC(=S),Bandgap,2.9523,eV,polyverse_bandgap,train,clean,clean,measured_target
poly_693,[*]C(=O)Nc1ccc(Oc2ccc(NC(=O)c3ccc4c(c3)C(=O)N(c3ccc(Oc5ccc(N6C(=O)c7ccc([*])cc7C6=O)cc5)cc3)C4=O)cc2)cc1,Bandgap,2.919,eV,polyverse_bandgap,train,clean,clean,measured_target
poly_169,[*]c1ccc(-c2ccc3nc4oc5cc6[nH]c7nc8cc([*])ccc8nc7nc-6[nH]c=5n-4ccc3c2)cc1,Bandgap,1.9943,eV,polyverse_bandgap,train,clean,clean,measured_target
poly_164,[*]NC1=CC(=O)C([*])=CC1=O,Bandgap,1.9806,eV,polyverse_bandgap,train,clean,clean,measured_target
poly_2099,[*]CCCCCCOC(=O)c1ccccc1-c1ccccc1C(=O)O[*],Bandgap,4.5701,eV,polyverse_bandgap,train,clean,clean,measured_target
poly_2869,[*]CCCCCCCCCCCCOC(=O)CCCCCNC(=O)CCCCC(=O)NCCCCCC(=O)O[*],Bandgap,5.3175,eV,polyverse_bandgap,train,clean,clean,measured_target
poly_3789,[*]CC([*])(F)C(=O)OCC(F)(F)C(F)(F)C(F)(F)C(F)F,Bandgap,6.3444,eV,polyverse_bandgap,train,clean,clean,measured_target
poly_260,[*]Nc1ccc([*])c2cc3ccccc3cc12,Bandgap,2.2861,eV,polyverse_bandgap,train,clean,clean,measured_target
poly_1037,[*]Nc1cccc(NC(=O)c2cc(NC(=O)c3ccncc3)cc(C([*])=O)c2)c1,Bandgap,3.3608,eV,polyverse_bandgap,train,clean,clean,measured_target
poly_1554,[*]c1cc(OCC(=O)C23CC4CC(CC(C4)C2)C3)c([*])cc1OC,Bandgap,3.9862,eV,polyverse_bandgap,train,clean,clean,measured_target
poly_486,[*]C=C1CCC(=Cc2ccc(Sc3ccc([*])o3)o2)C1=O,Bandgap,2.6355,eV,polyverse_bandgap,train,clean,clean,measured_target
poly_1349,[*]Oc1ccc(C(=O)OCCOC(=O)c2ccc([*])cc2)cc1,Bandgap,3.7261,eV,polyverse_bandgap,train,clean,clean,measured_target
poly_83,[*]c1ccc(-c2cc(-c3ccc(CCCCCCCC)cc3)c([*])s2)s1,Bandgap,1.564,eV,polyverse_bandgap,train,clean,clean,measured_target
poly_3517,[*]NC(CCC([*])=O)C(=O)O,Bandgap,5.9876,eV,polyverse_bandgap,train,clean,clean,measured_target
poly_858,[*]Nc1ccc([*])cc1S(=O)(=O)O,Bandgap,3.1216,eV,polyverse_bandgap,train,clean,clean,measured_target
poly_920,[*]c1ccc([*])c2nc(-c3ccccc3)c(-c3ccccc3)nc12,Bandgap,3.2043,eV,polyverse_bandgap,train,clean,clean,measured_target
poly_3829,[*]CC([*])(F)C(=O)OCCC,Bandgap,6.4088,eV,polyverse_bandgap,train,clean,clean,measured_target
poly_728,[*]c1ccc(Cc2ccc(N3C(=O)c4ccc([Si](C)(C)c5ccc6c(c5)C(=O)N([*])C6=O)cc4C3=O)cc2)cc1,Bandgap,2.9543,eV,polyverse_bandgap,train,clean,clean,measured_target
poly_3310,C([*])(=O)CCCCC(=O)ONCCCCCCN([*]),Bandgap,5.7949,eV,polyverse_bandgap,train,clean,clean,measured_target
poly_3735,C(F)(F)C(F)(F)C(=O)O,Bandgap,6.2604,eV,polyverse_bandgap,train,clean,clean,measured_target
poly_3747,[*]OC1(O)CCCC([*])C1,Bandgap,6.2763,eV,polyverse_bandgap,train,clean,clean,measured_target
poly_1053,[*]Nc1ccc(NC(=S)NC(=O)c2cccc(C(=O)NC([*])=S)c2)cc1,Bandgap,3.381,eV,polyverse_bandgap,train,clean,clean,measured_target
poly_3368,[*]NC(C)C(=O)NC(C([*])=O)C(C)C,Bandgap,5.8554,eV,polyverse_bandgap,train,clean,clean,measured_target
poly_2645,[*]Oc1ccc(Cc2ccc(OC(=O)OCC3CCC(COC([*])=O)CC3)cc2)cc1,Bandgap,5.0983,eV,polyverse_bandgap,train,clean,clean,measured_target
poly_186,[*]C(=O)C(S1)=CC=C1C(S2)=CC=C2C(=S)[*],Bandgap,2.0567,eV,polyverse_bandgap,train,clean,clean,measured_target
poly_2049,[*]Nc1ccc(CC(C)(C)NC(=O)CCCCCCCCC([*])=O)cc1,Bandgap,4.525,eV,polyverse_bandgap,train,clean,clean,measured_target
poly_3396,[*]CCCCCCNC(=O)NCCCCCNC(=O)N[*],Bandgap,5.8717,eV,polyverse_bandgap,train,clean,clean,measured_target
poly_1614,[*]N1C(=O)c2ccc(N3C(=O)C4CCC(C5CCC6C(=O)N([*])C(=O)C6C5)CC4C3=O)cc2C1=O,Bandgap,4.0529,eV,polyverse_bandgap,train,clean,clean,measured_target
poly_1301,[*]c1ccc2c(c1)SC1(CCC3(CC1)Nc1ccc([*])cc1S3)N2,Bandgap,3.6692,eV,polyverse_bandgap,train,clean,clean,measured_target
poly_2756,[*]CCCCOC(=O)CCCCSCCCCC(=O)O[*],Bandgap,5.1999,eV,polyverse_bandgap,train,clean,clean,measured_target
poly_23,[*]c1sc([*])c2nc(CCCCCCCCCCC)c(CCCCCCCCCCC)nc12,Bandgap,0.9973,eV,polyverse_bandgap,train,clean,clean,measured_target
poly_2970,[*]CCCCCCCNC(=O)C(CCCCCCCCCCCC)C(=O)N[*],Bandgap,5.4281,eV,polyverse_bandgap,train,clean,clean,measured_target
poly_1734,[*]Oc1ccc(C(c2ccc(OC(=O)c3ccc(OCCCCCCCCCCOc4ccc(C([*])=O)cc4)cc3)cc2)(C(F)(F)F)C(F)(F)F)cc1,Bandgap,4.1771,eV,polyverse_bandgap,train,clean,clean,measured_target
poly_3993,[*]CC([*])CC,Bandgap,6.6228,eV,polyverse_bandgap,train,clean,clean,measured_target
poly_4145,[*]CCC(=O)O[*],Bandgap,7.0157,eV,polyverse_bandgap,train,clean,clean,measured_target
poly_1176,[*]Nc1ccc(NC(=O)c2cccc(C([*])=O)c2)cc1,Bandgap,3.5313,eV,polyverse_bandgap,train,clean,clean,measured_target
poly_3333,[*]CCCCCNC(=O)CCCCCCCCC(=O)NCCCCCNC(=O)C(=O)N[*],Bandgap,5.8164,eV,polyverse_bandgap,train,clean,clean,measured_target
poly_1356,[*]CCCCCOC(=O)c1ccc2cc(C(=O)O[*])ccc2c1,Bandgap,3.7336,eV,polyverse_bandgap,train,clean,clean,measured_target
poly_2574,[*]OC(=O)Cc1ccc(CC([*])=O)cc1,Bandgap,5.0188,eV,polyverse_bandgap,train,clean,clean,measured_target
poly_3692,C(=O)NC(=O)NCCCN,Bandgap,6.2028,eV,polyverse_bandgap,train,clean,clean,measured_target
poly_3931,[*]CCCCOC(=O)C1CCC(C(=O)O[*])CC1,Bandgap,6.541,eV,polyverse_bandgap,train,clean,clean,measured_target
poly_972,[*]C=C([*])C(=O)CC,Bandgap,3.276,eV,polyverse_bandgap,train,clean,clean,measured_target
poly_3413,[*]C(=O)OC1CCC(OC(=O)N2CCN([*])CC2)CC1,Bandgap,5.8826,eV,polyverse_bandgap,train,clean,clean,measured_target
poly_808,[*]c1cc(N=Nc2ccc(S(=O)(=O)O)cc2)cc([*])c1O,Bandgap,3.057,eV,polyverse_bandgap,train,clean,clean,measured_target
poly_2760,[*]C/C=C(C)/C[*],Bandgap,5.2046,eV,polyverse_bandgap,train,clean,clean,measured_target
poly_1498,[*]c1cccc([*])c1N,Bandgap,3.9193,eV,polyverse_bandgap,train,clean,clean,measured_target
poly_752,[*]Oc1ccc(C(C)=Nc2ccc(N=C(C)c3ccc([*])cc3)cc2)cc1,Bandgap,2.9779,eV,polyverse_bandgap,train,clean,clean,measured_target
poly_3203,[*]CCCCCCNC(=O)C(O)C(O)C(=O)N[*],Bandgap,5.7069,eV,polyverse_bandgap,train,clean,clean,measured_target
poly_43,[*]c1ccc(C(=O)Nc2ccc(-c3ccc(NC(=O)c4ccc(-n5c(=O)c6sc7c(=O)n([*])c(=O)c7sc6c5=O)cc4)cc3)cc2)cc1,Bandgap,1.3147,eV,polyverse_bandgap,train,clean,clean,measured_target
poly_1441,[*]Oc1ccc(Oc2cccc(C(=O)Oc3ccc(OC(=O)c4cccc([*])c4)cc3)c2)cc1,Bandgap,3.8378,eV,polyverse_bandgap,train,clean,clean,measured_target
poly_1838,[*]Oc1ccc(OC(=O)c2ccc(OCCCCCCCCOc3ccc(C([*])=O)cc3)cc2)cc1,Bandgap,4.2916,eV,polyverse_bandgap,train,clean,clean,measured_target
poly_19,[*]=C=C=C(CCCCOC(=O)NC(C)C)C(=[*])CCCCOC(=O)NC(C)C,Bandgap,0.9608,eV,polyverse_bandgap,train,clean,clean,measured_target
poly_1903,[*]CCCCc1nnc(-c2cccc(-c3nnc([*])o3)c2)o1,Bandgap,4.365,eV,polyverse_bandgap,train,clean,clean,measured_target
poly_4081,[*]CCC(Cl)C([*])C,Bandgap,6.7598,eV,polyverse_bandgap,train,clean,clean,measured_target
poly_1625,[*]C(=O)NNC(=O)c1cccc([*])n1,Bandgap,4.0655,eV,polyverse_bandgap,train,clean,clean,measured_target
poly_638,[*]CCN(CCCC(=O)Nc1ccc(N=Nc2ccccc2)cc1)CCOC(=O)NCC1CCCC(CNC(=O)O[*])C1,Bandgap,2.8476,eV,polyverse_bandgap,train,clean,clean,measured_target
poly_1721,[*]c1ccc([Si](c2ccccc2)(c2ccccc2)c2ccc(-c3nnc([*])o3)cc2)cc1,Bandgap,4.1689,eV,polyverse_bandgap,train,clean,clean,measured_target
poly_1391,[*]Oc1ccc(C(C)(C)c2ccc(OC(=O)c3cccc(C([*])=O)c3)cc2)cc1,Bandgap,3.7705,eV,polyverse_bandgap,train,clean,clean,measured_target
poly_2706,[*]Cc1ccc(CNC(=O)CCCCCCCCCCCCCC(=O)N[*])cc1,Bandgap,5.1486,eV,polyverse_bandgap,train,clean,clean,measured_target
poly_1357,[*]CCOCCOCCOCCOCCOc1ccc(C(=O)Nc2cc(NC(=O)c3ccc(O[*])cc3)cc(-c3nc4ccccc4[nH]3)c2)cc1,Bandgap,3.7337,eV,polyverse_bandgap,train,clean,clean,measured_target
poly_1267,[*]CC(=O)C(C)C([*])c1ccc(O)c2ncccc12,Bandgap,3.636,eV,polyverse_bandgap,train,clean,clean,measured_target
poly_804,[*]c1ccc([*])c2nc(CCCCCCC)c(CCCCCCC)nc12,Bandgap,3.0507,eV,polyverse_bandgap,train,clean,clean,measured_target
poly_2733,[*]CC=CC(C)S([*])(=O)=O,Bandgap,5.1822,eV,polyverse_bandgap,train,clean,clean,measured_target
poly_904,[*]CC([*])C(=O)OCCCOc1ccc(-c2ccc(C#N)cc2)cc1,Bandgap,3.1806,eV,polyverse_bandgap,train,clean,clean,measured_target
poly_3244,C([*])CC([*])=C,Bandgap,5.7373,eV,polyverse_bandgap,train,clean,clean,measured_target
poly_1152,[*]CC(=O)C(C=C1)=CC=C1C(S2)=CC=C2[*],Bandgap,3.5015,eV,polyverse_bandgap,train,clean,clean,measured_target
poly_3922,C([*])C(C)(C(=O)OCC(F)(F)C([*])(F)F),Bandgap,6.5301,eV,polyverse_bandgap,train,clean,clean,measured_target
poly_297,[*]c1ccc([*])[nH]1,Bandgap,2.3622,eV,polyverse_bandgap,train,clean,clean,measured_target
poly_1101,[*]Oc1ccc(-c2ccc(OC(=O)c3cccc(Oc4cccc(C([*])=O)c4)c3)cc2)cc1,Bandgap,3.4375,eV,polyverse_bandgap,train,clean,clean,measured_target
poly_1280,[*]CCNC(=S)[*],Bandgap,3.6462,eV,polyverse_bandgap,train,clean,clean,measured_target
poly_2636,[*]c1cnc([*])c(C)c1,Bandgap,5.0872,eV,polyverse_bandgap,train,clean,clean,measured_target
poly_3757,[*]CCOCCOC(=O)CCC(=O)O[*],Bandgap,6.2926,eV,polyverse_bandgap,train,clean,clean,measured_target
poly_831,CC(=S)OC(=S),Bandgap,3.0882,eV,polyverse_bandgap,train,clean,clean,measured_target
poly_3716,[*]CCCCCCCCCCCCCCCCCCCCOC(=O)CC(=O)O[*],Bandgap,6.2355,eV,polyverse_bandgap,train,clean,clean,measured_target
poly_3154,[*]CCCCCCCCCCCCNC(=O)C(=O)N[*],Bandgap,5.6418,eV,polyverse_bandgap,train,clean,clean,measured_target
poly_1196,O([*])c1ccc(cc1)S(=O)(=O)c1ccc(cc1)OC(=O)c1ccc(cc1)C(=O)([*]),Bandgap,3.5538,eV,polyverse_bandgap,train,clean,clean,measured_target
poly_539,[*]c1ccc([*])n1CCC(=O)OCC,Bandgap,2.7083,eV,polyverse_bandgap,train,clean,clean,measured_target
poly_3549,[*]CCCCCCNC(=O)CCC(=O)N[*],Bandgap,6.0201,eV,polyverse_bandgap,train,clean,clean,measured_target
poly_3853,[*]CCCCCCS([*])(=O)=O,Bandgap,6.4491,eV,polyverse_bandgap,train,clean,clean,measured_target
poly_2331,[*]CC1CCC(COC(C)OC(=O)c2cccc(C(=O)OC(C)O[*])c2)CC1,Bandgap,4.7856,eV,polyverse_bandgap,train,clean,clean,measured_target
poly_883,[*]CNC(S1)=CC=C1C(=O)[*],Bandgap,3.1605,eV,polyverse_bandgap,train,clean,clean,measured_target
poly_2207,[*]CC([*])C(=O)Oc1ccc(Cl)c(C)c1,Bandgap,4.6591,eV,polyverse_bandgap,train,clean,clean,measured_target
poly_3835,[*]CCCCCCCCC(=O)O[*],Bandgap,6.417000000000002,eV,polyverse_bandgap,train,clean,clean,measured_target
poly_1427,[*]CC(C)(C)COC(=O)c1ccc(-c2ccc(C(=O)O[*])cc2)cc1,Bandgap,3.8251,eV,polyverse_bandgap,train,clean,clean,measured_target
poly_2036,[*]CC(O)CN([*])c1cc(C)cc(C)c1,Bandgap,4.5108,eV,polyverse_bandgap,train,clean,clean,measured_target
poly_601,[*]NC(C=C1)=CC=C1C(S2)=CC=C2C(C=C3)=CC=C3[*],Bandgap,2.7925,eV,polyverse_bandgap,train,clean,clean,measured_target
poly_2908,[*]NC(Cc1ccccc1)C(=O)NC(C)C(=O)NCC([*])=O,Bandgap,5.3565,eV,polyverse_bandgap,train,clean,clean,measured_target
poly_2945,[*]CCC1CN(C(C)(C)C)C(=O)C1[*],Bandgap,5.4055,eV,polyverse_bandgap,train,clean,clean,measured_target
poly_594,[*]C(=O)Nc1ccc(C2(c3ccc(N4C(=O)c5ccc([*])cc5C4=O)cc3)CCC(C(C)(C)C)CC2)cc1,Bandgap,2.786,eV,polyverse_bandgap,train,clean,clean,measured_target
poly_2117,[*]CCCCCCCCCC#CC#CCCCCCCCCCOC(=O)CCCCCCCCC(=O)O[*],Bandgap,4.5832,eV,polyverse_bandgap,train,clean,clean,measured_target
poly_3345,[*]OC(C)(C)C(F)(F)C(F)(F)OCCOCCC1CC1[*],Bandgap,5.8237,eV,polyverse_bandgap,train,clean,clean,measured_target
poly_4195,C(F)(F)C(F)(F)CO,Bandgap,8.3318,eV,polyverse_bandgap,train,clean,clean,measured_target
poly_955,[*]CCCCOc1ccc(OC(=O)c2ccc(C(=O)Oc3ccc(O[*])cc3)c(C(=O)OCC=C)c2)cc1,Bandgap,3.2573,eV,polyverse_bandgap,train,clean,clean,measured_target
poly_2295,[*]CC(CCCCCCCCCCCC)COC(=O)NC(=O)c1cccc(C(=O)NC(=O)O[*])c1,Bandgap,4.7494,eV,polyverse_bandgap,train,clean,clean,measured_target
poly_827,[*]c1ccc(-c2nc3cc(-c4ccc5oc([*])nc5c4)ccc3o2)cc1,Bandgap,3.0845,eV,polyverse_bandgap,train,clean,clean,measured_target
poly_777,[*]C(=O)Nc1ccc(NC(=O)c2cccc(C(=O)Nc3ccc(N4C(=O)c5ccc([*])cc5C4=O)cc3)c2)cc1,Bandgap,3.0011,eV,polyverse_bandgap,train,clean,clean,measured_target
poly_853,[*]c1ccc(Oc2cccc(Oc3ccc(N4C(=O)CC(=O)N([*])C4=S)cc3)c2)cc1,Bandgap,3.1165,eV,polyverse_bandgap,train,clean,clean,measured_target
poly_137,[*]C(=O)c1ccc2c(c1)C(=O)N(c1ccc(N(c3ccc(C#N)cc3)c3ccc(N4C(=O)c5ccc([*])cc5C4=O)cc3)cc1)C2=O,Bandgap,1.8892,eV,polyverse_bandgap,train,clean,clean,measured_target
poly_293,[*]C(=O)C(S1)=CC=C1C(C=C2)=CC=C2C(=S)[*],Bandgap,2.3582,eV,polyverse_bandgap,train,clean,clean,measured_target
poly_1157,[*]N=P([*])(Cl)Cl,Bandgap,3.5076,eV,polyverse_bandgap,train,clean,clean,measured_target
poly_1472,[*]Oc1ccc(S(=O)(=O)c2ccc(Oc3ccc(C4(c5ccc([*])cc5)CCCCC4)cc3)cc2)cc1,Bandgap,3.8881,eV,polyverse_bandgap,train,clean,clean,measured_target
poly_1076,[*]C(C)=C([*])C#N,Bandgap,3.4072,eV,polyverse_bandgap,train,clean,clean,measured_target
poly_2408,[*]CCc1ccc(Cc2ccc(CCS[*])cc2)cc1,Bandgap,4.8714,eV,polyverse_bandgap,train,clean,clean,measured_target
poly_3951,[*]CCOCCOC(=O)CCCCCC(=O)O[*],Bandgap,6.5754,eV,polyverse_bandgap,train,clean,clean,measured_target
poly_700,[*]c1ccc(-c2ccc(-c3nc(-c4ccc(-c5csc([*])n5)cc4)cs3)cc2)cc1,Bandgap,2.9236,eV,polyverse_bandgap,train,clean,clean,measured_target
poly_1198,[*]Oc1ccc(C(c2ccccc2)c2ccc(OC(=O)c3cccc(C([*])=O)c3)cc2)cc1,Bandgap,3.5599,eV,polyverse_bandgap,train,clean,clean,measured_target
poly_1777,[*]Oc1ccc(S(=O)(=O)c2ccc(OC([*])=O)cc2)cc1,Bandgap,4.2329,eV,polyverse_bandgap,train,clean,clean,measured_target
poly_4193,[*]C(F)C([*])(F)F,Bandgap,8.2406,eV,polyverse_bandgap,train,clean,clean,measured_target
poly_2249,[*]Oc1c(C)cc(-c2cc(C)c(OC(=O)CCCCCC([*])=O)c(C)c2)cc1C,Bandgap,4.7046,eV,polyverse_bandgap,train,clean,clean,measured_target
poly_3301,[*]CCCOC(=O)N1CCC([*])CC1,Bandgap,5.7887,eV,polyverse_bandgap,train,clean,clean,measured_target
poly_1670,[*]Oc1cccc2c(OC(=O)Oc3ccc(OC([*])=O)cc3Cl)cccc12,Bandgap,4.1142,eV,polyverse_bandgap,train,clean,clean,measured_target
poly_3602,[*]CCCCCCCCCCCCOC(=O)NCCCCCCNC(=O)O[*],Bandgap,6.0664,eV,polyverse_bandgap,train,clean,clean,measured_target
poly_741,[*]CC(C=C1)=CC=C1C(C=C2)=CC=C2C(=S)[*],Bandgap,2.9669,eV,polyverse_bandgap,train,clean,clean,measured_target
poly_1717,[*]CCCCCCCNC(=S)N[*],Bandgap,4.1652,eV,polyverse_bandgap,train,clean,clean,measured_target
poly_4115,[*]OC(C)COC([*])=O,Bandgap,6.8711,eV,polyverse_bandgap,train,clean,clean,measured_target
poly_2713,[*]OC1CCC(OC(=O)NCCSCCCSCCNC([*])=O)CC1,Bandgap,5.1585,eV,polyverse_bandgap,train,clean,clean,measured_target
poly_3646,[*]CCC(C)O[Si](C)(C)O[*],Bandgap,6.1309,eV,polyverse_bandgap,train,clean,clean,measured_target
poly_1303,[*]OC3=CC=CC(C(C2=CC=CC(OC1=CC=CC([*])=C1)=C2)=O)=C3,Bandgap,3.6705,eV,polyverse_bandgap,train,clean,clean,measured_target
poly_447,[*]C=C1CCC(=Cc2ccc([*])cc2)C1=O,Bandgap,2.5715,eV,polyverse_bandgap,train,clean,clean,measured_target
poly_806,[*]C(=O)c1ccc2nc(-c3ccc(-c4nc5ccc([*])cc5nc4-c4ccccc4)cc3)c(-c3ccccc3)nc2c1,Bandgap,3.0546,eV,polyverse_bandgap,train,clean,clean,measured_target
poly_58,[*]c1cc(-c2cc(C)c(Br)cc2C)c([*])s1,Bandgap,1.4380000000000002,eV,polyverse_bandgap,train,clean,clean,measured_target
poly_2747,[*]Cc1ccc(COC(=O)O[*])cc1,Bandgap,5.1911,eV,polyverse_bandgap,train,clean,clean,measured_target
poly_931,[*]c1ccc([*])c2nccnc12,Bandgap,3.225,eV,polyverse_bandgap,train,clean,clean,measured_target
poly_3181,[*]CC(CCl)(CCl)O[*],Bandgap,5.6681,eV,polyverse_bandgap,train,clean,clean,measured_target
poly_1902,[*]OC(=O)CSCCSCC([*])=O,Bandgap,4.3646,eV,polyverse_bandgap,train,clean,clean,measured_target
poly_2811,[*]Cc1ccc(CNC(=O)CCCCCCCCCCCCCCCC(=O)N[*])cc1,Bandgap,5.2536,eV,polyverse_bandgap,train,clean,clean,measured_target
poly_1241,[*]c1ccc2ccc([*])cc2c1,Bandgap,3.6133,eV,polyverse_bandgap,train,clean,clean,measured_target
poly_1921,[*]Cc1c(C)c(C)c(CSC(=O)CCC(=O)S[*])c(C)c1C,Bandgap,4.3904,eV,polyverse_bandgap,train,clean,clean,measured_target
poly_3543,[*]CNC(=O)CC(=O)N[*],Bandgap,6.0152,eV,polyverse_bandgap,train,clean,clean,measured_target
poly_1908,[*]Oc1cc(Br)c(C(C)(C)c2c(Br)cc(OC([*])=O)cc2Br)c(Br)c1,Bandgap,4.3708,eV,polyverse_bandgap,train,clean,clean,measured_target
poly_3969,[*]CC([*])OC(=O)CCCCCCC,Bandgap,6.5982,eV,polyverse_bandgap,train,clean,clean,measured_target
poly_1825,[*]CCOc1ccc(C(=O)OC(=O)c2ccccc2C(=O)OC(=O)c2ccc(O[*])cc2)cc1,Bandgap,4.2778,eV,polyverse_bandgap,train,clean,clean,measured_target
poly_1556,[*]Sc1ccc2c(c1)Sc1ccc([*])cc1S2,Bandgap,3.9872,eV,polyverse_bandgap,train,clean,clean,measured_target
poly_28,[*]C(c1cccs1)=c1ccc(=c2ccc(=C(c3cccs3)c3ccc(-c4ccc([*])s4)s3)s2)s1,Bandgap,1.0912,eV,polyverse_bandgap,train,clean,clean,measured_target
poly_1230,C(F)(F)C(F)(F)C(=S)O,Bandgap,3.5989,eV,polyverse_bandgap,train,clean,clean,measured_target
poly_3765,[*]C(C)C([*])C(=O)OC,Bandgap,6.3068,eV,polyverse_bandgap,train,clean,clean,measured_target
poly_2565,[*]SC1CCCC([*])C1,Bandgap,5.0122,eV,polyverse_bandgap,train,clean,clean,measured_target
poly_2131,[*]C(=O)c1cccc(C(=O)N(C)c2cccc(N([*])C)c2)c1,Bandgap,4.5971,eV,polyverse_bandgap,train,clean,clean,measured_target
poly_3515,[*]CCCCCCCCCCNC(=O)CCC(=O)N[*],Bandgap,5.9859,eV,polyverse_bandgap,train,clean,clean,measured_target
poly_3435,[*]NC(C)C(=O)NCCCCCCCCCCC([*])=O,Bandgap,5.9043,eV,polyverse_bandgap,train,clean,clean,measured_target
poly_1594,[*]Nc1cccc(NC(=O)c2cccc(C([*])=O)c2)c1,Bandgap,4.0305,eV,polyverse_bandgap,train,clean,clean,measured_target
poly_710,[*]c1cc(CC(=O)OCCCCCCCC)c([*])[nH]1,Bandgap,2.9373,eV,polyverse_bandgap,train,clean,clean,measured_target
poly_431,[*]c1ccc(-c2ccc(-c3ccc([*])n3-c3c(F)c(F)c(F)c(F)c3F)s2)s1,Bandgap,2.5527,eV,polyverse_bandgap,train,clean,clean,measured_target
poly_1462,[*]CC([*])C(=O)Oc1ccc([N+](=O)[O-])cc1,Bandgap,3.8697,eV,polyverse_bandgap,train,clean,clean,measured_target
poly_1841,[*]CCOCCOC(=O)c1ccc(Cc2ccc(C(=O)O[*])cc2)cc1,Bandgap,4.2931,eV,polyverse_bandgap,train,clean,clean,measured_target
poly_2061,[*]Nc1ccc(NC(=O)CCCCCCC([*])=O)cc1,Bandgap,4.5337,eV,polyverse_bandgap,train,clean,clean,measured_target
poly_2595,[*]CCSSCCOCO[*],Bandgap,5.0437,eV,polyverse_bandgap,train,clean,clean,measured_target
poly_195,[*]c1cc2c(s1)-c1sc([*])cc1C2CCCCCCN,Bandgap,2.0844,eV,polyverse_bandgap,train,clean,clean,measured_target
poly_22,[*]NC(=S)NO[*],Bandgap,0.9802,eV,polyverse_bandgap,train,clean,clean,measured_target
poly_1138,[*]COC(=O)c1ccc(C(=O)OCc2ccc([*])o2)cc1,Bandgap,3.4760000000000004,eV,polyverse_bandgap,train,clean,clean,measured_target
poly_2529,[*]CCCCCOC(=O)NCCSCCCCSCCNC(=O)O[*],Bandgap,4.9762,eV,polyverse_bandgap,train,clean,clean,measured_target
poly_1736,[*]NC(Cc1ccc(OC(=O)OCc2ccccc2)cc1)C([*])=O,Bandgap,4.1786,eV,polyverse_bandgap,train,clean,clean,measured_target
poly_160,[*]CC(O)CN([*])c1ccc(N=Nc2ccc(C#N)cc2)cc1,Bandgap,1.9599,eV,polyverse_bandgap,train,clean,clean,measured_target
poly_542,[*]CC(S1)=CC=C1C(C=C2)=CC=C2C(=S)[*],Bandgap,2.7094,eV,polyverse_bandgap,train,clean,clean,measured_target
poly_2783,[*]NC(CCCCNC(=O)CCCCC([*])=O)C(=O)O,Bandgap,5.2248,eV,polyverse_bandgap,train,clean,clean,measured_target
poly_2819,[*]Cc1c(C)c(C)c(CNC(=O)CCCCCC(C)CC(=O)N[*])c(C)c1C,Bandgap,5.2631,eV,polyverse_bandgap,train,clean,clean,measured_target
poly_3194,[*]CC1CCC(CNC(=O)CCCCCCCC(=O)N[*])CC1,Bandgap,5.6927,eV,polyverse_bandgap,train,clean,clean,measured_target
poly_4134,[*]OC1C(O)C([*])OC(CO)C1O,Bandgap,6.9578,eV,polyverse_bandgap,train,clean,clean,measured_target
poly_2785,[*]CCCCS[*],Bandgap,5.2255,eV,polyverse_bandgap,train,clean,clean,measured_target
poly_3237,[*]NC(C)C(=O)NCC([*])=O,Bandgap,5.7343,eV,polyverse_bandgap,train,clean,clean,measured_target
poly_3335,[*]CCCCCNC(=O)CCCCCCC(=O)N[*],Bandgap,5.8169,eV,polyverse_bandgap,train,clean,clean,measured_target
poly_543,[*]c1cc(COCCCCCCCCOc2ccc(-c3ccc(C#N)cc3)cc2)c([*])s1,Bandgap,2.7101,eV,polyverse_bandgap,train,clean,clean,measured_target
poly_4124,[*]ON(C(F)(F)F)C(F)(C([*])(F)F)C(F)(F)F,Bandgap,6.9062,eV,polyverse_bandgap,train,clean,clean,measured_target
poly_1317,[*]Sc1ccc([*])cc1,Bandgap,3.6929,eV,polyverse_bandgap,train,clean,clean,measured_target
poly_2082,[*]C/C=C\CC[*],Bandgap,4.5524,eV,polyverse_bandgap,train,clean,clean,measured_target
poly_1271,[*]C(S1)=CC=C1OC(=S)O[*],Bandgap,3.6393,eV,polyverse_bandgap,train,clean,clean,measured_target
poly_3069,[*]CCCCC(N)C(=O)N[*],Bandgap,5.5468,eV,polyverse_bandgap,train,clean,clean,measured_target
poly_1537,[*]NC(C=C1)=CC=C1OC(=S)[*],Bandgap,3.9628,eV,polyverse_bandgap,train,clean,clean,measured_target
poly_2750,[*]CCCCCC(=O)NCc1ccc(CNC(=O)CCCCCO[*])cc1,Bandgap,5.1934,eV,polyverse_bandgap,train,clean,clean,measured_target
poly_2661,[*]CCCCNC(=O)C(=O)N[*],Bandgap,5.1079,eV,polyverse_bandgap,train,clean,clean,measured_target
poly_3529,[*]CCCCCCCCCCCCCCCCC(=O)N[*],Bandgap,5.9993,eV,polyverse_bandgap,train,clean,clean,measured_target
poly_1638,[*]Oc1ccc(C(=O)CNNCC(=O)c2ccc([*])cc2)cc1,Bandgap,4.0817,eV,polyverse_bandgap,train,clean,clean,measured_target
poly_1454,[*]Oc1ccc2c(c1)C(=O)N(Oc1ccc(C(N3C(=O)CC([*])C3=O)(C(F)(F)F)C(F)(F)F)cc1)C2=O,Bandgap,3.8595,eV,polyverse_bandgap,train,clean,clean,measured_target
poly_1946,[*]Oc1ccc(C(=O)OCCCCOC(=O)c2ccc([*])cc2)cc1,Bandgap,4.4175,eV,polyverse_bandgap,train,clean,clean,measured_target
poly_572,[*]C=Cc1ccc2c(c1)Sc1cc([*])ccc1N2CCCCCCCC,Bandgap,2.7454,eV,polyverse_bandgap,train,clean,clean,measured_target
poly_3519,[*]NC(CC(C)C)C([*])=O,Bandgap,5.9901,eV,polyverse_bandgap,train,clean,clean,measured_target
poly_2201,[*]CNC(=O)OCc1ccc(COCc2ccc(COC(=O)NCc3ccc(C(C)(C)c4ccc([*])o4)o3)o2)o1,Bandgap,4.6560000000000015,eV,polyverse_bandgap,train,clean,clean,measured_target
poly_3672,[*]CCOC(=O)NCCCCCCCCCCNC(=O)O[*],Bandgap,6.1704,eV,polyverse_bandgap,train,clean,clean,measured_target
poly_3309,[*]CC1(C(=O)O)COCC([*])(C(=O)O)C1,Bandgap,5.7946,eV,polyverse_bandgap,train,clean,clean,measured_target
poly_659,[*]C1=CC(C)C(C(=O)C(=O)C2CC3C([*])CC3(O)C2=O)C(=O)N1C,Bandgap,2.8766,eV,polyverse_bandgap,train,clean,clean,measured_target
poly_3577,[*]NC(CC([*])=O)C(C)C,Bandgap,6.0457,eV,polyverse_bandgap,train,clean,clean,measured_target
poly_3444,[*]CCCCCCCCCCNC(=O)CCCCCCC(=O)N[*],Bandgap,5.9109,eV,polyverse_bandgap,train,clean,clean,measured_target
poly_3098,[*]CCCC1CC(=O)N([*])C(=O)C1,Bandgap,5.5771,eV,polyverse_bandgap,train,clean,clean,measured_target
poly_3985,[*]CCCCC(=O)O[*],Bandgap,6.6123,eV,polyverse_bandgap,train,clean,clean,measured_target
poly_2257,[*]Oc1ccc(CC(C#N)(Cc2ccc([*])cc2)c2ccccc2)cc1,Bandgap,4.7079,eV,polyverse_bandgap,train,clean,clean,measured_target
poly_3771,[*]CC([*])C(=O)OC(C)CC(C)C,Bandgap,6.3188,eV,polyverse_bandgap,train,clean,clean,measured_target
poly_3499,[*]CCCCCCCCNC(=O)CCC(=O)N[*],Bandgap,5.9681,eV,polyverse_bandgap,train,clean,clean,measured_target
poly_3481,[*]CC([*])(Cl)C(=O)OCC,Bandgap,5.9476,eV,polyverse_bandgap,train,clean,clean,measured_target
poly_3145,[*]CC(COC)O[*],Bandgap,5.6346,eV,polyverse_bandgap,train,clean,clean,measured_target
poly_2139,[*]Oc1ccc(C([*])=O)cc1CCCCCCCCCC,Bandgap,4.6014,eV,polyverse_bandgap,train,clean,clean,measured_target
poly_1851,[*]Cc1ccc(COC(=O)c2cccc(C(=O)O[*])c2)cc1,Bandgap,4.3023,eV,polyverse_bandgap,train,clean,clean,measured_target
poly_1686,[*]Oc1cc(OC)c([*])cc1OC,Bandgap,4.1411,eV,polyverse_bandgap,train,clean,clean,measured_target
poly_94,C(S1)=CC=C1C(=S)C(S2)=CC=C2C(=S)C(=O)NC(C=C3)=CC=C3C(S4)=CC=C4,Bandgap,1.618,eV,polyverse_bandgap,train,clean,clean,measured_target
poly_474,[*]Oc1ccc2ccccc2c1N=Nc1ccc(C([*])=O)cc1,Bandgap,2.6102,eV,polyverse_bandgap,train,clean,clean,measured_target
poly_1062,[*]Oc1ccc(N=Nc2ccc([*])cc2)cc1,Bandgap,3.3958,eV,polyverse_bandgap,train,clean,clean,measured_target
poly_3777,[*]OC(=O)CCCCCCCCC([*])=O,Bandgap,6.3268,eV,polyverse_bandgap,train,clean,clean,measured_target
poly_4061,[*]CCCCCOC(=O)CCC(C)CC(=O)O[*],Bandgap,6.7309,eV,polyverse_bandgap,train,clean,clean,measured_target
poly_3794,[*]CC([*])(Cl)C(=O)OC(C)C,Bandgap,6.3507,eV,polyverse_bandgap,train,clean,clean,measured_target
poly_2591,[*]NC(CCCCN)C([*])=O,Bandgap,5.0339,eV,polyverse_bandgap,train,clean,clean,measured_target
poly_810,[*]c1cccc(-c2nc3cc(-c4ccc5nc([*])c(-c6ccc7ccccc7c6)nc5c4)ccc3nc2-c2ccc3ccccc3c2)c1,Bandgap,3.0593,eV,polyverse_bandgap,train,clean,clean,measured_target
poly_1015,[*]C(=O)Nc1cccc(NC(=O)c2ccc3[nH]c(-c4cccc(-c5nc6cc([*])ccc6[nH]5)c4)nc3c2)c1,Bandgap,3.34,eV,polyverse_bandgap,train,clean,clean,measured_target
poly_622,[*]c1ccc(-c2ccc(-c3ccc([*])n3C)n2C)cn1,Bandgap,2.818,eV,polyverse_bandgap,train,clean,clean,measured_target
poly_1421,[*]CC(COc1ccc(-c2ccc(C#N)cc2)cc1)O[*],Bandgap,3.8156,eV,polyverse_bandgap,train,clean,clean,measured_target
poly_48,[*]C1=C(CCCCCC)C(CCCCCC)=C(c2sc(-c3sc([*])c4c3OCCO4)c3c2OCCO3)S1(=O)=O,Bandgap,1.3578,eV,polyverse_bandgap,train,clean,clean,measured_target
poly_3193,[*]C(=O)CCCCCCCCC(=O)N1CC(C)N([*])CC1C,Bandgap,5.6918,eV,polyverse_bandgap,train,clean,clean,measured_target
poly_4077,[*]CCCCCCOC(=O)CCCCCCCCC(=O)O[*],Bandgap,6.7561,eV,polyverse_bandgap,train,clean,clean,measured_target
poly_4088,[*]CC([*])(F)C(=O)OCC(F)(F)C(F)F,Bandgap,6.7718,eV,polyverse_bandgap,train,clean,clean,measured_target
poly_2979,[*]C#CC#CCCCCCCCC[*],Bandgap,5.4425,eV,polyverse_bandgap,train,clean,clean,measured_target
poly_3742,CNCNC(=O)NC(=O)N,Bandgap,6.2684,eV,polyverse_bandgap,train,clean,clean,measured_target
poly_3311,[*]CCC1C(=O)N(CC)C(=O)C1[*],Bandgap,5.7968,eV,polyverse_bandgap,train,clean,clean,measured_target
poly_1262,[*]CC1(C)CC(N2C(=O)c3ccc(-c4ccc5c(c4)C(=O)N([*])C5=O)cc3C2=O)CC(C)(C)C1,Bandgap,3.6299,eV,polyverse_bandgap,train,clean,clean,measured_target
poly_1163,[*]c1ncc(-c2cnc([*])c(C)c2)cc1C,Bandgap,3.5147,eV,polyverse_bandgap,train,clean,clean,measured_target
poly_2784,[*]/C=C\C(C#N)C[*],Bandgap,5.2253,eV,polyverse_bandgap,train,clean,clean,measured_target
poly_847,[*]c1ccc(-c2cnc3cc(-c4ccc5nc([*])cnc5c4)ccc3n2)cc1,Bandgap,3.1087,eV,polyverse_bandgap,train,clean,clean,measured_target
poly_3820,[*]CCCOC(=O)CCCCCCCC(=O)O[*],Bandgap,6.3801,eV,polyverse_bandgap,train,clean,clean,measured_target
poly_3340,[*]CCCCCCNC(=O)CCCC(=O)O[*],Bandgap,5.8204,eV,polyverse_bandgap,train,clean,clean,measured_target
poly_3971,[*]CCOCCOC(=O)CCCCCCC(=O)O[*],Bandgap,6.6005,eV,polyverse_bandgap,train,clean,clean,measured_target
poly_3438,[*]C=CCCCCCCCCCC(Cl)CCCCCCCCC[*],Bandgap,5.9057,eV,polyverse_bandgap,train,clean,clean,measured_target
poly_3071,[*]/C=C\C(C)C[*],Bandgap,5.547999999999999,eV,polyverse_bandgap,train,clean,clean,measured_target
poly_1496,[*]OC(C)C(C)Oc1cc([*])nc2ccc(C)cc12,Bandgap,3.9147,eV,polyverse_bandgap,train,clean,clean,measured_target
poly_389,[*]C(C=C1)=CC=C1C(C=C2)=CC=C2C(C=C3)=CC=C3C(C=C4)=CC=C4[*],Bandgap,2.5019,eV,polyverse_bandgap,train,clean,clean,measured_target
poly_4100,[*]CC([*])OC(C)=O,Bandgap,6.7973,eV,polyverse_bandgap,train,clean,clean,measured_target
poly_3588,[*]CCCC(C)CC(=O)N[*],Bandgap,6.0572,eV,polyverse_bandgap,train,clean,clean,measured_target
poly_3410,[*]CC(=O)NCC(=O)O[*],Bandgap,5.879,eV,polyverse_bandgap,train,clean,clean,measured_target
poly_1893,[*]CNC(=O)C(S1)=CC=C1[*],Bandgap,4.3473,eV,polyverse_bandgap,train,clean,clean,measured_target
poly_1959,[*]Oc1c(Cl)cc(C2(c3cc(Cl)c(OC([*])=O)c(Cl)c3)CC3CC2C2CCCC32)cc1Cl,Bandgap,4.4278,eV,polyverse_bandgap,train,clean,clean,measured_target
poly_2833,[*]Cc1ccc(CN(C)C(=O)CCCCC(=O)N([*])C)cc1,Bandgap,5.2834,eV,polyverse_bandgap,train,clean,clean,measured_target
poly_1068,[*]Oc1ccc(Oc2ccc(NC(=C(C#N)C#N)c3ccc(-c4ccc(-c5ccc(C(Nc6ccc([*])cc6)=C(C#N)C#N)cc5)cc4)cc3)cc2)cc1,Bandgap,3.4011,eV,polyverse_bandgap,train,clean,clean,measured_target
poly_1767,[*]CC(O)COc1ccc(C(=O)c2ccc(O[*])cc2)cc1,Bandgap,4.2124,eV,polyverse_bandgap,train,clean,clean,measured_target
poly_3388,[*]CC1(C)CC([*])(C)C(=O)OC1=O,Bandgap,5.867000000000001,eV,polyverse_bandgap,train,clean,clean,measured_target
poly_4065,[*]CCCCCCCCCCCCCCCCOC(=O)CCCCC(=O)O[*],Bandgap,6.7432,eV,polyverse_bandgap,train,clean,clean,measured_target
poly_1143,[*]c1cccc(-c2nc3cc(-c4ccc5[nH]c([*])nc5c4)ccc3[nH]2)c1,Bandgap,3.4864,eV,polyverse_bandgap,train,clean,clean,measured_target
poly_2017,[*]Nc1ccc([*])cc1I,Bandgap,4.4895,eV,polyverse_bandgap,train,clean,clean,measured_target
poly_3321,[*]CCCCCc1nnc([*])n1N,Bandgap,5.8053,eV,polyverse_bandgap,train,clean,clean,measured_target
poly_182,[*]Nc1cc([N+](=O)[O-])c(NC(=O)c2c(F)cc(C([*])=O)cc2F)cc1C=Cc1ccc(N(C)C)cc1,Bandgap,2.0452,eV,polyverse_bandgap,train,clean,clean,measured_target
poly_3732,[*]CCCCCCCCCCOC(=O)C(O)C(O)C(=O)O[*],Bandgap,6.2592,eV,polyverse_bandgap,train,clean,clean,measured_target
poly_2628,[*]CCCCCCSCCS[*],Bandgap,5.085,eV,polyverse_bandgap,train,clean,clean,measured_target
poly_3367,[*]NC1CCC(CC(C)(C)NC(=O)CCCCC([*])=O)CC1,Bandgap,5.8543,eV,polyverse_bandgap,train,clean,clean,measured_target
poly_2904,[*]CCNC(=O)C(OC)C(OC)C(=O)N[*],Bandgap,5.3552,eV,polyverse_bandgap,train,clean,clean,measured_target
poly_556,C(F)(F)C(C=C1)=CC=C1C(F)(F)C(=S),Bandgap,2.7314,eV,polyverse_bandgap,train,clean,clean,measured_target
poly_1952,[*]c2cccc(NC(=O)CCCCC(=O)Nc1ccc(S([*])(=O)=O)cc1)c2,Bandgap,4.4211,eV,polyverse_bandgap,train,clean,clean,measured_target
poly_187,[*]N=NNc1ccc(NN=Nc2ccc([*])cc2)cc1,Bandgap,2.0596,eV,polyverse_bandgap,train,clean,clean,measured_target
poly_1012,[*]N=C(O)N=C([*])N=C(N)N,Bandgap,3.3353,eV,polyverse_bandgap,train,clean,clean,measured_target
poly_3911,[*]CCCC([*])(C)Cl,Bandgap,6.5189,eV,polyverse_bandgap,train,clean,clean,measured_target
poly_21,[*]C=Cc1sc([*])c2c1OC(CCCCCC)CO2,Bandgap,0.9769,eV,polyverse_bandgap,train,clean,clean,measured_target
poly_261,[*]c1ccc(-c2ccc(-c3nc(CCCCCCCCCCCC)c(-c4sc([*])nc4CCCCCCCCCCCC)s3)s2)s1,Bandgap,2.29,eV,polyverse_bandgap,train,clean,clean,measured_target
poly_623,[*]c1ccc(-c2ccc(-n3c(=O)c4cc5c(=O)n([*])c(=O)c5cc4c3=O)cc2OC(F)(F)F)c(OC(F)(F)F)c1,Bandgap,2.8211,eV,polyverse_bandgap,train,clean,clean,measured_target
poly_1772,[*]CCOCCOCCOC(=O)C(=O)O[*],Bandgap,4.2233,eV,polyverse_bandgap,train,clean,clean,measured_target
poly_2634,[*]CCCCOC(=O)Cc1ccc(CC(=O)O[*])cc1,Bandgap,5.0863,eV,polyverse_bandgap,train,clean,clean,measured_target
poly_580,[*]C(=O)Nc1cccc(NC(=O)c2ccc3c(c2)C(=O)N(c2ccc(Oc4cccc5c(N6C(=O)c7ccc([*])cc7C6=O)cccc45)cc2)C3=O)n1,Bandgap,2.7647,eV,polyverse_bandgap,train,clean,clean,measured_target
poly_1860,[*]C=CC=CCC[*],Bandgap,4.3088,eV,polyverse_bandgap,train,clean,clean,measured_target
poly_859,[*]Nc1cc(C)c([*])cc1OC,Bandgap,3.1262,eV,polyverse_bandgap,train,clean,clean,measured_target
poly_909,[*]c1[nH]c([*])c(CC(=O)OC)c1CC(=O)OC,Bandgap,3.1891,eV,polyverse_bandgap,train,clean,clean,measured_target
poly_41,[*]c1sc([*])c(CCCCCCN(CC)c2ccc(N=Nc3ccc([N+](=O)[O-])cc3)cc2)c1CCCCCC,Bandgap,1.2631,eV,polyverse_bandgap,train,clean,clean,measured_target
poly_1405,[*]NC(Cc1c[nH]c2ccccc12)C([*])=O,Bandgap,3.8025,eV,polyverse_bandgap,train,clean,clean,measured_target
poly_3090,[*]CCCCCCCCCCN(C)C(=O)CCCCCCCCC(=O)N([*])C,Bandgap,5.5645,eV,polyverse_bandgap,train,clean,clean,measured_target
poly_201,[*]c1ccc(Oc2ccc3ccc(Oc4ccc(-n5c(=O)c6cc7c(=O)n([*])c(=O)c7cc6c5=O)cc4)cc3c2)cc1,Bandgap,2.1084,eV,polyverse_bandgap,train,clean,clean,measured_target
poly_1043,[*]Oc1ccc(NC(=O)c2cc(C(=O)Nc3ccc([*])cc3)cc(S(=O)(=O)c3ccccc3)c2)cc1,Bandgap,3.3654,eV,polyverse_bandgap,train,clean,clean,measured_target
poly_1955,[*]CC([*])c1ccc(C(O)CCN2CCOCC2)cc1,Bandgap,4.4244,eV,polyverse_bandgap,train,clean,clean,measured_target
poly_485,[*]c1ccc2c(c1)C(=O)N(c1cc(N3C(=O)c4ccc(C([*])(C(F)(F)F)C(F)(F)F)cc4C3=O)c(O)cc1O)C2=O,Bandgap,2.6346,eV,polyverse_bandgap,train,clean,clean,measured_target
poly_3220,[*]NC(CCC(=O)OCCC)C([*])=O,Bandgap,5.7178,eV,polyverse_bandgap,train,clean,clean,measured_target
poly_3177,[*]CNC(=O)CCCCCCC(=O)N[*],Bandgap,5.6641,eV,polyverse_bandgap,train,clean,clean,measured_target
poly_1001,[*]NNC(=S)c1ccc(C([*])=S)cc1,Bandgap,3.3241,eV,polyverse_bandgap,train,clean,clean,measured_target
poly_1212,[*]CCCCCCCCCCOc1cccc(OC(=O)c2ccc(C(=O)Oc3cccc(O[*])c3)cc2)c1,Bandgap,3.5777,eV,polyverse_bandgap,train,clean,clean,measured_target
poly_2275,[*]Oc1ccc(C([*])=O)cc1CCCCCCCCCCCC,Bandgap,4.7301,eV,polyverse_bandgap,train,clean,clean,measured_target
poly_1079,[*]c1sc([*])c2sc(CCCCCCCCC)nc12,Bandgap,3.4078,eV,polyverse_bandgap,train,clean,clean,measured_target
poly_1848,[*]Oc1ccc(OC(=O)c2ccc(Oc3ccc(C([*])=O)cc3)cc2)cc1Cl,Bandgap,4.2992,eV,polyverse_bandgap,train,clean,clean,measured_target
poly_3561,[*]CCCCNC(=O)CCCCCCCCCC(=O)N[*],Bandgap,6.0257,eV,polyverse_bandgap,train,clean,clean,measured_target
poly_1247,[*]C(=O)C(C=C1)=CC=C1C(=O)C(S2)=CC=C2[*],Bandgap,3.616,eV,polyverse_bandgap,train,clean,clean,measured_target
poly_2306,[*]CCCC1CCN(C(=O)SSCCCCSSC(=O)N2CCC([*])CC2)CC1,Bandgap,4.759,eV,polyverse_bandgap,train,clean,clean,measured_target
poly_4028,[*]CC(C)(CC)COC(=O)CCCCCCCCC(=O)O[*],Bandgap,6.6739,eV,polyverse_bandgap,train,clean,clean,measured_target
poly_2197,[*]Oc1c(C(C)C)cc(C([*])=O)cc1C(C)C,Bandgap,4.6528,eV,polyverse_bandgap,train,clean,clean,measured_target
poly_4167,[*]CCCCCCCCCCCCCCC([*])Cl,Bandgap,7.2178,eV,polyverse_bandgap,train,clean,clean,measured_target
poly_3170,[*]CC([*])C(=O)OCCOCC1(CC)COC1,Bandgap,5.6568,eV,polyverse_bandgap,train,clean,clean,measured_target
poly_163,[*]C(C=C1)=CC=C1C(S2)=CC=C2C(S3)=CC=C3C(S4)=CC=C4[*],Bandgap,1.9732,eV,polyverse_bandgap,train,clean,clean,measured_target
poly_1852,[*]CC(C=C1)=CC=C1C(=O)C(C=C2)=CC=C2[*],Bandgap,4.3024,eV,polyverse_bandgap,train,clean,clean,measured_target
poly_1425,[*]c1ccc(-c2ccc(S(=O)(=O)NCCNS([*])(=O)=O)cc2)cc1,Bandgap,3.8242,eV,polyverse_bandgap,train,clean,clean,measured_target
poly_2543,[*]Cc1ccc(C[*])c(C)c1,Bandgap,4.9923,eV,polyverse_bandgap,train,clean,clean,measured_target
poly_3184,[*]CCN([*])C(C)=O,Bandgap,5.6737,eV,polyverse_bandgap,train,clean,clean,measured_target
poly_2780,[*]Oc1ccc(C2(c3ccc(OC([*])=O)cc3)CCCCCC2)cc1,Bandgap,5.2222,eV,polyverse_bandgap,train,clean,clean,measured_target
poly_2243,[*]C1C=C(CCCCCC)C([*])S1,Bandgap,4.6982,eV,polyverse_bandgap,train,clean,clean,measured_target
poly_2741,[*]C=CC1CC([*])C2C3CCC(C3)C12,Bandgap,5.1878,eV,polyverse_bandgap,train,clean,clean,measured_target
poly_1578,[*]c1nc(C)nc(N(CCCCCCN([*])c2ccccc2)c2ccccc2)n1,Bandgap,4.0115,eV,polyverse_bandgap,train,clean,clean,measured_target
poly_1204,[*]NC(=S)NC(C=C1)=CC=C1[*],Bandgap,3.5643,eV,polyverse_bandgap,train,clean,clean,measured_target
poly_4155,[*]CCCCCCCCCCCCCCCCCCCCC([*])Cl,Bandgap,7.1075,eV,polyverse_bandgap,train,clean,clean,measured_target
poly_53,[*]c1cc2c(s1)-c1sc(-c3cc4c(s3)-c3sc([*])cc3C4(CC(CC)CCCC)CC(CC)CCCC)cc1C2=O,Bandgap,1.3805,eV,polyverse_bandgap,train,clean,clean,measured_target
poly_598,[*]Nc1ccc(C#Cc2ccc(NC(=O)c3ccc(C([*])=O)cc3)cc2)cc1,Bandgap,2.7886,eV,polyverse_bandgap,train,clean,clean,measured_target
poly_3964,[*]CCCCOC(=O)CCC(C)CC(=O)O[*],Bandgap,6.5919,eV,polyverse_bandgap,train,clean,clean,measured_target
poly_1523,[*]OC(=O)c1ccc(CCc2ccc(C([*])=O)cc2)cc1,Bandgap,3.9494,eV,polyverse_bandgap,train,clean,clean,measured_target
poly_343,[*]C=Cc1ccc([*])c2ccc(CCCCCC)cc12,Bandgap,2.4493,eV,polyverse_bandgap,train,clean,clean,measured_target
poly_1269,[*]c1nc(C)nc(N(CCCCN([*])c2ccccc2)c2ccccc2)n1,Bandgap,3.6374,eV,polyverse_bandgap,train,clean,clean,measured_target
poly_124,[*]c1ccc(-c2cc(CCCCCCBr)c([*])s2)s1,Bandgap,1.8008,eV,polyverse_bandgap,train,clean,clean,measured_target
poly_3622,[*]CCCCCCCCCCCC(=O)NCC(=O)N[*],Bandgap,6.1009,eV,polyverse_bandgap,train,clean,clean,measured_target
poly_4119,[*]OC(CC([*])=O)C(C)C,Bandgap,6.8886,eV,polyverse_bandgap,train,clean,clean,measured_target
poly_1128,[*]Nc1cc(NC(=O)c2ccc(-c3ccc(C([*])=O)cc3)cc2)cc(C(=O)OCCOc2ccc(C=CC(=O)c3ccccc3)cc2)c1,Bandgap,3.4679,eV,polyverse_bandgap,train,clean,clean,measured_target
poly_3852,[*]CCCCCCCC(=O)OCC1COC([*])O1,Bandgap,6.4464,eV,polyverse_bandgap,train,clean,clean,measured_target
poly_2558,[*]CCCOC(=O)c1ccccc1-c1ccccc1C(=O)O[*],Bandgap,5.0095,eV,polyverse_bandgap,train,clean,clean,measured_target
poly_2347,[*]CC(CCC)C(CCC)COC(=O)c1ccc(C(=O)O[*])cc1,Bandgap,4.8023,eV,polyverse_bandgap,train,clean,clean,measured_target
poly_2248,[*]CCOC(=O)Cc1ccc(C(=O)O[*])cc1,Bandgap,4.7045,eV,polyverse_bandgap,train,clean,clean,measured_target
poly_1144,[*]Oc1ccc(OC(=O)c2cc(OCCCCCCOCCCCC)c(C([*])=O)cc2OCCCCCCOCCCCC)cc1,Bandgap,3.4928,eV,polyverse_bandgap,train,clean,clean,measured_target
poly_365,[*]c1ccc2ccc3c([*])cc(C#C)c4ccc1c2c34,Bandgap,2.4817,eV,polyverse_bandgap,train,clean,clean,measured_target
poly_2918,[*]CCCCCCN(CC)C(=O)CCCCCCCCCCCCCCCCC(=O)N([*])CC,Bandgap,5.3754,eV,polyverse_bandgap,train,clean,clean,measured_target
poly_760,[*]CC(C=C1)=CC=C1C(=O)C(=S)[*],Bandgap,2.9863,eV,polyverse_bandgap,train,clean,clean,measured_target
poly_3559,[*]CCCCCCCCCCOCCCCCCCCCCOCCCCO[*],Bandgap,6.0257,eV,polyverse_bandgap,train,clean,clean,measured_target
poly_386,[*]c1ccc(-c2ccc(-c3ccc([*])n3C)s2)s1,Bandgap,2.4998,eV,polyverse_bandgap,train,clean,clean,measured_target
poly_2456,[*]CC([*])c1cc(C)ccc1C,Bandgap,4.9087,eV,polyverse_bandgap,train,clean,clean,measured_target
poly_2885,[*]CC([*])C=CC,Bandgap,5.3344,eV,polyverse_bandgap,train,clean,clean,measured_target
poly_2261,[*]CC(OO[*])c1ccc(Br)cc1,Bandgap,4.7102,eV,polyverse_bandgap,train,clean,clean,measured_target
poly_3085,[*]CCC=C([*])Cl,Bandgap,5.5601,eV,polyverse_bandgap,train,clean,clean,measured_target
poly_711,[*]c1ccc(-c2nc3cc(-c4ccc5nc([*])c(-c6ccc7ccccc7c6)nc5c4)ccc3nc2-c2ccc3ccccc3c2)cc1,Bandgap,2.9378,eV,polyverse_bandgap,train,clean,clean,measured_target
poly_3979,[*]CCCCOC(=O)CCCCCCCC(=O)O[*],Bandgap,6.6081,eV,polyverse_bandgap,train,clean,clean,measured_target
poly_4177,[*]CCOC(=O)O[*],Bandgap,7.4995,eV,polyverse_bandgap,train,clean,clean,measured_target
poly_2926,[*]NC(Cc1ccccc1)C([*])=O,Bandgap,5.386,eV,polyverse_bandgap,train,clean,clean,measured_target
poly_1200,[*]c1ccc(C(=O)c2ccc(-n3nc(-c4ccc(Oc5ccc(-c6nn([*])c(=O)c7ccccc67)cc5)cc4)c4ccccc4c3=O)cc2)cc1,Bandgap,3.5606,eV,polyverse_bandgap,train,clean,clean,measured_target
poly_457,[*]c1ccc(Oc2cccc(-n3c(=O)c4cc5c(=O)n([*])c(=O)c5cc4c3=O)c2)cc1,Bandgap,2.5838,eV,polyverse_bandgap,train,clean,clean,measured_target
poly_4010,[*]CC(C)(C)COC(=O)CCCCC(=O)O[*],Bandgap,6.6524,eV,polyverse_bandgap,train,clean,clean,measured_target
poly_3339,[*]CC([*])OCCOC,Bandgap,5.8187,eV,polyverse_bandgap,train,clean,clean,measured_target
poly_886,[*]C(=O)Nc1cccc(NC(=O)c2ccc3c(c2)C(=O)N(c2cccc(N4C(=O)c5ccc([*])cc5C4=O)c2)C3=O)n1,Bandgap,3.1626,eV,polyverse_bandgap,train,clean,clean,measured_target
poly_669,[*]C=C1CCCCC(=Cc2ccc(Sc3ccc([*])o3)o2)C1=O,Bandgap,2.8887,eV,polyverse_bandgap,train,clean,clean,measured_target
poly_2718,[*]CC(C[N-][N+]#N)(C[N-][N+]#N)CO[*],Bandgap,5.1641,eV,polyverse_bandgap,train,clean,clean,measured_target
poly_1008,[*]Oc1ccc(S(=O)(=O)c2ccc3cc(S(=O)(=O)c4ccc(Oc5c(C)cc(-c6cc(C)c([*])c(C)c6C)c(C)c5C)cc4)ccc3c2)cc1,Bandgap,3.3303,eV,polyverse_bandgap,train,clean,clean,measured_target
poly_2990,[*]CC(O[*])C(C)(C)C,Bandgap,5.4545,eV,polyverse_bandgap,train,clean,clean,measured_target
poly_1457,[*]c1ccc(S(=O)(=O)c2ccc(-n3nc([*])c4ccccc4c3=O)cc2)cc1,Bandgap,3.8607,eV,polyverse_bandgap,train,clean,clean,measured_target
poly_522,[*]C(=O)c1ccc2c(c1)C(=O)N(c1ccc(Oc3ccc(N4C(=O)c5ccc([*])cc5C4=O)cc3)cc1)C2=O,Bandgap,2.6811,eV,polyverse_bandgap,train,clean,clean,measured_target
poly_3332,[*]CC(C)(C)COC(=O)C(=O)O[*],Bandgap,5.8142,eV,polyverse_bandgap,train,clean,clean,measured_target
poly_2385,[*]Oc1ccc(C(C)(CCCC)c2ccc(OC([*])=O)cc2)cc1,Bandgap,4.8496,eV,polyverse_bandgap,train,clean,clean,measured_target
poly_299,[*]C(=O)C(C=C1)=CC=C1C(=S)C(S2)=CC=C2[*],Bandgap,2.3694,eV,polyverse_bandgap,train,clean,clean,measured_target
poly_2383,[*]C=CC1CCCCC1[*],Bandgap,4.8485,eV,polyverse_bandgap,train,clean,clean,measured_target
poly_3002,[*]NC(CC([*])=O)c1ccccc1,Bandgap,5.4701,eV,polyverse_bandgap,train,clean,clean,measured_target
poly_943,[*]CCOCCOCCOc1ccc(NC(=O)c2cccc(C(=O)Nc3ccc(O[*])cc3)c2)cc1,Bandgap,3.2482,eV,polyverse_bandgap,train,clean,clean,measured_target
poly_2520,[*]CCCC(C=C1)=CC=C1[*],Bandgap,4.967,eV,polyverse_bandgap,train,clean,clean,measured_target
poly_479,[*]NC(=S)C(=O)O[*],Bandgap,2.6247,eV,polyverse_bandgap,train,clean,clean,measured_target
poly_4076,[*]CCCCCCCCOC(=O)CCCCC(=O)O[*],Bandgap,6.755,eV,polyverse_bandgap,train,clean,clean,measured_target
poly_1453,[*]Oc1c(-c2ccccc2)cc([*])cc1-c1ccccc1,Bandgap,3.8556,eV,polyverse_bandgap,train,clean,clean,measured_target
poly_629,CCOC(=S)NC(=S)C(C=C1)=CC=C1N,Bandgap,2.8361,eV,polyverse_bandgap,train,clean,clean,measured_target
poly_3847,[*]CCCCCCCCCCCCCCCCCCCCOC(=O)CCCC(=O)O[*],Bandgap,6.4396,eV,polyverse_bandgap,train,clean,clean,measured_target
poly_1886,[*]Oc1cc(CCCCCCCC)cc(OC(=O)c2cccc(C([*])=O)c2)c1,Bandgap,4.3424,eV,polyverse_bandgap,train,clean,clean,measured_target
poly_2382,[*]CCCCCCOC(=O)C=CC(=O)O[*],Bandgap,4.8463,eV,polyverse_bandgap,train,clean,clean,measured_target
poly_3471,[*]COC1CC2CC(O[*])C1C2,Bandgap,5.9417,eV,polyverse_bandgap,train,clean,clean,measured_target
poly_1407,[*]CCCCCCn1c(=O)c2cc3c(=O)n([*])c(=O)c3cc2c1=O,Bandgap,3.8031,eV,polyverse_bandgap,train,clean,clean,measured_target
poly_1636,[*]C(=O)SSCCCCSSC(=O)N1CCN([*])CC1,Bandgap,4.0756,eV,polyverse_bandgap,train,clean,clean,measured_target
poly_2143,[*]CC([*])(C)C(=O)OCCOC(=O)CCn1ccnc1,Bandgap,4.6062,eV,polyverse_bandgap,train,clean,clean,measured_target
poly_0,[*]C=C([*])c1ccc(NC=O)cc1,Bandgap,0.071,eV,polyverse_bandgap,train,clean,clean,measured_target
poly_2868,[*]C=CC(C)(C(=O)OC)C([*])C,Bandgap,5.317,eV,polyverse_bandgap,train,clean,clean,measured_target
poly_2857,[*]CC(CC([*])(C#N)C#N)c1ccc(CCl)cc1,Bandgap,5.3061,eV,polyverse_bandgap,train,clean,clean,measured_target
poly_7,[*]C=c1ccc(=c2ccc(=Cc3ccc([*])s3)s2)s1,Bandgap,0.6103,eV,polyverse_bandgap,train,clean,clean,measured_target
poly_3749,[*]CC([*])(F)Cl,Bandgap,6.2778,eV,polyverse_bandgap,train,clean,clean,measured_target
poly_387,C(F)(F)C(F)(F)C(S1)=CC=C1C(=S),Bandgap,2.5,eV,polyverse_bandgap,train,clean,clean,measured_target
poly_2010,[*]CCCCCCCCc1nc2ccc(-c3ccc4nc([*])oc4c3)cc2o1,Bandgap,4.4813,eV,polyverse_bandgap,train,clean,clean,measured_target
poly_1608,[*]Oc1cccc(Oc2ccc(C(=O)c3ccc([*])cc3)cc2)c1,Bandgap,4.0476,eV,polyverse_bandgap,train,clean,clean,measured_target
poly_1505,[*]c1ccc(-c2ccc([*])c(CCCCCC)n2)nc1CCCCCC,Bandgap,3.9254,eV,polyverse_bandgap,train,clean,clean,measured_target
poly_2318,[*]Oc1ccc(CC(NC(=O)Cc2ccc(OC(=O)CC(C)CCC([*])=O)cc2)C(=O)OCCCCCC)cc1,Bandgap,4.7724,eV,polyverse_bandgap,train,clean,clean,measured_target
poly_3800,[*]CCC1CC([*])C2C3CC(C12)C(C)(C(=O)OC)C3,Bandgap,6.3564,eV,polyverse_bandgap,train,clean,clean,measured_target
poly_1855,[*]CCCCCCc1nc2cc3sc([*])nc3cc2s1,Bandgap,4.3056,eV,polyverse_bandgap,train,clean,clean,measured_target
poly_2660,CCOCCOC(=O)NC(=CC=C1(C))C=C1NC(=O)O,Bandgap,5.1076,eV,polyverse_bandgap,train,clean,clean,measured_target
poly_31,[*]c1sc(-c2cc(OCCCCC)c([*])s2)cc1OCCCCC,Bandgap,1.1386,eV,polyverse_bandgap,train,clean,clean,measured_target
poly_2443,[*]CC([*])C(=O)SC(C)C,Bandgap,4.8981,eV,polyverse_bandgap,train,clean,clean,measured_target
poly_3705,[*]CC([*])(F)C(=O)OCCC(F)(F)C(F)(F)C(F)(F)C(F)(F)C(F)(F)C(F)(F)C(F)(F)C(F)(F)F,Bandgap,6.2233,eV,polyverse_bandgap,train,clean,clean,measured_target
poly_3846,[*]OC1CCC(OC(=O)CCCCCCC([*])=O)CC1,Bandgap,6.4389,eV,polyverse_bandgap,train,clean,clean,measured_target
poly_2860,[*]OC1C(C)(C)C([*])C1(C)C,Bandgap,5.3086,eV,polyverse_bandgap,train,clean,clean,measured_target
poly_1741,[*]c1ccc(N([*])CCCCCC)cc1,Bandgap,4.1862,eV,polyverse_bandgap,train,clean,clean,measured_target
poly_2837,[*]CCCC(=O)NCc1ccc(CNC(=O)CCCO[*])cc1,Bandgap,5.287000000000001,eV,polyverse_bandgap,train,clean,clean,measured_target
poly_1928,[*]Oc1cc(CCCCCCCCCCC)cc(OC(=O)c2cccc(C([*])=O)c2)c1,Bandgap,4.3966,eV,polyverse_bandgap,train,clean,clean,measured_target
poly_1705,[*]CCCCCCCCCCCCOc1ccc(C=NN=Cc2ccc(O[*])cc2O)c(O)c1,Bandgap,4.1545,eV,polyverse_bandgap,train,clean,clean,measured_target
poly_2016,[*]NC(CSC(=O)OCc1ccccc1)C([*])=O,Bandgap,4.4872,eV,polyverse_bandgap,train,clean,clean,measured_target
poly_3915,[*]CC(O)CO[*],Bandgap,6.5218,eV,polyverse_bandgap,train,clean,clean,measured_target
poly_2720,[*]C=CC(C(=O)OCC)C([*])C(=O)OCC,Bandgap,5.1688,eV,polyverse_bandgap,train,clean,clean,measured_target
poly_1551,[*]CC(O)COc1ccc(C(C)(C)c2ccc(OCC(O)COc3ccc(S(=O)(=O)c4ccc(O[*])cc4)cc3)cc2)cc1,Bandgap,3.9847,eV,polyverse_bandgap,train,clean,clean,measured_target
poly_3621,[*]CCCCOC(=O)NC1CC1NC(=O)O[*],Bandgap,6.0977,eV,polyverse_bandgap,train,clean,clean,measured_target
poly_3526,[*]CCCCCC(=O)NCCCCCCNC(=O)CCCCCOC(=O)CCCCC(=O)O[*],Bandgap,5.9977,eV,polyverse_bandgap,train,clean,clean,measured_target
poly_2087,[*]c1ccc(Oc2ccc(Oc3ccc(N4C(=O)C5CCC6C(=O)N([*])C(=O)C6C5C4=O)cc3)cc2)cc1,Bandgap,4.5586,eV,polyverse_bandgap,train,clean,clean,measured_target
poly_456,[*]c1ccc(-c2nc3cc4nc([*])c(-c5ccccc5)nc4cc3nc2-c2ccccc2)cc1,Bandgap,2.5823,eV,polyverse_bandgap,train,clean,clean,measured_target
poly_2863,[*]Cc1ccc(CNC(=O)CCCCCCC(=O)N[*])cc1,Bandgap,5.311,eV,polyverse_bandgap,train,clean,clean,measured_target
poly_3467,[*]C(=O)OC1CCC(OC(=O)N2CC(C)N([*])CC2C)CC1,Bandgap,5.9402,eV,polyverse_bandgap,train,clean,clean,measured_target
poly_2360,[*]C(=O)CCP(=O)(CCC(=O)N1CCN([*])CC1)c1ccccc1,Bandgap,4.8188,eV,polyverse_bandgap,train,clean,clean,measured_target
poly_2511,[*]Cc1cc(C)c([*])cc1C,Bandgap,4.9568,eV,polyverse_bandgap,train,clean,clean,measured_target
poly_3876,[*]CC([*])(C)C(=O)OCCC1CCCCC1,Bandgap,6.4739,eV,polyverse_bandgap,train,clean,clean,measured_target
poly_3585,[*]C1CCC1[*],Bandgap,6.0558,eV,polyverse_bandgap,train,clean,clean,measured_target
poly_1395,[*]CCCCCCCCCC#CC#CCCCCCCCCCOC(=O)C(=O)O[*],Bandgap,3.7759,eV,polyverse_bandgap,train,clean,clean,measured_target
poly_3566,[*]OC(CC(C)C)C([*])=O,Bandgap,6.0332,eV,polyverse_bandgap,train,clean,clean,measured_target
poly_2704,[*]C1CCC(C=[*])C1,Bandgap,5.1465,eV,polyverse_bandgap,train,clean,clean,measured_target
poly_14,[*]C#CC(=C([*])c1ccccc1)c1ccccc1,Bandgap,0.8844,eV,polyverse_bandgap,train,clean,clean,measured_target
poly_1417,[*]C(C#N)=C(c1ccccc1)c1ccc([*])cc1,Bandgap,3.8129,eV,polyverse_bandgap,train,clean,clean,measured_target
poly_3036,[*]CC([*])OC(=O)C(Cl)(Cl)Cl,Bandgap,5.5134,eV,polyverse_bandgap,train,clean,clean,measured_target
poly_1990,[*]CCC(=O)Oc1ccc(OC(=O)CCN2CCN([*])C(C)C2)cc1,Bandgap,4.4609,eV,polyverse_bandgap,train,clean,clean,measured_target
poly_1611,[*]Oc1ccc(CCNC(=O)c2cccc(C([*])=O)c2)cc1,Bandgap,4.0506,eV,polyverse_bandgap,train,clean,clean,measured_target
poly_3804,[*]OC1CCC(C2CCC(OC(=O)CCCCCCCCCCC([*])=O)CC2)CC1,Bandgap,6.3608,eV,polyverse_bandgap,train,clean,clean,measured_target
poly_1985,[*]Oc1ccc(NC(=O)NC2CC(C)(C)CC(C)(CNC(=O)Nc3ccc([*])cc3)C2)cc1,Bandgap,4.4573,eV,polyverse_bandgap,train,clean,clean,measured_target
poly_1995,[*]Cc1ccc(COC(=O)Cc2ccc(C(=O)O[*])cc2)cc1,Bandgap,4.4684,eV,polyverse_bandgap,train,clean,clean,measured_target
poly_2974,[*]CCC(=O)NCCCCCCNC(=O)CCS[*],Bandgap,5.4312,eV,polyverse_bandgap,train,clean,clean,measured_target
poly_736,[*]C(=O)Nc1cccc(C=CC(=O)C=Cc2cccc(NC(=O)c3ccc(N4C(=O)c5ccc([*])cc5C4=O)cc3)c2)c1,Bandgap,2.9611,eV,polyverse_bandgap,train,clean,clean,measured_target
poly_3826,[*]CCOC(=O)CC(=O)O[*],Bandgap,6.3978,eV,polyverse_bandgap,train,clean,clean,measured_target
poly_3868,[*]CC([*])OC(=O)CCC#N,Bandgap,6.4646,eV,polyverse_bandgap,train,clean,clean,measured_target
poly_2033,[*]C(=O)NCCCCCCCCCCNC(=O)c1ccc([*])nc1,Bandgap,4.5078,eV,polyverse_bandgap,train,clean,clean,measured_target
poly_123,[*]C#Cc1cc(OCCCCCCCCCC)c([*])cc1OCCCCCCCCCC,Bandgap,1.7935,eV,polyverse_bandgap,train,clean,clean,measured_target
poly_3114,[*]CC(C)(C=C([*])C)C(=O)OC,Bandgap,5.5947,eV,polyverse_bandgap,train,clean,clean,measured_target
poly_549,[*]C(=O)Nc1ccc(NC(=O)c2ccc(NC(=O)c3ccc(-c4nc5cc([*])ccc5[nH]4)cc3)cc2)cc1,Bandgap,2.7225,eV,polyverse_bandgap,train,clean,clean,measured_target
poly_3510,[*]CCCCCCCCCCCCNC(=O)CC(=O)N[*],Bandgap,5.9823,eV,polyverse_bandgap,train,clean,clean,measured_target
poly_2856,[*]CCCCNC(=O)CCC=CCCC(=O)N[*],Bandgap,5.3048,eV,polyverse_bandgap,train,clean,clean,measured_target
poly_1474,OC(C=C1)=CC=C1C(=O)C(S2)=CC=C2C(=O)NOC(=O),Bandgap,3.8943,eV,polyverse_bandgap,train,clean,clean,measured_target
poly_1142,[*]CC([*])CNc1ccc([N+](=O)[O-])cn1,Bandgap,3.4829,eV,polyverse_bandgap,train,clean,clean,measured_target
poly_1399,[*]c1sc([*])c(OCCCCCCCCCCCCCCCC)c1C,Bandgap,3.7868,eV,polyverse_bandgap,train,clean,clean,measured_target
poly_3506,[*]CCCCCCCCNC(=O)CCCCCCCCCCCCC(=O)N[*],Bandgap,5.9745,eV,polyverse_bandgap,train,clean,clean,measured_target
poly_1074,[*]C=C([*])CO,Bandgap,3.4066,eV,polyverse_bandgap,train,clean,clean,measured_target
poly_2673,[*]CC(C=C1)=CC=C1CC(C=C2)=CC=C2[*],Bandgap,5.1169,eV,polyverse_bandgap,train,clean,clean,measured_target
poly_3417,[*]CC(C)(C)COC(=O)NC1CCC(CC2CCC(NC(=O)O[*])CC2)CC1,Bandgap,5.885,eV,polyverse_bandgap,train,clean,clean,measured_target
poly_627,[*]C(=O)c1ccc2c(c1)C(=O)N(c1cc(N3C(=O)c4ccc([*])cc4C3=O)c(O)cc1O)C2=O,Bandgap,2.8322,eV,polyverse_bandgap,train,clean,clean,measured_target
poly_3045,[*]OC(C)C([*])C,Bandgap,5.5235,eV,polyverse_bandgap,train,clean,clean,measured_target
poly_3571,[*]OC(CCCCCCC=C)CC([*])=O,Bandgap,6.0438,eV,polyverse_bandgap,train,clean,clean,measured_target
poly_4041,[*]CCCCCCCOC(=O)CCCCCCCCC(=O)O[*],Bandgap,6.6947,eV,polyverse_bandgap,train,clean,clean,measured_target
poly_3037,[*]CC([*])OCC,Bandgap,5.5149,eV,polyverse_bandgap,train,clean,clean,measured_target
poly_3364,[*]CCCCCCCCCCNC(=O)CCCCCCCCC(=O)N[*],Bandgap,5.8505,eV,polyverse_bandgap,train,clean,clean,measured_target
poly_2992,[*]CCCCCCCCCCCCNC(=O)NCCCCCCCCCCNC(=O)N[*],Bandgap,5.457999999999998,eV,polyverse_bandgap,train,clean,clean,measured_target
poly_4069,[*]ON(C(F)(F)F)C(F)(F)C([*])(F)F,Bandgap,6.7484,eV,polyverse_bandgap,train,clean,clean,measured_target
poly_2095,[*]NC(=O)NC(C=C1)=CC=C1[*],Bandgap,4.5662,eV,polyverse_bandgap,train,clean,clean,measured_target
poly_3308,[*]CCN([*])C(=O)CCC(=O)OC,Bandgap,5.7939,eV,polyverse_bandgap,train,clean,clean,measured_target
poly_527,[*]c1ccc(-c2ccc(-n3c(=O)c4cc5c(=O)n([*])c(=O)c5cc4c3=O)cc2C)c(C)c1,Bandgap,2.6846,eV,polyverse_bandgap,train,clean,clean,measured_target
poly_1680,[*]CC(C)(CC)CS[*],Bandgap,4.1338,eV,polyverse_bandgap,train,clean,clean,measured_target
poly_3287,[*]CCCCCCCCCCCCCCNC(=O)CCCCCCCCC(=O)N[*],Bandgap,5.7746,eV,polyverse_bandgap,train,clean,clean,measured_target
poly_4093,[*]CCCCCCOC(=O)CCCCC(=O)O[*],Bandgap,6.78,eV,polyverse_bandgap,train,clean,clean,measured_target
poly_2496,[*]Oc1ccc(C(C)(CC)c2ccc(OC([*])=O)cc2)cc1,Bandgap,4.9403,eV,polyverse_bandgap,train,clean,clean,measured_target
poly_1552,[*]Oc1ccc(N=CNc2ccc([*])cc2)cc1,Bandgap,3.9857,eV,polyverse_bandgap,train,clean,clean,measured_target
poly_337,[*]c1ccc2nc3[nH]c4cc5[nH]c6nc7ccc([*])cc7nc6sc5cc4sc3nc2c1,Bandgap,2.4457,eV,polyverse_bandgap,train,clean,clean,measured_target
poly_1512,O([*])c1cc(cc(CCC)c1)OC(=O)c1ccc(cc1)C(=O)([*]),Bandgap,3.9302,eV,polyverse_bandgap,train,clean,clean,measured_target
poly_1673,[*]CCCCCOC(=O)Nc1ccc(Cc2ccc(NC(=O)O[*])cc2)cc1,Bandgap,4.1169,eV,polyverse_bandgap,train,clean,clean,measured_target
poly_1801,[*]c1ccc([*])c(C(=O)c2ccc(F)cc2)c1,Bandgap,4.2587,eV,polyverse_bandgap,train,clean,clean,measured_target
poly_1098,[*]NC(C=C1)=CC=C1C(S2)=CC=C2C(S3)=CC=C3[*],Bandgap,3.4334,eV,polyverse_bandgap,train,clean,clean,measured_target
poly_876,[*]Oc1ccc(OC(=O)c2cc(OCCCCCCCCCCCC)c(C([*])=O)cc2OCCCCCCCCCCCC)cc1,Bandgap,3.1513,eV,polyverse_bandgap,train,clean,clean,measured_target
poly_2995,[*]CCCCCCNC(=O)CCCCCCCC(=O)N[*],Bandgap,5.4617,eV,polyverse_bandgap,train,clean,clean,measured_target
poly_3498,[*]CCCCNC(=O)CCCCCC(=O)N[*],Bandgap,5.9678,eV,polyverse_bandgap,train,clean,clean,measured_target
poly_2470,C(F)(F)CC(F)(F)C(S1)=CC=C1,Bandgap,4.9185,eV,polyverse_bandgap,train,clean,clean,measured_target
poly_1437,[*]Oc1ccc(C(c2ccc(OC([*])=O)cc2)(C(F)(F)F)C(F)(F)F)cc1,Bandgap,3.8346,eV,polyverse_bandgap,train,clean,clean,measured_target
poly_3474,[*]CCCCCCOC(=O)CCCCCNC(=O)CCCCC(=O)NCCCCCC(=O)O[*],Bandgap,5.9438,eV,polyverse_bandgap,train,clean,clean,measured_target
poly_4080,[*]CCCCCOC(=O)CCCCCCCCC(=O)O[*],Bandgap,6.7588,eV,polyverse_bandgap,train,clean,clean,measured_target
poly_2507,[*]Oc1ccc(C(C)(C)c2ccc(C(C)(C)c3ccc(OC([*])=O)cc3)cc2)cc1,Bandgap,4.952,eV,polyverse_bandgap,train,clean,clean,measured_target
poly_13,[*]C=c1ccc(=c2ccc(=Cc3ccc(-c4ccc([*])s4)s3)s2)s1,Bandgap,0.8779,eV,polyverse_bandgap,train,clean,clean,measured_target
poly_473,[*]c1cccc2c(-n3c(=O)c4cc5c(=O)n([*])c(=O)c5cc4c3=O)cccc12,Bandgap,2.6101,eV,polyverse_bandgap,train,clean,clean,measured_target
poly_1665,[*]Cc1ccc(COC(=O)c2ccc(C(=O)O[*])cc2)cc1,Bandgap,4.1083,eV,polyverse_bandgap,train,clean,clean,measured_target
poly_2022,[*]Oc1ccc(C(C)(C)c2cc(Cl)c(OC([*])=O)c(Cl)c2)cc1,Bandgap,4.494,eV,polyverse_bandgap,train,clean,clean,measured_target
poly_1489,[*]CCCCCCOC(=O)SNc1ccc(Cc2ccc(NSC(=O)O[*])cc2)cc1,Bandgap,3.9055,eV,polyverse_bandgap,train,clean,clean,measured_target
poly_1039,[*]c1cccc(C(F)(F)C(F)(F)C(F)(F)c2cccc(N3C(=O)c4ccc(Oc5ccc6c(c5)C(=O)N([*])C6=O)cc4C3=O)c2)c1,Bandgap,3.3624,eV,polyverse_bandgap,train,clean,clean,measured_target
poly_3215,[*]CC(CCCCCC)O[*],Bandgap,5.7137,eV,polyverse_bandgap,train,clean,clean,measured_target
poly_531,[*]C(=O)Nc1ccc(Oc2ccc(N3C(=O)c4ccc([*])cc4C3=O)cc2)cc1,Bandgap,2.6875,eV,polyverse_bandgap,train,clean,clean,measured_target
poly_1358,[*]CCCCOC(=O)c1ccc2cc(C(=O)O[*])ccc2c1,Bandgap,3.7346,eV,polyverse_bandgap,train,clean,clean,measured_target
poly_2619,[*]C=CC1CC(=CC)C([*])C1,Bandgap,5.0789,eV,polyverse_bandgap,train,clean,clean,measured_target
poly_1364,[*]Oc1ccc(Oc2ccc(C(=O)c3ccc([*])cc3)cc2)cc1C(=O)OC,Bandgap,3.7418,eV,polyverse_bandgap,train,clean,clean,measured_target
poly_3583,[*]CC(OC)C(C(=O)OC)C([*])C(=O)OC,Bandgap,6.0489,eV,polyverse_bandgap,train,clean,clean,measured_target
poly_971,[*]Cc1ccc(-c2ccc(CSC(=O)C(=O)S[*])cc2)cc1,Bandgap,3.2752,eV,polyverse_bandgap,train,clean,clean,measured_target
poly_845,[*]NC(=S)C(C=C1)=CC=C1O[*],Bandgap,3.1065,eV,polyverse_bandgap,train,clean,clean,measured_target
poly_419,[*]c1ccc(-c2ccc([*])n2C#Cc2ccc(CCCCCC)cc2)s1,Bandgap,2.5380000000000003,eV,polyverse_bandgap,train,clean,clean,measured_target
poly_2643,[*]NC(CCC(=O)O)C([*])=O,Bandgap,5.0961,eV,polyverse_bandgap,train,clean,clean,measured_target
poly_2145,[*]CCCCCCc1nc2cc(NC(=O)CCCCCCCCC(=O)Nc3ccc4oc([*])nc4c3)ccc2o1,Bandgap,4.6077,eV,polyverse_bandgap,train,clean,clean,measured_target
poly_1743,[*]Oc1c(C)cc(C(c2cc(C)c(OC([*])=O)c(C)c2)(C(F)(F)F)C(F)(F)F)cc1C,Bandgap,4.1871,eV,polyverse_bandgap,train,clean,clean,measured_target
poly_242,[*]c1cc(-n2c(=O)c3cc4c(=O)n(-c5ccc(-c6nnc([*])n6N)cc5)c(=O)c4cc3c2=O)c(-c2c(Cl)cccc2Cl)s1,Bandgap,2.2264,eV,polyverse_bandgap,train,clean,clean,measured_target
poly_2968,[*]CCCCCCCCOC(=O)NCc1ccc(CNC(=O)O[*])cc1,Bandgap,5.4246,eV,polyverse_bandgap,train,clean,clean,measured_target
poly_2873,[*]CC(CO[*])(CS(=O)(=O)CC)CS(=O)(=O)CC,Bandgap,5.3209,eV,polyverse_bandgap,train,clean,clean,measured_target
poly_1857,[*]Oc1cccc(C(=O)OCC(F)(F)C(F)(F)C(F)(F)COC(=O)c2cccc([*])c2)c1,Bandgap,4.3066,eV,polyverse_bandgap,train,clean,clean,measured_target
poly_3741,[*]C=CC(C)(C)CC(C#N)C[*],Bandgap,6.2683,eV,polyverse_bandgap,train,clean,clean,measured_target
poly_1387,[*]CCCCCCCCCn1c(=O)c2cc3c(=O)n([*])c(=O)c3cc2c1=O,Bandgap,3.7682,eV,polyverse_bandgap,train,clean,clean,measured_target
poly_1719,[*]CC(=O)CC(=O)[*],Bandgap,4.1682,eV,polyverse_bandgap,train,clean,clean,measured_target
poly_707,[*]c1ccc(-c2ccc3nc([*])cc(-c4ccccc4)c3c2)cc1,Bandgap,2.9322,eV,polyverse_bandgap,train,clean,clean,measured_target
poly_1112,[*]c1ccc(-c2ccc(-c3cc(-c4ccc(Oc5ccc(-c6cc([*])nc7ccccc67)cc5)cc4)c4ccccc4n3)cc2)cc1,Bandgap,3.448,eV,polyverse_bandgap,train,clean,clean,measured_target
poly_2363,[*]C1C=CC([*])N1,Bandgap,4.8228,eV,polyverse_bandgap,train,clean,clean,measured_target
poly_907,[*]CCC(S1)=CC=C1C(S2)=CC=C2[*],Bandgap,3.1843,eV,polyverse_bandgap,train,clean,clean,measured_target
poly_626,[*]c1ccc(-c2ccc(N3C(=O)c4ccc(-c5ccc6c(c5)C(=O)N([*])C6=O)cc4C3=O)c(C)c2)cc1C,Bandgap,2.8312,eV,polyverse_bandgap,train,clean,clean,measured_target
poly_1693,[*]Nc1cccc(C([*])=O)c1,Bandgap,4.147,eV,polyverse_bandgap,train,clean,clean,measured_target
poly_2185,[*]Oc1ccc(C(C)(C)c2ccc(OC(=O)OCCCOC([*])=O)cc2)cc1,Bandgap,4.6438,eV,polyverse_bandgap,train,clean,clean,measured_target
poly_1187,[*]Oc1ccc(C2(c3ccc(OC(=O)c4cccc(C([*])=O)c4)cc3)CCC3CCCCC3C2)cc1,Bandgap,3.5467,eV,polyverse_bandgap,train,clean,clean,measured_target
poly_1411,[*]Oc1cccc(OC(=O)c2ccc([Si](C)(C)c3ccc(C([*])=O)cc3)cc2)c1,Bandgap,3.8091,eV,polyverse_bandgap,train,clean,clean,measured_target
poly_230,[*]C#Cc1cc(OCCOCCOC)c(C#Cc2ccc([*])c([N+](=O)[O-])c2)cc1OCCOCCOC,Bandgap,2.1853,eV,polyverse_bandgap,train,clean,clean,measured_target
poly_4032,[*]CC([*])(F)C(=O)OCC(F)(F)C(F)(F)C(F)(F)F,Bandgap,6.6812,eV,polyverse_bandgap,train,clean,clean,measured_target
poly_1598,[*]CC(=O)C([*])c1cccc(C)c1,Bandgap,4.0355,eV,polyverse_bandgap,train,clean,clean,measured_target
poly_117,[*]N=Nc1ccc([*])cc1,Bandgap,1.7681,eV,polyverse_bandgap,train,clean,clean,measured_target
poly_3373,[*]OC(C)C([*])=O,Bandgap,5.8576,eV,polyverse_bandgap,train,clean,clean,measured_target
poly_960,[*]c1cccc(-c2nc3ccc(-c4ccc5nc([*])oc5c4)cc3o2)c1,Bandgap,3.2597,eV,polyverse_bandgap,train,clean,clean,measured_target
poly_2790,[*]C1C2CC(=CC)C(C2)C1[*],Bandgap,5.2297,eV,polyverse_bandgap,train,clean,clean,measured_target
poly_1397,[*]CCCCCCCCOC(=O)c1ccc2cc(C(=O)O[*])ccc2c1,Bandgap,3.7833,eV,polyverse_bandgap,train,clean,clean,measured_target
poly_133,[*]N=C1c2ccccc2C(=Nc2ccc([*])cc2)c2ccccc21,Bandgap,1.8734,eV,polyverse_bandgap,train,clean,clean,measured_target
poly_1674,[*]OC(CCl)COC(=O)C1=C(C(=O)OCC(CCl)OC(=O)c2ccc(C([*])=O)cc2)C2C=CC1C2,Bandgap,4.117,eV,polyverse_bandgap,train,clean,clean,measured_target
poly_2872,[*]CC(C)(C)COC(=O)Nc1ccc(C)c(NC(=O)O[*])c1,Bandgap,5.3198,eV,polyverse_bandgap,train,clean,clean,measured_target
poly_414,[*]C(=O)c1ccc2c(c1)C(=O)N(c1cccc(C#Cc3cccc(N4C(=O)c5ccc([*])cc5C4=O)c3)c1)C2=O,Bandgap,2.5356,eV,polyverse_bandgap,train,clean,clean,measured_target
poly_3393,[*]CCCCCNC(=O)CCCCC(=O)N[*],Bandgap,5.8689,eV,polyverse_bandgap,train,clean,clean,measured_target
poly_2573,C([*])C([*])(C1=CC(C)=CC=C1),Bandgap,5.0185,eV,polyverse_bandgap,train,clean,clean,measured_target
poly_2657,[*]CC1CC1COC(=O)Nc1ccc(C)c(NC(=O)O[*])c1,Bandgap,5.1055,eV,polyverse_bandgap,train,clean,clean,measured_target
poly_2579,[*]CCCCCCNC(=O)CCC(C)(C)c1ccc(C(C)(C)CCC(=O)N[*])cc1,Bandgap,5.0232,eV,polyverse_bandgap,train,clean,clean,measured_target
poly_4040,[*]OC(CCCCCC)CC([*])=O,Bandgap,6.6912,eV,polyverse_bandgap,train,clean,clean,measured_target
poly_1699,[*]c1cccc([*])c1,Bandgap,4.1523,eV,polyverse_bandgap,train,clean,clean,measured_target
poly_380,[*]NC(C=C1)=CC=C1C(=O)C(=S)[*],Bandgap,2.4969,eV,polyverse_bandgap,train,clean,clean,measured_target
poly_2701,[*]CCCSC(=O)CCCCCCCCC(=O)S[*],Bandgap,5.1438,eV,polyverse_bandgap,train,clean,clean,measured_target
poly_1404,C(F)(F)C(C=C1)=CC=C1C(F)(F)C(S2)=CC=C2,Bandgap,3.8012,eV,polyverse_bandgap,train,clean,clean,measured_target
poly_495,[*]c1ccc(-c2ccc(-n3c(=O)c4c(F)c5c(=O)n([*])c(=O)c5c(F)c4c3=O)cc2C(F)(F)F)c(C(F)(F)F)c1,Bandgap,2.6459,eV,polyverse_bandgap,train,clean,clean,measured_target
poly_1994,[*]CCCCCCOC(=O)OCCCCCCOC(=O)OCCCCCCOc1ccc(Oc2ccc(O[*])cc2)cc1,Bandgap,4.465,eV,polyverse_bandgap,train,clean,clean,measured_target
poly_737,[*]C(=O)OC(C=C1)=CC=C1C(=S)[*],Bandgap,2.9611,eV,polyverse_bandgap,train,clean,clean,measured_target
poly_1412,[*]Nc1cc(NC(=O)c2ccc(C([*])=O)cc2)ccc1Cl,Bandgap,3.8101,eV,polyverse_bandgap,train,clean,clean,measured_target
poly_3007,[*]CCCCCCCCc1nnc([*])n1N,Bandgap,5.476,eV,polyverse_bandgap,train,clean,clean,measured_target
poly_1753,[*]NC(=O)C(S1)=CC=C1O[*],Bandgap,4.1962,eV,polyverse_bandgap,train,clean,clean,measured_target
poly_3669,[*]CCCCCCCCCCCCCCCCOC(=O)NCCCCCCCCCCNC(=O)O[*],Bandgap,6.1594,eV,polyverse_bandgap,train,clean,clean,measured_target
poly_3706,[*]CC(F)(F)C(F)(F)C(F)(F)C(F)(F)COC(=O)C(F)(F)C(F)(F)C(F)(F)C(F)(F)C(=O)O[*],Bandgap,6.2242,eV,polyverse_bandgap,train,clean,clean,measured_target
poly_1336,[*]CCCCC(C)CCn1c(=O)c2cc3c(=O)n([*])c(=O)c3cc2c1=O,Bandgap,3.7075,eV,polyverse_bandgap,train,clean,clean,measured_target
poly_2487,[*]Oc1c(C)cc(CC([*])C=C)cc1C,Bandgap,4.9348,eV,polyverse_bandgap,train,clean,clean,measured_target
poly_277,[*]NC(S1)=CC=C1C(=S)C(C=C2)=CC=C2[*],Bandgap,2.3315,eV,polyverse_bandgap,train,clean,clean,measured_target
poly_1488,[*]CCC(=O)NCNC(=O)CCN([*])C1CCCCC1,Bandgap,3.9047,eV,polyverse_bandgap,train,clean,clean,measured_target
poly_2379,[*]C(=O)OC1CC([*])N(C(=O)OCc2ccccc2)C1,Bandgap,4.8424,eV,polyverse_bandgap,train,clean,clean,measured_target
poly_65,[*]c1ccc(-c2ccc(-c3ccc([*])s3)s2)o1,Bandgap,1.4999,eV,polyverse_bandgap,train,clean,clean,measured_target
poly_3582,[*]CCCCCCCCOC(=O)NNC(=O)CCCCCCCCC(=O)NNC(=O)O[*],Bandgap,6.0481,eV,polyverse_bandgap,train,clean,clean,measured_target
poly_368,[*]c1cc(-c2nc3ccccc3o2)cc(-n2c(=O)c3cc4c(=O)n([*])c(=O)c4cc3c2=O)c1,Bandgap,2.4828,eV,polyverse_bandgap,train,clean,clean,measured_target
poly_1253,[*]Oc1ccc(C=CC([*])=O)cc1,Bandgap,3.6215,eV,polyverse_bandgap,train,clean,clean,measured_target
poly_3587,[*]OC(C)C(=O)OCC([*])=O,Bandgap,6.0565,eV,polyverse_bandgap,train,clean,clean,measured_target
poly_2556,[*]c1cccc(N2CC(=O)N([*])CC2=O)c1,Bandgap,5.0067,eV,polyverse_bandgap,train,clean,clean,measured_target
poly_1242,[*]Oc1c(C)cc(N=Nc2ccc(C([*])=O)cc2)cc1C,Bandgap,3.6143,eV,polyverse_bandgap,train,clean,clean,measured_target
poly_2717,[*]C(=O)COCCOCC(=O)N1CCN([*])CC1,Bandgap,5.164,eV,polyverse_bandgap,train,clean,clean,measured_target
poly_1811,[*]OC(C)C#CC#CC(C)OC(=O)c1ccc(C([*])=O)cc1,Bandgap,4.2677,eV,polyverse_bandgap,train,clean,clean,measured_target
poly_2015,[*]CC([*])c1ccc(C(=O)CCCC)cc1,Bandgap,4.4871,eV,polyverse_bandgap,train,clean,clean,measured_target
poly_4162,[*]C(F)(F)C1(F)C(F)(F)C([*])(F)C(F)(F)C(F)(Cl)C1(F)F,Bandgap,7.1763,eV,polyverse_bandgap,train,clean,clean,measured_target
poly_2803,[*]CCCCCCC(=O)NCc1ccc(CNC(=O)CCCCO[*])cc1,Bandgap,5.2395,eV,polyverse_bandgap,train,clean,clean,measured_target
poly_1901,[*]OC(=O)c1ccc(CCCCCCc2ccc(C([*])=O)cc2)cc1,Bandgap,4.3642,eV,polyverse_bandgap,train,clean,clean,measured_target
poly_2066,[*]CC([*])OC(=O)c1cccnc1,Bandgap,4.5419,eV,polyverse_bandgap,train,clean,clean,measured_target
poly_865,[*]c1ccc(-c2cnc3ccc(Oc4ccc5ncc([*])nc5c4)cc3n2)cc1,Bandgap,3.1316,eV,polyverse_bandgap,train,clean,clean,measured_target
poly_2947,[*]C(=O)NCCCCCCNC(=O)N1CCN([*])CC1,Bandgap,5.4075,eV,polyverse_bandgap,train,clean,clean,measured_target
poly_2280,[*]CC(CO[*])(CSC(C)C)CSC(C)C,Bandgap,4.7366,eV,polyverse_bandgap,train,clean,clean,measured_target
poly_3041,[*]CCCCC(=O)S[*],Bandgap,5.5216,eV,polyverse_bandgap,train,clean,clean,measured_target
poly_3926,[*]CCCCOC(=O)NCC(F)(F)C(F)(F)C(F)(F)C(F)(F)CNC(=O)O[*],Bandgap,6.5358,eV,polyverse_bandgap,train,clean,clean,measured_target
poly_66,[*]N=Cc1ccc(C=Nc2sc([*])c(C#N)c2C#N)cc1,Bandgap,1.5069,eV,polyverse_bandgap,train,clean,clean,measured_target
poly_2541,[*]CC(=O)NCCCCCCNC(=O)CS[*],Bandgap,4.9895,eV,polyverse_bandgap,train,clean,clean,measured_target
poly_2935,[*]CCCCc1ccc([*])cc1,Bandgap,5.3919,eV,polyverse_bandgap,train,clean,clean,measured_target
poly_953,[*]C(=O)c1ccc(N=Nc2ccc(C(=O)N3C(=O)N([*])C(CC)(CC)C3=O)cc2)cc1,Bandgap,3.2554,eV,polyverse_bandgap,train,clean,clean,measured_target
poly_1816,[*]COc1ccc(C(=C(Cl)Cl)c2ccc(O[*])cc2)cc1,Bandgap,4.27,eV,polyverse_bandgap,train,clean,clean,measured_target
poly_4121,[*]CC(C)S([*])(=O)=O,Bandgap,6.8893,eV,polyverse_bandgap,train,clean,clean,measured_target
poly_2649,[*]CCOC(=O)NCCSCCCCSCCNC(=O)O[*],Bandgap,5.1021,eV,polyverse_bandgap,train,clean,clean,measured_target
poly_1310,[*]NCc1cc(C(=O)O)cc(CNc2nc(-c3csc([*])n3)cs2)c1N,Bandgap,3.6822,eV,polyverse_bandgap,train,clean,clean,measured_target
poly_663,[*]c1c(C)cc(-c2cc(C)c(N3C(=O)c4ccc(-c5ccc6c(c5)C(=O)N([*])C6=O)cc4C3=O)c(C)c2)cc1C,Bandgap,2.8817,eV,polyverse_bandgap,train,clean,clean,measured_target
poly_1569,[*]CCOCCOc1ccc(NC=Nc2ccc(O[*])cc2)cc1,Bandgap,4.0043,eV,polyverse_bandgap,train,clean,clean,measured_target
poly_2317,[*]CC1CCCC(CNC(=O)c2cccc(C(=O)N[*])c2)C1,Bandgap,4.7723,eV,polyverse_bandgap,train,clean,clean,measured_target
poly_3950,[*]CCCOC(=O)C1CCC(C(=O)O[*])CC1,Bandgap,6.5753,eV,polyverse_bandgap,train,clean,clean,measured_target
poly_3537,[*]COC(=O)OC1C([*])OC2OC(C)(C)OC21,Bandgap,6.0081,eV,polyverse_bandgap,train,clean,clean,measured_target
poly_1957,[*]C(=O)C(C=C1)=CC=C1C(=O)C(C=C2)=CC=C2[*],Bandgap,4.427,eV,polyverse_bandgap,train,clean,clean,measured_target
poly_1491,[*]C(C=C1)=CC=C1C(S2)=CC=C2C(S3)=CC=C3O[*],Bandgap,3.9086,eV,polyverse_bandgap,train,clean,clean,measured_target
poly_1630,[*]Oc1cccc2c(OC(=O)Oc3ccc(OC([*])=O)cc3)cccc12,Bandgap,4.0694,eV,polyverse_bandgap,train,clean,clean,measured_target
poly_3088,C(=O)NC(=O)CNC(=O)ON,Bandgap,5.5635,eV,polyverse_bandgap,train,clean,clean,measured_target
poly_257,[*]Oc1ccc(N=C2c3ccccc3C(=Nc3ccc([*])cc3)c3ccccc32)cc1,Bandgap,2.2831,eV,polyverse_bandgap,train,clean,clean,measured_target
poly_1390,[*]CCCCCCOC(=O)OCCCCCCCCCCCCOC(=O)OCCCCCCn1c(=O)c2cc3c(=O)n([*])c(=O)c3cc2c1=O,Bandgap,3.7702,eV,polyverse_bandgap,train,clean,clean,measured_target
poly_4049,[*]CCCCCC([*])CC,Bandgap,6.7087,eV,polyverse_bandgap,train,clean,clean,measured_target
poly_2285,[*]NNC(=O)c1cccc(C(=O)NNC(=O)C2CCC(C([*])=O)CC2)c1,Bandgap,4.7395,eV,polyverse_bandgap,train,clean,clean,measured_target
poly_2514,[*]CCc1ccc([*])c(C)c1,Bandgap,4.9587,eV,polyverse_bandgap,train,clean,clean,measured_target
poly_1898,[*]OS(=O)(=O)c1cc(C)c([*])c(C)c1,Bandgap,4.3607,eV,polyverse_bandgap,train,clean,clean,measured_target
poly_2411,[*]CCC(C)S[*],Bandgap,4.8724,eV,polyverse_bandgap,train,clean,clean,measured_target
poly_1025,[*]CC([*])OC(=O)c1cccc(Cl)c1,Bandgap,3.3503,eV,polyverse_bandgap,train,clean,clean,measured_target
poly_815,[*]Oc1ccc(Oc2ccc(NC(=O)c3ccc(Oc4ccc(C(=O)Nc5ccc([*])cc5)c(C(=O)O)c4)cc3C(=O)O)cc2)cc1,Bandgap,3.0627,eV,polyverse_bandgap,train,clean,clean,measured_target
poly_1738,[*]c1ccc(-c2ccc(S([*])(=O)=O)cc2)cc1,Bandgap,4.1818,eV,polyverse_bandgap,train,clean,clean,measured_target
poly_484,[*]CC(=O)C(=S)C(C=C1)=CC=C1[*],Bandgap,2.6324,eV,polyverse_bandgap,train,clean,clean,measured_target
poly_3405,[*]CCCCCCCCCCCCNC(=O)CCCCCCCCCCCCCCCCC(=O)N[*],Bandgap,5.8763,eV,polyverse_bandgap,train,clean,clean,measured_target
poly_376,[*]c1ccc(C(C=CC)c2ccc(-n3c(=O)c4cc5c(=O)n([*])c(=O)c5cc4c3=O)cc2)cc1,Bandgap,2.4911,eV,polyverse_bandgap,train,clean,clean,measured_target
poly_3976,[*]CC([*])OC(=O)C(F)(F)C(F)(F)F,Bandgap,6.6062,eV,polyverse_bandgap,train,clean,clean,measured_target
poly_3990,[*]CCCCCCCCCCCCCCOC(=O)CCCCCCC(=O)O[*],Bandgap,6.6214,eV,polyverse_bandgap,train,clean,clean,measured_target
poly_2462,[*]COC(=O)NCc1ccc(CNC(=O)OCc2ccc([*])o2)o1,Bandgap,4.9138,eV,polyverse_bandgap,train,clean,clean,measured_target
poly_2880,[*]CC=CCNC(=O)CCC=CCCC(=O)N[*],Bandgap,5.3297,eV,polyverse_bandgap,train,clean,clean,measured_target
poly_54,[*]c1sc([*])c(OCCCC)c1OCCCC,Bandgap,1.381,eV,polyverse_bandgap,train,clean,clean,measured_target
poly_2505,[*]CCCCCCCCCCOC(=O)Cc1ccc(CC(=O)O[*])cc1,Bandgap,4.9479,eV,polyverse_bandgap,train,clean,clean,measured_target
poly_102,[*]c1ccc(C(=O)Nc2ccc(Oc3ccc(NC(=O)c4ccc(-n5c(=O)c6cc7c(=O)n([*])c(=O)c7cc6c5=O)cc4)cc3)cc2)cc1,Bandgap,1.6551,eV,polyverse_bandgap,train,clean,clean,measured_target
poly_835,[*]C(=O)Nc1cccc(NC(=O)c2ccc3[nH]c(-c4ccc(-c5nc6cc([*])ccc6[nH]5)cc4)nc3c2)c1,Bandgap,3.0951,eV,polyverse_bandgap,train,clean,clean,measured_target
poly_3824,[*]CC([*])(F)C(=O)OCCC(F)(F)C(F)(F)C(F)(F)C(F)(F)C(F)(F)C(F)(F)F,Bandgap,6.3843,eV,polyverse_bandgap,train,clean,clean,measured_target
poly_1285,[*]C(=O)Nc1ccc(S(=O)(=O)c2ccc(NC(=O)c3ccc4[nH]c(-c5cccc(-c6nc7cc([*])ccc7[nH]6)c5)nc4c3)cc2)cc1,Bandgap,3.6514,eV,polyverse_bandgap,train,clean,clean,measured_target
poly_2656,[*]C=CC(C(=O)OC)C([*])c1ccccc1,Bandgap,5.1045,eV,polyverse_bandgap,train,clean,clean,measured_target
poly_2220,[*]Oc1ccc(CCCCCCc2ccc(OC(=O)CCC([*])=O)cc2)cc1,Bandgap,4.671,eV,polyverse_bandgap,train,clean,clean,measured_target
poly_4053,[*]CCCCCCCCCCOC(=O)CC(C)C(=O)O[*],Bandgap,6.7186,eV,polyverse_bandgap,train,clean,clean,measured_target
poly_1100,[*]CCN1C(=O)C(=CCCCC=C2SC(=S)N([*])C2=O)SC1=S,Bandgap,3.4353,eV,polyverse_bandgap,train,clean,clean,measured_target
poly_477,[*]c1ccc(-n2c(=O)c3cc4c(=O)n(-c5ccc6nc([*])oc(=O)c6c5)c(=O)c4cc3c2=O)cc1,Bandgap,2.6215,eV,polyverse_bandgap,train,clean,clean,measured_target
poly_3833,[*]CCCCCCOC(=O)CCCCS(=O)(=O)CCCCC(=O)O[*],Bandgap,6.4159,eV,polyverse_bandgap,train,clean,clean,measured_target
poly_2266,[*]CC=C(C)C(C)S([*])(=O)=O,Bandgap,4.7127,eV,polyverse_bandgap,train,clean,clean,measured_target
poly_2800,[*]CC(Cl)(C#N)C1C=CC([*])CC1,Bandgap,5.2355,eV,polyverse_bandgap,train,clean,clean,measured_target
poly_3358,[*]CCCCCNC(=O)CCCCCCCCOCCCCCCCCC(=O)NCCCCCO[*],Bandgap,5.8422,eV,polyverse_bandgap,train,clean,clean,measured_target
poly_1730,[*]CC([*])OC(=O)c1cccc(Br)c1,Bandgap,4.1757,eV,polyverse_bandgap,train,clean,clean,measured_target
poly_964,[*]Nc1ccc([*])cc1C(C)C,Bandgap,3.2671,eV,polyverse_bandgap,train,clean,clean,measured_target
poly_1830,[*]Oc1cc(C)cc(OC(=O)c2cccc(C([*])=O)c2)c1,Bandgap,4.2802,eV,polyverse_bandgap,train,clean,clean,measured_target
poly_1243,[*]Oc1ccc(OC(=O)c2ccc(C([*])=O)cc2)cc1CCCCCC,Bandgap,3.6147,eV,polyverse_bandgap,train,clean,clean,measured_target
poly_1189,[*]C(=O)c1ccc(Oc2ccc(C3(c4ccc(Oc5ccc([*])s5)cc4)c4ccccc4-c4ccccc43)cc2)cc1,Bandgap,3.549,eV,polyverse_bandgap,train,clean,clean,measured_target
poly_1087,[*]c1ccc(-c2ccc3nc(Oc4cc(-c5ccccc5)c5cc([*])ccc5n4)cc(-c4ccccc4)c3c2)cc1,Bandgap,3.4178,eV,polyverse_bandgap,train,clean,clean,measured_target
poly_3912,[*]CCCCCCOC(=O)CCC(C)CC(=O)O[*],Bandgap,6.5192,eV,polyverse_bandgap,train,clean,clean,measured_target
poly_1184,[*]Oc1ccc(C2(c3ccc(OC(=O)c4cccc(C([*])=O)c4)c(C)c3)c3ccccc3-c3ccccc32)cc1C,Bandgap,3.5452,eV,polyverse_bandgap,train,clean,clean,measured_target
poly_2745,[*]CC([*])c1nc(N)nc(N)n1,Bandgap,5.1899,eV,polyverse_bandgap,train,clean,clean,measured_target
poly_829,[*]Oc1cc(Oc2ccc(C(C)(C)c3ccc([*])cc3)cc2)cc(C(=O)Oc2ccc(N=Nc3ccc(C#N)cc3)cc2)c1,Bandgap,3.0878,eV,polyverse_bandgap,train,clean,clean,measured_target
poly_555,[*]Nc1ccc(NC(=S)NC(=O)c2ccc(C(=O)NC([*])=S)cc2)cc1,Bandgap,2.7285,eV,polyverse_bandgap,train,clean,clean,measured_target
poly_1935,[*]OC(F)(F)COC(=O)c1cccc(C(=O)OCC([*])(F)F)c1,Bandgap,4.4051,eV,polyverse_bandgap,train,clean,clean,measured_target
poly_180,[*]c1ccc([*])n1CCC(=O)OC(C)C(=O)OCC,Bandgap,2.0323,eV,polyverse_bandgap,train,clean,clean,measured_target
poly_208,[*]c1ccc(C(=O)CNc2cccc(NCC(=O)c3ccc(S([*])(=O)=O)cc3)c2)cc1,Bandgap,2.133,eV,polyverse_bandgap,train,clean,clean,measured_target
poly_402,[*]c1cc(-c2ccc(CCCCCCCC)cc2)c([*])s1,Bandgap,2.521,eV,polyverse_bandgap,train,clean,clean,measured_target
poly_3476,[*]CCCCCCCCCCCC(=O)N[*],Bandgap,5.9463,eV,polyverse_bandgap,train,clean,clean,measured_target
poly_3205,[*]CC1CCC(CNC(=O)CCCCCCC(=O)N[*])CC1,Bandgap,5.7079,eV,polyverse_bandgap,train,clean,clean,measured_target
poly_1989,[*]CCCCCCOC(=O)c1cccc(-c2cccc(C(=O)O[*])c2)c1,Bandgap,4.4604,eV,polyverse_bandgap,train,clean,clean,measured_target
poly_478,[*]c1ccc(Cc2cccc(-n3c(=O)c4cc5c(=O)n([*])c(=O)c5cc4c3=O)c2)cc1,Bandgap,2.624,eV,polyverse_bandgap,train,clean,clean,measured_target
poly_3870,[*]CC([*])(C#N)C(=O)OC(C)C,Bandgap,6.4652,eV,polyverse_bandgap,train,clean,clean,measured_target
poly_86,[*]C=Cc1ccc([*])n1CCCCCC,Bandgap,1.5933,eV,polyverse_bandgap,train,clean,clean,measured_target
poly_410,[*]CC([*])c1ccccc1Cl,Bandgap,2.5286,eV,polyverse_bandgap,train,clean,clean,measured_target
poly_11,[*]C=CC=CC=CC=C([*])CCS(=O)(=O)O,Bandgap,0.8154,eV,polyverse_bandgap,train,clean,clean,measured_target
poly_2166,[*]Cc1cc(C23CC4CC(CC(C4)C2)C3)cc(CN([*])C)c1O,Bandgap,4.6273,eV,polyverse_bandgap,train,clean,clean,measured_target
poly_2533,[*]CCCCCCCCCCCCCCCCCCCCOC(=O)CCCCSCCCCC(=O)O[*],Bandgap,4.9808,eV,polyverse_bandgap,train,clean,clean,measured_target
poly_1600,[*]Nc1c(I)cc(C([*])=O)cc1I,Bandgap,4.0398,eV,polyverse_bandgap,train,clean,clean,measured_target
poly_1716,[*]Oc1c(-c2ccccc2)cc([*])cc1-c1ccc(C)cc1,Bandgap,4.1632,eV,polyverse_bandgap,train,clean,clean,measured_target
poly_1365,[*]Oc1ccc(C(C)(C)c2ccc(OC([*])=S)cc2)cc1,Bandgap,3.7418,eV,polyverse_bandgap,train,clean,clean,measured_target
poly_3270,[*]CCCCCCCCNC(=O)CCCCCCC(=O)N[*],Bandgap,5.7642,eV,polyverse_bandgap,train,clean,clean,measured_target
poly_3269,[*]CCCCCCCNC(=O)N[*],Bandgap,5.7637,eV,polyverse_bandgap,train,clean,clean,measured_target
poly_4138,[*]CCCCCCCCC(Cl)C([*])Cl,Bandgap,6.9848,eV,polyverse_bandgap,train,clean,clean,measured_target
poly_3854,[*]CCCCCNC(=O)O[*],Bandgap,6.4491,eV,polyverse_bandgap,train,clean,clean,measured_target
poly_4097,[*]CCCOC(=O)CCC(=O)O[*],Bandgap,6.7889,eV,polyverse_bandgap,train,clean,clean,measured_target
poly_3465,[*]CCCN([*])C=O,Bandgap,5.9384,eV,polyverse_bandgap,train,clean,clean,measured_target
poly_557,[*]c1cc(OCCOCCCC)c([*])s1,Bandgap,2.7317,eV,polyverse_bandgap,train,clean,clean,measured_target
poly_2547,O([*])C(=O)Oc1c(C)cc(cc1)C(C)(C)c1ccc(cc1)([*]),Bandgap,4.9955,eV,polyverse_bandgap,train,clean,clean,measured_target
poly_403,[*]C(S1)=CC=C1C(S2)=CC=C2C(S3)=CC=C3O[*],Bandgap,2.521,eV,polyverse_bandgap,train,clean,clean,measured_target
poly_818,[*]C(C=C1)=CC=C1C(S2)=CC=C2OC(S3)=CC=C3[*],Bandgap,3.0681,eV,polyverse_bandgap,train,clean,clean,measured_target
poly_2287,[*]CC([*])C1=NCCN1,Bandgap,4.7412,eV,polyverse_bandgap,train,clean,clean,measured_target
poly_3163,[*]CCCCCCNC(=O)C(O)C(O)C(O)C(O)C(=O)N[*],Bandgap,5.6518,eV,polyverse_bandgap,train,clean,clean,measured_target
poly_568,[*]Oc1ccc(Oc2ccc(OC(=O)c3ccc(OC(=O)c4ccc(C(=O)Oc5ccc(C([*])=O)cc5)cc4)cc3)cc2)cc1,Bandgap,2.7437,eV,polyverse_bandgap,train,clean,clean,measured_target
poly_3595,[*]CCOC(=O)NCCCCCCNC(=O)O[*],Bandgap,6.0605,eV,polyverse_bandgap,train,clean,clean,measured_target
poly_4109,[*]CC1CCC(COC(=O)O[*])CC1,Bandgap,6.8439,eV,polyverse_bandgap,train,clean,clean,measured_target
poly_252,[*]c1ccc(-c2ccc(-n3c(=O)c4cc5c(=O)n([*])c(=O)c5cc4c3=O)cc2OC)c(OC)c1,Bandgap,2.2535,eV,polyverse_bandgap,train,clean,clean,measured_target
poly_3235,[*]CC([*])(C)C(=O)OCC1CCCO1,Bandgap,5.7341,eV,polyverse_bandgap,train,clean,clean,measured_target
poly_3954,[*]CCCCOC(=O)CCCCS(=O)(=O)CCCCC(=O)O[*],Bandgap,6.5794,eV,polyverse_bandgap,train,clean,clean,measured_target
poly_2512,[*]Oc1c(Cl)cc(C2(c3cc(Cl)c(OC([*])=O)c(Cl)c3)CCCCC2)cc1Cl,Bandgap,4.9569,eV,polyverse_bandgap,train,clean,clean,measured_target
poly_3089,[*]CCCCCCCC(=O)N([*])C,Bandgap,5.5641,eV,polyverse_bandgap,train,clean,clean,measured_target
poly_2286,[*]CCOC(=O)C=CC(=O)O[*],Bandgap,4.7397,eV,polyverse_bandgap,train,clean,clean,measured_target
poly_2274,[*]CNC(=O)OC(c1ccco1)C(OC(=O)NCc1ccc(C(C)(C)c2ccc([*])o2)o1)c1ccco1,Bandgap,4.7297,eV,polyverse_bandgap,train,clean,clean,measured_target
poly_895,[*]Nc1ccc(-c2ccc(NC(=O)c3cc(C([*])=O)cc(S(=O)(=O)c4ccccc4)c3)cc2)cc1,Bandgap,3.1725,eV,polyverse_bandgap,train,clean,clean,measured_target
poly_497,[*]C(=O)Oc1ccc2ccc(OC(=O)c3ccc4c(c3)C(=O)N(c3ccc(Oc5ccc(N6C(=O)c7ccc([*])cc7C6=O)cc5)cc3)C4=O)cc2c1,Bandgap,2.6477,eV,polyverse_bandgap,train,clean,clean,measured_target
poly_4073,[*]CCCCCCCCCCCCCCCCCCCCOC(=O)CCCCC(=O)O[*],Bandgap,6.7541,eV,polyverse_bandgap,train,clean,clean,measured_target
poly_2446,[*]CCCCSSCCSS[*],Bandgap,4.9019,eV,polyverse_bandgap,train,clean,clean,measured_target
poly_3694,[*]CCOC(=O)NC1CCCC(NC(=O)O[*])C1,Bandgap,6.2072,eV,polyverse_bandgap,train,clean,clean,measured_target
poly_276,[*]C(=O)c1ccc2c(c1)C(=O)N(c1ccc(Oc3cc(C(C)(C)C)c(Oc4ccc(N5C(=O)c6ccc([*])cc6C5=O)cc4)cc3C(C)(C)C)cc1)C2=O,Bandgap,2.3313,eV,polyverse_bandgap,train,clean,clean,measured_target
poly_4199,[*]CC([*])C(F)(F)F,Bandgap,8.4665,eV,polyverse_bandgap,train,clean,clean,measured_target
poly_1426,[*]CCOc1ccc(C(=O)OC(=O)c2ccc(C(=O)OC(=O)c3ccc(O[*])cc3)cc2)cc1,Bandgap,3.8246,eV,polyverse_bandgap,train,clean,clean,measured_target
poly_2267,[*]CCOC(=O)CCC(=O)OCCOC(=O)c1ccc(C(=O)O[*])cc1,Bandgap,4.7136,eV,polyverse_bandgap,train,clean,clean,measured_target
poly_1153,[*]c1ccc([*])nn1,Bandgap,3.5021,eV,polyverse_bandgap,train,clean,clean,measured_target
poly_3369,[*]NC(CC([*])=O)C(=O)OCC(C)C,Bandgap,5.8559,eV,polyverse_bandgap,train,clean,clean,measured_target
poly_3592,[*]CCCCCCCCCCCCCCCCCC(=O)N[*],Bandgap,6.0585,eV,polyverse_bandgap,train,clean,clean,measured_target
poly_103,[*]CC(=S)C(C=C1)=CC=C1C(=S)[*],Bandgap,1.6553,eV,polyverse_bandgap,train,clean,clean,measured_target
poly_3048,[*]CCCCCCCCNC(=O)CCCCCCCCC(=O)N[*],Bandgap,5.5273,eV,polyverse_bandgap,train,clean,clean,measured_target
poly_1626,[*]Oc1ccc(C(CC)(c2ccccc2)c2ccc(OC([*])=S)cc2)cc1,Bandgap,4.0661,eV,polyverse_bandgap,train,clean,clean,measured_target
poly_983,[*]C(=O)c1ccc2nc(-c3ccccc3)c(-c3ccc(-c4nc5cc([*])ccc5nc4-c4ccccc4)cc3)nc2c1,Bandgap,3.2971,eV,polyverse_bandgap,train,clean,clean,measured_target
poly_2442,[*]CCCCSCCS[*],Bandgap,4.898,eV,polyverse_bandgap,train,clean,clean,measured_target
poly_1610,[*]CCCCOc1cccc(C(=O)OC(=O)c2cccc(O[*])c2)c1,Bandgap,4.05,eV,polyverse_bandgap,train,clean,clean,measured_target
poly_3984,[*]CC(C#N)(C#N)C(C#N)C(C#N)(C#N)C(C#N)C(C#N)(C#N)[*],Bandgap,6.6115,eV,polyverse_bandgap,train,clean,clean,measured_target
poly_1120,[*]Nc1cc(C(c2ccc(O)c(NC(=O)c3ccc4cc(C([*])=O)ccc4c3)c2)(C(F)(F)F)C(F)(F)F)ccc1O,Bandgap,3.4541,eV,polyverse_bandgap,train,clean,clean,measured_target
poly_2271,[*]CCCCCCCCCCSSS[*],Bandgap,4.7227,eV,polyverse_bandgap,train,clean,clean,measured_target
poly_1527,[*]c1ccc(Cc2ccc(N3C(=O)N([*])C3=O)cc2)cc1,Bandgap,3.951,eV,polyverse_bandgap,train,clean,clean,measured_target
poly_2678,[*]NNC(=O)c1cccc(C([*])=O)c1,Bandgap,5.1212,eV,polyverse_bandgap,train,clean,clean,measured_target
poly_3753,[*]CC1([*])CCCCC1,Bandgap,6.2872,eV,polyverse_bandgap,train,clean,clean,measured_target
poly_2163,[*]OC(=O)c1cccc(C([*])=O)c1,Bandgap,4.6257,eV,polyverse_bandgap,train,clean,clean,measured_target
poly_3164,[*]CCCCCNC(=O)CC(=O)N[*],Bandgap,5.6519,eV,polyverse_bandgap,train,clean,clean,measured_target
poly_2195,[*]CC1CC(COC(=O)c2ccc(C(=O)O[*])cc2)CC(C(C)(C)C)C1,Bandgap,4.652,eV,polyverse_bandgap,train,clean,clean,measured_target
poly_1371,[*]Oc1ccc(OC(=O)c2ccc(C([*])=O)cc2)cc1,Bandgap,3.752,eV,polyverse_bandgap,train,clean,clean,measured_target
poly_2794,[*]CCOCCOCCOCCOC(=O)CCSCCC(=O)O[*],Bandgap,5.2314,eV,polyverse_bandgap,train,clean,clean,measured_target
poly_2114,[*]Nc1ccc([*])cc1Cl,Bandgap,4.5808,eV,polyverse_bandgap,train,clean,clean,measured_target
poly_1449,[*]NC(=O)OC(S1)=CC=C1[*],Bandgap,3.8526,eV,polyverse_bandgap,train,clean,clean,measured_target
poly_508,[*]c1ccc([*])n1CCCCCC,Bandgap,2.6624,eV,polyverse_bandgap,train,clean,clean,measured_target
poly_3869,[*]OC1C(COCC(=O)O)OC([*])C(O)C1O,Bandgap,6.4651,eV,polyverse_bandgap,train,clean,clean,measured_target
poly_1844,[*]CCCOC(=O)c1ccc(-c2ccc(C(=O)O[*])cc2)cc1,Bandgap,4.2973,eV,polyverse_bandgap,train,clean,clean,measured_target
poly_1413,[*]Oc1ccc(SSCCSSc2ccc([*])cc2)cc1,Bandgap,3.8114,eV,polyverse_bandgap,train,clean,clean,measured_target
poly_250,[*]c1ccc(-c2ccc(-c3ccc([*])n3C)o2)o1,Bandgap,2.2511,eV,polyverse_bandgap,train,clean,clean,measured_target
poly_1659,[*]CCCCCCCCCOC(=O)c1ccc(NC(=O)CCCCCCCCC(=O)Nc2ccc(C(=O)O[*])cc2)cc1,Bandgap,4.0973,eV,polyverse_bandgap,train,clean,clean,measured_target
poly_3937,[*]OC1CCCCC1OC([*])=O,Bandgap,6.5485,eV,polyverse_bandgap,train,clean,clean,measured_target
poly_1511,[*]Nc1cc(C)c([*])cc1C,Bandgap,3.9301,eV,polyverse_bandgap,train,clean,clean,measured_target
poly_1401,[*]C(=O)NNC(=O)c1cccc(C(=O)NNC(=O)c2ccc([*])nc2)c1,Bandgap,3.7955,eV,polyverse_bandgap,train,clean,clean,measured_target
poly_3479,[*]C=CCCCCCCC(Cl)CCCCCC[*],Bandgap,5.9472,eV,polyverse_bandgap,train,clean,clean,measured_target
poly_3717,[*]CCCC(C)O[Si](C)(C)O[*],Bandgap,6.2384,eV,polyverse_bandgap,train,clean,clean,measured_target
poly_2380,[*]Oc1ccc(C2(c3ccc(OC(=O)OC4C(C)(C)C(OC([*])=O)C4(C)C)cc3)CCC(C(C)(C)C)CC2)cc1,Bandgap,4.8454,eV,polyverse_bandgap,train,clean,clean,measured_target
poly_4202,[*]CC([*])C(F)(F)C(F)(F)C(F)(F)F,Bandgap,8.7077,eV,polyverse_bandgap,train,clean,clean,measured_target
poly_2528,[*]CCCCN(C)C(=O)c1ccc(C(=O)N([*])C)cc1,Bandgap,4.9751,eV,polyverse_bandgap,train,clean,clean,measured_target
poly_3907,[*]CC([*])C(=O)OC(CC)CC,Bandgap,6.5156,eV,polyverse_bandgap,train,clean,clean,measured_target
poly_3533,[*]CC(C)CCCCC(=O)N[*],Bandgap,6.0048,eV,polyverse_bandgap,train,clean,clean,measured_target
poly_2879,[*]CC([*])C(=O)N(CCC)CCC,Bandgap,5.3291,eV,polyverse_bandgap,train,clean,clean,measured_target
poly_153,[*]C=Cc1ccc([*])nc1,Bandgap,1.9477,eV,polyverse_bandgap,train,clean,clean,measured_target
poly_717,[*]c1ccc(C(=O)c2ccc(-n3c(=O)c4cc5c(=O)n([*])c(=O)c5cc4c3=O)cc2)cc1,Bandgap,2.9421,eV,polyverse_bandgap,train,clean,clean,measured_target
poly_2364,[*]c1ccc(Cc2ccc(N3C(=O)C4CCC5C(=O)N([*])C(=O)C5C4C3=O)c(C)c2)cc1C,Bandgap,4.8231,eV,polyverse_bandgap,train,clean,clean,measured_target
poly_3238,[*]C(=O)C(C)NC(=O)CNC(=O)C1CCCN1[*],Bandgap,5.735,eV,polyverse_bandgap,train,clean,clean,measured_target
poly_1588,[*]CCCCOC(=O)CC(=CC(=O)O[*])c1ccc(OCC)cc1,Bandgap,4.0233,eV,polyverse_bandgap,train,clean,clean,measured_target
poly_2176,[*]C(=O)c1ccc(N([*])C)cc1,Bandgap,4.6391,eV,polyverse_bandgap,train,clean,clean,measured_target
poly_3300,[*]CC(C)(COC(=O)O[*])C(=O)OCc1ccccc1,Bandgap,5.7884,eV,polyverse_bandgap,train,clean,clean,measured_target
poly_1553,[*]Oc1ccc(SSCCCCCCCCCCSSc2ccc([*])cc2)cc1,Bandgap,3.9858,eV,polyverse_bandgap,train,clean,clean,measured_target
poly_3058,[*]CC(c1ccccc1)C(C(=O)O)C([*])C(=O)O,Bandgap,5.5354,eV,polyverse_bandgap,train,clean,clean,measured_target
poly_3701,[*]CC([*])OC(=O)C(C)(C)C,Bandgap,6.216,eV,polyverse_bandgap,train,clean,clean,measured_target
poly_4133,[*]CCCCCCOC(=O)O[*],Bandgap,6.9481,eV,polyverse_bandgap,train,clean,clean,measured_target
poly_1749,[*]CCCCCOC(=O)c1cccc(-c2cccc(C(=O)O[*])c2)c1,Bandgap,4.1924,eV,polyverse_bandgap,train,clean,clean,measured_target
poly_1933,[*]Oc1c(Br)cc([*])cc1Br,Bandgap,4.4036,eV,polyverse_bandgap,train,clean,clean,measured_target
poly_1550,[*]NC(C=C1)=CC=C1NC(S2)=CC=C2[*],Bandgap,3.9833,eV,polyverse_bandgap,train,clean,clean,measured_target
poly_534,[*]c1ccc(Cc2ccc(N3C(=O)c4ccc(S(=O)(=O)c5ccc6c(c5)C(=O)N([*])C6=O)cc4C3=O)cc2)cc1,Bandgap,2.6972,eV,polyverse_bandgap,train,clean,clean,measured_target
poly_3070,[*]NC(CCCCNC(=O)NCCCCCNC([*])=O)C(=O)OC,Bandgap,5.5474,eV,polyverse_bandgap,train,clean,clean,measured_target
poly_362,[*]NC(=O)C(S1)=CC=C1C(=S)[*],Bandgap,2.4802,eV,polyverse_bandgap,train,clean,clean,measured_target
poly_3680,[*]CCCCCCCCCCO[*],Bandgap,6.1884,eV,polyverse_bandgap,train,clean,clean,measured_target
poly_1925,[*]CC([*])C(=O)NCCc1ccccn1,Bandgap,4.3946,eV,polyverse_bandgap,train,clean,clean,measured_target
poly_1650,C(F)(F)C(=O)C(F)(F)C(=O),Bandgap,4.0888,eV,polyverse_bandgap,train,clean,clean,measured_target
poly_2303,[*]CCCCCCCNC(=O)c1cccc(C(=O)N[*])c1,Bandgap,4.7571,eV,polyverse_bandgap,train,clean,clean,measured_target
poly_3567,[*]NNC(=O)CCCCCCCC(=O)NNC(=O)CCCCCCCCC([*])=O,Bandgap,6.0362,eV,polyverse_bandgap,train,clean,clean,measured_target
poly_3347,[*]CC1(CO[*])CCC(C)CC1,Bandgap,5.8267,eV,polyverse_bandgap,train,clean,clean,measured_target
poly_1497,[*]Oc1ccc(-c2ccc(C([*])=O)cc2)cc1Br,Bandgap,3.918,eV,polyverse_bandgap,train,clean,clean,measured_target
poly_1899,[*]CC(=O)NC(=O)[*],Bandgap,4.3608,eV,polyverse_bandgap,train,clean,clean,measured_target
poly_3051,[*]CCCCCCNC(=O)N[*],Bandgap,5.5278,eV,polyverse_bandgap,train,clean,clean,measured_target
poly_3801,[*]CC([*])C(=O)OC(OCC)C(F)(F)F,Bandgap,6.3587,eV,polyverse_bandgap,train,clean,clean,measured_target
poly_3419,[*]CCCCCCCC(=O)N[*],Bandgap,5.8885,eV,polyverse_bandgap,train,clean,clean,measured_target
poly_2397,[*]CC(F)(F)C(F)(F)C(F)(F)COC(=O)c1cccc(C(=O)O[*])c1,Bandgap,4.8608,eV,polyverse_bandgap,train,clean,clean,measured_target
poly_676,[*]C(=O)OCCCCCCCCOC(=O)c1ccc(NC(=O)c2ccc(N3C(=O)c4ccc([*])cc4C3=O)cc2)cc1,Bandgap,2.8969,eV,polyverse_bandgap,train,clean,clean,measured_target
poly_3429,[*]CCCCCCCCCNC(=O)CCCCCCCCCC(=O)N[*],Bandgap,5.8963,eV,polyverse_bandgap,train,clean,clean,measured_target
poly_3462,[*]CCCCNC(=O)CCCCC(=O)N[*],Bandgap,5.937,eV,polyverse_bandgap,train,clean,clean,measured_target
poly_1057,[*]CC(C=C1)=CC=C1C(=S)O[*],Bandgap,3.3862,eV,polyverse_bandgap,train,clean,clean,measured_target
poly_2708,[*]CCCP(CCCNC(=O)CCCCC(=O)N[*])c1ccccc1,Bandgap,5.1514,eV,polyverse_bandgap,train,clean,clean,measured_target
poly_2814,[*]CC(CC)(CO)CO[*],Bandgap,5.2564,eV,polyverse_bandgap,train,clean,clean,measured_target
poly_4125,[*]CC([*])OC=O,Bandgap,6.9115,eV,polyverse_bandgap,train,clean,clean,measured_target
poly_2427,[*]Oc1ccc(C(CC)(c2ccccc2)c2ccc(OC([*])=O)cc2)cc1,Bandgap,4.8841,eV,polyverse_bandgap,train,clean,clean,measured_target
poly_2527,[*]CCCCOC(=O)Nc1ccc(C)c(NC(=O)O[*])c1,Bandgap,4.9701,eV,polyverse_bandgap,train,clean,clean,measured_target
poly_1305,[*]CC(S1)=CC=C1NO[*],Bandgap,3.6722,eV,polyverse_bandgap,train,clean,clean,measured_target
poly_1047,[*]c1cccc(-c2nc3cc(-c4ccc5nc([*])c(-c6ccccc6)nc5c4)ccc3nc2-c2ccccc2)c1,Bandgap,3.3721,eV,polyverse_bandgap,train,clean,clean,measured_target
poly_4096,[*]CC(CCl)(CCl)COC(=O)CCCCCCCCC(=O)O[*],Bandgap,6.7882,eV,polyverse_bandgap,train,clean,clean,measured_target
poly_1011,[*]C(=O)Nc1cccc(NC(=O)c2cccc(NC(=O)c3ccc(-c4nc5cc([*])ccc5[nH]4)cc3)c2)c1,Bandgap,3.3335,eV,polyverse_bandgap,train,clean,clean,measured_target
poly_1369,[*]NC(C=C1)=CC=C1OC(C=C2)=CC=C2[*],Bandgap,3.7465,eV,polyverse_bandgap,train,clean,clean,measured_target
poly_910,[*]C=Cc1ccc([*])c(-c2ccc(OCC(CC)CCCC)c3ccccc23)c1,Bandgap,3.1924,eV,polyverse_bandgap,train,clean,clean,measured_target
poly_3255,C([*])=CCCC(C)C([*]),Bandgap,5.7497,eV,polyverse_bandgap,train,clean,clean,measured_target
poly_381,[*]CC(=O)Nc1ccc(NC(=O)c2ccc3c(c2)C(=O)N([*])C3=O)cc1,Bandgap,2.4976,eV,polyverse_bandgap,train,clean,clean,measured_target
poly_4208,[*]OC(F)(F)C([*])(F)F,Bandgap,9.8351,eV,polyverse_bandgap,train,clean,clean,measured_target
poly_1273,[*]CCN([*])Cc1ccccc1,Bandgap,3.6413,eV,polyverse_bandgap,train,clean,clean,measured_target
poly_3268,[*]OC1C(CO)OC([*])C(O)C1O,Bandgap,5.7633,eV,polyverse_bandgap,train,clean,clean,measured_target
poly_1408,[*]CC(=O)C(=S)O[*],Bandgap,3.8049,eV,polyverse_bandgap,train,clean,clean,measured_target
poly_1891,[*]Oc1ccc(C2(c3ccc(OC([*])=O)c(C)c3)CC3CCC2C3)cc1C,Bandgap,4.3462,eV,polyverse_bandgap,train,clean,clean,measured_target
poly_1141,[*]c1cccc(-c2nc3cc4nc([*])[nH]c4cc3[nH]2)c1,Bandgap,3.4806,eV,polyverse_bandgap,train,clean,clean,measured_target
poly_2799,[*]CCCN[*],Bandgap,5.2341,eV,polyverse_bandgap,train,clean,clean,measured_target
poly_435,[*]C(=O)c1ccc2c(c1)C(=Nc1ccc(Oc3cccc(N=C4OC(=O)c5ccc([*])cc54)c3)cc1)OC2=O,Bandgap,2.5605,eV,polyverse_bandgap,train,clean,clean,measured_target
poly_1621,[*]Nc1c(C)c(C)c(NC(=O)c2ccc(C([*])=O)cc2)c(C)c1C,Bandgap,4.0581,eV,polyverse_bandgap,train,clean,clean,measured_target
poly_524,[*]CC(=S)C(C=C1)=CC=C1O[*],Bandgap,2.6830000000000003,eV,polyverse_bandgap,train,clean,clean,measured_target
poly_854,[*]CCOc1ccc(C(=O)OC(=O)c2ccc(C(=O)OC(=O)c3ccc(O[*])c(OC)c3)cc2)cc1OC,Bandgap,3.117,eV,polyverse_bandgap,train,clean,clean,measured_target
poly_148,[*]CC([*])c1cccs1,Bandgap,1.9401,eV,polyverse_bandgap,train,clean,clean,measured_target
poly_1889,[*]Sc1ccc(Cc2ccc(SC([*])=O)cc2)cc1,Bandgap,4.3437,eV,polyverse_bandgap,train,clean,clean,measured_target
poly_326,[*]C=Nc1ccccc1N=Cc1ccc(Sc2ccc([*])o2)o1,Bandgap,2.4355,eV,polyverse_bandgap,train,clean,clean,measured_target
poly_2911,[*]CCCCC(=O)NCCCCCCNC(=O)CCCCO[*],Bandgap,5.3636,eV,polyverse_bandgap,train,clean,clean,measured_target
poly_4009,[*]CCCCCCCCCCCCCCCCCCCCOC(=O)CCCCCC(=O)O[*],Bandgap,6.6516,eV,polyverse_bandgap,train,clean,clean,measured_target
poly_488,[*]c1ccc(C(c2ccccc2)(c2ccc(-n3c(=O)c4cc5c(=O)n([*])c(=O)c5cc4c3=O)cc2)C(F)(F)F)cc1,Bandgap,2.6385,eV,polyverse_bandgap,train,clean,clean,measured_target
poly_1633,[*]c1ccc2cc([*])n(C(C(=O)OCC)n3ccc4ccccc43)c2c1,Bandgap,4.0728,eV,polyverse_bandgap,train,clean,clean,measured_target
poly_3247,[*]NC1CC1NC(=O)C1CC1C([*])=O,Bandgap,5.7404,eV,polyverse_bandgap,train,clean,clean,measured_target
poly_1396,[*]Oc1ccc(NC(=C(C#N)C#N)c2ccc(-c3ccc(-c4ccc(C(Nc5ccc([*])cc5)=C(C#N)C#N)cc4)cc3)cc2)cc1,Bandgap,3.7824,eV,polyverse_bandgap,train,clean,clean,measured_target
poly_2830,[*]CC(C)(C)O[*],Bandgap,5.2787,eV,polyverse_bandgap,train,clean,clean,measured_target
poly_4048,[*]OC(C)CCOC(=O)CCCCCCCCC([*])=O,Bandgap,6.7075,eV,polyverse_bandgap,train,clean,clean,measured_target
poly_2648,[*]CCOCC(=O)NCCCCCCNC(=O)CO[*],Bandgap,5.1019,eV,polyverse_bandgap,train,clean,clean,measured_target
poly_51,[*]c1ccc(-c2ccc(-c3sc([*])c4c3OCCO4)s2)s1,Bandgap,1.3711,eV,polyverse_bandgap,train,clean,clean,measured_target
poly_79,[*]c1sc(-c2cc(CCCCCC)c([*])s2)cc1CCCCCC,Bandgap,1.5552,eV,polyverse_bandgap,train,clean,clean,measured_target
poly_1065,[*]c1ccc(C(c2ccc(N3C(=O)c4ccc(Oc5ccc6c(c5)C(=O)N([*])C6=O)cc4C3=O)cc2)(C(F)(F)F)C(F)(F)F)cc1,Bandgap,3.3962,eV,polyverse_bandgap,train,clean,clean,measured_target
poly_3560,[*]CCCCCCCCCCCCCCOC(=O)CCC=CCCC(=O)O[*],Bandgap,6.0257,eV,polyverse_bandgap,train,clean,clean,measured_target
poly_2938,[*]CCCCCCOC(=O)NCc1ccc(CNC(=O)O[*])cc1,Bandgap,5.3924,eV,polyverse_bandgap,train,clean,clean,measured_target
poly_3684,[*]OC(=O)OCCOCCOCCOC(=O)OC1COC2C([*])COC12,Bandgap,6.1949,eV,polyverse_bandgap,train,clean,clean,measured_target
poly_1333,[*]CC([*])c1ccc(N(C)C)cc1,Bandgap,3.7056,eV,polyverse_bandgap,train,clean,clean,measured_target
poly_2292,[*]CC(CC([*])(C#N)C#N)c1ccc(Cl)cc1,Bandgap,4.7449,eV,polyverse_bandgap,train,clean,clean,measured_target
poly_1949,[*]CC([*])c1ccc2c(c1)OCO2,Bandgap,4.4197,eV,polyverse_bandgap,train,clean,clean,measured_target
poly_1058,[*]CNCC(=S)[*],Bandgap,3.3896,eV,polyverse_bandgap,train,clean,clean,measured_target
poly_438,[*]c1cc(-c2ccc(OCCCCCCCC)cc2)c([*])s1,Bandgap,2.5681,eV,polyverse_bandgap,train,clean,clean,measured_target
poly_786,[*]C(=O)c1ccc(C(=O)N(C)c2ccc(Cl)c(N([*])C)c2)cc1,Bandgap,3.0209,eV,polyverse_bandgap,train,clean,clean,measured_target
poly_1348,[*]Nc1ccccc1NC(=O)c1cccc(C([*])=O)c1,Bandgap,3.7239,eV,polyverse_bandgap,train,clean,clean,measured_target
poly_85,[*]c1cc(CC(=O)OCC)c([*])s1,Bandgap,1.589,eV,polyverse_bandgap,train,clean,clean,measured_target
poly_1080,[*]Nc1ccc(C(C)(C)c2ccc(NC(=O)c3cc(C([*])=O)cc(N4C(=O)C5C6CCC(C6)C5C4=O)c3)cc2)cc1,Bandgap,3.4083,eV,polyverse_bandgap,train,clean,clean,measured_target
poly_2629,[*]CCCCCCN(CC)C(=O)C(F)(F)C(F)(F)C(F)(F)C(=O)N([*])CC,Bandgap,5.0851,eV,polyverse_bandgap,train,clean,clean,measured_target
poly_3147,[*]CCCCCCNC(=O)C(CCCC)C(=O)N[*],Bandgap,5.6377,eV,polyverse_bandgap,train,clean,clean,measured_target
poly_2961,[*]CCN([*])C(=O)C(Cl)Cl,Bandgap,5.4221,eV,polyverse_bandgap,train,clean,clean,measured_target
poly_758,[*]Oc1c(F)c(F)c(On2c(=O)c3cc4c(=O)n([*])c(=O)c4cc3c2=O)c(F)c1F,Bandgap,2.9852,eV,polyverse_bandgap,train,clean,clean,measured_target
poly_1443,[*]Oc1cc(Br)cc(Br)c1[*],Bandgap,3.8389,eV,polyverse_bandgap,train,clean,clean,measured_target
poly_1031,[*]CC(S1)=CC=C1C(=O)C(S2)=CC=C2[*],Bandgap,3.3554,eV,polyverse_bandgap,train,clean,clean,measured_target
poly_2019,[*]c1nc(Cl)nc(N([*])c2ccccc2)n1,Bandgap,4.493,eV,polyverse_bandgap,train,clean,clean,measured_target
poly_3504,[*]OC(=C)CC([*])=O,Bandgap,5.9735,eV,polyverse_bandgap,train,clean,clean,measured_target
poly_298,[*]c1cc(CCCCCCCC)c([*])s1,Bandgap,2.3638,eV,polyverse_bandgap,train,clean,clean,measured_target
poly_2085,[*]Oc1ccc(C2(c3ccc(OC([*])=O)cc3)CC3CCC2C3)cc1,Bandgap,4.5567,eV,polyverse_bandgap,train,clean,clean,measured_target
poly_3815,[*]CC([*])(F)C(=O)OCC(F)(F)C(F)(F)C(F)(F)C(F)(F)C(F)(F)C(F)F,Bandgap,6.3722,eV,polyverse_bandgap,train,clean,clean,measured_target
poly_3551,[*]CCCCCOC(=O)NC1CC1NC(=O)O[*],Bandgap,6.0216,eV,polyverse_bandgap,train,clean,clean,measured_target
poly_569,[*]CC(=O)C(C=C1)=CC=C1C(=S)[*],Bandgap,2.744,eV,polyverse_bandgap,train,clean,clean,measured_target
poly_90,[*]C#CC#Cc1ccc(-c2ccc([*])s2)s1,Bandgap,1.6029,eV,polyverse_bandgap,train,clean,clean,measured_target
poly_3764,[*]CCCCCCOC(=O)CCCCCC(=O)O[*],Bandgap,6.306,eV,polyverse_bandgap,train,clean,clean,measured_target
poly_2448,[*]C1C=CC([*])S1,Bandgap,4.904,eV,polyverse_bandgap,train,clean,clean,measured_target
poly_446,[*]C(=O)c1ccc2c(c1)C(=O)N(c1ccc3c(c1)C(=O)c1cc(N4C(=O)c5ccc([*])cc5C4=O)ccc1-3)C2=O,Bandgap,2.5712,eV,polyverse_bandgap,train,clean,clean,measured_target
poly_756,[*]OP(=O)(Oc1ccc(OC)cc1)Oc1c(Br)cc(C(c2cc(Br)c([*])c(Br)c2)(C(F)(F)F)C(F)(F)F)cc1Br,Bandgap,2.9806,eV,polyverse_bandgap,train,clean,clean,measured_target
poly_121,[*]c1ccc(-c2ccc(-c3cc(OCCCCCCCCCCCC)c([*])s3)s2)s1,Bandgap,1.7783,eV,polyverse_bandgap,train,clean,clean,measured_target
poly_767,C(F)(F)C(F)(F)C(C=C1)=CC=C1C(=S),Bandgap,2.9928,eV,polyverse_bandgap,train,clean,clean,measured_target
poly_510,[*]c1ccc2c(c1)Cc1cc(N3C(=O)c4ccc(-c5ccc6c(c5)C(=O)N([*])C6=O)cc4C3=O)ccc1-2,Bandgap,2.6653,eV,polyverse_bandgap,train,clean,clean,measured_target
poly_3675,[*]CCOCCOC(=O)C(CCCCCCC)C(=O)O[*],Bandgap,6.1842,eV,polyverse_bandgap,train,clean,clean,measured_target
poly_3260,[*]CCCN([*])C(C)=O,Bandgap,5.7585,eV,polyverse_bandgap,train,clean,clean,measured_target
poly_433,[*]c1ccc(Oc2ccc(-c3cnc4cc5nc([*])cnc5cc4n3)cc2)cc1,Bandgap,2.5578,eV,polyverse_bandgap,train,clean,clean,measured_target
poly_2858,[*]C(=O)N([*])CCCCCCCCC=C,Bandgap,5.307,eV,polyverse_bandgap,train,clean,clean,measured_target
poly_448,[*]CC(=O)Nc1ccc(Oc2ccc(NC(=O)CN3C(=O)c4ccc(C(=O)c5ccc6c(c5)C(=O)N([*])C6=O)cc4C3=O)cc2)cc1,Bandgap,2.5742,eV,polyverse_bandgap,train,clean,clean,measured_target
poly_3575,[*]CCCCCCCCCNC(=O)N[*],Bandgap,6.0453,eV,polyverse_bandgap,train,clean,clean,measured_target
poly_3643,[*]CCCCOC(=O)NNC(=O)CCCCCCCCC(=O)NNC(=O)O[*],Bandgap,6.1273,eV,polyverse_bandgap,train,clean,clean,measured_target
poly_1509,[*]CC#CC#CCOC(=O)Nc1ccc(Cc2ccc(NC(=O)O[*])cc2)cc1,Bandgap,3.928,eV,polyverse_bandgap,train,clean,clean,measured_target
poly_1434,[*]Oc1ccc(Oc2ccc(C(=O)c3ccc([*])cc3)cc2)cc1,Bandgap,3.8335,eV,polyverse_bandgap,train,clean,clean,measured_target
poly_3657,[*]CC(=O)NCCCCCCNC(=O)CO[*],Bandgap,6.1421,eV,polyverse_bandgap,train,clean,clean,measured_target
poly_1956,[*]CC1CCC(COC(=O)c2ccc(NC(=O)O[*])cc2)CC1,Bandgap,4.4247,eV,polyverse_bandgap,train,clean,clean,measured_target
poly_888,[*]c1ccc(C(=O)c2cccc(-n3c(=O)c4cc5c(=O)n([*])c(=O)c5cc4c3=O)c2)cc1,Bandgap,3.1643,eV,polyverse_bandgap,train,clean,clean,measured_target
poly_1979,[*]Oc1ccc(C(=O)NCCCCCCCCCCCCNC(=O)c2ccc([*])cc2)cc1,Bandgap,4.4458,eV,polyverse_bandgap,train,clean,clean,measured_target
poly_3219,[*]CC([*])OCCCCCC,Bandgap,5.7163,eV,polyverse_bandgap,train,clean,clean,measured_target
poly_3326,[*]CCOCCOCCOC(=O)COCC(=O)O[*],Bandgap,5.809,eV,polyverse_bandgap,train,clean,clean,measured_target
poly_4078,[*]CC([*])C(=O)OCC(F)(F)C(F)(F)OC(F)(F)C(F)(F)C(F)(F)C(F)(F)F,Bandgap,6.7568,eV,polyverse_bandgap,train,clean,clean,measured_target
poly_3141,[*]CCC(=O)N[*],Bandgap,5.6299,eV,polyverse_bandgap,train,clean,clean,measured_target
poly_3754,[*]CC([*])(C)C(=O)OCC(F)(F)C(F)(F)C(F)(F)C(F)F,Bandgap,6.2894,eV,polyverse_bandgap,train,clean,clean,measured_target
poly_1352,NC(=S)NC(C=C1)=CC=C1CC(C=C2)=CC=C2,Bandgap,3.7304,eV,polyverse_bandgap,train,clean,clean,measured_target
poly_2291,[*]c1ccc([*])c(OC)c1N,Bandgap,4.7443,eV,polyverse_bandgap,train,clean,clean,measured_target
poly_1922,[*]CC(C=C1)=CC=C1C(C=C2)=CC=C2O[*],Bandgap,4.3907,eV,polyverse_bandgap,train,clean,clean,measured_target
poly_2809,C(F)(F)C(=O)C(F)(F)O,Bandgap,5.2499,eV,polyverse_bandgap,train,clean,clean,measured_target
poly_4007,[*]CC1CCC(COC(=O)CCCCCCCCC(=O)O[*])CC1,Bandgap,6.6477,eV,polyverse_bandgap,train,clean,clean,measured_target
poly_702,[*]C(=O)c1ccc(Oc2ccc(N3C(=O)c4ccc([*])cc4C3=O)cc2)cc1,Bandgap,2.925,eV,polyverse_bandgap,train,clean,clean,measured_target
poly_4060,[*]CC([*])C(=O)O,Bandgap,6.7294,eV,polyverse_bandgap,train,clean,clean,measured_target
poly_3452,[*]CCC(C)O[*],Bandgap,5.9265,eV,polyverse_bandgap,train,clean,clean,measured_target
poly_1188,[*]Oc1ccc(C(=O)CNCCNCC(=O)c2ccc([*])cc2)cc1,Bandgap,3.5485,eV,polyverse_bandgap,train,clean,clean,measured_target
poly_2602,[*]CCCSS[*],Bandgap,5.0561,eV,polyverse_bandgap,train,clean,clean,measured_target
poly_1970,[*]CCOc1ccc(C(=O)OC(=O)c2ccc(O[*])cc2)cc1,Bandgap,4.4379,eV,polyverse_bandgap,train,clean,clean,measured_target
poly_3025,[*]C1C=CC([*])CC1,Bandgap,5.5013,eV,polyverse_bandgap,train,clean,clean,measured_target
poly_678,[*]c1ccc(-c2ccc(-n3c(=O)c4cc5c(=O)n([*])c(=O)c5cc4c3=O)cc2C(F)(F)F)c(C(F)(F)F)c1,Bandgap,2.8988,eV,polyverse_bandgap,train,clean,clean,measured_target
poly_4052,[*]OC(CC([*])=O)C1CO1,Bandgap,6.7174,eV,polyverse_bandgap,train,clean,clean,measured_target
poly_713,[*]C(=O)Oc1ccc(OC(=O)c2ccc3c(c2)C(=O)N(c2ccc(Sc4ccc(N5C(=O)c6ccc([*])cc6C5=O)cc4)cc2)C3=O)cc1,Bandgap,2.9386,eV,polyverse_bandgap,train,clean,clean,measured_target
poly_3711,[*]OC(C=C)CC([*])=O,Bandgap,6.23,eV,polyverse_bandgap,train,clean,clean,measured_target
poly_2007,[*]CC([*])C(=O)Oc1ccc(OC)cc1,Bandgap,4.4785,eV,polyverse_bandgap,train,clean,clean,measured_target
poly_3860,[*]CC([*])C,Bandgap,6.4609,eV,polyverse_bandgap,train,clean,clean,measured_target
poly_1923,[*]NC(Cc1ccc(O)cc1)C([*])=O,Bandgap,4.392,eV,polyverse_bandgap,train,clean,clean,measured_target
poly_3974,[*]CCCCOC(=O)CC(=O)O[*],Bandgap,6.6045,eV,polyverse_bandgap,train,clean,clean,measured_target
poly_2332,[*]CNCC(=O)[*],Bandgap,4.7857,eV,polyverse_bandgap,train,clean,clean,measured_target
poly_3302,[*]C/C=C\C[*],Bandgap,5.7893,eV,polyverse_bandgap,train,clean,clean,measured_target
poly_2663,[*]NC(CC)CC([*])=O,Bandgap,5.1088,eV,polyverse_bandgap,train,clean,clean,measured_target
poly_3303,[*]CCOCCOCCOC(=O)CCCCCCCCC(=O)O[*],Bandgap,5.7898,eV,polyverse_bandgap,train,clean,clean,measured_target
poly_1620,[*]c1nc(-c2ccccc2)nc(N([*])CC)n1,Bandgap,4.0578,eV,polyverse_bandgap,train,clean,clean,measured_target
poly_3591,[*]CC1CC1CO[*],Bandgap,6.058,eV,polyverse_bandgap,train,clean,clean,measured_target
poly_515,[*]C(C=C1)=CC=C1C(C=C2)=CC=C2C(C=C3)=CC=C3C(=S)[*],Bandgap,2.6739,eV,polyverse_bandgap,train,clean,clean,measured_target
poly_1191,[*]CNC(=S)C(S1)=CC=C1[*],Bandgap,3.5518,eV,polyverse_bandgap,train,clean,clean,measured_target
poly_2100,[*]CC([*])OC(=O)c1ccc(OC(C)=O)cc1,Bandgap,4.5702,eV,polyverse_bandgap,train,clean,clean,measured_target
poly_3489,[*]CCCCCCNC(=O)CCCCCCCCC(=O)N[*],Bandgap,5.9571,eV,polyverse_bandgap,train,clean,clean,measured_target
poly_4021,[*]CCC1CC([*])C2C3CCC(C3)C12,Bandgap,6.669,eV,polyverse_bandgap,train,clean,clean,measured_target
poly_1656,[*]Oc1ccc(C(=O)OCCCCCCCOC(=O)c2ccc(OC(=O)c3ccc(C([*])=O)cc3)cc2)cc1,Bandgap,4.0946,eV,polyverse_bandgap,train,clean,clean,measured_target
poly_912,[*]c1ccc(Oc2ccc(C(=O)c3ccc(Oc4ccc(C(=O)c5ccc(Oc6ccc(-c7nc8ccccc8n7-c7ccc(-n8c([*])nc9ccccc98)cc7)cc6)cc5)cc4)cc3)cc2)cc1,Bandgap,3.1981,eV,polyverse_bandgap,train,clean,clean,measured_target
poly_2916,[*]CC(C[N-][N+]#N)O[*],Bandgap,5.3716,eV,polyverse_bandgap,train,clean,clean,measured_target
poly_3226,[*]CCCCCCCNC(=O)C(OC)C(OC)C(=O)N[*],Bandgap,5.7259,eV,polyverse_bandgap,train,clean,clean,measured_target
poly_1778,[*]NC(CCC(=O)OCc1ccc(C(F)(F)F)cc1)C([*])=O,Bandgap,4.2331,eV,polyverse_bandgap,train,clean,clean,measured_target
poly_2563,C(F)(F)CC(F)(F)C(=O),Bandgap,5.0117,eV,polyverse_bandgap,train,clean,clean,measured_target
poly_3139,[*]CCCC(=O)NCCCCCOCCCCCNC(=O)CCCO[*],Bandgap,5.6276,eV,polyverse_bandgap,train,clean,clean,measured_target
poly_318,[*]C(=O)Nc1ccc(-c2ccc(NC(=O)c3ccc4c(c3)C(=O)N(c3ccc(S(=O)(=O)c5ccc(N6C(=O)c7ccc([*])cc7C6=O)cc5)cc3)C4=O)cc2)cc1,Bandgap,2.4206,eV,polyverse_bandgap,train,clean,clean,measured_target
poly_3315,[*]CCCCCNC(=O)C(CCCCCCCCCCCC)C(=O)N[*],Bandgap,5.8003,eV,polyverse_bandgap,train,clean,clean,measured_target
poly_1703,[*]CCOCCOC(=O)c1ccc(NC=Nc2ccc(C(=O)O[*])cc2)cc1,Bandgap,4.1537,eV,polyverse_bandgap,train,clean,clean,measured_target
poly_1723,[*]Nc1nc([*])nc(-c2ccccc2)n1,Bandgap,4.1706,eV,polyverse_bandgap,train,clean,clean,measured_target
poly_224,[*]NC(S1)=CC=C1C(S2)=CC=C2C(=S)[*],Bandgap,2.1763,eV,polyverse_bandgap,train,clean,clean,measured_target
poly_857,[*]c1cc2sc([*])c(C)c2s1,Bandgap,3.1198,eV,polyverse_bandgap,train,clean,clean,measured_target
poly_3880,[*]CC(C)(C)COC(=O)CC(=O)O[*],Bandgap,6.4783,eV,polyverse_bandgap,train,clean,clean,measured_target
poly_2588,[*]CCNC(=O)c1cccc(O[*])c1,Bandgap,5.033,eV,polyverse_bandgap,train,clean,clean,measured_target
poly_1093,[*]Nc1ccc([*])cc1OCCCCS(=O)(=O)O,Bandgap,3.4308,eV,polyverse_bandgap,train,clean,clean,measured_target
poly_4187,[*]CC(F)(F)C1(F)CC(CC(O)(C(F)(F)F)C(F)(F)F)CC1[*],Bandgap,7.8745,eV,polyverse_bandgap,train,clean,clean,measured_target
poly_705,[*]C(=O)c1ccc2c(c1)C(=O)N(c1ccc(N3C(=O)c4ccc([*])cc4C3=O)cc1)C2=O,Bandgap,2.9305,eV,polyverse_bandgap,train,clean,clean,measured_target
poly_2467,[*]C(=O)NCCCCCCNC(=O)c1cncc([*])c1,Bandgap,4.9168,eV,polyverse_bandgap,train,clean,clean,measured_target
poly_1813,[*]NC(C=C1)=CC=C1OC(S2)=CC=C2[*],Bandgap,4.2687,eV,polyverse_bandgap,train,clean,clean,measured_target
poly_3312,[*]CCC(C)CCC(=O)N[*],Bandgap,5.7970000000000015,eV,polyverse_bandgap,train,clean,clean,measured_target
poly_2939,C([*])=CCC(C)C([*]),Bandgap,5.3972,eV,polyverse_bandgap,train,clean,clean,measured_target
poly_3337,[*]CCCCCCCCCNC(=O)CCCCCCCC(=O)N[*],Bandgap,5.8181,eV,polyverse_bandgap,train,clean,clean,measured_target
poly_3875,[*]OC(=O)OCCCCCCCCCCOC(=O)OC1COC2C([*])COC12,Bandgap,6.4724,eV,polyverse_bandgap,train,clean,clean,measured_target
poly_4112,[*]CC1CCC([*])C1,Bandgap,6.8566,eV,polyverse_bandgap,train,clean,clean,measured_target
poly_1904,[*]CCCCCCCOc1ccc(OCc2ccc(COc3ccc(O[*])cc3)cc2)cc1,Bandgap,4.3660000000000005,eV,polyverse_bandgap,train,clean,clean,measured_target
poly_3724,[*]CCCO[*],Bandgap,6.2461,eV,polyverse_bandgap,train,clean,clean,measured_target
poly_2281,[*]Oc1ccc(C(c2ccccc2)c2ccc(OC([*])=O)cc2C)c(C)c1,Bandgap,4.738,eV,polyverse_bandgap,train,clean,clean,measured_target
poly_3660,[*]CC#CCOC(=O)NCCCCCCNC(=O)O[*],Bandgap,6.1466,eV,polyverse_bandgap,train,clean,clean,measured_target
poly_3387,[*]CC([*])C(=O)NCCC,Bandgap,5.8667,eV,polyverse_bandgap,train,clean,clean,measured_target
poly_3053,[*]CCCCc1nnc([*])n1N,Bandgap,5.5305,eV,polyverse_bandgap,train,clean,clean,measured_target
poly_101,[*]N=CC(C)=CC=CC=C(C)C=Nc1nc(-c2csc([*])n2)cs1,Bandgap,1.6482,eV,polyverse_bandgap,train,clean,clean,measured_target
poly_417,[*]C(=O)c1ccc2c(c1)C(=O)N(c1cccc(C(=O)Nc3ccc(N4C(=O)c5ccc([*])cc5C4=O)cc3)c1)C2=O,Bandgap,2.5378,eV,polyverse_bandgap,train,clean,clean,measured_target
poly_2417,c1([*])ccc(cc1(O))c2cccc([*])c2(O),Bandgap,4.8746,eV,polyverse_bandgap,train,clean,clean,measured_target
poly_766,[*]C(=O)Nc1ccc(S(=O)(=O)c2ccc(NC(=O)c3ccc4c(c3)C(=O)N(c3ccc(S(=O)(=O)c5ccc(N6C(=O)c7ccc([*])cc7C6=O)cc5)cc3)C4=O)cc2)cc1,Bandgap,2.9914,eV,polyverse_bandgap,train,clean,clean,measured_target
poly_3898,[*]OC(C)COC(=O)CCCCS(=O)(=O)CCCCC([*])=O,Bandgap,6.5041,eV,polyverse_bandgap,train,clean,clean,measured_target
poly_3469,[*]OC(=O)OCCOCCOCCOCCOC(=O)OC1COC2C([*])COC12,Bandgap,5.9406,eV,polyverse_bandgap,train,clean,clean,measured_target
poly_3130,[*]NNC(=O)CCCCC([*])=O,Bandgap,5.6178,eV,polyverse_bandgap,train,clean,clean,measured_target
poly_3750,[*]CC([*])(C)C(=O)OCC(F)(F)C(F)F,Bandgap,6.2786,eV,polyverse_bandgap,train,clean,clean,measured_target
poly_3623,[*]CC(C(=O)OCC)(C(=O)OCC)[*],Bandgap,6.102,eV,polyverse_bandgap,train,clean,clean,measured_target
poly_2522,[*]OC(c1ccc(Cl)cc1)C(C)(C)C([*])=O,Bandgap,4.9686,eV,polyverse_bandgap,train,clean,clean,measured_target
poly_1790,[*]C(=O)NCCCCCCNC(=O)c1ccncc1[*],Bandgap,4.2475,eV,polyverse_bandgap,train,clean,clean,measured_target
poly_2361,[*]Nc1cc(NC(=O)NCCCCCCNC([*])=O)ccc1C,Bandgap,4.82,eV,polyverse_bandgap,train,clean,clean,measured_target
poly_490,[*]C(=O)c1ccc2c(c1)C(=O)N(c1ccc(OCC(C)(C)COc3ccc(N4C(=O)c5ccc([*])cc5C4=O)cc3)cc1)C2=O,Bandgap,2.6417,eV,polyverse_bandgap,train,clean,clean,measured_target
poly_3112,[*]CCN([*])C(=O)CCCCC,Bandgap,5.5936,eV,polyverse_bandgap,train,clean,clean,measured_target
poly_763,[*]C(=O)Nc1ccc(NC(=O)c2ccc(N3C(=O)c4ccc([*])cc4C3=O)cc2)cc1,Bandgap,2.9907,eV,polyverse_bandgap,train,clean,clean,measured_target
poly_2641,[*]C=CC1CC([*])C(C(=O)Oc2ccccc2)C1,Bandgap,5.0947,eV,polyverse_bandgap,train,clean,clean,measured_target
poly_2838,[*]CCC(=O)NCc1c(C)c(C)c(CNC(=O)CCO[*])c(C)c1C,Bandgap,5.2874,eV,polyverse_bandgap,train,clean,clean,measured_target
poly_2590,[*]CCCP(CCCNC(=O)CCCCC(=O)N[*])CC(C)C,Bandgap,5.0331,eV,polyverse_bandgap,train,clean,clean,measured_target
poly_1150,[*]Nc1ccc(-c2ccc([*])cc2)c(C)c1,Bandgap,3.4981,eV,polyverse_bandgap,train,clean,clean,measured_target
poly_799,[*]C(=O)NNC(=O)c1cnc([*])cn1,Bandgap,3.036,eV,polyverse_bandgap,train,clean,clean,measured_target
poly_1477,[*]c1ccc(-c2ccc(-c3nnc([*])n3-c3ccc(OC)cc3)cc2)cc1,Bandgap,3.8981,eV,polyverse_bandgap,train,clean,clean,measured_target
poly_4142,[*]OC1CCC(OC(=O)OCCCCCCCOC([*])=O)CC1,Bandgap,6.9944,eV,polyverse_bandgap,train,clean,clean,measured_target
poly_1274,[*]OC(=O)c1ccc(SCCCCSc2ccc(C([*])=O)cc2)cc1,Bandgap,3.643,eV,polyverse_bandgap,train,clean,clean,measured_target
poly_2372,C(F)(F)C(S1)=CC=C1C(F)(F)O,Bandgap,4.832,eV,polyverse_bandgap,train,clean,clean,measured_target
poly_1752,[*]CCC(=O)N(CCN(C(=O)CCN1CCN([*])CC1)C(C)C)C(C)C,Bandgap,4.1956,eV,polyverse_bandgap,train,clean,clean,measured_target
poly_2370,[*]Oc1ccc(C([*])=O)cc1CCCCCC,Bandgap,4.8293,eV,polyverse_bandgap,train,clean,clean,measured_target
poly_330,[*]c1cc(CCCCCCCCCCCC)c(-c2sc([*])c3c2OCCO3)s1,Bandgap,2.4379,eV,polyverse_bandgap,train,clean,clean,measured_target
poly_3327,N([*])C(=O)CCCC(=O)NCCCCCCCCCC([*]),Bandgap,5.8098,eV,polyverse_bandgap,train,clean,clean,measured_target
poly_2162,[*]CC(COc1c(Cl)cc(Cl)cc1Cl)O[*],Bandgap,4.6256,eV,polyverse_bandgap,train,clean,clean,measured_target
poly_1359,[*]NC(CCC(=O)OCc1ccc(F)cc1)C([*])=O,Bandgap,3.7352,eV,polyverse_bandgap,train,clean,clean,measured_target
poly_877,[*]c1cc2cc([*])sc2s1,Bandgap,3.153,eV,polyverse_bandgap,train,clean,clean,measured_target
poly_1083,[*]CCOCCOCCOc1cccc(NC(=O)c2ccc(C(=O)Nc3cccc(O[*])c3)cc2)c1,Bandgap,3.4122,eV,polyverse_bandgap,train,clean,clean,measured_target
poly_2208,[*]CC([*])SCCCC,Bandgap,4.6594,eV,polyverse_bandgap,train,clean,clean,measured_target
poly_602,[*]C=Cc1ccc(N(c2ccc(C=Cc3ccc4c5ccc([*])cc5n(CC(CC)CCCC)c4c3)cc2)c2ccc(OCC(CC)CCCC)cc2)cc1,Bandgap,2.7935,eV,polyverse_bandgap,train,clean,clean,measured_target
poly_2078,[*]c1ccc(Cc2ccc(S([*])(=O)=O)cc2)cc1,Bandgap,4.551,eV,polyverse_bandgap,train,clean,clean,measured_target
poly_1284,[*]Cc1ccc(COC(=O)c2ccc3cc(C(=O)O[*])ccc3c2)cc1,Bandgap,3.6512,eV,polyverse_bandgap,train,clean,clean,measured_target
poly_3598,[*]CCOCCOC(=O)O[*],Bandgap,6.062,eV,polyverse_bandgap,train,clean,clean,measured_target
poly_3516,[*]OC1C(CO)OC([*])C(NC(C)=O)C1O,Bandgap,5.9874,eV,polyverse_bandgap,train,clean,clean,measured_target
poly_68,[*]c1ccc(C(=O)Nc2ccc(NC(=O)c3ccc(-n4c(=O)c5sc6c(=O)n([*])c(=O)c6sc5c4=O)cc3)cc2)cc1,Bandgap,1.5265,eV,polyverse_bandgap,train,clean,clean,measured_target
poly_1930,[*]c1nc(C)nc(N([*])C)n1,Bandgap,4.3978,eV,polyverse_bandgap,train,clean,clean,measured_target
poly_50,[*]C=CC1=C(O)C(O)=C([*])C1,Bandgap,1.3602,eV,polyverse_bandgap,train,clean,clean,measured_target
poly_3264,[*]CCCCCCCCOC(=O)NCCCCCCCCCCNC(=O)O[*],Bandgap,5.7616,eV,polyverse_bandgap,train,clean,clean,measured_target
poly_2936,[*]OC1CCCC1[*],Bandgap,5.3922,eV,polyverse_bandgap,train,clean,clean,measured_target
poly_1402,[*]CC(S1)=CC=C1NC(=S)[*],Bandgap,3.7969,eV,polyverse_bandgap,train,clean,clean,measured_target
poly_2894,[*]NC(CCCCNC([*])=O)C(=O)OC,Bandgap,5.3439,eV,polyverse_bandgap,train,clean,clean,measured_target
poly_2626,CC(C1=CC=CC=C1)CC(C2=CC=CC=C2)CC(C3=CC=CC=C3)CC(C4=CC=CC=C4),Bandgap,5.0844,eV,polyverse_bandgap,train,clean,clean,measured_target
poly_3470,[*]CC([*])(CC(=O)O)C(=O)O,Bandgap,5.9408,eV,polyverse_bandgap,train,clean,clean,measured_target
poly_3083,[*]CCCCCCCNC(=O)CCCCCCCCCC(=O)N[*],Bandgap,5.5573,eV,polyverse_bandgap,train,clean,clean,measured_target
poly_922,[*]CCC(=O)C(=S)[*],Bandgap,3.2093,eV,polyverse_bandgap,train,clean,clean,measured_target
poly_2475,[*]C(=O)Oc1ccc(C(C)(C)c2ccc(OC(=O)N3CCN([*])CC3)cc2)cc1,Bandgap,4.9219,eV,polyverse_bandgap,train,clean,clean,measured_target
poly_3306,[*]CCCCCCNC(=O)CCC=CCCC(=O)N[*],Bandgap,5.7927,eV,polyverse_bandgap,train,clean,clean,measured_target
poly_573,[*]C=NN=Cc1cc(CCCCCCCCCCCC)c([*])s1,Bandgap,2.7484,eV,polyverse_bandgap,train,clean,clean,measured_target
poly_114,[*]c1ccc(-c2ccc(-c3ccc([*])s3)o2)o1,Bandgap,1.7382,eV,polyverse_bandgap,train,clean,clean,measured_target
poly_3420,[*]CCN([*])C(=O)CO,Bandgap,5.8894,eV,polyverse_bandgap,train,clean,clean,measured_target
poly_3015,[*]CCCCCCCCC(=O)NCCCCCCNC(=O)CCCCCCCCO[*],Bandgap,5.4892,eV,polyverse_bandgap,train,clean,clean,measured_target
poly_4075,[*]CCCOC(=O)CCCC(=O)O[*],Bandgap,6.7543,eV,polyverse_bandgap,train,clean,clean,measured_target
poly_360,[*]C(=O)C(C=C1)=CC=C1C(C=C2)=CC=C2C(=S)[*],Bandgap,2.4786,eV,polyverse_bandgap,train,clean,clean,measured_target
poly_521,[*]c1ccc([*])n1CCC(=O)NO,Bandgap,2.6795,eV,polyverse_bandgap,train,clean,clean,measured_target
poly_1919,[*]CCCCOC(=O)c1cccc(-c2cccc(C(=O)O[*])c2)c1,Bandgap,4.388,eV,polyverse_bandgap,train,clean,clean,measured_target
poly_615,[*]NC(=S)NC(=S)[*],Bandgap,2.8092,eV,polyverse_bandgap,train,clean,clean,measured_target
poly_1232,[*]Oc1ccc(Oc2ccc(C(=O)c3ccc([*])cc3)cc2)cc1C(=O)O,Bandgap,3.6002,eV,polyverse_bandgap,train,clean,clean,measured_target
poly_3363,[*]NNC(=O)CCCCCCCCCCCC([*])=O,Bandgap,5.8501,eV,polyverse_bandgap,train,clean,clean,measured_target
poly_1313,[*]Oc1ccc(Oc2ccc(Oc3ccc(C(=O)Oc4ccc(OC(=O)c5ccc([*])cc5)cc4)cc3)cc2)cc1,Bandgap,3.6871,eV,polyverse_bandgap,train,clean,clean,measured_target
poly_2614,[*]c1ccc([*])c(O)c1,Bandgap,5.0766,eV,polyverse_bandgap,train,clean,clean,measured_target
poly_1279,[*]c1ccc(C(=O)Oc2ccc3ccc(OC(=O)c4ccc(N5C(=O)CC(SCCOCCSC6CC(=O)N([*])C6=O)C5=O)cc4)cc3c2)cc1,Bandgap,3.6454,eV,polyverse_bandgap,train,clean,clean,measured_target
poly_2955,[*]Cc1c(C)c(C)c(CNC(=O)CCCCC(=O)N[*])c(C)c1C,Bandgap,5.417999999999998,eV,polyverse_bandgap,train,clean,clean,measured_target
poly_631,[*]C(=O)Nc1ccc(S(=O)(=O)c2ccc(NC(=O)c3ccc4c(c3)C(=O)N(c3ccc(Oc5ccc(N6C(=O)c7ccc([*])cc7C6=O)cc5)cc3)C4=O)cc2)cc1,Bandgap,2.8374,eV,polyverse_bandgap,train,clean,clean,measured_target
poly_3508,[*]CCCCCCNC(=O)C(CCCCCCCCCCCCCCCC)C(=O)N[*],Bandgap,5.9783,eV,polyverse_bandgap,train,clean,clean,measured_target
poly_2812,[*]CCC([*])=O,Bandgap,5.2544,eV,polyverse_bandgap,train,clean,clean,measured_target
poly_961,C(F)(F)C(F)(F)NC(=S),Bandgap,3.2642,eV,polyverse_bandgap,train,clean,clean,measured_target
poly_1604,[*]Nc1c(Cl)cc(C([*])=O)cc1Cl,Bandgap,4.0432,eV,polyverse_bandgap,train,clean,clean,measured_target
poly_3727,[*]CC1CC([*])C(=O)OC1=O,Bandgap,6.2477,eV,polyverse_bandgap,train,clean,clean,measured_target
poly_724,[*]c1ccc2cc(N([*])c3ccccc3)ccc2c1,Bandgap,2.9513,eV,polyverse_bandgap,train,clean,clean,measured_target
poly_3204,[*]C1CCC(N2C(=O)C3C4C=CC(C5C(=O)N([*])C(=O)C45)C3C2=O)CC1,Bandgap,5.7071,eV,polyverse_bandgap,train,clean,clean,measured_target
poly_4024,C(=O)NC(=O)OC(=O)NCN,Bandgap,6.6714,eV,polyverse_bandgap,train,clean,clean,measured_target
poly_3348,[*]OC(C)CCC(C)OC(=O)CCCCCCCCC([*])=O,Bandgap,5.8308,eV,polyverse_bandgap,train,clean,clean,measured_target
poly_236,[*]CC(=S)C(S1)=CC=C1C(=S)[*],Bandgap,2.2116,eV,polyverse_bandgap,train,clean,clean,measured_target
poly_464,[*]c1ccc(-c2nc3cc4nc([*])oc4cc3o2)c(O)c1,Bandgap,2.5901,eV,polyverse_bandgap,train,clean,clean,measured_target
poly_1615,[*]CC([*])C(=O)N(O)c1ccc(Cl)cc1,Bandgap,4.0529,eV,polyverse_bandgap,train,clean,clean,measured_target
poly_4178,[*]CC(F)(F)C(F)(F)C(F)(F)C(F)(F)COC(=O)O[*],Bandgap,7.5614,eV,polyverse_bandgap,train,clean,clean,measured_target
poly_313,[*]c1cc(CC(=O)OCCCCCCOc2ccc(N=Nc3ccc(C#N)cc3)cc2)c([*])s1,Bandgap,2.4068,eV,polyverse_bandgap,train,clean,clean,measured_target
poly_251,[*]C(=O)C(S1)=CC=C1C(=O)C(=S)[*],Bandgap,2.2532,eV,polyverse_bandgap,train,clean,clean,measured_target
poly_2211,[*]CCOCCOC(=O)c1cccc(C(=O)O[*])c1,Bandgap,4.6602,eV,polyverse_bandgap,train,clean,clean,measured_target
poly_500,[*]CCOc1ccc(C=C2CCC(=Cc3ccc(O[*])c(OC)c3)C2=O)cc1OC,Bandgap,2.6534,eV,polyverse_bandgap,train,clean,clean,measured_target
poly_3614,[*]CCCCCOC(=O)CCCCCNC(=O)O[*],Bandgap,6.0793,eV,polyverse_bandgap,train,clean,clean,measured_target
poly_2564,[*]OC([2H])([2H])C([*])([2H])C([2H])=C([2H])[2H],Bandgap,5.0119,eV,polyverse_bandgap,train,clean,clean,measured_target
poly_2400,[*]CC([*])C(=O)SCCC,Bandgap,4.8635,eV,polyverse_bandgap,train,clean,clean,measured_target
poly_2027,[*]c1cccc(-c2nnc(-c3nnc([*])o3)o2)c1,Bandgap,4.4994,eV,polyverse_bandgap,train,clean,clean,measured_target
poly_591,[*]C#Cc1c(F)c(F)c(C#Cc2cc(CCCCCC)c([*])s2)c(F)c1F,Bandgap,2.7755,eV,polyverse_bandgap,train,clean,clean,measured_target
poly_4063,[*]CC([*])CCC,Bandgap,6.738,eV,polyverse_bandgap,train,clean,clean,measured_target
poly_3463,[*]CCCCCCOC(=O)NNC(=O)CCCCCCCCC(=O)NNC(=O)O[*],Bandgap,5.9373,eV,polyverse_bandgap,train,clean,clean,measured_target
poly_3064,[*]Cc1ccc(CNC(=O)CCCCCCCCCCCCCCCCCCCCC(=O)N[*])cc1,Bandgap,5.5433,eV,polyverse_bandgap,train,clean,clean,measured_target
poly_3814,[*]CCCC(Cl)C([*])Cl,Bandgap,6.371,eV,polyverse_bandgap,train,clean,clean,measured_target
poly_646,[*]c1ccc(C(=O)CNCCCNCC(=O)c2ccc(S([*])(=O)=O)cc2)cc1,Bandgap,2.8560000000000003,eV,polyverse_bandgap,train,clean,clean,measured_target
poly_1711,[*]C(=O)NNC(=O)c1cccc(C(=O)NNC(=O)c2cccc([*])n2)c1,Bandgap,4.1584,eV,polyverse_bandgap,train,clean,clean,measured_target
poly_3748,[*]CC(OC)C(C(=O)O)C([*])C(=O)O,Bandgap,6.2764,eV,polyverse_bandgap,train,clean,clean,measured_target
poly_3547,[*]CCOCC(=O)O[*],Bandgap,6.0176,eV,polyverse_bandgap,train,clean,clean,measured_target
poly_2597,[*]CCCCCCNC(=O)CCP(CCC(=O)N[*])c1ccccc1,Bandgap,5.0474,eV,polyverse_bandgap,train,clean,clean,measured_target
poly_3624,[*]CC(C)C1COC2C(C(=O)OC(O)(C(F)(F)F)C(F)(F)C[*])CC12,Bandgap,6.1023,eV,polyverse_bandgap,train,clean,clean,measured_target
poly_2255,[*]CCC(=O)OC(=O)CCc1ccc([*])o1,Bandgap,4.7063,eV,polyverse_bandgap,train,clean,clean,measured_target
poly_3808,[*]CCCCOC(=O)CCCCCNC(=O)O[*],Bandgap,6.3666,eV,polyverse_bandgap,train,clean,clean,measured_target
poly_2313,[*]CC([*])C(=O)OCCSCC,Bandgap,4.7676,eV,polyverse_bandgap,train,clean,clean,measured_target
poly_1181,[*]c1ccc(Nc2cc(C)c([*])s2)cc1,Bandgap,3.5418,eV,polyverse_bandgap,train,clean,clean,measured_target
poly_96,[*]c1ccc(-c2cc(CCCCCCCCCCC)c([*])s2)s1,Bandgap,1.6329,eV,polyverse_bandgap,train,clean,clean,measured_target
poly_518,[*]C(=O)Nc1ccc(NC(=O)c2ccc3c(c2)C(=O)N(c2ccc(S(=O)(=O)c4ccc(N5C(=O)c6ccc([*])cc6C5=O)cc4)cc2)C3=O)cc1,Bandgap,2.677,eV,polyverse_bandgap,train,clean,clean,measured_target
poly_2841,[*]CCCCCCNC(=O)C(CCCCCCCCC)C(=O)N[*],Bandgap,5.2921,eV,polyverse_bandgap,train,clean,clean,measured_target
poly_3497,[*]CCCCCC(=O)NCCNC(=O)CCCCCOC(=O)CCCCC(=O)O[*],Bandgap,5.9669,eV,polyverse_bandgap,train,clean,clean,measured_target
poly_2944,[*]C=CC(C)CCCCC[*],Bandgap,5.4049,eV,polyverse_bandgap,train,clean,clean,measured_target
poly_1378,[*]NNC(=O)c1ccc(NC(=O)c2ccc(C([*])=O)cc2)c(O)c1,Bandgap,3.7581,eV,polyverse_bandgap,train,clean,clean,measured_target
poly_1870,[*]Oc1ccc(C(=O)NNC(=O)c2ccc([*])cc2)cc1,Bandgap,4.3207,eV,polyverse_bandgap,train,clean,clean,measured_target
poly_3530,[*]CCCCCCCCCCC(=O)NCCCCCCNC(=O)CCCO[*],Bandgap,6.0,eV,polyverse_bandgap,train,clean,clean,measured_target
poly_2118,[*]Oc1ccc(CC(NC(=O)CCc2ccc(OC(=O)CCCCCCC([*])=O)cc2)C(=O)OCC(C)C)cc1,Bandgap,4.5847,eV,polyverse_bandgap,train,clean,clean,measured_target
poly_3837,[*]OC(=O)OCC1OC(C)(C)OC1COC(=O)OC1COC2C([*])COC12,Bandgap,6.4211,eV,polyverse_bandgap,train,clean,clean,measured_target
poly_2787,[*]C(=O)OC1=NCCN1[*],Bandgap,5.2281,eV,polyverse_bandgap,train,clean,clean,measured_target
poly_2917,[*]CC([*])C(=O)OCCCSCCC#N,Bandgap,5.3732,eV,polyverse_bandgap,train,clean,clean,measured_target
poly_4197,C(F)(F)NC(F)(F)N,Bandgap,8.3664,eV,polyverse_bandgap,train,clean,clean,measured_target
poly_280,[*]c1cc(COCCCCCCOc2ccc(-c3ccc(C#N)cc3)cc2)c([*])s1,Bandgap,2.3352,eV,polyverse_bandgap,train,clean,clean,measured_target
poly_3761,[*]CC([*])OC(=O)CCCCC,Bandgap,6.3016,eV,polyverse_bandgap,train,clean,clean,measured_target
poly_1424,[*]Nc1ccc([*])cc1CO,Bandgap,3.8208,eV,polyverse_bandgap,train,clean,clean,measured_target
poly_15,[*]c1sc([*])c2nc(CCCCCC)c(CCCCCC)nc12,Bandgap,0.8923,eV,polyverse_bandgap,train,clean,clean,measured_target
poly_2989,[*]CCCCCCCCNC(=O)CCCCCCCCCCC(=O)N[*],Bandgap,5.4539,eV,polyverse_bandgap,train,clean,clean,measured_target
poly_2305,[*]CCC(C)(C)CC(C)CNC(=O)c1ccc(C(=O)N[*])cc1,Bandgap,4.7589,eV,polyverse_bandgap,train,clean,clean,measured_target
poly_2373,[*]Oc1ccc(NC(=O)NC2CC(C)(C)CC(C)(NC([*])=O)C2)cc1,Bandgap,4.8322,eV,polyverse_bandgap,train,clean,clean,measured_target
poly_4101,[*]N=P([*])(OCC(F)(F)F)OCC(F)(F)F,Bandgap,6.7975,eV,polyverse_bandgap,train,clean,clean,measured_target
poly_905,[*]c1ccc(CCCCCCc2ccc(-c3csc(-c4nc([*])cs4)n3)cc2)cc1,Bandgap,3.1824,eV,polyverse_bandgap,train,clean,clean,measured_target
poly_4189,[*]C1(F)OC(C(F)(F)F)(C(F)(F)Cl)OC1([*])F,Bandgap,7.9372,eV,polyverse_bandgap,train,clean,clean,measured_target
poly_2391,[*]CCCSC(=O)CCC(=O)S[*],Bandgap,4.8548,eV,polyverse_bandgap,train,clean,clean,measured_target
poly_245,[*]CC([*])c1ccc(Br)cc1,Bandgap,2.235,eV,polyverse_bandgap,train,clean,clean,measured_target
poly_1853,[*]Oc1ccc(Oc2cccc([*])n2)c(-c2ccccc2)c1,Bandgap,4.3045,eV,polyverse_bandgap,train,clean,clean,measured_target
poly_216,[*]C=CC=Cc1nc2cc3sc([*])nc3cc2s1,Bandgap,2.1517,eV,polyverse_bandgap,train,clean,clean,measured_target
poly_813,[*]c1cc([*])c(O)c(C=Nc2ccc(N3CCOCC3)cc2)c1,Bandgap,3.062,eV,polyverse_bandgap,train,clean,clean,measured_target
poly_1859,C(F)(F)NC(F)(F)C(C=C1)=CC=C1,Bandgap,4.3086,eV,polyverse_bandgap,train,clean,clean,measured_target
poly_4066,[*]CCC1CC([*])C2CCCC12,Bandgap,6.7458,eV,polyverse_bandgap,train,clean,clean,measured_target
poly_1185,[*]C(=O)Nc1ccc(Oc2ccc(NC(=O)c3cccc([*])n3)cc2)cc1,Bandgap,3.5459,eV,polyverse_bandgap,train,clean,clean,measured_target
poly_1895,[*]Oc1cccc([*])c1C#N,Bandgap,4.3557,eV,polyverse_bandgap,train,clean,clean,measured_target
poly_1691,[*]c1ccc(Oc2ccc(P(=O)(c3ccccc3)c3ccc(Oc4ccc(-c5cc([*])[nH]n5)cc4)cc3)cc2)cc1,Bandgap,4.1464,eV,polyverse_bandgap,train,clean,clean,measured_target
poly_1208,[*]CC(C=C1)=CC=C1C(C=C2)=CC=C2C(S3)=CC=C3[*],Bandgap,3.5669,eV,polyverse_bandgap,train,clean,clean,measured_target
poly_3671,[*]CC(CO[*])(COC(C)=O)COC(C)=O,Bandgap,6.1648,eV,polyverse_bandgap,train,clean,clean,measured_target
poly_3208,[*]C=C(C)CC(C#N)CC[*],Bandgap,5.7091,eV,polyverse_bandgap,train,clean,clean,measured_target
poly_3482,[*]CCCCCCCCCCNC(=O)CCCCCCCC(=O)N[*],Bandgap,5.9487,eV,polyverse_bandgap,train,clean,clean,measured_target
poly_1765,[*]CC(O)COc1ccc(C(C)(C)c2ccc(O[*])c(Cl)c2)cc1Cl,Bandgap,4.2119,eV,polyverse_bandgap,train,clean,clean,measured_target
poly_4204,[*]OC(F)(F)C(F)(F)C(F)(F)C([*])(F)F,Bandgap,8.8881,eV,polyverse_bandgap,train,clean,clean,measured_target
poly_4105,[*]CCCOC(=O)CCCCCCCCC(=O)O[*],Bandgap,6.8189,eV,polyverse_bandgap,train,clean,clean,measured_target
poly_110,[*]c1sc([*])c2c1OCC(CCCCS(=O)(=O)O)O2,Bandgap,1.7125,eV,polyverse_bandgap,train,clean,clean,measured_target
poly_1127,[*]N1CC(O)=C(C2C(=O)C3=C(C2=O)C(C)(F)N3[*])C1=O,Bandgap,3.4658,eV,polyverse_bandgap,train,clean,clean,measured_target
poly_3305,[*]CC(COCCCCCC)O[*],Bandgap,5.7915,eV,polyverse_bandgap,train,clean,clean,measured_target
poly_3,[*]CCCCCC[N+](C)(C)CCCCC[N+]([*])(C)C,Bandgap,0.1118,eV,polyverse_bandgap,train,clean,clean,measured_target
poly_3844,[*]CCCCCCCCCCCCCCCCCCCCOC(=O)C1CCC(C(=O)O[*])CC1,Bandgap,6.4338,eV,polyverse_bandgap,train,clean,clean,measured_target
poly_2490,[*]CC([*])(Br)Br,Bandgap,4.9377,eV,polyverse_bandgap,train,clean,clean,measured_target
poly_3963,[*]CCCCCCCCCCCCCCCCCCCCOC(=O)CCC(C)CC(=O)O[*],Bandgap,6.5912,eV,polyverse_bandgap,train,clean,clean,measured_target
poly_994,[*]CCOc1ccc(OC(=O)c2ccc(C(=O)Oc3ccc(O[*])cc3)c(OCCCCC)c2)cc1,Bandgap,3.3136,eV,polyverse_bandgap,train,clean,clean,measured_target
poly_2758,[*]Oc1ccc(Cc2ccc(OC([*])=O)c(C)c2)cc1C,Bandgap,5.2009,eV,polyverse_bandgap,train,clean,clean,measured_target
poly_3165,[*]CC([*])(C)C(=O)OCCc1ccccc1,Bandgap,5.6532,eV,polyverse_bandgap,train,clean,clean,measured_target
poly_3035,[*]c1c(F)c(F)c([*])c(F)c1F,Bandgap,5.5133,eV,polyverse_bandgap,train,clean,clean,measured_target
poly_3099,[*]CCN([*])C(=O)CC(C)C,Bandgap,5.5788,eV,polyverse_bandgap,train,clean,clean,measured_target
poly_3796,[*]C1C(=O)OC(=O)C1[*],Bandgap,6.3511,eV,polyverse_bandgap,train,clean,clean,measured_target
poly_3772,[*]CCCCCCCCCCCCCCCCCCCCOC(=O)COCC(=O)O[*],Bandgap,6.3212,eV,polyverse_bandgap,train,clean,clean,measured_target
poly_1276,[*]Nc1ccc(-c2ccc(NC(=O)c3cccc(C([*])=O)c3)c(S)c2)cc1S,Bandgap,3.6442,eV,polyverse_bandgap,train,clean,clean,measured_target
poly_1246,[*]Nc1cc(C(c2ccc(O)c(NC(=O)c3ccc(C([*])=O)cc3)c2)(C(F)(F)F)C(F)(F)F)ccc1O,Bandgap,3.6159,eV,polyverse_bandgap,train,clean,clean,measured_target
poly_108,[*]C=Cc1cc(CCCCCC)c(-c2sc([*])cc2CCCCCC)s1,Bandgap,1.7047,eV,polyverse_bandgap,train,clean,clean,measured_target
poly_2829,[*]CCCCCCOC(=O)NCCSCCSCCNC(=O)O[*],Bandgap,5.2784,eV,polyverse_bandgap,train,clean,clean,measured_target
poly_327,[*]c1ccc(Oc2ccc(Oc3ccc(-n4c(=O)c5cc6c(=O)n([*])c(=O)c6cc5c4=O)cc3)cc2C)cc1,Bandgap,2.4366,eV,polyverse_bandgap,train,clean,clean,measured_target
poly_2489,[*]CCCCCOC(=O)NCCSCCCCCCSCCNC(=O)O[*],Bandgap,4.9366,eV,polyverse_bandgap,train,clean,clean,measured_target
poly_373,[*]c9ccc(C8(c5ccc(n4c(=O)c3ccc(C(=O)c2ccc1c(=O)n([*])c(=O)c1c2)cc3c4=O)cc5)c6ccccc6c7ccccc78)cc9,Bandgap,2.4881,eV,polyverse_bandgap,train,clean,clean,measured_target
poly_175,[*]Nc1ccc(Cc2ccc(NC(=O)c3cc(C([*])=O)cc(N4C(=O)C=CC4=O)c3)cc2)cc1,Bandgap,2.0132,eV,polyverse_bandgap,train,clean,clean,measured_target
poly_1082,[*]CNC(=S)C(C=C1)=CC=C1[*],Bandgap,3.4092,eV,polyverse_bandgap,train,clean,clean,measured_target
poly_2601,[*]CC(O[*])c1ccco1,Bandgap,5.0528,eV,polyverse_bandgap,train,clean,clean,measured_target
poly_385,[*]Nc1cc(-c2ccc(-c3ccc4nc5c6cccc7c([*])ccc(c(=O)n5c4c3)c76)cc2)ccc1O,Bandgap,2.4994,eV,polyverse_bandgap,train,clean,clean,measured_target
poly_1388,[*]C(=O)NNC(=O)c1cccc(C(=O)NNC(=O)c2ccc([*])nc2)n1,Bandgap,3.7688,eV,polyverse_bandgap,train,clean,clean,measured_target
poly_2004,[*]Oc1ccc(C(=O)CCCCC(=O)c2ccc(OC([*])=O)cc2)cc1,Bandgap,4.4774,eV,polyverse_bandgap,train,clean,clean,measured_target
poly_2044,C(F)(F)C(F)(F)C(C=C1)=CC=C1O,Bandgap,4.521,eV,polyverse_bandgap,train,clean,clean,measured_target
poly_958,[*]C=Cc1ccc([*])c2c1C(=O)OC2=O,Bandgap,3.2587,eV,polyverse_bandgap,train,clean,clean,measured_target
poly_237,[*]c1cc(CCCc2ccccc2)c([*])s1,Bandgap,2.2134,eV,polyverse_bandgap,train,clean,clean,measured_target
poly_1355,[*]Oc1ccc(C(=O)Nc2ccc(S(=O)(=O)c3ccc(NC(=O)c4ccc(Oc5nc([*])nc(Sc6ccccc6)n5)cc4)cc3)cc2)cc1,Bandgap,3.733,eV,polyverse_bandgap,train,clean,clean,measured_target
poly_4185,C(F)(F)NC(F)(F)O,Bandgap,7.8322,eV,polyverse_bandgap,train,clean,clean,measured_target
poly_2966,[*]C(=O)CCC=CCCC(=O)N1CCN([*])CC1,Bandgap,5.4241,eV,polyverse_bandgap,train,clean,clean,measured_target
poly_2934,[*]Cc1ccc(COC(=O)CCCCCCCCCCCCCCCCCCC(=O)O[*])cc1,Bandgap,5.3919,eV,polyverse_bandgap,train,clean,clean,measured_target
poly_471,[*]C(=O)c1ccc2c(c1)C(=O)N(c1cc(OCCCC)cc(N3C(=O)c4ccc([*])cc4C3=O)c1)C2=O,Bandgap,2.6047,eV,polyverse_bandgap,train,clean,clean,measured_target
poly_2658,[*]Oc1ccc(C(C)(c2ccccc2)c2ccc(OC([*])=O)cc2)cc1,Bandgap,5.1057,eV,polyverse_bandgap,train,clean,clean,measured_target
poly_1096,[*]Oc1ccc(C2(c3ccc(OC(=O)c4ccc(C([*])=O)cc4)cc3)c3ccccc3C(=O)c3ccccc32)cc1,Bandgap,3.431,eV,polyverse_bandgap,train,clean,clean,measured_target
poly_2394,[*]CC(C)(CO[*])COCCC#N,Bandgap,4.8567,eV,polyverse_bandgap,train,clean,clean,measured_target
poly_303,[*]c1ccc(Oc2ccc(C(=O)c3ccc(Oc4ccc(-n5c(=O)c6cc7c(=O)n([*])c(=O)c7cc6c5=O)cc4)cc3)cc2)cc1,Bandgap,2.3791,eV,polyverse_bandgap,train,clean,clean,measured_target
poly_70,[*]c1cc(SC)c([*])s1,Bandgap,1.5295,eV,polyverse_bandgap,train,clean,clean,measured_target
poly_566,[*]c1cc(C(=O)OCCCCCC)c([*])s1,Bandgap,2.7434,eV,polyverse_bandgap,train,clean,clean,measured_target
poly_2097,[*]CC([*])(F)C(C)=O,Bandgap,4.5671,eV,polyverse_bandgap,train,clean,clean,measured_target
poly_1820,[*]CCOC(=O)c1ccc(C(=O)O[*])c2c1CC2,Bandgap,4.274,eV,polyverse_bandgap,train,clean,clean,measured_target
poly_2014,[*]C(=O)N([*])C(C)C(C)=O,Bandgap,4.4859,eV,polyverse_bandgap,train,clean,clean,measured_target
poly_338,[*]c1cc(CC(=O)Cl)c([*])s1,Bandgap,2.4457,eV,polyverse_bandgap,train,clean,clean,measured_target
poly_1384,[*]CCCOc1ccc(C(=O)OC(=O)c2ccc(C(=O)OC(=O)c3ccc(O[*])cc3)cc2)cc1,Bandgap,3.765,eV,polyverse_bandgap,train,clean,clean,measured_target
poly_936,[*]c1ccc(-c2nc3cc(-c4ccc5nc(-c6ccccc6)c([*])nc5c4)ccc3nc2-c2ccccc2)cc1,Bandgap,3.2285,eV,polyverse_bandgap,train,clean,clean,measured_target
poly_3665,[*]CC(CS(=O)(=O)CCCCC)O[*],Bandgap,6.1531,eV,polyverse_bandgap,train,clean,clean,measured_target
poly_347,[*]c1cc(C(c2ccc(O)c(-n3c(=O)c4cc5c(=O)n([*])c(=O)c5cc4c3=O)c2)(C(F)(F)F)C(F)(F)F)ccc1O,Bandgap,2.4596,eV,polyverse_bandgap,train,clean,clean,measured_target
poly_1314,[*]CCCCCCNC(=O)c1ccc(C(=O)N[*])c(Oc2ccc(-c3ccccc3)cc2)c1,Bandgap,3.6894,eV,polyverse_bandgap,train,clean,clean,measured_target
poly_3259,[*]CCCCCCNC(=O)CCCC(=O)N[*],Bandgap,5.7577,eV,polyverse_bandgap,train,clean,clean,measured_target
poly_3134,[*]CCCCCCCCCNC(=O)CCCCCCCCCCCC(=O)N[*],Bandgap,5.6216,eV,polyverse_bandgap,train,clean,clean,measured_target
poly_286,[*]C(=O)Nc1ccc(NC(=O)c2ccc3[nH]c(-c4cc(-c5nc6cc([*])ccc6[nH]5)cc(N5C(=O)c6ccccc6C5=O)c4)nc3c2)cc1,Bandgap,2.347,eV,polyverse_bandgap,train,clean,clean,measured_target
poly_2206,[*]CCCCCCCCc1nc2cc(-c3ccc4oc([*])nc4c3)ccc2o1,Bandgap,4.6587,eV,polyverse_bandgap,train,clean,clean,measured_target
poly_307,[*]Nc1ccc(NC(=O)c2cc(NC(=O)c3ccc(NC(=O)C(C)N4C(=O)c5ccccc5C4=O)cc3)cc(C([*])=O)c2)cc1C,Bandgap,2.3973,eV,polyverse_bandgap,train,clean,clean,measured_target
poly_802,[*]CC(=S)CO[*],Bandgap,3.0406,eV,polyverse_bandgap,train,clean,clean,measured_target
poly_214,[*]c1ccc2c(c1)Cc1cc(-n3c(=O)c4cc5c(=O)n([*])c(=O)c5cc4c3=O)ccc1-2,Bandgap,2.1465,eV,polyverse_bandgap,train,clean,clean,measured_target
poly_453,[*]c1ccc(-c2ccc(-n3c(=O)c4cc5c(=O)n([*])c(=O)c5c(C(F)(F)F)c4c3=O)cc2C)c(C)c1,Bandgap,2.5777,eV,polyverse_bandgap,train,clean,clean,measured_target
poly_1322,[*]CNC(C=C1)=CC=C1C(S2)=CC=C2[*],Bandgap,3.6951,eV,polyverse_bandgap,train,clean,clean,measured_target
poly_1810,[*]Oc1ccc(Oc2ccc(C=NCCN=Cc3ccc([*])cc3)cc2)cc1,Bandgap,4.2677,eV,polyverse_bandgap,train,clean,clean,measured_target
poly_3617,[*]CCOCC(CCl)O[*],Bandgap,6.0832,eV,polyverse_bandgap,train,clean,clean,measured_target
poly_651,[*]Oc1ccc(C(=O)Oc2ccc(Cc3ccc(OC(=O)c4ccc(OC(=O)c5ccc(C([*])=O)cc5)cc4)cc3)cc2)cc1,Bandgap,2.8593,eV,polyverse_bandgap,train,clean,clean,measured_target
poly_295,[*]c1ccc(-c2ccc(-c3cc(CCCCCCCC)c([*])s3)s2)s1,Bandgap,2.3617,eV,polyverse_bandgap,train,clean,clean,measured_target
poly_3159,[*]C(=O)CCCCC(=O)N1CCN([*])CC1,Bandgap,5.6492,eV,polyverse_bandgap,train,clean,clean,measured_target
poly_1124,[*]C=Cc1csc(C=Cc2cccc([*])n2)c1CCCCCC,Bandgap,3.4585,eV,polyverse_bandgap,train,clean,clean,measured_target
poly_3042,[*]CC([*])C(=O)NCCC(F)(F)C(F)(F)C(F)(F)C(F)(F)C(F)(F)C(F)(F)C(F)(F)C(F)(F)F,Bandgap,5.522,eV,polyverse_bandgap,train,clean,clean,measured_target
poly_3477,[*]CCCCCCCCNC(=O)C(CCCCCCCCCCCC)C(=O)N[*],Bandgap,5.9468,eV,polyverse_bandgap,train,clean,clean,measured_target
poly_278,[*]C(=O)c1ccc2c(c1)C(=O)N(c1cccc(C(=O)N(C)c3ccc(N4C(=O)c5ccc([*])cc5C4=O)cc3)c1)C2=O,Bandgap,2.3323,eV,polyverse_bandgap,train,clean,clean,measured_target
poly_2245,[*]CCCC(=O)OCCOC(=O)c1ccc(O[*])cc1,Bandgap,4.7014,eV,polyverse_bandgap,train,clean,clean,measured_target
poly_3116,[*]CC(COCC)O[*],Bandgap,5.6017,eV,polyverse_bandgap,train,clean,clean,measured_target
poly_2439,[*]NC(CCC([*])=O)C(=O)OCc1ccccc1,Bandgap,4.8973,eV,polyverse_bandgap,train,clean,clean,measured_target
poly_4110,[*]OC([*])C,Bandgap,6.845,eV,polyverse_bandgap,train,clean,clean,measured_target
poly_2426,[*]CC(C)(C)COC(=O)NC(=O)c1cccc(C(=O)NC(=O)O[*])c1,Bandgap,4.8839,eV,polyverse_bandgap,train,clean,clean,measured_target
poly_268,[*]c1cc(CCS(=O)(=O)O)c([*])s1,Bandgap,2.3139,eV,polyverse_bandgap,train,clean,clean,measured_target
poly_2186,[*]N=P([*])(Oc1cccc(C)c1)Oc1cccc(C)c1,Bandgap,4.6442,eV,polyverse_bandgap,train,clean,clean,measured_target
poly_3961,[*]CCC(Cl)C([*])Cl,Bandgap,6.5894,eV,polyverse_bandgap,train,clean,clean,measured_target
poly_3667,[*]CCCCCOC(=O)NCCCCCCNC(=O)O[*],Bandgap,6.1556,eV,polyverse_bandgap,train,clean,clean,measured_target
poly_2083,[*]Oc1cc(CC)cc(OC(=O)c2cccc(C([*])=O)c2)c1,Bandgap,4.5555,eV,polyverse_bandgap,train,clean,clean,measured_target
poly_119,[*]c1cc(CC(=O)OC)c([*])s1,Bandgap,1.7719999999999998,eV,polyverse_bandgap,train,clean,clean,measured_target
poly_2835,[*]C=CC1CC([*])C(C(=O)OCCNC(C)(C)C)C1,Bandgap,5.2839,eV,polyverse_bandgap,train,clean,clean,measured_target
poly_3509,[*]OC(=O)CCCCCC([*])=O,Bandgap,5.9807,eV,polyverse_bandgap,train,clean,clean,measured_target
poly_1508,[*]CC([*])N1CCCC1=S,Bandgap,3.9266,eV,polyverse_bandgap,train,clean,clean,measured_target
poly_355,[*]c1ccc([*])n1CC(=O)OC,Bandgap,2.4705,eV,polyverse_bandgap,train,clean,clean,measured_target
poly_966,[*]c1cc(C(=O)NCCCC)cc(N2C(=O)c3ccc(-c4ccc5c(c4)C(=O)N([*])C5=O)cc3C2=O)c1,Bandgap,3.2713,eV,polyverse_bandgap,train,clean,clean,measured_target
poly_3365,[*]CCOC(=O)CCCCCNC(=O)CCCCC(=O)NCCCCCC(=O)O[*],Bandgap,5.8514,eV,polyverse_bandgap,train,clean,clean,measured_target
poly_1406,[*]CC([*])c1cc(OC)ccc1OC,Bandgap,3.8027,eV,polyverse_bandgap,train,clean,clean,measured_target
poly_1470,[*]CC#CC#CCOc1ccc(-c2ccc(O[*])cc2)cc1,Bandgap,3.8876,eV,polyverse_bandgap,train,clean,clean,measured_target
poly_219,[*]CC([*])c1ccccc1C(=O)Oc1ccccc1,Bandgap,2.1638,eV,polyverse_bandgap,train,clean,clean,measured_target
poly_481,[*]c1ccc(-c2cnc3cc4ncc([*])nc4cc3n2)cc1,Bandgap,2.6289,eV,polyverse_bandgap,train,clean,clean,measured_target
poly_3634,[*]CCOC(=O)CCCCS(=O)(=O)CCCCC(=O)O[*],Bandgap,6.1194,eV,polyverse_bandgap,train,clean,clean,measured_target
poly_3297,[*]CCOC(=O)NCC1(C)CC(NC(=O)O[*])CC(C)(C)C1,Bandgap,5.7856,eV,polyverse_bandgap,train,clean,clean,measured_target
poly_3943,[*]CC(C)C(=O)O[*],Bandgap,6.562,eV,polyverse_bandgap,train,clean,clean,measured_target
poly_2381,[*]CCOC(=O)c1ccc(O[*])c(Cl)c1,Bandgap,4.8461,eV,polyverse_bandgap,train,clean,clean,measured_target
poly_1896,[*]CC(C)(C)COC(=O)NC(=O)c1ccc(C(=O)NC(=O)O[*])cc1,Bandgap,4.3578,eV,polyverse_bandgap,train,clean,clean,measured_target
poly_708,[*]C(=O)C(C=C1)=CC=C1C(=S)C(C=C2)=CC=C2[*],Bandgap,2.9329,eV,polyverse_bandgap,train,clean,clean,measured_target
poly_2909,[*]C(=O)C(C)=C(C)C(=O)N1CC(C)N([*])CC1C,Bandgap,5.3573,eV,polyverse_bandgap,train,clean,clean,measured_target
poly_900,[*]c1ccc(-c2ccc(-c3ccc(-c4cc(-c5ccccc5)c5cc(Oc6ccc7nc([*])cc(-c8ccccc8)c7c6)ccc5n4)cc3)cc2)cc1,Bandgap,3.1781,eV,polyverse_bandgap,train,clean,clean,measured_target
poly_3166,[*]/C=C\CCCC[*],Bandgap,5.655,eV,polyverse_bandgap,train,clean,clean,measured_target
poly_3084,[*]NC(CC([*])=O)C(=O)OCCOC,Bandgap,5.5583,eV,polyverse_bandgap,train,clean,clean,measured_target
poly_2864,[*]C(C)C([*])OC,Bandgap,5.311,eV,polyverse_bandgap,train,clean,clean,measured_target
poly_1105,[*]Oc1ccc(-c2ccc(N=Nc3ccc(C([*])=O)cc3)cc2)cc1,Bandgap,3.4403,eV,polyverse_bandgap,train,clean,clean,measured_target
poly_2067,[*]Oc1ccc(C([*])=O)cc1CCC,Bandgap,4.5421,eV,polyverse_bandgap,train,clean,clean,measured_target
poly_1702,[*]c1ccc(Oc2ccc(S(=O)(=O)c3ccc(Oc4ccc(C5([*])OC(=O)c6ccccc65)cc4C)cc3)cc2)c(C)c1,Bandgap,4.1532,eV,polyverse_bandgap,train,clean,clean,measured_target
poly_647,[*]C(=O)C(S1)=CC=C1C(C=C2)=CC=C2O[*],Bandgap,2.8561,eV,polyverse_bandgap,train,clean,clean,measured_target
poly_4008,[*]CC1CCC(COC(=O)CCCCCC(=O)O[*])CC1,Bandgap,6.649,eV,polyverse_bandgap,train,clean,clean,measured_target
poly_1547,[*]Oc1c(CCC)cc([*])cc1-c1ccccc1,Bandgap,3.9795,eV,polyverse_bandgap,train,clean,clean,measured_target
poly_3798,[*]CCC([*])O,Bandgap,6.3537,eV,polyverse_bandgap,train,clean,clean,measured_target
poly_541,[*]CC(=S)C(S1)=CC=C1O[*],Bandgap,2.7088,eV,polyverse_bandgap,train,clean,clean,measured_target
poly_1312,[*]CCCCOC(=O)SSSC(=O)O[*],Bandgap,3.6864,eV,polyverse_bandgap,train,clean,clean,measured_target
poly_2550,[*]Oc1c(Cl)cc(C(c2cc(Cl)c(OC([*])=O)c(Cl)c2)C2CC3CCC2C3)cc1Cl,Bandgap,5.0002,eV,polyverse_bandgap,train,clean,clean,measured_target
poly_2116,[*]CCCCCCNC(=O)CCP(=S)(CCC(=O)N[*])c1ccccc1,Bandgap,4.5816,eV,polyverse_bandgap,train,clean,clean,measured_target
poly_1725,[*]CCCCOC(=O)c1ccc(-c2ccc(C(=O)O[*])cc2)cc1,Bandgap,4.1718,eV,polyverse_bandgap,train,clean,clean,measured_target
poly_3221,[*]CCOC(=O)NC1CCC(NC(=O)O[*])CC1,Bandgap,5.7184,eV,polyverse_bandgap,train,clean,clean,measured_target
poly_897,[*]Nc1ccc(NC(=O)C=Cc2ccc(C=CC([*])=O)cc2)cc1,Bandgap,3.1732,eV,polyverse_bandgap,train,clean,clean,measured_target
poly_1715,[*]Oc1ccc(Oc2ccc(C(=O)c3ccc([*])cc3)cc2)cc1S(=O)(=O)O,Bandgap,4.1626,eV,polyverse_bandgap,train,clean,clean,measured_target
poly_1394,[*]C#Cc1ccc([*])c(SCCCCCCCCCCCC)c1,Bandgap,3.7748,eV,polyverse_bandgap,train,clean,clean,measured_target
poly_4182,[*]CC([*])OC(=O)OCC(F)(F)F,Bandgap,7.6731,eV,polyverse_bandgap,train,clean,clean,measured_target
poly_304,[*]C(=O)Nc1ccc(Oc2ccc(NC(=O)c3ccc(N4C(=O)c5ccc([*])cc5C4=O)cc3)cc2)cc1,Bandgap,2.3807,eV,polyverse_bandgap,train,clean,clean,measured_target
poly_1327,[*]Oc1ccc(OC(=O)c2ccc(C([*])=O)cc2)cc1CCCCCCCC,Bandgap,3.7013,eV,polyverse_bandgap,train,clean,clean,measured_target
poly_1103,[*]Oc1c(F)c(F)c(S(=O)(=O)c2c(F)c(F)c(Oc3ccc(C(c4ccc([*])cc4)(C(F)(F)F)C(F)(F)F)cc3)c(F)c2F)c(F)c1F,Bandgap,3.4387,eV,polyverse_bandgap,train,clean,clean,measured_target
poly_718,[*]Oc1ccc(Oc2ccc(NC(=C(C#N)C#N)c3cccc(C(Nc4ccc([*])cc4)=C(C#N)C#N)c3)cc2)cc1,Bandgap,2.943,eV,polyverse_bandgap,train,clean,clean,measured_target
poly_302,[*]c1[nH]c([*])c(OC)c1OC,Bandgap,2.3766,eV,polyverse_bandgap,train,clean,clean,measured_target
poly_1245,[*]c1ccc2c(c1)c1cc([*])ccc1n2CC(=O)OCC,Bandgap,3.6156,eV,polyverse_bandgap,train,clean,clean,measured_target
poly_2624,[*]CC(c1ccccc1)c1ccc([*])cc1,Bandgap,5.0824,eV,polyverse_bandgap,train,clean,clean,measured_target
poly_1565,[*]CCCCCCCc1nc2ccc(-c3ccc4nc([*])oc4c3)cc2o1,Bandgap,4.0001,eV,polyverse_bandgap,train,clean,clean,measured_target
poly_2795,[*]CCO[*],Bandgap,5.2314,eV,polyverse_bandgap,train,clean,clean,measured_target
poly_1027,[*]C(=O)C(C=C1)=CC=C1C(C=C2)=CC=C2C(C=C3)=CC=C3[*],Bandgap,3.3512,eV,polyverse_bandgap,train,clean,clean,measured_target
poly_545,[*]C=Cc1ccc2c(c1)C(CC(CC)CCCC)(CC(CC)CCCC)c1cc([*])ccc1-2,Bandgap,2.712,eV,polyverse_bandgap,train,clean,clean,measured_target
poly_592,[*]c1ccc(-c2ccc(-n3c(=O)c4cc5c(=O)n([*])c(=O)c5cc4c3=O)cc2F)c(F)c1,Bandgap,2.7762,eV,polyverse_bandgap,train,clean,clean,measured_target
poly_1583,C(F)(F)NC(F)(F)C(S1)=CC=C1,Bandgap,4.0164,eV,polyverse_bandgap,train,clean,clean,measured_target
poly_3121,[*]C(=O)C1CC1C(=O)N1CCN([*])CC1,Bandgap,5.6073,eV,polyverse_bandgap,train,clean,clean,measured_target
poly_2538,[*]C(=O)NCCCCCCNC(=O)c1cnn([*])c1,Bandgap,4.9839,eV,polyverse_bandgap,train,clean,clean,measured_target
poly_223,[*]Nc1ccc(-c2ccc(NC3=CC(=O)C([*])=CC3=O)cc2)cc1,Bandgap,2.1743,eV,polyverse_bandgap,train,clean,clean,measured_target
poly_893,[*]CCN(CCOC(=O)Nc1ccc(C)c(NC(=O)O[*])c1)c1ccc(-c2c(NCCCO)c(=O)c2=O)cc1,Bandgap,3.1713,eV,polyverse_bandgap,train,clean,clean,measured_target
poly_4086,[*]CCCCCCCCCCCCCCCCCCCCOC(=O)CCCCCCCCC(=O)O[*],Bandgap,6.7686,eV,polyverse_bandgap,train,clean,clean,measured_target
poly_2330,[*]CC([*])C(=O)OCCCCSC,Bandgap,4.7854,eV,polyverse_bandgap,train,clean,clean,measured_target
poly_1963,[*]Cc1cccc([*])c1O,Bandgap,4.4317,eV,polyverse_bandgap,train,clean,clean,measured_target
poly_3445,[*]CCCCCCCCCCOC(=O)C(=O)O[*],Bandgap,5.9110000000000005,eV,polyverse_bandgap,train,clean,clean,measured_target
poly_2647,[*]OC(=O)CCc1ccc(CCC([*])=O)cc1,Bandgap,5.1011,eV,polyverse_bandgap,train,clean,clean,measured_target
poly_3461,[*]CCCCc1nnc([*])o1,Bandgap,5.9356,eV,polyverse_bandgap,train,clean,clean,measured_target
poly_751,[*]C(=O)OC(=O)COc1ccc(OCC(=O)OC(=O)c2ccc([*])nc2)cc1,Bandgap,2.9777,eV,polyverse_bandgap,train,clean,clean,measured_target
poly_917,[*]c1cccc(C(c2cccc(-n3c(=O)c4cc5c(=O)n([*])c(=O)c5cc4c3=O)c2)(C(F)(F)F)C(F)(F)F)c1,Bandgap,3.2011,eV,polyverse_bandgap,train,clean,clean,measured_target
poly_4051,[*]OC(C)COC(=O)CCC([*])=O,Bandgap,6.7151,eV,polyverse_bandgap,train,clean,clean,measured_target
poly_3412,[*]C=CC(C)CCCCCCCCC[*],Bandgap,5.8820000000000014,eV,polyverse_bandgap,train,clean,clean,measured_target
poly_450,[*]C(=O)c1ccc2c(c1)C(=O)N(c1ccc(Oc3ccccc3Oc3ccc(N4C(=O)c5ccc([*])cc5C4=O)cc3)cc1)C2=O,Bandgap,2.575,eV,polyverse_bandgap,train,clean,clean,measured_target
poly_3066,[*]OC1CCCCCCC1[*],Bandgap,5.5442,eV,polyverse_bandgap,train,clean,clean,measured_target
poly_2754,[*]C=CC1CCC([*])C1,Bandgap,5.1969,eV,polyverse_bandgap,train,clean,clean,measured_target
poly_2827,[*]C(=O)Oc1ccc(OC(=O)N2CCN([*])CC2)cc1,Bandgap,5.2739,eV,polyverse_bandgap,train,clean,clean,measured_target
poly_4168,[*]CCCCCCCCCCOC(=O)O[*],Bandgap,7.2198,eV,polyverse_bandgap,train,clean,clean,measured_target
poly_2409,[*]C=CC1CC([*])C2(Cl)OC(=O)OC12Cl,Bandgap,4.8717,eV,polyverse_bandgap,train,clean,clean,measured_target
poly_127,[*]c1cc(CCCC(F)(F)C(F)(F)C(F)(F)C(F)(F)F)c([*])s1,Bandgap,1.8122,eV,polyverse_bandgap,train,clean,clean,measured_target
poly_1244,[*]CCCN1C(=O)c2ccc(C(c3ccc4c(c3)C(=O)N([*])C4=O)(C(F)(F)F)C(F)(F)F)cc2C1=O,Bandgap,3.6153,eV,polyverse_bandgap,train,clean,clean,measured_target
poly_3190,[*]CCCCCCC(=O)NCCCCCOCCCCCNC(=O)CCCCO[*],Bandgap,5.6857,eV,polyverse_bandgap,train,clean,clean,measured_target
poly_2991,[*]CCCCCCCCCC#CC#CCCCCCCCCCOC(=O)CCCCC(=O)O[*],Bandgap,5.456,eV,polyverse_bandgap,train,clean,clean,measured_target
poly_1603,[*]CC(C)(CO[*])COCCCCCCCCCCOc1ccc(-c2ccc(C#N)cc2)cc1,Bandgap,4.042,eV,polyverse_bandgap,train,clean,clean,measured_target
poly_2101,[*]Oc1ccc(CC(NC(=O)CCc2ccc(OC(=O)CCCC([*])=O)cc2)C(=O)OCCOCCOCC)cc1,Bandgap,4.5719,eV,polyverse_bandgap,train,clean,clean,measured_target
poly_4114,[*]CC(Cl)C(Cl)C([*])Cl,Bandgap,6.8616,eV,polyverse_bandgap,train,clean,clean,measured_target
poly_3245,[*]OC(C)CCOC(=O)C([*])=O,Bandgap,5.7373,eV,polyverse_bandgap,train,clean,clean,measured_target
poly_1943,[*]Oc1ccc(C(C)=NCCN=C(C)c2ccc([*])cc2)cc1,Bandgap,4.4147,eV,polyverse_bandgap,train,clean,clean,measured_target
poly_3453,[*]CCNC(=O)CCCCCCCCCCCCCCC(=O)N[*],Bandgap,5.9268,eV,polyverse_bandgap,train,clean,clean,measured_target
poly_878,[*]c1ccc(-c2ccc(-c3cc(SCCCCCCCCCC)c([*])s3)cc2)cc1,Bandgap,3.1535,eV,polyverse_bandgap,train,clean,clean,measured_target
poly_2457,[*]C=CC(C[*])C(C)CC,Bandgap,4.91,eV,polyverse_bandgap,train,clean,clean,measured_target
poly_2060,[*]CCCC1CCN(C(=O)Nc2ccc(Cc3ccc(NC(=O)N4CCC([*])CC4)cc3)cc2)CC1,Bandgap,4.5335,eV,polyverse_bandgap,train,clean,clean,measured_target
poly_587,[*]CC(C=C1)=CC=C1C(=S)C(S2)=CC=C2[*],Bandgap,2.7729,eV,polyverse_bandgap,train,clean,clean,measured_target
poly_1712,[*]CC([*])c1c(F)c(F)c(P(=O)(O)O)c(F)c1F,Bandgap,4.1594,eV,polyverse_bandgap,train,clean,clean,measured_target
poly_577,[*]CC(O)CN([*])c1cc(C)c(N=Nc2ccc(Cl)cc2)c(C)c1,Bandgap,2.7562,eV,polyverse_bandgap,train,clean,clean,measured_target
poly_1109,[*]C=Cc1cccc(C=Cc2cc([*])ncn2)c1,Bandgap,3.4447,eV,polyverse_bandgap,train,clean,clean,measured_target
poly_1486,[*]CC([*])C(=O)OCCOC(=O)c1cc([N+](=O)[O-])cc([N+](=O)[O-])c1,Bandgap,3.9042,eV,polyverse_bandgap,train,clean,clean,measured_target
poly_2982,[*]CCCC(=O)NCCCCCCNC(=O)CCCO[*],Bandgap,5.4466,eV,polyverse_bandgap,train,clean,clean,measured_target
poly_3737,[*]OC(=O)CCCCCCCCCC([*])=O,Bandgap,6.2631,eV,polyverse_bandgap,train,clean,clean,measured_target
poly_3861,[*]CC([*])(C)C(=O)OCCCCCC,Bandgap,6.4612,eV,polyverse_bandgap,train,clean,clean,measured_target
poly_394,[*]c1ccc(C(c2ccc(-n3c(=O)c4cc5c(=O)n([*])c(=O)c5cc4c3=O)cc2)(C(F)(F)F)C(F)(F)F)cc1,Bandgap,2.5118,eV,polyverse_bandgap,train,clean,clean,measured_target
poly_1028,[*]c1cccc(C(c2ccccc2)(c2cccc(N3C(=O)c4ccc(Oc5ccc6c(c5)C(=O)N([*])C6=O)cc4C3=O)c2)C(F)(F)F)c1,Bandgap,3.352,eV,polyverse_bandgap,train,clean,clean,measured_target
poly_2715,[*]Oc1ccc(CC(NC(=O)CCc2ccc(OC(=O)CCCCCCC([*])=O)cc2)C(=O)OCCCCCCCCCCCC)cc1,Bandgap,5.1610000000000005,eV,polyverse_bandgap,train,clean,clean,measured_target
poly_2209,[*]OC(C)COC(=O)c1cccc(C([*])=O)c1,Bandgap,4.6597,eV,polyverse_bandgap,train,clean,clean,measured_target
poly_1343,[*]Oc1ccc(C(c2ccc(OC(=O)c3cccc(C([*])=O)c3)cc2)C(Cl)(Cl)Cl)cc1,Bandgap,3.7183,eV,polyverse_bandgap,train,clean,clean,measured_target
poly_2666,[*]Oc1ccc(C(C)(C)c2ccc(Oc3nc([*])nc(OC)n3)cc2)cc1,Bandgap,5.1119,eV,polyverse_bandgap,train,clean,clean,measured_target
poly_1004,[*]c1ccc(Oc2ccc(-c3cnc4ccc(-c5ccc6ncc([*])nc6c5)cc4n3)cc2)cc1,Bandgap,3.3274,eV,polyverse_bandgap,train,clean,clean,measured_target
poly_2710,[*]CC(CS(=O)(=O)C(C)C)O[*],Bandgap,5.1555,eV,polyverse_bandgap,train,clean,clean,measured_target
poly_2771,[*]Cc1cc(CNC(=O)CCCCC(=O)N[*])cc(C(C)(C)C)c1,Bandgap,5.2158,eV,polyverse_bandgap,train,clean,clean,measured_target
poly_1781,[*]Oc1ccc(C(c2ccc(OC([*])=O)cc2)C2CCCCC2)cc1,Bandgap,4.2410000000000005,eV,polyverse_bandgap,train,clean,clean,measured_target
poly_3475,[*]OC([*])CCCCC,Bandgap,5.9463,eV,polyverse_bandgap,train,clean,clean,measured_target
poly_1945,[*]CCN(CCOC(=O)Nc1ccc(C)c(NC(=O)O[*])c1)c1ccccc1,Bandgap,4.4152,eV,polyverse_bandgap,train,clean,clean,measured_target
poly_3111,[*]CCSCCO[*],Bandgap,5.591,eV,polyverse_bandgap,train,clean,clean,measured_target
poly_3261,[*]CCOCCOC(=O)C(=O)O[*],Bandgap,5.7606,eV,polyverse_bandgap,train,clean,clean,measured_target
poly_796,[*]c1cc(Br)c(Oc2c(Br)cc(N3C(=O)c4ccc(-c5ccc6c(c5)C(=O)N([*])C6=O)cc4C3=O)cc2Br)c(Br)c1,Bandgap,3.034,eV,polyverse_bandgap,train,clean,clean,measured_target
poly_1612,[*]OCCOCCOc1cc([*])nc2ccccc12,Bandgap,4.0515,eV,polyverse_bandgap,train,clean,clean,measured_target
poly_1818,[*]CC(c1ccccc1)C1C(=O)N(c2ccc(C(=O)Oc3ccc(C=O)cc3)cc2)C(=O)C1[*],Bandgap,4.2725,eV,polyverse_bandgap,train,clean,clean,measured_target
poly_1906,[*]OC(COc1ccccc1)CC([*])=O,Bandgap,4.3685,eV,polyverse_bandgap,train,clean,clean,measured_target
poly_3078,[*]C=CC(C)C([*])C(=O)OC,Bandgap,5.5526,eV,polyverse_bandgap,train,clean,clean,measured_target
poly_3370,[*]C=CCCCCCCCC[*],Bandgap,5.856,eV,polyverse_bandgap,train,clean,clean,measured_target
poly_1265,[*]Oc1ccc(C(c2ccccc2)c2ccc(OC(=O)c3ccc(C([*])=O)cc3)cc2)cc1,Bandgap,3.6355,eV,polyverse_bandgap,train,clean,clean,measured_target
poly_1400,[*]Oc1ccc(C(C)c2ccc(OC(=O)c3ccc(Oc4ccc(C([*])=O)cc4)cc3)cc2)cc1,Bandgap,3.79,eV,polyverse_bandgap,train,clean,clean,measured_target
poly_3028,[*]CCCCCCCc1nnc([*])n1N,Bandgap,5.5033,eV,polyverse_bandgap,train,clean,clean,measured_target
poly_1660,[*]Oc1ccc(OC(=O)c2ccc(OCCOc3ccc(C([*])=O)cc3)cc2)cc1C,Bandgap,4.0998,eV,polyverse_bandgap,train,clean,clean,measured_target
poly_692,[*]C(C=C1)=CC=C1OC(=S)C(S2)=CC=C2[*],Bandgap,2.9181,eV,polyverse_bandgap,train,clean,clean,measured_target
poly_430,[*]C(=O)c1ccc2c(c1)C(=O)N(c1ccc(-c3ccc(N4C(=O)c5ccc([*])cc5C4=O)c(OC)c3)cc1OC)C2=O,Bandgap,2.5507,eV,polyverse_bandgap,train,clean,clean,measured_target
poly_2421,[*]CCc1cc(C)c([*])cc1C,Bandgap,4.8782,eV,polyverse_bandgap,train,clean,clean,measured_target
poly_4072,[*]CC1CCC(COC(=O)CCCCCCC(=O)O[*])CC1,Bandgap,6.7519,eV,polyverse_bandgap,train,clean,clean,measured_target
poly_1201,[*]NC(C#N)=C(C#N)NC(=O)c1ccc(C([*])=O)cc1,Bandgap,3.5611,eV,polyverse_bandgap,train,clean,clean,measured_target
poly_1617,[*]Nc1ccc(-c2ccc(NC(=O)CCCCCCCCC([*])=O)c(O)c2)cc1O,Bandgap,4.0536,eV,polyverse_bandgap,train,clean,clean,measured_target
poly_4156,[*]CCCCOC(=O)O[*],Bandgap,7.1273,eV,polyverse_bandgap,train,clean,clean,measured_target
poly_1225,[*]c1cccc(-c2cc([*])cc3c2NC(C)(C)OC3(C)C)c1,Bandgap,3.5944,eV,polyverse_bandgap,train,clean,clean,measured_target
poly_540,[*]Nc1cc(NC(=O)c2ccc3cc(C([*])=O)ccc3c2)cc(C(=O)OCCOc2ccc(C=CC(=O)c3ccccc3)cc2)c1,Bandgap,2.7088,eV,polyverse_bandgap,train,clean,clean,measured_target
poly_695,[*]C(=O)Nc1cccc(C#Cc2cccc(N3C(=O)c4ccc([*])cc4C3=O)c2)c1,Bandgap,2.9195,eV,polyverse_bandgap,train,clean,clean,measured_target
poly_2039,[*]CCOC(=O)c1cccc(C(=O)O[*])c1,Bandgap,4.5156,eV,polyverse_bandgap,train,clean,clean,measured_target
poly_1875,[*]CCCCCCCCCCCCc1nc2cc3sc([*])nc3cc2s1,Bandgap,4.3242,eV,polyverse_bandgap,train,clean,clean,measured_target
poly_2323,[*]CCCOC(=O)c1ccc(C(=O)O[*])cc1,Bandgap,4.775,eV,polyverse_bandgap,train,clean,clean,measured_target
poly_4070,[*]CC(F)(F)C(F)(F)C(F)(F)COC(=O)NCC(F)(F)C(F)(F)C(F)(F)C(F)(F)CNC(=O)O[*],Bandgap,6.7502,eV,polyverse_bandgap,train,clean,clean,measured_target
poly_3414,[*]CCCCOC(=O)NC1CCC(CC2CCC(NC(=O)O[*])CC2)CC1,Bandgap,5.8831,eV,polyverse_bandgap,train,clean,clean,measured_target
poly_332,[*]c1ccc(Oc2cccc(Oc3ccc(-n4c(=O)c5cc6c(=O)n([*])c(=O)c6cc5c4=O)cc3)c2)cc1,Bandgap,2.4395,eV,polyverse_bandgap,train,clean,clean,measured_target
poly_3442,[*]CCCNC(=O)CCCCCCCCC(=O)NCCCOCCO[*],Bandgap,5.9081,eV,polyverse_bandgap,train,clean,clean,measured_target
poly_2125,[*]CC(S1)=CC=C1CO[*],Bandgap,4.5918,eV,polyverse_bandgap,train,clean,clean,measured_target
poly_2617,[*]CC([*])c1cccc(C)c1,Bandgap,5.0775,eV,polyverse_bandgap,train,clean,clean,measured_target
poly_530,[*]c1cc(CCOCCOC)c([*])[nH]1,Bandgap,2.6864,eV,polyverse_bandgap,train,clean,clean,measured_target
poly_2949,[*]CC1(CO[*])CC=C(C)CC1,Bandgap,5.4083,eV,polyverse_bandgap,train,clean,clean,measured_target
poly_2822,[*]CCCOC(=O)NCCSCCSCCNC(=O)O[*],Bandgap,5.2664,eV,polyverse_bandgap,train,clean,clean,measured_target
poly_3762,[*]CCCOC(=O)C(C)O[*],Bandgap,6.3052,eV,polyverse_bandgap,train,clean,clean,measured_target
poly_1367,[*]Oc1ccc(S(=O)(=O)c2ccc(-c3ccc(-c4ccc(S(=O)(=O)c5ccc([*])cc5)cc4)cc3)cc2)cc1,Bandgap,3.7446,eV,polyverse_bandgap,train,clean,clean,measured_target
poly_1111,[*]c1ccc2c(c1)c1cc([*])ccc1n2C=C,Bandgap,3.4473,eV,polyverse_bandgap,train,clean,clean,measured_target
poly_1965,[*]Oc1c(CC)cc([*])cc1-c1ccccc1,Bandgap,4.4322,eV,polyverse_bandgap,train,clean,clean,measured_target
poly_2189,[*]Cc1ccc(C[*])c(C#N)c1,Bandgap,4.6467,eV,polyverse_bandgap,train,clean,clean,measured_target
poly_3124,[*]NC(C)CNC(=O)C1CC1C([*])=O,Bandgap,5.6076,eV,polyverse_bandgap,train,clean,clean,measured_target
poly_1648,[*]Cc1ccc(-c2ccc(C(=O)O[*])cc2)cc1,Bandgap,4.0877,eV,polyverse_bandgap,train,clean,clean,measured_target
poly_468,[*]NC(S1)=CC=C1NC(S2)=CC=C2[*],Bandgap,2.5938,eV,polyverse_bandgap,train,clean,clean,measured_target
poly_2861,[*]OC(COC([*])=O)COc1ccccc1,Bandgap,5.3091,eV,polyverse_bandgap,train,clean,clean,measured_target
poly_49,[*]C1=CC2=NC([*])=CC2=N1,Bandgap,1.3597,eV,polyverse_bandgap,train,clean,clean,measured_target
poly_2875,[*]CCN([*])C(=O)C(C)(C)C,Bandgap,5.3244,eV,polyverse_bandgap,train,clean,clean,measured_target
poly_2486,[*]NC(CC(N)=O)C([*])=O,Bandgap,4.9343,eV,polyverse_bandgap,train,clean,clean,measured_target
poly_2262,[*]OC(=O)CCSCCSCCC([*])=O,Bandgap,4.7109,eV,polyverse_bandgap,train,clean,clean,measured_target
poly_4030,[*]CCCCCCCCCOC(=O)C(O)C(O)C(=O)O[*],Bandgap,6.6774,eV,polyverse_bandgap,train,clean,clean,measured_target
poly_738,[*]Oc1ccc(C=Nc2ccc(N=Cc3ccc([*])cc3)cc2)cc1,Bandgap,2.9641,eV,polyverse_bandgap,train,clean,clean,measured_target
poly_529,[*]Oc1ccc(N=Nc2ccc(C([*])=O)cc2)c2ccccc12,Bandgap,2.6854,eV,polyverse_bandgap,train,clean,clean,measured_target
poly_2761,[*]CCc1ccc([*])cc1,Bandgap,5.2055,eV,polyverse_bandgap,train,clean,clean,measured_target
poly_454,[*]c1cccc(Oc2cccc(-n3c(=O)c4cc5c(=O)n([*])c(=O)c5cc4c3=O)c2)c1,Bandgap,2.5785,eV,polyverse_bandgap,train,clean,clean,measured_target
poly_1798,[*]Oc1ccc(C(C)=NN=C(C)c2ccc(OC(=O)CCCCCCCCC([*])=O)cc2)cc1,Bandgap,4.2541,eV,polyverse_bandgap,train,clean,clean,measured_target
poly_1289,[*]c1ccc(-c2ccc([*])c(Cl)c2)cc1Cl,Bandgap,3.6549,eV,polyverse_bandgap,train,clean,clean,measured_target
poly_2852,[*]CCCOC(=O)Nc1cc(NC(=O)O[*])ccc1C,Bandgap,5.3025,eV,polyverse_bandgap,train,clean,clean,measured_target
poly_880,[*]c1ccc(-c2nc3cc(Oc4ccc5nc([*])c(-c6ccccc6)nc5c4)ccc3nc2-c2ccccc2)cc1,Bandgap,3.1583,eV,polyverse_bandgap,train,clean,clean,measured_target
poly_3744,[*]CC([*])C(=O)OCC(F)(F)C(F)(F)C(F)(F)C(F)(F)F,Bandgap,6.2702,eV,polyverse_bandgap,train,clean,clean,measured_target
poly_945,[*]Nc1ccc(C(C)(C)c2ccc(NC(=O)c3cc(C([*])=O)cc(S(=O)(=O)c4ccccc4)c3)cc2)cc1,Bandgap,3.2508,eV,polyverse_bandgap,train,clean,clean,measured_target
poly_1281,[*]Nc1ccc(NC(=O)c2cc(NC(=O)c3ccncc3)cc(C([*])=O)c2)cc1,Bandgap,3.6492,eV,polyverse_bandgap,train,clean,clean,measured_target
poly_4013,[*]CC([*])(C)C(=O)OCC(F)(F)F,Bandgap,6.6593,eV,polyverse_bandgap,train,clean,clean,measured_target
poly_2986,[*]OC(CCc1ccccc1)CC([*])=O,Bandgap,5.449,eV,polyverse_bandgap,train,clean,clean,measured_target
poly_1806,[*]CCOCCOc1ccc(C=C(C)c2ccc(O[*])cc2)cc1,Bandgap,4.2636,eV,polyverse_bandgap,train,clean,clean,measured_target
poly_1003,[*]Cc1nc2cc3sc([*])nc3cc2s1,Bandgap,3.3248,eV,polyverse_bandgap,train,clean,clean,measured_target
poly_1981,[*]CCOC(=O)c1ccc(C(=O)NCCCCCCCCCCCCNC(=O)c2ccc(C(=O)O[*])cc2)cc1,Bandgap,4.4473,eV,polyverse_bandgap,train,clean,clean,measured_target
poly_3710,[*]CNC(=O)NCOC(=O)NCCCCCCNC(=O)O[*],Bandgap,6.2287,eV,polyverse_bandgap,train,clean,clean,measured_target
poly_1166,[*]Oc1ccc(Oc2ccc(OC(=O)c3ccc(Oc4ccc(Oc5ccc(C([*])=O)cc5)cc4)cc3)cc2)cc1,Bandgap,3.5181,eV,polyverse_bandgap,train,clean,clean,measured_target
poly_3863,[*]CCOCO[*],Bandgap,6.4615,eV,polyverse_bandgap,train,clean,clean,measured_target
poly_2684,[*]C(C)=C([*])CCCCC,Bandgap,5.1297,eV,polyverse_bandgap,train,clean,clean,measured_target
poly_331,[*]c1ccc(C(CCCCCCCC)c2ccc(-n3c(=O)c4cc5c(=O)n([*])c(=O)c5cc4c3=O)cc2)cc1,Bandgap,2.4391,eV,polyverse_bandgap,train,clean,clean,measured_target
poly_949,[*]C(=O)C(C=C1)=CC=C1C(=S)O[*],Bandgap,3.2523,eV,polyverse_bandgap,train,clean,clean,measured_target
poly_3440,[*]CCCCCCCCC(=O)NCCCCCOCCCCCNC(=O)CCCO[*],Bandgap,5.9069,eV,polyverse_bandgap,train,clean,clean,measured_target
poly_3885,[*]CCCCCCOC(=O)C1CCC(C(=O)O[*])CC1,Bandgap,6.4846,eV,polyverse_bandgap,train,clean,clean,measured_target
poly_2788,[*]OC(C)COC(=O)C([*])=O,Bandgap,5.229,eV,polyverse_bandgap,train,clean,clean,measured_target
poly_2469,[*]CC([*])(C)C(=O)OCc1ccc(Cl)cc1,Bandgap,4.9171,eV,polyverse_bandgap,train,clean,clean,measured_target
poly_3698,[*]OC(=O)CCCCCCCCCCC([*])=O,Bandgap,6.2095,eV,polyverse_bandgap,train,clean,clean,measured_target
poly_3455,[*]C1CCOC1[*],Bandgap,5.9277,eV,polyverse_bandgap,train,clean,clean,measured_target
poly_3733,[*]CCCOC(=O)CCC(C)CC(=O)O[*],Bandgap,6.2599,eV,polyverse_bandgap,train,clean,clean,measured_target
poly_2635,[*]CC(CO[*])(CSC)CSC,Bandgap,5.0864,eV,polyverse_bandgap,train,clean,clean,measured_target
poly_982,[*]c1cc([*])c(O)c(C=O)c1,Bandgap,3.2968,eV,polyverse_bandgap,train,clean,clean,measured_target
poly_38,[*]CC([*])C(=O)n1sc2ccccc2c1=O,Bandgap,1.2332,eV,polyverse_bandgap,train,clean,clean,measured_target
poly_199,[*]C#CC#Cc1ccc([*])cc1,Bandgap,2.103,eV,polyverse_bandgap,train,clean,clean,measured_target
poly_637,[*]C(=O)c1ccc2c(c1)C(=O)N(c1ccc(C(=O)c3cccc(C(=O)c4ccc(N5C(=O)c6ccc([*])cc6C5=O)cc4)c3)cc1)C2=O,Bandgap,2.8442,eV,polyverse_bandgap,train,clean,clean,measured_target
poly_1026,[*]C(=O)c1ccc2c(c1)C(=O)N(c1cccc(C(=O)c3cccc(N4C(=O)c5ccc([*])cc5C4=O)c3)c1)C2=O,Bandgap,3.3505,eV,polyverse_bandgap,train,clean,clean,measured_target
poly_935,[*]Nc1ccc(-c2ccc(NC(=O)c3cc(NC(=O)c4ccncc4)cc(C([*])=O)c3)cc2)cc1,Bandgap,3.2276,eV,polyverse_bandgap,train,clean,clean,measured_target
poly_2002,[*]CC(=O)NC(S1)=CC=C1[*],Bandgap,4.4733,eV,polyverse_bandgap,train,clean,clean,measured_target
poly_3336,[*]CC=CCOC(=O)NCCCCCCNC(=O)O[*],Bandgap,5.818,eV,polyverse_bandgap,train,clean,clean,measured_target
poly_2746,[*]CCCCCCCCCCCCCCS[*],Bandgap,5.1904,eV,polyverse_bandgap,train,clean,clean,measured_target
poly_1559,[*]c1ccc([*])c(C(=O)c2c(F)c(F)c(F)c(F)c2F)c1,Bandgap,3.9946,eV,polyverse_bandgap,train,clean,clean,measured_target
poly_2832,[*]Oc1ccc(OC(=O)Oc2ccc(OC([*])=O)cc2)cc1C,Bandgap,5.2809,eV,polyverse_bandgap,train,clean,clean,measured_target
poly_3792,[*]CCC(C(=O)OCC)C([*])C(=O)OCC,Bandgap,6.3468,eV,polyverse_bandgap,train,clean,clean,measured_target
poly_3487,[*]CCCCCCCCNC(=O)CC(=O)N[*],Bandgap,5.9535,eV,polyverse_bandgap,train,clean,clean,measured_target
poly_2633,[*]CCOCCOC(=O)CCCCSCCCCC(=O)O[*],Bandgap,5.0861,eV,polyverse_bandgap,train,clean,clean,measured_target
poly_3946,[*]CCCCCCCCCCOC(=O)CCC(=O)O[*],Bandgap,6.569,eV,polyverse_bandgap,train,clean,clean,measured_target
poly_2040,[*]NC(=O)C(C=C1)=CC=C1O[*],Bandgap,4.5161,eV,polyverse_bandgap,train,clean,clean,measured_target
poly_1323,[*]CC(=O)OCCCCCCOC(=O)Cn1c(=O)c2cc3c(=O)n([*])c(=O)c3cc2c1=O,Bandgap,3.6959,eV,polyverse_bandgap,train,clean,clean,measured_target
poly_320,[*]C(S1)=CC=C1C(=S)OC(=S)[*],Bandgap,2.4259,eV,polyverse_bandgap,train,clean,clean,measured_target
poly_37,[*]C#CC=C[*],Bandgap,1.2297,eV,polyverse_bandgap,train,clean,clean,measured_target
poly_1986,[*]Oc1c(Cl)cc([*])cc1Cl,Bandgap,4.4578,eV,polyverse_bandgap,train,clean,clean,measured_target
poly_3272,[*]CCCCCCCCCCOC(=O)NNC(=O)CCCCCCCCC(=O)NNC(=O)O[*],Bandgap,5.7644,eV,polyverse_bandgap,train,clean,clean,measured_target
poly_3527,[*]CCCCCCCCCCCCOC(=O)CC=CCC(=O)O[*],Bandgap,5.9978,eV,polyverse_bandgap,train,clean,clean,measured_target
poly_3200,[*]CC(CBr)(CBr)CO[*],Bandgap,5.6999,eV,polyverse_bandgap,train,clean,clean,measured_target
poly_1353,[*]c1ccc(OC(=O)c2cccc(C(=O)Oc3ccc(C4([*])OC(=O)c5ccccc54)cc3)c2)cc1,Bandgap,3.7309,eV,polyverse_bandgap,train,clean,clean,measured_target
poly_4117,[*]CC(F)(F)C(F)(F)C(F)(F)C(F)(F)COC(=O)CC(CC(=O)O[*])C(F)(F)C(F)(F)C(F)(F)F,Bandgap,6.872999999999998,eV,polyverse_bandgap,train,clean,clean,measured_target
poly_3459,[*]CCCCCCCCCNC(=O)CCCCCC(=O)N[*],Bandgap,5.9333,eV,polyverse_bandgap,train,clean,clean,measured_target
poly_896,[*]c1ccc(Oc2ccc(-c3cnc4cc(-c5ccc6nc([*])cnc6c5)ccc4n3)cc2)cc1,Bandgap,3.1727,eV,polyverse_bandgap,train,clean,clean,measured_target
poly_2897,[*]CCCCNC(=O)CCCCCCCC(=O)NCCCCNC(=O)C(=O)N[*],Bandgap,5.3456,eV,polyverse_bandgap,train,clean,clean,measured_target
poly_3234,[*]CCCCCCNC(=O)CCCCCCCCCCC(=O)N[*],Bandgap,5.7331,eV,polyverse_bandgap,train,clean,clean,measured_target
poly_2744,[*]CNCN[*],Bandgap,5.1891,eV,polyverse_bandgap,train,clean,clean,measured_target
poly_3376,[*]ON(C(F)(F)F)C(F)(Br)C([*])(F)F,Bandgap,5.8588,eV,polyverse_bandgap,train,clean,clean,measured_target
poly_1988,[*]OC(=O)Oc1ccc(C(=O)Oc2ccc(OC(=O)OC3COC4C([*])COC34)cc2)cc1,Bandgap,4.4586,eV,polyverse_bandgap,train,clean,clean,measured_target
poly_2339,[*]Oc1ccc(C(c2ccccc2)(c2ccccc2)c2ccc(OC([*])=O)cc2)cc1,Bandgap,4.7943,eV,polyverse_bandgap,train,clean,clean,measured_target
poly_993,[*]C(=O)Nc1cccc(NC(=O)c2ccc(-c3nc4cc([*])ccc4[nH]3)cc2)c1,Bandgap,3.3128,eV,polyverse_bandgap,train,clean,clean,measured_target
poly_1095,[*]c1ccc(Oc2ccc(S(=O)(=O)c3ccc(Oc4ccc(-c5c6c(c([*])c7ccccc57)C(=O)N(C)C6=O)cc4)cc3)cc2)cc1,Bandgap,3.4309,eV,polyverse_bandgap,train,clean,clean,measured_target
poly_1561,[*]Oc1ccc(Cc2ccc(OC(=O)c3ccc(C(C)(C)c4ccc(C([*])=O)cc4)cc3)cc2)cc1,Bandgap,3.9978,eV,polyverse_bandgap,train,clean,clean,measured_target
poly_1761,[*]Oc1ccc(S(=O)(=O)c2ccc(Oc3ccc(C(C)(C)c4ccc([*])c([N-][N+]#N)c4)cc3[N-][N+]#N)cc2)c([N-][N+]#N)c1,Bandgap,4.2075,eV,polyverse_bandgap,train,clean,clean,measured_target
poly_283,[*]c1ccc2ccc3c([*])cc(C#CC=C)c4ccc1c2c34,Bandgap,2.3431,eV,polyverse_bandgap,train,clean,clean,measured_target
poly_616,[*]c1ccc(Oc2ccc(-c3cnc4cc5ncc([*])nc5cc4n3)cc2)cc1,Bandgap,2.8104,eV,polyverse_bandgap,train,clean,clean,measured_target
poly_3611,[*]CCOCCOCCOC(=O)CCC(C)CC(=O)O[*],Bandgap,6.0773,eV,polyverse_bandgap,train,clean,clean,measured_target
poly_2638,[*]Oc1ccc(C(C)(C)c2ccc(OC(=O)CCCCC([*])=O)cc2)cc1,Bandgap,5.0915,eV,polyverse_bandgap,train,clean,clean,measured_target
poly_2247,[*]CC(=O)OC(S1)=CC=C1[*],Bandgap,4.7036,eV,polyverse_bandgap,train,clean,clean,measured_target
poly_4035,[*]CCCCCCCCOC(=O)CCCCCCC(=O)O[*],Bandgap,6.6874,eV,polyverse_bandgap,train,clean,clean,measured_target
poly_1306,[*]c1ccc(-n2ccc(-c3cccc(-c4ccn([*])n4)c3)n2)cc1,Bandgap,3.673,eV,polyverse_bandgap,train,clean,clean,measured_target
poly_2252,[*]c1ccc(C(C#N)(C(=O)OCCCC)C([*])(C#N)C(=O)OCCCC)cc1,Bandgap,4.7052,eV,polyverse_bandgap,train,clean,clean,measured_target
poly_3786,[*]CCOCCC(=O)O[*],Bandgap,6.3366,eV,polyverse_bandgap,train,clean,clean,measured_target
poly_458,[*]CC(O)CN([*])c1ccc(N=Nc2ccc(Cl)cc2)cc1,Bandgap,2.5842,eV,polyverse_bandgap,train,clean,clean,measured_target
poly_3054,[*]CCOCCOC(=O)C(CCCCC)C(=O)O[*],Bandgap,5.5316,eV,polyverse_bandgap,train,clean,clean,measured_target
poly_1828,[*]Oc1cccc(NC(=O)c2cccc(C(=O)Nc3ccc([*])cc3)c2)c1,Bandgap,4.2795,eV,polyverse_bandgap,train,clean,clean,measured_target
poly_2135,[*]Cc1ccc(COC(=O)C(=O)O[*])cc1,Bandgap,4.5995,eV,polyverse_bandgap,train,clean,clean,measured_target
poly_2077,[*]CC(C)(C)COC(=O)Cc1ccc(C(=O)O[*])cc1,Bandgap,4.5496,eV,polyverse_bandgap,train,clean,clean,measured_target
poly_3299,[*]CCCCCCOC(=O)CC=CCC(=O)O[*],Bandgap,5.7875,eV,polyverse_bandgap,train,clean,clean,measured_target
poly_657,[*]C(=O)Nc1ccc(NC(=O)c2ccc3c(c2)C(=O)N(c2ccc(Oc4cccc5c(N6C(=O)c7ccc([*])cc7C6=O)cccc45)cc2)C3=O)cc1,Bandgap,2.8733,eV,polyverse_bandgap,train,clean,clean,measured_target
poly_755,[*]c1ccc(-c2ccc(N3C(=O)c4ccc(Oc5ccc6c(c5)C(=O)N([*])C6=O)cc4C3=O)cc2)cc1,Bandgap,2.9797,eV,polyverse_bandgap,train,clean,clean,measured_target
poly_513,[*]CC(O)CN([*])c1ccc(N=Nc2ccc([N+](=O)[O-])cc2)cc1,Bandgap,2.6710000000000003,eV,polyverse_bandgap,train,clean,clean,measured_target
poly_366,[*]c1ccc(C(C)(C)c2ccc(-n3c(=O)c4cc5c(=O)n([*])c(=O)c5cc4c3=O)cc2)cc1,Bandgap,2.4821,eV,polyverse_bandgap,train,clean,clean,measured_target
poly_3323,[*]OC1C(COC(C)=O)OC([*])C(OC(C)=O)C1OC(C)=O,Bandgap,5.8073,eV,polyverse_bandgap,train,clean,clean,measured_target
poly_52,[*]c1cc(OCCOCCOC)c([*])s1,Bandgap,1.3804,eV,polyverse_bandgap,train,clean,clean,measured_target
poly_2094,[*]CCCCCCSSCCCCSS[*],Bandgap,4.5658,eV,polyverse_bandgap,train,clean,clean,measured_target
poly_1362,[*]CCCCCCCCCCn1c(=O)c2cc3c(=O)n([*])c(=O)c3cc2c1=O,Bandgap,3.7391,eV,polyverse_bandgap,train,clean,clean,measured_target
poly_2604,[*]OP(=O)(Oc1ccccc1)Oc1ccc([*])cc1,Bandgap,5.0582,eV,polyverse_bandgap,train,clean,clean,measured_target
poly_2447,[*]Oc1ccc(C(C)(C)c2ccc(OC([*])=O)cc2)cc1,Bandgap,4.9030000000000005,eV,polyverse_bandgap,train,clean,clean,measured_target
poly_1618,[*]COc1ccc(C=C(C)c2ccc(O[*])cc2)cc1,Bandgap,4.0556,eV,polyverse_bandgap,train,clean,clean,measured_target
poly_44,[*]c1cc(OCCCCCCC)c([*])s1,Bandgap,1.3206,eV,polyverse_bandgap,train,clean,clean,measured_target
poly_1263,[*]C(=O)CCN1CCN(CCC(=O)N2CCN([*])CC2)CC1,Bandgap,3.6334,eV,polyverse_bandgap,train,clean,clean,measured_target
poly_691,[*]C(=O)Nc1cccc(NC(=O)c2ccc3c(c2)C(=O)N(c2ccc(S(=O)(=O)c4ccc(N5C(=O)c6ccc([*])cc6C5=O)cc4)cc2)C3=O)c1,Bandgap,2.9166,eV,polyverse_bandgap,train,clean,clean,measured_target
poly_3780,[*]OC(C)CCOC(=O)CCC([*])=O,Bandgap,6.3305,eV,polyverse_bandgap,train,clean,clean,measured_target
poly_2570,[*]Oc1ccc(NC(=O)NCCCCCCNC([*])=O)cc1,Bandgap,5.0159,eV,polyverse_bandgap,train,clean,clean,measured_target
poly_2436,[*]Cc1ccc(CO[*])cc1,Bandgap,4.8948,eV,polyverse_bandgap,train,clean,clean,measured_target
poly_3839,[*]CC(CCl)(CBr)COC(=O)CCCCC(=O)O[*],Bandgap,6.4220000000000015,eV,polyverse_bandgap,train,clean,clean,measured_target
poly_2915,[*]OC(C)C(=O)NC(C)C([*])=O,Bandgap,5.3712,eV,polyverse_bandgap,train,clean,clean,measured_target
poly_1182,[*]c1ccc2[nH]c([*])nc2c1,Bandgap,3.5433,eV,polyverse_bandgap,train,clean,clean,measured_target
poly_3248,N([*])C(=O)CCCC(=O)NCCCCCCCC([*]),Bandgap,5.7409,eV,polyverse_bandgap,train,clean,clean,measured_target
poly_3784,[*]CC1CCC(COCO[*])CC1,Bandgap,6.3338,eV,polyverse_bandgap,train,clean,clean,measured_target
poly_476,[*]C(=O)Nc1ccc(C(=O)Nc2ccc(NC(=O)c3ccc4[nH]c(-c5ccc(-c6nc7cc([*])ccc7[nH]6)cc5)nc4c3)cc2)cc1,Bandgap,2.6126,eV,polyverse_bandgap,train,clean,clean,measured_target
poly_1872,[*]Oc1ccc(S(=O)(=O)c2ccc([*])cc2)cc1,Bandgap,4.3214,eV,polyverse_bandgap,train,clean,clean,measured_target
poly_3923,[*]CC([*])(C)C(=O)OCCO,Bandgap,6.5304,eV,polyverse_bandgap,train,clean,clean,measured_target
poly_3759,[*]CC(CCl)(CO[*])COC(C)=O,Bandgap,6.2977,eV,polyverse_bandgap,train,clean,clean,measured_target
poly_1937,[*]CC(C=C1)=CC=C1NC(C=C2)=CC=C2[*],Bandgap,4.4071,eV,polyverse_bandgap,train,clean,clean,measured_target
poly_3061,[*]OC1CCCCCC1[*],Bandgap,5.5416,eV,polyverse_bandgap,train,clean,clean,measured_target
poly_475,[*]CC(=S)C(C=C1)=CC=C1N[*],Bandgap,2.6121,eV,polyverse_bandgap,train,clean,clean,measured_target
poly_4205,C(F)(F)CC(F)(F)O,Bandgap,9.1922,eV,polyverse_bandgap,train,clean,clean,measured_target
poly_275,[*]NC(C=C1)=CC=C1C(=S)C(C=C2)=CC=C2[*],Bandgap,2.3252,eV,polyverse_bandgap,train,clean,clean,measured_target
poly_3409,[*]CC(=O)NCCCCCCNC(=O)COC(=O)CCCCCCC(=O)O[*],Bandgap,5.8774,eV,polyverse_bandgap,train,clean,clean,measured_target
poly_694,[*]c1cc(Br)c(Oc2c(Br)cc(N3C(=O)c4ccc(S(=O)(=O)c5ccc6c(c5)C(=O)N([*])C6=O)cc4C3=O)cc2Br)c(Br)c1,Bandgap,2.9195,eV,polyverse_bandgap,train,clean,clean,measured_target
poly_1982,[*]CCCCCCC(=O)OCCOC(=O)c1ccc(O[*])cc1,Bandgap,4.4498,eV,polyverse_bandgap,train,clean,clean,measured_target
poly_3138,[*]C1CCC(CC2CCC(N3C(=O)C4C5C=CC(C6C(=O)N([*])C(=O)C56)C4C3=O)CC2)CC1,Bandgap,5.6263,eV,polyverse_bandgap,train,clean,clean,measured_target
poly_3702,[*]CCCCCCCCCCCCCCOC(=O)CC=CCC(=O)O[*],Bandgap,6.2176,eV,polyverse_bandgap,train,clean,clean,measured_target
poly_1948,[*]C=CC1CC([*])C2C(=O)N(c3ccccc3C)C(=O)C12,Bandgap,4.4184,eV,polyverse_bandgap,train,clean,clean,measured_target
poly_3239,[*]CC1(CO[*])CC2CCC1CC2,Bandgap,5.7352,eV,polyverse_bandgap,train,clean,clean,measured_target
poly_4062,[*]CCCCCCCCCCCCOC(=O)CCCCC(=O)O[*],Bandgap,6.7363,eV,polyverse_bandgap,train,clean,clean,measured_target
poly_2731,[*]CCCCNC(=O)C(OC)C(OC)C(=O)N[*],Bandgap,5.1811,eV,polyverse_bandgap,train,clean,clean,measured_target
poly_2723,[*]OC(C)COC(=O)Cc1ccc(CC([*])=O)cc1,Bandgap,5.1711,eV,polyverse_bandgap,train,clean,clean,measured_target
poly_2233,[*]CCCNC(=O)c1ccc(C(=O)N[*])cc1,Bandgap,4.6883,eV,polyverse_bandgap,train,clean,clean,measured_target
poly_3958,[*]OC1CCC(OC(=O)OCCCCOC([*])=O)CC1,Bandgap,6.5845,eV,polyverse_bandgap,train,clean,clean,measured_target
poly_33,[*]c1cc2c(s1)-c1sc([*])cc1C2=O,Bandgap,1.1662,eV,polyverse_bandgap,train,clean,clean,measured_target
poly_3908,[*]CC(OC(C)=O)C(COC(=O)O[*])OC(C)=O,Bandgap,6.5157,eV,polyverse_bandgap,train,clean,clean,measured_target
poly_3153,[*]C12CC3CC([*])(C1)CC(CCCC)(C3)C2,Bandgap,5.6409,eV,polyverse_bandgap,train,clean,clean,measured_target
poly_1418,[*]C(=O)NNC(=O)C(=O)NNC(=O)c1cncc([*])n1,Bandgap,3.8132,eV,polyverse_bandgap,train,clean,clean,measured_target
poly_2585,[*]C(=O)NCCCCCCNC(=O)C1=COC=C([*])O1,Bandgap,5.0297,eV,polyverse_bandgap,train,clean,clean,measured_target
poly_887,[*]c1cc([*])c(O)c(C=Nc2ccc(S(=O)(=O)O)cc2)c1,Bandgap,3.1631,eV,polyverse_bandgap,train,clean,clean,measured_target
poly_3952,[*]CCCCCCCCCC(=O)O[*],Bandgap,6.5763,eV,polyverse_bandgap,train,clean,clean,measured_target
poly_1913,[*]CCOC(=O)c1ccc(-c2ccc(C(=O)O[*])cc2C)c(C)c1,Bandgap,4.3776,eV,polyverse_bandgap,train,clean,clean,measured_target
poly_3233,[*]NC1CCC(CC2CCC(NC(=O)CCCCCCCCC([*])=O)CC2)CC1,Bandgap,5.7313,eV,polyverse_bandgap,train,clean,clean,measured_target
poly_1351,[*]c1ccc(Oc2ccc(C(c3ccc(Oc4ccc(-c5nnc([*])n5-c5ccc(C)cc5)cc4)cc3)(C(F)(F)F)C(F)(F)F)cc2)cc1,Bandgap,3.7304,eV,polyverse_bandgap,train,clean,clean,measured_target
poly_938,[*]c1ccc(-c2cc(-c3ccccc3)c3cc(-c4ccc5nc([*])cc(-c6ccccc6)c5c4)ccc3n2)cc1,Bandgap,3.236,eV,polyverse_bandgap,train,clean,clean,measured_target
poly_1866,[*]CCOCCOCCOC(=O)CSC(=O)Nc1ccc(C)c(NC(=O)SCC(=O)O[*])c1,Bandgap,4.3129,eV,polyverse_bandgap,train,clean,clean,measured_target
poly_1009,[*]Nc1cc(OCC)c([*])cc1OCC,Bandgap,3.3328,eV,polyverse_bandgap,train,clean,clean,measured_target
poly_2900,[*]CCCN(Cc1ccccc1)C(=O)S[*],Bandgap,5.347,eV,polyverse_bandgap,train,clean,clean,measured_target
poly_46,[*]c1sc([*])c2c1OCCO2,Bandgap,1.338,eV,polyverse_bandgap,train,clean,clean,measured_target
poly_4067,[*]CCCCCCCCCCCCCCCC(=O)O[*],Bandgap,6.7472,eV,polyverse_bandgap,train,clean,clean,measured_target
poly_3378,[*]CCCCCCCCCCc1nnc([*])n1N,Bandgap,5.8601,eV,polyverse_bandgap,train,clean,clean,measured_target
poly_2276,[*]CC([*])c1cc(C)cc(C)c1,Bandgap,4.7319,eV,polyverse_bandgap,train,clean,clean,measured_target
poly_3416,[*]c1nnc(C2CC3(CC([*])C3)C2)o1,Bandgap,5.8846,eV,polyverse_bandgap,train,clean,clean,measured_target
poly_2501,[*]CCc1c(C)c(C)c([*])c(C)c1C,Bandgap,4.9425,eV,polyverse_bandgap,train,clean,clean,measured_target
poly_801,[*]c1ccc(-c2nc3ccc(-c4ccc5nc([*])c(-c6ccccc6)nc5c4)cc3nc2-c2ccccc2)cc1,Bandgap,3.0402,eV,polyverse_bandgap,train,clean,clean,measured_target
poly_2912,[*]CCC(Cl)=C([*])Cl,Bandgap,5.3651,eV,polyverse_bandgap,train,clean,clean,measured_target
poly_1490,[*]c1ccc(Sc2cccc(Sc3ccc(S([*])=O)cc3)c2)cc1,Bandgap,3.9082,eV,polyverse_bandgap,train,clean,clean,measured_target
poly_4071,[*]CCCCCCCCCCOC(=O)CCCCCCCCC(=O)O[*],Bandgap,6.7518,eV,polyverse_bandgap,train,clean,clean,measured_target
poly_1340,[*]Oc1ccc(S(=O)(=O)c2ccc(Oc3ccc(C=Cc4ccc([*])cc4)cc3)cc2)cc1,Bandgap,3.7154,eV,polyverse_bandgap,train,clean,clean,measured_target
poly_6,[*]C=C([*])c1ccc(N)cc1,Bandgap,0.2334,eV,polyverse_bandgap,train,clean,clean,measured_target
poly_632,[*]c1sc([*])c(OCCCCCCC)c1C,Bandgap,2.8389,eV,polyverse_bandgap,train,clean,clean,measured_target
poly_3818,[*]OC1CCC(NC([*])=O)CC1,Bandgap,6.3762,eV,polyverse_bandgap,train,clean,clean,measured_target
poly_470,[*]C(=O)c1ccc2c(c1)C(=O)N(c1ccc(Oc3ccc(S(=O)(=O)c4ccc(Oc5ccc(N6C(=O)c7ccc([*])cc7C6=O)cc5)cc4)cc3)cc1)C2=O,Bandgap,2.5975,eV,polyverse_bandgap,train,clean,clean,measured_target
poly_1912,[*]CCOCCOCCOCCOCCOCCOC(=O)c1cccc(C(=O)O[*])c1,Bandgap,4.3767,eV,polyverse_bandgap,train,clean,clean,measured_target
poly_4012,[*]CCC1CC([*])C2C3CC(CC)C(C3)C12,Bandgap,6.6591,eV,polyverse_bandgap,train,clean,clean,measured_target
poly_3092,[*]NC(C)C(=O)NC(C)C(=O)NCC([*])=O,Bandgap,5.5704,eV,polyverse_bandgap,train,clean,clean,measured_target
poly_999,[*]c1ccc(N2C(=O)c3ccc(-c4ccc5c(c4)C(=O)N([*])C5=O)cc3C2=O)nc1,Bandgap,3.3218,eV,polyverse_bandgap,train,clean,clean,measured_target
poly_1169,[*]C(C#N)=C(C#N)n1c(=O)c2cc3c(=O)n([*])c(=O)c3cc2c1=O,Bandgap,3.5209,eV,polyverse_bandgap,train,clean,clean,measured_target
poly_4186,[*]CCCC([*])C#N,Bandgap,7.8416,eV,polyverse_bandgap,train,clean,clean,measured_target
poly_712,[*]c1cc(CCCCCCCCCCCCCCCC)c([*])[nH]1,Bandgap,2.9385,eV,polyverse_bandgap,train,clean,clean,measured_target
poly_1812,[*]C(=O)OC(S1)=CC=C1O[*],Bandgap,4.2683,eV,polyverse_bandgap,train,clean,clean,measured_target
poly_2940,[*]OC(c1ccco1)C(C)(C)C([*])=O,Bandgap,5.3981,eV,polyverse_bandgap,train,clean,clean,measured_target
poly_3593,[*]CCCCCOC(=O)NC(=O)C1CC1C(=O)NC(=O)O[*],Bandgap,6.0591,eV,polyverse_bandgap,train,clean,clean,measured_target
poly_1897,[*]CC([*])OC(=O)c1ccc(OC)cc1,Bandgap,4.3587,eV,polyverse_bandgap,train,clean,clean,measured_target
poly_1290,[*]Oc1ccc(OC(=O)c2ccc(C([*])=O)cc2)cc1C1CCCCCCC1,Bandgap,3.657,eV,polyverse_bandgap,train,clean,clean,measured_target
poly_4118,[*]CCC([2H])C([*])([2H])C,Bandgap,6.8858,eV,polyverse_bandgap,train,clean,clean,measured_target
poly_3127,[*]CCCCCCCCCCCCNC(=O)C(OC)C(OC)C(=O)N[*],Bandgap,5.6105,eV,polyverse_bandgap,train,clean,clean,measured_target
poly_1017,O([*])c1cc(cc(CCCCCCCCC)c1)OC(=O)c1c(F)c(ccc1)C(=O)([*]),Bandgap,3.343,eV,polyverse_bandgap,train,clean,clean,measured_target
poly_341,[*]NC(C=C1)=CC=C1C(S2)=CC=C2C(=S)[*],Bandgap,2.4469,eV,polyverse_bandgap,train,clean,clean,measured_target
poly_3009,[*]Cc1ccc(COC(=O)CCCCC(=O)O[*])cc1,Bandgap,5.4786,eV,polyverse_bandgap,train,clean,clean,measured_target
poly_3619,[*]CCCCCCCCO[*],Bandgap,6.0919,eV,polyverse_bandgap,train,clean,clean,measured_target
poly_1584,[*]CCCCCCCCc1nc2ccc(-c3ccc4nc([*])sc4c3)cc2s1,Bandgap,4.018,eV,polyverse_bandgap,train,clean,clean,measured_target
poly_3572,[*]CC([*])C(=O)OCCC(C)OC,Bandgap,6.0444,eV,polyverse_bandgap,train,clean,clean,measured_target
poly_1525,[*]CC(=O)C(C=C1)=CC=C1C(C=C2)=CC=C2[*],Bandgap,3.9498,eV,polyverse_bandgap,train,clean,clean,measured_target
poly_281,[*]C(C=C1)=CC=C1C(C=C2)=CC=C2C(S3)=CC=C3C(=S)[*],Bandgap,2.3377,eV,polyverse_bandgap,train,clean,clean,measured_target
poly_1785,[*]C(=O)NCCCCCCCCCCNC(=O)c1ccnc([*])c1,Bandgap,4.2437,eV,polyverse_bandgap,train,clean,clean,measured_target
poly_2484,[*]Cc1ccc(CNC(C)=N[*])cc1,Bandgap,4.9307,eV,polyverse_bandgap,train,clean,clean,measured_target
poly_2096,[*]C=CC1CC([*])C2C(=O)N(c3cccc(C)c3)C(=O)C12,Bandgap,4.5667,eV,polyverse_bandgap,train,clean,clean,measured_target
poly_35,[*]c1cc2c(s1)-c1sc(-c3sc(-c4sc([*])c5c4OCCO5)c4c3OCCO4)cc1C2=O,Bandgap,1.2082,eV,polyverse_bandgap,train,clean,clean,measured_target
poly_4123,[*]COC(=O)OCC1OC(OCC)OC1[*],Bandgap,6.9052,eV,polyverse_bandgap,train,clean,clean,measured_target
poly_342,[*]c1cc(CC(=O)O)c([*])s1,Bandgap,2.4489,eV,polyverse_bandgap,train,clean,clean,measured_target
poly_969,[*]C=Nc1ccc(S(=O)(=O)c2ccc(N=Cc3ccc(Sc4ccc([*])o4)o3)cc2)cc1,Bandgap,3.2744,eV,polyverse_bandgap,train,clean,clean,measured_target
poly_3967,[*]CCCCCCOC(=O)NCC(F)(F)C(F)(F)C(F)(F)C(F)(F)CNC(=O)O[*],Bandgap,6.5962,eV,polyverse_bandgap,train,clean,clean,measured_target
poly_2268,[*]Oc1ccc(C(c2ccc(OC([*])=O)cc2)C2CC3CCC2C3)cc1,Bandgap,4.7159,eV,polyverse_bandgap,train,clean,clean,measured_target
poly_761,[*]NC(C=C1)=CC=C1C(=O)C(S2)=CC=C2[*],Bandgap,2.987,eV,polyverse_bandgap,train,clean,clean,measured_target
poly_3581,[*]OCCOCCOC(=O)C(CC)C([*])=O,Bandgap,6.0479,eV,polyverse_bandgap,train,clean,clean,measured_target
poly_225,[*]C(=O)c1ccc2c(c1)C(=O)N(c1ccc(Sc3ccc(N4C(=O)c5ccc([*])cc5C4=O)cn3)nc1)C2=O,Bandgap,2.1786,eV,polyverse_bandgap,train,clean,clean,measured_target
poly_1883,[*]COC(=O)Nc1ccc(Cc2ccc(NC(=O)OCc3cocc3[*])cc2)cc1,Bandgap,4.342,eV,polyverse_bandgap,train,clean,clean,measured_target
poly_455,[*]c1ccc(-c2ccc(-n3c(=O)c4cc5c(=O)n([*])c(=O)c5cc4c3=O)c(OC)c2)cc1OC,Bandgap,2.5805,eV,polyverse_bandgap,train,clean,clean,measured_target
poly_1502,[*]Oc1ccc(C(=O)Nc2ccc(SCCC([*])=O)cc2)cc1,Bandgap,3.9231,eV,polyverse_bandgap,train,clean,clean,measured_target
poly_1543,[*]Oc1ccc(-c2ccc(Oc3cccc([*])n3)cc2)cc1,Bandgap,3.9729,eV,polyverse_bandgap,train,clean,clean,measured_target
poly_3182,[*]CC1CCC(CNC(=O)CCCCCCCCC(=O)N[*])CC1,Bandgap,5.67,eV,polyverse_bandgap,train,clean,clean,measured_target
poly_218,[*]N=Nc1ccc(-c2ccc([*])c(C)c2)cc1C,Bandgap,2.1576,eV,polyverse_bandgap,train,clean,clean,measured_target
poly_1342,[*]CCCCc1nc(-c2ccc(-c3csc([*])n3)cc2)cs1,Bandgap,3.7161,eV,polyverse_bandgap,train,clean,clean,measured_target
poly_599,[*]C(=O)c1ccc2c(c1)C(=O)N(c1ccc(Cc3ccc(N4C(=O)c5ccc([*])cc5C4=O)cc3)cc1)C2=O,Bandgap,2.7913,eV,polyverse_bandgap,train,clean,clean,measured_target
poly_2254,[*]C1C=CC(S([*])(=O)=O)C1,Bandgap,4.7063,eV,polyverse_bandgap,train,clean,clean,measured_target
poly_3024,[*]CCCCC(=O)NCc1ccc(CNC(=O)CCCCO[*])cc1,Bandgap,5.5008,eV,polyverse_bandgap,train,clean,clean,measured_target
poly_3126,[*]CCN([*])C(=O)C(F)(F)C(F)(F)F,Bandgap,5.6095,eV,polyverse_bandgap,train,clean,clean,measured_target
poly_906,[*]C(=O)OCCCCCCCCCCCCOC(=O)c1ccc(N2C(=O)c3ccc([*])cc3C2=O)cc1,Bandgap,3.1825,eV,polyverse_bandgap,train,clean,clean,measured_target
poly_9,[*]c1cc2c(s1)-c1sc([*])cc1C2=C(C#N)C#N,Bandgap,0.7226,eV,polyverse_bandgap,train,clean,clean,measured_target
poly_3125,[*]C(=O)COCC(=O)N1CCN([*])CC1,Bandgap,5.6093,eV,polyverse_bandgap,train,clean,clean,measured_target
poly_989,[*]c1cccc(-c2nc3ccc(-c4ccc5nc([*])sc5c4)cc3s2)c1,Bandgap,3.3054,eV,polyverse_bandgap,train,clean,clean,measured_target
poly_1288,[*]Oc1ccc(Oc2ccc(C(=O)c3ccc([*])cc3)cc2)cc1CBr,Bandgap,3.654,eV,polyverse_bandgap,train,clean,clean,measured_target
poly_3266,[*]CCCCCNC(=O)CCCCCCCCCCCCCCCCC(=O)N[*],Bandgap,5.7624,eV,polyverse_bandgap,train,clean,clean,measured_target
poly_2792,[*]CCCCCCCCCCCSCCCCCCS[*],Bandgap,5.2308,eV,polyverse_bandgap,train,clean,clean,measured_target
poly_34,[*]C1=CC2=CC([*])=NC2=N1,Bandgap,1.1879,eV,polyverse_bandgap,train,clean,clean,measured_target
poly_2336,[*]CCCNC(=O)CCCCC(=O)NCCCN([*])C,Bandgap,4.7916,eV,polyverse_bandgap,train,clean,clean,measured_target
poly_562,[*]C(=O)Oc1ccc(-c2ccc(OC(=O)c3ccc4c(c3)C(=O)N(c3ccc(Oc5ccc(N6C(=O)c7ccc([*])cc7C6=O)cc5)cc3)C4=O)cc2)cc1,Bandgap,2.736,eV,polyverse_bandgap,train,clean,clean,measured_target
poly_2178,[*]OC1C(C)(C)C(OC(=O)c2ccc(C([*])=O)cc2)C1(C)C,Bandgap,4.6397,eV,polyverse_bandgap,train,clean,clean,measured_target
poly_2420,[*]CC(C=C)O[*],Bandgap,4.878,eV,polyverse_bandgap,train,clean,clean,measured_target
poly_1911,[*]CCCc1nc2cc(-c3ccc4[nH]c([*])nc4c3)ccc2[nH]1,Bandgap,4.3737,eV,polyverse_bandgap,train,clean,clean,measured_target
poly_2964,[*]CNON[*],Bandgap,5.422999999999999,eV,polyverse_bandgap,train,clean,clean,measured_target
poly_4011,[*]OC(=O)OCCCCCCCCOC(=O)OC1COC2C([*])COC12,Bandgap,6.6545,eV,polyverse_bandgap,train,clean,clean,measured_target
poly_1704,[*]Oc1cccc(OC(=O)c2cc(OCCCCC)cc(C([*])=O)c2)c1,Bandgap,4.154,eV,polyverse_bandgap,train,clean,clean,measured_target
poly_1879,[*]Oc1ccc(-c2ccc(Oc3ccc(C(C)(C)c4ccc([*])cc4)cc3)cc2)cc1,Bandgap,4.3326,eV,polyverse_bandgap,train,clean,clean,measured_target
poly_2572,[*]CCCCCCCCCCNC(=O)C=CCCC=CC(=O)N[*],Bandgap,5.017,eV,polyverse_bandgap,train,clean,clean,measured_target
poly_1678,[*]Oc1cccc2c(OC(=O)Oc3cccc(OC([*])=O)c3)cccc12,Bandgap,4.1279,eV,polyverse_bandgap,train,clean,clean,measured_target
poly_289,[*]c1cc(CCCCC)c([*])s1,Bandgap,2.3523,eV,polyverse_bandgap,train,clean,clean,measured_target
poly_2299,[*]CNOC(C=C1)=CC=C1[*],Bandgap,4.7514,eV,polyverse_bandgap,train,clean,clean,measured_target
poly_2921,[*]NNC(=O)CCCCC(=O)NNC(=O)CCCCCCCCC([*])=O,Bandgap,5.3783,eV,polyverse_bandgap,train,clean,clean,measured_target
poly_2445,[*]Nc1ccc(CC(C)(C)NC(=O)CCCCC([*])=O)cc1,Bandgap,4.9015,eV,polyverse_bandgap,train,clean,clean,measured_target
poly_2000,[*]CCCCc1nc2cc3nc([*])[nH]c3cc2[nH]1,Bandgap,4.4728,eV,polyverse_bandgap,train,clean,clean,measured_target
poly_2425,[*]CCN([*])C(=O)c1ccc(F)c(F)c1,Bandgap,4.8837,eV,polyverse_bandgap,train,clean,clean,measured_target
poly_1463,[*]Oc1ccc(C(C)(C)c2ccc(OC(=O)c3ccc(Cc4ccc(C([*])=O)cc4)cc3)cc2)cc1,Bandgap,3.8707,eV,polyverse_bandgap,train,clean,clean,measured_target
poly_74,[*]c1sc([*])c([2H])c1[2H],Bandgap,1.5424,eV,polyverse_bandgap,train,clean,clean,measured_target
poly_1639,[*]Nc1ccc(NC(=O)C=C(CC([*])=O)c2cc(C)ccc2OC)cc1,Bandgap,4.0823,eV,polyverse_bandgap,train,clean,clean,measured_target
poly_1582,[*]CC(C=C1)=CC=C1C(=O)C(S2)=CC=C2[*],Bandgap,4.0155,eV,polyverse_bandgap,train,clean,clean,measured_target
poly_60,[*]c1sc(-c2cc(CCCCCCCCCC)c([*])s2)cc1CCCCCCCCCC,Bandgap,1.4512,eV,polyverse_bandgap,train,clean,clean,measured_target
poly_3457,[*]CCCCC(C)CC(=O)N[*],Bandgap,5.9298,eV,polyverse_bandgap,train,clean,clean,measured_target
poly_2930,[*]CC(C)(CO[*])COCC(F)(F)F,Bandgap,5.3886,eV,polyverse_bandgap,train,clean,clean,measured_target
poly_437,[*]c1sc([*])c2nc(CC)c(CC)nc12,Bandgap,2.5623,eV,polyverse_bandgap,train,clean,clean,measured_target
poly_3228,[*]COC1COC([*])c2ccccc21,Bandgap,5.7277,eV,polyverse_bandgap,train,clean,clean,measured_target
poly_633,[*]c1ccc(-n2c(=O)c3cc4c(=O)n([*])c(=O)c4cc3c2=O)cc1,Bandgap,2.8396,eV,polyverse_bandgap,train,clean,clean,measured_target
poly_3325,[*]NC1CCCC1C([*])=O,Bandgap,5.8081,eV,polyverse_bandgap,train,clean,clean,measured_target
poly_3217,[*]C(=O)NC1CC1NC(=O)N1CCN([*])CC1,Bandgap,5.7153,eV,polyverse_bandgap,train,clean,clean,measured_target
poly_889,[*]CC(C=C1)=CC=C1C(S2)=CC=C2C(S3)=CC=C3[*],Bandgap,3.1679,eV,polyverse_bandgap,train,clean,clean,measured_target
poly_794,[*]c1cc([*])c(O)c(C=Nc2ccc(Cl)cc2)c1,Bandgap,3.0338,eV,polyverse_bandgap,train,clean,clean,measured_target
poly_2440,[*]CCCCCS[*],Bandgap,4.8974,eV,polyverse_bandgap,train,clean,clean,measured_target
poly_2642,[*]CC([*])C(=O)OCCCCCCSCC#N,Bandgap,5.0954,eV,polyverse_bandgap,train,clean,clean,measured_target
poly_1061,[*]c1cc(C=Nc2ccc(C)cc2)c([*])c(OC)c1,Bandgap,3.394,eV,polyverse_bandgap,train,clean,clean,measured_target
poly_1966,[*]CCC(=O)C(C=C1)=CC=C1[*],Bandgap,4.4327,eV,polyverse_bandgap,train,clean,clean,measured_target
poly_2777,[*]CC(=O)C1CCC([*])C(=O)C1,Bandgap,5.2209,eV,polyverse_bandgap,train,clean,clean,measured_target
poly_2532,[*]CC(OC(C)=O)C1C(=O)N(c2ccccc2)C(=O)C1([*])Cl,Bandgap,4.9786,eV,polyverse_bandgap,train,clean,clean,measured_target
poly_3062,[*]OC(=O)C(Cc1ccccc1)NC(=O)CCCCCCCCCCC(=O)NC(Cc1ccccc1)C(=O)OC1COC2C([*])COC12,Bandgap,5.5417,eV,polyverse_bandgap,train,clean,clean,measured_target
poly_940,[*]Nc1ccc(Cc2ccc(NC(=O)c3cc(C([*])=O)cc(N4C(=O)C5C6CCC(C6)C5C4=O)c3)cc2)cc1,Bandgap,3.2426,eV,polyverse_bandgap,train,clean,clean,measured_target
poly_217,[*]SC([*])=S,Bandgap,2.1529,eV,polyverse_bandgap,train,clean,clean,measured_target
poly_4175,[*]CCC(O[*])(C(F)(F)F)C(F)(F)F,Bandgap,7.3424,eV,polyverse_bandgap,train,clean,clean,measured_target
poly_2802,[*]Cc1ccc(CNC(=O)CCCCCCCCCCC(=O)N[*])cc1,Bandgap,5.2391,eV,polyverse_bandgap,train,clean,clean,measured_target
poly_1149,[*]Nc1ccc([*])cc1O,Bandgap,3.4981,eV,polyverse_bandgap,train,clean,clean,measured_target
poly_812,[*]C(=O)c1ccc2c(c1)C(=O)N(c1ccc(N3C(=O)c4ccc([*])cc4C3=O)nc1)C2=O,Bandgap,3.0618,eV,polyverse_bandgap,train,clean,clean,measured_target
poly_706,[*]CCCCCCCCCCCOc1ccc(C=CC=Cc2ccc(O[*])cc2)cc1,Bandgap,2.9306,eV,polyverse_bandgap,train,clean,clean,measured_target
poly_111,[*]C#Cc1sc(-c2sc([*])c3c2OCCO3)c2c1OCCO2,Bandgap,1.714,eV,polyverse_bandgap,train,clean,clean,measured_target
poly_1869,[*]CCCCCc1nc2cc3sc([*])nc3cc2s1,Bandgap,4.3183,eV,polyverse_bandgap,train,clean,clean,measured_target
poly_3056,[*]CCCCCCCCCNC(=O)CCCCCCCCC(=O)N[*],Bandgap,5.5339,eV,polyverse_bandgap,train,clean,clean,measured_target
poly_3758,[*]OC(COC(F)(C(F)(F)F)C(F)(F)F)C([*])COC(F)(C(F)(F)F)C(F)(F)F,Bandgap,6.2936,eV,polyverse_bandgap,train,clean,clean,measured_target
poly_3626,CNC(=O)ONC(=O)NO,Bandgap,6.1065,eV,polyverse_bandgap,train,clean,clean,measured_target
poly_2972,[*]C=CCC(C[*])c1ccccc1,Bandgap,5.4294,eV,polyverse_bandgap,train,clean,clean,measured_target
poly_856,[*]C#Cc1cc(OCCCCCC)c(C#Cc2ccc3c(-c4c(O)ccc5cc([*])ccc45)c(O)ccc3c2)cc1OCCCCCC,Bandgap,3.1184,eV,polyverse_bandgap,train,clean,clean,measured_target
poly_1884,[*]Oc1ccc(C2(c3ccc(OC([*])=O)c(Cl)c3)CC3CCC2C3)cc1Cl,Bandgap,4.342,eV,polyverse_bandgap,train,clean,clean,measured_target
poly_3714,[*]NC1(F)CC(C(F)F)C([*])C(F)(F)C1F,Bandgap,6.2329,eV,polyverse_bandgap,train,clean,clean,measured_target
poly_294,[*]C(C=C1)=CC=C1C(S2)=CC=C2C(C=C3)=CC=C3C(=S)[*],Bandgap,2.359,eV,polyverse_bandgap,train,clean,clean,measured_target
poly_814,[*]Oc1ccc(NC(=C(C#N)C#N)c2ccc3cc(C(Nc4ccc([*])cc4)=C(C#N)C#N)ccc3c2)cc1,Bandgap,3.062,eV,polyverse_bandgap,train,clean,clean,measured_target
poly_726,[*]Nc1ccc(C#Cc2ccc(C([*])=O)cc2)cc1,Bandgap,2.9535,eV,polyverse_bandgap,train,clean,clean,measured_target
poly_440,[*]CC(O)CN([*])c1ccc(N=Nc2ccc(C(=O)O)cc2)cc1,Bandgap,2.5695,eV,polyverse_bandgap,train,clean,clean,measured_target
poly_2234,[*]Oc1ccc(C(C)(CCC#N)c2ccc(OC([*])=O)c(C)c2)cc1C,Bandgap,4.6886,eV,polyverse_bandgap,train,clean,clean,measured_target
poly_3484,[*]CCC1CC(=O)N([*])C1=O,Bandgap,5.9499,eV,polyverse_bandgap,train,clean,clean,measured_target
poly_3198,[*]CCCCCCCCCCNC(=O)CCCCCCCCCCCCC(=O)N[*],Bandgap,5.6985,eV,polyverse_bandgap,train,clean,clean,measured_target
poly_4150,[*]C(F)(F)C1(F)C(F)(F)C([*])(F)C(F)(F)C(F)(F)C(F)(F)C1(F)F,Bandgap,7.0703,eV,polyverse_bandgap,train,clean,clean,measured_target
poly_1941,[*]Oc1ccc(NC(=O)OCCOC(=O)Nc2ccc([*])cc2)cc1,Bandgap,4.4102,eV,polyverse_bandgap,train,clean,clean,measured_target
poly_1205,[*]C(=O)C(S1)=CC=C1OC(S2)=CC=C2[*],Bandgap,3.5651,eV,polyverse_bandgap,train,clean,clean,measured_target
poly_190,[*]C=Nc1ccc(N=Cc2ccc(-c3ccc([*])o3)o2)cc1,Bandgap,2.0682,eV,polyverse_bandgap,train,clean,clean,measured_target
poly_1521,[*]c1ccc2c(c1)c1cc([*])ccc1n2C(=O)OCC,Bandgap,3.9429,eV,polyverse_bandgap,train,clean,clean,measured_target
poly_973,[*]NC(C=C1)=CC=C1C(=O)C(C=C2)=CC=C2[*],Bandgap,3.2765,eV,polyverse_bandgap,train,clean,clean,measured_target
poly_1881,[*]Oc1ccc(NC(=O)Nc2ccc(Cc3ccc(NC([*])=O)cc3)cc2)cc1C,Bandgap,4.3385,eV,polyverse_bandgap,train,clean,clean,measured_target
poly_1042,[*]c1ccc(-c2ccc3[nH]c(-c4nc5cc([*])ccc5[nH]4)nc3c2)cc1,Bandgap,3.3642,eV,polyverse_bandgap,train,clean,clean,measured_target
poly_715,[*]C(=O)Nc1ccc(C2(c3ccc(N4C(=O)c5ccc([*])cc5C4=O)cc3)CCC(CC)CC2)cc1,Bandgap,2.9391,eV,polyverse_bandgap,train,clean,clean,measured_target
poly_1892,[*]Oc1ccc(C(=C(Cl)Cl)c2ccc(OC([*])=O)cc2)cc1,Bandgap,4.3471,eV,polyverse_bandgap,train,clean,clean,measured_target
poly_271,C(=O)C(=S)C(=O)O,Bandgap,2.3194,eV,polyverse_bandgap,train,clean,clean,measured_target
poly_1776,[*]Oc1c(C)cc([*])cc1C(C)CCC,Bandgap,4.2294,eV,polyverse_bandgap,train,clean,clean,measured_target
poly_1414,[*]CCCCOC(=O)c1ccc(-c2ccc(-c3ccc(C(=O)O[*])cc3)cc2)cc1,Bandgap,3.8116,eV,polyverse_bandgap,train,clean,clean,measured_target
poly_220,[*]N=C1c2ccccc2C(=Nc2ccc([*])cc2)c2ccc(C(C)(C)C)cc21,Bandgap,2.1672,eV,polyverse_bandgap,train,clean,clean,measured_target
poly_772,[*]C=Cc1ccc(C=Cc2cc(OCCCCCCCCCCCC)c([*])cc2OC)cc1,Bandgap,2.9983,eV,polyverse_bandgap,train,clean,clean,measured_target
poly_3450,[*]NC(CC([*])=O)C(=O)OCCCCCC,Bandgap,5.9232,eV,polyverse_bandgap,train,clean,clean,measured_target
poly_1006,[*]Oc1ccc(Nc2ccc(C(=O)c3ccc(C(=O)c4ccc(Nc5ccc([*])cc5)cc4)cc3)cc2)cc1,Bandgap,3.3281,eV,polyverse_bandgap,train,clean,clean,measured_target
poly_3289,[*]NC(C)C(=O)NCCC([*])=O,Bandgap,5.7775,eV,polyverse_bandgap,train,clean,clean,measured_target
poly_2053,[*]C(=O)NCCCCCCNC(=O)c1ccc([*])o1,Bandgap,4.5303,eV,polyverse_bandgap,train,clean,clean,measured_target
poly_3491,[*]CCNC(=O)CCCCCCCCC(=O)N[*],Bandgap,5.9599,eV,polyverse_bandgap,train,clean,clean,measured_target
poly_339,[*]c1sc([*])c2nc(-c3ccccc3)c(C)nc12,Bandgap,2.4458,eV,polyverse_bandgap,train,clean,clean,measured_target
poly_1934,[*]CC(=O)CC(S1)=CC=C1[*],Bandgap,4.4041,eV,polyverse_bandgap,train,clean,clean,measured_target
poly_1291,[*]Cc1ccc(COC(=O)c2cc(-c3ccccc3)ccc2C(=O)O[*])cc1,Bandgap,3.6607,eV,polyverse_bandgap,train,clean,clean,measured_target
poly_2479,[*]O[Si](C)(C)Oc1ccc(C(C)(C)c2ccc([*])cc2)cc1,Bandgap,4.9271,eV,polyverse_bandgap,train,clean,clean,measured_target
poly_3180,[*]CCCCCNC(=O)CCCCCCCCCCCCC(=O)N[*],Bandgap,5.6675,eV,polyverse_bandgap,train,clean,clean,measured_target
poly_1915,[*]CC#CC#CCOc1ccc(C(C)(C)c2ccc(O[*])cc2)cc1,Bandgap,4.3802,eV,polyverse_bandgap,train,clean,clean,measured_target
poly_2612,[*]OC1CCCCC1[*],Bandgap,5.0758,eV,polyverse_bandgap,train,clean,clean,measured_target
poly_619,[*]C(=O)c1ccc2c(c1)C(=O)N(c1cc(OCCCCCCCC)cc(N3C(=O)c4ccc([*])cc4C3=O)c1)C2=O,Bandgap,2.8168,eV,polyverse_bandgap,train,clean,clean,measured_target
poly_1775,[*]NNC(=O)c1ccc(C([*])=O)cc1OCCCCC,Bandgap,4.2275,eV,polyverse_bandgap,train,clean,clean,measured_target
poly_1214,C(F)(F)C(F)(F)C(=O)C(S1)=CC=C1,Bandgap,3.5797,eV,polyverse_bandgap,train,clean,clean,measured_target
poly_1466,[*]CCCCOC(=O)SSC(=O)O[*],Bandgap,3.8783,eV,polyverse_bandgap,train,clean,clean,measured_target
poly_3679,[*]CCCCOC(=O)NCCCCCCNC(=O)O[*],Bandgap,6.1879,eV,polyverse_bandgap,train,clean,clean,measured_target
poly_1283,[*]OCCOCCOCCOc1cc([*])nc2ccc(OC)cc12,Bandgap,3.6503,eV,polyverse_bandgap,train,clean,clean,measured_target
poly_3962,[*]CC(C)(C)COC(=O)CCCCCCCCC(=O)O[*],Bandgap,6.5911,eV,polyverse_bandgap,train,clean,clean,measured_target
poly_4054,[*]OC(C)CCOC(=O)CCCCCCCCCCC([*])=O,Bandgap,6.7191,eV,polyverse_bandgap,train,clean,clean,measured_target
poly_12,[*]c1sc([*])c2nc(-c3ccccc3)c(CCCCCCC)nc12,Bandgap,0.8340000000000001,eV,polyverse_bandgap,train,clean,clean,measured_target
poly_2681,[*]ON(C(F)(F)F)C(F)(F)C([*])(F)SC(F)(F)F,Bandgap,5.1239,eV,polyverse_bandgap,train,clean,clean,measured_target
poly_420,O([*])c1c(c1ccccc1)cc(c(c1ccccc1)c1)([*]),Bandgap,2.5386,eV,polyverse_bandgap,train,clean,clean,measured_target
poly_3296,[*]CC(CC)O[*],Bandgap,5.7835,eV,polyverse_bandgap,train,clean,clean,measured_target
poly_739,[*]Oc1cc(C(=O)c2ccccc2)c(Oc2ccc([*])cc2)cc1C(=O)c1ccccc1,Bandgap,2.9644,eV,polyverse_bandgap,train,clean,clean,measured_target
poly_2534,[*]CC([*])(C)C(=O)OCc1cccs1,Bandgap,4.9814,eV,polyverse_bandgap,train,clean,clean,measured_target
poly_436,[*]c1ccc2nc([*])sc2c1,Bandgap,2.5619,eV,polyverse_bandgap,train,clean,clean,measured_target
poly_1938,[*]Oc1ccc(C2(c3ccc(OC([*])=O)cc3)c3ccccc3-c3ccccc32)cc1,Bandgap,4.4088,eV,polyverse_bandgap,train,clean,clean,measured_target
poly_3503,[*]CCCCCCCCCCC(=O)NCCCCCCNC(=O)CCCCO[*],Bandgap,5.9732,eV,polyverse_bandgap,train,clean,clean,measured_target
poly_1409,[*]CCOCCOC(=O)C=CC(=O)NCCCCCCNC(=O)C=CC(=O)O[*],Bandgap,3.806,eV,polyverse_bandgap,train,clean,clean,measured_target
poly_2782,[*]C=CC1CC([*])C(F)(F)C1(F)OC(F)(F)C(F)(F)C(F)(F)F,Bandgap,5.2238,eV,polyverse_bandgap,train,clean,clean,measured_target
poly_3320,[*]CCOCCOC(=O)NCCCCCCNC(=O)O[*],Bandgap,5.8048,eV,polyverse_bandgap,train,clean,clean,measured_target
poly_2441,[*]CC(CSC(C)C)O[*],Bandgap,4.8974,eV,polyverse_bandgap,train,clean,clean,measured_target
poly_2264,[*]CC(F)(F)C(F)(F)C(F)(F)C(F)(F)COC(=O)CSCCSCC(=O)O[*],Bandgap,4.7116,eV,polyverse_bandgap,train,clean,clean,measured_target
poly_444,[*]CCN(CCOC(=O)c1ccc(C(=O)O[*])c(OC)c1)c1ccc(N=Nc2ccc(C=Cc3nc4ccc([N+](=O)[O-])cc4n3CC)cc2)cc1,Bandgap,2.5707,eV,polyverse_bandgap,train,clean,clean,measured_target
poly_3033,[*]C=CC1CC([*])C2CCCC12,Bandgap,5.5129,eV,polyverse_bandgap,train,clean,clean,measured_target
poly_3392,[*]CC([*])(C)C(=O)NCCC,Bandgap,5.8684,eV,polyverse_bandgap,train,clean,clean,measured_target
poly_1038,[*]C(=O)NNC(=O)c1cccc(C(=O)NNC(=O)c2cnc([*])cn2)c1,Bandgap,3.3622,eV,polyverse_bandgap,train,clean,clean,measured_target
poly_20,[*]c1cc2c(s1)-c1sc(-c3sc(-c4sc([*])c5c4OCCO5)c4c3OCCO4)cc1C2=C(C#N)C#N,Bandgap,0.9689,eV,polyverse_bandgap,train,clean,clean,measured_target
poly_3360,[*]COC1OC([*])C(O)C(O)C1O,Bandgap,5.8459,eV,polyverse_bandgap,train,clean,clean,measured_target
poly_136,[*]c1ccc(-c2ccc(-c3ccc([*])n3C)o2)s1,Bandgap,1.8872,eV,polyverse_bandgap,train,clean,clean,measured_target
poly_2977,[*]CC([*])C(C)=O,Bandgap,5.4371,eV,polyverse_bandgap,train,clean,clean,measured_target
poly_3096,[*]CCN([*])C(=O)C(C)C,Bandgap,5.5723,eV,polyverse_bandgap,train,clean,clean,measured_target
poly_3223,[*]OC(=O)CCC(=O)OC1COC2C([*])COC12,Bandgap,5.7195,eV,polyverse_bandgap,train,clean,clean,measured_target
poly_3022,[*]C(=O)OC1CC2CC(OC(=O)N3CCN([*])CC3)CC(C1)O2,Bandgap,5.4981,eV,polyverse_bandgap,train,clean,clean,measured_target
poly_200,[*]C=Cc1ccc([*])c2sccc12,Bandgap,2.1063,eV,polyverse_bandgap,train,clean,clean,measured_target
poly_3011,[*]OC(CC([*])=O)C(Cl)(Cl)Cl,Bandgap,5.4848,eV,polyverse_bandgap,train,clean,clean,measured_target
poly_1616,[*]Oc1ccc(C(=O)NNC(=O)c2cccc(C(=O)NNC(=O)c3ccc(OC(=O)c4cccc(C([*])=O)c4)cc3)c2)cc1,Bandgap,4.0535,eV,polyverse_bandgap,train,clean,clean,measured_target
poly_1974,[*]Oc1ccc(C(=O)OC(=O)c2ccc([*])cc2)cc1,Bandgap,4.441,eV,polyverse_bandgap,train,clean,clean,measured_target
poly_3097,[*]CCCCCCNC(=O)C(CC)CC(CC)C(=O)N[*],Bandgap,5.5731,eV,polyverse_bandgap,train,clean,clean,measured_target
poly_80,[*]C=C([*])c1cccc(Br)c1,Bandgap,1.5553,eV,polyverse_bandgap,train,clean,clean,measured_target
poly_1282,[*]Oc1ccc2cc(Oc3ccc(C(=O)c4ccc([*])cc4)cc3)ccc2c1,Bandgap,3.6496,eV,polyverse_bandgap,train,clean,clean,measured_target
poly_3604,[*]CC(=O)N[*],Bandgap,6.0692,eV,polyverse_bandgap,train,clean,clean,measured_target
poly_3100,[*]C=CCCCC(Cl)CCC[*],Bandgap,5.5792,eV,polyverse_bandgap,train,clean,clean,measured_target
poly_2137,[*]NC(CC(=O)OCc1ccc(Cl)cc1)C([*])=O,Bandgap,4.6003,eV,polyverse_bandgap,train,clean,clean,measured_target
poly_269,[*]C#Cc1cc(OCCCCCCCC)c(C#Cc2ccc([*])s2)cc1OCCCCCCCC,Bandgap,2.3184,eV,polyverse_bandgap,train,clean,clean,measured_target
poly_1014,[*]Nc1ccc([*])nc1,Bandgap,3.3373,eV,polyverse_bandgap,train,clean,clean,measured_target
poly_788,[*]c1cc(N=Nc2ccc(C(=O)O)cc2)cc([*])c1O,Bandgap,3.0234,eV,polyverse_bandgap,train,clean,clean,measured_target
poly_2510,[*]c1ccc(N2C(=O)N([*])C2=O)cc1,Bandgap,4.9563,eV,polyverse_bandgap,train,clean,clean,measured_target
poly_336,[*]c1ccc(-c2cc(C(=O)OCCCCCCCCCCCC)c([*])s2)s1,Bandgap,2.4434,eV,polyverse_bandgap,train,clean,clean,measured_target
poly_194,[*]C(C=C1)=CC=C1C(=S)C(S2)=CC=C2C(S3)=CC=C3[*],Bandgap,2.0836,eV,polyverse_bandgap,train,clean,clean,measured_target
poly_1707,[*]OP(=O)(Oc1ccc(-c2ccc([*])cc2)cc1)c1ccccc1,Bandgap,4.1560000000000015,eV,polyverse_bandgap,train,clean,clean,measured_target
poly_1768,[*]CC(=O)OC(=O)COc1ccc(C(C)(C)c2ccc(O[*])cc2)cc1,Bandgap,4.2143,eV,polyverse_bandgap,train,clean,clean,measured_target
poly_1332,[*]Oc1ccc(C(C)(CCC(=O)O)c2ccc(OC(=O)c3cccc(C([*])=O)c3)c([N+](=O)[O-])c2)cc1[N+](=O)[O-],Bandgap,3.7042,eV,polyverse_bandgap,train,clean,clean,measured_target
poly_2104,N([*])C(=O)c1ccc(cc1)C(=O)NCC(C)(C)CC(C)CCC([*]),Bandgap,4.5756,eV,polyverse_bandgap,train,clean,clean,measured_target
poly_1580,[*]CC(S1)=CC=C1C(C=C2)=CC=C2O[*],Bandgap,4.0146,eV,polyverse_bandgap,train,clean,clean,measured_target
poly_2187,[*]Oc1c(Cl)cc(C(C)(C)c2cc(Cl)c(OC([*])=O)c(Cl)c2)cc1Cl,Bandgap,4.6457,eV,polyverse_bandgap,train,clean,clean,measured_target
poly_1445,[*]Oc1ccc(C(=O)OC(C)COC(=O)c2ccc(OC(=O)c3ccc(C([*])=O)cc3)cc2)cc1,Bandgap,3.8432,eV,polyverse_bandgap,train,clean,clean,measured_target
poly_3635,[*]CCCCCCNC(=O)C1CC1(C)C(=O)N[*],Bandgap,6.1212,eV,polyverse_bandgap,train,clean,clean,measured_target
poly_520,[*]Nc1nc(Nn2c(=O)c3cc4c(=O)n([*])c(=O)c4cc3c2=O)nc(N(CC)CC)n1,Bandgap,2.679,eV,polyverse_bandgap,train,clean,clean,measured_target
poly_1558,[*]c1ccc(Nc2cccc(Nc3ccc(S([*])(=O)=O)cc3)c2)cc1,Bandgap,3.9901,eV,polyverse_bandgap,train,clean,clean,measured_target
poly_2190,[*]Oc1ccc(C(C)(CC(C)C)c2ccc(OC([*])=O)cc2)cc1,Bandgap,4.647,eV,polyverse_bandgap,train,clean,clean,measured_target
poly_3957,[*]OC(=O)C1CCC(C(=O)OC2COC3C([*])COC23)CC1,Bandgap,6.5816,eV,polyverse_bandgap,train,clean,clean,measured_target
poly_1663,[*]Oc1ccc(Oc2ccc(Oc3cccc([*])n3)cc2)cc1,Bandgap,4.1015,eV,polyverse_bandgap,train,clean,clean,measured_target
poly_2204,[*]OS(=O)(=O)c1ccc([*])cc1,Bandgap,4.6583,eV,polyverse_bandgap,train,clean,clean,measured_target
poly_3400,[*]CCCCCC(=O)NCCCCCCNC(=O)CCCCO[*],Bandgap,5.8743,eV,polyverse_bandgap,train,clean,clean,measured_target
poly_3599,[*]CC=CCOC(=O)CCCCCCCCC(=O)O[*],Bandgap,6.0636,eV,polyverse_bandgap,train,clean,clean,measured_target
poly_3359,[*]CCCCCCCCCCCCNC(=O)CCCCCCCCCCCCCCC(=O)N[*],Bandgap,5.8439,eV,polyverse_bandgap,train,clean,clean,measured_target
poly_1360,[*]c1cccc(-c2nnc(-c3cccc(-c4nnc([*])o4)n3)o2)c1,Bandgap,3.7357,eV,polyverse_bandgap,train,clean,clean,measured_target
poly_1147,[*]c1cccc(-c2nc3cc(-c4ccc5oc([*])nc5c4)ccc3o2)c1,Bandgap,3.4974,eV,polyverse_bandgap,train,clean,clean,measured_target
poly_653,[*]c1cc(N=Nc2ccc([N+](=O)[O-])cc2)cc([*])c1O,Bandgap,2.8678,eV,polyverse_bandgap,train,clean,clean,measured_target
poly_2431,[*]CCOCCOCCOC(=O)CCSCCC(=O)O[*],Bandgap,4.8908,eV,polyverse_bandgap,train,clean,clean,measured_target
poly_1574,[*]CC(C=C1)=CC=C1OC(=S)[*],Bandgap,4.0098,eV,polyverse_bandgap,train,clean,clean,measured_target
poly_1016,[*]c1ccc([*])c2nc(CC)c(CC)nc12,Bandgap,3.3408,eV,polyverse_bandgap,train,clean,clean,measured_target
poly_915,[*]c1ccc(Oc2ccc(-c3nc4ccc(Oc5ccc6nc([*])c(-c7ccccc7)c(-c7ccccc7)c6c5)cc4c(-c4ccccc4)c3-c3ccccc3)cc2)cc1,Bandgap,3.2,eV,polyverse_bandgap,train,clean,clean,measured_target
poly_2273,[*]Oc1c(C)cc(C(C)(C)c2cc(C)c(OC([*])=O)c(Cl)c2)cc1Cl,Bandgap,4.7294,eV,polyverse_bandgap,train,clean,clean,measured_target
poly_2203,[*]CCN([*])C(=O)c1c(F)cc(F)cc1F,Bandgap,4.6565,eV,polyverse_bandgap,train,clean,clean,measured_target
poly_1718,[*]Oc1c(C)cc([*])cc1C(C)CCCCCC,Bandgap,4.1665,eV,polyverse_bandgap,train,clean,clean,measured_target
poly_523,[*]c1ccc2nc3c4cccc5c6nc7ccc([*])cc7nc6c6cccc(c3nc2c1)c6c45,Bandgap,2.6823,eV,polyverse_bandgap,train,clean,clean,measured_target
poly_2349,[*]OC(CC([*])=O)C1CCC=CO1,Bandgap,4.8038,eV,polyverse_bandgap,train,clean,clean,measured_target
poly_533,[*]CC(=S)C(=O)O[*],Bandgap,2.6969,eV,polyverse_bandgap,train,clean,clean,measured_target
poly_1791,[*]Oc1ccc(C2(c3ccc(Oc4nc([*])nc(OC)n4)cc3)CCCCC2)cc1,Bandgap,4.2479,eV,polyverse_bandgap,train,clean,clean,measured_target
poly_1771,[*]OC(COC(=O)Nc1ccc(Cc2ccc(NC([*])=O)cc2)cc1)c1ccco1,Bandgap,4.2202,eV,polyverse_bandgap,train,clean,clean,measured_target
poly_1264,[*]C(I)=C([*])I,Bandgap,3.6353,eV,polyverse_bandgap,train,clean,clean,measured_target
poly_2253,[*]CCCCCCCCCCNC(C)=N[*],Bandgap,4.7056,eV,polyverse_bandgap,train,clean,clean,measured_target
poly_2354,[*]CCC=C([*])C(C)(C)C,Bandgap,4.8144,eV,polyverse_bandgap,train,clean,clean,measured_target
poly_2740,[*]C=CC1CC([*])C2C(=O)N(c3ccc(C)cc3)C(=O)C12,Bandgap,5.1862,eV,polyverse_bandgap,train,clean,clean,measured_target
poly_3909,[*]CCCCCCOC(=O)CCCC(=O)O[*],Bandgap,6.5166,eV,polyverse_bandgap,train,clean,clean,measured_target
poly_1183,[*]CCCCOC(=O)c1ccc(NC=Nc2ccc(C(=O)O[*])cc2)cc1,Bandgap,3.5443,eV,polyverse_bandgap,train,clean,clean,measured_target
poly_462,[*]Nc1nc(Nn2c(=O)c3cc4c(=O)n([*])c(=O)c4cc3c2=O)nc(N(CCCC)CCCC)n1,Bandgap,2.5894,eV,polyverse_bandgap,train,clean,clean,measured_target
poly_977,[*]c1ccc(-c2cnc3ccc(S(=O)(=O)c4ccc5ncc([*])nc5c4)cc3n2)cc1,Bandgap,3.2921,eV,polyverse_bandgap,train,clean,clean,measured_target
poly_2126,[*]C(=O)C1CC(OC(=O)CCC)CN1[*],Bandgap,4.5924,eV,polyverse_bandgap,train,clean,clean,measured_target
poly_2804,[*]Cc1ccc(CNC(=O)CCCCCCCCCC(=O)N[*])cc1,Bandgap,5.2404,eV,polyverse_bandgap,train,clean,clean,measured_target
poly_62,[*]c1ccc(-c2cc(CCCCCCCCCCCC)c([*])s2)s1,Bandgap,1.4731,eV,polyverse_bandgap,train,clean,clean,measured_target
poly_3613,[*]CCCCOC(=O)NCCNC(=O)O[*],Bandgap,6.0791,eV,polyverse_bandgap,train,clean,clean,measured_target
poly_4020,[*]CCCCCCCCCCCCCCOC(=O)CCCCC(=O)O[*],Bandgap,6.6687,eV,polyverse_bandgap,train,clean,clean,measured_target
poly_2069,[*]OC(c1ccc(OC)cc1)C(C)(C)C([*])=O,Bandgap,4.5448,eV,polyverse_bandgap,train,clean,clean,measured_target
poly_1380,[*]CC([*])(C)C(=O)OCCCCCn1c2ccccc2c2ccccc21,Bandgap,3.7599,eV,polyverse_bandgap,train,clean,clean,measured_target
poly_2412,C([*])C([*])(C(=O)OCc1ccco1),Bandgap,4.8728,eV,polyverse_bandgap,train,clean,clean,measured_target
poly_1745,[*]C(=O)NCCCCCCCCCCNC(=O)c1ccc([*])s1,Bandgap,4.1872,eV,polyverse_bandgap,train,clean,clean,measured_target
poly_1924,C(F)(F)C(F)(F)C(C=C1)=CC=C1C(C=C2)=CC=C2,Bandgap,4.3932,eV,polyverse_bandgap,train,clean,clean,measured_target
poly_1439,[*]Oc1ccc(S(=O)(=O)c2ccc(Oc3ccc(C(C)(C)c4ccc([*])c([N-][N+]#N)c4)cc3[N-][N+]#N)cc2)cc1,Bandgap,3.8369,eV,polyverse_bandgap,train,clean,clean,measured_target
poly_460,[*]CCC(S1)=CC=C1C(=S)[*],Bandgap,2.5846,eV,polyverse_bandgap,train,clean,clean,measured_target
poly_1613,[*]OC(C)COC(=O)c1ccc(-c2ccc(C([*])=O)cc2)cc1,Bandgap,4.0523,eV,polyverse_bandgap,train,clean,clean,measured_target
poly_4031,[*]CC(CCCC)(CCCC)C(=O)O[*],Bandgap,6.6774,eV,polyverse_bandgap,train,clean,clean,measured_target
poly_1563,[*]N=C1C=CC([*])C=C1Cl,Bandgap,3.9985,eV,polyverse_bandgap,train,clean,clean,measured_target
poly_1998,[*]CNC(=S)O[*],Bandgap,4.4724,eV,polyverse_bandgap,train,clean,clean,measured_target
poly_2774,[*]CCCCCCCCCCCCCCCCCCCCOC(=O)C(=O)O[*],Bandgap,5.2168,eV,polyverse_bandgap,train,clean,clean,measured_target
poly_1817,[*]CCN(CCOC(=O)Nc1ccc(Cc2ccc(NC(=O)O[*])cc2)cc1)c1ccccc1,Bandgap,4.271,eV,polyverse_bandgap,train,clean,clean,measured_target
poly_2154,[*]CC(=O)NCCCCCCNC(=O)Cc1ccc([*])s1,Bandgap,4.618,eV,polyverse_bandgap,train,clean,clean,measured_target
poly_911,[*]Oc1ccc(C(C)(C)c2ccc(OC(=O)c3ccc(C([*])=O)cc3)c(C(C)C)c2)cc1C(C)C,Bandgap,3.1936,eV,polyverse_bandgap,train,clean,clean,measured_target
poly_3176,[*]NC1CCC(CC2CCC(NC(=O)CCCCCCCCCCC([*])=O)CC2)CC1,Bandgap,5.6638,eV,polyverse_bandgap,train,clean,clean,measured_target
poly_384,[*]C(=O)C(S1)=CC=C1C(C=C2)=CC=C2C(S3)=CC=C3[*],Bandgap,2.499,eV,polyverse_bandgap,train,clean,clean,measured_target
poly_418,C(S1)=CC=C1C(S2)=CC=C2OC(=S),Bandgap,2.5378,eV,polyverse_bandgap,train,clean,clean,measured_target
poly_3013,[*]CNC(=O)NCOC(=O)Nc1ccc(C)c(NC(=O)O[*])c1,Bandgap,5.4863,eV,polyverse_bandgap,train,clean,clean,measured_target
poly_929,[*]c1cncc(-c2nc3ccc(-c4ccc5nc([*])sc5c4)cc3s2)c1,Bandgap,3.2155,eV,polyverse_bandgap,train,clean,clean,measured_target
poly_319,[*]c1cc(CCCCCCBr)c([*])s1,Bandgap,2.4253,eV,polyverse_bandgap,train,clean,clean,measured_target
poly_2598,[*]C(=O)NCCCCCCNC(=O)c1cc(O)cc([*])n1,Bandgap,5.0481,eV,polyverse_bandgap,train,clean,clean,measured_target
poly_2870,[*]C(=O)C1CC(O)CN1[*],Bandgap,5.318,eV,polyverse_bandgap,train,clean,clean,measured_target
poly_2256,[*]Oc1c(C)cc(C(C)(C)c2cc(C)c(OC([*])=O)c(C)c2)cc1C,Bandgap,4.707,eV,polyverse_bandgap,train,clean,clean,measured_target
poly_2289,[*]NNC(=O)c1cccc(C(=O)NNC(=O)CCCCCCCCC([*])=O)c1,Bandgap,4.7432,eV,polyverse_bandgap,train,clean,clean,measured_target
poly_1799,[*]Oc1ccc(Sc2ccc(OC([*])=O)cc2)cc1,Bandgap,4.2554,eV,polyverse_bandgap,train,clean,clean,measured_target
poly_984,[*]c1ccc(S(=O)(=O)c2ccc(N3C(=O)c4ccc(Oc5ccc(Oc6ccc7c(c6)C(=O)N([*])C7=O)cc5)cc4C3=O)cc2)cc1,Bandgap,3.2983,eV,polyverse_bandgap,train,clean,clean,measured_target
poly_3739,[*]CCCOCCCOC(=O)CCCCCCCCC(=O)O[*],Bandgap,6.267,eV,polyverse_bandgap,train,clean,clean,measured_target
poly_2846,[*]NC(C([*])=O)C(C)C,Bandgap,5.2958,eV,polyverse_bandgap,train,clean,clean,measured_target
poly_871,[*]Nc1ccc(-c2ccc(NC(=O)c3cc(C(=O)O)c(C([*])=O)cc3C(=O)O)cc2)cc1,Bandgap,3.1431,eV,polyverse_bandgap,train,clean,clean,measured_target
poly_613,[*]c1ccc(-c2ccc(-c3cc(SCCCC)c([*])s3)cc2)cc1,Bandgap,2.8074,eV,polyverse_bandgap,train,clean,clean,measured_target
poly_1249,[*]CCCCCCCOc1ccc(C=CC=Cc2ccc(O[*])c(C)c2)cc1C,Bandgap,3.617,eV,polyverse_bandgap,train,clean,clean,measured_target
poly_2158,[*]CCCCCCNC(=O)C=CCCC=CC(=O)N[*],Bandgap,4.6202,eV,polyverse_bandgap,train,clean,clean,measured_target
poly_2582,[*]CCN[*],Bandgap,5.0272,eV,polyverse_bandgap,train,clean,clean,measured_target
poly_4152,[*]CC(=O)O[*],Bandgap,7.085,eV,polyverse_bandgap,train,clean,clean,measured_target
poly_1084,[*]CC([*])(C)C(=O)Nc1cccc(-c2nnc(-c3ccccc3)o2)c1,Bandgap,3.4128,eV,polyverse_bandgap,train,clean,clean,measured_target
poly_1662,[*]CCCOCCCOC(=O)c1ccc(-c2ccc(C(=O)O[*])cc2)cc1,Bandgap,4.1008,eV,polyverse_bandgap,train,clean,clean,measured_target
poly_1541,[*]C(=O)C(S1)=CC=C1C(=O)O[*],Bandgap,3.9696,eV,polyverse_bandgap,train,clean,clean,measured_target
poly_496,[*]C(C=C1)=CC=C1C(=S)C(C=C2)=CC=C2O[*],Bandgap,2.6460000000000004,eV,polyverse_bandgap,train,clean,clean,measured_target
poly_5,[*]C=C([*])c1ccc(C#C)cc1,Bandgap,0.2213,eV,polyverse_bandgap,train,clean,clean,measured_target
poly_3464,[*]C=CC(C[*])(C(F)(F)F)C(F)(F)F,Bandgap,5.9378,eV,polyverse_bandgap,train,clean,clean,measured_target
poly_1544,[*]CCOCCOCCOCCOCCOc1ccc(C=C(C)c2ccc(O[*])cc2)cc1,Bandgap,3.9748,eV,polyverse_bandgap,train,clean,clean,measured_target
poly_608,[*]CC(C=C1)=CC=C1C(=S)C(C=C2)=CC=C2[*],Bandgap,2.8005,eV,polyverse_bandgap,train,clean,clean,measured_target
poly_2,[*]C=C([*])c1ccccc1,Bandgap,0.0933,eV,polyverse_bandgap,train,clean,clean,measured_target
poly_3528,[*]CNC(=O)CCCCC(=O)N[*],Bandgap,5.997999999999998,eV,polyverse_bandgap,train,clean,clean,measured_target
poly_665,[*]C=CC(=O)C(C)=Cc1ccc(Sc2ccc([*])o2)o1,Bandgap,2.8834,eV,polyverse_bandgap,train,clean,clean,measured_target
poly_2357,[*]Oc1ccc(Oc2cccc([*])n2)c(C)c1,Bandgap,4.8181,eV,polyverse_bandgap,train,clean,clean,measured_target
poly_1325,[*]Nc1c(OC)cc([*])cc1OC,Bandgap,3.698,eV,polyverse_bandgap,train,clean,clean,measured_target
poly_1350,[*]Oc1ccc(Oc2ccc(C(=O)C(=O)c3ccc([*])cc3)cc2)cc1,Bandgap,3.7299,eV,polyverse_bandgap,train,clean,clean,measured_target
poly_1081,[*]c1ccc(C(c2ccccc2)(c2ccc(-c3nc4ccc(-c5ccc6nc([*])oc6c5)cc4o3)cc2)C(F)(F)F)cc1,Bandgap,3.409,eV,polyverse_bandgap,train,clean,clean,measured_target
poly_1526,[*]Oc1ccc(C(C)(C)c2ccc(Oc3ccc([*])nn3)cc2)cc1,Bandgap,3.9499,eV,polyverse_bandgap,train,clean,clean,measured_target
poly_2942,[*]CCCN([*])C(=O)CCCCC,Bandgap,5.4015,eV,polyverse_bandgap,train,clean,clean,measured_target
poly_944,[*]c1cc(N2C(=O)c3ccc(P(=O)(c4ccccc4)c4ccc5c(c4)C(=O)N([*])C5=O)cc3C2=O)cc(C(F)(F)F)c1,Bandgap,3.2484,eV,polyverse_bandgap,train,clean,clean,measured_target
poly_2906,[*]CC([*])=C,Bandgap,5.3561,eV,polyverse_bandgap,train,clean,clean,measured_target
poly_1779,[*]CCOC(=O)CSC(=O)Nc1ccc(Cc2ccc(NC(=O)SCC(=O)O[*])cc2)cc1,Bandgap,4.2361,eV,polyverse_bandgap,train,clean,clean,measured_target
poly_1756,[*]CCCCCCCCCc1nc2ccc(-c3ccc4nc([*])oc4c3)cc2o1,Bandgap,4.2007,eV,polyverse_bandgap,train,clean,clean,measured_target
poly_204,[*]c1sc([*])c(OCCCC)c1C,Bandgap,2.1145,eV,polyverse_bandgap,train,clean,clean,measured_target
poly_3607,[*]CC(CBr)O[*],Bandgap,6.0732,eV,polyverse_bandgap,train,clean,clean,measured_target
poly_2173,C(F)(F)C(F)(F)C(=O)C(C=C1)=CC=C1,Bandgap,4.6366,eV,polyverse_bandgap,train,clean,clean,measured_target
poly_3817,[*]OC1CCC(C2CCC(OC(=O)CCCCCCCCC([*])=O)CC2)CC1,Bandgap,6.3761,eV,polyverse_bandgap,train,clean,clean,measured_target
poly_3783,[*]CCCCCCOC(=O)CCCCCNC(=O)O[*],Bandgap,6.3325,eV,polyverse_bandgap,train,clean,clean,measured_target
poly_2159,[*]Cc1cc(C)c(CNC(=O)CCCCCCC(=O)N[*])cc1C,Bandgap,4.6206,eV,polyverse_bandgap,train,clean,clean,measured_target
poly_3618,[*]C1C2CC(C)C(C2)C1[*],Bandgap,6.0902,eV,polyverse_bandgap,train,clean,clean,measured_target
poly_3137,[*]CCCCCCC(=O)N([*])C,Bandgap,5.6254,eV,polyverse_bandgap,train,clean,clean,measured_target
poly_1177,[*]Nc1ccc(Br)cc1-c1ccc(NC(=O)c2ccc(C([*])=O)cc2)cc1,Bandgap,3.5352,eV,polyverse_bandgap,train,clean,clean,measured_target
poly_3003,[*]CCNC(=O)NCCCCCCNC(=O)O[*],Bandgap,5.472,eV,polyverse_bandgap,train,clean,clean,measured_target
poly_2768,[*]CCCCCCCCCNC(=O)NCCCCCCCNC(=O)N[*],Bandgap,5.2144,eV,polyverse_bandgap,train,clean,clean,measured_target
poly_1865,[*]Cc1ccc(COC(=O)CCCCSCCCCC(=O)O[*])cc1,Bandgap,4.3125,eV,polyverse_bandgap,train,clean,clean,measured_target
poly_1961,[*]CC(C)COC(=O)c1ccc(C(=O)O[*])cc1,Bandgap,4.4298,eV,polyverse_bandgap,train,clean,clean,measured_target
poly_3397,[*]CCCCCCCCNC(=O)CCCCCCCCCCCCCCC(=O)N[*],Bandgap,5.872000000000001,eV,polyverse_bandgap,train,clean,clean,measured_target
poly_2567,CC(C=C1)=CC=C1C,Bandgap,5.0129,eV,polyverse_bandgap,train,clean,clean,measured_target
poly_57,[*]c1cc(OCCOC)c([*])s1,Bandgap,1.4267,eV,polyverse_bandgap,train,clean,clean,measured_target
poly_4135,[*]CC(C)(C)COC(=O)O[*],Bandgap,6.9656,eV,polyverse_bandgap,train,clean,clean,measured_target
poly_1868,[*]CC([*])C=O,Bandgap,4.3172,eV,polyverse_bandgap,train,clean,clean,measured_target
poly_1953,[*]NNC(=O)c1cccc(C(=O)NNC(=O)C([*])=O)c1,Bandgap,4.4213,eV,polyverse_bandgap,train,clean,clean,measured_target
poly_2552,[*]N=P([*])(Oc1cccc(Cl)c1)Oc1cccc(Cl)c1,Bandgap,5.003,eV,polyverse_bandgap,train,clean,clean,measured_target
poly_3534,C([*])C(O1)CC(OC1CC)([*]),Bandgap,6.0051,eV,polyverse_bandgap,train,clean,clean,measured_target
poly_1381,C(=O)([*])C1=CC=C(C=C1)C(=O)OC1=CC=C(C=C1)C2(C1=CC=CC=C1C(=O)O2)C1=CC=C(C=C1)O([*]),Bandgap,3.7601,eV,polyverse_bandgap,train,clean,clean,measured_target
poly_3256,[*]OC(=O)CS(=O)(=O)CCS(=O)(=O)CC([*])=O,Bandgap,5.7503,eV,polyverse_bandgap,train,clean,clean,measured_target
poly_2905,[*]CC(OCC)C(C#N)(C#N)C([*])(C#N)C(=O)OC,Bandgap,5.3554,eV,polyverse_bandgap,train,clean,clean,measured_target
poly_2181,[*]CCCSC(=O)CCCCCCC(=O)S[*],Bandgap,4.641,eV,polyverse_bandgap,train,clean,clean,measured_target
poly_550,[*]c1ccc(S(=O)(=O)c2ccc(-n3c(=O)c4cc5c(=O)n([*])c(=O)c5cc4c3=O)cc2)cc1,Bandgap,2.7268,eV,polyverse_bandgap,train,clean,clean,measured_target
poly_1346,[*]CNC(S1)=CC=C1C(C=C2)=CC=C2[*],Bandgap,3.7228,eV,polyverse_bandgap,train,clean,clean,measured_target
poly_3832,[*]OC(=O)OCC(O)C(O)COC(=O)OC1COC2C([*])COC12,Bandgap,6.4149,eV,polyverse_bandgap,train,clean,clean,measured_target
poly_963,[*]Oc1c(C)c(C)c(Oc2ccc(NC(=O)c3ccc(C(=O)Nc4ccc([*])cc4)cc3)cc2)c(C)c1C,Bandgap,3.2654,eV,polyverse_bandgap,train,clean,clean,measured_target
poly_3892,[*]CC(C)(C)COC(=O)CCCCCCCC(=O)O[*],Bandgap,6.4954,eV,polyverse_bandgap,train,clean,clean,measured_target
poly_2231,[*]Oc1ccc(-c2ccc(OC(=O)CCCCCCCCC([*])=O)cc2)cc1,Bandgap,4.6871,eV,polyverse_bandgap,train,clean,clean,measured_target
poly_3225,[*]CC(OCC)C(C(=O)OC)C([*])C(=O)OC,Bandgap,5.7251,eV,polyverse_bandgap,train,clean,clean,measured_target
poly_3707,[*]CCCCCCCCCCCCO[*],Bandgap,6.2257,eV,polyverse_bandgap,train,clean,clean,measured_target
poly_2896,[*]c1ccc(C(C#N)(C(=O)OC)C([*])(C#N)C(=O)OC)cc1,Bandgap,5.345,eV,polyverse_bandgap,train,clean,clean,measured_target
poly_3034,[*]NC1CC(C)(C)CC(C)(CNC(=O)CCCCC([*])=O)C1,Bandgap,5.5133,eV,polyverse_bandgap,train,clean,clean,measured_target
poly_933,[*]CCCCCCOC(=O)c1ccc(C=Cc2ccc(C(=O)O[*])cc2)cc1,Bandgap,3.2271,eV,polyverse_bandgap,train,clean,clean,measured_target
poly_968,[*]NC(=O)NC(S1)=CC=C1[*],Bandgap,3.2728,eV,polyverse_bandgap,train,clean,clean,measured_target
poly_3077,[*]C(=O)Oc1ccc(OC(=O)N2CC(C)N([*])CC2C)cc1,Bandgap,5.5526,eV,polyverse_bandgap,train,clean,clean,measured_target
poly_3807,[*]CC([*])(F)C(=O)OCC(F)(F)C(F)(F)C(F)(F)C(F)(F)C(F)(F)C(F)(F)C(F)(F)C(F)(F)F,Bandgap,6.3664,eV,polyverse_bandgap,train,clean,clean,measured_target
poly_2748,[*]CCCCCCCCCCC(=O)NCc1ccc(CNC(=O)CCCCO[*])cc1,Bandgap,5.1934,eV,polyverse_bandgap,train,clean,clean,measured_target
poly_193,[*]c1ccc(Oc2ccc(-n3c(=O)c4c(F)c5c(=O)n([*])c(=O)c5c(F)c4c3=O)cc2)cc1,Bandgap,2.0806,eV,polyverse_bandgap,train,clean,clean,measured_target
poly_3918,[*]CCOCCOC(=O)CCCCCCCCC(=O)O[*],Bandgap,6.5248,eV,polyverse_bandgap,train,clean,clean,measured_target
poly_2554,[*]CCCCCCN(C)C(=O)CCC(=O)N([*])C,Bandgap,5.0062,eV,polyverse_bandgap,train,clean,clean,measured_target
poly_3927,[*]CCCCCCCCCCCCCCCCCCCCCCOC(=O)CCC(=O)O[*],Bandgap,6.5377,eV,polyverse_bandgap,train,clean,clean,measured_target
poly_3142,[*]NC(C)(CC)C([*])=O,Bandgap,5.632999999999999,eV,polyverse_bandgap,train,clean,clean,measured_target
poly_3507,[*]OC(COCCOC)COC([*])=O,Bandgap,5.976,eV,polyverse_bandgap,train,clean,clean,measured_target
poly_3020,[*]CCCCCCNC(=O)C(CCCCCCCCCCC)C(=O)N[*],Bandgap,5.4945,eV,polyverse_bandgap,train,clean,clean,measured_target
poly_233,[*]NC(S1)=CC=C1C(=O)C(=S)[*],Bandgap,2.196,eV,polyverse_bandgap,train,clean,clean,measured_target
poly_1473,[*]CCCCCCN1C(=O)c2ccc(Oc3ccc4c(c3)C(=O)N([*])C4=O)cc2C1=O,Bandgap,3.8891,eV,polyverse_bandgap,train,clean,clean,measured_target
poly_1669,[*]CC([*])OC(=O)c1ccccc1C,Bandgap,4.1103,eV,polyverse_bandgap,train,clean,clean,measured_target
poly_3656,[*]CC1CC([*])OC(CCC)O1,Bandgap,6.1416,eV,polyverse_bandgap,train,clean,clean,measured_target
poly_2088,[*]CC(CO[*])(CSCCCC)CSCCCC,Bandgap,4.5588,eV,polyverse_bandgap,train,clean,clean,measured_target
poly_1070,[*]CCOCCOC(=O)c1ccc(-c2ccc(-c3ccc(C(=O)O[*])cc3)cc2)cc1,Bandgap,3.4046,eV,polyverse_bandgap,train,clean,clean,measured_target
poly_2109,[*]OC(=O)c1ccc(C([*])=O)cc1,Bandgap,4.5781,eV,polyverse_bandgap,train,clean,clean,measured_target
poly_3039,[*]NCc1cccc(CNC(=O)C(C)CC(C)(C)C([*])=O)c1,Bandgap,5.5161,eV,polyverse_bandgap,train,clean,clean,measured_target
poly_2963,[*]CCCCCCCCCCNC(=O)N[*],Bandgap,5.4226,eV,polyverse_bandgap,train,clean,clean,measured_target
poly_2199,[*]SC(=O)OCC(C)(C)COC(=O)SN1CC(C)N([*])CC1C,Bandgap,4.6543,eV,polyverse_bandgap,train,clean,clean,measured_target
poly_1132,[*]Oc1ccc(Oc2ccc(Oc3ccc(C(=O)c4ccc([*])cc4)cc3)cc2)cc1,Bandgap,3.4703,eV,polyverse_bandgap,train,clean,clean,measured_target
poly_1126,[*]Oc1ccc(S(=O)(=O)c2ccc(Oc3ccc(NC(=O)c4cc(NC(=O)c5ccncc5)cc(C(=O)Nc5ccc([*])cc5)c4)cc3)cc2)cc1,Bandgap,3.4604,eV,polyverse_bandgap,train,clean,clean,measured_target
poly_4044,[*]CCCCOC(=O)CCCCCC(=O)O[*],Bandgap,6.7037,eV,polyverse_bandgap,train,clean,clean,measured_target
poly_3374,[*]CCCCC(Cl)(Cl)C(=O)N[*],Bandgap,5.8581,eV,polyverse_bandgap,train,clean,clean,measured_target
poly_765,[*]C=Cc1ccc(C=Cc2cc([*])ncn2)cc1,Bandgap,2.9914,eV,polyverse_bandgap,train,clean,clean,measured_target
poly_2709,[*]CCCOC(=O)Cc1ccc(CC(=O)O[*])cc1,Bandgap,5.1547,eV,polyverse_bandgap,train,clean,clean,measured_target
poly_1277,[*]CC(O)COC(=O)CC(=CC(=O)O[*])c1ccc(OCC)cc1,Bandgap,3.6443,eV,polyverse_bandgap,train,clean,clean,measured_target
poly_1632,[*]OC(=O)c1ccc(C(=O)NCNC(=O)c2ccc(C([*])=O)cc2)cc1,Bandgap,4.0724,eV,polyverse_bandgap,train,clean,clean,measured_target
poly_2298,[*]Oc1cc(Cl)c(C(C)(C)c2c(Cl)cc(OC([*])=O)cc2Cl)c(Cl)c1,Bandgap,4.7509,eV,polyverse_bandgap,train,clean,clean,measured_target
poly_1740,[*]c1ccc(Cc2ccc(N([*])Cc3ccccc3)cc2)cc1,Bandgap,4.1847,eV,polyverse_bandgap,train,clean,clean,measured_target
poly_2030,[*]Oc1ccc(C(=O)c2ccc(OC(=O)OC3C(C)(C)C(OC([*])=O)C3(C)C)cc2)cc1,Bandgap,4.5062,eV,polyverse_bandgap,train,clean,clean,measured_target
poly_2526,[*]Oc1cccc(OC2(F)C([*])(F)C(F)(F)C2(F)F)c1,Bandgap,4.9699,eV,polyverse_bandgap,train,clean,clean,measured_target
poly_3093,[*]OC1C=CC([*])CC1,Bandgap,5.5705,eV,polyverse_bandgap,train,clean,clean,measured_target
poly_750,[*]CC(S1)=CC=C1C(S2)=CC=C2C(S3)=CC=C3[*],Bandgap,2.9777,eV,polyverse_bandgap,train,clean,clean,measured_target
poly_262,[*]c1cc(CCCCCCCCCC(O)CO)c([*])s1,Bandgap,2.2905,eV,polyverse_bandgap,train,clean,clean,measured_target
poly_3658,[*]CC(C)(C)COC(=O)NCCCC(CCNC(=O)O[*])OC,Bandgap,6.1425,eV,polyverse_bandgap,train,clean,clean,measured_target
poly_1370,[*]Sc1cccc(Sc2ccc(Sc3ccc([*])cc3)cc2)c1,Bandgap,3.7476,eV,polyverse_bandgap,train,clean,clean,measured_target
poly_2136,[*]CCOC(=O)c1ccc(O[*])cc1Cl,Bandgap,4.6001,eV,polyverse_bandgap,train,clean,clean,measured_target
poly_188,[*]c1ccc(-c2ccc(-c3cc([*])c4cccccc3-4)s2)s1,Bandgap,2.0596,eV,polyverse_bandgap,train,clean,clean,measured_target
poly_1827,[*]CNC(=S)N[*],Bandgap,4.2794,eV,polyverse_bandgap,train,clean,clean,measured_target
poly_3867,[*]CC([*])(F)C(=O)OCCC(F)(F)C(F)(F)C(F)(F)C(F)(F)F,Bandgap,6.464,eV,polyverse_bandgap,train,clean,clean,measured_target
poly_3103,[*]C=CC(C)(C)C([*])(C)C,Bandgap,5.5814,eV,polyverse_bandgap,train,clean,clean,measured_target
poly_1570,[*]Oc1cccc(Oc2ccc(S(=O)(=O)c3ccc([*])cc3)cc2)c1,Bandgap,4.0045,eV,polyverse_bandgap,train,clean,clean,measured_target
poly_207,[*]C(=O)c1ccc2c(c1)C(=O)N(c1ccc(Oc3ccc(-c4ccc(Oc5ccc(N6C(=O)c7ccc([*])cc7C6=O)cc5)cc4)cc3)cc1)C2=O,Bandgap,2.13,eV,polyverse_bandgap,train,clean,clean,measured_target
poly_779,[*]c1ccc([*])nc1,Bandgap,3.0047,eV,polyverse_bandgap,train,clean,clean,measured_target
poly_4169,[*]C([2H])([2H])C([*])(F)F,Bandgap,7.2226,eV,polyverse_bandgap,train,clean,clean,measured_target
poly_2699,[*]NC(C)C(=O)NC(CCC(=O)OCC)C(=O)NCC([*])=O,Bandgap,5.1422,eV,polyverse_bandgap,train,clean,clean,measured_target
poly_2674,[*]Oc1ccc(CC(NC(=O)CCc2ccc(OC(=O)CC(C)CCC([*])=O)cc2)C(=O)OC(C)CC)cc1,Bandgap,5.1178,eV,polyverse_bandgap,train,clean,clean,measured_target
poly_1174,[*]CC([*])c1ccc(C=O)cc1,Bandgap,3.5283,eV,polyverse_bandgap,train,clean,clean,measured_target
poly_1023,[*]C(=O)Nc1nc([*])c(C#N)n1C,Bandgap,3.3492,eV,polyverse_bandgap,train,clean,clean,measured_target
poly_2402,[*]Oc1ccc(Cc2ccc([*])cc2)cc1,Bandgap,4.865,eV,polyverse_bandgap,train,clean,clean,measured_target
poly_3501,[*]OC(CC)C([*])=O,Bandgap,5.9716,eV,polyverse_bandgap,train,clean,clean,measured_target
poly_932,[*]Cc1c(C)c(C)c(CSC(=O)C(=O)S[*])c(C)c1C,Bandgap,3.2265,eV,polyverse_bandgap,train,clean,clean,measured_target
poly_3871,[*]CCCCCCCCCCCCCCCc1nnc([*])o1,Bandgap,6.4664,eV,polyverse_bandgap,train,clean,clean,measured_target
poly_1130,[*]Oc1ccc(C(CC)(CC)c2ccc(OC(=O)c3cccc(C([*])=O)c3)cc2)cc1,Bandgap,3.4698,eV,polyverse_bandgap,train,clean,clean,measured_target
poly_2192,[*]CCOC(=O)c1ccc(C(=O)O[*])cc1,Bandgap,4.6498,eV,polyverse_bandgap,train,clean,clean,measured_target
poly_881,[*]CCCC(=O)Nc1ccc(NC(=O)CCCOC(=O)c2ccc(-c3ccc(C(=O)O[*])cc3)cc2)cc1,Bandgap,3.1592,eV,polyverse_bandgap,train,clean,clean,measured_target
poly_1286,[*]NC(=O)C(=S)O[*],Bandgap,3.6519,eV,polyverse_bandgap,train,clean,clean,measured_target
poly_1199,[*]C(=O)C(O)c1ccc([*])s1,Bandgap,3.56,eV,polyverse_bandgap,train,clean,clean,measured_target
poly_617,[*]c1ccc([*])n1C(C(=O)NO)n1c2ccccc2c2ccccc21,Bandgap,2.8134,eV,polyverse_bandgap,train,clean,clean,measured_target
poly_203,[*]CC([*])OC(=O)c1ccc(Cl)cc1,Bandgap,2.1125,eV,polyverse_bandgap,train,clean,clean,measured_target
poly_1308,[*]c1ccc2c(c1)c1cc([*])ccc1n2CC(=O)NO,Bandgap,3.6799,eV,polyverse_bandgap,train,clean,clean,measured_target
poly_1916,[*]CCOC(=O)c1ccc(C(C)(CC)c2ccc(C(=O)O[*])cc2)cc1,Bandgap,4.3825,eV,polyverse_bandgap,train,clean,clean,measured_target
poly_1519,[*]c1ccc(Sc2ccc(S([*])(=O)=O)cc2)cc1,Bandgap,3.9414,eV,polyverse_bandgap,train,clean,clean,measured_target
poly_1991,[*]CCOC(=O)c1ccc(O[*])cc1C,Bandgap,4.462,eV,polyverse_bandgap,train,clean,clean,measured_target
poly_846,[*]Nc1ccc(NC(=O)c2cc(SCCCCCCCC)c(C([*])=O)cc2SCCCCCCCC)cc1,Bandgap,3.1071,eV,polyverse_bandgap,train,clean,clean,measured_target
poly_3791,[*]CCOC(=O)CCC(=O)O[*],Bandgap,6.3458,eV,polyverse_bandgap,train,clean,clean,measured_target
poly_658,C(F)(F)NC(F)(F)C(=S),Bandgap,2.8758,eV,polyverse_bandgap,train,clean,clean,measured_target
poly_1514,[*]Oc1ccc(Oc2ccc(OC(=O)c3ccccc3-c3ccccc3C([*])=O)cc2)cc1,Bandgap,3.9355,eV,polyverse_bandgap,train,clean,clean,measured_target
poly_2365,[*]Oc1ccc(CC(NC(=O)CCc2ccc(OC(=O)COCCOCC([*])=O)cc2)C(=O)OC)cc1,Bandgap,4.825,eV,polyverse_bandgap,train,clean,clean,measured_target
poly_2029,[*]CCCCC(=O)OCCOC(=O)c1ccc(O[*])cc1,Bandgap,4.5036,eV,polyverse_bandgap,train,clean,clean,measured_target
poly_2851,[*]CCCCCCN(C)C(=O)CCCCCCCCCCC(=O)N([*])C,Bandgap,5.3019,eV,polyverse_bandgap,train,clean,clean,measured_target
poly_1890,[*]CNC(C=C1)=CC=C1O[*],Bandgap,4.3453,eV,polyverse_bandgap,train,clean,clean,measured_target
poly_800,[*]Nc1ccc(NC(=O)c2cc(C([*])=O)c(C(=O)O)cc2C(=O)O)cc1,Bandgap,3.0363,eV,polyverse_bandgap,train,clean,clean,measured_target
poly_3133,[*]NC(C)(C)C([*])=O,Bandgap,5.6207,eV,polyverse_bandgap,train,clean,clean,measured_target
poly_145,[*]C=CC=CC=Cc1cc(CCCCCCC)c([*])cc1CCCCCCC,Bandgap,1.9218,eV,polyverse_bandgap,train,clean,clean,measured_target
poly_1782,[*]CCCP(CCCNC(=O)C(=O)N[*])c1ccccc1,Bandgap,4.2412,eV,polyverse_bandgap,train,clean,clean,measured_target
poly_3813,[*]CCCCCCCC(=O)OCCCCC1COC([*])O1,Bandgap,6.3701,eV,polyverse_bandgap,train,clean,clean,measured_target
poly_1728,[*]SC(C)C([*])=O,Bandgap,4.1741,eV,polyverse_bandgap,train,clean,clean,measured_target
poly_173,[*]c1cc(OCCOCCOC)c(-c2sc([*])c3c2OCCO3)s1,Bandgap,2.0039,eV,polyverse_bandgap,train,clean,clean,measured_target
poly_2891,[*]CCCCCCCCCCNC(=O)NCCCCCCNC(=O)N[*],Bandgap,5.3423,eV,polyverse_bandgap,train,clean,clean,measured_target
poly_789,[*]Nc1ccc(NC(=O)c2ccc(C([*])=O)cc2F)cc1F,Bandgap,3.0271,eV,polyverse_bandgap,train,clean,clean,measured_target
poly_1266,[*]c1ccc2oc([*])nc2c1,Bandgap,3.6359,eV,polyverse_bandgap,train,clean,clean,measured_target
poly_1586,[*]c1nc2c(n1C)C(=O)N([*])C2=O,Bandgap,4.02,eV,polyverse_bandgap,train,clean,clean,measured_target
poly_3668,[*]OC([*])C=C,Bandgap,6.1583,eV,polyverse_bandgap,train,clean,clean,measured_target
poly_1459,[*]NC(=O)c1ccc(C(=O)Nc2cnc([*])nc2)cc1,Bandgap,3.8641,eV,polyverse_bandgap,train,clean,clean,measured_target
poly_3960,[*]CC([*])C(=O)OC(F)(F)C(F)(F)C(F)(F)C(F)(F)C(F)(F)C(F)(F)C(F)(F)C(F)(F)F,Bandgap,6.5889,eV,polyverse_bandgap,train,clean,clean,measured_target
poly_1831,[*]NCCCCCCNc1nc([*])nc(-c2ccccc2)n1,Bandgap,4.2826,eV,polyverse_bandgap,train,clean,clean,measured_target
poly_3708,[*]OC([*])(C)C,Bandgap,6.2262,eV,polyverse_bandgap,train,clean,clean,measured_target
poly_1681,[*]CCC(=S)O[*],Bandgap,4.1346,eV,polyverse_bandgap,train,clean,clean,measured_target
poly_787,[*]CC([*])OCCOc1ccc(C=C(C#N)C(=O)OC)cc1,Bandgap,3.0209,eV,polyverse_bandgap,train,clean,clean,measured_target
poly_3904,[*]CCCC(C)CCC(=O)O[*],Bandgap,6.5122,eV,polyverse_bandgap,train,clean,clean,measured_target
poly_3188,[*]CC([*])C(=O)NCC(F)(F)C(F)(F)C(F)(F)F,Bandgap,5.6849,eV,polyverse_bandgap,train,clean,clean,measured_target
poly_1458,[*]N=P([*])(OCCC(=O)C=C)OCCC(=O)C=C,Bandgap,3.8624,eV,polyverse_bandgap,train,clean,clean,measured_target
poly_686,[*]c1ccc(Cc2ccc(N3C(=O)c4ccc(-c5ccc6c(c5)C(=O)N([*])C6=O)cc4C3=O)cc2)cc1,Bandgap,2.9091,eV,polyverse_bandgap,train,clean,clean,measured_target
poly_3600,[*]CC([*])C(=O)OCC=C,Bandgap,6.0639,eV,polyverse_bandgap,train,clean,clean,measured_target
poly_364,[*]c1ccc(-c2cnc3cc4nc([*])cnc4cc3n2)cc1,Bandgap,2.4806,eV,polyverse_bandgap,train,clean,clean,measured_target
poly_1432,[*]OCCOC(=O)CCCC(=O)OCCOc1nc(-c2ccc(OC)cc2)nc([*])c1-c1ccc(OC)cc1,Bandgap,3.8299,eV,polyverse_bandgap,train,clean,clean,measured_target
poly_4128,[*]CCCCCCCCCCCCCCC(=O)O[*],Bandgap,6.917999999999998,eV,polyverse_bandgap,train,clean,clean,measured_target
poly_306,[*]c1ccc(C(c2ccccc2)c2ccc(-n3c(=O)c4cc5c(=O)n([*])c(=O)c5cc4c3=O)cc2)cc1,Bandgap,2.3874,eV,polyverse_bandgap,train,clean,clean,measured_target
poly_1259,[*]Oc1ccc(Oc2ccc(C(=O)c3ccc([*])cc3)cc2)cc1C=O,Bandgap,3.6263,eV,polyverse_bandgap,train,clean,clean,measured_target
poly_4006,[*]CCCCCCCCCCOC(=O)CCCCCC(=O)O[*],Bandgap,6.6472,eV,polyverse_bandgap,train,clean,clean,measured_target
poly_3642,[*]COCC1([*])COC(C)(C)OC1,Bandgap,6.1267,eV,polyverse_bandgap,train,clean,clean,measured_target
poly_3493,[*]CC(C)(C)CO[*],Bandgap,5.9613,eV,polyverse_bandgap,train,clean,clean,measured_target
poly_1792,[*]CCCCCNC(=S)N[*],Bandgap,4.2484,eV,polyverse_bandgap,train,clean,clean,measured_target
poly_132,[*]c1cnc([*])s1,Bandgap,1.8622,eV,polyverse_bandgap,train,clean,clean,measured_target
poly_324,[*]c1ccc(Oc2cc(C(C)(C)C)ccc2Oc2ccc(-n3c(=O)c4cc5c(=O)n([*])c(=O)c5cc4c3=O)cc2)cc1,Bandgap,2.4295,eV,polyverse_bandgap,train,clean,clean,measured_target
poly_2235,[*]CNC(=O)OCCOC(=O)NCc1ccc(C(C)(C)c2ccc([*])o2)o1,Bandgap,4.6893,eV,polyverse_bandgap,train,clean,clean,measured_target
poly_3523,[*]C(=O)NC1CCCC([*])O1,Bandgap,5.9929,eV,polyverse_bandgap,train,clean,clean,measured_target
poly_149,[*]c1ccc(Oc2ccc(-n3c(=O)c4c(Oc5ccc(OCCCC)cc5)c5c(=O)n([*])c(=O)c5c(Oc5ccc(OCCCC)cc5)c4c3=O)cc2)cc1,Bandgap,1.9436,eV,polyverse_bandgap,train,clean,clean,measured_target
poly_1106,[*]c1ccc(C)c(N2C(=O)c3ccc(-c4ccc5c(c4)C(=O)N([*])C5=O)cc3C2=O)c1,Bandgap,3.442,eV,polyverse_bandgap,train,clean,clean,measured_target
poly_3605,[*]CCCCCCCCC(=O)N[*],Bandgap,6.0695,eV,polyverse_bandgap,train,clean,clean,measured_target
poly_2130,[*]Oc1ccc(C([*])=O)cc1Cl,Bandgap,4.5967,eV,polyverse_bandgap,train,clean,clean,measured_target
poly_1732,[*]C(=O)OC(=S)O[*],Bandgap,4.1761,eV,polyverse_bandgap,train,clean,clean,measured_target
poly_2685,[*]CC([*])c1ccccc1CC,Bandgap,5.1303,eV,polyverse_bandgap,train,clean,clean,measured_target
poly_2054,[*]CC(C=C1)=CC=C1OC(S2)=CC=C2[*],Bandgap,4.5312,eV,polyverse_bandgap,train,clean,clean,measured_target
poly_2021,[*]CCc1ccc([*])c(C#N)c1,Bandgap,4.4939,eV,polyverse_bandgap,train,clean,clean,measured_target
poly_1773,[*]O[Si](C)(Oc1ccc([*])cc1)c1ccccc1,Bandgap,4.2258,eV,polyverse_bandgap,train,clean,clean,measured_target
poly_1533,[*]OC(C)COC(=O)C=C(CC([*])=O)c1cc(C)ccc1OC,Bandgap,3.9576,eV,polyverse_bandgap,train,clean,clean,measured_target
poly_2119,[*]OP(=O)(Oc1ccccc1)Oc1ccc(-c2ccc([*])cc2)cc1,Bandgap,4.5854,eV,polyverse_bandgap,train,clean,clean,measured_target
poly_2575,[*]C=CC1CC([*])C(C(=O)OC)C1C(=O)OC,Bandgap,5.0196,eV,polyverse_bandgap,train,clean,clean,measured_target
poly_3407,[*]NNC(=O)CCC(=O)NNC(=O)CCCCCCCCC([*])=O,Bandgap,5.8764,eV,polyverse_bandgap,train,clean,clean,measured_target
poly_1495,[*]CCCCCCCCCCCCOC(=O)c1ccc(-c2ccc(C(=O)O[*])cc2)cc1,Bandgap,3.9133,eV,polyverse_bandgap,train,clean,clean,measured_target
poly_3840,[*]CC([*])(C)C(=O)OCC,Bandgap,6.4221,eV,polyverse_bandgap,train,clean,clean,measured_target
poly_742,[*]c1ccc(-c2nnc(-c3nnc([*])o3)o2)cc1,Bandgap,2.9703,eV,polyverse_bandgap,train,clean,clean,measured_target
poly_3734,[*]CC([*])C(=O)NCC(F)(F)F,Bandgap,6.2603,eV,polyverse_bandgap,train,clean,clean,measured_target
poly_3496,[*]CC(C)(C)COC(=O)NCCOCCOCCNC(=O)O[*],Bandgap,5.9669,eV,polyverse_bandgap,train,clean,clean,measured_target
poly_589,[*]CC([*])c1ccc(C(=O)CCN2CCCCC2)cc1,Bandgap,2.7738,eV,polyverse_bandgap,train,clean,clean,measured_target
poly_3366,[*]CC(C)(CCl)O[*],Bandgap,5.8535,eV,polyverse_bandgap,train,clean,clean,measured_target
poly_2065,[*]CCN([*])C(=O)c1cc(F)ccc1F,Bandgap,4.5391,eV,polyverse_bandgap,train,clean,clean,measured_target
poly_610,[*]C(=O)Nc1ccc(NC(=O)c2ccc3c(c2)C(=O)N(c2cc(-c4nc5ccccc5s4)cc(N4C(=O)c5ccc([*])cc5C4=O)c2)C3=O)cc1,Bandgap,2.8046,eV,polyverse_bandgap,train,clean,clean,measured_target
poly_2342,[*]CC(O)COc1ccc(C(C)(C)c2ccc(OCC(O)COc3cccc(O[*])c3)cc2)cc1,Bandgap,4.7967,eV,polyverse_bandgap,train,clean,clean,measured_target
poly_166,[*]CCCCCn1c(=O)c2ccc3c4ccc5c(=O)n([*])c(=O)c6ccc(c7ccc(c1=O)c2c37)c4c56,Bandgap,1.9843,eV,polyverse_bandgap,train,clean,clean,measured_target
poly_744,[*]C(=O)C(C=C1)=CC=C1C(S2)=CC=C2C(C=C3)=CC=C3[*],Bandgap,2.9732,eV,polyverse_bandgap,train,clean,clean,measured_target
poly_1623,[*]CC([*])c1cc(OC)c(OC(C)=O)c(OC)c1,Bandgap,4.0633,eV,polyverse_bandgap,train,clean,clean,measured_target
poly_2230,[*]C(=O)NCCCCCCCCCCNC(=O)c1cncc([*])c1,Bandgap,4.6863,eV,polyverse_bandgap,train,clean,clean,measured_target
poly_421,C(=O)C(S1)=CC=C1NC(=S)OC(S2)=CC=C2NC(S3)=CC=C3,Bandgap,2.542,eV,polyverse_bandgap,train,clean,clean,measured_target
poly_2452,[*]Nc1cccc(NC(=O)CCCCCCCC([*])=O)c1,Bandgap,4.9065,eV,polyverse_bandgap,train,clean,clean,measured_target
poly_1324,[*]Nc1ccc([*])cc1OC,Bandgap,3.6964,eV,polyverse_bandgap,train,clean,clean,measured_target
poly_2293,[*]CC(C)(C)C1C(=O)N(c2ccccc2C)C(=O)C1[*],Bandgap,4.7453,eV,polyverse_bandgap,train,clean,clean,measured_target
poly_1328,[*]Oc1ccc(Oc2ccc(C(=O)c3ccc([*])cc3)cc2)cc1CO,Bandgap,3.702,eV,polyverse_bandgap,train,clean,clean,measured_target
poly_1780,[*]NCCOCCOCCNC(=O)Nc1cc(NC(=O)N[*])ccc1C,Bandgap,4.2379,eV,polyverse_bandgap,train,clean,clean,measured_target
poly_3107,[*]CCCCCCCNC(=O)NCCCCCCNC(=O)N[*],Bandgap,5.5863,eV,polyverse_bandgap,train,clean,clean,measured_target
poly_2965,[*]C=CCC(C)(CC[*])C(=O)OC,Bandgap,5.4239,eV,polyverse_bandgap,train,clean,clean,measured_target
poly_3252,[*]CC(CO[*])C(C)(C)C,Bandgap,5.7473,eV,polyverse_bandgap,train,clean,clean,measured_target
poly_2844,[*]Cc1cccc(CN(C)C(=O)CCCCC(=O)N([*])C)c1,Bandgap,5.2937,eV,polyverse_bandgap,train,clean,clean,measured_target
poly_235,[*]c1ccc(Oc2ccc(-n3c(=O)c4cc5c(=O)n([*])c(=O)c5cc4c3=O)cc2-c2ccccc2)cc1,Bandgap,2.2077,eV,polyverse_bandgap,train,clean,clean,measured_target
poly_1677,[*]C=Cc1cc(OCC)c([*])cc1OCC,Bandgap,4.1269,eV,polyverse_bandgap,train,clean,clean,measured_target
poly_1045,[*]Nc1ccc(Cc2ccc(NC(=O)c3ccc(P(=O)(c4ccccc4)c4ccc(C([*])=O)cc4)cc3)cc2)cc1,Bandgap,3.3674,eV,polyverse_bandgap,train,clean,clean,measured_target
poly_285,[*]C(=O)c1ccc2c(c1)C(=O)N(c1ccc3c(c1)Cc1cc(N4C(=O)c5ccc([*])cc5C4=O)ccc1-3)C2=O,Bandgap,2.344,eV,polyverse_bandgap,train,clean,clean,measured_target
poly_3080,[*]CCCCCCCCCC#CC#CCCCCCCCCCOC(=O)CCCCCCC(=O)O[*],Bandgap,5.5535,eV,polyverse_bandgap,train,clean,clean,measured_target
poly_312,[*]c1ccc(C(c2ccc(-n3c(=O)c4cc5c(=O)n([*])c(=O)c5cc4c3=O)cc2)C(C)C)cc1,Bandgap,2.4053,eV,polyverse_bandgap,train,clean,clean,measured_target
poly_2350,[*]CC([*])c1ccccc1C(=O)OC,Bandgap,4.8063,eV,polyverse_bandgap,train,clean,clean,measured_target
poly_1950,[*]Oc1ccc(C(c2ccc(OC([*])=O)cc2)(C(F)(F)Cl)C(F)(F)Cl)cc1,Bandgap,4.421,eV,polyverse_bandgap,train,clean,clean,measured_target
poly_1871,[*]Cc1cccc(CNC(=O)C=C(C)C(=O)N[*])c1,Bandgap,4.3212,eV,polyverse_bandgap,train,clean,clean,measured_target
poly_606,[*]C(=O)Nc1ccc(C2(c3ccc(N4C(=O)c5ccc([*])cc5C4=O)cc3)CCC(C(C)(C)CC)CC2)cc1,Bandgap,2.7979,eV,polyverse_bandgap,train,clean,clean,measured_target
poly_1894,[*]CCCCOC(=O)c1cccc(NC(=O)O[*])c1,Bandgap,4.3503,eV,polyverse_bandgap,train,clean,clean,measured_target
poly_781,[*]C=Cc1cccc([*])c1,Bandgap,3.0058,eV,polyverse_bandgap,train,clean,clean,measured_target
poly_401,[*]N=C1C=CC(=NC2=CC(=O)C([*])=CC2=O)C=C1,Bandgap,2.5206,eV,polyverse_bandgap,train,clean,clean,measured_target
poly_1114,[*]NC(S1)=CC=C1OC(=S)[*],Bandgap,3.4485,eV,polyverse_bandgap,train,clean,clean,measured_target
poly_868,[*]CCN(CCOC(=O)Nc1ccc(C)c(NC(=O)O[*])c1)c1ccc(C=C2NC(=O)NC2=O)cc1,Bandgap,3.1402,eV,polyverse_bandgap,train,clean,clean,measured_target
poly_1996,[*]CCCCCOc1ccc(C(=O)OC(=O)c2ccc(O[*])cc2)cc1,Bandgap,4.4701,eV,polyverse_bandgap,train,clean,clean,measured_target
poly_2241,[*]C(C=C1)=CC=C1OC(=S)O[*],Bandgap,4.6944,eV,polyverse_bandgap,train,clean,clean,measured_target
poly_1823,[*]CCCCCCNC(=O)c1c(F)c(F)c(C(=O)N[*])c(F)c1F,Bandgap,4.276,eV,polyverse_bandgap,train,clean,clean,measured_target
poly_2455,[*]CCOC(=O)Nc1ccc(CCCc2ccc(NC(=O)O[*])cc2)cc1,Bandgap,4.9081,eV,polyverse_bandgap,train,clean,clean,measured_target
poly_1646,[*]Oc1ccc(OC(=O)c2ccc(OC(=O)CCCCCCCCC([*])=O)cc2)cc1,Bandgap,4.0869,eV,polyverse_bandgap,train,clean,clean,measured_target
poly_2239,[*]Oc1ccc(C(C)(C)c2ccc(OC([*])=O)c(Cl)c2)cc1,Bandgap,4.6926,eV,polyverse_bandgap,train,clean,clean,measured_target
poly_2957,CNCCCOCO,Bandgap,5.4198,eV,polyverse_bandgap,train,clean,clean,measured_target
poly_416,[*]C(=O)c1ccc2c(c1)C(=O)N(c1cccc(Nc3nc(N)nc(Nc4cccc(N5C(=O)c6ccc([*])cc6C5=O)c4)n3)c1)C2=O,Bandgap,2.5377,eV,polyverse_bandgap,train,clean,clean,measured_target
poly_1054,[*]CCCC(=S)[*],Bandgap,3.3815,eV,polyverse_bandgap,train,clean,clean,measured_target
poly_885,[*]CCOCCOCCOc1ccc(NC(=O)c2ccc(C(=O)Nc3ccc(O[*])cc3)cc2)cc1,Bandgap,3.1624,eV,polyverse_bandgap,train,clean,clean,measured_target
poly_3109,[*]C=CC1CC([*])C(C#N)([Si](C)(C)C)C1,Bandgap,5.5889,eV,polyverse_bandgap,train,clean,clean,measured_target
poly_301,[*]C(=O)c1ccc2c(c1)C(=O)N(c1ccc(C3(c4ccc(N5C(=O)c6ccc([*])cc6C5=O)cc4)c4ccccc4-c4ccccc43)cc1)C2=O,Bandgap,2.372,eV,polyverse_bandgap,train,clean,clean,measured_target
poly_2005,[*]CC(=O)NCCCCCCNC(=O)COc1ccc(O[*])cc1,Bandgap,4.4776,eV,polyverse_bandgap,train,clean,clean,measured_target
poly_3554,[*]CC([*])OCCCl,Bandgap,6.0222,eV,polyverse_bandgap,train,clean,clean,measured_target
poly_3213,[*]CCCCNC(=O)CCCCCCCCCCC(=O)N[*],Bandgap,5.7128,eV,polyverse_bandgap,train,clean,clean,measured_target
poly_118,[*]NC(S1)=CC=C1C(=S)C(S2)=CC=C2[*],Bandgap,1.771,eV,polyverse_bandgap,train,clean,clean,measured_target
poly_270,[*]c1cc(CCCCCCCCCCCCCCCCCCCCCC)c([*])s1,Bandgap,2.319,eV,polyverse_bandgap,train,clean,clean,measured_target
poly_3169,[*]OC(=O)Oc1cccc(OC(=O)OC2CC3CC([*])CC(C2)O3)c1,Bandgap,5.6565,eV,polyverse_bandgap,train,clean,clean,measured_target
poly_2854,[*]C=CC1CC([*])C2C(=O)N(CCCC)C(=O)C12,Bandgap,5.3038,eV,polyverse_bandgap,train,clean,clean,measured_target
poly_239,[*]c1ccc(-c2ccc(-n3c(=O)c4cc5c(=O)n([*])c(=O)c5cc4c3=O)cc2)cc1,Bandgap,2.2166,eV,polyverse_bandgap,train,clean,clean,measured_target
poly_1315,C(F)(F)C(F)(F)C(C=C1)=CC=C1C(S2)=CC=C2,Bandgap,3.6894,eV,polyverse_bandgap,train,clean,clean,measured_target
poly_690,[*]C=Cc1ccc([*])o1,Bandgap,2.9162,eV,polyverse_bandgap,train,clean,clean,measured_target
poly_2399,[*]CCN([*])C(=O)c1ccc(OC)cc1,Bandgap,4.8635,eV,polyverse_bandgap,train,clean,clean,measured_target
poly_1363,[*]Nc1ccc(CC(C)(C)NC(=O)c2ccc(C([*])=O)cc2)cc1,Bandgap,3.7404,eV,polyverse_bandgap,train,clean,clean,measured_target
poly_363,[*]C(=O)c1ccc2c(c1)C(=O)N(c1ccc(C(C)(C)c3ccc(C(C)(C)c4ccc(N5C(=O)c6ccc([*])cc6C5=O)cc4)cc3)cc1)C2=O,Bandgap,2.4803,eV,polyverse_bandgap,train,clean,clean,measured_target
poly_1729,[*]Oc1ccc(S(=O)(=O)c2ccc(Oc3ccc(C(C)(C)c4ccc([*])cc4)cc3)cc2)c(N)c1,Bandgap,4.1743,eV,polyverse_bandgap,train,clean,clean,measured_target
poly_206,[*]C=Cc1ccc([*])c(F)c1,Bandgap,2.119,eV,polyverse_bandgap,train,clean,clean,measured_target
poly_2481,[*]Oc1ccc(C(C#N)(c2ccccc2)c2ccc(OC([*])=O)cc2)cc1,Bandgap,4.9282,eV,polyverse_bandgap,train,clean,clean,measured_target
poly_2620,[*]CCN([*])C(=O)c1ccc(F)cc1,Bandgap,5.0808,eV,polyverse_bandgap,train,clean,clean,measured_target
poly_3023,[*]C=CC1CC([*])C(C(F)(F)F)(C(F)(F)F)C1(F)F,Bandgap,5.5,eV,polyverse_bandgap,train,clean,clean,measured_target
poly_1088,[*]c1ccc2[nH]c3ccc([*])cc3c2c1,Bandgap,3.4191,eV,polyverse_bandgap,train,clean,clean,measured_target
poly_3564,[*]CCOCCOCCOC(=O)NCCCCCCNC(=O)O[*],Bandgap,6.0302,eV,polyverse_bandgap,train,clean,clean,measured_target
poly_1499,[*]CCCCCCOc1ccc(C(=O)N(C(=O)c2ccc(O[*])cc2)c2ccccc2)cc1,Bandgap,3.9212,eV,polyverse_bandgap,train,clean,clean,measured_target
poly_1292,[*]Nc1ccc(C(=O)c2ccc(NC(=O)c3ccc(C([*])=O)cc3)cc2)cc1,Bandgap,3.6638,eV,polyverse_bandgap,train,clean,clean,measured_target
poly_1695,[*]CC(O)COc1ccc(S(=O)(=O)c2ccc(OCC(O)COc3cccc(O[*])c3)cc2)cc1,Bandgap,4.1474,eV,polyverse_bandgap,train,clean,clean,measured_target
poly_255,[*]c1[nH]c([*])c2c1CCC2,Bandgap,2.2689,eV,polyverse_bandgap,train,clean,clean,measured_target
poly_2037,[*]Oc1c(C)cc([*])cc1C,Bandgap,4.5131,eV,polyverse_bandgap,train,clean,clean,measured_target
poly_4108,[*]CC([*])OC(=O)CCC,Bandgap,6.8392,eV,polyverse_bandgap,train,clean,clean,measured_target
poly_2536,[*]CC([*])SCC,Bandgap,4.9830000000000005,eV,polyverse_bandgap,train,clean,clean,measured_target
poly_1735,[*]Oc3ccc(Oc1cccc([*])c1C#N)c(c2cccc(C)c2)c3,Bandgap,4.1777,eV,polyverse_bandgap,train,clean,clean,measured_target
poly_3324,COC(=O)NCCNC,Bandgap,5.8075,eV,polyverse_bandgap,train,clean,clean,measured_target
poly_3427,[*]CCOCCOC(=O)COCC(=O)O[*],Bandgap,5.8945,eV,polyverse_bandgap,train,clean,clean,measured_target
poly_138,[*]C=C([*])c1ccccc1C(F)(F)F,Bandgap,1.8895,eV,polyverse_bandgap,train,clean,clean,measured_target
poly_1386,[*]CCCCCCCCCCSSCCCCCCSS[*],Bandgap,3.7675,eV,polyverse_bandgap,train,clean,clean,measured_target
poly_1631,[*]Oc1ccc(C(C)=Cc2ccc(OC(=O)OCCCCCOC([*])=O)cc2)cc1,Bandgap,4.0699,eV,polyverse_bandgap,train,clean,clean,measured_target
poly_844,[*]Oc1ccc(SSc2ccc([*])cc2)cc1,Bandgap,3.1064,eV,polyverse_bandgap,train,clean,clean,measured_target
poly_120,[*]C=Cc1ccc([*])c(OC)c1,Bandgap,1.7776,eV,polyverse_bandgap,train,clean,clean,measured_target
poly_588,[*]Oc1ccc(C2(c3ccc(OC(=O)c4ccc(C([*])=O)cc4)cc3)CC3CC2C2CCCC32)cc1,Bandgap,2.7731,eV,polyverse_bandgap,train,clean,clean,measured_target
poly_4002,[*]C(C#N)C(C#N)(C#N)[*],Bandgap,6.6373,eV,polyverse_bandgap,train,clean,clean,measured_target
poly_82,[*]C#CC#Cc1cc2sc([*])cc2s1,Bandgap,1.561,eV,polyverse_bandgap,train,clean,clean,measured_target
poly_1726,[*]C(=O)c1ccc(C(=O)N(C)N([*])C)cc1,Bandgap,4.1739,eV,polyverse_bandgap,train,clean,clean,measured_target
poly_2205,[*]CCCCOC(=O)c1ccccc1-c1ccccc1C(=O)O[*],Bandgap,4.6586,eV,polyverse_bandgap,train,clean,clean,measured_target
poly_1605,[*]NC(=O)NC(=O)[*],Bandgap,4.0437,eV,polyverse_bandgap,train,clean,clean,measured_target
poly_3603,[*]NNC(=O)C1CCC(C(=O)NNC(=O)CCCCC([*])=O)CC1,Bandgap,6.0678,eV,polyverse_bandgap,train,clean,clean,measured_target
poly_424,[*]c1ccc(Cc2ccc(-n3c(=O)c4cc5c(=O)n([*])c(=O)c5cc4c3=O)cc2)cc1,Bandgap,2.5456,eV,polyverse_bandgap,train,clean,clean,measured_target
poly_1564,C(F)(F)C(F)(F)NC(C=C1)=CC=C1,Bandgap,3.9985,eV,polyverse_bandgap,train,clean,clean,measured_target
poly_2216,[*]Oc1ccc(C(C)(CCC)c2ccc(OC([*])=O)cc2)cc1,Bandgap,4.6663,eV,polyverse_bandgap,train,clean,clean,measured_target
poly_1048,[*]Nc1ccc(C(C)(C)c2ccc(NC(=O)c3cc(C([*])=O)cc(N4C(=O)C5CC=CCC5C4=O)c3)cc2)cc1,Bandgap,3.3743,eV,polyverse_bandgap,train,clean,clean,measured_target
poly_1517,[*]CC(=O)C([*])c1ccc(C)cc1,Bandgap,3.9396,eV,polyverse_bandgap,train,clean,clean,measured_target
poly_2250,[*]Oc1ccc(C(c2ccc(OC([*])=O)cc2)C(Cl)Cl)cc1,Bandgap,4.7047,eV,polyverse_bandgap,train,clean,clean,measured_target
poly_1024,[*]C=Cc1ccc([*])cc1,Bandgap,3.3499,eV,polyverse_bandgap,train,clean,clean,measured_target
poly_3349,[*]CC(OC(C)=O)C1C(=O)OC(=O)C1[*],Bandgap,5.8319,eV,polyverse_bandgap,train,clean,clean,measured_target
poly_753,[*]C(=O)Nc1ccc(C(=O)Nc2ccc(NC(=O)c3ccc4[nH]c(-c5cccc(-c6nc7cc([*])ccc7[nH]6)c5)nc4c3)cc2)cc1,Bandgap,2.979,eV,polyverse_bandgap,train,clean,clean,measured_target
poly_621,[*]c1ccc(C(=O)Oc2ccc(-n3c(=O)c4cc5c(=O)n([*])c(=O)c5cc4c3=O)cc2)cc1,Bandgap,2.8175,eV,polyverse_bandgap,train,clean,clean,measured_target
poly_3276,[*]CNC(=O)CCCCC(=O)NCC1COC([*])CO1,Bandgap,5.7675,eV,polyverse_bandgap,train,clean,clean,measured_target
poly_3565,[*]CCCCCCCCCCCCNC(=O)CCCCCCCCCCCCC(=O)N[*],Bandgap,6.0318,eV,polyverse_bandgap,train,clean,clean,measured_target
poly_3343,[*]OC(CC([*])=O)C(Cl)Cl,Bandgap,5.8216,eV,polyverse_bandgap,train,clean,clean,measured_target
poly_1664,[*]c1sc([*])c(OC)c1OC,Bandgap,4.1031,eV,polyverse_bandgap,train,clean,clean,measured_target
poly_3578,[*]CCCOC(=O)COCC(=O)O[*],Bandgap,6.046,eV,polyverse_bandgap,train,clean,clean,measured_target
poly_701,[*]c1ccc(-c2ccc(N3C(=O)c4ccc(-c5cccc6c5C(=O)N([*])C6=O)cc4C3=O)c(C)c2)cc1C,Bandgap,2.9249,eV,polyverse_bandgap,train,clean,clean,measured_target
poly_1874,[*]CCc1c(Cl)c(Cl)c([*])c(Cl)c1Cl,Bandgap,4.3241,eV,polyverse_bandgap,train,clean,clean,measured_target
poly_2430,[*]CCc1ccc([*])s1,Bandgap,4.8896,eV,polyverse_bandgap,train,clean,clean,measured_target
poly_2559,[*]Oc1ccc(C(C)(c2ccccc2)c2ccc(OC(=O)OC3C(C)(C)C(OC([*])=O)C3(C)C)cc2)cc1,Bandgap,5.0101,eV,polyverse_bandgap,train,clean,clean,measured_target
poly_3195,[*]CC(CO)(CO)CO[*],Bandgap,5.6943,eV,polyverse_bandgap,train,clean,clean,measured_target
poly_3545,[*]CCCCNC(=O)CCCCCCCCCCCCCCC(=O)N[*],Bandgap,6.0171,eV,polyverse_bandgap,train,clean,clean,measured_target
poly_3650,[*]CCOCCOCCOC(=O)C1CCC(C(=O)O[*])CC1,Bandgap,6.1348,eV,polyverse_bandgap,train,clean,clean,measured_target
poly_3968,[*]CCCCCC(=O)O[*],Bandgap,6.5974,eV,polyverse_bandgap,train,clean,clean,measured_target
poly_4143,[*]CCCCOC(=O)OCC1CCC(COC(=O)O[*])CC1,Bandgap,7.0059,eV,polyverse_bandgap,train,clean,clean,measured_target
poly_1536,[*]CC([*])n1c2ccccc2c2ccccc21,Bandgap,3.9624,eV,polyverse_bandgap,train,clean,clean,measured_target
poly_1036,[*]c1ccc2c(c1)c1cc([*])ccc1n2C,Bandgap,3.3599,eV,polyverse_bandgap,train,clean,clean,measured_target
poly_1224,[*]CC([*])c1ccc(C(=O)Cc2ccccc2)cc1,Bandgap,3.5934,eV,polyverse_bandgap,train,clean,clean,measured_target
poly_2018,[*]CCCCOc1ccc(C(=O)OC(=O)c2ccc(O[*])cc2)cc1,Bandgap,4.4911,eV,polyverse_bandgap,train,clean,clean,measured_target
poly_228,[*]C(=O)C(S1)=CC=C1C(=S)C(S2)=CC=C2[*],Bandgap,2.182,eV,polyverse_bandgap,train,clean,clean,measured_target
poly_3628,[*]C1CC2CC1C([*])C2CCCC,Bandgap,6.1081,eV,polyverse_bandgap,train,clean,clean,measured_target
poly_1882,[*]Oc1ccc2c(c1)C1(CC2(C)C)CC(C)(C)c2ccc(OC([*])=O)cc21,Bandgap,4.341,eV,polyverse_bandgap,train,clean,clean,measured_target
poly_770,[*]Oc1c(C)cc(C2(c3cc(C)c(OC(=O)c4cc(C([*])=O)cc(C(C)(C)C)c4)c(C)c3)CC(C)CC(C)(C)C2)cc1C,Bandgap,2.9976,eV,polyverse_bandgap,train,clean,clean,measured_target
poly_3346,[*]CCCCCCCCC(=O)NCCCCCCNC(=O)CCCCO[*],Bandgap,5.8255,eV,polyverse_bandgap,train,clean,clean,measured_target
poly_1824,C([*])C(CCCC)=CC([*]),Bandgap,4.2773,eV,polyverse_bandgap,train,clean,clean,measured_target
poly_688,[*]c1ccc(-n2c(=O)c3cc4c(=O)n([*])c(=O)c4cc3c2=O)c(CP(=O)(OCC)OCC)c1,Bandgap,2.9129,eV,polyverse_bandgap,train,clean,clean,measured_target
poly_1698,[*]CCCCCCOc1ccc(C(=O)Oc2ccc(O[*])cc2)cc1,Bandgap,4.1516,eV,polyverse_bandgap,train,clean,clean,measured_target
poly_3719,[*]CCOCCOC(=O)CCCC(=O)O[*],Bandgap,6.2403,eV,polyverse_bandgap,train,clean,clean,measured_target
poly_2551,[*]CC1CC1COC(=O)c1cccc(C(=O)O[*])c1,Bandgap,5.001,eV,polyverse_bandgap,train,clean,clean,measured_target
poly_3731,[*]OC(COCCCC)COC([*])=O,Bandgap,6.2574,eV,polyverse_bandgap,train,clean,clean,measured_target
poly_1579,[*]CCCOc1cccc(C(=O)OC(=O)c2cccc(O[*])c2)c1,Bandgap,4.0132,eV,polyverse_bandgap,train,clean,clean,measured_target
poly_2778,[*]Cc1ccc(COC(=O)CCCCCCCC(=O)O[*])cc1,Bandgap,5.2217,eV,polyverse_bandgap,train,clean,clean,measured_target
poly_3903,[*]OC(C)COC(=O)CCCCCCC([*])=O,Bandgap,6.5116,eV,polyverse_bandgap,train,clean,clean,measured_target
poly_1451,[*]CCCCCCCc1nnc(-c2ccc(-c3nnc([*])o3)cc2)o1,Bandgap,3.8544,eV,polyverse_bandgap,train,clean,clean,measured_target
poly_839,[*]CCOCCOC(=O)CC(=CC(=O)O[*])c1cc(C)ccc1OC,Bandgap,3.1,eV,polyverse_bandgap,train,clean,clean,measured_target
poly_3606,[*]NC(CC([*])=O)C(=O)OCCCC,Bandgap,6.072,eV,polyverse_bandgap,train,clean,clean,measured_target
poly_1532,[*]Oc1ccc(Oc2ccc(C(=O)c3ccc([*])cc3)cc2)cc1CC#N,Bandgap,3.9557,eV,polyverse_bandgap,train,clean,clean,measured_target
poly_4149,[*]C(F)(F)C1(F)C(F)(F)C([*])(F)C(F)(F)C1(F)F,Bandgap,7.0615,eV,polyverse_bandgap,train,clean,clean,measured_target
poly_1606,[*]Oc1ccc(NC(=O)c2cccc(C(=O)Nc3ccc(Oc4ccc(C5(c6ccc([*])cc6)C6CC7CC(C6)CC5C7)cc4)cc3)c2)cc1,Bandgap,4.0447,eV,polyverse_bandgap,train,clean,clean,measured_target
poly_1542,[*]CCCCCCCOC(=O)c1ccc(-c2ccc(C(=O)O[*])cc2)cc1,Bandgap,3.9708,eV,polyverse_bandgap,train,clean,clean,measured_target
poly_3478,[*]CCCCCCC(=O)NCCCCCCNC(=O)CCCCCCO[*],Bandgap,5.9469,eV,polyverse_bandgap,train,clean,clean,measured_target
poly_1694,[*]Oc1cc(CCCC)cc(OC(=O)c2cccc(C([*])=O)c2)c1,Bandgap,4.1472,eV,polyverse_bandgap,train,clean,clean,measured_target
poly_1478,[*]Oc1ccc(-c2ccc(C([*])=O)cc2)cc1,Bandgap,3.8982,eV,polyverse_bandgap,train,clean,clean,measured_target
poly_240,[*]CC(=O)Nc1ccc(Cc2ccc(NC(=O)CN3C(=O)c4ccc(C(=O)c5ccc6c(c5)C(=O)N([*])C6=O)cc4C3=O)cc2)cc1,Bandgap,2.2184,eV,polyverse_bandgap,train,clean,clean,measured_target
poly_1951,[*]CC(S1)=CC=C1C(=O)O[*],Bandgap,4.4211,eV,polyverse_bandgap,train,clean,clean,measured_target
poly_1275,[*]C(=S)N([*])CC=C,Bandgap,3.6436,eV,polyverse_bandgap,train,clean,clean,measured_target
poly_1309,[*]C(=S)N([*])C,Bandgap,3.6807,eV,polyverse_bandgap,train,clean,clean,measured_target
poly_3983,[*]C1CCC([*])C1,Bandgap,6.6111,eV,polyverse_bandgap,train,clean,clean,measured_target
poly_3451,[*]NC(C)CC([*])=O,Bandgap,5.9253,eV,polyverse_bandgap,train,clean,clean,measured_target
poly_2801,[*]Oc1c(C(C)C)cc([*])cc1C(C)C,Bandgap,5.2366,eV,polyverse_bandgap,train,clean,clean,measured_target
poly_553,[*]c1sc([*])c2nc(-c3ccccc3)c(CC)nc12,Bandgap,2.7281,eV,polyverse_bandgap,train,clean,clean,measured_target
poly_1104,[*]c1ccc2c(c1)c1cc([*])ccc1n2CC,Bandgap,3.4388,eV,polyverse_bandgap,train,clean,clean,measured_target
poly_1339,NC(=S)NC(C=C1)=CC=C1NC(=S)NC(C=C2)=CC=C2CC(C=C3)=CC=C3,Bandgap,3.7146,eV,polyverse_bandgap,train,clean,clean,measured_target
poly_976,[*]c1ccc(-c2cnc3cc(Oc4ccc5nc([*])cnc5c4)ccc3n2)cc1,Bandgap,3.2905,eV,polyverse_bandgap,train,clean,clean,measured_target
poly_668,[*]C(C=C1)=CC=C1C(C=C2)=CC=C2C(C=C3)=CC=C3C(S4)=CC=C4[*],Bandgap,2.8879,eV,polyverse_bandgap,train,clean,clean,measured_target
poly_2984,[*]Cc1ccc(COC(=O)CCCCCCCCCCC(=O)O[*])cc1,Bandgap,5.4468,eV,polyverse_bandgap,train,clean,clean,measured_target
poly_3389,[*]CNC(=O)CCCC(=O)N[*],Bandgap,5.8672,eV,polyverse_bandgap,train,clean,clean,measured_target
poly_3371,[*]NNC(=O)CCCCCCCCC([*])=O,Bandgap,5.857,eV,polyverse_bandgap,train,clean,clean,measured_target
poly_422,[*]C=Cc1cc(OCCCCCC)c([*])cc1OC,Bandgap,2.5439,eV,polyverse_bandgap,train,clean,clean,measured_target
poly_2279,[*]CCCCOC(=O)C=CC(=O)O[*],Bandgap,4.7363,eV,polyverse_bandgap,train,clean,clean,measured_target
poly_1909,[*]c1cc(C)c([*])cn1,Bandgap,4.3718,eV,polyverse_bandgap,train,clean,clean,measured_target
poly_2073,[*]CCCCCCOC(=O)OCCCCCOC(=O)OCCCCCCOc1ccc(Oc2ccc(O[*])cc2)cc1,Bandgap,4.5468,eV,polyverse_bandgap,train,clean,clean,measured_target
poly_3295,[*]CC([*])(C)C(=O)OCCBr,Bandgap,5.7827,eV,polyverse_bandgap,train,clean,clean,measured_target
poly_849,[*]C(=O)Nc1cccc(C(=O)Nc2cccc(NC(=O)c3ccc4[nH]c(-c5ccc(-c6nc7cc([*])ccc7[nH]6)cc5)nc4c3)c2)c1,Bandgap,3.111,eV,polyverse_bandgap,train,clean,clean,measured_target
poly_1119,[*]C=C([*])c1cccs1,Bandgap,3.454,eV,polyverse_bandgap,train,clean,clean,measured_target
poly_1783,[*]CC(F)(F)C(F)(F)C(F)(F)COc1c(F)c(F)c(O[*])c(F)c1F,Bandgap,4.2427,eV,polyverse_bandgap,train,clean,clean,measured_target
poly_1374,[*]c1ccc(-n2cc3c(n2)C(=O)c2cn([*])nc2C3=O)cc1,Bandgap,3.7547,eV,polyverse_bandgap,train,clean,clean,measured_target
poly_2623,[*]CCSS[*],Bandgap,5.0819,eV,polyverse_bandgap,train,clean,clean,measured_target
poly_3730,[*]OC(=O)OCCCCCCOC(=O)OC1COC2C([*])COC12,Bandgap,6.2569,eV,polyverse_bandgap,train,clean,clean,measured_target
poly_3173,[*]CC(C)(C=O)C(F)(F)C([*])([2H])[2H],Bandgap,5.6608,eV,polyverse_bandgap,train,clean,clean,measured_target
poly_3274,[*]CCCCCCCCCCNC(=O)NCCCCCCCCNC(=O)N[*],Bandgap,5.7663,eV,polyverse_bandgap,train,clean,clean,measured_target
poly_593,[*]CC([*])c1cc(Cl)ccc1Cl,Bandgap,2.784,eV,polyverse_bandgap,train,clean,clean,measured_target
poly_924,[*]Nc1cc(NC(=O)c2ccc(C([*])=O)cc2)cc(C(=O)OCCOc2ccc(C=CC(=O)c3ccccc3)cc2)c1,Bandgap,3.212,eV,polyverse_bandgap,train,clean,clean,measured_target
poly_379,[*]c1ccc(-c2ccc(-n3c(=O)c4c(F)c5c(=O)n([*])c(=O)c5c(F)c4c3=O)cc2C)c(C)c1,Bandgap,2.4968,eV,polyverse_bandgap,train,clean,clean,measured_target
poly_2449,[*]CCCN([*])C(=O)c1ccccc1,Bandgap,4.9047,eV,polyverse_bandgap,train,clean,clean,measured_target
poly_1086,[*]OCCOC(=O)CCCCC(=O)OCCOc1nc(-c2ccc(OC)cc2)nc([*])c1-c1ccc(OC)cc1,Bandgap,3.4169,eV,polyverse_bandgap,train,clean,clean,measured_target
poly_1420,C(F)(F)C(F)(F)C(S1)=CC=C1O,Bandgap,3.8151,eV,polyverse_bandgap,train,clean,clean,measured_target
poly_2584,[*]CCCCOC(=O)CCSCCCCCCSCCC(=O)O[*],Bandgap,5.0289,eV,polyverse_bandgap,train,clean,clean,measured_target
poly_3879,[*]OC(CCCCC)CC([*])=O,Bandgap,6.4777,eV,polyverse_bandgap,train,clean,clean,measured_target
poly_2763,[*]CCOCCOC(=O)CCSCCC(=O)O[*],Bandgap,5.2072,eV,polyverse_bandgap,train,clean,clean,measured_target
poly_3894,[*]CCCCCCCCCCOC(=O)CCCCS(=O)(=O)CCCCC(=O)O[*],Bandgap,6.4986,eV,polyverse_bandgap,train,clean,clean,measured_target
poly_3536,[*]NC(C)C([*])=O,Bandgap,6.0074,eV,polyverse_bandgap,train,clean,clean,measured_target
poly_4083,[*]CCCCCCCCCCCCCC(=O)O[*],Bandgap,6.7653,eV,polyverse_bandgap,train,clean,clean,measured_target
poly_1755,[*]Oc1ccc(OC(=O)c2cccc(Oc3cccc(C([*])=O)c3)c2)cc1,Bandgap,4.1992,eV,polyverse_bandgap,train,clean,clean,measured_target
poly_3895,[*]OC1CCC(C2CCC(OC(=O)CCCCCCCCCC([*])=O)CC2)CC1,Bandgap,6.5,eV,polyverse_bandgap,train,clean,clean,measured_target
poly_3242,[*]CC(C)O[*],Bandgap,5.7371,eV,polyverse_bandgap,train,clean,clean,measured_target
poly_2953,[*]CC(CS(=O)(=O)CC)O[*],Bandgap,5.4139,eV,polyverse_bandgap,train,clean,clean,measured_target
poly_546,[*]CCC(C=C1)=CC=C1C(=S)[*],Bandgap,2.7148,eV,polyverse_bandgap,train,clean,clean,measured_target
poly_605,[*]c1c(C)c(C)c(-n2c(=O)c3cc4c(=O)n([*])c(=O)c4cc3c2=O)c(C)c1C,Bandgap,2.7972,eV,polyverse_bandgap,train,clean,clean,measured_target
poly_4036,[*]OC(C)COC(=O)CCCCCCCC([*])=O,Bandgap,6.6887,eV,polyverse_bandgap,train,clean,clean,measured_target
poly_1770,[*]CCCc1nc2cc3sc([*])nc3cc2s1,Bandgap,4.2161,eV,polyverse_bandgap,train,clean,clean,measured_target
poly_3279,[*]C=CCC[*],Bandgap,5.7686,eV,polyverse_bandgap,train,clean,clean,measured_target
poly_371,[*]C=Cc1ccc([*])c2ccc(CCCCCCCCCCC)cc12,Bandgap,2.485,eV,polyverse_bandgap,train,clean,clean,measured_target
poly_3381,[*]CC(C)C1C(=O)N(CCC)C(=O)C1[*],Bandgap,5.862,eV,polyverse_bandgap,train,clean,clean,measured_target
poly_3995,[*]CCCCCOC(=O)CCCCCCCC(=O)O[*],Bandgap,6.624,eV,polyverse_bandgap,train,clean,clean,measured_target
poly_3934,[*]CCCS(=O)(=O)CCCCS(=O)(=O)CCCOC(=O)O[*],Bandgap,6.5416,eV,polyverse_bandgap,train,clean,clean,measured_target
poly_2034,[*]Oc1ccc(Sc2ccc(Sc3ccc(Sc4ccc([*])cc4)cc3)cc2)cc1,Bandgap,4.5081,eV,polyverse_bandgap,train,clean,clean,measured_target
poly_1573,[*]CCOCCOC(=O)c1ccc(-c2ccc(C(=O)O[*])cc2)cc1,Bandgap,4.0097,eV,polyverse_bandgap,train,clean,clean,measured_target
poly_3723,[*]OC(=O)CCCCCCCCCCCC([*])=O,Bandgap,6.2436,eV,polyverse_bandgap,train,clean,clean,measured_target
poly_997,[*]C(C=C1)=CC=C1C(C=C2)=CC=C2C(=S)O[*],Bandgap,3.3176,eV,polyverse_bandgap,train,clean,clean,measured_target
poly_3930,[*]CCCCCCCCc1nnc([*])o1,Bandgap,6.5384,eV,polyverse_bandgap,train,clean,clean,measured_target
poly_4016,[*]CC([*])(C#N)C(=O)OCC(C)C,Bandgap,6.6657,eV,polyverse_bandgap,train,clean,clean,measured_target
poly_340,[*]c1cc(COCCCCCCCCCCCCOc2ccc(-c3ccc(OC)cc3)cc2)c([*])s1,Bandgap,2.4465,eV,polyverse_bandgap,train,clean,clean,measured_target
poly_2664,[*]Cc1cc(C)c(CNC(=O)CCCCC(=O)N[*])cc1C,Bandgap,5.1111,eV,polyverse_bandgap,train,clean,clean,measured_target
poly_1055,[*]c1ccc(S(=O)(=O)c2ccc(N3C(=O)c4ccc(-c5ccc6c(c5)C(=O)N([*])C6=O)cc4C3=O)cc2)cc1,Bandgap,3.382,eV,polyverse_bandgap,train,clean,clean,measured_target
poly_3917,[*]C([*])O,Bandgap,6.5244,eV,polyverse_bandgap,train,clean,clean,measured_target
poly_2133,[*]Oc1cccc(C([*])=O)c1,Bandgap,4.5975,eV,polyverse_bandgap,train,clean,clean,measured_target
poly_1097,[*]Sc1ccc(C(=O)CNNCC(=O)c2ccc([*])cc2)cc1,Bandgap,3.4329,eV,polyverse_bandgap,train,clean,clean,measured_target
poly_16,[*]C=C([*])C#N,Bandgap,0.9111,eV,polyverse_bandgap,train,clean,clean,measured_target
poly_1235,[*]Sc1ccc(Nc2ccc(Nc3ccc(Nc4ccc([*])cc4)cc3)cc2)cc1,Bandgap,3.6059,eV,polyverse_bandgap,train,clean,clean,measured_target
poly_1555,[*]Oc1ccc(OC(=O)c2cccc(C([*])=O)c2)cc1,Bandgap,3.9872,eV,polyverse_bandgap,train,clean,clean,measured_target
poly_2503,[*]CC(C)(C)CS[*],Bandgap,4.9455,eV,polyverse_bandgap,train,clean,clean,measured_target
poly_2539,[*]Cc1ccc(C(=O)N[*])cc1,Bandgap,4.9852,eV,polyverse_bandgap,train,clean,clean,measured_target
poly_682,[*]c1ccc([N+](=O)[O-])c2c1C(=O)c1c([N+](=O)[O-])ccc([*])c1C2=O,Bandgap,2.9031,eV,polyverse_bandgap,train,clean,clean,measured_target
poly_3681,[*]CCCCCOC(=O)C(=O)O[*],Bandgap,6.1932,eV,polyverse_bandgap,train,clean,clean,measured_target
poly_4019,[*]CCCCCOC(=O)CCCCS(=O)(=O)CCCCC(=O)O[*],Bandgap,6.6662,eV,polyverse_bandgap,train,clean,clean,measured_target
poly_63,[*]C=C[*],Bandgap,1.4732,eV,polyverse_bandgap,train,clean,clean,measured_target
poly_3286,[*]CCC(=O)NCC(=O)N[*],Bandgap,5.7744,eV,polyverse_bandgap,train,clean,clean,measured_target
poly_323,[*]CNC(S1)=CC=C1C(=S)[*],Bandgap,2.4293,eV,polyverse_bandgap,train,clean,clean,measured_target
poly_84,[*]c1cc(CCOC(=O)NCCCC)c([*])s1,Bandgap,1.5835,eV,polyverse_bandgap,train,clean,clean,measured_target
poly_1722,[*]Oc1ccc2ccc(OC(=O)Oc3cccc(OC([*])=O)c3)cc2c1,Bandgap,4.1699,eV,polyverse_bandgap,train,clean,clean,measured_target
poly_3334,[*]CCCCCCCCCCCC(=O)N([*])C,Bandgap,5.8166,eV,polyverse_bandgap,train,clean,clean,measured_target
poly_1335,[*]C(=O)c1ccc(Oc2ccc(C(C)(C)c3ccc(Oc4ccc([*])s4)cc3)cc2)cc1,Bandgap,3.7073,eV,polyverse_bandgap,train,clean,clean,measured_target
poly_4039,[*]CC1CCC(COC(=O)CCCCCCCC(=O)O[*])CC1,Bandgap,6.6905,eV,polyverse_bandgap,train,clean,clean,measured_target
poly_2134,[*]CCCCCCOC(=O)OCCCCCCCCOC(=O)OCCCCCCOc1ccc(Oc2ccc(O[*])cc2)cc1,Bandgap,4.5976,eV,polyverse_bandgap,train,clean,clean,measured_target
poly_3209,[*]CCCCCC(=O)NCCCCCOCCCCCNC(=O)CCCO[*],Bandgap,5.7098,eV,polyverse_bandgap,train,clean,clean,measured_target
poly_2340,[*]Nc1cccc(NC(=O)CCCCCCCCC([*])=O)c1,Bandgap,4.7951,eV,polyverse_bandgap,train,clean,clean,measured_target
poly_2766,[*]C(=O)C1CCCN1[*],Bandgap,5.2121,eV,polyverse_bandgap,train,clean,clean,measured_target
poly_1557,[*]CC(=O)C(S1)=CC=C1C(=O)[*],Bandgap,3.9882,eV,polyverse_bandgap,train,clean,clean,measured_target
poly_1592,[*]CCOC(=O)Nc1cccc2c(NC(=O)O[*])cccc12,Bandgap,4.0296,eV,polyverse_bandgap,train,clean,clean,measured_target
poly_3278,[*]CCCCCCOCC1(CO[*])CC1,Bandgap,5.7686,eV,polyverse_bandgap,train,clean,clean,measured_target
poly_2941,[*]OC(c1ccccc1)C(C)(C)C([*])=O,Bandgap,5.3988,eV,polyverse_bandgap,train,clean,clean,measured_target
poly_2688,[*]CC(C)C=C([*])C,Bandgap,5.1336,eV,polyverse_bandgap,train,clean,clean,measured_target
poly_1964,[*]CCc1ccc([*])c(Cl)c1,Bandgap,4.4319,eV,polyverse_bandgap,train,clean,clean,measured_target
poly_2450,[*]Oc1ccc(C(C)(CCC#N)c2ccc(OC([*])=O)cc2)cc1,Bandgap,4.9054,eV,polyverse_bandgap,train,clean,clean,measured_target
poly_2686,[*]CCOC(=O)Nc1cccc(NC(=O)O[*])c1,Bandgap,5.1312,eV,polyverse_bandgap,train,clean,clean,measured_target
poly_2460,[*]CCCC1CCN(SC(=O)OCCCCCCOC(=O)SN2CCC([*])CC2)CC1,Bandgap,4.9129,eV,polyverse_bandgap,train,clean,clean,measured_target
poly_81,[*]c1sc([*])c(CCCCCCN(CC)c2ccccc2)c1CCCCCC,Bandgap,1.5590000000000002,eV,polyverse_bandgap,train,clean,clean,measured_target
poly_2521,[*]Cc1ccc(COC(=O)CCCCCCCCC(=O)O[*])cc1,Bandgap,4.9683,eV,polyverse_bandgap,train,clean,clean,measured_target
poly_3186,[*]C(=O)OCCCCOC(=O)N1CCN([*])CC1,Bandgap,5.6801,eV,polyverse_bandgap,train,clean,clean,measured_target
poly_913,[*]Oc1ccc(C2(c3ccc(OC(=O)c4ccc(C([*])=O)cc4)cc3)CCc3ccccc32)cc1,Bandgap,3.1984,eV,polyverse_bandgap,train,clean,clean,measured_target
poly_154,[*]c1ccc(-c2cc(CCCCCCOC(=O)COc3ccccc3)c([*])s2)s1,Bandgap,1.9503,eV,polyverse_bandgap,train,clean,clean,measured_target
poly_3640,[*]CC#CCOC(=O)CCCCCCC(=O)O[*],Bandgap,6.125,eV,polyverse_bandgap,train,clean,clean,measured_target
poly_491,[*]C(=O)C(S1)=CC=C1C(S2)=CC=C2O[*],Bandgap,2.6424,eV,polyverse_bandgap,train,clean,clean,measured_target
poly_88,[*]C#CC#Cc1ccc([*])s1,Bandgap,1.5989,eV,polyverse_bandgap,train,clean,clean,measured_target
poly_4038,[*]OC(C)CCOC(=O)CCCC([*])=O,Bandgap,6.6901,eV,polyverse_bandgap,train,clean,clean,measured_target
poly_4184,[*]CC([*])C#N,Bandgap,7.7739,eV,polyverse_bandgap,train,clean,clean,measured_target
poly_1843,[*]OP(=O)(Oc1ccccc1)Oc1c(Cl)c(Cl)c([*])c(Cl)c1Cl,Bandgap,4.2965,eV,polyverse_bandgap,train,clean,clean,measured_target
poly_1834,O([*])CC(F)(F)C(F)(F)C(F)(F)C(F)(F)COC(=O)CCSCCSCCC(=O)([*]),Bandgap,4.2864,eV,polyverse_bandgap,train,clean,clean,measured_target
poly_3755,[*]CC(C)(C)COC(=O)NCCCCCCNC(=O)O[*],Bandgap,6.29,eV,polyverse_bandgap,train,clean,clean,measured_target
poly_4206,[*]OC(F)(F)C(F)(F)C([*])(F)F,Bandgap,9.3031,eV,polyverse_bandgap,train,clean,clean,measured_target
poly_2808,[*]CC(COCC=C)O[*],Bandgap,5.2481,eV,polyverse_bandgap,train,clean,clean,measured_target
poly_1217,[*]Nc1ccc([*])cc1CCCCCCCCCCCCCCC,Bandgap,3.5851,eV,polyverse_bandgap,train,clean,clean,measured_target
poly_3905,CNC(=O)NCOCO,Bandgap,6.5138,eV,polyverse_bandgap,train,clean,clean,measured_target
poly_3132,[*]C=CC(C)C([*])C(=O)OC(C)C,Bandgap,5.6207,eV,polyverse_bandgap,train,clean,clean,measured_target
poly_652,[*]c1cc(-c2ccccc2)c([*])[nH]1,Bandgap,2.8604,eV,polyverse_bandgap,train,clean,clean,measured_target
poly_3513,[*]CC([*])OCC(=O)O,Bandgap,5.9833,eV,polyverse_bandgap,train,clean,clean,measured_target
poly_2089,[*]c1cc(OC)c([*])cc1OC,Bandgap,4.5598,eV,polyverse_bandgap,train,clean,clean,measured_target
poly_1238,[*]CC([*])C(=O)c1ccc(Br)c(OC)c1,Bandgap,3.6104,eV,polyverse_bandgap,train,clean,clean,measured_target
poly_551,[*]c1cc(CCCCCC)c([*])[nH]1,Bandgap,2.7271,eV,polyverse_bandgap,train,clean,clean,measured_target
poly_2929,[*]CC1CCC(CNC(=O)CCCCC(=O)N[*])CC1,Bandgap,5.3885,eV,polyverse_bandgap,train,clean,clean,measured_target
poly_1769,[*]Oc1ccc(C(C)=Nc2ccccc2N=C(C)c2ccc([*])cc2)cc1,Bandgap,4.2147,eV,polyverse_bandgap,train,clean,clean,measured_target
poly_3659,[*]OC(=O)CCCCCCCCCCCCCCCCC([*])=O,Bandgap,6.1452,eV,polyverse_bandgap,train,clean,clean,measured_target
poly_1102,[*]c1ccc(-c2nc(-c3ccc(-c4nc([*])sc4C(=O)O)cc3)c(C(=O)O)s2)cc1,Bandgap,3.438,eV,polyverse_bandgap,train,clean,clean,measured_target
poly_1494,[*]Oc1cc(Cl)cc(Cl)c1[*],Bandgap,3.9114,eV,polyverse_bandgap,train,clean,clean,measured_target
poly_2920,[*]CCCC1(C)CCN(C(=O)CCC(=O)N2CCC([*])(C)CC2)CC1,Bandgap,5.3778,eV,polyverse_bandgap,train,clean,clean,measured_target
poly_1030,[*]CCCCCCOc1ccc(C=Cc2ccc(O[*])cc2)cc1,Bandgap,3.3553,eV,polyverse_bandgap,train,clean,clean,measured_target
poly_3380,[*]CCCCCCCCCCCCNC(=O)CCCCCCCCCCC(=O)N[*],Bandgap,5.8616,eV,polyverse_bandgap,train,clean,clean,measured_target
poly_3825,[*]CCCCCCCCCCOCO[*],Bandgap,6.3968,eV,polyverse_bandgap,train,clean,clean,measured_target
poly_2444,[*]Oc1ccc(C(C)(CC)c2ccc(OC([*])=O)c(C)c2)cc1C,Bandgap,4.9006,eV,polyverse_bandgap,train,clean,clean,measured_target
poly_2607,[*]NC(CCC(=O)OCc1ccccc1)C([*])=O,Bandgap,5.0666,eV,polyverse_bandgap,train,clean,clean,measured_target
poly_4107,[*]CCOC(=O)CCCCCC(=O)O[*],Bandgap,6.8318,eV,polyverse_bandgap,train,clean,clean,measured_target
poly_2491,[*]Oc1ccc(C(CC)(c2ccccc2)c2ccc(OC(=O)CCCCCCCCC([*])=O)cc2)cc1,Bandgap,4.9385,eV,polyverse_bandgap,train,clean,clean,measured_target
poly_3929,[*]CCOCCOC(=O)CCCCS(=O)(=O)CCCCC(=O)O[*],Bandgap,6.5382,eV,polyverse_bandgap,train,clean,clean,measured_target
poly_2605,[*]CCCCCC(=O)NCc1ccc(CNC(=O)CCCCO[*])cc1,Bandgap,5.061,eV,polyverse_bandgap,train,clean,clean,measured_target
poly_2160,[*]Cc1ccc(-c2ccc(CSC(=O)CCC(=O)S[*])cc2)cc1,Bandgap,4.6228,eV,polyverse_bandgap,train,clean,clean,measured_target
poly_4022,[*]CC([*])(CF)C(=O)OC,Bandgap,6.6709,eV,polyverse_bandgap,train,clean,clean,measured_target
poly_1455,[*]Nc1cccc(NC(=O)c2cc(C([*])=O)cc(S(=O)(=O)c3ccccc3)c2)c1,Bandgap,3.8595,eV,polyverse_bandgap,train,clean,clean,measured_target
poly_2183,[*]CC([*])c1ccc(C(=O)OCC(C)C)cc1,Bandgap,4.6433,eV,polyverse_bandgap,train,clean,clean,measured_target
poly_2048,[*]C=Nc1cc(NC(=O)NCCNCCNO[*])ccc1C,Bandgap,4.5234,eV,polyverse_bandgap,train,clean,clean,measured_target
poly_3615,[*]CC(F)(F)C(F)(F)C(F)(F)COC(=O)NCCCCCCNC(=O)O[*],Bandgap,6.0804,eV,polyverse_bandgap,train,clean,clean,measured_target
poly_3456,[*]CC#CCOC(=O)CCC(=O)O[*],Bandgap,5.9288,eV,polyverse_bandgap,train,clean,clean,measured_target
poly_869,[*]Oc1ccc(C(=O)CNc2cccc(NCC(=O)c3ccc([*])cc3)c2)cc1,Bandgap,3.1409,eV,polyverse_bandgap,train,clean,clean,measured_target
poly_2302,[*]CCCP(CCCNC(=O)CCCCCCCCC(=O)N[*])c1ccccc1,Bandgap,4.7536,eV,polyverse_bandgap,train,clean,clean,measured_target
poly_1423,[*]Nc1ccc([*])cc1F,Bandgap,3.8203,eV,polyverse_bandgap,train,clean,clean,measured_target
poly_774,[*]c1cccc(S(=O)(=O)c2cccc(-n3c(=O)c4cc5c(=O)n([*])c(=O)c5cc4c3=O)c2)c1,Bandgap,2.9994,eV,polyverse_bandgap,train,clean,clean,measured_target
poly_1649,[*]c1ccc(-c2ccc([*])c(C)c2)cc1C,Bandgap,4.0882,eV,polyverse_bandgap,train,clean,clean,measured_target
poly_2263,[*]CC(OC(C)=O)C1C(=O)N(c2ccc(C)cc2)C(=O)C1([*])Cl,Bandgap,4.7114,eV,polyverse_bandgap,train,clean,clean,measured_target
poly_3010,N([*])C(=O)CCCCC(=O)NCC1=C(C)C=C(C=C1)C([*]),Bandgap,5.4837,eV,polyverse_bandgap,train,clean,clean,measured_target
poly_3377,[*]CC(C)(CO[*])COCC(F)(F)C(F)(F)C(F)(F)F,Bandgap,5.8594,eV,polyverse_bandgap,train,clean,clean,measured_target
poly_1640,[*]Oc1cccc2c(OC(=O)Oc3ccc(OC([*])=O)cc3C)cccc12,Bandgap,4.0829,eV,polyverse_bandgap,train,clean,clean,measured_target
poly_985,[*]c1ccc(-n2ccc(-c3ccc(-c4ccn([*])n4)cc3)n2)cc1,Bandgap,3.3009,eV,polyverse_bandgap,train,clean,clean,measured_target
poly_39,[*]c1cc2c(s1)-c1sc([*])cc1C2=C1c2ccsc2-c2sccc21,Bandgap,1.2481,eV,polyverse_bandgap,train,clean,clean,measured_target
poly_315,[*]c1ccc(Sc2ccc(-n3c(=O)c4cc5c(=O)n([*])c(=O)c5cc4c3=O)cn2)nc1,Bandgap,2.4134,eV,polyverse_bandgap,train,clean,clean,measured_target
poly_1013,[*]Oc1ccc(C=C2CCC(=Cc3ccc([*])c([N+](=O)[O-])c3)C2=O)cc1[N+](=O)[O-],Bandgap,3.3368,eV,polyverse_bandgap,train,clean,clean,measured_target
poly_3167,[*]C=C(F)C(F)(F)C[*],Bandgap,5.655,eV,polyverse_bandgap,train,clean,clean,measured_target
poly_4164,[*]OC1(F)CC(C([*])C)C1C(F)(F)C1(F)CC1,Bandgap,7.1864,eV,polyverse_bandgap,train,clean,clean,measured_target
poly_962,[*]Oc1ccc(C(CC)(CC)c2ccc(OC(=O)c3ccc(C([*])=O)cc3)cc2)cc1,Bandgap,3.2648,eV,polyverse_bandgap,train,clean,clean,measured_target
poly_2011,[*]CCN([*])C(=O)c1cccs1,Bandgap,4.4831,eV,polyverse_bandgap,train,clean,clean,measured_target
poly_1619,[*]C(C)=C([*])SCC,Bandgap,4.0568,eV,polyverse_bandgap,train,clean,clean,measured_target
poly_3304,[*]CCCCCCC(=O)NCCCCCOCCCCCNC(=O)CCCO[*],Bandgap,5.7912,eV,polyverse_bandgap,train,clean,clean,measured_target
poly_1483,[*]C=C([*])C(C)=O,Bandgap,3.9029,eV,polyverse_bandgap,train,clean,clean,measured_target
poly_344,[*]CC([*])c1ccc(Cl)c(Cl)c1,Bandgap,2.4525,eV,polyverse_bandgap,train,clean,clean,measured_target
poly_1046,[*]c1ccc(-c2cnc3ccc(-c4ccc5nc([*])cnc5c4)cc3n2)cc1,Bandgap,3.3677,eV,polyverse_bandgap,train,clean,clean,measured_target
poly_2690,[*]CC([*])C(=O)N(C)CC,Bandgap,5.1362,eV,polyverse_bandgap,train,clean,clean,measured_target
poly_819,[*]c1cc(N=Nc2ccc(OC)cc2)cc([*])c1O,Bandgap,3.0692,eV,polyverse_bandgap,train,clean,clean,measured_target
poly_2169,[*]Oc1ccc(OC(=O)Oc2ccc(-c3ccc(OC([*])=O)cc3)cc2)cc1Cl,Bandgap,4.6321,eV,polyverse_bandgap,train,clean,clean,measured_target
poly_1256,[*]Oc1ccc(N=CC=Nc2ccc(OC(=O)Nc3cc(NC([*])=O)ccc3C)cc2)cc1,Bandgap,3.6227,eV,polyverse_bandgap,train,clean,clean,measured_target
poly_3436,[*]OC(=O)CCS(=O)(=O)CCS(=O)(=O)CCC([*])=O,Bandgap,5.9043,eV,polyverse_bandgap,train,clean,clean,measured_target
poly_3900,[*]CC(C#N)(C#N)C(C#N)C(C#N)(C#N)C(C#N)C(C#N)(C#N)C(C#N)C(C#N)(C#N)[*],Bandgap,6.505,eV,polyverse_bandgap,train,clean,clean,measured_target
poly_144,[*]CC([*])OC(=O)c1ccccc1Cl,Bandgap,1.9134,eV,polyverse_bandgap,train,clean,clean,measured_target
poly_1302,[*]CCC(C=C1)=CC=C1C(S2)=CC=C2[*],Bandgap,3.6694,eV,polyverse_bandgap,train,clean,clean,measured_target
poly_729,[*]N=Nc1ccc(NC(=O)CCC(=O)Nc2ccc([*])cc2)cc1,Bandgap,2.9548,eV,polyverse_bandgap,train,clean,clean,measured_target
poly_879,[*]Oc1ccc(NC(=O)c2cccc(C(=O)Nc3ccc([*])cc3)c2)cc1,Bandgap,3.1562,eV,polyverse_bandgap,train,clean,clean,measured_target
poly_3120,[*]CC(OC1CCCCC1)C1C(=O)OC(=O)C1[*],Bandgap,5.6069,eV,polyverse_bandgap,train,clean,clean,measured_target
poly_2898,[*]C=CC1CC([*])C2C(=O)N(CCCCCCCCC)C(=O)C12,Bandgap,5.346,eV,polyverse_bandgap,train,clean,clean,measured_target
poly_998,[*]NC(S1)=CC=C1C(S2)=CC=C2C[*],Bandgap,3.3199,eV,polyverse_bandgap,train,clean,clean,measured_target
poly_2120,[*]Nc1ccc(NC(=O)CCCCCC([*])=O)cc1,Bandgap,4.5879,eV,polyverse_bandgap,train,clean,clean,measured_target
poly_2791,[*]CCc1ccc([*])c(Cl)c1Cl,Bandgap,5.2304,eV,polyverse_bandgap,train,clean,clean,measured_target
poly_3695,[*]OC1CCC(OC(=O)CCC([*])=O)CC1,Bandgap,6.2077,eV,polyverse_bandgap,train,clean,clean,measured_target
poly_1601,[*]Oc3ccc(Oc1cccc([*])c1C#N)c(c2cc(C)cc(C)c2)c3,Bandgap,4.0411,eV,polyverse_bandgap,train,clean,clean,measured_target
poly_2161,[*]c1ccc(C(C#N)(C#N)C([*])(C#N)C#N)cc1,Bandgap,4.6242,eV,polyverse_bandgap,train,clean,clean,measured_target
poly_1876,[*]OC(C)COC(=O)c1ccc(C([*])=O)cc1,Bandgap,4.3271,eV,polyverse_bandgap,train,clean,clean,measured_target
poly_1221,[*]C(=O)NNC(=O)c1ccc([*])nc1,Bandgap,3.5877,eV,polyverse_bandgap,train,clean,clean,measured_target
poly_890,[*]c1ccc(-c2ccc(-c3ccc(-c4nc5cc6sc([*])nc6cc5s4)cc3)c(-c3ccccc3)c2-c2ccccc2)cc1,Bandgap,3.1695,eV,polyverse_bandgap,train,clean,clean,measured_target
poly_2152,[*]Oc1cccc(OC(=O)Oc2ccc(C(C)(C)c3ccc(OC([*])=O)cc3)cc2)c1,Bandgap,4.6142,eV,polyverse_bandgap,train,clean,clean,measured_target
poly_2810,[*]CCCCCCCCCNC(=O)NCCCCCCNC(=O)N[*],Bandgap,5.2509,eV,polyverse_bandgap,train,clean,clean,measured_target
poly_3633,[*]CCCCCCCCOC(=O)CC=CCC(=O)O[*],Bandgap,6.1178,eV,polyverse_bandgap,train,clean,clean,measured_target
poly_4018,[*]CC(C)(C)COC(=O)CCCCCCC(=O)O[*],Bandgap,6.666,eV,polyverse_bandgap,train,clean,clean,measured_target
poly_596,[*]c1sc([*])c2nc(C)c(C)nc12,Bandgap,2.7872,eV,polyverse_bandgap,train,clean,clean,measured_target
poly_957,[*]c1ccc(Oc2ccc(-c3cc(OCCCCCC)c(-c4ccc(Oc5ccc(-c6nnc([*])o6)cc5)cc4)cc3OCCCCCC)cc2)cc1,Bandgap,3.2584,eV,polyverse_bandgap,train,clean,clean,measured_target
poly_1947,[*]Nc1ccc(NC(=O)Cc2cc(CC([*])=O)c(C)cc2C)cc1,Bandgap,4.4183,eV,polyverse_bandgap,train,clean,clean,measured_target
poly_3919,[*]CCOC(=O)C1CCC(C(=O)O[*])CC1,Bandgap,6.5261,eV,polyverse_bandgap,train,clean,clean,measured_target
poly_3699,[*]CCCCCCC(=O)O[*],Bandgap,6.2116,eV,polyverse_bandgap,train,clean,clean,measured_target
poly_2072,[*]Oc1ccc(S(=O)(=O)NCCNS(=O)(=O)c2ccc([*])cc2)cc1,Bandgap,4.5454,eV,polyverse_bandgap,train,clean,clean,measured_target
poly_2121,[*]OC(=O)c1cccc(C(=O)OC2CC3CC([*])CC(C2)O3)c1,Bandgap,4.5898,eV,polyverse_bandgap,train,clean,clean,measured_target
poly_30,[*]C=C([*])c1cccc2ccccc12,Bandgap,1.1157,eV,polyverse_bandgap,train,clean,clean,measured_target
poly_2669,[*]OC(=C(C)C)C(C)(C)C([*])=O,Bandgap,5.1149,eV,polyverse_bandgap,train,clean,clean,measured_target
poly_2376,[*]CCCP(CCCCCCCC)CCCNC(=O)CCCCC(=O)N[*],Bandgap,4.8381,eV,polyverse_bandgap,train,clean,clean,measured_target
poly_1634,[*]NC(C)=CC([*])=O,Bandgap,4.0738,eV,polyverse_bandgap,train,clean,clean,measured_target
poly_3460,[*]CC([*])(F)C(=O)OCC(Cl)(Cl)Cl,Bandgap,5.9339,eV,polyverse_bandgap,train,clean,clean,measured_target
poly_2403,[*]C=C([*])OCCCC,Bandgap,4.8666,eV,polyverse_bandgap,train,clean,clean,measured_target
poly_329,[*]c1ccc(C(C)c2ccc(-n3c(=O)c4cc5c(=O)n([*])c(=O)c5cc4c3=O)cc2)cc1,Bandgap,2.4372,eV,polyverse_bandgap,train,clean,clean,measured_target
poly_1920,[*]CCCCCCCCCCNC(=N[*])c1ccccc1,Bandgap,4.39,eV,polyverse_bandgap,train,clean,clean,measured_target
poly_398,[*]c1cc(CCCCCCCCCC2COC(C)(C)O2)c([*])s1,Bandgap,2.5181,eV,polyverse_bandgap,train,clean,clean,measured_target
poly_723,[*]C(=O)C(S1)=CC=C1C(=O)C(S2)=CC=C2[*],Bandgap,2.951,eV,polyverse_bandgap,train,clean,clean,measured_target
poly_671,[*]c1ccc(-n2c(=O)c3cc4c(=O)n([*])c(=O)c4cc3c2=O)c(CP(=O)(OCCCl)OCCCl)c1,Bandgap,2.8958,eV,polyverse_bandgap,train,clean,clean,measured_target
poly_584,[*]c1cc(CCCCCCCC)c([*])[nH]1,Bandgap,2.7684,eV,polyverse_bandgap,train,clean,clean,measured_target
poly_2566,[*]CC([*])C(=O)N(C)C,Bandgap,5.0126,eV,polyverse_bandgap,train,clean,clean,measured_target
poly_4158,[*]CC(C#N)(C#N)C(C#N)C(C#N)(C#N)[*],Bandgap,7.1417,eV,polyverse_bandgap,train,clean,clean,measured_target
poly_4000,[*]O[Si](C)(C)O[Si](C)(C)OC(C)CCCCC([*])C,Bandgap,6.6365,eV,polyverse_bandgap,train,clean,clean,measured_target
poly_3864,[*]CC([*])C(=O)OC(C)C,Bandgap,6.4617,eV,polyverse_bandgap,train,clean,clean,measured_target
poly_3158,[*]C1C=CC(S([*])(=O)=O)CC1,Bandgap,5.6483,eV,polyverse_bandgap,train,clean,clean,measured_target
poly_375,[*]C(=O)c1ccc2c(c1O)C(=O)N(c1ccc(Oc3ccc(N4C(=O)c5ccc([*])c(O)c5C4=O)cc3)cc1)C2=O,Bandgap,2.4908,eV,polyverse_bandgap,train,clean,clean,measured_target
poly_3292,[*]C=CCCCCCC[*],Bandgap,5.78,eV,polyverse_bandgap,train,clean,clean,measured_target
poly_3518,[*]CC(C)CO[*],Bandgap,5.99,eV,polyverse_bandgap,train,clean,clean,measured_target
poly_3094,[*]CC(CC([*])(C#N)C(=O)OC)c1ccccc1,Bandgap,5.5708,eV,polyverse_bandgap,train,clean,clean,measured_target
poly_3631,[*]CCCCCCCCCOC(=O)NCCCCCCNC(=O)O[*],Bandgap,6.1163,eV,polyverse_bandgap,train,clean,clean,measured_target
poly_348,[*]C(=O)Nc1ccc(Cc2ccc(NC(=O)c3ccc4c(c3)C(=O)N(c3ccc(S(=O)(=O)c5ccc(N6C(=O)c7ccc([*])cc7C6=O)cc5)cc3)C4=O)cc2)cc1,Bandgap,2.4615,eV,polyverse_bandgap,train,clean,clean,measured_target
poly_1021,[*]CC(=O)C(S1)=CC=C1C(C=C2)=CC=C2[*],Bandgap,3.3483,eV,polyverse_bandgap,train,clean,clean,measured_target
poly_3431,[*]CC(C)C(=O)N[*],Bandgap,5.9006,eV,polyverse_bandgap,train,clean,clean,measured_target
poly_1546,[*]Oc1ccc(C(=O)OCCCOC(=O)c2ccc(OC(=O)c3ccc(C([*])=O)cc3)cc2)cc1,Bandgap,3.9791,eV,polyverse_bandgap,train,clean,clean,measured_target
poly_1969,[*]Nc1c(Br)cc([*])cc1Br,Bandgap,4.4355,eV,polyverse_bandgap,train,clean,clean,measured_target
poly_2148,[*]CC([*])c1cccc(NC(C)=O)c1,Bandgap,4.6098,eV,polyverse_bandgap,train,clean,clean,measured_target
poly_1415,[*]CCc1nc(-c2ccc(-c3csc([*])n3)cc2)cs1,Bandgap,3.8121,eV,polyverse_bandgap,train,clean,clean,measured_target
poly_2090,[*]Nc1ccc(NC(=O)CCCCC([*])=O)cc1,Bandgap,4.5626,eV,polyverse_bandgap,train,clean,clean,measured_target
poly_2652,[*]CC(C)/C=C\[*](C),Bandgap,5.1039,eV,polyverse_bandgap,train,clean,clean,measured_target
poly_2889,[*]CCCCCCCNC(=O)C=CCCC=CC(=O)N[*],Bandgap,5.3377,eV,polyverse_bandgap,train,clean,clean,measured_target
poly_2222,[*]ON(C(F)(F)F)C(F)(F)C(F)=C(F)C([*])(F)F,Bandgap,4.6748,eV,polyverse_bandgap,train,clean,clean,measured_target
poly_1268,[*]c1nc(Cl)nc(N(c2ccccc2)c2nc(Nc3ccccc3)nc(N([*])c3ccccc3)n2)n1,Bandgap,3.6369,eV,polyverse_bandgap,train,clean,clean,measured_target
poly_407,[*]C(=O)c1ccc2c(c1)C(=O)N(c1ccc(OCCOCCOc3ccc(N4C(=O)c5ccc([*])cc5C4=O)cc3)cc1)C2=O,Bandgap,2.5244,eV,polyverse_bandgap,train,clean,clean,measured_target
poly_2670,[*]NC1NN(C(C([*])O)(C(F)(F)F)C(O)(Cl)C2(F)OC(O)C(O)C2O)O1,Bandgap,5.1151,eV,polyverse_bandgap,train,clean,clean,measured_target
poly_1980,[*]Oc1ccc(-c2ccc(OC(=O)CCCCCCCCCCCC([*])=O)cc2)cc1,Bandgap,4.4465,eV,polyverse_bandgap,train,clean,clean,measured_target
poly_1821,[*]Nc1ccc([*])cc1,Bandgap,4.2754,eV,polyverse_bandgap,train,clean,clean,measured_target
poly_3029,[*]CC([*])C(=O)NC,Bandgap,5.5048,eV,polyverse_bandgap,train,clean,clean,measured_target
poly_1206,[*]c1cc(C=Nc2cccc(C)c2)cc([*])c1O,Bandgap,3.5653,eV,polyverse_bandgap,train,clean,clean,measured_target
poly_351,[*]C(=O)Oc1ccc(OC(=O)c2ccc3c(c2)C(=O)N(c2ccc(Oc4ccc(N5C(=O)c6ccc([*])cc6C5=O)cc4)cc2)C3=O)cc1,Bandgap,2.4658,eV,polyverse_bandgap,train,clean,clean,measured_target
poly_3645,[*]ON(C(F)(F)C([*])(F)F)C(F)(F)C(F)(F)Br,Bandgap,6.1306,eV,polyverse_bandgap,train,clean,clean,measured_target
poly_3001,[*]CC(=O)NCCCCCCNC(=O)COC(=O)CCC(=O)O[*],Bandgap,5.4681,eV,polyverse_bandgap,train,clean,clean,measured_target
poly_3262,[*]CCON[*],Bandgap,5.7613,eV,polyverse_bandgap,train,clean,clean,measured_target
poly_3500,[*]CCCOC(=O)NC1CC1NC(=O)O[*],Bandgap,5.9686,eV,polyverse_bandgap,train,clean,clean,measured_target
poly_674,[*]c1ccc(C(c2ccccc2)c2ccc(N3C(=O)c4ccc(-c5ccc6c(c5)C(=O)N([*])C6=O)cc4C3=O)cc2)cc1,Bandgap,2.8965,eV,polyverse_bandgap,train,clean,clean,measured_target
poly_2865,[*]C=CC1CC([*])C2C(=O)N(CCCCCCCC)C(=O)C12,Bandgap,5.3143,eV,polyverse_bandgap,train,clean,clean,measured_target
poly_2676,[*]Cc1cccc(CNC(=O)CCCCC(=O)N[*])c1,Bandgap,5.1207,eV,polyverse_bandgap,train,clean,clean,measured_target
poly_636,[*]C(=O)C(C=C1)=CC=C1C(C=C2)=CC=C2C(S3)=CC=C3[*],Bandgap,2.843,eV,polyverse_bandgap,train,clean,clean,measured_target
poly_2662,[*]C(C)=C([*])CCC,Bandgap,5.1084,eV,polyverse_bandgap,train,clean,clean,measured_target
poly_2578,[*]CCc1ccc([*])c(Br)c1,Bandgap,5.0219,eV,polyverse_bandgap,train,clean,clean,measured_target
poly_1560,[*]CCCCCCn1ccc(-c2ccc(-c3ccn([*])n3)cc2)n1,Bandgap,3.9963,eV,polyverse_bandgap,train,clean,clean,measured_target
poly_2322,[*]CCCCOC(=O)c1ccc(C(=O)O[*])cc1,Bandgap,4.7739,eV,polyverse_bandgap,train,clean,clean,measured_target
poly_3494,[*]CC(C)(CCCC)C(=O)N[*],Bandgap,5.9624,eV,polyverse_bandgap,train,clean,clean,measured_target
poly_1528,[*]CCCCCCNC(=O)c1ccc(C(=O)N[*])c(Oc2ccc(Cl)cc2)c1,Bandgap,3.9536,eV,polyverse_bandgap,train,clean,clean,measured_target
poly_3740,[*]OC(C)(CC([*])=O)C(F)(F)F,Bandgap,6.2678,eV,polyverse_bandgap,train,clean,clean,measured_target
poly_503,[*]C(=O)c1ccc2c(c1)C(=O)N(c1ccc(Oc3ccc(N4C(=O)c5ccc([*])cc5C4=O)cc3Br)c(Br)c1)C2=O,Bandgap,2.6559,eV,polyverse_bandgap,train,clean,clean,measured_target
poly_2464,[*]CCC(C)C(C)CCNC(=O)c1cccc(C(=O)N[*])c1,Bandgap,4.9153,eV,polyverse_bandgap,train,clean,clean,measured_target
poly_3729,[*]CC1CC1COC(=O)NC1CC1NC(=O)O[*],Bandgap,6.2541,eV,polyverse_bandgap,train,clean,clean,measured_target
poly_1179,[*]Oc1ccc(Oc2ccc(OC(=O)c3cccc(Oc4ccc(Oc5cccc(C([*])=O)c5)cc4)c3)cc2)cc1,Bandgap,3.5397,eV,polyverse_bandgap,train,clean,clean,measured_target
poly_3390,[*]CC([*])OCCCCC,Bandgap,5.8682,eV,polyverse_bandgap,train,clean,clean,measured_target
poly_3793,[*]OC(C)COC(=O)CCCCCC([*])=O,Bandgap,6.3486,eV,polyverse_bandgap,train,clean,clean,measured_target
poly_3688,[*]CC([*])OC(=O)OCC(Cl)(Cl)Cl,Bandgap,6.1989,eV,polyverse_bandgap,train,clean,clean,measured_target
poly_1710,[*]Oc1ccc(S(=O)(=O)c2ccc(Oc3ccc(C(C)(C)c4ccc([*])c(Cl)c4)cc3Cl)cc2)cc1,Bandgap,4.157,eV,polyverse_bandgap,train,clean,clean,measured_target
poly_3712,[*]OC([*])CCC(=O)OC,Bandgap,6.2304,eV,polyverse_bandgap,train,clean,clean,measured_target
poly_3017,[*]CC(C)(C)C1CC=C([*])CC1,Bandgap,5.4909,eV,polyverse_bandgap,train,clean,clean,measured_target
poly_3768,[*]C([2H])([2H])C([*])(C(=O)OC([2H])([2H])C([2H])([2H])[2H])C([2H])([2H])[2H],Bandgap,6.3139,eV,polyverse_bandgap,train,clean,clean,measured_target
poly_1684,[*]Cc1ccc(-c2ccc(CSC(=O)CCCCC(=O)S[*])cc2)cc1,Bandgap,4.1374,eV,polyverse_bandgap,train,clean,clean,measured_target
poly_492,[*]c1ccc2nc3oc4cc5[nH]c6nc7ccc([*])cc7nc6oc5cc4[nH]c3nc2c1,Bandgap,2.6428,eV,polyverse_bandgap,train,clean,clean,measured_target
poly_316,NC(C=C1)=CC=C1NO,Bandgap,2.4153,eV,polyverse_bandgap,train,clean,clean,measured_target
poly_3948,[*]CC(C)(C)COC(=O)NCCNC(=O)O[*],Bandgap,6.5733,eV,polyverse_bandgap,train,clean,clean,measured_target
poly_749,[*]C(=O)C(C=C1)=CC=C1C(=O)C(=S)[*],Bandgap,2.9772,eV,polyverse_bandgap,train,clean,clean,measured_target
poly_2329,[*]c1ccc(C(F)(F)C([*])(F)F)cc1,Bandgap,4.7832,eV,polyverse_bandgap,train,clean,clean,measured_target
poly_892,[*]c1ccc2cc(-c3nc4cc5nc([*])[nH]c5cc4[nH]3)ccc2c1,Bandgap,3.1698,eV,polyverse_bandgap,train,clean,clean,measured_target
poly_209,[*]c1ccc(Oc2ccc(C(C)(C)c3ccc(Oc4ccc(-n5c(=O)c6cc7c(=O)n([*])c(=O)c7cc6c5=O)cc4)cc3)cc2)cc1,Bandgap,2.1376,eV,polyverse_bandgap,train,clean,clean,measured_target
poly_3521,[*]CONC(=O)[*],Bandgap,5.9906,eV,polyverse_bandgap,train,clean,clean,measured_target
poly_1762,[*]C(=O)NNC(=O)c1cncc(C(=O)NNC(=O)c2ccc([*])nc2)c1,Bandgap,4.2104,eV,polyverse_bandgap,train,clean,clean,measured_target
poly_2171,[*]Oc1c(Br)cc(C2(c3cc(Br)c(OC([*])=O)c(Br)c3)CC3CCC2C3)cc1Br,Bandgap,4.6357,eV,polyverse_bandgap,train,clean,clean,measured_target
poly_817,[*]C=C1CCCC(=Cc2ccc([*])cc2)C1=O,Bandgap,3.068,eV,polyverse_bandgap,train,clean,clean,measured_target
poly_2727,[*]CCCCCCCCCCSCCCCS[*],Bandgap,5.1777,eV,polyverse_bandgap,train,clean,clean,measured_target
poly_185,[*]C(C=C1)=CC=C1C(S2)=CC=C2C(=S)C(S3)=CC=C3[*],Bandgap,2.0488,eV,polyverse_bandgap,train,clean,clean,measured_target
poly_823,[*]Nc1ccc(NC(=O)c2ccc(C(=O)c3ccc(C([*])=O)c(C(=O)O)c3)cc2C(=O)O)cc1,Bandgap,3.0780000000000003,eV,polyverse_bandgap,train,clean,clean,measured_target
poly_2407,[*]CCC(S1)=CC=C1O[*],Bandgap,4.8714,eV,polyverse_bandgap,train,clean,clean,measured_target
poly_284,[*]C(=O)c1ccc2c(c1)C(=O)N(c1ccc(-c3ccc(-c4ccc(N5C(=O)c6ccc([*])cc6C5=O)cc4)cc3)cc1)C2=O,Bandgap,2.3433,eV,polyverse_bandgap,train,clean,clean,measured_target
poly_2948,[*]Cc1ccc(COC(=O)CC(=O)O[*])cc1,Bandgap,5.408,eV,polyverse_bandgap,train,clean,clean,measured_target
poly_1976,[*]CC(=O)OC(=O)COc1cccc(O[*])c1,Bandgap,4.4439,eV,polyverse_bandgap,train,clean,clean,measured_target
poly_581,[*]Oc1ccc(Nc2ccc(N=Nc3ccc(Nc4ccc([*])cc4)cc3)cc2)cc1,Bandgap,2.7656,eV,polyverse_bandgap,train,clean,clean,measured_target
poly_2103,[*]CC(S1)=CC=C1OC(S2)=CC=C2[*],Bandgap,4.5746,eV,polyverse_bandgap,train,clean,clean,measured_target
poly_3986,[*]OC(C)CCOC(=O)CCCCCCCC([*])=O,Bandgap,6.6135,eV,polyverse_bandgap,train,clean,clean,measured_target
poly_3924,[*]CCCCCCS(=O)(=O)NCCCCCCNS([*])(=O)=O,Bandgap,6.5317,eV,polyverse_bandgap,train,clean,clean,measured_target
poly_1347,[*]Oc1ccc(S(=O)(=O)c2ccc(OC(=O)c3cccc(C([*])=O)c3)cc2)cc1,Bandgap,3.723,eV,polyverse_bandgap,train,clean,clean,measured_target
poly_482,[*]c1ccc([*])n1CCC(=O)OC,Bandgap,2.6299,eV,polyverse_bandgap,train,clean,clean,measured_target
poly_3468,[*]C1CC2C3CC4C(C3[*])C24C1,Bandgap,5.9404,eV,polyverse_bandgap,train,clean,clean,measured_target
poly_978,[*]C=Cc1cc(Cl)c([*])cc1Cl,Bandgap,3.2933,eV,polyverse_bandgap,train,clean,clean,measured_target
poly_1535,[*]CCNC(S1)=CC=C1[*],Bandgap,3.9612,eV,polyverse_bandgap,train,clean,clean,measured_target
poly_991,[*]CC(S1)=CC=C1CC(=S)[*],Bandgap,3.3080000000000003,eV,polyverse_bandgap,train,clean,clean,measured_target
poly_3447,[*]CCCCCCCCCCNC(=O)CCCCCCCCCCCCCCCCC(=O)N[*],Bandgap,5.9171,eV,polyverse_bandgap,train,clean,clean,measured_target
poly_3891,[*]OC(C)CCOC(=O)CCCCS(=O)(=O)CCCCC([*])=O,Bandgap,6.4951,eV,polyverse_bandgap,train,clean,clean,measured_target
poly_3483,[*]CCCCCCCCCCOC(=O)CC=CCC(=O)O[*],Bandgap,5.9499,eV,polyverse_bandgap,train,clean,clean,measured_target
poly_2886,[*]Cc1ccc(COC(=O)CCCCS(=O)(=O)CCCCC(=O)O[*])cc1,Bandgap,5.3354,eV,polyverse_bandgap,train,clean,clean,measured_target
poly_2987,[*]CC(O[*])c1ccccc1,Bandgap,5.4524,eV,polyverse_bandgap,train,clean,clean,measured_target
poly_3691,[*]C1C2CCC(C2)C1[*],Bandgap,6.1998,eV,polyverse_bandgap,train,clean,clean,measured_target
poly_99,[*]c1cc(C)c([*])s1,Bandgap,1.644,eV,polyverse_bandgap,train,clean,clean,measured_target
poly_2210,[*]CC([*])c1ccc(C(=O)OC)cc1,Bandgap,4.6598,eV,polyverse_bandgap,train,clean,clean,measured_target
poly_2224,[*]CCCNC(=O)CCCCCCCC(=O)NCCCNC(=O)C(=O)N[*],Bandgap,4.6754,eV,polyverse_bandgap,train,clean,clean,measured_target
poly_1750,[*]Oc1ccc(C(C)(C)c2ccc(Oc3cncc([*])n3)cc2)cc1,Bandgap,4.1925,eV,polyverse_bandgap,train,clean,clean,measured_target
poly_1148,[*]Nc1ccc(C(=O)c2c(C)c(C)c(C(=O)c3ccc(NC(=O)c4ccc(C([*])=O)cc4)cc3)c(C)c2C)cc1,Bandgap,3.4981,eV,polyverse_bandgap,train,clean,clean,measured_target
poly_3354,[*]CCCCCCCCCCCCNC(=O)CCP(C)(=O)CCC(=O)N[*],Bandgap,5.8367,eV,polyverse_bandgap,train,clean,clean,measured_target
poly_614,C(F)(F)C(S1)=CC=C1C(F)(F)C(=S),Bandgap,2.8078,eV,polyverse_bandgap,train,clean,clean,measured_target
poly_3038,[*]C=CC(C)C[*],Bandgap,5.516,eV,polyverse_bandgap,train,clean,clean,measured_target
poly_3210,[*]CCCCCC(=O)NCCCCCOCCCCCNC(=O)CCCCO[*],Bandgap,5.71,eV,polyverse_bandgap,train,clean,clean,measured_target
poly_1270,[*]Oc1ccc(NC(=O)c2cc(NC(=O)C34CC5CC(CC(C5)C3)C4)cc(C(=O)Nc3ccc([*])cc3)c2)cc1,Bandgap,3.6392,eV,polyverse_bandgap,train,clean,clean,measured_target
poly_3012,[*]CC([*])C1CC=CCC1,Bandgap,5.4849,eV,polyverse_bandgap,train,clean,clean,measured_target
poly_902,[*]N=Nc1ccc(C(=O)NCCCCNC(=O)c2ccc([*])cc2)cc1,Bandgap,3.1785,eV,polyverse_bandgap,train,clean,clean,measured_target
poly_2694,[*]NNC(=O)CCC(=O)NNC(=O)CCCCC([*])=O,Bandgap,5.1381,eV,polyverse_bandgap,train,clean,clean,measured_target
poly_1845,O([*])c1cc(cc(CCCCCCCCC)c1)OC(=O)c1cc(cc(F)c1)C(=O)([*]),Bandgap,4.2982,eV,polyverse_bandgap,train,clean,clean,measured_target
poly_3000,[*]CCc1cccc([*])c1,Bandgap,5.4676,eV,polyverse_bandgap,train,clean,clean,measured_target
poly_698,[*]c1ccc(Oc2ccc(-c3nc4ccc(-c5ccc6nc([*])c(-c7ccccc7)nc6c5)cc4nc3-c3ccccc3)cc2)cc1,Bandgap,2.9235,eV,polyverse_bandgap,train,clean,clean,measured_target
poly_3942,[*]CCCCCCCCCCCCCCCCCCCCOC(=O)CCCCCCC(=O)O[*],Bandgap,6.5596,eV,polyverse_bandgap,train,clean,clean,measured_target
poly_3955,[*]CC(CCl)(CCl)CO[*],Bandgap,6.5804,eV,polyverse_bandgap,train,clean,clean,measured_target
poly_1651,[*]CC(=O)OC(=O)COc1ccc(O[*])cc1,Bandgap,4.0904,eV,polyverse_bandgap,train,clean,clean,measured_target
poly_134,[*]c1cc(-c2sc(-c3cc(C)c([*])s3)cc2C)c2cccccc1-2,Bandgap,1.8844,eV,polyverse_bandgap,train,clean,clean,measured_target
poly_3830,[*]CC(CCl)O[*],Bandgap,6.4132,eV,polyverse_bandgap,train,clean,clean,measured_target
poly_942,[*]C=Nc1cccc(N=Cc2cccc([*])n2)c1,Bandgap,3.2461,eV,polyverse_bandgap,train,clean,clean,measured_target
poly_3802,[*]OC(C)COC(=O)C1CCC(C([*])=O)CC1,Bandgap,6.3591,eV,polyverse_bandgap,train,clean,clean,measured_target
poly_571,[*]C=Cc1ccc(-c2ccc(C=Cc3cc([*])ncn3)cc2)cc1,Bandgap,2.7449,eV,polyverse_bandgap,train,clean,clean,measured_target
poly_2042,[*]CCN([*])C(=O)c1c(F)cccc1F,Bandgap,4.517,eV,polyverse_bandgap,train,clean,clean,measured_target
poly_2378,[*]CC(O)COc1ccc(C(C)(C)c2ccc(O[*])cc2)cc1,Bandgap,4.8415,eV,polyverse_bandgap,train,clean,clean,measured_target
poly_1050,[*]c1ccc(-c2ccc(N3C(=O)c4ccc(-c5ccc6c(c5)C(=O)N([*])C6=O)cc4C3=O)cc2C(F)(F)F)c(C(F)(F)F)c1,Bandgap,3.3769,eV,polyverse_bandgap,train,clean,clean,measured_target
poly_3152,[*]CCN([*])C(=O)CCC,Bandgap,5.6408,eV,polyverse_bandgap,train,clean,clean,measured_target
poly_333,[*]C(=O)Nc1ccc(Oc2ccc(NC(=O)c3ccc4c(c3)C(=O)N(c3ccc(S(=O)(=O)c5ccc(N6C(=O)c7ccc([*])cc7C6=O)cc5)cc3)C4=O)cc2)cc1,Bandgap,2.4414,eV,polyverse_bandgap,train,clean,clean,measured_target
poly_4055,[*]CCCCCS([*])(=O)=O,Bandgap,6.7191,eV,polyverse_bandgap,train,clean,clean,measured_target
poly_3921,[*]OC(C)COC(=O)CCCCC([*])=O,Bandgap,6.5294,eV,polyverse_bandgap,train,clean,clean,measured_target
poly_2282,[*]CCSC(=O)CCCCCCCCC(=O)S[*],Bandgap,4.7383,eV,polyverse_bandgap,train,clean,clean,measured_target
poly_2495,[*]CCCCCC(=O)NCc1ccc(CNC(=O)CCCCCS[*])cc1,Bandgap,4.9399,eV,polyverse_bandgap,train,clean,clean,measured_target
poly_3123,[*]CCCCCCCCCCC(=O)NCCCCCOCCCCCNC(=O)CCCO[*],Bandgap,5.6076,eV,polyverse_bandgap,train,clean,clean,measured_target
poly_3648,[*]CC#CCOC(=O)CCCCCCCCC(=O)O[*],Bandgap,6.1332,eV,polyverse_bandgap,train,clean,clean,measured_target
poly_42,[*]c1cc(CCN(CC)c2ccc(N=Nc3ccc(C=C(C#N)C#N)cc3)cc2)c([*])s1,Bandgap,1.2692,eV,polyverse_bandgap,train,clean,clean,measured_target
poly_171,[*]c1ccc(Oc2cccc3c(Oc4ccc(-n5c(=O)c6cc7c(=O)n([*])c(=O)c7cc6c5=O)cc4)cccc23)cc1,Bandgap,2.0006,eV,polyverse_bandgap,train,clean,clean,measured_target
poly_840,[*]Nc1ccc(NC(=O)c2ccc(NC(=O)c3cc(NC(=O)C45CC6CC(CC(C6)C4)C5)cc(C([*])=O)c3)cc2)cc1,Bandgap,3.1016,eV,polyverse_bandgap,train,clean,clean,measured_target
poly_1251,[*]Oc1ccc(Oc2ccc(C(=O)c3ccc([*])cc3)cc2)cc1C,Bandgap,3.6189,eV,polyverse_bandgap,train,clean,clean,measured_target
poly_2687,[*]Oc1cccc(C(F)(F)C(F)(F)C(F)(F)c2cccc(OC([*])=O)c2)c1,Bandgap,5.1323,eV,polyverse_bandgap,train,clean,clean,measured_target
poly_2884,[*]CCSSCCO[*],Bandgap,5.3343,eV,polyverse_bandgap,train,clean,clean,measured_target
poly_1429,[*]Oc1ccc(C(=O)CNCCCCCCCCNCC(=O)c2ccc([*])cc2)cc1,Bandgap,3.8264,eV,polyverse_bandgap,train,clean,clean,measured_target
poly_3556,[*]CC1CCC(CNC(=O)CCCC(=O)N[*])CC1,Bandgap,6.0232,eV,polyverse_bandgap,train,clean,clean,measured_target
poly_2150,[*]Cc1ccc(CN2CCN([*])C(C)C2)cc1,Bandgap,4.6134,eV,polyverse_bandgap,train,clean,clean,measured_target
poly_3728,[*]CC([*])(C)C(=O)OCCC#N,Bandgap,6.2488,eV,polyverse_bandgap,train,clean,clean,measured_target
poly_1233,[*]CCNC(=O)c1cccc(C(=O)NCCOC(=O)c2ccc(C(=O)O[*])cc2)c1,Bandgap,3.6005,eV,polyverse_bandgap,train,clean,clean,measured_target
poly_1992,[*]CC([*])c1cc(Br)ccc1OCC,Bandgap,4.4644,eV,polyverse_bandgap,train,clean,clean,measured_target
poly_412,[*]c1ccc(NC(=O)c2cccc(C(=O)Nc3ccc(-n4c(=O)c5cc6c(=O)n([*])c(=O)c6cc5c4=O)cc3)c2)cc1,Bandgap,2.5291,eV,polyverse_bandgap,train,clean,clean,measured_target
poly_861,[*]CC([*])(C)C(=O)Oc1ccccc1[N+](=O)[O-],Bandgap,3.1276,eV,polyverse_bandgap,train,clean,clean,measured_target
poly_354,[*]c1cc(-c2nc3ccccc3s2)cc(-n2c(=O)c3cc4c(=O)n([*])c(=O)c4cc3c2=O)c1,Bandgap,2.4675,eV,polyverse_bandgap,train,clean,clean,measured_target
poly_2401,[*]CCN([*])C(=O)Cc1ccc(C(F)(F)F)cc1,Bandgap,4.8637,eV,polyverse_bandgap,train,clean,clean,measured_target
poly_1591,[*]NNC(=O)c1ccc(C([*])=O)cc1OCCCCCCCC,Bandgap,4.0296,eV,polyverse_bandgap,train,clean,clean,measured_target
poly_2343,[*]NNC(=O)c1ccc(C([*])=O)cc1,Bandgap,4.797,eV,polyverse_bandgap,train,clean,clean,measured_target
poly_3330,[*]CC1(CO[*])CCCCC1,Bandgap,5.8122,eV,polyverse_bandgap,train,clean,clean,measured_target
poly_87,[*]c1ccc(-c2ccn3sc4nc5nc6c(cc5oc-4cc-3nc2)Nc2nc3ccc([*])cc3nc2O6)cc1,Bandgap,1.5944,eV,polyverse_bandgap,train,clean,clean,measured_target
poly_98,[*]C=Cc1cc(OC)c(C=Cc2ccc([*])s2)cc1OC,Bandgap,1.6407,eV,polyverse_bandgap,train,clean,clean,measured_target
poly_1917,[*]Oc1cccc(NC(=O)c2ccc([*])cc2)c1,Bandgap,4.3857,eV,polyverse_bandgap,train,clean,clean,measured_target
poly_197,[*]c1cc(CCOC(=O)C(C)Br)c([*])s1,Bandgap,2.0981,eV,polyverse_bandgap,train,clean,clean,measured_target
poly_2576,[*]CC1CCC(COC(=O)NCCSCCCCCSCCNC(=O)O[*])CC1,Bandgap,5.0201,eV,polyverse_bandgap,train,clean,clean,measured_target
poly_1318,[*]C(=O)NCCNC(=O)c1ccc(N2C(=O)c3ccc([*])cc3C2=O)cc1,Bandgap,3.6936,eV,polyverse_bandgap,train,clean,clean,measured_target
poly_4127,[*]CCCCCCOC(=O)CC(=O)O[*],Bandgap,6.9173,eV,polyverse_bandgap,train,clean,clean,measured_target
poly_3091,[*]NC(C)C(C)(C)C([*])=O,Bandgap,5.5688,eV,polyverse_bandgap,train,clean,clean,measured_target
poly_413,[*]C(=O)c1ccc2c(c1)C(=O)N(c1ccc(-c3ccc(N4C(=O)c5ccc([*])cc5C4=O)cc3)cc1)C2=O,Bandgap,2.5342,eV,polyverse_bandgap,train,clean,clean,measured_target
poly_3888,[*]CCCCCOCO[*],Bandgap,6.4901,eV,polyverse_bandgap,train,clean,clean,measured_target
poly_334,[*]c1ccc(C(=O)Nc2ccc(-n3c(=O)c4cc5c(=O)n([*])c(=O)c5cc4c3=O)cc2C(=O)OCC)cc1,Bandgap,2.4414,eV,polyverse_bandgap,train,clean,clean,measured_target
poly_4146,[*]CCCCCOC(=O)O[*],Bandgap,7.0388,eV,polyverse_bandgap,train,clean,clean,measured_target
poly_2943,[*]CCCC(=O)N[*],Bandgap,5.4041,eV,polyverse_bandgap,train,clean,clean,measured_target
poly_3155,[*]OC(=O)Oc1c(cccc1)Cc1c(cccc1)([*]),Bandgap,5.6427,eV,polyverse_bandgap,train,clean,clean,measured_target
poly_106,[*]c1ccc(Nc2ccc(-n3c(=O)c4cc5c(=O)n([*])c(=O)c5cc4c3=O)cc2)cc1,Bandgap,1.6941,eV,polyverse_bandgap,train,clean,clean,measured_target
poly_3240,[*]CC(=C)COCC(=C)COC(=O)O[*],Bandgap,5.7357,eV,polyverse_bandgap,train,clean,clean,measured_target
poly_1679,[*]Nc1cc([*])ccc1C,Bandgap,4.1316,eV,polyverse_bandgap,train,clean,clean,measured_target
poly_1239,NC(=S)NC(C=C1)=CC=C1NC(=S)NC(C=C2)=CC=C2OC(C=C3)=CC=C3,Bandgap,3.6104,eV,polyverse_bandgap,train,clean,clean,measured_target
poly_1321,[*]Oc1ccc(C(=O)OCCCCCOC(=O)c2ccc(OC(=O)c3ccc(C([*])=O)cc3)cc2)cc1,Bandgap,3.6948,eV,polyverse_bandgap,train,clean,clean,measured_target
poly_4092,[*]CCCCCC([*])CCCCCCCCCCCCCC,Bandgap,6.7781,eV,polyverse_bandgap,train,clean,clean,measured_target
poly_2755,[*]C(=C([2H])C([2H])([2H])C([*])([2H])[2H])C([2H])([2H])[2H],Bandgap,5.1988,eV,polyverse_bandgap,train,clean,clean,measured_target
poly_3095,[*]CCCCOC(=O)NCCSCCSCCNC(=O)O[*],Bandgap,5.5713,eV,polyverse_bandgap,train,clean,clean,measured_target
poly_919,[*]c1cc(N2C(=O)c3ccc(-c4ccc5c(c4)C(=O)N([*])C5=O)cc3C2=O)c(O)cc1O,Bandgap,3.2012,eV,polyverse_bandgap,train,clean,clean,measured_target
poly_3557,[*]CCCCCCCCCC(=O)N[*],Bandgap,6.0233,eV,polyverse_bandgap,train,clean,clean,measured_target
poly_3178,[*]CC(C)(CO)CO[*],Bandgap,5.666,eV,polyverse_bandgap,train,clean,clean,measured_target
poly_3959,[*]CCCCCCS(=O)(=O)CCCCS([*])(=O)=O,Bandgap,6.5889,eV,polyverse_bandgap,train,clean,clean,measured_target
poly_1354,[*]CC([*])c1ccc(C(=O)c2ccccc2)cc1,Bandgap,3.7318,eV,polyverse_bandgap,train,clean,clean,measured_target
poly_875,[*]C(=O)Nc1cccc(C(=O)Nc2cccc(NC(=O)c3ccc4[nH]c(-c5cccc(-c6nc7cc([*])ccc7[nH]6)c5)nc4c3)c2)c1,Bandgap,3.1483,eV,polyverse_bandgap,train,clean,clean,measured_target
poly_836,[*]Oc1ccc(OC(=O)C=Cc2ccc(C=CC([*])=O)cc2)cc1,Bandgap,3.0952,eV,polyverse_bandgap,train,clean,clean,measured_target
poly_2749,[*]CCCCCCOC(=O)Nc1ccc(C)c(NC(=O)O[*])c1,Bandgap,5.1934,eV,polyverse_bandgap,train,clean,clean,measured_target
poly_272,[*]c1cc(CCCCCCCCCCCC)c([*])s1,Bandgap,2.3195,eV,polyverse_bandgap,train,clean,clean,measured_target
poly_2107,[*]C=CCCC[*],Bandgap,4.5769,eV,polyverse_bandgap,train,clean,clean,measured_target
poly_165,[*]C=Cc1ccc(C=Cc2nc3cc4nc([*])[nH]c4cc3[nH]2)cc1,Bandgap,1.9821,eV,polyverse_bandgap,train,clean,clean,measured_target
poly_3725,[*]CCOCCOC(=O)C(CCC)C(=O)O[*],Bandgap,6.2462,eV,polyverse_bandgap,train,clean,clean,measured_target
poly_2615,[*]C1C(=O)N(C2CCCCC2)C(=O)C1[*],Bandgap,5.0769,eV,polyverse_bandgap,train,clean,clean,measured_target
poly_2232,[*]Oc1ccc(C(C)(C)c2ccc(OC([*])=O)c(C)c2)cc1C,Bandgap,4.6875,eV,polyverse_bandgap,train,clean,clean,measured_target
poly_112,[*]C1=C2OCCOC2=C(c2sc(-c3sc([*])c4c3OCCO4)c3c2OCCO3)S1(=O)=O,Bandgap,1.7225,eV,polyverse_bandgap,train,clean,clean,measured_target
poly_3785,[*]CCCCOCO[*],Bandgap,6.3363,eV,polyverse_bandgap,train,clean,clean,measured_target
poly_1,[*]CCCCCC[N+]([*])(C)C,Bandgap,0.0738,eV,polyverse_bandgap,train,clean,clean,measured_target
poly_40,[*]c1sc([*])c2ccccc12,Bandgap,1.2499,eV,polyverse_bandgap,train,clean,clean,measured_target
poly_2393,[*]CCCCCNC(=O)CCC=CCCC(=O)N[*],Bandgap,4.8564,eV,polyverse_bandgap,train,clean,clean,measured_target
poly_2284,[*]OC(=O)c1ccc(CCCCc2ccc(C([*])=O)cc2)cc1,Bandgap,4.7395,eV,polyverse_bandgap,train,clean,clean,measured_target
poly_3745,[*]CC([*])C(=O)OCC(F)(F)C(F)(F)C(F)(F)C(F)(F)C(F)(F)C(F)(F)C(F)(F)F,Bandgap,6.2707,eV,polyverse_bandgap,train,clean,clean,measured_target
poly_1465,[*]Oc1ccc(Oc2ccc(C(=O)c3ccc([*])cc3)cc2)cc1C(Br)Br,Bandgap,3.8778,eV,polyverse_bandgap,train,clean,clean,measured_target
poly_995,[*]C=CC(=C(C)C)C([*])=C(C)C,Bandgap,3.3162,eV,polyverse_bandgap,train,clean,clean,measured_target
poly_100,[*]c1cc(C#N)c([*])s1,Bandgap,1.6457,eV,polyverse_bandgap,train,clean,clean,measured_target
poly_1637,[*]Oc1ccc(S(=O)(=O)c2ccc(Oc3ccc(-c4ccc([*])cc4)cc3)cc2N)c(N)c1,Bandgap,4.081,eV,polyverse_bandgap,train,clean,clean,measured_target
poly_1706,[*]CC([*])C(=O)c1ccc(C(C)(C)C)cc1,Bandgap,4.1556,eV,polyverse_bandgap,train,clean,clean,measured_target
poly_3756,[*]COC1CCC(O[*])CC1,Bandgap,6.2909,eV,polyverse_bandgap,train,clean,clean,measured_target
poly_1481,[*]CC(=O)C(S1)=CC=C1O[*],Bandgap,3.9018,eV,polyverse_bandgap,train,clean,clean,measured_target
poly_3458,[*]CCNC(=O)CCP(C)(=O)CCC(=O)N[*],Bandgap,5.9313,eV,polyverse_bandgap,train,clean,clean,measured_target
poly_3224,[*]CCCCOC(=O)SC(=O)O[*],Bandgap,5.7231,eV,polyverse_bandgap,train,clean,clean,measured_target
poly_970,[*]c1ccc(C(c2ccc(N3C(=O)c4ccc(-c5ccc6c(c5)C(=O)N([*])C6=O)cc4C3=O)cc2)(C(F)(F)F)C(F)(F)F)cc1,Bandgap,3.2749,eV,polyverse_bandgap,train,clean,clean,measured_target
poly_3718,[*]C([2H])([2H])C([*])([2H])Cl,Bandgap,6.2385,eV,polyverse_bandgap,train,clean,clean,measured_target
poly_3206,[*]CCNC(=O)CCCCCCCCCCC(=O)N[*],Bandgap,5.7085,eV,polyverse_bandgap,train,clean,clean,measured_target
poly_91,[*]C=CC(C)=C(C)C=Cc1ccc(-c2ccc([*])s2)s1,Bandgap,1.6111,eV,polyverse_bandgap,train,clean,clean,measured_target
poly_3687,[*]OC(=O)CCCCCCC([*])=O,Bandgap,6.1978,eV,polyverse_bandgap,train,clean,clean,measured_target
poly_2698,[*]CCCCSCS[*],Bandgap,5.1418,eV,polyverse_bandgap,train,clean,clean,measured_target
poly_3258,[*]CCOCCOCCOC(=O)CCC(=O)O[*],Bandgap,5.756,eV,polyverse_bandgap,train,clean,clean,measured_target
poly_704,[*]CNC(=O)C(=S)[*],Bandgap,2.9294,eV,polyverse_bandgap,train,clean,clean,measured_target
poly_1794,[*]COc1ccc(C(C)(C)c2ccc(O[*])cc2)cc1,Bandgap,4.2512,eV,polyverse_bandgap,train,clean,clean,measured_target
poly_2453,[*]CCCP(CCCNC(=O)N[*])c1ccccc1,Bandgap,4.9075,eV,polyverse_bandgap,train,clean,clean,measured_target
poly_3987,[*]CO[*],Bandgap,6.6201,eV,polyverse_bandgap,train,clean,clean,measured_target
poly_3428,[*]C(=O)OC1CCN([*])CC1,Bandgap,5.8954,eV,polyverse_bandgap,train,clean,clean,measured_target
poly_2577,[*]CCCCCOC(=O)c1cccc(C(=O)O[*])c1,Bandgap,5.0202,eV,polyverse_bandgap,train,clean,clean,measured_target
poly_3901,[*]CCCCCCCCCCOC(=O)CCCCC(=O)O[*],Bandgap,6.5098,eV,polyverse_bandgap,train,clean,clean,measured_target
poly_3653,[*]CCOC(=O)NCCCOCCCNC(=O)O[*],Bandgap,6.1366,eV,polyverse_bandgap,train,clean,clean,measured_target
poly_3067,[*]Oc1cccc(OC(=O)Oc2ccc(OC([*])=O)cc2)c1,Bandgap,5.5459,eV,polyverse_bandgap,train,clean,clean,measured_target
poly_833,[*]C#Cc1cc(OCC(CC)CCCC)c(C#Cc2cc(OCCNCCCC)c([*])cc2OCCNCCCC)cc1OCC(CC)CCCC,Bandgap,3.0922,eV,polyverse_bandgap,train,clean,clean,measured_target
poly_1484,[*]Oc1c(C)cc([*])cc1-c1ccccc1,Bandgap,3.9034,eV,polyverse_bandgap,train,clean,clean,measured_target
poly_1709,NC(C=C1)=CC=C1C(C=C2)=CC=C2O,Bandgap,4.1567,eV,polyverse_bandgap,train,clean,clean,measured_target
poly_2504,C(F)(F)C(C=C1)=CC=C1C(F)(F)O,Bandgap,4.9458,eV,polyverse_bandgap,train,clean,clean,measured_target
poly_71,C(S1)=CC=C1C(S2)=CC=C2,Bandgap,1.5303,eV,polyverse_bandgap,train,clean,clean,measured_target
poly_560,[*]C=Nc1ccc(-c2ccc(N=Cc3ccc(Sc4ccc([*])o4)o3)c(C)c2)cc1C,Bandgap,2.7346,eV,polyverse_bandgap,train,clean,clean,measured_target
poly_2246,[*]C(C=C1)=CC=C1OC(S2)=CC=C2O[*],Bandgap,4.7023,eV,polyverse_bandgap,train,clean,clean,measured_target
poly_721,[*]CCOc1ccc(C=C2CCC(=Cc3ccc(O[*])cc3)C2=O)cc1,Bandgap,2.9454,eV,polyverse_bandgap,train,clean,clean,measured_target
poly_1635,[*]CCCCCCOC(=O)c1ccc(-c2ccc(C(=O)O[*])cc2)cc1,Bandgap,4.0749,eV,polyverse_bandgap,train,clean,clean,measured_target
poly_2215,[*]Oc1cccc(OC(=O)C2CC2C([*])=O)c1,Bandgap,4.6652,eV,polyverse_bandgap,train,clean,clean,measured_target
poly_1727,[*]CCNC(C=C1)=CC=C1[*],Bandgap,4.1739,eV,polyverse_bandgap,train,clean,clean,measured_target
poly_1228,[*]c1cccc(-c2nc3ccc(-c4ccc5oc([*])nc5c4)cc3o2)c1,Bandgap,3.597,eV,polyverse_bandgap,train,clean,clean,measured_target
poly_1803,[*]Oc1ccc(P(C)(=O)c2ccc([*])cc2)cc1,Bandgap,4.2617,eV,polyverse_bandgap,train,clean,clean,measured_target
poly_2806,[*]NC(CCC(=O)OC)C([*])=O,Bandgap,5.2436,eV,polyverse_bandgap,train,clean,clean,measured_target
poly_2217,[*]CCNC(=O)c1cccc(C(=O)N[*])c1,Bandgap,4.6675,eV,polyverse_bandgap,train,clean,clean,measured_target
poly_2314,[*]Oc1ccc(C(C)(C)c2ccc(OC([*])=O)c(CC)c2)cc1CC,Bandgap,4.7687,eV,polyverse_bandgap,train,clean,clean,measured_target
poly_2326,[*]CCc1cc(Cl)c([*])cc1Cl,Bandgap,4.7791,eV,polyverse_bandgap,train,clean,clean,measured_target
poly_2672,[*]NC(CC([*])=O)C(=O)OCC,Bandgap,5.1162,eV,polyverse_bandgap,train,clean,clean,measured_target
poly_3218,[*]CCCCCNC(=O)CCCCCCCCC(=O)N[*],Bandgap,5.7156,eV,polyverse_bandgap,train,clean,clean,measured_target
poly_157,[*]c1ccc(-c2ccc(-n3c(=O)c4c(F)c5c(=O)n([*])c(=O)c5c(F)c4c3=O)cc2OC)c(OC)c1,Bandgap,1.9563,eV,polyverse_bandgap,train,clean,clean,measured_target
poly_874,[*]c1ccc(Oc2ccc(-c3nc4cc(-c5ccc6nc(-c7ccccc7)c([*])nc6c5)ccc4nc3-c3ccccc3)cc2)cc1,Bandgap,3.1454,eV,polyverse_bandgap,train,clean,clean,measured_target
poly_2059,[*]Oc1ccc(OC(=O)Oc2ccc(C([*])=O)cc2)cc1,Bandgap,4.5325,eV,polyverse_bandgap,train,clean,clean,measured_target
poly_3670,[*]CCCCCCCCCCOC(=O)COCC(=O)O[*],Bandgap,6.164,eV,polyverse_bandgap,train,clean,clean,measured_target
poly_914,[*]C(=O)c1ccc2nc(-c3ccccc3)c(-c3ccc(-c4nc5ccc([*])cc5nc4-c4ccccc4)cc3)nc2c1,Bandgap,3.1987,eV,polyverse_bandgap,train,clean,clean,measured_target
poly_3423,[*]CCCCCCCCCCCCCNC(=O)CCCCCCCCCCCC(=O)N[*],Bandgap,5.8918,eV,polyverse_bandgap,train,clean,clean,measured_target
poly_3978,[*]CC(C)(C)COC(=O)C1CCC(C(=O)O[*])CC1,Bandgap,6.607,eV,polyverse_bandgap,train,clean,clean,measured_target
poly_735,[*]C=Cc1csc(-c2cc([*])cs2)c1,Bandgap,2.9611,eV,polyverse_bandgap,train,clean,clean,measured_target
poly_1538,[*]Oc1cccc(Oc2ccc(C(=O)Oc3cccc(OC(=O)c4ccc([*])cc4)c3)cc2)c1,Bandgap,3.9641,eV,polyverse_bandgap,train,clean,clean,measured_target
poly_2546,[*]CCCCCCS[*],Bandgap,4.9951,eV,polyverse_bandgap,train,clean,clean,measured_target
poly_3040,[*]NC(C)CNC(=O)NC(CCCCNC([*])=O)C(=O)OC,Bandgap,5.5212,eV,polyverse_bandgap,train,clean,clean,measured_target
poly_2587,[*]CCCC(C)(C)CNC(=O)c1cccc(C(=O)N[*])c1,Bandgap,5.0312,eV,polyverse_bandgap,train,clean,clean,measured_target
poly_1958,[*]CC(=O)CC(C=C1)=CC=C1[*],Bandgap,4.4275,eV,polyverse_bandgap,train,clean,clean,measured_target
poly_4137,[*]CCCC([*])Cl,Bandgap,6.9819,eV,polyverse_bandgap,train,clean,clean,measured_target
poly_3273,[*]CCCC(C)(C)CNC(=O)CCCCC(=O)N[*],Bandgap,5.7663,eV,polyverse_bandgap,train,clean,clean,measured_target
poly_667,[*]c1ccc(N(c2ccc(CCCC)cc2)c2ccc(-c3sc([*])c4c3OCCO4)cc2)cc1,Bandgap,2.8878,eV,polyverse_bandgap,train,clean,clean,measured_target
poly_3454,[*]CCCCCCCCCCCNC(=O)CCCCCCCCCCC(=O)N[*],Bandgap,5.9276,eV,polyverse_bandgap,train,clean,clean,measured_target
poly_948,[*]c1cccc(N2C(=O)c3ccc(Oc4ccc(Oc5ccc(Oc6ccc7c(c6)C(=O)N([*])C7=O)cc5)cc4)cc3C2=O)c1,Bandgap,3.252,eV,polyverse_bandgap,train,clean,clean,measured_target
poly_3490,[*]CCCCCCCCCCOC(=O)CCC=CCCC(=O)O[*],Bandgap,5.9572,eV,polyverse_bandgap,train,clean,clean,measured_target
poly_2632,[*]CCCCCCNC(=O)CCP(=O)(CCC(=O)N[*])c1ccccc1,Bandgap,5.0861,eV,polyverse_bandgap,train,clean,clean,measured_target
poly_1597,[*]NC(C=C1)=CC=C1C(C=C2)=CC=C2C[*],Bandgap,4.035,eV,polyverse_bandgap,train,clean,clean,measured_target
poly_1231,[*]c1ccc(C(=O)CNNCC(=O)c2ccc(S([*])(=O)=O)cc2)cc1,Bandgap,3.599,eV,polyverse_bandgap,train,clean,clean,measured_target
poly_4001,[*]OC1CCC(OC(=O)CCCCC([*])=O)CC1,Bandgap,6.6371,eV,polyverse_bandgap,train,clean,clean,measured_target
poly_3043,[*]CCCCCCc1nnc([*])n1N,Bandgap,5.5226,eV,polyverse_bandgap,train,clean,clean,measured_target
poly_941,C(=O)NC(=O)NC(=O)NC(S1)=CC=C1N,Bandgap,3.2433,eV,polyverse_bandgap,train,clean,clean,measured_target
poly_3102,[*]CCCCCCCCCCNC(=O)CCCCCCCCCCCCCCCCCCCCC(=O)N[*],Bandgap,5.5808,eV,polyverse_bandgap,train,clean,clean,measured_target
poly_176,C(F)(F)C(F)(F)C(=O)C(=S),Bandgap,2.017,eV,polyverse_bandgap,train,clean,clean,measured_target
poly_2259,[*]C(=O)CCN(C)CCN(C)CCC(=O)N1CCN([*])CC1,Bandgap,4.709,eV,polyverse_bandgap,train,clean,clean,measured_target
poly_3928,[*]CC(CCl)(CCl)C(=O)O[*],Bandgap,6.537999999999999,eV,polyverse_bandgap,train,clean,clean,measured_target
poly_3850,[*]CCCCCCCCCCCCCCOCO[*],Bandgap,6.443,eV,polyverse_bandgap,train,clean,clean,measured_target
poly_1220,[*]N=C1C=CC([*])C=C1C,Bandgap,3.5860000000000003,eV,polyverse_bandgap,train,clean,clean,measured_target
poly_493,[*]Nc1nc(Nn2c(=O)c3cc4c(=O)n([*])c(=O)c4cc3c2=O)nc(N(CCC)CCC)n1,Bandgap,2.6429,eV,polyverse_bandgap,train,clean,clean,measured_target
poly_3251,[*]C1C=CC([*])C1,Bandgap,5.7471,eV,polyverse_bandgap,train,clean,clean,measured_target
poly_2665,[*]CCCCCCCCCCOC(=O)CCCCSCCCCC(=O)O[*],Bandgap,5.1115,eV,polyverse_bandgap,train,clean,clean,measured_target
poly_611,[*]Nc1ccc(-c2ccc(NC(=C(C#N)C#N)c3ccc(-c4ccc(C([*])=C(C#N)C#N)cc4)cc3)cc2)cc1,Bandgap,2.8048,eV,polyverse_bandgap,train,clean,clean,measured_target
poly_25,[*]c1sc(-c2sc(-c3sc([*])c4nccnc34)c3c2OCCO3)c2c1OCCO2,Bandgap,1.021,eV,polyverse_bandgap,train,clean,clean,measured_target
poly_2338,[*]CC#CC#CCOC(=O)CCC(=O)O[*],Bandgap,4.7928,eV,polyverse_bandgap,train,clean,clean,measured_target
poly_4176,[*]CC(C#N)(C#N)[*],Bandgap,7.4643,eV,polyverse_bandgap,train,clean,clean,measured_target
poly_745,[*]Oc1ccc(NC(=O)c2ccc(Oc3ccc(C(=O)Nc4ccc([*])cc4)c(C(=O)O)c3)cc2C(=O)O)cc1,Bandgap,2.9737,eV,polyverse_bandgap,train,clean,clean,measured_target
poly_2825,[*]CC1CCC(COC(=O)NCCSCCCSCCNC(=O)O[*])CC1,Bandgap,5.2711,eV,polyverse_bandgap,train,clean,clean,measured_target
poly_3535,[*]CCCCCCCCCCC(=O)NCC(=O)N[*],Bandgap,6.0074,eV,polyverse_bandgap,train,clean,clean,measured_target
poly_2630,[*]C(C)=C([*])CCCCCCC,Bandgap,5.0857,eV,polyverse_bandgap,train,clean,clean,measured_target
poly_3883,[*]CC(C)(CC)C(=O)O[*],Bandgap,6.4809,eV,polyverse_bandgap,train,clean,clean,measured_target
poly_2805,[*]NC(CCCCNC(=O)NCCCNC([*])=O)C(=O)OC,Bandgap,5.2435,eV,polyverse_bandgap,train,clean,clean,measured_target
poly_590,[*]C(C=C1)=CC=C1C(=S)OC(=S)[*],Bandgap,2.7748,eV,polyverse_bandgap,train,clean,clean,measured_target
poly_731,[*]c1[nH]c([*])c(C(=O)O)c1C,Bandgap,2.9575,eV,polyverse_bandgap,train,clean,clean,measured_target
poly_2883,[*]CCCCCCOC(=O)NCCSCCCCCCSCCNC(=O)O[*],Bandgap,5.3339,eV,polyverse_bandgap,train,clean,clean,measured_target
poly_3873,[*]CCCOC(=O)CCCCCCCCCCC(=O)O[*],Bandgap,6.4712,eV,polyverse_bandgap,train,clean,clean,measured_target
poly_2516,[*]CC(O)COc1ccc(C(C)CC(C)(C)c2ccc(O[*])cc2)cc1,Bandgap,4.9655,eV,polyverse_bandgap,train,clean,clean,measured_target
poly_842,[*]CC(S1)=CC=C1C(=O)C(=S)[*],Bandgap,3.1043,eV,polyverse_bandgap,train,clean,clean,measured_target
poly_1129,[*]NNC(=O)c1ccc(C(=O)NNC(=S)c2cccc(C([*])=S)c2)cc1,Bandgap,3.4684,eV,polyverse_bandgap,train,clean,clean,measured_target
poly_210,[*]CC([*])c1ccc(F)cc1,Bandgap,2.1384,eV,polyverse_bandgap,train,clean,clean,measured_target
poly_1442,[*]OS(=O)(=O)c1cc(S(=O)(=O)Oc2ccc(C3(c4ccc([*])cc4)CCCC3)cc2)ccc1C,Bandgap,3.8383,eV,polyverse_bandgap,train,clean,clean,measured_target
poly_55,[*]C=C([*])c1cccc(Cl)c1,Bandgap,1.3963,eV,polyverse_bandgap,train,clean,clean,measured_target
poly_4099,[*]C1CCC2C([*])CCC12,Bandgap,6.7946,eV,polyverse_bandgap,train,clean,clean,measured_target
poly_1435,[*]CC([*])Cn1cc2ccccc2n1,Bandgap,3.8342,eV,polyverse_bandgap,train,clean,clean,measured_target
poly_2142,[*]COCOc1ccc(C(=O)OC(=O)c2ccc(O[*])cc2)cc1,Bandgap,4.6031,eV,polyverse_bandgap,train,clean,clean,measured_target
poly_1156,[*]Nc1cccc(NC(=O)C=CC([*])=O)c1,Bandgap,3.505,eV,polyverse_bandgap,train,clean,clean,measured_target
poly_2764,[*]CCCCCCCOC(=O)C(=O)O[*],Bandgap,5.2076,eV,polyverse_bandgap,train,clean,clean,measured_target
poly_3150,[*]CC(C)(C)C(=O)N[*],Bandgap,5.6407,eV,polyverse_bandgap,train,clean,clean,measured_target
poly_311,[*]CCCCCCOC(=O)C(CCCCCCOc1ccc(-c2ccc(OCc3ccc([N+](=O)[O-])cc3)cc2)cc1)C(=O)O[*],Bandgap,2.4032,eV,polyverse_bandgap,train,clean,clean,measured_target
poly_1984,[*]Oc1ccc(CC(Cc2ccc([*])cc2)(C(=O)OCC)C(=O)OCC)cc1,Bandgap,4.4566,eV,polyverse_bandgap,train,clean,clean,measured_target
poly_2244,[*]C(=O)CNC(=O)C1CCCN1C(=O)C1CCCN1[*],Bandgap,4.7012,eV,polyverse_bandgap,train,clean,clean,measured_target
poly_2646,[*]CCOCCOCCOCCOCCOC(=O)CCSCCC(=O)O[*],Bandgap,5.1001,eV,polyverse_bandgap,train,clean,clean,measured_target
poly_3982,[*]CCC(C)C([*])(C)C(=O)OC,Bandgap,6.6109,eV,polyverse_bandgap,train,clean,clean,measured_target
poly_855,[*]CCOCCOCCOC(=O)c1ccc(N=Nc2ccc(C(=O)O[*])cc2)cc1,Bandgap,3.1178,eV,polyverse_bandgap,train,clean,clean,measured_target
poly_1685,[*]CCCCC(=O)NCc1ccc(CNC(=O)CCCCS[*])cc1,Bandgap,4.1399,eV,polyverse_bandgap,train,clean,clean,measured_target
poly_139,[*]c1ccc(Oc2ccc(-n3c(=O)c4cc5c(=O)n(-c6ncc([*])s6)c(=O)c5cc4c3=O)cc2)cc1,Bandgap,1.8896,eV,polyverse_bandgap,train,clean,clean,measured_target
poly_2466,[*]SC(C)C([*])C,Bandgap,4.9162,eV,polyverse_bandgap,train,clean,clean,measured_target
poly_2312,[*]Oc1ccc(C(C)(C)c2ccc(OC([*])=O)c(Cl)c2)cc1C,Bandgap,4.7674,eV,polyverse_bandgap,train,clean,clean,measured_target
poly_3795,[*]CCCCCCCCCOCO[*],Bandgap,6.3507,eV,polyverse_bandgap,train,clean,clean,measured_target
poly_1607,[*]CC(O)C(O)CN([*])c1ccc(N(C)C)cc1,Bandgap,4.0458,eV,polyverse_bandgap,train,clean,clean,measured_target
poly_1758,[*]CCN([*])C(=O)c1c(F)cc(F)c(F)c1F,Bandgap,4.2010000000000005,eV,polyverse_bandgap,train,clean,clean,measured_target
poly_2325,[*]CC(F)(F)C(F)=C([*])Cl,Bandgap,4.7787,eV,polyverse_bandgap,train,clean,clean,measured_target
poly_130,[*]c1nc(CCCCCC)c(-c2sc([*])nc2CCCCCC)s1,Bandgap,1.8419,eV,polyverse_bandgap,train,clean,clean,measured_target
poly_618,[*]NC(=O)C(=S)C(C=C1)=CC=C1[*],Bandgap,2.8168,eV,polyverse_bandgap,train,clean,clean,measured_target
poly_150,NC(=S)C(=C1)SC(=C1)C(=S),Bandgap,1.9439,eV,polyverse_bandgap,train,clean,clean,measured_target
poly_1210,[*]c1ccc(S(=O)(=O)c2ccc(-n3nc(-c4ccc(Oc5ccc(-c6nn([*])c(=O)c7ccccc67)cc5)cc4)c4ccccc4c3=O)cc2)cc1,Bandgap,3.5702,eV,polyverse_bandgap,train,clean,clean,measured_target
poly_2386,[*]Oc1ccc2c(c1)C(C)(c1ccc(OC([*])=O)cc1)CC2(C)C,Bandgap,4.8509,eV,polyverse_bandgap,train,clean,clean,measured_target
poly_3074,C([*])C(O1)CC(OC1C(C)(C))([*]),Bandgap,5.5507,eV,polyverse_bandgap,train,clean,clean,measured_target
poly_4157,[*]OC1CCC(OC(=O)OCCCCCCOC([*])=O)CC1,Bandgap,7.1388,eV,polyverse_bandgap,train,clean,clean,measured_target
poly_3524,[*]OC([*])CC,Bandgap,5.9932,eV,polyverse_bandgap,train,clean,clean,measured_target
poly_662,[*]Oc1ccc(NC(=C(C#N)C#N)c2ccc(C(Nc3ccc([*])cc3)=C(C#N)C#N)cc2)cc1,Bandgap,2.8817,eV,polyverse_bandgap,train,clean,clean,measured_target
poly_2859,[*]C=CC(C)C([*])C,Bandgap,5.3085,eV,polyverse_bandgap,train,clean,clean,measured_target
poly_2506,[*]C=CC1CC([*])C(C(=O)Oc2ccccc2)C1C(=O)Oc1ccccc1,Bandgap,4.9487,eV,polyverse_bandgap,train,clean,clean,measured_target
poly_1742,[*]CCc1ccc(-c2ccc([*])cc2)cc1,Bandgap,4.1864,eV,polyverse_bandgap,train,clean,clean,measured_target
poly_3031,C(F)(F)C(F)(F)CC(=O),Bandgap,5.5070000000000014,eV,polyverse_bandgap,train,clean,clean,measured_target
poly_1540,[*]CNOC(=S)[*],Bandgap,3.9664,eV,polyverse_bandgap,train,clean,clean,measured_target
poly_2631,[*]CCOC(=O)N(C)c1ccc(C)c(N(C)C(=O)O[*])c1,Bandgap,5.086,eV,polyverse_bandgap,train,clean,clean,measured_target
poly_4050,[*]CCCCCCCCCCOC(=O)CC(C)(C)CC(=O)O[*],Bandgap,6.7111,eV,polyverse_bandgap,train,clean,clean,measured_target
poly_1696,[*]Oc1c(Br)cc(C(c2cc(Br)c(OC([*])=O)c(Br)c2)(C(F)(F)F)C(F)(F)F)cc1Br,Bandgap,4.1483,eV,polyverse_bandgap,train,clean,clean,measured_target
poly_1139,[*]Nc1ccc(-c2ccc(Nc3ccc4c(c3)c3cc([*])ccc3n4CC(CC)CCCC)cc2)cc1,Bandgap,3.4761,eV,polyverse_bandgap,train,clean,clean,measured_target
poly_3399,[*]CCCCCCNC(=O)CCCCCCCCCCCCCCCCC(=O)N[*],Bandgap,5.8741,eV,polyverse_bandgap,train,clean,clean,measured_target
poly_2569,[*]CCOC(=O)NCCSCCSCCNC(=O)O[*],Bandgap,5.0147,eV,polyverse_bandgap,train,clean,clean,measured_target
poly_3700,[*]CC([*])C(=O)OCC,Bandgap,6.214,eV,polyverse_bandgap,train,clean,clean,measured_target
poly_1304,[*]C=Cc1ccc([*])c(C(=O)OC)c1C(=O)OC,Bandgap,3.6705,eV,polyverse_bandgap,train,clean,clean,measured_target
poly_3816,[*]OC(=O)OCC(OC)C(COC(=O)OC1COC2C([*])COC12)OC,Bandgap,6.3754,eV,polyverse_bandgap,train,clean,clean,measured_target
poly_901,[*]C=Cc1cc(CCCCCCCCCC)c(C=Cc2ccc([*])cc2)cc1CCCCCCCCCC,Bandgap,3.1782,eV,polyverse_bandgap,train,clean,clean,measured_target
poly_4056,[*]CC(O)C(O)COC(=O)O[*],Bandgap,6.72,eV,polyverse_bandgap,train,clean,clean,measured_target
poly_3576,[*]CCCCNC(=O)NCCCCCCNC(=O)O[*],Bandgap,6.0454,eV,polyverse_bandgap,train,clean,clean,measured_target
poly_3812,[*]CCCCCCCCCCCCOC(=O)CCCCCCCCCCC(=O)O[*],Bandgap,6.3693,eV,polyverse_bandgap,train,clean,clean,measured_target
poly_3538,[*]CCOC(=O)COCC(=O)O[*],Bandgap,6.0093,eV,polyverse_bandgap,train,clean,clean,measured_target
poly_2051,[*]Oc1ccc(C(c2ccc(OC([*])=S)cc2)C(C)C)cc1,Bandgap,4.5279,eV,polyverse_bandgap,train,clean,clean,measured_target
poly_232,[*]c1ccc(-c2nc3cc(-n4c(=O)c5cc6c(=O)n([*])c(=O)c6cc5c4=O)ccc3[nH]2)cc1,Bandgap,2.1869,eV,polyverse_bandgap,train,clean,clean,measured_target
poly_519,[*]c1ccc(Cc2ccc(-n3c(=O)c4cc5c(=O)n([*])c(=O)c5cc4c3=O)c(C)c2)cc1C,Bandgap,2.6775,eV,polyverse_bandgap,train,clean,clean,measured_target
poly_249,[*]C(C)=C(C)c1ccc(-c2ccc([*])s2)s1,Bandgap,2.2477,eV,polyverse_bandgap,train,clean,clean,measured_target
poly_3862,[*]CC([*])C(=O)OCCCCCCCCCCCCCC,Bandgap,6.4613,eV,polyverse_bandgap,train,clean,clean,measured_target
poly_2703,[*]NC(CC([*])=O)C(=O)OCCCCCCCCCCCC,Bandgap,5.146,eV,polyverse_bandgap,train,clean,clean,measured_target
poly_3805,[*]CCC(C)(C)C([*])(C)C,Bandgap,6.3628,eV,polyverse_bandgap,train,clean,clean,measured_target
poly_3104,[*]CCNC(=O)CCCCC(=O)N[*],Bandgap,5.582000000000002,eV,polyverse_bandgap,train,clean,clean,measured_target
poly_3651,[*]CC(CO[*])(CS(C)(=O)=O)CS(C)(=O)=O,Bandgap,6.135,eV,polyverse_bandgap,train,clean,clean,measured_target
poly_499,[*]C(C=C1)=CC=C1C(=S)C(C=C2)=CC=C2C(=S)[*],Bandgap,2.6503,eV,polyverse_bandgap,train,clean,clean,measured_target
poly_2410,[*]Nc1cccc(NC(=O)CCCCCCC([*])=O)c1,Bandgap,4.8722,eV,polyverse_bandgap,train,clean,clean,measured_target
poly_791,[*]C=Cc1ccc(Oc2ccc(C=Cc3cc([*])ncn3)cc2)cc1,Bandgap,3.0294,eV,polyverse_bandgap,train,clean,clean,measured_target
poly_2742,[*]CC(CC)(CC)COC(=O)Nc1ccc(C)c(NC(=O)O[*])c1,Bandgap,5.1879,eV,polyverse_bandgap,train,clean,clean,measured_target
poly_1287,[*]CCCCCCCCCOc1ccc(C=CC=Cc2ccc(O[*])cc2)cc1,Bandgap,3.6524,eV,polyverse_bandgap,train,clean,clean,measured_target
poly_2739,[*]CCCCSCCCS[*],Bandgap,5.1858,eV,polyverse_bandgap,train,clean,clean,measured_target
poly_1819,[*]C([*])(C#N)C#N,Bandgap,4.2738,eV,polyverse_bandgap,train,clean,clean,measured_target
poly_2123,O([*])CC(O)COc1ccc(cc1)CC(C)(C)c1ccc(cc1)([*]),Bandgap,4.5905,eV,polyverse_bandgap,train,clean,clean,measured_target
poly_3384,[*]CCCNC(=O)C(OC)C(OC)C(=O)N[*],Bandgap,5.8632,eV,polyverse_bandgap,train,clean,clean,measured_target
poly_1763,[*]OCCOCCOc1cc([*])nc2ccc(C)cc12,Bandgap,4.2106,eV,polyverse_bandgap,train,clean,clean,measured_target
poly_2695,[*]CCCCCCCCCCC(=O)NCCCCCOCCCCCNC(=O)CCCCO[*],Bandgap,5.1384,eV,polyverse_bandgap,train,clean,clean,measured_target
poly_2377,[*]CC(C)(C[*])CN(C)CC1C2CC3CC(C2)CC1C3,Bandgap,4.8405,eV,polyverse_bandgap,train,clean,clean,measured_target
poly_2969,O([*])C(=O)OC(C=C1)=CC=C1CC(C)(C)C(C=C2)=CC=C2([*]),Bandgap,5.4261,eV,polyverse_bandgap,train,clean,clean,measured_target
poly_256,[*]c1ccc(Oc2ccccc2Oc2ccc(-n3c(=O)c4cc5c(=O)n([*])c(=O)c5cc4c3=O)cc2)cc1,Bandgap,2.2739,eV,polyverse_bandgap,train,clean,clean,measured_target
poly_10,[*]/C=C\C=C[*],Bandgap,0.7763,eV,polyverse_bandgap,train,clean,clean,measured_target
poly_576,[*]C(=O)Oc1ccc(OC(=O)c2ccc3c(c2)C(=O)N(c2ccc(Oc4ccc(N5C(=O)c6ccc([*])cc6C5=O)cc4)cc2)C3=O)c(C)c1,Bandgap,2.7561,eV,polyverse_bandgap,train,clean,clean,measured_target
poly_3902,[*]CC([*])(C#N)C(=O)OCC,Bandgap,6.5116,eV,polyverse_bandgap,train,clean,clean,measured_target
poly_959,[*]C(Br)=C(c1ccccc1)c1ccc([*])cc1,Bandgap,3.2592,eV,polyverse_bandgap,train,clean,clean,measured_target
poly_3026,N([*])(C)C(=O)C(F)(F)C(F)(F)C(F)(F)C(=O)N(C)CCCCCCC(=O)([*]),Bandgap,5.5014,eV,polyverse_bandgap,train,clean,clean,measured_target
poly_2478,[*]CC1CC(CNC(=O)c2cccc(C(=O)N[*])c2)CC(C(C)(C)C)C1,Bandgap,4.9259,eV,polyverse_bandgap,train,clean,clean,measured_target
poly_4161,[*]CCCCCC([*])C,Bandgap,7.1712,eV,polyverse_bandgap,train,clean,clean,measured_target
poly_4087,[*]CC([*])C(=O)OCC(F)(F)C(F)C(F)(F)F,Bandgap,6.7714,eV,polyverse_bandgap,train,clean,clean,measured_target
poly_3156,[*]SC([*])(F)F,Bandgap,5.6458,eV,polyverse_bandgap,train,clean,clean,measured_target
poly_3678,[*]CC([*])C(N)=O,Bandgap,6.1879,eV,polyverse_bandgap,train,clean,clean,measured_target
poly_183,[*]C#Cc1cc(OCCCCCCCCCCCC)c(C#Cc2ccc([*])c([N+](=O)[O-])c2)cc1OCCCCCCCCCCCC,Bandgap,2.0462,eV,polyverse_bandgap,train,clean,clean,measured_target
poly_4106,[*]CCCCCCCCCCCCCCCCOC(=O)CCCCCCC(=O)O[*],Bandgap,6.8272,eV,polyverse_bandgap,train,clean,clean,measured_target
poly_3992,[*]CCCCCCCCCCCCC(=O)O[*],Bandgap,6.6223,eV,polyverse_bandgap,train,clean,clean,measured_target
poly_4,[*]C=C1C=C([*])C[N+](CCCCCCCC)(CCCCS(=O)(=O)O)C1,Bandgap,0.1701,eV,polyverse_bandgap,train,clean,clean,measured_target
poly_3809,[*]CCCCOC(=O)COCC(=O)O[*],Bandgap,6.3679,eV,polyverse_bandgap,train,clean,clean,measured_target
poly_1361,[*]CCCCCCCCCCCOC(=O)c1ccc2cc(C(=O)O[*])ccc2c1,Bandgap,3.7381,eV,polyverse_bandgap,train,clean,clean,measured_target
poly_870,[*]c1ccc(C(c2ccc(-c3nc4ccc(-c5ccc6nc([*])oc6c5)cc4o3)cc2)(C(F)(F)F)C(F)(F)F)cc1,Bandgap,3.141,eV,polyverse_bandgap,train,clean,clean,measured_target
poly_3664,[*]OC(=O)OC1CC2CC([*])CC(C1)O2,Bandgap,6.1524,eV,polyverse_bandgap,train,clean,clean,measured_target
poly_641,[*]c1ccc(-c2nc3cc4nc(-c5ccccc5)c([*])nc4cc3nc2-c2ccccc2)cc1,Bandgap,2.8503,eV,polyverse_bandgap,train,clean,clean,measured_target
poly_1195,[*]CCCCCCCCn1c(=O)c2cc3c(=O)n([*])c(=O)c3c(Br)c2c1=O,Bandgap,3.5532,eV,polyverse_bandgap,train,clean,clean,measured_target
poly_2834,[*]CC([*])(Cl)Cl,Bandgap,5.2835,eV,polyverse_bandgap,train,clean,clean,measured_target
poly_3752,[*]CC([*])(C)C(=O)OC(CC)OCC,Bandgap,6.2807,eV,polyverse_bandgap,train,clean,clean,measured_target
poly_790,[*]Oc1ccc(C2(c3ccc(OC([*])=O)cc3)c3cc(OC)ccc3-c3ccc([N+](=O)[O-])cc32)cc1,Bandgap,3.029,eV,polyverse_bandgap,train,clean,clean,measured_target
poly_974,[*]CC(C=C1)=CC=C1CC(=S)[*],Bandgap,3.2889,eV,polyverse_bandgap,train,clean,clean,measured_target
poly_3068,[*]CCCCCCCCCCCCNC(=O)CCCCC(=O)N[*],Bandgap,5.5461,eV,polyverse_bandgap,train,clean,clean,measured_target
poly_526,[*]C(=O)c1ccc2c(c1)C(=O)N(c1cc(-c3nc4ccccc4o3)cc(N3C(=O)c4ccc([*])cc4C3=O)c1)C2=O,Bandgap,2.6843,eV,polyverse_bandgap,train,clean,clean,measured_target
poly_1766,[*]Oc1ccc(Oc2ccc(C(=O)c3ccc([*])cc3)cc2)cc1CC(=O)O,Bandgap,4.212,eV,polyverse_bandgap,train,clean,clean,measured_target
poly_2581,[*]CC([*])C(=O)NC(C)=O,Bandgap,5.0258,eV,polyverse_bandgap,train,clean,clean,measured_target
poly_115,[*]C#Cc1cc(OCCCCCCCCCCCC)c([*])cc1OCCCCCCCCCCCC,Bandgap,1.7402,eV,polyverse_bandgap,train,clean,clean,measured_target
poly_2668,[*]CCCCCCCCCCOC(=O)c1cccc(C(=O)O[*])c1,Bandgap,5.1143,eV,polyverse_bandgap,train,clean,clean,measured_target
poly_603,[*]c1ccc(-c2ccc(-c3nc4cc5nc([*])oc5cc4o3)cc2)cc1,Bandgap,2.7942,eV,polyverse_bandgap,train,clean,clean,measured_target
poly_2194,[*]CCOc1ccc(C(=O)OCCCCCCOC(=O)c2ccc(O[*])cc2)cc1,Bandgap,4.6518,eV,polyverse_bandgap,train,clean,clean,measured_target
poly_2341,[*]Oc1c(Cl)cc(C2(c3cc(Cl)c(OC([*])=O)c(Cl)c3)CC3CCC2C3)cc1Cl,Bandgap,4.7964,eV,polyverse_bandgap,train,clean,clean,measured_target
poly_532,[*]NC(=S)OC(=S)[*],Bandgap,2.6878,eV,polyverse_bandgap,train,clean,clean,measured_target
poly_1392,[*]Oc1ccc(S(=O)(=O)c2ccc(Oc3ccc(C(=C)c4ccc([*])cc4)cc3)cc2)cc1,Bandgap,3.7738,eV,polyverse_bandgap,train,clean,clean,measured_target
poly_824,[*]c1ccc(N2C(=O)c3ccc(-c4cccc5c4C(=O)N([*])C5=O)cc3C2=O)cc1,Bandgap,3.0789,eV,polyverse_bandgap,train,clean,clean,measured_target
poly_2902,[*]CC(CCCC)O[*],Bandgap,5.3538,eV,polyverse_bandgap,train,clean,clean,measured_target
poly_3966,[*]CCCCCCCCCCCCCCCCOC(=O)CCCCCCCCC(=O)O[*],Bandgap,6.595,eV,polyverse_bandgap,train,clean,clean,measured_target
poly_3738,[*]CCOC(=O)NCCCCCCCCCNC(=O)O[*],Bandgap,6.2637,eV,polyverse_bandgap,train,clean,clean,measured_target
poly_3356,[*]CCCCOC(=O)CC(N)C(=O)O[*],Bandgap,5.8401,eV,polyverse_bandgap,train,clean,clean,measured_target
poly_3999,[*]CCCCCCCCCCOC(=O)C1CCC(C(=O)O[*])CC1,Bandgap,6.6352,eV,polyverse_bandgap,train,clean,clean,measured_target
poly_1236,[*]c1ccc2c(c1)c1cc([*])ccc1n2CCC(=O)OCC,Bandgap,3.6069,eV,polyverse_bandgap,train,clean,clean,measured_target
poly_3250,[*]CC(CBr)(CBr)COC(=O)CCCCC(=O)O[*],Bandgap,5.744,eV,polyverse_bandgap,train,clean,clean,measured_target
poly_3143,[*]CC([*])C(=O)NCCCC,Bandgap,5.6336,eV,polyverse_bandgap,train,clean,clean,measured_target
poly_3693,[*]CCCCCCCCCCCCOC(=O)NCCCCCCCCCCNC(=O)O[*],Bandgap,6.2072,eV,polyverse_bandgap,train,clean,clean,measured_target
poly_291,[*]c1cc(CCCCCC)c([*])s1,Bandgap,2.3549,eV,polyverse_bandgap,train,clean,clean,measured_target
poly_2544,[*]Cc1c(Cl)cc(cc1)C[*],Bandgap,4.9944,eV,polyverse_bandgap,train,clean,clean,measured_target
poly_563,[*]Nc1ccc(NC(=O)C=CC([*])=O)cc1,Bandgap,2.7389,eV,polyverse_bandgap,train,clean,clean,measured_target
poly_3589,[*]CCCCCCCCCCOC(=O)NCCCCCCCCCCNC(=O)O[*],Bandgap,6.0574,eV,polyverse_bandgap,train,clean,clean,measured_target
poly_2899,[*]CCCCCC(=O)S[*],Bandgap,5.3468,eV,polyverse_bandgap,train,clean,clean,measured_target
poly_2128,[*]Oc1ccc(C2(c3ccc(OC([*])=O)cc3)CCCCC2)cc1,Bandgap,4.5957,eV,polyverse_bandgap,train,clean,clean,measured_target
poly_2903,[*]NC(C)CNC(=O)NCCCCCCNC([*])=O,Bandgap,5.3547,eV,polyverse_bandgap,train,clean,clean,measured_target
poly_3146,[*]CNCO[*],Bandgap,5.6356,eV,polyverse_bandgap,train,clean,clean,measured_target
poly_3307,[*]C=CCCCCC[*],Bandgap,5.7935,eV,polyverse_bandgap,train,clean,clean,measured_target
poly_2954,[*]NC(C)(C)C(C)(C)C([*])=O,Bandgap,5.4161,eV,polyverse_bandgap,train,clean,clean,measured_target
poly_3052,[*]C(=O)OCC(C)(C)COC(=O)N1CCN([*])CC1,Bandgap,5.5303,eV,polyverse_bandgap,train,clean,clean,measured_target
poly_3196,[*]NC(CC([*])=O)C(=O)OCCCCCCCC,Bandgap,5.6944,eV,polyverse_bandgap,train,clean,clean,measured_target
poly_1510,[*]Oc1cc(OC(=O)c2ccc(OCCCC)cc2)c(OC(=O)CCCC([*])=O)cc1OC(=O)c1ccc(OCCCC)cc1,Bandgap,3.9295,eV,polyverse_bandgap,train,clean,clean,measured_target
poly_1628,[*]OP(=O)(Oc1cccc2c([*])cccc12)OC1CCCCC1,Bandgap,4.0673,eV,polyverse_bandgap,train,clean,clean,measured_target
poly_415,[*]N=C1C=CC(=NC2=CC(=O)C([*])=CC2=O)c2ccccc21,Bandgap,2.537,eV,polyverse_bandgap,train,clean,clean,measured_target
poly_3183,[*]CCCCCCNC(=O)CCCCCC(=O)N[*],Bandgap,5.6731,eV,polyverse_bandgap,train,clean,clean,measured_target
poly_2346,[*]Nc1ccccc1NC(=O)CCCCCCCCC([*])=O,Bandgap,4.8005,eV,polyverse_bandgap,train,clean,clean,measured_target
poly_1518,[*]c1cccc(-c2nnc([*])n2-c2ccccc2)c1,Bandgap,3.9408,eV,polyverse_bandgap,train,clean,clean,measured_target
poly_2871,[*]CC([*])OC(=O)CC(C)=O,Bandgap,5.3193,eV,polyverse_bandgap,train,clean,clean,measured_target
poly_253,[*]Oc1ccc(NC2=C(Cl)C(=O)C(Nc3ccc([*])cc3)=C(Cl)C2=O)cc1,Bandgap,2.2616,eV,polyverse_bandgap,train,clean,clean,measured_target
poly_105,[*]CC([*])C(=O)c1ccccc1O,Bandgap,1.6926,eV,polyverse_bandgap,train,clean,clean,measured_target
poly_1226,[*]CCCCOC(=O)SSSSC(=O)O[*],Bandgap,3.5946,eV,polyverse_bandgap,train,clean,clean,measured_target
poly_1487,c1(nc(sc1)*)-c1ccc(-c2csc(n2)C*)cc1,Bandgap,3.9045,eV,phase4_adversarial_augmentation,train,randomization,representation_preserving_control,measured_target_from_graph_equivalent_source
poly_2689,C(#N)C(*)(C#N)CC(c1ccc(OC(C)=O)cc1)(C*)OC(C)=O,Bandgap,5.1337,eV,phase4_adversarial_augmentation,train,randomization,representation_preserving_control,measured_target_from_graph_equivalent_source
poly_158,c1c2c(cc3c1c(n(c3=O)*)=O)c(=O)n(-c1ccc(Oc3cc(C(C)(C)C)c(cc3)Oc3ccc(cc3)*)cc1)c2=O,Bandgap,1.9571,eV,phase4_adversarial_augmentation,train,randomization,representation_preserving_control,measured_target_from_graph_equivalent_source
poly_1797,O(c1ccc(cc1)Oc1ccc(C=NCCCCCCN=Cc2ccc(cc2)*)cc1)*,Bandgap,4.2528,eV,phase4_adversarial_augmentation,train,randomization,representation_preserving_control,measured_target_from_graph_equivalent_source
poly_1671,C(C(=O)C(c1ccc(F)cc1)*)*,Bandgap,4.1155,eV,phase4_adversarial_augmentation,train,randomization,representation_preserving_control,measured_target_from_graph_equivalent_source
poly_2561,c1(cc(O*)ccc1)*,Bandgap,5.0109,eV,phase4_adversarial_augmentation,train,randomization,representation_preserving_control,measured_target_from_graph_equivalent_source
poly_2020,C(CC(*)=O)SCc1ccc(CSCCC(=O)O*)cc1,Bandgap,4.4934,eV,phase4_adversarial_augmentation,train,randomization,representation_preserving_control,measured_target_from_graph_equivalent_source
poly_3047,C(*)C(CC(Cl)(Cl)Cl)O*,Bandgap,5.5252,eV,phase4_adversarial_augmentation,train,randomization,representation_preserving_control,measured_target_from_graph_equivalent_source
poly_1319,c1c(CCCCCCC)c(ccc1OC(=O)c1ccc(C(*)=O)cc1)O*,Bandgap,3.6937,eV,phase4_adversarial_augmentation,train,randomization,representation_preserving_control,measured_target_from_graph_equivalent_source
poly_1151,c1(scc(c1)*)*,Bandgap,3.5004,eV,phase4_adversarial_augmentation,train,randomization,representation_preserving_control,measured_target_from_graph_equivalent_source
poly_3932,O1C(CC(*)OC1O)*,Bandgap,6.5411,eV,phase4_adversarial_augmentation,train,randomization,representation_preserving_control,measured_target_from_graph_equivalent_source
poly_1747,c1cc(C(=O)*)ccc1Oc1ccc(C(=O)Oc2cc(O*)ccc2)cc1,Bandgap,4.1878,eV,phase4_adversarial_augmentation,train,randomization,representation_preserving_control,measured_target_from_graph_equivalent_source
poly_4045,O=C(CCCCCCCCCC(=O)O*)OCCC*,Bandgap,6.7038,eV,phase4_adversarial_augmentation,train,randomization,representation_preserving_control,measured_target_from_graph_equivalent_source
poly_3236,C(CCNC(C(C(=O)N*)CCCCCCCCCCCCCCC)=O)CCC*,Bandgap,5.7343,eV,phase4_adversarial_augmentation,train,randomization,representation_preserving_control,measured_target_from_graph_equivalent_source
poly_1501,c1c(*)ccc(N*)c1OCCCCCCCCCCCC,Bandgap,3.9219,eV,phase4_adversarial_augmentation,train,randomization,representation_preserving_control,measured_target_from_graph_equivalent_source
poly_1428,*S(=O)(=O)c1ccc(cc1)*,Bandgap,3.8258,eV,phase4_adversarial_augmentation,train,randomization,representation_preserving_control,measured_target_from_graph_equivalent_source
poly_3148,C(CCC(NCCC*)=O)CCCCCC(NCCCNC(=O)C(N*)=O)=O,Bandgap,5.6387,eV,phase4_adversarial_augmentation,train,randomization,representation_preserving_control,measured_target_from_graph_equivalent_source
poly_305,*c1cc(c(*)s1)CCCCCCCCCC,Bandgap,2.3836,eV,phase4_adversarial_augmentation,train,randomization,representation_preserving_control,measured_target_from_graph_equivalent_source
poly_1123,c12ccccc2n(CC)c2ccc(COC(=O)C(C*)(*)C)cc21,Bandgap,3.4577,eV,phase4_adversarial_augmentation,train,randomization,representation_preserving_control,measured_target_from_graph_equivalent_source
poly_3819,C(=O)(OCCC#N)C(*)C*,Bandgap,6.377000000000002,eV,phase4_adversarial_augmentation,train,randomization,representation_preserving_control,measured_target_from_graph_equivalent_source
poly_397,c1cc(ccc1C(=C*)*)C(=O)Oc1c(c(c(F)c(F)c1F)F)F,Bandgap,2.5164,eV,phase4_adversarial_augmentation,train,randomization,representation_preserving_control,measured_target_from_graph_equivalent_source
poly_3520,N1(C(OCC(COC(=O)*)(C)C)=O)CCN(C(C1)C)*,Bandgap,5.9905,eV,phase4_adversarial_augmentation,train,randomization,representation_preserving_control,measured_target_from_graph_equivalent_source
poly_1864,c1(Oc2cccc(*)c2)cccc(O*)c1C#N,Bandgap,4.3119,eV,phase4_adversarial_augmentation,train,randomization,representation_preserving_control,measured_target_from_graph_equivalent_source
poly_3285,C(Br)(*)C*,Bandgap,5.7722,eV,phase4_adversarial_augmentation,train,randomization,representation_preserving_control,measured_target_from_graph_equivalent_source
poly_1697,c1c(C(CCCCC)C)c(c(cc1*)C)O*,Bandgap,4.1484,eV,phase4_adversarial_augmentation,train,randomization,representation_preserving_control,measured_target_from_graph_equivalent_source
poly_3201,C1(CC(OC(*)C1)O*)c1ccccc1,Bandgap,5.7012,eV,phase4_adversarial_augmentation,train,randomization,representation_preserving_control,measured_target_from_graph_equivalent_source
poly_1658,FC(F)(F)C(F)(F)C(F)(F)c1c(cccc1C(=O)Oc1cc(O*)ccc1)C(*)=O,Bandgap,4.0962,eV,phase4_adversarial_augmentation,train,randomization,representation_preserving_control,measured_target_from_graph_equivalent_source
poly_47,*C(C(=O)C(=S)C*)=S,Bandgap,1.354,eV,phase4_adversarial_augmentation,train,randomization,representation_preserving_control,measured_target_from_graph_equivalent_source
poly_399,N(CCOC(c1cccc(C(O*)=O)c1)=O)(c1ccc(cc1)N=Nc1ccc(cc1)-c1n(CC)c2c(ccc(c2)[N+](=O)[O-])n1)CC*,Bandgap,2.5182,eV,phase4_adversarial_augmentation,train,randomization,representation_preserving_control,measured_target_from_graph_equivalent_source
poly_2334,C(O*)(OC*)=S,Bandgap,4.7874,eV,phase4_adversarial_augmentation,train,randomization,representation_preserving_control,measured_target_from_graph_equivalent_source
poly_2105,c1c(ccc(c1)O*)OC(=O)CCC(*)=O,Bandgap,4.5760000000000005,eV,phase4_adversarial_augmentation,train,randomization,representation_preserving_control,measured_target_from_graph_equivalent_source
poly_3317,C(CCCCCCCC(=O)NCC(CCC*)(C)C)C(N*)=O,Bandgap,5.8015,eV,phase4_adversarial_augmentation,train,randomization,representation_preserving_control,measured_target_from_graph_equivalent_source
poly_1760,S(SCC*)SSCCO*,Bandgap,4.2061,eV,phase4_adversarial_augmentation,train,randomization,representation_preserving_control,measured_target_from_graph_equivalent_source
poly_3171,C(COC(=O)CCC(C(*)=O)N*)CCC,Bandgap,5.6585,eV,phase4_adversarial_augmentation,train,randomization,representation_preserving_control,measured_target_from_graph_equivalent_source
poly_1035,c1cccc(n1)-c1nnc(-c2cc(cc(c2)N*)NC(c2c(C(=O)*)cccc2)=O)o1,Bandgap,3.359,eV,phase4_adversarial_augmentation,train,randomization,representation_preserving_control,measured_target_from_graph_equivalent_source
poly_3055,C(CCCCCNC(=O)CCc1ccc(C(CC(N*)=O)C)cc1)*,Bandgap,5.5318,eV,phase4_adversarial_augmentation,train,randomization,representation_preserving_control,measured_target_from_graph_equivalent_source
poly_2258,c1n(C(*)C*)cnc1,Bandgap,4.7081,eV,phase4_adversarial_augmentation,train,randomization,representation_preserving_control,measured_target_from_graph_equivalent_source
poly_67,C(OC(=O)COC)CCCCCc1c(*)sc(*)c1,Bandgap,1.5263,eV,phase4_adversarial_augmentation,train,randomization,representation_preserving_control,measured_target_from_graph_equivalent_source
poly_1133,c1(ccc(cc1)C(=O)*)C(=O)Oc1c(C(C)(c2ccccc2)C)cc(c(C(c2ccccc2)(C)C)c1)O*,Bandgap,3.4711,eV,phase4_adversarial_augmentation,train,randomization,representation_preserving_control,measured_target_from_graph_equivalent_source
poly_3352,[2H]C(C([2H])(*)[2H])([2H])O*,Bandgap,5.8333,eV,phase4_adversarial_augmentation,train,randomization,representation_preserving_control,measured_target_from_graph_equivalent_source
poly_2081,CC(C)(C)C(S*)C*,Bandgap,4.5517,eV,phase4_adversarial_augmentation,train,randomization,representation_preserving_control,measured_target_from_graph_equivalent_source
poly_1585,C(C(COc1ccc(OC)cc1)O*)*,Bandgap,4.0197,eV,phase4_adversarial_augmentation,train,randomization,representation_preserving_control,measured_target_from_graph_equivalent_source
poly_1180,c1cc(-c2c(nc(nc2*)-c2ccc(OCCCC)cc2)OCCOC(=O)CCCC(=O)OCCO*)ccc1OC,Bandgap,3.5409,eV,phase4_adversarial_augmentation,train,randomization,representation_preserving_control,measured_target_from_graph_equivalent_source
poly_4190,FC(OC(F)(*)C(F)(F)*)(F)F,Bandgap,8.0507,eV,phase4_adversarial_augmentation,train,randomization,representation_preserving_control,measured_target_from_graph_equivalent_source
poly_574,C(CCCCCC)CC1(c2cc(sc2-c2c1cc(*)s2)*)CCCCCCCC,Bandgap,2.7507,eV,phase4_adversarial_augmentation,train,randomization,representation_preserving_control,measured_target_from_graph_equivalent_source
poly_3720,*CCCCOC(=O)NCCCNC(=O)O*,Bandgap,6.2411,eV,phase4_adversarial_augmentation,train,randomization,representation_preserving_control,measured_target_from_graph_equivalent_source
poly_673,c1c(C(*)=S)ccc(-c2ccc(N*)cc2)c1,Bandgap,2.8961,eV,phase4_adversarial_augmentation,train,randomization,representation_preserving_control,measured_target_from_graph_equivalent_source
poly_3649,O=C(*)COCC(=O)OCC(C)O*,Bandgap,6.1342,eV,phase4_adversarial_augmentation,train,randomization,representation_preserving_control,measured_target_from_graph_equivalent_source
poly_3185,C(=O)(OCCCC=CCCCOC(=O)CC*)CCC1NC(=O)C(NC1=O)*,Bandgap,5.6763,eV,phase4_adversarial_augmentation,train,randomization,representation_preserving_control,measured_target_from_graph_equivalent_source
poly_3666,C(COC(CCCCCCCC(O*)=O)=O)OCCOCC*,Bandgap,6.1534,eV,phase4_adversarial_augmentation,train,randomization,representation_preserving_control,measured_target_from_graph_equivalent_source
poly_3425,C(CO*)(NCCNC(=O)COCC*)=O,Bandgap,5.8923,eV,phase4_adversarial_augmentation,train,randomization,representation_preserving_control,measured_target_from_graph_equivalent_source
poly_221,*c1ccc(cc1)Oc1cc2ccccc2cc1Oc1ccc(cc1)-n1c(=O)c2cc3c(=O)n(*)c(c3cc2c1=O)=O,Bandgap,2.1718,eV,phase4_adversarial_augmentation,train,randomization,representation_preserving_control,measured_target_from_graph_equivalent_source
poly_1878,C(Nc1ccc(N*)s1)*,Bandgap,4.3295,eV,phase4_adversarial_augmentation,train,randomization,representation_preserving_control,measured_target_from_graph_equivalent_source
poly_1829,c1c(ccc(C(=O)c2ccc(Oc3ccc(c(c3)COC)O*)cc2)c1)*,Bandgap,4.2796,eV,phase4_adversarial_augmentation,train,randomization,representation_preserving_control,measured_target_from_graph_equivalent_source
poly_834,C(CCOc1cc(*)sc1*)C,Bandgap,3.0949,eV,phase4_adversarial_augmentation,train,randomization,representation_preserving_control,measured_target_from_graph_equivalent_source
poly_2848,O=C(O*)CCCCC(OCC(C*)(CCl)CI)=O,Bandgap,5.2961,eV,phase4_adversarial_augmentation,train,randomization,representation_preserving_control,measured_target_from_graph_equivalent_source
poly_784,O=C(c1cc2C(N(C(c2cc1)=O)c1ccc(C(c2ccccc2)(c2ccc(cc2)N2C(=O)c3ccc(cc3C2=O)*)C(F)(F)F)cc1)=O)*,Bandgap,3.0137,eV,phase4_adversarial_augmentation,train,randomization,representation_preserving_control,measured_target_from_graph_equivalent_source
poly_3865,ClC(C(O*)*)Cl,Bandgap,6.4632,eV,phase4_adversarial_augmentation,train,randomization,representation_preserving_control,measured_target_from_graph_equivalent_source
poly_247,c1cc(ccc1-n1c(=O)c2cc3c(c(n(c3=O)*)=O)cc2c1=O)Oc1ccc(cc1)Oc1ccc(*)cc1,Bandgap,2.2398,eV,phase4_adversarial_augmentation,train,randomization,representation_preserving_control,measured_target_from_graph_equivalent_source
poly_3766,C(OCC(CO*)(C*)COC=O)=O,Bandgap,6.3091,eV,phase4_adversarial_augmentation,train,randomization,representation_preserving_control,measured_target_from_graph_equivalent_source
poly_1733,O(CCCCOC(=O)Oc1ccc(C=C(c2ccc(cc2)O*)C)cc1)C(=O)*,Bandgap,4.177,eV,phase4_adversarial_augmentation,train,randomization,representation_preserving_control,measured_target_from_graph_equivalent_source
poly_680,O=C(*)Nc1ccc(cc1)NC(=O)c1cc2C(=O)N(c3cccc(c3)N3C(=O)c4c(ccc(c4)*)C3=O)C(c2cc1)=O,Bandgap,2.9009,eV,phase4_adversarial_augmentation,train,randomization,representation_preserving_control,measured_target_from_graph_equivalent_source
poly_643,c1(C2(CCCCC2)c2ccc(cc2)N2C(c3cc(*)ccc3C2=O)=O)ccc(cc1)NC(=O)*,Bandgap,2.8538,eV,phase4_adversarial_augmentation,train,randomization,representation_preserving_control,measured_target_from_graph_equivalent_source
poly_1440,S(O*)(=O)(c1cc(ccc1)C(Oc1ccc(cc1)C(C)(c1ccc(*)cc1)C)=O)=O,Bandgap,3.8376,eV,phase4_adversarial_augmentation,train,randomization,representation_preserving_control,measured_target_from_graph_equivalent_source
poly_405,C(*)(C(C(=C([2H])[2H])[2H])([2H])*)([2H])[2H],Bandgap,2.522,eV,phase4_adversarial_augmentation,train,randomization,representation_preserving_control,measured_target_from_graph_equivalent_source
poly_1234,c1cc(C(=O)*)sc1OC(*)=S,Bandgap,3.6056,eV,phase4_adversarial_augmentation,train,randomization,representation_preserving_control,measured_target_from_graph_equivalent_source
poly_3677,C(CCCCCCC(=O)O*)CCCCCC(*)=O,Bandgap,6.1871,eV,phase4_adversarial_augmentation,train,randomization,representation_preserving_control,measured_target_from_graph_equivalent_source
poly_3841,*C(=O)CCCCC(OC(CCC(C)O*)C)=O,Bandgap,6.4235,eV,phase4_adversarial_augmentation,train,randomization,representation_preserving_control,measured_target_from_graph_equivalent_source
poly_2677,O(CC(O)C*)C(CCCCC(=O)OCC(O)COc1ccc(cc1)O*)=O,Bandgap,5.1211,eV,phase4_adversarial_augmentation,train,randomization,representation_preserving_control,measured_target_from_graph_equivalent_source
poly_552,C1(c2c(ccc(C(Oc3c(cc(OC(=O)*)cc3)C(C)(C)C)=O)c2)C(N1c1ccc(Oc2ccc(N3C(c4c(C3=O)cc(*)cc4)=O)cc2)cc1)=O)=O,Bandgap,2.7274,eV,phase4_adversarial_augmentation,train,randomization,representation_preserving_control,measured_target_from_graph_equivalent_source
poly_720,N(*)C(c1ccc(cc1)C(=S)*)=O,Bandgap,2.9444,eV,phase4_adversarial_augmentation,train,randomization,representation_preserving_control,measured_target_from_graph_equivalent_source
poly_1645,C(=C*)C1C=CC(*)C(C(OC(C)(C)C)=O)=C1C(=O)OC(C)(C)C,Bandgap,4.0868,eV,phase4_adversarial_augmentation,train,randomization,representation_preserving_control,measured_target_from_graph_equivalent_source
poly_396,N(c1ccc(cc1)C#N)=Nc1cc(*)c(c(*)c1)O,Bandgap,2.5143,eV,phase4_adversarial_augmentation,train,randomization,representation_preserving_control,measured_target_from_graph_equivalent_source
poly_129,c1(c(CCCCCCCCCF)cc(s1)-c1ccc(*)s1)*,Bandgap,1.8341,eV,phase4_adversarial_augmentation,train,randomization,representation_preserving_control,measured_target_from_graph_equivalent_source
poly_3685,C(OCCNC(O*)=O)COCCNC(OCC*)=O,Bandgap,6.1965,eV,phase4_adversarial_augmentation,train,randomization,representation_preserving_control,measured_target_from_graph_equivalent_source
poly_3550,N(CCCCCC*)C(=O)CCCCCCCCCCCCCCCCCCCCC(=O)N*,Bandgap,6.0208,eV,phase4_adversarial_augmentation,train,randomization,representation_preserving_control,measured_target_from_graph_equivalent_source
poly_1018,c1(-c2c(cc(*)cc2)C)ccc(N2C(c3c(ccc(Oc4ccc5c(c4)C(N(*)C5=O)=O)c3)C2=O)=O)cc1C,Bandgap,3.3433,eV,phase4_adversarial_augmentation,train,randomization,representation_preserving_control,measured_target_from_graph_equivalent_source
poly_3859,C(C*)(*)C(OCCCCCCC)=O,Bandgap,6.4578,eV,phase4_adversarial_augmentation,train,randomization,representation_preserving_control,measured_target_from_graph_equivalent_source
poly_3778,C(N*)(OC(=O)*)=O,Bandgap,6.3288,eV,phase4_adversarial_augmentation,train,randomization,representation_preserving_control,measured_target_from_graph_equivalent_source
poly_3787,FC(F)(C(F)(F)C(F)(F)COC(C(C(F)(C(F)(C(C(O*)=O)(F)F)F)F)(F)F)=O)C*,Bandgap,6.3429,eV,phase4_adversarial_augmentation,train,randomization,representation_preserving_control,measured_target_from_graph_equivalent_source
poly_820,c1cc(cc2c1C(=O)N(C2=O)c1ccc(Cc2ccc(cc2)NC(=O)*)cc1)*,Bandgap,3.0708,eV,phase4_adversarial_augmentation,train,randomization,representation_preserving_control,measured_target_from_graph_equivalent_source
poly_2057,*C(=O)c1ccc(C(=O)N2C(CN(C(C2)C)*)C)cc1,Bandgap,4.5321,eV,phase4_adversarial_augmentation,train,randomization,representation_preserving_control,measured_target_from_graph_equivalent_source
poly_2351,C(C1(C#N)C(*)C(C1c1ccc(cc1)*)(C#N)C(=O)OCCC)(OCCC)=O,Bandgap,4.8078,eV,phase4_adversarial_augmentation,train,randomization,representation_preserving_control,measured_target_from_graph_equivalent_source
poly_4191,C(=O)(O*)OC*,Bandgap,8.088,eV,phase4_adversarial_augmentation,train,randomization,representation_preserving_control,measured_target_from_graph_equivalent_source
poly_2480,c1(CNC(N*)=O)c(c(C*)c(c(c1)C(CC)=NO)O)O,Bandgap,4.9278,eV,phase4_adversarial_augmentation,train,randomization,representation_preserving_control,measured_target_from_graph_equivalent_source
poly_624,c1cc(sc1-c1ccc(N(c2ccc(CCCC)cc2)c2ccc(*)cc2)cc1)*,Bandgap,2.8259,eV,phase4_adversarial_augmentation,train,randomization,representation_preserving_control,measured_target_from_graph_equivalent_source
poly_3437,O=C(NCCCCCCC*)CCCCC(=O)N*,Bandgap,5.9053,eV,phase4_adversarial_augmentation,train,randomization,representation_preserving_control,measured_target_from_graph_equivalent_source
poly_2651,O(c1ccc(C(c2ccc(OC(*)=O)cc2)c2ccccc2)cc1)*,Bandgap,5.1036,eV,phase4_adversarial_augmentation,train,randomization,representation_preserving_control,measured_target_from_graph_equivalent_source
poly_649,*c1ccc(n1C(C(=O)OCC)n1cccc1)*,Bandgap,2.8576,eV,phase4_adversarial_augmentation,train,randomization,representation_preserving_control,measured_target_from_graph_equivalent_source
poly_2196,*Oc1c(cc(*)cc1-c1ccccc1)CCCCC,Bandgap,4.6522,eV,phase4_adversarial_augmentation,train,randomization,representation_preserving_control,measured_target_from_graph_equivalent_source
poly_2594,CC(c1cc(C)c(O*)cc1)c1ccc(c(c1)C)OC(=O)*,Bandgap,5.0393,eV,phase4_adversarial_augmentation,train,randomization,representation_preserving_control,measured_target_from_graph_equivalent_source
poly_4154,C1(CCC(C1)*)CC*,Bandgap,7.0987,eV,phase4_adversarial_augmentation,train,randomization,representation_preserving_control,measured_target_from_graph_equivalent_source
poly_2644,O(c1cc(ccc1)O*)C(CCC(=O)*)=O,Bandgap,5.0962,eV,phase4_adversarial_augmentation,train,randomization,representation_preserving_control,measured_target_from_graph_equivalent_source
poly_1118,C(c1ccc(*)cc1)(=O)Nc1cc(cc(NC(=O)c2ccc(O*)cc2)c1)-c1[nH]c2ccccc2n1,Bandgap,3.4538,eV,phase4_adversarial_augmentation,train,randomization,representation_preserving_control,measured_target_from_graph_equivalent_source
poly_3896,C(CC(OCCC*)=O)(O*)=O,Bandgap,6.5016,eV,phase4_adversarial_augmentation,train,randomization,representation_preserving_control,measured_target_from_graph_equivalent_source
poly_172,O=C1N(CCCCCCCC*)C(=O)c2ccc3c4c2c1ccc4c1ccc2C(N(*)C(c4c2c1c3cc4)=O)=O,Bandgap,2.0018,eV,phase4_adversarial_augmentation,train,randomization,representation_preserving_control,measured_target_from_graph_equivalent_source
poly_317,C(CCBr)Cc1c(sc(*)c1)*,Bandgap,2.4191,eV,phase4_adversarial_augmentation,train,randomization,representation_preserving_control,measured_target_from_graph_equivalent_source
poly_1194,c1cc(-c2ccc(cc2)-c2ccc(cc2)*)ccc1N*,Bandgap,3.553,eV,phase4_adversarial_augmentation,train,randomization,representation_preserving_control,measured_target_from_graph_equivalent_source
poly_36,c12c(*)sc(-c3sc(c4OCC(Oc34)CCCCCC)-c3c4c(c(*)s3)nccn4)c1OC(CO2)CCCCCC,Bandgap,1.2188,eV,phase4_adversarial_augmentation,train,randomization,representation_preserving_control,measured_target_from_graph_equivalent_source
poly_3466,C(CC(NCC1CC(CCC1)C*)=O)CCCCC(N*)=O,Bandgap,5.9394,eV,phase4_adversarial_augmentation,train,randomization,representation_preserving_control,measured_target_from_graph_equivalent_source
poly_1739,c1c(Cc2ccc(cc2)-c2ccc(*)cc2)ccc(-c2ccc(cc2)OC(=O)O*)c1,Bandgap,4.1828,eV,phase4_adversarial_augmentation,train,randomization,representation_preserving_control,measured_target_from_graph_equivalent_source
poly_3254,*C(CCC1CC(N*)C1(C)C)=O,Bandgap,5.7477,eV,phase4_adversarial_augmentation,train,randomization,representation_preserving_control,measured_target_from_graph_equivalent_source
poly_2876,C(CCCCC(N*)=O)CCCCC(=O)NCCc1ccc(CC*)cc1,Bandgap,5.3249,eV,phase4_adversarial_augmentation,train,randomization,representation_preserving_control,measured_target_from_graph_equivalent_source
poly_2773,c1cc(NC(OCCCCCCCCCC*)=O)cc(NC(=O)O*)c1C,Bandgap,5.2165,eV,phase4_adversarial_augmentation,train,randomization,representation_preserving_control,measured_target_from_graph_equivalent_source
poly_2881,C(CCCCC(N*)=O)CCCC(NCc1ccc(C*)cc1)=O,Bandgap,5.3317,eV,phase4_adversarial_augmentation,train,randomization,representation_preserving_control,measured_target_from_graph_equivalent_source
poly_2424,c1c(ccc(c1)Oc1ccc(cc1)O*)*,Bandgap,4.8832,eV,phase4_adversarial_augmentation,train,randomization,representation_preserving_control,measured_target_from_graph_equivalent_source
poly_950,c1(ccc(cc1)OC(=O)c1ccc(cc1)C(=O)Oc1ccc(O*)cc1)OCCCCCC*,Bandgap,3.2533,eV,phase4_adversarial_augmentation,train,randomization,representation_preserving_control,measured_target_from_graph_equivalent_source
poly_2586,*c1c(cc(CC*)cc1)F,Bandgap,5.0304,eV,phase4_adversarial_augmentation,train,randomization,representation_preserving_control,measured_target_from_graph_equivalent_source
poly_1154,C(NCCCNCC(=O)c1ccc(cc1)O*)C(=O)c1ccc(*)cc1,Bandgap,3.504,eV,phase4_adversarial_augmentation,train,randomization,representation_preserving_control,measured_target_from_graph_equivalent_source
poly_2950,C(=C(C)C(NCCCCCCCCCC*)=O)(C)C(=O)N*,Bandgap,5.4099,eV,phase4_adversarial_augmentation,train,randomization,representation_preserving_control,measured_target_from_graph_equivalent_source
poly_143,c1cc(sc1-c1ccc(*)cc1)-c1sc(cc1)*,Bandgap,1.9121,eV,phase4_adversarial_augmentation,train,randomization,representation_preserving_control,measured_target_from_graph_equivalent_source
poly_825,c1cc(C(*)=O)cc2ncc(nc12)-c1ccc(-c2nc3ccc(cc3nc2)*)cc1,Bandgap,3.0794,eV,phase4_adversarial_augmentation,train,randomization,representation_preserving_control,measured_target_from_graph_equivalent_source
poly_2315,C(C*)CN(*)C,Bandgap,4.769,eV,phase4_adversarial_augmentation,train,randomization,representation_preserving_control,measured_target_from_graph_equivalent_source
poly_353,O(c1ccc(cc1)N1C(c2c(ccc(C(=O)*)c2)C1=O)=O)c1cc(ccc1)N1C(=O)c2c(C1=O)cc(*)cc2,Bandgap,2.4674,eV,phase4_adversarial_augmentation,train,randomization,representation_preserving_control,measured_target_from_graph_equivalent_source
poly_4116,C(C*)COC(CCCCCCC(O*)=O)=O,Bandgap,6.8719,eV,phase4_adversarial_augmentation,train,randomization,representation_preserving_control,measured_target_from_graph_equivalent_source
poly_1446,*c1cc(c(O*)c(-c2cccc(c2)C)c1)-c1ccccc1,Bandgap,3.8434,eV,phase4_adversarial_augmentation,train,randomization,representation_preserving_control,measured_target_from_graph_equivalent_source
poly_554,c1c(*)n(c(c1)*)CC(=O)NO,Bandgap,2.7285,eV,phase4_adversarial_augmentation,train,randomization,representation_preserving_control,measured_target_from_graph_equivalent_source
poly_3953,C(CCCC(=O)O*)C(=O)OCC(C(F)(C(F)(C*)F)F)(F)F,Bandgap,6.5793,eV,phase4_adversarial_augmentation,train,randomization,representation_preserving_control,measured_target_from_graph_equivalent_source
poly_3696,C(CCCCC(*)=O)(=O)O*,Bandgap,6.2079,eV,phase4_adversarial_augmentation,train,randomization,representation_preserving_control,measured_target_from_graph_equivalent_source
poly_872,*c1cc(c(N*)cc1)CC,Bandgap,3.1433,eV,phase4_adversarial_augmentation,train,randomization,representation_preserving_control,measured_target_from_graph_equivalent_source
poly_3682,C(O*)(COCC(=O)OCCCCC*)=O,Bandgap,6.1938,eV,phase4_adversarial_augmentation,train,randomization,representation_preserving_control,measured_target_from_graph_equivalent_source
poly_4027,C(CC)C(C(=O)O*)(C*)C,Bandgap,6.6736,eV,phase4_adversarial_augmentation,train,randomization,representation_preserving_control,measured_target_from_graph_equivalent_source
poly_1850,*Oc1ccc(cc1)C(C)=Cc1ccc(OC(=O)OCCCCCCOC(*)=O)cc1,Bandgap,4.2998,eV,phase4_adversarial_augmentation,train,randomization,representation_preserving_control,measured_target_from_graph_equivalent_source
poly_3214,C1C2(*)CC3(CC(C2)CC1C3)*,Bandgap,5.7135,eV,phase4_adversarial_augmentation,train,randomization,representation_preserving_control,measured_target_from_graph_equivalent_source
poly_1059,c1cc(*)cc(Br)c1N*,Bandgap,3.3926,eV,phase4_adversarial_augmentation,train,randomization,representation_preserving_control,measured_target_from_graph_equivalent_source
poly_1944,c1(sc(cc1)Oc1sc(cc1)N*)*,Bandgap,4.415,eV,phase4_adversarial_augmentation,train,randomization,representation_preserving_control,measured_target_from_graph_equivalent_source
poly_775,c1(ccc(cc1)C=Nc1ccc(cc1)N=Cc1ccc(cc1)O*)Oc1ccc(cc1)C(c1ccccc1)(c1ccc(*)cc1)c1ccccc1,Bandgap,3.0005,eV,phase4_adversarial_augmentation,train,randomization,representation_preserving_control,measured_target_from_graph_equivalent_source
poly_116,s1c(c2c(c1-c1sc(c3c1OCCO3)C1=CC=C(*)S1(=O)=O)OCCO2)*,Bandgap,1.7641,eV,phase4_adversarial_augmentation,train,randomization,representation_preserving_control,measured_target_from_graph_equivalent_source
poly_4153,C(CC*)C(C)*,Bandgap,7.097,eV,phase4_adversarial_augmentation,train,randomization,representation_preserving_control,measured_target_from_graph_equivalent_source
poly_287,C(c1ccc2C(=O)N(C(c2c1)=O)c1cc(cc(c1)-c1nc2ccccc2[nH]1)N1C(=O)c2cc(*)ccc2C1=O)(*)=O,Bandgap,2.3475,eV,phase4_adversarial_augmentation,train,randomization,representation_preserving_control,measured_target_from_graph_equivalent_source
poly_1300,c1(cc(c(C(=NNC(=O)N)C)cc1)O)OC(=O)C(*)C*,Bandgap,3.6684,eV,phase4_adversarial_augmentation,train,randomization,representation_preserving_control,measured_target_from_graph_equivalent_source
poly_2535,c1cc(ccc1CC(=O)O*)CC(OCC*)=O,Bandgap,4.9816,eV,phase4_adversarial_augmentation,train,randomization,representation_preserving_control,measured_target_from_graph_equivalent_source
poly_3432,C(*)CCCCCNC(=O)CCCCCCCCCCCCCCC(=O)N*,Bandgap,5.9016,eV,phase4_adversarial_augmentation,train,randomization,representation_preserving_control,measured_target_from_graph_equivalent_source
poly_697,*c1oc(nn1)-c1ccc(*)cc1,Bandgap,2.923,eV,phase4_adversarial_augmentation,train,randomization,representation_preserving_control,measured_target_from_graph_equivalent_source
poly_803,N(*)NC(=O)c1cccc(C(NNC(=S)c2cc(C(*)=S)ccc2)=O)c1,Bandgap,3.0452,eV,phase4_adversarial_augmentation,train,randomization,representation_preserving_control,measured_target_from_graph_equivalent_source
poly_884,O=C(c1ccc(C(=O)*)cc1)Nc1ccc(-c2ccc(N*)cc2)cc1,Bandgap,3.1615,eV,phase4_adversarial_augmentation,train,randomization,representation_preserving_control,measured_target_from_graph_equivalent_source
poly_359,O=c1c2cc3c(n(-c4cccc(NC(c5ccc(cc5)*)=O)c4)c(c3cc2c(=O)n1*)=O)=O,Bandgap,2.4772,eV,phase4_adversarial_augmentation,train,randomization,representation_preserving_control,measured_target_from_graph_equivalent_source
poly_432,C1(N(c2cc(cc(-c3nc4ccccc4s3)c2)N2C(c3ccc(cc3C2=O)*)=O)C(=O)c2ccc(cc21)C(*)=O)=O,Bandgap,2.5568,eV,phase4_adversarial_augmentation,train,randomization,representation_preserving_control,measured_target_from_graph_equivalent_source
poly_2355,c1ccc(cc1C)OC(C(*)C*)=O,Bandgap,4.8157,eV,phase4_adversarial_augmentation,train,randomization,representation_preserving_control,measured_target_from_graph_equivalent_source
poly_4173,N#CCCC(O*)*,Bandgap,7.2521,eV,phase4_adversarial_augmentation,train,randomization,representation_preserving_control,measured_target_from_graph_equivalent_source
poly_1213,C(C(Oc1cc2c(cccc2)cc1)=O)(C)(C*)*,Bandgap,3.5795,eV,phase4_adversarial_augmentation,train,randomization,representation_preserving_control,measured_target_from_graph_equivalent_source
poly_2477,O=C(*)CCCCC(=O)NNC(=O)c1ccc(C(NN*)=O)cc1,Bandgap,4.9254,eV,phase4_adversarial_augmentation,train,randomization,representation_preserving_control,measured_target_from_graph_equivalent_source
poly_2759,*SCCC*,Bandgap,5.2018,eV,phase4_adversarial_augmentation,train,randomization,representation_preserving_control,measured_target_from_graph_equivalent_source
poly_1063,OS(=O)(c1ccc(N(c2ccc(cc2)*)*)cc1)=O,Bandgap,3.3958,eV,phase4_adversarial_augmentation,train,randomization,representation_preserving_control,measured_target_from_graph_equivalent_source
poly_3231,C(OCCCCCNC(=O)CCCCO*)CCCCNC(=O)CCCCCCCC*,Bandgap,5.7312,eV,phase4_adversarial_augmentation,train,randomization,representation_preserving_control,measured_target_from_graph_equivalent_source
poly_3882,O(C(=O)CCCCC(OCC*)=O)*,Bandgap,6.4808,eV,phase4_adversarial_augmentation,train,randomization,representation_preserving_control,measured_target_from_graph_equivalent_source
poly_1146,c1(ccccc1)N(c1nc(Oc2ccccc2C(OCCOCCOCCOC(c2ccccc2O*)=O)=O)nc(n1)*)CC,Bandgap,3.4967,eV,phase4_adversarial_augmentation,train,randomization,representation_preserving_control,measured_target_from_graph_equivalent_source
poly_798,c1(*)cc(Cl)c(cc1Cl)N*,Bandgap,3.035,eV,phase4_adversarial_augmentation,train,randomization,representation_preserving_control,measured_target_from_graph_equivalent_source
poly_2296,c1(cc(cc(c1O*)C)*)C(CCCCCCCC)C,Bandgap,4.7507,eV,phase4_adversarial_augmentation,train,randomization,representation_preserving_control,measured_target_from_graph_equivalent_source
poly_2549,C(*)(SC)C*,Bandgap,4.9974,eV,phase4_adversarial_augmentation,train,randomization,representation_preserving_control,measured_target_from_graph_equivalent_source
poly_434,*c1sc(cc1)-c1ccc(-c2ccc(N*)s2)cc1,Bandgap,2.5591,eV,phase4_adversarial_augmentation,train,randomization,representation_preserving_control,measured_target_from_graph_equivalent_source
poly_2568,*c1ccc(CC*)cc1CC,Bandgap,5.0142,eV,phase4_adversarial_augmentation,train,randomization,representation_preserving_control,measured_target_from_graph_equivalent_source
poly_1422,*c1cc(c(c(C)c1)S*)C,Bandgap,3.8176,eV,phase4_adversarial_augmentation,train,randomization,representation_preserving_control,measured_target_from_graph_equivalent_source
poly_2789,C(=CC1C2C(C(*)C1)C(=O)N(CCC)C2=O)*,Bandgap,5.2293,eV,phase4_adversarial_augmentation,train,randomization,representation_preserving_control,measured_target_from_graph_equivalent_source
poly_502,c1ccc2cccnc2c1OC(=O)c1cc(sc1*)*,Bandgap,2.6538,eV,phase4_adversarial_augmentation,train,randomization,representation_preserving_control,measured_target_from_graph_equivalent_source
poly_198,c1c2c(n(c3ccc(*)cc23)-n2c(=O)c3c(cc4c(c3)c(n(-c3ccc(cc3)*)c4=O)=O)c2=O)ncc1,Bandgap,2.0994,eV,phase4_adversarial_augmentation,train,randomization,representation_preserving_control,measured_target_from_graph_equivalent_source
poly_1469,c1cc(ccc1OC(=O)c1ccc(C(*)=O)cc1)C(=O)OCCCCOC(c1ccc(O*)cc1)=O,Bandgap,3.8861,eV,phase4_adversarial_augmentation,train,randomization,representation_preserving_control,measured_target_from_graph_equivalent_source
poly_1257,c1cc(c(cc1C(*)=O)Oc1ccc(F)cc1)C(=O)Oc1ccc(O*)cc1,Bandgap,3.6251,eV,phase4_adversarial_augmentation,train,randomization,representation_preserving_control,measured_target_from_graph_equivalent_source
poly_3641,C(CNC(=O)OCCCCCC*)CNC(O*)=O,Bandgap,6.1264,eV,phase4_adversarial_augmentation,train,randomization,representation_preserving_control,measured_target_from_graph_equivalent_source
poly_640,c12c(C(N(c3ccc(-c4nc(nc(n4)-c4ccccc4)-c4ccc(cc4)N4C(=O)c5c(C4=O)cc(*)cc5)cc3)C1=O)=O)cc(C(*)=O)cc2,Bandgap,2.85,eV,phase4_adversarial_augmentation,train,randomization,representation_preserving_control,measured_target_from_graph_equivalent_source
poly_3168,C(=O)(N*)CCCCCCC(NCCCCCC*)=O,Bandgap,5.6562,eV,phase4_adversarial_augmentation,train,randomization,representation_preserving_control,measured_target_from_graph_equivalent_source
poly_4188,FC(F)(F)C1(C(F)(F)F)OC(*)C(F)(*)O1,Bandgap,7.8893,eV,phase4_adversarial_augmentation,train,randomization,representation_preserving_control,measured_target_from_graph_equivalent_source
poly_1861,c1(ccc(cc1)Oc1ccc(cc1)C=NCCCCN=Cc1ccc(*)cc1)O*,Bandgap,4.309,eV,phase4_adversarial_augmentation,train,randomization,representation_preserving_control,measured_target_from_graph_equivalent_source
poly_428,c1c(ccc(c1)*)-c1sc(cc1CCCC)-c1sc(c(c1)CCCC)*,Bandgap,2.55,eV,phase4_adversarial_augmentation,train,randomization,representation_preserving_control,measured_target_from_graph_equivalent_source
poly_1430,O=C(c1cccc(C(*)=O)c1)Oc1c(CCCCCC)ccc(c1)O*,Bandgap,3.8294,eV,phase4_adversarial_augmentation,train,randomization,representation_preserving_control,measured_target_from_graph_equivalent_source
poly_1085,c1cc(ccc1C(N*)=O)-c1ccc(*)cc1,Bandgap,3.4167,eV,phase4_adversarial_augmentation,train,randomization,representation_preserving_control,measured_target_from_graph_equivalent_source
poly_3284,O(*)C(=O)C1C(C2C=CC1C2)C(=O)OCC*,Bandgap,5.7712,eV,phase4_adversarial_augmentation,train,randomization,representation_preserving_control,measured_target_from_graph_equivalent_source
poly_1376,o1c(nc2ccccc12)-c1cc(cc(c1)*)*,Bandgap,3.757,eV,phase4_adversarial_augmentation,train,randomization,representation_preserving_control,measured_target_from_graph_equivalent_source
poly_2828,C(CNC(=O)C(CCCCCCC)C(N*)=O)CCCC*,Bandgap,5.2746,eV,phase4_adversarial_augmentation,train,randomization,representation_preserving_control,measured_target_from_graph_equivalent_source
poly_3406,C(CCCCOCCCCCO*)CCCCCOCCCCCCCCCC*,Bandgap,5.8764,eV,phase4_adversarial_augmentation,train,randomization,representation_preserving_control,measured_target_from_graph_equivalent_source
poly_1668,*Nc1ccc(NC(=O)CCC(*)=O)cc1,Bandgap,4.1096,eV,phase4_adversarial_augmentation,train,randomization,representation_preserving_control,measured_target_from_graph_equivalent_source
poly_4098,FC(C*)(*)C(=O)OC,Bandgap,6.7927,eV,phase4_adversarial_augmentation,train,randomization,representation_preserving_control,measured_target_from_graph_equivalent_source
poly_3574,C(OCCCCCCCCCCOCCCCCCO*)CCCCCCCCC*,Bandgap,6.045,eV,phase4_adversarial_augmentation,train,randomization,representation_preserving_control,measured_target_from_graph_equivalent_source
poly_3338,C(COCCOC)OC(C(C*)*)=O,Bandgap,5.8186,eV,phase4_adversarial_augmentation,train,randomization,representation_preserving_control,measured_target_from_graph_equivalent_source
poly_661,n1(c(=O)c2c(cc3c(c2)c(n(*)c3=O)=O)c1=O)-c1cc(-c2c(=O)oc3ccccc3n2)cc(*)c1,Bandgap,2.8787,eV,phase4_adversarial_augmentation,train,randomization,representation_preserving_control,measured_target_from_graph_equivalent_source
poly_4091,C(C(=O)OCCC(C)O*)C(=O)*,Bandgap,6.7779,eV,phase4_adversarial_augmentation,train,randomization,representation_preserving_control,measured_target_from_graph_equivalent_source
poly_595,c1c([nH]c(c1CCCCCCCCCC)*)*,Bandgap,2.7864,eV,phase4_adversarial_augmentation,train,randomization,representation_preserving_control,measured_target_from_graph_equivalent_source
poly_1849,C(Cl)(=C(Cl)C(C(Cl)(*)Cl)(Cl)Cl)*,Bandgap,4.2995,eV,phase4_adversarial_augmentation,train,randomization,representation_preserving_control,measured_target_from_graph_equivalent_source
poly_1222,N1(C(N(C(*)=O)CC1=O)=O)C(c1ccc(cc1)N1C(c2c(ccc(c2)*)C1=O)=O)=O,Bandgap,3.5902,eV,phase4_adversarial_augmentation,train,randomization,representation_preserving_control,measured_target_from_graph_equivalent_source
poly_3199,C1(NC(C(OC(O)O1)(C1CC(N*)OC1(F)N(C(F)F)C(O)*)C)=O)C,Bandgap,5.6987,eV,phase4_adversarial_augmentation,train,randomization,representation_preserving_control,measured_target_from_graph_equivalent_source
poly_2388,C(CCCCCCC*)CCCNC(=O)c1ccc(C(N*)=O)cc1,Bandgap,4.852,eV,phase4_adversarial_augmentation,train,randomization,representation_preserving_control,measured_target_from_graph_equivalent_source
poly_2009,Clc1cc(C(c2cc(Cl)c(c(Cl)c2)OC(=O)*)C(Cl)(Cl)Cl)cc(Cl)c1O*,Bandgap,4.4804,eV,phase4_adversarial_augmentation,train,randomization,representation_preserving_control,measured_target_from_graph_equivalent_source
poly_4192,C(F)(C(F)(C(F)(F)F)*)(F)C(F)(C(F)(F)*)F,Bandgap,8.1013,eV,phase4_adversarial_augmentation,train,randomization,representation_preserving_control,measured_target_from_graph_equivalent_source
poly_64,c1c(C(=c2ccc(=c3sc(cc3)=C(c3sc(cc3)-c3ccc(s3)*)c3ccccc3)s2)*)cccc1,Bandgap,1.4792,eV,phase4_adversarial_augmentation,train,randomization,representation_preserving_control,measured_target_from_graph_equivalent_source
poly_95,c1(=O)c2c(c(=O)n1-c1ccc(cc1)N(c1ccc(C#N)cc1)c1ccc(*)cc1)cc1c(n(c(c1c2)=O)*)=O,Bandgap,1.6309,eV,phase4_adversarial_augmentation,train,randomization,representation_preserving_control,measured_target_from_graph_equivalent_source
poly_3878,C1CC(C(C)CC1)C(*)C*,Bandgap,6.4756,eV,phase4_adversarial_augmentation,train,randomization,representation_preserving_control,measured_target_from_graph_equivalent_source
poly_382,C(c1cc2c(C(=O)N(C2=O)c2ccc(cc2)Oc2cc3c(cc2Oc2ccc(N4C(c5ccc(*)cc5C4=O)=O)cc2)cccc3)cc1)(*)=O,Bandgap,2.4977,eV,phase4_adversarial_augmentation,train,randomization,representation_preserving_control,measured_target_from_graph_equivalent_source
poly_696,C(*)(C*)(C(Oc1ccc(C(=O)C=Cc2ccc(cc2)Cl)cc1)=O)C,Bandgap,2.9217,eV,phase4_adversarial_augmentation,train,randomization,representation_preserving_control,measured_target_from_graph_equivalent_source
poly_1372,C(OCCCCCCC*)(c1cc2c(cc(C(=O)O*)cc2)cc1)=O,Bandgap,3.7523,eV,phase4_adversarial_augmentation,train,randomization,representation_preserving_control,measured_target_from_graph_equivalent_source
poly_1197,N(C(=O)C)C(NC(C)=O)=NC(=N*)N=C(*)OC(=O)C,Bandgap,3.5543,eV,phase4_adversarial_augmentation,train,randomization,representation_preserving_control,measured_target_from_graph_equivalent_source
poly_1599,c1cc(Cc2ccc(C(=O)*)cc2)ccc1C(=O)O*,Bandgap,4.038,eV,phase4_adversarial_augmentation,train,randomization,representation_preserving_control,measured_target_from_graph_equivalent_source
poly_1839,c1c(c(ccc1-c1ccc(NC(OCC*)=O)c(C)c1)NC(O*)=O)C,Bandgap,4.2922,eV,phase4_adversarial_augmentation,train,randomization,representation_preserving_control,measured_target_from_graph_equivalent_source
poly_1647,c1(c(cc(cc1)*)N*)CCCCCC,Bandgap,4.087,eV,phase4_adversarial_augmentation,train,randomization,representation_preserving_control,measured_target_from_graph_equivalent_source
poly_3341,C(NCCCNC(=O)N*)(=O)NCCCCCC*,Bandgap,5.8207,eV,phase4_adversarial_augmentation,train,randomization,representation_preserving_control,measured_target_from_graph_equivalent_source
poly_4090,N#CC1(CC(*)C1)*,Bandgap,6.7759,eV,phase4_adversarial_augmentation,train,randomization,representation_preserving_control,measured_target_from_graph_equivalent_source
poly_722,*C(=C(C#C*)CCCCOC(NCC(=O)OCCCC)=O)c1cncnc1,Bandgap,2.9465,eV,phase4_adversarial_augmentation,train,randomization,representation_preserving_control,measured_target_from_graph_equivalent_source
poly_3637,*NC(CCCCCCCCCCCCCC*)=O,Bandgap,6.1217,eV,phase4_adversarial_augmentation,train,randomization,representation_preserving_control,measured_target_from_graph_equivalent_source
poly_3981,O(*)C(COC(C(F)(F)F)(C(F)(F)F)F)C*,Bandgap,6.6106,eV,phase4_adversarial_augmentation,train,randomization,representation_preserving_control,measured_target_from_graph_equivalent_source
poly_3113,C(COCC*)OC(CC(=O)O*)=O,Bandgap,5.5945,eV,phase4_adversarial_augmentation,train,randomization,representation_preserving_control,measured_target_from_graph_equivalent_source
poly_3848,*OC(C(C(OCCOCC*)=O)CCCCCCCCC)=O,Bandgap,6.441,eV,phase4_adversarial_augmentation,train,randomization,representation_preserving_control,measured_target_from_graph_equivalent_source
poly_1464,c1cc(ccc1)Oc1cc(ccc1C(N*)=O)C(NCCCCCC*)=O,Bandgap,3.8711,eV,phase4_adversarial_augmentation,train,randomization,representation_preserving_control,measured_target_from_graph_equivalent_source
poly_918,c1ccc(cc1)-c1c(-c2ccc(cc2)-c2ccc(*)cc2)nc2cc(Oc3cc4c(cc3)nc(c(n4)*)-c3ccccc3)ccc2n1,Bandgap,3.2011,eV,phase4_adversarial_augmentation,train,randomization,representation_preserving_control,measured_target_from_graph_equivalent_source
poly_152,*C(c1ccc(cc1)C(=O)Nc1cc(C=Cc2ccc(cc2)N(C)C)c(cc1[N+](=O)[O-])N*)=O,Bandgap,1.9467,eV,phase4_adversarial_augmentation,train,randomization,representation_preserving_control,measured_target_from_graph_equivalent_source
poly_689,*CC(NC(=S)*)=O,Bandgap,2.9137,eV,phase4_adversarial_augmentation,train,randomization,representation_preserving_control,measured_target_from_graph_equivalent_source
poly_3355,C(CCCC(NCC(CC(C)(C)CC*)C)=O)C(N*)=O,Bandgap,5.8392,eV,phase4_adversarial_augmentation,train,randomization,representation_preserving_control,measured_target_from_graph_equivalent_source
poly_3872,C(CC(O*)=O)CCCCCCCCC(=O)OCC#CC*,Bandgap,6.4691,eV,phase4_adversarial_augmentation,train,randomization,representation_preserving_control,measured_target_from_graph_equivalent_source
poly_3884,*CC(*)OC(CC)=O,Bandgap,6.4816,eV,phase4_adversarial_augmentation,train,randomization,representation_preserving_control,measured_target_from_graph_equivalent_source
poly_498,c1cc(*)ccc1-c1oc2c(n1)ccc(c2)-c1ccc2nc(oc2c1)*,Bandgap,2.65,eV,phase4_adversarial_augmentation,train,randomization,representation_preserving_control,measured_target_from_graph_equivalent_source
poly_2679,c1cc(ccc1)COC(CC(C(=O)*)N*)=O,Bandgap,5.122999999999998,eV,phase4_adversarial_augmentation,train,randomization,representation_preserving_control,measured_target_from_graph_equivalent_source
poly_3573,C(CCCC*)CCCOC(NCCCCCCNC(=O)O*)=O,Bandgap,6.0447,eV,phase4_adversarial_augmentation,train,randomization,representation_preserving_control,measured_target_from_graph_equivalent_source
poly_3843,C1CC(OC(=O)CCCCCCCCCCCC(*)=O)CCC1C1CCC(CC1)O*,Bandgap,6.4319,eV,phase4_adversarial_augmentation,train,randomization,representation_preserving_control,measured_target_from_graph_equivalent_source
poly_2775,C(*)(C)=CCC*,Bandgap,5.2179,eV,phase4_adversarial_augmentation,train,randomization,representation_preserving_control,measured_target_from_graph_equivalent_source
poly_4180,N#CC(*)(C*)F,Bandgap,7.624,eV,phase4_adversarial_augmentation,train,randomization,representation_preserving_control,measured_target_from_graph_equivalent_source
poly_3940,CC(O*)CC(*)=O,Bandgap,6.5552,eV,phase4_adversarial_augmentation,train,randomization,representation_preserving_control,measured_target_from_graph_equivalent_source
poly_2290,c1cc(cc2c1oc(n2)C1CCC(*)CC1)S(=O)(c1ccc2oc(*)nc2c1)=O,Bandgap,4.7439,eV,phase4_adversarial_augmentation,train,randomization,representation_preserving_control,measured_target_from_graph_equivalent_source
poly_3361,O(C(C1(C(C)(C(OC1=O)=O)*)C)C*)CC(C)C,Bandgap,5.8465,eV,phase4_adversarial_augmentation,train,randomization,representation_preserving_control,measured_target_from_graph_equivalent_source
poly_335,*c1cc(C)c([nH]1)*,Bandgap,2.4417,eV,phase4_adversarial_augmentation,train,randomization,representation_preserving_control,measured_target_from_graph_equivalent_source
poly_2328,c1(ccc(cc1)C(c1ccccc1)(c1ccccc1)c1ccc(cc1)O*)OC(=O)CCCCCCCCC(=O)*,Bandgap,4.7831,eV,phase4_adversarial_augmentation,train,randomization,representation_preserving_control,measured_target_from_graph_equivalent_source
poly_822,c1c(-c2ccc(N(c3ccc4c(cc(cc4)N(*)c4ccccc4)c3)c3ccccc3)cc2)ccc(*)c1,Bandgap,3.0776,eV,phase4_adversarial_augmentation,train,randomization,representation_preserving_control,measured_target_from_graph_equivalent_source
poly_1049,c1(-c2scc(c2)*)scc(c1)-c1ccc(cc1)*,Bandgap,3.3768,eV,phase4_adversarial_augmentation,train,randomization,representation_preserving_control,measured_target_from_graph_equivalent_source
poly_3350,O=C(OCCOC(*)=O)N1CCN(*)CC1,Bandgap,5.8319,eV,phase4_adversarial_augmentation,train,randomization,representation_preserving_control,measured_target_from_graph_equivalent_source
poly_3161,C[Si](C)(C)CC1(C#N)C(*)CC(C=C*)C1,Bandgap,5.6505,eV,phase4_adversarial_augmentation,train,randomization,representation_preserving_control,measured_target_from_graph_equivalent_source
poly_3770,C(F)(C(F)(C(F)(C(F)(F)F)F)F)(F)C(=O)OC(C*)*,Bandgap,6.3179,eV,phase4_adversarial_augmentation,train,randomization,representation_preserving_control,measured_target_from_graph_equivalent_source
poly_2599,c1(ccc(cc1)C(C*)OO*)C(C)(C)C,Bandgap,5.0492,eV,phase4_adversarial_augmentation,train,randomization,representation_preserving_control,measured_target_from_graph_equivalent_source
poly_2316,*C(=O)Cc1ccc(O*)cc1,Bandgap,4.7696,eV,phase4_adversarial_augmentation,train,randomization,representation_preserving_control,measured_target_from_graph_equivalent_source
poly_3767,*C(F)(F)C(F)(N(O*)C(F)(F)F)Cl,Bandgap,6.311,eV,phase4_adversarial_augmentation,train,randomization,representation_preserving_control,measured_target_from_graph_equivalent_source
poly_3689,C(CCCCCCC(=O)O*)C(=O)*,Bandgap,6.199,eV,phase4_adversarial_augmentation,train,randomization,representation_preserving_control,measured_target_from_graph_equivalent_source
poly_3353,C(CCCC(O*)=O)(=O)OCCOCCOCC*,Bandgap,5.8349,eV,phase4_adversarial_augmentation,train,randomization,representation_preserving_control,measured_target_from_graph_equivalent_source
poly_1193,C(CCCCCCCCC)c1cc(ccc1O*)OC(c1ccc(cc1)C(=O)*)=O,Bandgap,3.553,eV,phase4_adversarial_augmentation,train,randomization,representation_preserving_control,measured_target_from_graph_equivalent_source
poly_4025,C(CCCCCCCCCC*)(=O)O*,Bandgap,6.6722,eV,phase4_adversarial_augmentation,train,randomization,representation_preserving_control,measured_target_from_graph_equivalent_source
poly_2609,C(O*)(=O)Nc1c(ccc(c1)NC(OCCCCC*)=O)C,Bandgap,5.0679,eV,phase4_adversarial_augmentation,train,randomization,representation_preserving_control,measured_target_from_graph_equivalent_source
poly_2716,Cc1c(cc(NC(=O)OCCOCCOCCC*)cc1)NC(=O)O*,Bandgap,5.1637,eV,phase4_adversarial_augmentation,train,randomization,representation_preserving_control,measured_target_from_graph_equivalent_source
poly_2608,*Cc1ccc(cc1CC)C*,Bandgap,5.0672,eV,phase4_adversarial_augmentation,train,randomization,representation_preserving_control,measured_target_from_graph_equivalent_source
poly_1602,c1c(C(=O)OCC*)ccc(Cc2ccc(cc2)C(O*)=O)c1,Bandgap,4.0415,eV,phase4_adversarial_augmentation,train,randomization,representation_preserving_control,measured_target_from_graph_equivalent_source
poly_2050,C(=O)(Oc1ccc(C(c2ccc(cc2)O*)(C)C)cc1)CCC(=O)*,Bandgap,4.5269,eV,phase4_adversarial_augmentation,train,randomization,representation_preserving_control,measured_target_from_graph_equivalent_source
poly_1807,c1c2c([nH]c(*)n2)cc(c1)-c1ccc2nc(CCCCCCC*)[nH]c2c1,Bandgap,4.2648,eV,phase4_adversarial_augmentation,train,randomization,representation_preserving_control,measured_target_from_graph_equivalent_source
poly_2494,O(CCOC(CCN1CCN(CC1)*)=O)C(=O)CC*,Bandgap,4.9393,eV,phase4_adversarial_augmentation,train,randomization,representation_preserving_control,measured_target_from_graph_equivalent_source
poly_3081,C(NO*)(N*)=O,Bandgap,5.553999999999999,eV,phase4_adversarial_augmentation,train,randomization,representation_preserving_control,measured_target_from_graph_equivalent_source
poly_1999,c1(O*)ccc(cc1)C(C(Cl)(Cl)Cl)c1ccc(OC(*)=O)cc1,Bandgap,4.4725,eV,phase4_adversarial_augmentation,train,randomization,representation_preserving_control,measured_target_from_graph_equivalent_source
poly_3136,C(C(=O)OC(CC*)=O)CC1OC(*)CC1,Bandgap,5.624,eV,phase4_adversarial_augmentation,train,randomization,representation_preserving_control,measured_target_from_graph_equivalent_source
poly_1051,C(*)(c1ccc2C(=O)N(c3cccc(N4C(c5ccc(*)cc5C4=O)=O)c3C)C(c2c1)=O)=O,Bandgap,3.3805,eV,phase4_adversarial_augmentation,train,randomization,representation_preserving_control,measured_target_from_graph_equivalent_source
poly_1379,c1cc(Oc2ccc(O*)s2)sc1*,Bandgap,3.7582,eV,phase4_adversarial_augmentation,train,randomization,representation_preserving_control,measured_target_from_graph_equivalent_source
poly_2041,c1(nc(N(*)c2ccccc2)nc(n1)C)*,Bandgap,4.5166,eV,phase4_adversarial_augmentation,train,randomization,representation_preserving_control,measured_target_from_graph_equivalent_source
poly_390,c1cc(C(=S)c2sc(cc2)C*)sc1*,Bandgap,2.5053,eV,phase4_adversarial_augmentation,train,randomization,representation_preserving_control,measured_target_from_graph_equivalent_source
poly_841,c1(c(ccc(*)c1)-c1oc(nn1)*)OCCCCC,Bandgap,3.1025,eV,phase4_adversarial_augmentation,train,randomization,representation_preserving_control,measured_target_from_graph_equivalent_source
poly_783,c1(O)c(*)ncc(c1)N*,Bandgap,3.0117,eV,phase4_adversarial_augmentation,train,randomization,representation_preserving_control,measured_target_from_graph_equivalent_source
poly_2725,C(CCCCSCCCCC(O*)=O)(=O)OCC*,Bandgap,5.1771,eV,phase4_adversarial_augmentation,train,randomization,representation_preserving_control,measured_target_from_graph_equivalent_source
poly_3314,C(CC(NCCCP(CCC*)(=O)C)=O)CCCCCCC(=O)N*,Bandgap,5.8002,eV,phase4_adversarial_augmentation,train,randomization,representation_preserving_control,measured_target_from_graph_equivalent_source
poly_2003,S(N1CCN(CC1)*)C(=O)OCC(C)(C)COC(S*)=O,Bandgap,4.4766,eV,phase4_adversarial_augmentation,train,randomization,representation_preserving_control,measured_target_from_graph_equivalent_source
poly_3580,CC(OCC(COC(=O)*)O*)(C)C,Bandgap,6.0478,eV,phase4_adversarial_augmentation,train,randomization,representation_preserving_control,measured_target_from_graph_equivalent_source
poly_1029,c1c(ccc(c1)N1C(=O)c2c(C1=O)cc(cc2)*)NC(*)=O,Bandgap,3.3531,eV,phase4_adversarial_augmentation,train,randomization,representation_preserving_control,measured_target_from_graph_equivalent_source
poly_3775,C(OCCCCCCC)(C(C#N)(C*)*)=O,Bandgap,6.3228,eV,phase4_adversarial_augmentation,train,randomization,representation_preserving_control,measured_target_from_graph_equivalent_source
poly_3087,*NC(CCCCC(=O)*)C,Bandgap,5.5619,eV,phase4_adversarial_augmentation,train,randomization,representation_preserving_control,measured_target_from_graph_equivalent_source
poly_258,c1cc(ccc1OC(c1ccc2c(C(=O)N(c3ccc(cc3)Oc3ccc(cc3)Oc3ccc(cc3)N3C(c4c(C3=O)ccc(*)c4)=O)C2=O)c1)=O)OC(=O)*,Bandgap,2.2849,eV,phase4_adversarial_augmentation,train,randomization,representation_preserving_control,measured_target_from_graph_equivalent_source
poly_3980,C(*)C1CCC(CC1)COC(=O)CCC(=O)O*,Bandgap,6.6088,eV,phase4_adversarial_augmentation,train,randomization,representation_preserving_control,measured_target_from_graph_equivalent_source
poly_2129,c1(OC(Oc2ccc(-c3ccc(cc3)OC(*)=O)cc2)=O)ccc(O*)c(c1)C,Bandgap,4.5964,eV,phase4_adversarial_augmentation,train,randomization,representation_preserving_control,measured_target_from_graph_equivalent_source
poly_2309,c1cccc(c1)C(CC=C*)(C*)c1ccccc1,Bandgap,4.7635,eV,phase4_adversarial_augmentation,train,randomization,representation_preserving_control,measured_target_from_graph_equivalent_source
poly_2182,C(c1cccc(C(=O)NCc2ccc(C*)cc2)c1)(=O)N*,Bandgap,4.6431,eV,phase4_adversarial_augmentation,train,randomization,representation_preserving_control,measured_target_from_graph_equivalent_source
poly_583,s1c(ccc1-c1ccc(s1)-c1ccc(cc1)C(*)=O)*,Bandgap,2.7667,eV,phase4_adversarial_augmentation,train,randomization,representation_preserving_control,measured_target_from_graph_equivalent_source
poly_2654,O(C(=O)c1cc(C(=O)OCCCC*)ccc1)*,Bandgap,5.1042,eV,phase4_adversarial_augmentation,train,randomization,representation_preserving_control,measured_target_from_graph_equivalent_source
poly_1507,c1c(c(N*)c(Br)cc1C(*)=O)Br,Bandgap,3.9265,eV,phase4_adversarial_augmentation,train,randomization,representation_preserving_control,measured_target_from_graph_equivalent_source
poly_1885,c1(c(c(OC)cc(*)c1)O*)OC,Bandgap,4.3423,eV,phase4_adversarial_augmentation,train,randomization,representation_preserving_control,measured_target_from_graph_equivalent_source
poly_1802,c1(C(*)=O)c(Cl)c(c(C(=O)Oc2ccc(cc2)C(C)(C)c2ccc(cc2)O*)c(Cl)c1Cl)Cl,Bandgap,4.2598,eV,phase4_adversarial_augmentation,train,randomization,representation_preserving_control,measured_target_from_graph_equivalent_source
poly_1073,c1(nnc(o1)-c1cccc(c1)-c1nnc(o1)*)-c1ccc(cc1)*,Bandgap,3.4063,eV,phase4_adversarial_augmentation,train,randomization,representation_preserving_control,measured_target_from_graph_equivalent_source
poly_3866,FC(C(F)(F)F)(F)C(C(OC(C*)*)=O)(F)F,Bandgap,6.4637,eV,phase4_adversarial_augmentation,train,randomization,representation_preserving_control,measured_target_from_graph_equivalent_source
poly_821,n1c2c(cc(cc2)Oc2cc3ncc(nc3cc2)*)ncc1-c1ccc(Oc2ccc(cc2)*)cc1,Bandgap,3.0731,eV,phase4_adversarial_augmentation,train,randomization,representation_preserving_control,measured_target_from_graph_equivalent_source
poly_3782,*CCOCCOC(CCCCCCCCCCC(=O)O*)=O,Bandgap,6.3322,eV,phase4_adversarial_augmentation,train,randomization,representation_preserving_control,measured_target_from_graph_equivalent_source
poly_2983,CCC(C=C*)C*,Bandgap,5.4466,eV,phase4_adversarial_augmentation,train,randomization,representation_preserving_control,measured_target_from_graph_equivalent_source
poly_1383,c1cc(cc2ccc(C(=O)O*)cc21)C(=O)OCCCCCCCCC*,Bandgap,3.7639,eV,phase4_adversarial_augmentation,train,randomization,representation_preserving_control,measured_target_from_graph_equivalent_source
poly_2562,c1c(ccc(NC(=O)OCC*)c1)NC(=O)O*,Bandgap,5.0116,eV,phase4_adversarial_augmentation,train,randomization,representation_preserving_control,measured_target_from_graph_equivalent_source
poly_1784,C(CCOC(=O)c1ccc(cc1)C(NCCCCCCNC(c1ccc(cc1)C(O*)=O)=O)=O)CC*,Bandgap,4.2435,eV,phase4_adversarial_augmentation,train,randomization,representation_preserving_control,measured_target_from_graph_equivalent_source
poly_538,c1(OC(C(C*)*)=O)ccc(cc1)Cl,Bandgap,2.7059,eV,phase4_adversarial_augmentation,train,randomization,representation_preserving_control,measured_target_from_graph_equivalent_source
poly_205,c1(=O)c2c(c(n1-c1cc(cc(*)c1)-c1nc3c(cccc3)[nH]1)=O)cc1c(c2)c(n(c1=O)*)=O,Bandgap,2.1187,eV,phase4_adversarial_augmentation,train,randomization,representation_preserving_control,measured_target_from_graph_equivalent_source
poly_1219,c1cc(ccc1C(Nc1ccc(cc1)O*)=O)[Si](c1ccc(cc1)C(*)=O)(C)C,Bandgap,3.5860000000000003,eV,phase4_adversarial_augmentation,train,randomization,representation_preserving_control,measured_target_from_graph_equivalent_source
poly_988,*c1c(OC)c(OCCCC)c(*)s1,Bandgap,3.3038,eV,phase4_adversarial_augmentation,train,randomization,representation_preserving_control,measured_target_from_graph_equivalent_source
poly_2553,C1C(OC(=O)C(CC(C)C)NC(CCCCC(NC(CC(C)C)C(=O)O*)=O)=O)C2C(C(*)CO2)O1,Bandgap,5.0053,eV,phase4_adversarial_augmentation,train,randomization,representation_preserving_control,measured_target_from_graph_equivalent_source
poly_2843,c1c(O*)ccc(c1)OC1(C(F)(C(F)(C1(F)F)F)*)F,Bandgap,5.2931,eV,phase4_adversarial_augmentation,train,randomization,representation_preserving_control,measured_target_from_graph_equivalent_source
poly_1192,C(CCCOc1cc(c(cc1*)OCCCCCCCCCC)-c1ccc(cc1)*)CCCCCC,Bandgap,3.5529,eV,phase4_adversarial_augmentation,train,randomization,representation_preserving_control,measured_target_from_graph_equivalent_source
poly_585,c1c(Oc2ccc(-c3nc4c(cc5c(nc(cc5-c5ccccc5)*)c4)c(c3)-c3ccccc3)cc2)ccc(*)c1,Bandgap,2.7694,eV,phase4_adversarial_augmentation,train,randomization,representation_preserving_control,measured_target_from_graph_equivalent_source
poly_2045,P(O*)(Oc1ccccc1)(=O)Oc1ccc(cc1)S(=O)(c1ccc(*)cc1)=O,Bandgap,4.5217,eV,phase4_adversarial_augmentation,train,randomization,representation_preserving_control,measured_target_from_graph_equivalent_source
poly_625,Cc1c(C)n(c2ccccc12)C(*)C*,Bandgap,2.8269,eV,phase4_adversarial_augmentation,train,randomization,representation_preserving_control,measured_target_from_graph_equivalent_source
poly_604,c1(cc(c2cc3nc(cc(c3cc2n1)-c1ccccc1)-c1ccc(-c2ccc(cc2)*)cc1)-c1ccccc1)*,Bandgap,2.7945,eV,phase4_adversarial_augmentation,train,randomization,representation_preserving_control,measured_target_from_graph_equivalent_source
poly_2517,c1c(ccc(c1)*)O[Si](C)(C)O*,Bandgap,4.9658,eV,phase4_adversarial_augmentation,train,randomization,representation_preserving_control,measured_target_from_graph_equivalent_source
poly_1479,c1(Cl)c(O*)ccc(OC(=O)c2ccc(cc2)C(*)=O)c1,Bandgap,3.8996,eV,phase4_adversarial_augmentation,train,randomization,representation_preserving_control,measured_target_from_graph_equivalent_source
poly_3485,C(CCCCCCCCC(=O)N*)CC(NCC1CCC(C*)CC1)=O,Bandgap,5.9503,eV,phase4_adversarial_augmentation,train,randomization,representation_preserving_control,measured_target_from_graph_equivalent_source
poly_226,c1cc(n(C(OCC)=O)c1*)*,Bandgap,2.1791,eV,phase4_adversarial_augmentation,train,randomization,representation_preserving_control,measured_target_from_graph_equivalent_source
poly_3851,OC1CC(C*)CC(*)C1,Bandgap,6.4454,eV,phase4_adversarial_augmentation,train,randomization,representation_preserving_control,measured_target_from_graph_equivalent_source
poly_140,c1(ccc(cc1)N=N*)C=Cc1ccc(cc1)*,Bandgap,1.8934,eV,phase4_adversarial_augmentation,train,randomization,representation_preserving_control,measured_target_from_graph_equivalent_source
poly_1968,c1c(ccc(c1)C(c1ccc(O*)cc1)(C)C)OC(=O)C(=O)*,Bandgap,4.435,eV,phase4_adversarial_augmentation,train,randomization,representation_preserving_control,measured_target_from_graph_equivalent_source
poly_2023,[Si](c1ccccc1)(c1ccccc1)(c1ccc(C(=O)NN*)cc1)c1ccc(C(*)=O)cc1,Bandgap,4.4942,eV,phase4_adversarial_augmentation,train,randomization,representation_preserving_control,measured_target_from_graph_equivalent_source
poly_429,c1c(C#Cc2ccc(-c3nnc(*)o3)cc2)c(cc(C#Cc2ccc(cc2)*)c1OCCCCCCCC)OCCCCCCCC,Bandgap,2.5503,eV,phase4_adversarial_augmentation,train,randomization,representation_preserving_control,measured_target_from_graph_equivalent_source
poly_463,O=C1c2c(cc(cc2)C(*)=O)C(=O)N1c1ccc(OCCOCCOCCOc2ccc(N3C(=O)c4ccc(cc4C3=O)*)cc2)cc1,Bandgap,2.5899,eV,phase4_adversarial_augmentation,train,randomization,representation_preserving_control,measured_target_from_graph_equivalent_source
poly_126,*C(C*)n1c2ccccc2cc1,Bandgap,1.8061,eV,phase4_adversarial_augmentation,train,randomization,representation_preserving_control,measured_target_from_graph_equivalent_source
poly_1158,S(C(c1cc(ccc1)C(=O)S*)=O)Cc1ccc(-c2ccc(C*)cc2)cc1,Bandgap,3.5122,eV,phase4_adversarial_augmentation,train,randomization,representation_preserving_control,measured_target_from_graph_equivalent_source
poly_107,c12c(sc(*)c2)c2sc(cc2s1)*,Bandgap,1.6985,eV,phase4_adversarial_augmentation,train,randomization,representation_preserving_control,measured_target_from_graph_equivalent_source
poly_2165,c1(c(c(F)c(c(F)c1F)OC)F)C(C*)*,Bandgap,4.6268,eV,phase4_adversarial_augmentation,train,randomization,representation_preserving_control,measured_target_from_graph_equivalent_source
poly_1746,N(NC(c1cc(C(NNC(CCC*)=O)=O)ccc1)=O)C(c1cc(O*)ccc1)=O,Bandgap,4.1874,eV,phase4_adversarial_augmentation,train,randomization,representation_preserving_control,measured_target_from_graph_equivalent_source
poly_2973,C1CC2C(C(C1C(C2=O)C(=O)OCCCC*)=O)C(=O)O*,Bandgap,5.4305,eV,phase4_adversarial_augmentation,train,randomization,representation_preserving_control,measured_target_from_graph_equivalent_source
poly_2751,*CC(COCC)(CO*)COCC,Bandgap,5.1949,eV,phase4_adversarial_augmentation,train,randomization,representation_preserving_control,measured_target_from_graph_equivalent_source
poly_3328,O=S(CCCC)(=O)CC(O*)C*,Bandgap,5.8098,eV,phase4_adversarial_augmentation,train,randomization,representation_preserving_control,measured_target_from_graph_equivalent_source
poly_2499,C(C=C(C)C)(*)C*,Bandgap,4.9414,eV,phase4_adversarial_augmentation,train,randomization,representation_preserving_control,measured_target_from_graph_equivalent_source
poly_1929,O=C(*)NC(=O)c1ccc(cc1)*,Bandgap,4.3975,eV,phase4_adversarial_augmentation,train,randomization,representation_preserving_control,measured_target_from_graph_equivalent_source
poly_1942,C12CC3(c4cc(*)cc(c4)*)CC(C1)CC(C2)C3,Bandgap,4.4142,eV,phase4_adversarial_augmentation,train,randomization,representation_preserving_control,measured_target_from_graph_equivalent_source
poly_3644,*OC(=O)NCCCCCCNC(=O)OCCCCCCC*,Bandgap,6.1286,eV,phase4_adversarial_augmentation,train,randomization,representation_preserving_control,measured_target_from_graph_equivalent_source
poly_2157,c1cc(C(CCC)c2ccc(cc2)OC(*)=O)ccc1O*,Bandgap,4.6197,eV,phase4_adversarial_augmentation,train,randomization,representation_preserving_control,measured_target_from_graph_equivalent_source
poly_1125,s1c(ccc1-c1sc(cc1)C*)O*,Bandgap,3.4592,eV,phase4_adversarial_augmentation,train,randomization,representation_preserving_control,measured_target_from_graph_equivalent_source
poly_3913,C(ONO*)*,Bandgap,6.52,eV,phase4_adversarial_augmentation,train,randomization,representation_preserving_control,measured_target_from_graph_equivalent_source
poly_1258,C(*)(=S)OC(=O)C*,Bandgap,3.6251,eV,phase4_adversarial_augmentation,train,randomization,representation_preserving_control,measured_target_from_graph_equivalent_source
poly_1759,O=C(*)C=CC(=O)N1CC(C)N(CC1C)*,Bandgap,4.2051,eV,phase4_adversarial_augmentation,train,randomization,representation_preserving_control,measured_target_from_graph_equivalent_source
poly_1116,c1(ccc(cc1)-c1sc(cc1)-c1ccc(cc1)*)O*,Bandgap,3.4535,eV,phase4_adversarial_augmentation,train,randomization,representation_preserving_control,measured_target_from_graph_equivalent_source
poly_391,O=C1N(c2ccc(*)cc2)C(=O)c2c1ccc(c2)-c1cc2c(cc1)C(=O)N(C2=O)c1cc2c([nH]c(*)n2)cc1,Bandgap,2.5083,eV,phase4_adversarial_augmentation,train,randomization,representation_preserving_control,measured_target_from_graph_equivalent_source
poly_2981,O=C(CC)C(*)C*,Bandgap,5.4461,eV,phase4_adversarial_augmentation,train,randomization,representation_preserving_control,measured_target_from_graph_equivalent_source
poly_3609,CC1OC(CC(*)O1)C*,Bandgap,6.0751,eV,phase4_adversarial_augmentation,train,randomization,representation_preserving_control,measured_target_from_graph_equivalent_source
poly_3555,*CC1CCCC(C1)CC(=O)N*,Bandgap,6.0231,eV,phase4_adversarial_augmentation,train,randomization,representation_preserving_control,measured_target_from_graph_equivalent_source
poly_2028,*CC(=O)Nc1ccc(*)cc1,Bandgap,4.5019,eV,phase4_adversarial_augmentation,train,randomization,representation_preserving_control,measured_target_from_graph_equivalent_source
poly_2193,C(SSCC*)CSSCCOCO*,Bandgap,4.6502,eV,phase4_adversarial_augmentation,train,randomization,representation_preserving_control,measured_target_from_graph_equivalent_source
poly_3149,C(*)CCCCCCCCCNC(=O)CCCCC(N*)=O,Bandgap,5.6396,eV,phase4_adversarial_augmentation,train,randomization,representation_preserving_control,measured_target_from_graph_equivalent_source
poly_480,c12c(c(=O)n(*)c1=O)cc1c(c(=O)n(-c3c(C)cc(cc3)-c3ccc(c(C)c3)*)c1=O)c2,Bandgap,2.6256,eV,phase4_adversarial_augmentation,train,randomization,representation_preserving_control,measured_target_from_graph_equivalent_source
poly_441,c1c(ccc(N=Nc2ccc(cc2)-c2nc(-c3scc(n3)*)sc2)c1)*,Bandgap,2.5698,eV,phase4_adversarial_augmentation,train,randomization,representation_preserving_control,measured_target_from_graph_equivalent_source
poly_1675,O=C(C*)c1ccc(cc1)O*,Bandgap,4.1247,eV,phase4_adversarial_augmentation,train,randomization,representation_preserving_control,measured_target_from_graph_equivalent_source
poly_1135,c1(ccc(*)cc1)-c1ccc(s1)[Si](c1ccc(s1)*)(C)C,Bandgap,3.4722,eV,phase4_adversarial_augmentation,train,randomization,representation_preserving_control,measured_target_from_graph_equivalent_source
poly_3241,C(CCNC(*)=O)CCCNC(=O)C1COC(*)CO1,Bandgap,5.7371,eV,phase4_adversarial_augmentation,train,randomization,representation_preserving_control,measured_target_from_graph_equivalent_source
poly_3191,C(CCC*)C(N*)=O,Bandgap,5.686,eV,phase4_adversarial_augmentation,train,randomization,representation_preserving_control,measured_target_from_graph_equivalent_source
poly_1170,Cc1cc(C(CC(=O)OCC(C*)O)=CC(O*)=O)c(OC)cc1,Bandgap,3.5228,eV,phase4_adversarial_augmentation,train,randomization,representation_preserving_control,measured_target_from_graph_equivalent_source
poly_1787,C(=CC(=O)O*)C(OC1COC2C1OCC2*)=O,Bandgap,4.2459,eV,phase4_adversarial_augmentation,train,randomization,representation_preserving_control,measured_target_from_graph_equivalent_source
poly_3797,C1(O*)CCC(CC1)OC(CCCCCCCCC(*)=O)=O,Bandgap,6.3512,eV,phase4_adversarial_augmentation,train,randomization,representation_preserving_control,measured_target_from_graph_equivalent_source
poly_2473,C(c1ccc(cc1)CCCCCC)(C*)*,Bandgap,4.9196,eV,phase4_adversarial_augmentation,train,randomization,representation_preserving_control,measured_target_from_graph_equivalent_source
poly_409,s1c(ccc1C(OC)=C(*)OC)*,Bandgap,2.5277,eV,phase4_adversarial_augmentation,train,randomization,representation_preserving_control,measured_target_from_graph_equivalent_source
poly_2074,Brc1c(c(*)c(cc1O*)C)C,Bandgap,4.5478,eV,phase4_adversarial_augmentation,train,randomization,representation_preserving_control,measured_target_from_graph_equivalent_source
poly_3889,C(CCCCCC*)CCCCCCCCCCCCCOC(CCCCCCCC(=O)O*)=O,Bandgap,6.4907,eV,phase4_adversarial_augmentation,train,randomization,representation_preserving_control,measured_target_from_graph_equivalent_source
poly_946,c1c(ccc(c1)O*)Oc1ccc(cc1)C(c1ccccc1-c1c(cccc1)C(c1ccc(*)cc1)=O)=O,Bandgap,3.2515,eV,phase4_adversarial_augmentation,train,randomization,representation_preserving_control,measured_target_from_graph_equivalent_source
poly_3897,C(C)(C)(C*)COC(=O)CCC(O*)=O,Bandgap,6.5024,eV,phase4_adversarial_augmentation,train,randomization,representation_preserving_control,measured_target_from_graph_equivalent_source
poly_4094,*CC(C(=O)O*)(C)C,Bandgap,6.7827,eV,phase4_adversarial_augmentation,train,randomization,representation_preserving_control,measured_target_from_graph_equivalent_source
poly_607,c1cc(C2(CCC(CC2)C(C)(C)C)c2ccc(OC(=O)c3ccc(C(=O)*)cc3)cc2)ccc1O*,Bandgap,2.7988,eV,phase4_adversarial_augmentation,train,randomization,representation_preserving_control,measured_target_from_graph_equivalent_source
poly_1326,c1cc(ccc1C(*)=O)Oc1sc(*)cc1,Bandgap,3.7007,eV,phase4_adversarial_augmentation,train,randomization,representation_preserving_control,measured_target_from_graph_equivalent_source
poly_2476,c1c(c(ccc1C)C(*)C*)C,Bandgap,4.9248,eV,phase4_adversarial_augmentation,train,randomization,representation_preserving_control,measured_target_from_graph_equivalent_source
poly_1657,O(CC*)C(c1ccc(C2(CC(C)(c3ccc(cc23)C(=O)O*)C)C)cc1)=O,Bandgap,4.0949,eV,phase4_adversarial_augmentation,train,randomization,representation_preserving_control,measured_target_from_graph_equivalent_source
poly_1905,CC(O*)COC(C)COC(=O)c1ccc(C(=O)*)cc1,Bandgap,4.3685,eV,phase4_adversarial_augmentation,train,randomization,representation_preserving_control,measured_target_from_graph_equivalent_source
poly_2525,C(C*)CCSSCCCSS*,Bandgap,4.9696,eV,phase4_adversarial_augmentation,train,randomization,representation_preserving_control,measured_target_from_graph_equivalent_source
poly_693,c12C(N(c3ccc(cc3)Oc3ccc(cc3)N3C(c4c(ccc(*)c4)C3=O)=O)C(c1cc(C(=O)Nc1ccc(cc1)Oc1ccc(NC(=O)*)cc1)cc2)=O)=O,Bandgap,2.919,eV,phase4_adversarial_augmentation,train,randomization,representation_preserving_control,measured_target_from_graph_equivalent_source
poly_169,c1n2-c(oc3=c2[nH]c2nc4c(nc5c(ccc(*)c5)n4)[nH]c-2c3)nc2c(cc(-c3ccc(cc3)*)cc2)c1,Bandgap,1.9943,eV,phase4_adversarial_augmentation,train,randomization,representation_preserving_control,measured_target_from_graph_equivalent_source
poly_164,O=C1C=C(C(C=C1*)=O)N*,Bandgap,1.9806,eV,phase4_adversarial_augmentation,train,randomization,representation_preserving_control,measured_target_from_graph_equivalent_source
poly_2099,c1c(c(ccc1)-c1ccccc1C(=O)OCCCCCC*)C(O*)=O,Bandgap,4.5701,eV,phase4_adversarial_augmentation,train,randomization,representation_preserving_control,measured_target_from_graph_equivalent_source
poly_2869,C(CCCCC(NCCCCCC(=O)OCCCCCCCCCCCC*)=O)(NCCCCCC(O*)=O)=O,Bandgap,5.3175,eV,phase4_adversarial_augmentation,train,randomization,representation_preserving_control,measured_target_from_graph_equivalent_source
poly_3789,C(F)(*)(C*)C(=O)OCC(F)(F)C(C(C(F)F)(F)F)(F)F,Bandgap,6.3444,eV,phase4_adversarial_augmentation,train,randomization,representation_preserving_control,measured_target_from_graph_equivalent_source
poly_260,c1ccc2cc3c(N*)ccc(*)c3cc2c1,Bandgap,2.2861,eV,phase4_adversarial_augmentation,train,randomization,representation_preserving_control,measured_target_from_graph_equivalent_source
poly_1037,N(c1cc(cc(C(Nc2cccc(c2)N*)=O)c1)C(*)=O)C(=O)c1ccncc1,Bandgap,3.3608,eV,phase4_adversarial_augmentation,train,randomization,representation_preserving_control,measured_target_from_graph_equivalent_source
poly_1554,C12CC3CC(C1)CC(C(=O)COc1c(*)cc(c(c1)*)OC)(C2)C3,Bandgap,3.9862,eV,phase4_adversarial_augmentation,train,randomization,representation_preserving_control,measured_target_from_graph_equivalent_source
poly_486,C1(C(CCC1=C*)=Cc1oc(cc1)Sc1ccc(o1)*)=O,Bandgap,2.6355,eV,phase4_adversarial_augmentation,train,randomization,representation_preserving_control,measured_target_from_graph_equivalent_source
poly_1349,c1cc(O*)ccc1C(OCCOC(=O)c1ccc(cc1)*)=O,Bandgap,3.7261,eV,phase4_adversarial_augmentation,train,randomization,representation_preserving_control,measured_target_from_graph_equivalent_source
poly_83,c1cc(CCCCCCCC)ccc1-c1cc(-c2sc(cc2)*)sc1*,Bandgap,1.564,eV,phase4_adversarial_augmentation,train,randomization,representation_preserving_control,measured_target_from_graph_equivalent_source
poly_3517,C(O)(=O)C(CCC(=O)*)N*,Bandgap,5.9876,eV,phase4_adversarial_augmentation,train,randomization,representation_preserving_control,measured_target_from_graph_equivalent_source
poly_858,OS(=O)(c1c(ccc(*)c1)N*)=O,Bandgap,3.1216,eV,phase4_adversarial_augmentation,train,randomization,representation_preserving_control,measured_target_from_graph_equivalent_source
poly_920,n1c(-c2ccccc2)c(-c2ccccc2)nc2c1c(*)ccc2*,Bandgap,3.2043,eV,phase4_adversarial_augmentation,train,randomization,representation_preserving_control,measured_target_from_graph_equivalent_source
poly_3829,C(C(*)(F)C(=O)OCCC)*,Bandgap,6.4088,eV,phase4_adversarial_augmentation,train,randomization,representation_preserving_control,measured_target_from_graph_equivalent_source
poly_728,c1c(N2C(c3c(C2=O)ccc(c3)[Si](C)(C)c2cc3c(cc2)C(=O)N(*)C3=O)=O)ccc(c1)Cc1ccc(*)cc1,Bandgap,2.9543,eV,phase4_adversarial_augmentation,train,randomization,representation_preserving_control,measured_target_from_graph_equivalent_source
poly_3310,O(NCCCCCCN*)C(=O)CCCCC(=O)*,Bandgap,5.7949,eV,phase4_adversarial_augmentation,train,randomization,representation_preserving_control,measured_target_from_graph_equivalent_source
poly_3747,C1CCC(O*)(O)CC1*,Bandgap,6.2763,eV,phase4_adversarial_augmentation,train,randomization,representation_preserving_control,measured_target_from_graph_equivalent_source
poly_1053,N(C(NC(c1cccc(c1)C(=O)NC(*)=S)=O)=S)c1ccc(N*)cc1,Bandgap,3.381,eV,phase4_adversarial_augmentation,train,randomization,representation_preserving_control,measured_target_from_graph_equivalent_source
poly_3368,C(C(=O)*)(NC(C(C)N*)=O)C(C)C,Bandgap,5.8554,eV,phase4_adversarial_augmentation,train,randomization,representation_preserving_control,measured_target_from_graph_equivalent_source
poly_2645,C(Oc1ccc(cc1)Cc1ccc(cc1)O*)(=O)OCC1CCC(CC1)COC(=O)*,Bandgap,5.0983,eV,phase4_adversarial_augmentation,train,randomization,representation_preserving_control,measured_target_from_graph_equivalent_source
poly_186,c1c(sc(-c2ccc(s2)C(*)=S)c1)C(=O)*,Bandgap,2.0567,eV,phase4_adversarial_augmentation,train,randomization,representation_preserving_control,measured_target_from_graph_equivalent_source
poly_2049,c1c(ccc(c1)CC(NC(CCCCCCCCC(*)=O)=O)(C)C)N*,Bandgap,4.525,eV,phase4_adversarial_augmentation,train,randomization,representation_preserving_control,measured_target_from_graph_equivalent_source
poly_3396,C(CC*)CCCNC(NCCCCCNC(N*)=O)=O,Bandgap,5.8717,eV,phase4_adversarial_augmentation,train,randomization,representation_preserving_control,measured_target_from_graph_equivalent_source
poly_1614,C1(=O)C2C(C(N1*)=O)CC(CC2)C1CC2C(=O)N(c3ccc4C(=O)N(*)C(=O)c4c3)C(=O)C2CC1,Bandgap,4.0529,eV,phase4_adversarial_augmentation,train,randomization,representation_preserving_control,measured_target_from_graph_equivalent_source
poly_1301,c1(*)ccc2c(c1)SC1(CCC3(CC1)Nc1c(cc(cc1)*)S3)N2,Bandgap,3.6692,eV,phase4_adversarial_augmentation,train,randomization,representation_preserving_control,measured_target_from_graph_equivalent_source
poly_2756,O=C(CCCCSCCCCC(O*)=O)OCCCC*,Bandgap,5.1999,eV,phase4_adversarial_augmentation,train,randomization,representation_preserving_control,measured_target_from_graph_equivalent_source
poly_23,c1(CCCCCCCCCCC)nc2c(c(*)sc2*)nc1CCCCCCCCCCC,Bandgap,0.9973,eV,phase4_adversarial_augmentation,train,randomization,representation_preserving_control,measured_target_from_graph_equivalent_source
poly_2970,C(CCCCCCC)CCCCC(C(N*)=O)C(=O)NCCCCCCC*,Bandgap,5.4281,eV,phase4_adversarial_augmentation,train,randomization,representation_preserving_control,measured_target_from_graph_equivalent_source
poly_1734,O=C(*)c1ccc(OCCCCCCCCCCOc2ccc(C(Oc3ccc(cc3)C(C(F)(F)F)(c3ccc(cc3)O*)C(F)(F)F)=O)cc2)cc1,Bandgap,4.1771,eV,phase4_adversarial_augmentation,train,randomization,representation_preserving_control,measured_target_from_graph_equivalent_source
poly_3993,C(C*)(CC)*,Bandgap,6.6228,eV,phase4_adversarial_augmentation,train,randomization,representation_preserving_control,measured_target_from_graph_equivalent_source
poly_4145,C(*)CC(=O)O*,Bandgap,7.0157,eV,phase4_adversarial_augmentation,train,randomization,representation_preserving_control,measured_target_from_graph_equivalent_source
poly_1176,c1(ccc(NC(c2cccc(C(*)=O)c2)=O)cc1)N*,Bandgap,3.5313,eV,phase4_adversarial_augmentation,train,randomization,representation_preserving_control,measured_target_from_graph_equivalent_source
poly_3333,C(CCCCC(=O)NCCCCCNC(C(N*)=O)=O)CCCC(=O)NCCCCC*,Bandgap,5.8164,eV,phase4_adversarial_augmentation,train,randomization,representation_preserving_control,measured_target_from_graph_equivalent_source
poly_1356,C(*)CCCCOC(c1ccc2cc(C(=O)O*)ccc2c1)=O,Bandgap,3.7336,eV,phase4_adversarial_augmentation,train,randomization,representation_preserving_control,measured_target_from_graph_equivalent_source
poly_2574,c1cc(ccc1CC(O*)=O)CC(*)=O,Bandgap,5.0188,eV,phase4_adversarial_augmentation,train,randomization,representation_preserving_control,measured_target_from_graph_equivalent_source
poly_3931,*CCCCOC(C1CCC(C(O*)=O)CC1)=O,Bandgap,6.541,eV,phase4_adversarial_augmentation,train,randomization,representation_preserving_control,measured_target_from_graph_equivalent_source
poly_972,*C=C(*)C(CC)=O,Bandgap,3.276,eV,phase4_adversarial_augmentation,train,randomization,representation_preserving_control,measured_target_from_graph_equivalent_source
poly_3413,N1(CCN(*)CC1)C(=O)OC1CCC(OC(*)=O)CC1,Bandgap,5.8826,eV,phase4_adversarial_augmentation,train,randomization,representation_preserving_control,measured_target_from_graph_equivalent_source
poly_808,c1(ccc(cc1)S(=O)(=O)O)N=Nc1cc(c(O)c(*)c1)*,Bandgap,3.057,eV,phase4_adversarial_augmentation,train,randomization,representation_preserving_control,measured_target_from_graph_equivalent_source
poly_2760,*C/C(C)=C/C*,Bandgap,5.2046,eV,phase4_adversarial_augmentation,train,randomization,representation_preserving_control,measured_target_from_graph_equivalent_source
poly_1498,c1ccc(*)c(N)c1*,Bandgap,3.9193,eV,phase4_adversarial_augmentation,train,randomization,representation_preserving_control,measured_target_from_graph_equivalent_source
poly_752,*Oc1ccc(C(C)=Nc2ccc(N=C(C)c3ccc(*)cc3)cc2)cc1,Bandgap,2.9779,eV,phase4_adversarial_augmentation,train,randomization,representation_preserving_control,measured_target_from_graph_equivalent_source
poly_3203,*NC(=O)C(C(C(=O)NCCCCCC*)O)O,Bandgap,5.7069,eV,phase4_adversarial_augmentation,train,randomization,representation_preserving_control,measured_target_from_graph_equivalent_source
poly_43,c12c(c(n(c1=O)-c1ccc(C(Nc3ccc(-c4ccc(cc4)NC(c4ccc(cc4)*)=O)cc3)=O)cc1)=O)sc1c(s2)c(n(c1=O)*)=O,Bandgap,1.3147,eV,phase4_adversarial_augmentation,train,randomization,representation_preserving_control,measured_target_from_graph_equivalent_source
poly_1441,c1c(cccc1Oc1ccc(cc1)O*)C(=O)Oc1ccc(OC(c2cc(ccc2)*)=O)cc1,Bandgap,3.8378,eV,phase4_adversarial_augmentation,train,randomization,representation_preserving_control,measured_target_from_graph_equivalent_source
poly_1838,c1c(ccc(c1)OCCCCCCCCOc1ccc(C(Oc2ccc(O*)cc2)=O)cc1)C(=O)*,Bandgap,4.2916,eV,phase4_adversarial_augmentation,train,randomization,representation_preserving_control,measured_target_from_graph_equivalent_source
poly_19,C(CCCC(C(CCCCOC(NC(C)C)=O)=C=C=*)=*)OC(NC(C)C)=O,Bandgap,0.9608,eV,phase4_adversarial_augmentation,train,randomization,representation_preserving_control,measured_target_from_graph_equivalent_source
poly_1903,n1nc(-c2cccc(c2)-c2nnc(CCCC*)o2)oc1*,Bandgap,4.365,eV,phase4_adversarial_augmentation,train,randomization,representation_preserving_control,measured_target_from_graph_equivalent_source
poly_4081,*CCC(C(*)C)Cl,Bandgap,6.7598,eV,phase4_adversarial_augmentation,train,randomization,representation_preserving_control,measured_target_from_graph_equivalent_source
poly_1625,N(C(*)=O)NC(=O)c1cccc(n1)*,Bandgap,4.0655,eV,phase4_adversarial_augmentation,train,randomization,representation_preserving_control,measured_target_from_graph_equivalent_source
poly_638,*OC(=O)NCC1CC(CCC1)CNC(OCCN(CCCC(=O)Nc1ccc(N=Nc2ccccc2)cc1)CC*)=O,Bandgap,2.8476,eV,phase4_adversarial_augmentation,train,randomization,representation_preserving_control,measured_target_from_graph_equivalent_source
poly_1721,c1(*)ccc(cc1)[Si](c1ccc(cc1)-c1oc(*)nn1)(c1ccccc1)c1ccccc1,Bandgap,4.1689,eV,phase4_adversarial_augmentation,train,randomization,representation_preserving_control,measured_target_from_graph_equivalent_source
poly_1391,c1cc(OC(=O)c2cc(C(*)=O)ccc2)ccc1C(C)(C)c1ccc(cc1)O*,Bandgap,3.7705,eV,phase4_adversarial_augmentation,train,randomization,representation_preserving_control,measured_target_from_graph_equivalent_source
poly_2706,C(CCCCCCCCCC(=O)NCc1ccc(C*)cc1)CCCC(=O)N*,Bandgap,5.1486,eV,phase4_adversarial_augmentation,train,randomization,representation_preserving_control,measured_target_from_graph_equivalent_source
poly_1357,c1cc(ccc1C(Nc1cc(-c2[nH]c3ccccc3n2)cc(c1)NC(=O)c1ccc(OCCOCCOCCOCCOCC*)cc1)=O)O*,Bandgap,3.7337,eV,phase4_adversarial_augmentation,train,randomization,representation_preserving_control,measured_target_from_graph_equivalent_source
poly_1267,Oc1c2ncccc2c(C(*)C(C)C(=O)C*)cc1,Bandgap,3.636,eV,phase4_adversarial_augmentation,train,randomization,representation_preserving_control,measured_target_from_graph_equivalent_source
poly_804,C(Cc1nc2c(nc1CCCCCCC)c(ccc2*)*)CCCCC,Bandgap,3.0507,eV,phase4_adversarial_augmentation,train,randomization,representation_preserving_control,measured_target_from_graph_equivalent_source
poly_2733,C(C=CC(C)S(=O)(=O)*)*,Bandgap,5.1822,eV,phase4_adversarial_augmentation,train,randomization,representation_preserving_control,measured_target_from_graph_equivalent_source
poly_904,c1cc(-c2ccc(cc2)OCCCOC(=O)C(*)C*)ccc1C#N,Bandgap,3.1806,eV,phase4_adversarial_augmentation,train,randomization,representation_preserving_control,measured_target_from_graph_equivalent_source
poly_3244,C(C(*)=C)C*,Bandgap,5.7373,eV,phase4_adversarial_augmentation,train,randomization,representation_preserving_control,measured_target_from_graph_equivalent_source
poly_1152,*CC(c1ccc(cc1)-c1sc(cc1)*)=O,Bandgap,3.5015,eV,phase4_adversarial_augmentation,train,randomization,representation_preserving_control,measured_target_from_graph_equivalent_source
poly_3922,FC(F)(C(F)(*)F)COC(=O)C(C*)C,Bandgap,6.5301,eV,phase4_adversarial_augmentation,train,randomization,representation_preserving_control,measured_target_from_graph_equivalent_source
poly_297,[nH]1c(*)ccc1*,Bandgap,2.3622,eV,phase4_adversarial_augmentation,train,randomization,representation_preserving_control,measured_target_from_graph_equivalent_source
poly_1101,c1c(C(Oc2ccc(-c3ccc(O*)cc3)cc2)=O)cc(Oc2cccc(c2)C(=O)*)cc1,Bandgap,3.4375,eV,phase4_adversarial_augmentation,train,randomization,representation_preserving_control,measured_target_from_graph_equivalent_source
poly_1280,*CCNC(=S)*,Bandgap,3.6462,eV,phase4_adversarial_augmentation,train,randomization,representation_preserving_control,measured_target_from_graph_equivalent_source
poly_2636,c1c(c(*)ncc1*)C,Bandgap,5.0872,eV,phase4_adversarial_augmentation,train,randomization,representation_preserving_control,measured_target_from_graph_equivalent_source
poly_3757,O=C(CCC(OCCOCC*)=O)O*,Bandgap,6.2926,eV,phase4_adversarial_augmentation,train,randomization,representation_preserving_control,measured_target_from_graph_equivalent_source
poly_3716,C(CCCC*)CCCCCCCCCCCCCCCOC(=O)CC(O*)=O,Bandgap,6.2355,eV,phase4_adversarial_augmentation,train,randomization,representation_preserving_control,measured_target_from_graph_equivalent_source
poly_3154,C(CCCCCCCCCC*)CNC(C(=O)N*)=O,Bandgap,5.6418,eV,phase4_adversarial_augmentation,train,randomization,representation_preserving_control,measured_target_from_graph_equivalent_source
poly_1196,O(c1ccc(cc1)S(c1ccc(cc1)OC(=O)c1ccc(cc1)C(*)=O)(=O)=O)*,Bandgap,3.5538,eV,phase4_adversarial_augmentation,train,randomization,representation_preserving_control,measured_target_from_graph_equivalent_source
poly_539,c1(*)n(c(cc1)*)CCC(OCC)=O,Bandgap,2.7083,eV,phase4_adversarial_augmentation,train,randomization,representation_preserving_control,measured_target_from_graph_equivalent_source
poly_3549,C(CCCNC(CCC(N*)=O)=O)CC*,Bandgap,6.0201,eV,phase4_adversarial_augmentation,train,randomization,representation_preserving_control,measured_target_from_graph_equivalent_source
poly_3853,C(CC*)CCCS(=O)(*)=O,Bandgap,6.4491,eV,phase4_adversarial_augmentation,train,randomization,representation_preserving_control,measured_target_from_graph_equivalent_source
poly_2331,C(OC(=O)c1cc(ccc1)C(=O)OC(OCC1CCC(C*)CC1)C)(O*)C,Bandgap,4.7856,eV,phase4_adversarial_augmentation,train,randomization,representation_preserving_control,measured_target_from_graph_equivalent_source
poly_883,O=C(*)c1ccc(NC*)s1,Bandgap,3.1605,eV,phase4_adversarial_augmentation,train,randomization,representation_preserving_control,measured_target_from_graph_equivalent_source
poly_2207,*C(C*)C(=O)Oc1cc(c(Cl)cc1)C,Bandgap,4.6591,eV,phase4_adversarial_augmentation,train,randomization,representation_preserving_control,measured_target_from_graph_equivalent_source
poly_3835,C(C*)CCCCCCC(O*)=O,Bandgap,6.417000000000002,eV,phase4_adversarial_augmentation,train,randomization,representation_preserving_control,measured_target_from_graph_equivalent_source
poly_1427,c1c(ccc(c1)C(OCC(C)(C*)C)=O)-c1ccc(cc1)C(O*)=O,Bandgap,3.8251,eV,phase4_adversarial_augmentation,train,randomization,representation_preserving_control,measured_target_from_graph_equivalent_source
poly_2036,C(C(O)C*)N(c1cc(cc(c1)C)C)*,Bandgap,4.5108,eV,phase4_adversarial_augmentation,train,randomization,representation_preserving_control,measured_target_from_graph_equivalent_source
poly_601,N(*)c1ccc(-c2ccc(s2)-c2ccc(*)cc2)cc1,Bandgap,2.7925,eV,phase4_adversarial_augmentation,train,randomization,representation_preserving_control,measured_target_from_graph_equivalent_source
poly_2908,c1ccccc1CC(N*)C(=O)NC(C)C(=O)NCC(*)=O,Bandgap,5.3565,eV,phase4_adversarial_augmentation,train,randomization,representation_preserving_control,measured_target_from_graph_equivalent_source
poly_2945,C(*)CC1CN(C(C1*)=O)C(C)(C)C,Bandgap,5.4055,eV,phase4_adversarial_augmentation,train,randomization,representation_preserving_control,measured_target_from_graph_equivalent_source
poly_594,c1cc(ccc1C1(CCC(C(C)(C)C)CC1)c1ccc(cc1)NC(*)=O)N1C(c2c(cc(*)cc2)C1=O)=O,Bandgap,2.786,eV,phase4_adversarial_augmentation,train,randomization,representation_preserving_control,measured_target_from_graph_equivalent_source
poly_2117,C(CCC*)CCCCCC#CC#CCCCCCCCCCOC(CCCCCCCCC(=O)O*)=O,Bandgap,4.5832,eV,phase4_adversarial_augmentation,train,randomization,representation_preserving_control,measured_target_from_graph_equivalent_source
poly_3345,C(OC(F)(F)C(F)(F)C(O*)(C)C)COCCC1C(*)C1,Bandgap,5.8237,eV,phase4_adversarial_augmentation,train,randomization,representation_preserving_control,measured_target_from_graph_equivalent_source
poly_955,C(C*)CCOc1ccc(cc1)OC(c1ccc(C(=O)Oc2ccc(cc2)O*)c(C(=O)OCC=C)c1)=O,Bandgap,3.2573,eV,phase4_adversarial_augmentation,train,randomization,representation_preserving_control,measured_target_from_graph_equivalent_source
poly_2295,c1c(C(=O)NC(OCC(C*)CCCCCCCCCCCC)=O)cc(cc1)C(NC(O*)=O)=O,Bandgap,4.7494,eV,phase4_adversarial_augmentation,train,randomization,representation_preserving_control,measured_target_from_graph_equivalent_source
poly_827,c1(*)ccc(cc1)-c1oc2c(cc(cc2)-c2ccc3c(c2)nc(*)o3)n1,Bandgap,3.0845,eV,phase4_adversarial_augmentation,train,randomization,representation_preserving_control,measured_target_from_graph_equivalent_source
poly_777,c1c(NC(c2cc(C(=O)Nc3ccc(N4C(c5c(C4=O)cc(*)cc5)=O)cc3)ccc2)=O)ccc(NC(*)=O)c1,Bandgap,3.0011,eV,phase4_adversarial_augmentation,train,randomization,representation_preserving_control,measured_target_from_graph_equivalent_source
poly_853,c1c(ccc(*)c1)Oc1cc(ccc1)Oc1ccc(cc1)N1C(=S)N(C(=O)CC1=O)*,Bandgap,3.1165,eV,phase4_adversarial_augmentation,train,randomization,representation_preserving_control,measured_target_from_graph_equivalent_source
poly_137,c12c(ccc(c2)C(*)=O)C(=O)N(c2ccc(N(c3ccc(C#N)cc3)c3ccc(N4C(c5c(cc(*)cc5)C4=O)=O)cc3)cc2)C1=O,Bandgap,1.8892,eV,phase4_adversarial_augmentation,train,randomization,representation_preserving_control,measured_target_from_graph_equivalent_source
poly_293,C(c1sc(-c2ccc(cc2)C(=S)*)cc1)(=O)*,Bandgap,2.3582,eV,phase4_adversarial_augmentation,train,randomization,representation_preserving_control,measured_target_from_graph_equivalent_source
poly_1157,P(Cl)(Cl)(=N*)*,Bandgap,3.5076,eV,phase4_adversarial_augmentation,train,randomization,representation_preserving_control,measured_target_from_graph_equivalent_source
poly_1472,c1cc(ccc1C1(CCCCC1)c1ccc(cc1)*)Oc1ccc(cc1)S(=O)(=O)c1ccc(cc1)O*,Bandgap,3.8881,eV,phase4_adversarial_augmentation,train,randomization,representation_preserving_control,measured_target_from_graph_equivalent_source
poly_1076,CC(=C(C#N)*)*,Bandgap,3.4072,eV,phase4_adversarial_augmentation,train,randomization,representation_preserving_control,measured_target_from_graph_equivalent_source
poly_2408,C(c1ccc(cc1)Cc1ccc(CCS*)cc1)C*,Bandgap,4.8714,eV,phase4_adversarial_augmentation,train,randomization,representation_preserving_control,measured_target_from_graph_equivalent_source
poly_3951,C(CC(=O)OCCOCC*)CCCC(=O)O*,Bandgap,6.5754,eV,phase4_adversarial_augmentation,train,randomization,representation_preserving_control,measured_target_from_graph_equivalent_source
poly_700,n1c(csc1-c1ccc(-c2ccc(cc2)*)cc1)-c1ccc(-c2nc(*)sc2)cc1,Bandgap,2.9236,eV,phase4_adversarial_augmentation,train,randomization,representation_preserving_control,measured_target_from_graph_equivalent_source
poly_1198,c1c(OC(c2cccc(C(*)=O)c2)=O)ccc(C(c2ccc(O*)cc2)c2ccccc2)c1,Bandgap,3.5599,eV,phase4_adversarial_augmentation,train,randomization,representation_preserving_control,measured_target_from_graph_equivalent_source
poly_1777,c1cc(OC(*)=O)ccc1S(=O)(c1ccc(O*)cc1)=O,Bandgap,4.2329,eV,phase4_adversarial_augmentation,train,randomization,representation_preserving_control,measured_target_from_graph_equivalent_source
poly_4193,*C(C(F)(F)*)F,Bandgap,8.2406,eV,phase4_adversarial_augmentation,train,randomization,representation_preserving_control,measured_target_from_graph_equivalent_source
poly_2249,Cc1c(O*)c(C)cc(-c2cc(c(c(C)c2)OC(CCCCCC(*)=O)=O)C)c1,Bandgap,4.7046,eV,phase4_adversarial_augmentation,train,randomization,representation_preserving_control,measured_target_from_graph_equivalent_source
poly_3301,*CCCOC(N1CCC(CC1)*)=O,Bandgap,5.7887,eV,phase4_adversarial_augmentation,train,randomization,representation_preserving_control,measured_target_from_graph_equivalent_source
poly_1670,C(Oc1c2cccc(O*)c2ccc1)(=O)Oc1c(Cl)cc(OC(*)=O)cc1,Bandgap,4.1142,eV,phase4_adversarial_augmentation,train,randomization,representation_preserving_control,measured_target_from_graph_equivalent_source
poly_3602,C(CNC(O*)=O)CCCCNC(OCCCCCCCCCCCC*)=O,Bandgap,6.0664,eV,phase4_adversarial_augmentation,train,randomization,representation_preserving_control,measured_target_from_graph_equivalent_source
poly_741,c1(-c2ccc(cc2)C(*)=S)ccc(cc1)C*,Bandgap,2.9669,eV,phase4_adversarial_augmentation,train,randomization,representation_preserving_control,measured_target_from_graph_equivalent_source
poly_1717,C(NCCCCCCC*)(N*)=S,Bandgap,4.1652,eV,phase4_adversarial_augmentation,train,randomization,representation_preserving_control,measured_target_from_graph_equivalent_source
poly_4115,C(O*)(C)COC(=O)*,Bandgap,6.8711,eV,phase4_adversarial_augmentation,train,randomization,representation_preserving_control,measured_target_from_graph_equivalent_source
poly_2713,C(NC(=O)*)CSCCCSCCNC(=O)OC1CCC(O*)CC1,Bandgap,5.1585,eV,phase4_adversarial_augmentation,train,randomization,representation_preserving_control,measured_target_from_graph_equivalent_source
poly_3646,CC(O[Si](O*)(C)C)CC*,Bandgap,6.1309,eV,phase4_adversarial_augmentation,train,randomization,representation_preserving_control,measured_target_from_graph_equivalent_source
poly_1303,c1c(*)cc(cc1)Oc1cccc(C(=O)c2cccc(O*)c2)c1,Bandgap,3.6705,eV,phase4_adversarial_augmentation,train,randomization,representation_preserving_control,measured_target_from_graph_equivalent_source
poly_447,*c1ccc(C=C2CCC(C2=O)=C*)cc1,Bandgap,2.5715,eV,phase4_adversarial_augmentation,train,randomization,representation_preserving_control,measured_target_from_graph_equivalent_source
poly_806,c1cc(*)cc2nc(c(-c3ccc(cc3)-c3nc4c(cc(cc4)C(=O)*)nc3-c3ccccc3)nc12)-c1ccccc1,Bandgap,3.0546,eV,phase4_adversarial_augmentation,train,randomization,representation_preserving_control,measured_target_from_graph_equivalent_source
poly_58,c1(c(-c2c(cc(Br)c(c2)C)C)cc(*)s1)*,Bandgap,1.4380000000000002,eV,phase4_adversarial_augmentation,train,randomization,representation_preserving_control,measured_target_from_graph_equivalent_source
poly_2747,O=C(O*)OCc1ccc(cc1)C*,Bandgap,5.1911,eV,phase4_adversarial_augmentation,train,randomization,representation_preserving_control,measured_target_from_graph_equivalent_source
poly_931,c1(ccc(*)c2nccnc21)*,Bandgap,3.225,eV,phase4_adversarial_augmentation,train,randomization,representation_preserving_control,measured_target_from_graph_equivalent_source
poly_3181,O(*)C(C*)(CCl)CCl,Bandgap,5.6681,eV,phase4_adversarial_augmentation,train,randomization,representation_preserving_control,measured_target_from_graph_equivalent_source
poly_1902,C(SCCSCC(O*)=O)C(=O)*,Bandgap,4.3646,eV,phase4_adversarial_augmentation,train,randomization,representation_preserving_control,measured_target_from_graph_equivalent_source
poly_2811,C(CCC(NCc1ccc(cc1)C*)=O)CCCCCCCCCCCCC(=O)N*,Bandgap,5.2536,eV,phase4_adversarial_augmentation,train,randomization,representation_preserving_control,measured_target_from_graph_equivalent_source
poly_1241,*c1ccc2c(c1)cc(*)cc2,Bandgap,3.6133,eV,phase4_adversarial_augmentation,train,randomization,representation_preserving_control,measured_target_from_graph_equivalent_source
poly_1921,c1(c(c(c(c(C)c1CSC(CCC(S*)=O)=O)C)C*)C)C,Bandgap,4.3904,eV,phase4_adversarial_augmentation,train,randomization,representation_preserving_control,measured_target_from_graph_equivalent_source
poly_3543,C(C(=O)N*)C(NC*)=O,Bandgap,6.0152,eV,phase4_adversarial_augmentation,train,randomization,representation_preserving_control,measured_target_from_graph_equivalent_source
poly_1908,c1c(Br)c(c(Br)cc1O*)C(c1c(Br)cc(OC(*)=O)cc1Br)(C)C,Bandgap,4.3708,eV,phase4_adversarial_augmentation,train,randomization,representation_preserving_control,measured_target_from_graph_equivalent_source
poly_3969,*C(C*)OC(CCCCCCC)=O,Bandgap,6.5982,eV,phase4_adversarial_augmentation,train,randomization,representation_preserving_control,measured_target_from_graph_equivalent_source
poly_1825,C(Oc1ccc(cc1)C(OC(c1c(cccc1)C(=O)OC(c1ccc(cc1)O*)=O)=O)=O)C*,Bandgap,4.2778,eV,phase4_adversarial_augmentation,train,randomization,representation_preserving_control,measured_target_from_graph_equivalent_source
poly_1556,c1cc(cc2Sc3ccc(cc3Sc12)*)S*,Bandgap,3.9872,eV,phase4_adversarial_augmentation,train,randomization,representation_preserving_control,measured_target_from_graph_equivalent_source
poly_28,c1c(sc(-c2ccc(*)s2)c1)C(c1cccs1)=c1ccc(s1)=c1ccc(=C(*)c2cccs2)s1,Bandgap,1.0912,eV,phase4_adversarial_augmentation,train,randomization,representation_preserving_control,measured_target_from_graph_equivalent_source
poly_3765,C(OC)(=O)C(C(C)*)*,Bandgap,6.3068,eV,phase4_adversarial_augmentation,train,randomization,representation_preserving_control,measured_target_from_graph_equivalent_source
poly_2565,C1C(S*)CC(CC1)*,Bandgap,5.0122,eV,phase4_adversarial_augmentation,train,randomization,representation_preserving_control,measured_target_from_graph_equivalent_source
poly_2131,c1c(C(N(C)c2cccc(c2)N(*)C)=O)cccc1C(*)=O,Bandgap,4.5971,eV,phase4_adversarial_augmentation,train,randomization,representation_preserving_control,measured_target_from_graph_equivalent_source
poly_3515,C(NCCCCCCCCCC*)(CCC(=O)N*)=O,Bandgap,5.9859,eV,phase4_adversarial_augmentation,train,randomization,representation_preserving_control,measured_target_from_graph_equivalent_source
poly_3435,C(CCCCC(=O)*)CCCCCNC(C(N*)C)=O,Bandgap,5.9043,eV,phase4_adversarial_augmentation,train,randomization,representation_preserving_control,measured_target_from_graph_equivalent_source
poly_1594,C(Nc1cc(ccc1)N*)(c1cc(ccc1)C(=O)*)=O,Bandgap,4.0305,eV,phase4_adversarial_augmentation,train,randomization,representation_preserving_control,measured_target_from_graph_equivalent_source
poly_710,c1(*)[nH]c(*)cc1CC(OCCCCCCCC)=O,Bandgap,2.9373,eV,phase4_adversarial_augmentation,train,randomization,representation_preserving_control,measured_target_from_graph_equivalent_source
poly_431,c1c(sc(c1)-c1ccc(n1-c1c(F)c(c(c(c1F)F)F)F)*)-c1sc(*)cc1,Bandgap,2.5527,eV,phase4_adversarial_augmentation,train,randomization,representation_preserving_control,measured_target_from_graph_equivalent_source
poly_1462,C(*)(C(Oc1ccc([N+]([O-])=O)cc1)=O)C*,Bandgap,3.8697,eV,phase4_adversarial_augmentation,train,randomization,representation_preserving_control,measured_target_from_graph_equivalent_source
poly_1841,c1c(Cc2ccc(C(O*)=O)cc2)ccc(c1)C(=O)OCCOCC*,Bandgap,4.2931,eV,phase4_adversarial_augmentation,train,randomization,representation_preserving_control,measured_target_from_graph_equivalent_source
poly_2061,c1c(ccc(NC(=O)CCCCCCC(=O)*)c1)N*,Bandgap,4.5337,eV,phase4_adversarial_augmentation,train,randomization,representation_preserving_control,measured_target_from_graph_equivalent_source
poly_2595,C(SSCC*)COCO*,Bandgap,5.0437,eV,phase4_adversarial_augmentation,train,randomization,representation_preserving_control,measured_target_from_graph_equivalent_source
poly_195,C1(c2cc(*)sc2-c2c1cc(s2)*)CCCCCCN,Bandgap,2.0844,eV,phase4_adversarial_augmentation,train,randomization,representation_preserving_control,measured_target_from_graph_equivalent_source
poly_22,N(C(NO*)=S)*,Bandgap,0.9802,eV,phase4_adversarial_augmentation,train,randomization,representation_preserving_control,measured_target_from_graph_equivalent_source
poly_1138,c1c(C(OCc2oc(cc2)*)=O)ccc(C(OC*)=O)c1,Bandgap,3.4760000000000004,eV,phase4_adversarial_augmentation,train,randomization,representation_preserving_control,measured_target_from_graph_equivalent_source
poly_2529,S(CCCCSCCNC(OCCCCC*)=O)CCNC(=O)O*,Bandgap,4.9762,eV,phase4_adversarial_augmentation,train,randomization,representation_preserving_control,measured_target_from_graph_equivalent_source
poly_1736,N(*)C(C(*)=O)Cc1ccc(cc1)OC(OCc1ccccc1)=O,Bandgap,4.1786,eV,phase4_adversarial_augmentation,train,randomization,representation_preserving_control,measured_target_from_graph_equivalent_source
poly_160,C(CN(*)c1ccc(N=Nc2ccc(cc2)C#N)cc1)(O)C*,Bandgap,1.9599,eV,phase4_adversarial_augmentation,train,randomization,representation_preserving_control,measured_target_from_graph_equivalent_source
poly_542,c1(-c2ccc(cc2)C(*)=S)ccc(C*)s1,Bandgap,2.7094,eV,phase4_adversarial_augmentation,train,randomization,representation_preserving_control,measured_target_from_graph_equivalent_source
poly_2783,OC(C(CCCCNC(=O)CCCCC(=O)*)N*)=O,Bandgap,5.2248,eV,phase4_adversarial_augmentation,train,randomization,representation_preserving_control,measured_target_from_graph_equivalent_source
poly_2819,c1(CNC(CCCCCC(C)CC(=O)N*)=O)c(c(c(C*)c(C)c1C)C)C,Bandgap,5.2631,eV,phase4_adversarial_augmentation,train,randomization,representation_preserving_control,measured_target_from_graph_equivalent_source
poly_3194,C(C(=O)N*)CCCCCCC(=O)NCC1CCC(CC1)C*,Bandgap,5.6927,eV,phase4_adversarial_augmentation,train,randomization,representation_preserving_control,measured_target_from_graph_equivalent_source
poly_4134,OCC1C(O)C(O*)C(O)C(O1)*,Bandgap,6.9578,eV,phase4_adversarial_augmentation,train,randomization,representation_preserving_control,measured_target_from_graph_equivalent_source
poly_2785,C(CCS*)C*,Bandgap,5.2255,eV,phase4_adversarial_augmentation,train,randomization,representation_preserving_control,measured_target_from_graph_equivalent_source
poly_3237,N(CC(*)=O)C(=O)C(N*)C,Bandgap,5.7343,eV,phase4_adversarial_augmentation,train,randomization,representation_preserving_control,measured_target_from_graph_equivalent_source
poly_3335,O=C(NCCCCC*)CCCCCCC(N*)=O,Bandgap,5.8169,eV,phase4_adversarial_augmentation,train,randomization,representation_preserving_control,measured_target_from_graph_equivalent_source
poly_543,C(CCCCOCc1c(*)sc(c1)*)CCCOc1ccc(cc1)-c1ccc(C#N)cc1,Bandgap,2.7101,eV,phase4_adversarial_augmentation,train,randomization,representation_preserving_control,measured_target_from_graph_equivalent_source
poly_4124,O(*)N(C(F)(F)F)C(C(F)(F)F)(F)C(F)(F)*,Bandgap,6.9062,eV,phase4_adversarial_augmentation,train,randomization,representation_preserving_control,measured_target_from_graph_equivalent_source
poly_1317,c1(ccc(*)cc1)S*,Bandgap,3.6929,eV,phase4_adversarial_augmentation,train,randomization,representation_preserving_control,measured_target_from_graph_equivalent_source
poly_2082,C(/C=C\C*)C*,Bandgap,4.5524,eV,phase4_adversarial_augmentation,train,randomization,representation_preserving_control,measured_target_from_graph_equivalent_source
poly_1271,S=C(O*)Oc1ccc(s1)*,Bandgap,3.6393,eV,phase4_adversarial_augmentation,train,randomization,representation_preserving_control,measured_target_from_graph_equivalent_source
poly_3069,*NC(C(CCCC*)N)=O,Bandgap,5.5468,eV,phase4_adversarial_augmentation,train,randomization,representation_preserving_control,measured_target_from_graph_equivalent_source
poly_1537,S=C(*)Oc1ccc(N*)cc1,Bandgap,3.9628,eV,phase4_adversarial_augmentation,train,randomization,representation_preserving_control,measured_target_from_graph_equivalent_source
poly_2750,C(c1ccc(CNC(=O)CCCCC*)cc1)NC(=O)CCCCCO*,Bandgap,5.1934,eV,phase4_adversarial_augmentation,train,randomization,representation_preserving_control,measured_target_from_graph_equivalent_source
poly_2661,N(C(C(N*)=O)=O)CCCC*,Bandgap,5.1079,eV,phase4_adversarial_augmentation,train,randomization,representation_preserving_control,measured_target_from_graph_equivalent_source
poly_3529,C(CCCCCCCCCCCCCCCC*)(N*)=O,Bandgap,5.9993,eV,phase4_adversarial_augmentation,train,randomization,representation_preserving_control,measured_target_from_graph_equivalent_source
poly_1638,C(C(c1ccc(*)cc1)=O)NNCC(c1ccc(O*)cc1)=O,Bandgap,4.0817,eV,phase4_adversarial_augmentation,train,randomization,representation_preserving_control,measured_target_from_graph_equivalent_source
poly_1454,*Oc1ccc2c(c1)C(N(C2=O)Oc1ccc(cc1)C(N1C(CC(C1=O)*)=O)(C(F)(F)F)C(F)(F)F)=O,Bandgap,3.8595,eV,phase4_adversarial_augmentation,train,randomization,representation_preserving_control,measured_target_from_graph_equivalent_source
poly_1946,c1c(ccc(c1)O*)C(=O)OCCCCOC(=O)c1ccc(cc1)*,Bandgap,4.4175,eV,phase4_adversarial_augmentation,train,randomization,representation_preserving_control,measured_target_from_graph_equivalent_source
poly_572,c1cc(*)cc2Sc3cc(ccc3N(CCCCCCCC)c21)C=C*,Bandgap,2.7454,eV,phase4_adversarial_augmentation,train,randomization,representation_preserving_control,measured_target_from_graph_equivalent_source
poly_3519,*NC(C(=O)*)CC(C)C,Bandgap,5.9901,eV,phase4_adversarial_augmentation,train,randomization,representation_preserving_control,measured_target_from_graph_equivalent_source
poly_2201,C(c1oc(cc1)COCc1ccc(COC(=O)NC*)o1)OC(NCc1oc(C(C)(c2oc(cc2)*)C)cc1)=O,Bandgap,4.6560000000000015,eV,phase4_adversarial_augmentation,train,randomization,representation_preserving_control,measured_target_from_graph_equivalent_source
poly_3672,O(*)C(=O)NCCCCCCCCCCNC(OCC*)=O,Bandgap,6.1704,eV,phase4_adversarial_augmentation,train,randomization,representation_preserving_control,measured_target_from_graph_equivalent_source
poly_3309,C(C1(C(O)=O)CC(C(O)=O)(*)COC1)*,Bandgap,5.7946,eV,phase4_adversarial_augmentation,train,randomization,representation_preserving_control,measured_target_from_graph_equivalent_source
poly_659,O=C(C1C(C2(O)C(C(C2)*)C1)=O)C(=O)C1C(=O)N(C)C(*)=CC1C,Bandgap,2.8766,eV,phase4_adversarial_augmentation,train,randomization,representation_preserving_control,measured_target_from_graph_equivalent_source
poly_3577,*NC(CC(*)=O)C(C)C,Bandgap,6.0457,eV,phase4_adversarial_augmentation,train,randomization,representation_preserving_control,measured_target_from_graph_equivalent_source
poly_3444,C(CCCCC*)CCCCNC(CCCCCCC(N*)=O)=O,Bandgap,5.9109,eV,phase4_adversarial_augmentation,train,randomization,representation_preserving_control,measured_target_from_graph_equivalent_source
poly_3098,*CCCC1CC(=O)N(*)C(=O)C1,Bandgap,5.5771,eV,phase4_adversarial_augmentation,train,randomization,representation_preserving_control,measured_target_from_graph_equivalent_source
poly_3985,O(C(=O)CCCC*)*,Bandgap,6.6123,eV,phase4_adversarial_augmentation,train,randomization,representation_preserving_control,measured_target_from_graph_equivalent_source
poly_2257,c1cccc(c1)C(Cc1ccc(O*)cc1)(C#N)Cc1ccc(cc1)*,Bandgap,4.7079,eV,phase4_adversarial_augmentation,train,randomization,representation_preserving_control,measured_target_from_graph_equivalent_source
poly_3771,C(C(OC(C(*)C*)=O)C)C(C)C,Bandgap,6.3188,eV,phase4_adversarial_augmentation,train,randomization,representation_preserving_control,measured_target_from_graph_equivalent_source
poly_3499,N(C(CCC(=O)NCCCCCCCC*)=O)*,Bandgap,5.9681,eV,phase4_adversarial_augmentation,train,randomization,representation_preserving_control,measured_target_from_graph_equivalent_source
poly_3481,O(CC)C(=O)C(C*)(Cl)*,Bandgap,5.9476,eV,phase4_adversarial_augmentation,train,randomization,representation_preserving_control,measured_target_from_graph_equivalent_source
poly_3145,O(C)CC(O*)C*,Bandgap,5.6346,eV,phase4_adversarial_augmentation,train,randomization,representation_preserving_control,measured_target_from_graph_equivalent_source
poly_2139,c1c(C(*)=O)ccc(O*)c1CCCCCCCCCC,Bandgap,4.6014,eV,phase4_adversarial_augmentation,train,randomization,representation_preserving_control,measured_target_from_graph_equivalent_source
poly_1851,c1(C(OCc2ccc(C*)cc2)=O)cc(C(O*)=O)ccc1,Bandgap,4.3023,eV,phase4_adversarial_augmentation,train,randomization,representation_preserving_control,measured_target_from_graph_equivalent_source
poly_1686,c1(c(OC)cc(O*)c(c1)OC)*,Bandgap,4.1411,eV,phase4_adversarial_augmentation,train,randomization,representation_preserving_control,measured_target_from_graph_equivalent_source
poly_474,c1cc2c(cccc2)c(c1O*)N=Nc1ccc(cc1)C(*)=O,Bandgap,2.6102,eV,phase4_adversarial_augmentation,train,randomization,representation_preserving_control,measured_target_from_graph_equivalent_source
poly_1062,c1(ccc(cc1)N=Nc1ccc(cc1)*)O*,Bandgap,3.3958,eV,phase4_adversarial_augmentation,train,randomization,representation_preserving_control,measured_target_from_graph_equivalent_source
poly_3777,C(C(=O)*)CCCCCCCC(O*)=O,Bandgap,6.3268,eV,phase4_adversarial_augmentation,train,randomization,representation_preserving_control,measured_target_from_graph_equivalent_source
poly_4061,CC(CC(=O)O*)CCC(OCCCCC*)=O,Bandgap,6.7309,eV,phase4_adversarial_augmentation,train,randomization,representation_preserving_control,measured_target_from_graph_equivalent_source
poly_3794,O=C(C(C*)(Cl)*)OC(C)C,Bandgap,6.3507,eV,phase4_adversarial_augmentation,train,randomization,representation_preserving_control,measured_target_from_graph_equivalent_source
poly_2591,C(CCN)CC(N*)C(*)=O,Bandgap,5.0339,eV,phase4_adversarial_augmentation,train,randomization,representation_preserving_control,measured_target_from_graph_equivalent_source
poly_810,c1c2cc(ccc2ccc1)-c1nc2c(nc1-c1cccc(c1)*)cc(-c1cc3nc(-c4ccc5ccccc5c4)c(nc3cc1)*)cc2,Bandgap,3.0593,eV,phase4_adversarial_augmentation,train,randomization,representation_preserving_control,measured_target_from_graph_equivalent_source
poly_1015,n1c2c(ccc(*)c2)[nH]c1-c1cc(ccc1)-c1[nH]c2c(n1)cc(C(=O)Nc1cc(ccc1)NC(=O)*)cc2,Bandgap,3.34,eV,phase4_adversarial_augmentation,train,randomization,representation_preserving_control,measured_target_from_graph_equivalent_source
poly_622,c1(n(C)c(cc1)-c1ccc(*)nc1)-c1ccc(n1C)*,Bandgap,2.818,eV,phase4_adversarial_augmentation,train,randomization,representation_preserving_control,measured_target_from_graph_equivalent_source
poly_1421,c1c(C#N)ccc(-c2ccc(cc2)OCC(C*)O*)c1,Bandgap,3.8156,eV,phase4_adversarial_augmentation,train,randomization,representation_preserving_control,measured_target_from_graph_equivalent_source
poly_48,C(CCC)CCC1=C(S(C(=C1CCCCCC)*)(=O)=O)c1c2c(c(s1)-c1c3OCCOc3c(*)s1)OCCO2,Bandgap,1.3578,eV,phase4_adversarial_augmentation,train,randomization,representation_preserving_control,measured_target_from_graph_equivalent_source
poly_3193,N1(*)C(CN(C(CCCCCCCCC(=O)*)=O)C(C1)C)C,Bandgap,5.6918,eV,phase4_adversarial_augmentation,train,randomization,representation_preserving_control,measured_target_from_graph_equivalent_source
poly_4077,C(CCCCC*)OC(CCCCCCCCC(=O)O*)=O,Bandgap,6.7561,eV,phase4_adversarial_augmentation,train,randomization,representation_preserving_control,measured_target_from_graph_equivalent_source
poly_4088,C(*)C(C(OCC(C(F)F)(F)F)=O)(*)F,Bandgap,6.7718,eV,phase4_adversarial_augmentation,train,randomization,representation_preserving_control,measured_target_from_graph_equivalent_source
poly_2979,C(C#CCCCCCCCC*)#C*,Bandgap,5.4425,eV,phase4_adversarial_augmentation,train,randomization,representation_preserving_control,measured_target_from_graph_equivalent_source
poly_3311,C(C*)C1C(N(CC)C(C1*)=O)=O,Bandgap,5.7968,eV,phase4_adversarial_augmentation,train,randomization,representation_preserving_control,measured_target_from_graph_equivalent_source
poly_1262,c1c2c(cc(-c3cc4c(C(=O)N(C4=O)*)cc3)c1)C(N(C1CC(C)(C)CC(C)(C1)C*)C2=O)=O,Bandgap,3.6299,eV,phase4_adversarial_augmentation,train,randomization,representation_preserving_control,measured_target_from_graph_equivalent_source
poly_1163,c1nc(*)c(C)cc1-c1cnc(c(C)c1)*,Bandgap,3.5147,eV,phase4_adversarial_augmentation,train,randomization,representation_preserving_control,measured_target_from_graph_equivalent_source
poly_2784,N#CC(C*)/C=C\*,Bandgap,5.2253,eV,phase4_adversarial_augmentation,train,randomization,representation_preserving_control,measured_target_from_graph_equivalent_source
poly_847,c1cc2nc(cnc2cc1-c1ccc2nc(*)cnc2c1)-c1ccc(*)cc1,Bandgap,3.1087,eV,phase4_adversarial_augmentation,train,randomization,representation_preserving_control,measured_target_from_graph_equivalent_source
poly_3820,C(CCCCCC(O*)=O)CC(=O)OCCC*,Bandgap,6.3801,eV,phase4_adversarial_augmentation,train,randomization,representation_preserving_control,measured_target_from_graph_equivalent_source
poly_3340,*OC(CCCC(NCCCCCC*)=O)=O,Bandgap,5.8204,eV,phase4_adversarial_augmentation,train,randomization,representation_preserving_control,measured_target_from_graph_equivalent_source
poly_3971,C(CCCC(=O)OCCOCC*)CCC(O*)=O,Bandgap,6.6005,eV,phase4_adversarial_augmentation,train,randomization,representation_preserving_control,measured_target_from_graph_equivalent_source
poly_3438,C(Cl)(CCCCCCCCC*)CCCCCCCCCC=C*,Bandgap,5.9057,eV,phase4_adversarial_augmentation,train,randomization,representation_preserving_control,measured_target_from_graph_equivalent_source
poly_3071,C(C*)(C)/C=C\*,Bandgap,5.547999999999999,eV,phase4_adversarial_augmentation,train,randomization,representation_preserving_control,measured_target_from_graph_equivalent_source
poly_1496,CC(C(C)O*)Oc1cc(nc2ccc(C)cc12)*,Bandgap,3.9147,eV,phase4_adversarial_augmentation,train,randomization,representation_preserving_control,measured_target_from_graph_equivalent_source
poly_389,c1c(-c2ccc(-c3ccc(cc3)-c3ccc(*)cc3)cc2)ccc(c1)*,Bandgap,2.5019,eV,phase4_adversarial_augmentation,train,randomization,representation_preserving_control,measured_target_from_graph_equivalent_source
poly_4100,CC(OC(C*)*)=O,Bandgap,6.7973,eV,phase4_adversarial_augmentation,train,randomization,representation_preserving_control,measured_target_from_graph_equivalent_source
poly_3588,C(N*)(CC(CCC*)C)=O,Bandgap,6.0572,eV,phase4_adversarial_augmentation,train,randomization,representation_preserving_control,measured_target_from_graph_equivalent_source
poly_3410,O=C(CNC(C*)=O)O*,Bandgap,5.879,eV,phase4_adversarial_augmentation,train,randomization,representation_preserving_control,measured_target_from_graph_equivalent_source
poly_1893,O=C(c1ccc(*)s1)NC*,Bandgap,4.3473,eV,phase4_adversarial_augmentation,train,randomization,representation_preserving_control,measured_target_from_graph_equivalent_source
poly_1959,C1CCC2C3C(c4cc(c(OC(*)=O)c(Cl)c4)Cl)(c4cc(c(c(Cl)c4)O*)Cl)CC(C12)C3,Bandgap,4.4278,eV,phase4_adversarial_augmentation,train,randomization,representation_preserving_control,measured_target_from_graph_equivalent_source
poly_2833,C(=O)(N(C)Cc1ccc(cc1)C*)CCCCC(=O)N(*)C,Bandgap,5.2834,eV,phase4_adversarial_augmentation,train,randomization,representation_preserving_control,measured_target_from_graph_equivalent_source
poly_1068,c1c(O*)ccc(c1)Oc1ccc(cc1)NC(=C(C#N)C#N)c1ccc(cc1)-c1ccc(cc1)-c1ccc(cc1)C(Nc1ccc(cc1)*)=C(C#N)C#N,Bandgap,3.4011,eV,phase4_adversarial_augmentation,train,randomization,representation_preserving_control,measured_target_from_graph_equivalent_source
poly_1767,c1(ccc(C(=O)c2ccc(cc2)OCC(O)C*)cc1)O*,Bandgap,4.2124,eV,phase4_adversarial_augmentation,train,randomization,representation_preserving_control,measured_target_from_graph_equivalent_source
poly_3388,C(*)C1(CC(C)(C(OC1=O)=O)*)C,Bandgap,5.867000000000001,eV,phase4_adversarial_augmentation,train,randomization,representation_preserving_control,measured_target_from_graph_equivalent_source
poly_4065,C(CCCCC(=O)O*)(=O)OCCCCCCCCCCCCCCCC*,Bandgap,6.7432,eV,phase4_adversarial_augmentation,train,randomization,representation_preserving_control,measured_target_from_graph_equivalent_source
poly_1143,c12c([nH]c(-c3cccc(*)c3)n2)ccc(-c2cc3nc(*)[nH]c3cc2)c1,Bandgap,3.4864,eV,phase4_adversarial_augmentation,train,randomization,representation_preserving_control,measured_target_from_graph_equivalent_source
poly_2017,*c1cc(I)c(cc1)N*,Bandgap,4.4895,eV,phase4_adversarial_augmentation,train,randomization,representation_preserving_control,measured_target_from_graph_equivalent_source
poly_3321,C(CCc1nnc(*)n1N)CC*,Bandgap,5.8053,eV,phase4_adversarial_augmentation,train,randomization,representation_preserving_control,measured_target_from_graph_equivalent_source
poly_182,C(=O)(*)c1cc(c(C(=O)Nc2c([N+]([O-])=O)cc(c(c2)C=Cc2ccc(N(C)C)cc2)N*)c(F)c1)F,Bandgap,2.0452,eV,phase4_adversarial_augmentation,train,randomization,representation_preserving_control,measured_target_from_graph_equivalent_source
poly_3732,O(C(C(O)C(C(O*)=O)O)=O)CCCCCCCCCC*,Bandgap,6.2592,eV,phase4_adversarial_augmentation,train,randomization,representation_preserving_control,measured_target_from_graph_equivalent_source
poly_2628,C(S*)CSCCCCCC*,Bandgap,5.085,eV,phase4_adversarial_augmentation,train,randomization,representation_preserving_control,measured_target_from_graph_equivalent_source
poly_3367,O=C(CCCCC(=O)NC(C)(C)CC1CCC(N*)CC1)*,Bandgap,5.8543,eV,phase4_adversarial_augmentation,train,randomization,representation_preserving_control,measured_target_from_graph_equivalent_source
poly_2904,O=C(N*)C(C(C(=O)NCC*)OC)OC,Bandgap,5.3552,eV,phase4_adversarial_augmentation,train,randomization,representation_preserving_control,measured_target_from_graph_equivalent_source
poly_1952,c1cc(S(*)(=O)=O)ccc1NC(CCCCC(Nc1cccc(*)c1)=O)=O,Bandgap,4.4211,eV,phase4_adversarial_augmentation,train,randomization,representation_preserving_control,measured_target_from_graph_equivalent_source
poly_187,c1c(ccc(NN=N*)c1)NN=Nc1ccc(*)cc1,Bandgap,2.0596,eV,phase4_adversarial_augmentation,train,randomization,representation_preserving_control,measured_target_from_graph_equivalent_source
poly_1012,NC(N)=NC(*)=NC(O)=N*,Bandgap,3.3353,eV,phase4_adversarial_augmentation,train,randomization,representation_preserving_control,measured_target_from_graph_equivalent_source
poly_3911,C(*)CCC(C)(*)Cl,Bandgap,6.5189,eV,phase4_adversarial_augmentation,train,randomization,representation_preserving_control,measured_target_from_graph_equivalent_source
poly_21,C(c1c2OC(COc2c(s1)*)CCCCCC)=C*,Bandgap,0.9769,eV,phase4_adversarial_augmentation,train,randomization,representation_preserving_control,measured_target_from_graph_equivalent_source
poly_261,C(CCCCCCC)CCCCc1nc(-c2ccc(s2)-c2ccc(s2)*)sc1-c1c(CCCCCCCCCCCC)nc(s1)*,Bandgap,2.29,eV,phase4_adversarial_augmentation,train,randomization,representation_preserving_control,measured_target_from_graph_equivalent_source
poly_623,c1c(-c2ccc(cc2OC(F)(F)F)-n2c(c3c(cc4c(c3)c(n(*)c4=O)=O)c2=O)=O)c(cc(*)c1)OC(F)(F)F,Bandgap,2.8211,eV,phase4_adversarial_augmentation,train,randomization,representation_preserving_control,measured_target_from_graph_equivalent_source
poly_1772,C(*)COCCOCCOC(=O)C(=O)O*,Bandgap,4.2233,eV,phase4_adversarial_augmentation,train,randomization,representation_preserving_control,measured_target_from_graph_equivalent_source
poly_2634,O(CCCC*)C(=O)Cc1ccc(CC(=O)O*)cc1,Bandgap,5.0863,eV,phase4_adversarial_augmentation,train,randomization,representation_preserving_control,measured_target_from_graph_equivalent_source
poly_580,c12C(N(c3c4c(c(Oc5ccc(N6C(c7cc(ccc7C6=O)C(=O)Nc6cccc(NC(*)=O)n6)=O)cc5)ccc4)ccc3)C(c1cc(*)cc2)=O)=O,Bandgap,2.7647,eV,phase4_adversarial_augmentation,train,randomization,representation_preserving_control,measured_target_from_graph_equivalent_source
poly_1860,*C=CC=CCC*,Bandgap,4.3088,eV,phase4_adversarial_augmentation,train,randomization,representation_preserving_control,measured_target_from_graph_equivalent_source
poly_859,Cc1c(cc(c(c1)N*)OC)*,Bandgap,3.1262,eV,phase4_adversarial_augmentation,train,randomization,representation_preserving_control,measured_target_from_graph_equivalent_source
poly_909,O=C(OC)Cc1c(CC(OC)=O)c([nH]c1*)*,Bandgap,3.1891,eV,phase4_adversarial_augmentation,train,randomization,representation_preserving_control,measured_target_from_graph_equivalent_source
poly_41,c1c(N(CC)CCCCCCc2c(*)sc(*)c2CCCCCC)ccc(N=Nc2ccc([N+]([O-])=O)cc2)c1,Bandgap,1.2631,eV,phase4_adversarial_augmentation,train,randomization,representation_preserving_control,measured_target_from_graph_equivalent_source
poly_1405,c1cc2[nH]cc(CC(N*)C(=O)*)c2cc1,Bandgap,3.8025,eV,phase4_adversarial_augmentation,train,randomization,representation_preserving_control,measured_target_from_graph_equivalent_source
poly_3090,C(C(N(C)CCCCCCCCCC*)=O)CCCCCCCC(N(C)*)=O,Bandgap,5.5645,eV,phase4_adversarial_augmentation,train,randomization,representation_preserving_control,measured_target_from_graph_equivalent_source
poly_201,c12c(=O)n(*)c(=O)c1cc1c(c2)c(n(-c2ccc(Oc3ccc4ccc(Oc5ccc(cc5)*)cc4c3)cc2)c1=O)=O,Bandgap,2.1084,eV,phase4_adversarial_augmentation,train,randomization,representation_preserving_control,measured_target_from_graph_equivalent_source
poly_1043,c1(ccccc1)S(=O)(=O)c1cc(cc(c1)C(=O)Nc1ccc(cc1)O*)C(Nc1ccc(*)cc1)=O,Bandgap,3.3654,eV,phase4_adversarial_augmentation,train,randomization,representation_preserving_control,measured_target_from_graph_equivalent_source
poly_1955,O1CCN(CC1)CCC(c1ccc(cc1)C(*)C*)O,Bandgap,4.4244,eV,phase4_adversarial_augmentation,train,randomization,representation_preserving_control,measured_target_from_graph_equivalent_source
poly_485,C(C(c1cc2C(=O)N(C(=O)c2cc1)c1c(O)cc(c(c1)N1C(=O)c2c(cc(*)cc2)C1=O)O)(C(F)(F)F)*)(F)(F)F,Bandgap,2.6346,eV,phase4_adversarial_augmentation,train,randomization,representation_preserving_control,measured_target_from_graph_equivalent_source
poly_3220,C(C(N*)C(=O)*)CC(OCCC)=O,Bandgap,5.7178,eV,phase4_adversarial_augmentation,train,randomization,representation_preserving_control,measured_target_from_graph_equivalent_source
poly_3177,O=C(N*)CCCCCCC(=O)NC*,Bandgap,5.6641,eV,phase4_adversarial_augmentation,train,randomization,representation_preserving_control,measured_target_from_graph_equivalent_source
poly_1001,*C(c1ccc(C(NN*)=S)cc1)=S,Bandgap,3.3241,eV,phase4_adversarial_augmentation,train,randomization,representation_preserving_control,measured_target_from_graph_equivalent_source
poly_1212,C(Oc1cccc(OC(=O)c2ccc(C(=O)Oc3cc(O*)ccc3)cc2)c1)CCCCCCCCC*,Bandgap,3.5777,eV,phase4_adversarial_augmentation,train,randomization,representation_preserving_control,measured_target_from_graph_equivalent_source
poly_2275,c1(C(=O)*)cc(CCCCCCCCCCCC)c(O*)cc1,Bandgap,4.7301,eV,phase4_adversarial_augmentation,train,randomization,representation_preserving_control,measured_target_from_graph_equivalent_source
poly_1079,C(CCCc1sc2c(c(sc2*)*)n1)CCCCC,Bandgap,3.4078,eV,phase4_adversarial_augmentation,train,randomization,representation_preserving_control,measured_target_from_graph_equivalent_source
poly_1848,c1(ccc(Oc2ccc(C(=O)*)cc2)cc1)C(Oc1ccc(O*)c(c1)Cl)=O,Bandgap,4.2992,eV,phase4_adversarial_augmentation,train,randomization,representation_preserving_control,measured_target_from_graph_equivalent_source
poly_3561,*NC(=O)CCCCCCCCCC(NCCCC*)=O,Bandgap,6.0257,eV,phase4_adversarial_augmentation,train,randomization,representation_preserving_control,measured_target_from_graph_equivalent_source
poly_1247,C(c1ccc(C(=O)c2sc(*)cc2)cc1)(=O)*,Bandgap,3.616,eV,phase4_adversarial_augmentation,train,randomization,representation_preserving_control,measured_target_from_graph_equivalent_source
poly_2306,S(C(N1CCC(*)CC1)=O)SCCCCSSC(N1CCC(CC1)CCC*)=O,Bandgap,4.759,eV,phase4_adversarial_augmentation,train,randomization,representation_preserving_control,measured_target_from_graph_equivalent_source
poly_4028,*OC(CCCCCCCCC(=O)OCC(C)(C*)CC)=O,Bandgap,6.6739,eV,phase4_adversarial_augmentation,train,randomization,representation_preserving_control,measured_target_from_graph_equivalent_source
poly_2197,CC(C)c1cc(C(*)=O)cc(c1O*)C(C)C,Bandgap,4.6528,eV,phase4_adversarial_augmentation,train,randomization,representation_preserving_control,measured_target_from_graph_equivalent_source
poly_4167,C(CCCCCC*)CCCCCCCC(Cl)*,Bandgap,7.2178,eV,phase4_adversarial_augmentation,train,randomization,representation_preserving_control,measured_target_from_graph_equivalent_source
poly_3170,CCC1(COC1)COCCOC(C(C*)*)=O,Bandgap,5.6568,eV,phase4_adversarial_augmentation,train,randomization,representation_preserving_control,measured_target_from_graph_equivalent_source
poly_163,c1(ccc(cc1)*)-c1ccc(s1)-c1ccc(s1)-c1sc(cc1)*,Bandgap,1.9732,eV,phase4_adversarial_augmentation,train,randomization,representation_preserving_control,measured_target_from_graph_equivalent_source
poly_1852,c1(C(c2ccc(cc2)C*)=O)ccc(*)cc1,Bandgap,4.3024,eV,phase4_adversarial_augmentation,train,randomization,representation_preserving_control,measured_target_from_graph_equivalent_source
poly_1425,C(CNS(=O)(c1ccc(cc1)-c1ccc(cc1)*)=O)NS(=O)(=O)*,Bandgap,3.8242,eV,phase4_adversarial_augmentation,train,randomization,representation_preserving_control,measured_target_from_graph_equivalent_source
poly_2543,C(c1cc(C)c(cc1)C*)*,Bandgap,4.9923,eV,phase4_adversarial_augmentation,train,randomization,representation_preserving_control,measured_target_from_graph_equivalent_source
poly_3184,N(*)(C(=O)C)CC*,Bandgap,5.6737,eV,phase4_adversarial_augmentation,train,randomization,representation_preserving_control,measured_target_from_graph_equivalent_source
poly_2780,C1CCCCCC1(c1ccc(O*)cc1)c1ccc(cc1)OC(*)=O,Bandgap,5.2222,eV,phase4_adversarial_augmentation,train,randomization,representation_preserving_control,measured_target_from_graph_equivalent_source
poly_2243,C1(CCCCCC)C(SC(*)C=1)*,Bandgap,4.6982,eV,phase4_adversarial_augmentation,train,randomization,representation_preserving_control,measured_target_from_graph_equivalent_source
poly_2741,C1C2CCC1C1C2C(*)CC1C=C*,Bandgap,5.1878,eV,phase4_adversarial_augmentation,train,randomization,representation_preserving_control,measured_target_from_graph_equivalent_source
poly_1578,c1cccc(c1)N(c1nc(nc(n1)C)*)CCCCCCN(*)c1ccccc1,Bandgap,4.0115,eV,phase4_adversarial_augmentation,train,randomization,representation_preserving_control,measured_target_from_graph_equivalent_source
poly_1204,N(C(Nc1ccc(cc1)*)=S)*,Bandgap,3.5643,eV,phase4_adversarial_augmentation,train,randomization,representation_preserving_control,measured_target_from_graph_equivalent_source
poly_4155,C(CCCCCCC*)CCCCCCCCCCCCC(*)Cl,Bandgap,7.1075,eV,phase4_adversarial_augmentation,train,randomization,representation_preserving_control,measured_target_from_graph_equivalent_source
poly_53,CCC(CCCC)CC1(c2c(sc(*)c2)-c2c1cc(-c1cc3C(=O)c4c(sc(c4)*)-c3s1)s2)CC(CC)CCCC,Bandgap,1.3805,eV,phase4_adversarial_augmentation,train,randomization,representation_preserving_control,measured_target_from_graph_equivalent_source
poly_598,c1cc(ccc1C(=O)*)C(=O)Nc1ccc(cc1)C#Cc1ccc(N*)cc1,Bandgap,2.7886,eV,phase4_adversarial_augmentation,train,randomization,representation_preserving_control,measured_target_from_graph_equivalent_source
poly_3964,*OC(=O)CC(C)CCC(OCCCC*)=O,Bandgap,6.5919,eV,phase4_adversarial_augmentation,train,randomization,representation_preserving_control,measured_target_from_graph_equivalent_source
poly_1523,c1cc(ccc1CCc1ccc(cc1)C(=O)O*)C(*)=O,Bandgap,3.9494,eV,phase4_adversarial_augmentation,train,randomization,representation_preserving_control,measured_target_from_graph_equivalent_source
poly_343,C(CCc1ccc2c(ccc(C=C*)c2c1)*)CCC,Bandgap,2.4493,eV,phase4_adversarial_augmentation,train,randomization,representation_preserving_control,measured_target_from_graph_equivalent_source
poly_1269,c1cccc(N(CCCCN(*)c2ccccc2)c2nc(C)nc(n2)*)c1,Bandgap,3.6374,eV,phase4_adversarial_augmentation,train,randomization,representation_preserving_control,measured_target_from_graph_equivalent_source
poly_124,C(CCCc1cc(-c2ccc(*)s2)sc1*)CCBr,Bandgap,1.8008,eV,phase4_adversarial_augmentation,train,randomization,representation_preserving_control,measured_target_from_graph_equivalent_source
poly_3622,C(CCCCCCC*)CCCC(NCC(=O)N*)=O,Bandgap,6.1009,eV,phase4_adversarial_augmentation,train,randomization,representation_preserving_control,measured_target_from_graph_equivalent_source
poly_4119,C(CC(O*)C(C)C)(*)=O,Bandgap,6.8886,eV,phase4_adversarial_augmentation,train,randomization,representation_preserving_control,measured_target_from_graph_equivalent_source
poly_1128,O(C(c1cc(cc(c1)N*)NC(=O)c1ccc(cc1)-c1ccc(cc1)C(=O)*)=O)CCOc1ccc(cc1)C=CC(=O)c1ccccc1,Bandgap,3.4679,eV,phase4_adversarial_augmentation,train,randomization,representation_preserving_control,measured_target_from_graph_equivalent_source
poly_3852,*C1OC(CO1)COC(=O)CCCCCCC*,Bandgap,6.4464,eV,phase4_adversarial_augmentation,train,randomization,representation_preserving_control,measured_target_from_graph_equivalent_source
poly_2558,c1(C(=O)O*)c(-c2c(cccc2)C(OCCC*)=O)cccc1,Bandgap,5.0095,eV,phase4_adversarial_augmentation,train,randomization,representation_preserving_control,measured_target_from_graph_equivalent_source
poly_2347,c1cc(ccc1C(OCC(C(C*)CCC)CCC)=O)C(=O)O*,Bandgap,4.8023,eV,phase4_adversarial_augmentation,train,randomization,representation_preserving_control,measured_target_from_graph_equivalent_source
poly_2248,C(OC(Cc1ccc(cc1)C(O*)=O)=O)C*,Bandgap,4.7045,eV,phase4_adversarial_augmentation,train,randomization,representation_preserving_control,measured_target_from_graph_equivalent_source
poly_1144,C(c1c(cc(c(OCCCCCCOCCCCC)c1)C(=O)Oc1ccc(cc1)O*)OCCCCCCOCCCCC)(=O)*,Bandgap,3.4928,eV,phase4_adversarial_augmentation,train,randomization,representation_preserving_control,measured_target_from_graph_equivalent_source
poly_365,c1cc2c3c4c(cc2)c(*)cc(C#C)c4ccc3c1*,Bandgap,2.4817,eV,phase4_adversarial_augmentation,train,randomization,representation_preserving_control,measured_target_from_graph_equivalent_source
poly_2918,C(CCCCCCCC(=O)N(*)CC)CCCCCCCCC(N(CCCCCC*)CC)=O,Bandgap,5.3754,eV,phase4_adversarial_augmentation,train,randomization,representation_preserving_control,measured_target_from_graph_equivalent_source
poly_760,c1(ccc(cc1)C*)C(C(=S)*)=O,Bandgap,2.9863,eV,phase4_adversarial_augmentation,train,randomization,representation_preserving_control,measured_target_from_graph_equivalent_source
poly_3559,C(CCCCCOCCCCCCCCCC*)CCCCOCCCCO*,Bandgap,6.0257,eV,phase4_adversarial_augmentation,train,randomization,representation_preserving_control,measured_target_from_graph_equivalent_source
poly_386,c1c(n(c(c1)-c1ccc(s1)-c1sc(cc1)*)C)*,Bandgap,2.4998,eV,phase4_adversarial_augmentation,train,randomization,representation_preserving_control,measured_target_from_graph_equivalent_source
poly_2456,C(*)C(c1c(ccc(C)c1)C)*,Bandgap,4.9087,eV,phase4_adversarial_augmentation,train,randomization,representation_preserving_control,measured_target_from_graph_equivalent_source
poly_2885,CC=CC(C*)*,Bandgap,5.3344,eV,phase4_adversarial_augmentation,train,randomization,representation_preserving_control,measured_target_from_graph_equivalent_source
poly_2261,C(C*)(c1ccc(cc1)Br)OO*,Bandgap,4.7102,eV,phase4_adversarial_augmentation,train,randomization,representation_preserving_control,measured_target_from_graph_equivalent_source
poly_3085,C(C*)C=C(Cl)*,Bandgap,5.5601,eV,phase4_adversarial_augmentation,train,randomization,representation_preserving_control,measured_target_from_graph_equivalent_source
poly_711,c1c(-c2nc3c(nc2-c2ccc(cc2)*)cc(cc3)-c2cc3c(cc2)nc(c(-c2ccc4ccccc4c2)n3)*)cc2ccccc2c1,Bandgap,2.9378,eV,phase4_adversarial_augmentation,train,randomization,representation_preserving_control,measured_target_from_graph_equivalent_source
poly_3979,C(OCCCC*)(=O)CCCCCCCC(O*)=O,Bandgap,6.6081,eV,phase4_adversarial_augmentation,train,randomization,representation_preserving_control,measured_target_from_graph_equivalent_source
poly_4177,C(*)COC(O*)=O,Bandgap,7.4995,eV,phase4_adversarial_augmentation,train,randomization,representation_preserving_control,measured_target_from_graph_equivalent_source
poly_2926,C(*)(C(N*)Cc1ccccc1)=O,Bandgap,5.386,eV,phase4_adversarial_augmentation,train,randomization,representation_preserving_control,measured_target_from_graph_equivalent_source
poly_1200,c1(nn(c(c2c1cccc2)=O)*)-c1ccc(cc1)Oc1ccc(-c2c3c(cccc3)c(=O)n(-c3ccc(C(c4ccc(*)cc4)=O)cc3)n2)cc1,Bandgap,3.5606,eV,phase4_adversarial_augmentation,train,randomization,representation_preserving_control,measured_target_from_graph_equivalent_source
poly_457,c1c(cc(Oc2ccc(cc2)*)cc1)-n1c(=O)c2c(cc3c(c(n(c3=O)*)=O)c2)c1=O,Bandgap,2.5838,eV,phase4_adversarial_augmentation,train,randomization,representation_preserving_control,measured_target_from_graph_equivalent_source
poly_4010,C(C(C)(COC(CCCCC(O*)=O)=O)C)*,Bandgap,6.6524,eV,phase4_adversarial_augmentation,train,randomization,representation_preserving_control,measured_target_from_graph_equivalent_source
poly_3339,O(CCOC(C*)*)C,Bandgap,5.8187,eV,phase4_adversarial_augmentation,train,randomization,representation_preserving_control,measured_target_from_graph_equivalent_source
poly_886,c1cc(NC(c2ccc3C(N(C(=O)c3c2)c2cccc(c2)N2C(c3c(C2=O)ccc(*)c3)=O)=O)=O)nc(NC(*)=O)c1,Bandgap,3.1626,eV,phase4_adversarial_augmentation,train,randomization,representation_preserving_control,measured_target_from_graph_equivalent_source
poly_669,c1(oc(cc1)Sc1oc(*)cc1)C=C1CCCCC(C1=O)=C*,Bandgap,2.8887,eV,phase4_adversarial_augmentation,train,randomization,representation_preserving_control,measured_target_from_graph_equivalent_source
poly_2718,[N+](#N)[N-]CC(C[N-][N+]#N)(CO*)C*,Bandgap,5.1641,eV,phase4_adversarial_augmentation,train,randomization,representation_preserving_control,measured_target_from_graph_equivalent_source
poly_1008,c1c(C)c(c(c(c1-c1c(c(c(c(C)c1)*)C)C)C)C)Oc1ccc(cc1)S(=O)(=O)c1cc2ccc(cc2cc1)S(=O)(=O)c1ccc(cc1)O*,Bandgap,3.3303,eV,phase4_adversarial_augmentation,train,randomization,representation_preserving_control,measured_target_from_graph_equivalent_source
poly_2990,*OC(C(C)(C)C)C*,Bandgap,5.4545,eV,phase4_adversarial_augmentation,train,randomization,representation_preserving_control,measured_target_from_graph_equivalent_source
poly_1457,c1c2c(c(=O)n(-c3ccc(S(=O)(=O)c4ccc(*)cc4)cc3)nc2*)ccc1,Bandgap,3.8607,eV,phase4_adversarial_augmentation,train,randomization,representation_preserving_control,measured_target_from_graph_equivalent_source
poly_522,c1cc(Oc2ccc(N3C(=O)c4ccc(*)cc4C3=O)cc2)ccc1N1C(c2cc(C(=O)*)ccc2C1=O)=O,Bandgap,2.6811,eV,phase4_adversarial_augmentation,train,randomization,representation_preserving_control,measured_target_from_graph_equivalent_source
poly_3332,C(*)C(COC(=O)C(=O)O*)(C)C,Bandgap,5.8142,eV,phase4_adversarial_augmentation,train,randomization,representation_preserving_control,measured_target_from_graph_equivalent_source
poly_2385,CCCCC(c1ccc(OC(=O)*)cc1)(C)c1ccc(cc1)O*,Bandgap,4.8496,eV,phase4_adversarial_augmentation,train,randomization,representation_preserving_control,measured_target_from_graph_equivalent_source
poly_299,c1(*)ccc(C(c2ccc(C(*)=O)cc2)=S)s1,Bandgap,2.3694,eV,phase4_adversarial_augmentation,train,randomization,representation_preserving_control,measured_target_from_graph_equivalent_source
poly_2383,C1CC(C(CC1)*)C=C*,Bandgap,4.8485,eV,phase4_adversarial_augmentation,train,randomization,representation_preserving_control,measured_target_from_graph_equivalent_source
poly_3002,c1c(cccc1)C(N*)CC(=O)*,Bandgap,5.4701,eV,phase4_adversarial_augmentation,train,randomization,representation_preserving_control,measured_target_from_graph_equivalent_source
poly_943,*CCOCCOCCOc1ccc(cc1)NC(c1cccc(c1)C(Nc1ccc(cc1)O*)=O)=O,Bandgap,3.2482,eV,phase4_adversarial_augmentation,train,randomization,representation_preserving_control,measured_target_from_graph_equivalent_source
poly_2520,*CCCc1ccc(*)cc1,Bandgap,4.967,eV,phase4_adversarial_augmentation,train,randomization,representation_preserving_control,measured_target_from_graph_equivalent_source
poly_479,*NC(C(O*)=O)=S,Bandgap,2.6247,eV,phase4_adversarial_augmentation,train,randomization,representation_preserving_control,measured_target_from_graph_equivalent_source
poly_4076,O(CCCCCCCC*)C(=O)CCCCC(=O)O*,Bandgap,6.755,eV,phase4_adversarial_augmentation,train,randomization,representation_preserving_control,measured_target_from_graph_equivalent_source
poly_1453,*c1cc(c(O*)c(-c2ccccc2)c1)-c1ccccc1,Bandgap,3.8556,eV,phase4_adversarial_augmentation,train,randomization,representation_preserving_control,measured_target_from_graph_equivalent_source
poly_3847,C(CCCCCCCCCCCCOC(CCCC(=O)O*)=O)CCCCCCC*,Bandgap,6.4396,eV,phase4_adversarial_augmentation,train,randomization,representation_preserving_control,measured_target_from_graph_equivalent_source
poly_1886,C(CCCCCC)Cc1cc(cc(OC(c2cccc(C(*)=O)c2)=O)c1)O*,Bandgap,4.3424,eV,phase4_adversarial_augmentation,train,randomization,representation_preserving_control,measured_target_from_graph_equivalent_source
poly_2382,C(C*)CCCCOC(=O)C=CC(O*)=O,Bandgap,4.8463,eV,phase4_adversarial_augmentation,train,randomization,representation_preserving_control,measured_target_from_graph_equivalent_source
poly_3471,O(*)C1CC2CC1C(OC*)C2,Bandgap,5.9417,eV,phase4_adversarial_augmentation,train,randomization,representation_preserving_control,measured_target_from_graph_equivalent_source
poly_1407,O=c1n(CCCCCC*)c(c2cc3c(=O)n(c(c3cc21)=O)*)=O,Bandgap,3.8031,eV,phase4_adversarial_augmentation,train,randomization,representation_preserving_control,measured_target_from_graph_equivalent_source
poly_1636,C(CSSC(N1CCN(CC1)*)=O)CCSSC(=O)*,Bandgap,4.0756,eV,phase4_adversarial_augmentation,train,randomization,representation_preserving_control,measured_target_from_graph_equivalent_source
poly_2143,c1nccn1CCC(=O)OCCOC(=O)C(C)(*)C*,Bandgap,4.6062,eV,phase4_adversarial_augmentation,train,randomization,representation_preserving_control,measured_target_from_graph_equivalent_source
poly_0,c1(ccc(C(=C*)*)cc1)NC=O,Bandgap,0.071,eV,phase4_adversarial_augmentation,train,randomization,representation_preserving_control,measured_target_from_graph_equivalent_source
poly_2868,O(C(=O)C(C=C*)(C)C(*)C)C,Bandgap,5.317,eV,phase4_adversarial_augmentation,train,randomization,representation_preserving_control,measured_target_from_graph_equivalent_source
poly_2857,C(C#N)(CC(C*)c1ccc(cc1)CCl)(*)C#N,Bandgap,5.3061,eV,phase4_adversarial_augmentation,train,randomization,representation_preserving_control,measured_target_from_graph_equivalent_source
poly_7,C(*)=c1ccc(=c2sc(=Cc3sc(cc3)*)cc2)s1,Bandgap,0.6103,eV,phase4_adversarial_augmentation,train,randomization,representation_preserving_control,measured_target_from_graph_equivalent_source
poly_3749,*CC(F)(*)Cl,Bandgap,6.2778,eV,phase4_adversarial_augmentation,train,randomization,representation_preserving_control,measured_target_from_graph_equivalent_source
poly_2010,c1(nc2ccc(cc2o1)-c1cc2c(cc1)nc(*)o2)CCCCCCCC*,Bandgap,4.4813,eV,phase4_adversarial_augmentation,train,randomization,representation_preserving_control,measured_target_from_graph_equivalent_source
poly_1608,*c1ccc(cc1)C(c1ccc(Oc2cc(O*)ccc2)cc1)=O,Bandgap,4.0476,eV,phase4_adversarial_augmentation,train,randomization,representation_preserving_control,measured_target_from_graph_equivalent_source
poly_1505,*c1c(nc(-c2nc(c(*)cc2)CCCCCC)cc1)CCCCCC,Bandgap,3.9254,eV,phase4_adversarial_augmentation,train,randomization,representation_preserving_control,measured_target_from_graph_equivalent_source
poly_2318,C(C(=O)*)CC(CC(Oc1ccc(CC(=O)NC(C(=O)OCCCCCC)Cc2ccc(O*)cc2)cc1)=O)C,Bandgap,4.7724,eV,phase4_adversarial_augmentation,train,randomization,representation_preserving_control,measured_target_from_graph_equivalent_source
poly_3800,C1(*)C2C(C3CC2CC3(C(=O)OC)C)C(C1)CC*,Bandgap,6.3564,eV,phase4_adversarial_augmentation,train,randomization,representation_preserving_control,measured_target_from_graph_equivalent_source
poly_1855,s1c(*)nc2cc3c(nc(CCCCCC*)s3)cc21,Bandgap,4.3056,eV,phase4_adversarial_augmentation,train,randomization,representation_preserving_control,measured_target_from_graph_equivalent_source
poly_31,c1(OCCCCC)c(sc(c1)-c1sc(c(OCCCCC)c1)*)*,Bandgap,1.1386,eV,phase4_adversarial_augmentation,train,randomization,representation_preserving_control,measured_target_from_graph_equivalent_source
poly_2443,C(C(*)C(SC(C)C)=O)*,Bandgap,4.8981,eV,phase4_adversarial_augmentation,train,randomization,representation_preserving_control,measured_target_from_graph_equivalent_source
poly_3705,C(C*)(F)(C(OCCC(F)(C(C(C(C(C(F)(F)C(F)(C(F)(F)F)F)(F)F)(F)F)(F)F)(F)F)F)=O)*,Bandgap,6.2233,eV,phase4_adversarial_augmentation,train,randomization,representation_preserving_control,measured_target_from_graph_equivalent_source
poly_3846,C1(CCC(CC1)OC(=O)CCCCCCC(=O)*)O*,Bandgap,6.4389,eV,phase4_adversarial_augmentation,train,randomization,representation_preserving_control,measured_target_from_graph_equivalent_source
poly_2860,O(*)C1C(C)(C)C(*)C1(C)C,Bandgap,5.3086,eV,phase4_adversarial_augmentation,train,randomization,representation_preserving_control,measured_target_from_graph_equivalent_source
poly_1741,N(CCCCCC)(*)c1ccc(cc1)*,Bandgap,4.1862,eV,phase4_adversarial_augmentation,train,randomization,representation_preserving_control,measured_target_from_graph_equivalent_source
poly_2837,C(*)CCC(NCc1ccc(cc1)CNC(=O)CCCO*)=O,Bandgap,5.287000000000001,eV,phase4_adversarial_augmentation,train,randomization,representation_preserving_control,measured_target_from_graph_equivalent_source
poly_1928,O=C(c1cccc(C(=O)Oc2cc(O*)cc(CCCCCCCCCCC)c2)c1)*,Bandgap,4.3966,eV,phase4_adversarial_augmentation,train,randomization,representation_preserving_control,measured_target_from_graph_equivalent_source
poly_1705,c1c(cc(c(c1)C=NN=Cc1ccc(cc1O)OCCCCCCCCCCCC*)O)O*,Bandgap,4.1545,eV,phase4_adversarial_augmentation,train,randomization,representation_preserving_control,measured_target_from_graph_equivalent_source
poly_2016,C(OCc1ccccc1)(SCC(N*)C(=O)*)=O,Bandgap,4.4872,eV,phase4_adversarial_augmentation,train,randomization,representation_preserving_control,measured_target_from_graph_equivalent_source
poly_3915,C(C(O)CO*)*,Bandgap,6.5218,eV,phase4_adversarial_augmentation,train,randomization,representation_preserving_control,measured_target_from_graph_equivalent_source
poly_2720,C(*)(C(=O)OCC)C(C(=O)OCC)C=C*,Bandgap,5.1688,eV,phase4_adversarial_augmentation,train,randomization,representation_preserving_control,measured_target_from_graph_equivalent_source
poly_1551,c1c(ccc(OCC(O)COc2ccc(cc2)S(=O)(c2ccc(O*)cc2)=O)c1)C(C)(C)c1ccc(OCC(O)C*)cc1,Bandgap,3.9847,eV,phase4_adversarial_augmentation,train,randomization,representation_preserving_control,measured_target_from_graph_equivalent_source
poly_3621,*CCCCOC(NC1CC1NC(=O)O*)=O,Bandgap,6.0977,eV,phase4_adversarial_augmentation,train,randomization,representation_preserving_control,measured_target_from_graph_equivalent_source
poly_3526,C(=O)(CCCCC(=O)O*)OCCCCCC(NCCCCCCNC(=O)CCCCC*)=O,Bandgap,5.9977,eV,phase4_adversarial_augmentation,train,randomization,representation_preserving_control,measured_target_from_graph_equivalent_source
poly_2087,c1c(ccc(c1)Oc1ccc(cc1)Oc1ccc(*)cc1)N1C(=O)C2C(CCC3C(N(C(C23)=O)*)=O)C1=O,Bandgap,4.5586,eV,phase4_adversarial_augmentation,train,randomization,representation_preserving_control,measured_target_from_graph_equivalent_source
poly_456,c1c(-c2c(-c3ccccc3)nc3c(cc4c(c3)nc(-c3ccccc3)c(*)n4)n2)ccc(c1)*,Bandgap,2.5823,eV,phase4_adversarial_augmentation,train,randomization,representation_preserving_control,measured_target_from_graph_equivalent_source
poly_2863,O=C(CCCCCCC(=O)N*)NCc1ccc(C*)cc1,Bandgap,5.311,eV,phase4_adversarial_augmentation,train,randomization,representation_preserving_control,measured_target_from_graph_equivalent_source
poly_3467,C1(OC(N2C(CN(*)C(C2)C)C)=O)CCC(OC(=O)*)CC1,Bandgap,5.9402,eV,phase4_adversarial_augmentation,train,randomization,representation_preserving_control,measured_target_from_graph_equivalent_source
poly_2360,C1CN(C(=O)CCP(CCC(*)=O)(c2ccccc2)=O)CCN1*,Bandgap,4.8188,eV,phase4_adversarial_augmentation,train,randomization,representation_preserving_control,measured_target_from_graph_equivalent_source
poly_2511,*c1c(C)cc(c(C)c1)C*,Bandgap,4.9568,eV,phase4_adversarial_augmentation,train,randomization,representation_preserving_control,measured_target_from_graph_equivalent_source
poly_3876,C(C*)(C)(*)C(=O)OCCC1CCCCC1,Bandgap,6.4739,eV,phase4_adversarial_augmentation,train,randomization,representation_preserving_control,measured_target_from_graph_equivalent_source
poly_3585,C1C(*)C(*)C1,Bandgap,6.0558,eV,phase4_adversarial_augmentation,train,randomization,representation_preserving_control,measured_target_from_graph_equivalent_source
poly_1395,O=C(C(=O)O*)OCCCCCCCCCC#CC#CCCCCCCCCC*,Bandgap,3.7759,eV,phase4_adversarial_augmentation,train,randomization,representation_preserving_control,measured_target_from_graph_equivalent_source
poly_3566,C(O*)(CC(C)C)C(*)=O,Bandgap,6.0332,eV,phase4_adversarial_augmentation,train,randomization,representation_preserving_control,measured_target_from_graph_equivalent_source
poly_2704,C1C(CCC1*)C=*,Bandgap,5.1465,eV,phase4_adversarial_augmentation,train,randomization,representation_preserving_control,measured_target_from_graph_equivalent_source
poly_14,c1cc(C(C#C*)=C(c2ccccc2)*)ccc1,Bandgap,0.8844,eV,phase4_adversarial_augmentation,train,randomization,representation_preserving_control,measured_target_from_graph_equivalent_source
poly_1417,c1cc(C(=C(*)C#N)c2ccc(cc2)*)ccc1,Bandgap,3.8129,eV,phase4_adversarial_augmentation,train,randomization,representation_preserving_control,measured_target_from_graph_equivalent_source
poly_3036,C(OC(=O)C(Cl)(Cl)Cl)(*)C*,Bandgap,5.5134,eV,phase4_adversarial_augmentation,train,randomization,representation_preserving_control,measured_target_from_graph_equivalent_source
poly_1990,N1(C(C)CN(CCC(=O)Oc2ccc(OC(CC*)=O)cc2)CC1)*,Bandgap,4.4609,eV,phase4_adversarial_augmentation,train,randomization,representation_preserving_control,measured_target_from_graph_equivalent_source
poly_1611,C(c1cc(C(*)=O)ccc1)(=O)NCCc1ccc(cc1)O*,Bandgap,4.0506,eV,phase4_adversarial_augmentation,train,randomization,representation_preserving_control,measured_target_from_graph_equivalent_source
poly_3804,O(C1CCC(CC1)C1CCC(CC1)O*)C(CCCCCCCCCCC(=O)*)=O,Bandgap,6.3608,eV,phase4_adversarial_augmentation,train,randomization,representation_preserving_control,measured_target_from_graph_equivalent_source
poly_1985,C1(CC(C)(CC(C)(C)C1)CNC(=O)Nc1ccc(*)cc1)NC(=O)Nc1ccc(O*)cc1,Bandgap,4.4573,eV,phase4_adversarial_augmentation,train,randomization,representation_preserving_control,measured_target_from_graph_equivalent_source
poly_1995,c1c(C(O*)=O)ccc(CC(OCc2ccc(C*)cc2)=O)c1,Bandgap,4.4684,eV,phase4_adversarial_augmentation,train,randomization,representation_preserving_control,measured_target_from_graph_equivalent_source
poly_2974,C(CCCCCNC(CC*)=O)NC(CCS*)=O,Bandgap,5.4312,eV,phase4_adversarial_augmentation,train,randomization,representation_preserving_control,measured_target_from_graph_equivalent_source
poly_736,c1ccc(cc1C=CC(C=Cc1cc(ccc1)NC(=O)c1ccc(N2C(=O)c3cc(*)ccc3C2=O)cc1)=O)NC(=O)*,Bandgap,2.9611,eV,phase4_adversarial_augmentation,train,randomization,representation_preserving_control,measured_target_from_graph_equivalent_source
poly_3826,O=C(OCC*)CC(O*)=O,Bandgap,6.3978,eV,phase4_adversarial_augmentation,train,randomization,representation_preserving_control,measured_target_from_graph_equivalent_source
poly_3868,*CC(OC(CCC#N)=O)*,Bandgap,6.4646,eV,phase4_adversarial_augmentation,train,randomization,representation_preserving_control,measured_target_from_graph_equivalent_source
poly_2033,C(CCCNC(=O)*)CCCCCCNC(=O)c1cnc(*)cc1,Bandgap,4.5078,eV,phase4_adversarial_augmentation,train,randomization,representation_preserving_control,measured_target_from_graph_equivalent_source
poly_123,C(C)CCCCCCCCOc1c(cc(OCCCCCCCCCC)c(c1)*)C#C*,Bandgap,1.7935,eV,phase4_adversarial_augmentation,train,randomization,representation_preserving_control,measured_target_from_graph_equivalent_source
poly_3114,*CC(C(=O)OC)(C)C=C(*)C,Bandgap,5.5947,eV,phase4_adversarial_augmentation,train,randomization,representation_preserving_control,measured_target_from_graph_equivalent_source
poly_549,C(Nc1ccc(cc1)NC(=O)c1ccc(NC(c2ccc(-c3nc4cc(*)ccc4[nH]3)cc2)=O)cc1)(*)=O,Bandgap,2.7225,eV,phase4_adversarial_augmentation,train,randomization,representation_preserving_control,measured_target_from_graph_equivalent_source
poly_3510,C(CCCCCCCCCCC*)NC(=O)CC(=O)N*,Bandgap,5.9823,eV,phase4_adversarial_augmentation,train,randomization,representation_preserving_control,measured_target_from_graph_equivalent_source
poly_2856,N(C(CCC=CCCC(NCCCC*)=O)=O)*,Bandgap,5.3048,eV,phase4_adversarial_augmentation,train,randomization,representation_preserving_control,measured_target_from_graph_equivalent_source
poly_1142,O=[N+]([O-])c1ccc(NCC(C*)*)nc1,Bandgap,3.4829,eV,phase4_adversarial_augmentation,train,randomization,representation_preserving_control,measured_target_from_graph_equivalent_source
poly_1399,Cc1c(OCCCCCCCCCCCCCCCC)c(*)sc1*,Bandgap,3.7868,eV,phase4_adversarial_augmentation,train,randomization,representation_preserving_control,measured_target_from_graph_equivalent_source
poly_3506,*CCCCCCCCNC(CCCCCCCCCCCCC(N*)=O)=O,Bandgap,5.9745,eV,phase4_adversarial_augmentation,train,randomization,representation_preserving_control,measured_target_from_graph_equivalent_source
poly_1074,*C(=C*)CO,Bandgap,3.4066,eV,phase4_adversarial_augmentation,train,randomization,representation_preserving_control,measured_target_from_graph_equivalent_source
poly_2673,c1c(C*)ccc(c1)Cc1ccc(*)cc1,Bandgap,5.1169,eV,phase4_adversarial_augmentation,train,randomization,representation_preserving_control,measured_target_from_graph_equivalent_source
poly_3417,C(OCC(C)(C)C*)(=O)NC1CCC(CC2CCC(NC(=O)O*)CC2)CC1,Bandgap,5.885,eV,phase4_adversarial_augmentation,train,randomization,representation_preserving_control,measured_target_from_graph_equivalent_source
poly_627,c1c2c(cc(C(*)=O)c1)C(=O)N(c1c(O)cc(c(c1)N1C(c3c(ccc(*)c3)C1=O)=O)O)C2=O,Bandgap,2.8322,eV,phase4_adversarial_augmentation,train,randomization,representation_preserving_control,measured_target_from_graph_equivalent_source
poly_3045,C(C(*)C)(O*)C,Bandgap,5.5235,eV,phase4_adversarial_augmentation,train,randomization,representation_preserving_control,measured_target_from_graph_equivalent_source
poly_3571,O=C(CC(O*)CCCCCCC=C)*,Bandgap,6.0438,eV,phase4_adversarial_augmentation,train,randomization,representation_preserving_control,measured_target_from_graph_equivalent_source
poly_4041,*OC(CCCCCCCCC(=O)OCCCCCCC*)=O,Bandgap,6.6947,eV,phase4_adversarial_augmentation,train,randomization,representation_preserving_control,measured_target_from_graph_equivalent_source
poly_3037,*C(C*)OCC,Bandgap,5.5149,eV,phase4_adversarial_augmentation,train,randomization,representation_preserving_control,measured_target_from_graph_equivalent_source
poly_3364,O=C(NCCCCCCCCCC*)CCCCCCCCC(=O)N*,Bandgap,5.8505,eV,phase4_adversarial_augmentation,train,randomization,representation_preserving_control,measured_target_from_graph_equivalent_source
poly_2992,C(=O)(NCCCCCCCCCCNC(=O)NCCCCCCCCCCCC*)N*,Bandgap,5.457999999999998,eV,phase4_adversarial_augmentation,train,randomization,representation_preserving_control,measured_target_from_graph_equivalent_source
poly_4069,FC(N(C(F)(F)F)O*)(F)C(F)(*)F,Bandgap,6.7484,eV,phase4_adversarial_augmentation,train,randomization,representation_preserving_control,measured_target_from_graph_equivalent_source
poly_2095,*c1ccc(cc1)NC(N*)=O,Bandgap,4.5662,eV,phase4_adversarial_augmentation,train,randomization,representation_preserving_control,measured_target_from_graph_equivalent_source
poly_3308,O=C(CCC(=O)N(CC*)*)OC,Bandgap,5.7939,eV,phase4_adversarial_augmentation,train,randomization,representation_preserving_control,measured_target_from_graph_equivalent_source
poly_527,O=c1n(*)c(c2cc3c(n(-c4ccc(c(c4)C)-c4c(C)cc(*)cc4)c(=O)c3cc12)=O)=O,Bandgap,2.6846,eV,phase4_adversarial_augmentation,train,randomization,representation_preserving_control,measured_target_from_graph_equivalent_source
poly_1680,C(C)C(CS*)(C)C*,Bandgap,4.1338,eV,phase4_adversarial_augmentation,train,randomization,representation_preserving_control,measured_target_from_graph_equivalent_source
poly_3287,C(CCCCCCCC(=O)N*)C(=O)NCCCCCCCCCCCCCC*,Bandgap,5.7746,eV,phase4_adversarial_augmentation,train,randomization,representation_preserving_control,measured_target_from_graph_equivalent_source
poly_4093,C(CCC(=O)O*)CC(=O)OCCCCCC*,Bandgap,6.78,eV,phase4_adversarial_augmentation,train,randomization,representation_preserving_control,measured_target_from_graph_equivalent_source
poly_2496,CCC(c1ccc(O*)cc1)(C)c1ccc(cc1)OC(=O)*,Bandgap,4.9403,eV,phase4_adversarial_augmentation,train,randomization,representation_preserving_control,measured_target_from_graph_equivalent_source
poly_1552,N(c1ccc(cc1)O*)=CNc1ccc(*)cc1,Bandgap,3.9857,eV,phase4_adversarial_augmentation,train,randomization,representation_preserving_control,measured_target_from_graph_equivalent_source
poly_337,c12c(cc3c(c1)[nH]c1nc4c(cc(cc4)*)nc1s3)sc1c([nH]2)nc2ccc(*)cc2n1,Bandgap,2.4457,eV,phase4_adversarial_augmentation,train,randomization,representation_preserving_control,measured_target_from_graph_equivalent_source
poly_1512,c1(C(=O)*)ccc(cc1)C(=O)Oc1cc(CCC)cc(O*)c1,Bandgap,3.9302,eV,phase4_adversarial_augmentation,train,randomization,representation_preserving_control,measured_target_from_graph_equivalent_source
poly_1673,c1cc(ccc1Cc1ccc(NC(O*)=O)cc1)NC(OCCCCC*)=O,Bandgap,4.1169,eV,phase4_adversarial_augmentation,train,randomization,representation_preserving_control,measured_target_from_graph_equivalent_source
poly_1801,c1c(ccc(c1)F)C(c1c(*)ccc(c1)*)=O,Bandgap,4.2587,eV,phase4_adversarial_augmentation,train,randomization,representation_preserving_control,measured_target_from_graph_equivalent_source
poly_1098,c1c(sc(c1)*)-c1ccc(-c2ccc(cc2)N*)s1,Bandgap,3.4334,eV,phase4_adversarial_augmentation,train,randomization,representation_preserving_control,measured_target_from_graph_equivalent_source
poly_876,O(CCCCCCCCCCCC)c1c(cc(c(c1)C(Oc1ccc(O*)cc1)=O)OCCCCCCCCCCCC)C(*)=O,Bandgap,3.1513,eV,phase4_adversarial_augmentation,train,randomization,representation_preserving_control,measured_target_from_graph_equivalent_source
poly_2995,C(CCCCCCCC(=O)N*)(NCCCCCC*)=O,Bandgap,5.4617,eV,phase4_adversarial_augmentation,train,randomization,representation_preserving_control,measured_target_from_graph_equivalent_source
poly_3498,C(CCC*)NC(CCCCCC(N*)=O)=O,Bandgap,5.9678,eV,phase4_adversarial_augmentation,train,randomization,representation_preserving_control,measured_target_from_graph_equivalent_source
poly_1437,c1c(O*)ccc(c1)C(C(F)(F)F)(C(F)(F)F)c1ccc(cc1)OC(=O)*,Bandgap,3.8346,eV,phase4_adversarial_augmentation,train,randomization,representation_preserving_control,measured_target_from_graph_equivalent_source
poly_3474,C(CCCNC(=O)CCCCC(=O)NCCCCCC(=O)OCCCCCC*)CC(=O)O*,Bandgap,5.9438,eV,phase4_adversarial_augmentation,train,randomization,representation_preserving_control,measured_target_from_graph_equivalent_source
poly_4080,C(CCCOC(CCCCCCCCC(=O)O*)=O)C*,Bandgap,6.7588,eV,phase4_adversarial_augmentation,train,randomization,representation_preserving_control,measured_target_from_graph_equivalent_source
poly_2507,O(*)c1ccc(C(C)(C)c2ccc(cc2)C(C)(c2ccc(OC(*)=O)cc2)C)cc1,Bandgap,4.952,eV,phase4_adversarial_augmentation,train,randomization,representation_preserving_control,measured_target_from_graph_equivalent_source
poly_13,c1cc(sc1C=c1ccc(=c2sc(cc2)=C*)s1)-c1ccc(s1)*,Bandgap,0.8779,eV,phase4_adversarial_augmentation,train,randomization,representation_preserving_control,measured_target_from_graph_equivalent_source
poly_473,O=c1n(c(c2c1cc1c(c(n(c1=O)-c1cccc3c1cccc3*)=O)c2)=O)*,Bandgap,2.6101,eV,phase4_adversarial_augmentation,train,randomization,representation_preserving_control,measured_target_from_graph_equivalent_source
poly_1665,O(*)C(c1ccc(C(=O)OCc2ccc(cc2)C*)cc1)=O,Bandgap,4.1083,eV,phase4_adversarial_augmentation,train,randomization,representation_preserving_control,measured_target_from_graph_equivalent_source
poly_2022,O(*)c1ccc(cc1)C(c1cc(c(c(Cl)c1)OC(=O)*)Cl)(C)C,Bandgap,4.494,eV,phase4_adversarial_augmentation,train,randomization,representation_preserving_control,measured_target_from_graph_equivalent_source
poly_1489,c1(ccc(cc1)Cc1ccc(NSC(OCCCCCC*)=O)cc1)NSC(=O)O*,Bandgap,3.9055,eV,phase4_adversarial_augmentation,train,randomization,representation_preserving_control,measured_target_from_graph_equivalent_source
poly_1039,O=C1N(C(c2cc(ccc12)Oc1ccc2c(c1)C(N(c1cc(ccc1)C(F)(F)C(F)(F)C(F)(F)c1cc(ccc1)*)C2=O)=O)=O)*,Bandgap,3.3624,eV,phase4_adversarial_augmentation,train,randomization,representation_preserving_control,measured_target_from_graph_equivalent_source
poly_3215,C(CCCCC)C(O*)C*,Bandgap,5.7137,eV,phase4_adversarial_augmentation,train,randomization,representation_preserving_control,measured_target_from_graph_equivalent_source
poly_531,O=C(Nc1ccc(Oc2ccc(cc2)N2C(=O)c3c(ccc(c3)*)C2=O)cc1)*,Bandgap,2.6875,eV,phase4_adversarial_augmentation,train,randomization,representation_preserving_control,measured_target_from_graph_equivalent_source
poly_1358,c1c2c(cc(C(O*)=O)cc2)ccc1C(=O)OCCCC*,Bandgap,3.7346,eV,phase4_adversarial_augmentation,train,randomization,representation_preserving_control,measured_target_from_graph_equivalent_source
poly_2619,C1(CC(C(*)C1)=CC)C=C*,Bandgap,5.0789,eV,phase4_adversarial_augmentation,train,randomization,representation_preserving_control,measured_target_from_graph_equivalent_source
poly_1364,*c1ccc(C(c2ccc(Oc3ccc(c(C(=O)OC)c3)O*)cc2)=O)cc1,Bandgap,3.7418,eV,phase4_adversarial_augmentation,train,randomization,representation_preserving_control,measured_target_from_graph_equivalent_source
poly_3583,O(C(C(C(C*)OC)C(*)C(OC)=O)=O)C,Bandgap,6.0489,eV,phase4_adversarial_augmentation,train,randomization,representation_preserving_control,measured_target_from_graph_equivalent_source
poly_971,c1cc(-c2ccc(C*)cc2)ccc1CSC(=O)C(S*)=O,Bandgap,3.2752,eV,phase4_adversarial_augmentation,train,randomization,representation_preserving_control,measured_target_from_graph_equivalent_source
poly_845,c1cc(C(N*)=S)ccc1O*,Bandgap,3.1065,eV,phase4_adversarial_augmentation,train,randomization,representation_preserving_control,measured_target_from_graph_equivalent_source
poly_419,c1c(sc(-c2n(c(*)cc2)C#Cc2ccc(cc2)CCCCCC)c1)*,Bandgap,2.5380000000000003,eV,phase4_adversarial_augmentation,train,randomization,representation_preserving_control,measured_target_from_graph_equivalent_source
poly_2643,C(CC(C(*)=O)N*)C(=O)O,Bandgap,5.0961,eV,phase4_adversarial_augmentation,train,randomization,representation_preserving_control,measured_target_from_graph_equivalent_source
poly_2145,*CCCCCCc1oc2ccc(NC(=O)CCCCCCCCC(Nc3ccc4oc(nc4c3)*)=O)cc2n1,Bandgap,4.6077,eV,phase4_adversarial_augmentation,train,randomization,representation_preserving_control,measured_target_from_graph_equivalent_source
poly_1743,O=C(*)Oc1c(cc(C(C(F)(F)F)(c2cc(C)c(O*)c(C)c2)C(F)(F)F)cc1C)C,Bandgap,4.1871,eV,phase4_adversarial_augmentation,train,randomization,representation_preserving_control,measured_target_from_graph_equivalent_source
poly_242,c12c(n(c(c1cc1c(n(c(=O)c1c2)-c1c(sc(*)c1)-c1c(Cl)cccc1Cl)=O)=O)-c1ccc(-c2n(c(nn2)*)N)cc1)=O,Bandgap,2.2264,eV,phase4_adversarial_augmentation,train,randomization,representation_preserving_control,measured_target_from_graph_equivalent_source
poly_2968,c1cc(CNC(OCCCCCCCC*)=O)ccc1CNC(O*)=O,Bandgap,5.4246,eV,phase4_adversarial_augmentation,train,randomization,representation_preserving_control,measured_target_from_graph_equivalent_source
poly_2873,O=S(CC)(=O)CC(CO*)(C*)CS(=O)(=O)CC,Bandgap,5.3209,eV,phase4_adversarial_augmentation,train,randomization,representation_preserving_control,measured_target_from_graph_equivalent_source
poly_1857,FC(F)(C(F)(COC(c1cccc(c1)O*)=O)F)C(COC(=O)c1cc(ccc1)*)(F)F,Bandgap,4.3066,eV,phase4_adversarial_augmentation,train,randomization,representation_preserving_control,measured_target_from_graph_equivalent_source
poly_3741,*CC(CC(C)(C=C*)C)C#N,Bandgap,6.2683,eV,phase4_adversarial_augmentation,train,randomization,representation_preserving_control,measured_target_from_graph_equivalent_source
poly_1387,O=c1c2c(c(n1CCCCCCCCC*)=O)cc1c(n(*)c(c1c2)=O)=O,Bandgap,3.7682,eV,phase4_adversarial_augmentation,train,randomization,representation_preserving_control,measured_target_from_graph_equivalent_source
poly_1719,C(C(=O)C*)C(=O)*,Bandgap,4.1682,eV,phase4_adversarial_augmentation,train,randomization,representation_preserving_control,measured_target_from_graph_equivalent_source
poly_707,c1(cc(*)nc2ccc(cc12)-c1ccc(cc1)*)-c1ccccc1,Bandgap,2.9322,eV,phase4_adversarial_augmentation,train,randomization,representation_preserving_control,measured_target_from_graph_equivalent_source
poly_1112,c12ccccc2c(cc(-c2ccc(-c3ccc(*)cc3)cc2)n1)-c1ccc(cc1)Oc1ccc(-c2cc(nc3c2cccc3)*)cc1,Bandgap,3.448,eV,phase4_adversarial_augmentation,train,randomization,representation_preserving_control,measured_target_from_graph_equivalent_source
poly_2363,*C1NC(*)C=C1,Bandgap,4.8228,eV,phase4_adversarial_augmentation,train,randomization,representation_preserving_control,measured_target_from_graph_equivalent_source
poly_907,c1cc(sc1-c1ccc(*)s1)CC*,Bandgap,3.1843,eV,phase4_adversarial_augmentation,train,randomization,representation_preserving_control,measured_target_from_graph_equivalent_source
poly_626,c1cc(c(cc1-c1cc(C)c(*)cc1)C)N1C(c2c(ccc(-c3cc4C(N(C(c4cc3)=O)*)=O)c2)C1=O)=O,Bandgap,2.8312,eV,phase4_adversarial_augmentation,train,randomization,representation_preserving_control,measured_target_from_graph_equivalent_source
poly_1693,c1c(cccc1C(=O)*)N*,Bandgap,4.147,eV,phase4_adversarial_augmentation,train,randomization,representation_preserving_control,measured_target_from_graph_equivalent_source
poly_2185,c1cc(C(c2ccc(O*)cc2)(C)C)ccc1OC(OCCCOC(*)=O)=O,Bandgap,4.6438,eV,phase4_adversarial_augmentation,train,randomization,representation_preserving_control,measured_target_from_graph_equivalent_source
poly_1187,C(c1cccc(C(*)=O)c1)(Oc1ccc(C2(c3ccc(cc3)O*)CCC3CCCCC3C2)cc1)=O,Bandgap,3.5467,eV,phase4_adversarial_augmentation,train,randomization,representation_preserving_control,measured_target_from_graph_equivalent_source
poly_1411,c1(cccc(c1)OC(=O)c1ccc([Si](C)(c2ccc(C(*)=O)cc2)C)cc1)O*,Bandgap,3.8091,eV,phase4_adversarial_augmentation,train,randomization,representation_preserving_control,measured_target_from_graph_equivalent_source
poly_230,O(CCOCCOC)c1c(C#Cc2ccc(*)c([N+](=O)[O-])c2)cc(c(C#C*)c1)OCCOCCOC,Bandgap,2.1853,eV,phase4_adversarial_augmentation,train,randomization,representation_preserving_control,measured_target_from_graph_equivalent_source
poly_4032,C(OC(=O)C(C*)(F)*)C(F)(F)C(C(F)(F)F)(F)F,Bandgap,6.6812,eV,phase4_adversarial_augmentation,train,randomization,representation_preserving_control,measured_target_from_graph_equivalent_source
poly_1598,*C(c1cc(ccc1)C)C(C*)=O,Bandgap,4.0355,eV,phase4_adversarial_augmentation,train,randomization,representation_preserving_control,measured_target_from_graph_equivalent_source
poly_117,*N=Nc1ccc(cc1)*,Bandgap,1.7681,eV,phase4_adversarial_augmentation,train,randomization,representation_preserving_control,measured_target_from_graph_equivalent_source
poly_3373,O(*)C(C)C(=O)*,Bandgap,5.8576,eV,phase4_adversarial_augmentation,train,randomization,representation_preserving_control,measured_target_from_graph_equivalent_source
poly_960,c1cc(cc2oc(nc21)-c1cccc(c1)*)-c1ccc2nc(oc2c1)*,Bandgap,3.2597,eV,phase4_adversarial_augmentation,train,randomization,representation_preserving_control,measured_target_from_graph_equivalent_source
poly_2790,C12C(=CC)CC(C(C2*)*)C1,Bandgap,5.2297,eV,phase4_adversarial_augmentation,train,randomization,representation_preserving_control,measured_target_from_graph_equivalent_source
poly_1397,C(CC*)CCCCCOC(=O)c1cc2c(cc(C(O*)=O)cc2)cc1,Bandgap,3.7833,eV,phase4_adversarial_augmentation,train,randomization,representation_preserving_control,measured_target_from_graph_equivalent_source
poly_133,*c1ccc(N=C2c3c(cccc3)C(=N*)c3c2cccc3)cc1,Bandgap,1.8734,eV,phase4_adversarial_augmentation,train,randomization,representation_preserving_control,measured_target_from_graph_equivalent_source
poly_1674,C12CC(C=C2)C(C(=O)OCC(CCl)OC(c2ccc(cc2)C(=O)*)=O)=C1C(=O)OCC(O*)CCl,Bandgap,4.117,eV,phase4_adversarial_augmentation,train,randomization,representation_preserving_control,measured_target_from_graph_equivalent_source
poly_2872,O=C(OCC(C*)(C)C)Nc1ccc(C)c(NC(O*)=O)c1,Bandgap,5.3198,eV,phase4_adversarial_augmentation,train,randomization,representation_preserving_control,measured_target_from_graph_equivalent_source
poly_414,*c1cc2C(=O)N(C(c2cc1)=O)c1cc(ccc1)C#Cc1cccc(N2C(=O)c3c(cc(C(=O)*)cc3)C2=O)c1,Bandgap,2.5356,eV,phase4_adversarial_augmentation,train,randomization,representation_preserving_control,measured_target_from_graph_equivalent_source
poly_3393,N(CCCCC*)C(CCCCC(N*)=O)=O,Bandgap,5.8689,eV,phase4_adversarial_augmentation,train,randomization,representation_preserving_control,measured_target_from_graph_equivalent_source
poly_2573,*CC(c1cccc(c1)C)*,Bandgap,5.0185,eV,phase4_adversarial_augmentation,train,randomization,representation_preserving_control,measured_target_from_graph_equivalent_source
poly_2657,C(O*)(Nc1cc(NC(=O)OCC2CC2C*)ccc1C)=O,Bandgap,5.1055,eV,phase4_adversarial_augmentation,train,randomization,representation_preserving_control,measured_target_from_graph_equivalent_source
poly_2579,c1cc(C(C)(C)CCC(N*)=O)ccc1C(C)(CCC(NCCCCCC*)=O)C,Bandgap,5.0232,eV,phase4_adversarial_augmentation,train,randomization,representation_preserving_control,measured_target_from_graph_equivalent_source
poly_4040,C(C(O*)CC(*)=O)CCCCC,Bandgap,6.6912,eV,phase4_adversarial_augmentation,train,randomization,representation_preserving_control,measured_target_from_graph_equivalent_source
poly_1699,*c1cccc(*)c1,Bandgap,4.1523,eV,phase4_adversarial_augmentation,train,randomization,representation_preserving_control,measured_target_from_graph_equivalent_source
poly_380,c1cc(ccc1C(C(*)=S)=O)N*,Bandgap,2.4969,eV,phase4_adversarial_augmentation,train,randomization,representation_preserving_control,measured_target_from_graph_equivalent_source
poly_2701,*SC(CCCCCCCCC(=O)SCCC*)=O,Bandgap,5.1438,eV,phase4_adversarial_augmentation,train,randomization,representation_preserving_control,measured_target_from_graph_equivalent_source
poly_495,c1(-n2c(c3c(F)c4c(c(F)c3c2=O)c(n(c4=O)*)=O)=O)ccc(c(c1)C(F)(F)F)-c1c(C(F)(F)F)cc(cc1)*,Bandgap,2.6459,eV,phase4_adversarial_augmentation,train,randomization,representation_preserving_control,measured_target_from_graph_equivalent_source
poly_1994,c1(ccc(cc1)OCCCCCCOC(OCCCCCCOC(=O)OCCCCCC*)=O)Oc1ccc(cc1)O*,Bandgap,4.465,eV,phase4_adversarial_augmentation,train,randomization,representation_preserving_control,measured_target_from_graph_equivalent_source
poly_737,O(C(*)=O)c1ccc(cc1)C(=S)*,Bandgap,2.9611,eV,phase4_adversarial_augmentation,train,randomization,representation_preserving_control,measured_target_from_graph_equivalent_source
poly_1412,C(c1ccc(C(=O)*)cc1)(Nc1ccc(c(c1)N*)Cl)=O,Bandgap,3.8101,eV,phase4_adversarial_augmentation,train,randomization,representation_preserving_control,measured_target_from_graph_equivalent_source
poly_3007,n1nc(n(c1*)N)CCCCCCCC*,Bandgap,5.476,eV,phase4_adversarial_augmentation,train,randomization,representation_preserving_control,measured_target_from_graph_equivalent_source
poly_1753,*NC(=O)c1sc(O*)cc1,Bandgap,4.1962,eV,phase4_adversarial_augmentation,train,randomization,representation_preserving_control,measured_target_from_graph_equivalent_source
poly_3669,C(CCCCCCCCCCCCOC(=O)NCCCCCCCCCCNC(=O)O*)CCC*,Bandgap,6.1594,eV,phase4_adversarial_augmentation,train,randomization,representation_preserving_control,measured_target_from_graph_equivalent_source
poly_3706,FC(C*)(C(F)(C(F)(C(COC(=O)C(F)(F)C(F)(C(F)(F)C(C(=O)O*)(F)F)F)(F)F)F)F)F,Bandgap,6.2242,eV,phase4_adversarial_augmentation,train,randomization,representation_preserving_control,measured_target_from_graph_equivalent_source
poly_1336,c1c2c(c(n(CCC(C)CCCC*)c2=O)=O)cc2c1c(=O)n(*)c2=O,Bandgap,3.7075,eV,phase4_adversarial_augmentation,train,randomization,representation_preserving_control,measured_target_from_graph_equivalent_source
poly_2487,c1c(CC(C=C)*)cc(c(c1C)O*)C,Bandgap,4.9348,eV,phase4_adversarial_augmentation,train,randomization,representation_preserving_control,measured_target_from_graph_equivalent_source
poly_277,*c1ccc(C(c2ccc(N*)s2)=S)cc1,Bandgap,2.3315,eV,phase4_adversarial_augmentation,train,randomization,representation_preserving_control,measured_target_from_graph_equivalent_source
poly_1488,N(C(=O)CCN(C1CCCCC1)*)CNC(=O)CC*,Bandgap,3.9047,eV,phase4_adversarial_augmentation,train,randomization,representation_preserving_control,measured_target_from_graph_equivalent_source
poly_2379,C1(OC(=O)*)CN(C(OCc2ccccc2)=O)C(C1)*,Bandgap,4.8424,eV,phase4_adversarial_augmentation,train,randomization,representation_preserving_control,measured_target_from_graph_equivalent_source
poly_65,c1c(*)oc(-c2ccc(s2)-c2sc(*)cc2)c1,Bandgap,1.4999,eV,phase4_adversarial_augmentation,train,randomization,representation_preserving_control,measured_target_from_graph_equivalent_source
poly_3582,O=C(OCCCCCCCC*)NNC(=O)CCCCCCCCC(=O)NNC(O*)=O,Bandgap,6.0481,eV,phase4_adversarial_augmentation,train,randomization,representation_preserving_control,measured_target_from_graph_equivalent_source
poly_368,c12ccccc2nc(o1)-c1cc(cc(c1)-n1c(=O)c2c(cc3c(n(*)c(c3c2)=O)=O)c1=O)*,Bandgap,2.4828,eV,phase4_adversarial_augmentation,train,randomization,representation_preserving_control,measured_target_from_graph_equivalent_source
poly_1253,c1c(O*)ccc(c1)C=CC(*)=O,Bandgap,3.6215,eV,phase4_adversarial_augmentation,train,randomization,representation_preserving_control,measured_target_from_graph_equivalent_source
poly_3587,O(*)C(C)C(OCC(*)=O)=O,Bandgap,6.0565,eV,phase4_adversarial_augmentation,train,randomization,representation_preserving_control,measured_target_from_graph_equivalent_source
poly_2556,N1(C(=O)CN(c2cc(*)ccc2)C(C1)=O)*,Bandgap,5.0067,eV,phase4_adversarial_augmentation,train,randomization,representation_preserving_control,measured_target_from_graph_equivalent_source
poly_1242,c1cc(C(*)=O)ccc1N=Nc1cc(C)c(O*)c(c1)C,Bandgap,3.6143,eV,phase4_adversarial_augmentation,train,randomization,representation_preserving_control,measured_target_from_graph_equivalent_source
poly_2717,*C(COCCOCC(N1CCN(CC1)*)=O)=O,Bandgap,5.164,eV,phase4_adversarial_augmentation,train,randomization,representation_preserving_control,measured_target_from_graph_equivalent_source
poly_1811,*OC(C)C#CC#CC(C)OC(=O)c1ccc(C(=O)*)cc1,Bandgap,4.2677,eV,phase4_adversarial_augmentation,train,randomization,representation_preserving_control,measured_target_from_graph_equivalent_source
poly_2015,*CC(c1ccc(C(CCCC)=O)cc1)*,Bandgap,4.4871,eV,phase4_adversarial_augmentation,train,randomization,representation_preserving_control,measured_target_from_graph_equivalent_source
poly_4162,FC1(C(*)(F)F)C(C(C(C(F)(*)C1(F)F)(F)F)(F)Cl)(F)F,Bandgap,7.1763,eV,phase4_adversarial_augmentation,train,randomization,representation_preserving_control,measured_target_from_graph_equivalent_source
poly_2803,C(NC(CCCCO*)=O)c1ccc(CNC(=O)CCCCCC*)cc1,Bandgap,5.2395,eV,phase4_adversarial_augmentation,train,randomization,representation_preserving_control,measured_target_from_graph_equivalent_source
poly_1901,c1cc(C(=O)O*)ccc1CCCCCCc1ccc(C(*)=O)cc1,Bandgap,4.3642,eV,phase4_adversarial_augmentation,train,randomization,representation_preserving_control,measured_target_from_graph_equivalent_source
poly_2066,c1(cnccc1)C(OC(*)C*)=O,Bandgap,4.5419,eV,phase4_adversarial_augmentation,train,randomization,representation_preserving_control,measured_target_from_graph_equivalent_source
poly_865,n1c2ccc(Oc3cc4c(ncc(-c5ccc(cc5)*)n4)cc3)cc2nc(*)c1,Bandgap,3.1316,eV,phase4_adversarial_augmentation,train,randomization,representation_preserving_control,measured_target_from_graph_equivalent_source
poly_2947,C1CN(*)CCN1C(NCCCCCCNC(*)=O)=O,Bandgap,5.4075,eV,phase4_adversarial_augmentation,train,randomization,representation_preserving_control,measured_target_from_graph_equivalent_source
poly_2280,*CC(CO*)(CSC(C)C)CSC(C)C,Bandgap,4.7366,eV,phase4_adversarial_augmentation,train,randomization,representation_preserving_control,measured_target_from_graph_equivalent_source
poly_3041,*SC(CCCC*)=O,Bandgap,5.5216,eV,phase4_adversarial_augmentation,train,randomization,representation_preserving_control,measured_target_from_graph_equivalent_source
poly_3926,C(O*)(NCC(C(F)(C(F)(C(CNC(=O)OCCCC*)(F)F)F)F)(F)F)=O,Bandgap,6.5358,eV,phase4_adversarial_augmentation,train,randomization,representation_preserving_control,measured_target_from_graph_equivalent_source
poly_66,c1(c(c(sc1N=Cc1ccc(C=N*)cc1)*)C#N)C#N,Bandgap,1.5069,eV,phase4_adversarial_augmentation,train,randomization,representation_preserving_control,measured_target_from_graph_equivalent_source
poly_2541,C(CCCCNC(=O)C*)CNC(=O)CS*,Bandgap,4.9895,eV,phase4_adversarial_augmentation,train,randomization,representation_preserving_control,measured_target_from_graph_equivalent_source
poly_2935,C(c1ccc(cc1)*)CCC*,Bandgap,5.3919,eV,phase4_adversarial_augmentation,train,randomization,representation_preserving_control,measured_target_from_graph_equivalent_source
poly_953,C1(=O)N(*)C(C(=O)N1C(c1ccc(N=Nc2ccc(cc2)C(=O)*)cc1)=O)(CC)CC,Bandgap,3.2554,eV,phase4_adversarial_augmentation,train,randomization,representation_preserving_control,measured_target_from_graph_equivalent_source
poly_1816,c1(ccc(cc1)C(=C(Cl)Cl)c1ccc(cc1)OC*)O*,Bandgap,4.27,eV,phase4_adversarial_augmentation,train,randomization,representation_preserving_control,measured_target_from_graph_equivalent_source
poly_4121,C(C*)(S(*)(=O)=O)C,Bandgap,6.8893,eV,phase4_adversarial_augmentation,train,randomization,representation_preserving_control,measured_target_from_graph_equivalent_source
poly_2649,C(CSCCCCSCCNC(=O)OCC*)NC(O*)=O,Bandgap,5.1021,eV,phase4_adversarial_augmentation,train,randomization,representation_preserving_control,measured_target_from_graph_equivalent_source
poly_1310,Nc1c(CN*)cc(C(=O)O)cc1CNc1scc(-c2csc(n2)*)n1,Bandgap,3.6822,eV,phase4_adversarial_augmentation,train,randomization,representation_preserving_control,measured_target_from_graph_equivalent_source
poly_663,*c1c(cc(-c2cc(C)c(N3C(=O)c4c(cc(-c5cc6C(N(C(c6cc5)=O)*)=O)cc4)C3=O)c(c2)C)cc1C)C,Bandgap,2.8817,eV,phase4_adversarial_augmentation,train,randomization,representation_preserving_control,measured_target_from_graph_equivalent_source
poly_1569,C(Nc1ccc(cc1)OCCOCC*)=Nc1ccc(O*)cc1,Bandgap,4.0043,eV,phase4_adversarial_augmentation,train,randomization,representation_preserving_control,measured_target_from_graph_equivalent_source
poly_2317,N(C(c1cccc(c1)C(=O)N*)=O)CC1CCCC(C1)C*,Bandgap,4.7723,eV,phase4_adversarial_augmentation,train,randomization,representation_preserving_control,measured_target_from_graph_equivalent_source
poly_3950,O(C(=O)C1CCC(C(OCCC*)=O)CC1)*,Bandgap,6.5753,eV,phase4_adversarial_augmentation,train,randomization,representation_preserving_control,measured_target_from_graph_equivalent_source
poly_3537,C12C(C(OC(=O)OC*)C(O1)*)OC(C)(C)O2,Bandgap,6.0081,eV,phase4_adversarial_augmentation,train,randomization,representation_preserving_control,measured_target_from_graph_equivalent_source
poly_1957,c1(ccc(cc1)*)C(=O)c1ccc(C(=O)*)cc1,Bandgap,4.427,eV,phase4_adversarial_augmentation,train,randomization,representation_preserving_control,measured_target_from_graph_equivalent_source
poly_1491,c1(sc(cc1)-c1ccc(cc1)*)-c1ccc(s1)O*,Bandgap,3.9086,eV,phase4_adversarial_augmentation,train,randomization,representation_preserving_control,measured_target_from_graph_equivalent_source
poly_1630,*C(Oc1ccc(OC(=O)Oc2c3c(ccc2)c(ccc3)O*)cc1)=O,Bandgap,4.0694,eV,phase4_adversarial_augmentation,train,randomization,representation_preserving_control,measured_target_from_graph_equivalent_source
poly_257,c1c(ccc(N=C2c3ccccc3C(c3ccccc23)=Nc2ccc(*)cc2)c1)O*,Bandgap,2.2831,eV,phase4_adversarial_augmentation,train,randomization,representation_preserving_control,measured_target_from_graph_equivalent_source
poly_1390,C(COC(OCCCCCC*)=O)CCCCCCCCCCOC(=O)OCCCCCCn1c(c2cc3c(n(*)c(c3cc2c1=O)=O)=O)=O,Bandgap,3.7702,eV,phase4_adversarial_augmentation,train,randomization,representation_preserving_control,measured_target_from_graph_equivalent_source
poly_4049,C(C(CC)*)CCCC*,Bandgap,6.7087,eV,phase4_adversarial_augmentation,train,randomization,representation_preserving_control,measured_target_from_graph_equivalent_source
poly_2285,O=C(*)C1CCC(C(NNC(c2cccc(C(=O)NN*)c2)=O)=O)CC1,Bandgap,4.7395,eV,phase4_adversarial_augmentation,train,randomization,representation_preserving_control,measured_target_from_graph_equivalent_source
poly_2514,*c1ccc(CC*)cc1C,Bandgap,4.9587,eV,phase4_adversarial_augmentation,train,randomization,representation_preserving_control,measured_target_from_graph_equivalent_source
poly_1898,c1c(c(c(cc1S(=O)(O*)=O)C)*)C,Bandgap,4.3607,eV,phase4_adversarial_augmentation,train,randomization,representation_preserving_control,measured_target_from_graph_equivalent_source
poly_2411,*CCC(S*)C,Bandgap,4.8724,eV,phase4_adversarial_augmentation,train,randomization,representation_preserving_control,measured_target_from_graph_equivalent_source
poly_1025,C(C*)(OC(c1cccc(c1)Cl)=O)*,Bandgap,3.3503,eV,phase4_adversarial_augmentation,train,randomization,representation_preserving_control,measured_target_from_graph_equivalent_source
poly_815,c1cc(ccc1*)NC(c1ccc(Oc2ccc(c(C(O)=O)c2)C(Nc2ccc(cc2)Oc2ccc(O*)cc2)=O)cc1C(=O)O)=O,Bandgap,3.0627,eV,phase4_adversarial_augmentation,train,randomization,representation_preserving_control,measured_target_from_graph_equivalent_source
poly_1738,c1c(ccc(S(*)(=O)=O)c1)-c1ccc(cc1)*,Bandgap,4.1818,eV,phase4_adversarial_augmentation,train,randomization,representation_preserving_control,measured_target_from_graph_equivalent_source
poly_484,c1c(*)ccc(c1)C(C(=O)C*)=S,Bandgap,2.6324,eV,phase4_adversarial_augmentation,train,randomization,representation_preserving_control,measured_target_from_graph_equivalent_source
poly_3405,C(CCC(=O)NCCCCCCCCCCCC*)CCCCCCCCCCCCCC(N*)=O,Bandgap,5.8763,eV,phase4_adversarial_augmentation,train,randomization,representation_preserving_control,measured_target_from_graph_equivalent_source
poly_376,c12c(c(=O)n(c2=O)-c2ccc(C(c3ccc(*)cc3)C=CC)cc2)cc2c(c(n(c2=O)*)=O)c1,Bandgap,2.4911,eV,phase4_adversarial_augmentation,train,randomization,representation_preserving_control,measured_target_from_graph_equivalent_source
poly_3976,O(C(*)C*)C(C(C(F)(F)F)(F)F)=O,Bandgap,6.6062,eV,phase4_adversarial_augmentation,train,randomization,representation_preserving_control,measured_target_from_graph_equivalent_source
poly_3990,C(CCCCCCCCCCOC(CCCCCCC(=O)O*)=O)CCC*,Bandgap,6.6214,eV,phase4_adversarial_augmentation,train,randomization,representation_preserving_control,measured_target_from_graph_equivalent_source
poly_2462,O(C*)C(=O)NCc1oc(cc1)CNC(OCc1ccc(*)o1)=O,Bandgap,4.9138,eV,phase4_adversarial_augmentation,train,randomization,representation_preserving_control,measured_target_from_graph_equivalent_source
poly_2880,C(=CCCC(=O)NCC=CC*)CCC(=O)N*,Bandgap,5.3297,eV,phase4_adversarial_augmentation,train,randomization,representation_preserving_control,measured_target_from_graph_equivalent_source
poly_54,c1(*)sc(c(c1OCCCC)OCCCC)*,Bandgap,1.381,eV,phase4_adversarial_augmentation,train,randomization,representation_preserving_control,measured_target_from_graph_equivalent_source
poly_2505,C(CCCCCCOC(Cc1ccc(CC(=O)O*)cc1)=O)CCC*,Bandgap,4.9479,eV,phase4_adversarial_augmentation,train,randomization,representation_preserving_control,measured_target_from_graph_equivalent_source
poly_102,c1c2c(n(c(c2cc2c(=O)n(c(=O)c12)-c1ccc(cc1)C(Nc1ccc(Oc2ccc(NC(c3ccc(*)cc3)=O)cc2)cc1)=O)=O)*)=O,Bandgap,1.6551,eV,phase4_adversarial_augmentation,train,randomization,representation_preserving_control,measured_target_from_graph_equivalent_source
poly_835,c1ccc(cc1NC(=O)*)NC(c1cc2nc(-c3ccc(cc3)-c3[nH]c4ccc(cc4n3)*)[nH]c2cc1)=O,Bandgap,3.0951,eV,phase4_adversarial_augmentation,train,randomization,representation_preserving_control,measured_target_from_graph_equivalent_source
poly_3824,C(C(F)(F)C(F)(F)F)(C(C(F)(C(CCOC(=O)C(C*)(*)F)(F)F)F)(F)F)(F)F,Bandgap,6.3843,eV,phase4_adversarial_augmentation,train,randomization,representation_preserving_control,measured_target_from_graph_equivalent_source
poly_1285,c1(-c2cc(ccc2)-c2nc3cc(ccc3[nH]2)C(=O)Nc2ccc(S(c3ccc(NC(=O)*)cc3)(=O)=O)cc2)[nH]c2c(n1)cc(*)cc2,Bandgap,3.6514,eV,phase4_adversarial_augmentation,train,randomization,representation_preserving_control,measured_target_from_graph_equivalent_source
poly_2656,c1ccc(cc1)C(C(C=C*)C(=O)OC)*,Bandgap,5.1045,eV,phase4_adversarial_augmentation,train,randomization,representation_preserving_control,measured_target_from_graph_equivalent_source
poly_2220,O(*)c1ccc(cc1)CCCCCCc1ccc(OC(=O)CCC(*)=O)cc1,Bandgap,4.671,eV,phase4_adversarial_augmentation,train,randomization,representation_preserving_control,measured_target_from_graph_equivalent_source
poly_4053,C(*)CCCCCCCCCOC(CC(C)C(O*)=O)=O,Bandgap,6.7186,eV,phase4_adversarial_augmentation,train,randomization,representation_preserving_control,measured_target_from_graph_equivalent_source
poly_1100,C(*)CN1C(=O)C(SC1=S)=CCCCC=C1C(N(C(S1)=S)*)=O,Bandgap,3.4353,eV,phase4_adversarial_augmentation,train,randomization,representation_preserving_control,measured_target_from_graph_equivalent_source
poly_477,c12cc(-n3c(c4c(cc5c(c4)c(=O)n(c5=O)-c4ccc(*)cc4)c3=O)=O)ccc1nc(oc2=O)*,Bandgap,2.6215,eV,phase4_adversarial_augmentation,train,randomization,representation_preserving_control,measured_target_from_graph_equivalent_source
poly_3833,C(CCCC(=O)OCCCCCC*)S(=O)(=O)CCCCC(=O)O*,Bandgap,6.4159,eV,phase4_adversarial_augmentation,train,randomization,representation_preserving_control,measured_target_from_graph_equivalent_source
poly_2266,CC(=CC*)C(C)S(*)(=O)=O,Bandgap,4.7127,eV,phase4_adversarial_augmentation,train,randomization,representation_preserving_control,measured_target_from_graph_equivalent_source
poly_2800,N#CC(C1C=CC(CC1)*)(Cl)C*,Bandgap,5.2355,eV,phase4_adversarial_augmentation,train,randomization,representation_preserving_control,measured_target_from_graph_equivalent_source
poly_3358,C(CCCNC(=O)CCCCCCCCOCCCCCCCCC(NCCCCC*)=O)CO*,Bandgap,5.8422,eV,phase4_adversarial_augmentation,train,randomization,representation_preserving_control,measured_target_from_graph_equivalent_source
poly_1730,C(c1cccc(Br)c1)(OC(C*)*)=O,Bandgap,4.1757,eV,phase4_adversarial_augmentation,train,randomization,representation_preserving_control,measured_target_from_graph_equivalent_source
poly_964,*Nc1c(cc(cc1)*)C(C)C,Bandgap,3.2671,eV,phase4_adversarial_augmentation,train,randomization,representation_preserving_control,measured_target_from_graph_equivalent_source
poly_1830,C(*)(c1cc(ccc1)C(=O)Oc1cc(cc(c1)C)O*)=O,Bandgap,4.2802,eV,phase4_adversarial_augmentation,train,randomization,representation_preserving_control,measured_target_from_graph_equivalent_source
poly_1243,c1(C(=O)Oc2ccc(c(c2)CCCCCC)O*)ccc(cc1)C(=O)*,Bandgap,3.6147,eV,phase4_adversarial_augmentation,train,randomization,representation_preserving_control,measured_target_from_graph_equivalent_source
poly_1189,c1c(Oc2ccc(*)s2)ccc(c1)C1(c2ccccc2-c2ccccc12)c1ccc(cc1)Oc1ccc(C(=O)*)cc1,Bandgap,3.549,eV,phase4_adversarial_augmentation,train,randomization,representation_preserving_control,measured_target_from_graph_equivalent_source
poly_1087,c1c(-c2cc(nc3ccc(-c4ccc(cc4)*)cc23)Oc2cc(-c3ccccc3)c3c(n2)ccc(*)c3)cccc1,Bandgap,3.4178,eV,phase4_adversarial_augmentation,train,randomization,representation_preserving_control,measured_target_from_graph_equivalent_source
poly_3912,C(CC(OCCCCCC*)=O)C(CC(O*)=O)C,Bandgap,6.5192,eV,phase4_adversarial_augmentation,train,randomization,representation_preserving_control,measured_target_from_graph_equivalent_source
poly_1184,c1c(C(Oc2c(C)cc(cc2)C2(c3ccc(c(C)c3)O*)c3ccccc3-c3c2cccc3)=O)cccc1C(=O)*,Bandgap,3.5452,eV,phase4_adversarial_augmentation,train,randomization,representation_preserving_control,measured_target_from_graph_equivalent_source
poly_2745,Nc1nc(nc(n1)N)C(C*)*,Bandgap,5.1899,eV,phase4_adversarial_augmentation,train,randomization,representation_preserving_control,measured_target_from_graph_equivalent_source
poly_829,c1cc(ccc1C#N)N=Nc1ccc(cc1)OC(=O)c1cc(cc(c1)O*)Oc1ccc(cc1)C(C)(c1ccc(cc1)*)C,Bandgap,3.0878,eV,phase4_adversarial_augmentation,train,randomization,representation_preserving_control,measured_target_from_graph_equivalent_source
poly_555,N(C(=O)c1ccc(cc1)C(=O)NC(=S)Nc1ccc(N*)cc1)C(*)=S,Bandgap,2.7285,eV,phase4_adversarial_augmentation,train,randomization,representation_preserving_control,measured_target_from_graph_equivalent_source
poly_1935,O=C(c1cc(C(=O)OCC(O*)(F)F)ccc1)OCC(F)(*)F,Bandgap,4.4051,eV,phase4_adversarial_augmentation,train,randomization,representation_preserving_control,measured_target_from_graph_equivalent_source
poly_180,CC(C(OCC)=O)OC(CCn1c(*)ccc1*)=O,Bandgap,2.0323,eV,phase4_adversarial_augmentation,train,randomization,representation_preserving_control,measured_target_from_graph_equivalent_source
poly_208,C(CNc1cc(ccc1)NCC(=O)c1ccc(*)cc1)(=O)c1ccc(S(=O)(=O)*)cc1,Bandgap,2.133,eV,phase4_adversarial_augmentation,train,randomization,representation_preserving_control,measured_target_from_graph_equivalent_source
poly_402,c1(cc(*)sc1*)-c1ccc(cc1)CCCCCCCC,Bandgap,2.521,eV,phase4_adversarial_augmentation,train,randomization,representation_preserving_control,measured_target_from_graph_equivalent_source
poly_3476,C(CCCCCCC*)CCCC(N*)=O,Bandgap,5.9463,eV,phase4_adversarial_augmentation,train,randomization,representation_preserving_control,measured_target_from_graph_equivalent_source
poly_3205,C(CC(=O)NCC1CCC(CC1)C*)CCCCC(N*)=O,Bandgap,5.7079,eV,phase4_adversarial_augmentation,train,randomization,representation_preserving_control,measured_target_from_graph_equivalent_source
poly_1989,C(CCCCC*)OC(c1cc(-c2cccc(c2)C(O*)=O)ccc1)=O,Bandgap,4.4604,eV,phase4_adversarial_augmentation,train,randomization,representation_preserving_control,measured_target_from_graph_equivalent_source
poly_478,c1c(cc(cc1)-n1c(=O)c2c(c1=O)cc1c(c2)c(=O)n(*)c1=O)Cc1ccc(cc1)*,Bandgap,2.624,eV,phase4_adversarial_augmentation,train,randomization,representation_preserving_control,measured_target_from_graph_equivalent_source
poly_3870,C(OC(C)C)(C(*)(C#N)C*)=O,Bandgap,6.4652,eV,phase4_adversarial_augmentation,train,randomization,representation_preserving_control,measured_target_from_graph_equivalent_source
poly_86,c1c(C=C*)n(CCCCCC)c(c1)*,Bandgap,1.5933,eV,phase4_adversarial_augmentation,train,randomization,representation_preserving_control,measured_target_from_graph_equivalent_source
poly_410,Clc1c(C(*)C*)cccc1,Bandgap,2.5286,eV,phase4_adversarial_augmentation,train,randomization,representation_preserving_control,measured_target_from_graph_equivalent_source
poly_11,C(*)(=CC=CC=CC=C*)CCS(=O)(=O)O,Bandgap,0.8154,eV,phase4_adversarial_augmentation,train,randomization,representation_preserving_control,measured_target_from_graph_equivalent_source
poly_2166,C1C2CC3CC1(CC(C3)C2)c1cc(CN(C)*)c(c(C*)c1)O,Bandgap,4.6273,eV,phase4_adversarial_augmentation,train,randomization,representation_preserving_control,measured_target_from_graph_equivalent_source
poly_2533,O(*)C(CCCCSCCCCC(=O)OCCCCCCCCCCCCCCCCCCCC*)=O,Bandgap,4.9808,eV,phase4_adversarial_augmentation,train,randomization,representation_preserving_control,measured_target_from_graph_equivalent_source
poly_1600,c1c(I)c(c(cc1C(=O)*)I)N*,Bandgap,4.0398,eV,phase4_adversarial_augmentation,train,randomization,representation_preserving_control,measured_target_from_graph_equivalent_source
poly_1716,c1c(cccc1)-c1c(O*)c(-c2ccc(C)cc2)cc(*)c1,Bandgap,4.1632,eV,phase4_adversarial_augmentation,train,randomization,representation_preserving_control,measured_target_from_graph_equivalent_source
poly_1365,c1(O*)ccc(cc1)C(C)(C)c1ccc(OC(*)=S)cc1,Bandgap,3.7418,eV,phase4_adversarial_augmentation,train,randomization,representation_preserving_control,measured_target_from_graph_equivalent_source
poly_3270,C(CCCCC(N*)=O)CC(=O)NCCCCCCCC*,Bandgap,5.7642,eV,phase4_adversarial_augmentation,train,randomization,representation_preserving_control,measured_target_from_graph_equivalent_source
poly_3269,*CCCCCCCNC(N*)=O,Bandgap,5.7637,eV,phase4_adversarial_augmentation,train,randomization,representation_preserving_control,measured_target_from_graph_equivalent_source
poly_4138,C(*)CCCCCCCC(C(Cl)*)Cl,Bandgap,6.9848,eV,phase4_adversarial_augmentation,train,randomization,representation_preserving_control,measured_target_from_graph_equivalent_source
poly_3854,*CCCCCNC(O*)=O,Bandgap,6.4491,eV,phase4_adversarial_augmentation,train,randomization,representation_preserving_control,measured_target_from_graph_equivalent_source
poly_4097,C(CCOC(=O)CCC(=O)O*)*,Bandgap,6.7889,eV,phase4_adversarial_augmentation,train,randomization,representation_preserving_control,measured_target_from_graph_equivalent_source
poly_3465,O=CN(CCC*)*,Bandgap,5.9384,eV,phase4_adversarial_augmentation,train,randomization,representation_preserving_control,measured_target_from_graph_equivalent_source
poly_557,C(CC)COCCOc1c(*)sc(*)c1,Bandgap,2.7317,eV,phase4_adversarial_augmentation,train,randomization,representation_preserving_control,measured_target_from_graph_equivalent_source
poly_2547,c1c(ccc(*)c1)C(C)(C)c1ccc(c(c1)C)OC(O*)=O,Bandgap,4.9955,eV,phase4_adversarial_augmentation,train,randomization,representation_preserving_control,measured_target_from_graph_equivalent_source
poly_403,*Oc1ccc(s1)-c1sc(cc1)-c1sc(*)cc1,Bandgap,2.521,eV,phase4_adversarial_augmentation,train,randomization,representation_preserving_control,measured_target_from_graph_equivalent_source
poly_818,c1(ccc(s1)*)Oc1sc(-c2ccc(*)cc2)cc1,Bandgap,3.0681,eV,phase4_adversarial_augmentation,train,randomization,representation_preserving_control,measured_target_from_graph_equivalent_source
poly_2287,C1(NCCN=1)C(C*)*,Bandgap,4.7412,eV,phase4_adversarial_augmentation,train,randomization,representation_preserving_control,measured_target_from_graph_equivalent_source
poly_3163,C(CCNC(=O)C(O)C(O)C(O)C(O)C(N*)=O)CCC*,Bandgap,5.6518,eV,phase4_adversarial_augmentation,train,randomization,representation_preserving_control,measured_target_from_graph_equivalent_source
poly_568,c1c(ccc(C(Oc2ccc(Oc3ccc(O*)cc3)cc2)=O)c1)OC(c1ccc(C(Oc2ccc(cc2)C(*)=O)=O)cc1)=O,Bandgap,2.7437,eV,phase4_adversarial_augmentation,train,randomization,representation_preserving_control,measured_target_from_graph_equivalent_source
poly_3595,C(NC(O*)=O)CCCCCNC(OCC*)=O,Bandgap,6.0605,eV,phase4_adversarial_augmentation,train,randomization,representation_preserving_control,measured_target_from_graph_equivalent_source
poly_4109,C1(C*)CCC(COC(O*)=O)CC1,Bandgap,6.8439,eV,phase4_adversarial_augmentation,train,randomization,representation_preserving_control,measured_target_from_graph_equivalent_source
poly_252,c1(=O)c2c(cc3c(c(=O)n(c3=O)*)c2)c(n1-c1cc(OC)c(cc1)-c1c(cc(*)cc1)OC)=O,Bandgap,2.2535,eV,phase4_adversarial_augmentation,train,randomization,representation_preserving_control,measured_target_from_graph_equivalent_source
poly_3235,C1OC(CC1)COC(=O)C(*)(C)C*,Bandgap,5.7341,eV,phase4_adversarial_augmentation,train,randomization,representation_preserving_control,measured_target_from_graph_equivalent_source
poly_3954,S(=O)(=O)(CCCCC(=O)O*)CCCCC(OCCCC*)=O,Bandgap,6.5794,eV,phase4_adversarial_augmentation,train,randomization,representation_preserving_control,measured_target_from_graph_equivalent_source
poly_2512,Clc1c(c(cc(C2(CCCCC2)c2cc(c(c(c2)Cl)OC(*)=O)Cl)c1)Cl)O*,Bandgap,4.9569,eV,phase4_adversarial_augmentation,train,randomization,representation_preserving_control,measured_target_from_graph_equivalent_source
poly_3089,C(CCCCC*)CC(=O)N(C)*,Bandgap,5.5641,eV,phase4_adversarial_augmentation,train,randomization,representation_preserving_control,measured_target_from_graph_equivalent_source
poly_2286,C(=O)(C=CC(O*)=O)OCC*,Bandgap,4.7397,eV,phase4_adversarial_augmentation,train,randomization,representation_preserving_control,measured_target_from_graph_equivalent_source
poly_2274,c1coc(C(C(c2occc2)OC(=O)NCc2oc(cc2)C(C)(c2oc(cc2)*)C)OC(NC*)=O)c1,Bandgap,4.7297,eV,phase4_adversarial_augmentation,train,randomization,representation_preserving_control,measured_target_from_graph_equivalent_source
poly_895,*C(c1cc(C(=O)Nc2ccc(-c3ccc(N*)cc3)cc2)cc(c1)S(=O)(=O)c1ccccc1)=O,Bandgap,3.1725,eV,phase4_adversarial_augmentation,train,randomization,representation_preserving_control,measured_target_from_graph_equivalent_source
poly_497,c1c(Oc2ccc(cc2)N2C(=O)c3c(cc(cc3)C(=O)Oc3ccc4ccc(OC(=O)*)cc4c3)C2=O)ccc(c1)N1C(c2cc(*)ccc2C1=O)=O,Bandgap,2.6477,eV,phase4_adversarial_augmentation,train,randomization,representation_preserving_control,measured_target_from_graph_equivalent_source
poly_4073,C(CCCCC(OCCCCCCCCCCCCCCCCCCCC*)=O)(=O)O*,Bandgap,6.7541,eV,phase4_adversarial_augmentation,train,randomization,representation_preserving_control,measured_target_from_graph_equivalent_source
poly_2446,C(CCSSCCSS*)C*,Bandgap,4.9019,eV,phase4_adversarial_augmentation,train,randomization,representation_preserving_control,measured_target_from_graph_equivalent_source
poly_3694,C1C(CC(NC(=O)O*)CC1)NC(=O)OCC*,Bandgap,6.2072,eV,phase4_adversarial_augmentation,train,randomization,representation_preserving_control,measured_target_from_graph_equivalent_source
poly_276,c1(*)cc2C(N(c3ccc(Oc4c(cc(Oc5ccc(cc5)N5C(=O)c6c(C5=O)ccc(C(=O)*)c6)c(c4)C(C)(C)C)C(C)(C)C)cc3)C(c2cc1)=O)=O,Bandgap,2.3313,eV,phase4_adversarial_augmentation,train,randomization,representation_preserving_control,measured_target_from_graph_equivalent_source
poly_4199,FC(F)(F)C(*)C*,Bandgap,8.4665,eV,phase4_adversarial_augmentation,train,randomization,representation_preserving_control,measured_target_from_graph_equivalent_source
poly_1426,C(c1ccc(cc1)OCC*)(OC(=O)c1ccc(cc1)C(OC(=O)c1ccc(cc1)O*)=O)=O,Bandgap,3.8246,eV,phase4_adversarial_augmentation,train,randomization,representation_preserving_control,measured_target_from_graph_equivalent_source
poly_2267,C(OC(CCC(OCCOC(=O)c1ccc(C(O*)=O)cc1)=O)=O)C*,Bandgap,4.7136,eV,phase4_adversarial_augmentation,train,randomization,representation_preserving_control,measured_target_from_graph_equivalent_source
poly_1153,*c1nnc(*)cc1,Bandgap,3.5021,eV,phase4_adversarial_augmentation,train,randomization,representation_preserving_control,measured_target_from_graph_equivalent_source
poly_3369,CC(COC(C(N*)CC(=O)*)=O)C,Bandgap,5.8559,eV,phase4_adversarial_augmentation,train,randomization,representation_preserving_control,measured_target_from_graph_equivalent_source
poly_3592,*NC(CCCCCCCCCCCCCCCCC*)=O,Bandgap,6.0585,eV,phase4_adversarial_augmentation,train,randomization,representation_preserving_control,measured_target_from_graph_equivalent_source
poly_103,C(*)C(=S)c1ccc(cc1)C(=S)*,Bandgap,1.6553,eV,phase4_adversarial_augmentation,train,randomization,representation_preserving_control,measured_target_from_graph_equivalent_source
poly_3048,C(C*)CCCCCCNC(=O)CCCCCCCCC(N*)=O,Bandgap,5.5273,eV,phase4_adversarial_augmentation,train,randomization,representation_preserving_control,measured_target_from_graph_equivalent_source
poly_1626,c1(ccc(cc1)C(c1ccc(OC(*)=S)cc1)(c1ccccc1)CC)O*,Bandgap,4.0661,eV,phase4_adversarial_augmentation,train,randomization,representation_preserving_control,measured_target_from_graph_equivalent_source
poly_983,c1ccccc1-c1c(-c2ccc(-c3nc4cc(*)ccc4nc3-c3ccccc3)cc2)nc2c(ccc(C(=O)*)c2)n1,Bandgap,3.2971,eV,phase4_adversarial_augmentation,train,randomization,representation_preserving_control,measured_target_from_graph_equivalent_source
poly_2442,C(CC*)CSCCS*,Bandgap,4.898,eV,phase4_adversarial_augmentation,train,randomization,representation_preserving_control,measured_target_from_graph_equivalent_source
poly_1610,c1c(cc(C(OC(=O)c2cccc(O*)c2)=O)cc1)OCCCC*,Bandgap,4.05,eV,phase4_adversarial_augmentation,train,randomization,representation_preserving_control,measured_target_from_graph_equivalent_source
poly_3984,N#CC(C#N)(C*)C(C#N)C(C(C(*)(C#N)C#N)C#N)(C#N)C#N,Bandgap,6.6115,eV,phase4_adversarial_augmentation,train,randomization,representation_preserving_control,measured_target_from_graph_equivalent_source
poly_1120,N(C(c1cc2ccc(cc2cc1)C(*)=O)=O)c1c(O)ccc(c1)C(c1cc(N*)c(O)cc1)(C(F)(F)F)C(F)(F)F,Bandgap,3.4541,eV,phase4_adversarial_augmentation,train,randomization,representation_preserving_control,measured_target_from_graph_equivalent_source
poly_2271,C(*)CCCCCCCCCSSS*,Bandgap,4.7227,eV,phase4_adversarial_augmentation,train,randomization,representation_preserving_control,measured_target_from_graph_equivalent_source
poly_1527,c1c(ccc(c1)N1C(N(*)C1=O)=O)Cc1ccc(*)cc1,Bandgap,3.951,eV,phase4_adversarial_augmentation,train,randomization,representation_preserving_control,measured_target_from_graph_equivalent_source
poly_2678,*NNC(=O)c1cc(ccc1)C(=O)*,Bandgap,5.1212,eV,phase4_adversarial_augmentation,train,randomization,representation_preserving_control,measured_target_from_graph_equivalent_source
poly_3753,*C1(CCCCC1)C*,Bandgap,6.2872,eV,phase4_adversarial_augmentation,train,randomization,representation_preserving_control,measured_target_from_graph_equivalent_source
poly_2163,O=C(O*)c1cccc(C(=O)*)c1,Bandgap,4.6257,eV,phase4_adversarial_augmentation,train,randomization,representation_preserving_control,measured_target_from_graph_equivalent_source
poly_3164,C(*)CCCCNC(CC(=O)N*)=O,Bandgap,5.6519,eV,phase4_adversarial_augmentation,train,randomization,representation_preserving_control,measured_target_from_graph_equivalent_source
poly_2195,c1cc(C(=O)O*)ccc1C(=O)OCC1CC(CC(C1)C(C)(C)C)C*,Bandgap,4.652,eV,phase4_adversarial_augmentation,train,randomization,representation_preserving_control,measured_target_from_graph_equivalent_source
poly_1371,c1cc(O*)ccc1OC(=O)c1ccc(C(=O)*)cc1,Bandgap,3.752,eV,phase4_adversarial_augmentation,train,randomization,representation_preserving_control,measured_target_from_graph_equivalent_source
poly_2794,C(COCCOCCOCCOC(=O)CCSCCC(=O)O*)*,Bandgap,5.2314,eV,phase4_adversarial_augmentation,train,randomization,representation_preserving_control,measured_target_from_graph_equivalent_source
poly_2114,c1(cc(ccc1N*)*)Cl,Bandgap,4.5808,eV,phase4_adversarial_augmentation,train,randomization,representation_preserving_control,measured_target_from_graph_equivalent_source
poly_1449,c1(sc(cc1)OC(N*)=O)*,Bandgap,3.8526,eV,phase4_adversarial_augmentation,train,randomization,representation_preserving_control,measured_target_from_graph_equivalent_source
poly_508,C(CCCn1c(*)ccc1*)CC,Bandgap,2.6624,eV,phase4_adversarial_augmentation,train,randomization,representation_preserving_control,measured_target_from_graph_equivalent_source
poly_3869,C(=O)(COCC1C(C(O)C(C(*)O1)O)O*)O,Bandgap,6.4651,eV,phase4_adversarial_augmentation,train,randomization,representation_preserving_control,measured_target_from_graph_equivalent_source
poly_1844,c1cc(C(OCCC*)=O)ccc1-c1ccc(cc1)C(=O)O*,Bandgap,4.2973,eV,phase4_adversarial_augmentation,train,randomization,representation_preserving_control,measured_target_from_graph_equivalent_source
poly_1413,S(CCSSc1ccc(*)cc1)Sc1ccc(cc1)O*,Bandgap,3.8114,eV,phase4_adversarial_augmentation,train,randomization,representation_preserving_control,measured_target_from_graph_equivalent_source
poly_250,c1(*)ccc(n1C)-c1oc(-c2ccc(o2)*)cc1,Bandgap,2.2511,eV,phase4_adversarial_augmentation,train,randomization,representation_preserving_control,measured_target_from_graph_equivalent_source
poly_1659,O=C(CCCCCCCCC(=O)Nc1ccc(C(=O)O*)cc1)Nc1ccc(cc1)C(OCCCCCCCCC*)=O,Bandgap,4.0973,eV,phase4_adversarial_augmentation,train,randomization,representation_preserving_control,measured_target_from_graph_equivalent_source
poly_3937,C(OC1CCCCC1O*)(=O)*,Bandgap,6.5485,eV,phase4_adversarial_augmentation,train,randomization,representation_preserving_control,measured_target_from_graph_equivalent_source
poly_1511,*Nc1cc(c(cc1C)*)C,Bandgap,3.9301,eV,phase4_adversarial_augmentation,train,randomization,representation_preserving_control,measured_target_from_graph_equivalent_source
poly_1401,c1(C(=O)NNC(=O)*)cccc(c1)C(NNC(c1ccc(nc1)*)=O)=O,Bandgap,3.7955,eV,phase4_adversarial_augmentation,train,randomization,representation_preserving_control,measured_target_from_graph_equivalent_source
poly_3479,C(CCCC=C*)CCC(Cl)CCCCCC*,Bandgap,5.9472,eV,phase4_adversarial_augmentation,train,randomization,representation_preserving_control,measured_target_from_graph_equivalent_source
poly_3717,O(C(C)CCC*)[Si](C)(O*)C,Bandgap,6.2384,eV,phase4_adversarial_augmentation,train,randomization,representation_preserving_control,measured_target_from_graph_equivalent_source
poly_2380,CC1(C(C(C)(C)C1OC(*)=O)OC(=O)Oc1ccc(C2(CCC(CC2)C(C)(C)C)c2ccc(cc2)O*)cc1)C,Bandgap,4.8454,eV,phase4_adversarial_augmentation,train,randomization,representation_preserving_control,measured_target_from_graph_equivalent_source
poly_4202,C(F)(C(C(F)(F)F)(F)F)(C(*)C*)F,Bandgap,8.7077,eV,phase4_adversarial_augmentation,train,randomization,representation_preserving_control,measured_target_from_graph_equivalent_source
poly_2528,C(c1ccc(cc1)C(=O)N(C)*)(=O)N(CCCC*)C,Bandgap,4.9751,eV,phase4_adversarial_augmentation,train,randomization,representation_preserving_control,measured_target_from_graph_equivalent_source
poly_3907,C(C)C(CC)OC(C(C*)*)=O,Bandgap,6.5156,eV,phase4_adversarial_augmentation,train,randomization,representation_preserving_control,measured_target_from_graph_equivalent_source
poly_3533,O=C(CCCCC(C*)C)N*,Bandgap,6.0048,eV,phase4_adversarial_augmentation,train,randomization,representation_preserving_control,measured_target_from_graph_equivalent_source
poly_2879,C(C(*)C*)(=O)N(CCC)CCC,Bandgap,5.3291,eV,phase4_adversarial_augmentation,train,randomization,representation_preserving_control,measured_target_from_graph_equivalent_source
poly_153,c1c(*)ncc(C=C*)c1,Bandgap,1.9477,eV,phase4_adversarial_augmentation,train,randomization,representation_preserving_control,measured_target_from_graph_equivalent_source
poly_717,O=c1n(c(c2c1cc1c(c2)c(n(c1=O)*)=O)=O)-c1ccc(cc1)C(=O)c1ccc(cc1)*,Bandgap,2.9421,eV,phase4_adversarial_augmentation,train,randomization,representation_preserving_control,measured_target_from_graph_equivalent_source
poly_2364,C12C(C(N(*)C2=O)=O)CCC2C(=O)N(C(=O)C12)c1ccc(cc1C)Cc1cc(c(*)cc1)C,Bandgap,4.8231,eV,phase4_adversarial_augmentation,train,randomization,representation_preserving_control,measured_target_from_graph_equivalent_source
poly_3238,*N1CCCC1C(=O)NCC(=O)NC(C(*)=O)C,Bandgap,5.735,eV,phase4_adversarial_augmentation,train,randomization,representation_preserving_control,measured_target_from_graph_equivalent_source
poly_1588,c1(ccc(C(=CC(O*)=O)CC(OCCCC*)=O)cc1)OCC,Bandgap,4.0233,eV,phase4_adversarial_augmentation,train,randomization,representation_preserving_control,measured_target_from_graph_equivalent_source
poly_2176,c1cc(C(=O)*)ccc1N(C)*,Bandgap,4.6391,eV,phase4_adversarial_augmentation,train,randomization,representation_preserving_control,measured_target_from_graph_equivalent_source
poly_3300,c1ccc(COC(C(COC(=O)O*)(C)C*)=O)cc1,Bandgap,5.7884,eV,phase4_adversarial_augmentation,train,randomization,representation_preserving_control,measured_target_from_graph_equivalent_source
poly_1553,C(CCCSSc1ccc(cc1)O*)CCCCCCSSc1ccc(cc1)*,Bandgap,3.9858,eV,phase4_adversarial_augmentation,train,randomization,representation_preserving_control,measured_target_from_graph_equivalent_source
poly_3058,c1ccccc1C(C*)C(C(O)=O)C(*)C(O)=O,Bandgap,5.5354,eV,phase4_adversarial_augmentation,train,randomization,representation_preserving_control,measured_target_from_graph_equivalent_source
poly_3701,C(C(=O)OC(C*)*)(C)(C)C,Bandgap,6.216,eV,phase4_adversarial_augmentation,train,randomization,representation_preserving_control,measured_target_from_graph_equivalent_source
poly_4133,C(COC(=O)O*)CCCC*,Bandgap,6.9481,eV,phase4_adversarial_augmentation,train,randomization,representation_preserving_control,measured_target_from_graph_equivalent_source
poly_1749,C(OCCCCC*)(=O)c1cc(ccc1)-c1cc(C(=O)O*)ccc1,Bandgap,4.1924,eV,phase4_adversarial_augmentation,train,randomization,representation_preserving_control,measured_target_from_graph_equivalent_source
poly_1933,c1(c(cc(*)cc1Br)Br)O*,Bandgap,4.4036,eV,phase4_adversarial_augmentation,train,randomization,representation_preserving_control,measured_target_from_graph_equivalent_source
poly_1550,N(c1sc(*)cc1)c1ccc(N*)cc1,Bandgap,3.9833,eV,phase4_adversarial_augmentation,train,randomization,representation_preserving_control,measured_target_from_graph_equivalent_source
poly_534,c1cc(Cc2ccc(N3C(=O)c4cc(ccc4C3=O)S(c3ccc4C(=O)N(C(=O)c4c3)*)(=O)=O)cc2)ccc1*,Bandgap,2.6972,eV,phase4_adversarial_augmentation,train,randomization,representation_preserving_control,measured_target_from_graph_equivalent_source
poly_3070,O=C(C(CCCCNC(=O)NCCCCCNC(=O)*)N*)OC,Bandgap,5.5474,eV,phase4_adversarial_augmentation,train,randomization,representation_preserving_control,measured_target_from_graph_equivalent_source
poly_362,C(N*)(=O)c1sc(C(=S)*)cc1,Bandgap,2.4802,eV,phase4_adversarial_augmentation,train,randomization,representation_preserving_control,measured_target_from_graph_equivalent_source
poly_3680,C(CCCCCCCC*)CO*,Bandgap,6.1884,eV,phase4_adversarial_augmentation,train,randomization,representation_preserving_control,measured_target_from_graph_equivalent_source
poly_1925,c1(CCNC(C(*)C*)=O)ncccc1,Bandgap,4.3946,eV,phase4_adversarial_augmentation,train,randomization,representation_preserving_control,measured_target_from_graph_equivalent_source
poly_2303,c1c(cc(C(NCCCCCCC*)=O)cc1)C(=O)N*,Bandgap,4.7571,eV,phase4_adversarial_augmentation,train,randomization,representation_preserving_control,measured_target_from_graph_equivalent_source
poly_3567,C(CCCCC(NNC(=O)CCCCCCCC(=O)NN*)=O)CCCC(=O)*,Bandgap,6.0362,eV,phase4_adversarial_augmentation,train,randomization,representation_preserving_control,measured_target_from_graph_equivalent_source
poly_3347,C1C(CCC(C1)(C*)CO*)C,Bandgap,5.8267,eV,phase4_adversarial_augmentation,train,randomization,representation_preserving_control,measured_target_from_graph_equivalent_source
poly_1497,c1(ccc(c(c1)Br)O*)-c1ccc(cc1)C(=O)*,Bandgap,3.918,eV,phase4_adversarial_augmentation,train,randomization,representation_preserving_control,measured_target_from_graph_equivalent_source
poly_1899,O=C(C*)NC(*)=O,Bandgap,4.3608,eV,phase4_adversarial_augmentation,train,randomization,representation_preserving_control,measured_target_from_graph_equivalent_source
poly_3051,C(CCCCCNC(N*)=O)*,Bandgap,5.5278,eV,phase4_adversarial_augmentation,train,randomization,representation_preserving_control,measured_target_from_graph_equivalent_source
poly_3801,CCOC(OC(=O)C(*)C*)C(F)(F)F,Bandgap,6.3587,eV,phase4_adversarial_augmentation,train,randomization,representation_preserving_control,measured_target_from_graph_equivalent_source
poly_3419,C(CCCCC*)CC(N*)=O,Bandgap,5.8885,eV,phase4_adversarial_augmentation,train,randomization,representation_preserving_control,measured_target_from_graph_equivalent_source
poly_2397,FC(C(F)(F)COC(=O)c1cccc(C(O*)=O)c1)(C(C*)(F)F)F,Bandgap,4.8608,eV,phase4_adversarial_augmentation,train,randomization,representation_preserving_control,measured_target_from_graph_equivalent_source
poly_676,O(C(=O)*)CCCCCCCCOC(=O)c1ccc(NC(c2ccc(N3C(=O)c4c(ccc(c4)*)C3=O)cc2)=O)cc1,Bandgap,2.8969,eV,phase4_adversarial_augmentation,train,randomization,representation_preserving_control,measured_target_from_graph_equivalent_source
poly_3429,C(CCCCCC*)CCNC(=O)CCCCCCCCCC(=O)N*,Bandgap,5.8963,eV,phase4_adversarial_augmentation,train,randomization,representation_preserving_control,measured_target_from_graph_equivalent_source
poly_3462,C(N*)(CCCCC(NCCCC*)=O)=O,Bandgap,5.937,eV,phase4_adversarial_augmentation,train,randomization,representation_preserving_control,measured_target_from_graph_equivalent_source
poly_1057,O(*)C(c1ccc(C*)cc1)=S,Bandgap,3.3862,eV,phase4_adversarial_augmentation,train,randomization,representation_preserving_control,measured_target_from_graph_equivalent_source
poly_2708,O=C(N*)CCCCC(=O)NCCCP(CCC*)c1ccccc1,Bandgap,5.1514,eV,phase4_adversarial_augmentation,train,randomization,representation_preserving_control,measured_target_from_graph_equivalent_source
poly_2814,C(C)C(CO*)(C*)CO,Bandgap,5.2564,eV,phase4_adversarial_augmentation,train,randomization,representation_preserving_control,measured_target_from_graph_equivalent_source
poly_4125,O=COC(*)C*,Bandgap,6.9115,eV,phase4_adversarial_augmentation,train,randomization,representation_preserving_control,measured_target_from_graph_equivalent_source
poly_2427,C(=O)(*)Oc1ccc(C(CC)(c2ccc(cc2)O*)c2ccccc2)cc1,Bandgap,4.8841,eV,phase4_adversarial_augmentation,train,randomization,representation_preserving_control,measured_target_from_graph_equivalent_source
poly_2527,C(CCOC(=O)Nc1cc(NC(O*)=O)c(C)cc1)C*,Bandgap,4.9701,eV,phase4_adversarial_augmentation,train,randomization,representation_preserving_control,measured_target_from_graph_equivalent_source
poly_1305,O(Nc1ccc(C*)s1)*,Bandgap,3.6722,eV,phase4_adversarial_augmentation,train,randomization,representation_preserving_control,measured_target_from_graph_equivalent_source
poly_1047,c1(-c2ccc3c(nc(-c4ccccc4)c(n3)*)c2)cc2nc(c(-c3ccccc3)nc2cc1)-c1cccc(c1)*,Bandgap,3.3721,eV,phase4_adversarial_augmentation,train,randomization,representation_preserving_control,measured_target_from_graph_equivalent_source
poly_4096,O=C(O*)CCCCCCCCC(=O)OCC(CCl)(CCl)C*,Bandgap,6.7882,eV,phase4_adversarial_augmentation,train,randomization,representation_preserving_control,measured_target_from_graph_equivalent_source
poly_1011,c1cc(C(Nc2cccc(c2)C(Nc2cc(NC(=O)*)ccc2)=O)=O)ccc1-c1nc2c([nH]1)ccc(*)c2,Bandgap,3.3335,eV,phase4_adversarial_augmentation,train,randomization,representation_preserving_control,measured_target_from_graph_equivalent_source
poly_1369,c1c(ccc(c1)N*)Oc1ccc(cc1)*,Bandgap,3.7465,eV,phase4_adversarial_augmentation,train,randomization,representation_preserving_control,measured_target_from_graph_equivalent_source
poly_910,c1ccc2c(c(OCC(CCCC)CC)ccc2-c2cc(C=C*)ccc2*)c1,Bandgap,3.1924,eV,phase4_adversarial_augmentation,train,randomization,representation_preserving_control,measured_target_from_graph_equivalent_source
poly_3255,C(CCC(C*)C)=C*,Bandgap,5.7497,eV,phase4_adversarial_augmentation,train,randomization,representation_preserving_control,measured_target_from_graph_equivalent_source
poly_381,C(=O)(Nc1ccc(cc1)NC(=O)C*)c1ccc2c(c1)C(N(*)C2=O)=O,Bandgap,2.4976,eV,phase4_adversarial_augmentation,train,randomization,representation_preserving_control,measured_target_from_graph_equivalent_source
poly_4208,FC(C(F)(*)F)(O*)F,Bandgap,9.8351,eV,phase4_adversarial_augmentation,train,randomization,representation_preserving_control,measured_target_from_graph_equivalent_source
poly_1273,c1c(CN(CC*)*)cccc1,Bandgap,3.6413,eV,phase4_adversarial_augmentation,train,randomization,representation_preserving_control,measured_target_from_graph_equivalent_source
poly_3268,C1(O*)C(O)C(C(*)OC1CO)O,Bandgap,5.7633,eV,phase4_adversarial_augmentation,train,randomization,representation_preserving_control,measured_target_from_graph_equivalent_source
poly_1408,O(*)C(C(=O)C*)=S,Bandgap,3.8049,eV,phase4_adversarial_augmentation,train,randomization,representation_preserving_control,measured_target_from_graph_equivalent_source
poly_1891,*C(Oc1ccc(C2(C3CC(C2)CC3)c2cc(C)c(cc2)O*)cc1C)=O,Bandgap,4.3462,eV,phase4_adversarial_augmentation,train,randomization,representation_preserving_control,measured_target_from_graph_equivalent_source
poly_1141,c12cc3c(nc(*)[nH]3)cc2nc([nH]1)-c1cc(ccc1)*,Bandgap,3.4806,eV,phase4_adversarial_augmentation,train,randomization,representation_preserving_control,measured_target_from_graph_equivalent_source
poly_2799,C(C*)CN*,Bandgap,5.2341,eV,phase4_adversarial_augmentation,train,randomization,representation_preserving_control,measured_target_from_graph_equivalent_source
poly_435,c12ccc(cc1C(OC2=O)=Nc1cc(Oc2ccc(cc2)N=C2c3cc(ccc3C(=O)O2)C(=O)*)ccc1)*,Bandgap,2.5605,eV,phase4_adversarial_augmentation,train,randomization,representation_preserving_control,measured_target_from_graph_equivalent_source
poly_1621,Cc1c(c(C)c(C)c(c1C)NC(=O)c1ccc(C(*)=O)cc1)N*,Bandgap,4.0581,eV,phase4_adversarial_augmentation,train,randomization,representation_preserving_control,measured_target_from_graph_equivalent_source
poly_524,c1cc(O*)ccc1C(C*)=S,Bandgap,2.6830000000000003,eV,phase4_adversarial_augmentation,train,randomization,representation_preserving_control,measured_target_from_graph_equivalent_source
poly_854,c1(C(OC(c2ccc(C(OC(c3cc(c(cc3)OCC*)OC)=O)=O)cc2)=O)=O)cc(c(cc1)O*)OC,Bandgap,3.117,eV,phase4_adversarial_augmentation,train,randomization,representation_preserving_control,measured_target_from_graph_equivalent_source
poly_148,c1ccc(C(*)C*)s1,Bandgap,1.9401,eV,phase4_adversarial_augmentation,train,randomization,representation_preserving_control,measured_target_from_graph_equivalent_source
poly_1889,c1cc(Cc2ccc(cc2)S*)ccc1SC(=O)*,Bandgap,4.3437,eV,phase4_adversarial_augmentation,train,randomization,representation_preserving_control,measured_target_from_graph_equivalent_source
poly_326,c1cccc(N=Cc2oc(Sc3ccc(*)o3)cc2)c1N=C*,Bandgap,2.4355,eV,phase4_adversarial_augmentation,train,randomization,representation_preserving_control,measured_target_from_graph_equivalent_source
poly_2911,C(NC(CCCC*)=O)CCCCCNC(=O)CCCCO*,Bandgap,5.3636,eV,phase4_adversarial_augmentation,train,randomization,representation_preserving_control,measured_target_from_graph_equivalent_source
poly_4009,C(CCCCC(O*)=O)C(=O)OCCCCCCCCCCCCCCCCCCCC*,Bandgap,6.6516,eV,phase4_adversarial_augmentation,train,randomization,representation_preserving_control,measured_target_from_graph_equivalent_source
poly_488,c1c(C(C(F)(F)F)(c2ccc(-n3c(c4cc5c(cc4c3=O)c(=O)n(c5=O)*)=O)cc2)c2ccc(*)cc2)cccc1,Bandgap,2.6385,eV,phase4_adversarial_augmentation,train,randomization,representation_preserving_control,measured_target_from_graph_equivalent_source
poly_1633,c1cccc2c1n(C(C(OCC)=O)n1c3cc(ccc3cc1*)*)cc2,Bandgap,4.0728,eV,phase4_adversarial_augmentation,train,randomization,representation_preserving_control,measured_target_from_graph_equivalent_source
poly_3247,*C(C1C(C(=O)NC2C(C2)N*)C1)=O,Bandgap,5.7404,eV,phase4_adversarial_augmentation,train,randomization,representation_preserving_control,measured_target_from_graph_equivalent_source
poly_1396,c1c(-c2ccc(cc2)-c2ccc(C(=C(C#N)C#N)Nc3ccc(cc3)O*)cc2)ccc(C(=C(C#N)C#N)Nc2ccc(*)cc2)c1,Bandgap,3.7824,eV,phase4_adversarial_augmentation,train,randomization,representation_preserving_control,measured_target_from_graph_equivalent_source
poly_2830,CC(C*)(O*)C,Bandgap,5.2787,eV,phase4_adversarial_augmentation,train,randomization,representation_preserving_control,measured_target_from_graph_equivalent_source
poly_4048,C(CCCCCC(=O)*)CCC(OCCC(C)O*)=O,Bandgap,6.7075,eV,phase4_adversarial_augmentation,train,randomization,representation_preserving_control,measured_target_from_graph_equivalent_source
poly_2648,C(C(NCCCCCCNC(CO*)=O)=O)OCC*,Bandgap,5.1019,eV,phase4_adversarial_augmentation,train,randomization,representation_preserving_control,measured_target_from_graph_equivalent_source
poly_51,O1CCOc2c1c(sc2*)-c1sc(cc1)-c1sc(*)cc1,Bandgap,1.3711,eV,phase4_adversarial_augmentation,train,randomization,representation_preserving_control,measured_target_from_graph_equivalent_source
poly_79,c1(*)c(CCCCCC)cc(-c2cc(c(s2)*)CCCCCC)s1,Bandgap,1.5552,eV,phase4_adversarial_augmentation,train,randomization,representation_preserving_control,measured_target_from_graph_equivalent_source
poly_1065,c12cc(Oc3cc4C(=O)N(*)C(=O)c4cc3)ccc1C(=O)N(c1ccc(cc1)C(c1ccc(cc1)*)(C(F)(F)F)C(F)(F)F)C2=O,Bandgap,3.3962,eV,phase4_adversarial_augmentation,train,randomization,representation_preserving_control,measured_target_from_graph_equivalent_source
poly_3560,C(CCCCCCCCCCOC(CCC=CCCC(O*)=O)=O)CCC*,Bandgap,6.0257,eV,phase4_adversarial_augmentation,train,randomization,representation_preserving_control,measured_target_from_graph_equivalent_source
poly_2938,C(c1ccc(CNC(=O)O*)cc1)NC(OCCCCCC*)=O,Bandgap,5.3924,eV,phase4_adversarial_augmentation,train,randomization,representation_preserving_control,measured_target_from_graph_equivalent_source
poly_3684,C1(C2C(OC1)C(CO2)OC(OCCOCCOCCOC(O*)=O)=O)*,Bandgap,6.1949,eV,phase4_adversarial_augmentation,train,randomization,representation_preserving_control,measured_target_from_graph_equivalent_source
poly_1333,CN(C)c1ccc(C(C*)*)cc1,Bandgap,3.7056,eV,phase4_adversarial_augmentation,train,randomization,representation_preserving_control,measured_target_from_graph_equivalent_source
poly_2292,*C(CC(C*)c1ccc(cc1)Cl)(C#N)C#N,Bandgap,4.7449,eV,phase4_adversarial_augmentation,train,randomization,representation_preserving_control,measured_target_from_graph_equivalent_source
poly_1949,C(*)C(c1cc2c(cc1)OCO2)*,Bandgap,4.4197,eV,phase4_adversarial_augmentation,train,randomization,representation_preserving_control,measured_target_from_graph_equivalent_source
poly_1058,C(CNC*)(*)=S,Bandgap,3.3896,eV,phase4_adversarial_augmentation,train,randomization,representation_preserving_control,measured_target_from_graph_equivalent_source
poly_438,c1c(c(*)sc1*)-c1ccc(cc1)OCCCCCCCC,Bandgap,2.5681,eV,phase4_adversarial_augmentation,train,randomization,representation_preserving_control,measured_target_from_graph_equivalent_source
poly_786,c1cc(C(N(C)c2ccc(c(c2)N(C)*)Cl)=O)ccc1C(*)=O,Bandgap,3.0209,eV,phase4_adversarial_augmentation,train,randomization,representation_preserving_control,measured_target_from_graph_equivalent_source
poly_1348,C(*)(c1cccc(C(=O)Nc2ccccc2N*)c1)=O,Bandgap,3.7239,eV,phase4_adversarial_augmentation,train,randomization,representation_preserving_control,measured_target_from_graph_equivalent_source
poly_85,C(c1c(*)sc(c1)*)C(=O)OCC,Bandgap,1.589,eV,phase4_adversarial_augmentation,train,randomization,representation_preserving_control,measured_target_from_graph_equivalent_source
poly_1080,C1C2C3C(N(c4cc(cc(c4)C(=O)Nc4ccc(C(C)(c5ccc(cc5)N*)C)cc4)C(=O)*)C(C3C(C1)C2)=O)=O,Bandgap,3.4083,eV,phase4_adversarial_augmentation,train,randomization,representation_preserving_control,measured_target_from_graph_equivalent_source
poly_2629,C(C)N(C(C(C(F)(F)C(F)(C(=O)N(CC)CCCCCC*)F)(F)F)=O)*,Bandgap,5.0851,eV,phase4_adversarial_augmentation,train,randomization,representation_preserving_control,measured_target_from_graph_equivalent_source
poly_3147,C(CCCCNC(=O)C(CCCC)C(=O)N*)C*,Bandgap,5.6377,eV,phase4_adversarial_augmentation,train,randomization,representation_preserving_control,measured_target_from_graph_equivalent_source
poly_2961,*N(CC*)C(C(Cl)Cl)=O,Bandgap,5.4221,eV,phase4_adversarial_augmentation,train,randomization,representation_preserving_control,measured_target_from_graph_equivalent_source
poly_758,Fc1c(F)c(O*)c(F)c(F)c1On1c(=O)c2cc3c(c(n(*)c3=O)=O)cc2c1=O,Bandgap,2.9852,eV,phase4_adversarial_augmentation,train,randomization,representation_preserving_control,measured_target_from_graph_equivalent_source
poly_1443,c1(*)c(cc(Br)cc1O*)Br,Bandgap,3.8389,eV,phase4_adversarial_augmentation,train,randomization,representation_preserving_control,measured_target_from_graph_equivalent_source
poly_1031,c1cc(C(c2ccc(s2)*)=O)sc1C*,Bandgap,3.3554,eV,phase4_adversarial_augmentation,train,randomization,representation_preserving_control,measured_target_from_graph_equivalent_source
poly_2019,c1cc(N(*)c2nc(*)nc(n2)Cl)ccc1,Bandgap,4.493,eV,phase4_adversarial_augmentation,train,randomization,representation_preserving_control,measured_target_from_graph_equivalent_source
poly_3504,*C(CC(O*)=C)=O,Bandgap,5.9735,eV,phase4_adversarial_augmentation,train,randomization,representation_preserving_control,measured_target_from_graph_equivalent_source
poly_298,*c1cc(c(s1)*)CCCCCCCC,Bandgap,2.3638,eV,phase4_adversarial_augmentation,train,randomization,representation_preserving_control,measured_target_from_graph_equivalent_source
poly_2085,O(c1ccc(C2(CC3CC2CC3)c2ccc(O*)cc2)cc1)C(*)=O,Bandgap,4.5567,eV,phase4_adversarial_augmentation,train,randomization,representation_preserving_control,measured_target_from_graph_equivalent_source
poly_3815,FC(COC(=O)C(F)(C*)*)(C(F)(F)C(F)(F)C(F)(C(F)(C(F)F)F)F)F,Bandgap,6.3722,eV,phase4_adversarial_augmentation,train,randomization,representation_preserving_control,measured_target_from_graph_equivalent_source
poly_3551,C(=O)(NC1C(NC(O*)=O)C1)OCCCCC*,Bandgap,6.0216,eV,phase4_adversarial_augmentation,train,randomization,representation_preserving_control,measured_target_from_graph_equivalent_source
poly_569,S=C(c1ccc(C(=O)C*)cc1)*,Bandgap,2.744,eV,phase4_adversarial_augmentation,train,randomization,representation_preserving_control,measured_target_from_graph_equivalent_source
poly_90,c1cc(sc1*)-c1ccc(C#CC#C*)s1,Bandgap,1.6029,eV,phase4_adversarial_augmentation,train,randomization,representation_preserving_control,measured_target_from_graph_equivalent_source
poly_3764,C(C(=O)O*)CCCCC(=O)OCCCCCC*,Bandgap,6.306,eV,phase4_adversarial_augmentation,train,randomization,representation_preserving_control,measured_target_from_graph_equivalent_source
poly_2448,C1C(SC(C=1)*)*,Bandgap,4.904,eV,phase4_adversarial_augmentation,train,randomization,representation_preserving_control,measured_target_from_graph_equivalent_source
poly_446,c12c(ccc(N3C(=O)c4c(cc(*)cc4)C3=O)c2)-c2ccc(cc2C1=O)N1C(c2c(ccc(C(*)=O)c2)C1=O)=O,Bandgap,2.5712,eV,phase4_adversarial_augmentation,train,randomization,representation_preserving_control,measured_target_from_graph_equivalent_source
poly_756,O(c1c(cc(C(C(F)(F)F)(C(F)(F)F)c2cc(c(c(c2)Br)*)Br)cc1Br)Br)P(=O)(Oc1ccc(OC)cc1)O*,Bandgap,2.9806,eV,phase4_adversarial_augmentation,train,randomization,representation_preserving_control,measured_target_from_graph_equivalent_source
poly_121,C(CC)CCCCCCCCCOc1cc(sc1*)-c1ccc(s1)-c1sc(cc1)*,Bandgap,1.7783,eV,phase4_adversarial_augmentation,train,randomization,representation_preserving_control,measured_target_from_graph_equivalent_source
poly_510,c12ccc(-c3ccc4c(c3)C(N(C4=O)c3cc4c(-c5ccc(*)cc5C4)cc3)=O)cc1C(N(C2=O)*)=O,Bandgap,2.6653,eV,phase4_adversarial_augmentation,train,randomization,representation_preserving_control,measured_target_from_graph_equivalent_source
poly_3675,C(C*)OCCOC(C(C(O*)=O)CCCCCCC)=O,Bandgap,6.1842,eV,phase4_adversarial_augmentation,train,randomization,representation_preserving_control,measured_target_from_graph_equivalent_source
poly_3260,C(CN(C(=O)C)*)C*,Bandgap,5.7585,eV,phase4_adversarial_augmentation,train,randomization,representation_preserving_control,measured_target_from_graph_equivalent_source
poly_433,*c1ccc(Oc2ccc(-c3cnc4c(n3)cc3c(c4)nc(cn3)*)cc2)cc1,Bandgap,2.5578,eV,phase4_adversarial_augmentation,train,randomization,representation_preserving_control,measured_target_from_graph_equivalent_source
poly_2858,C=CCCCCCCCCN(C(=O)*)*,Bandgap,5.307,eV,phase4_adversarial_augmentation,train,randomization,representation_preserving_control,measured_target_from_graph_equivalent_source
poly_448,c1(NC(=O)C*)ccc(Oc2ccc(NC(CN3C(c4cc(C(=O)c5ccc6C(N(*)C(c6c5)=O)=O)ccc4C3=O)=O)=O)cc2)cc1,Bandgap,2.5742,eV,phase4_adversarial_augmentation,train,randomization,representation_preserving_control,measured_target_from_graph_equivalent_source
poly_3575,*CCCCCCCCCNC(=O)N*,Bandgap,6.0453,eV,phase4_adversarial_augmentation,train,randomization,representation_preserving_control,measured_target_from_graph_equivalent_source
poly_3643,C(CCC(=O)NNC(OCCCC*)=O)CCCCCC(=O)NNC(=O)O*,Bandgap,6.1273,eV,phase4_adversarial_augmentation,train,randomization,representation_preserving_control,measured_target_from_graph_equivalent_source
poly_1509,C(C#CC#CC*)OC(Nc1ccc(cc1)Cc1ccc(NC(=O)O*)cc1)=O,Bandgap,3.928,eV,phase4_adversarial_augmentation,train,randomization,representation_preserving_control,measured_target_from_graph_equivalent_source
poly_1434,c1c(Oc2ccc(O*)cc2)ccc(C(c2ccc(cc2)*)=O)c1,Bandgap,3.8335,eV,phase4_adversarial_augmentation,train,randomization,representation_preserving_control,measured_target_from_graph_equivalent_source
poly_3657,C(NCCCCCCNC(CO*)=O)(=O)C*,Bandgap,6.1421,eV,phase4_adversarial_augmentation,train,randomization,representation_preserving_control,measured_target_from_graph_equivalent_source
poly_1956,C(C1CCC(C*)CC1)OC(=O)c1ccc(NC(=O)O*)cc1,Bandgap,4.4247,eV,phase4_adversarial_augmentation,train,randomization,representation_preserving_control,measured_target_from_graph_equivalent_source
poly_888,c12c(=O)n(*)c(c1cc1c(c2)c(=O)n(c1=O)-c1cccc(c1)C(c1ccc(cc1)*)=O)=O,Bandgap,3.1643,eV,phase4_adversarial_augmentation,train,randomization,representation_preserving_control,measured_target_from_graph_equivalent_source
poly_1979,O=C(NCCCCCCCCCCCCNC(c1ccc(cc1)*)=O)c1ccc(cc1)O*,Bandgap,4.4458,eV,phase4_adversarial_augmentation,train,randomization,representation_preserving_control,measured_target_from_graph_equivalent_source
poly_3219,*C(C*)OCCCCCC,Bandgap,5.7163,eV,phase4_adversarial_augmentation,train,randomization,representation_preserving_control,measured_target_from_graph_equivalent_source
poly_3326,C(OCCOC(COCC(=O)O*)=O)COCC*,Bandgap,5.809,eV,phase4_adversarial_augmentation,train,randomization,representation_preserving_control,measured_target_from_graph_equivalent_source
poly_4078,O(C(=O)C(*)C*)CC(F)(C(F)(F)OC(C(F)(F)C(C(F)(F)F)(F)F)(F)F)F,Bandgap,6.7568,eV,phase4_adversarial_augmentation,train,randomization,representation_preserving_control,measured_target_from_graph_equivalent_source
poly_3141,*NC(=O)CC*,Bandgap,5.6299,eV,phase4_adversarial_augmentation,train,randomization,representation_preserving_control,measured_target_from_graph_equivalent_source
poly_3754,O=C(C(C)(C*)*)OCC(C(F)(F)C(F)(F)C(F)F)(F)F,Bandgap,6.2894,eV,phase4_adversarial_augmentation,train,randomization,representation_preserving_control,measured_target_from_graph_equivalent_source
poly_2291,c1(c(c(N)c(*)cc1)OC)*,Bandgap,4.7443,eV,phase4_adversarial_augmentation,train,randomization,representation_preserving_control,measured_target_from_graph_equivalent_source
poly_1922,c1c(C*)ccc(c1)-c1ccc(O*)cc1,Bandgap,4.3907,eV,phase4_adversarial_augmentation,train,randomization,representation_preserving_control,measured_target_from_graph_equivalent_source
poly_4007,C1C(COC(=O)CCCCCCCCC(=O)O*)CCC(C1)C*,Bandgap,6.6477,eV,phase4_adversarial_augmentation,train,randomization,representation_preserving_control,measured_target_from_graph_equivalent_source
poly_702,c1c2C(N(C(=O)c2ccc1*)c1ccc(cc1)Oc1ccc(cc1)C(=O)*)=O,Bandgap,2.925,eV,phase4_adversarial_augmentation,train,randomization,representation_preserving_control,measured_target_from_graph_equivalent_source
poly_4060,C(C*)(C(O)=O)*,Bandgap,6.7294,eV,phase4_adversarial_augmentation,train,randomization,representation_preserving_control,measured_target_from_graph_equivalent_source
poly_3452,C(CC(O*)C)*,Bandgap,5.9265,eV,phase4_adversarial_augmentation,train,randomization,representation_preserving_control,measured_target_from_graph_equivalent_source
poly_1188,c1cc(O*)ccc1C(=O)CNCCNCC(c1ccc(*)cc1)=O,Bandgap,3.5485,eV,phase4_adversarial_augmentation,train,randomization,representation_preserving_control,measured_target_from_graph_equivalent_source
poly_2602,*SSCCC*,Bandgap,5.0561,eV,phase4_adversarial_augmentation,train,randomization,representation_preserving_control,measured_target_from_graph_equivalent_source
poly_1970,c1c(C(OC(c2ccc(cc2)OCC*)=O)=O)ccc(c1)O*,Bandgap,4.4379,eV,phase4_adversarial_augmentation,train,randomization,representation_preserving_control,measured_target_from_graph_equivalent_source
poly_3025,C1(*)C=CC(*)CC1,Bandgap,5.5013,eV,phase4_adversarial_augmentation,train,randomization,representation_preserving_control,measured_target_from_graph_equivalent_source
poly_678,c1(c2cc3c(n(*)c(c3cc2c(n1-c1cc(C(F)(F)F)c(cc1)-c1c(C(F)(F)F)cc(cc1)*)=O)=O)=O)=O,Bandgap,2.8988,eV,phase4_adversarial_augmentation,train,randomization,representation_preserving_control,measured_target_from_graph_equivalent_source
poly_4052,*OC(CC(=O)*)C1CO1,Bandgap,6.7174,eV,phase4_adversarial_augmentation,train,randomization,representation_preserving_control,measured_target_from_graph_equivalent_source
poly_713,c1c(ccc(Sc2ccc(cc2)N2C(c3ccc(C(=O)Oc4ccc(OC(=O)*)cc4)cc3C2=O)=O)c1)N1C(c2cc(ccc2C1=O)*)=O,Bandgap,2.9386,eV,phase4_adversarial_augmentation,train,randomization,representation_preserving_control,measured_target_from_graph_equivalent_source
poly_3711,O(*)C(C=C)CC(*)=O,Bandgap,6.23,eV,phase4_adversarial_augmentation,train,randomization,representation_preserving_control,measured_target_from_graph_equivalent_source
poly_2007,O(C)c1ccc(OC(C(*)C*)=O)cc1,Bandgap,4.4785,eV,phase4_adversarial_augmentation,train,randomization,representation_preserving_control,measured_target_from_graph_equivalent_source
poly_3860,C(C*)(*)C,Bandgap,6.4609,eV,phase4_adversarial_augmentation,train,randomization,representation_preserving_control,measured_target_from_graph_equivalent_source
poly_1923,*C(C(N*)Cc1ccc(cc1)O)=O,Bandgap,4.392,eV,phase4_adversarial_augmentation,train,randomization,representation_preserving_control,measured_target_from_graph_equivalent_source
poly_3974,*CCCCOC(=O)CC(=O)O*,Bandgap,6.6045,eV,phase4_adversarial_augmentation,train,randomization,representation_preserving_control,measured_target_from_graph_equivalent_source
poly_2332,N(CC(=O)*)C*,Bandgap,4.7857,eV,phase4_adversarial_augmentation,train,randomization,representation_preserving_control,measured_target_from_graph_equivalent_source
poly_3302,*C/C=C\C*,Bandgap,5.7893,eV,phase4_adversarial_augmentation,train,randomization,representation_preserving_control,measured_target_from_graph_equivalent_source
poly_2663,O=C(CC(CC)N*)*,Bandgap,5.1088,eV,phase4_adversarial_augmentation,train,randomization,representation_preserving_control,measured_target_from_graph_equivalent_source
poly_3303,O(CCOCCOC(=O)CCCCCCCCC(=O)O*)CC*,Bandgap,5.7898,eV,phase4_adversarial_augmentation,train,randomization,representation_preserving_control,measured_target_from_graph_equivalent_source
poly_1620,c1(nc(nc(N(*)CC)n1)*)-c1ccccc1,Bandgap,4.0578,eV,phase4_adversarial_augmentation,train,randomization,representation_preserving_control,measured_target_from_graph_equivalent_source
poly_3591,C(O*)C1C(C1)C*,Bandgap,6.058,eV,phase4_adversarial_augmentation,train,randomization,representation_preserving_control,measured_target_from_graph_equivalent_source
poly_515,c1c(-c2ccc(*)cc2)ccc(c1)-c1ccc(cc1)C(=S)*,Bandgap,2.6739,eV,phase4_adversarial_augmentation,train,randomization,representation_preserving_control,measured_target_from_graph_equivalent_source
poly_1191,c1c(sc(c1)C(=S)NC*)*,Bandgap,3.5518,eV,phase4_adversarial_augmentation,train,randomization,representation_preserving_control,measured_target_from_graph_equivalent_source
poly_2100,c1(OC(C)=O)ccc(C(=O)OC(C*)*)cc1,Bandgap,4.5702,eV,phase4_adversarial_augmentation,train,randomization,representation_preserving_control,measured_target_from_graph_equivalent_source
poly_3489,*NC(=O)CCCCCCCCC(NCCCCCC*)=O,Bandgap,5.9571,eV,phase4_adversarial_augmentation,train,randomization,representation_preserving_control,measured_target_from_graph_equivalent_source
poly_4021,C1CC2CC1C1C2C(CC*)CC1*,Bandgap,6.669,eV,phase4_adversarial_augmentation,train,randomization,representation_preserving_control,measured_target_from_graph_equivalent_source
poly_1656,c1c(C(OCCCCCCCOC(c2ccc(cc2)O*)=O)=O)ccc(c1)OC(=O)c1ccc(cc1)C(=O)*,Bandgap,4.0946,eV,phase4_adversarial_augmentation,train,randomization,representation_preserving_control,measured_target_from_graph_equivalent_source
poly_912,O(c1ccc(cc1)C(c1ccc(cc1)Oc1ccc(C(=O)c2ccc(cc2)Oc2ccc(*)cc2)cc1)=O)c1ccc(cc1)-c1nc2c(cccc2)n1-c1ccc(cc1)-n1c2c(cccc2)nc1*,Bandgap,3.1981,eV,phase4_adversarial_augmentation,train,randomization,representation_preserving_control,measured_target_from_graph_equivalent_source
poly_2916,C([N-][N+]#N)C(O*)C*,Bandgap,5.3716,eV,phase4_adversarial_augmentation,train,randomization,representation_preserving_control,measured_target_from_graph_equivalent_source
poly_3226,C(C(NCCCCCCC*)=O)(C(C(=O)N*)OC)OC,Bandgap,5.7259,eV,phase4_adversarial_augmentation,train,randomization,representation_preserving_control,measured_target_from_graph_equivalent_source
poly_1778,C(CC(C(=O)*)N*)C(=O)OCc1ccc(C(F)(F)F)cc1,Bandgap,4.2331,eV,phase4_adversarial_augmentation,train,randomization,representation_preserving_control,measured_target_from_graph_equivalent_source
poly_3139,C(CCC(NCCCCCOCCCCCNC(=O)CCCO*)=O)*,Bandgap,5.6276,eV,phase4_adversarial_augmentation,train,randomization,representation_preserving_control,measured_target_from_graph_equivalent_source
poly_318,N1(c2ccc(S(=O)(c3ccc(N4C(=O)c5c(C4=O)cc(C(=O)Nc4ccc(cc4)-c4ccc(NC(=O)*)cc4)cc5)cc3)=O)cc2)C(=O)c2c(ccc(c2)*)C1=O,Bandgap,2.4206,eV,phase4_adversarial_augmentation,train,randomization,representation_preserving_control,measured_target_from_graph_equivalent_source
poly_3315,C(CCCCCCCCCC)CC(C(=O)NCCCCC*)C(=O)N*,Bandgap,5.8003,eV,phase4_adversarial_augmentation,train,randomization,representation_preserving_control,measured_target_from_graph_equivalent_source
poly_1703,C(COCC*)OC(c1ccc(NC=Nc2ccc(C(=O)O*)cc2)cc1)=O,Bandgap,4.1537,eV,phase4_adversarial_augmentation,train,randomization,representation_preserving_control,measured_target_from_graph_equivalent_source
poly_1723,c1ccc(-c2nc(*)nc(n2)N*)cc1,Bandgap,4.1706,eV,phase4_adversarial_augmentation,train,randomization,representation_preserving_control,measured_target_from_graph_equivalent_source
poly_224,c1c(sc(-c2sc(N*)cc2)c1)C(=S)*,Bandgap,2.1763,eV,phase4_adversarial_augmentation,train,randomization,representation_preserving_control,measured_target_from_graph_equivalent_source
poly_857,c1c2c(sc1*)c(C)c(*)s2,Bandgap,3.1198,eV,phase4_adversarial_augmentation,train,randomization,representation_preserving_control,measured_target_from_graph_equivalent_source
poly_3880,*CC(C)(C)COC(CC(O*)=O)=O,Bandgap,6.4783,eV,phase4_adversarial_augmentation,train,randomization,representation_preserving_control,measured_target_from_graph_equivalent_source
poly_2588,c1cc(C(NCC*)=O)cc(c1)O*,Bandgap,5.033,eV,phase4_adversarial_augmentation,train,randomization,representation_preserving_control,measured_target_from_graph_equivalent_source
poly_1093,c1c(c(cc(*)c1)OCCCCS(=O)(=O)O)N*,Bandgap,3.4308,eV,phase4_adversarial_augmentation,train,randomization,representation_preserving_control,measured_target_from_graph_equivalent_source
poly_4187,FC(F)(F)C(O)(CC1CC(*)C(F)(C1)C(F)(F)C*)C(F)(F)F,Bandgap,7.8745,eV,phase4_adversarial_augmentation,train,randomization,representation_preserving_control,measured_target_from_graph_equivalent_source
poly_705,*C(c1cc2C(=O)N(c3ccc(N4C(c5cc(*)ccc5C4=O)=O)cc3)C(=O)c2cc1)=O,Bandgap,2.9305,eV,phase4_adversarial_augmentation,train,randomization,representation_preserving_control,measured_target_from_graph_equivalent_source
poly_2467,c1(cncc(*)c1)C(NCCCCCCNC(=O)*)=O,Bandgap,4.9168,eV,phase4_adversarial_augmentation,train,randomization,representation_preserving_control,measured_target_from_graph_equivalent_source
poly_1813,N(*)c1ccc(Oc2ccc(*)s2)cc1,Bandgap,4.2687,eV,phase4_adversarial_augmentation,train,randomization,representation_preserving_control,measured_target_from_graph_equivalent_source
poly_3312,*NC(=O)CCC(C)CC*,Bandgap,5.7970000000000015,eV,phase4_adversarial_augmentation,train,randomization,representation_preserving_control,measured_target_from_graph_equivalent_source
poly_2939,C(C(C)CC=C*)*,Bandgap,5.3972,eV,phase4_adversarial_augmentation,train,randomization,representation_preserving_control,measured_target_from_graph_equivalent_source
poly_3337,N(CCCCCCCCC*)C(CCCCCCCC(N*)=O)=O,Bandgap,5.8181,eV,phase4_adversarial_augmentation,train,randomization,representation_preserving_control,measured_target_from_graph_equivalent_source
poly_3875,C(OCCCCCCCCCCOC(O*)=O)(OC1C2C(OC1)C(CO2)*)=O,Bandgap,6.4724,eV,phase4_adversarial_augmentation,train,randomization,representation_preserving_control,measured_target_from_graph_equivalent_source
poly_4112,C1CC(*)CC1C*,Bandgap,6.8566,eV,phase4_adversarial_augmentation,train,randomization,representation_preserving_control,measured_target_from_graph_equivalent_source
poly_1904,C(Oc1ccc(OCc2ccc(cc2)COc2ccc(cc2)O*)cc1)CCCCCC*,Bandgap,4.3660000000000005,eV,phase4_adversarial_augmentation,train,randomization,representation_preserving_control,measured_target_from_graph_equivalent_source
poly_3724,*OCCC*,Bandgap,6.2461,eV,phase4_adversarial_augmentation,train,randomization,representation_preserving_control,measured_target_from_graph_equivalent_source
poly_2281,c1(C)cc(O*)ccc1C(c1ccccc1)c1ccc(cc1C)OC(=O)*,Bandgap,4.738,eV,phase4_adversarial_augmentation,train,randomization,representation_preserving_control,measured_target_from_graph_equivalent_source
poly_3660,*OC(=O)NCCCCCCNC(=O)OCC#CC*,Bandgap,6.1466,eV,phase4_adversarial_augmentation,train,randomization,representation_preserving_control,measured_target_from_graph_equivalent_source
poly_3387,C(NCCC)(=O)C(*)C*,Bandgap,5.8667,eV,phase4_adversarial_augmentation,train,randomization,representation_preserving_control,measured_target_from_graph_equivalent_source
poly_3053,n1(N)c(nnc1*)CCCC*,Bandgap,5.5305,eV,phase4_adversarial_augmentation,train,randomization,representation_preserving_control,measured_target_from_graph_equivalent_source
poly_101,C(=CC=C(C)C=Nc1nc(-c2nc(sc2)*)cs1)C=C(C)C=N*,Bandgap,1.6482,eV,phase4_adversarial_augmentation,train,randomization,representation_preserving_control,measured_target_from_graph_equivalent_source
poly_417,c1c2c(cc(C(=O)*)c1)C(N(C2=O)c1cccc(C(=O)Nc2ccc(cc2)N2C(c3c(ccc(*)c3)C2=O)=O)c1)=O,Bandgap,2.5378,eV,phase4_adversarial_augmentation,train,randomization,representation_preserving_control,measured_target_from_graph_equivalent_source
poly_2417,c1c(c(c(cc1)-c1cc(c(*)cc1)O)O)*,Bandgap,4.8746,eV,phase4_adversarial_augmentation,train,randomization,representation_preserving_control,measured_target_from_graph_equivalent_source
poly_766,c12C(N(C(=O)c1ccc(C(Nc1ccc(cc1)S(=O)(=O)c1ccc(NC(*)=O)cc1)=O)c2)c1ccc(cc1)S(c1ccc(cc1)N1C(=O)c2c(cc(cc2)*)C1=O)(=O)=O)=O,Bandgap,2.9914,eV,phase4_adversarial_augmentation,train,randomization,representation_preserving_control,measured_target_from_graph_equivalent_source
poly_3898,C(=O)(*)CCCCS(=O)(CCCCC(OCC(C)O*)=O)=O,Bandgap,6.5041,eV,phase4_adversarial_augmentation,train,randomization,representation_preserving_control,measured_target_from_graph_equivalent_source
poly_3469,O(CCOCCOCCOCCOC(=O)O*)C(=O)OC1C2C(OC1)C(*)CO2,Bandgap,5.9406,eV,phase4_adversarial_augmentation,train,randomization,representation_preserving_control,measured_target_from_graph_equivalent_source
poly_3130,*C(=O)CCCCC(NN*)=O,Bandgap,5.6178,eV,phase4_adversarial_augmentation,train,randomization,representation_preserving_control,measured_target_from_graph_equivalent_source
poly_3750,C(OCC(C(F)F)(F)F)(=O)C(*)(C*)C,Bandgap,6.2786,eV,phase4_adversarial_augmentation,train,randomization,representation_preserving_control,measured_target_from_graph_equivalent_source
poly_3623,O(CC)C(C(*)(C(OCC)=O)C*)=O,Bandgap,6.102,eV,phase4_adversarial_augmentation,train,randomization,representation_preserving_control,measured_target_from_graph_equivalent_source
poly_2522,c1cc(Cl)ccc1C(O*)C(C)(C(=O)*)C,Bandgap,4.9686,eV,phase4_adversarial_augmentation,train,randomization,representation_preserving_control,measured_target_from_graph_equivalent_source
poly_1790,C(=O)(NCCCCCCNC(=O)c1c(cncc1)*)*,Bandgap,4.2475,eV,phase4_adversarial_augmentation,train,randomization,representation_preserving_control,measured_target_from_graph_equivalent_source
poly_2361,C(CCCCNC(=O)Nc1cc(c(cc1)C)N*)CNC(*)=O,Bandgap,4.82,eV,phase4_adversarial_augmentation,train,randomization,representation_preserving_control,measured_target_from_graph_equivalent_source
poly_490,c1(OCC(C)(COc2ccc(cc2)N2C(c3c(cc(cc3)C(=O)*)C2=O)=O)C)ccc(N2C(=O)c3ccc(cc3C2=O)*)cc1,Bandgap,2.6417,eV,phase4_adversarial_augmentation,train,randomization,representation_preserving_control,measured_target_from_graph_equivalent_source
poly_3112,N(CC*)(*)C(=O)CCCCC,Bandgap,5.5936,eV,phase4_adversarial_augmentation,train,randomization,representation_preserving_control,measured_target_from_graph_equivalent_source
poly_763,N(c1ccc(cc1)NC(=O)*)C(c1ccc(cc1)N1C(=O)c2cc(ccc2C1=O)*)=O,Bandgap,2.9907,eV,phase4_adversarial_augmentation,train,randomization,representation_preserving_control,measured_target_from_graph_equivalent_source
poly_2641,C(=O)(Oc1ccccc1)C1CC(CC1*)C=C*,Bandgap,5.0947,eV,phase4_adversarial_augmentation,train,randomization,representation_preserving_control,measured_target_from_graph_equivalent_source
poly_2838,c1(C)c(c(C)c(C)c(c1C)CNC(=O)CCO*)CNC(CC*)=O,Bandgap,5.2874,eV,phase4_adversarial_augmentation,train,randomization,representation_preserving_control,measured_target_from_graph_equivalent_source
poly_2590,C(P(CC(C)C)CCC*)CCNC(CCCCC(=O)N*)=O,Bandgap,5.0331,eV,phase4_adversarial_augmentation,train,randomization,representation_preserving_control,measured_target_from_graph_equivalent_source
poly_1150,*c1ccc(-c2c(C)cc(N*)cc2)cc1,Bandgap,3.4981,eV,phase4_adversarial_augmentation,train,randomization,representation_preserving_control,measured_target_from_graph_equivalent_source
poly_799,n1c(cnc(*)c1)C(=O)NNC(=O)*,Bandgap,3.036,eV,phase4_adversarial_augmentation,train,randomization,representation_preserving_control,measured_target_from_graph_equivalent_source
poly_1477,c1c(ccc(c1)*)-c1ccc(cc1)-c1nnc(n1-c1ccc(OC)cc1)*,Bandgap,3.8981,eV,phase4_adversarial_augmentation,train,randomization,representation_preserving_control,measured_target_from_graph_equivalent_source
poly_4142,C(=O)(OCCCCCCCOC(=O)OC1CCC(CC1)O*)*,Bandgap,6.9944,eV,phase4_adversarial_augmentation,train,randomization,representation_preserving_control,measured_target_from_graph_equivalent_source
poly_1274,S(c1ccc(C(O*)=O)cc1)CCCCSc1ccc(cc1)C(*)=O,Bandgap,3.643,eV,phase4_adversarial_augmentation,train,randomization,representation_preserving_control,measured_target_from_graph_equivalent_source
poly_1752,N1(CCN(CCC(=O)N(C(C)C)CCN(C(C)C)C(CC*)=O)CC1)*,Bandgap,4.1956,eV,phase4_adversarial_augmentation,train,randomization,representation_preserving_control,measured_target_from_graph_equivalent_source
poly_2370,*Oc1ccc(cc1CCCCCC)C(=O)*,Bandgap,4.8293,eV,phase4_adversarial_augmentation,train,randomization,representation_preserving_control,measured_target_from_graph_equivalent_source
poly_330,c1(*)cc(c(s1)-c1sc(c2c1OCCO2)*)CCCCCCCCCCCC,Bandgap,2.4379,eV,phase4_adversarial_augmentation,train,randomization,representation_preserving_control,measured_target_from_graph_equivalent_source
poly_3327,C(CCC*)CCCCCCNC(CCCC(=O)N*)=O,Bandgap,5.8098,eV,phase4_adversarial_augmentation,train,randomization,representation_preserving_control,measured_target_from_graph_equivalent_source
poly_2162,c1(Cl)cc(c(OCC(C*)O*)c(Cl)c1)Cl,Bandgap,4.6256,eV,phase4_adversarial_augmentation,train,randomization,representation_preserving_control,measured_target_from_graph_equivalent_source
poly_1359,c1c(ccc(c1)F)COC(=O)CCC(N*)C(*)=O,Bandgap,3.7352,eV,phase4_adversarial_augmentation,train,randomization,representation_preserving_control,measured_target_from_graph_equivalent_source
poly_877,c12cc(sc2sc(*)c1)*,Bandgap,3.153,eV,phase4_adversarial_augmentation,train,randomization,representation_preserving_control,measured_target_from_graph_equivalent_source
poly_1083,c1(C(=O)Nc2cccc(c2)O*)ccc(C(Nc2cccc(c2)OCCOCCOCC*)=O)cc1,Bandgap,3.4122,eV,phase4_adversarial_augmentation,train,randomization,representation_preserving_control,measured_target_from_graph_equivalent_source
poly_2208,C(CCSC(C*)*)C,Bandgap,4.6594,eV,phase4_adversarial_augmentation,train,randomization,representation_preserving_control,measured_target_from_graph_equivalent_source
poly_602,c1(ccc(C=C*)cc1)N(c1ccc(cc1)C=Cc1ccc2c(n(CC(CC)CCCC)c3cc(*)ccc23)c1)c1ccc(OCC(CC)CCCC)cc1,Bandgap,2.7935,eV,phase4_adversarial_augmentation,train,randomization,representation_preserving_control,measured_target_from_graph_equivalent_source
poly_2078,c1(ccc(cc1)*)Cc1ccc(S(*)(=O)=O)cc1,Bandgap,4.551,eV,phase4_adversarial_augmentation,train,randomization,representation_preserving_control,measured_target_from_graph_equivalent_source
poly_1284,c1cc(ccc1COC(=O)c1ccc2cc(ccc2c1)C(O*)=O)C*,Bandgap,3.6512,eV,phase4_adversarial_augmentation,train,randomization,representation_preserving_control,measured_target_from_graph_equivalent_source
poly_3598,*OC(=O)OCCOCC*,Bandgap,6.062,eV,phase4_adversarial_augmentation,train,randomization,representation_preserving_control,measured_target_from_graph_equivalent_source
poly_3516,CC(NC1C(C(O*)C(OC1*)CO)O)=O,Bandgap,5.9874,eV,phase4_adversarial_augmentation,train,randomization,representation_preserving_control,measured_target_from_graph_equivalent_source
poly_68,s1c2c(sc3c1c(=O)n(-c1ccc(C(Nc4ccc(cc4)NC(c4ccc(cc4)*)=O)=O)cc1)c3=O)c(n(c2=O)*)=O,Bandgap,1.5265,eV,phase4_adversarial_augmentation,train,randomization,representation_preserving_control,measured_target_from_graph_equivalent_source
poly_1930,*c1nc(nc(n1)C)N(C)*,Bandgap,4.3978,eV,phase4_adversarial_augmentation,train,randomization,representation_preserving_control,measured_target_from_graph_equivalent_source
poly_50,C1C(=C(O)C(O)=C1C=C*)*,Bandgap,1.3602,eV,phase4_adversarial_augmentation,train,randomization,representation_preserving_control,measured_target_from_graph_equivalent_source
poly_3264,C(NC(O*)=O)CCCCCCCCCNC(=O)OCCCCCCCC*,Bandgap,5.7616,eV,phase4_adversarial_augmentation,train,randomization,representation_preserving_control,measured_target_from_graph_equivalent_source
poly_2936,C1(*)C(O*)CCC1,Bandgap,5.3922,eV,phase4_adversarial_augmentation,train,randomization,representation_preserving_control,measured_target_from_graph_equivalent_source
poly_1402,c1cc(NC(=S)*)sc1C*,Bandgap,3.7969,eV,phase4_adversarial_augmentation,train,randomization,representation_preserving_control,measured_target_from_graph_equivalent_source
poly_2894,O=C(C(CCCCNC(=O)*)N*)OC,Bandgap,5.3439,eV,phase4_adversarial_augmentation,train,randomization,representation_preserving_control,measured_target_from_graph_equivalent_source
poly_3470,C(O)(=O)CC(*)(C*)C(=O)O,Bandgap,5.9408,eV,phase4_adversarial_augmentation,train,randomization,representation_preserving_control,measured_target_from_graph_equivalent_source
poly_3083,C(CCCCC*)CNC(CCCCCCCCCC(N*)=O)=O,Bandgap,5.5573,eV,phase4_adversarial_augmentation,train,randomization,representation_preserving_control,measured_target_from_graph_equivalent_source
poly_922,C(=O)(C(=S)*)CC*,Bandgap,3.2093,eV,phase4_adversarial_augmentation,train,randomization,representation_preserving_control,measured_target_from_graph_equivalent_source
poly_2475,c1(OC(=O)N2CCN(*)CC2)ccc(cc1)C(C)(c1ccc(cc1)OC(=O)*)C,Bandgap,4.9219,eV,phase4_adversarial_augmentation,train,randomization,representation_preserving_control,measured_target_from_graph_equivalent_source
poly_3306,C(NC(=O)CCC=CCCC(N*)=O)CCCCC*,Bandgap,5.7927,eV,phase4_adversarial_augmentation,train,randomization,representation_preserving_control,measured_target_from_graph_equivalent_source
poly_573,C(CCCCCCCC)CCCc1c(sc(c1)C=NN=C*)*,Bandgap,2.7484,eV,phase4_adversarial_augmentation,train,randomization,representation_preserving_control,measured_target_from_graph_equivalent_source
poly_114,c1(*)ccc(o1)-c1oc(cc1)-c1ccc(s1)*,Bandgap,1.7382,eV,phase4_adversarial_augmentation,train,randomization,representation_preserving_control,measured_target_from_graph_equivalent_source
poly_3420,*N(CC*)C(CO)=O,Bandgap,5.8894,eV,phase4_adversarial_augmentation,train,randomization,representation_preserving_control,measured_target_from_graph_equivalent_source
poly_3015,N(C(CCCCCCCC*)=O)CCCCCCNC(=O)CCCCCCCCO*,Bandgap,5.4892,eV,phase4_adversarial_augmentation,train,randomization,representation_preserving_control,measured_target_from_graph_equivalent_source
poly_4075,C(=O)(CCCC(OCCC*)=O)O*,Bandgap,6.7543,eV,phase4_adversarial_augmentation,train,randomization,representation_preserving_control,measured_target_from_graph_equivalent_source
poly_360,c1(ccc(cc1)-c1ccc(C(*)=S)cc1)C(*)=O,Bandgap,2.4786,eV,phase4_adversarial_augmentation,train,randomization,representation_preserving_control,measured_target_from_graph_equivalent_source
poly_521,c1c(*)n(c(*)c1)CCC(=O)NO,Bandgap,2.6795,eV,phase4_adversarial_augmentation,train,randomization,representation_preserving_control,measured_target_from_graph_equivalent_source
poly_1919,c1c(cccc1-c1cc(ccc1)C(O*)=O)C(OCCCC*)=O,Bandgap,4.388,eV,phase4_adversarial_augmentation,train,randomization,representation_preserving_control,measured_target_from_graph_equivalent_source
poly_615,C(=S)(NC(=S)*)N*,Bandgap,2.8092,eV,phase4_adversarial_augmentation,train,randomization,representation_preserving_control,measured_target_from_graph_equivalent_source
poly_1232,c1cc(Oc2cc(C(O)=O)c(O*)cc2)ccc1C(=O)c1ccc(cc1)*,Bandgap,3.6002,eV,phase4_adversarial_augmentation,train,randomization,representation_preserving_control,measured_target_from_graph_equivalent_source
poly_3363,*NNC(=O)CCCCCCCCCCCC(*)=O,Bandgap,5.8501,eV,phase4_adversarial_augmentation,train,randomization,representation_preserving_control,measured_target_from_graph_equivalent_source
poly_1313,C(Oc1ccc(OC(c2ccc(Oc3ccc(Oc4ccc(O*)cc4)cc3)cc2)=O)cc1)(=O)c1ccc(cc1)*,Bandgap,3.6871,eV,phase4_adversarial_augmentation,train,randomization,representation_preserving_control,measured_target_from_graph_equivalent_source
poly_2614,c1cc(cc(c1*)O)*,Bandgap,5.0766,eV,phase4_adversarial_augmentation,train,randomization,representation_preserving_control,measured_target_from_graph_equivalent_source
poly_1279,c1c(C(=O)Oc2ccc3c(c2)cc(cc3)OC(c2ccc(cc2)*)=O)ccc(N2C(CC(SCCOCCSC3CC(=O)N(*)C3=O)C2=O)=O)c1,Bandgap,3.6454,eV,phase4_adversarial_augmentation,train,randomization,representation_preserving_control,measured_target_from_graph_equivalent_source
poly_2955,c1(C)c(C*)c(c(C)c(CNC(CCCCC(=O)N*)=O)c1C)C,Bandgap,5.417999999999998,eV,phase4_adversarial_augmentation,train,randomization,representation_preserving_control,measured_target_from_graph_equivalent_source
poly_631,c12C(N(C(c2ccc(c1)C(Nc1ccc(cc1)S(=O)(c1ccc(cc1)NC(=O)*)=O)=O)=O)c1ccc(Oc2ccc(cc2)N2C(=O)c3ccc(cc3C2=O)*)cc1)=O,Bandgap,2.8374,eV,phase4_adversarial_augmentation,train,randomization,representation_preserving_control,measured_target_from_graph_equivalent_source
poly_3508,O=C(C(C(N*)=O)CCCCCCCCCCCCCCCC)NCCCCCC*,Bandgap,5.9783,eV,phase4_adversarial_augmentation,train,randomization,representation_preserving_control,measured_target_from_graph_equivalent_source
poly_2812,C(C*)C(=O)*,Bandgap,5.2544,eV,phase4_adversarial_augmentation,train,randomization,representation_preserving_control,measured_target_from_graph_equivalent_source
poly_1604,*Nc1c(Cl)cc(C(=O)*)cc1Cl,Bandgap,4.0432,eV,phase4_adversarial_augmentation,train,randomization,representation_preserving_control,measured_target_from_graph_equivalent_source
poly_3727,C(C1CC(C(OC1=O)=O)*)*,Bandgap,6.2477,eV,phase4_adversarial_augmentation,train,randomization,representation_preserving_control,measured_target_from_graph_equivalent_source
poly_724,c1(*)cc2c(cc(N(c3ccccc3)*)cc2)cc1,Bandgap,2.9513,eV,phase4_adversarial_augmentation,train,randomization,representation_preserving_control,measured_target_from_graph_equivalent_source
poly_3204,O=C1N(C2CCC(CC2)*)C(C2C1C1C3C(C(=O)N(C3=O)*)C2C=C1)=O,Bandgap,5.7071,eV,phase4_adversarial_augmentation,train,randomization,representation_preserving_control,measured_target_from_graph_equivalent_source
poly_3348,C(CCC(=O)*)CCCCCC(OC(CCC(C)O*)C)=O,Bandgap,5.8308,eV,phase4_adversarial_augmentation,train,randomization,representation_preserving_control,measured_target_from_graph_equivalent_source
poly_236,c1c(sc(C(C*)=S)c1)C(*)=S,Bandgap,2.2116,eV,phase4_adversarial_augmentation,train,randomization,representation_preserving_control,measured_target_from_graph_equivalent_source
poly_464,c12c(oc(n2)*)cc2c(nc(-c3c(cc(cc3)*)O)o2)c1,Bandgap,2.5901,eV,phase4_adversarial_augmentation,train,randomization,representation_preserving_control,measured_target_from_graph_equivalent_source
poly_1615,c1(N(O)C(=O)C(C*)*)ccc(cc1)Cl,Bandgap,4.0529,eV,phase4_adversarial_augmentation,train,randomization,representation_preserving_control,measured_target_from_graph_equivalent_source
poly_4178,FC(C*)(F)C(C(F)(F)C(F)(COC(=O)O*)F)(F)F,Bandgap,7.5614,eV,phase4_adversarial_augmentation,train,randomization,representation_preserving_control,measured_target_from_graph_equivalent_source
poly_313,C(CCCCOC(=O)Cc1cc(sc1*)*)COc1ccc(N=Nc2ccc(cc2)C#N)cc1,Bandgap,2.4068,eV,phase4_adversarial_augmentation,train,randomization,representation_preserving_control,measured_target_from_graph_equivalent_source
poly_251,C(C(=S)*)(=O)c1ccc(C(*)=O)s1,Bandgap,2.2532,eV,phase4_adversarial_augmentation,train,randomization,representation_preserving_control,measured_target_from_graph_equivalent_source
poly_2211,*CCOCCOC(=O)c1cccc(C(=O)O*)c1,Bandgap,4.6602,eV,phase4_adversarial_augmentation,train,randomization,representation_preserving_control,measured_target_from_graph_equivalent_source
poly_500,O(*)c1ccc(cc1OC)C=C1C(C(CC1)=Cc1cc(c(cc1)OCC*)OC)=O,Bandgap,2.6534,eV,phase4_adversarial_augmentation,train,randomization,representation_preserving_control,measured_target_from_graph_equivalent_source
poly_3614,C(*)CCCCOC(CCCCCNC(O*)=O)=O,Bandgap,6.0793,eV,phase4_adversarial_augmentation,train,randomization,representation_preserving_control,measured_target_from_graph_equivalent_source
poly_2564,C(O*)([2H])([2H])C(C([2H])=C([2H])[2H])([2H])*,Bandgap,5.0119,eV,phase4_adversarial_augmentation,train,randomization,representation_preserving_control,measured_target_from_graph_equivalent_source
poly_2400,*CC(*)C(SCCC)=O,Bandgap,4.8635,eV,phase4_adversarial_augmentation,train,randomization,representation_preserving_control,measured_target_from_graph_equivalent_source
poly_2027,c1ccc(cc1*)-c1nnc(o1)-c1nnc(o1)*,Bandgap,4.4994,eV,phase4_adversarial_augmentation,train,randomization,representation_preserving_control,measured_target_from_graph_equivalent_source
poly_591,s1c(cc(CCCCCC)c1*)C#Cc1c(F)c(c(c(F)c1F)C#C*)F,Bandgap,2.7755,eV,phase4_adversarial_augmentation,train,randomization,representation_preserving_control,measured_target_from_graph_equivalent_source
poly_4063,C(C(*)CCC)*,Bandgap,6.738,eV,phase4_adversarial_augmentation,train,randomization,representation_preserving_control,measured_target_from_graph_equivalent_source
poly_3463,O=C(NNC(=O)CCCCCCCCC(NNC(OCCCCCC*)=O)=O)O*,Bandgap,5.9373,eV,phase4_adversarial_augmentation,train,randomization,representation_preserving_control,measured_target_from_graph_equivalent_source
poly_3064,C(CCCCCCCCCCCCCCCC(N*)=O)CCCCC(NCc1ccc(C*)cc1)=O,Bandgap,5.5433,eV,phase4_adversarial_augmentation,train,randomization,representation_preserving_control,measured_target_from_graph_equivalent_source
poly_3814,C(C*)CC(C(*)Cl)Cl,Bandgap,6.371,eV,phase4_adversarial_augmentation,train,randomization,representation_preserving_control,measured_target_from_graph_equivalent_source
poly_646,c1c(C(CNCCCNCC(=O)c2ccc(cc2)S(=O)(=O)*)=O)ccc(*)c1,Bandgap,2.8560000000000003,eV,phase4_adversarial_augmentation,train,randomization,representation_preserving_control,measured_target_from_graph_equivalent_source
poly_1711,N(C(c1cc(ccc1)C(=O)NNC(=O)c1cccc(*)n1)=O)NC(=O)*,Bandgap,4.1584,eV,phase4_adversarial_augmentation,train,randomization,representation_preserving_control,measured_target_from_graph_equivalent_source
poly_3748,COC(C*)C(C(=O)O)C(C(O)=O)*,Bandgap,6.2764,eV,phase4_adversarial_augmentation,train,randomization,representation_preserving_control,measured_target_from_graph_equivalent_source
poly_3547,O(CC*)CC(=O)O*,Bandgap,6.0176,eV,phase4_adversarial_augmentation,train,randomization,representation_preserving_control,measured_target_from_graph_equivalent_source
poly_2597,C(CP(c1ccccc1)CCC(=O)N*)C(=O)NCCCCCC*,Bandgap,5.0474,eV,phase4_adversarial_augmentation,train,randomization,representation_preserving_control,measured_target_from_graph_equivalent_source
poly_3624,C1(CC2C(C(C)C*)COC12)C(OC(O)(C(F)(F)C*)C(F)(F)F)=O,Bandgap,6.1023,eV,phase4_adversarial_augmentation,train,randomization,representation_preserving_control,measured_target_from_graph_equivalent_source
poly_2255,C(OC(=O)CCc1ccc(*)o1)(=O)CC*,Bandgap,4.7063,eV,phase4_adversarial_augmentation,train,randomization,representation_preserving_control,measured_target_from_graph_equivalent_source
poly_3808,C(C*)CCOC(CCCCCNC(=O)O*)=O,Bandgap,6.3666,eV,phase4_adversarial_augmentation,train,randomization,representation_preserving_control,measured_target_from_graph_equivalent_source
poly_2313,C(*)(C(=O)OCCSCC)C*,Bandgap,4.7676,eV,phase4_adversarial_augmentation,train,randomization,representation_preserving_control,measured_target_from_graph_equivalent_source
poly_1181,c1c(C)c(*)sc1Nc1ccc(cc1)*,Bandgap,3.5418,eV,phase4_adversarial_augmentation,train,randomization,representation_preserving_control,measured_target_from_graph_equivalent_source
poly_96,s1c(c(cc1-c1sc(*)cc1)CCCCCCCCCCC)*,Bandgap,1.6329,eV,phase4_adversarial_augmentation,train,randomization,representation_preserving_control,measured_target_from_graph_equivalent_source
poly_518,O=C1c2ccc(*)cc2C(=O)N1c1ccc(S(c2ccc(N3C(=O)c4c(C3=O)cc(C(Nc3ccc(NC(*)=O)cc3)=O)cc4)cc2)(=O)=O)cc1,Bandgap,2.677,eV,phase4_adversarial_augmentation,train,randomization,representation_preserving_control,measured_target_from_graph_equivalent_source
poly_2841,C(C(=O)NCCCCCC*)(C(N*)=O)CCCCCCCCC,Bandgap,5.2921,eV,phase4_adversarial_augmentation,train,randomization,representation_preserving_control,measured_target_from_graph_equivalent_source
poly_3497,O(*)C(=O)CCCCC(OCCCCCC(=O)NCCNC(CCCCC*)=O)=O,Bandgap,5.9669,eV,phase4_adversarial_augmentation,train,randomization,representation_preserving_control,measured_target_from_graph_equivalent_source
poly_2944,C(*)=CC(C)CCCCC*,Bandgap,5.4049,eV,phase4_adversarial_augmentation,train,randomization,representation_preserving_control,measured_target_from_graph_equivalent_source
poly_1378,c1(ccc(cc1)C(=O)*)C(Nc1ccc(C(NN*)=O)cc1O)=O,Bandgap,3.7581,eV,phase4_adversarial_augmentation,train,randomization,representation_preserving_control,measured_target_from_graph_equivalent_source
poly_1870,*Oc1ccc(C(NNC(c2ccc(cc2)*)=O)=O)cc1,Bandgap,4.3207,eV,phase4_adversarial_augmentation,train,randomization,representation_preserving_control,measured_target_from_graph_equivalent_source
poly_3530,O=C(CCCCCCCCCC*)NCCCCCCNC(=O)CCCO*,Bandgap,6.0,eV,phase4_adversarial_augmentation,train,randomization,representation_preserving_control,measured_target_from_graph_equivalent_source
poly_2118,O(C(CCCCCCC(=O)*)=O)c1ccc(cc1)CCC(=O)NC(C(OCC(C)C)=O)Cc1ccc(O*)cc1,Bandgap,4.5847,eV,phase4_adversarial_augmentation,train,randomization,representation_preserving_control,measured_target_from_graph_equivalent_source
poly_3837,O=C(O*)OCC1C(OC(C)(C)O1)COC(=O)OC1COC2C(COC12)*,Bandgap,6.4211,eV,phase4_adversarial_augmentation,train,randomization,representation_preserving_control,measured_target_from_graph_equivalent_source
poly_2787,O(C(=O)*)C1N(*)CCN=1,Bandgap,5.2281,eV,phase4_adversarial_augmentation,train,randomization,representation_preserving_control,measured_target_from_graph_equivalent_source
poly_2917,C(CCOC(=O)C(*)C*)SCCC#N,Bandgap,5.3732,eV,phase4_adversarial_augmentation,train,randomization,representation_preserving_control,measured_target_from_graph_equivalent_source
poly_280,c1c(sc(c1COCCCCCCOc1ccc(cc1)-c1ccc(cc1)C#N)*)*,Bandgap,2.3352,eV,phase4_adversarial_augmentation,train,randomization,representation_preserving_control,measured_target_from_graph_equivalent_source
poly_3761,C(OC(=O)CCCCC)(C*)*,Bandgap,6.3016,eV,phase4_adversarial_augmentation,train,randomization,representation_preserving_control,measured_target_from_graph_equivalent_source
poly_1424,*c1ccc(N*)c(CO)c1,Bandgap,3.8208,eV,phase4_adversarial_augmentation,train,randomization,representation_preserving_control,measured_target_from_graph_equivalent_source
poly_15,c12nc(CCCCCC)c(CCCCCC)nc2c(*)sc1*,Bandgap,0.8923,eV,phase4_adversarial_augmentation,train,randomization,representation_preserving_control,measured_target_from_graph_equivalent_source
poly_2989,N(C(=O)CCCCCCCCCCC(=O)NCCCCCCCC*)*,Bandgap,5.4539,eV,phase4_adversarial_augmentation,train,randomization,representation_preserving_control,measured_target_from_graph_equivalent_source
poly_2305,CC(C)(CC*)CC(CNC(c1ccc(cc1)C(N*)=O)=O)C,Bandgap,4.7589,eV,phase4_adversarial_augmentation,train,randomization,representation_preserving_control,measured_target_from_graph_equivalent_source
poly_2373,C1(CC(NC(*)=O)(CC(C)(C)C1)C)NC(=O)Nc1ccc(O*)cc1,Bandgap,4.8322,eV,phase4_adversarial_augmentation,train,randomization,representation_preserving_control,measured_target_from_graph_equivalent_source
poly_4101,C(F)(COP(=N*)(OCC(F)(F)F)*)(F)F,Bandgap,6.7975,eV,phase4_adversarial_augmentation,train,randomization,representation_preserving_control,measured_target_from_graph_equivalent_source
poly_905,c1(nc(sc1)-c1nc(*)cs1)-c1ccc(CCCCCCc2ccc(*)cc2)cc1,Bandgap,3.1824,eV,phase4_adversarial_augmentation,train,randomization,representation_preserving_control,measured_target_from_graph_equivalent_source
poly_4189,C(Cl)(C1(OC(C(*)(F)O1)(F)*)C(F)(F)F)(F)F,Bandgap,7.9372,eV,phase4_adversarial_augmentation,train,randomization,representation_preserving_control,measured_target_from_graph_equivalent_source
poly_2391,O=C(CCC(S*)=O)SCCC*,Bandgap,4.8548,eV,phase4_adversarial_augmentation,train,randomization,representation_preserving_control,measured_target_from_graph_equivalent_source
poly_245,*CC(*)c1ccc(Br)cc1,Bandgap,2.235,eV,phase4_adversarial_augmentation,train,randomization,representation_preserving_control,measured_target_from_graph_equivalent_source
poly_1853,c1(ccccc1)-c1c(Oc2nc(*)ccc2)ccc(c1)O*,Bandgap,4.3045,eV,phase4_adversarial_augmentation,train,randomization,representation_preserving_control,measured_target_from_graph_equivalent_source
poly_216,s1c(nc2c1cc1nc(C=CC=C*)sc1c2)*,Bandgap,2.1517,eV,phase4_adversarial_augmentation,train,randomization,representation_preserving_control,measured_target_from_graph_equivalent_source
poly_813,c1c(C=Nc2ccc(cc2)N2CCOCC2)c(O)c(cc1*)*,Bandgap,3.062,eV,phase4_adversarial_augmentation,train,randomization,representation_preserving_control,measured_target_from_graph_equivalent_source
poly_4066,C1C2C(CC*)CC(C2CC1)*,Bandgap,6.7458,eV,phase4_adversarial_augmentation,train,randomization,representation_preserving_control,measured_target_from_graph_equivalent_source
poly_1185,c1c(ccc(Oc2ccc(cc2)NC(=O)c2cccc(n2)*)c1)NC(=O)*,Bandgap,3.5459,eV,phase4_adversarial_augmentation,train,randomization,representation_preserving_control,measured_target_from_graph_equivalent_source
poly_1895,C(c1c(cccc1O*)*)#N,Bandgap,4.3557,eV,phase4_adversarial_augmentation,train,randomization,representation_preserving_control,measured_target_from_graph_equivalent_source
poly_1691,P(c1ccc(cc1)Oc1ccc(cc1)*)(=O)(c1ccccc1)c1ccc(cc1)Oc1ccc(cc1)-c1n[nH]c(c1)*,Bandgap,4.1464,eV,phase4_adversarial_augmentation,train,randomization,representation_preserving_control,measured_target_from_graph_equivalent_source
poly_1208,c1c(-c2ccc(cc2)C*)ccc(-c2ccc(*)s2)c1,Bandgap,3.5669,eV,phase4_adversarial_augmentation,train,randomization,representation_preserving_control,measured_target_from_graph_equivalent_source
poly_3671,O(C(=O)C)CC(COC(C)=O)(C*)CO*,Bandgap,6.1648,eV,phase4_adversarial_augmentation,train,randomization,representation_preserving_control,measured_target_from_graph_equivalent_source
poly_3208,C(C(C#N)CC*)C(C)=C*,Bandgap,5.7091,eV,phase4_adversarial_augmentation,train,randomization,representation_preserving_control,measured_target_from_graph_equivalent_source
poly_3482,N(C(CCCCCCCC(=O)N*)=O)CCCCCCCCCC*,Bandgap,5.9487,eV,phase4_adversarial_augmentation,train,randomization,representation_preserving_control,measured_target_from_graph_equivalent_source
poly_1765,c1(cc(Cl)c(cc1)OCC(C*)O)C(c1cc(Cl)c(cc1)O*)(C)C,Bandgap,4.2119,eV,phase4_adversarial_augmentation,train,randomization,representation_preserving_control,measured_target_from_graph_equivalent_source
poly_4204,FC(C(F)(C(O*)(F)F)F)(F)C(F)(F)*,Bandgap,8.8881,eV,phase4_adversarial_augmentation,train,randomization,representation_preserving_control,measured_target_from_graph_equivalent_source
poly_4105,O=C(CCCCCCCCC(OCCC*)=O)O*,Bandgap,6.8189,eV,phase4_adversarial_augmentation,train,randomization,representation_preserving_control,measured_target_from_graph_equivalent_source
poly_110,O1C(CCCCS(O)(=O)=O)COc2c1c(sc2*)*,Bandgap,1.7125,eV,phase4_adversarial_augmentation,train,randomization,representation_preserving_control,measured_target_from_graph_equivalent_source
poly_1127,OC1CN(*)C(C=1C1C(C2=C(C1=O)N(*)C2(F)C)=O)=O,Bandgap,3.4658,eV,phase4_adversarial_augmentation,train,randomization,representation_preserving_control,measured_target_from_graph_equivalent_source
poly_3305,O(CC(O*)C*)CCCCCC,Bandgap,5.7915,eV,phase4_adversarial_augmentation,train,randomization,representation_preserving_control,measured_target_from_graph_equivalent_source
poly_3,C(CCCCC[N+](CCCCC[N+](*)(C)C)(C)C)*,Bandgap,0.1118,eV,phase4_adversarial_augmentation,train,randomization,representation_preserving_control,measured_target_from_graph_equivalent_source
poly_3844,C(C1CCC(C(OCCCCCCCCCCCCCCCCCCCC*)=O)CC1)(=O)O*,Bandgap,6.4338,eV,phase4_adversarial_augmentation,train,randomization,representation_preserving_control,measured_target_from_graph_equivalent_source
poly_2490,C(C(*)(Br)Br)*,Bandgap,4.9377,eV,phase4_adversarial_augmentation,train,randomization,representation_preserving_control,measured_target_from_graph_equivalent_source
poly_3963,C(CCCCCCCCCCCCCCCCCCOC(CCC(C)CC(=O)O*)=O)C*,Bandgap,6.5912,eV,phase4_adversarial_augmentation,train,randomization,representation_preserving_control,measured_target_from_graph_equivalent_source
poly_994,c1(OCCCCC)c(ccc(c1)C(=O)Oc1ccc(cc1)OCC*)C(=O)Oc1ccc(cc1)O*,Bandgap,3.3136,eV,phase4_adversarial_augmentation,train,randomization,representation_preserving_control,measured_target_from_graph_equivalent_source
poly_2758,c1c(C)c(ccc1Cc1cc(c(OC(=O)*)cc1)C)O*,Bandgap,5.2009,eV,phase4_adversarial_augmentation,train,randomization,representation_preserving_control,measured_target_from_graph_equivalent_source
poly_3165,C(C(C)(*)C(OCCc1ccccc1)=O)*,Bandgap,5.6532,eV,phase4_adversarial_augmentation,train,randomization,representation_preserving_control,measured_target_from_graph_equivalent_source
poly_3035,Fc1c(F)c(*)c(F)c(c1*)F,Bandgap,5.5133,eV,phase4_adversarial_augmentation,train,randomization,representation_preserving_control,measured_target_from_graph_equivalent_source
poly_3099,O=C(CC(C)C)N(*)CC*,Bandgap,5.5788,eV,phase4_adversarial_augmentation,train,randomization,representation_preserving_control,measured_target_from_graph_equivalent_source
poly_3796,C1(*)C(*)C(OC1=O)=O,Bandgap,6.3511,eV,phase4_adversarial_augmentation,train,randomization,representation_preserving_control,measured_target_from_graph_equivalent_source
poly_3772,C(OCC(=O)O*)C(OCCCCCCCCCCCCCCCCCCCC*)=O,Bandgap,6.3212,eV,phase4_adversarial_augmentation,train,randomization,representation_preserving_control,measured_target_from_graph_equivalent_source
poly_1276,c1c(NC(=O)c2cccc(c2)C(=O)*)c(S)cc(-c2ccc(c(S)c2)N*)c1,Bandgap,3.6442,eV,phase4_adversarial_augmentation,train,randomization,representation_preserving_control,measured_target_from_graph_equivalent_source
poly_1246,c1cc(cc(c1O)N*)C(c1ccc(O)c(c1)NC(c1ccc(cc1)C(*)=O)=O)(C(F)(F)F)C(F)(F)F,Bandgap,3.6159,eV,phase4_adversarial_augmentation,train,randomization,representation_preserving_control,measured_target_from_graph_equivalent_source
poly_108,c1(C=C*)cc(c(-c2c(cc(s2)*)CCCCCC)s1)CCCCCC,Bandgap,1.7047,eV,phase4_adversarial_augmentation,train,randomization,representation_preserving_control,measured_target_from_graph_equivalent_source
poly_2829,N(CCSCCSCCNC(=O)OCCCCCC*)C(=O)O*,Bandgap,5.2784,eV,phase4_adversarial_augmentation,train,randomization,representation_preserving_control,measured_target_from_graph_equivalent_source
poly_327,*n1c(=O)c2cc3c(n(c(c3cc2c1=O)=O)-c1ccc(cc1)Oc1ccc(c(C)c1)Oc1ccc(cc1)*)=O,Bandgap,2.4366,eV,phase4_adversarial_augmentation,train,randomization,representation_preserving_control,measured_target_from_graph_equivalent_source
poly_2489,C(CCCCSCCNC(=O)O*)CSCCNC(=O)OCCCCC*,Bandgap,4.9366,eV,phase4_adversarial_augmentation,train,randomization,representation_preserving_control,measured_target_from_graph_equivalent_source
poly_373,*N1C(=O)c2c(C1=O)cc(cc2)C(=O)c1cc2C(=O)N(c3ccc(cc3)C3(c4ccccc4-c4c3cccc4)c3ccc(cc3)*)C(=O)c2cc1,Bandgap,2.4881,eV,phase4_adversarial_augmentation,train,randomization,representation_preserving_control,measured_target_from_graph_equivalent_source
poly_175,c1cc(Cc2ccc(cc2)NC(c2cc(N3C(=O)C=CC3=O)cc(C(=O)*)c2)=O)ccc1N*,Bandgap,2.0132,eV,phase4_adversarial_augmentation,train,randomization,representation_preserving_control,measured_target_from_graph_equivalent_source
poly_1082,S=C(NC*)c1ccc(*)cc1,Bandgap,3.4092,eV,phase4_adversarial_augmentation,train,randomization,representation_preserving_control,measured_target_from_graph_equivalent_source
poly_2601,c1cc(oc1)C(O*)C*,Bandgap,5.0528,eV,phase4_adversarial_augmentation,train,randomization,representation_preserving_control,measured_target_from_graph_equivalent_source
poly_385,c1(c2cccc3c2c(c(=O)n2c3nc3c2cc(cc3)-c2ccc(cc2)-c2cc(c(cc2)O)N*)cc1)*,Bandgap,2.4994,eV,phase4_adversarial_augmentation,train,randomization,representation_preserving_control,measured_target_from_graph_equivalent_source
poly_1388,n1c(ccc(C(=O)NNC(=O)c2nc(C(=O)NNC(*)=O)ccc2)c1)*,Bandgap,3.7688,eV,phase4_adversarial_augmentation,train,randomization,representation_preserving_control,measured_target_from_graph_equivalent_source
poly_2004,c1cc(ccc1C(=O)CCCCC(c1ccc(cc1)O*)=O)OC(=O)*,Bandgap,4.4774,eV,phase4_adversarial_augmentation,train,randomization,representation_preserving_control,measured_target_from_graph_equivalent_source
poly_958,c12c(c(*)ccc2C=C*)C(=O)OC1=O,Bandgap,3.2587,eV,phase4_adversarial_augmentation,train,randomization,representation_preserving_control,measured_target_from_graph_equivalent_source
poly_237,c1ccccc1CCCc1c(*)sc(*)c1,Bandgap,2.2134,eV,phase4_adversarial_augmentation,train,randomization,representation_preserving_control,measured_target_from_graph_equivalent_source
poly_1355,c1c(ccc(C(=O)Nc2ccc(cc2)S(c2ccc(NC(=O)c3ccc(Oc4nc(nc(n4)Sc4ccccc4)*)cc3)cc2)(=O)=O)c1)O*,Bandgap,3.733,eV,phase4_adversarial_augmentation,train,randomization,representation_preserving_control,measured_target_from_graph_equivalent_source
poly_2966,N1(C(CCC=CCCC(*)=O)=O)CCN(*)CC1,Bandgap,5.4241,eV,phase4_adversarial_augmentation,train,randomization,representation_preserving_control,measured_target_from_graph_equivalent_source
poly_2934,C(CCCCCCCCCCCCCC(OCc1ccc(cc1)C*)=O)CCCCC(=O)O*,Bandgap,5.3919,eV,phase4_adversarial_augmentation,train,randomization,representation_preserving_control,measured_target_from_graph_equivalent_source
poly_471,O(c1cc(cc(N2C(=O)c3c(C2=O)ccc(C(*)=O)c3)c1)N1C(=O)c2c(cc(cc2)*)C1=O)CCCC,Bandgap,2.6047,eV,phase4_adversarial_augmentation,train,randomization,representation_preserving_control,measured_target_from_graph_equivalent_source
poly_2658,c1ccc(cc1)C(c1ccc(O*)cc1)(c1ccc(OC(*)=O)cc1)C,Bandgap,5.1057,eV,phase4_adversarial_augmentation,train,randomization,representation_preserving_control,measured_target_from_graph_equivalent_source
poly_1096,c1cc(ccc1O*)C1(c2ccc(OC(c3ccc(C(=O)*)cc3)=O)cc2)c2ccccc2C(c2c1cccc2)=O,Bandgap,3.431,eV,phase4_adversarial_augmentation,train,randomization,representation_preserving_control,measured_target_from_graph_equivalent_source
poly_2394,C(CCOCC(C)(C*)CO*)#N,Bandgap,4.8567,eV,phase4_adversarial_augmentation,train,randomization,representation_preserving_control,measured_target_from_graph_equivalent_source
poly_303,c1cc(ccc1Oc1ccc(C(c2ccc(Oc3ccc(cc3)-n3c(c4c(c3=O)cc3c(=O)n(*)c(=O)c3c4)=O)cc2)=O)cc1)*,Bandgap,2.3791,eV,phase4_adversarial_augmentation,train,randomization,representation_preserving_control,measured_target_from_graph_equivalent_source
poly_70,S(C)c1cc(*)sc1*,Bandgap,1.5295,eV,phase4_adversarial_augmentation,train,randomization,representation_preserving_control,measured_target_from_graph_equivalent_source
poly_566,s1c(*)c(cc1*)C(=O)OCCCCCC,Bandgap,2.7434,eV,phase4_adversarial_augmentation,train,randomization,representation_preserving_control,measured_target_from_graph_equivalent_source
poly_2097,CC(=O)C(F)(C*)*,Bandgap,4.5671,eV,phase4_adversarial_augmentation,train,randomization,representation_preserving_control,measured_target_from_graph_equivalent_source
poly_1820,O=C(c1ccc(C(OCC*)=O)c2c1CC2)O*,Bandgap,4.274,eV,phase4_adversarial_augmentation,train,randomization,representation_preserving_control,measured_target_from_graph_equivalent_source
poly_2014,CC(C(=O)C)N(*)C(*)=O,Bandgap,4.4859,eV,phase4_adversarial_augmentation,train,randomization,representation_preserving_control,measured_target_from_graph_equivalent_source
poly_338,C(Cl)(=O)Cc1c(sc(c1)*)*,Bandgap,2.4457,eV,phase4_adversarial_augmentation,train,randomization,representation_preserving_control,measured_target_from_graph_equivalent_source
poly_1384,c1c(O*)ccc(C(OC(=O)c2ccc(cc2)C(OC(c2ccc(OCCC*)cc2)=O)=O)=O)c1,Bandgap,3.765,eV,phase4_adversarial_augmentation,train,randomization,representation_preserving_control,measured_target_from_graph_equivalent_source
poly_936,c1cc2c(cc1-c1cc3nc(-c4ccc(cc4)*)c(-c4ccccc4)nc3cc1)nc(c(-c1ccccc1)n2)*,Bandgap,3.2285,eV,phase4_adversarial_augmentation,train,randomization,representation_preserving_control,measured_target_from_graph_equivalent_source
poly_3665,C(S(CCCCC)(=O)=O)C(C*)O*,Bandgap,6.1531,eV,phase4_adversarial_augmentation,train,randomization,representation_preserving_control,measured_target_from_graph_equivalent_source
poly_347,n1(c(=O)c2c(cc3c(n(c(c3c2)=O)-c2cc(C(C(F)(F)F)(c3ccc(c(*)c3)O)C(F)(F)F)ccc2O)=O)c1=O)*,Bandgap,2.4596,eV,phase4_adversarial_augmentation,train,randomization,representation_preserving_control,measured_target_from_graph_equivalent_source
poly_1314,c1(-c2ccc(cc2)Oc2c(ccc(c2)C(NCCCCCC*)=O)C(=O)N*)ccccc1,Bandgap,3.6894,eV,phase4_adversarial_augmentation,train,randomization,representation_preserving_control,measured_target_from_graph_equivalent_source
poly_3259,*CCCCCCNC(CCCC(N*)=O)=O,Bandgap,5.7577,eV,phase4_adversarial_augmentation,train,randomization,representation_preserving_control,measured_target_from_graph_equivalent_source
poly_3134,C(CCCCCCCCCC(N*)=O)CC(NCCCCCCCCC*)=O,Bandgap,5.6216,eV,phase4_adversarial_augmentation,train,randomization,representation_preserving_control,measured_target_from_graph_equivalent_source
poly_286,c1cc(ccc1NC(*)=O)NC(c1cc2c(cc1)[nH]c(n2)-c1cc(cc(c1)N1C(=O)c2c(C1=O)cccc2)-c1nc2cc(ccc2[nH]1)*)=O,Bandgap,2.347,eV,phase4_adversarial_augmentation,train,randomization,representation_preserving_control,measured_target_from_graph_equivalent_source
poly_2206,c1cc(cc2c1oc(CCCCCCCC*)n2)-c1ccc2oc(nc2c1)*,Bandgap,4.6587,eV,phase4_adversarial_augmentation,train,randomization,representation_preserving_control,measured_target_from_graph_equivalent_source
poly_307,c1(c(C)cc(NC(c2cc(cc(C(*)=O)c2)NC(c2ccc(NC(=O)C(C)N3C(c4ccccc4C3=O)=O)cc2)=O)=O)cc1)N*,Bandgap,2.3973,eV,phase4_adversarial_augmentation,train,randomization,representation_preserving_control,measured_target_from_graph_equivalent_source
poly_802,*OCC(=S)C*,Bandgap,3.0406,eV,phase4_adversarial_augmentation,train,randomization,representation_preserving_control,measured_target_from_graph_equivalent_source
poly_214,c1c2c(cc(c1)*)Cc1c-2ccc(-n2c(c3c(c2=O)cc2c(c3)c(=O)n(c2=O)*)=O)c1,Bandgap,2.1465,eV,phase4_adversarial_augmentation,train,randomization,representation_preserving_control,measured_target_from_graph_equivalent_source
poly_453,c1(-n2c(=O)c3c(C(F)(F)F)c4c(=O)n(c(c4cc3c2=O)=O)*)ccc(-c2c(cc(*)cc2)C)c(c1)C,Bandgap,2.5777,eV,phase4_adversarial_augmentation,train,randomization,representation_preserving_control,measured_target_from_graph_equivalent_source
poly_1322,*CNc1ccc(cc1)-c1sc(*)cc1,Bandgap,3.6951,eV,phase4_adversarial_augmentation,train,randomization,representation_preserving_control,measured_target_from_graph_equivalent_source
poly_1810,C(N=Cc1ccc(Oc2ccc(O*)cc2)cc1)CN=Cc1ccc(*)cc1,Bandgap,4.2677,eV,phase4_adversarial_augmentation,train,randomization,representation_preserving_control,measured_target_from_graph_equivalent_source
poly_3617,C(CCl)(COCC*)O*,Bandgap,6.0832,eV,phase4_adversarial_augmentation,train,randomization,representation_preserving_control,measured_target_from_graph_equivalent_source
poly_651,O=C(Oc1ccc(cc1)Cc1ccc(cc1)OC(c1ccc(cc1)O*)=O)c1ccc(OC(=O)c2ccc(C(=O)*)cc2)cc1,Bandgap,2.8593,eV,phase4_adversarial_augmentation,train,randomization,representation_preserving_control,measured_target_from_graph_equivalent_source
poly_295,c1c(-c2sc(cc2)-c2cc(CCCCCCCC)c(*)s2)sc(c1)*,Bandgap,2.3617,eV,phase4_adversarial_augmentation,train,randomization,representation_preserving_control,measured_target_from_graph_equivalent_source
poly_3159,*N1CCN(CC1)C(=O)CCCCC(=O)*,Bandgap,5.6492,eV,phase4_adversarial_augmentation,train,randomization,representation_preserving_control,measured_target_from_graph_equivalent_source
poly_1124,*c1cccc(C=Cc2c(CCCCCC)c(C=C*)cs2)n1,Bandgap,3.4585,eV,phase4_adversarial_augmentation,train,randomization,representation_preserving_control,measured_target_from_graph_equivalent_source
poly_3042,C(C(*)C(NCCC(F)(C(F)(C(F)(F)C(F)(C(C(F)(C(C(F)(F)F)(F)F)F)(F)F)F)F)F)=O)*,Bandgap,5.522,eV,phase4_adversarial_augmentation,train,randomization,representation_preserving_control,measured_target_from_graph_equivalent_source
poly_3477,C(CCC*)CCCCNC(=O)C(C(N*)=O)CCCCCCCCCCCC,Bandgap,5.9468,eV,phase4_adversarial_augmentation,train,randomization,representation_preserving_control,measured_target_from_graph_equivalent_source
poly_278,c1(cc(N2C(=O)c3c(C2=O)cc(C(*)=O)cc3)ccc1)C(=O)N(C)c1ccc(N2C(c3ccc(*)cc3C2=O)=O)cc1,Bandgap,2.3323,eV,phase4_adversarial_augmentation,train,randomization,representation_preserving_control,measured_target_from_graph_equivalent_source
poly_2245,C(C(OCCOC(=O)c1ccc(cc1)O*)=O)CC*,Bandgap,4.7014,eV,phase4_adversarial_augmentation,train,randomization,representation_preserving_control,measured_target_from_graph_equivalent_source
poly_3116,C(O*)(C*)COCC,Bandgap,5.6017,eV,phase4_adversarial_augmentation,train,randomization,representation_preserving_control,measured_target_from_graph_equivalent_source
poly_2439,C(OC(C(N*)CCC(*)=O)=O)c1ccccc1,Bandgap,4.8973,eV,phase4_adversarial_augmentation,train,randomization,representation_preserving_control,measured_target_from_graph_equivalent_source
poly_4110,*OC(C)*,Bandgap,6.845,eV,phase4_adversarial_augmentation,train,randomization,representation_preserving_control,measured_target_from_graph_equivalent_source
poly_2426,C(C)(C)(C*)COC(NC(=O)c1cc(ccc1)C(NC(=O)O*)=O)=O,Bandgap,4.8839,eV,phase4_adversarial_augmentation,train,randomization,representation_preserving_control,measured_target_from_graph_equivalent_source
poly_268,c1(cc(*)sc1*)CCS(=O)(=O)O,Bandgap,2.3139,eV,phase4_adversarial_augmentation,train,randomization,representation_preserving_control,measured_target_from_graph_equivalent_source
poly_2186,O(P(=N*)(*)Oc1cc(C)ccc1)c1cc(ccc1)C,Bandgap,4.6442,eV,phase4_adversarial_augmentation,train,randomization,representation_preserving_control,measured_target_from_graph_equivalent_source
poly_3961,ClC(C(CC*)Cl)*,Bandgap,6.5894,eV,phase4_adversarial_augmentation,train,randomization,representation_preserving_control,measured_target_from_graph_equivalent_source
poly_3667,C(CCCCNC(=O)O*)CNC(OCCCCC*)=O,Bandgap,6.1556,eV,phase4_adversarial_augmentation,train,randomization,representation_preserving_control,measured_target_from_graph_equivalent_source
poly_2083,c1c(C(Oc2cc(O*)cc(c2)CC)=O)cccc1C(*)=O,Bandgap,4.5555,eV,phase4_adversarial_augmentation,train,randomization,representation_preserving_control,measured_target_from_graph_equivalent_source
poly_119,O=C(Cc1cc(*)sc1*)OC,Bandgap,1.7719999999999998,eV,phase4_adversarial_augmentation,train,randomization,representation_preserving_control,measured_target_from_graph_equivalent_source
poly_2835,*C=CC1CC(C(*)C1)C(OCCNC(C)(C)C)=O,Bandgap,5.2839,eV,phase4_adversarial_augmentation,train,randomization,representation_preserving_control,measured_target_from_graph_equivalent_source
poly_3509,O(C(CCCCCC(*)=O)=O)*,Bandgap,5.9807,eV,phase4_adversarial_augmentation,train,randomization,representation_preserving_control,measured_target_from_graph_equivalent_source
poly_1508,C(*)C(N1CCCC1=S)*,Bandgap,3.9266,eV,phase4_adversarial_augmentation,train,randomization,representation_preserving_control,measured_target_from_graph_equivalent_source
poly_355,O(C(Cn1c(*)ccc1*)=O)C,Bandgap,2.4705,eV,phase4_adversarial_augmentation,train,randomization,representation_preserving_control,measured_target_from_graph_equivalent_source
poly_966,c1c(C(NCCCC)=O)cc(N2C(=O)c3cc(-c4ccc5c(c4)C(N(*)C5=O)=O)ccc3C2=O)cc1*,Bandgap,3.2713,eV,phase4_adversarial_augmentation,train,randomization,representation_preserving_control,measured_target_from_graph_equivalent_source
poly_3365,C(CCCCC(=O)O*)NC(CCCCC(NCCCCCC(OCC*)=O)=O)=O,Bandgap,5.8514,eV,phase4_adversarial_augmentation,train,randomization,representation_preserving_control,measured_target_from_graph_equivalent_source
poly_1406,COc1c(cc(cc1)OC)C(C*)*,Bandgap,3.8027,eV,phase4_adversarial_augmentation,train,randomization,representation_preserving_control,measured_target_from_graph_equivalent_source
poly_1470,c1(ccc(cc1)OCC#CC#CC*)-c1ccc(O*)cc1,Bandgap,3.8876,eV,phase4_adversarial_augmentation,train,randomization,representation_preserving_control,measured_target_from_graph_equivalent_source
poly_219,c1(OC(c2c(cccc2)C(C*)*)=O)ccccc1,Bandgap,2.1638,eV,phase4_adversarial_augmentation,train,randomization,representation_preserving_control,measured_target_from_graph_equivalent_source
poly_481,n1cc(*)nc2c1cc1c(nc(cn1)-c1ccc(cc1)*)c2,Bandgap,2.6289,eV,phase4_adversarial_augmentation,train,randomization,representation_preserving_control,measured_target_from_graph_equivalent_source
poly_3634,C(CC(=O)O*)CCS(CCCCC(=O)OCC*)(=O)=O,Bandgap,6.1194,eV,phase4_adversarial_augmentation,train,randomization,representation_preserving_control,measured_target_from_graph_equivalent_source
poly_3297,CC1(C)CC(NC(O*)=O)CC(C1)(CNC(=O)OCC*)C,Bandgap,5.7856,eV,phase4_adversarial_augmentation,train,randomization,representation_preserving_control,measured_target_from_graph_equivalent_source
poly_3943,O=C(O*)C(C*)C,Bandgap,6.562,eV,phase4_adversarial_augmentation,train,randomization,representation_preserving_control,measured_target_from_graph_equivalent_source
poly_2381,C(c1cc(c(cc1)O*)Cl)(=O)OCC*,Bandgap,4.8461,eV,phase4_adversarial_augmentation,train,randomization,representation_preserving_control,measured_target_from_graph_equivalent_source
poly_1896,C(C)(COC(=O)NC(c1ccc(C(=O)NC(=O)O*)cc1)=O)(C)C*,Bandgap,4.3578,eV,phase4_adversarial_augmentation,train,randomization,representation_preserving_control,measured_target_from_graph_equivalent_source
poly_708,c1(ccc(*)cc1)C(c1ccc(C(=O)*)cc1)=S,Bandgap,2.9329,eV,phase4_adversarial_augmentation,train,randomization,representation_preserving_control,measured_target_from_graph_equivalent_source
poly_2909,O=C(C(C)=C(C(=O)*)C)N1CC(C)N(CC1C)*,Bandgap,5.3573,eV,phase4_adversarial_augmentation,train,randomization,representation_preserving_control,measured_target_from_graph_equivalent_source
poly_900,c1cc(ccc1-c1ccc(-c2nc3ccc(cc3c(-c3ccccc3)c2)Oc2cc3c(nc(cc3-c3ccccc3)*)cc2)cc1)-c1ccc(cc1)*,Bandgap,3.1781,eV,phase4_adversarial_augmentation,train,randomization,representation_preserving_control,measured_target_from_graph_equivalent_source
poly_3166,*/C=C\CCCC*,Bandgap,5.655,eV,phase4_adversarial_augmentation,train,randomization,representation_preserving_control,measured_target_from_graph_equivalent_source
poly_3084,*C(CC(N*)C(OCCOC)=O)=O,Bandgap,5.5583,eV,phase4_adversarial_augmentation,train,randomization,representation_preserving_control,measured_target_from_graph_equivalent_source
poly_2864,COC(C(*)C)*,Bandgap,5.311,eV,phase4_adversarial_augmentation,train,randomization,representation_preserving_control,measured_target_from_graph_equivalent_source
poly_1105,N(=Nc1ccc(C(*)=O)cc1)c1ccc(cc1)-c1ccc(O*)cc1,Bandgap,3.4403,eV,phase4_adversarial_augmentation,train,randomization,representation_preserving_control,measured_target_from_graph_equivalent_source
poly_2067,c1(c(O*)ccc(c1)C(*)=O)CCC,Bandgap,4.5421,eV,phase4_adversarial_augmentation,train,randomization,representation_preserving_control,measured_target_from_graph_equivalent_source
poly_1702,c1c(cc(C)c(c1)Oc1ccc(S(=O)(=O)c2ccc(Oc3c(C)cc(C4(*)OC(c5ccccc54)=O)cc3)cc2)cc1)*,Bandgap,4.1532,eV,phase4_adversarial_augmentation,train,randomization,representation_preserving_control,measured_target_from_graph_equivalent_source
poly_647,C(=O)(*)c1sc(-c2ccc(O*)cc2)cc1,Bandgap,2.8561,eV,phase4_adversarial_augmentation,train,randomization,representation_preserving_control,measured_target_from_graph_equivalent_source
poly_4008,C1CC(CCC1C*)COC(=O)CCCCCC(=O)O*,Bandgap,6.649,eV,phase4_adversarial_augmentation,train,randomization,representation_preserving_control,measured_target_from_graph_equivalent_source
poly_1547,c1c(cccc1)-c1cc(cc(c1O*)CCC)*,Bandgap,3.9795,eV,phase4_adversarial_augmentation,train,randomization,representation_preserving_control,measured_target_from_graph_equivalent_source
poly_3798,*C(CC*)O,Bandgap,6.3537,eV,phase4_adversarial_augmentation,train,randomization,representation_preserving_control,measured_target_from_graph_equivalent_source
poly_541,s1c(C(=S)C*)ccc1O*,Bandgap,2.7088,eV,phase4_adversarial_augmentation,train,randomization,representation_preserving_control,measured_target_from_graph_equivalent_source
poly_1312,C(=O)(OCCCC*)SSSC(O*)=O,Bandgap,3.6864,eV,phase4_adversarial_augmentation,train,randomization,representation_preserving_control,measured_target_from_graph_equivalent_source
poly_2550,Clc1cc(cc(Cl)c1O*)C(C1CC2CCC1C2)c1cc(c(OC(=O)*)c(Cl)c1)Cl,Bandgap,5.0002,eV,phase4_adversarial_augmentation,train,randomization,representation_preserving_control,measured_target_from_graph_equivalent_source
poly_2116,C(C*)CCCCNC(CCP(c1ccccc1)(=S)CCC(N*)=O)=O,Bandgap,4.5816,eV,phase4_adversarial_augmentation,train,randomization,representation_preserving_control,measured_target_from_graph_equivalent_source
poly_1725,c1(-c2ccc(cc2)C(=O)OCCCC*)ccc(cc1)C(O*)=O,Bandgap,4.1718,eV,phase4_adversarial_augmentation,train,randomization,representation_preserving_control,measured_target_from_graph_equivalent_source
poly_3221,*CCOC(=O)NC1CCC(CC1)NC(O*)=O,Bandgap,5.7184,eV,phase4_adversarial_augmentation,train,randomization,representation_preserving_control,measured_target_from_graph_equivalent_source
poly_897,c1(ccc(cc1)N*)NC(=O)C=Cc1ccc(C=CC(=O)*)cc1,Bandgap,3.1732,eV,phase4_adversarial_augmentation,train,randomization,representation_preserving_control,measured_target_from_graph_equivalent_source
poly_1715,c1c(ccc(Oc2cc(c(O*)cc2)S(O)(=O)=O)c1)C(c1ccc(*)cc1)=O,Bandgap,4.1626,eV,phase4_adversarial_augmentation,train,randomization,representation_preserving_control,measured_target_from_graph_equivalent_source
poly_1394,C(Sc1c(ccc(c1)C#C*)*)CCCCCCCCCCC,Bandgap,3.7748,eV,phase4_adversarial_augmentation,train,randomization,representation_preserving_control,measured_target_from_graph_equivalent_source
poly_4182,C(OC(OC(*)C*)=O)C(F)(F)F,Bandgap,7.6731,eV,phase4_adversarial_augmentation,train,randomization,representation_preserving_control,measured_target_from_graph_equivalent_source
poly_304,N(c1ccc(cc1)Oc1ccc(NC(=O)*)cc1)C(c1ccc(N2C(=O)c3cc(*)ccc3C2=O)cc1)=O,Bandgap,2.3807,eV,phase4_adversarial_augmentation,train,randomization,representation_preserving_control,measured_target_from_graph_equivalent_source
poly_1327,O=C(*)c1ccc(C(Oc2cc(c(O*)cc2)CCCCCCCC)=O)cc1,Bandgap,3.7013,eV,phase4_adversarial_augmentation,train,randomization,representation_preserving_control,measured_target_from_graph_equivalent_source
poly_1103,c1cc(Oc2c(F)c(c(c(c2F)F)S(c2c(c(F)c(O*)c(F)c2F)F)(=O)=O)F)ccc1C(c1ccc(*)cc1)(C(F)(F)F)C(F)(F)F,Bandgap,3.4387,eV,phase4_adversarial_augmentation,train,randomization,representation_preserving_control,measured_target_from_graph_equivalent_source
poly_718,c1c(NC(=C(C#N)C#N)c2cccc(c2)C(Nc2ccc(*)cc2)=C(C#N)C#N)ccc(c1)Oc1ccc(O*)cc1,Bandgap,2.943,eV,phase4_adversarial_augmentation,train,randomization,representation_preserving_control,measured_target_from_graph_equivalent_source
poly_302,O(C)c1c([nH]c(*)c1OC)*,Bandgap,2.3766,eV,phase4_adversarial_augmentation,train,randomization,representation_preserving_control,measured_target_from_graph_equivalent_source
poly_1245,C(Cn1c2c(c3c1ccc(*)c3)cc(cc2)*)(=O)OCC,Bandgap,3.6156,eV,phase4_adversarial_augmentation,train,randomization,representation_preserving_control,measured_target_from_graph_equivalent_source
poly_2624,c1(ccc(*)cc1)C(c1ccccc1)C*,Bandgap,5.0824,eV,phase4_adversarial_augmentation,train,randomization,representation_preserving_control,measured_target_from_graph_equivalent_source
poly_1565,c1c(cc2c(c1)nc(*)o2)-c1cc2c(nc(CCCCCCC*)o2)cc1,Bandgap,4.0001,eV,phase4_adversarial_augmentation,train,randomization,representation_preserving_control,measured_target_from_graph_equivalent_source
poly_2795,*OCC*,Bandgap,5.2314,eV,phase4_adversarial_augmentation,train,randomization,representation_preserving_control,measured_target_from_graph_equivalent_source
poly_1027,c1c(ccc(c1)-c1ccc(cc1)C(=O)*)-c1ccc(*)cc1,Bandgap,3.3512,eV,phase4_adversarial_augmentation,train,randomization,representation_preserving_control,measured_target_from_graph_equivalent_source
poly_545,C1(c2c(-c3c1cc(cc3)C=C*)ccc(*)c2)(CC(CCCC)CC)CC(CCCC)CC,Bandgap,2.712,eV,phase4_adversarial_augmentation,train,randomization,representation_preserving_control,measured_target_from_graph_equivalent_source
poly_592,c1(c(-c2c(F)cc(-n3c(=O)c4c(c3=O)cc3c(c4)c(=O)n(*)c3=O)cc2)ccc(*)c1)F,Bandgap,2.7762,eV,phase4_adversarial_augmentation,train,randomization,representation_preserving_control,measured_target_from_graph_equivalent_source
poly_3121,C1(C(C(=O)N2CCN(*)CC2)C1)C(=O)*,Bandgap,5.6073,eV,phase4_adversarial_augmentation,train,randomization,representation_preserving_control,measured_target_from_graph_equivalent_source
poly_2538,*C(=O)NCCCCCCNC(c1cnn(c1)*)=O,Bandgap,4.9839,eV,phase4_adversarial_augmentation,train,randomization,representation_preserving_control,measured_target_from_graph_equivalent_source
poly_223,C1C(=O)C(=CC(C=1*)=O)Nc1ccc(-c2ccc(cc2)N*)cc1,Bandgap,2.1743,eV,phase4_adversarial_augmentation,train,randomization,representation_preserving_control,measured_target_from_graph_equivalent_source
poly_893,O=C(Nc1c(C)ccc(c1)NC(OCCN(c1ccc(cc1)-c1c(c(c1=O)=O)NCCCO)CC*)=O)O*,Bandgap,3.1713,eV,phase4_adversarial_augmentation,train,randomization,representation_preserving_control,measured_target_from_graph_equivalent_source
poly_4086,O=C(O*)CCCCCCCCC(=O)OCCCCCCCCCCCCCCCCCCCC*,Bandgap,6.7686,eV,phase4_adversarial_augmentation,train,randomization,representation_preserving_control,measured_target_from_graph_equivalent_source
poly_2330,O(CCCCSC)C(=O)C(C*)*,Bandgap,4.7854,eV,phase4_adversarial_augmentation,train,randomization,representation_preserving_control,measured_target_from_graph_equivalent_source
poly_1963,Oc1c(C*)cccc1*,Bandgap,4.4317,eV,phase4_adversarial_augmentation,train,randomization,representation_preserving_control,measured_target_from_graph_equivalent_source
poly_3445,C(CCCCCCCCOC(C(O*)=O)=O)C*,Bandgap,5.9110000000000005,eV,phase4_adversarial_augmentation,train,randomization,representation_preserving_control,measured_target_from_graph_equivalent_source
poly_2647,*C(CCc1ccc(cc1)CCC(=O)O*)=O,Bandgap,5.1011,eV,phase4_adversarial_augmentation,train,randomization,representation_preserving_control,measured_target_from_graph_equivalent_source
poly_3461,n1c(CCCC*)oc(n1)*,Bandgap,5.9356,eV,phase4_adversarial_augmentation,train,randomization,representation_preserving_control,measured_target_from_graph_equivalent_source
poly_751,*C(=O)OC(=O)COc1ccc(cc1)OCC(OC(=O)c1cnc(*)cc1)=O,Bandgap,2.9777,eV,phase4_adversarial_augmentation,train,randomization,representation_preserving_control,measured_target_from_graph_equivalent_source
poly_917,c1ccc(cc1-n1c(c2c(cc3c(=O)n(*)c(=O)c3c2)c1=O)=O)C(C(F)(F)F)(c1cccc(c1)*)C(F)(F)F,Bandgap,3.2011,eV,phase4_adversarial_augmentation,train,randomization,representation_preserving_control,measured_target_from_graph_equivalent_source
poly_4051,*OC(COC(=O)CCC(*)=O)C,Bandgap,6.7151,eV,phase4_adversarial_augmentation,train,randomization,representation_preserving_control,measured_target_from_graph_equivalent_source
poly_3412,*CCCCCCCCCC(C=C*)C,Bandgap,5.8820000000000014,eV,phase4_adversarial_augmentation,train,randomization,representation_preserving_control,measured_target_from_graph_equivalent_source
poly_450,C1(=O)c2c(C(N1c1ccc(cc1)Oc1c(cccc1)Oc1ccc(N3C(=O)c4ccc(cc4C3=O)C(=O)*)cc1)=O)cc(*)cc2,Bandgap,2.575,eV,phase4_adversarial_augmentation,train,randomization,representation_preserving_control,measured_target_from_graph_equivalent_source
poly_3066,O(*)C1C(CCCCCC1)*,Bandgap,5.5442,eV,phase4_adversarial_augmentation,train,randomization,representation_preserving_control,measured_target_from_graph_equivalent_source
poly_2754,C1(*)CCC(C1)C=C*,Bandgap,5.1969,eV,phase4_adversarial_augmentation,train,randomization,representation_preserving_control,measured_target_from_graph_equivalent_source
poly_2827,*C(Oc1ccc(cc1)OC(=O)N1CCN(CC1)*)=O,Bandgap,5.2739,eV,phase4_adversarial_augmentation,train,randomization,representation_preserving_control,measured_target_from_graph_equivalent_source
poly_4168,O(CCCCCCCCCC*)C(O*)=O,Bandgap,7.2198,eV,phase4_adversarial_augmentation,train,randomization,representation_preserving_control,measured_target_from_graph_equivalent_source
poly_2409,C12(OC(=O)OC2(C(CC1C=C*)*)Cl)Cl,Bandgap,4.8717,eV,phase4_adversarial_augmentation,train,randomization,representation_preserving_control,measured_target_from_graph_equivalent_source
poly_127,C(C(F)(C(F)(C(F)(F)C(F)(F)F)F)F)CCc1cc(sc1*)*,Bandgap,1.8122,eV,phase4_adversarial_augmentation,train,randomization,representation_preserving_control,measured_target_from_graph_equivalent_source
poly_1244,c12C(N(*)C(c2ccc(c1)C(C(F)(F)F)(c1ccc2c(c1)C(N(CCC*)C2=O)=O)C(F)(F)F)=O)=O,Bandgap,3.6153,eV,phase4_adversarial_augmentation,train,randomization,representation_preserving_control,measured_target_from_graph_equivalent_source
poly_3190,C(CCCCCC*)(=O)NCCCCCOCCCCCNC(CCCCO*)=O,Bandgap,5.6857,eV,phase4_adversarial_augmentation,train,randomization,representation_preserving_control,measured_target_from_graph_equivalent_source
poly_2991,C(CCCCC#CC#CCCCCCCCCC*)CCCCOC(CCCCC(=O)O*)=O,Bandgap,5.456,eV,phase4_adversarial_augmentation,train,randomization,representation_preserving_control,measured_target_from_graph_equivalent_source
poly_1603,c1cc(C#N)ccc1-c1ccc(cc1)OCCCCCCCCCCOCC(C)(C*)CO*,Bandgap,4.042,eV,phase4_adversarial_augmentation,train,randomization,representation_preserving_control,measured_target_from_graph_equivalent_source
poly_2101,O(CCOC(=O)C(NC(CCc1ccc(cc1)OC(=O)CCCC(*)=O)=O)Cc1ccc(O*)cc1)CCOCC,Bandgap,4.5719,eV,phase4_adversarial_augmentation,train,randomization,representation_preserving_control,measured_target_from_graph_equivalent_source
poly_4114,*C(Cl)C(Cl)C(Cl)C*,Bandgap,6.8616,eV,phase4_adversarial_augmentation,train,randomization,representation_preserving_control,measured_target_from_graph_equivalent_source
poly_3245,C(CCOC(=O)C(*)=O)(C)O*,Bandgap,5.7373,eV,phase4_adversarial_augmentation,train,randomization,representation_preserving_control,measured_target_from_graph_equivalent_source
poly_1943,c1(ccc(cc1)O*)C(=NCCN=C(C)c1ccc(*)cc1)C,Bandgap,4.4147,eV,phase4_adversarial_augmentation,train,randomization,representation_preserving_control,measured_target_from_graph_equivalent_source
poly_3453,C(CCCCCCCCCCCCCC(NCC*)=O)C(=O)N*,Bandgap,5.9268,eV,phase4_adversarial_augmentation,train,randomization,representation_preserving_control,measured_target_from_graph_equivalent_source
poly_878,C(CCCCCCCSc1c(*)sc(-c2ccc(cc2)-c2ccc(*)cc2)c1)CC,Bandgap,3.1535,eV,phase4_adversarial_augmentation,train,randomization,representation_preserving_control,measured_target_from_graph_equivalent_source
poly_2457,CC(C(C*)C=C*)CC,Bandgap,4.91,eV,phase4_adversarial_augmentation,train,randomization,representation_preserving_control,measured_target_from_graph_equivalent_source
poly_2060,N1(C(Nc2ccc(Cc3ccc(NC(N4CCC(CC4)CCC*)=O)cc3)cc2)=O)CCC(CC1)*,Bandgap,4.5335,eV,phase4_adversarial_augmentation,train,randomization,representation_preserving_control,measured_target_from_graph_equivalent_source
poly_587,S=C(c1ccc(cc1)C*)c1ccc(*)s1,Bandgap,2.7729,eV,phase4_adversarial_augmentation,train,randomization,representation_preserving_control,measured_target_from_graph_equivalent_source
poly_1712,Fc1c(F)c(C(C*)*)c(F)c(F)c1P(O)(=O)O,Bandgap,4.1594,eV,phase4_adversarial_augmentation,train,randomization,representation_preserving_control,measured_target_from_graph_equivalent_source
poly_577,c1c(ccc(Cl)c1)N=Nc1c(cc(cc1C)N(CC(C*)O)*)C,Bandgap,2.7562,eV,phase4_adversarial_augmentation,train,randomization,representation_preserving_control,measured_target_from_graph_equivalent_source
poly_1109,c1cc(C=Cc2cc(ncn2)*)cc(c1)C=C*,Bandgap,3.4447,eV,phase4_adversarial_augmentation,train,randomization,representation_preserving_control,measured_target_from_graph_equivalent_source
poly_1486,O(CCOC(=O)c1cc(cc(c1)[N+]([O-])=O)[N+]([O-])=O)C(=O)C(*)C*,Bandgap,3.9042,eV,phase4_adversarial_augmentation,train,randomization,representation_preserving_control,measured_target_from_graph_equivalent_source
poly_2982,N(CCCCCCNC(CCC*)=O)C(CCCO*)=O,Bandgap,5.4466,eV,phase4_adversarial_augmentation,train,randomization,representation_preserving_control,measured_target_from_graph_equivalent_source
poly_3737,C(C(*)=O)CCCCCCCCC(O*)=O,Bandgap,6.2631,eV,phase4_adversarial_augmentation,train,randomization,representation_preserving_control,measured_target_from_graph_equivalent_source
poly_3861,C(CCCOC(=O)C(C*)(*)C)CC,Bandgap,6.4612,eV,phase4_adversarial_augmentation,train,randomization,representation_preserving_control,measured_target_from_graph_equivalent_source
poly_394,c1(=O)c2c(c(n1*)=O)cc1c(=O)n(-c3ccc(cc3)C(C(F)(F)F)(C(F)(F)F)c3ccc(cc3)*)c(c1c2)=O,Bandgap,2.5118,eV,phase4_adversarial_augmentation,train,randomization,representation_preserving_control,measured_target_from_graph_equivalent_source
poly_1028,c1cccc(C(c2cc(N3C(=O)c4c(ccc(c4)Oc4cc5C(N(C(=O)c5cc4)*)=O)C3=O)ccc2)(c2cc(ccc2)*)C(F)(F)F)c1,Bandgap,3.352,eV,phase4_adversarial_augmentation,train,randomization,representation_preserving_control,measured_target_from_graph_equivalent_source
poly_2715,O(CCCCCCCCCCCC)C(C(NC(CCc1ccc(OC(=O)CCCCCCC(*)=O)cc1)=O)Cc1ccc(O*)cc1)=O,Bandgap,5.1610000000000005,eV,phase4_adversarial_augmentation,train,randomization,representation_preserving_control,measured_target_from_graph_equivalent_source
poly_2209,C(c1cc(C(*)=O)ccc1)(OCC(C)O*)=O,Bandgap,4.6597,eV,phase4_adversarial_augmentation,train,randomization,representation_preserving_control,measured_target_from_graph_equivalent_source
poly_1343,O(C(=O)c1cccc(c1)C(*)=O)c1ccc(cc1)C(c1ccc(cc1)O*)C(Cl)(Cl)Cl,Bandgap,3.7183,eV,phase4_adversarial_augmentation,train,randomization,representation_preserving_control,measured_target_from_graph_equivalent_source
poly_2666,c1cc(Oc2nc(*)nc(n2)OC)ccc1C(C)(c1ccc(cc1)O*)C,Bandgap,5.1119,eV,phase4_adversarial_augmentation,train,randomization,representation_preserving_control,measured_target_from_graph_equivalent_source
poly_1004,c1c2c(ncc(-c3ccc(Oc4ccc(cc4)*)cc3)n2)ccc1-c1ccc2ncc(*)nc2c1,Bandgap,3.3274,eV,phase4_adversarial_augmentation,train,randomization,representation_preserving_control,measured_target_from_graph_equivalent_source
poly_2710,S(CC(O*)C*)(=O)(=O)C(C)C,Bandgap,5.1555,eV,phase4_adversarial_augmentation,train,randomization,representation_preserving_control,measured_target_from_graph_equivalent_source
poly_2771,CC(C)(C)c1cc(C*)cc(c1)CNC(=O)CCCCC(N*)=O,Bandgap,5.2158,eV,phase4_adversarial_augmentation,train,randomization,representation_preserving_control,measured_target_from_graph_equivalent_source
poly_1781,c1c(C(c2ccc(O*)cc2)C2CCCCC2)ccc(c1)OC(=O)*,Bandgap,4.2410000000000005,eV,phase4_adversarial_augmentation,train,randomization,representation_preserving_control,measured_target_from_graph_equivalent_source
poly_3475,O(C(*)CCCCC)*,Bandgap,5.9463,eV,phase4_adversarial_augmentation,train,randomization,representation_preserving_control,measured_target_from_graph_equivalent_source
poly_1945,C(OCCN(CC*)c1ccccc1)(Nc1ccc(c(NC(O*)=O)c1)C)=O,Bandgap,4.4152,eV,phase4_adversarial_augmentation,train,randomization,representation_preserving_control,measured_target_from_graph_equivalent_source
poly_3111,*OCCSCC*,Bandgap,5.591,eV,phase4_adversarial_augmentation,train,randomization,representation_preserving_control,measured_target_from_graph_equivalent_source
poly_3261,O=C(O*)C(OCCOCC*)=O,Bandgap,5.7606,eV,phase4_adversarial_augmentation,train,randomization,representation_preserving_control,measured_target_from_graph_equivalent_source
poly_796,C1(=O)c2c(ccc(c2)-c2ccc3C(N(C(c3c2)=O)c2cc(Br)c(Oc3c(Br)cc(cc3Br)*)c(Br)c2)=O)C(=O)N1*,Bandgap,3.034,eV,phase4_adversarial_augmentation,train,randomization,representation_preserving_control,measured_target_from_graph_equivalent_source
poly_1612,c1c(OCCOCCO*)c2ccccc2nc1*,Bandgap,4.0515,eV,phase4_adversarial_augmentation,train,randomization,representation_preserving_control,measured_target_from_graph_equivalent_source
poly_1818,C(c1ccccc1)(C*)C1C(C(N(C1=O)c1ccc(cc1)C(=O)Oc1ccc(cc1)C=O)=O)*,Bandgap,4.2725,eV,phase4_adversarial_augmentation,train,randomization,representation_preserving_control,measured_target_from_graph_equivalent_source
poly_1906,c1ccc(cc1)OCC(O*)CC(*)=O,Bandgap,4.3685,eV,phase4_adversarial_augmentation,train,randomization,representation_preserving_control,measured_target_from_graph_equivalent_source
poly_3078,C(OC)(C(C(C=C*)C)*)=O,Bandgap,5.5526,eV,phase4_adversarial_augmentation,train,randomization,representation_preserving_control,measured_target_from_graph_equivalent_source
poly_3370,C(=CCCCCCCCC*)*,Bandgap,5.856,eV,phase4_adversarial_augmentation,train,randomization,representation_preserving_control,measured_target_from_graph_equivalent_source
poly_1265,c1cc(C(=O)*)ccc1C(=O)Oc1ccc(cc1)C(c1ccc(cc1)O*)c1ccccc1,Bandgap,3.6355,eV,phase4_adversarial_augmentation,train,randomization,representation_preserving_control,measured_target_from_graph_equivalent_source
poly_1400,c1cc(ccc1O*)C(c1ccc(OC(c2ccc(cc2)Oc2ccc(C(=O)*)cc2)=O)cc1)C,Bandgap,3.79,eV,phase4_adversarial_augmentation,train,randomization,representation_preserving_control,measured_target_from_graph_equivalent_source
poly_3028,n1(N)c(nnc1CCCCCCC*)*,Bandgap,5.5033,eV,phase4_adversarial_augmentation,train,randomization,representation_preserving_control,measured_target_from_graph_equivalent_source
poly_1660,O=C(c1ccc(cc1)OCCOc1ccc(C(=O)*)cc1)Oc1cc(c(cc1)O*)C,Bandgap,4.0998,eV,phase4_adversarial_augmentation,train,randomization,representation_preserving_control,measured_target_from_graph_equivalent_source
poly_692,c1(*)sc(cc1)C(=S)Oc1ccc(cc1)*,Bandgap,2.9181,eV,phase4_adversarial_augmentation,train,randomization,representation_preserving_control,measured_target_from_graph_equivalent_source
poly_430,C1(=O)c2ccc(cc2C(N1c1c(OC)cc(-c2ccc(c(OC)c2)N2C(c3cc(*)ccc3C2=O)=O)cc1)=O)C(*)=O,Bandgap,2.5507,eV,phase4_adversarial_augmentation,train,randomization,representation_preserving_control,measured_target_from_graph_equivalent_source
poly_2421,c1(cc(c(cc1C)*)C)CC*,Bandgap,4.8782,eV,phase4_adversarial_augmentation,train,randomization,representation_preserving_control,measured_target_from_graph_equivalent_source
poly_4072,C(CCC(O*)=O)CCCC(OCC1CCC(C*)CC1)=O,Bandgap,6.7519,eV,phase4_adversarial_augmentation,train,randomization,representation_preserving_control,measured_target_from_graph_equivalent_source
poly_1201,*C(c1ccc(C(=O)NC(=C(C#N)N*)C#N)cc1)=O,Bandgap,3.5611,eV,phase4_adversarial_augmentation,train,randomization,representation_preserving_control,measured_target_from_graph_equivalent_source
poly_1617,N(*)c1ccc(cc1O)-c1ccc(NC(CCCCCCCCC(*)=O)=O)c(c1)O,Bandgap,4.0536,eV,phase4_adversarial_augmentation,train,randomization,representation_preserving_control,measured_target_from_graph_equivalent_source
poly_4156,C(CCC*)OC(=O)O*,Bandgap,7.1273,eV,phase4_adversarial_augmentation,train,randomization,representation_preserving_control,measured_target_from_graph_equivalent_source
poly_1225,CC1(OC(C)(Nc2c(cc(*)cc12)-c1cc(ccc1)*)C)C,Bandgap,3.5944,eV,phase4_adversarial_augmentation,train,randomization,representation_preserving_control,measured_target_from_graph_equivalent_source
poly_540,c1cc(cc2c1cc(C(Nc1cc(cc(C(OCCOc3ccc(C=CC(=O)c4ccccc4)cc3)=O)c1)N*)=O)cc2)C(*)=O,Bandgap,2.7088,eV,phase4_adversarial_augmentation,train,randomization,representation_preserving_control,measured_target_from_graph_equivalent_source
poly_695,*c1ccc2c(C(N(C2=O)c2cccc(c2)C#Cc2cc(ccc2)NC(*)=O)=O)c1,Bandgap,2.9195,eV,phase4_adversarial_augmentation,train,randomization,representation_preserving_control,measured_target_from_graph_equivalent_source
poly_2039,*OC(=O)c1cccc(C(=O)OCC*)c1,Bandgap,4.5156,eV,phase4_adversarial_augmentation,train,randomization,representation_preserving_control,measured_target_from_graph_equivalent_source
poly_1875,c1c2c(nc(CCCCCCCCCCCC*)s2)cc2sc(*)nc21,Bandgap,4.3242,eV,phase4_adversarial_augmentation,train,randomization,representation_preserving_control,measured_target_from_graph_equivalent_source
poly_2323,C(OC(=O)c1ccc(cc1)C(=O)O*)CC*,Bandgap,4.775,eV,phase4_adversarial_augmentation,train,randomization,representation_preserving_control,measured_target_from_graph_equivalent_source
poly_4070,FC(F)(C(C(F)(CNC(=O)OCC(F)(F)C(F)(F)C(C*)(F)F)F)(F)F)C(F)(CNC(=O)O*)F,Bandgap,6.7502,eV,phase4_adversarial_augmentation,train,randomization,representation_preserving_control,measured_target_from_graph_equivalent_source
poly_3414,C1CC(NC(=O)OCCCC*)CCC1CC1CCC(CC1)NC(=O)O*,Bandgap,5.8831,eV,phase4_adversarial_augmentation,train,randomization,representation_preserving_control,measured_target_from_graph_equivalent_source
poly_332,O(c1ccc(cc1)*)c1cccc(c1)Oc1ccc(cc1)-n1c(c2cc3c(n(*)c(c3cc2c1=O)=O)=O)=O,Bandgap,2.4395,eV,phase4_adversarial_augmentation,train,randomization,representation_preserving_control,measured_target_from_graph_equivalent_source
poly_3442,O=C(CCCCCCCCC(=O)NCCCOCCO*)NCCC*,Bandgap,5.9081,eV,phase4_adversarial_augmentation,train,randomization,representation_preserving_control,measured_target_from_graph_equivalent_source
poly_2125,c1c(C*)sc(CO*)c1,Bandgap,4.5918,eV,phase4_adversarial_augmentation,train,randomization,representation_preserving_control,measured_target_from_graph_equivalent_source
poly_2617,C(*)C(*)c1cccc(c1)C,Bandgap,5.0775,eV,phase4_adversarial_augmentation,train,randomization,representation_preserving_control,measured_target_from_graph_equivalent_source
poly_530,c1(*)[nH]c(c(c1)CCOCCOC)*,Bandgap,2.6864,eV,phase4_adversarial_augmentation,train,randomization,representation_preserving_control,measured_target_from_graph_equivalent_source
poly_2949,C1(=CCC(CO*)(CC1)C*)C,Bandgap,5.4083,eV,phase4_adversarial_augmentation,train,randomization,representation_preserving_control,measured_target_from_graph_equivalent_source
poly_2822,O(C(NCCSCCSCCNC(=O)OCCC*)=O)*,Bandgap,5.2664,eV,phase4_adversarial_augmentation,train,randomization,representation_preserving_control,measured_target_from_graph_equivalent_source
poly_3762,C(CC*)OC(=O)C(C)O*,Bandgap,6.3052,eV,phase4_adversarial_augmentation,train,randomization,representation_preserving_control,measured_target_from_graph_equivalent_source
poly_1367,c1c(*)ccc(S(=O)(c2ccc(-c3ccc(cc3)-c3ccc(S(c4ccc(O*)cc4)(=O)=O)cc3)cc2)=O)c1,Bandgap,3.7446,eV,phase4_adversarial_augmentation,train,randomization,representation_preserving_control,measured_target_from_graph_equivalent_source
poly_1111,c1c2c(c3cc(*)ccc3n2C=C)cc(*)c1,Bandgap,3.4473,eV,phase4_adversarial_augmentation,train,randomization,representation_preserving_control,measured_target_from_graph_equivalent_source
poly_1965,c1c(c(O*)c(-c2ccccc2)cc1*)CC,Bandgap,4.4322,eV,phase4_adversarial_augmentation,train,randomization,representation_preserving_control,measured_target_from_graph_equivalent_source
poly_2189,c1(C*)cc(C#N)c(C*)cc1,Bandgap,4.6467,eV,phase4_adversarial_augmentation,train,randomization,representation_preserving_control,measured_target_from_graph_equivalent_source
poly_3124,O=C(NCC(C)N*)C1CC1C(*)=O,Bandgap,5.6076,eV,phase4_adversarial_augmentation,train,randomization,representation_preserving_control,measured_target_from_graph_equivalent_source
poly_1648,*Cc1ccc(cc1)-c1ccc(C(=O)O*)cc1,Bandgap,4.0877,eV,phase4_adversarial_augmentation,train,randomization,representation_preserving_control,measured_target_from_graph_equivalent_source
poly_468,*c1sc(cc1)Nc1ccc(s1)N*,Bandgap,2.5938,eV,phase4_adversarial_augmentation,train,randomization,representation_preserving_control,measured_target_from_graph_equivalent_source
poly_2861,c1ccccc1OCC(O*)COC(*)=O,Bandgap,5.3091,eV,phase4_adversarial_augmentation,train,randomization,representation_preserving_control,measured_target_from_graph_equivalent_source
poly_49,*C1=CC2C(C=C(N=2)*)=N1,Bandgap,1.3597,eV,phase4_adversarial_augmentation,train,randomization,representation_preserving_control,measured_target_from_graph_equivalent_source
poly_2875,CC(C)(C)C(N(*)CC*)=O,Bandgap,5.3244,eV,phase4_adversarial_augmentation,train,randomization,representation_preserving_control,measured_target_from_graph_equivalent_source
poly_2486,O=C(*)C(N*)CC(=O)N,Bandgap,4.9343,eV,phase4_adversarial_augmentation,train,randomization,representation_preserving_control,measured_target_from_graph_equivalent_source
poly_2262,C(CSCCC(O*)=O)SCCC(*)=O,Bandgap,4.7109,eV,phase4_adversarial_augmentation,train,randomization,representation_preserving_control,measured_target_from_graph_equivalent_source
poly_4030,C(CCCCCCOC(C(O)C(O)C(=O)O*)=O)CC*,Bandgap,6.6774,eV,phase4_adversarial_augmentation,train,randomization,representation_preserving_control,measured_target_from_graph_equivalent_source
poly_738,c1c(O*)ccc(C=Nc2ccc(N=Cc3ccc(cc3)*)cc2)c1,Bandgap,2.9641,eV,phase4_adversarial_augmentation,train,randomization,representation_preserving_control,measured_target_from_graph_equivalent_source
poly_529,c1c(ccc(c1)N=Nc1c2ccccc2c(cc1)O*)C(=O)*,Bandgap,2.6854,eV,phase4_adversarial_augmentation,train,randomization,representation_preserving_control,measured_target_from_graph_equivalent_source
poly_2761,c1(CC*)ccc(cc1)*,Bandgap,5.2055,eV,phase4_adversarial_augmentation,train,randomization,representation_preserving_control,measured_target_from_graph_equivalent_source
poly_454,O(c1cccc(c1)*)c1cccc(c1)-n1c(c2cc3c(cc2c1=O)c(=O)n(*)c3=O)=O,Bandgap,2.5785,eV,phase4_adversarial_augmentation,train,randomization,representation_preserving_control,measured_target_from_graph_equivalent_source
poly_1798,C(=O)(CCCCCCCCC(Oc1ccc(cc1)C(C)=NN=C(C)c1ccc(cc1)O*)=O)*,Bandgap,4.2541,eV,phase4_adversarial_augmentation,train,randomization,representation_preserving_control,measured_target_from_graph_equivalent_source
poly_1289,Clc1c(*)ccc(-c2ccc(c(Cl)c2)*)c1,Bandgap,3.6549,eV,phase4_adversarial_augmentation,train,randomization,representation_preserving_control,measured_target_from_graph_equivalent_source
poly_2852,C(Nc1cc(NC(=O)O*)ccc1C)(OCCC*)=O,Bandgap,5.3025,eV,phase4_adversarial_augmentation,train,randomization,representation_preserving_control,measured_target_from_graph_equivalent_source
poly_880,c1(c(nc2c(n1)ccc(Oc1ccc3nc(-c4ccccc4)c(-c4ccc(*)cc4)nc3c1)c2)-c1ccccc1)*,Bandgap,3.1583,eV,phase4_adversarial_augmentation,train,randomization,representation_preserving_control,measured_target_from_graph_equivalent_source
poly_3744,C(C(F)(F)C(F)(C(F)(F)COC(=O)C(*)C*)F)(F)(F)F,Bandgap,6.2702,eV,phase4_adversarial_augmentation,train,randomization,representation_preserving_control,measured_target_from_graph_equivalent_source
poly_945,c1c(C(=O)*)cc(cc1C(Nc1ccc(cc1)C(C)(c1ccc(N*)cc1)C)=O)S(=O)(c1ccccc1)=O,Bandgap,3.2508,eV,phase4_adversarial_augmentation,train,randomization,representation_preserving_control,measured_target_from_graph_equivalent_source
poly_1281,c1c(cc(cc1C(*)=O)C(Nc1ccc(N*)cc1)=O)NC(c1ccncc1)=O,Bandgap,3.6492,eV,phase4_adversarial_augmentation,train,randomization,representation_preserving_control,measured_target_from_graph_equivalent_source
poly_4013,C(C)(C*)(*)C(OCC(F)(F)F)=O,Bandgap,6.6593,eV,phase4_adversarial_augmentation,train,randomization,representation_preserving_control,measured_target_from_graph_equivalent_source
poly_2986,c1(ccccc1)CCC(O*)CC(=O)*,Bandgap,5.449,eV,phase4_adversarial_augmentation,train,randomization,representation_preserving_control,measured_target_from_graph_equivalent_source
poly_1806,c1cc(ccc1C=C(c1ccc(O*)cc1)C)OCCOCC*,Bandgap,4.2636,eV,phase4_adversarial_augmentation,train,randomization,representation_preserving_control,measured_target_from_graph_equivalent_source
poly_1003,C(c1sc2c(n1)cc1c(c2)nc(s1)*)*,Bandgap,3.3248,eV,phase4_adversarial_augmentation,train,randomization,representation_preserving_control,measured_target_from_graph_equivalent_source
poly_1981,C(COC(=O)c1ccc(C(NCCCCCCCCCCCCNC(=O)c2ccc(C(=O)O*)cc2)=O)cc1)*,Bandgap,4.4473,eV,phase4_adversarial_augmentation,train,randomization,representation_preserving_control,measured_target_from_graph_equivalent_source
poly_3710,O=C(NCCCCCCNC(=O)O*)OCNC(NC*)=O,Bandgap,6.2287,eV,phase4_adversarial_augmentation,train,randomization,representation_preserving_control,measured_target_from_graph_equivalent_source
poly_1166,c1c(ccc(c1)Oc1ccc(Oc2ccc(C(*)=O)cc2)cc1)C(Oc1ccc(cc1)Oc1ccc(cc1)O*)=O,Bandgap,3.5181,eV,phase4_adversarial_augmentation,train,randomization,representation_preserving_control,measured_target_from_graph_equivalent_source
poly_3863,*CCOCO*,Bandgap,6.4615,eV,phase4_adversarial_augmentation,train,randomization,representation_preserving_control,measured_target_from_graph_equivalent_source
poly_2684,C(=C(*)C)(CCCCC)*,Bandgap,5.1297,eV,phase4_adversarial_augmentation,train,randomization,representation_preserving_control,measured_target_from_graph_equivalent_source
poly_331,C(CCCCC(c1ccc(cc1)*)c1ccc(-n2c(=O)c3cc4c(=O)n(*)c(=O)c4cc3c2=O)cc1)CCC,Bandgap,2.4391,eV,phase4_adversarial_augmentation,train,randomization,representation_preserving_control,measured_target_from_graph_equivalent_source
poly_949,C(c1ccc(C(=S)O*)cc1)(=O)*,Bandgap,3.2523,eV,phase4_adversarial_augmentation,train,randomization,representation_preserving_control,measured_target_from_graph_equivalent_source
poly_3440,C(CNC(=O)CCCCCCCC*)CCCOCCCCCNC(CCCO*)=O,Bandgap,5.9069,eV,phase4_adversarial_augmentation,train,randomization,representation_preserving_control,measured_target_from_graph_equivalent_source
poly_3885,C(C*)CCCCOC(=O)C1CCC(CC1)C(=O)O*,Bandgap,6.4846,eV,phase4_adversarial_augmentation,train,randomization,representation_preserving_control,measured_target_from_graph_equivalent_source
poly_2788,*C(=O)C(OCC(O*)C)=O,Bandgap,5.229,eV,phase4_adversarial_augmentation,train,randomization,representation_preserving_control,measured_target_from_graph_equivalent_source
poly_2469,c1c(Cl)ccc(c1)COC(C(C*)(C)*)=O,Bandgap,4.9171,eV,phase4_adversarial_augmentation,train,randomization,representation_preserving_control,measured_target_from_graph_equivalent_source
poly_3698,*OC(=O)CCCCCCCCCCC(=O)*,Bandgap,6.2095,eV,phase4_adversarial_augmentation,train,randomization,representation_preserving_control,measured_target_from_graph_equivalent_source
poly_3455,C1C(C(OC1)*)*,Bandgap,5.9277,eV,phase4_adversarial_augmentation,train,randomization,representation_preserving_control,measured_target_from_graph_equivalent_source
poly_3733,O=C(OCCC*)CCC(C)CC(O*)=O,Bandgap,6.2599,eV,phase4_adversarial_augmentation,train,randomization,representation_preserving_control,measured_target_from_graph_equivalent_source
poly_2635,C(CSC)(CO*)(C*)CSC,Bandgap,5.0864,eV,phase4_adversarial_augmentation,train,randomization,representation_preserving_control,measured_target_from_graph_equivalent_source
poly_982,Oc1c(*)cc(*)cc1C=O,Bandgap,3.2968,eV,phase4_adversarial_augmentation,train,randomization,representation_preserving_control,measured_target_from_graph_equivalent_source
poly_38,O=C(n1sc2ccccc2c1=O)C(*)C*,Bandgap,1.2332,eV,phase4_adversarial_augmentation,train,randomization,representation_preserving_control,measured_target_from_graph_equivalent_source
poly_199,*C#CC#Cc1ccc(cc1)*,Bandgap,2.103,eV,phase4_adversarial_augmentation,train,randomization,representation_preserving_control,measured_target_from_graph_equivalent_source
poly_637,c1cc(cc2C(=O)N(c3ccc(cc3)C(=O)c3cc(ccc3)C(c3ccc(N4C(=O)c5cc(C(*)=O)ccc5C4=O)cc3)=O)C(c12)=O)*,Bandgap,2.8442,eV,phase4_adversarial_augmentation,train,randomization,representation_preserving_control,measured_target_from_graph_equivalent_source
poly_1026,c12C(N(C(=O)c1ccc(c2)*)c1cc(C(c2cccc(N3C(=O)c4c(C3=O)cc(cc4)C(*)=O)c2)=O)ccc1)=O,Bandgap,3.3505,eV,phase4_adversarial_augmentation,train,randomization,representation_preserving_control,measured_target_from_graph_equivalent_source
poly_935,c1c(cc(NC(=O)c2ccncc2)cc1C(*)=O)C(=O)Nc1ccc(cc1)-c1ccc(cc1)N*,Bandgap,3.2276,eV,phase4_adversarial_augmentation,train,randomization,representation_preserving_control,measured_target_from_graph_equivalent_source
poly_2002,c1c(sc(NC(=O)C*)c1)*,Bandgap,4.4733,eV,phase4_adversarial_augmentation,train,randomization,representation_preserving_control,measured_target_from_graph_equivalent_source
poly_3336,O(C(=O)NCCCCCCNC(=O)OCC=CC*)*,Bandgap,5.818,eV,phase4_adversarial_augmentation,train,randomization,representation_preserving_control,measured_target_from_graph_equivalent_source
poly_2746,C(CCCCCCS*)CCCCCCC*,Bandgap,5.1904,eV,phase4_adversarial_augmentation,train,randomization,representation_preserving_control,measured_target_from_graph_equivalent_source
poly_1559,Fc1c(c(c(F)c(F)c1C(=O)c1c(ccc(*)c1)*)F)F,Bandgap,3.9946,eV,phase4_adversarial_augmentation,train,randomization,representation_preserving_control,measured_target_from_graph_equivalent_source
poly_2832,O=C(Oc1ccc(O*)c(c1)C)Oc1ccc(cc1)OC(=O)*,Bandgap,5.2809,eV,phase4_adversarial_augmentation,train,randomization,representation_preserving_control,measured_target_from_graph_equivalent_source
poly_3792,C(C(C(OCC)=O)CC*)(*)C(OCC)=O,Bandgap,6.3468,eV,phase4_adversarial_augmentation,train,randomization,representation_preserving_control,measured_target_from_graph_equivalent_source
poly_3487,C(CCCCCCNC(=O)CC(N*)=O)C*,Bandgap,5.9535,eV,phase4_adversarial_augmentation,train,randomization,representation_preserving_control,measured_target_from_graph_equivalent_source
poly_2633,S(CCCCC(OCCOCC*)=O)CCCCC(O*)=O,Bandgap,5.0861,eV,phase4_adversarial_augmentation,train,randomization,representation_preserving_control,measured_target_from_graph_equivalent_source
poly_3946,C(CCCCCCC*)CCOC(=O)CCC(O*)=O,Bandgap,6.569,eV,phase4_adversarial_augmentation,train,randomization,representation_preserving_control,measured_target_from_graph_equivalent_source
poly_2040,C(c1ccc(cc1)O*)(=O)N*,Bandgap,4.5161,eV,phase4_adversarial_augmentation,train,randomization,representation_preserving_control,measured_target_from_graph_equivalent_source
poly_1323,*n1c(c2cc3c(=O)n(c(c3cc2c1=O)=O)CC(OCCCCCCOC(=O)C*)=O)=O,Bandgap,3.6959,eV,phase4_adversarial_augmentation,train,randomization,representation_preserving_control,measured_target_from_graph_equivalent_source
poly_320,C(=S)(*)OC(c1ccc(*)s1)=S,Bandgap,2.4259,eV,phase4_adversarial_augmentation,train,randomization,representation_preserving_control,measured_target_from_graph_equivalent_source
poly_37,C(=CC#C*)*,Bandgap,1.2297,eV,phase4_adversarial_augmentation,train,randomization,representation_preserving_control,measured_target_from_graph_equivalent_source
poly_1986,c1(*)cc(c(O*)c(c1)Cl)Cl,Bandgap,4.4578,eV,phase4_adversarial_augmentation,train,randomization,representation_preserving_control,measured_target_from_graph_equivalent_source
poly_3272,C(CCCCC*)CCCCOC(=O)NNC(=O)CCCCCCCCC(NNC(O*)=O)=O,Bandgap,5.7644,eV,phase4_adversarial_augmentation,train,randomization,representation_preserving_control,measured_target_from_graph_equivalent_source
poly_3527,C(CC(OCCCCCCCCCCCC*)=O)=CCC(=O)O*,Bandgap,5.9978,eV,phase4_adversarial_augmentation,train,randomization,representation_preserving_control,measured_target_from_graph_equivalent_source
poly_3200,BrCC(CO*)(CBr)C*,Bandgap,5.6999,eV,phase4_adversarial_augmentation,train,randomization,representation_preserving_control,measured_target_from_graph_equivalent_source
poly_1353,c1cc(ccc1C1(*)c2ccccc2C(=O)O1)OC(c1cccc(c1)C(=O)Oc1ccc(*)cc1)=O,Bandgap,3.7309,eV,phase4_adversarial_augmentation,train,randomization,representation_preserving_control,measured_target_from_graph_equivalent_source
poly_4117,C(C(C(F)(C(C(F)(F)F)(F)F)F)CC(OCC(F)(C(F)(C(F)(F)C(F)(C*)F)F)F)=O)C(=O)O*,Bandgap,6.872999999999998,eV,phase4_adversarial_augmentation,train,randomization,representation_preserving_control,measured_target_from_graph_equivalent_source
poly_3459,C(C*)CCCCCCCNC(CCCCCC(=O)N*)=O,Bandgap,5.9333,eV,phase4_adversarial_augmentation,train,randomization,representation_preserving_control,measured_target_from_graph_equivalent_source
poly_896,n1c2cc(ccc2nc(c1)-c1ccc(cc1)Oc1ccc(*)cc1)-c1ccc2c(ncc(n2)*)c1,Bandgap,3.1727,eV,phase4_adversarial_augmentation,train,randomization,representation_preserving_control,measured_target_from_graph_equivalent_source
poly_2897,C(CCC*)NC(CCCCCCCC(NCCCCNC(=O)C(N*)=O)=O)=O,Bandgap,5.3456,eV,phase4_adversarial_augmentation,train,randomization,representation_preserving_control,measured_target_from_graph_equivalent_source
poly_3234,N(*)C(CCCCCCCCCCC(NCCCCCC*)=O)=O,Bandgap,5.7331,eV,phase4_adversarial_augmentation,train,randomization,representation_preserving_control,measured_target_from_graph_equivalent_source
poly_2744,*CNCN*,Bandgap,5.1891,eV,phase4_adversarial_augmentation,train,randomization,representation_preserving_control,measured_target_from_graph_equivalent_source
poly_3376,FC(C(*)(F)F)(N(C(F)(F)F)O*)Br,Bandgap,5.8588,eV,phase4_adversarial_augmentation,train,randomization,representation_preserving_control,measured_target_from_graph_equivalent_source
poly_1988,O(C(=O)OC1COC2C(*)COC12)c1ccc(cc1)OC(c1ccc(OC(O*)=O)cc1)=O,Bandgap,4.4586,eV,phase4_adversarial_augmentation,train,randomization,representation_preserving_control,measured_target_from_graph_equivalent_source
poly_2339,*C(Oc1ccc(cc1)C(c1ccc(O*)cc1)(c1ccccc1)c1ccccc1)=O,Bandgap,4.7943,eV,phase4_adversarial_augmentation,train,randomization,representation_preserving_control,measured_target_from_graph_equivalent_source
poly_993,c1c(ccc(-c2[nH]c3ccc(cc3n2)*)c1)C(=O)Nc1cc(ccc1)NC(=O)*,Bandgap,3.3128,eV,phase4_adversarial_augmentation,train,randomization,representation_preserving_control,measured_target_from_graph_equivalent_source
poly_1095,c1cc2c(c3c(C(=O)N(C)C3=O)c(-c3ccc(Oc4ccc(cc4)S(=O)(c4ccc(cc4)Oc4ccc(*)cc4)=O)cc3)c2cc1)*,Bandgap,3.4309,eV,phase4_adversarial_augmentation,train,randomization,representation_preserving_control,measured_target_from_graph_equivalent_source
poly_1561,c1c(ccc(C(C)(c2ccc(C(=O)Oc3ccc(cc3)Cc3ccc(O*)cc3)cc2)C)c1)C(*)=O,Bandgap,3.9978,eV,phase4_adversarial_augmentation,train,randomization,representation_preserving_control,measured_target_from_graph_equivalent_source
poly_1761,c1c(Oc2c(cc(cc2)C(C)(C)c2cc([N-][N+]#N)c(cc2)*)[N-][N+]#N)ccc(c1)S(c1ccc(O*)cc1[N-][N+]#N)(=O)=O,Bandgap,4.2075,eV,phase4_adversarial_augmentation,train,randomization,representation_preserving_control,measured_target_from_graph_equivalent_source
poly_283,C(C#Cc1cc(c2ccc3ccc(*)c4ccc1c2c34)*)=C,Bandgap,2.3431,eV,phase4_adversarial_augmentation,train,randomization,representation_preserving_control,measured_target_from_graph_equivalent_source
poly_616,c1(-c2cnc3cc4c(cc3n2)nc(cn4)*)ccc(Oc2ccc(*)cc2)cc1,Bandgap,2.8104,eV,phase4_adversarial_augmentation,train,randomization,representation_preserving_control,measured_target_from_graph_equivalent_source
poly_3611,O=C(CC(CCC(=O)OCCOCCOCC*)C)O*,Bandgap,6.0773,eV,phase4_adversarial_augmentation,train,randomization,representation_preserving_control,measured_target_from_graph_equivalent_source
poly_2638,c1cc(ccc1C(c1ccc(cc1)OC(CCCCC(*)=O)=O)(C)C)O*,Bandgap,5.0915,eV,phase4_adversarial_augmentation,train,randomization,representation_preserving_control,measured_target_from_graph_equivalent_source
poly_2247,c1cc(OC(=O)C*)sc1*,Bandgap,4.7036,eV,phase4_adversarial_augmentation,train,randomization,representation_preserving_control,measured_target_from_graph_equivalent_source
poly_4035,O=C(OCCCCCCCC*)CCCCCCC(O*)=O,Bandgap,6.6874,eV,phase4_adversarial_augmentation,train,randomization,representation_preserving_control,measured_target_from_graph_equivalent_source
poly_1306,n1n(ccc1-c1cccc(c1)-c1nn(cc1)*)-c1ccc(*)cc1,Bandgap,3.673,eV,phase4_adversarial_augmentation,train,randomization,representation_preserving_control,measured_target_from_graph_equivalent_source
poly_2252,C(C)CCOC(=O)C(C#N)(C(C#N)(*)C(OCCCC)=O)c1ccc(*)cc1,Bandgap,4.7052,eV,phase4_adversarial_augmentation,train,randomization,representation_preserving_control,measured_target_from_graph_equivalent_source
poly_3786,O(C(CCOCC*)=O)*,Bandgap,6.3366,eV,phase4_adversarial_augmentation,train,randomization,representation_preserving_control,measured_target_from_graph_equivalent_source
poly_458,c1c(N=Nc2ccc(N(*)CC(O)C*)cc2)ccc(Cl)c1,Bandgap,2.5842,eV,phase4_adversarial_augmentation,train,randomization,representation_preserving_control,measured_target_from_graph_equivalent_source
poly_3054,O=C(O*)C(CCCCC)C(OCCOCC*)=O,Bandgap,5.5316,eV,phase4_adversarial_augmentation,train,randomization,representation_preserving_control,measured_target_from_graph_equivalent_source
poly_1828,c1(C(Nc2ccc(*)cc2)=O)cccc(c1)C(Nc1cccc(c1)O*)=O,Bandgap,4.2795,eV,phase4_adversarial_augmentation,train,randomization,representation_preserving_control,measured_target_from_graph_equivalent_source
poly_2135,C(c1ccc(C*)cc1)OC(=O)C(O*)=O,Bandgap,4.5995,eV,phase4_adversarial_augmentation,train,randomization,representation_preserving_control,measured_target_from_graph_equivalent_source
poly_2077,C(=O)(O*)c1ccc(cc1)CC(=O)OCC(C)(C*)C,Bandgap,4.5496,eV,phase4_adversarial_augmentation,train,randomization,representation_preserving_control,measured_target_from_graph_equivalent_source
poly_3299,C(=O)(CC=CCC(=O)OCCCCCC*)O*,Bandgap,5.7875,eV,phase4_adversarial_augmentation,train,randomization,representation_preserving_control,measured_target_from_graph_equivalent_source
poly_657,c12c(Oc3ccc(N4C(=O)c5ccc(cc5C4=O)C(=O)Nc4ccc(cc4)NC(=O)*)cc3)cccc1c(ccc2)N1C(c2cc(ccc2C1=O)*)=O,Bandgap,2.8733,eV,phase4_adversarial_augmentation,train,randomization,representation_preserving_control,measured_target_from_graph_equivalent_source
poly_755,c1(ccc2C(=O)N(C(c2c1)=O)*)Oc1ccc2C(N(C(=O)c2c1)c1ccc(cc1)-c1ccc(cc1)*)=O,Bandgap,2.9797,eV,phase4_adversarial_augmentation,train,randomization,representation_preserving_control,measured_target_from_graph_equivalent_source
poly_513,[N+]([O-])(c1ccc(N=Nc2ccc(cc2)N(CC(O)C*)*)cc1)=O,Bandgap,2.6710000000000003,eV,phase4_adversarial_augmentation,train,randomization,representation_preserving_control,measured_target_from_graph_equivalent_source
poly_366,c1(C(C)(c2ccc(cc2)*)C)ccc(cc1)-n1c(=O)c2c(c1=O)cc1c(=O)n(c(c1c2)=O)*,Bandgap,2.4821,eV,phase4_adversarial_augmentation,train,randomization,representation_preserving_control,measured_target_from_graph_equivalent_source
poly_3323,CC(OCC1OC(C(C(C1O*)OC(=O)C)OC(=O)C)*)=O,Bandgap,5.8073,eV,phase4_adversarial_augmentation,train,randomization,representation_preserving_control,measured_target_from_graph_equivalent_source
poly_52,C(COC)OCCOc1c(sc(c1)*)*,Bandgap,1.3804,eV,phase4_adversarial_augmentation,train,randomization,representation_preserving_control,measured_target_from_graph_equivalent_source
poly_2094,C(SSCCCCCC*)CCCSS*,Bandgap,4.5658,eV,phase4_adversarial_augmentation,train,randomization,representation_preserving_control,measured_target_from_graph_equivalent_source
poly_1362,c12c(n(CCCCCCCCCC*)c(c1cc1c(=O)n(c(=O)c1c2)*)=O)=O,Bandgap,3.7391,eV,phase4_adversarial_augmentation,train,randomization,representation_preserving_control,measured_target_from_graph_equivalent_source
poly_2604,c1c(OP(O*)(Oc2ccccc2)=O)ccc(*)c1,Bandgap,5.0582,eV,phase4_adversarial_augmentation,train,randomization,representation_preserving_control,measured_target_from_graph_equivalent_source
poly_2447,O(*)c1ccc(cc1)C(c1ccc(cc1)OC(*)=O)(C)C,Bandgap,4.9030000000000005,eV,phase4_adversarial_augmentation,train,randomization,representation_preserving_control,measured_target_from_graph_equivalent_source
poly_1618,C(c1ccc(cc1)OC*)=C(c1ccc(cc1)O*)C,Bandgap,4.0556,eV,phase4_adversarial_augmentation,train,randomization,representation_preserving_control,measured_target_from_graph_equivalent_source
poly_44,C(CC)CCCCOc1c(sc(*)c1)*,Bandgap,1.3206,eV,phase4_adversarial_augmentation,train,randomization,representation_preserving_control,measured_target_from_graph_equivalent_source
poly_1263,C(CCN1CCN(CC1)CCC(=O)*)(N1CCN(CC1)*)=O,Bandgap,3.6334,eV,phase4_adversarial_augmentation,train,randomization,representation_preserving_control,measured_target_from_graph_equivalent_source
poly_691,N1(c2ccc(S(=O)(=O)c3ccc(N4C(=O)c5c(C4=O)cc(C(Nc4cccc(c4)NC(=O)*)=O)cc5)cc3)cc2)C(=O)c2cc(*)ccc2C1=O,Bandgap,2.9166,eV,phase4_adversarial_augmentation,train,randomization,representation_preserving_control,measured_target_from_graph_equivalent_source
poly_3780,O=C(CCC(=O)OCCC(C)O*)*,Bandgap,6.3305,eV,phase4_adversarial_augmentation,train,randomization,representation_preserving_control,measured_target_from_graph_equivalent_source
poly_2570,c1c(NC(NCCCCCCNC(*)=O)=O)ccc(c1)O*,Bandgap,5.0159,eV,phase4_adversarial_augmentation,train,randomization,representation_preserving_control,measured_target_from_graph_equivalent_source
poly_2436,c1cc(CO*)ccc1C*,Bandgap,4.8948,eV,phase4_adversarial_augmentation,train,randomization,representation_preserving_control,measured_target_from_graph_equivalent_source
poly_3839,C(C(C*)(CBr)CCl)OC(=O)CCCCC(O*)=O,Bandgap,6.4220000000000015,eV,phase4_adversarial_augmentation,train,randomization,representation_preserving_control,measured_target_from_graph_equivalent_source
poly_2915,O=C(C(NC(C(O*)C)=O)C)*,Bandgap,5.3712,eV,phase4_adversarial_augmentation,train,randomization,representation_preserving_control,measured_target_from_graph_equivalent_source
poly_1182,c1(*)[nH]c2c(n1)cc(cc2)*,Bandgap,3.5433,eV,phase4_adversarial_augmentation,train,randomization,representation_preserving_control,measured_target_from_graph_equivalent_source
poly_3248,O=C(CCCC(NCCCCCCCC*)=O)N*,Bandgap,5.7409,eV,phase4_adversarial_augmentation,train,randomization,representation_preserving_control,measured_target_from_graph_equivalent_source
poly_3784,C1(CCC(COCO*)CC1)C*,Bandgap,6.3338,eV,phase4_adversarial_augmentation,train,randomization,representation_preserving_control,measured_target_from_graph_equivalent_source
poly_476,c1c(C(=O)Nc2ccc(NC(c3cc4nc(-c5ccc(-c6nc7cc(*)ccc7[nH]6)cc5)[nH]c4cc3)=O)cc2)ccc(c1)NC(*)=O,Bandgap,2.6126,eV,phase4_adversarial_augmentation,train,randomization,representation_preserving_control,measured_target_from_graph_equivalent_source
poly_1872,c1(ccc(S(c2ccc(cc2)O*)(=O)=O)cc1)*,Bandgap,4.3214,eV,phase4_adversarial_augmentation,train,randomization,representation_preserving_control,measured_target_from_graph_equivalent_source
poly_3923,O=C(OCCO)C(C)(C*)*,Bandgap,6.5304,eV,phase4_adversarial_augmentation,train,randomization,representation_preserving_control,measured_target_from_graph_equivalent_source
poly_3759,O(CC(CCl)(COC(=O)C)C*)*,Bandgap,6.2977,eV,phase4_adversarial_augmentation,train,randomization,representation_preserving_control,measured_target_from_graph_equivalent_source
poly_1937,c1(Nc2ccc(cc2)C*)ccc(cc1)*,Bandgap,4.4071,eV,phase4_adversarial_augmentation,train,randomization,representation_preserving_control,measured_target_from_graph_equivalent_source
poly_3061,O(*)C1C(*)CCCCC1,Bandgap,5.5416,eV,phase4_adversarial_augmentation,train,randomization,representation_preserving_control,measured_target_from_graph_equivalent_source
poly_475,c1(N*)ccc(C(C*)=S)cc1,Bandgap,2.6121,eV,phase4_adversarial_augmentation,train,randomization,representation_preserving_control,measured_target_from_graph_equivalent_source
poly_275,c1(*)ccc(cc1)C(c1ccc(cc1)N*)=S,Bandgap,2.3252,eV,phase4_adversarial_augmentation,train,randomization,representation_preserving_control,measured_target_from_graph_equivalent_source
poly_3409,C(NCCCCCCNC(=O)C*)(COC(CCCCCCC(=O)O*)=O)=O,Bandgap,5.8774,eV,phase4_adversarial_augmentation,train,randomization,representation_preserving_control,measured_target_from_graph_equivalent_source
poly_694,c1(Br)cc(*)cc(Br)c1Oc1c(Br)cc(cc1Br)N1C(=O)c2c(C1=O)cc(cc2)S(=O)(c1cc2C(=O)N(*)C(c2cc1)=O)=O,Bandgap,2.9195,eV,phase4_adversarial_augmentation,train,randomization,representation_preserving_control,measured_target_from_graph_equivalent_source
poly_1982,c1cc(C(OCCOC(=O)CCCCCC*)=O)ccc1O*,Bandgap,4.4498,eV,phase4_adversarial_augmentation,train,randomization,representation_preserving_control,measured_target_from_graph_equivalent_source
poly_3138,N1(C2CCC(CC3CCC(CC3)*)CC2)C(C2C(C3C4C(C2C=C3)C(=O)N(*)C4=O)C1=O)=O,Bandgap,5.6263,eV,phase4_adversarial_augmentation,train,randomization,representation_preserving_control,measured_target_from_graph_equivalent_source
poly_3702,C(CC=CCC(OCCCCCCCCCCCCCC*)=O)(=O)O*,Bandgap,6.2176,eV,phase4_adversarial_augmentation,train,randomization,representation_preserving_control,measured_target_from_graph_equivalent_source
poly_1948,Cc1c(cccc1)N1C(C2C(CC(C=C*)C2C1=O)*)=O,Bandgap,4.4184,eV,phase4_adversarial_augmentation,train,randomization,representation_preserving_control,measured_target_from_graph_equivalent_source
poly_3239,C1C(C2CCC1CC2)(C*)CO*,Bandgap,5.7352,eV,phase4_adversarial_augmentation,train,randomization,representation_preserving_control,measured_target_from_graph_equivalent_source
poly_4062,C(CCCCC(O*)=O)(=O)OCCCCCCCCCCCC*,Bandgap,6.7363,eV,phase4_adversarial_augmentation,train,randomization,representation_preserving_control,measured_target_from_graph_equivalent_source
poly_2731,C(C*)CCNC(C(OC)C(OC)C(=O)N*)=O,Bandgap,5.1811,eV,phase4_adversarial_augmentation,train,randomization,representation_preserving_control,measured_target_from_graph_equivalent_source
poly_2723,CC(O*)COC(=O)Cc1ccc(cc1)CC(=O)*,Bandgap,5.1711,eV,phase4_adversarial_augmentation,train,randomization,representation_preserving_control,measured_target_from_graph_equivalent_source
poly_2233,C(CNC(c1ccc(cc1)C(=O)N*)=O)C*,Bandgap,4.6883,eV,phase4_adversarial_augmentation,train,randomization,representation_preserving_control,measured_target_from_graph_equivalent_source
poly_3958,C(CCOC(=O)*)COC(=O)OC1CCC(CC1)O*,Bandgap,6.5845,eV,phase4_adversarial_augmentation,train,randomization,representation_preserving_control,measured_target_from_graph_equivalent_source
poly_33,c1c(sc2-c3c(C(=O)c21)cc(s3)*)*,Bandgap,1.1662,eV,phase4_adversarial_augmentation,train,randomization,representation_preserving_control,measured_target_from_graph_equivalent_source
poly_3908,C(OC(O*)=O)C(OC(=O)C)C(C*)OC(C)=O,Bandgap,6.5157,eV,phase4_adversarial_augmentation,train,randomization,representation_preserving_control,measured_target_from_graph_equivalent_source
poly_3153,C1C2CC3(CC1(CCCC)CC(C3)(*)C2)*,Bandgap,5.6409,eV,phase4_adversarial_augmentation,train,randomization,representation_preserving_control,measured_target_from_graph_equivalent_source
poly_1418,*c1cncc(n1)C(NNC(C(=O)NNC(*)=O)=O)=O,Bandgap,3.8132,eV,phase4_adversarial_augmentation,train,randomization,representation_preserving_control,measured_target_from_graph_equivalent_source
poly_2585,C(=O)(*)NCCCCCCNC(=O)C1OC(*)=COC=1,Bandgap,5.0297,eV,phase4_adversarial_augmentation,train,randomization,representation_preserving_control,measured_target_from_graph_equivalent_source
poly_887,c1(cc(*)cc(*)c1O)C=Nc1ccc(S(O)(=O)=O)cc1,Bandgap,3.1631,eV,phase4_adversarial_augmentation,train,randomization,representation_preserving_control,measured_target_from_graph_equivalent_source
poly_3952,C(CCC(=O)O*)CCCCCC*,Bandgap,6.5763,eV,phase4_adversarial_augmentation,train,randomization,representation_preserving_control,measured_target_from_graph_equivalent_source
poly_1913,c1c(C)c(-c2c(C)cc(C(=O)O*)cc2)ccc1C(OCC*)=O,Bandgap,4.3776,eV,phase4_adversarial_augmentation,train,randomization,representation_preserving_control,measured_target_from_graph_equivalent_source
poly_3233,C(CC(=O)*)CCCCCCC(=O)NC1CCC(CC1)CC1CCC(N*)CC1,Bandgap,5.7313,eV,phase4_adversarial_augmentation,train,randomization,representation_preserving_control,measured_target_from_graph_equivalent_source
poly_1351,*c1nnc(n1-c1ccc(cc1)C)-c1ccc(Oc2ccc(cc2)C(C(F)(F)F)(c2ccc(Oc3ccc(cc3)*)cc2)C(F)(F)F)cc1,Bandgap,3.7304,eV,phase4_adversarial_augmentation,train,randomization,representation_preserving_control,measured_target_from_graph_equivalent_source
poly_938,c1c(-c2ccc3nc(cc(c3c2)-c2ccccc2)-c2ccc(*)cc2)cc2c(nc(cc2-c2ccccc2)*)c1,Bandgap,3.236,eV,phase4_adversarial_augmentation,train,randomization,representation_preserving_control,measured_target_from_graph_equivalent_source
poly_1866,O(CCOCC*)CCOC(=O)CSC(=O)Nc1cc(c(cc1)C)NC(=O)SCC(=O)O*,Bandgap,4.3129,eV,phase4_adversarial_augmentation,train,randomization,representation_preserving_control,measured_target_from_graph_equivalent_source
poly_1009,*c1c(cc(c(c1)OCC)N*)OCC,Bandgap,3.3328,eV,phase4_adversarial_augmentation,train,randomization,representation_preserving_control,measured_target_from_graph_equivalent_source
poly_2900,c1ccc(CN(CCC*)C(=O)S*)cc1,Bandgap,5.347,eV,phase4_adversarial_augmentation,train,randomization,representation_preserving_control,measured_target_from_graph_equivalent_source
poly_46,C1Oc2c(OC1)c(*)sc2*,Bandgap,1.338,eV,phase4_adversarial_augmentation,train,randomization,representation_preserving_control,measured_target_from_graph_equivalent_source
poly_4067,*CCCCCCCCCCCCCCCC(=O)O*,Bandgap,6.7472,eV,phase4_adversarial_augmentation,train,randomization,representation_preserving_control,measured_target_from_graph_equivalent_source
poly_3378,C(CCCCCCCC*)Cc1n(N)c(nn1)*,Bandgap,5.8601,eV,phase4_adversarial_augmentation,train,randomization,representation_preserving_control,measured_target_from_graph_equivalent_source
poly_2276,*C(c1cc(C)cc(c1)C)C*,Bandgap,4.7319,eV,phase4_adversarial_augmentation,train,randomization,representation_preserving_control,measured_target_from_graph_equivalent_source
poly_3416,c1(oc(C2CC3(C2)CC(*)C3)nn1)*,Bandgap,5.8846,eV,phase4_adversarial_augmentation,train,randomization,representation_preserving_control,measured_target_from_graph_equivalent_source
poly_2501,C(Cc1c(c(C)c(c(C)c1C)*)C)*,Bandgap,4.9425,eV,phase4_adversarial_augmentation,train,randomization,representation_preserving_control,measured_target_from_graph_equivalent_source
poly_801,c12c(nc(*)c(n1)-c1ccccc1)ccc(c2)-c1ccc2nc(c(nc2c1)-c1ccccc1)-c1ccc(cc1)*,Bandgap,3.0402,eV,phase4_adversarial_augmentation,train,randomization,representation_preserving_control,measured_target_from_graph_equivalent_source
poly_2912,ClC(CC*)=C(*)Cl,Bandgap,5.3651,eV,phase4_adversarial_augmentation,train,randomization,representation_preserving_control,measured_target_from_graph_equivalent_source
poly_1490,*c1ccc(Sc2cc(Sc3ccc(cc3)S(*)=O)ccc2)cc1,Bandgap,3.9082,eV,phase4_adversarial_augmentation,train,randomization,representation_preserving_control,measured_target_from_graph_equivalent_source
poly_4071,C(CCCC*)CCCCCOC(=O)CCCCCCCCC(=O)O*,Bandgap,6.7518,eV,phase4_adversarial_augmentation,train,randomization,representation_preserving_control,measured_target_from_graph_equivalent_source
poly_1340,O(c1ccc(cc1)C=Cc1ccc(*)cc1)c1ccc(cc1)S(=O)(=O)c1ccc(cc1)O*,Bandgap,3.7154,eV,phase4_adversarial_augmentation,train,randomization,representation_preserving_control,measured_target_from_graph_equivalent_source
poly_6,c1cc(ccc1C(*)=C*)N,Bandgap,0.2334,eV,phase4_adversarial_augmentation,train,randomization,representation_preserving_control,measured_target_from_graph_equivalent_source
poly_632,C(CCOc1c(sc(*)c1C)*)CCCC,Bandgap,2.8389,eV,phase4_adversarial_augmentation,train,randomization,representation_preserving_control,measured_target_from_graph_equivalent_source
poly_3818,C1(CCC(CC1)O*)NC(*)=O,Bandgap,6.3762,eV,phase4_adversarial_augmentation,train,randomization,representation_preserving_control,measured_target_from_graph_equivalent_source
poly_470,C1(=O)c2c(C(=O)N1c1ccc(Oc3ccc(S(=O)(c4ccc(Oc5ccc(N6C(c7cc(*)ccc7C6=O)=O)cc5)cc4)=O)cc3)cc1)ccc(c2)C(=O)*,Bandgap,2.5975,eV,phase4_adversarial_augmentation,train,randomization,representation_preserving_control,measured_target_from_graph_equivalent_source
poly_1912,c1(C(=O)OCCOCCOCCOCCOCCOCC*)cccc(C(O*)=O)c1,Bandgap,4.3767,eV,phase4_adversarial_augmentation,train,randomization,representation_preserving_control,measured_target_from_graph_equivalent_source
poly_4012,*C1CC(C2C3CC(C12)CC3CC)CC*,Bandgap,6.6591,eV,phase4_adversarial_augmentation,train,randomization,representation_preserving_control,measured_target_from_graph_equivalent_source
poly_3092,CC(C(=O)NC(C(NCC(=O)*)=O)C)N*,Bandgap,5.5704,eV,phase4_adversarial_augmentation,train,randomization,representation_preserving_control,measured_target_from_graph_equivalent_source
poly_999,c1c(-c2cc3c(cc2)C(=O)N(*)C3=O)cc2C(=O)N(C(=O)c2c1)c1ccc(cn1)*,Bandgap,3.3218,eV,phase4_adversarial_augmentation,train,randomization,representation_preserving_control,measured_target_from_graph_equivalent_source
poly_1169,c12c(c(n(C(C#N)=C(C#N)*)c1=O)=O)cc1c(=O)n(*)c(c1c2)=O,Bandgap,3.5209,eV,phase4_adversarial_augmentation,train,randomization,representation_preserving_control,measured_target_from_graph_equivalent_source
poly_4186,*CCCC(C#N)*,Bandgap,7.8416,eV,phase4_adversarial_augmentation,train,randomization,representation_preserving_control,measured_target_from_graph_equivalent_source
poly_712,C(CCCCCCCC)CCCCCCCc1cc([nH]c1*)*,Bandgap,2.9385,eV,phase4_adversarial_augmentation,train,randomization,representation_preserving_control,measured_target_from_graph_equivalent_source
poly_1812,*Oc1sc(cc1)OC(=O)*,Bandgap,4.2683,eV,phase4_adversarial_augmentation,train,randomization,representation_preserving_control,measured_target_from_graph_equivalent_source
poly_2940,C(C(=O)*)(C)(C)C(c1ccco1)O*,Bandgap,5.3981,eV,phase4_adversarial_augmentation,train,randomization,representation_preserving_control,measured_target_from_graph_equivalent_source
poly_3593,O=C(NC(=O)OCCCCC*)C1CC1C(NC(O*)=O)=O,Bandgap,6.0591,eV,phase4_adversarial_augmentation,train,randomization,representation_preserving_control,measured_target_from_graph_equivalent_source
poly_1897,COc1ccc(C(OC(*)C*)=O)cc1,Bandgap,4.3587,eV,phase4_adversarial_augmentation,train,randomization,representation_preserving_control,measured_target_from_graph_equivalent_source
poly_1290,c1cc(C(=O)Oc2cc(C3CCCCCCC3)c(cc2)O*)ccc1C(*)=O,Bandgap,3.657,eV,phase4_adversarial_augmentation,train,randomization,representation_preserving_control,measured_target_from_graph_equivalent_source
poly_4118,C(CC*)([2H])C(*)(C)[2H],Bandgap,6.8858,eV,phase4_adversarial_augmentation,train,randomization,representation_preserving_control,measured_target_from_graph_equivalent_source
poly_3127,C(CCCCCNC(C(C(C(=O)N*)OC)OC)=O)CCCCCC*,Bandgap,5.6105,eV,phase4_adversarial_augmentation,train,randomization,representation_preserving_control,measured_target_from_graph_equivalent_source
poly_1017,c1c(cc(cc1OC(=O)c1c(F)c(C(=O)*)ccc1)O*)CCCCCCCCC,Bandgap,3.343,eV,phase4_adversarial_augmentation,train,randomization,representation_preserving_control,measured_target_from_graph_equivalent_source
poly_341,c1(sc(cc1)C(*)=S)-c1ccc(cc1)N*,Bandgap,2.4469,eV,phase4_adversarial_augmentation,train,randomization,representation_preserving_control,measured_target_from_graph_equivalent_source
poly_3009,O=C(O*)CCCCC(OCc1ccc(cc1)C*)=O,Bandgap,5.4786,eV,phase4_adversarial_augmentation,train,randomization,representation_preserving_control,measured_target_from_graph_equivalent_source
poly_3619,*CCCCCCCCO*,Bandgap,6.0919,eV,phase4_adversarial_augmentation,train,randomization,representation_preserving_control,measured_target_from_graph_equivalent_source
poly_1584,c12c(cc(-c3cc4sc(nc4cc3)CCCCCCCC*)cc1)sc(*)n2,Bandgap,4.018,eV,phase4_adversarial_augmentation,train,randomization,representation_preserving_control,measured_target_from_graph_equivalent_source
poly_3572,C(CCOC(=O)C(C*)*)(C)OC,Bandgap,6.0444,eV,phase4_adversarial_augmentation,train,randomization,representation_preserving_control,measured_target_from_graph_equivalent_source
poly_1525,c1c(ccc(c1)C(=O)C*)-c1ccc(cc1)*,Bandgap,3.9498,eV,phase4_adversarial_augmentation,train,randomization,representation_preserving_control,measured_target_from_graph_equivalent_source
poly_281,c1cc(*)ccc1-c1ccc(cc1)-c1sc(C(=S)*)cc1,Bandgap,2.3377,eV,phase4_adversarial_augmentation,train,randomization,representation_preserving_control,measured_target_from_graph_equivalent_source
poly_1785,c1c(ccnc1*)C(NCCCCCCCCCCNC(*)=O)=O,Bandgap,4.2437,eV,phase4_adversarial_augmentation,train,randomization,representation_preserving_control,measured_target_from_graph_equivalent_source
poly_2484,c1cc(ccc1CNC(C)=N*)C*,Bandgap,4.9307,eV,phase4_adversarial_augmentation,train,randomization,representation_preserving_control,measured_target_from_graph_equivalent_source
poly_2096,C1(C2C(C(*)C1)C(N(C2=O)c1cccc(c1)C)=O)C=C*,Bandgap,4.5667,eV,phase4_adversarial_augmentation,train,randomization,representation_preserving_control,measured_target_from_graph_equivalent_source
poly_35,c1(c2c(OCCO2)c(-c2sc3-c4sc(cc4C(=O)c3c2)*)s1)-c1c2c(OCCO2)c(*)s1,Bandgap,1.2082,eV,phase4_adversarial_augmentation,train,randomization,representation_preserving_control,measured_target_from_graph_equivalent_source
poly_4123,O1C(*)C(COC(=O)OC*)OC1OCC,Bandgap,6.9052,eV,phase4_adversarial_augmentation,train,randomization,representation_preserving_control,measured_target_from_graph_equivalent_source
poly_342,s1c(cc(c1*)CC(O)=O)*,Bandgap,2.4489,eV,phase4_adversarial_augmentation,train,randomization,representation_preserving_control,measured_target_from_graph_equivalent_source
poly_969,c1(ccc(o1)*)Sc1ccc(C=Nc2ccc(S(=O)(=O)c3ccc(cc3)N=C*)cc2)o1,Bandgap,3.2744,eV,phase4_adversarial_augmentation,train,randomization,representation_preserving_control,measured_target_from_graph_equivalent_source
poly_3967,C(*)CCCCCOC(NCC(F)(F)C(F)(F)C(F)(C(F)(CNC(O*)=O)F)F)=O,Bandgap,6.5962,eV,phase4_adversarial_augmentation,train,randomization,representation_preserving_control,measured_target_from_graph_equivalent_source
poly_2268,*C(=O)Oc1ccc(cc1)C(C1CC2CCC1C2)c1ccc(cc1)O*,Bandgap,4.7159,eV,phase4_adversarial_augmentation,train,randomization,representation_preserving_control,measured_target_from_graph_equivalent_source
poly_761,c1cc(C(c2ccc(s2)*)=O)ccc1N*,Bandgap,2.987,eV,phase4_adversarial_augmentation,train,randomization,representation_preserving_control,measured_target_from_graph_equivalent_source
poly_3581,O=C(*)C(CC)C(=O)OCCOCCO*,Bandgap,6.0479,eV,phase4_adversarial_augmentation,train,randomization,representation_preserving_control,measured_target_from_graph_equivalent_source
poly_225,c1c(N2C(c3c(C2=O)cc(C(*)=O)cc3)=O)cnc(Sc2ccc(cn2)N2C(c3cc(ccc3C2=O)*)=O)c1,Bandgap,2.1786,eV,phase4_adversarial_augmentation,train,randomization,representation_preserving_control,measured_target_from_graph_equivalent_source
poly_1883,c1(c(*)coc1)COC(=O)Nc1ccc(Cc2ccc(NC(OC*)=O)cc2)cc1,Bandgap,4.342,eV,phase4_adversarial_augmentation,train,randomization,representation_preserving_control,measured_target_from_graph_equivalent_source
poly_455,c12cc3c(cc1c(=O)n(-c1c(cc(cc1)-c1ccc(*)c(c1)OC)OC)c2=O)c(n(*)c3=O)=O,Bandgap,2.5805,eV,phase4_adversarial_augmentation,train,randomization,representation_preserving_control,measured_target_from_graph_equivalent_source
poly_1502,*Oc1ccc(cc1)C(=O)Nc1ccc(cc1)SCCC(*)=O,Bandgap,3.9231,eV,phase4_adversarial_augmentation,train,randomization,representation_preserving_control,measured_target_from_graph_equivalent_source
poly_1543,*Oc1ccc(-c2ccc(Oc3nc(*)ccc3)cc2)cc1,Bandgap,3.9729,eV,phase4_adversarial_augmentation,train,randomization,representation_preserving_control,measured_target_from_graph_equivalent_source
poly_3182,C1CC(C*)CCC1CNC(CCCCCCCCC(N*)=O)=O,Bandgap,5.67,eV,phase4_adversarial_augmentation,train,randomization,representation_preserving_control,measured_target_from_graph_equivalent_source
poly_218,N(=Nc1c(C)cc(-c2ccc(*)c(C)c2)cc1)*,Bandgap,2.1576,eV,phase4_adversarial_augmentation,train,randomization,representation_preserving_control,measured_target_from_graph_equivalent_source
poly_1342,c1cc(-c2csc(CCCC*)n2)ccc1-c1csc(n1)*,Bandgap,3.7161,eV,phase4_adversarial_augmentation,train,randomization,representation_preserving_control,measured_target_from_graph_equivalent_source
poly_599,O=C1c2cc(*)ccc2C(N1c1ccc(cc1)Cc1ccc(cc1)N1C(c2c(cc(C(=O)*)cc2)C1=O)=O)=O,Bandgap,2.7913,eV,phase4_adversarial_augmentation,train,randomization,representation_preserving_control,measured_target_from_graph_equivalent_source
poly_2254,C1(CC(*)C=C1)S(=O)(*)=O,Bandgap,4.7063,eV,phase4_adversarial_augmentation,train,randomization,representation_preserving_control,measured_target_from_graph_equivalent_source
poly_3024,C(C(NCc1ccc(cc1)CNC(CCCCO*)=O)=O)CCC*,Bandgap,5.5008,eV,phase4_adversarial_augmentation,train,randomization,representation_preserving_control,measured_target_from_graph_equivalent_source
poly_3126,N(*)(C(=O)C(C(F)(F)F)(F)F)CC*,Bandgap,5.6095,eV,phase4_adversarial_augmentation,train,randomization,representation_preserving_control,measured_target_from_graph_equivalent_source
poly_906,c1cc(N2C(=O)c3c(C2=O)cc(cc3)*)ccc1C(OCCCCCCCCCCCCOC(=O)*)=O,Bandgap,3.1825,eV,phase4_adversarial_augmentation,train,randomization,representation_preserving_control,measured_target_from_graph_equivalent_source
poly_9,c1c(sc2c1C(=C(C#N)C#N)c1cc(sc1-2)*)*,Bandgap,0.7226,eV,phase4_adversarial_augmentation,train,randomization,representation_preserving_control,measured_target_from_graph_equivalent_source
poly_3125,C(N1CCN(*)CC1)(COCC(*)=O)=O,Bandgap,5.6093,eV,phase4_adversarial_augmentation,train,randomization,representation_preserving_control,measured_target_from_graph_equivalent_source
poly_989,s1c(*)nc2c1cc(-c1ccc3c(sc(n3)-c3cccc(c3)*)c1)cc2,Bandgap,3.3054,eV,phase4_adversarial_augmentation,train,randomization,representation_preserving_control,measured_target_from_graph_equivalent_source
poly_1288,c1cc(O*)c(cc1Oc1ccc(cc1)C(c1ccc(*)cc1)=O)CBr,Bandgap,3.654,eV,phase4_adversarial_augmentation,train,randomization,representation_preserving_control,measured_target_from_graph_equivalent_source
poly_3266,C(CC(N*)=O)CCCCCCCCCCCCCCC(=O)NCCCCC*,Bandgap,5.7624,eV,phase4_adversarial_augmentation,train,randomization,representation_preserving_control,measured_target_from_graph_equivalent_source
poly_2792,C(CCC*)CCCCCCCSCCCCCCS*,Bandgap,5.2308,eV,phase4_adversarial_augmentation,train,randomization,representation_preserving_control,measured_target_from_graph_equivalent_source
poly_34,*C1=CC2=CC(=NC2=N1)*,Bandgap,1.1879,eV,phase4_adversarial_augmentation,train,randomization,representation_preserving_control,measured_target_from_graph_equivalent_source
poly_2336,O=C(CCCCC(NCCC*)=O)NCCCN(C)*,Bandgap,4.7916,eV,phase4_adversarial_augmentation,train,randomization,representation_preserving_control,measured_target_from_graph_equivalent_source
poly_562,c1(C(=O)Oc2ccc(-c3ccc(cc3)OC(*)=O)cc2)cc2c(cc1)C(N(c1ccc(Oc3ccc(N4C(=O)c5ccc(cc5C4=O)*)cc3)cc1)C2=O)=O,Bandgap,2.736,eV,phase4_adversarial_augmentation,train,randomization,representation_preserving_control,measured_target_from_graph_equivalent_source
poly_2178,O=C(c1ccc(cc1)C(*)=O)OC1C(C(C1(C)C)O*)(C)C,Bandgap,4.6397,eV,phase4_adversarial_augmentation,train,randomization,representation_preserving_control,measured_target_from_graph_equivalent_source
poly_2420,*CC(C=C)O*,Bandgap,4.878,eV,phase4_adversarial_augmentation,train,randomization,representation_preserving_control,measured_target_from_graph_equivalent_source
poly_1911,c12[nH]c(*)nc2cc(-c2cc3nc(CCC*)[nH]c3cc2)cc1,Bandgap,4.3737,eV,phase4_adversarial_augmentation,train,randomization,representation_preserving_control,measured_target_from_graph_equivalent_source
poly_2964,N(ONC*)*,Bandgap,5.422999999999999,eV,phase4_adversarial_augmentation,train,randomization,representation_preserving_control,measured_target_from_graph_equivalent_source
poly_4011,C(CCCCCOC(=O)O*)CCOC(OC1C2OCC(C2OC1)*)=O,Bandgap,6.6545,eV,phase4_adversarial_augmentation,train,randomization,representation_preserving_control,measured_target_from_graph_equivalent_source
poly_1704,C(CCC)COc1cc(C(=O)Oc2cccc(O*)c2)cc(c1)C(*)=O,Bandgap,4.154,eV,phase4_adversarial_augmentation,train,randomization,representation_preserving_control,measured_target_from_graph_equivalent_source
poly_1879,*c1ccc(C(C)(C)c2ccc(Oc3ccc(-c4ccc(cc4)O*)cc3)cc2)cc1,Bandgap,4.3326,eV,phase4_adversarial_augmentation,train,randomization,representation_preserving_control,measured_target_from_graph_equivalent_source
poly_2572,C(C(N*)=O)=CCCC=CC(NCCCCCCCCCC*)=O,Bandgap,5.017,eV,phase4_adversarial_augmentation,train,randomization,representation_preserving_control,measured_target_from_graph_equivalent_source
poly_1678,c12cccc(OC(=O)Oc3cccc(c3)OC(=O)*)c2cccc1O*,Bandgap,4.1279,eV,phase4_adversarial_augmentation,train,randomization,representation_preserving_control,measured_target_from_graph_equivalent_source
poly_289,C(CCC)Cc1c(*)sc(c1)*,Bandgap,2.3523,eV,phase4_adversarial_augmentation,train,randomization,representation_preserving_control,measured_target_from_graph_equivalent_source
poly_2299,c1(ccc(ONC*)cc1)*,Bandgap,4.7514,eV,phase4_adversarial_augmentation,train,randomization,representation_preserving_control,measured_target_from_graph_equivalent_source
poly_2921,C(=O)(CCCCCCCCC(*)=O)NNC(CCCCC(=O)NN*)=O,Bandgap,5.3783,eV,phase4_adversarial_augmentation,train,randomization,representation_preserving_control,measured_target_from_graph_equivalent_source
poly_2445,c1cc(ccc1CC(NC(=O)CCCCC(*)=O)(C)C)N*,Bandgap,4.9015,eV,phase4_adversarial_augmentation,train,randomization,representation_preserving_control,measured_target_from_graph_equivalent_source
poly_2000,C(CC*)Cc1[nH]c2c(cc3c(c2)[nH]c(*)n3)n1,Bandgap,4.4728,eV,phase4_adversarial_augmentation,train,randomization,representation_preserving_control,measured_target_from_graph_equivalent_source
poly_2425,C(*)CN(*)C(c1cc(c(cc1)F)F)=O,Bandgap,4.8837,eV,phase4_adversarial_augmentation,train,randomization,representation_preserving_control,measured_target_from_graph_equivalent_source
poly_1463,c1c(O*)ccc(C(C)(c2ccc(OC(c3ccc(cc3)Cc3ccc(C(*)=O)cc3)=O)cc2)C)c1,Bandgap,3.8707,eV,phase4_adversarial_augmentation,train,randomization,representation_preserving_control,measured_target_from_graph_equivalent_source
poly_74,[2H]c1c(*)sc(c1[2H])*,Bandgap,1.5424,eV,phase4_adversarial_augmentation,train,randomization,representation_preserving_control,measured_target_from_graph_equivalent_source
poly_1639,c1c(ccc(c1)NC(=O)C=C(c1c(OC)ccc(c1)C)CC(=O)*)N*,Bandgap,4.0823,eV,phase4_adversarial_augmentation,train,randomization,representation_preserving_control,measured_target_from_graph_equivalent_source
poly_1582,c1(ccc(C*)cc1)C(c1ccc(*)s1)=O,Bandgap,4.0155,eV,phase4_adversarial_augmentation,train,randomization,representation_preserving_control,measured_target_from_graph_equivalent_source
poly_60,c1(CCCCCCCCCC)c(sc(-c2cc(CCCCCCCCCC)c(*)s2)c1)*,Bandgap,1.4512,eV,phase4_adversarial_augmentation,train,randomization,representation_preserving_control,measured_target_from_graph_equivalent_source
poly_3457,C(CCCC*)(CC(N*)=O)C,Bandgap,5.9298,eV,phase4_adversarial_augmentation,train,randomization,representation_preserving_control,measured_target_from_graph_equivalent_source
poly_2930,FC(F)(COCC(C)(CO*)C*)F,Bandgap,5.3886,eV,phase4_adversarial_augmentation,train,randomization,representation_preserving_control,measured_target_from_graph_equivalent_source
poly_437,*c1sc(*)c2c1nc(c(n2)CC)CC,Bandgap,2.5623,eV,phase4_adversarial_augmentation,train,randomization,representation_preserving_control,measured_target_from_graph_equivalent_source
poly_3228,*COC1c2ccccc2C(*)OC1,Bandgap,5.7277,eV,phase4_adversarial_augmentation,train,randomization,representation_preserving_control,measured_target_from_graph_equivalent_source
poly_633,c12cc3c(cc2c(=O)n(c1=O)*)c(=O)n(-c1ccc(cc1)*)c3=O,Bandgap,2.8396,eV,phase4_adversarial_augmentation,train,randomization,representation_preserving_control,measured_target_from_graph_equivalent_source
poly_3325,*NC1C(CCC1)C(*)=O,Bandgap,5.8081,eV,phase4_adversarial_augmentation,train,randomization,representation_preserving_control,measured_target_from_graph_equivalent_source
poly_3217,C(*)(NC1C(C1)NC(N1CCN(CC1)*)=O)=O,Bandgap,5.7153,eV,phase4_adversarial_augmentation,train,randomization,representation_preserving_control,measured_target_from_graph_equivalent_source
poly_889,c1cc(-c2sc(-c3sc(*)cc3)cc2)ccc1C*,Bandgap,3.1679,eV,phase4_adversarial_augmentation,train,randomization,representation_preserving_control,measured_target_from_graph_equivalent_source
poly_794,C(c1cc(cc(*)c1O)*)=Nc1ccc(Cl)cc1,Bandgap,3.0338,eV,phase4_adversarial_augmentation,train,randomization,representation_preserving_control,measured_target_from_graph_equivalent_source
poly_2440,C(CS*)CCC*,Bandgap,4.8974,eV,phase4_adversarial_augmentation,train,randomization,representation_preserving_control,measured_target_from_graph_equivalent_source
poly_2642,C(CCOC(=O)C(C*)*)CCCSCC#N,Bandgap,5.0954,eV,phase4_adversarial_augmentation,train,randomization,representation_preserving_control,measured_target_from_graph_equivalent_source
poly_1061,COc1cc(cc(C=Nc2ccc(C)cc2)c1*)*,Bandgap,3.394,eV,phase4_adversarial_augmentation,train,randomization,representation_preserving_control,measured_target_from_graph_equivalent_source
poly_1966,*CCC(c1ccc(*)cc1)=O,Bandgap,4.4327,eV,phase4_adversarial_augmentation,train,randomization,representation_preserving_control,measured_target_from_graph_equivalent_source
poly_2777,C1C(C(*)CCC1C(C*)=O)=O,Bandgap,5.2209,eV,phase4_adversarial_augmentation,train,randomization,representation_preserving_control,measured_target_from_graph_equivalent_source
poly_2532,c1c(N2C(=O)C(C(OC(=O)C)C*)C(*)(C2=O)Cl)cccc1,Bandgap,4.9786,eV,phase4_adversarial_augmentation,train,randomization,representation_preserving_control,measured_target_from_graph_equivalent_source
poly_3062,c1cccc(c1)CC(C(OC1COC2C1OCC2*)=O)NC(=O)CCCCCCCCCCC(NC(C(O*)=O)Cc1ccccc1)=O,Bandgap,5.5417,eV,phase4_adversarial_augmentation,train,randomization,representation_preserving_control,measured_target_from_graph_equivalent_source
poly_940,O=C1N(c2cc(C(=O)*)cc(C(=O)Nc3ccc(cc3)Cc3ccc(cc3)N*)c2)C(C2C1C1CC2CC1)=O,Bandgap,3.2426,eV,phase4_adversarial_augmentation,train,randomization,representation_preserving_control,measured_target_from_graph_equivalent_source
poly_217,C(=S)(S*)*,Bandgap,2.1529,eV,phase4_adversarial_augmentation,train,randomization,representation_preserving_control,measured_target_from_graph_equivalent_source
poly_4175,FC(F)(C(O*)(CC*)C(F)(F)F)F,Bandgap,7.3424,eV,phase4_adversarial_augmentation,train,randomization,representation_preserving_control,measured_target_from_graph_equivalent_source
poly_2802,C(C(=O)N*)CCCCCCCCCC(=O)NCc1ccc(cc1)C*,Bandgap,5.2391,eV,phase4_adversarial_augmentation,train,randomization,representation_preserving_control,measured_target_from_graph_equivalent_source
poly_1149,c1(c(N*)ccc(c1)*)O,Bandgap,3.4981,eV,phase4_adversarial_augmentation,train,randomization,representation_preserving_control,measured_target_from_graph_equivalent_source
poly_812,c1cc(ncc1N1C(=O)c2c(C1=O)cc(C(*)=O)cc2)N1C(=O)c2cc(*)ccc2C1=O,Bandgap,3.0618,eV,phase4_adversarial_augmentation,train,randomization,representation_preserving_control,measured_target_from_graph_equivalent_source
poly_706,c1cc(ccc1OCCCCCCCCCCC*)C=CC=Cc1ccc(cc1)O*,Bandgap,2.9306,eV,phase4_adversarial_augmentation,train,randomization,representation_preserving_control,measured_target_from_graph_equivalent_source
poly_111,C(#Cc1sc(c2OCCOc12)-c1sc(c2OCCOc12)*)*,Bandgap,1.714,eV,phase4_adversarial_augmentation,train,randomization,representation_preserving_control,measured_target_from_graph_equivalent_source
poly_1869,c1(sc2c(cc3c(nc(*)s3)c2)n1)CCCCC*,Bandgap,4.3183,eV,phase4_adversarial_augmentation,train,randomization,representation_preserving_control,measured_target_from_graph_equivalent_source
poly_3056,*CCCCCCCCCNC(CCCCCCCCC(=O)N*)=O,Bandgap,5.5339,eV,phase4_adversarial_augmentation,train,randomization,representation_preserving_control,measured_target_from_graph_equivalent_source
poly_3758,C(C(C(COC(C(F)(F)F)(F)C(F)(F)F)O*)*)OC(C(F)(F)F)(C(F)(F)F)F,Bandgap,6.2936,eV,phase4_adversarial_augmentation,train,randomization,representation_preserving_control,measured_target_from_graph_equivalent_source
poly_2972,*CC(CC=C*)c1ccccc1,Bandgap,5.4294,eV,phase4_adversarial_augmentation,train,randomization,representation_preserving_control,measured_target_from_graph_equivalent_source
poly_856,c1cc(cc2ccc(c(-c3c4c(ccc3O)cc(*)cc4)c21)O)C#Cc1c(OCCCCCC)cc(c(OCCCCCC)c1)C#C*,Bandgap,3.1184,eV,phase4_adversarial_augmentation,train,randomization,representation_preserving_control,measured_target_from_graph_equivalent_source
poly_1884,O=C(Oc1ccc(C2(C3CCC(C2)C3)c2cc(Cl)c(cc2)O*)cc1Cl)*,Bandgap,4.342,eV,phase4_adversarial_augmentation,train,randomization,representation_preserving_control,measured_target_from_graph_equivalent_source
poly_3714,*C1C(C(F)C(CC1C(F)F)(N*)F)(F)F,Bandgap,6.2329,eV,phase4_adversarial_augmentation,train,randomization,representation_preserving_control,measured_target_from_graph_equivalent_source
poly_294,*c1ccc(cc1)-c1sc(cc1)-c1ccc(cc1)C(*)=S,Bandgap,2.359,eV,phase4_adversarial_augmentation,train,randomization,representation_preserving_control,measured_target_from_graph_equivalent_source
poly_814,C(c1cc2ccc(C(Nc3ccc(cc3)*)=C(C#N)C#N)cc2cc1)(=C(C#N)C#N)Nc1ccc(O*)cc1,Bandgap,3.062,eV,phase4_adversarial_augmentation,train,randomization,representation_preserving_control,measured_target_from_graph_equivalent_source
poly_726,*C(c1ccc(C#Cc2ccc(N*)cc2)cc1)=O,Bandgap,2.9535,eV,phase4_adversarial_augmentation,train,randomization,representation_preserving_control,measured_target_from_graph_equivalent_source
poly_440,C(N(*)c1ccc(N=Nc2ccc(C(=O)O)cc2)cc1)C(C*)O,Bandgap,2.5695,eV,phase4_adversarial_augmentation,train,randomization,representation_preserving_control,measured_target_from_graph_equivalent_source
poly_2234,c1(C(C)(CCC#N)c2cc(c(OC(*)=O)cc2)C)ccc(c(C)c1)O*,Bandgap,4.6886,eV,phase4_adversarial_augmentation,train,randomization,representation_preserving_control,measured_target_from_graph_equivalent_source
poly_3484,N1(C(=O)CC(CC*)C1=O)*,Bandgap,5.9499,eV,phase4_adversarial_augmentation,train,randomization,representation_preserving_control,measured_target_from_graph_equivalent_source
poly_3198,C(CCCCCCCCCC(=O)N*)CCC(=O)NCCCCCCCCCC*,Bandgap,5.6985,eV,phase4_adversarial_augmentation,train,randomization,representation_preserving_control,measured_target_from_graph_equivalent_source
poly_4150,*C1(F)C(F)(C(C(*)(F)F)(F)C(F)(F)C(F)(F)C(F)(F)C1(F)F)F,Bandgap,7.0703,eV,phase4_adversarial_augmentation,train,randomization,representation_preserving_control,measured_target_from_graph_equivalent_source
poly_1941,c1(*)ccc(cc1)NC(OCCOC(=O)Nc1ccc(cc1)O*)=O,Bandgap,4.4102,eV,phase4_adversarial_augmentation,train,randomization,representation_preserving_control,measured_target_from_graph_equivalent_source
poly_1205,*C(c1ccc(s1)Oc1ccc(s1)*)=O,Bandgap,3.5651,eV,phase4_adversarial_augmentation,train,randomization,representation_preserving_control,measured_target_from_graph_equivalent_source
poly_190,c1c(N=Cc2oc(cc2)-c2ccc(o2)*)ccc(c1)N=C*,Bandgap,2.0682,eV,phase4_adversarial_augmentation,train,randomization,representation_preserving_control,measured_target_from_graph_equivalent_source
poly_1521,c1(*)ccc2c(c1)c1cc(ccc1n2C(=O)OCC)*,Bandgap,3.9429,eV,phase4_adversarial_augmentation,train,randomization,representation_preserving_control,measured_target_from_graph_equivalent_source
poly_973,c1(N*)ccc(cc1)C(c1ccc(*)cc1)=O,Bandgap,3.2765,eV,phase4_adversarial_augmentation,train,randomization,representation_preserving_control,measured_target_from_graph_equivalent_source
poly_1881,c1(NC(*)=O)ccc(Cc2ccc(cc2)NC(=O)Nc2cc(C)c(O*)cc2)cc1,Bandgap,4.3385,eV,phase4_adversarial_augmentation,train,randomization,representation_preserving_control,measured_target_from_graph_equivalent_source
poly_1042,c1cc(*)ccc1-c1ccc2[nH]c(-c3nc4c(ccc(c4)*)[nH]3)nc2c1,Bandgap,3.3642,eV,phase4_adversarial_augmentation,train,randomization,representation_preserving_control,measured_target_from_graph_equivalent_source
poly_715,c1c(ccc(c1)C1(c2ccc(NC(*)=O)cc2)CCC(CC1)CC)N1C(c2c(C1=O)cc(*)cc2)=O,Bandgap,2.9391,eV,phase4_adversarial_augmentation,train,randomization,representation_preserving_control,measured_target_from_graph_equivalent_source
poly_1892,c1cc(O*)ccc1C(c1ccc(cc1)OC(*)=O)=C(Cl)Cl,Bandgap,4.3471,eV,phase4_adversarial_augmentation,train,randomization,representation_preserving_control,measured_target_from_graph_equivalent_source
poly_1776,O(*)c1c(C(CCC)C)cc(*)cc1C,Bandgap,4.2294,eV,phase4_adversarial_augmentation,train,randomization,representation_preserving_control,measured_target_from_graph_equivalent_source
poly_1414,O(*)C(=O)c1ccc(-c2ccc(-c3ccc(cc3)C(=O)OCCCC*)cc2)cc1,Bandgap,3.8116,eV,phase4_adversarial_augmentation,train,randomization,representation_preserving_control,measured_target_from_graph_equivalent_source
poly_220,N(=C1c2cc(C(C)(C)C)ccc2C(=Nc2ccc(cc2)*)c2c1cccc2)*,Bandgap,2.1672,eV,phase4_adversarial_augmentation,train,randomization,representation_preserving_control,measured_target_from_graph_equivalent_source
poly_772,C(=Cc1c(cc(*)c(c1)OCCCCCCCCCCCC)OC)c1ccc(C=C*)cc1,Bandgap,2.9983,eV,phase4_adversarial_augmentation,train,randomization,representation_preserving_control,measured_target_from_graph_equivalent_source
poly_3450,C(C(=O)*)C(C(=O)OCCCCCC)N*,Bandgap,5.9232,eV,phase4_adversarial_augmentation,train,randomization,representation_preserving_control,measured_target_from_graph_equivalent_source
poly_1006,c1(ccc(C(=O)c2ccc(C(=O)c3ccc(cc3)Nc3ccc(O*)cc3)cc2)cc1)Nc1ccc(*)cc1,Bandgap,3.3281,eV,phase4_adversarial_augmentation,train,randomization,representation_preserving_control,measured_target_from_graph_equivalent_source
poly_3289,O=C(NCCC(*)=O)C(N*)C,Bandgap,5.7775,eV,phase4_adversarial_augmentation,train,randomization,representation_preserving_control,measured_target_from_graph_equivalent_source
poly_2053,C(CCCNC(*)=O)CCNC(=O)c1oc(cc1)*,Bandgap,4.5303,eV,phase4_adversarial_augmentation,train,randomization,representation_preserving_control,measured_target_from_graph_equivalent_source
poly_3491,C(CCCCC(=O)N*)CCCC(=O)NCC*,Bandgap,5.9599,eV,phase4_adversarial_augmentation,train,randomization,representation_preserving_control,measured_target_from_graph_equivalent_source
poly_339,s1c(*)c2c(c1*)nc(c(n2)C)-c1ccccc1,Bandgap,2.4458,eV,phase4_adversarial_augmentation,train,randomization,representation_preserving_control,measured_target_from_graph_equivalent_source
poly_1934,C(C(C*)=O)c1ccc(*)s1,Bandgap,4.4041,eV,phase4_adversarial_augmentation,train,randomization,representation_preserving_control,measured_target_from_graph_equivalent_source
poly_1291,C(OC(c1c(ccc(c1)-c1ccccc1)C(=O)O*)=O)c1ccc(cc1)C*,Bandgap,3.6607,eV,phase4_adversarial_augmentation,train,randomization,representation_preserving_control,measured_target_from_graph_equivalent_source
poly_2479,*c1ccc(cc1)C(c1ccc(O[Si](C)(O*)C)cc1)(C)C,Bandgap,4.9271,eV,phase4_adversarial_augmentation,train,randomization,representation_preserving_control,measured_target_from_graph_equivalent_source
poly_3180,C(CCCCCCCC(=O)N*)CCCCC(NCCCCC*)=O,Bandgap,5.6675,eV,phase4_adversarial_augmentation,train,randomization,representation_preserving_control,measured_target_from_graph_equivalent_source
poly_1915,*Oc1ccc(cc1)C(c1ccc(OCC#CC#CC*)cc1)(C)C,Bandgap,4.3802,eV,phase4_adversarial_augmentation,train,randomization,representation_preserving_control,measured_target_from_graph_equivalent_source
poly_2612,C1CCCC(*)C1O*,Bandgap,5.0758,eV,phase4_adversarial_augmentation,train,randomization,representation_preserving_control,measured_target_from_graph_equivalent_source
poly_619,O=C(*)c1ccc2C(=O)N(c3cc(OCCCCCCCC)cc(N4C(c5cc(*)ccc5C4=O)=O)c3)C(c2c1)=O,Bandgap,2.8168,eV,phase4_adversarial_augmentation,train,randomization,representation_preserving_control,measured_target_from_graph_equivalent_source
poly_1775,C(CC)CCOc1c(C(=O)NN*)ccc(C(*)=O)c1,Bandgap,4.2275,eV,phase4_adversarial_augmentation,train,randomization,representation_preserving_control,measured_target_from_graph_equivalent_source
poly_1466,C(CCOC(=O)SSC(O*)=O)C*,Bandgap,3.8783,eV,phase4_adversarial_augmentation,train,randomization,representation_preserving_control,measured_target_from_graph_equivalent_source
poly_3679,C(CNC(=O)OCCCC*)CCCCNC(=O)O*,Bandgap,6.1879,eV,phase4_adversarial_augmentation,train,randomization,representation_preserving_control,measured_target_from_graph_equivalent_source
poly_1283,c12nc(cc(OCCOCCOCCO*)c2cc(cc1)OC)*,Bandgap,3.6503,eV,phase4_adversarial_augmentation,train,randomization,representation_preserving_control,measured_target_from_graph_equivalent_source
poly_3962,C(C(C*)(C)C)OC(=O)CCCCCCCCC(O*)=O,Bandgap,6.5911,eV,phase4_adversarial_augmentation,train,randomization,representation_preserving_control,measured_target_from_graph_equivalent_source
poly_4054,C(CCCCCCCCC(*)=O)CC(OCCC(O*)C)=O,Bandgap,6.7191,eV,phase4_adversarial_augmentation,train,randomization,representation_preserving_control,measured_target_from_graph_equivalent_source
poly_12,c1ccc(cc1)-c1c(nc2c(n1)c(*)sc2*)CCCCCCC,Bandgap,0.8340000000000001,eV,phase4_adversarial_augmentation,train,randomization,representation_preserving_control,measured_target_from_graph_equivalent_source
poly_2681,O(*)N(C(F)(F)F)C(C(F)(SC(F)(F)F)*)(F)F,Bandgap,5.1239,eV,phase4_adversarial_augmentation,train,randomization,representation_preserving_control,measured_target_from_graph_equivalent_source
poly_420,c12ccccccc=1c(*)cc1c(c-1ccccc2)O*,Bandgap,2.5386,eV,phase4_adversarial_augmentation,train,randomization,representation_preserving_control,measured_target_from_graph_equivalent_source
poly_3296,*OC(C*)CC,Bandgap,5.7835,eV,phase4_adversarial_augmentation,train,randomization,representation_preserving_control,measured_target_from_graph_equivalent_source
poly_739,c1(C(c2ccccc2)=O)cc(c(C(=O)c2ccccc2)cc1O*)Oc1ccc(*)cc1,Bandgap,2.9644,eV,phase4_adversarial_augmentation,train,randomization,representation_preserving_control,measured_target_from_graph_equivalent_source
poly_2534,C(*)(C)(C*)C(=O)OCc1sccc1,Bandgap,4.9814,eV,phase4_adversarial_augmentation,train,randomization,representation_preserving_control,measured_target_from_graph_equivalent_source
poly_436,c1c2sc(nc2ccc1*)*,Bandgap,2.5619,eV,phase4_adversarial_augmentation,train,randomization,representation_preserving_control,measured_target_from_graph_equivalent_source
poly_1938,O(c1ccc(C2(c3ccc(O*)cc3)c3ccccc3-c3ccccc23)cc1)C(=O)*,Bandgap,4.4088,eV,phase4_adversarial_augmentation,train,randomization,representation_preserving_control,measured_target_from_graph_equivalent_source
poly_3503,C(CCCNC(CCCCCCCCCC*)=O)CCNC(=O)CCCCO*,Bandgap,5.9732,eV,phase4_adversarial_augmentation,train,randomization,representation_preserving_control,measured_target_from_graph_equivalent_source
poly_1409,C(NC(=O)C=CC(=O)O*)CCCCCNC(C=CC(=O)OCCOCC*)=O,Bandgap,3.806,eV,phase4_adversarial_augmentation,train,randomization,representation_preserving_control,measured_target_from_graph_equivalent_source
poly_2782,*C=CC1C(OC(F)(C(F)(F)C(F)(F)F)F)(C(F)(C(*)C1)F)F,Bandgap,5.2238,eV,phase4_adversarial_augmentation,train,randomization,representation_preserving_control,measured_target_from_graph_equivalent_source
poly_3320,C(OCCOC(NCCCCCCNC(O*)=O)=O)C*,Bandgap,5.8048,eV,phase4_adversarial_augmentation,train,randomization,representation_preserving_control,measured_target_from_graph_equivalent_source
poly_2441,C(C(CSC(C)C)O*)*,Bandgap,4.8974,eV,phase4_adversarial_augmentation,train,randomization,representation_preserving_control,measured_target_from_graph_equivalent_source
poly_2264,O(CC(F)(C(F)(C(F)(C(F)(F)C*)F)F)F)C(=O)CSCCSCC(=O)O*,Bandgap,4.7116,eV,phase4_adversarial_augmentation,train,randomization,representation_preserving_control,measured_target_from_graph_equivalent_source
poly_444,C(=O)(O*)c1ccc(C(OCCN(c2ccc(N=Nc3ccc(cc3)C=Cc3nc4ccc([N+](=O)[O-])cc4n3CC)cc2)CC*)=O)cc1OC,Bandgap,2.5707,eV,phase4_adversarial_augmentation,train,randomization,representation_preserving_control,measured_target_from_graph_equivalent_source
poly_3033,*C1C2CCCC2C(C=C*)C1,Bandgap,5.5129,eV,phase4_adversarial_augmentation,train,randomization,representation_preserving_control,measured_target_from_graph_equivalent_source
poly_3392,C(C)(C(=O)NCCC)(C*)*,Bandgap,5.8684,eV,phase4_adversarial_augmentation,train,randomization,representation_preserving_control,measured_target_from_graph_equivalent_source
poly_1038,C(c1ncc(*)nc1)(NNC(c1cc(C(=O)NNC(*)=O)ccc1)=O)=O,Bandgap,3.3622,eV,phase4_adversarial_augmentation,train,randomization,representation_preserving_control,measured_target_from_graph_equivalent_source
poly_20,O1c2c(c(sc2-c2c3c(OCCO3)c(*)s2)-c2sc3c(C(c4c-3sc(c4)*)=C(C#N)C#N)c2)OCC1,Bandgap,0.9689,eV,phase4_adversarial_augmentation,train,randomization,representation_preserving_control,measured_target_from_graph_equivalent_source
poly_3360,C1(OC*)C(C(C(C(*)O1)O)O)O,Bandgap,5.8459,eV,phase4_adversarial_augmentation,train,randomization,representation_preserving_control,measured_target_from_graph_equivalent_source
poly_136,c1(*)ccc(-c2ccc(-c3ccc(*)s3)o2)n1C,Bandgap,1.8872,eV,phase4_adversarial_augmentation,train,randomization,representation_preserving_control,measured_target_from_graph_equivalent_source
poly_2977,C(C)(=O)C(*)C*,Bandgap,5.4371,eV,phase4_adversarial_augmentation,train,randomization,representation_preserving_control,measured_target_from_graph_equivalent_source
poly_3096,CC(C)C(=O)N(CC*)*,Bandgap,5.5723,eV,phase4_adversarial_augmentation,train,randomization,representation_preserving_control,measured_target_from_graph_equivalent_source
poly_3223,O1CC(*)C2C1C(CO2)OC(=O)CCC(O*)=O,Bandgap,5.7195,eV,phase4_adversarial_augmentation,train,randomization,representation_preserving_control,measured_target_from_graph_equivalent_source
poly_3022,*N1CCN(CC1)C(OC1CC2CC(OC(*)=O)CC(O2)C1)=O,Bandgap,5.4981,eV,phase4_adversarial_augmentation,train,randomization,representation_preserving_control,measured_target_from_graph_equivalent_source
poly_200,C(c1ccc(*)c2c1ccs2)=C*,Bandgap,2.1063,eV,phase4_adversarial_augmentation,train,randomization,representation_preserving_control,measured_target_from_graph_equivalent_source
poly_3011,C(CC(*)=O)(O*)C(Cl)(Cl)Cl,Bandgap,5.4848,eV,phase4_adversarial_augmentation,train,randomization,representation_preserving_control,measured_target_from_graph_equivalent_source
poly_1616,c1(C(=O)NNC(c2ccc(cc2)O*)=O)cccc(c1)C(NNC(=O)c1ccc(cc1)OC(c1cccc(c1)C(=O)*)=O)=O,Bandgap,4.0535,eV,phase4_adversarial_augmentation,train,randomization,representation_preserving_control,measured_target_from_graph_equivalent_source
poly_1974,c1(ccc(cc1)C(OC(=O)c1ccc(O*)cc1)=O)*,Bandgap,4.441,eV,phase4_adversarial_augmentation,train,randomization,representation_preserving_control,measured_target_from_graph_equivalent_source
poly_3097,C(CCCCNC(=O)C(CC(C(=O)N*)CC)CC)C*,Bandgap,5.5731,eV,phase4_adversarial_augmentation,train,randomization,representation_preserving_control,measured_target_from_graph_equivalent_source
poly_80,c1c(C(*)=C*)cccc1Br,Bandgap,1.5553,eV,phase4_adversarial_augmentation,train,randomization,representation_preserving_control,measured_target_from_graph_equivalent_source
poly_1282,c12c(ccc(O*)c2)cc(cc1)Oc1ccc(C(=O)c2ccc(*)cc2)cc1,Bandgap,3.6496,eV,phase4_adversarial_augmentation,train,randomization,representation_preserving_control,measured_target_from_graph_equivalent_source
poly_3604,N(C(=O)C*)*,Bandgap,6.0692,eV,phase4_adversarial_augmentation,train,randomization,representation_preserving_control,measured_target_from_graph_equivalent_source
poly_3100,*CCCC(CCCC=C*)Cl,Bandgap,5.5792,eV,phase4_adversarial_augmentation,train,randomization,representation_preserving_control,measured_target_from_graph_equivalent_source
poly_2137,*NC(C(=O)*)CC(OCc1ccc(Cl)cc1)=O,Bandgap,4.6003,eV,phase4_adversarial_augmentation,train,randomization,representation_preserving_control,measured_target_from_graph_equivalent_source
poly_269,c1c(sc(c1)*)C#Cc1cc(OCCCCCCCC)c(cc1OCCCCCCCC)C#C*,Bandgap,2.3184,eV,phase4_adversarial_augmentation,train,randomization,representation_preserving_control,measured_target_from_graph_equivalent_source
poly_1014,n1c(ccc(N*)c1)*,Bandgap,3.3373,eV,phase4_adversarial_augmentation,train,randomization,representation_preserving_control,measured_target_from_graph_equivalent_source
poly_788,OC(=O)c1ccc(N=Nc2cc(*)c(O)c(c2)*)cc1,Bandgap,3.0234,eV,phase4_adversarial_augmentation,train,randomization,representation_preserving_control,measured_target_from_graph_equivalent_source
poly_2510,O=C1N(c2ccc(cc2)*)C(=O)N1*,Bandgap,4.9563,eV,phase4_adversarial_augmentation,train,randomization,representation_preserving_control,measured_target_from_graph_equivalent_source
poly_336,C(CCCCCCCCOC(c1cc(sc1*)-c1sc(*)cc1)=O)CCC,Bandgap,2.4434,eV,phase4_adversarial_augmentation,train,randomization,representation_preserving_control,measured_target_from_graph_equivalent_source
poly_194,s1c(*)ccc1-c1sc(C(=S)c2ccc(*)cc2)cc1,Bandgap,2.0836,eV,phase4_adversarial_augmentation,train,randomization,representation_preserving_control,measured_target_from_graph_equivalent_source
poly_1707,c1(*)ccc(-c2ccc(cc2)OP(=O)(c2ccccc2)O*)cc1,Bandgap,4.1560000000000015,eV,phase4_adversarial_augmentation,train,randomization,representation_preserving_control,measured_target_from_graph_equivalent_source
poly_1768,c1cc(ccc1C(c1ccc(O*)cc1)(C)C)OCC(=O)OC(=O)C*,Bandgap,4.2143,eV,phase4_adversarial_augmentation,train,randomization,representation_preserving_control,measured_target_from_graph_equivalent_source
poly_1332,[O-][N+](=O)c1cc(ccc1O*)C(CCC(O)=O)(c1ccc(c(c1)[N+]([O-])=O)OC(=O)c1cccc(C(=O)*)c1)C,Bandgap,3.7042,eV,phase4_adversarial_augmentation,train,randomization,representation_preserving_control,measured_target_from_graph_equivalent_source
poly_2104,c1c(ccc(c1)C(NCC(CC(CCC*)C)(C)C)=O)C(N*)=O,Bandgap,4.5756,eV,phase4_adversarial_augmentation,train,randomization,representation_preserving_control,measured_target_from_graph_equivalent_source
poly_1580,c1(-c2sc(C*)cc2)ccc(O*)cc1,Bandgap,4.0146,eV,phase4_adversarial_augmentation,train,randomization,representation_preserving_control,measured_target_from_graph_equivalent_source
poly_2187,Clc1cc(C(C)(C)c2cc(c(c(c2)Cl)OC(=O)*)Cl)cc(c1O*)Cl,Bandgap,4.6457,eV,phase4_adversarial_augmentation,train,randomization,representation_preserving_control,measured_target_from_graph_equivalent_source
poly_1445,C(OC(c1ccc(cc1)O*)=O)(C)COC(c1ccc(cc1)OC(=O)c1ccc(C(=O)*)cc1)=O,Bandgap,3.8432,eV,phase4_adversarial_augmentation,train,randomization,representation_preserving_control,measured_target_from_graph_equivalent_source
poly_3635,N(C(C1C(C)(C(N*)=O)C1)=O)CCCCCC*,Bandgap,6.1212,eV,phase4_adversarial_augmentation,train,randomization,representation_preserving_control,measured_target_from_graph_equivalent_source
poly_520,O=c1n(c(=O)c2c1cc1c(n(c(c1c2)=O)Nc1nc(N*)nc(N(CC)CC)n1)=O)*,Bandgap,2.679,eV,phase4_adversarial_augmentation,train,randomization,representation_preserving_control,measured_target_from_graph_equivalent_source
poly_1558,c1(cc(ccc1)Nc1ccc(*)cc1)Nc1ccc(cc1)S(=O)(=O)*,Bandgap,3.9901,eV,phase4_adversarial_augmentation,train,randomization,representation_preserving_control,measured_target_from_graph_equivalent_source
poly_2190,c1cc(OC(=O)*)ccc1C(C)(c1ccc(O*)cc1)CC(C)C,Bandgap,4.647,eV,phase4_adversarial_augmentation,train,randomization,representation_preserving_control,measured_target_from_graph_equivalent_source
poly_3957,C1C(CCC(C1)C(=O)O*)C(=O)OC1C2OCC(*)C2OC1,Bandgap,6.5816,eV,phase4_adversarial_augmentation,train,randomization,representation_preserving_control,measured_target_from_graph_equivalent_source
poly_1663,*c1nc(ccc1)Oc1ccc(Oc2ccc(cc2)O*)cc1,Bandgap,4.1015,eV,phase4_adversarial_augmentation,train,randomization,representation_preserving_control,measured_target_from_graph_equivalent_source
poly_2204,O=S(=O)(c1ccc(*)cc1)O*,Bandgap,4.6583,eV,phase4_adversarial_augmentation,train,randomization,representation_preserving_control,measured_target_from_graph_equivalent_source
poly_3400,C(CNC(=O)CCCCC*)CCCCNC(CCCCO*)=O,Bandgap,5.8743,eV,phase4_adversarial_augmentation,train,randomization,representation_preserving_control,measured_target_from_graph_equivalent_source
poly_3599,C(COC(=O)CCCCCCCCC(=O)O*)=CC*,Bandgap,6.0636,eV,phase4_adversarial_augmentation,train,randomization,representation_preserving_control,measured_target_from_graph_equivalent_source
poly_3359,C(CNC(CCCCCCCCCCCCCCC(N*)=O)=O)CCCCCCCCCC*,Bandgap,5.8439,eV,phase4_adversarial_augmentation,train,randomization,representation_preserving_control,measured_target_from_graph_equivalent_source
poly_1360,c1c(*)cc(cc1)-c1oc(-c2cccc(n2)-c2nnc(*)o2)nn1,Bandgap,3.7357,eV,phase4_adversarial_augmentation,train,randomization,representation_preserving_control,measured_target_from_graph_equivalent_source
poly_1147,c1c2nc(oc2ccc1-c1ccc2oc(nc2c1)*)-c1cccc(c1)*,Bandgap,3.4974,eV,phase4_adversarial_augmentation,train,randomization,representation_preserving_control,measured_target_from_graph_equivalent_source
poly_653,c1(ccc(cc1)N=Nc1cc(c(c(*)c1)O)*)[N+](=O)[O-],Bandgap,2.8678,eV,phase4_adversarial_augmentation,train,randomization,representation_preserving_control,measured_target_from_graph_equivalent_source
poly_2431,O(CCOCCOC(CCSCCC(=O)O*)=O)CC*,Bandgap,4.8908,eV,phase4_adversarial_augmentation,train,randomization,representation_preserving_control,measured_target_from_graph_equivalent_source
poly_1574,c1(OC(*)=S)ccc(C*)cc1,Bandgap,4.0098,eV,phase4_adversarial_augmentation,train,randomization,representation_preserving_control,measured_target_from_graph_equivalent_source
poly_1016,c1cc(*)c2c(nc(c(CC)n2)CC)c1*,Bandgap,3.3408,eV,phase4_adversarial_augmentation,train,randomization,representation_preserving_control,measured_target_from_graph_equivalent_source
poly_915,c1c(cc2c(c(-c3ccccc3)c(nc2c1)*)-c1ccccc1)Oc1cc2c(nc(c(c2-c2ccccc2)-c2ccccc2)-c2ccc(Oc3ccc(cc3)*)cc2)cc1,Bandgap,3.2,eV,phase4_adversarial_augmentation,train,randomization,representation_preserving_control,measured_target_from_graph_equivalent_source
poly_2273,c1(O*)c(C)cc(cc1Cl)C(C)(C)c1cc(Cl)c(c(c1)C)OC(=O)*,Bandgap,4.7294,eV,phase4_adversarial_augmentation,train,randomization,representation_preserving_control,measured_target_from_graph_equivalent_source
poly_2203,N(CC*)(C(c1c(cc(F)cc1F)F)=O)*,Bandgap,4.6565,eV,phase4_adversarial_augmentation,train,randomization,representation_preserving_control,measured_target_from_graph_equivalent_source
poly_1718,c1(cc(*)cc(C)c1O*)C(C)CCCCCC,Bandgap,4.1665,eV,phase4_adversarial_augmentation,train,randomization,representation_preserving_control,measured_target_from_graph_equivalent_source
poly_523,c1cc2c3c(c4c(nc5ccc(*)cc5n4)c4cccc(c34)c3c2nc2cc(ccc2n3)*)c1,Bandgap,2.6823,eV,phase4_adversarial_augmentation,train,randomization,representation_preserving_control,measured_target_from_graph_equivalent_source
poly_2349,O1C=CCCC1C(CC(*)=O)O*,Bandgap,4.8038,eV,phase4_adversarial_augmentation,train,randomization,representation_preserving_control,measured_target_from_graph_equivalent_source
poly_533,C(C(O*)=O)(=S)C*,Bandgap,2.6969,eV,phase4_adversarial_augmentation,train,randomization,representation_preserving_control,measured_target_from_graph_equivalent_source
poly_1791,c1cc(ccc1C1(c2ccc(cc2)Oc2nc(OC)nc(*)n2)CCCCC1)O*,Bandgap,4.2479,eV,phase4_adversarial_augmentation,train,randomization,representation_preserving_control,measured_target_from_graph_equivalent_source
poly_1771,c1(NC(=O)OCC(O*)c2ccco2)ccc(cc1)Cc1ccc(cc1)NC(=O)*,Bandgap,4.2202,eV,phase4_adversarial_augmentation,train,randomization,representation_preserving_control,measured_target_from_graph_equivalent_source
poly_1264,IC(*)=C(I)*,Bandgap,3.6353,eV,phase4_adversarial_augmentation,train,randomization,representation_preserving_control,measured_target_from_graph_equivalent_source
poly_2253,C(CCCNC(=N*)C)CCCCCC*,Bandgap,4.7056,eV,phase4_adversarial_augmentation,train,randomization,representation_preserving_control,measured_target_from_graph_equivalent_source
poly_2354,CC(C)(C)C(*)=CCC*,Bandgap,4.8144,eV,phase4_adversarial_augmentation,train,randomization,representation_preserving_control,measured_target_from_graph_equivalent_source
poly_2740,Cc1ccc(N2C(=O)C3C(C(CC3*)C=C*)C2=O)cc1,Bandgap,5.1862,eV,phase4_adversarial_augmentation,train,randomization,representation_preserving_control,measured_target_from_graph_equivalent_source
poly_3909,C(*)CCCCCOC(CCCC(O*)=O)=O,Bandgap,6.5166,eV,phase4_adversarial_augmentation,train,randomization,representation_preserving_control,measured_target_from_graph_equivalent_source
poly_1183,C(=O)(c1ccc(N=CNc2ccc(C(=O)OCCCC*)cc2)cc1)O*,Bandgap,3.5443,eV,phase4_adversarial_augmentation,train,randomization,representation_preserving_control,measured_target_from_graph_equivalent_source
poly_462,*n1c(c2cc3c(=O)n(c(=O)c3cc2c1=O)Nc1nc(nc(N*)n1)N(CCCC)CCCC)=O,Bandgap,2.5894,eV,phase4_adversarial_augmentation,train,randomization,representation_preserving_control,measured_target_from_graph_equivalent_source
poly_977,n1cc(nc2cc(ccc12)S(=O)(c1ccc2c(nc(*)cn2)c1)=O)-c1ccc(cc1)*,Bandgap,3.2921,eV,phase4_adversarial_augmentation,train,randomization,representation_preserving_control,measured_target_from_graph_equivalent_source
poly_2126,C1(C(=O)*)N(CC(OC(=O)CCC)C1)*,Bandgap,4.5924,eV,phase4_adversarial_augmentation,train,randomization,representation_preserving_control,measured_target_from_graph_equivalent_source
poly_2804,C(CCCCC(=O)N*)CCCCC(NCc1ccc(C*)cc1)=O,Bandgap,5.2404,eV,phase4_adversarial_augmentation,train,randomization,representation_preserving_control,measured_target_from_graph_equivalent_source
poly_62,c1(*)c(CCCCCCCCCCCC)cc(-c2sc(cc2)*)s1,Bandgap,1.4731,eV,phase4_adversarial_augmentation,train,randomization,representation_preserving_control,measured_target_from_graph_equivalent_source
poly_3613,*CCCCOC(=O)NCCNC(=O)O*,Bandgap,6.0791,eV,phase4_adversarial_augmentation,train,randomization,representation_preserving_control,measured_target_from_graph_equivalent_source
poly_4020,C(C(=O)OCCCCCCCCCCCCCC*)CCCC(=O)O*,Bandgap,6.6687,eV,phase4_adversarial_augmentation,train,randomization,representation_preserving_control,measured_target_from_graph_equivalent_source
poly_2069,c1(ccc(cc1)OC)C(O*)C(C)(C)C(*)=O,Bandgap,4.5448,eV,phase4_adversarial_augmentation,train,randomization,representation_preserving_control,measured_target_from_graph_equivalent_source
poly_1380,c1cccc2c1c1ccccc1n2CCCCCOC(=O)C(C*)(*)C,Bandgap,3.7599,eV,phase4_adversarial_augmentation,train,randomization,representation_preserving_control,measured_target_from_graph_equivalent_source
poly_2412,*C(C*)C(=O)OCc1occc1,Bandgap,4.8728,eV,phase4_adversarial_augmentation,train,randomization,representation_preserving_control,measured_target_from_graph_equivalent_source
poly_1745,C(c1sc(cc1)*)(NCCCCCCCCCCNC(=O)*)=O,Bandgap,4.1872,eV,phase4_adversarial_augmentation,train,randomization,representation_preserving_control,measured_target_from_graph_equivalent_source
poly_1439,O=S(c1ccc(O*)cc1)(=O)c1ccc(Oc2ccc(cc2[N-][N+]#N)C(c2ccc(c(c2)[N-][N+]#N)*)(C)C)cc1,Bandgap,3.8369,eV,phase4_adversarial_augmentation,train,randomization,representation_preserving_control,measured_target_from_graph_equivalent_source
poly_460,c1(ccc(s1)CC*)C(=S)*,Bandgap,2.5846,eV,phase4_adversarial_augmentation,train,randomization,representation_preserving_control,measured_target_from_graph_equivalent_source
poly_1613,C(c1ccc(cc1)-c1ccc(cc1)C(*)=O)(=O)OCC(O*)C,Bandgap,4.0523,eV,phase4_adversarial_augmentation,train,randomization,representation_preserving_control,measured_target_from_graph_equivalent_source
poly_4031,CCCCC(C*)(CCCC)C(O*)=O,Bandgap,6.6774,eV,phase4_adversarial_augmentation,train,randomization,representation_preserving_control,measured_target_from_graph_equivalent_source
poly_1563,C1(Cl)=CC(C=CC1=N*)*,Bandgap,3.9985,eV,phase4_adversarial_augmentation,train,randomization,representation_preserving_control,measured_target_from_graph_equivalent_source
poly_1998,C(NC*)(=S)O*,Bandgap,4.4724,eV,phase4_adversarial_augmentation,train,randomization,representation_preserving_control,measured_target_from_graph_equivalent_source
poly_2774,C(C(=O)O*)(=O)OCCCCCCCCCCCCCCCCCCCC*,Bandgap,5.2168,eV,phase4_adversarial_augmentation,train,randomization,representation_preserving_control,measured_target_from_graph_equivalent_source
poly_1817,c1cccc(c1)N(CC*)CCOC(=O)Nc1ccc(cc1)Cc1ccc(cc1)NC(O*)=O,Bandgap,4.271,eV,phase4_adversarial_augmentation,train,randomization,representation_preserving_control,measured_target_from_graph_equivalent_source
poly_2154,*c1ccc(s1)CC(NCCCCCCNC(=O)C*)=O,Bandgap,4.618,eV,phase4_adversarial_augmentation,train,randomization,representation_preserving_control,measured_target_from_graph_equivalent_source
poly_911,CC(C)c1c(ccc(C(C)(C)c2ccc(OC(=O)c3ccc(C(=O)*)cc3)c(C(C)C)c2)c1)O*,Bandgap,3.1936,eV,phase4_adversarial_augmentation,train,randomization,representation_preserving_control,measured_target_from_graph_equivalent_source
poly_3176,C1CC(CC2CCC(NC(CCCCCCCCCCC(=O)*)=O)CC2)CCC1N*,Bandgap,5.6638,eV,phase4_adversarial_augmentation,train,randomization,representation_preserving_control,measured_target_from_graph_equivalent_source
poly_384,c1cc(sc1-c1ccc(cc1)-c1ccc(C(=O)*)s1)*,Bandgap,2.499,eV,phase4_adversarial_augmentation,train,randomization,representation_preserving_control,measured_target_from_graph_equivalent_source
poly_3013,*OC(Nc1c(ccc(c1)NC(OCNC(=O)NC*)=O)C)=O,Bandgap,5.4863,eV,phase4_adversarial_augmentation,train,randomization,representation_preserving_control,measured_target_from_graph_equivalent_source
poly_929,c1(cncc(*)c1)-c1nc2c(s1)cc(cc2)-c1cc2c(nc(s2)*)cc1,Bandgap,3.2155,eV,phase4_adversarial_augmentation,train,randomization,representation_preserving_control,measured_target_from_graph_equivalent_source
poly_319,c1(*)sc(c(c1)CCCCCCBr)*,Bandgap,2.4253,eV,phase4_adversarial_augmentation,train,randomization,representation_preserving_control,measured_target_from_graph_equivalent_source
poly_2598,C(CCNC(c1nc(cc(O)c1)*)=O)CCCNC(*)=O,Bandgap,5.0481,eV,phase4_adversarial_augmentation,train,randomization,representation_preserving_control,measured_target_from_graph_equivalent_source
poly_2870,O=C(C1CC(O)CN1*)*,Bandgap,5.318,eV,phase4_adversarial_augmentation,train,randomization,representation_preserving_control,measured_target_from_graph_equivalent_source
poly_2256,Cc1c(O*)c(cc(C(C)(c2cc(c(c(C)c2)OC(=O)*)C)C)c1)C,Bandgap,4.707,eV,phase4_adversarial_augmentation,train,randomization,representation_preserving_control,measured_target_from_graph_equivalent_source
poly_2289,C(CCCCC(=O)NNC(=O)c1cccc(C(=O)NN*)c1)CCCC(*)=O,Bandgap,4.7432,eV,phase4_adversarial_augmentation,train,randomization,representation_preserving_control,measured_target_from_graph_equivalent_source
poly_1799,c1(Sc2ccc(OC(*)=O)cc2)ccc(cc1)O*,Bandgap,4.2554,eV,phase4_adversarial_augmentation,train,randomization,representation_preserving_control,measured_target_from_graph_equivalent_source
poly_984,c1c2c(C(N(C2=O)c2ccc(cc2)S(c2ccc(cc2)*)(=O)=O)=O)ccc1Oc1ccc(Oc2ccc3C(=O)N(C(c3c2)=O)*)cc1,Bandgap,3.2983,eV,phase4_adversarial_augmentation,train,randomization,representation_preserving_control,measured_target_from_graph_equivalent_source
poly_3739,C(CCCCCCC(OCCCOCCC*)=O)CC(=O)O*,Bandgap,6.267,eV,phase4_adversarial_augmentation,train,randomization,representation_preserving_control,measured_target_from_graph_equivalent_source
poly_2846,*C(=O)C(N*)C(C)C,Bandgap,5.2958,eV,phase4_adversarial_augmentation,train,randomization,representation_preserving_control,measured_target_from_graph_equivalent_source
poly_871,c1(C(=O)Nc2ccc(cc2)-c2ccc(cc2)N*)c(cc(C(=O)*)c(c1)C(O)=O)C(=O)O,Bandgap,3.1431,eV,phase4_adversarial_augmentation,train,randomization,representation_preserving_control,measured_target_from_graph_equivalent_source
poly_613,c1c(ccc(*)c1)-c1ccc(cc1)-c1sc(c(SCCCC)c1)*,Bandgap,2.8074,eV,phase4_adversarial_augmentation,train,randomization,representation_preserving_control,measured_target_from_graph_equivalent_source
poly_1249,C(CCOc1ccc(cc1C)C=CC=Cc1ccc(O*)c(c1)C)CCCC*,Bandgap,3.617,eV,phase4_adversarial_augmentation,train,randomization,representation_preserving_control,measured_target_from_graph_equivalent_source
poly_2158,C(CC=CC(=O)NCCCCCC*)C=CC(=O)N*,Bandgap,4.6202,eV,phase4_adversarial_augmentation,train,randomization,representation_preserving_control,measured_target_from_graph_equivalent_source
poly_2582,C(CN*)*,Bandgap,5.0272,eV,phase4_adversarial_augmentation,train,randomization,representation_preserving_control,measured_target_from_graph_equivalent_source
poly_4152,O=C(O*)C*,Bandgap,7.085,eV,phase4_adversarial_augmentation,train,randomization,representation_preserving_control,measured_target_from_graph_equivalent_source
poly_1084,c1cccc(-c2oc(nn2)-c2cc(ccc2)NC(C(C*)(*)C)=O)c1,Bandgap,3.4128,eV,phase4_adversarial_augmentation,train,randomization,representation_preserving_control,measured_target_from_graph_equivalent_source
poly_1662,C(*)CCOCCCOC(=O)c1ccc(-c2ccc(cc2)C(O*)=O)cc1,Bandgap,4.1008,eV,phase4_adversarial_augmentation,train,randomization,representation_preserving_control,measured_target_from_graph_equivalent_source
poly_1541,c1cc(C(*)=O)sc1C(=O)O*,Bandgap,3.9696,eV,phase4_adversarial_augmentation,train,randomization,representation_preserving_control,measured_target_from_graph_equivalent_source
poly_496,c1cc(*)ccc1C(c1ccc(cc1)O*)=S,Bandgap,2.6460000000000004,eV,phase4_adversarial_augmentation,train,randomization,representation_preserving_control,measured_target_from_graph_equivalent_source
poly_5,c1cc(ccc1C(*)=C*)C#C,Bandgap,0.2213,eV,phase4_adversarial_augmentation,train,randomization,representation_preserving_control,measured_target_from_graph_equivalent_source
poly_3464,FC(F)(F)C(C(F)(F)F)(C*)C=C*,Bandgap,5.9378,eV,phase4_adversarial_augmentation,train,randomization,representation_preserving_control,measured_target_from_graph_equivalent_source
poly_1544,C(COCCOCCOCCOc1ccc(C=C(C)c2ccc(cc2)O*)cc1)OCC*,Bandgap,3.9748,eV,phase4_adversarial_augmentation,train,randomization,representation_preserving_control,measured_target_from_graph_equivalent_source
poly_608,c1(ccc(C(=S)c2ccc(*)cc2)cc1)C*,Bandgap,2.8005,eV,phase4_adversarial_augmentation,train,randomization,representation_preserving_control,measured_target_from_graph_equivalent_source
poly_2,c1c(C(=C*)*)cccc1,Bandgap,0.0933,eV,phase4_adversarial_augmentation,train,randomization,representation_preserving_control,measured_target_from_graph_equivalent_source
poly_3528,C(CCCCC(=O)NC*)(N*)=O,Bandgap,5.997999999999998,eV,phase4_adversarial_augmentation,train,randomization,representation_preserving_control,measured_target_from_graph_equivalent_source
poly_665,o1c(Sc2oc(C=C(C(C=C*)=O)C)cc2)ccc1*,Bandgap,2.8834,eV,phase4_adversarial_augmentation,train,randomization,representation_preserving_control,measured_target_from_graph_equivalent_source
poly_2357,O(c1nc(ccc1)*)c1ccc(cc1C)O*,Bandgap,4.8181,eV,phase4_adversarial_augmentation,train,randomization,representation_preserving_control,measured_target_from_graph_equivalent_source
poly_1325,c1(cc(c(N*)c(OC)c1)OC)*,Bandgap,3.698,eV,phase4_adversarial_augmentation,train,randomization,representation_preserving_control,measured_target_from_graph_equivalent_source
poly_1350,c1cc(C(C(=O)c2ccc(cc2)Oc2ccc(O*)cc2)=O)ccc1*,Bandgap,3.7299,eV,phase4_adversarial_augmentation,train,randomization,representation_preserving_control,measured_target_from_graph_equivalent_source
poly_1081,c1ccc(cc1)C(C(F)(F)F)(c1ccc(cc1)-c1oc2c(ccc(c2)-c2ccc3nc(oc3c2)*)n1)c1ccc(cc1)*,Bandgap,3.409,eV,phase4_adversarial_augmentation,train,randomization,representation_preserving_control,measured_target_from_graph_equivalent_source
poly_1526,c1(*)ccc(Oc2ccc(cc2)C(c2ccc(cc2)O*)(C)C)nn1,Bandgap,3.9499,eV,phase4_adversarial_augmentation,train,randomization,representation_preserving_control,measured_target_from_graph_equivalent_source
poly_2942,C(C*)CN(C(=O)CCCCC)*,Bandgap,5.4015,eV,phase4_adversarial_augmentation,train,randomization,representation_preserving_control,measured_target_from_graph_equivalent_source
poly_944,c1cc(P(c2ccccc2)(c2ccc3c(C(N(C3=O)*)=O)c2)=O)cc2C(N(C(c12)=O)c1cc(cc(*)c1)C(F)(F)F)=O,Bandgap,3.2484,eV,phase4_adversarial_augmentation,train,randomization,representation_preserving_control,measured_target_from_graph_equivalent_source
poly_2906,C(C*)(*)=C,Bandgap,5.3561,eV,phase4_adversarial_augmentation,train,randomization,representation_preserving_control,measured_target_from_graph_equivalent_source
poly_1779,c1(NC(SCC(O*)=O)=O)ccc(cc1)Cc1ccc(cc1)NC(=O)SCC(=O)OCC*,Bandgap,4.2361,eV,phase4_adversarial_augmentation,train,randomization,representation_preserving_control,measured_target_from_graph_equivalent_source
poly_1756,c12ccc(cc2oc(n1)CCCCCCCCC*)-c1cc2oc(nc2cc1)*,Bandgap,4.2007,eV,phase4_adversarial_augmentation,train,randomization,representation_preserving_control,measured_target_from_graph_equivalent_source
poly_204,s1c(*)c(OCCCC)c(C)c1*,Bandgap,2.1145,eV,phase4_adversarial_augmentation,train,randomization,representation_preserving_control,measured_target_from_graph_equivalent_source
poly_3607,C(C(CBr)O*)*,Bandgap,6.0732,eV,phase4_adversarial_augmentation,train,randomization,representation_preserving_control,measured_target_from_graph_equivalent_source
poly_3817,O=C(CCCCCCCCC(OC1CCC(C2CCC(CC2)O*)CC1)=O)*,Bandgap,6.3761,eV,phase4_adversarial_augmentation,train,randomization,representation_preserving_control,measured_target_from_graph_equivalent_source
poly_3783,C(CCCC*)COC(CCCCCNC(O*)=O)=O,Bandgap,6.3325,eV,phase4_adversarial_augmentation,train,randomization,representation_preserving_control,measured_target_from_graph_equivalent_source
poly_2159,c1(C)cc(C*)c(cc1CNC(=O)CCCCCCC(=O)N*)C,Bandgap,4.6206,eV,phase4_adversarial_augmentation,train,randomization,representation_preserving_control,measured_target_from_graph_equivalent_source
poly_3618,C1(C(*)C2CC1CC2C)*,Bandgap,6.0902,eV,phase4_adversarial_augmentation,train,randomization,representation_preserving_control,measured_target_from_graph_equivalent_source
poly_3137,C(C*)CCCCC(=O)N(*)C,Bandgap,5.6254,eV,phase4_adversarial_augmentation,train,randomization,representation_preserving_control,measured_target_from_graph_equivalent_source
poly_1177,c1cc(N*)c(cc1Br)-c1ccc(cc1)NC(=O)c1ccc(cc1)C(*)=O,Bandgap,3.5352,eV,phase4_adversarial_augmentation,train,randomization,representation_preserving_control,measured_target_from_graph_equivalent_source
poly_3003,*CCNC(NCCCCCCNC(O*)=O)=O,Bandgap,5.472,eV,phase4_adversarial_augmentation,train,randomization,representation_preserving_control,measured_target_from_graph_equivalent_source
poly_2768,C(CCCCNC(=O)NCCCCCCCNC(N*)=O)CCCC*,Bandgap,5.2144,eV,phase4_adversarial_augmentation,train,randomization,representation_preserving_control,measured_target_from_graph_equivalent_source
poly_1865,C(CCCSCCCCC(O*)=O)C(OCc1ccc(C*)cc1)=O,Bandgap,4.3125,eV,phase4_adversarial_augmentation,train,randomization,representation_preserving_control,measured_target_from_graph_equivalent_source
poly_1961,c1cc(C(=O)O*)ccc1C(=O)OCC(C)C*,Bandgap,4.4298,eV,phase4_adversarial_augmentation,train,randomization,representation_preserving_control,measured_target_from_graph_equivalent_source
poly_3397,N(CCCCCCCC*)C(=O)CCCCCCCCCCCCCCC(=O)N*,Bandgap,5.872000000000001,eV,phase4_adversarial_augmentation,train,randomization,representation_preserving_control,measured_target_from_graph_equivalent_source
poly_57,c1c(sc(c1OCCOC)*)*,Bandgap,1.4267,eV,phase4_adversarial_augmentation,train,randomization,representation_preserving_control,measured_target_from_graph_equivalent_source
poly_4135,C(*)C(C)(C)COC(=O)O*,Bandgap,6.9656,eV,phase4_adversarial_augmentation,train,randomization,representation_preserving_control,measured_target_from_graph_equivalent_source
poly_1868,O=CC(*)C*,Bandgap,4.3172,eV,phase4_adversarial_augmentation,train,randomization,representation_preserving_control,measured_target_from_graph_equivalent_source
poly_1953,*C(=O)C(NNC(c1cccc(C(=O)NN*)c1)=O)=O,Bandgap,4.4213,eV,phase4_adversarial_augmentation,train,randomization,representation_preserving_control,measured_target_from_graph_equivalent_source
poly_2552,O(P(Oc1cc(Cl)ccc1)(=N*)*)c1cc(Cl)ccc1,Bandgap,5.003,eV,phase4_adversarial_augmentation,train,randomization,representation_preserving_control,measured_target_from_graph_equivalent_source
poly_3534,CCC1OC(C*)CC(O1)*,Bandgap,6.0051,eV,phase4_adversarial_augmentation,train,randomization,representation_preserving_control,measured_target_from_graph_equivalent_source
poly_1381,c1(OC(c2ccc(C(=O)*)cc2)=O)ccc(C2(c3ccccc3C(=O)O2)c2ccc(cc2)O*)cc1,Bandgap,3.7601,eV,phase4_adversarial_augmentation,train,randomization,representation_preserving_control,measured_target_from_graph_equivalent_source
poly_3256,S(CC(O*)=O)(=O)(=O)CCS(=O)(CC(=O)*)=O,Bandgap,5.7503,eV,phase4_adversarial_augmentation,train,randomization,representation_preserving_control,measured_target_from_graph_equivalent_source
poly_2905,N#CC(C(OC)=O)(*)C(C#N)(C#N)C(C*)OCC,Bandgap,5.3554,eV,phase4_adversarial_augmentation,train,randomization,representation_preserving_control,measured_target_from_graph_equivalent_source
poly_2181,O=C(CCCCCCC(S*)=O)SCCC*,Bandgap,4.641,eV,phase4_adversarial_augmentation,train,randomization,representation_preserving_control,measured_target_from_graph_equivalent_source
poly_550,c12cc3c(n(-c4ccc(cc4)S(=O)(c4ccc(*)cc4)=O)c(=O)c3cc2c(=O)n(c1=O)*)=O,Bandgap,2.7268,eV,phase4_adversarial_augmentation,train,randomization,representation_preserving_control,measured_target_from_graph_equivalent_source
poly_1346,c1(sc(cc1)-c1ccc(cc1)*)NC*,Bandgap,3.7228,eV,phase4_adversarial_augmentation,train,randomization,representation_preserving_control,measured_target_from_graph_equivalent_source
poly_3832,C1OC2C(COC2C1OC(OCC(C(COC(=O)O*)O)O)=O)*,Bandgap,6.4149,eV,phase4_adversarial_augmentation,train,randomization,representation_preserving_control,measured_target_from_graph_equivalent_source
poly_963,c1(C)c(c(c(C)c(O*)c1C)C)Oc1ccc(cc1)NC(c1ccc(cc1)C(Nc1ccc(cc1)*)=O)=O,Bandgap,3.2654,eV,phase4_adversarial_augmentation,train,randomization,representation_preserving_control,measured_target_from_graph_equivalent_source
poly_3892,C(CCCCC(OCC(C)(C*)C)=O)CCC(O*)=O,Bandgap,6.4954,eV,phase4_adversarial_augmentation,train,randomization,representation_preserving_control,measured_target_from_graph_equivalent_source
poly_2231,C(CC(Oc1ccc(cc1)-c1ccc(cc1)O*)=O)CCCCCCC(=O)*,Bandgap,4.6871,eV,phase4_adversarial_augmentation,train,randomization,representation_preserving_control,measured_target_from_graph_equivalent_source
poly_3225,C(C(C(=O)OC)C(C(=O)OC)*)(C*)OCC,Bandgap,5.7251,eV,phase4_adversarial_augmentation,train,randomization,representation_preserving_control,measured_target_from_graph_equivalent_source
poly_3707,C(CCCCCCCCO*)CCC*,Bandgap,6.2257,eV,phase4_adversarial_augmentation,train,randomization,representation_preserving_control,measured_target_from_graph_equivalent_source
poly_2896,c1c(C(C(=O)OC)(C(C(=O)OC)(*)C#N)C#N)ccc(*)c1,Bandgap,5.345,eV,phase4_adversarial_augmentation,train,randomization,representation_preserving_control,measured_target_from_graph_equivalent_source
poly_3034,N(*)C1CC(CC(C)(C)C1)(C)CNC(=O)CCCCC(=O)*,Bandgap,5.5133,eV,phase4_adversarial_augmentation,train,randomization,representation_preserving_control,measured_target_from_graph_equivalent_source
poly_933,c1(ccc(cc1)C(O*)=O)C=Cc1ccc(cc1)C(OCCCCCC*)=O,Bandgap,3.2271,eV,phase4_adversarial_augmentation,train,randomization,representation_preserving_control,measured_target_from_graph_equivalent_source
poly_968,c1(sc(*)cc1)NC(=O)N*,Bandgap,3.2728,eV,phase4_adversarial_augmentation,train,randomization,representation_preserving_control,measured_target_from_graph_equivalent_source
poly_3077,C1C(C)N(C(Oc2ccc(OC(*)=O)cc2)=O)CC(C)N1*,Bandgap,5.5526,eV,phase4_adversarial_augmentation,train,randomization,representation_preserving_control,measured_target_from_graph_equivalent_source
poly_3807,C(F)(F)(C(F)(F)F)C(F)(F)C(F)(C(F)(F)C(F)(C(F)(F)C(F)(F)COC(C(F)(*)C*)=O)F)F,Bandgap,6.3664,eV,phase4_adversarial_augmentation,train,randomization,representation_preserving_control,measured_target_from_graph_equivalent_source
poly_2748,C(CCC*)CCCCCCC(NCc1ccc(CNC(CCCCO*)=O)cc1)=O,Bandgap,5.1934,eV,phase4_adversarial_augmentation,train,randomization,representation_preserving_control,measured_target_from_graph_equivalent_source
poly_193,c12c(n(*)c(=O)c2c(c2c(=O)n(c(c2c1F)=O)-c1ccc(cc1)Oc1ccc(*)cc1)F)=O,Bandgap,2.0806,eV,phase4_adversarial_augmentation,train,randomization,representation_preserving_control,measured_target_from_graph_equivalent_source
poly_3918,C(CCCC(=O)OCCOCC*)CCCCC(O*)=O,Bandgap,6.5248,eV,phase4_adversarial_augmentation,train,randomization,representation_preserving_control,measured_target_from_graph_equivalent_source
poly_2554,C(CCC*)CCN(C(=O)CCC(=O)N(*)C)C,Bandgap,5.0062,eV,phase4_adversarial_augmentation,train,randomization,representation_preserving_control,measured_target_from_graph_equivalent_source
poly_3927,C(CCCCCCCCCOC(=O)CCC(=O)O*)CCCCCCCCCCCC*,Bandgap,6.5377,eV,phase4_adversarial_augmentation,train,randomization,representation_preserving_control,measured_target_from_graph_equivalent_source
poly_3142,*NC(C(*)=O)(CC)C,Bandgap,5.632999999999999,eV,phase4_adversarial_augmentation,train,randomization,representation_preserving_control,measured_target_from_graph_equivalent_source
poly_3507,COCCOCC(COC(=O)*)O*,Bandgap,5.976,eV,phase4_adversarial_augmentation,train,randomization,representation_preserving_control,measured_target_from_graph_equivalent_source
poly_3020,C(CCCCCCCCCCC)(C(NCCCCCC*)=O)C(N*)=O,Bandgap,5.4945,eV,phase4_adversarial_augmentation,train,randomization,representation_preserving_control,measured_target_from_graph_equivalent_source
poly_233,c1(C(=O)C(=S)*)ccc(N*)s1,Bandgap,2.196,eV,phase4_adversarial_augmentation,train,randomization,representation_preserving_control,measured_target_from_graph_equivalent_source
poly_1473,C1(c2c(C(=O)N1CCCCCC*)cc(Oc1cc3c(C(N(C3=O)*)=O)cc1)cc2)=O,Bandgap,3.8891,eV,phase4_adversarial_augmentation,train,randomization,representation_preserving_control,measured_target_from_graph_equivalent_source
poly_1669,c1cccc(c1C(=O)OC(C*)*)C,Bandgap,4.1103,eV,phase4_adversarial_augmentation,train,randomization,representation_preserving_control,measured_target_from_graph_equivalent_source
poly_3656,C1(OC(OC(C1)C*)CCC)*,Bandgap,6.1416,eV,phase4_adversarial_augmentation,train,randomization,representation_preserving_control,measured_target_from_graph_equivalent_source
poly_2088,O(CC(CSCCCC)(C*)CSCCCC)*,Bandgap,4.5588,eV,phase4_adversarial_augmentation,train,randomization,representation_preserving_control,measured_target_from_graph_equivalent_source
poly_1070,O(CCOC(c1ccc(-c2ccc(-c3ccc(cc3)C(O*)=O)cc2)cc1)=O)CC*,Bandgap,3.4046,eV,phase4_adversarial_augmentation,train,randomization,representation_preserving_control,measured_target_from_graph_equivalent_source
poly_2109,c1cc(C(O*)=O)ccc1C(=O)*,Bandgap,4.5781,eV,phase4_adversarial_augmentation,train,randomization,representation_preserving_control,measured_target_from_graph_equivalent_source
poly_3039,C(N*)c1cc(CNC(=O)C(C)CC(C)(C(*)=O)C)ccc1,Bandgap,5.5161,eV,phase4_adversarial_augmentation,train,randomization,representation_preserving_control,measured_target_from_graph_equivalent_source
poly_2963,N(C(=O)NCCCCCCCCCC*)*,Bandgap,5.4226,eV,phase4_adversarial_augmentation,train,randomization,representation_preserving_control,measured_target_from_graph_equivalent_source
poly_2199,CC(COC(=O)S*)(COC(SN1C(CN(*)C(C)C1)C)=O)C,Bandgap,4.6543,eV,phase4_adversarial_augmentation,train,randomization,representation_preserving_control,measured_target_from_graph_equivalent_source
poly_1132,c1c(ccc(c1)Oc1ccc(cc1)O*)Oc1ccc(cc1)C(c1ccc(*)cc1)=O,Bandgap,3.4703,eV,phase4_adversarial_augmentation,train,randomization,representation_preserving_control,measured_target_from_graph_equivalent_source
poly_1126,C(c1ccncc1)(Nc1cc(cc(C(Nc2ccc(cc2)Oc2ccc(S(c3ccc(O*)cc3)(=O)=O)cc2)=O)c1)C(Nc1ccc(*)cc1)=O)=O,Bandgap,3.4604,eV,phase4_adversarial_augmentation,train,randomization,representation_preserving_control,measured_target_from_graph_equivalent_source
poly_4044,C(CC(=O)OCCCC*)CCCC(O*)=O,Bandgap,6.7037,eV,phase4_adversarial_augmentation,train,randomization,representation_preserving_control,measured_target_from_graph_equivalent_source
poly_3374,ClC(Cl)(CCCC*)C(=O)N*,Bandgap,5.8581,eV,phase4_adversarial_augmentation,train,randomization,representation_preserving_control,measured_target_from_graph_equivalent_source
poly_765,n1cnc(cc1C=Cc1ccc(C=C*)cc1)*,Bandgap,2.9914,eV,phase4_adversarial_augmentation,train,randomization,representation_preserving_control,measured_target_from_graph_equivalent_source
poly_2709,C(C(OCCC*)=O)c1ccc(cc1)CC(=O)O*,Bandgap,5.1547,eV,phase4_adversarial_augmentation,train,randomization,representation_preserving_control,measured_target_from_graph_equivalent_source
poly_1277,C(=O)(CC(c1ccc(cc1)OCC)=CC(O*)=O)OCC(C*)O,Bandgap,3.6443,eV,phase4_adversarial_augmentation,train,randomization,representation_preserving_control,measured_target_from_graph_equivalent_source
poly_1632,*C(=O)c1ccc(C(NCNC(c2ccc(C(=O)O*)cc2)=O)=O)cc1,Bandgap,4.0724,eV,phase4_adversarial_augmentation,train,randomization,representation_preserving_control,measured_target_from_graph_equivalent_source
poly_2298,C(c1c(cc(OC(=O)*)cc1Cl)Cl)(C)(c1c(cc(O*)cc1Cl)Cl)C,Bandgap,4.7509,eV,phase4_adversarial_augmentation,train,randomization,representation_preserving_control,measured_target_from_graph_equivalent_source
poly_1740,c1cc(ccc1)CN(c1ccc(Cc2ccc(cc2)*)cc1)*,Bandgap,4.1847,eV,phase4_adversarial_augmentation,train,randomization,representation_preserving_control,measured_target_from_graph_equivalent_source
poly_2030,CC1(C)C(C(C1OC(Oc1ccc(C(c2ccc(cc2)O*)=O)cc1)=O)(C)C)OC(*)=O,Bandgap,4.5062,eV,phase4_adversarial_augmentation,train,randomization,representation_preserving_control,measured_target_from_graph_equivalent_source
poly_2526,O(*)c1cccc(c1)OC1(F)C(C(C1(F)F)(F)F)(*)F,Bandgap,4.9699,eV,phase4_adversarial_augmentation,train,randomization,representation_preserving_control,measured_target_from_graph_equivalent_source
poly_3093,C1(*)C=CC(O*)CC1,Bandgap,5.5705,eV,phase4_adversarial_augmentation,train,randomization,representation_preserving_control,measured_target_from_graph_equivalent_source
poly_750,*c1sc(-c2ccc(s2)-c2ccc(s2)C*)cc1,Bandgap,2.9777,eV,phase4_adversarial_augmentation,train,randomization,representation_preserving_control,measured_target_from_graph_equivalent_source
poly_262,OCC(CCCCCCCCCc1c(sc(*)c1)*)O,Bandgap,2.2905,eV,phase4_adversarial_augmentation,train,randomization,representation_preserving_control,measured_target_from_graph_equivalent_source
poly_3658,C(C(CCCNC(=O)OCC(C)(C*)C)OC)CNC(O*)=O,Bandgap,6.1425,eV,phase4_adversarial_augmentation,train,randomization,representation_preserving_control,measured_target_from_graph_equivalent_source
poly_1370,S(c1ccc(*)cc1)c1ccc(cc1)Sc1cc(ccc1)S*,Bandgap,3.7476,eV,phase4_adversarial_augmentation,train,randomization,representation_preserving_control,measured_target_from_graph_equivalent_source
poly_2136,c1c(ccc(c1Cl)C(OCC*)=O)O*,Bandgap,4.6001,eV,phase4_adversarial_augmentation,train,randomization,representation_preserving_control,measured_target_from_graph_equivalent_source
poly_188,c1c(sc(-c2sc(-c3cc(c4-c3ccccc4)*)cc2)c1)*,Bandgap,2.0596,eV,phase4_adversarial_augmentation,train,randomization,representation_preserving_control,measured_target_from_graph_equivalent_source
poly_1827,N(*)C(NC*)=S,Bandgap,4.2794,eV,phase4_adversarial_augmentation,train,randomization,representation_preserving_control,measured_target_from_graph_equivalent_source
poly_3867,O(CCC(F)(C(C(F)(C(F)(F)F)F)(F)F)F)C(C(F)(*)C*)=O,Bandgap,6.464,eV,phase4_adversarial_augmentation,train,randomization,representation_preserving_control,measured_target_from_graph_equivalent_source
poly_3103,CC(*)(C)C(C)(C=C*)C,Bandgap,5.5814,eV,phase4_adversarial_augmentation,train,randomization,representation_preserving_control,measured_target_from_graph_equivalent_source
poly_1570,c1(*)ccc(S(=O)(=O)c2ccc(cc2)Oc2cccc(O*)c2)cc1,Bandgap,4.0045,eV,phase4_adversarial_augmentation,train,randomization,representation_preserving_control,measured_target_from_graph_equivalent_source
poly_207,c1(C(*)=O)ccc2C(=O)N(C(=O)c2c1)c1ccc(Oc2ccc(cc2)-c2ccc(Oc3ccc(N4C(c5ccc(*)cc5C4=O)=O)cc3)cc2)cc1,Bandgap,2.13,eV,phase4_adversarial_augmentation,train,randomization,representation_preserving_control,measured_target_from_graph_equivalent_source
poly_779,c1(ccc(*)cn1)*,Bandgap,3.0047,eV,phase4_adversarial_augmentation,train,randomization,representation_preserving_control,measured_target_from_graph_equivalent_source
poly_4169,FC(F)(C([2H])(*)[2H])*,Bandgap,7.2226,eV,phase4_adversarial_augmentation,train,randomization,representation_preserving_control,measured_target_from_graph_equivalent_source
poly_2699,O=C(NC(CCC(OCC)=O)C(=O)NCC(=O)*)C(N*)C,Bandgap,5.1422,eV,phase4_adversarial_augmentation,train,randomization,representation_preserving_control,measured_target_from_graph_equivalent_source
poly_2674,c1cc(CCC(NC(Cc2ccc(O*)cc2)C(=O)OC(C)CC)=O)ccc1OC(CC(C)CCC(*)=O)=O,Bandgap,5.1178,eV,phase4_adversarial_augmentation,train,randomization,representation_preserving_control,measured_target_from_graph_equivalent_source
poly_1174,c1cc(ccc1C=O)C(*)C*,Bandgap,3.5283,eV,phase4_adversarial_augmentation,train,randomization,representation_preserving_control,measured_target_from_graph_equivalent_source
poly_1023,C(c1n(C)c(NC(*)=O)nc1*)#N,Bandgap,3.3492,eV,phase4_adversarial_augmentation,train,randomization,representation_preserving_control,measured_target_from_graph_equivalent_source
poly_2402,C(c1ccc(cc1)O*)c1ccc(*)cc1,Bandgap,4.865,eV,phase4_adversarial_augmentation,train,randomization,representation_preserving_control,measured_target_from_graph_equivalent_source
poly_3501,CCC(O*)C(=O)*,Bandgap,5.9716,eV,phase4_adversarial_augmentation,train,randomization,representation_preserving_control,measured_target_from_graph_equivalent_source
poly_932,Cc1c(c(C)c(c(CSC(C(S*)=O)=O)c1C)C)C*,Bandgap,3.2265,eV,phase4_adversarial_augmentation,train,randomization,representation_preserving_control,measured_target_from_graph_equivalent_source
poly_3871,C(CCCCCCCCCC*)CCCCc1nnc(o1)*,Bandgap,6.4664,eV,phase4_adversarial_augmentation,train,randomization,representation_preserving_control,measured_target_from_graph_equivalent_source
poly_1130,C(c1cccc(c1)C(Oc1ccc(C(CC)(c2ccc(O*)cc2)CC)cc1)=O)(=O)*,Bandgap,3.4698,eV,phase4_adversarial_augmentation,train,randomization,representation_preserving_control,measured_target_from_graph_equivalent_source
poly_2192,*OC(c1ccc(C(=O)OCC*)cc1)=O,Bandgap,4.6498,eV,phase4_adversarial_augmentation,train,randomization,representation_preserving_control,measured_target_from_graph_equivalent_source
poly_881,N(C(CCCOC(c1ccc(cc1)-c1ccc(cc1)C(O*)=O)=O)=O)c1ccc(NC(CCC*)=O)cc1,Bandgap,3.1592,eV,phase4_adversarial_augmentation,train,randomization,representation_preserving_control,measured_target_from_graph_equivalent_source
poly_1286,S=C(O*)C(N*)=O,Bandgap,3.6519,eV,phase4_adversarial_augmentation,train,randomization,representation_preserving_control,measured_target_from_graph_equivalent_source
poly_1199,c1(ccc(*)s1)C(C(*)=O)O,Bandgap,3.56,eV,phase4_adversarial_augmentation,train,randomization,representation_preserving_control,measured_target_from_graph_equivalent_source
poly_617,c1cccc2c3ccccc3n(c12)C(C(=O)NO)n1c(ccc1*)*,Bandgap,2.8134,eV,phase4_adversarial_augmentation,train,randomization,representation_preserving_control,measured_target_from_graph_equivalent_source
poly_203,c1cc(Cl)ccc1C(OC(C*)*)=O,Bandgap,2.1125,eV,phase4_adversarial_augmentation,train,randomization,representation_preserving_control,measured_target_from_graph_equivalent_source
poly_1308,C(C(=O)NO)n1c2c(c3cc(*)ccc13)cc(*)cc2,Bandgap,3.6799,eV,phase4_adversarial_augmentation,train,randomization,representation_preserving_control,measured_target_from_graph_equivalent_source
poly_1916,*CCOC(=O)c1ccc(cc1)C(CC)(C)c1ccc(cc1)C(=O)O*,Bandgap,4.3825,eV,phase4_adversarial_augmentation,train,randomization,representation_preserving_control,measured_target_from_graph_equivalent_source
poly_1519,c1cc(ccc1S(=O)(*)=O)Sc1ccc(*)cc1,Bandgap,3.9414,eV,phase4_adversarial_augmentation,train,randomization,representation_preserving_control,measured_target_from_graph_equivalent_source
poly_1991,c1cc(O*)cc(c1C(OCC*)=O)C,Bandgap,4.462,eV,phase4_adversarial_augmentation,train,randomization,representation_preserving_control,measured_target_from_graph_equivalent_source
poly_846,C(CCCCCCSc1c(C(Nc2ccc(N*)cc2)=O)cc(SCCCCCCCC)c(C(=O)*)c1)C,Bandgap,3.1071,eV,phase4_adversarial_augmentation,train,randomization,representation_preserving_control,measured_target_from_graph_equivalent_source
poly_3791,C(CC(OCC*)=O)C(=O)O*,Bandgap,6.3458,eV,phase4_adversarial_augmentation,train,randomization,representation_preserving_control,measured_target_from_graph_equivalent_source
poly_1514,O(c1ccc(Oc2ccc(cc2)O*)cc1)C(=O)c1c(cccc1)-c1ccccc1C(*)=O,Bandgap,3.9355,eV,phase4_adversarial_augmentation,train,randomization,representation_preserving_control,measured_target_from_graph_equivalent_source
poly_2365,c1c(OC(=O)COCCOCC(*)=O)ccc(c1)CCC(=O)NC(Cc1ccc(O*)cc1)C(OC)=O,Bandgap,4.825,eV,phase4_adversarial_augmentation,train,randomization,representation_preserving_control,measured_target_from_graph_equivalent_source
poly_2029,c1cc(ccc1C(=O)OCCOC(=O)CCCC*)O*,Bandgap,4.5036,eV,phase4_adversarial_augmentation,train,randomization,representation_preserving_control,measured_target_from_graph_equivalent_source
poly_2851,C(CCCCCN(C(=O)CCCCCCCCCCC(N(*)C)=O)C)*,Bandgap,5.3019,eV,phase4_adversarial_augmentation,train,randomization,representation_preserving_control,measured_target_from_graph_equivalent_source
poly_1890,C(*)Nc1ccc(cc1)O*,Bandgap,4.3453,eV,phase4_adversarial_augmentation,train,randomization,representation_preserving_control,measured_target_from_graph_equivalent_source
poly_800,OC(c1cc(c(cc1C(=O)Nc1ccc(cc1)N*)C(=O)*)C(O)=O)=O,Bandgap,3.0363,eV,phase4_adversarial_augmentation,train,randomization,representation_preserving_control,measured_target_from_graph_equivalent_source
poly_3133,*C(=O)C(C)(C)N*,Bandgap,5.6207,eV,phase4_adversarial_augmentation,train,randomization,representation_preserving_control,measured_target_from_graph_equivalent_source
poly_145,c1c(c(cc(CCCCCCC)c1*)C=CC=CC=C*)CCCCCCC,Bandgap,1.9218,eV,phase4_adversarial_augmentation,train,randomization,representation_preserving_control,measured_target_from_graph_equivalent_source
poly_1782,c1cc(ccc1)P(CCCNC(=O)C(N*)=O)CCC*,Bandgap,4.2412,eV,phase4_adversarial_augmentation,train,randomization,representation_preserving_control,measured_target_from_graph_equivalent_source
poly_3813,C1C(CCCCOC(=O)CCCCCCC*)OC(*)O1,Bandgap,6.3701,eV,phase4_adversarial_augmentation,train,randomization,representation_preserving_control,measured_target_from_graph_equivalent_source
poly_1728,*C(C(S*)C)=O,Bandgap,4.1741,eV,phase4_adversarial_augmentation,train,randomization,representation_preserving_control,measured_target_from_graph_equivalent_source
poly_173,c1(*)cc(OCCOCCOC)c(s1)-c1sc(*)c2c1OCCO2,Bandgap,2.0039,eV,phase4_adversarial_augmentation,train,randomization,representation_preserving_control,measured_target_from_graph_equivalent_source
poly_2891,C(CCC*)CCCCCCNC(NCCCCCCNC(N*)=O)=O,Bandgap,5.3423,eV,phase4_adversarial_augmentation,train,randomization,representation_preserving_control,measured_target_from_graph_equivalent_source
poly_789,*Nc1c(F)cc(cc1)NC(=O)c1c(cc(cc1)C(=O)*)F,Bandgap,3.0271,eV,phase4_adversarial_augmentation,train,randomization,representation_preserving_control,measured_target_from_graph_equivalent_source
poly_1266,c1c(*)cc2nc(*)oc2c1,Bandgap,3.6359,eV,phase4_adversarial_augmentation,train,randomization,representation_preserving_control,measured_target_from_graph_equivalent_source
poly_1586,N1(*)C(c2nc(*)n(c2C1=O)C)=O,Bandgap,4.02,eV,phase4_adversarial_augmentation,train,randomization,representation_preserving_control,measured_target_from_graph_equivalent_source
poly_3668,O(*)C(*)C=C,Bandgap,6.1583,eV,phase4_adversarial_augmentation,train,randomization,representation_preserving_control,measured_target_from_graph_equivalent_source
poly_1459,c1c(cnc(n1)*)NC(c1ccc(C(N*)=O)cc1)=O,Bandgap,3.8641,eV,phase4_adversarial_augmentation,train,randomization,representation_preserving_control,measured_target_from_graph_equivalent_source
poly_3960,FC(C(F)(C(F)(C(F)(F)C(F)(F)C(F)(OC(=O)C(C*)*)F)F)F)(F)C(F)(C(F)(F)F)F,Bandgap,6.5889,eV,phase4_adversarial_augmentation,train,randomization,representation_preserving_control,measured_target_from_graph_equivalent_source
poly_1831,n1c(NCCCCCCN*)nc(-c2ccccc2)nc1*,Bandgap,4.2826,eV,phase4_adversarial_augmentation,train,randomization,representation_preserving_control,measured_target_from_graph_equivalent_source
poly_3708,CC(C)(O*)*,Bandgap,6.2262,eV,phase4_adversarial_augmentation,train,randomization,representation_preserving_control,measured_target_from_graph_equivalent_source
poly_1681,C(O*)(CC*)=S,Bandgap,4.1346,eV,phase4_adversarial_augmentation,train,randomization,representation_preserving_control,measured_target_from_graph_equivalent_source
poly_787,C(OC(*)C*)COc1ccc(C=C(C(=O)OC)C#N)cc1,Bandgap,3.0209,eV,phase4_adversarial_augmentation,train,randomization,representation_preserving_control,measured_target_from_graph_equivalent_source
poly_3904,C(CC(C)CCC*)C(=O)O*,Bandgap,6.5122,eV,phase4_adversarial_augmentation,train,randomization,representation_preserving_control,measured_target_from_graph_equivalent_source
poly_3188,C(C(NCC(F)(C(F)(F)C(F)(F)F)F)=O)(C*)*,Bandgap,5.6849,eV,phase4_adversarial_augmentation,train,randomization,representation_preserving_control,measured_target_from_graph_equivalent_source
poly_1458,C(C(C=C)=O)COP(*)(OCCC(=O)C=C)=N*,Bandgap,3.8624,eV,phase4_adversarial_augmentation,train,randomization,representation_preserving_control,measured_target_from_graph_equivalent_source
poly_686,c1(ccc(cc1)Cc1ccc(N2C(=O)c3ccc(-c4cc5c(C(=O)N(*)C5=O)cc4)cc3C2=O)cc1)*,Bandgap,2.9091,eV,phase4_adversarial_augmentation,train,randomization,representation_preserving_control,measured_target_from_graph_equivalent_source
poly_3600,C(COC(=O)C(*)C*)=C,Bandgap,6.0639,eV,phase4_adversarial_augmentation,train,randomization,representation_preserving_control,measured_target_from_graph_equivalent_source
poly_364,c12nc(cnc1cc1c(c2)ncc(*)n1)-c1ccc(*)cc1,Bandgap,2.4806,eV,phase4_adversarial_augmentation,train,randomization,representation_preserving_control,measured_target_from_graph_equivalent_source
poly_1432,C(CCC(OCCO*)=O)C(=O)OCCOc1c(-c2ccc(cc2)OC)c(nc(-c2ccc(OC)cc2)n1)*,Bandgap,3.8299,eV,phase4_adversarial_augmentation,train,randomization,representation_preserving_control,measured_target_from_graph_equivalent_source
poly_4128,C(C*)CCCCCCCCCCCCC(=O)O*,Bandgap,6.917999999999998,eV,phase4_adversarial_augmentation,train,randomization,representation_preserving_control,measured_target_from_graph_equivalent_source
poly_306,c1c2c(=O)n(*)c(=O)c2cc2c1c(n(c2=O)-c1ccc(C(c2ccc(cc2)*)c2ccccc2)cc1)=O,Bandgap,2.3874,eV,phase4_adversarial_augmentation,train,randomization,representation_preserving_control,measured_target_from_graph_equivalent_source
poly_1259,c1c(*)ccc(C(c2ccc(Oc3ccc(O*)c(C=O)c3)cc2)=O)c1,Bandgap,3.6263,eV,phase4_adversarial_augmentation,train,randomization,representation_preserving_control,measured_target_from_graph_equivalent_source
poly_4006,C(CCCCOC(CCCCCC(=O)O*)=O)CCCCC*,Bandgap,6.6472,eV,phase4_adversarial_augmentation,train,randomization,representation_preserving_control,measured_target_from_graph_equivalent_source
poly_3642,*C1(COC(C)(OC1)C)COC*,Bandgap,6.1267,eV,phase4_adversarial_augmentation,train,randomization,representation_preserving_control,measured_target_from_graph_equivalent_source
poly_3493,C(C)(C*)(CO*)C,Bandgap,5.9613,eV,phase4_adversarial_augmentation,train,randomization,representation_preserving_control,measured_target_from_graph_equivalent_source
poly_1792,N(C(N*)=S)CCCCC*,Bandgap,4.2484,eV,phase4_adversarial_augmentation,train,randomization,representation_preserving_control,measured_target_from_graph_equivalent_source
poly_132,*c1ncc(s1)*,Bandgap,1.8622,eV,phase4_adversarial_augmentation,train,randomization,representation_preserving_control,measured_target_from_graph_equivalent_source
poly_324,c1(ccc(Oc2ccc(cc2)-n2c(c3cc4c(n(*)c(=O)c4cc3c2=O)=O)=O)c(c1)Oc1ccc(cc1)*)C(C)(C)C,Bandgap,2.4295,eV,phase4_adversarial_augmentation,train,randomization,representation_preserving_control,measured_target_from_graph_equivalent_source
poly_2235,c1(CNC(=O)OCCOC(=O)NC*)oc(C(C)(c2ccc(o2)*)C)cc1,Bandgap,4.6893,eV,phase4_adversarial_augmentation,train,randomization,representation_preserving_control,measured_target_from_graph_equivalent_source
poly_3523,O=C(*)NC1OC(*)CCC1,Bandgap,5.9929,eV,phase4_adversarial_augmentation,train,randomization,representation_preserving_control,measured_target_from_graph_equivalent_source
poly_149,c1(*)ccc(Oc2ccc(-n3c(c4c(c5c(c(=O)n(*)c5=O)c(Oc5ccc(cc5)OCCCC)c4c3=O)Oc3ccc(OCCCC)cc3)=O)cc2)cc1,Bandgap,1.9436,eV,phase4_adversarial_augmentation,train,randomization,representation_preserving_control,measured_target_from_graph_equivalent_source
poly_1106,c1c(*)cc(N2C(=O)c3ccc(cc3C2=O)-c2cc3c(cc2)C(N(*)C3=O)=O)c(c1)C,Bandgap,3.442,eV,phase4_adversarial_augmentation,train,randomization,representation_preserving_control,measured_target_from_graph_equivalent_source
poly_3605,C(CCCCCC(N*)=O)CC*,Bandgap,6.0695,eV,phase4_adversarial_augmentation,train,randomization,representation_preserving_control,measured_target_from_graph_equivalent_source
poly_2130,*C(c1ccc(c(c1)Cl)O*)=O,Bandgap,4.5967,eV,phase4_adversarial_augmentation,train,randomization,representation_preserving_control,measured_target_from_graph_equivalent_source
poly_1732,O=C(*)OC(O*)=S,Bandgap,4.1761,eV,phase4_adversarial_augmentation,train,randomization,representation_preserving_control,measured_target_from_graph_equivalent_source
poly_2685,c1c(c(CC)ccc1)C(*)C*,Bandgap,5.1303,eV,phase4_adversarial_augmentation,train,randomization,representation_preserving_control,measured_target_from_graph_equivalent_source
poly_2054,s1c(ccc1*)Oc1ccc(cc1)C*,Bandgap,4.5312,eV,phase4_adversarial_augmentation,train,randomization,representation_preserving_control,measured_target_from_graph_equivalent_source
poly_2021,C(Cc1ccc(*)c(c1)C#N)*,Bandgap,4.4939,eV,phase4_adversarial_augmentation,train,randomization,representation_preserving_control,measured_target_from_graph_equivalent_source
poly_1773,c1c([Si](O*)(Oc2ccc(cc2)*)C)cccc1,Bandgap,4.2258,eV,phase4_adversarial_augmentation,train,randomization,representation_preserving_control,measured_target_from_graph_equivalent_source
poly_1533,C(=C(CC(*)=O)c1cc(C)ccc1OC)C(=O)OCC(O*)C,Bandgap,3.9576,eV,phase4_adversarial_augmentation,train,randomization,representation_preserving_control,measured_target_from_graph_equivalent_source
poly_2119,*c1ccc(cc1)-c1ccc(OP(Oc2ccccc2)(=O)O*)cc1,Bandgap,4.5854,eV,phase4_adversarial_augmentation,train,randomization,representation_preserving_control,measured_target_from_graph_equivalent_source
poly_2575,C(C1C(C(OC)=O)C(CC1C=C*)*)(OC)=O,Bandgap,5.0196,eV,phase4_adversarial_augmentation,train,randomization,representation_preserving_control,measured_target_from_graph_equivalent_source
poly_3407,C(CCCCCCC(=O)*)CC(NNC(CCC(NN*)=O)=O)=O,Bandgap,5.8764,eV,phase4_adversarial_augmentation,train,randomization,representation_preserving_control,measured_target_from_graph_equivalent_source
poly_1495,c1c(ccc(C(O*)=O)c1)-c1ccc(cc1)C(=O)OCCCCCCCCCCCC*,Bandgap,3.9133,eV,phase4_adversarial_augmentation,train,randomization,representation_preserving_control,measured_target_from_graph_equivalent_source
poly_3840,C(*)(C)(C(OCC)=O)C*,Bandgap,6.4221,eV,phase4_adversarial_augmentation,train,randomization,representation_preserving_control,measured_target_from_graph_equivalent_source
poly_742,c1(-c2oc(-c3nnc(*)o3)nn2)ccc(cc1)*,Bandgap,2.9703,eV,phase4_adversarial_augmentation,train,randomization,representation_preserving_control,measured_target_from_graph_equivalent_source
poly_3734,C(*)(C*)C(=O)NCC(F)(F)F,Bandgap,6.2603,eV,phase4_adversarial_augmentation,train,randomization,representation_preserving_control,measured_target_from_graph_equivalent_source
poly_3496,CC(C)(COC(=O)NCCOCCOCCNC(O*)=O)C*,Bandgap,5.9669,eV,phase4_adversarial_augmentation,train,randomization,representation_preserving_control,measured_target_from_graph_equivalent_source
poly_589,c1cc(ccc1C(=O)CCN1CCCCC1)C(*)C*,Bandgap,2.7738,eV,phase4_adversarial_augmentation,train,randomization,representation_preserving_control,measured_target_from_graph_equivalent_source
poly_3366,C(*)C(O*)(CCl)C,Bandgap,5.8535,eV,phase4_adversarial_augmentation,train,randomization,representation_preserving_control,measured_target_from_graph_equivalent_source
poly_2065,c1(ccc(cc1C(=O)N(*)CC*)F)F,Bandgap,4.5391,eV,phase4_adversarial_augmentation,train,randomization,representation_preserving_control,measured_target_from_graph_equivalent_source
poly_610,C(Nc1ccc(cc1)NC(c1cc2c(C(N(C2=O)c2cc(cc(c2)-c2nc3ccccc3s2)N2C(=O)c3c(C2=O)ccc(*)c3)=O)cc1)=O)(*)=O,Bandgap,2.8046,eV,phase4_adversarial_augmentation,train,randomization,representation_preserving_control,measured_target_from_graph_equivalent_source
poly_2342,C(COc1ccc(cc1)C(C)(c1ccc(OCC(COc2cccc(c2)O*)O)cc1)C)(C*)O,Bandgap,4.7967,eV,phase4_adversarial_augmentation,train,randomization,representation_preserving_control,measured_target_from_graph_equivalent_source
poly_166,c1c2c3ccc4c5c3c(ccc5C(=O)N(C4=O)*)c3c2c2c(C(N(CCCCC*)C(c2cc3)=O)=O)c1,Bandgap,1.9843,eV,phase4_adversarial_augmentation,train,randomization,representation_preserving_control,measured_target_from_graph_equivalent_source
poly_744,c1(C(=O)*)ccc(cc1)-c1sc(-c2ccc(cc2)*)cc1,Bandgap,2.9732,eV,phase4_adversarial_augmentation,train,randomization,representation_preserving_control,measured_target_from_graph_equivalent_source
poly_1623,c1(C(*)C*)cc(c(OC(C)=O)c(c1)OC)OC,Bandgap,4.0633,eV,phase4_adversarial_augmentation,train,randomization,representation_preserving_control,measured_target_from_graph_equivalent_source
poly_2230,O=C(NCCCCCCCCCCNC(=O)*)c1cc(*)cnc1,Bandgap,4.6863,eV,phase4_adversarial_augmentation,train,randomization,representation_preserving_control,measured_target_from_graph_equivalent_source
poly_2452,C(CCCCC(=O)Nc1cccc(c1)N*)CCC(*)=O,Bandgap,4.9065,eV,phase4_adversarial_augmentation,train,randomization,representation_preserving_control,measured_target_from_graph_equivalent_source
poly_1324,*c1ccc(c(c1)OC)N*,Bandgap,3.6964,eV,phase4_adversarial_augmentation,train,randomization,representation_preserving_control,measured_target_from_graph_equivalent_source
poly_2293,Cc1ccccc1N1C(C(C(C)(C*)C)C(C1=O)*)=O,Bandgap,4.7453,eV,phase4_adversarial_augmentation,train,randomization,representation_preserving_control,measured_target_from_graph_equivalent_source
poly_1328,c1(CO)cc(ccc1O*)Oc1ccc(cc1)C(c1ccc(*)cc1)=O,Bandgap,3.702,eV,phase4_adversarial_augmentation,train,randomization,representation_preserving_control,measured_target_from_graph_equivalent_source
poly_1780,Cc1ccc(NC(N*)=O)cc1NC(=O)NCCOCCOCCN*,Bandgap,4.2379,eV,phase4_adversarial_augmentation,train,randomization,representation_preserving_control,measured_target_from_graph_equivalent_source
poly_3107,C(NC(N*)=O)CCCCCNC(NCCCCCCC*)=O,Bandgap,5.5863,eV,phase4_adversarial_augmentation,train,randomization,representation_preserving_control,measured_target_from_graph_equivalent_source
poly_2965,C(C(C)(CC=C*)CC*)(OC)=O,Bandgap,5.4239,eV,phase4_adversarial_augmentation,train,randomization,representation_preserving_control,measured_target_from_graph_equivalent_source
poly_3252,C(C(C)(C)C)(C*)CO*,Bandgap,5.7473,eV,phase4_adversarial_augmentation,train,randomization,representation_preserving_control,measured_target_from_graph_equivalent_source
poly_2844,c1ccc(cc1C*)CN(C)C(CCCCC(N(*)C)=O)=O,Bandgap,5.2937,eV,phase4_adversarial_augmentation,train,randomization,representation_preserving_control,measured_target_from_graph_equivalent_source
poly_235,c1(Oc2c(cc(-n3c(=O)c4cc5c(n(c(=O)c5cc4c3=O)*)=O)cc2)-c2ccccc2)ccc(cc1)*,Bandgap,2.2077,eV,phase4_adversarial_augmentation,train,randomization,representation_preserving_control,measured_target_from_graph_equivalent_source
poly_1677,O(c1cc(c(OCC)cc1C=C*)*)CC,Bandgap,4.1269,eV,phase4_adversarial_augmentation,train,randomization,representation_preserving_control,measured_target_from_graph_equivalent_source
poly_1045,c1c(N*)ccc(c1)Cc1ccc(cc1)NC(c1ccc(cc1)P(=O)(c1ccccc1)c1ccc(cc1)C(=O)*)=O,Bandgap,3.3674,eV,phase4_adversarial_augmentation,train,randomization,representation_preserving_control,measured_target_from_graph_equivalent_source
poly_285,C1(c2c(C(N1c1ccc3c(Cc4c-3ccc(N3C(=O)c5c(C3=O)ccc(C(*)=O)c5)c4)c1)=O)cc(*)cc2)=O,Bandgap,2.344,eV,phase4_adversarial_augmentation,train,randomization,representation_preserving_control,measured_target_from_graph_equivalent_source
poly_3080,C(CCCCC(=O)OCCCCCCCCCC#CC#CCCCCCCCCC*)CC(=O)O*,Bandgap,5.5535,eV,phase4_adversarial_augmentation,train,randomization,representation_preserving_control,measured_target_from_graph_equivalent_source
poly_312,c1(C(c2ccc(cc2)*)C(C)C)ccc(-n2c(=O)c3c(cc4c(n(*)c(c4c3)=O)=O)c2=O)cc1,Bandgap,2.4053,eV,phase4_adversarial_augmentation,train,randomization,representation_preserving_control,measured_target_from_graph_equivalent_source
poly_2350,C(*)C(*)c1c(C(OC)=O)cccc1,Bandgap,4.8063,eV,phase4_adversarial_augmentation,train,randomization,representation_preserving_control,measured_target_from_graph_equivalent_source
poly_1950,c1c(ccc(OC(*)=O)c1)C(c1ccc(cc1)O*)(C(F)(Cl)F)C(F)(Cl)F,Bandgap,4.421,eV,phase4_adversarial_augmentation,train,randomization,representation_preserving_control,measured_target_from_graph_equivalent_source
poly_1871,C(=C(C)C(=O)N*)C(=O)NCc1cccc(C*)c1,Bandgap,4.3212,eV,phase4_adversarial_augmentation,train,randomization,representation_preserving_control,measured_target_from_graph_equivalent_source
poly_606,C(C(C)(C1CCC(CC1)(c1ccc(N2C(c3c(C2=O)ccc(*)c3)=O)cc1)c1ccc(NC(=O)*)cc1)C)C,Bandgap,2.7979,eV,phase4_adversarial_augmentation,train,randomization,representation_preserving_control,measured_target_from_graph_equivalent_source
poly_1894,O(CCCC*)C(c1cccc(c1)NC(O*)=O)=O,Bandgap,4.3503,eV,phase4_adversarial_augmentation,train,randomization,representation_preserving_control,measured_target_from_graph_equivalent_source
poly_781,c1cc(*)cc(C=C*)c1,Bandgap,3.0058,eV,phase4_adversarial_augmentation,train,randomization,representation_preserving_control,measured_target_from_graph_equivalent_source
poly_401,O=C1C=C(C(C=C1*)=O)N=C1C=CC(=N*)C=C1,Bandgap,2.5206,eV,phase4_adversarial_augmentation,train,randomization,representation_preserving_control,measured_target_from_graph_equivalent_source
poly_1114,c1(ccc(OC(=S)*)s1)N*,Bandgap,3.4485,eV,phase4_adversarial_augmentation,train,randomization,representation_preserving_control,measured_target_from_graph_equivalent_source
poly_868,C(Nc1ccc(C)c(c1)NC(=O)O*)(OCCN(CC*)c1ccc(cc1)C=C1C(NC(=O)N1)=O)=O,Bandgap,3.1402,eV,phase4_adversarial_augmentation,train,randomization,representation_preserving_control,measured_target_from_graph_equivalent_source
poly_1996,C(CC*)CCOc1ccc(cc1)C(=O)OC(=O)c1ccc(O*)cc1,Bandgap,4.4701,eV,phase4_adversarial_augmentation,train,randomization,representation_preserving_control,measured_target_from_graph_equivalent_source
poly_2241,c1cc(*)ccc1OC(=S)O*,Bandgap,4.6944,eV,phase4_adversarial_augmentation,train,randomization,representation_preserving_control,measured_target_from_graph_equivalent_source
poly_1823,C(N*)(c1c(c(F)c(c(c1F)F)C(=O)NCCCCCC*)F)=O,Bandgap,4.276,eV,phase4_adversarial_augmentation,train,randomization,representation_preserving_control,measured_target_from_graph_equivalent_source
poly_2455,c1cc(NC(OCC*)=O)ccc1CCCc1ccc(NC(=O)O*)cc1,Bandgap,4.9081,eV,phase4_adversarial_augmentation,train,randomization,representation_preserving_control,measured_target_from_graph_equivalent_source
poly_1646,O=C(Oc1ccc(cc1)C(=O)Oc1ccc(cc1)O*)CCCCCCCCC(=O)*,Bandgap,4.0869,eV,phase4_adversarial_augmentation,train,randomization,representation_preserving_control,measured_target_from_graph_equivalent_source
poly_2239,c1c(ccc(C(C)(c2ccc(c(Cl)c2)OC(*)=O)C)c1)O*,Bandgap,4.6926,eV,phase4_adversarial_augmentation,train,randomization,representation_preserving_control,measured_target_from_graph_equivalent_source
poly_416,N1(C(=O)c2cc(ccc2C1=O)C(*)=O)c1cccc(c1)Nc1nc(nc(n1)N)Nc1cc(ccc1)N1C(=O)c2c(cc(*)cc2)C1=O,Bandgap,2.5377,eV,phase4_adversarial_augmentation,train,randomization,representation_preserving_control,measured_target_from_graph_equivalent_source
poly_1054,S=C(CCC*)*,Bandgap,3.3815,eV,phase4_adversarial_augmentation,train,randomization,representation_preserving_control,measured_target_from_graph_equivalent_source
poly_885,c1cc(NC(c2ccc(cc2)C(Nc2ccc(O*)cc2)=O)=O)ccc1OCCOCCOCC*,Bandgap,3.1624,eV,phase4_adversarial_augmentation,train,randomization,representation_preserving_control,measured_target_from_graph_equivalent_source
poly_3109,C[Si](C)(C)C1(C#N)CC(C=C*)CC1*,Bandgap,5.5889,eV,phase4_adversarial_augmentation,train,randomization,representation_preserving_control,measured_target_from_graph_equivalent_source
poly_301,c1cc(ccc1C1(c2ccccc2-c2c1cccc2)c1ccc(cc1)N1C(c2c(cc(cc2)*)C1=O)=O)N1C(c2ccc(C(*)=O)cc2C1=O)=O,Bandgap,2.372,eV,phase4_adversarial_augmentation,train,randomization,representation_preserving_control,measured_target_from_graph_equivalent_source
poly_2005,*Oc1ccc(cc1)OCC(=O)NCCCCCCNC(=O)C*,Bandgap,4.4776,eV,phase4_adversarial_augmentation,train,randomization,representation_preserving_control,measured_target_from_graph_equivalent_source
poly_3554,C(OCCCl)(C*)*,Bandgap,6.0222,eV,phase4_adversarial_augmentation,train,randomization,representation_preserving_control,measured_target_from_graph_equivalent_source
poly_3213,C(CCCCC(NCCCC*)=O)CCCCCC(N*)=O,Bandgap,5.7128,eV,phase4_adversarial_augmentation,train,randomization,representation_preserving_control,measured_target_from_graph_equivalent_source
poly_118,c1(ccc(s1)C(c1ccc(*)s1)=S)N*,Bandgap,1.771,eV,phase4_adversarial_augmentation,train,randomization,representation_preserving_control,measured_target_from_graph_equivalent_source
poly_270,s1c(cc(c1*)CCCCCCCCCCCCCCCCCCCCCC)*,Bandgap,2.319,eV,phase4_adversarial_augmentation,train,randomization,representation_preserving_control,measured_target_from_graph_equivalent_source
poly_3169,C1C(CC2CC(OC(=O)Oc3cc(OC(=O)O*)ccc3)CC1O2)*,Bandgap,5.6565,eV,phase4_adversarial_augmentation,train,randomization,representation_preserving_control,measured_target_from_graph_equivalent_source
poly_2854,*C1CC(C=C*)C2C1C(N(CCCC)C2=O)=O,Bandgap,5.3038,eV,phase4_adversarial_augmentation,train,randomization,representation_preserving_control,measured_target_from_graph_equivalent_source
poly_239,*c1ccc(cc1)-c1ccc(-n2c(=O)c3cc4c(cc3c2=O)c(=O)n(*)c4=O)cc1,Bandgap,2.2166,eV,phase4_adversarial_augmentation,train,randomization,representation_preserving_control,measured_target_from_graph_equivalent_source
poly_690,c1cc(oc1*)C=C*,Bandgap,2.9162,eV,phase4_adversarial_augmentation,train,randomization,representation_preserving_control,measured_target_from_graph_equivalent_source
poly_2399,c1c(ccc(C(=O)N(*)CC*)c1)OC,Bandgap,4.8635,eV,phase4_adversarial_augmentation,train,randomization,representation_preserving_control,measured_target_from_graph_equivalent_source
poly_1363,CC(Cc1ccc(cc1)N*)(NC(c1ccc(cc1)C(=O)*)=O)C,Bandgap,3.7404,eV,phase4_adversarial_augmentation,train,randomization,representation_preserving_control,measured_target_from_graph_equivalent_source
poly_363,c1cc(ccc1C(C)(c1ccc(N2C(c3ccc(cc3C2=O)*)=O)cc1)C)C(c1ccc(N2C(c3c(cc(cc3)C(*)=O)C2=O)=O)cc1)(C)C,Bandgap,2.4803,eV,phase4_adversarial_augmentation,train,randomization,representation_preserving_control,measured_target_from_graph_equivalent_source
poly_1729,CC(c1ccc(Oc2ccc(S(=O)(=O)c3ccc(cc3N)O*)cc2)cc1)(c1ccc(*)cc1)C,Bandgap,4.1743,eV,phase4_adversarial_augmentation,train,randomization,representation_preserving_control,measured_target_from_graph_equivalent_source
poly_206,*C=Cc1ccc(*)c(F)c1,Bandgap,2.119,eV,phase4_adversarial_augmentation,train,randomization,representation_preserving_control,measured_target_from_graph_equivalent_source
poly_2481,c1cc(ccc1C(c1ccccc1)(C#N)c1ccc(cc1)OC(=O)*)O*,Bandgap,4.9282,eV,phase4_adversarial_augmentation,train,randomization,representation_preserving_control,measured_target_from_graph_equivalent_source
poly_2620,O=C(N(CC*)*)c1ccc(cc1)F,Bandgap,5.0808,eV,phase4_adversarial_augmentation,train,randomization,representation_preserving_control,measured_target_from_graph_equivalent_source
poly_3023,FC(F)(F)C1(C(F)(F)F)C(CC(C1(F)F)C=C*)*,Bandgap,5.5,eV,phase4_adversarial_augmentation,train,randomization,representation_preserving_control,measured_target_from_graph_equivalent_source
poly_1088,c12c(cc(*)cc1)c1c(ccc(*)c1)[nH]2,Bandgap,3.4191,eV,phase4_adversarial_augmentation,train,randomization,representation_preserving_control,measured_target_from_graph_equivalent_source
poly_3564,*CCOCCOCCOC(=O)NCCCCCCNC(O*)=O,Bandgap,6.0302,eV,phase4_adversarial_augmentation,train,randomization,representation_preserving_control,measured_target_from_graph_equivalent_source
poly_1499,c1c(cccc1)N(C(c1ccc(OCCCCCC*)cc1)=O)C(c1ccc(cc1)O*)=O,Bandgap,3.9212,eV,phase4_adversarial_augmentation,train,randomization,representation_preserving_control,measured_target_from_graph_equivalent_source
poly_1292,c1cc(ccc1C(*)=O)C(Nc1ccc(cc1)C(c1ccc(N*)cc1)=O)=O,Bandgap,3.6638,eV,phase4_adversarial_augmentation,train,randomization,representation_preserving_control,measured_target_from_graph_equivalent_source
poly_1695,O(CC(O)C*)c1ccc(S(c2ccc(cc2)OCC(O)COc2cc(ccc2)O*)(=O)=O)cc1,Bandgap,4.1474,eV,phase4_adversarial_augmentation,train,randomization,representation_preserving_control,measured_target_from_graph_equivalent_source
poly_255,c12c(*)[nH]c(c1CCC2)*,Bandgap,2.2689,eV,phase4_adversarial_augmentation,train,randomization,representation_preserving_control,measured_target_from_graph_equivalent_source
poly_2037,O(*)c1c(C)cc(cc1C)*,Bandgap,4.5131,eV,phase4_adversarial_augmentation,train,randomization,representation_preserving_control,measured_target_from_graph_equivalent_source
poly_4108,*CC(*)OC(=O)CCC,Bandgap,6.8392,eV,phase4_adversarial_augmentation,train,randomization,representation_preserving_control,measured_target_from_graph_equivalent_source
poly_2536,C(C*)(*)SCC,Bandgap,4.9830000000000005,eV,phase4_adversarial_augmentation,train,randomization,representation_preserving_control,measured_target_from_graph_equivalent_source
poly_1735,c1(Oc2cccc(c2C#N)*)c(cc(O*)cc1)-c1cccc(C)c1,Bandgap,4.1777,eV,phase4_adversarial_augmentation,train,randomization,representation_preserving_control,measured_target_from_graph_equivalent_source
poly_3427,C(COCCOC(=O)COCC(=O)O*)*,Bandgap,5.8945,eV,phase4_adversarial_augmentation,train,randomization,representation_preserving_control,measured_target_from_graph_equivalent_source
poly_138,C(*)(c1ccccc1C(F)(F)F)=C*,Bandgap,1.8895,eV,phase4_adversarial_augmentation,train,randomization,representation_preserving_control,measured_target_from_graph_equivalent_source
poly_1386,C(CCC*)CCCCCCSSCCCCCCSS*,Bandgap,3.7675,eV,phase4_adversarial_augmentation,train,randomization,representation_preserving_control,measured_target_from_graph_equivalent_source
poly_1631,CC(c1ccc(O*)cc1)=Cc1ccc(OC(OCCCCCOC(=O)*)=O)cc1,Bandgap,4.0699,eV,phase4_adversarial_augmentation,train,randomization,representation_preserving_control,measured_target_from_graph_equivalent_source
poly_844,O(c1ccc(SSc2ccc(*)cc2)cc1)*,Bandgap,3.1064,eV,phase4_adversarial_augmentation,train,randomization,representation_preserving_control,measured_target_from_graph_equivalent_source
poly_120,*C=Cc1ccc(*)c(OC)c1,Bandgap,1.7776,eV,phase4_adversarial_augmentation,train,randomization,representation_preserving_control,measured_target_from_graph_equivalent_source
poly_588,c1cc(ccc1C1(c2ccc(O*)cc2)CC2CC1C1C2CCC1)OC(=O)c1ccc(cc1)C(=O)*,Bandgap,2.7731,eV,phase4_adversarial_augmentation,train,randomization,representation_preserving_control,measured_target_from_graph_equivalent_source
poly_4002,*C(C#N)(C(*)C#N)C#N,Bandgap,6.6373,eV,phase4_adversarial_augmentation,train,randomization,representation_preserving_control,measured_target_from_graph_equivalent_source
poly_82,C(#C*)C#Cc1cc2c(s1)cc(s2)*,Bandgap,1.561,eV,phase4_adversarial_augmentation,train,randomization,representation_preserving_control,measured_target_from_graph_equivalent_source
poly_1726,N(*)(C)N(C)C(=O)c1ccc(cc1)C(*)=O,Bandgap,4.1739,eV,phase4_adversarial_augmentation,train,randomization,representation_preserving_control,measured_target_from_graph_equivalent_source
poly_2205,c1(C(OCCCC*)=O)ccccc1-c1ccccc1C(=O)O*,Bandgap,4.6586,eV,phase4_adversarial_augmentation,train,randomization,representation_preserving_control,measured_target_from_graph_equivalent_source
poly_1605,*NC(NC(*)=O)=O,Bandgap,4.0437,eV,phase4_adversarial_augmentation,train,randomization,representation_preserving_control,measured_target_from_graph_equivalent_source
poly_3603,C(CC(=O)*)CCC(NNC(=O)C1CCC(C(NN*)=O)CC1)=O,Bandgap,6.0678,eV,phase4_adversarial_augmentation,train,randomization,representation_preserving_control,measured_target_from_graph_equivalent_source
poly_424,c1(=O)n(*)c(c2c1cc1c(c2)c(n(c1=O)-c1ccc(cc1)Cc1ccc(cc1)*)=O)=O,Bandgap,2.5456,eV,phase4_adversarial_augmentation,train,randomization,representation_preserving_control,measured_target_from_graph_equivalent_source
poly_2216,c1(OC(*)=O)ccc(C(C)(c2ccc(cc2)O*)CCC)cc1,Bandgap,4.6663,eV,phase4_adversarial_augmentation,train,randomization,representation_preserving_control,measured_target_from_graph_equivalent_source
poly_1048,c1c(cc(C(Nc2ccc(C(C)(C)c3ccc(cc3)N*)cc2)=O)cc1N1C(C2C(CC=CC2)C1=O)=O)C(*)=O,Bandgap,3.3743,eV,phase4_adversarial_augmentation,train,randomization,representation_preserving_control,measured_target_from_graph_equivalent_source
poly_1517,Cc1ccc(cc1)C(*)C(=O)C*,Bandgap,3.9396,eV,phase4_adversarial_augmentation,train,randomization,representation_preserving_control,measured_target_from_graph_equivalent_source
poly_2250,c1cc(ccc1OC(*)=O)C(C(Cl)Cl)c1ccc(O*)cc1,Bandgap,4.7047,eV,phase4_adversarial_augmentation,train,randomization,representation_preserving_control,measured_target_from_graph_equivalent_source
poly_1024,C(*)=Cc1ccc(cc1)*,Bandgap,3.3499,eV,phase4_adversarial_augmentation,train,randomization,representation_preserving_control,measured_target_from_graph_equivalent_source
poly_3349,O=C(OC(C1C(*)C(OC1=O)=O)C*)C,Bandgap,5.8319,eV,phase4_adversarial_augmentation,train,randomization,representation_preserving_control,measured_target_from_graph_equivalent_source
poly_753,C(*)(Nc1ccc(cc1)C(=O)Nc1ccc(NC(c2ccc3c(c2)nc(-c2cccc(c2)-c2nc4c(ccc(*)c4)[nH]2)[nH]3)=O)cc1)=O,Bandgap,2.979,eV,phase4_adversarial_augmentation,train,randomization,representation_preserving_control,measured_target_from_graph_equivalent_source
poly_621,c1(n(c(c2cc3c(c(=O)n(c3=O)*)cc21)=O)-c1ccc(cc1)OC(=O)c1ccc(*)cc1)=O,Bandgap,2.8175,eV,phase4_adversarial_augmentation,train,randomization,representation_preserving_control,measured_target_from_graph_equivalent_source
poly_3276,C1C(CNC(=O)CCCCC(=O)NC*)OCC(*)O1,Bandgap,5.7675,eV,phase4_adversarial_augmentation,train,randomization,representation_preserving_control,measured_target_from_graph_equivalent_source
poly_3565,C(CCC(N*)=O)CCCCCCCCCC(=O)NCCCCCCCCCCCC*,Bandgap,6.0318,eV,phase4_adversarial_augmentation,train,randomization,representation_preserving_control,measured_target_from_graph_equivalent_source
poly_3343,O=C(CC(O*)C(Cl)Cl)*,Bandgap,5.8216,eV,phase4_adversarial_augmentation,train,randomization,representation_preserving_control,measured_target_from_graph_equivalent_source
poly_1664,*c1c(OC)c(c(*)s1)OC,Bandgap,4.1031,eV,phase4_adversarial_augmentation,train,randomization,representation_preserving_control,measured_target_from_graph_equivalent_source
poly_3578,O(CCC*)C(=O)COCC(O*)=O,Bandgap,6.046,eV,phase4_adversarial_augmentation,train,randomization,representation_preserving_control,measured_target_from_graph_equivalent_source
poly_701,O=C1N(C(=O)c2c(-c3cc4c(C(N(C4=O)c4ccc(cc4C)-c4ccc(*)c(c4)C)=O)cc3)cccc21)*,Bandgap,2.9249,eV,phase4_adversarial_augmentation,train,randomization,representation_preserving_control,measured_target_from_graph_equivalent_source
poly_1874,*c1c(c(Cl)c(c(c1Cl)Cl)CC*)Cl,Bandgap,4.3241,eV,phase4_adversarial_augmentation,train,randomization,representation_preserving_control,measured_target_from_graph_equivalent_source
poly_2430,c1cc(sc1*)CC*,Bandgap,4.8896,eV,phase4_adversarial_augmentation,train,randomization,representation_preserving_control,measured_target_from_graph_equivalent_source
poly_2559,CC(c1ccc(O*)cc1)(c1ccccc1)c1ccc(OC(=O)OC2C(C(OC(=O)*)C2(C)C)(C)C)cc1,Bandgap,5.0101,eV,phase4_adversarial_augmentation,train,randomization,representation_preserving_control,measured_target_from_graph_equivalent_source
poly_3195,OCC(CO)(CO*)C*,Bandgap,5.6943,eV,phase4_adversarial_augmentation,train,randomization,representation_preserving_control,measured_target_from_graph_equivalent_source
poly_3545,C(CCCCCCCCCC(NCCCC*)=O)CCCCC(N*)=O,Bandgap,6.0171,eV,phase4_adversarial_augmentation,train,randomization,representation_preserving_control,measured_target_from_graph_equivalent_source
poly_3650,C1CC(C(=O)OCCOCCOCC*)CCC1C(=O)O*,Bandgap,6.1348,eV,phase4_adversarial_augmentation,train,randomization,representation_preserving_control,measured_target_from_graph_equivalent_source
poly_3968,O(*)C(CCCCC*)=O,Bandgap,6.5974,eV,phase4_adversarial_augmentation,train,randomization,representation_preserving_control,measured_target_from_graph_equivalent_source
poly_4143,C1(COC(=O)OCCCC*)CCC(CC1)COC(=O)O*,Bandgap,7.0059,eV,phase4_adversarial_augmentation,train,randomization,representation_preserving_control,measured_target_from_graph_equivalent_source
poly_1536,*C(n1c2ccccc2c2ccccc21)C*,Bandgap,3.9624,eV,phase4_adversarial_augmentation,train,randomization,representation_preserving_control,measured_target_from_graph_equivalent_source
poly_1036,c1c(*)cc2c3cc(ccc3n(c2c1)C)*,Bandgap,3.3599,eV,phase4_adversarial_augmentation,train,randomization,representation_preserving_control,measured_target_from_graph_equivalent_source
poly_1224,c1(ccc(cc1)C(C*)*)C(Cc1ccccc1)=O,Bandgap,3.5934,eV,phase4_adversarial_augmentation,train,randomization,representation_preserving_control,measured_target_from_graph_equivalent_source
poly_2018,c1cc(ccc1C(OC(c1ccc(OCCCC*)cc1)=O)=O)O*,Bandgap,4.4911,eV,phase4_adversarial_augmentation,train,randomization,representation_preserving_control,measured_target_from_graph_equivalent_source
poly_228,C(c1sc(cc1)*)(=S)c1ccc(C(=O)*)s1,Bandgap,2.182,eV,phase4_adversarial_augmentation,train,randomization,representation_preserving_control,measured_target_from_graph_equivalent_source
poly_3628,C1C2CC(*)C1C(C2CCCC)*,Bandgap,6.1081,eV,phase4_adversarial_augmentation,train,randomization,representation_preserving_control,measured_target_from_graph_equivalent_source
poly_1882,c1c2c(C(C)(CC23c2cc(ccc2C(C)(C)C3)OC(=O)*)C)ccc1O*,Bandgap,4.341,eV,phase4_adversarial_augmentation,train,randomization,representation_preserving_control,measured_target_from_graph_equivalent_source
poly_770,CC1(CC(c2cc(C)c(OC(c3cc(C(C)(C)C)cc(C(=O)*)c3)=O)c(C)c2)(c2cc(c(c(c2)C)O*)C)CC(C1)C)C,Bandgap,2.9976,eV,phase4_adversarial_augmentation,train,randomization,representation_preserving_control,measured_target_from_graph_equivalent_source
poly_3346,C(CCNC(CCCCCCCC*)=O)CCCNC(=O)CCCCO*,Bandgap,5.8255,eV,phase4_adversarial_augmentation,train,randomization,representation_preserving_control,measured_target_from_graph_equivalent_source
poly_1824,*CC(=CC*)CCCC,Bandgap,4.2773,eV,phase4_adversarial_augmentation,train,randomization,representation_preserving_control,measured_target_from_graph_equivalent_source
poly_688,C(OP(OCC)(Cc1c(-n2c(=O)c3c(c2=O)cc2c(c3)c(=O)n(c2=O)*)ccc(c1)*)=O)C,Bandgap,2.9129,eV,phase4_adversarial_augmentation,train,randomization,representation_preserving_control,measured_target_from_graph_equivalent_source
poly_1698,O(c1ccc(cc1)OC(c1ccc(cc1)OCCCCCC*)=O)*,Bandgap,4.1516,eV,phase4_adversarial_augmentation,train,randomization,representation_preserving_control,measured_target_from_graph_equivalent_source
poly_3719,O=C(CCCC(=O)OCCOCC*)O*,Bandgap,6.2403,eV,phase4_adversarial_augmentation,train,randomization,representation_preserving_control,measured_target_from_graph_equivalent_source
poly_2551,*OC(c1cc(ccc1)C(OCC1C(C1)C*)=O)=O,Bandgap,5.001,eV,phase4_adversarial_augmentation,train,randomization,representation_preserving_control,measured_target_from_graph_equivalent_source
poly_3731,C(C(O*)COC(*)=O)OCCCC,Bandgap,6.2574,eV,phase4_adversarial_augmentation,train,randomization,representation_preserving_control,measured_target_from_graph_equivalent_source
poly_1579,O(c1cccc(C(=O)OC(=O)c2cccc(c2)O*)c1)CCC*,Bandgap,4.0132,eV,phase4_adversarial_augmentation,train,randomization,representation_preserving_control,measured_target_from_graph_equivalent_source
poly_2778,c1cc(C*)ccc1COC(CCCCCCCC(O*)=O)=O,Bandgap,5.2217,eV,phase4_adversarial_augmentation,train,randomization,representation_preserving_control,measured_target_from_graph_equivalent_source
poly_3903,C(CCC(=O)*)CCCC(=O)OCC(C)O*,Bandgap,6.5116,eV,phase4_adversarial_augmentation,train,randomization,representation_preserving_control,measured_target_from_graph_equivalent_source
poly_1451,c1cc(-c2nnc(o2)CCCCCCC*)ccc1-c1oc(*)nn1,Bandgap,3.8544,eV,phase4_adversarial_augmentation,train,randomization,representation_preserving_control,measured_target_from_graph_equivalent_source
poly_839,C(=CC(O*)=O)(CC(=O)OCCOCC*)c1c(ccc(C)c1)OC,Bandgap,3.1,eV,phase4_adversarial_augmentation,train,randomization,representation_preserving_control,measured_target_from_graph_equivalent_source
poly_3606,O(C(=O)C(CC(*)=O)N*)CCCC,Bandgap,6.072,eV,phase4_adversarial_augmentation,train,randomization,representation_preserving_control,measured_target_from_graph_equivalent_source
poly_1532,c1cc(ccc1Oc1ccc(O*)c(c1)CC#N)C(=O)c1ccc(*)cc1,Bandgap,3.9557,eV,phase4_adversarial_augmentation,train,randomization,representation_preserving_control,measured_target_from_graph_equivalent_source
poly_4149,*C(C1(F)C(C(C(C1(F)F)(F)F)(F)*)(F)F)(F)F,Bandgap,7.0615,eV,phase4_adversarial_augmentation,train,randomization,representation_preserving_control,measured_target_from_graph_equivalent_source
poly_1606,O(c1ccc(NC(=O)c2cc(ccc2)C(=O)Nc2ccc(O*)cc2)cc1)c1ccc(C2(C3CC4CC2CC(C3)C4)c2ccc(*)cc2)cc1,Bandgap,4.0447,eV,phase4_adversarial_augmentation,train,randomization,representation_preserving_control,measured_target_from_graph_equivalent_source
poly_1542,c1(ccc(cc1)C(OCCCCCCC*)=O)-c1ccc(cc1)C(=O)O*,Bandgap,3.9708,eV,phase4_adversarial_augmentation,train,randomization,representation_preserving_control,measured_target_from_graph_equivalent_source
poly_3478,C(NC(CCCCCC*)=O)CCCCCNC(=O)CCCCCCO*,Bandgap,5.9469,eV,phase4_adversarial_augmentation,train,randomization,representation_preserving_control,measured_target_from_graph_equivalent_source
poly_1694,O(c1cc(OC(=O)c2cc(C(*)=O)ccc2)cc(c1)CCCC)*,Bandgap,4.1472,eV,phase4_adversarial_augmentation,train,randomization,representation_preserving_control,measured_target_from_graph_equivalent_source
poly_1478,c1cc(ccc1O*)-c1ccc(C(*)=O)cc1,Bandgap,3.8982,eV,phase4_adversarial_augmentation,train,randomization,representation_preserving_control,measured_target_from_graph_equivalent_source
poly_240,O=C1c2ccc(cc2C(N1*)=O)C(c1ccc2C(=O)N(CC(Nc3ccc(Cc4ccc(cc4)NC(=O)C*)cc3)=O)C(c2c1)=O)=O,Bandgap,2.2184,eV,phase4_adversarial_augmentation,train,randomization,representation_preserving_control,measured_target_from_graph_equivalent_source
poly_1951,c1cc(C*)sc1C(=O)O*,Bandgap,4.4211,eV,phase4_adversarial_augmentation,train,randomization,representation_preserving_control,measured_target_from_graph_equivalent_source
poly_1275,C=CCN(*)C(=S)*,Bandgap,3.6436,eV,phase4_adversarial_augmentation,train,randomization,representation_preserving_control,measured_target_from_graph_equivalent_source
poly_1309,*N(C(=S)*)C,Bandgap,3.6807,eV,phase4_adversarial_augmentation,train,randomization,representation_preserving_control,measured_target_from_graph_equivalent_source
poly_3983,*C1CCC(C1)*,Bandgap,6.6111,eV,phase4_adversarial_augmentation,train,randomization,representation_preserving_control,measured_target_from_graph_equivalent_source
poly_3451,C(C(C)N*)C(*)=O,Bandgap,5.9253,eV,phase4_adversarial_augmentation,train,randomization,representation_preserving_control,measured_target_from_graph_equivalent_source
poly_2801,c1(C(C)C)c(O*)c(cc(c1)*)C(C)C,Bandgap,5.2366,eV,phase4_adversarial_augmentation,train,randomization,representation_preserving_control,measured_target_from_graph_equivalent_source
poly_553,c1ccccc1-c1nc2c(c(sc2*)*)nc1CC,Bandgap,2.7281,eV,phase4_adversarial_augmentation,train,randomization,representation_preserving_control,measured_target_from_graph_equivalent_source
poly_1104,c12c(cc(*)cc2)c2c(ccc(c2)*)n1CC,Bandgap,3.4388,eV,phase4_adversarial_augmentation,train,randomization,representation_preserving_control,measured_target_from_graph_equivalent_source
poly_976,c1c(ccc2c1ncc(n2)-c1ccc(*)cc1)Oc1cc2c(nc(*)cn2)cc1,Bandgap,3.2905,eV,phase4_adversarial_augmentation,train,randomization,representation_preserving_control,measured_target_from_graph_equivalent_source
poly_668,c1(-c2ccc(cc2)-c2ccc(cc2)-c2ccc(*)cc2)ccc(s1)*,Bandgap,2.8879,eV,phase4_adversarial_augmentation,train,randomization,representation_preserving_control,measured_target_from_graph_equivalent_source
poly_2984,c1(COC(CCCCCCCCCCC(O*)=O)=O)ccc(cc1)C*,Bandgap,5.4468,eV,phase4_adversarial_augmentation,train,randomization,representation_preserving_control,measured_target_from_graph_equivalent_source
poly_3389,*NC(=O)CCCC(NC*)=O,Bandgap,5.8672,eV,phase4_adversarial_augmentation,train,randomization,representation_preserving_control,measured_target_from_graph_equivalent_source
poly_3371,C(CCCCC(NN*)=O)CCCC(=O)*,Bandgap,5.857,eV,phase4_adversarial_augmentation,train,randomization,representation_preserving_control,measured_target_from_graph_equivalent_source
poly_422,O(c1c(C=C*)cc(OCCCCCC)c(*)c1)C,Bandgap,2.5439,eV,phase4_adversarial_augmentation,train,randomization,representation_preserving_control,measured_target_from_graph_equivalent_source
poly_2279,C(CC*)COC(=O)C=CC(O*)=O,Bandgap,4.7363,eV,phase4_adversarial_augmentation,train,randomization,representation_preserving_control,measured_target_from_graph_equivalent_source
poly_1909,n1cc(*)c(cc1*)C,Bandgap,4.3718,eV,phase4_adversarial_augmentation,train,randomization,representation_preserving_control,measured_target_from_graph_equivalent_source
poly_2073,O(c1ccc(O*)cc1)c1ccc(cc1)OCCCCCCOC(=O)OCCCCCOC(=O)OCCCCCC*,Bandgap,4.5468,eV,phase4_adversarial_augmentation,train,randomization,representation_preserving_control,measured_target_from_graph_equivalent_source
poly_3295,C(OC(=O)C(*)(C*)C)CBr,Bandgap,5.7827,eV,phase4_adversarial_augmentation,train,randomization,representation_preserving_control,measured_target_from_graph_equivalent_source
poly_849,O=C(c1cc(ccc1)NC(=O)*)Nc1cccc(NC(=O)c2ccc3[nH]c(nc3c2)-c2ccc(-c3nc4cc(*)ccc4[nH]3)cc2)c1,Bandgap,3.111,eV,phase4_adversarial_augmentation,train,randomization,representation_preserving_control,measured_target_from_graph_equivalent_source
poly_1119,*C=C(*)c1cccs1,Bandgap,3.454,eV,phase4_adversarial_augmentation,train,randomization,representation_preserving_control,measured_target_from_graph_equivalent_source
poly_1783,Fc1c(OCC(F)(C(C(C*)(F)F)(F)F)F)c(F)c(c(O*)c1F)F,Bandgap,4.2427,eV,phase4_adversarial_augmentation,train,randomization,representation_preserving_control,measured_target_from_graph_equivalent_source
poly_1374,c1c(ccc(c1)-n1nc2c(C(=O)c3c(C2=O)cn(*)n3)c1)*,Bandgap,3.7547,eV,phase4_adversarial_augmentation,train,randomization,representation_preserving_control,measured_target_from_graph_equivalent_source
poly_2623,S(S*)CC*,Bandgap,5.0819,eV,phase4_adversarial_augmentation,train,randomization,representation_preserving_control,measured_target_from_graph_equivalent_source
poly_3730,C(CCCOC(OC1C2C(C(*)CO2)OC1)=O)CCOC(O*)=O,Bandgap,6.2569,eV,phase4_adversarial_augmentation,train,randomization,representation_preserving_control,measured_target_from_graph_equivalent_source
poly_3173,C(*)(C(F)(F)C(C*)(C)C=O)([2H])[2H],Bandgap,5.6608,eV,phase4_adversarial_augmentation,train,randomization,representation_preserving_control,measured_target_from_graph_equivalent_source
poly_3274,C(CCCCCCCCCNC(NCCCCCCCCNC(=O)N*)=O)*,Bandgap,5.7663,eV,phase4_adversarial_augmentation,train,randomization,representation_preserving_control,measured_target_from_graph_equivalent_source
poly_593,c1(Cl)cc(c(Cl)cc1)C(C*)*,Bandgap,2.784,eV,phase4_adversarial_augmentation,train,randomization,representation_preserving_control,measured_target_from_graph_equivalent_source
poly_924,c1cc(ccc1C=CC(c1ccccc1)=O)OCCOC(c1cc(N*)cc(NC(=O)c2ccc(C(*)=O)cc2)c1)=O,Bandgap,3.212,eV,phase4_adversarial_augmentation,train,randomization,representation_preserving_control,measured_target_from_graph_equivalent_source
poly_379,*n1c(c2c(c1=O)c(c1c(c(=O)n(c1=O)-c1cc(c(-c3ccc(*)cc3C)cc1)C)c2F)F)=O,Bandgap,2.4968,eV,phase4_adversarial_augmentation,train,randomization,representation_preserving_control,measured_target_from_graph_equivalent_source
poly_2449,c1c(cccc1)C(=O)N(*)CCC*,Bandgap,4.9047,eV,phase4_adversarial_augmentation,train,randomization,representation_preserving_control,measured_target_from_graph_equivalent_source
poly_1086,c1cc(ccc1-c1c(OCCOC(CCCCC(=O)OCCO*)=O)nc(nc1*)-c1ccc(OC)cc1)OC,Bandgap,3.4169,eV,phase4_adversarial_augmentation,train,randomization,representation_preserving_control,measured_target_from_graph_equivalent_source
poly_2584,O=C(OCCCC*)CCSCCCCCCSCCC(=O)O*,Bandgap,5.0289,eV,phase4_adversarial_augmentation,train,randomization,representation_preserving_control,measured_target_from_graph_equivalent_source
poly_3879,C(CCC(O*)CC(*)=O)CC,Bandgap,6.4777,eV,phase4_adversarial_augmentation,train,randomization,representation_preserving_control,measured_target_from_graph_equivalent_source
poly_2763,C(CC(O*)=O)SCCC(=O)OCCOCC*,Bandgap,5.2072,eV,phase4_adversarial_augmentation,train,randomization,representation_preserving_control,measured_target_from_graph_equivalent_source
poly_3894,C(CCCCCCCC*)COC(=O)CCCCS(CCCCC(O*)=O)(=O)=O,Bandgap,6.4986,eV,phase4_adversarial_augmentation,train,randomization,representation_preserving_control,measured_target_from_graph_equivalent_source
poly_3536,N(C(C)C(*)=O)*,Bandgap,6.0074,eV,phase4_adversarial_augmentation,train,randomization,representation_preserving_control,measured_target_from_graph_equivalent_source
poly_4083,O(*)C(CCCCCCCCCCCCC*)=O,Bandgap,6.7653,eV,phase4_adversarial_augmentation,train,randomization,representation_preserving_control,measured_target_from_graph_equivalent_source
poly_1755,O(c1ccc(OC(c2cc(Oc3cccc(C(=O)*)c3)ccc2)=O)cc1)*,Bandgap,4.1992,eV,phase4_adversarial_augmentation,train,randomization,representation_preserving_control,measured_target_from_graph_equivalent_source
poly_3895,C(OC1CCC(C2CCC(CC2)O*)CC1)(=O)CCCCCCCCCC(=O)*,Bandgap,6.5,eV,phase4_adversarial_augmentation,train,randomization,representation_preserving_control,measured_target_from_graph_equivalent_source
poly_3242,C(*)C(O*)C,Bandgap,5.7371,eV,phase4_adversarial_augmentation,train,randomization,representation_preserving_control,measured_target_from_graph_equivalent_source
poly_2953,C(C*)(O*)CS(CC)(=O)=O,Bandgap,5.4139,eV,phase4_adversarial_augmentation,train,randomization,representation_preserving_control,measured_target_from_graph_equivalent_source
poly_546,*CCc1ccc(C(*)=S)cc1,Bandgap,2.7148,eV,phase4_adversarial_augmentation,train,randomization,representation_preserving_control,measured_target_from_graph_equivalent_source
poly_605,c1(n(c(c2cc3c(n(c(c3cc21)=O)*)=O)=O)-c1c(C)c(C)c(c(c1C)C)*)=O,Bandgap,2.7972,eV,phase4_adversarial_augmentation,train,randomization,representation_preserving_control,measured_target_from_graph_equivalent_source
poly_4036,*C(CCCCCCCC(=O)OCC(C)O*)=O,Bandgap,6.6887,eV,phase4_adversarial_augmentation,train,randomization,representation_preserving_control,measured_target_from_graph_equivalent_source
poly_1770,s1c(*)nc2c1cc1nc(CCC*)sc1c2,Bandgap,4.2161,eV,phase4_adversarial_augmentation,train,randomization,representation_preserving_control,measured_target_from_graph_equivalent_source
poly_3279,*C=CCC*,Bandgap,5.7686,eV,phase4_adversarial_augmentation,train,randomization,representation_preserving_control,measured_target_from_graph_equivalent_source
poly_371,c1cc(c2c(cc(cc2)CCCCCCCCCCC)c1C=C*)*,Bandgap,2.485,eV,phase4_adversarial_augmentation,train,randomization,representation_preserving_control,measured_target_from_graph_equivalent_source
poly_3381,CCCN1C(=O)C(C(C(C*)C)C1=O)*,Bandgap,5.862,eV,phase4_adversarial_augmentation,train,randomization,representation_preserving_control,measured_target_from_graph_equivalent_source
poly_3995,C(CCCCCCCC(=O)OCCCCC*)(O*)=O,Bandgap,6.624,eV,phase4_adversarial_augmentation,train,randomization,representation_preserving_control,measured_target_from_graph_equivalent_source
poly_3934,S(=O)(=O)(CCCOC(O*)=O)CCCCS(CCC*)(=O)=O,Bandgap,6.5416,eV,phase4_adversarial_augmentation,train,randomization,representation_preserving_control,measured_target_from_graph_equivalent_source
poly_2034,S(c1ccc(Sc2ccc(Sc3ccc(cc3)*)cc2)cc1)c1ccc(cc1)O*,Bandgap,4.5081,eV,phase4_adversarial_augmentation,train,randomization,representation_preserving_control,measured_target_from_graph_equivalent_source
poly_1573,O(C(c1ccc(cc1)-c1ccc(C(OCCOCC*)=O)cc1)=O)*,Bandgap,4.0097,eV,phase4_adversarial_augmentation,train,randomization,representation_preserving_control,measured_target_from_graph_equivalent_source
poly_3723,C(CCCCCC(*)=O)CCCCCC(O*)=O,Bandgap,6.2436,eV,phase4_adversarial_augmentation,train,randomization,representation_preserving_control,measured_target_from_graph_equivalent_source
poly_997,C(c1ccc(cc1)-c1ccc(cc1)*)(=S)O*,Bandgap,3.3176,eV,phase4_adversarial_augmentation,train,randomization,representation_preserving_control,measured_target_from_graph_equivalent_source
poly_3930,n1c(oc(n1)CCCCCCCC*)*,Bandgap,6.5384,eV,phase4_adversarial_augmentation,train,randomization,representation_preserving_control,measured_target_from_graph_equivalent_source
poly_4016,C(#N)C(*)(C*)C(=O)OCC(C)C,Bandgap,6.6657,eV,phase4_adversarial_augmentation,train,randomization,representation_preserving_control,measured_target_from_graph_equivalent_source
poly_340,O(c1ccc(-c2ccc(OCCCCCCCCCCCCOCc3c(*)sc(*)c3)cc2)cc1)C,Bandgap,2.4465,eV,phase4_adversarial_augmentation,train,randomization,representation_preserving_control,measured_target_from_graph_equivalent_source
poly_2664,C(NC(=O)CCCCC(=O)N*)c1cc(C)c(C*)cc1C,Bandgap,5.1111,eV,phase4_adversarial_augmentation,train,randomization,representation_preserving_control,measured_target_from_graph_equivalent_source
poly_1055,O=S(c1ccc(cc1)*)(=O)c1ccc(N2C(=O)c3cc(ccc3C2=O)-c2ccc3c(C(=O)N(C3=O)*)c2)cc1,Bandgap,3.382,eV,phase4_adversarial_augmentation,train,randomization,representation_preserving_control,measured_target_from_graph_equivalent_source
poly_3917,*C(*)O,Bandgap,6.5244,eV,phase4_adversarial_augmentation,train,randomization,representation_preserving_control,measured_target_from_graph_equivalent_source
poly_2133,c1c(cc(cc1)C(*)=O)O*,Bandgap,4.5975,eV,phase4_adversarial_augmentation,train,randomization,representation_preserving_control,measured_target_from_graph_equivalent_source
poly_1097,c1c(*)ccc(c1)C(CNNCC(c1ccc(S*)cc1)=O)=O,Bandgap,3.4329,eV,phase4_adversarial_augmentation,train,randomization,representation_preserving_control,measured_target_from_graph_equivalent_source
poly_16,C(*)=C(C#N)*,Bandgap,0.9111,eV,phase4_adversarial_augmentation,train,randomization,representation_preserving_control,measured_target_from_graph_equivalent_source
poly_1235,c1c(ccc(c1)*)Nc1ccc(Nc2ccc(Nc3ccc(S*)cc3)cc2)cc1,Bandgap,3.6059,eV,phase4_adversarial_augmentation,train,randomization,representation_preserving_control,measured_target_from_graph_equivalent_source
poly_1555,c1cc(cc(C(=O)*)c1)C(=O)Oc1ccc(O*)cc1,Bandgap,3.9872,eV,phase4_adversarial_augmentation,train,randomization,representation_preserving_control,measured_target_from_graph_equivalent_source
poly_2503,*CC(C)(CS*)C,Bandgap,4.9455,eV,phase4_adversarial_augmentation,train,randomization,representation_preserving_control,measured_target_from_graph_equivalent_source
poly_2539,c1(C(=O)N*)ccc(cc1)C*,Bandgap,4.9852,eV,phase4_adversarial_augmentation,train,randomization,representation_preserving_control,measured_target_from_graph_equivalent_source
poly_682,C1(c2c(C(c3c(ccc(c13)[N+]([O-])=O)*)=O)c(ccc2*)[N+](=O)[O-])=O,Bandgap,2.9031,eV,phase4_adversarial_augmentation,train,randomization,representation_preserving_control,measured_target_from_graph_equivalent_source
poly_3681,O=C(O*)C(OCCCCC*)=O,Bandgap,6.1932,eV,phase4_adversarial_augmentation,train,randomization,representation_preserving_control,measured_target_from_graph_equivalent_source
poly_4019,C(=O)(OCCCCC*)CCCCS(=O)(=O)CCCCC(O*)=O,Bandgap,6.6662,eV,phase4_adversarial_augmentation,train,randomization,representation_preserving_control,measured_target_from_graph_equivalent_source
poly_63,*C=C*,Bandgap,1.4732,eV,phase4_adversarial_augmentation,train,randomization,representation_preserving_control,measured_target_from_graph_equivalent_source
poly_3286,C(*)CC(NCC(N*)=O)=O,Bandgap,5.7744,eV,phase4_adversarial_augmentation,train,randomization,representation_preserving_control,measured_target_from_graph_equivalent_source
poly_323,N(c1ccc(s1)C(=S)*)C*,Bandgap,2.4293,eV,phase4_adversarial_augmentation,train,randomization,representation_preserving_control,measured_target_from_graph_equivalent_source
poly_84,c1c(sc(*)c1CCOC(NCCCC)=O)*,Bandgap,1.5835,eV,phase4_adversarial_augmentation,train,randomization,representation_preserving_control,measured_target_from_graph_equivalent_source
poly_1722,*Oc1cc2cc(OC(Oc3cccc(c3)OC(*)=O)=O)ccc2cc1,Bandgap,4.1699,eV,phase4_adversarial_augmentation,train,randomization,representation_preserving_control,measured_target_from_graph_equivalent_source
poly_3334,C(CCCCCCC(N(C)*)=O)CCCC*,Bandgap,5.8166,eV,phase4_adversarial_augmentation,train,randomization,representation_preserving_control,measured_target_from_graph_equivalent_source
poly_1335,c1c(ccc(c1)Oc1ccc(C(c2ccc(cc2)Oc2ccc(s2)*)(C)C)cc1)C(=O)*,Bandgap,3.7073,eV,phase4_adversarial_augmentation,train,randomization,representation_preserving_control,measured_target_from_graph_equivalent_source
poly_4039,C1C(CCC(C*)C1)COC(=O)CCCCCCCC(O*)=O,Bandgap,6.6905,eV,phase4_adversarial_augmentation,train,randomization,representation_preserving_control,measured_target_from_graph_equivalent_source
poly_2134,O(CCCCCCOc1ccc(Oc2ccc(O*)cc2)cc1)C(OCCCCCCCCOC(OCCCCCC*)=O)=O,Bandgap,4.5976,eV,phase4_adversarial_augmentation,train,randomization,representation_preserving_control,measured_target_from_graph_equivalent_source
poly_3209,O=C(NCCCCCOCCCCCNC(=O)CCCO*)CCCCC*,Bandgap,5.7098,eV,phase4_adversarial_augmentation,train,randomization,representation_preserving_control,measured_target_from_graph_equivalent_source
poly_2340,C(*)(CCCCCCCCC(=O)Nc1cccc(c1)N*)=O,Bandgap,4.7951,eV,phase4_adversarial_augmentation,train,randomization,representation_preserving_control,measured_target_from_graph_equivalent_source
poly_2766,*C(=O)C1CCCN1*,Bandgap,5.2121,eV,phase4_adversarial_augmentation,train,randomization,representation_preserving_control,measured_target_from_graph_equivalent_source
poly_1557,c1(sc(C(*)=O)cc1)C(=O)C*,Bandgap,3.9882,eV,phase4_adversarial_augmentation,train,randomization,representation_preserving_control,measured_target_from_graph_equivalent_source
poly_1592,c1ccc(NC(O*)=O)c2cccc(NC(OCC*)=O)c21,Bandgap,4.0296,eV,phase4_adversarial_augmentation,train,randomization,representation_preserving_control,measured_target_from_graph_equivalent_source
poly_3278,C(CCCCOCC1(CC1)CO*)C*,Bandgap,5.7686,eV,phase4_adversarial_augmentation,train,randomization,representation_preserving_control,measured_target_from_graph_equivalent_source
poly_2941,C(=O)(*)C(C(O*)c1ccccc1)(C)C,Bandgap,5.3988,eV,phase4_adversarial_augmentation,train,randomization,representation_preserving_control,measured_target_from_graph_equivalent_source
poly_2688,*C(=CC(C)C*)C,Bandgap,5.1336,eV,phase4_adversarial_augmentation,train,randomization,representation_preserving_control,measured_target_from_graph_equivalent_source
poly_1964,C(*)Cc1cc(c(cc1)*)Cl,Bandgap,4.4319,eV,phase4_adversarial_augmentation,train,randomization,representation_preserving_control,measured_target_from_graph_equivalent_source
poly_2450,C(c1ccc(cc1)O*)(C)(CCC#N)c1ccc(cc1)OC(=O)*,Bandgap,4.9054,eV,phase4_adversarial_augmentation,train,randomization,representation_preserving_control,measured_target_from_graph_equivalent_source
poly_2686,O=C(Nc1cc(NC(=O)OCC*)ccc1)O*,Bandgap,5.1312,eV,phase4_adversarial_augmentation,train,randomization,representation_preserving_control,measured_target_from_graph_equivalent_source
poly_2460,C1N(SC(=O)OCCCCCCOC(=O)SN2CCC(*)CC2)CCC(CCC*)C1,Bandgap,4.9129,eV,phase4_adversarial_augmentation,train,randomization,representation_preserving_control,measured_target_from_graph_equivalent_source
poly_81,*c1sc(*)c(CCCCCCN(CC)c2ccccc2)c1CCCCCC,Bandgap,1.5590000000000002,eV,phase4_adversarial_augmentation,train,randomization,representation_preserving_control,measured_target_from_graph_equivalent_source
poly_2521,C(CCCC(=O)O*)CCCCC(=O)OCc1ccc(cc1)C*,Bandgap,4.9683,eV,phase4_adversarial_augmentation,train,randomization,representation_preserving_control,measured_target_from_graph_equivalent_source
poly_3186,C(CCCOC(*)=O)OC(N1CCN(CC1)*)=O,Bandgap,5.6801,eV,phase4_adversarial_augmentation,train,randomization,representation_preserving_control,measured_target_from_graph_equivalent_source
poly_913,c1cc2C(c3ccc(OC(=O)c4ccc(cc4)C(*)=O)cc3)(c3ccc(O*)cc3)CCc2cc1,Bandgap,3.1984,eV,phase4_adversarial_augmentation,train,randomization,representation_preserving_control,measured_target_from_graph_equivalent_source
poly_154,c1c(*)sc(c1)-c1sc(c(CCCCCCOC(=O)COc2ccccc2)c1)*,Bandgap,1.9503,eV,phase4_adversarial_augmentation,train,randomization,representation_preserving_control,measured_target_from_graph_equivalent_source
poly_3640,O(C(=O)CCCCCCC(O*)=O)CC#CC*,Bandgap,6.125,eV,phase4_adversarial_augmentation,train,randomization,representation_preserving_control,measured_target_from_graph_equivalent_source
poly_491,c1(-c2sc(O*)cc2)ccc(C(*)=O)s1,Bandgap,2.6424,eV,phase4_adversarial_augmentation,train,randomization,representation_preserving_control,measured_target_from_graph_equivalent_source
poly_88,C(C#Cc1sc(*)cc1)#C*,Bandgap,1.5989,eV,phase4_adversarial_augmentation,train,randomization,representation_preserving_control,measured_target_from_graph_equivalent_source
poly_4038,*C(=O)CCCC(=O)OCCC(O*)C,Bandgap,6.6901,eV,phase4_adversarial_augmentation,train,randomization,representation_preserving_control,measured_target_from_graph_equivalent_source
poly_4184,C(*)(C#N)C*,Bandgap,7.7739,eV,phase4_adversarial_augmentation,train,randomization,representation_preserving_control,measured_target_from_graph_equivalent_source
poly_1843,c1ccccc1OP(Oc1c(Cl)c(Cl)c(*)c(c1Cl)Cl)(O*)=O,Bandgap,4.2965,eV,phase4_adversarial_augmentation,train,randomization,representation_preserving_control,measured_target_from_graph_equivalent_source
poly_1834,C(F)(C(C(COC(CCSCCSCCC(=O)*)=O)(F)F)(F)F)(C(F)(CO*)F)F,Bandgap,4.2864,eV,phase4_adversarial_augmentation,train,randomization,representation_preserving_control,measured_target_from_graph_equivalent_source
poly_3755,N(CCCCCCNC(=O)O*)C(OCC(C*)(C)C)=O,Bandgap,6.29,eV,phase4_adversarial_augmentation,train,randomization,representation_preserving_control,measured_target_from_graph_equivalent_source
poly_4206,C(*)(F)(C(F)(F)C(O*)(F)F)F,Bandgap,9.3031,eV,phase4_adversarial_augmentation,train,randomization,representation_preserving_control,measured_target_from_graph_equivalent_source
poly_2808,C(C=C)OCC(O*)C*,Bandgap,5.2481,eV,phase4_adversarial_augmentation,train,randomization,representation_preserving_control,measured_target_from_graph_equivalent_source
poly_1217,c1(CCCCCCCCCCCCCCC)c(N*)ccc(*)c1,Bandgap,3.5851,eV,phase4_adversarial_augmentation,train,randomization,representation_preserving_control,measured_target_from_graph_equivalent_source
poly_3132,C(=O)(OC(C)C)C(*)C(C=C*)C,Bandgap,5.6207,eV,phase4_adversarial_augmentation,train,randomization,representation_preserving_control,measured_target_from_graph_equivalent_source
poly_652,c1ccccc1-c1c([nH]c(c1)*)*,Bandgap,2.8604,eV,phase4_adversarial_augmentation,train,randomization,representation_preserving_control,measured_target_from_graph_equivalent_source
poly_3513,*CC(*)OCC(=O)O,Bandgap,5.9833,eV,phase4_adversarial_augmentation,train,randomization,representation_preserving_control,measured_target_from_graph_equivalent_source
poly_2089,COc1cc(c(cc1*)OC)*,Bandgap,4.5598,eV,phase4_adversarial_augmentation,train,randomization,representation_preserving_control,measured_target_from_graph_equivalent_source
poly_1238,c1(Br)c(OC)cc(cc1)C(C(C*)*)=O,Bandgap,3.6104,eV,phase4_adversarial_augmentation,train,randomization,representation_preserving_control,measured_target_from_graph_equivalent_source
poly_551,c1(cc(c(*)[nH]1)CCCCCC)*,Bandgap,2.7271,eV,phase4_adversarial_augmentation,train,randomization,representation_preserving_control,measured_target_from_graph_equivalent_source
poly_2929,C(CCCC(NCC1CCC(C*)CC1)=O)C(N*)=O,Bandgap,5.3885,eV,phase4_adversarial_augmentation,train,randomization,representation_preserving_control,measured_target_from_graph_equivalent_source
poly_1769,c1(C(C)=Nc2ccccc2N=C(C)c2ccc(cc2)*)ccc(O*)cc1,Bandgap,4.2147,eV,phase4_adversarial_augmentation,train,randomization,representation_preserving_control,measured_target_from_graph_equivalent_source
poly_3659,C(CCCCCCCCCCCC(=O)O*)CCCCC(*)=O,Bandgap,6.1452,eV,phase4_adversarial_augmentation,train,randomization,representation_preserving_control,measured_target_from_graph_equivalent_source
poly_1102,n1c(c(C(=O)O)sc1-c1ccc(cc1)*)-c1ccc(cc1)-c1nc(*)sc1C(O)=O,Bandgap,3.438,eV,phase4_adversarial_augmentation,train,randomization,representation_preserving_control,measured_target_from_graph_equivalent_source
poly_1494,c1c(c(*)c(cc1Cl)Cl)O*,Bandgap,3.9114,eV,phase4_adversarial_augmentation,train,randomization,representation_preserving_control,measured_target_from_graph_equivalent_source
poly_2920,C1CN(C(=O)CCC(=O)N2CCC(*)(CC2)C)CCC1(CCC*)C,Bandgap,5.3778,eV,phase4_adversarial_augmentation,train,randomization,representation_preserving_control,measured_target_from_graph_equivalent_source
poly_1030,c1cc(C=Cc2ccc(cc2)O*)ccc1OCCCCCC*,Bandgap,3.3553,eV,phase4_adversarial_augmentation,train,randomization,representation_preserving_control,measured_target_from_graph_equivalent_source
poly_3380,C(CCNC(CCCCCCCCCCC(N*)=O)=O)CCCCCCCCC*,Bandgap,5.8616,eV,phase4_adversarial_augmentation,train,randomization,representation_preserving_control,measured_target_from_graph_equivalent_source
poly_3825,C(CCOCO*)CCCCCCC*,Bandgap,6.3968,eV,phase4_adversarial_augmentation,train,randomization,representation_preserving_control,measured_target_from_graph_equivalent_source
poly_2444,CCC(c1cc(C)c(OC(*)=O)cc1)(c1cc(C)c(cc1)O*)C,Bandgap,4.9006,eV,phase4_adversarial_augmentation,train,randomization,representation_preserving_control,measured_target_from_graph_equivalent_source
poly_2607,c1cc(COC(=O)CCC(N*)C(=O)*)ccc1,Bandgap,5.0666,eV,phase4_adversarial_augmentation,train,randomization,representation_preserving_control,measured_target_from_graph_equivalent_source
poly_4107,O=C(O*)CCCCCC(=O)OCC*,Bandgap,6.8318,eV,phase4_adversarial_augmentation,train,randomization,representation_preserving_control,measured_target_from_graph_equivalent_source
poly_2491,c1c(ccc(c1)O*)C(CC)(c1ccc(cc1)OC(CCCCCCCCC(*)=O)=O)c1ccccc1,Bandgap,4.9385,eV,phase4_adversarial_augmentation,train,randomization,representation_preserving_control,measured_target_from_graph_equivalent_source
poly_3929,C(CCCCS(=O)(=O)CCCCC(O*)=O)(OCCOCC*)=O,Bandgap,6.5382,eV,phase4_adversarial_augmentation,train,randomization,representation_preserving_control,measured_target_from_graph_equivalent_source
poly_2605,O=C(CCCCO*)NCc1ccc(cc1)CNC(CCCCC*)=O,Bandgap,5.061,eV,phase4_adversarial_augmentation,train,randomization,representation_preserving_control,measured_target_from_graph_equivalent_source
poly_2160,S(Cc1ccc(cc1)-c1ccc(C*)cc1)C(=O)CCC(=O)S*,Bandgap,4.6228,eV,phase4_adversarial_augmentation,train,randomization,representation_preserving_control,measured_target_from_graph_equivalent_source
poly_4022,COC(=O)C(CF)(*)C*,Bandgap,6.6709,eV,phase4_adversarial_augmentation,train,randomization,representation_preserving_control,measured_target_from_graph_equivalent_source
poly_1455,c1cc(S(c2cc(cc(C(=O)Nc3cc(ccc3)N*)c2)C(*)=O)(=O)=O)ccc1,Bandgap,3.8595,eV,phase4_adversarial_augmentation,train,randomization,representation_preserving_control,measured_target_from_graph_equivalent_source
poly_2183,C(C(*)c1ccc(cc1)C(=O)OCC(C)C)*,Bandgap,4.6433,eV,phase4_adversarial_augmentation,train,randomization,representation_preserving_control,measured_target_from_graph_equivalent_source
poly_2048,c1(cc(c(cc1)C)N=C*)NC(=O)NCCNCCNO*,Bandgap,4.5234,eV,phase4_adversarial_augmentation,train,randomization,representation_preserving_control,measured_target_from_graph_equivalent_source
poly_3615,FC(F)(C(F)(COC(NCCCCCCNC(=O)O*)=O)F)C(F)(C*)F,Bandgap,6.0804,eV,phase4_adversarial_augmentation,train,randomization,representation_preserving_control,measured_target_from_graph_equivalent_source
poly_3456,C(OC(CCC(O*)=O)=O)C#CC*,Bandgap,5.9288,eV,phase4_adversarial_augmentation,train,randomization,representation_preserving_control,measured_target_from_graph_equivalent_source
poly_869,c1c(ccc(c1)C(CNc1cccc(c1)NCC(=O)c1ccc(O*)cc1)=O)*,Bandgap,3.1409,eV,phase4_adversarial_augmentation,train,randomization,representation_preserving_control,measured_target_from_graph_equivalent_source
poly_2302,C(CCC(N*)=O)CCCCCC(NCCCP(CCC*)c1ccccc1)=O,Bandgap,4.7536,eV,phase4_adversarial_augmentation,train,randomization,representation_preserving_control,measured_target_from_graph_equivalent_source
poly_1423,Fc1cc(ccc1N*)*,Bandgap,3.8203,eV,phase4_adversarial_augmentation,train,randomization,representation_preserving_control,measured_target_from_graph_equivalent_source
poly_774,c1(cccc(*)c1)S(c1cccc(c1)-n1c(c2c(cc3c(c2)c(=O)n(c3=O)*)c1=O)=O)(=O)=O,Bandgap,2.9994,eV,phase4_adversarial_augmentation,train,randomization,representation_preserving_control,measured_target_from_graph_equivalent_source
poly_1649,c1c(ccc(*)c1C)-c1ccc(*)c(c1)C,Bandgap,4.0882,eV,phase4_adversarial_augmentation,train,randomization,representation_preserving_control,measured_target_from_graph_equivalent_source
poly_2263,*CC(C1C(Cl)(*)C(=O)N(c2ccc(cc2)C)C1=O)OC(C)=O,Bandgap,4.7114,eV,phase4_adversarial_augmentation,train,randomization,representation_preserving_control,measured_target_from_graph_equivalent_source
poly_3010,c1(ccc(C*)cc1C)CNC(=O)CCCCC(N*)=O,Bandgap,5.4837,eV,phase4_adversarial_augmentation,train,randomization,representation_preserving_control,measured_target_from_graph_equivalent_source
poly_3377,FC(COCC(C)(C*)CO*)(F)C(F)(F)C(F)(F)F,Bandgap,5.8594,eV,phase4_adversarial_augmentation,train,randomization,representation_preserving_control,measured_target_from_graph_equivalent_source
poly_1640,c1cc(OC(Oc2c3cccc(c3ccc2)O*)=O)c(cc1OC(=O)*)C,Bandgap,4.0829,eV,phase4_adversarial_augmentation,train,randomization,representation_preserving_control,measured_target_from_graph_equivalent_source
poly_985,c1c(*)ccc(c1)-n1ccc(n1)-c1ccc(-c2ccn(*)n2)cc1,Bandgap,3.3009,eV,phase4_adversarial_augmentation,train,randomization,representation_preserving_control,measured_target_from_graph_equivalent_source
poly_39,C1(=C2c3ccsc3-c3c2ccs3)c2c(-c3c1cc(s3)*)sc(c2)*,Bandgap,1.2481,eV,phase4_adversarial_augmentation,train,randomization,representation_preserving_control,measured_target_from_graph_equivalent_source
poly_315,c1(=O)c2c(cc3c(c2)c(n(*)c3=O)=O)c(n1-c1cnc(Sc2ccc(*)cn2)cc1)=O,Bandgap,2.4134,eV,phase4_adversarial_augmentation,train,randomization,representation_preserving_control,measured_target_from_graph_equivalent_source
poly_1013,c1cc(*)c(cc1C=C1CCC(C1=O)=Cc1ccc(O*)c([N+](=O)[O-])c1)[N+]([O-])=O,Bandgap,3.3368,eV,phase4_adversarial_augmentation,train,randomization,representation_preserving_control,measured_target_from_graph_equivalent_source
poly_3167,C(*)C(F)(F)C(F)=C*,Bandgap,5.655,eV,phase4_adversarial_augmentation,train,randomization,representation_preserving_control,measured_target_from_graph_equivalent_source
poly_4164,FC1(C(C(F)(F)C2(CC2)F)C(C(C)*)C1)O*,Bandgap,7.1864,eV,phase4_adversarial_augmentation,train,randomization,representation_preserving_control,measured_target_from_graph_equivalent_source
poly_962,O(c1ccc(cc1)C(c1ccc(cc1)O*)(CC)CC)C(c1ccc(cc1)C(*)=O)=O,Bandgap,3.2648,eV,phase4_adversarial_augmentation,train,randomization,representation_preserving_control,measured_target_from_graph_equivalent_source
poly_2011,s1c(ccc1)C(=O)N(CC*)*,Bandgap,4.4831,eV,phase4_adversarial_augmentation,train,randomization,representation_preserving_control,measured_target_from_graph_equivalent_source
poly_1619,C(*)(=C(*)SCC)C,Bandgap,4.0568,eV,phase4_adversarial_augmentation,train,randomization,representation_preserving_control,measured_target_from_graph_equivalent_source
poly_3304,C(COCCCCCNC(CCCCCC*)=O)CCCNC(CCCO*)=O,Bandgap,5.7912,eV,phase4_adversarial_augmentation,train,randomization,representation_preserving_control,measured_target_from_graph_equivalent_source
poly_1483,C(*)=C(*)C(=O)C,Bandgap,3.9029,eV,phase4_adversarial_augmentation,train,randomization,representation_preserving_control,measured_target_from_graph_equivalent_source
poly_344,c1(ccc(cc1Cl)C(C*)*)Cl,Bandgap,2.4525,eV,phase4_adversarial_augmentation,train,randomization,representation_preserving_control,measured_target_from_graph_equivalent_source
poly_1046,n1c(cnc2c1ccc(c2)-c1ccc2c(c1)nc(-c1ccc(*)cc1)cn2)*,Bandgap,3.3677,eV,phase4_adversarial_augmentation,train,randomization,representation_preserving_control,measured_target_from_graph_equivalent_source
poly_2690,CCN(C)C(C(*)C*)=O,Bandgap,5.1362,eV,phase4_adversarial_augmentation,train,randomization,representation_preserving_control,measured_target_from_graph_equivalent_source
poly_819,c1c(cc(c(c1*)O)*)N=Nc1ccc(cc1)OC,Bandgap,3.0692,eV,phase4_adversarial_augmentation,train,randomization,representation_preserving_control,measured_target_from_graph_equivalent_source
poly_2169,O(c1ccc(cc1)-c1ccc(cc1)OC(=O)Oc1cc(c(cc1)O*)Cl)C(*)=O,Bandgap,4.6321,eV,phase4_adversarial_augmentation,train,randomization,representation_preserving_control,measured_target_from_graph_equivalent_source
poly_1256,c1c(c(ccc1NC(=O)*)C)NC(=O)Oc1ccc(N=CC=Nc2ccc(O*)cc2)cc1,Bandgap,3.6227,eV,phase4_adversarial_augmentation,train,randomization,representation_preserving_control,measured_target_from_graph_equivalent_source
poly_3436,S(=O)(CCS(CCC(*)=O)(=O)=O)(=O)CCC(O*)=O,Bandgap,5.9043,eV,phase4_adversarial_augmentation,train,randomization,representation_preserving_control,measured_target_from_graph_equivalent_source
poly_3900,N#CC(C#N)(C(C#N)C(C#N)(C(C#N)C(C#N)(C(C#N)C(C#N)(*)C#N)C#N)C#N)C*,Bandgap,6.505,eV,phase4_adversarial_augmentation,train,randomization,representation_preserving_control,measured_target_from_graph_equivalent_source
poly_144,C(*)C(OC(=O)c1ccccc1Cl)*,Bandgap,1.9134,eV,phase4_adversarial_augmentation,train,randomization,representation_preserving_control,measured_target_from_graph_equivalent_source
poly_1302,C(*)Cc1ccc(-c2ccc(*)s2)cc1,Bandgap,3.6694,eV,phase4_adversarial_augmentation,train,randomization,representation_preserving_control,measured_target_from_graph_equivalent_source
poly_729,N(C(=O)CCC(Nc1ccc(cc1)*)=O)c1ccc(cc1)N=N*,Bandgap,2.9548,eV,phase4_adversarial_augmentation,train,randomization,representation_preserving_control,measured_target_from_graph_equivalent_source
poly_879,N(C(c1cc(ccc1)C(Nc1ccc(cc1)*)=O)=O)c1ccc(O*)cc1,Bandgap,3.1562,eV,phase4_adversarial_augmentation,train,randomization,representation_preserving_control,measured_target_from_graph_equivalent_source
poly_3120,C1CC(CCC1)OC(C1C(C(=O)OC1=O)*)C*,Bandgap,5.6069,eV,phase4_adversarial_augmentation,train,randomization,representation_preserving_control,measured_target_from_graph_equivalent_source
poly_2898,*C1CC(C2C(N(CCCCCCCCC)C(C12)=O)=O)C=C*,Bandgap,5.346,eV,phase4_adversarial_augmentation,train,randomization,representation_preserving_control,measured_target_from_graph_equivalent_source
poly_998,c1c(sc(c1)N*)-c1ccc(C*)s1,Bandgap,3.3199,eV,phase4_adversarial_augmentation,train,randomization,representation_preserving_control,measured_target_from_graph_equivalent_source
poly_2120,C(C(*)=O)CCCCC(Nc1ccc(N*)cc1)=O,Bandgap,4.5879,eV,phase4_adversarial_augmentation,train,randomization,representation_preserving_control,measured_target_from_graph_equivalent_source
poly_2791,C(C*)c1ccc(*)c(c1Cl)Cl,Bandgap,5.2304,eV,phase4_adversarial_augmentation,train,randomization,representation_preserving_control,measured_target_from_graph_equivalent_source
poly_3695,C1(CCC(OC(CCC(*)=O)=O)CC1)O*,Bandgap,6.2077,eV,phase4_adversarial_augmentation,train,randomization,representation_preserving_control,measured_target_from_graph_equivalent_source
poly_1601,O(*)c1ccc(c(c1)-c1cc(cc(c1)C)C)Oc1cccc(*)c1C#N,Bandgap,4.0411,eV,phase4_adversarial_augmentation,train,randomization,representation_preserving_control,measured_target_from_graph_equivalent_source
poly_2161,*C(C#N)(C(C#N)(C#N)c1ccc(*)cc1)C#N,Bandgap,4.6242,eV,phase4_adversarial_augmentation,train,randomization,representation_preserving_control,measured_target_from_graph_equivalent_source
poly_1876,C(*)(c1ccc(cc1)C(OCC(C)O*)=O)=O,Bandgap,4.3271,eV,phase4_adversarial_augmentation,train,randomization,representation_preserving_control,measured_target_from_graph_equivalent_source
poly_1221,*c1ncc(cc1)C(NNC(=O)*)=O,Bandgap,3.5877,eV,phase4_adversarial_augmentation,train,randomization,representation_preserving_control,measured_target_from_graph_equivalent_source
poly_890,c1cc(-c2nc3c(s2)cc2nc(sc2c3)*)ccc1-c1c(-c2ccccc2)c(c(-c2ccc(*)cc2)cc1)-c1ccccc1,Bandgap,3.1695,eV,phase4_adversarial_augmentation,train,randomization,representation_preserving_control,measured_target_from_graph_equivalent_source
poly_2152,O(C(=O)*)c1ccc(cc1)C(C)(c1ccc(OC(Oc2cc(ccc2)O*)=O)cc1)C,Bandgap,4.6142,eV,phase4_adversarial_augmentation,train,randomization,representation_preserving_control,measured_target_from_graph_equivalent_source
poly_2810,*NC(=O)NCCCCCCNC(NCCCCCCCCC*)=O,Bandgap,5.2509,eV,phase4_adversarial_augmentation,train,randomization,representation_preserving_control,measured_target_from_graph_equivalent_source
poly_3633,*CCCCCCCCOC(=O)CC=CCC(O*)=O,Bandgap,6.1178,eV,phase4_adversarial_augmentation,train,randomization,representation_preserving_control,measured_target_from_graph_equivalent_source
poly_4018,C(*)C(C)(COC(=O)CCCCCCC(=O)O*)C,Bandgap,6.666,eV,phase4_adversarial_augmentation,train,randomization,representation_preserving_control,measured_target_from_graph_equivalent_source
poly_596,c1(sc(*)c2c1nc(C)c(C)n2)*,Bandgap,2.7872,eV,phase4_adversarial_augmentation,train,randomization,representation_preserving_control,measured_target_from_graph_equivalent_source
poly_957,c1cc(ccc1Oc1ccc(-c2nnc(o2)*)cc1)-c1c(OCCCCCC)cc(-c2ccc(Oc3ccc(*)cc3)cc2)c(OCCCCCC)c1,Bandgap,3.2584,eV,phase4_adversarial_augmentation,train,randomization,representation_preserving_control,measured_target_from_graph_equivalent_source
poly_1947,C(Nc1ccc(cc1)N*)(=O)Cc1cc(c(cc1C)C)CC(=O)*,Bandgap,4.4183,eV,phase4_adversarial_augmentation,train,randomization,representation_preserving_control,measured_target_from_graph_equivalent_source
poly_3919,O=C(C1CCC(CC1)C(O*)=O)OCC*,Bandgap,6.5261,eV,phase4_adversarial_augmentation,train,randomization,representation_preserving_control,measured_target_from_graph_equivalent_source
poly_3699,C(=O)(CCCCCC*)O*,Bandgap,6.2116,eV,phase4_adversarial_augmentation,train,randomization,representation_preserving_control,measured_target_from_graph_equivalent_source
poly_2072,O=S(NCCNS(c1ccc(O*)cc1)(=O)=O)(c1ccc(*)cc1)=O,Bandgap,4.5454,eV,phase4_adversarial_augmentation,train,randomization,representation_preserving_control,measured_target_from_graph_equivalent_source
poly_2121,O(C(c1cccc(C(=O)O*)c1)=O)C1CC2CC(CC(O2)C1)*,Bandgap,4.5898,eV,phase4_adversarial_augmentation,train,randomization,representation_preserving_control,measured_target_from_graph_equivalent_source
poly_30,c1cccc2cccc(c12)C(*)=C*,Bandgap,1.1157,eV,phase4_adversarial_augmentation,train,randomization,representation_preserving_control,measured_target_from_graph_equivalent_source
poly_2669,C(C)(=C(O*)C(C(=O)*)(C)C)C,Bandgap,5.1149,eV,phase4_adversarial_augmentation,train,randomization,representation_preserving_control,measured_target_from_graph_equivalent_source
poly_2376,C(CCCC)CCCP(CCC*)CCCNC(CCCCC(N*)=O)=O,Bandgap,4.8381,eV,phase4_adversarial_augmentation,train,randomization,representation_preserving_control,measured_target_from_graph_equivalent_source
poly_1634,C(C=C(C)N*)(*)=O,Bandgap,4.0738,eV,phase4_adversarial_augmentation,train,randomization,representation_preserving_control,measured_target_from_graph_equivalent_source
poly_3460,O=C(C(F)(*)C*)OCC(Cl)(Cl)Cl,Bandgap,5.9339,eV,phase4_adversarial_augmentation,train,randomization,representation_preserving_control,measured_target_from_graph_equivalent_source
poly_2403,*C=C(*)OCCCC,Bandgap,4.8666,eV,phase4_adversarial_augmentation,train,randomization,representation_preserving_control,measured_target_from_graph_equivalent_source
poly_329,c1c2c(cc3c(=O)n(*)c(c13)=O)c(=O)n(c2=O)-c1ccc(C(C)c2ccc(*)cc2)cc1,Bandgap,2.4372,eV,phase4_adversarial_augmentation,train,randomization,representation_preserving_control,measured_target_from_graph_equivalent_source
poly_1920,c1cc(ccc1)C(=N*)NCCCCCCCCCC*,Bandgap,4.39,eV,phase4_adversarial_augmentation,train,randomization,representation_preserving_control,measured_target_from_graph_equivalent_source
poly_398,CC1(OCC(O1)CCCCCCCCCc1cc(*)sc1*)C,Bandgap,2.5181,eV,phase4_adversarial_augmentation,train,randomization,representation_preserving_control,measured_target_from_graph_equivalent_source
poly_723,c1cc(sc1C(c1sc(cc1)*)=O)C(*)=O,Bandgap,2.951,eV,phase4_adversarial_augmentation,train,randomization,representation_preserving_control,measured_target_from_graph_equivalent_source
poly_671,n1(c(=O)c2cc3c(n(*)c(=O)c3cc2c1=O)=O)-c1ccc(*)cc1CP(OCCCl)(OCCCl)=O,Bandgap,2.8958,eV,phase4_adversarial_augmentation,train,randomization,representation_preserving_control,measured_target_from_graph_equivalent_source
poly_584,c1c([nH]c(*)c1CCCCCCCC)*,Bandgap,2.7684,eV,phase4_adversarial_augmentation,train,randomization,representation_preserving_control,measured_target_from_graph_equivalent_source
poly_2566,C(C(N(C)C)=O)(*)C*,Bandgap,5.0126,eV,phase4_adversarial_augmentation,train,randomization,representation_preserving_control,measured_target_from_graph_equivalent_source
poly_4158,C(C#N)(C(C#N)(*)C#N)C(C*)(C#N)C#N,Bandgap,7.1417,eV,phase4_adversarial_augmentation,train,randomization,representation_preserving_control,measured_target_from_graph_equivalent_source
poly_4000,O([Si](C)(O[Si](C)(C)O*)C)C(C)CCCCC(C)*,Bandgap,6.6365,eV,phase4_adversarial_augmentation,train,randomization,representation_preserving_control,measured_target_from_graph_equivalent_source
poly_3864,O(C(=O)C(*)C*)C(C)C,Bandgap,6.4617,eV,phase4_adversarial_augmentation,train,randomization,representation_preserving_control,measured_target_from_graph_equivalent_source
poly_3158,O=S(*)(C1CCC(*)C=C1)=O,Bandgap,5.6483,eV,phase4_adversarial_augmentation,train,randomization,representation_preserving_control,measured_target_from_graph_equivalent_source
poly_375,O=C1N(C(=O)c2c1c(O)c(cc2)*)c1ccc(cc1)Oc1ccc(cc1)N1C(c2c(C1=O)ccc(c2O)C(=O)*)=O,Bandgap,2.4908,eV,phase4_adversarial_augmentation,train,randomization,representation_preserving_control,measured_target_from_graph_equivalent_source
poly_3292,*C=CCCCCCC*,Bandgap,5.78,eV,phase4_adversarial_augmentation,train,randomization,representation_preserving_control,measured_target_from_graph_equivalent_source
poly_3518,C(C(C*)C)O*,Bandgap,5.99,eV,phase4_adversarial_augmentation,train,randomization,representation_preserving_control,measured_target_from_graph_equivalent_source
poly_3094,C(C(*)(CC(c1ccccc1)C*)C#N)(OC)=O,Bandgap,5.5708,eV,phase4_adversarial_augmentation,train,randomization,representation_preserving_control,measured_target_from_graph_equivalent_source
poly_3631,C(OC(NCCCCCCNC(=O)O*)=O)CCCCCCCC*,Bandgap,6.1163,eV,phase4_adversarial_augmentation,train,randomization,representation_preserving_control,measured_target_from_graph_equivalent_source
poly_348,N(C(*)=O)c1ccc(cc1)Cc1ccc(NC(c2ccc3C(=O)N(c4ccc(S(c5ccc(cc5)N5C(=O)c6cc(*)ccc6C5=O)(=O)=O)cc4)C(=O)c3c2)=O)cc1,Bandgap,2.4615,eV,phase4_adversarial_augmentation,train,randomization,representation_preserving_control,measured_target_from_graph_equivalent_source
poly_1021,c1c(ccc(*)c1)-c1sc(C(C*)=O)cc1,Bandgap,3.3483,eV,phase4_adversarial_augmentation,train,randomization,representation_preserving_control,measured_target_from_graph_equivalent_source
poly_3431,N(*)C(C(C)C*)=O,Bandgap,5.9006,eV,phase4_adversarial_augmentation,train,randomization,representation_preserving_control,measured_target_from_graph_equivalent_source
poly_1546,c1cc(ccc1C(OCCCOC(c1ccc(cc1)O*)=O)=O)OC(c1ccc(cc1)C(=O)*)=O,Bandgap,3.9791,eV,phase4_adversarial_augmentation,train,randomization,representation_preserving_control,measured_target_from_graph_equivalent_source
poly_1969,*c1cc(c(c(c1)Br)N*)Br,Bandgap,4.4355,eV,phase4_adversarial_augmentation,train,randomization,representation_preserving_control,measured_target_from_graph_equivalent_source
poly_2148,C(*)(c1cc(NC(C)=O)ccc1)C*,Bandgap,4.6098,eV,phase4_adversarial_augmentation,train,randomization,representation_preserving_control,measured_target_from_graph_equivalent_source
poly_1415,c1(-c2ccc(-c3nc(CC*)sc3)cc2)nc(sc1)*,Bandgap,3.8121,eV,phase4_adversarial_augmentation,train,randomization,representation_preserving_control,measured_target_from_graph_equivalent_source
poly_2090,O=C(Nc1ccc(cc1)N*)CCCCC(=O)*,Bandgap,4.5626,eV,phase4_adversarial_augmentation,train,randomization,representation_preserving_control,measured_target_from_graph_equivalent_source
poly_2652,*(/C=C\C(C*)C)C,Bandgap,5.1039,eV,phase4_adversarial_augmentation,train,randomization,representation_preserving_control,measured_target_from_graph_equivalent_source
poly_2889,*CCCCCCCNC(C=CCCC=CC(=O)N*)=O,Bandgap,5.3377,eV,phase4_adversarial_augmentation,train,randomization,representation_preserving_control,measured_target_from_graph_equivalent_source
poly_2222,C(F)(C(F)(F)N(O*)C(F)(F)F)=C(C(*)(F)F)F,Bandgap,4.6748,eV,phase4_adversarial_augmentation,train,randomization,representation_preserving_control,measured_target_from_graph_equivalent_source
poly_1268,*c1nc(N(c2ccccc2)c2nc(N(*)c3ccccc3)nc(n2)Nc2ccccc2)nc(Cl)n1,Bandgap,3.6369,eV,phase4_adversarial_augmentation,train,randomization,representation_preserving_control,measured_target_from_graph_equivalent_source
poly_407,c1cc2C(N(C(c2cc1C(=O)*)=O)c1ccc(OCCOCCOc2ccc(N3C(=O)c4c(C3=O)cc(cc4)*)cc2)cc1)=O,Bandgap,2.5244,eV,phase4_adversarial_augmentation,train,randomization,representation_preserving_control,measured_target_from_graph_equivalent_source
poly_2670,C(C1(OC(O)C(O)C1O)F)(Cl)(O)C(N1NC(O1)N*)(C(F)(F)F)C(*)O,Bandgap,5.1151,eV,phase4_adversarial_augmentation,train,randomization,representation_preserving_control,measured_target_from_graph_equivalent_source
poly_1980,O(C(CCCCCCCCCCCC(=O)*)=O)c1ccc(cc1)-c1ccc(O*)cc1,Bandgap,4.4465,eV,phase4_adversarial_augmentation,train,randomization,representation_preserving_control,measured_target_from_graph_equivalent_source
poly_1821,N(*)c1ccc(*)cc1,Bandgap,4.2754,eV,phase4_adversarial_augmentation,train,randomization,representation_preserving_control,measured_target_from_graph_equivalent_source
poly_3029,C(*)C(*)C(NC)=O,Bandgap,5.5048,eV,phase4_adversarial_augmentation,train,randomization,representation_preserving_control,measured_target_from_graph_equivalent_source
poly_1206,c1(O)c(*)cc(cc1*)C=Nc1cccc(c1)C,Bandgap,3.5653,eV,phase4_adversarial_augmentation,train,randomization,representation_preserving_control,measured_target_from_graph_equivalent_source
poly_351,c12C(=O)N(C(c1ccc(c2)*)=O)c1ccc(cc1)Oc1ccc(cc1)N1C(c2cc(ccc2C1=O)C(=O)Oc1ccc(OC(*)=O)cc1)=O,Bandgap,2.4658,eV,phase4_adversarial_augmentation,train,randomization,representation_preserving_control,measured_target_from_graph_equivalent_source
poly_3645,C(F)(C(F)(F)N(C(F)(F)C(F)(*)F)O*)(F)Br,Bandgap,6.1306,eV,phase4_adversarial_augmentation,train,randomization,representation_preserving_control,measured_target_from_graph_equivalent_source
poly_3001,*OC(CCC(OCC(=O)NCCCCCCNC(=O)C*)=O)=O,Bandgap,5.4681,eV,phase4_adversarial_augmentation,train,randomization,representation_preserving_control,measured_target_from_graph_equivalent_source
poly_3262,N(OCC*)*,Bandgap,5.7613,eV,phase4_adversarial_augmentation,train,randomization,representation_preserving_control,measured_target_from_graph_equivalent_source
poly_3500,C1(NC(=O)OCCC*)CC1NC(=O)O*,Bandgap,5.9686,eV,phase4_adversarial_augmentation,train,randomization,representation_preserving_control,measured_target_from_graph_equivalent_source
poly_674,c1c(C(c2ccc(N3C(c4c(ccc(c4)-c4ccc5c(c4)C(N(C5=O)*)=O)C3=O)=O)cc2)c2ccc(*)cc2)cccc1,Bandgap,2.8965,eV,phase4_adversarial_augmentation,train,randomization,representation_preserving_control,measured_target_from_graph_equivalent_source
poly_2865,C1(C2C(C(=O)N(CCCCCCCC)C2=O)C(C1)C=C*)*,Bandgap,5.3143,eV,phase4_adversarial_augmentation,train,randomization,representation_preserving_control,measured_target_from_graph_equivalent_source
poly_2676,c1ccc(CNC(CCCCC(N*)=O)=O)cc1C*,Bandgap,5.1207,eV,phase4_adversarial_augmentation,train,randomization,representation_preserving_control,measured_target_from_graph_equivalent_source
poly_636,s1c(*)ccc1-c1ccc(cc1)-c1ccc(cc1)C(*)=O,Bandgap,2.843,eV,phase4_adversarial_augmentation,train,randomization,representation_preserving_control,measured_target_from_graph_equivalent_source
poly_2662,CCCC(*)=C(*)C,Bandgap,5.1084,eV,phase4_adversarial_augmentation,train,randomization,representation_preserving_control,measured_target_from_graph_equivalent_source
poly_2578,c1c(c(ccc1CC*)*)Br,Bandgap,5.0219,eV,phase4_adversarial_augmentation,train,randomization,representation_preserving_control,measured_target_from_graph_equivalent_source
poly_1560,C(Cn1nc(cc1)-c1ccc(-c2ccn(n2)*)cc1)CCCC*,Bandgap,3.9963,eV,phase4_adversarial_augmentation,train,randomization,representation_preserving_control,measured_target_from_graph_equivalent_source
poly_2322,c1(C(=O)O*)ccc(C(=O)OCCCC*)cc1,Bandgap,4.7739,eV,phase4_adversarial_augmentation,train,randomization,representation_preserving_control,measured_target_from_graph_equivalent_source
poly_3494,*NC(=O)C(C*)(C)CCCC,Bandgap,5.9624,eV,phase4_adversarial_augmentation,train,randomization,representation_preserving_control,measured_target_from_graph_equivalent_source
poly_1528,O(c1cc(ccc1C(=O)N*)C(=O)NCCCCCC*)c1ccc(cc1)Cl,Bandgap,3.9536,eV,phase4_adversarial_augmentation,train,randomization,representation_preserving_control,measured_target_from_graph_equivalent_source
poly_3740,*C(=O)CC(O*)(C(F)(F)F)C,Bandgap,6.2678,eV,phase4_adversarial_augmentation,train,randomization,representation_preserving_control,measured_target_from_graph_equivalent_source
poly_503,c12C(N(c3cc(c(Oc4ccc(N5C(c6c(ccc(C(*)=O)c6)C5=O)=O)cc4Br)cc3)Br)C(c2ccc(*)c1)=O)=O,Bandgap,2.6559,eV,phase4_adversarial_augmentation,train,randomization,representation_preserving_control,measured_target_from_graph_equivalent_source
poly_2464,C(CCNC(c1cc(C(=O)N*)ccc1)=O)(C(CC*)C)C,Bandgap,4.9153,eV,phase4_adversarial_augmentation,train,randomization,representation_preserving_control,measured_target_from_graph_equivalent_source
poly_3729,C1(NC(OCC2CC2C*)=O)CC1NC(=O)O*,Bandgap,6.2541,eV,phase4_adversarial_augmentation,train,randomization,representation_preserving_control,measured_target_from_graph_equivalent_source
poly_1179,O(c1ccc(cc1)Oc1ccc(cc1)OC(c1cccc(c1)Oc1ccc(Oc2cc(ccc2)C(=O)*)cc1)=O)*,Bandgap,3.5397,eV,phase4_adversarial_augmentation,train,randomization,representation_preserving_control,measured_target_from_graph_equivalent_source
poly_3390,*CC(OCCCCC)*,Bandgap,5.8682,eV,phase4_adversarial_augmentation,train,randomization,representation_preserving_control,measured_target_from_graph_equivalent_source
poly_3793,*OC(COC(CCCCCC(=O)*)=O)C,Bandgap,6.3486,eV,phase4_adversarial_augmentation,train,randomization,representation_preserving_control,measured_target_from_graph_equivalent_source
poly_3688,C(OC(OC(*)C*)=O)C(Cl)(Cl)Cl,Bandgap,6.1989,eV,phase4_adversarial_augmentation,train,randomization,representation_preserving_control,measured_target_from_graph_equivalent_source
poly_1710,c1(Cl)cc(ccc1Oc1ccc(cc1)S(c1ccc(cc1)O*)(=O)=O)C(C)(C)c1ccc(c(Cl)c1)*,Bandgap,4.157,eV,phase4_adversarial_augmentation,train,randomization,representation_preserving_control,measured_target_from_graph_equivalent_source
poly_3712,*C(CCC(=O)OC)O*,Bandgap,6.2304,eV,phase4_adversarial_augmentation,train,randomization,representation_preserving_control,measured_target_from_graph_equivalent_source
poly_3017,C1(*)=CCC(CC1)C(C)(C*)C,Bandgap,5.4909,eV,phase4_adversarial_augmentation,train,randomization,representation_preserving_control,measured_target_from_graph_equivalent_source
poly_3768,C([2H])([2H])([2H])C([2H])([2H])OC(=O)C(C([2H])([2H])[2H])(C([2H])(*)[2H])*,Bandgap,6.3139,eV,phase4_adversarial_augmentation,train,randomization,representation_preserving_control,measured_target_from_graph_equivalent_source
poly_1684,*SC(=O)CCCCC(=O)SCc1ccc(cc1)-c1ccc(C*)cc1,Bandgap,4.1374,eV,phase4_adversarial_augmentation,train,randomization,representation_preserving_control,measured_target_from_graph_equivalent_source
poly_492,c1c2oc3c([nH]c2cc2oc4c([nH]c12)nc1c(n4)cc(cc1)*)nc1c(n3)ccc(*)c1,Bandgap,2.6428,eV,phase4_adversarial_augmentation,train,randomization,representation_preserving_control,measured_target_from_graph_equivalent_source
poly_3948,C(*)C(COC(NCCNC(=O)O*)=O)(C)C,Bandgap,6.5733,eV,phase4_adversarial_augmentation,train,randomization,representation_preserving_control,measured_target_from_graph_equivalent_source
poly_749,c1cc(C(=O)*)ccc1C(C(=S)*)=O,Bandgap,2.9772,eV,phase4_adversarial_augmentation,train,randomization,representation_preserving_control,measured_target_from_graph_equivalent_source
poly_2329,*C(F)(C(F)(F)c1ccc(cc1)*)F,Bandgap,4.7832,eV,phase4_adversarial_augmentation,train,randomization,representation_preserving_control,measured_target_from_graph_equivalent_source
poly_892,c1(*)cc2ccc(cc2cc1)-c1[nH]c2cc3c(nc([nH]3)*)cc2n1,Bandgap,3.1698,eV,phase4_adversarial_augmentation,train,randomization,representation_preserving_control,measured_target_from_graph_equivalent_source
poly_209,c1(n(c(c2cc3c(cc21)c(n(-c1ccc(Oc2ccc(C(c4ccc(Oc5ccc(*)cc5)cc4)(C)C)cc2)cc1)c3=O)=O)=O)*)=O,Bandgap,2.1376,eV,phase4_adversarial_augmentation,train,randomization,representation_preserving_control,measured_target_from_graph_equivalent_source
poly_3521,O=C(*)NOC*,Bandgap,5.9906,eV,phase4_adversarial_augmentation,train,randomization,representation_preserving_control,measured_target_from_graph_equivalent_source
poly_1762,c1(*)ccc(C(=O)NNC(=O)c2cncc(c2)C(NNC(=O)*)=O)cn1,Bandgap,4.2104,eV,phase4_adversarial_augmentation,train,randomization,representation_preserving_control,measured_target_from_graph_equivalent_source
poly_2171,c1(cc(Br)c(c(Br)c1)OC(=O)*)C1(CC2CCC1C2)c1cc(c(c(c1)Br)O*)Br,Bandgap,4.6357,eV,phase4_adversarial_augmentation,train,randomization,representation_preserving_control,measured_target_from_graph_equivalent_source
poly_817,C1CCC(C(=O)C1=Cc1ccc(*)cc1)=C*,Bandgap,3.068,eV,phase4_adversarial_augmentation,train,randomization,representation_preserving_control,measured_target_from_graph_equivalent_source
poly_2727,C(CCCS*)SCCCCCCCCCC*,Bandgap,5.1777,eV,phase4_adversarial_augmentation,train,randomization,representation_preserving_control,measured_target_from_graph_equivalent_source
poly_185,S=C(c1sc(-c2ccc(cc2)*)cc1)c1sc(cc1)*,Bandgap,2.0488,eV,phase4_adversarial_augmentation,train,randomization,representation_preserving_control,measured_target_from_graph_equivalent_source
poly_823,c1(cc(c(C(=O)Nc2ccc(N*)cc2)cc1)C(O)=O)C(c1cc(c(cc1)C(=O)*)C(=O)O)=O,Bandgap,3.0780000000000003,eV,phase4_adversarial_augmentation,train,randomization,representation_preserving_control,measured_target_from_graph_equivalent_source
poly_2407,*Oc1sc(cc1)CC*,Bandgap,4.8714,eV,phase4_adversarial_augmentation,train,randomization,representation_preserving_control,measured_target_from_graph_equivalent_source
poly_284,c1c(C(=O)*)cc2c(C(N(C2=O)c2ccc(cc2)-c2ccc(-c3ccc(cc3)N3C(c4c(ccc(c4)*)C3=O)=O)cc2)=O)c1,Bandgap,2.3433,eV,phase4_adversarial_augmentation,train,randomization,representation_preserving_control,measured_target_from_graph_equivalent_source
poly_2948,c1(COC(=O)CC(=O)O*)ccc(C*)cc1,Bandgap,5.408,eV,phase4_adversarial_augmentation,train,randomization,representation_preserving_control,measured_target_from_graph_equivalent_source
poly_1976,c1(cc(OCC(=O)OC(C*)=O)ccc1)O*,Bandgap,4.4439,eV,phase4_adversarial_augmentation,train,randomization,representation_preserving_control,measured_target_from_graph_equivalent_source
poly_581,c1c(N=Nc2ccc(cc2)Nc2ccc(cc2)*)ccc(Nc2ccc(cc2)O*)c1,Bandgap,2.7656,eV,phase4_adversarial_augmentation,train,randomization,representation_preserving_control,measured_target_from_graph_equivalent_source
poly_2103,c1(sc(C*)cc1)Oc1ccc(*)s1,Bandgap,4.5746,eV,phase4_adversarial_augmentation,train,randomization,representation_preserving_control,measured_target_from_graph_equivalent_source
poly_3986,C(CCCCCCC(*)=O)C(=O)OCCC(C)O*,Bandgap,6.6135,eV,phase4_adversarial_augmentation,train,randomization,representation_preserving_control,measured_target_from_graph_equivalent_source
poly_3924,O=S(=O)(CCCCCC*)NCCCCCCNS(=O)(=O)*,Bandgap,6.5317,eV,phase4_adversarial_augmentation,train,randomization,representation_preserving_control,measured_target_from_graph_equivalent_source
poly_1347,c1c(S(c2ccc(O*)cc2)(=O)=O)ccc(OC(c2cccc(c2)C(*)=O)=O)c1,Bandgap,3.723,eV,phase4_adversarial_augmentation,train,randomization,representation_preserving_control,measured_target_from_graph_equivalent_source
poly_482,*c1n(CCC(=O)OC)c(cc1)*,Bandgap,2.6299,eV,phase4_adversarial_augmentation,train,randomization,representation_preserving_control,measured_target_from_graph_equivalent_source
poly_3468,C12CC(CC13C1CC2C(C31)*)*,Bandgap,5.9404,eV,phase4_adversarial_augmentation,train,randomization,representation_preserving_control,measured_target_from_graph_equivalent_source
poly_978,Clc1c(C=C*)cc(Cl)c(c1)*,Bandgap,3.2933,eV,phase4_adversarial_augmentation,train,randomization,representation_preserving_control,measured_target_from_graph_equivalent_source
poly_1535,c1c(sc(c1)*)NCC*,Bandgap,3.9612,eV,phase4_adversarial_augmentation,train,randomization,representation_preserving_control,measured_target_from_graph_equivalent_source
poly_991,c1(ccc(C*)s1)CC(*)=S,Bandgap,3.3080000000000003,eV,phase4_adversarial_augmentation,train,randomization,representation_preserving_control,measured_target_from_graph_equivalent_source
poly_3447,C(CCCCCCCCCC(=O)NCCCCCCCCCC*)CCCCCCC(N*)=O,Bandgap,5.9171,eV,phase4_adversarial_augmentation,train,randomization,representation_preserving_control,measured_target_from_graph_equivalent_source
poly_3891,C(CCC(*)=O)CS(CCCCC(OCCC(O*)C)=O)(=O)=O,Bandgap,6.4951,eV,phase4_adversarial_augmentation,train,randomization,representation_preserving_control,measured_target_from_graph_equivalent_source
poly_3483,C(CC*)CCCCCCCOC(=O)CC=CCC(=O)O*,Bandgap,5.9499,eV,phase4_adversarial_augmentation,train,randomization,representation_preserving_control,measured_target_from_graph_equivalent_source
poly_2886,O(Cc1ccc(cc1)C*)C(=O)CCCCS(=O)(=O)CCCCC(=O)O*,Bandgap,5.3354,eV,phase4_adversarial_augmentation,train,randomization,representation_preserving_control,measured_target_from_graph_equivalent_source
poly_2987,c1ccc(cc1)C(C*)O*,Bandgap,5.4524,eV,phase4_adversarial_augmentation,train,randomization,representation_preserving_control,measured_target_from_graph_equivalent_source
poly_3691,C1CC2C(*)C(*)C1C2,Bandgap,6.1998,eV,phase4_adversarial_augmentation,train,randomization,representation_preserving_control,measured_target_from_graph_equivalent_source
poly_99,Cc1cc(*)sc1*,Bandgap,1.644,eV,phase4_adversarial_augmentation,train,randomization,representation_preserving_control,measured_target_from_graph_equivalent_source
poly_2210,*C(c1ccc(cc1)C(OC)=O)C*,Bandgap,4.6598,eV,phase4_adversarial_augmentation,train,randomization,representation_preserving_control,measured_target_from_graph_equivalent_source
poly_2224,O=C(C(=O)NCCCNC(CCCCCCCC(NCCC*)=O)=O)N*,Bandgap,4.6754,eV,phase4_adversarial_augmentation,train,randomization,representation_preserving_control,measured_target_from_graph_equivalent_source
poly_1750,c1c(ccc(c1)C(c1ccc(cc1)Oc1nc(*)cnc1)(C)C)O*,Bandgap,4.1925,eV,phase4_adversarial_augmentation,train,randomization,representation_preserving_control,measured_target_from_graph_equivalent_source
poly_1148,c1(N*)ccc(C(c2c(c(c(c(c2C)C)C(=O)c2ccc(NC(=O)c3ccc(C(*)=O)cc3)cc2)C)C)=O)cc1,Bandgap,3.4981,eV,phase4_adversarial_augmentation,train,randomization,representation_preserving_control,measured_target_from_graph_equivalent_source
poly_3354,C(CC*)CCCCCCCCCNC(=O)CCP(CCC(N*)=O)(C)=O,Bandgap,5.8367,eV,phase4_adversarial_augmentation,train,randomization,representation_preserving_control,measured_target_from_graph_equivalent_source
poly_3038,C(C(C)C*)=C*,Bandgap,5.516,eV,phase4_adversarial_augmentation,train,randomization,representation_preserving_control,measured_target_from_graph_equivalent_source
poly_3210,C(OCCCCCNC(CCCCC*)=O)CCCCNC(=O)CCCCO*,Bandgap,5.71,eV,phase4_adversarial_augmentation,train,randomization,representation_preserving_control,measured_target_from_graph_equivalent_source
poly_1270,N(c1ccc(*)cc1)C(c1cc(C(Nc2ccc(cc2)O*)=O)cc(NC(C23CC4CC(C2)CC(C4)C3)=O)c1)=O,Bandgap,3.6392,eV,phase4_adversarial_augmentation,train,randomization,representation_preserving_control,measured_target_from_graph_equivalent_source
poly_3012,C1=CCC(C(*)C*)CC1,Bandgap,5.4849,eV,phase4_adversarial_augmentation,train,randomization,representation_preserving_control,measured_target_from_graph_equivalent_source
poly_902,c1c(*)ccc(C(=O)NCCCCNC(=O)c2ccc(N=N*)cc2)c1,Bandgap,3.1785,eV,phase4_adversarial_augmentation,train,randomization,representation_preserving_control,measured_target_from_graph_equivalent_source
poly_2694,C(CCCCC(NNC(=O)CCC(NN*)=O)=O)(*)=O,Bandgap,5.1381,eV,phase4_adversarial_augmentation,train,randomization,representation_preserving_control,measured_target_from_graph_equivalent_source
poly_1845,c1(F)cc(cc(c1)C(Oc1cc(cc(CCCCCCCCC)c1)O*)=O)C(*)=O,Bandgap,4.2982,eV,phase4_adversarial_augmentation,train,randomization,representation_preserving_control,measured_target_from_graph_equivalent_source
poly_3000,*c1cccc(CC*)c1,Bandgap,5.4676,eV,phase4_adversarial_augmentation,train,randomization,representation_preserving_control,measured_target_from_graph_equivalent_source
poly_698,c1(ccc(Oc2ccc(-c3nc4ccc(cc4nc3-c3ccccc3)-c3cc4nc(c(nc4cc3)*)-c3ccccc3)cc2)cc1)*,Bandgap,2.9235,eV,phase4_adversarial_augmentation,train,randomization,representation_preserving_control,measured_target_from_graph_equivalent_source
poly_3942,C(CCCCCCCCOC(CCCCCCC(O*)=O)=O)CCCCCCCCCCC*,Bandgap,6.5596,eV,phase4_adversarial_augmentation,train,randomization,representation_preserving_control,measured_target_from_graph_equivalent_source
poly_3955,C(C(CO*)(C*)CCl)Cl,Bandgap,6.5804,eV,phase4_adversarial_augmentation,train,randomization,representation_preserving_control,measured_target_from_graph_equivalent_source
poly_1651,O=C(OC(COc1ccc(cc1)O*)=O)C*,Bandgap,4.0904,eV,phase4_adversarial_augmentation,train,randomization,representation_preserving_control,measured_target_from_graph_equivalent_source
poly_134,c1ccc2c(cc(c-2cc1)-c1c(C)cc(s1)-c1sc(*)c(c1)C)*,Bandgap,1.8844,eV,phase4_adversarial_augmentation,train,randomization,representation_preserving_control,measured_target_from_graph_equivalent_source
poly_3830,*CC(CCl)O*,Bandgap,6.4132,eV,phase4_adversarial_augmentation,train,randomization,representation_preserving_control,measured_target_from_graph_equivalent_source
poly_942,C(=Nc1cc(N=C*)ccc1)c1nc(*)ccc1,Bandgap,3.2461,eV,phase4_adversarial_augmentation,train,randomization,representation_preserving_control,measured_target_from_graph_equivalent_source
poly_3802,O(*)C(COC(=O)C1CCC(C(=O)*)CC1)C,Bandgap,6.3591,eV,phase4_adversarial_augmentation,train,randomization,representation_preserving_control,measured_target_from_graph_equivalent_source
poly_571,c1(ccc(cc1)C=C*)-c1ccc(C=Cc2ncnc(c2)*)cc1,Bandgap,2.7449,eV,phase4_adversarial_augmentation,train,randomization,representation_preserving_control,measured_target_from_graph_equivalent_source
poly_2042,c1(C(=O)N(*)CC*)c(F)cccc1F,Bandgap,4.517,eV,phase4_adversarial_augmentation,train,randomization,representation_preserving_control,measured_target_from_graph_equivalent_source
poly_2378,c1(ccc(cc1)C(c1ccc(OCC(C*)O)cc1)(C)C)O*,Bandgap,4.8415,eV,phase4_adversarial_augmentation,train,randomization,representation_preserving_control,measured_target_from_graph_equivalent_source
poly_1050,N1(*)C(=O)c2c(C1=O)ccc(c2)-c1ccc2C(=O)N(c3ccc(c(c3)C(F)(F)F)-c3c(C(F)(F)F)cc(*)cc3)C(c2c1)=O,Bandgap,3.3769,eV,phase4_adversarial_augmentation,train,randomization,representation_preserving_control,measured_target_from_graph_equivalent_source
poly_3152,CCCC(=O)N(CC*)*,Bandgap,5.6408,eV,phase4_adversarial_augmentation,train,randomization,representation_preserving_control,measured_target_from_graph_equivalent_source
poly_333,O=S(=O)(c1ccc(cc1)N1C(c2ccc(C(=O)Nc3ccc(Oc4ccc(NC(=O)*)cc4)cc3)cc2C1=O)=O)c1ccc(cc1)N1C(=O)c2c(C1=O)cc(*)cc2,Bandgap,2.4414,eV,phase4_adversarial_augmentation,train,randomization,representation_preserving_control,measured_target_from_graph_equivalent_source
poly_4055,*S(=O)(=O)CCCCC*,Bandgap,6.7191,eV,phase4_adversarial_augmentation,train,randomization,representation_preserving_control,measured_target_from_graph_equivalent_source
poly_3921,C(CCCCC(=O)*)(OCC(O*)C)=O,Bandgap,6.5294,eV,phase4_adversarial_augmentation,train,randomization,representation_preserving_control,measured_target_from_graph_equivalent_source
poly_2282,C(CCCCCC(=O)S*)CCC(=O)SCC*,Bandgap,4.7383,eV,phase4_adversarial_augmentation,train,randomization,representation_preserving_control,measured_target_from_graph_equivalent_source
poly_2495,c1cc(ccc1CNC(CCCCC*)=O)CNC(=O)CCCCCS*,Bandgap,4.9399,eV,phase4_adversarial_augmentation,train,randomization,representation_preserving_control,measured_target_from_graph_equivalent_source
poly_3123,C(CNC(CCCO*)=O)CCCOCCCCCNC(CCCCCCCCCC*)=O,Bandgap,5.6076,eV,phase4_adversarial_augmentation,train,randomization,representation_preserving_control,measured_target_from_graph_equivalent_source
poly_3648,C(CCC(=O)O*)CCCCCC(OCC#CC*)=O,Bandgap,6.1332,eV,phase4_adversarial_augmentation,train,randomization,representation_preserving_control,measured_target_from_graph_equivalent_source
poly_42,c1cc(N=Nc2ccc(C=C(C#N)C#N)cc2)ccc1N(CC)CCc1cc(sc1*)*,Bandgap,1.2692,eV,phase4_adversarial_augmentation,train,randomization,representation_preserving_control,measured_target_from_graph_equivalent_source
poly_171,c12cc3c(c(n(*)c3=O)=O)cc1c(n(-c1ccc(cc1)Oc1c3cccc(Oc4ccc(*)cc4)c3ccc1)c2=O)=O,Bandgap,2.0006,eV,phase4_adversarial_augmentation,train,randomization,representation_preserving_control,measured_target_from_graph_equivalent_source
poly_840,C(*)(c1cc(C(=O)Nc2ccc(C(Nc3ccc(N*)cc3)=O)cc2)cc(NC(=O)C23CC4CC(C3)CC(C4)C2)c1)=O,Bandgap,3.1016,eV,phase4_adversarial_augmentation,train,randomization,representation_preserving_control,measured_target_from_graph_equivalent_source
poly_1251,Cc1c(ccc(Oc2ccc(cc2)C(=O)c2ccc(cc2)*)c1)O*,Bandgap,3.6189,eV,phase4_adversarial_augmentation,train,randomization,representation_preserving_control,measured_target_from_graph_equivalent_source
poly_2687,c1c(C(F)(C(F)(C(F)(c2cccc(c2)O*)F)F)F)cc(cc1)OC(*)=O,Bandgap,5.1323,eV,phase4_adversarial_augmentation,train,randomization,representation_preserving_control,measured_target_from_graph_equivalent_source
poly_2884,*CCSSCCO*,Bandgap,5.3343,eV,phase4_adversarial_augmentation,train,randomization,representation_preserving_control,measured_target_from_graph_equivalent_source
poly_1429,O=C(CNCCCCCCCCNCC(=O)c1ccc(O*)cc1)c1ccc(*)cc1,Bandgap,3.8264,eV,phase4_adversarial_augmentation,train,randomization,representation_preserving_control,measured_target_from_graph_equivalent_source
poly_3556,O=C(NCC1CCC(CC1)C*)CCCC(N*)=O,Bandgap,6.0232,eV,phase4_adversarial_augmentation,train,randomization,representation_preserving_control,measured_target_from_graph_equivalent_source
poly_2150,*Cc1ccc(cc1)CN1CCN(*)C(C)C1,Bandgap,4.6134,eV,phase4_adversarial_augmentation,train,randomization,representation_preserving_control,measured_target_from_graph_equivalent_source
poly_3728,C(OCCC#N)(C(C*)(*)C)=O,Bandgap,6.2488,eV,phase4_adversarial_augmentation,train,randomization,representation_preserving_control,measured_target_from_graph_equivalent_source
poly_1233,c1ccc(cc1C(NCCOC(c1ccc(C(=O)O*)cc1)=O)=O)C(=O)NCC*,Bandgap,3.6005,eV,phase4_adversarial_augmentation,train,randomization,representation_preserving_control,measured_target_from_graph_equivalent_source
poly_1992,C(C)Oc1ccc(Br)cc1C(C*)*,Bandgap,4.4644,eV,phase4_adversarial_augmentation,train,randomization,representation_preserving_control,measured_target_from_graph_equivalent_source
poly_412,c12c(cc3c(c1)c(=O)n(-c1ccc(NC(c4cccc(C(Nc5ccc(cc5)*)=O)c4)=O)cc1)c3=O)c(n(*)c2=O)=O,Bandgap,2.5291,eV,phase4_adversarial_augmentation,train,randomization,representation_preserving_control,measured_target_from_graph_equivalent_source
poly_861,c1([N+](=O)[O-])ccccc1OC(C(*)(C)C*)=O,Bandgap,3.1276,eV,phase4_adversarial_augmentation,train,randomization,representation_preserving_control,measured_target_from_graph_equivalent_source
poly_354,O=c1n(c(=O)c2c1cc1c(c2)c(=O)n(c1=O)*)-c1cc(*)cc(-c2sc3ccccc3n2)c1,Bandgap,2.4675,eV,phase4_adversarial_augmentation,train,randomization,representation_preserving_control,measured_target_from_graph_equivalent_source
poly_2401,*N(CC*)C(=O)Cc1ccc(cc1)C(F)(F)F,Bandgap,4.8637,eV,phase4_adversarial_augmentation,train,randomization,representation_preserving_control,measured_target_from_graph_equivalent_source
poly_1591,c1(OCCCCCCCC)cc(ccc1C(=O)NN*)C(*)=O,Bandgap,4.0296,eV,phase4_adversarial_augmentation,train,randomization,representation_preserving_control,measured_target_from_graph_equivalent_source
poly_2343,N(N*)C(=O)c1ccc(cc1)C(*)=O,Bandgap,4.797,eV,phase4_adversarial_augmentation,train,randomization,representation_preserving_control,measured_target_from_graph_equivalent_source
poly_3330,O(CC1(CCCCC1)C*)*,Bandgap,5.8122,eV,phase4_adversarial_augmentation,train,randomization,representation_preserving_control,measured_target_from_graph_equivalent_source
poly_87,c1cc(cc2nc3Oc4nc5c(cc4Nc3nc21)oc1-c(sn2ccc(cnc-2c1)-c1ccc(*)cc1)n5)*,Bandgap,1.5944,eV,phase4_adversarial_augmentation,train,randomization,representation_preserving_control,measured_target_from_graph_equivalent_source
poly_98,c1cc(sc1C=Cc1cc(OC)c(C=C*)cc1OC)*,Bandgap,1.6407,eV,phase4_adversarial_augmentation,train,randomization,representation_preserving_control,measured_target_from_graph_equivalent_source
poly_1917,C(Nc1cc(O*)ccc1)(c1ccc(cc1)*)=O,Bandgap,4.3857,eV,phase4_adversarial_augmentation,train,randomization,representation_preserving_control,measured_target_from_graph_equivalent_source
poly_197,O=C(OCCc1cc(sc1*)*)C(Br)C,Bandgap,2.0981,eV,phase4_adversarial_augmentation,train,randomization,representation_preserving_control,measured_target_from_graph_equivalent_source
poly_2576,O(C(=O)NCCSCCCCCSCCNC(=O)OCC1CCC(CC1)C*)*,Bandgap,5.0201,eV,phase4_adversarial_augmentation,train,randomization,representation_preserving_control,measured_target_from_graph_equivalent_source
poly_1318,N1(C(=O)c2cc(ccc2C1=O)*)c1ccc(cc1)C(NCCNC(*)=O)=O,Bandgap,3.6936,eV,phase4_adversarial_augmentation,train,randomization,representation_preserving_control,measured_target_from_graph_equivalent_source
poly_4127,C(CCC*)CCOC(CC(=O)O*)=O,Bandgap,6.9173,eV,phase4_adversarial_augmentation,train,randomization,representation_preserving_control,measured_target_from_graph_equivalent_source
poly_3091,CC(C(*)=O)(C)C(C)N*,Bandgap,5.5688,eV,phase4_adversarial_augmentation,train,randomization,representation_preserving_control,measured_target_from_graph_equivalent_source
poly_413,c1c(ccc2c1C(=O)N(C2=O)c1ccc(cc1)-c1ccc(N2C(c3c(ccc(c3)C(*)=O)C2=O)=O)cc1)*,Bandgap,2.5342,eV,phase4_adversarial_augmentation,train,randomization,representation_preserving_control,measured_target_from_graph_equivalent_source
poly_3888,C(O*)OCCCCC*,Bandgap,6.4901,eV,phase4_adversarial_augmentation,train,randomization,representation_preserving_control,measured_target_from_graph_equivalent_source
poly_334,*c1ccc(C(=O)Nc2c(C(=O)OCC)cc(cc2)-n2c(c3cc4c(cc3c2=O)c(=O)n(*)c4=O)=O)cc1,Bandgap,2.4414,eV,phase4_adversarial_augmentation,train,randomization,representation_preserving_control,measured_target_from_graph_equivalent_source
poly_4146,*CCCCCOC(=O)O*,Bandgap,7.0388,eV,phase4_adversarial_augmentation,train,randomization,representation_preserving_control,measured_target_from_graph_equivalent_source
poly_2943,*CCCC(N*)=O,Bandgap,5.4041,eV,phase4_adversarial_augmentation,train,randomization,representation_preserving_control,measured_target_from_graph_equivalent_source
poly_3155,c1cccc(c1Cc1ccccc1*)OC(O*)=O,Bandgap,5.6427,eV,phase4_adversarial_augmentation,train,randomization,representation_preserving_control,measured_target_from_graph_equivalent_source
poly_106,c12c(cc3c(=O)n(*)c(=O)c3c2)c(n(-c2ccc(cc2)Nc2ccc(cc2)*)c1=O)=O,Bandgap,1.6941,eV,phase4_adversarial_augmentation,train,randomization,representation_preserving_control,measured_target_from_graph_equivalent_source
poly_3240,C=C(C*)COCC(=C)COC(=O)O*,Bandgap,5.7357,eV,phase4_adversarial_augmentation,train,randomization,representation_preserving_control,measured_target_from_graph_equivalent_source
poly_1679,N(c1cc(ccc1C)*)*,Bandgap,4.1316,eV,phase4_adversarial_augmentation,train,randomization,representation_preserving_control,measured_target_from_graph_equivalent_source
poly_1321,c1(ccc(C(=O)Oc2ccc(cc2)C(OCCCCCOC(=O)c2ccc(O*)cc2)=O)cc1)C(=O)*,Bandgap,3.6948,eV,phase4_adversarial_augmentation,train,randomization,representation_preserving_control,measured_target_from_graph_equivalent_source
poly_4092,C(CCC*)CC(CCCCCCCCCCCCCC)*,Bandgap,6.7781,eV,phase4_adversarial_augmentation,train,randomization,representation_preserving_control,measured_target_from_graph_equivalent_source
poly_2755,C(*)([2H])([2H])C([2H])([2H])C([2H])=C(*)C([2H])([2H])[2H],Bandgap,5.1988,eV,phase4_adversarial_augmentation,train,randomization,representation_preserving_control,measured_target_from_graph_equivalent_source
poly_3095,C(SCCNC(OCCCC*)=O)CSCCNC(O*)=O,Bandgap,5.5713,eV,phase4_adversarial_augmentation,train,randomization,representation_preserving_control,measured_target_from_graph_equivalent_source
poly_919,c1(N2C(=O)c3c(C2=O)ccc(c3)-c2ccc3C(=O)N(*)C(c3c2)=O)cc(c(cc1O)O)*,Bandgap,3.2012,eV,phase4_adversarial_augmentation,train,randomization,representation_preserving_control,measured_target_from_graph_equivalent_source
poly_3557,N(*)C(CCCCCCCCC*)=O,Bandgap,6.0233,eV,phase4_adversarial_augmentation,train,randomization,representation_preserving_control,measured_target_from_graph_equivalent_source
poly_3178,*CC(C)(CO*)CO,Bandgap,5.666,eV,phase4_adversarial_augmentation,train,randomization,representation_preserving_control,measured_target_from_graph_equivalent_source
poly_3959,S(=O)(CCCCS(=O)(CCCCCC*)=O)(*)=O,Bandgap,6.5889,eV,phase4_adversarial_augmentation,train,randomization,representation_preserving_control,measured_target_from_graph_equivalent_source
poly_1354,C(*)(C*)c1ccc(C(=O)c2ccccc2)cc1,Bandgap,3.7318,eV,phase4_adversarial_augmentation,train,randomization,representation_preserving_control,measured_target_from_graph_equivalent_source
poly_875,c1(cc2c([nH]c(n2)-c2cc(-c3[nH]c4c(cc(cc4)*)n3)ccc2)cc1)C(Nc1cccc(c1)NC(=O)c1cccc(NC(*)=O)c1)=O,Bandgap,3.1483,eV,phase4_adversarial_augmentation,train,randomization,representation_preserving_control,measured_target_from_graph_equivalent_source
poly_836,c1c(ccc(c1)OC(=O)C=Cc1ccc(cc1)C=CC(=O)*)O*,Bandgap,3.0952,eV,phase4_adversarial_augmentation,train,randomization,representation_preserving_control,measured_target_from_graph_equivalent_source
poly_2749,c1cc(cc(NC(O*)=O)c1C)NC(=O)OCCCCCC*,Bandgap,5.1934,eV,phase4_adversarial_augmentation,train,randomization,representation_preserving_control,measured_target_from_graph_equivalent_source
poly_272,C(CCCCc1cc(sc1*)*)CCCCCCC,Bandgap,2.3195,eV,phase4_adversarial_augmentation,train,randomization,representation_preserving_control,measured_target_from_graph_equivalent_source
poly_2107,*CCCC=C*,Bandgap,4.5769,eV,phase4_adversarial_augmentation,train,randomization,representation_preserving_control,measured_target_from_graph_equivalent_source
poly_165,n1c([nH]c2c1cc1nc(C=Cc3ccc(C=C*)cc3)[nH]c1c2)*,Bandgap,1.9821,eV,phase4_adversarial_augmentation,train,randomization,representation_preserving_control,measured_target_from_graph_equivalent_source
poly_3725,*OC(=O)C(CCC)C(=O)OCCOCC*,Bandgap,6.2462,eV,phase4_adversarial_augmentation,train,randomization,representation_preserving_control,measured_target_from_graph_equivalent_source
poly_2615,C1CCCCC1N1C(C(C(C1=O)*)*)=O,Bandgap,5.0769,eV,phase4_adversarial_augmentation,train,randomization,representation_preserving_control,measured_target_from_graph_equivalent_source
poly_2232,c1c(c(OC(=O)*)ccc1C(C)(C)c1ccc(O*)c(C)c1)C,Bandgap,4.6875,eV,phase4_adversarial_augmentation,train,randomization,representation_preserving_control,measured_target_from_graph_equivalent_source
poly_112,s1c(c2OCCOc2c1*)-c1sc(C2S(=O)(=O)C(*)=C3C=2OCCO3)c2c1OCCO2,Bandgap,1.7225,eV,phase4_adversarial_augmentation,train,randomization,representation_preserving_control,measured_target_from_graph_equivalent_source
poly_3785,*CCCCOCO*,Bandgap,6.3363,eV,phase4_adversarial_augmentation,train,randomization,representation_preserving_control,measured_target_from_graph_equivalent_source
poly_1,*[N+](C)(C)CCCCCC*,Bandgap,0.0738,eV,phase4_adversarial_augmentation,train,randomization,representation_preserving_control,measured_target_from_graph_equivalent_source
poly_40,c1cccc2c(sc(c12)*)*,Bandgap,1.2499,eV,phase4_adversarial_augmentation,train,randomization,representation_preserving_control,measured_target_from_graph_equivalent_source
poly_2393,C(=O)(CCC=CCCC(N*)=O)NCCCCC*,Bandgap,4.8564,eV,phase4_adversarial_augmentation,train,randomization,representation_preserving_control,measured_target_from_graph_equivalent_source
poly_2284,C(Cc1ccc(C(O*)=O)cc1)CCc1ccc(cc1)C(=O)*,Bandgap,4.7395,eV,phase4_adversarial_augmentation,train,randomization,representation_preserving_control,measured_target_from_graph_equivalent_source
poly_3745,C(C(=O)OCC(C(C(F)(F)C(F)(F)C(C(F)(C(F)(F)F)F)(F)F)(F)F)(F)F)(*)C*,Bandgap,6.2707,eV,phase4_adversarial_augmentation,train,randomization,representation_preserving_control,measured_target_from_graph_equivalent_source
poly_1465,c1(cc(ccc1O*)Oc1ccc(C(c2ccc(cc2)*)=O)cc1)C(Br)Br,Bandgap,3.8778,eV,phase4_adversarial_augmentation,train,randomization,representation_preserving_control,measured_target_from_graph_equivalent_source
poly_995,C(C)(C)=C(*)C(=C(C)C)C=C*,Bandgap,3.3162,eV,phase4_adversarial_augmentation,train,randomization,representation_preserving_control,measured_target_from_graph_equivalent_source
poly_100,*c1sc(*)c(C#N)c1,Bandgap,1.6457,eV,phase4_adversarial_augmentation,train,randomization,representation_preserving_control,measured_target_from_graph_equivalent_source
poly_1637,c1(Oc2ccc(c(N)c2)S(=O)(c2ccc(O*)cc2N)=O)ccc(-c2ccc(*)cc2)cc1,Bandgap,4.081,eV,phase4_adversarial_augmentation,train,randomization,representation_preserving_control,measured_target_from_graph_equivalent_source
poly_1706,c1cc(ccc1C(C)(C)C)C(=O)C(C*)*,Bandgap,4.1556,eV,phase4_adversarial_augmentation,train,randomization,representation_preserving_control,measured_target_from_graph_equivalent_source
poly_3756,C1(CCC(O*)CC1)OC*,Bandgap,6.2909,eV,phase4_adversarial_augmentation,train,randomization,representation_preserving_control,measured_target_from_graph_equivalent_source
poly_1481,*Oc1ccc(C(=O)C*)s1,Bandgap,3.9018,eV,phase4_adversarial_augmentation,train,randomization,representation_preserving_control,measured_target_from_graph_equivalent_source
poly_3458,O=P(CCC(NCC*)=O)(CCC(=O)N*)C,Bandgap,5.9313,eV,phase4_adversarial_augmentation,train,randomization,representation_preserving_control,measured_target_from_graph_equivalent_source
poly_3224,O=C(O*)SC(=O)OCCCC*,Bandgap,5.7231,eV,phase4_adversarial_augmentation,train,randomization,representation_preserving_control,measured_target_from_graph_equivalent_source
poly_970,FC(F)(C(c1ccc(N2C(c3c(cc(cc3)-c3ccc4c(c3)C(=O)N(C4=O)*)C2=O)=O)cc1)(c1ccc(cc1)*)C(F)(F)F)F,Bandgap,3.2749,eV,phase4_adversarial_augmentation,train,randomization,representation_preserving_control,measured_target_from_graph_equivalent_source
poly_3718,[2H]C(C(*)(Cl)[2H])(*)[2H],Bandgap,6.2385,eV,phase4_adversarial_augmentation,train,randomization,representation_preserving_control,measured_target_from_graph_equivalent_source
poly_3206,C(CCCCC(NCC*)=O)CCCCCC(=O)N*,Bandgap,5.7085,eV,phase4_adversarial_augmentation,train,randomization,representation_preserving_control,measured_target_from_graph_equivalent_source
poly_91,s1c(-c2sc(*)cc2)ccc1C=CC(=C(C)C=C*)C,Bandgap,1.6111,eV,phase4_adversarial_augmentation,train,randomization,representation_preserving_control,measured_target_from_graph_equivalent_source
poly_3687,O=C(CCCCCCC(=O)*)O*,Bandgap,6.1978,eV,phase4_adversarial_augmentation,train,randomization,representation_preserving_control,measured_target_from_graph_equivalent_source
poly_2698,C(CC*)CSCS*,Bandgap,5.1418,eV,phase4_adversarial_augmentation,train,randomization,representation_preserving_control,measured_target_from_graph_equivalent_source
poly_3258,C(COCC*)OCCOC(CCC(=O)O*)=O,Bandgap,5.756,eV,phase4_adversarial_augmentation,train,randomization,representation_preserving_control,measured_target_from_graph_equivalent_source
poly_704,C(C(*)=S)(NC*)=O,Bandgap,2.9294,eV,phase4_adversarial_augmentation,train,randomization,representation_preserving_control,measured_target_from_graph_equivalent_source
poly_1794,c1c(C(C)(C)c2ccc(O*)cc2)ccc(c1)OC*,Bandgap,4.2512,eV,phase4_adversarial_augmentation,train,randomization,representation_preserving_control,measured_target_from_graph_equivalent_source
poly_2453,c1(P(CCC*)CCCNC(N*)=O)ccccc1,Bandgap,4.9075,eV,phase4_adversarial_augmentation,train,randomization,representation_preserving_control,measured_target_from_graph_equivalent_source
poly_3987,O(*)C*,Bandgap,6.6201,eV,phase4_adversarial_augmentation,train,randomization,representation_preserving_control,measured_target_from_graph_equivalent_source
poly_3428,C1CN(CCC1OC(*)=O)*,Bandgap,5.8954,eV,phase4_adversarial_augmentation,train,randomization,representation_preserving_control,measured_target_from_graph_equivalent_source
poly_2577,c1(cccc(C(=O)OCCCCC*)c1)C(O*)=O,Bandgap,5.0202,eV,phase4_adversarial_augmentation,train,randomization,representation_preserving_control,measured_target_from_graph_equivalent_source
poly_3901,C(CCCCCCOC(=O)CCCCC(=O)O*)CCC*,Bandgap,6.5098,eV,phase4_adversarial_augmentation,train,randomization,representation_preserving_control,measured_target_from_graph_equivalent_source
poly_3653,O(CCCNC(=O)OCC*)CCCNC(=O)O*,Bandgap,6.1366,eV,phase4_adversarial_augmentation,train,randomization,representation_preserving_control,measured_target_from_graph_equivalent_source
poly_3067,*C(=O)Oc1ccc(OC(Oc2cc(ccc2)O*)=O)cc1,Bandgap,5.5459,eV,phase4_adversarial_augmentation,train,randomization,representation_preserving_control,measured_target_from_graph_equivalent_source
poly_833,C(CC(CC)COc1c(C#C*)cc(OCC(CC)CCCC)c(c1)C#Cc1c(cc(*)c(c1)OCCNCCCC)OCCNCCCC)CC,Bandgap,3.0922,eV,phase4_adversarial_augmentation,train,randomization,representation_preserving_control,measured_target_from_graph_equivalent_source
poly_1484,c1c(cccc1)-c1cc(cc(c1O*)C)*,Bandgap,3.9034,eV,phase4_adversarial_augmentation,train,randomization,representation_preserving_control,measured_target_from_graph_equivalent_source
poly_560,S(c1oc(cc1)C=Nc1c(cc(-c2ccc(c(C)c2)N=C*)cc1)C)c1ccc(*)o1,Bandgap,2.7346,eV,phase4_adversarial_augmentation,train,randomization,representation_preserving_control,measured_target_from_graph_equivalent_source
poly_2246,O(c1ccc(Oc2ccc(*)cc2)s1)*,Bandgap,4.7023,eV,phase4_adversarial_augmentation,train,randomization,representation_preserving_control,measured_target_from_graph_equivalent_source
poly_721,c1c(ccc(c1)C=C1CCC(=Cc2ccc(cc2)O*)C1=O)OCC*,Bandgap,2.9454,eV,phase4_adversarial_augmentation,train,randomization,representation_preserving_control,measured_target_from_graph_equivalent_source
poly_1635,O=C(OCCCCCC*)c1ccc(cc1)-c1ccc(cc1)C(=O)O*,Bandgap,4.0749,eV,phase4_adversarial_augmentation,train,randomization,representation_preserving_control,measured_target_from_graph_equivalent_source
poly_2215,c1cc(O*)cc(c1)OC(=O)C1C(C1)C(*)=O,Bandgap,4.6652,eV,phase4_adversarial_augmentation,train,randomization,representation_preserving_control,measured_target_from_graph_equivalent_source
poly_1727,c1c(ccc(c1)*)NCC*,Bandgap,4.1739,eV,phase4_adversarial_augmentation,train,randomization,representation_preserving_control,measured_target_from_graph_equivalent_source
poly_1228,c1(-c2ccc3c(c2)nc(*)o3)ccc2c(c1)oc(-c1cccc(*)c1)n2,Bandgap,3.597,eV,phase4_adversarial_augmentation,train,randomization,representation_preserving_control,measured_target_from_graph_equivalent_source
poly_1803,c1cc(P(C)(c2ccc(cc2)*)=O)ccc1O*,Bandgap,4.2617,eV,phase4_adversarial_augmentation,train,randomization,representation_preserving_control,measured_target_from_graph_equivalent_source
poly_2806,O=C(*)C(CCC(OC)=O)N*,Bandgap,5.2436,eV,phase4_adversarial_augmentation,train,randomization,representation_preserving_control,measured_target_from_graph_equivalent_source
poly_2217,N(*)C(=O)c1cc(ccc1)C(=O)NCC*,Bandgap,4.6675,eV,phase4_adversarial_augmentation,train,randomization,representation_preserving_control,measured_target_from_graph_equivalent_source
poly_2314,*C(=O)Oc1c(CC)cc(cc1)C(C)(c1cc(c(O*)cc1)CC)C,Bandgap,4.7687,eV,phase4_adversarial_augmentation,train,randomization,representation_preserving_control,measured_target_from_graph_equivalent_source
poly_2326,c1(*)cc(c(CC*)cc1Cl)Cl,Bandgap,4.7791,eV,phase4_adversarial_augmentation,train,randomization,representation_preserving_control,measured_target_from_graph_equivalent_source
poly_2672,O=C(OCC)C(N*)CC(*)=O,Bandgap,5.1162,eV,phase4_adversarial_augmentation,train,randomization,representation_preserving_control,measured_target_from_graph_equivalent_source
poly_3218,N(*)C(=O)CCCCCCCCC(NCCCCC*)=O,Bandgap,5.7156,eV,phase4_adversarial_augmentation,train,randomization,representation_preserving_control,measured_target_from_graph_equivalent_source
poly_157,c1cc(c(OC)cc1*)-c1ccc(cc1OC)-n1c(=O)c2c(c3c(n(*)c(c3c(F)c2c1=O)=O)=O)F,Bandgap,1.9563,eV,phase4_adversarial_augmentation,train,randomization,representation_preserving_control,measured_target_from_graph_equivalent_source
poly_874,c1ccccc1-c1nc2ccc(-c3cc4nc(c(nc4cc3)-c3ccccc3)*)cc2nc1-c1ccc(cc1)Oc1ccc(*)cc1,Bandgap,3.1454,eV,phase4_adversarial_augmentation,train,randomization,representation_preserving_control,measured_target_from_graph_equivalent_source
poly_2059,O(c1ccc(C(*)=O)cc1)C(=O)Oc1ccc(cc1)O*,Bandgap,4.5325,eV,phase4_adversarial_augmentation,train,randomization,representation_preserving_control,measured_target_from_graph_equivalent_source
poly_3670,C(CCCCCCCC*)COC(=O)COCC(=O)O*,Bandgap,6.164,eV,phase4_adversarial_augmentation,train,randomization,representation_preserving_control,measured_target_from_graph_equivalent_source
poly_914,c12nc(c(nc2cc(C(*)=O)cc1)-c1ccc(cc1)-c1c(nc2cc(ccc2n1)*)-c1ccccc1)-c1ccccc1,Bandgap,3.1987,eV,phase4_adversarial_augmentation,train,randomization,representation_preserving_control,measured_target_from_graph_equivalent_source
poly_3423,C(CCCCCCCCCCC(N*)=O)C(=O)NCCCCCCCCCCCCC*,Bandgap,5.8918,eV,phase4_adversarial_augmentation,train,randomization,representation_preserving_control,measured_target_from_graph_equivalent_source
poly_3978,C1C(C(OCC(C)(C)C*)=O)CCC(C1)C(O*)=O,Bandgap,6.607,eV,phase4_adversarial_augmentation,train,randomization,representation_preserving_control,measured_target_from_graph_equivalent_source
poly_735,c1c(cc(s1)-c1cc(C=C*)cs1)*,Bandgap,2.9611,eV,phase4_adversarial_augmentation,train,randomization,representation_preserving_control,measured_target_from_graph_equivalent_source
poly_1538,c1cc(ccc1Oc1cccc(c1)O*)C(=O)Oc1cccc(OC(=O)c2ccc(*)cc2)c1,Bandgap,3.9641,eV,phase4_adversarial_augmentation,train,randomization,representation_preserving_control,measured_target_from_graph_equivalent_source
poly_2546,C(CCC*)CCS*,Bandgap,4.9951,eV,phase4_adversarial_augmentation,train,randomization,representation_preserving_control,measured_target_from_graph_equivalent_source
poly_3040,C(NCCCCC(NC(NCC(C)N*)=O)C(=O)OC)(*)=O,Bandgap,5.5212,eV,phase4_adversarial_augmentation,train,randomization,representation_preserving_control,measured_target_from_graph_equivalent_source
poly_2587,*CCCC(C)(C)CNC(=O)c1cc(ccc1)C(=O)N*,Bandgap,5.0312,eV,phase4_adversarial_augmentation,train,randomization,representation_preserving_control,measured_target_from_graph_equivalent_source
poly_1958,C(*)C(Cc1ccc(*)cc1)=O,Bandgap,4.4275,eV,phase4_adversarial_augmentation,train,randomization,representation_preserving_control,measured_target_from_graph_equivalent_source
poly_4137,C(Cl)(*)CCC*,Bandgap,6.9819,eV,phase4_adversarial_augmentation,train,randomization,representation_preserving_control,measured_target_from_graph_equivalent_source
poly_3273,N(*)C(CCCCC(=O)NCC(CCC*)(C)C)=O,Bandgap,5.7663,eV,phase4_adversarial_augmentation,train,randomization,representation_preserving_control,measured_target_from_graph_equivalent_source
poly_667,C1COc2c(*)sc(c2O1)-c1ccc(N(c2ccc(cc2)*)c2ccc(CCCC)cc2)cc1,Bandgap,2.8878,eV,phase4_adversarial_augmentation,train,randomization,representation_preserving_control,measured_target_from_graph_equivalent_source
poly_3454,N(C(CCCCCCCCCCC(NCCCCCCCCCCC*)=O)=O)*,Bandgap,5.9276,eV,phase4_adversarial_augmentation,train,randomization,representation_preserving_control,measured_target_from_graph_equivalent_source
poly_948,O=C1c2ccc(Oc3ccc(Oc4ccc(cc4)Oc4ccc5c(c4)C(N(C5=O)*)=O)cc3)cc2C(N1c1cccc(*)c1)=O,Bandgap,3.252,eV,phase4_adversarial_augmentation,train,randomization,representation_preserving_control,measured_target_from_graph_equivalent_source
poly_3490,C(CC(OCCCCCCCCCC*)=O)C=CCCC(=O)O*,Bandgap,5.9572,eV,phase4_adversarial_augmentation,train,randomization,representation_preserving_control,measured_target_from_graph_equivalent_source
poly_2632,C(C(=O)NCCCCCC*)CP(CCC(=O)N*)(c1ccccc1)=O,Bandgap,5.0861,eV,phase4_adversarial_augmentation,train,randomization,representation_preserving_control,measured_target_from_graph_equivalent_source
poly_1597,c1(C*)ccc(cc1)-c1ccc(N*)cc1,Bandgap,4.035,eV,phase4_adversarial_augmentation,train,randomization,representation_preserving_control,measured_target_from_graph_equivalent_source
poly_1231,c1(ccc(C(CNNCC(=O)c2ccc(S(=O)(=O)*)cc2)=O)cc1)*,Bandgap,3.599,eV,phase4_adversarial_augmentation,train,randomization,representation_preserving_control,measured_target_from_graph_equivalent_source
poly_4001,C(CCCC(=O)OC1CCC(O*)CC1)C(*)=O,Bandgap,6.6371,eV,phase4_adversarial_augmentation,train,randomization,representation_preserving_control,measured_target_from_graph_equivalent_source
poly_3043,c1(CCCCCC*)nnc(*)n1N,Bandgap,5.5226,eV,phase4_adversarial_augmentation,train,randomization,representation_preserving_control,measured_target_from_graph_equivalent_source
poly_3102,C(CCCCCCCCCCCCC(=O)NCCCCCCCCCC*)CCCCCCCC(=O)N*,Bandgap,5.5808,eV,phase4_adversarial_augmentation,train,randomization,representation_preserving_control,measured_target_from_graph_equivalent_source
poly_2259,CN(CCC(=O)*)CCN(CCC(=O)N1CCN(CC1)*)C,Bandgap,4.709,eV,phase4_adversarial_augmentation,train,randomization,representation_preserving_control,measured_target_from_graph_equivalent_source
poly_3928,C(O*)(=O)C(C*)(CCl)CCl,Bandgap,6.537999999999999,eV,phase4_adversarial_augmentation,train,randomization,representation_preserving_control,measured_target_from_graph_equivalent_source
poly_3850,C(CCC*)CCCCCCCCCCOCO*,Bandgap,6.443,eV,phase4_adversarial_augmentation,train,randomization,representation_preserving_control,measured_target_from_graph_equivalent_source
poly_1220,C1(*)C=C(C(C=C1)=N*)C,Bandgap,3.5860000000000003,eV,phase4_adversarial_augmentation,train,randomization,representation_preserving_control,measured_target_from_graph_equivalent_source
poly_493,n1c(Nn2c(=O)c3c(c2=O)cc2c(n(c(=O)c2c3)*)=O)nc(N*)nc1N(CCC)CCC,Bandgap,2.6429,eV,phase4_adversarial_augmentation,train,randomization,representation_preserving_control,measured_target_from_graph_equivalent_source
poly_3251,C1=CC(*)CC1*,Bandgap,5.7471,eV,phase4_adversarial_augmentation,train,randomization,representation_preserving_control,measured_target_from_graph_equivalent_source
poly_2665,C(CC(=O)O*)CCSCCCCC(OCCCCCCCCCC*)=O,Bandgap,5.1115,eV,phase4_adversarial_augmentation,train,randomization,representation_preserving_control,measured_target_from_graph_equivalent_source
poly_611,N#CC(=C(*)c1ccc(cc1)-c1ccc(C(=C(C#N)C#N)Nc2ccc(cc2)-c2ccc(cc2)N*)cc1)C#N,Bandgap,2.8048,eV,phase4_adversarial_augmentation,train,randomization,representation_preserving_control,measured_target_from_graph_equivalent_source
poly_25,c1(c2OCCOc2c(s1)-c1c2nccnc2c(s1)*)-c1c2c(c(*)s1)OCCO2,Bandgap,1.021,eV,phase4_adversarial_augmentation,train,randomization,representation_preserving_control,measured_target_from_graph_equivalent_source
poly_2338,O(C(=O)CCC(=O)O*)CC#CC#CC*,Bandgap,4.7928,eV,phase4_adversarial_augmentation,train,randomization,representation_preserving_control,measured_target_from_graph_equivalent_source
poly_4176,N#CC(C#N)(C*)*,Bandgap,7.4643,eV,phase4_adversarial_augmentation,train,randomization,representation_preserving_control,measured_target_from_graph_equivalent_source
poly_745,c1c(NC(c2ccc(cc2C(O)=O)Oc2ccc(C(Nc3ccc(O*)cc3)=O)c(C(O)=O)c2)=O)ccc(*)c1,Bandgap,2.9737,eV,phase4_adversarial_augmentation,train,randomization,representation_preserving_control,measured_target_from_graph_equivalent_source
poly_2825,C(SCCNC(=O)OCC1CCC(C*)CC1)CCSCCNC(=O)O*,Bandgap,5.2711,eV,phase4_adversarial_augmentation,train,randomization,representation_preserving_control,measured_target_from_graph_equivalent_source
poly_3535,C(CNC(=O)CCCCCCCCCC*)(N*)=O,Bandgap,6.0074,eV,phase4_adversarial_augmentation,train,randomization,representation_preserving_control,measured_target_from_graph_equivalent_source
poly_2630,C(*)(CCCCCCC)=C(*)C,Bandgap,5.0857,eV,phase4_adversarial_augmentation,train,randomization,representation_preserving_control,measured_target_from_graph_equivalent_source
poly_3883,*CC(CC)(C(=O)O*)C,Bandgap,6.4809,eV,phase4_adversarial_augmentation,train,randomization,representation_preserving_control,measured_target_from_graph_equivalent_source
poly_2805,C(CCC(N*)C(=O)OC)CNC(NCCCNC(*)=O)=O,Bandgap,5.2435,eV,phase4_adversarial_augmentation,train,randomization,representation_preserving_control,measured_target_from_graph_equivalent_source
poly_590,c1(ccc(cc1)*)C(OC(*)=S)=S,Bandgap,2.7748,eV,phase4_adversarial_augmentation,train,randomization,representation_preserving_control,measured_target_from_graph_equivalent_source
poly_731,c1([nH]c(c(C)c1C(=O)O)*)*,Bandgap,2.9575,eV,phase4_adversarial_augmentation,train,randomization,representation_preserving_control,measured_target_from_graph_equivalent_source
poly_2883,N(CCSCCCCCCSCCNC(OCCCCCC*)=O)C(=O)O*,Bandgap,5.3339,eV,phase4_adversarial_augmentation,train,randomization,representation_preserving_control,measured_target_from_graph_equivalent_source
poly_3873,C(CCCC(OCCC*)=O)CCCCCCC(O*)=O,Bandgap,6.4712,eV,phase4_adversarial_augmentation,train,randomization,representation_preserving_control,measured_target_from_graph_equivalent_source
poly_2516,c1(O*)ccc(cc1)C(C)(C)CC(C)c1ccc(cc1)OCC(O)C*,Bandgap,4.9655,eV,phase4_adversarial_augmentation,train,randomization,representation_preserving_control,measured_target_from_graph_equivalent_source
poly_842,C(=O)(c1ccc(s1)C*)C(*)=S,Bandgap,3.1043,eV,phase4_adversarial_augmentation,train,randomization,representation_preserving_control,measured_target_from_graph_equivalent_source
poly_1129,S=C(c1cc(ccc1)C(=S)*)NNC(c1ccc(C(NN*)=O)cc1)=O,Bandgap,3.4684,eV,phase4_adversarial_augmentation,train,randomization,representation_preserving_control,measured_target_from_graph_equivalent_source
poly_210,c1c(C(*)C*)ccc(c1)F,Bandgap,2.1384,eV,phase4_adversarial_augmentation,train,randomization,representation_preserving_control,measured_target_from_graph_equivalent_source
poly_1442,c1c(ccc(OS(c2ccc(c(c2)S(O*)(=O)=O)C)(=O)=O)c1)C1(CCCC1)c1ccc(*)cc1,Bandgap,3.8383,eV,phase4_adversarial_augmentation,train,randomization,representation_preserving_control,measured_target_from_graph_equivalent_source
poly_55,Clc1cc(C(*)=C*)ccc1,Bandgap,1.3963,eV,phase4_adversarial_augmentation,train,randomization,representation_preserving_control,measured_target_from_graph_equivalent_source
poly_4099,C1CC(C2C1C(*)CC2)*,Bandgap,6.7946,eV,phase4_adversarial_augmentation,train,randomization,representation_preserving_control,measured_target_from_graph_equivalent_source
poly_1435,c1ccc2c(nn(CC(*)C*)c2)c1,Bandgap,3.8342,eV,phase4_adversarial_augmentation,train,randomization,representation_preserving_control,measured_target_from_graph_equivalent_source
poly_2142,O(C*)COc1ccc(C(OC(=O)c2ccc(cc2)O*)=O)cc1,Bandgap,4.6031,eV,phase4_adversarial_augmentation,train,randomization,representation_preserving_control,measured_target_from_graph_equivalent_source
poly_1156,C(=CC(=O)Nc1cccc(c1)N*)C(=O)*,Bandgap,3.505,eV,phase4_adversarial_augmentation,train,randomization,representation_preserving_control,measured_target_from_graph_equivalent_source
poly_2764,C(O*)(=O)C(=O)OCCCCCCC*,Bandgap,5.2076,eV,phase4_adversarial_augmentation,train,randomization,representation_preserving_control,measured_target_from_graph_equivalent_source
poly_3150,*CC(C(N*)=O)(C)C,Bandgap,5.6407,eV,phase4_adversarial_augmentation,train,randomization,representation_preserving_control,measured_target_from_graph_equivalent_source
poly_311,c1c(-c2ccc(cc2)OCCCCCCC(C(=O)OCCCCCC*)C(O*)=O)ccc(c1)OCc1ccc(cc1)[N+](=O)[O-],Bandgap,2.4032,eV,phase4_adversarial_augmentation,train,randomization,representation_preserving_control,measured_target_from_graph_equivalent_source
poly_1984,C(OCC)(C(Cc1ccc(cc1)*)(Cc1ccc(O*)cc1)C(OCC)=O)=O,Bandgap,4.4566,eV,phase4_adversarial_augmentation,train,randomization,representation_preserving_control,measured_target_from_graph_equivalent_source
poly_2244,N(C(C1N(CCC1)C(=O)C1CCCN1*)=O)CC(*)=O,Bandgap,4.7012,eV,phase4_adversarial_augmentation,train,randomization,representation_preserving_control,measured_target_from_graph_equivalent_source
poly_2646,C(OCCOC(=O)CCSCCC(=O)O*)COCCOCCOCC*,Bandgap,5.1001,eV,phase4_adversarial_augmentation,train,randomization,representation_preserving_control,measured_target_from_graph_equivalent_source
poly_3982,C(=O)(C(C(C)CC*)(*)C)OC,Bandgap,6.6109,eV,phase4_adversarial_augmentation,train,randomization,representation_preserving_control,measured_target_from_graph_equivalent_source
poly_855,C(OCCOCCOC(=O)c1ccc(cc1)N=Nc1ccc(C(=O)O*)cc1)C*,Bandgap,3.1178,eV,phase4_adversarial_augmentation,train,randomization,representation_preserving_control,measured_target_from_graph_equivalent_source
poly_1685,C(CCS*)CC(NCc1ccc(cc1)CNC(=O)CCCC*)=O,Bandgap,4.1399,eV,phase4_adversarial_augmentation,train,randomization,representation_preserving_control,measured_target_from_graph_equivalent_source
poly_139,O=c1n(-c2ncc(s2)*)c(c2c1cc1c(=O)n(-c3ccc(cc3)Oc3ccc(cc3)*)c(=O)c1c2)=O,Bandgap,1.8896,eV,phase4_adversarial_augmentation,train,randomization,representation_preserving_control,measured_target_from_graph_equivalent_source
poly_2466,C(C)(S*)C(C)*,Bandgap,4.9162,eV,phase4_adversarial_augmentation,train,randomization,representation_preserving_control,measured_target_from_graph_equivalent_source
poly_2312,Cc1c(ccc(c1)C(c1ccc(OC(*)=O)c(c1)Cl)(C)C)O*,Bandgap,4.7674,eV,phase4_adversarial_augmentation,train,randomization,representation_preserving_control,measured_target_from_graph_equivalent_source
poly_3795,*OCOCCCCCCCCC*,Bandgap,6.3507,eV,phase4_adversarial_augmentation,train,randomization,representation_preserving_control,measured_target_from_graph_equivalent_source
poly_1607,*CC(C(CN(c1ccc(N(C)C)cc1)*)O)O,Bandgap,4.0458,eV,phase4_adversarial_augmentation,train,randomization,representation_preserving_control,measured_target_from_graph_equivalent_source
poly_1758,O=C(N(*)CC*)c1c(F)cc(c(c1F)F)F,Bandgap,4.2010000000000005,eV,phase4_adversarial_augmentation,train,randomization,representation_preserving_control,measured_target_from_graph_equivalent_source
poly_2325,*C(Cl)=C(F)C(F)(C*)F,Bandgap,4.7787,eV,phase4_adversarial_augmentation,train,randomization,representation_preserving_control,measured_target_from_graph_equivalent_source
poly_130,C(CCCc1c(-c2c(nc(*)s2)CCCCCC)sc(n1)*)CC,Bandgap,1.8419,eV,phase4_adversarial_augmentation,train,randomization,representation_preserving_control,measured_target_from_graph_equivalent_source
poly_618,c1cc(ccc1C(C(=O)N*)=S)*,Bandgap,2.8168,eV,phase4_adversarial_augmentation,train,randomization,representation_preserving_control,measured_target_from_graph_equivalent_source
poly_1210,c1cc2c(=O)n(nc(-c3ccc(Oc4ccc(cc4)-c4nn(-c5ccc(S(c6ccc(cc6)*)(=O)=O)cc5)c(c5c4cccc5)=O)cc3)c2cc1)*,Bandgap,3.5702,eV,phase4_adversarial_augmentation,train,randomization,representation_preserving_control,measured_target_from_graph_equivalent_source
poly_2386,c1cc(ccc1C1(CC(c2c1cc(cc2)O*)(C)C)C)OC(*)=O,Bandgap,4.8509,eV,phase4_adversarial_augmentation,train,randomization,representation_preserving_control,measured_target_from_graph_equivalent_source
poly_3074,O1C(OC(CC1*)C*)C(C)C,Bandgap,5.5507,eV,phase4_adversarial_augmentation,train,randomization,representation_preserving_control,measured_target_from_graph_equivalent_source
poly_4157,C(COC(=O)OC1CCC(O*)CC1)CCCCOC(*)=O,Bandgap,7.1388,eV,phase4_adversarial_augmentation,train,randomization,representation_preserving_control,measured_target_from_graph_equivalent_source
poly_3524,*C(O*)CC,Bandgap,5.9932,eV,phase4_adversarial_augmentation,train,randomization,representation_preserving_control,measured_target_from_graph_equivalent_source
poly_662,N#CC(=C(Nc1ccc(cc1)O*)c1ccc(cc1)C(Nc1ccc(cc1)*)=C(C#N)C#N)C#N,Bandgap,2.8817,eV,phase4_adversarial_augmentation,train,randomization,representation_preserving_control,measured_target_from_graph_equivalent_source
poly_2859,CC(C(C=C*)C)*,Bandgap,5.3085,eV,phase4_adversarial_augmentation,train,randomization,representation_preserving_control,measured_target_from_graph_equivalent_source
poly_2506,c1ccccc1OC(=O)C1C(C(CC1C=C*)*)C(=O)Oc1ccccc1,Bandgap,4.9487,eV,phase4_adversarial_augmentation,train,randomization,representation_preserving_control,measured_target_from_graph_equivalent_source
poly_1742,c1cc(ccc1*)-c1ccc(cc1)CC*,Bandgap,4.1864,eV,phase4_adversarial_augmentation,train,randomization,representation_preserving_control,measured_target_from_graph_equivalent_source
poly_1540,C(ONC*)(*)=S,Bandgap,3.9664,eV,phase4_adversarial_augmentation,train,randomization,representation_preserving_control,measured_target_from_graph_equivalent_source
poly_2631,O(C(N(c1cc(ccc1C)N(C(=O)OCC*)C)C)=O)*,Bandgap,5.086,eV,phase4_adversarial_augmentation,train,randomization,representation_preserving_control,measured_target_from_graph_equivalent_source
poly_4050,C(C(O*)=O)C(C)(CC(=O)OCCCCCCCCCC*)C,Bandgap,6.7111,eV,phase4_adversarial_augmentation,train,randomization,representation_preserving_control,measured_target_from_graph_equivalent_source
poly_1696,FC(F)(C(c1cc(c(OC(=O)*)c(c1)Br)Br)(C(F)(F)F)c1cc(c(O*)c(c1)Br)Br)F,Bandgap,4.1483,eV,phase4_adversarial_augmentation,train,randomization,representation_preserving_control,measured_target_from_graph_equivalent_source
poly_1139,c1cc(cc2c1n(CC(CC)CCCC)c1c2cc(*)cc1)Nc1ccc(cc1)-c1ccc(cc1)N*,Bandgap,3.4761,eV,phase4_adversarial_augmentation,train,randomization,representation_preserving_control,measured_target_from_graph_equivalent_source
poly_3399,C(*)CCCCCNC(=O)CCCCCCCCCCCCCCCCC(N*)=O,Bandgap,5.8741,eV,phase4_adversarial_augmentation,train,randomization,representation_preserving_control,measured_target_from_graph_equivalent_source
poly_2569,C(CSCCSCCNC(OCC*)=O)NC(O*)=O,Bandgap,5.0147,eV,phase4_adversarial_augmentation,train,randomization,representation_preserving_control,measured_target_from_graph_equivalent_source
poly_3700,CCOC(=O)C(*)C*,Bandgap,6.214,eV,phase4_adversarial_augmentation,train,randomization,representation_preserving_control,measured_target_from_graph_equivalent_source
poly_1304,O=C(OC)c1c(c(C=C*)ccc1*)C(OC)=O,Bandgap,3.6705,eV,phase4_adversarial_augmentation,train,randomization,representation_preserving_control,measured_target_from_graph_equivalent_source
poly_3816,O1CC(C2C1C(OC(=O)OCC(C(OC)COC(=O)O*)OC)CO2)*,Bandgap,6.3754,eV,phase4_adversarial_augmentation,train,randomization,representation_preserving_control,measured_target_from_graph_equivalent_source
poly_901,C(Cc1cc(C=Cc2ccc(cc2)*)c(CCCCCCCCCC)cc1C=C*)CCCCCCCC,Bandgap,3.1782,eV,phase4_adversarial_augmentation,train,randomization,representation_preserving_control,measured_target_from_graph_equivalent_source
poly_4056,OC(C(C*)O)COC(=O)O*,Bandgap,6.72,eV,phase4_adversarial_augmentation,train,randomization,representation_preserving_control,measured_target_from_graph_equivalent_source
poly_3576,*OC(=O)NCCCCCCNC(=O)NCCCC*,Bandgap,6.0454,eV,phase4_adversarial_augmentation,train,randomization,representation_preserving_control,measured_target_from_graph_equivalent_source
poly_3812,C(CCCCCCCCC*)CCOC(=O)CCCCCCCCCCC(=O)O*,Bandgap,6.3693,eV,phase4_adversarial_augmentation,train,randomization,representation_preserving_control,measured_target_from_graph_equivalent_source
poly_3538,*OC(=O)COCC(=O)OCC*,Bandgap,6.0093,eV,phase4_adversarial_augmentation,train,randomization,representation_preserving_control,measured_target_from_graph_equivalent_source
poly_2051,c1(C(c2ccc(cc2)O*)C(C)C)ccc(cc1)OC(=S)*,Bandgap,4.5279,eV,phase4_adversarial_augmentation,train,randomization,representation_preserving_control,measured_target_from_graph_equivalent_source
poly_232,O=c1n(*)c(=O)c2c1cc1c(c(=O)n(-c3ccc4c(c3)nc(-c3ccc(*)cc3)[nH]4)c1=O)c2,Bandgap,2.1869,eV,phase4_adversarial_augmentation,train,randomization,representation_preserving_control,measured_target_from_graph_equivalent_source
poly_519,c12c(=O)n(c(=O)c2cc2c(c(n(c2=O)-c2ccc(Cc3ccc(*)c(C)c3)cc2C)=O)c1)*,Bandgap,2.6775,eV,phase4_adversarial_augmentation,train,randomization,representation_preserving_control,measured_target_from_graph_equivalent_source
poly_249,c1(C(=C(*)C)C)ccc(-c2ccc(*)s2)s1,Bandgap,2.2477,eV,phase4_adversarial_augmentation,train,randomization,representation_preserving_control,measured_target_from_graph_equivalent_source
poly_3862,*C(C(OCCCCCCCCCCCCCC)=O)C*,Bandgap,6.4613,eV,phase4_adversarial_augmentation,train,randomization,representation_preserving_control,measured_target_from_graph_equivalent_source
poly_2703,C(COC(=O)C(N*)CC(=O)*)CCCCCCCCCC,Bandgap,5.146,eV,phase4_adversarial_augmentation,train,randomization,representation_preserving_control,measured_target_from_graph_equivalent_source
poly_3805,C(C*)C(C)(C(C)(C)*)C,Bandgap,6.3628,eV,phase4_adversarial_augmentation,train,randomization,representation_preserving_control,measured_target_from_graph_equivalent_source
poly_3104,O=C(NCC*)CCCCC(N*)=O,Bandgap,5.582000000000002,eV,phase4_adversarial_augmentation,train,randomization,representation_preserving_control,measured_target_from_graph_equivalent_source
poly_3651,O=S(C)(=O)CC(CS(=O)(=O)C)(CO*)C*,Bandgap,6.135,eV,phase4_adversarial_augmentation,train,randomization,representation_preserving_control,measured_target_from_graph_equivalent_source
poly_499,c1c(ccc(C(*)=S)c1)C(=S)c1ccc(*)cc1,Bandgap,2.6503,eV,phase4_adversarial_augmentation,train,randomization,representation_preserving_control,measured_target_from_graph_equivalent_source
poly_2410,O=C(*)CCCCCCC(Nc1cccc(N*)c1)=O,Bandgap,4.8722,eV,phase4_adversarial_augmentation,train,randomization,representation_preserving_control,measured_target_from_graph_equivalent_source
poly_791,C(=Cc1ccc(Oc2ccc(C=C*)cc2)cc1)c1cc(ncn1)*,Bandgap,3.0294,eV,phase4_adversarial_augmentation,train,randomization,representation_preserving_control,measured_target_from_graph_equivalent_source
poly_2742,*OC(Nc1cc(ccc1C)NC(=O)OCC(C*)(CC)CC)=O,Bandgap,5.1879,eV,phase4_adversarial_augmentation,train,randomization,representation_preserving_control,measured_target_from_graph_equivalent_source
poly_1287,C(=CC=Cc1ccc(cc1)OCCCCCCCCC*)c1ccc(O*)cc1,Bandgap,3.6524,eV,phase4_adversarial_augmentation,train,randomization,representation_preserving_control,measured_target_from_graph_equivalent_source
poly_2739,C(CCCSCCCS*)*,Bandgap,5.1858,eV,phase4_adversarial_augmentation,train,randomization,representation_preserving_control,measured_target_from_graph_equivalent_source
poly_1819,C(C(*)(*)C#N)#N,Bandgap,4.2738,eV,phase4_adversarial_augmentation,train,randomization,representation_preserving_control,measured_target_from_graph_equivalent_source
poly_2123,c1(C(C)(Cc2ccc(cc2)OCC(CO*)O)C)ccc(*)cc1,Bandgap,4.5905,eV,phase4_adversarial_augmentation,train,randomization,representation_preserving_control,measured_target_from_graph_equivalent_source
poly_3384,C(C(C(NCCC*)=O)OC)(C(N*)=O)OC,Bandgap,5.8632,eV,phase4_adversarial_augmentation,train,randomization,representation_preserving_control,measured_target_from_graph_equivalent_source
poly_1763,c1c(nc2ccc(C)cc2c1OCCOCCO*)*,Bandgap,4.2106,eV,phase4_adversarial_augmentation,train,randomization,representation_preserving_control,measured_target_from_graph_equivalent_source
poly_2695,C(CCCOCCCCCNC(CCCCCCCCCC*)=O)CNC(=O)CCCCO*,Bandgap,5.1384,eV,phase4_adversarial_augmentation,train,randomization,representation_preserving_control,measured_target_from_graph_equivalent_source
poly_2377,C12CC3CC(C(CN(C)CC(C*)(C)C*)C(C2)C3)C1,Bandgap,4.8405,eV,phase4_adversarial_augmentation,train,randomization,representation_preserving_control,measured_target_from_graph_equivalent_source
poly_2969,c1c(ccc(C(Cc2ccc(OC(=O)O*)cc2)(C)C)c1)*,Bandgap,5.4261,eV,phase4_adversarial_augmentation,train,randomization,representation_preserving_control,measured_target_from_graph_equivalent_source
poly_256,n1(c(=O)c2cc3c(cc2c1=O)c(=O)n(c3=O)*)-c1ccc(cc1)Oc1ccccc1Oc1ccc(*)cc1,Bandgap,2.2739,eV,phase4_adversarial_augmentation,train,randomization,representation_preserving_control,measured_target_from_graph_equivalent_source
poly_10,C(=C/C=C\*)*,Bandgap,0.7763,eV,phase4_adversarial_augmentation,train,randomization,representation_preserving_control,measured_target_from_graph_equivalent_source
poly_576,c1cc(Oc2ccc(cc2)N2C(=O)c3c(ccc(c3)*)C2=O)ccc1N1C(c2c(cc(C(Oc3c(C)cc(cc3)OC(=O)*)=O)cc2)C1=O)=O,Bandgap,2.7561,eV,phase4_adversarial_augmentation,train,randomization,representation_preserving_control,measured_target_from_graph_equivalent_source
poly_3902,C(OC(C(C#N)(C*)*)=O)C,Bandgap,6.5116,eV,phase4_adversarial_augmentation,train,randomization,representation_preserving_control,measured_target_from_graph_equivalent_source
poly_959,c1cc(ccc1C(c1ccccc1)=C(*)Br)*,Bandgap,3.2592,eV,phase4_adversarial_augmentation,train,randomization,representation_preserving_control,measured_target_from_graph_equivalent_source
poly_3026,C(CCN(C(=O)C(F)(F)C(F)(C(F)(C(=O)N(C)*)F)F)C)CCCC(*)=O,Bandgap,5.5014,eV,phase4_adversarial_augmentation,train,randomization,representation_preserving_control,measured_target_from_graph_equivalent_source
poly_2478,C(c1cccc(c1)C(N*)=O)(=O)NCC1CC(C*)CC(C1)C(C)(C)C,Bandgap,4.9259,eV,phase4_adversarial_augmentation,train,randomization,representation_preserving_control,measured_target_from_graph_equivalent_source
poly_4161,C(CCCCC(C)*)*,Bandgap,7.1712,eV,phase4_adversarial_augmentation,train,randomization,representation_preserving_control,measured_target_from_graph_equivalent_source
poly_4087,*CC(C(=O)OCC(F)(F)C(F)C(F)(F)F)*,Bandgap,6.7714,eV,phase4_adversarial_augmentation,train,randomization,representation_preserving_control,measured_target_from_graph_equivalent_source
poly_3156,C(F)(S*)(F)*,Bandgap,5.6458,eV,phase4_adversarial_augmentation,train,randomization,representation_preserving_control,measured_target_from_graph_equivalent_source
poly_3678,*CC(*)C(=O)N,Bandgap,6.1879,eV,phase4_adversarial_augmentation,train,randomization,representation_preserving_control,measured_target_from_graph_equivalent_source
poly_183,O=[N+]([O-])c1cc(C#Cc2cc(OCCCCCCCCCCCC)c(cc2OCCCCCCCCCCCC)C#C*)ccc1*,Bandgap,2.0462,eV,phase4_adversarial_augmentation,train,randomization,representation_preserving_control,measured_target_from_graph_equivalent_source
poly_4106,C(CCCCCCCCCCOC(=O)CCCCCCC(=O)O*)CCCCC*,Bandgap,6.8272,eV,phase4_adversarial_augmentation,train,randomization,representation_preserving_control,measured_target_from_graph_equivalent_source
poly_3992,C(CCCCCCCC(O*)=O)CCCC*,Bandgap,6.6223,eV,phase4_adversarial_augmentation,train,randomization,representation_preserving_control,measured_target_from_graph_equivalent_source
poly_4,S(=O)(O)(=O)CCCC[N+]1(CC(*)=CC(=C*)C1)CCCCCCCC,Bandgap,0.1701,eV,phase4_adversarial_augmentation,train,randomization,representation_preserving_control,measured_target_from_graph_equivalent_source
poly_3809,C(OCCCC*)(=O)COCC(=O)O*,Bandgap,6.3679,eV,phase4_adversarial_augmentation,train,randomization,representation_preserving_control,measured_target_from_graph_equivalent_source
poly_1361,C(=O)(O*)c1cc2ccc(C(=O)OCCCCCCCCCCC*)cc2cc1,Bandgap,3.7381,eV,phase4_adversarial_augmentation,train,randomization,representation_preserving_control,measured_target_from_graph_equivalent_source
poly_870,c1c2nc(*)oc2cc(c1)-c1ccc2nc(oc2c1)-c1ccc(C(C(F)(F)F)(C(F)(F)F)c2ccc(cc2)*)cc1,Bandgap,3.141,eV,phase4_adversarial_augmentation,train,randomization,representation_preserving_control,measured_target_from_graph_equivalent_source
poly_3664,O1C2CC(OC(O*)=O)CC1CC(*)C2,Bandgap,6.1524,eV,phase4_adversarial_augmentation,train,randomization,representation_preserving_control,measured_target_from_graph_equivalent_source
poly_641,c1c(-c2nc3cc4nc(*)c(nc4cc3nc2-c2ccc(*)cc2)-c2ccccc2)cccc1,Bandgap,2.8503,eV,phase4_adversarial_augmentation,train,randomization,representation_preserving_control,measured_target_from_graph_equivalent_source
poly_1195,C(CC*)CCCCCn1c(=O)c2c(cc3c(c2Br)c(=O)n(*)c3=O)c1=O,Bandgap,3.5532,eV,phase4_adversarial_augmentation,train,randomization,representation_preserving_control,measured_target_from_graph_equivalent_source
poly_2834,C(Cl)(C*)(Cl)*,Bandgap,5.2835,eV,phase4_adversarial_augmentation,train,randomization,representation_preserving_control,measured_target_from_graph_equivalent_source
poly_3752,O(C(C(*)(C*)C)=O)C(CC)OCC,Bandgap,6.2807,eV,phase4_adversarial_augmentation,train,randomization,representation_preserving_control,measured_target_from_graph_equivalent_source
poly_790,c1cc(O*)ccc1C1(c2cc(OC)ccc2-c2ccc([N+](=O)[O-])cc12)c1ccc(OC(*)=O)cc1,Bandgap,3.029,eV,phase4_adversarial_augmentation,train,randomization,representation_preserving_control,measured_target_from_graph_equivalent_source
poly_974,c1(CC(=S)*)ccc(cc1)C*,Bandgap,3.2889,eV,phase4_adversarial_augmentation,train,randomization,representation_preserving_control,measured_target_from_graph_equivalent_source
poly_3068,C(CCCCC*)CCCCCCNC(CCCCC(=O)N*)=O,Bandgap,5.5461,eV,phase4_adversarial_augmentation,train,randomization,representation_preserving_control,measured_target_from_graph_equivalent_source
poly_526,c1(cc(cc(c1)N1C(c2cc(C(=O)*)ccc2C1=O)=O)-c1oc2ccccc2n1)N1C(=O)c2c(C1=O)cc(*)cc2,Bandgap,2.6843,eV,phase4_adversarial_augmentation,train,randomization,representation_preserving_control,measured_target_from_graph_equivalent_source
poly_1766,c1(Oc2ccc(C(c3ccc(cc3)*)=O)cc2)cc(CC(=O)O)c(O*)cc1,Bandgap,4.212,eV,phase4_adversarial_augmentation,train,randomization,representation_preserving_control,measured_target_from_graph_equivalent_source
poly_2581,O=C(C(*)C*)NC(=O)C,Bandgap,5.0258,eV,phase4_adversarial_augmentation,train,randomization,representation_preserving_control,measured_target_from_graph_equivalent_source
poly_115,O(CCCCCCCCCCCC)c1c(*)cc(c(C#C*)c1)OCCCCCCCCCCCC,Bandgap,1.7402,eV,phase4_adversarial_augmentation,train,randomization,representation_preserving_control,measured_target_from_graph_equivalent_source
poly_2668,O(CCCCCCCCCC*)C(c1cccc(C(O*)=O)c1)=O,Bandgap,5.1143,eV,phase4_adversarial_augmentation,train,randomization,representation_preserving_control,measured_target_from_graph_equivalent_source
poly_603,n1c(oc2cc3c(nc(*)o3)cc21)-c1ccc(cc1)-c1ccc(*)cc1,Bandgap,2.7942,eV,phase4_adversarial_augmentation,train,randomization,representation_preserving_control,measured_target_from_graph_equivalent_source
poly_2194,C(Oc1ccc(cc1)C(OCCCCCCOC(=O)c1ccc(cc1)O*)=O)C*,Bandgap,4.6518,eV,phase4_adversarial_augmentation,train,randomization,representation_preserving_control,measured_target_from_graph_equivalent_source
poly_2341,C(=O)(*)Oc1c(cc(cc1Cl)C1(c2cc(Cl)c(O*)c(c2)Cl)CC2CC1CC2)Cl,Bandgap,4.7964,eV,phase4_adversarial_augmentation,train,randomization,representation_preserving_control,measured_target_from_graph_equivalent_source
poly_532,*C(OC(=S)N*)=S,Bandgap,2.6878,eV,phase4_adversarial_augmentation,train,randomization,representation_preserving_control,measured_target_from_graph_equivalent_source
poly_1392,c1c(ccc(Oc2ccc(S(c3ccc(cc3)O*)(=O)=O)cc2)c1)C(c1ccc(*)cc1)=C,Bandgap,3.7738,eV,phase4_adversarial_augmentation,train,randomization,representation_preserving_control,measured_target_from_graph_equivalent_source
poly_824,O=C1N(C(=O)c2c1cccc2-c1cc2c(C(N(C2=O)c2ccc(*)cc2)=O)cc1)*,Bandgap,3.0789,eV,phase4_adversarial_augmentation,train,randomization,representation_preserving_control,measured_target_from_graph_equivalent_source
poly_2902,*CC(O*)CCCC,Bandgap,5.3538,eV,phase4_adversarial_augmentation,train,randomization,representation_preserving_control,measured_target_from_graph_equivalent_source
poly_3966,C(CCCCCCCCCCCCCCC*)OC(=O)CCCCCCCCC(=O)O*,Bandgap,6.595,eV,phase4_adversarial_augmentation,train,randomization,representation_preserving_control,measured_target_from_graph_equivalent_source
poly_3738,*CCOC(=O)NCCCCCCCCCNC(=O)O*,Bandgap,6.2637,eV,phase4_adversarial_augmentation,train,randomization,representation_preserving_control,measured_target_from_graph_equivalent_source
poly_3356,NC(C(O*)=O)CC(OCCCC*)=O,Bandgap,5.8401,eV,phase4_adversarial_augmentation,train,randomization,representation_preserving_control,measured_target_from_graph_equivalent_source
poly_3999,C1C(C(=O)OCCCCCCCCCC*)CCC(C(=O)O*)C1,Bandgap,6.6352,eV,phase4_adversarial_augmentation,train,randomization,representation_preserving_control,measured_target_from_graph_equivalent_source
poly_1236,c1c(*)ccc2c1c1c(n2CCC(OCC)=O)ccc(*)c1,Bandgap,3.6069,eV,phase4_adversarial_augmentation,train,randomization,representation_preserving_control,measured_target_from_graph_equivalent_source
poly_3250,BrCC(COC(CCCCC(=O)O*)=O)(CBr)C*,Bandgap,5.744,eV,phase4_adversarial_augmentation,train,randomization,representation_preserving_control,measured_target_from_graph_equivalent_source
poly_3143,C(C(NCCCC)=O)(C*)*,Bandgap,5.6336,eV,phase4_adversarial_augmentation,train,randomization,representation_preserving_control,measured_target_from_graph_equivalent_source
poly_3693,O(C(=O)NCCCCCCCCCCNC(OCCCCCCCCCCCC*)=O)*,Bandgap,6.2072,eV,phase4_adversarial_augmentation,train,randomization,representation_preserving_control,measured_target_from_graph_equivalent_source
poly_291,CCCCCCc1c(sc(*)c1)*,Bandgap,2.3549,eV,phase4_adversarial_augmentation,train,randomization,representation_preserving_control,measured_target_from_graph_equivalent_source
poly_2544,c1(Cl)cc(C*)ccc1C*,Bandgap,4.9944,eV,phase4_adversarial_augmentation,train,randomization,representation_preserving_control,measured_target_from_graph_equivalent_source
poly_563,C(=O)(*)C=CC(Nc1ccc(N*)cc1)=O,Bandgap,2.7389,eV,phase4_adversarial_augmentation,train,randomization,representation_preserving_control,measured_target_from_graph_equivalent_source
poly_3589,N(CCCCCCCCCCNC(=O)OCCCCCCCCCC*)C(O*)=O,Bandgap,6.0574,eV,phase4_adversarial_augmentation,train,randomization,representation_preserving_control,measured_target_from_graph_equivalent_source
poly_2899,C(CCCC*)C(=O)S*,Bandgap,5.3468,eV,phase4_adversarial_augmentation,train,randomization,representation_preserving_control,measured_target_from_graph_equivalent_source
poly_2128,c1c(ccc(c1)C1(CCCCC1)c1ccc(cc1)OC(*)=O)O*,Bandgap,4.5957,eV,phase4_adversarial_augmentation,train,randomization,representation_preserving_control,measured_target_from_graph_equivalent_source
poly_2903,*C(=O)NCCCCCCNC(NCC(N*)C)=O,Bandgap,5.3547,eV,phase4_adversarial_augmentation,train,randomization,representation_preserving_control,measured_target_from_graph_equivalent_source
poly_3146,*CNCO*,Bandgap,5.6356,eV,phase4_adversarial_augmentation,train,randomization,representation_preserving_control,measured_target_from_graph_equivalent_source
poly_3307,C(CCCCC*)=C*,Bandgap,5.7935,eV,phase4_adversarial_augmentation,train,randomization,representation_preserving_control,measured_target_from_graph_equivalent_source
poly_2954,*C(C(C)(C(N*)(C)C)C)=O,Bandgap,5.4161,eV,phase4_adversarial_augmentation,train,randomization,representation_preserving_control,measured_target_from_graph_equivalent_source
poly_3052,C1CN(*)CCN1C(OCC(C)(COC(=O)*)C)=O,Bandgap,5.5303,eV,phase4_adversarial_augmentation,train,randomization,representation_preserving_control,measured_target_from_graph_equivalent_source
poly_3196,C(OC(C(CC(=O)*)N*)=O)CCCCCCC,Bandgap,5.6944,eV,phase4_adversarial_augmentation,train,randomization,representation_preserving_control,measured_target_from_graph_equivalent_source
poly_1510,C(Oc1c(cc(O*)c(OC(c2ccc(cc2)OCCCC)=O)c1)OC(c1ccc(cc1)OCCCC)=O)(CCCC(=O)*)=O,Bandgap,3.9295,eV,phase4_adversarial_augmentation,train,randomization,representation_preserving_control,measured_target_from_graph_equivalent_source
poly_1628,O(c1cccc2c1cccc2*)P(=O)(O*)OC1CCCCC1,Bandgap,4.0673,eV,phase4_adversarial_augmentation,train,randomization,representation_preserving_control,measured_target_from_graph_equivalent_source
poly_415,C1=CC(c2ccccc2C1=N*)=NC1C(C=C(C(=O)C=1)*)=O,Bandgap,2.537,eV,phase4_adversarial_augmentation,train,randomization,representation_preserving_control,measured_target_from_graph_equivalent_source
poly_3183,C(C*)CCCCNC(=O)CCCCCC(N*)=O,Bandgap,5.6731,eV,phase4_adversarial_augmentation,train,randomization,representation_preserving_control,measured_target_from_graph_equivalent_source
poly_2346,c1ccc(N*)c(NC(=O)CCCCCCCCC(*)=O)c1,Bandgap,4.8005,eV,phase4_adversarial_augmentation,train,randomization,representation_preserving_control,measured_target_from_graph_equivalent_source
poly_1518,n1c(n(-c2ccccc2)c(n1)*)-c1cccc(*)c1,Bandgap,3.9408,eV,phase4_adversarial_augmentation,train,randomization,representation_preserving_control,measured_target_from_graph_equivalent_source
poly_2871,*CC(OC(=O)CC(=O)C)*,Bandgap,5.3193,eV,phase4_adversarial_augmentation,train,randomization,representation_preserving_control,measured_target_from_graph_equivalent_source
poly_253,C1(=O)C(=C(Cl)C(=O)C(Nc2ccc(cc2)O*)=C1Cl)Nc1ccc(*)cc1,Bandgap,2.2616,eV,phase4_adversarial_augmentation,train,randomization,representation_preserving_control,measured_target_from_graph_equivalent_source
poly_105,O=C(C(*)C*)c1ccccc1O,Bandgap,1.6926,eV,phase4_adversarial_augmentation,train,randomization,representation_preserving_control,measured_target_from_graph_equivalent_source
poly_1226,*OC(SSSSC(OCCCC*)=O)=O,Bandgap,3.5946,eV,phase4_adversarial_augmentation,train,randomization,representation_preserving_control,measured_target_from_graph_equivalent_source
