substitution_matched,site_was_aromatic,site_bonds_to_wildcard,site_element_from,site_element_to,source_id,source_representation,candidate_representation,operator,strategy,Q,edit_count,independent_edit_count,string_edit_distance,element_change_count,bond_count_delta,graph_change_proxy,source_prediction_eV,candidate_prediction_eV,absolute_drift_eV,source_atom_count,candidate_atom_count,atom_delta,heavy_atom_delta,formal_charge_delta,components,parse_ok,sanitize_ok,valence_ok,wildcards_source,wildcards_candidate,valid,attachment_valid,differs_from_source,prediction_range_class
True,False,0.0,F,C,3167,[*]C(F)C([*])(F)OC(F)(F)F,*C(F)C(*)(C)OC(F)(F)F,SimpleSubst,Random,10,1,1,3,1,0,1,7.237398147583008,6.989066123962402,0.24833202362060547,11,11,0,0,0,1,True,True,True,2,2,True,True,True,IN_TRAIN_RANGE
True,False,0.0,O,S,3128,[*]OC(C)CCOC(=O)CCCCC([*])=O,*OC(C)CCOC(=O)CCCCC(*)=S,SimpleSubst,Random,10,1,1,3,1,0,1,6.378620147705078,5.182988166809082,1.195631980895996,16,16,0,0,0,1,True,True,True,2,2,True,True,True,IN_TRAIN_RANGE
True,True,0.0,C,S,3364,[*]Nc1ccc(NC(=O)c2cc(NC(=O)c3ccccc3)cc(C([*])=O)c2)cc1,*NC1=CC=S(NC(=O)c2cc(NC(=O)c3ccccc3)cc(C(*)=O)c2)C=C1,SimpleSubst,Random,10,1,1,11,1,0,1,3.467644691467285,2.9340686798095703,0.5335760116577148,29,29,0,0,0,1,True,True,True,2,2,True,True,True,IN_TRAIN_RANGE
True,False,0.0,C,S,3414,[*]CC1CCC(COC(=O)CCCCC(=O)O[*])CC1,*CC1CCC(COC(=O)CCCCC(=O)O*)CS1,SimpleSubst,Random,10,1,1,3,1,0,1,6.599419593811035,5.934930324554443,0.6644892692565918,20,20,0,0,0,1,True,True,True,2,2,True,True,True,IN_TRAIN_RANGE
True,False,1.0,O,S,3539,[*]CC(O[*])C(F)(F)F,*CC(S*)C(F)(F)F,SimpleSubst,Random,10,1,1,3,1,0,1,6.81688117980957,5.245861530303955,1.5710196495056152,9,9,0,0,0,1,True,True,True,2,2,True,True,True,IN_TRAIN_RANGE
True,False,0.0,C,S,2958,[*]CCCCCCCNC(=O)CCCCCCCCCCCCCCCCCCC(=O)N[*],*CCCCCCCNC(=O)CCCCCCCCCCCCCSCCCCC(=O)N*,SimpleSubst,Random,10,1,1,3,1,0,1,5.916501998901367,5.348831653594971,0.5676703453063965,33,33,0,0,0,1,True,True,True,2,2,True,True,True,IN_TRAIN_RANGE
True,False,0.0,C,S,3459,N([*])CC(C)(C)CC(C)CNC(=O)CCCCC(=O)([*]),*NCC(C)(C)SC(C)CNC(=O)CCCCC(*)=O,SimpleSubst,Random,10,1,1,10,1,0,1,5.8339996337890625,5.163974285125732,0.6700253486633301,20,20,0,0,0,1,True,True,True,2,2,True,True,True,IN_TRAIN_RANGE
True,True,0.0,S,O,3385,[*]CNOC(S1)=CC=C1[*],*CNOc1ccc(*)o1,SimpleSubst,Random,10,1,1,12,1,0,1,3.9756360054016113,4.571956157684326,0.5963201522827148,10,10,0,0,0,1,True,True,True,2,2,True,True,True,IN_TRAIN_RANGE
True,True,0.0,C,S,3281,[*]C(=O)c1ccc2c(c1)C(=O)N(c1ccc(C(=O)Nc3ccc(N4C(=O)c5ccc([*])cc5C4=O)cc3)cc1)C2=O,*C(=O)C1=CC=C2C(=O)N(c3ccc(C(=O)Nc4ccc(N5C(=O)c6ccc(*)cc6C5=O)cc4)cc3)C(=O)S2=C1,SimpleSubst,Random,10,1,1,27,1,0,1,2.7069849967956543,2.385770559310913,0.3212144374847412,41,41,0,0,0,1,True,True,True,2,2,True,True,True,IN_TRAIN_RANGE
True,False,0.0,O,S,3449,[*]OC(C)CCOC(=O)COCC([*])=O,*OC(C)CCOC(=O)COCC(*)=S,SimpleSubst,Random,10,1,1,3,1,0,1,6.135988712310791,4.859877586364746,1.276111125946045,15,15,0,0,0,1,True,True,True,2,2,True,True,True,IN_TRAIN_RANGE
True,False,0.0,C,N,3350,[*]CCN([*])C(=O)C1CCCCC1,*CCN(*)C(=O)C1CCNCC1,SimpleSubst,Random,10,1,1,3,1,0,1,5.892340660095215,5.467172145843506,0.425168514251709,13,13,0,0,0,1,True,True,True,2,2,True,True,True,IN_TRAIN_RANGE
True,False,0.0,C,S,3572,[*]CCCCCCOC(=O)CCCCCCCC(=O)O[*],*CCSCCCOC(=O)CCCCCCCC(=O)O*,SimpleSubst,Random,10,1,1,3,1,0,1,6.6545729637146,5.621622562408447,1.0329504013061523,21,21,0,0,0,1,True,True,True,2,2,True,True,True,IN_TRAIN_RANGE
True,True,0.0,C,S,3201,[*]Nc1cccc2c(NC(=O)c3cccc(C([*])=O)c3)cccc12,*NC1=CC=CS2=C1C=CC=C2NC(=O)c1cccc(C(*)=O)c1,SimpleSubst,Random,10,1,1,27,1,0,1,3.4126176834106445,2.477482318878174,0.9351353645324707,24,24,0,0,0,1,True,True,True,2,2,True,True,True,IN_TRAIN_RANGE
True,True,0.0,C,S,3453,[*]Oc1ccc2ccc(OC(=O)Oc3ccc(OC([*])=O)cc3)cc2c1,*OC1=CC=C2C=CC(OC(=O)Oc3ccc(OC(*)=O)cc3)=CS2=C1,SimpleSubst,Random,10,1,1,17,1,0,1,4.041114807128906,3.0597920417785645,0.9813227653503418,26,26,0,0,0,1,True,True,True,2,2,True,True,True,IN_TRAIN_RANGE
True,True,0.0,C,S,3482,[*]C=Cc1cccc(C=Cc2cc([*])nc(-c3ccccc3)n2)c1,*C=CC1=CC=CS(C=Cc2cc(*)nc(-c3ccccc3)n2)=C1,SimpleSubst,Random,10,1,1,11,1,0,1,2.9956889152526855,2.441037654876709,0.5546512603759766,24,24,0,0,0,1,True,True,True,2,2,True,True,True,IN_TRAIN_RANGE
True,False,0.0,C,S,3381,C(F)(F)CC(F)(F)C(=S),FC(F)CC(F)(F)[SH]=S,SimpleSubst,Random,10,1,1,6,1,0,1,3.425586462020874,2.843520164489746,0.5820662975311279,9,9,0,0,0,1,True,True,True,0,0,True,True,True,IN_TRAIN_RANGE
True,False,0.0,C,S,3422,[*]C=CCCCCCCCCCC[*],*C=CCCCSCCCCCC*,SimpleSubst,Random,10,1,1,3,1,0,1,5.851002216339111,4.801502227783203,1.0494999885559082,14,14,0,0,0,1,True,True,True,2,2,True,True,True,IN_TRAIN_RANGE
True,False,0.0,C,S,3176,[*]CCCCCCNC(=O)C(CCCCC)C(=O)N[*],*CCSCCCNC(=O)C(CCCCC)C(=O)N*,SimpleSubst,Random,10,1,1,3,1,0,1,5.893464088439941,5.023591995239258,0.8698720932006836,20,20,0,0,0,1,True,True,True,2,2,True,True,True,IN_TRAIN_RANGE
True,False,0.0,O,S,3200,[*]CC([*])OCc1ccccc1,*CC(*)SCc1ccccc1,SimpleSubst,Random,10,1,1,3,1,0,1,5.3933587074279785,4.821942329406738,0.5714163780212402,12,12,0,0,0,1,True,True,True,2,2,True,True,True,IN_TRAIN_RANGE
True,False,0.0,O,S,3427,[*]CCOCCOCCOC(=O)CCCCCCC(=O)O[*],*CCOCCSCCOC(=O)CCCCCCC(=O)O*,SimpleSubst,Random,10,1,1,3,1,0,1,6.274569034576416,5.523227214813232,0.7513418197631836,22,22,0,0,0,1,True,True,True,2,2,True,True,True,IN_TRAIN_RANGE
True,True,0.0,O,S,3258,[*]CCCCCCCCc1nnc(-c2cccc(-c3nnc([*])o3)c2)o1,*CCCCCCCCc1nnc(-c2cccc(-c3nnc(*)s3)c2)o1,SimpleSubst,Random,10,1,1,3,1,0,1,4.662410259246826,4.020174503326416,0.6422357559204102,26,26,0,0,0,1,True,True,True,2,2,True,True,True,IN_TRAIN_RANGE
True,True,0.0,C,S,3295,[*]c1cc(COCCCCCCCCOc2ccc(-c3ccc(OC)cc3)cc2)c([*])s1,*c1cc(COCCCCCCCCOc2ccc(S3=CC=C(OC)C=C3)cc2)c(*)s1,SimpleSubst,Random,10,1,1,12,1,0,1,2.74383807182312,2.4417269229888916,0.3021111488342285,32,32,0,0,0,1,True,True,True,2,2,True,True,True,IN_TRAIN_RANGE
True,False,0.0,N,C,3471,[*]CNCC(C=C1)=CC=C1[*],*CCCc1ccc(*)cc1,SimpleSubst,Random,10,1,1,14,1,0,1,4.566598892211914,4.783480167388916,0.21688127517700195,11,11,0,0,0,1,True,True,True,2,2,True,True,True,IN_TRAIN_RANGE
True,True,0.0,C,S,3537,[*]CCC(C)CC(C)(C)CNC(=O)c1ccc(C(=O)N[*])cc1,*CCC(C)CC(C)(C)CNC(=O)S1=CC=C(C(=O)N*)C=C1,SimpleSubst,Random,10,1,1,11,1,0,1,4.502551078796387,3.542161464691162,0.9603896141052246,23,23,0,0,0,1,True,True,True,2,2,True,True,True,IN_TRAIN_RANGE
True,True,0.0,C,S,3008,[*]Oc1ccc(NC(=O)c2ccc(C(=O)Nc3ccc(Oc4ccc(C5(c6ccc([*])cc6)CC6CCC5C6)cc4)cc3)cc2)cc1,*Oc1ccc(NC(=O)c2ccc(C(=O)NC3=CC=S(Oc4ccc(C5(c6ccc(*)cc6)CC6CCC5C6)cc4)C=C3)cc2)cc1,SimpleSubst,Random,10,1,1,11,1,0,1,3.5847268104553223,3.197693347930908,0.38703346252441406,47,47,0,0,0,1,True,True,True,2,2,True,True,True,IN_TRAIN_RANGE
True,False,0.0,O,S,3411,[*]CCCCCCOC(=O)CCC(=O)O[*],*CCCCCCOC(=O)CCC(=S)O*,SimpleSubst,Random,10,1,1,3,1,0,1,6.64481258392334,5.323346138000488,1.3214664459228516,16,16,0,0,0,1,True,True,True,2,2,True,True,True,IN_TRAIN_RANGE
True,False,0.0,C,S,3361,[*]CCCCCCCCCCOC(=O)CCCCCCCCCCC(=O)O[*],*CCCCSCCCCCOC(=O)CCCCCCCCCCC(=O)O*,SimpleSubst,Random,10,1,1,3,1,0,1,6.5158233642578125,5.7331743240356445,0.782649040222168,28,28,0,0,0,1,True,True,True,2,2,True,True,True,IN_TRAIN_RANGE
True,True,0.0,S,O,3084,[*]c1cc(CCCC)c([*])s1,*c1cc(CCCC)c(*)o1,SimpleSubst,Random,10,1,1,3,1,0,1,2.3371214866638184,4.131871223449707,1.7947497367858887,11,11,0,0,0,1,True,True,True,2,2,True,True,True,IN_TRAIN_RANGE
True,True,0.0,C,S,3132,[*]Oc1ccc(C2(c3ccc(OC([*])=O)cc3)CC(C)CC(C)(C)C2)cc1,*OC1=CC=S(C2(c3ccc(OC(*)=O)cc3)CC(C)CC(C)(C)C2)C=C1,SimpleSubst,Random,10,1,1,11,1,0,1,4.636800289154053,3.951591968536377,0.6852083206176758,27,27,0,0,0,1,True,True,True,2,2,True,True,True,IN_TRAIN_RANGE
True,False,0.0,O,S,3430,[*]NC(C([*])=O)C(Cc1ccccc1)c1c[nH]cn1,*NC(C(*)=S)C(Cc1ccccc1)c1c[nH]cn1,SimpleSubst,Random,10,1,1,3,1,0,1,5.042630195617676,4.364584922790527,0.6780452728271484,19,19,0,0,0,1,True,True,True,2,2,True,True,True,IN_TRAIN_RANGE
True,False,1.0,C,N,3167,[*]C(F)C([*])(F)OC(F)(F)F,*N(F)C(*)(F)OC(F)(F)F,Motif,Random,10,1,1,3,1,0,1,7.237398147583008,7.249334335327148,0.011936187744140625,11,11,0,0,0,1,True,True,True,2,2,True,True,True,IN_TRAIN_RANGE
True,False,0.0,C,N,3128,[*]OC(C)CCOC(=O)CCCCC([*])=O,*OC(C)CCOC(=O)CCNCC(*)=O,Motif,Random,10,1,1,3,1,0,1,6.378620147705078,6.015444755554199,0.3631753921508789,16,16,0,0,0,1,True,True,True,2,2,True,True,True,IN_TRAIN_RANGE
False,,,,,3364,[*]Nc1ccc(NC(=O)c2cc(NC(=O)c3ccccc3)cc(C([*])=O)c2)cc1,*Nc1ccc(NC(=O)c2cc(NC(=O)c3ccccc3)cc(C(*)=O)c2)cc1,Motif,Random,10,1,0,2,0,0,0,3.467644691467285,3.467644691467285,0.0,29,29,0,0,0,1,True,True,True,2,2,False,True,False,IN_TRAIN_RANGE
True,False,1.0,C,N,3414,[*]CC1CCC(COC(=O)CCCCC(=O)O[*])CC1,*NC1CCC(COC(=O)CCCCC(=O)O*)CC1,Motif,Random,10,1,1,3,1,0,1,6.599419593811035,6.349008083343506,0.2504115104675293,20,20,0,0,0,1,True,True,True,2,2,True,True,True,IN_TRAIN_RANGE
True,False,1.0,C,N,3539,[*]CC(O[*])C(F)(F)F,*NC(O*)C(F)(F)F,Motif,Random,10,1,1,3,1,0,1,6.81688117980957,6.389995574951172,0.42688560485839844,9,9,0,0,0,1,True,True,True,2,2,True,True,True,IN_TRAIN_RANGE
True,False,0.0,C,O,2958,[*]CCCCCCCNC(=O)CCCCCCCCCCCCCCCCCCC(=O)N[*],*COCCCCCNC(=O)CCCCCCCCCCCCCCCCCCC(=O)N*,Motif,Random,10,1,1,3,1,0,1,5.916501998901367,5.793887615203857,0.12261438369750977,33,33,0,0,0,1,True,True,True,2,2,True,True,True,IN_TRAIN_RANGE
True,False,0.0,C,O,3459,N([*])CC(C)(C)CC(C)CNC(=O)CCCCC(=O)([*]),*NOC(C)(C)CC(C)CNC(=O)CCCCC(*)=O,Motif,Random,10,1,1,10,1,0,1,5.8339996337890625,6.016925811767578,0.18292617797851562,20,20,0,0,0,1,True,True,True,2,2,True,True,True,IN_TRAIN_RANGE
True,False,1.0,C,N,3385,[*]CNOC(S1)=CC=C1[*],*NNOc1ccc(*)s1,Motif,Random,10,1,1,13,1,0,1,3.9756360054016113,3.922891616821289,0.052744388580322266,10,10,0,0,0,1,True,True,True,2,2,True,True,True,IN_TRAIN_RANGE
False,,,,,3281,[*]C(=O)c1ccc2c(c1)C(=O)N(c1ccc(C(=O)Nc3ccc(N4C(=O)c5ccc([*])cc5C4=O)cc3)cc1)C2=O,*C(=O)c1ccc2c(c1)C(=O)N(c1ccc(C(=O)Nc3ccc(N4C(=O)c5ccc(*)cc5C4=O)cc3)cc1)C2=O,Motif,Random,10,1,0,2,0,0,0,2.7069849967956543,2.7069849967956543,0.0,41,41,0,0,0,1,True,True,True,2,2,False,True,False,IN_TRAIN_RANGE
True,False,0.0,C,O,3449,[*]OC(C)CCOC(=O)COCC([*])=O,*OC(C)CCOC(=O)COOC(*)=O,Motif,Random,10,1,1,3,1,0,1,6.135988712310791,6.610485553741455,0.47449684143066406,15,15,0,0,0,1,True,True,True,2,2,True,True,True,IN_TRAIN_RANGE
True,False,0.0,C,N,3350,[*]CCN([*])C(=O)C1CCCCC1,*CCN(*)C(=O)C1CCNCC1,Motif,Random,10,1,1,3,1,0,1,5.892340660095215,5.467172145843506,0.425168514251709,13,13,0,0,0,1,True,True,True,2,2,True,True,True,IN_TRAIN_RANGE
True,False,0.0,C,N,3572,[*]CCCCCCOC(=O)CCCCCCCC(=O)O[*],*CCCCCCOC(=O)CCCCNCCC(=O)O*,Motif,Random,10,1,1,3,1,0,1,6.6545729637146,6.370255947113037,0.2843170166015625,21,21,0,0,0,1,True,True,True,2,2,True,True,True,IN_TRAIN_RANGE
False,,,,,3201,[*]Nc1cccc2c(NC(=O)c3cccc(C([*])=O)c3)cccc12,*Nc1cccc2c(NC(=O)c3cccc(C(*)=O)c3)cccc12,Motif,Random,10,1,0,2,0,0,0,3.4126176834106445,3.4126176834106445,0.0,24,24,0,0,0,1,True,True,True,2,2,False,True,False,IN_TRAIN_RANGE
False,,,,,3453,[*]Oc1ccc2ccc(OC(=O)Oc3ccc(OC([*])=O)cc3)cc2c1,*Oc1ccc2ccc(OC(=O)Oc3ccc(OC(*)=O)cc3)cc2c1,Motif,Random,10,1,0,2,0,0,0,4.041114807128906,4.041114807128906,0.0,26,26,0,0,0,1,True,True,True,2,2,False,True,False,IN_TRAIN_RANGE
False,,,,,3482,[*]C=Cc1cccc(C=Cc2cc([*])nc(-c3ccccc3)n2)c1,*C=Cc1cccc(C=Cc2cc(*)nc(-c3ccccc3)n2)c1,Motif,Random,10,1,0,2,0,0,0,2.9956889152526855,2.9956889152526855,0.0,24,24,0,0,0,1,True,True,True,2,2,False,True,False,IN_TRAIN_RANGE
True,False,0.0,C,O,3381,C(F)(F)CC(F)(F)C(=S),FC(F)OC(F)(F)C=S,Motif,Random,10,1,1,6,1,0,1,3.425586462020874,3.2290115356445312,0.19657492637634277,9,9,0,0,0,1,True,True,True,0,0,True,True,True,IN_TRAIN_RANGE
True,False,0.0,C,N,3422,[*]C=CCCCCCCCCCC[*],*C=CCCCCCCCNCC*,Motif,Random,10,1,1,3,1,0,1,5.851002216339111,5.48765230178833,0.36334991455078125,14,14,0,0,0,1,True,True,True,2,2,True,True,True,IN_TRAIN_RANGE
True,False,0.0,C,N,3176,[*]CCCCCCNC(=O)C(CCCCC)C(=O)N[*],*CCCCCCNC(=O)C(CCNCC)C(=O)N*,Motif,Random,10,1,1,3,1,0,1,5.893464088439941,5.668424606323242,0.22503948211669922,20,20,0,0,0,1,True,True,True,2,2,True,True,True,IN_TRAIN_RANGE
True,False,0.0,C,N,3200,[*]CC([*])OCc1ccccc1,*CC(*)ONc1ccccc1,Motif,Random,10,1,1,3,1,0,1,5.3933587074279785,5.1160149574279785,0.27734375,12,12,0,0,0,1,True,True,True,2,2,True,True,True,IN_TRAIN_RANGE
True,False,0.0,C,N,3427,[*]CCOCCOCCOC(=O)CCCCCCC(=O)O[*],*CCOCCOCCOC(=O)CCNCCCC(=O)O*,Motif,Random,10,1,1,3,1,0,1,6.274569034576416,5.997119903564453,0.2774491310119629,22,22,0,0,0,1,True,True,True,2,2,True,True,True,IN_TRAIN_RANGE
True,False,0.0,C,O,3258,[*]CCCCCCCCc1nnc(-c2cccc(-c3nnc([*])o3)c2)o1,*CCCCCCCOc1nnc(-c2cccc(-c3nnc(*)o3)c2)o1,Motif,Random,10,1,1,3,1,0,1,4.662410259246826,4.4863715171813965,0.1760387420654297,26,26,0,0,0,1,True,True,True,2,2,True,True,True,IN_TRAIN_RANGE
True,False,0.0,C,O,3295,[*]c1cc(COCCCCCCCCOc2ccc(-c3ccc(OC)cc3)cc2)c([*])s1,*c1cc(OOCCCCCCCCOc2ccc(-c3ccc(OC)cc3)cc2)c(*)s1,Motif,Random,10,1,1,3,1,0,1,2.74383807182312,2.6538538932800293,0.08998417854309082,32,32,0,0,0,1,True,True,True,2,2,True,True,True,IN_TRAIN_RANGE
True,False,0.0,C,N,3471,[*]CNCC(C=C1)=CC=C1[*],*CNNc1ccc(*)cc1,Motif,Random,10,1,1,15,1,0,1,4.566598892211914,4.177389621734619,0.3892092704772949,11,11,0,0,0,1,True,True,True,2,2,True,True,True,IN_TRAIN_RANGE
True,False,0.0,C,N,3537,[*]CCC(C)CC(C)(C)CNC(=O)c1ccc(C(=O)N[*])cc1,*CCN(C)CC(C)(C)CNC(=O)c1ccc(C(=O)N*)cc1,Motif,Random,10,1,1,3,1,0,1,4.502551078796387,4.352700710296631,0.14985036849975586,23,23,0,0,0,1,True,True,True,2,2,True,True,True,IN_TRAIN_RANGE
True,False,0.0,C,O,3008,[*]Oc1ccc(NC(=O)c2ccc(C(=O)Nc3ccc(Oc4ccc(C5(c6ccc([*])cc6)CC6CCC5C6)cc4)cc3)cc2)cc1,*Oc1ccc(NC(=O)c2ccc(C(=O)Nc3ccc(Oc4ccc(C5(c6ccc(*)cc6)OC6CCC5C6)cc4)cc3)cc2)cc1,Motif,Random,10,1,1,3,1,0,1,3.5847268104553223,3.5562119483947754,0.028514862060546875,47,47,0,0,0,1,True,True,True,2,2,True,True,True,IN_TRAIN_RANGE
True,False,1.0,C,N,3411,[*]CCCCCCOC(=O)CCC(=O)O[*],*NCCCCCOC(=O)CCC(=O)O*,Motif,Random,10,1,1,3,1,0,1,6.64481258392334,6.288386344909668,0.3564262390136719,16,16,0,0,0,1,True,True,True,2,2,True,True,True,IN_TRAIN_RANGE
True,False,0.0,C,N,3361,[*]CCCCCCCCCCOC(=O)CCCCCCCCCCC(=O)O[*],*CCCCCCCCCCOC(=O)CCCCNCCCCCC(=O)O*,Motif,Random,10,1,1,3,1,0,1,6.5158233642578125,6.3305134773254395,0.18530988693237305,28,28,0,0,0,1,True,True,True,2,2,True,True,True,IN_TRAIN_RANGE
False,,,,,3084,[*]c1cc(CCCC)c([*])s1,*c1cc(CCCC(F)(F)F)c(*)s1,Motif,Random,10,1,4,9,1,3,7,2.3371214866638184,2.632077693939209,0.2949562072753906,11,14,3,3,0,1,True,True,True,2,2,True,True,True,IN_TRAIN_RANGE
False,,,,,3132,[*]Oc1ccc(C2(c3ccc(OC([*])=O)cc3)CC(C)CC(C)(C)C2)cc1,*Oc1ccc(C2(c3ccc(OC(*)=O)cc3)CC(C#N)CC(C)(C)C2)cc1,Motif,Random,10,1,1,4,0,1,2,4.636800289154053,4.7076826095581055,0.07088232040405273,27,28,1,1,0,1,True,True,True,2,2,True,True,True,IN_TRAIN_RANGE
True,False,0.0,C,N,3430,[*]NC(C([*])=O)C(Cc1ccccc1)c1c[nH]cn1,*NC(C(*)=O)N(Cc1ccccc1)c1c[nH]cn1,Motif,Random,10,1,1,3,1,0,1,5.042630195617676,4.383891582489014,0.6587386131286621,19,19,0,0,0,1,True,True,True,2,2,True,True,True,IN_TRAIN_RANGE
True,False,1.0,C,S,3167,[*]C(F)C([*])(F)OC(F)(F)F,*[SH](F)C(*)(F)OC(F)(F)F,SimpleSubst,Greedy,10,1,1,3,1,0,1,7.237398147583008,6.923153877258301,0.31424427032470703,11,11,0,0,0,1,True,True,True,2,2,True,True,True,IN_TRAIN_RANGE
True,False,1.0,O,S,3128,[*]OC(C)CCOC(=O)CCCCC([*])=O,*SC(C)CCOC(=O)CCCCC(*)=O,SimpleSubst,Greedy,10,1,1,3,1,0,1,6.378620147705078,5.086483955383301,1.2921361923217773,16,16,0,0,0,1,True,True,True,2,2,True,True,True,IN_TRAIN_RANGE
True,True,0.0,C,S,3364,[*]Nc1ccc(NC(=O)c2cc(NC(=O)c3ccccc3)cc(C([*])=O)c2)cc1,*NC1=CC=S(NC(=O)c2cc(NC(=O)c3ccccc3)cc(C(*)=O)c2)C=C1,SimpleSubst,Greedy,10,1,1,11,1,0,1,3.467644691467285,2.9340686798095703,0.5335760116577148,29,29,0,0,0,1,True,True,True,2,2,True,True,True,IN_TRAIN_RANGE
True,False,1.0,C,S,3414,[*]CC1CCC(COC(=O)CCCCC(=O)O[*])CC1,*OC(=O)CCCCC(=O)OCC1CCC(S*)CC1,SimpleSubst,Greedy,10,1,1,15,1,0,1,6.599419593811035,5.454258441925049,1.1451611518859863,20,20,0,0,0,1,True,True,True,2,2,True,True,True,IN_TRAIN_RANGE
True,False,1.0,O,S,3539,[*]CC(O[*])C(F)(F)F,*CC(S*)C(F)(F)F,SimpleSubst,Greedy,10,1,1,3,1,0,1,6.81688117980957,5.245861530303955,1.5710196495056152,9,9,0,0,0,1,True,True,True,2,2,True,True,True,IN_TRAIN_RANGE
True,False,1.0,C,S,2958,[*]CCCCCCCNC(=O)CCCCCCCCCCCCCCCCCCC(=O)N[*],*NC(=O)CCCCCCCCCCCCCCCCCCC(=O)NCCCCCCS*,SimpleSubst,Greedy,10,1,1,16,1,0,1,5.916501998901367,5.0829291343688965,0.8335728645324707,33,33,0,0,0,1,True,True,True,2,2,True,True,True,IN_TRAIN_RANGE
True,False,1.0,N,S,3459,N([*])CC(C)(C)CC(C)CNC(=O)CCCCC(=O)([*]),*SCC(C)(C)CC(C)CNC(=O)CCCCC(*)=O,SimpleSubst,Greedy,10,1,1,9,1,0,1,5.8339996337890625,5.1717352867126465,0.662264347076416,20,20,0,0,0,1,True,True,True,2,2,True,True,True,IN_TRAIN_RANGE
True,True,0.0,C,S,3385,[*]CNOC(S1)=CC=C1[*],*CNOS1=CC=C(*)S1,SimpleSubst,Greedy,10,1,1,9,1,0,1,3.9756360054016113,3.548543930053711,0.4270920753479004,10,10,0,0,0,1,True,True,True,2,2,True,True,True,IN_TRAIN_RANGE
True,True,0.0,C,S,3281,[*]C(=O)c1ccc2c(c1)C(=O)N(c1ccc(C(=O)Nc3ccc(N4C(=O)c5ccc([*])cc5C4=O)cc3)cc1)C2=O,*C(=O)C1=CC=C2C(=O)N(c3ccc(C(=O)Nc4ccc(N5C(=O)c6ccc(*)cc6C5=O)cc4)cc3)C(=O)S2=C1,SimpleSubst,Greedy,10,1,1,27,1,0,1,2.7069849967956543,2.385770559310913,0.3212144374847412,41,41,0,0,0,1,True,True,True,2,2,True,True,True,IN_TRAIN_RANGE
True,False,1.0,O,S,3449,[*]OC(C)CCOC(=O)COCC([*])=O,*SC(C)CCOC(=O)COCC(*)=O,SimpleSubst,Greedy,10,1,1,3,1,0,1,6.135988712310791,4.9100871086120605,1.2259016036987305,15,15,0,0,0,1,True,True,True,2,2,True,True,True,IN_TRAIN_RANGE
True,False,1.0,C,S,3350,[*]CCN([*])C(=O)C1CCCCC1,*SCN(*)C(=O)C1CCCCC1,SimpleSubst,Greedy,10,1,1,3,1,0,1,5.892340660095215,4.534771919250488,1.3575687408447266,13,13,0,0,0,1,True,True,True,2,2,True,True,True,IN_TRAIN_RANGE
True,False,1.0,C,S,3572,[*]CCCCCCOC(=O)CCCCCCCC(=O)O[*],*OC(=O)CCCCCCCC(=O)OCCCCCS*,SimpleSubst,Greedy,10,1,1,14,1,0,1,6.6545729637146,5.373991966247559,1.280580997467041,21,21,0,0,0,1,True,True,True,2,2,True,True,True,IN_TRAIN_RANGE
True,True,0.0,C,S,3201,[*]Nc1cccc2c(NC(=O)c3cccc(C([*])=O)c3)cccc12,*NC1=CC=CS2=C1C=CC=C2NC(=O)c1cccc(C(*)=O)c1,SimpleSubst,Greedy,10,1,1,27,1,0,1,3.4126176834106445,2.477482318878174,0.9351353645324707,24,24,0,0,0,1,True,True,True,2,2,True,True,True,IN_TRAIN_RANGE
True,True,0.0,C,S,3453,[*]Oc1ccc2ccc(OC(=O)Oc3ccc(OC([*])=O)cc3)cc2c1,*OC1=CC=S2C=CC(OC(=O)Oc3ccc(OC(*)=O)cc3)=CC2=C1,SimpleSubst,Greedy,10,1,1,17,1,0,1,4.041114807128906,3.141008138656616,0.90010666847229,26,26,0,0,0,1,True,True,True,2,2,True,True,True,IN_TRAIN_RANGE
True,True,0.0,C,S,3482,[*]C=Cc1cccc(C=Cc2cc([*])nc(-c3ccccc3)n2)c1,*C=CC1=CC=CS(C=Cc2cc(*)nc(-c3ccccc3)n2)=C1,SimpleSubst,Greedy,10,1,1,11,1,0,1,2.9956889152526855,2.441037654876709,0.5546512603759766,24,24,0,0,0,1,True,True,True,2,2,True,True,True,IN_TRAIN_RANGE
True,False,0.0,F,S,3381,C(F)(F)CC(F)(F)C(=S),FC(S)CC(F)(F)C=S,SimpleSubst,Greedy,10,1,1,6,1,0,1,3.425586462020874,3.7709736824035645,0.34538722038269043,9,9,0,0,0,1,True,True,True,0,0,True,True,True,IN_TRAIN_RANGE
True,False,0.0,C,S,3422,[*]C=CCCCCCCCCCC[*],*C=CSCCCCCCCCC*,SimpleSubst,Greedy,10,1,1,3,1,0,1,5.851002216339111,4.855816841125488,0.995185375213623,14,14,0,0,0,1,True,True,True,2,2,True,True,True,IN_TRAIN_RANGE
True,False,1.0,C,S,3176,[*]CCCCCCNC(=O)C(CCCCC)C(=O)N[*],*NC(=O)C(CCCCC)C(=O)NCCCCCS*,SimpleSubst,Greedy,10,1,1,14,1,0,1,5.893464088439941,4.7998270988464355,1.0936369895935059,20,20,0,0,0,1,True,True,True,2,2,True,True,True,IN_TRAIN_RANGE
True,False,0.0,O,S,3200,[*]CC([*])OCc1ccccc1,*CC(*)SCc1ccccc1,SimpleSubst,Greedy,10,1,1,3,1,0,1,5.3933587074279785,4.821942329406738,0.5714163780212402,12,12,0,0,0,1,True,True,True,2,2,True,True,True,IN_TRAIN_RANGE
True,False,1.0,C,S,3427,[*]CCOCCOCCOC(=O)CCCCCCC(=O)O[*],*OC(=O)CCCCCCC(=O)OCCOCCOCS*,SimpleSubst,Greedy,10,1,1,15,1,0,1,6.274569034576416,5.319392204284668,0.955176830291748,22,22,0,0,0,1,True,True,True,2,2,True,True,True,IN_TRAIN_RANGE
True,False,1.0,C,S,3258,[*]CCCCCCCCc1nnc(-c2cccc(-c3nnc([*])o3)c2)o1,*SCCCCCCCc1nnc(-c2cccc(-c3nnc(*)o3)c2)o1,SimpleSubst,Greedy,10,1,1,3,1,0,1,4.662410259246826,4.243435859680176,0.4189743995666504,26,26,0,0,0,1,True,True,True,2,2,True,True,True,IN_TRAIN_RANGE
True,True,0.0,C,S,3295,[*]c1cc(COCCCCCCCCOc2ccc(-c3ccc(OC)cc3)cc2)c([*])s1,*C1=CS(COCCCCCCCCOc2ccc(-c3ccc(OC)cc3)cc2)=C(*)S1,SimpleSubst,Greedy,10,1,1,9,1,0,1,2.74383807182312,3.280900478363037,0.537062406539917,32,32,0,0,0,1,True,True,True,2,2,True,True,True,IN_TRAIN_RANGE
True,True,0.0,C,S,3471,[*]CNCC(C=C1)=CC=C1[*],*CNCS1=CC=C(*)C=C1,SimpleSubst,Greedy,10,1,1,10,1,0,1,4.566598892211914,3.355344295501709,1.211254596710205,11,11,0,0,0,1,True,True,True,2,2,True,True,True,IN_TRAIN_RANGE
True,False,1.0,C,S,3537,[*]CCC(C)CC(C)(C)CNC(=O)c1ccc(C(=O)N[*])cc1,*NC(=O)c1ccc(C(=O)NCC(C)(C)CC(C)CS*)cc1,SimpleSubst,Greedy,10,1,1,28,1,0,1,4.502551078796387,4.076391220092773,0.4261598587036133,23,23,0,0,0,1,True,True,True,2,2,True,True,True,IN_TRAIN_RANGE
True,True,0.0,C,S,3008,[*]Oc1ccc(NC(=O)c2ccc(C(=O)Nc3ccc(Oc4ccc(C5(c6ccc([*])cc6)CC6CCC5C6)cc4)cc3)cc2)cc1,*OS1=CC=C(NC(=O)c2ccc(C(=O)Nc3ccc(Oc4ccc(C5(c6ccc(*)cc6)CC6CCC5C6)cc4)cc3)cc2)C=C1,SimpleSubst,Greedy,10,1,1,11,1,0,1,3.5847268104553223,3.2343692779541016,0.3503575325012207,47,47,0,0,0,1,True,True,True,2,2,True,True,True,IN_TRAIN_RANGE
True,False,1.0,C,S,3411,[*]CCCCCCOC(=O)CCC(=O)O[*],*OC(=O)CCC(=O)OCCCCCS*,SimpleSubst,Greedy,10,1,1,14,1,0,1,6.64481258392334,5.278900623321533,1.3659119606018066,16,16,0,0,0,1,True,True,True,2,2,True,True,True,IN_TRAIN_RANGE
True,False,1.0,C,S,3361,[*]CCCCCCCCCCOC(=O)CCCCCCCCCCC(=O)O[*],*OC(=O)CCCCCCCCCCC(=O)OCCCCCCCCCS*,SimpleSubst,Greedy,10,1,1,15,1,0,1,6.5158233642578125,5.448337554931641,1.0674858093261719,28,28,0,0,0,1,True,True,True,2,2,True,True,True,IN_TRAIN_RANGE
True,True,0.0,C,S,3084,[*]c1cc(CCCC)c([*])s1,*C1=CS(CCCC)=C(*)S1,SimpleSubst,Greedy,10,1,1,9,1,0,1,2.3371214866638184,3.672293186187744,1.3351716995239258,11,11,0,0,0,1,True,True,True,2,2,True,True,True,IN_TRAIN_RANGE
True,True,0.0,C,S,3132,[*]Oc1ccc(C2(c3ccc(OC([*])=O)cc3)CC(C)CC(C)(C)C2)cc1,*OS1=CC=C(C2(c3ccc(OC(*)=O)cc3)CC(C)CC(C)(C)C2)C=C1,SimpleSubst,Greedy,10,1,1,11,1,0,1,4.636800289154053,3.8312504291534424,0.8055498600006104,27,27,0,0,0,1,True,True,True,2,2,True,True,True,IN_TRAIN_RANGE
True,False,0.0,O,S,3430,[*]NC(C([*])=O)C(Cc1ccccc1)c1c[nH]cn1,*NC(C(*)=S)C(Cc1ccccc1)c1c[nH]cn1,SimpleSubst,Greedy,10,1,1,3,1,0,1,5.042630195617676,4.364584922790527,0.6780452728271484,19,19,0,0,0,1,True,True,True,2,2,True,True,True,IN_TRAIN_RANGE
True,False,1.0,C,N,3167,[*]C(F)C([*])(F)OC(F)(F)F,*N(F)C(*)(F)OC(F)(F)F,Motif,Greedy,10,1,1,3,1,0,1,7.237398147583008,7.249334335327148,0.011936187744140625,11,11,0,0,0,1,True,True,True,2,2,True,True,True,IN_TRAIN_RANGE
True,False,0.0,C,N,3128,[*]OC(C)CCOC(=O)CCCCC([*])=O,*ON(C)CCOC(=O)CCCCC(*)=O,Motif,Greedy,10,1,1,3,1,0,1,6.378620147705078,6.055274486541748,0.3233456611633301,16,16,0,0,0,1,True,True,True,2,2,True,True,True,IN_TRAIN_RANGE
False,,,,,3364,[*]Nc1ccc(NC(=O)c2cc(NC(=O)c3ccccc3)cc(C([*])=O)c2)cc1,*Nc1ccc(NC(=O)c2cc(NC(=O)c3ccccc3)cc(C(*)=O)c2)cc1,Motif,Greedy,10,1,0,2,0,0,0,3.467644691467285,3.467644691467285,0.0,29,29,0,0,0,1,True,True,True,2,2,False,True,False,IN_TRAIN_RANGE
True,False,0.0,C,N,3414,[*]CC1CCC(COC(=O)CCCCC(=O)O[*])CC1,*CN1CCC(COC(=O)CCCCC(=O)O*)CC1,Motif,Greedy,10,1,1,3,1,0,1,6.599419593811035,6.1759867668151855,0.4234328269958496,20,20,0,0,0,1,True,True,True,2,2,True,True,True,IN_TRAIN_RANGE
True,False,1.0,C,N,3539,[*]CC(O[*])C(F)(F)F,*NC(O*)C(F)(F)F,Motif,Greedy,10,1,1,3,1,0,1,6.81688117980957,6.389995574951172,0.42688560485839844,9,9,0,0,0,1,True,True,True,2,2,True,True,True,IN_TRAIN_RANGE
True,False,0.0,C,O,2958,[*]CCCCCCCNC(=O)CCCCCCCCCCCCCCCCCCC(=O)N[*],*COCCCCCNC(=O)CCCCCCCCCCCCCCCCCCC(=O)N*,Motif,Greedy,10,1,1,3,1,0,1,5.916501998901367,5.793887615203857,0.12261438369750977,33,33,0,0,0,1,True,True,True,2,2,True,True,True,IN_TRAIN_RANGE
True,False,0.0,C,O,3459,N([*])CC(C)(C)CC(C)CNC(=O)CCCCC(=O)([*]),*NOC(C)(C)CC(C)CNC(=O)CCCCC(*)=O,Motif,Greedy,10,1,1,10,1,0,1,5.8339996337890625,6.016925811767578,0.18292617797851562,20,20,0,0,0,1,True,True,True,2,2,True,True,True,IN_TRAIN_RANGE
True,False,1.0,C,N,3385,[*]CNOC(S1)=CC=C1[*],*NNOc1ccc(*)s1,Motif,Greedy,10,1,1,13,1,0,1,3.9756360054016113,3.922891616821289,0.052744388580322266,10,10,0,0,0,1,True,True,True,2,2,True,True,True,IN_TRAIN_RANGE
False,,,,,3281,[*]C(=O)c1ccc2c(c1)C(=O)N(c1ccc(C(=O)Nc3ccc(N4C(=O)c5ccc([*])cc5C4=O)cc3)cc1)C2=O,*C(=O)c1ccc2c(c1)C(=O)N(c1ccc(C(=O)Nc3ccc(N4C(=O)c5ccc(*)cc5C4=O)cc3)cc1)C2=O,Motif,Greedy,10,1,0,2,0,0,0,2.7069849967956543,2.7069849967956543,0.0,41,41,0,0,0,1,True,True,True,2,2,False,True,False,IN_TRAIN_RANGE
True,False,0.0,C,O,3449,[*]OC(C)CCOC(=O)COCC([*])=O,*OC(C)CCOC(=O)COOC(*)=O,Motif,Greedy,10,1,1,3,1,0,1,6.135988712310791,6.610485553741455,0.47449684143066406,15,15,0,0,0,1,True,True,True,2,2,True,True,True,IN_TRAIN_RANGE
True,False,0.0,C,N,3350,[*]CCN([*])C(=O)C1CCCCC1,*CCN(*)C(=O)N1CCCCC1,Motif,Greedy,10,1,1,3,1,0,1,5.892340660095215,5.358417987823486,0.5339226722717285,13,13,0,0,0,1,True,True,True,2,2,True,True,True,IN_TRAIN_RANGE
True,False,0.0,C,O,3572,[*]CCCCCCOC(=O)CCCCCCCC(=O)O[*],*CCCCCCOC(=O)CCCOCCCC(=O)O*,Motif,Greedy,10,1,1,3,1,0,1,6.6545729637146,6.455234050750732,0.1993389129638672,21,21,0,0,0,1,True,True,True,2,2,True,True,True,IN_TRAIN_RANGE
False,,,,,3201,[*]Nc1cccc2c(NC(=O)c3cccc(C([*])=O)c3)cccc12,*Nc1cccc2c(NC(=O)c3cccc(C(*)=O)c3)cccc12,Motif,Greedy,10,1,0,2,0,0,0,3.4126176834106445,3.4126176834106445,0.0,24,24,0,0,0,1,True,True,True,2,2,False,True,False,IN_TRAIN_RANGE
False,,,,,3453,[*]Oc1ccc2ccc(OC(=O)Oc3ccc(OC([*])=O)cc3)cc2c1,*Oc1ccc2ccc(OC(=O)Oc3ccc(OC(*)=O)cc3)cc2c1,Motif,Greedy,10,1,0,2,0,0,0,4.041114807128906,4.041114807128906,0.0,26,26,0,0,0,1,True,True,True,2,2,False,True,False,IN_TRAIN_RANGE
False,,,,,3482,[*]C=Cc1cccc(C=Cc2cc([*])nc(-c3ccccc3)n2)c1,*C=Cc1cccc(C=Cc2cc(*)nc(-c3ccccc3)n2)c1,Motif,Greedy,10,1,0,2,0,0,0,2.9956889152526855,2.9956889152526855,0.0,24,24,0,0,0,1,True,True,True,2,2,False,True,False,IN_TRAIN_RANGE
False,,,,,3381,C(F)(F)CC(F)(F)C(=S),FN(F)OC(F)(F)C=S,Motif,Greedy,10,2,2,6,2,0,2,3.425586462020874,3.1728081703186035,0.2527782917022705,9,9,0,0,0,1,True,True,True,0,0,True,True,True,IN_TRAIN_RANGE
True,False,0.0,C,O,3422,[*]C=CCCCCCCCCCC[*],*C=CCCCCCCOCCC*,Motif,Greedy,10,1,1,3,1,0,1,5.851002216339111,5.5810956954956055,0.26990652084350586,14,14,0,0,0,1,True,True,True,2,2,True,True,True,IN_TRAIN_RANGE
True,False,0.0,C,O,3176,[*]CCCCCCNC(=O)C(CCCCC)C(=O)N[*],*COCCCCNC(=O)C(CCCCC)C(=O)N*,Motif,Greedy,10,1,1,3,1,0,1,5.893464088439941,5.703091144561768,0.19037294387817383,20,20,0,0,0,1,True,True,True,2,2,True,True,True,IN_TRAIN_RANGE
False,,,,,3200,[*]CC([*])OCc1ccccc1,*NC(*)ONc1ccccc1,Motif,Greedy,10,2,2,4,2,0,2,5.3933587074279785,4.917847633361816,0.4755110740661621,12,12,0,0,0,1,True,True,True,2,2,True,True,True,IN_TRAIN_RANGE
True,False,0.0,C,O,3427,[*]CCOCCOCCOC(=O)CCCCCCC(=O)O[*],*CCOCOOCCOC(=O)CCCCCCC(=O)O*,Motif,Greedy,10,1,1,3,1,0,1,6.274569034576416,6.497424125671387,0.2228550910949707,22,22,0,0,0,1,True,True,True,2,2,True,True,True,IN_TRAIN_RANGE
True,False,0.0,C,O,3258,[*]CCCCCCCCc1nnc(-c2cccc(-c3nnc([*])o3)c2)o1,*CCCCCCCOc1nnc(-c2cccc(-c3nnc(*)o3)c2)o1,Motif,Greedy,10,1,1,3,1,0,1,4.662410259246826,4.4863715171813965,0.1760387420654297,26,26,0,0,0,1,True,True,True,2,2,True,True,True,IN_TRAIN_RANGE
True,False,0.0,C,O,3295,[*]c1cc(COCCCCCCCCOc2ccc(-c3ccc(OC)cc3)cc2)c([*])s1,*c1cc(OOCCCCCCCCOc2ccc(-c3ccc(OC)cc3)cc2)c(*)s1,Motif,Greedy,10,1,1,3,1,0,1,2.74383807182312,2.6538538932800293,0.08998417854309082,32,32,0,0,0,1,True,True,True,2,2,True,True,True,IN_TRAIN_RANGE
False,,,,,3471,[*]CNCC(C=C1)=CC=C1[*],*NNNc1ccc(*)cc1,Motif,Greedy,10,2,2,16,2,0,2,4.566598892211914,4.100424289703369,0.4661746025085449,11,11,0,0,0,1,True,True,True,2,2,True,True,True,IN_TRAIN_RANGE
True,False,1.0,C,N,3537,[*]CCC(C)CC(C)(C)CNC(=O)c1ccc(C(=O)N[*])cc1,*NCC(C)CC(C)(C)CNC(=O)c1ccc(C(=O)N*)cc1,Motif,Greedy,10,1,1,3,1,0,1,4.502551078796387,4.305747032165527,0.19680404663085938,23,23,0,0,0,1,True,True,True,2,2,True,True,True,IN_TRAIN_RANGE
True,False,0.0,C,O,3008,[*]Oc1ccc(NC(=O)c2ccc(C(=O)Nc3ccc(Oc4ccc(C5(c6ccc([*])cc6)CC6CCC5C6)cc4)cc3)cc2)cc1,*Oc1ccc(NC(=O)c2ccc(C(=O)Nc3ccc(Oc4ccc(C5(c6ccc(*)cc6)OC6CCC5C6)cc4)cc3)cc2)cc1,Motif,Greedy,10,1,1,3,1,0,1,3.5847268104553223,3.5562119483947754,0.028514862060546875,47,47,0,0,0,1,True,True,True,2,2,True,True,True,IN_TRAIN_RANGE
True,False,1.0,C,N,3411,[*]CCCCCCOC(=O)CCC(=O)O[*],*NCCCCCOC(=O)CCC(=O)O*,Motif,Greedy,10,1,1,3,1,0,1,6.64481258392334,6.288386344909668,0.3564262390136719,16,16,0,0,0,1,True,True,True,2,2,True,True,True,IN_TRAIN_RANGE
True,False,0.0,C,O,3361,[*]CCCCCCCCCCOC(=O)CCCCCCCCCCC(=O)O[*],*COCCCCCCCCOC(=O)CCCCCCCCCCC(=O)O*,Motif,Greedy,10,1,1,3,1,0,1,6.5158233642578125,6.379842758178711,0.13598060607910156,28,28,0,0,0,1,True,True,True,2,2,True,True,True,IN_TRAIN_RANGE
False,,,,,3084,[*]c1cc(CCCC)c([*])s1,*c1cc(CCCC#N)c(*)s1,Motif,Greedy,10,1,1,4,0,1,2,2.3371214866638184,2.6480751037597656,0.31095361709594727,11,12,1,1,0,1,True,True,True,2,2,True,True,True,IN_TRAIN_RANGE
True,False,0.0,C,N,3132,[*]Oc1ccc(C2(c3ccc(OC([*])=O)cc3)CC(C)CC(C)(C)C2)cc1,*Oc1ccc(C2(c3ccc(OC(*)=O)cc3)CN(C)CC(C)(C)C2)cc1,Motif,Greedy,10,1,1,3,1,0,1,4.636800289154053,4.512027263641357,0.12477302551269531,27,27,0,0,0,1,True,True,True,2,2,True,True,True,IN_TRAIN_RANGE
False,,,,,3430,[*]NC(C([*])=O)C(Cc1ccccc1)c1c[nH]cn1,*NN(C(*)=O)N(Nc1ccccc1)c1c[nH]cn1,Motif,Greedy,10,3,3,5,3,0,3,5.042630195617676,3.769390344619751,1.2732398509979248,19,19,0,0,0,1,True,True,True,2,2,True,True,True,IN_TRAIN_RANGE
True,False,1.0,C,S,3167,[*]C(F)C([*])(F)OC(F)(F)F,*[SH](F)C(*)(F)OC(F)(F)F,SimpleSubst,Evolutionary,10,1,1,3,1,0,1,7.237398147583008,6.923153877258301,0.31424427032470703,11,11,0,0,0,1,True,True,True,2,2,True,True,True,IN_TRAIN_RANGE
True,False,1.0,O,S,3128,[*]OC(C)CCOC(=O)CCCCC([*])=O,*SC(C)CCOC(=O)CCCCC(*)=O,SimpleSubst,Evolutionary,10,1,1,3,1,0,1,6.378620147705078,5.086483955383301,1.2921361923217773,16,16,0,0,0,1,True,True,True,2,2,True,True,True,IN_TRAIN_RANGE
True,True,0.0,C,S,3364,[*]Nc1ccc(NC(=O)c2cc(NC(=O)c3ccccc3)cc(C([*])=O)c2)cc1,*NC1=CC=S(NC(=O)c2cc(NC(=O)c3ccccc3)cc(C(*)=O)c2)C=C1,SimpleSubst,Evolutionary,10,1,1,11,1,0,1,3.467644691467285,2.9340686798095703,0.5335760116577148,29,29,0,0,0,1,True,True,True,2,2,True,True,True,IN_TRAIN_RANGE
True,False,1.0,C,S,3414,[*]CC1CCC(COC(=O)CCCCC(=O)O[*])CC1,*OC(=O)CCCCC(=O)OCC1CCC(S*)CC1,SimpleSubst,Evolutionary,10,1,1,15,1,0,1,6.599419593811035,5.454258441925049,1.1451611518859863,20,20,0,0,0,1,True,True,True,2,2,True,True,True,IN_TRAIN_RANGE
True,False,1.0,O,S,3539,[*]CC(O[*])C(F)(F)F,*CC(S*)C(F)(F)F,SimpleSubst,Evolutionary,10,1,1,3,1,0,1,6.81688117980957,5.245861530303955,1.5710196495056152,9,9,0,0,0,1,True,True,True,2,2,True,True,True,IN_TRAIN_RANGE
True,False,1.0,C,S,2958,[*]CCCCCCCNC(=O)CCCCCCCCCCCCCCCCCCC(=O)N[*],*NC(=O)CCCCCCCCCCCCCCCCCCC(=O)NCCCCCCS*,SimpleSubst,Evolutionary,10,1,1,16,1,0,1,5.916501998901367,5.0829291343688965,0.8335728645324707,33,33,0,0,0,1,True,True,True,2,2,True,True,True,IN_TRAIN_RANGE
True,False,1.0,N,S,3459,N([*])CC(C)(C)CC(C)CNC(=O)CCCCC(=O)([*]),*SCC(C)(C)CC(C)CNC(=O)CCCCC(*)=O,SimpleSubst,Evolutionary,10,1,1,9,1,0,1,5.8339996337890625,5.1717352867126465,0.662264347076416,20,20,0,0,0,1,True,True,True,2,2,True,True,True,IN_TRAIN_RANGE
True,True,0.0,C,S,3385,[*]CNOC(S1)=CC=C1[*],*CNOS1=CC=C(*)S1,SimpleSubst,Evolutionary,10,1,1,9,1,0,1,3.9756360054016113,3.548543930053711,0.4270920753479004,10,10,0,0,0,1,True,True,True,2,2,True,True,True,IN_TRAIN_RANGE
True,True,0.0,C,S,3281,[*]C(=O)c1ccc2c(c1)C(=O)N(c1ccc(C(=O)Nc3ccc(N4C(=O)c5ccc([*])cc5C4=O)cc3)cc1)C2=O,*C(=O)C1=CC=C2C(=O)N(c3ccc(C(=O)Nc4ccc(N5C(=O)c6ccc(*)cc6C5=O)cc4)cc3)C(=O)S2=C1,SimpleSubst,Evolutionary,10,1,1,27,1,0,1,2.7069849967956543,2.385770559310913,0.3212144374847412,41,41,0,0,0,1,True,True,True,2,2,True,True,True,IN_TRAIN_RANGE
True,False,1.0,O,S,3449,[*]OC(C)CCOC(=O)COCC([*])=O,*SC(C)CCOC(=O)COCC(*)=O,SimpleSubst,Evolutionary,10,1,1,3,1,0,1,6.135988712310791,4.9100871086120605,1.2259016036987305,15,15,0,0,0,1,True,True,True,2,2,True,True,True,IN_TRAIN_RANGE
True,False,1.0,C,S,3350,[*]CCN([*])C(=O)C1CCCCC1,*SCN(*)C(=O)C1CCCCC1,SimpleSubst,Evolutionary,10,1,1,3,1,0,1,5.892340660095215,4.534771919250488,1.3575687408447266,13,13,0,0,0,1,True,True,True,2,2,True,True,True,IN_TRAIN_RANGE
True,False,1.0,C,S,3572,[*]CCCCCCOC(=O)CCCCCCCC(=O)O[*],*OC(=O)CCCCCCCC(=O)OCCCCCS*,SimpleSubst,Evolutionary,10,1,1,14,1,0,1,6.6545729637146,5.373991966247559,1.280580997467041,21,21,0,0,0,1,True,True,True,2,2,True,True,True,IN_TRAIN_RANGE
True,True,0.0,C,S,3201,[*]Nc1cccc2c(NC(=O)c3cccc(C([*])=O)c3)cccc12,*NC1=CC=CS2=C1C=CC=C2NC(=O)c1cccc(C(*)=O)c1,SimpleSubst,Evolutionary,10,1,1,27,1,0,1,3.4126176834106445,2.477482318878174,0.9351353645324707,24,24,0,0,0,1,True,True,True,2,2,True,True,True,IN_TRAIN_RANGE
True,True,0.0,C,S,3453,[*]Oc1ccc2ccc(OC(=O)Oc3ccc(OC([*])=O)cc3)cc2c1,*OC1=CC=S2C=CC(OC(=O)Oc3ccc(OC(*)=O)cc3)=CC2=C1,SimpleSubst,Evolutionary,10,1,1,17,1,0,1,4.041114807128906,3.141008138656616,0.90010666847229,26,26,0,0,0,1,True,True,True,2,2,True,True,True,IN_TRAIN_RANGE
True,True,0.0,C,S,3482,[*]C=Cc1cccc(C=Cc2cc([*])nc(-c3ccccc3)n2)c1,*C=CC1=CC=CS(C=Cc2cc(*)nc(-c3ccccc3)n2)=C1,SimpleSubst,Evolutionary,10,1,1,11,1,0,1,2.9956889152526855,2.441037654876709,0.5546512603759766,24,24,0,0,0,1,True,True,True,2,2,True,True,True,IN_TRAIN_RANGE
True,False,0.0,C,S,3381,C(F)(F)CC(F)(F)C(=S),FC(F)CS(F)(F)C=S,SimpleSubst,Evolutionary,10,1,1,6,1,0,1,3.425586462020874,4.882452964782715,1.4568665027618408,9,9,0,0,0,1,True,True,True,0,0,True,True,True,IN_TRAIN_RANGE
True,False,0.0,C,S,3422,[*]C=CCCCCCCCCCC[*],*C=CSCCCCCCCCC*,SimpleSubst,Evolutionary,10,1,1,3,1,0,1,5.851002216339111,4.855816841125488,0.995185375213623,14,14,0,0,0,1,True,True,True,2,2,True,True,True,IN_TRAIN_RANGE
True,False,1.0,C,S,3176,[*]CCCCCCNC(=O)C(CCCCC)C(=O)N[*],*NC(=O)C(CCCCC)C(=O)NCCCCCS*,SimpleSubst,Evolutionary,10,1,1,14,1,0,1,5.893464088439941,4.7998270988464355,1.0936369895935059,20,20,0,0,0,1,True,True,True,2,2,True,True,True,IN_TRAIN_RANGE
True,False,0.0,O,S,3200,[*]CC([*])OCc1ccccc1,*CC(*)SCc1ccccc1,SimpleSubst,Evolutionary,10,1,1,3,1,0,1,5.3933587074279785,4.821942329406738,0.5714163780212402,12,12,0,0,0,1,True,True,True,2,2,True,True,True,IN_TRAIN_RANGE
True,False,1.0,C,S,3427,[*]CCOCCOCCOC(=O)CCCCCCC(=O)O[*],*OC(=O)CCCCCCC(=O)OCCOCCOCS*,SimpleSubst,Evolutionary,10,1,1,15,1,0,1,6.274569034576416,5.319392204284668,0.955176830291748,22,22,0,0,0,1,True,True,True,2,2,True,True,True,IN_TRAIN_RANGE
True,False,1.0,C,S,3258,[*]CCCCCCCCc1nnc(-c2cccc(-c3nnc([*])o3)c2)o1,*SCCCCCCCc1nnc(-c2cccc(-c3nnc(*)o3)c2)o1,SimpleSubst,Evolutionary,10,1,1,3,1,0,1,4.662410259246826,4.243435859680176,0.4189743995666504,26,26,0,0,0,1,True,True,True,2,2,True,True,True,IN_TRAIN_RANGE
True,True,0.0,C,S,3295,[*]c1cc(COCCCCCCCCOc2ccc(-c3ccc(OC)cc3)cc2)c([*])s1,*C1=CS(COCCCCCCCCOc2ccc(-c3ccc(OC)cc3)cc2)=C(*)S1,SimpleSubst,Evolutionary,10,1,1,9,1,0,1,2.74383807182312,3.280900478363037,0.537062406539917,32,32,0,0,0,1,True,True,True,2,2,True,True,True,IN_TRAIN_RANGE
True,True,0.0,C,S,3471,[*]CNCC(C=C1)=CC=C1[*],*CNCS1=CC=C(*)C=C1,SimpleSubst,Evolutionary,10,1,1,10,1,0,1,4.566598892211914,3.355344295501709,1.211254596710205,11,11,0,0,0,1,True,True,True,2,2,True,True,True,IN_TRAIN_RANGE
True,False,1.0,C,S,3537,[*]CCC(C)CC(C)(C)CNC(=O)c1ccc(C(=O)N[*])cc1,*NC(=O)c1ccc(C(=O)NCC(C)(C)CC(C)CS*)cc1,SimpleSubst,Evolutionary,10,1,1,28,1,0,1,4.502551078796387,4.076391220092773,0.4261598587036133,23,23,0,0,0,1,True,True,True,2,2,True,True,True,IN_TRAIN_RANGE
True,True,0.0,C,S,3008,[*]Oc1ccc(NC(=O)c2ccc(C(=O)Nc3ccc(Oc4ccc(C5(c6ccc([*])cc6)CC6CCC5C6)cc4)cc3)cc2)cc1,*OS1=CC=C(NC(=O)c2ccc(C(=O)Nc3ccc(Oc4ccc(C5(c6ccc(*)cc6)CC6CCC5C6)cc4)cc3)cc2)C=C1,SimpleSubst,Evolutionary,10,1,1,11,1,0,1,3.5847268104553223,3.2343692779541016,0.3503575325012207,47,47,0,0,0,1,True,True,True,2,2,True,True,True,IN_TRAIN_RANGE
True,False,1.0,C,S,3411,[*]CCCCCCOC(=O)CCC(=O)O[*],*OC(=O)CCC(=O)OCCCCCS*,SimpleSubst,Evolutionary,10,1,1,14,1,0,1,6.64481258392334,5.278900623321533,1.3659119606018066,16,16,0,0,0,1,True,True,True,2,2,True,True,True,IN_TRAIN_RANGE
True,False,1.0,C,S,3361,[*]CCCCCCCCCCOC(=O)CCCCCCCCCCC(=O)O[*],*OC(=O)CCCCCCCCCCC(=O)OCCCCCCCCCS*,SimpleSubst,Evolutionary,10,1,1,15,1,0,1,6.5158233642578125,5.448337554931641,1.0674858093261719,28,28,0,0,0,1,True,True,True,2,2,True,True,True,IN_TRAIN_RANGE
True,True,0.0,C,S,3084,[*]c1cc(CCCC)c([*])s1,*C1=CS(CCCC)=C(*)S1,SimpleSubst,Evolutionary,10,1,1,9,1,0,1,2.3371214866638184,3.672293186187744,1.3351716995239258,11,11,0,0,0,1,True,True,True,2,2,True,True,True,IN_TRAIN_RANGE
True,True,0.0,C,S,3132,[*]Oc1ccc(C2(c3ccc(OC([*])=O)cc3)CC(C)CC(C)(C)C2)cc1,*OS1=CC=C(C2(c3ccc(OC(*)=O)cc3)CC(C)CC(C)(C)C2)C=C1,SimpleSubst,Evolutionary,10,1,1,11,1,0,1,4.636800289154053,3.8312504291534424,0.8055498600006104,27,27,0,0,0,1,True,True,True,2,2,True,True,True,IN_TRAIN_RANGE
True,False,0.0,O,S,3430,[*]NC(C([*])=O)C(Cc1ccccc1)c1c[nH]cn1,*NC(C(*)=S)C(Cc1ccccc1)c1c[nH]cn1,SimpleSubst,Evolutionary,10,1,1,3,1,0,1,5.042630195617676,4.364584922790527,0.6780452728271484,19,19,0,0,0,1,True,True,True,2,2,True,True,True,IN_TRAIN_RANGE
True,False,1.0,C,N,3167,[*]C(F)C([*])(F)OC(F)(F)F,*N(F)C(*)(F)OC(F)(F)F,Motif,Evolutionary,10,1,1,3,1,0,1,7.237398147583008,7.249334335327148,0.011936187744140625,11,11,0,0,0,1,True,True,True,2,2,True,True,True,IN_TRAIN_RANGE
True,False,0.0,C,N,3128,[*]OC(C)CCOC(=O)CCCCC([*])=O,*ON(C)CCOC(=O)CCCCC(*)=O,Motif,Evolutionary,10,1,1,3,1,0,1,6.378620147705078,6.055274486541748,0.3233456611633301,16,16,0,0,0,1,True,True,True,2,2,True,True,True,IN_TRAIN_RANGE
False,,,,,3364,[*]Nc1ccc(NC(=O)c2cc(NC(=O)c3ccccc3)cc(C([*])=O)c2)cc1,*Nc1ccc(NC(=O)c2cc(NC(=O)c3ccccc3)cc(C(*)=O)c2)cc1,Motif,Evolutionary,10,1,0,2,0,0,0,3.467644691467285,3.467644691467285,0.0,29,29,0,0,0,1,True,True,True,2,2,False,True,False,IN_TRAIN_RANGE
True,False,0.0,C,N,3414,[*]CC1CCC(COC(=O)CCCCC(=O)O[*])CC1,*CN1CCC(COC(=O)CCCCC(=O)O*)CC1,Motif,Evolutionary,10,1,1,3,1,0,1,6.599419593811035,6.1759867668151855,0.4234328269958496,20,20,0,0,0,1,True,True,True,2,2,True,True,True,IN_TRAIN_RANGE
True,False,1.0,C,N,3539,[*]CC(O[*])C(F)(F)F,*NC(O*)C(F)(F)F,Motif,Evolutionary,10,1,1,3,1,0,1,6.81688117980957,6.389995574951172,0.42688560485839844,9,9,0,0,0,1,True,True,True,2,2,True,True,True,IN_TRAIN_RANGE
True,False,0.0,C,O,2958,[*]CCCCCCCNC(=O)CCCCCCCCCCCCCCCCCCC(=O)N[*],*COCCCCCNC(=O)CCCCCCCCCCCCCCCCCCC(=O)N*,Motif,Evolutionary,10,1,1,3,1,0,1,5.916501998901367,5.793887615203857,0.12261438369750977,33,33,0,0,0,1,True,True,True,2,2,True,True,True,IN_TRAIN_RANGE
True,False,0.0,C,O,3459,N([*])CC(C)(C)CC(C)CNC(=O)CCCCC(=O)([*]),*NOC(C)(C)CC(C)CNC(=O)CCCCC(*)=O,Motif,Evolutionary,10,1,1,10,1,0,1,5.8339996337890625,6.016925811767578,0.18292617797851562,20,20,0,0,0,1,True,True,True,2,2,True,True,True,IN_TRAIN_RANGE
True,False,1.0,C,N,3385,[*]CNOC(S1)=CC=C1[*],*NNOc1ccc(*)s1,Motif,Evolutionary,10,1,1,13,1,0,1,3.9756360054016113,3.922891616821289,0.052744388580322266,10,10,0,0,0,1,True,True,True,2,2,True,True,True,IN_TRAIN_RANGE
False,,,,,3281,[*]C(=O)c1ccc2c(c1)C(=O)N(c1ccc(C(=O)Nc3ccc(N4C(=O)c5ccc([*])cc5C4=O)cc3)cc1)C2=O,*C(=O)c1ccc2c(c1)C(=O)N(c1ccc(C(=O)Nc3ccc(N4C(=O)c5ccc(*)cc5C4=O)cc3)cc1)C2=O,Motif,Evolutionary,10,1,0,2,0,0,0,2.7069849967956543,2.7069849967956543,0.0,41,41,0,0,0,1,True,True,True,2,2,False,True,False,IN_TRAIN_RANGE
True,False,0.0,C,O,3449,[*]OC(C)CCOC(=O)COCC([*])=O,*OC(C)CCOC(=O)COOC(*)=O,Motif,Evolutionary,10,1,1,3,1,0,1,6.135988712310791,6.610485553741455,0.47449684143066406,15,15,0,0,0,1,True,True,True,2,2,True,True,True,IN_TRAIN_RANGE
True,False,0.0,C,N,3350,[*]CCN([*])C(=O)C1CCCCC1,*CCN(*)C(=O)N1CCCCC1,Motif,Evolutionary,10,1,1,3,1,0,1,5.892340660095215,5.358417987823486,0.5339226722717285,13,13,0,0,0,1,True,True,True,2,2,True,True,True,IN_TRAIN_RANGE
True,False,0.0,C,O,3572,[*]CCCCCCOC(=O)CCCCCCCC(=O)O[*],*CCCCCCOC(=O)CCCOCCCC(=O)O*,Motif,Evolutionary,10,1,1,3,1,0,1,6.6545729637146,6.455234050750732,0.1993389129638672,21,21,0,0,0,1,True,True,True,2,2,True,True,True,IN_TRAIN_RANGE
False,,,,,3201,[*]Nc1cccc2c(NC(=O)c3cccc(C([*])=O)c3)cccc12,*Nc1cccc2c(NC(=O)c3cccc(C(*)=O)c3)cccc12,Motif,Evolutionary,10,1,0,2,0,0,0,3.4126176834106445,3.4126176834106445,0.0,24,24,0,0,0,1,True,True,True,2,2,False,True,False,IN_TRAIN_RANGE
False,,,,,3453,[*]Oc1ccc2ccc(OC(=O)Oc3ccc(OC([*])=O)cc3)cc2c1,*Oc1ccc2ccc(OC(=O)Oc3ccc(OC(*)=O)cc3)cc2c1,Motif,Evolutionary,10,1,0,2,0,0,0,4.041114807128906,4.041114807128906,0.0,26,26,0,0,0,1,True,True,True,2,2,False,True,False,IN_TRAIN_RANGE
False,,,,,3482,[*]C=Cc1cccc(C=Cc2cc([*])nc(-c3ccccc3)n2)c1,*C=Cc1cccc(C=Cc2cc(*)nc(-c3ccccc3)n2)c1,Motif,Evolutionary,10,1,0,2,0,0,0,2.9956889152526855,2.9956889152526855,0.0,24,24,0,0,0,1,True,True,True,2,2,False,True,False,IN_TRAIN_RANGE
False,,,,,3381,C(F)(F)CC(F)(F)C(=S),FN(F)OC(F)(F)C=S,Motif,Evolutionary,10,2,2,6,2,0,2,3.425586462020874,3.1728081703186035,0.2527782917022705,9,9,0,0,0,1,True,True,True,0,0,True,True,True,IN_TRAIN_RANGE
True,False,0.0,C,O,3422,[*]C=CCCCCCCCCCC[*],*C=CCCCCCCOCCC*,Motif,Evolutionary,10,1,1,3,1,0,1,5.851002216339111,5.5810956954956055,0.26990652084350586,14,14,0,0,0,1,True,True,True,2,2,True,True,True,IN_TRAIN_RANGE
True,False,0.0,C,O,3176,[*]CCCCCCNC(=O)C(CCCCC)C(=O)N[*],*COCCCCNC(=O)C(CCCCC)C(=O)N*,Motif,Evolutionary,10,1,1,3,1,0,1,5.893464088439941,5.703091144561768,0.19037294387817383,20,20,0,0,0,1,True,True,True,2,2,True,True,True,IN_TRAIN_RANGE
False,,,,,3200,[*]CC([*])OCc1ccccc1,*NC(*)ONc1ccccc1,Motif,Evolutionary,10,2,2,4,2,0,2,5.3933587074279785,4.917847633361816,0.4755110740661621,12,12,0,0,0,1,True,True,True,2,2,True,True,True,IN_TRAIN_RANGE
True,False,0.0,C,O,3427,[*]CCOCCOCCOC(=O)CCCCCCC(=O)O[*],*CCOCOOCCOC(=O)CCCCCCC(=O)O*,Motif,Evolutionary,10,1,1,3,1,0,1,6.274569034576416,6.497424125671387,0.2228550910949707,22,22,0,0,0,1,True,True,True,2,2,True,True,True,IN_TRAIN_RANGE
True,False,0.0,C,O,3258,[*]CCCCCCCCc1nnc(-c2cccc(-c3nnc([*])o3)c2)o1,*CCCCCCCOc1nnc(-c2cccc(-c3nnc(*)o3)c2)o1,Motif,Evolutionary,10,1,1,3,1,0,1,4.662410259246826,4.4863715171813965,0.1760387420654297,26,26,0,0,0,1,True,True,True,2,2,True,True,True,IN_TRAIN_RANGE
True,False,0.0,C,O,3295,[*]c1cc(COCCCCCCCCOc2ccc(-c3ccc(OC)cc3)cc2)c([*])s1,*c1cc(OOCCCCCCCCOc2ccc(-c3ccc(OC)cc3)cc2)c(*)s1,Motif,Evolutionary,10,1,1,3,1,0,1,2.74383807182312,2.6538538932800293,0.08998417854309082,32,32,0,0,0,1,True,True,True,2,2,True,True,True,IN_TRAIN_RANGE
False,,,,,3471,[*]CNCC(C=C1)=CC=C1[*],*NNNc1ccc(*)cc1,Motif,Evolutionary,10,2,2,16,2,0,2,4.566598892211914,4.100424289703369,0.4661746025085449,11,11,0,0,0,1,True,True,True,2,2,True,True,True,IN_TRAIN_RANGE
True,False,1.0,C,N,3537,[*]CCC(C)CC(C)(C)CNC(=O)c1ccc(C(=O)N[*])cc1,*NCC(C)CC(C)(C)CNC(=O)c1ccc(C(=O)N*)cc1,Motif,Evolutionary,10,1,1,3,1,0,1,4.502551078796387,4.305747032165527,0.19680404663085938,23,23,0,0,0,1,True,True,True,2,2,True,True,True,IN_TRAIN_RANGE
True,False,0.0,C,O,3008,[*]Oc1ccc(NC(=O)c2ccc(C(=O)Nc3ccc(Oc4ccc(C5(c6ccc([*])cc6)CC6CCC5C6)cc4)cc3)cc2)cc1,*Oc1ccc(NC(=O)c2ccc(C(=O)Nc3ccc(Oc4ccc(C5(c6ccc(*)cc6)OC6CCC5C6)cc4)cc3)cc2)cc1,Motif,Evolutionary,10,1,1,3,1,0,1,3.5847268104553223,3.5562119483947754,0.028514862060546875,47,47,0,0,0,1,True,True,True,2,2,True,True,True,IN_TRAIN_RANGE
True,False,1.0,C,N,3411,[*]CCCCCCOC(=O)CCC(=O)O[*],*NCCCCCOC(=O)CCC(=O)O*,Motif,Evolutionary,10,1,1,3,1,0,1,6.64481258392334,6.288386344909668,0.3564262390136719,16,16,0,0,0,1,True,True,True,2,2,True,True,True,IN_TRAIN_RANGE
True,False,0.0,C,O,3361,[*]CCCCCCCCCCOC(=O)CCCCCCCCCCC(=O)O[*],*COCCCCCCCCOC(=O)CCCCCCCCCCC(=O)O*,Motif,Evolutionary,10,1,1,3,1,0,1,6.5158233642578125,6.379842758178711,0.13598060607910156,28,28,0,0,0,1,True,True,True,2,2,True,True,True,IN_TRAIN_RANGE
False,,,,,3084,[*]c1cc(CCCC)c([*])s1,*c1cc(CCCC#N)c(*)s1,Motif,Evolutionary,10,1,1,4,0,1,2,2.3371214866638184,2.6480751037597656,0.31095361709594727,11,12,1,1,0,1,True,True,True,2,2,True,True,True,IN_TRAIN_RANGE
True,False,0.0,C,N,3132,[*]Oc1ccc(C2(c3ccc(OC([*])=O)cc3)CC(C)CC(C)(C)C2)cc1,*Oc1ccc(C2(c3ccc(OC(*)=O)cc3)CN(C)CC(C)(C)C2)cc1,Motif,Evolutionary,10,1,1,3,1,0,1,4.636800289154053,4.512027263641357,0.12477302551269531,27,27,0,0,0,1,True,True,True,2,2,True,True,True,IN_TRAIN_RANGE
False,,,,,3430,[*]NC(C([*])=O)C(Cc1ccccc1)c1c[nH]cn1,*NN(C(*)=O)N(Nc1ccccc1)c1c[nH]cn1,Motif,Evolutionary,10,3,3,5,3,0,3,5.042630195617676,3.769390344619751,1.2732398509979248,19,19,0,0,0,1,True,True,True,2,2,True,True,True,IN_TRAIN_RANGE
True,False,0.0,F,S,3167,[*]C(F)C([*])(F)OC(F)(F)F,*C(F)C(*)(F)OC(F)(F)S,SimpleSubst,Random,20,1,1,3,1,0,1,7.237398147583008,6.811708450317383,0.425689697265625,11,11,0,0,0,1,True,True,True,2,2,True,True,True,IN_TRAIN_RANGE
True,False,1.0,O,S,3128,[*]OC(C)CCOC(=O)CCCCC([*])=O,*SC(C)CCOC(=O)CCCCC(*)=O,SimpleSubst,Random,20,1,1,3,1,0,1,6.378620147705078,5.086483955383301,1.2921361923217773,16,16,0,0,0,1,True,True,True,2,2,True,True,True,IN_TRAIN_RANGE
True,True,0.0,C,S,3364,[*]Nc1ccc(NC(=O)c2cc(NC(=O)c3ccccc3)cc(C([*])=O)c2)cc1,*NC1=CC=S(NC(=O)c2cc(NC(=O)c3ccccc3)cc(C(*)=O)c2)C=C1,SimpleSubst,Random,20,1,1,11,1,0,1,3.467644691467285,2.9340686798095703,0.5335760116577148,29,29,0,0,0,1,True,True,True,2,2,True,True,True,IN_TRAIN_RANGE
True,False,1.0,C,S,3414,[*]CC1CCC(COC(=O)CCCCC(=O)O[*])CC1,*OC(=O)CCCCC(=O)OCC1CCC(S*)CC1,SimpleSubst,Random,20,1,1,15,1,0,1,6.599419593811035,5.454258441925049,1.1451611518859863,20,20,0,0,0,1,True,True,True,2,2,True,True,True,IN_TRAIN_RANGE
True,False,1.0,O,S,3539,[*]CC(O[*])C(F)(F)F,*CC(S*)C(F)(F)F,SimpleSubst,Random,20,1,1,3,1,0,1,6.81688117980957,5.245861530303955,1.5710196495056152,9,9,0,0,0,1,True,True,True,2,2,True,True,True,IN_TRAIN_RANGE
True,False,0.0,C,S,2958,[*]CCCCCCCNC(=O)CCCCCCCCCCCCCCCCCCC(=O)N[*],*CCCCCCCNC(=O)CCCCCCCCCCCCCSCCCCC(=O)N*,SimpleSubst,Random,20,1,1,3,1,0,1,5.916501998901367,5.348831653594971,0.5676703453063965,33,33,0,0,0,1,True,True,True,2,2,True,True,True,IN_TRAIN_RANGE
True,False,0.0,C,S,3459,N([*])CC(C)(C)CC(C)CNC(=O)CCCCC(=O)([*]),*NCC(C)(C)SC(C)CNC(=O)CCCCC(*)=O,SimpleSubst,Random,20,1,1,10,1,0,1,5.8339996337890625,5.163974285125732,0.6700253486633301,20,20,0,0,0,1,True,True,True,2,2,True,True,True,IN_TRAIN_RANGE
True,True,0.0,S,O,3385,[*]CNOC(S1)=CC=C1[*],*CNOc1ccc(*)o1,SimpleSubst,Random,20,1,1,12,1,0,1,3.9756360054016113,4.571956157684326,0.5963201522827148,10,10,0,0,0,1,True,True,True,2,2,True,True,True,IN_TRAIN_RANGE
True,True,0.0,C,S,3281,[*]C(=O)c1ccc2c(c1)C(=O)N(c1ccc(C(=O)Nc3ccc(N4C(=O)c5ccc([*])cc5C4=O)cc3)cc1)C2=O,*C(=O)c1ccc2c(c1)C(=O)N(c1ccc(C(=O)NS3=CC=C(N4C(=O)c5ccc(*)cc5C4=O)C=C3)cc1)C2=O,SimpleSubst,Random,20,1,1,11,1,0,1,2.7069849967956543,2.325014352798462,0.3819706439971924,41,41,0,0,0,1,True,True,True,2,2,True,True,True,IN_TRAIN_RANGE
True,False,0.0,O,S,3449,[*]OC(C)CCOC(=O)COCC([*])=O,*OC(C)CCOC(=O)COCC(*)=S,SimpleSubst,Random,20,1,1,3,1,0,1,6.135988712310791,4.859877586364746,1.276111125946045,15,15,0,0,0,1,True,True,True,2,2,True,True,True,IN_TRAIN_RANGE
True,False,1.0,C,S,3350,[*]CCN([*])C(=O)C1CCCCC1,*SCN(*)C(=O)C1CCCCC1,SimpleSubst,Random,20,1,1,3,1,0,1,5.892340660095215,4.534771919250488,1.3575687408447266,13,13,0,0,0,1,True,True,True,2,2,True,True,True,IN_TRAIN_RANGE
True,False,1.0,C,S,3572,[*]CCCCCCOC(=O)CCCCCCCC(=O)O[*],*OC(=O)CCCCCCCC(=O)OCCCCCS*,SimpleSubst,Random,20,1,1,14,1,0,1,6.6545729637146,5.373991966247559,1.280580997467041,21,21,0,0,0,1,True,True,True,2,2,True,True,True,IN_TRAIN_RANGE
True,True,0.0,C,S,3201,[*]Nc1cccc2c(NC(=O)c3cccc(C([*])=O)c3)cccc12,*NC1=CC=CS2=C1C=CC=C2NC(=O)c1cccc(C(*)=O)c1,SimpleSubst,Random,20,1,1,27,1,0,1,3.4126176834106445,2.477482318878174,0.9351353645324707,24,24,0,0,0,1,True,True,True,2,2,True,True,True,IN_TRAIN_RANGE
True,True,0.0,C,S,3453,[*]Oc1ccc2ccc(OC(=O)Oc3ccc(OC([*])=O)cc3)cc2c1,*OC1=CC=C2C=CC(OC(=O)Oc3ccc(OC(*)=O)cc3)=CS2=C1,SimpleSubst,Random,20,1,1,17,1,0,1,4.041114807128906,3.0597920417785645,0.9813227653503418,26,26,0,0,0,1,True,True,True,2,2,True,True,True,IN_TRAIN_RANGE
True,True,0.0,C,S,3482,[*]C=Cc1cccc(C=Cc2cc([*])nc(-c3ccccc3)n2)c1,*C=CC1=CC=CS(C=Cc2cc(*)nc(-c3ccccc3)n2)=C1,SimpleSubst,Random,20,1,1,11,1,0,1,2.9956889152526855,2.441037654876709,0.5546512603759766,24,24,0,0,0,1,True,True,True,2,2,True,True,True,IN_TRAIN_RANGE
True,False,0.0,C,S,3381,C(F)(F)CC(F)(F)C(=S),FC(F)CS(F)(F)C=S,SimpleSubst,Random,20,1,1,6,1,0,1,3.425586462020874,4.882452964782715,1.4568665027618408,9,9,0,0,0,1,True,True,True,0,0,True,True,True,IN_TRAIN_RANGE
True,False,0.0,C,S,3422,[*]C=CCCCCCCCCCC[*],*C=CCCCSCCCCCC*,SimpleSubst,Random,20,1,1,3,1,0,1,5.851002216339111,4.801502227783203,1.0494999885559082,14,14,0,0,0,1,True,True,True,2,2,True,True,True,IN_TRAIN_RANGE
True,False,1.0,C,S,3176,[*]CCCCCCNC(=O)C(CCCCC)C(=O)N[*],*NC(=O)C(CCCCC)C(=O)NCCCCCS*,SimpleSubst,Random,20,1,1,14,1,0,1,5.893464088439941,4.7998270988464355,1.0936369895935059,20,20,0,0,0,1,True,True,True,2,2,True,True,True,IN_TRAIN_RANGE
True,False,0.0,O,S,3200,[*]CC([*])OCc1ccccc1,*CC(*)SCc1ccccc1,SimpleSubst,Random,20,1,1,3,1,0,1,5.3933587074279785,4.821942329406738,0.5714163780212402,12,12,0,0,0,1,True,True,True,2,2,True,True,True,IN_TRAIN_RANGE
True,False,1.0,C,S,3427,[*]CCOCCOCCOC(=O)CCCCCCC(=O)O[*],*OC(=O)CCCCCCC(=O)OCCOCCOCS*,SimpleSubst,Random,20,1,1,15,1,0,1,6.274569034576416,5.319392204284668,0.955176830291748,22,22,0,0,0,1,True,True,True,2,2,True,True,True,IN_TRAIN_RANGE
True,True,0.0,C,S,3258,[*]CCCCCCCCc1nnc(-c2cccc(-c3nnc([*])o3)c2)o1,*CCCCCCCCc1nnc(C2=CC=CS(c3nnc(*)o3)=C2)o1,SimpleSubst,Random,20,1,1,13,1,0,1,4.662410259246826,3.8318874835968018,0.8305227756500244,26,26,0,0,0,1,True,True,True,2,2,True,True,True,IN_TRAIN_RANGE
True,True,0.0,C,S,3295,[*]c1cc(COCCCCCCCCOc2ccc(-c3ccc(OC)cc3)cc2)c([*])s1,*C1=CS(COCCCCCCCCOc2ccc(-c3ccc(OC)cc3)cc2)=C(*)S1,SimpleSubst,Random,20,1,1,9,1,0,1,2.74383807182312,3.280900478363037,0.537062406539917,32,32,0,0,0,1,True,True,True,2,2,True,True,True,IN_TRAIN_RANGE
True,True,0.0,C,S,3471,[*]CNCC(C=C1)=CC=C1[*],*CNCS1=CC=C(*)C=C1,SimpleSubst,Random,20,1,1,10,1,0,1,4.566598892211914,3.355344295501709,1.211254596710205,11,11,0,0,0,1,True,True,True,2,2,True,True,True,IN_TRAIN_RANGE
True,True,0.0,C,S,3537,[*]CCC(C)CC(C)(C)CNC(=O)c1ccc(C(=O)N[*])cc1,*CCC(C)CC(C)(C)CNC(=O)S1=CC=C(C(=O)N*)C=C1,SimpleSubst,Random,20,1,1,11,1,0,1,4.502551078796387,3.542161464691162,0.9603896141052246,23,23,0,0,0,1,True,True,True,2,2,True,True,True,IN_TRAIN_RANGE
True,True,0.0,C,S,3008,[*]Oc1ccc(NC(=O)c2ccc(C(=O)Nc3ccc(Oc4ccc(C5(c6ccc([*])cc6)CC6CCC5C6)cc4)cc3)cc2)cc1,*Oc1ccc(NC(=O)c2ccc(C(=O)NC3=CC=S(Oc4ccc(C5(c6ccc(*)cc6)CC6CCC5C6)cc4)C=C3)cc2)cc1,SimpleSubst,Random,20,1,1,11,1,0,1,3.5847268104553223,3.197693347930908,0.38703346252441406,47,47,0,0,0,1,True,True,True,2,2,True,True,True,IN_TRAIN_RANGE
True,False,1.0,C,S,3411,[*]CCCCCCOC(=O)CCC(=O)O[*],*OC(=O)CCC(=O)OCCCCCS*,SimpleSubst,Random,20,1,1,14,1,0,1,6.64481258392334,5.278900623321533,1.3659119606018066,16,16,0,0,0,1,True,True,True,2,2,True,True,True,IN_TRAIN_RANGE
True,False,0.0,C,S,3361,[*]CCCCCCCCCCOC(=O)CCCCCCCCCCC(=O)O[*],*CCCCSCCCCCOC(=O)CCCCCCCCCCC(=O)O*,SimpleSubst,Random,20,1,1,3,1,0,1,6.5158233642578125,5.7331743240356445,0.782649040222168,28,28,0,0,0,1,True,True,True,2,2,True,True,True,IN_TRAIN_RANGE
True,True,0.0,S,O,3084,[*]c1cc(CCCC)c([*])s1,*c1cc(CCCC)c(*)o1,SimpleSubst,Random,20,1,1,3,1,0,1,2.3371214866638184,4.131871223449707,1.7947497367858887,11,11,0,0,0,1,True,True,True,2,2,True,True,True,IN_TRAIN_RANGE
True,True,0.0,C,S,3132,[*]Oc1ccc(C2(c3ccc(OC([*])=O)cc3)CC(C)CC(C)(C)C2)cc1,*OC1=CC=S(C2(c3ccc(OC(*)=O)cc3)CC(C)CC(C)(C)C2)C=C1,SimpleSubst,Random,20,1,1,11,1,0,1,4.636800289154053,3.951591968536377,0.6852083206176758,27,27,0,0,0,1,True,True,True,2,2,True,True,True,IN_TRAIN_RANGE
True,False,0.0,O,S,3430,[*]NC(C([*])=O)C(Cc1ccccc1)c1c[nH]cn1,*NC(C(*)=S)C(Cc1ccccc1)c1c[nH]cn1,SimpleSubst,Random,20,1,1,3,1,0,1,5.042630195617676,4.364584922790527,0.6780452728271484,19,19,0,0,0,1,True,True,True,2,2,True,True,True,IN_TRAIN_RANGE
True,False,1.0,C,N,3167,[*]C(F)C([*])(F)OC(F)(F)F,*N(F)C(*)(F)OC(F)(F)F,Motif,Random,20,1,1,3,1,0,1,7.237398147583008,7.249334335327148,0.011936187744140625,11,11,0,0,0,1,True,True,True,2,2,True,True,True,IN_TRAIN_RANGE
True,False,0.0,C,N,3128,[*]OC(C)CCOC(=O)CCCCC([*])=O,*OC(C)CCOC(=O)CCNCC(*)=O,Motif,Random,20,1,1,3,1,0,1,6.378620147705078,6.015444755554199,0.3631753921508789,16,16,0,0,0,1,True,True,True,2,2,True,True,True,IN_TRAIN_RANGE
False,,,,,3364,[*]Nc1ccc(NC(=O)c2cc(NC(=O)c3ccccc3)cc(C([*])=O)c2)cc1,*Nc1ccc(NC(=O)c2cc(NC(=O)c3ccccc3)cc(C(*)=O)c2)cc1,Motif,Random,20,1,0,2,0,0,0,3.467644691467285,3.467644691467285,0.0,29,29,0,0,0,1,True,True,True,2,2,False,True,False,IN_TRAIN_RANGE
True,False,0.0,C,N,3414,[*]CC1CCC(COC(=O)CCCCC(=O)O[*])CC1,*CC1CCC(COC(=O)CCNCC(=O)O*)CC1,Motif,Random,20,1,1,3,1,0,1,6.599419593811035,6.31326150894165,0.28615808486938477,20,20,0,0,0,1,True,True,True,2,2,True,True,True,IN_TRAIN_RANGE
True,False,1.0,C,N,3539,[*]CC(O[*])C(F)(F)F,*NC(O*)C(F)(F)F,Motif,Random,20,1,1,3,1,0,1,6.81688117980957,6.389995574951172,0.42688560485839844,9,9,0,0,0,1,True,True,True,2,2,True,True,True,IN_TRAIN_RANGE
True,False,0.0,C,O,2958,[*]CCCCCCCNC(=O)CCCCCCCCCCCCCCCCCCC(=O)N[*],*COCCCCCNC(=O)CCCCCCCCCCCCCCCCCCC(=O)N*,Motif,Random,20,1,1,3,1,0,1,5.916501998901367,5.793887615203857,0.12261438369750977,33,33,0,0,0,1,True,True,True,2,2,True,True,True,IN_TRAIN_RANGE
True,False,0.0,C,N,3459,N([*])CC(C)(C)CC(C)CNC(=O)CCCCC(=O)([*]),*NCC(C)(C)CC(C)CNC(=O)CCNCC(*)=O,Motif,Random,20,1,1,10,1,0,1,5.8339996337890625,5.544163703918457,0.28983592987060547,20,20,0,0,0,1,True,True,True,2,2,True,True,True,IN_TRAIN_RANGE
True,False,1.0,C,N,3385,[*]CNOC(S1)=CC=C1[*],*NNOc1ccc(*)s1,Motif,Random,20,1,1,13,1,0,1,3.9756360054016113,3.922891616821289,0.052744388580322266,10,10,0,0,0,1,True,True,True,2,2,True,True,True,IN_TRAIN_RANGE
False,,,,,3281,[*]C(=O)c1ccc2c(c1)C(=O)N(c1ccc(C(=O)Nc3ccc(N4C(=O)c5ccc([*])cc5C4=O)cc3)cc1)C2=O,*C(=O)c1ccc2c(c1)C(=O)N(c1ccc(C(=O)Nc3ccc(N4C(=O)c5ccc(*)cc5C4=O)cc3)cc1)C2=O,Motif,Random,20,1,0,2,0,0,0,2.7069849967956543,2.7069849967956543,0.0,41,41,0,0,0,1,True,True,True,2,2,False,True,False,IN_TRAIN_RANGE
True,False,0.0,C,O,3449,[*]OC(C)CCOC(=O)COCC([*])=O,*OC(C)CCOC(=O)COOC(*)=O,Motif,Random,20,1,1,3,1,0,1,6.135988712310791,6.610485553741455,0.47449684143066406,15,15,0,0,0,1,True,True,True,2,2,True,True,True,IN_TRAIN_RANGE
True,False,0.0,C,N,3350,[*]CCN([*])C(=O)C1CCCCC1,*CCN(*)C(=O)C1CCNCC1,Motif,Random,20,1,1,3,1,0,1,5.892340660095215,5.467172145843506,0.425168514251709,13,13,0,0,0,1,True,True,True,2,2,True,True,True,IN_TRAIN_RANGE
True,False,1.0,C,N,3572,[*]CCCCCCOC(=O)CCCCCCCC(=O)O[*],*NCCCCCOC(=O)CCCCCCCC(=O)O*,Motif,Random,20,1,1,3,1,0,1,6.6545729637146,6.332331657409668,0.32224130630493164,21,21,0,0,0,1,True,True,True,2,2,True,True,True,IN_TRAIN_RANGE
False,,,,,3201,[*]Nc1cccc2c(NC(=O)c3cccc(C([*])=O)c3)cccc12,*Nc1cccc2c(NC(=O)c3cccc(C(*)=O)c3)cccc12,Motif,Random,20,1,0,2,0,0,0,3.4126176834106445,3.4126176834106445,0.0,24,24,0,0,0,1,True,True,True,2,2,False,True,False,IN_TRAIN_RANGE
False,,,,,3453,[*]Oc1ccc2ccc(OC(=O)Oc3ccc(OC([*])=O)cc3)cc2c1,*Oc1ccc2ccc(OC(=O)Oc3ccc(OC(*)=O)cc3)cc2c1,Motif,Random,20,1,0,2,0,0,0,4.041114807128906,4.041114807128906,0.0,26,26,0,0,0,1,True,True,True,2,2,False,True,False,IN_TRAIN_RANGE
False,,,,,3482,[*]C=Cc1cccc(C=Cc2cc([*])nc(-c3ccccc3)n2)c1,*C=Cc1cccc(C=Cc2cc(*)nc(-c3ccccc3)n2)c1,Motif,Random,20,1,0,2,0,0,0,2.9956889152526855,2.9956889152526855,0.0,24,24,0,0,0,1,True,True,True,2,2,False,True,False,IN_TRAIN_RANGE
True,False,0.0,C,O,3381,C(F)(F)CC(F)(F)C(=S),FC(F)OC(F)(F)C=S,Motif,Random,20,1,1,6,1,0,1,3.425586462020874,3.2290115356445312,0.19657492637634277,9,9,0,0,0,1,True,True,True,0,0,True,True,True,IN_TRAIN_RANGE
True,False,1.0,C,N,3422,[*]C=CCCCCCCCCCC[*],*C=CCCCCCCCCCN*,Motif,Random,20,1,1,3,1,0,1,5.851002216339111,5.39551305770874,0.4554891586303711,14,14,0,0,0,1,True,True,True,2,2,True,True,True,IN_TRAIN_RANGE
True,False,0.0,C,N,3176,[*]CCCCCCNC(=O)C(CCCCC)C(=O)N[*],*CCCCCCNC(=O)N(CCCCC)C(=O)N*,Motif,Random,20,1,1,3,1,0,1,5.893464088439941,5.362980842590332,0.5304832458496094,20,20,0,0,0,1,True,True,True,2,2,True,True,True,IN_TRAIN_RANGE
True,False,0.0,C,N,3200,[*]CC([*])OCc1ccccc1,*CC(*)ONc1ccccc1,Motif,Random,20,1,1,3,1,0,1,5.3933587074279785,5.1160149574279785,0.27734375,12,12,0,0,0,1,True,True,True,2,2,True,True,True,IN_TRAIN_RANGE
True,False,0.0,C,N,3427,[*]CCOCCOCCOC(=O)CCCCCCC(=O)O[*],*CCOCCOCCOC(=O)CCCNCCC(=O)O*,Motif,Random,20,1,1,3,1,0,1,6.274569034576416,5.9970550537109375,0.2775139808654785,22,22,0,0,0,1,True,True,True,2,2,True,True,True,IN_TRAIN_RANGE
True,False,0.0,C,O,3258,[*]CCCCCCCCc1nnc(-c2cccc(-c3nnc([*])o3)c2)o1,*CCCCCCCOc1nnc(-c2cccc(-c3nnc(*)o3)c2)o1,Motif,Random,20,1,1,3,1,0,1,4.662410259246826,4.4863715171813965,0.1760387420654297,26,26,0,0,0,1,True,True,True,2,2,True,True,True,IN_TRAIN_RANGE
True,False,0.0,C,O,3295,[*]c1cc(COCCCCCCCCOc2ccc(-c3ccc(OC)cc3)cc2)c([*])s1,*c1cc(OOCCCCCCCCOc2ccc(-c3ccc(OC)cc3)cc2)c(*)s1,Motif,Random,20,1,1,3,1,0,1,2.74383807182312,2.6538538932800293,0.08998417854309082,32,32,0,0,0,1,True,True,True,2,2,True,True,True,IN_TRAIN_RANGE
True,False,0.0,C,N,3471,[*]CNCC(C=C1)=CC=C1[*],*CNNc1ccc(*)cc1,Motif,Random,20,1,1,15,1,0,1,4.566598892211914,4.177389621734619,0.3892092704772949,11,11,0,0,0,1,True,True,True,2,2,True,True,True,IN_TRAIN_RANGE
True,False,1.0,C,N,3537,[*]CCC(C)CC(C)(C)CNC(=O)c1ccc(C(=O)N[*])cc1,*NCC(C)CC(C)(C)CNC(=O)c1ccc(C(=O)N*)cc1,Motif,Random,20,1,1,3,1,0,1,4.502551078796387,4.305747032165527,0.19680404663085938,23,23,0,0,0,1,True,True,True,2,2,True,True,True,IN_TRAIN_RANGE
True,False,0.0,C,O,3008,[*]Oc1ccc(NC(=O)c2ccc(C(=O)Nc3ccc(Oc4ccc(C5(c6ccc([*])cc6)CC6CCC5C6)cc4)cc3)cc2)cc1,*Oc1ccc(NC(=O)c2ccc(C(=O)Nc3ccc(Oc4ccc(C5(c6ccc(*)cc6)OC6CCC5C6)cc4)cc3)cc2)cc1,Motif,Random,20,1,1,3,1,0,1,3.5847268104553223,3.5562119483947754,0.028514862060546875,47,47,0,0,0,1,True,True,True,2,2,True,True,True,IN_TRAIN_RANGE
True,False,1.0,C,N,3411,[*]CCCCCCOC(=O)CCC(=O)O[*],*NCCCCCOC(=O)CCC(=O)O*,Motif,Random,20,1,1,3,1,0,1,6.64481258392334,6.288386344909668,0.3564262390136719,16,16,0,0,0,1,True,True,True,2,2,True,True,True,IN_TRAIN_RANGE
True,False,0.0,C,N,3361,[*]CCCCCCCCCCOC(=O)CCCCCCCCCCC(=O)O[*],*CCCCCCCCCCOC(=O)CCCCNCCCCCC(=O)O*,Motif,Random,20,1,1,3,1,0,1,6.5158233642578125,6.3305134773254395,0.18530988693237305,28,28,0,0,0,1,True,True,True,2,2,True,True,True,IN_TRAIN_RANGE
False,,,,,3084,[*]c1cc(CCCC)c([*])s1,*c1cc(CCCC#N)c(*)s1,Motif,Random,20,1,1,4,0,1,2,2.3371214866638184,2.6480751037597656,0.31095361709594727,11,12,1,1,0,1,True,True,True,2,2,True,True,True,IN_TRAIN_RANGE
True,False,0.0,C,N,3132,[*]Oc1ccc(C2(c3ccc(OC([*])=O)cc3)CC(C)CC(C)(C)C2)cc1,*Oc1ccc(C2(c3ccc(OC(*)=O)cc3)CN(C)CC(C)(C)C2)cc1,Motif,Random,20,1,1,3,1,0,1,4.636800289154053,4.512027263641357,0.12477302551269531,27,27,0,0,0,1,True,True,True,2,2,True,True,True,IN_TRAIN_RANGE
True,False,0.0,C,N,3430,[*]NC(C([*])=O)C(Cc1ccccc1)c1c[nH]cn1,*NC(C(*)=O)N(Cc1ccccc1)c1c[nH]cn1,Motif,Random,20,1,1,3,1,0,1,5.042630195617676,4.383891582489014,0.6587386131286621,19,19,0,0,0,1,True,True,True,2,2,True,True,True,IN_TRAIN_RANGE
True,False,0.0,C,S,3167,[*]C(F)C([*])(F)OC(F)(F)F,*C(F)C(*)(F)OS(F)(F)F,SimpleSubst,Greedy,20,1,1,3,1,0,1,7.237398147583008,7.678802490234375,0.4414043426513672,11,11,0,0,0,1,True,True,True,2,2,True,True,True,IN_TRAIN_RANGE
True,False,1.0,O,S,3128,[*]OC(C)CCOC(=O)CCCCC([*])=O,*SC(C)CCOC(=O)CCCCC(*)=O,SimpleSubst,Greedy,20,1,1,3,1,0,1,6.378620147705078,5.086483955383301,1.2921361923217773,16,16,0,0,0,1,True,True,True,2,2,True,True,True,IN_TRAIN_RANGE
True,True,0.0,C,S,3364,[*]Nc1ccc(NC(=O)c2cc(NC(=O)c3ccccc3)cc(C([*])=O)c2)cc1,*Nc1ccc(NC(=O)C2=CS(NC(=O)c3ccccc3)=CC(C(*)=O)=C2)cc1,SimpleSubst,Greedy,20,1,1,11,1,0,1,3.467644691467285,2.8138253688812256,0.6538193225860596,29,29,0,0,0,1,True,True,True,2,2,True,True,True,IN_TRAIN_RANGE
True,False,1.0,C,S,3414,[*]CC1CCC(COC(=O)CCCCC(=O)O[*])CC1,*OC(=O)CCCCC(=O)OCC1CCC(S*)CC1,SimpleSubst,Greedy,20,1,1,15,1,0,1,6.599419593811035,5.454258441925049,1.1451611518859863,20,20,0,0,0,1,True,True,True,2,2,True,True,True,IN_TRAIN_RANGE
True,False,1.0,O,S,3539,[*]CC(O[*])C(F)(F)F,*CC(S*)C(F)(F)F,SimpleSubst,Greedy,20,1,1,3,1,0,1,6.81688117980957,5.245861530303955,1.5710196495056152,9,9,0,0,0,1,True,True,True,2,2,True,True,True,IN_TRAIN_RANGE
True,False,1.0,C,S,2958,[*]CCCCCCCNC(=O)CCCCCCCCCCCCCCCCCCC(=O)N[*],*NC(=O)CCCCCCCCCCCCCCCCCCC(=O)NCCCCCCS*,SimpleSubst,Greedy,20,1,1,16,1,0,1,5.916501998901367,5.0829291343688965,0.8335728645324707,33,33,0,0,0,1,True,True,True,2,2,True,True,True,IN_TRAIN_RANGE
True,False,0.0,C,S,3459,N([*])CC(C)(C)CC(C)CNC(=O)CCCCC(=O)([*]),*NCC(C)(C)SC(C)CNC(=O)CCCCC(*)=O,SimpleSubst,Greedy,20,1,1,10,1,0,1,5.8339996337890625,5.163974285125732,0.6700253486633301,20,20,0,0,0,1,True,True,True,2,2,True,True,True,IN_TRAIN_RANGE
False,,,,,3385,[*]CNOC(S1)=CC=C1[*],*ONOc1ccc(*)o1,SimpleSubst,Greedy,20,2,2,13,2,0,2,3.9756360054016113,4.751925945281982,0.7762899398803711,10,10,0,0,0,1,True,True,True,2,2,True,True,True,IN_TRAIN_RANGE
True,True,0.0,C,S,3281,[*]C(=O)c1ccc2c(c1)C(=O)N(c1ccc(C(=O)Nc3ccc(N4C(=O)c5ccc([*])cc5C4=O)cc3)cc1)C2=O,*C(=O)c1ccc2c(c1)C(=O)N(S1=CC=C(C(=O)Nc3ccc(N4C(=O)c5ccc(*)cc5C4=O)cc3)C=C1)C2=O,SimpleSubst,Greedy,20,1,1,11,1,0,1,2.7069849967956543,2.36075758934021,0.34622740745544434,41,41,0,0,0,1,True,True,True,2,2,True,True,True,IN_TRAIN_RANGE
True,False,1.0,O,S,3449,[*]OC(C)CCOC(=O)COCC([*])=O,*SC(C)CCOC(=O)COCC(*)=O,SimpleSubst,Greedy,20,1,1,3,1,0,1,6.135988712310791,4.9100871086120605,1.2259016036987305,15,15,0,0,0,1,True,True,True,2,2,True,True,True,IN_TRAIN_RANGE
True,False,0.0,O,S,3350,[*]CCN([*])C(=O)C1CCCCC1,*CCN(*)C(=S)C1CCCCC1,SimpleSubst,Greedy,20,1,1,3,1,0,1,5.892340660095215,4.500042915344238,1.3922977447509766,13,13,0,0,0,1,True,True,True,2,2,True,True,True,IN_TRAIN_RANGE
True,False,1.0,C,S,3572,[*]CCCCCCOC(=O)CCCCCCCC(=O)O[*],*OC(=O)CCCCCCCC(=O)OCCCCCS*,SimpleSubst,Greedy,20,1,1,14,1,0,1,6.6545729637146,5.373991966247559,1.280580997467041,21,21,0,0,0,1,True,True,True,2,2,True,True,True,IN_TRAIN_RANGE
True,True,0.0,C,S,3201,[*]Nc1cccc2c(NC(=O)c3cccc(C([*])=O)c3)cccc12,*NC1=CC=CS2=C1C=CC=C2NC(=O)c1cccc(C(*)=O)c1,SimpleSubst,Greedy,20,1,1,27,1,0,1,3.4126176834106445,2.477482318878174,0.9351353645324707,24,24,0,0,0,1,True,True,True,2,2,True,True,True,IN_TRAIN_RANGE
True,True,0.0,C,S,3453,[*]Oc1ccc2ccc(OC(=O)Oc3ccc(OC([*])=O)cc3)cc2c1,*OC1=CC=S2C=CC(OC(=O)Oc3ccc(OC(*)=O)cc3)=CC2=C1,SimpleSubst,Greedy,20,1,1,17,1,0,1,4.041114807128906,3.141008138656616,0.90010666847229,26,26,0,0,0,1,True,True,True,2,2,True,True,True,IN_TRAIN_RANGE
True,True,0.0,C,S,3482,[*]C=Cc1cccc(C=Cc2cc([*])nc(-c3ccccc3)n2)c1,*C=CC1=CC=CS(C=Cc2cc(*)nc(-c3ccccc3)n2)=C1,SimpleSubst,Greedy,20,1,1,11,1,0,1,2.9956889152526855,2.441037654876709,0.5546512603759766,24,24,0,0,0,1,True,True,True,2,2,True,True,True,IN_TRAIN_RANGE
True,False,0.0,C,S,3381,C(F)(F)CC(F)(F)C(=S),FC(F)CS(F)(F)C=S,SimpleSubst,Greedy,20,1,1,6,1,0,1,3.425586462020874,4.882452964782715,1.4568665027618408,9,9,0,0,0,1,True,True,True,0,0,True,True,True,IN_TRAIN_RANGE
True,False,0.0,C,S,3422,[*]C=CCCCCCCCCCC[*],*C=CCCCCSCCCCC*,SimpleSubst,Greedy,20,1,1,3,1,0,1,5.851002216339111,4.799572467803955,1.0514297485351562,14,14,0,0,0,1,True,True,True,2,2,True,True,True,IN_TRAIN_RANGE
True,False,1.0,C,S,3176,[*]CCCCCCNC(=O)C(CCCCC)C(=O)N[*],*NC(=O)C(CCCCC)C(=O)NCCCCCS*,SimpleSubst,Greedy,20,1,1,14,1,0,1,5.893464088439941,4.7998270988464355,1.0936369895935059,20,20,0,0,0,1,True,True,True,2,2,True,True,True,IN_TRAIN_RANGE
False,,,,,3200,[*]CC([*])OCc1ccccc1,*SC(*)OCS1=CC=CC=C1,SimpleSubst,Greedy,20,2,2,12,2,0,2,5.3933587074279785,3.740267753601074,1.6530909538269043,12,12,0,0,0,1,True,True,True,2,2,True,True,True,IN_TRAIN_RANGE
True,False,1.0,C,S,3427,[*]CCOCCOCCOC(=O)CCCCCCC(=O)O[*],*OC(=O)CCCCCCC(=O)OCCOCCOCS*,SimpleSubst,Greedy,20,1,1,15,1,0,1,6.274569034576416,5.319392204284668,0.955176830291748,22,22,0,0,0,1,True,True,True,2,2,True,True,True,IN_TRAIN_RANGE
True,False,1.0,C,S,3258,[*]CCCCCCCCc1nnc(-c2cccc(-c3nnc([*])o3)c2)o1,*SCCCCCCCc1nnc(-c2cccc(-c3nnc(*)o3)c2)o1,SimpleSubst,Greedy,20,1,1,3,1,0,1,4.662410259246826,4.243435859680176,0.4189743995666504,26,26,0,0,0,1,True,True,True,2,2,True,True,True,IN_TRAIN_RANGE
True,True,0.0,C,S,3295,[*]c1cc(COCCCCCCCCOc2ccc(-c3ccc(OC)cc3)cc2)c([*])s1,*C1=CS(COCCCCCCCCOc2ccc(-c3ccc(OC)cc3)cc2)=C(*)S1,SimpleSubst,Greedy,20,1,1,9,1,0,1,2.74383807182312,3.280900478363037,0.537062406539917,32,32,0,0,0,1,True,True,True,2,2,True,True,True,IN_TRAIN_RANGE
False,,,,,3471,[*]CNCC(C=C1)=CC=C1[*],*NNCS1=CC=C(*)C=C1,SimpleSubst,Greedy,20,2,2,11,2,0,2,4.566598892211914,3.1819658279418945,1.3846330642700195,11,11,0,0,0,1,True,True,True,2,2,True,True,True,IN_TRAIN_RANGE
True,False,1.0,C,S,3537,[*]CCC(C)CC(C)(C)CNC(=O)c1ccc(C(=O)N[*])cc1,*NC(=O)c1ccc(C(=O)NCC(C)(C)CC(C)CS*)cc1,SimpleSubst,Greedy,20,1,1,28,1,0,1,4.502551078796387,4.076391220092773,0.4261598587036133,23,23,0,0,0,1,True,True,True,2,2,True,True,True,IN_TRAIN_RANGE
True,True,0.0,C,S,3008,[*]Oc1ccc(NC(=O)c2ccc(C(=O)Nc3ccc(Oc4ccc(C5(c6ccc([*])cc6)CC6CCC5C6)cc4)cc3)cc2)cc1,*OS1=CC=C(NC(=O)c2ccc(C(=O)Nc3ccc(Oc4ccc(C5(c6ccc(*)cc6)CC6CCC5C6)cc4)cc3)cc2)C=C1,SimpleSubst,Greedy,20,1,1,11,1,0,1,3.5847268104553223,3.2343692779541016,0.3503575325012207,47,47,0,0,0,1,True,True,True,2,2,True,True,True,IN_TRAIN_RANGE
True,False,1.0,C,S,3411,[*]CCCCCCOC(=O)CCC(=O)O[*],*OC(=O)CCC(=O)OCCCCCS*,SimpleSubst,Greedy,20,1,1,14,1,0,1,6.64481258392334,5.278900623321533,1.3659119606018066,16,16,0,0,0,1,True,True,True,2,2,True,True,True,IN_TRAIN_RANGE
True,False,1.0,C,S,3361,[*]CCCCCCCCCCOC(=O)CCCCCCCCCCC(=O)O[*],*OC(=O)CCCCCCCCCCC(=O)OCCCCCCCCCS*,SimpleSubst,Greedy,20,1,1,15,1,0,1,6.5158233642578125,5.448337554931641,1.0674858093261719,28,28,0,0,0,1,True,True,True,2,2,True,True,True,IN_TRAIN_RANGE
False,,,,,3084,[*]c1cc(CCCC)c([*])s1,*c1nc(CCCC)c(*)o1,SimpleSubst,Greedy,20,2,2,4,2,0,2,2.3371214866638184,4.735711574554443,2.398590087890625,11,11,0,0,0,1,True,True,True,2,2,True,True,True,IN_TRAIN_RANGE
True,True,0.0,C,S,3132,[*]Oc1ccc(C2(c3ccc(OC([*])=O)cc3)CC(C)CC(C)(C)C2)cc1,*Oc1ccc(C2(C3=CC=S(OC(*)=O)C=C3)CC(C)CC(C)(C)C2)cc1,SimpleSubst,Greedy,20,1,1,11,1,0,1,4.636800289154053,3.7635433673858643,0.8732569217681885,27,27,0,0,0,1,True,True,True,2,2,True,True,True,IN_TRAIN_RANGE
True,True,0.0,C,S,3430,[*]NC(C([*])=O)C(Cc1ccccc1)c1c[nH]cn1,*NC(C(*)=O)C(CS1=CC=CC=C1)c1c[nH]cn1,SimpleSubst,Greedy,20,1,1,11,1,0,1,5.042630195617676,3.799787759780884,1.242842435836792,19,19,0,0,0,1,True,True,True,2,2,True,True,True,IN_TRAIN_RANGE
True,False,1.0,C,N,3167,[*]C(F)C([*])(F)OC(F)(F)F,*N(F)C(*)(F)OC(F)(F)F,Motif,Greedy,20,1,1,3,1,0,1,7.237398147583008,7.249334335327148,0.011936187744140625,11,11,0,0,0,1,True,True,True,2,2,True,True,True,IN_TRAIN_RANGE
False,,,,,3128,[*]OC(C)CCOC(=O)CCCCC([*])=O,*OC(C)OCOC(=O)CCNCC(*)=O,Motif,Greedy,20,2,2,4,2,0,2,6.378620147705078,5.958078384399414,0.42054176330566406,16,16,0,0,0,1,True,True,True,2,2,True,True,True,IN_TRAIN_RANGE
False,,,,,3364,[*]Nc1ccc(NC(=O)c2cc(NC(=O)c3ccccc3)cc(C([*])=O)c2)cc1,*Nc1ccc(NC(=O)c2cc(NC(=O)c3ccccc3)cc(C(*)=O)c2)cc1,Motif,Greedy,20,1,0,2,0,0,0,3.467644691467285,3.467644691467285,0.0,29,29,0,0,0,1,True,True,True,2,2,False,True,False,IN_TRAIN_RANGE
False,,,,,3414,[*]CC1CCC(COC(=O)CCCCC(=O)O[*])CC1,*CC1CCN(COC(=O)CCCCC(=O)O*)CO1,Motif,Greedy,20,2,2,4,2,0,2,6.599419593811035,6.116020679473877,0.4833989143371582,20,20,0,0,0,1,True,True,True,2,2,True,True,True,IN_TRAIN_RANGE
True,False,1.0,C,N,3539,[*]CC(O[*])C(F)(F)F,*NC(O*)C(F)(F)F,Motif,Greedy,20,1,1,3,1,0,1,6.81688117980957,6.389995574951172,0.42688560485839844,9,9,0,0,0,1,True,True,True,2,2,True,True,True,IN_TRAIN_RANGE
True,False,0.0,C,O,2958,[*]CCCCCCCNC(=O)CCCCCCCCCCCCCCCCCCC(=O)N[*],*COCCCCCNC(=O)CCCCCCCCCCCCCCCCCCC(=O)N*,Motif,Greedy,20,1,1,3,1,0,1,5.916501998901367,5.793887615203857,0.12261438369750977,33,33,0,0,0,1,True,True,True,2,2,True,True,True,IN_TRAIN_RANGE
True,False,0.0,C,N,3459,N([*])CC(C)(C)CC(C)CNC(=O)CCCCC(=O)([*]),*NCC(C)(C)CN(C)CNC(=O)CCCCC(*)=O,Motif,Greedy,20,1,1,10,1,0,1,5.8339996337890625,5.406855583190918,0.42714405059814453,20,20,0,0,0,1,True,True,True,2,2,True,True,True,IN_TRAIN_RANGE
True,False,1.0,C,N,3385,[*]CNOC(S1)=CC=C1[*],*NNOc1ccc(*)s1,Motif,Greedy,20,1,1,13,1,0,1,3.9756360054016113,3.922891616821289,0.052744388580322266,10,10,0,0,0,1,True,True,True,2,2,True,True,True,IN_TRAIN_RANGE
False,,,,,3281,[*]C(=O)c1ccc2c(c1)C(=O)N(c1ccc(C(=O)Nc3ccc(N4C(=O)c5ccc([*])cc5C4=O)cc3)cc1)C2=O,*C(=O)c1ccc2c(c1)C(=O)N(c1ccc(C(=O)Nc3ccc(N4C(=O)c5ccc(*)cc5C4=O)cc3)cc1)C2=O,Motif,Greedy,20,1,0,2,0,0,0,2.7069849967956543,2.7069849967956543,0.0,41,41,0,0,0,1,True,True,True,2,2,False,True,False,IN_TRAIN_RANGE
False,,,,,3449,[*]OC(C)CCOC(=O)COCC([*])=O,*OC(C)CCOC(=O)OOOC(*)=O,Motif,Greedy,20,2,2,4,2,0,2,6.135988712310791,6.842264652252197,0.7062759399414062,15,15,0,0,0,1,True,True,True,2,2,True,True,True,IN_TRAIN_RANGE
False,,,,,3350,[*]CCN([*])C(=O)C1CCCCC1,*NCN(*)C(=O)N1CCCCC1,Motif,Greedy,20,2,2,4,2,0,2,5.892340660095215,5.018467426300049,0.873873233795166,13,13,0,0,0,1,True,True,True,2,2,True,True,True,IN_TRAIN_RANGE
True,False,1.0,C,N,3572,[*]CCCCCCOC(=O)CCCCCCCC(=O)O[*],*NCCCCCOC(=O)CCCCCCCC(=O)O*,Motif,Greedy,20,1,1,3,1,0,1,6.6545729637146,6.332331657409668,0.32224130630493164,21,21,0,0,0,1,True,True,True,2,2,True,True,True,IN_TRAIN_RANGE
False,,,,,3201,[*]Nc1cccc2c(NC(=O)c3cccc(C([*])=O)c3)cccc12,*Nc1cccc2c(NC(=O)c3cccc(C(*)=O)c3)cccc12,Motif,Greedy,20,1,0,2,0,0,0,3.4126176834106445,3.4126176834106445,0.0,24,24,0,0,0,1,True,True,True,2,2,False,True,False,IN_TRAIN_RANGE
False,,,,,3453,[*]Oc1ccc2ccc(OC(=O)Oc3ccc(OC([*])=O)cc3)cc2c1,*Oc1ccc2ccc(OC(=O)Oc3ccc(OC(*)=O)cc3)cc2c1,Motif,Greedy,20,1,0,2,0,0,0,4.041114807128906,4.041114807128906,0.0,26,26,0,0,0,1,True,True,True,2,2,False,True,False,IN_TRAIN_RANGE
False,,,,,3482,[*]C=Cc1cccc(C=Cc2cc([*])nc(-c3ccccc3)n2)c1,*C=Cc1cccc(C=Cc2cc(*)nc(-c3ccccc3)n2)c1,Motif,Greedy,20,1,0,2,0,0,0,2.9956889152526855,2.9956889152526855,0.0,24,24,0,0,0,1,True,True,True,2,2,False,True,False,IN_TRAIN_RANGE
False,,,,,3381,C(F)(F)CC(F)(F)C(=S),FN(F)OC(F)(F)C=S,Motif,Greedy,20,2,2,6,2,0,2,3.425586462020874,3.1728081703186035,0.2527782917022705,9,9,0,0,0,1,True,True,True,0,0,True,True,True,IN_TRAIN_RANGE
True,False,0.0,C,N,3422,[*]C=CCCCCCCCCCC[*],*C=CNCCCCCCCCC*,Motif,Greedy,20,1,1,3,1,0,1,5.851002216339111,5.30336332321167,0.5476388931274414,14,14,0,0,0,1,True,True,True,2,2,True,True,True,IN_TRAIN_RANGE
True,False,0.0,C,N,3176,[*]CCCCCCNC(=O)C(CCCCC)C(=O)N[*],*CCCCCCNC(=O)N(CCCCC)C(=O)N*,Motif,Greedy,20,1,1,3,1,0,1,5.893464088439941,5.362980842590332,0.5304832458496094,20,20,0,0,0,1,True,True,True,2,2,True,True,True,IN_TRAIN_RANGE
False,,,,,3200,[*]CC([*])OCc1ccccc1,*NC(*)ONc1ccccc1,Motif,Greedy,20,2,2,4,2,0,2,5.3933587074279785,4.917847633361816,0.4755110740661621,12,12,0,0,0,1,True,True,True,2,2,True,True,True,IN_TRAIN_RANGE
True,False,0.0,C,N,3427,[*]CCOCCOCCOC(=O)CCCCCCC(=O)O[*],*CCOCCOCCOC(=O)CNCCCCC(=O)O*,Motif,Greedy,20,1,1,3,1,0,1,6.274569034576416,6.014180660247803,0.2603883743286133,22,22,0,0,0,1,True,True,True,2,2,True,True,True,IN_TRAIN_RANGE
False,,,,,3258,[*]CCCCCCCCc1nnc(-c2cccc(-c3nnc([*])o3)c2)o1,*COCCCCCNc1nnc(-c2cccc(-c3nnc(*)o3)c2)o1,Motif,Greedy,20,2,2,4,2,0,2,4.662410259246826,4.380026340484619,0.28238391876220703,26,26,0,0,0,1,True,True,True,2,2,True,True,True,IN_TRAIN_RANGE
True,False,0.0,C,O,3295,[*]c1cc(COCCCCCCCCOc2ccc(-c3ccc(OC)cc3)cc2)c([*])s1,*c1cc(OOCCCCCCCCOc2ccc(-c3ccc(OC)cc3)cc2)c(*)s1,Motif,Greedy,20,1,1,3,1,0,1,2.74383807182312,2.6538538932800293,0.08998417854309082,32,32,0,0,0,1,True,True,True,2,2,True,True,True,IN_TRAIN_RANGE
False,,,,,3471,[*]CNCC(C=C1)=CC=C1[*],*NNNc1ccc(*)cc1,Motif,Greedy,20,2,2,16,2,0,2,4.566598892211914,4.100424289703369,0.4661746025085449,11,11,0,0,0,1,True,True,True,2,2,True,True,True,IN_TRAIN_RANGE
True,False,1.0,C,N,3537,[*]CCC(C)CC(C)(C)CNC(=O)c1ccc(C(=O)N[*])cc1,*NCC(C)CC(C)(C)CNC(=O)c1ccc(C(=O)N*)cc1,Motif,Greedy,20,1,1,3,1,0,1,4.502551078796387,4.305747032165527,0.19680404663085938,23,23,0,0,0,1,True,True,True,2,2,True,True,True,IN_TRAIN_RANGE
False,,,,,3008,[*]Oc1ccc(NC(=O)c2ccc(C(=O)Nc3ccc(Oc4ccc(C5(c6ccc([*])cc6)CC6CCC5C6)cc4)cc3)cc2)cc1,*Oc1ccc(NC(=O)c2ccc(C(=O)Nc3ccc(Oc4ccc(C5(c6ccc(*)cc6)OC6CON5C6)cc4)cc3)cc2)cc1,Motif,Greedy,20,3,3,5,3,0,3,3.5847268104553223,3.5276944637298584,0.05703234672546387,47,47,0,0,0,1,True,True,True,2,2,True,True,True,IN_TRAIN_RANGE
False,,,,,3411,[*]CCCCCCOC(=O)CCC(=O)O[*],*COCNCCOC(=O)CCC(=O)O*,Motif,Greedy,20,2,2,4,2,0,2,6.64481258392334,6.081707000732422,0.563105583190918,16,16,0,0,0,1,True,True,True,2,2,True,True,True,IN_TRAIN_RANGE
True,False,0.0,C,O,3361,[*]CCCCCCCCCCOC(=O)CCCCCCCCCCC(=O)O[*],*COCCCCCCCCOC(=O)CCCCCCCCCCC(=O)O*,Motif,Greedy,20,1,1,3,1,0,1,6.5158233642578125,6.379842758178711,0.13598060607910156,28,28,0,0,0,1,True,True,True,2,2,True,True,True,IN_TRAIN_RANGE
False,,,,,3084,[*]c1cc(CCCC)c([*])s1,*c1cc(CNCC#N)c(*)s1,Motif,Greedy,20,2,2,5,1,1,3,2.3371214866638184,2.771653890609741,0.43453240394592285,11,12,1,1,0,1,True,True,True,2,2,True,True,True,IN_TRAIN_RANGE
True,False,0.0,C,N,3132,[*]Oc1ccc(C2(c3ccc(OC([*])=O)cc3)CC(C)CC(C)(C)C2)cc1,*Oc1ccc(C2(c3ccc(OC(*)=O)cc3)CN(C)CC(C)(C)C2)cc1,Motif,Greedy,20,1,1,3,1,0,1,4.636800289154053,4.512027263641357,0.12477302551269531,27,27,0,0,0,1,True,True,True,2,2,True,True,True,IN_TRAIN_RANGE
False,,,,,3430,[*]NC(C([*])=O)C(Cc1ccccc1)c1c[nH]cn1,*NN(C(*)=O)N(Nc1ccccc1)c1c[nH]cn1,Motif,Greedy,20,3,3,5,3,0,3,5.042630195617676,3.769390344619751,1.2732398509979248,19,19,0,0,0,1,True,True,True,2,2,True,True,True,IN_TRAIN_RANGE
True,False,0.0,C,S,3167,[*]C(F)C([*])(F)OC(F)(F)F,*C(F)C(*)(F)OS(F)(F)F,SimpleSubst,Evolutionary,20,1,1,3,1,0,1,7.237398147583008,7.678802490234375,0.4414043426513672,11,11,0,0,0,1,True,True,True,2,2,True,True,True,IN_TRAIN_RANGE
True,False,1.0,O,S,3128,[*]OC(C)CCOC(=O)CCCCC([*])=O,*SC(C)CCOC(=O)CCCCC(*)=O,SimpleSubst,Evolutionary,20,1,1,3,1,0,1,6.378620147705078,5.086483955383301,1.2921361923217773,16,16,0,0,0,1,True,True,True,2,2,True,True,True,IN_TRAIN_RANGE
True,True,0.0,C,S,3364,[*]Nc1ccc(NC(=O)c2cc(NC(=O)c3ccccc3)cc(C([*])=O)c2)cc1,*Nc1ccc(NC(=O)C2=CS(NC(=O)c3ccccc3)=CC(C(*)=O)=C2)cc1,SimpleSubst,Evolutionary,20,1,1,11,1,0,1,3.467644691467285,2.8138253688812256,0.6538193225860596,29,29,0,0,0,1,True,True,True,2,2,True,True,True,IN_TRAIN_RANGE
True,False,1.0,C,S,3414,[*]CC1CCC(COC(=O)CCCCC(=O)O[*])CC1,*OC(=O)CCCCC(=O)OCC1CCC(S*)CC1,SimpleSubst,Evolutionary,20,1,1,15,1,0,1,6.599419593811035,5.454258441925049,1.1451611518859863,20,20,0,0,0,1,True,True,True,2,2,True,True,True,IN_TRAIN_RANGE
False,,,,,3539,[*]CC(O[*])C(F)(F)F,*SC(S*)C(F)(F)F,SimpleSubst,Evolutionary,20,2,2,4,2,0,2,6.81688117980957,4.82237434387207,1.9945068359375,9,9,0,0,0,1,True,True,True,2,2,True,True,True,IN_TRAIN_RANGE
True,False,1.0,C,S,2958,[*]CCCCCCCNC(=O)CCCCCCCCCCCCCCCCCCC(=O)N[*],*NC(=O)CCCCCCCCCCCCCCCCCCC(=O)NCCCCCCS*,SimpleSubst,Evolutionary,20,1,1,16,1,0,1,5.916501998901367,5.0829291343688965,0.8335728645324707,33,33,0,0,0,1,True,True,True,2,2,True,True,True,IN_TRAIN_RANGE
True,False,0.0,C,S,3459,N([*])CC(C)(C)CC(C)CNC(=O)CCCCC(=O)([*]),*NCC(C)(C)SC(C)CNC(=O)CCCCC(*)=O,SimpleSubst,Evolutionary,20,1,1,10,1,0,1,5.8339996337890625,5.163974285125732,0.6700253486633301,20,20,0,0,0,1,True,True,True,2,2,True,True,True,IN_TRAIN_RANGE
False,,,,,3385,[*]CNOC(S1)=CC=C1[*],*ONOc1ccc(*)o1,SimpleSubst,Evolutionary,20,2,2,13,2,0,2,3.9756360054016113,4.751925945281982,0.7762899398803711,10,10,0,0,0,1,True,True,True,2,2,True,True,True,IN_TRAIN_RANGE
True,True,0.0,C,S,3281,[*]C(=O)c1ccc2c(c1)C(=O)N(c1ccc(C(=O)Nc3ccc(N4C(=O)c5ccc([*])cc5C4=O)cc3)cc1)C2=O,*C(=O)c1ccc2c(c1)C(=O)N(S1=CC=C(C(=O)Nc3ccc(N4C(=O)c5ccc(*)cc5C4=O)cc3)C=C1)C2=O,SimpleSubst,Evolutionary,20,1,1,11,1,0,1,2.7069849967956543,2.36075758934021,0.34622740745544434,41,41,0,0,0,1,True,True,True,2,2,True,True,True,IN_TRAIN_RANGE
True,False,1.0,O,S,3449,[*]OC(C)CCOC(=O)COCC([*])=O,*SC(C)CCOC(=O)COCC(*)=O,SimpleSubst,Evolutionary,20,1,1,3,1,0,1,6.135988712310791,4.9100871086120605,1.2259016036987305,15,15,0,0,0,1,True,True,True,2,2,True,True,True,IN_TRAIN_RANGE
True,False,0.0,O,S,3350,[*]CCN([*])C(=O)C1CCCCC1,*CCN(*)C(=S)C1CCCCC1,SimpleSubst,Evolutionary,20,1,1,3,1,0,1,5.892340660095215,4.500042915344238,1.3922977447509766,13,13,0,0,0,1,True,True,True,2,2,True,True,True,IN_TRAIN_RANGE
True,False,1.0,C,S,3572,[*]CCCCCCOC(=O)CCCCCCCC(=O)O[*],*OC(=O)CCCCCCCC(=O)OCCCCCS*,SimpleSubst,Evolutionary,20,1,1,14,1,0,1,6.6545729637146,5.373991966247559,1.280580997467041,21,21,0,0,0,1,True,True,True,2,2,True,True,True,IN_TRAIN_RANGE
True,True,0.0,C,S,3201,[*]Nc1cccc2c(NC(=O)c3cccc(C([*])=O)c3)cccc12,*NC1=CC=CS2=C1C=CC=C2NC(=O)c1cccc(C(*)=O)c1,SimpleSubst,Evolutionary,20,1,1,27,1,0,1,3.4126176834106445,2.477482318878174,0.9351353645324707,24,24,0,0,0,1,True,True,True,2,2,True,True,True,IN_TRAIN_RANGE
True,True,0.0,C,S,3453,[*]Oc1ccc2ccc(OC(=O)Oc3ccc(OC([*])=O)cc3)cc2c1,*OC1=CC=S2C=CC(OC(=O)Oc3ccc(OC(*)=O)cc3)=CC2=C1,SimpleSubst,Evolutionary,20,1,1,17,1,0,1,4.041114807128906,3.141008138656616,0.90010666847229,26,26,0,0,0,1,True,True,True,2,2,True,True,True,IN_TRAIN_RANGE
True,True,0.0,C,S,3482,[*]C=Cc1cccc(C=Cc2cc([*])nc(-c3ccccc3)n2)c1,*C=CC1=CC=CS(C=Cc2cc(*)nc(-c3ccccc3)n2)=C1,SimpleSubst,Evolutionary,20,1,1,11,1,0,1,2.9956889152526855,2.441037654876709,0.5546512603759766,24,24,0,0,0,1,True,True,True,2,2,True,True,True,IN_TRAIN_RANGE
True,False,0.0,S,O,3381,C(F)(F)CC(F)(F)C(=S),O=CC(F)(F)CC(F)F,SimpleSubst,Evolutionary,20,1,1,10,1,0,1,3.425586462020874,5.946432590484619,2.520846128463745,9,9,0,0,0,1,True,True,True,0,0,True,True,True,IN_TRAIN_RANGE
True,False,0.0,C,S,3422,[*]C=CCCCCCCCCCC[*],*C=CCCCCSCCCCC*,SimpleSubst,Evolutionary,20,1,1,3,1,0,1,5.851002216339111,4.799572467803955,1.0514297485351562,14,14,0,0,0,1,True,True,True,2,2,True,True,True,IN_TRAIN_RANGE
True,False,1.0,C,S,3176,[*]CCCCCCNC(=O)C(CCCCC)C(=O)N[*],*NC(=O)C(CCCCC)C(=O)NCCCCCS*,SimpleSubst,Evolutionary,20,1,1,14,1,0,1,5.893464088439941,4.7998270988464355,1.0936369895935059,20,20,0,0,0,1,True,True,True,2,2,True,True,True,IN_TRAIN_RANGE
False,,,,,3200,[*]CC([*])OCc1ccccc1,*SC(*)OCS1=CC=CC=C1,SimpleSubst,Evolutionary,20,2,2,12,2,0,2,5.3933587074279785,3.740267753601074,1.6530909538269043,12,12,0,0,0,1,True,True,True,2,2,True,True,True,IN_TRAIN_RANGE
True,False,1.0,C,S,3427,[*]CCOCCOCCOC(=O)CCCCCCC(=O)O[*],*OC(=O)CCCCCCC(=O)OCCOCCOCS*,SimpleSubst,Evolutionary,20,1,1,15,1,0,1,6.274569034576416,5.319392204284668,0.955176830291748,22,22,0,0,0,1,True,True,True,2,2,True,True,True,IN_TRAIN_RANGE
True,False,1.0,C,S,3258,[*]CCCCCCCCc1nnc(-c2cccc(-c3nnc([*])o3)c2)o1,*SCCCCCCCc1nnc(-c2cccc(-c3nnc(*)o3)c2)o1,SimpleSubst,Evolutionary,20,1,1,3,1,0,1,4.662410259246826,4.243435859680176,0.4189743995666504,26,26,0,0,0,1,True,True,True,2,2,True,True,True,IN_TRAIN_RANGE
True,True,0.0,C,S,3295,[*]c1cc(COCCCCCCCCOc2ccc(-c3ccc(OC)cc3)cc2)c([*])s1,*C1=CS(COCCCCCCCCOc2ccc(-c3ccc(OC)cc3)cc2)=C(*)S1,SimpleSubst,Evolutionary,20,1,1,9,1,0,1,2.74383807182312,3.280900478363037,0.537062406539917,32,32,0,0,0,1,True,True,True,2,2,True,True,True,IN_TRAIN_RANGE
False,,,,,3471,[*]CNCC(C=C1)=CC=C1[*],*NNCS1=CC=C(*)C=C1,SimpleSubst,Evolutionary,20,2,2,11,2,0,2,4.566598892211914,3.1819658279418945,1.3846330642700195,11,11,0,0,0,1,True,True,True,2,2,True,True,True,IN_TRAIN_RANGE
True,False,1.0,C,S,3537,[*]CCC(C)CC(C)(C)CNC(=O)c1ccc(C(=O)N[*])cc1,*NC(=O)c1ccc(C(=O)NCC(C)(C)CC(C)CS*)cc1,SimpleSubst,Evolutionary,20,1,1,28,1,0,1,4.502551078796387,4.076391220092773,0.4261598587036133,23,23,0,0,0,1,True,True,True,2,2,True,True,True,IN_TRAIN_RANGE
True,True,0.0,C,S,3008,[*]Oc1ccc(NC(=O)c2ccc(C(=O)Nc3ccc(Oc4ccc(C5(c6ccc([*])cc6)CC6CCC5C6)cc4)cc3)cc2)cc1,*OS1=CC=C(NC(=O)c2ccc(C(=O)Nc3ccc(Oc4ccc(C5(c6ccc(*)cc6)CC6CCC5C6)cc4)cc3)cc2)C=C1,SimpleSubst,Evolutionary,20,1,1,11,1,0,1,3.5847268104553223,3.2343692779541016,0.3503575325012207,47,47,0,0,0,1,True,True,True,2,2,True,True,True,IN_TRAIN_RANGE
True,False,1.0,C,S,3411,[*]CCCCCCOC(=O)CCC(=O)O[*],*OC(=O)CCC(=O)OCCCCCS*,SimpleSubst,Evolutionary,20,1,1,14,1,0,1,6.64481258392334,5.278900623321533,1.3659119606018066,16,16,0,0,0,1,True,True,True,2,2,True,True,True,IN_TRAIN_RANGE
True,False,1.0,C,S,3361,[*]CCCCCCCCCCOC(=O)CCCCCCCCCCC(=O)O[*],*OC(=O)CCCCCCCCCCC(=O)OCCCCCCCCCS*,SimpleSubst,Evolutionary,20,1,1,15,1,0,1,6.5158233642578125,5.448337554931641,1.0674858093261719,28,28,0,0,0,1,True,True,True,2,2,True,True,True,IN_TRAIN_RANGE
False,,,,,3084,[*]c1cc(CCCC)c([*])s1,*c1nc(CCCC)c(*)o1,SimpleSubst,Evolutionary,20,2,2,4,2,0,2,2.3371214866638184,4.735711574554443,2.398590087890625,11,11,0,0,0,1,True,True,True,2,2,True,True,True,IN_TRAIN_RANGE
True,True,0.0,C,S,3132,[*]Oc1ccc(C2(c3ccc(OC([*])=O)cc3)CC(C)CC(C)(C)C2)cc1,*Oc1ccc(C2(C3=CC=S(OC(*)=O)C=C3)CC(C)CC(C)(C)C2)cc1,SimpleSubst,Evolutionary,20,1,1,11,1,0,1,4.636800289154053,3.7635433673858643,0.8732569217681885,27,27,0,0,0,1,True,True,True,2,2,True,True,True,IN_TRAIN_RANGE
True,True,0.0,C,S,3430,[*]NC(C([*])=O)C(Cc1ccccc1)c1c[nH]cn1,*NC(C(*)=O)C(CS1=CC=CC=C1)c1c[nH]cn1,SimpleSubst,Evolutionary,20,1,1,11,1,0,1,5.042630195617676,3.799787759780884,1.242842435836792,19,19,0,0,0,1,True,True,True,2,2,True,True,True,IN_TRAIN_RANGE
True,False,1.0,C,N,3167,[*]C(F)C([*])(F)OC(F)(F)F,*N(F)C(*)(F)OC(F)(F)F,Motif,Evolutionary,20,1,1,3,1,0,1,7.237398147583008,7.249334335327148,0.011936187744140625,11,11,0,0,0,1,True,True,True,2,2,True,True,True,IN_TRAIN_RANGE
False,,,,,3128,[*]OC(C)CCOC(=O)CCCCC([*])=O,*OC(C)OCOC(=O)CCNCC(*)=O,Motif,Evolutionary,20,2,2,4,2,0,2,6.378620147705078,5.958078384399414,0.42054176330566406,16,16,0,0,0,1,True,True,True,2,2,True,True,True,IN_TRAIN_RANGE
False,,,,,3364,[*]Nc1ccc(NC(=O)c2cc(NC(=O)c3ccccc3)cc(C([*])=O)c2)cc1,*Nc1ccc(NC(=O)c2cc(NC(=O)c3ccccc3)cc(C(*)=O)c2)cc1,Motif,Evolutionary,20,1,0,2,0,0,0,3.467644691467285,3.467644691467285,0.0,29,29,0,0,0,1,True,True,True,2,2,False,True,False,IN_TRAIN_RANGE
False,,,,,3414,[*]CC1CCC(COC(=O)CCCCC(=O)O[*])CC1,*CC1CCN(COC(=O)CCCCC(=O)O*)CO1,Motif,Evolutionary,20,2,2,4,2,0,2,6.599419593811035,6.116020679473877,0.4833989143371582,20,20,0,0,0,1,True,True,True,2,2,True,True,True,IN_TRAIN_RANGE
True,False,1.0,C,N,3539,[*]CC(O[*])C(F)(F)F,*NC(O*)C(F)(F)F,Motif,Evolutionary,20,1,1,3,1,0,1,6.81688117980957,6.389995574951172,0.42688560485839844,9,9,0,0,0,1,True,True,True,2,2,True,True,True,IN_TRAIN_RANGE
True,False,0.0,C,O,2958,[*]CCCCCCCNC(=O)CCCCCCCCCCCCCCCCCCC(=O)N[*],*COCCCCCNC(=O)CCCCCCCCCCCCCCCCCCC(=O)N*,Motif,Evolutionary,20,1,1,3,1,0,1,5.916501998901367,5.793887615203857,0.12261438369750977,33,33,0,0,0,1,True,True,True,2,2,True,True,True,IN_TRAIN_RANGE
True,False,0.0,C,N,3459,N([*])CC(C)(C)CC(C)CNC(=O)CCCCC(=O)([*]),*NCC(C)(C)CN(C)CNC(=O)CCCCC(*)=O,Motif,Evolutionary,20,1,1,10,1,0,1,5.8339996337890625,5.406855583190918,0.42714405059814453,20,20,0,0,0,1,True,True,True,2,2,True,True,True,IN_TRAIN_RANGE
True,False,1.0,C,N,3385,[*]CNOC(S1)=CC=C1[*],*NNOc1ccc(*)s1,Motif,Evolutionary,20,1,1,13,1,0,1,3.9756360054016113,3.922891616821289,0.052744388580322266,10,10,0,0,0,1,True,True,True,2,2,True,True,True,IN_TRAIN_RANGE
False,,,,,3281,[*]C(=O)c1ccc2c(c1)C(=O)N(c1ccc(C(=O)Nc3ccc(N4C(=O)c5ccc([*])cc5C4=O)cc3)cc1)C2=O,*C(=O)c1ccc2c(c1)C(=O)N(c1ccc(C(=O)Nc3ccc(N4C(=O)c5ccc(*)cc5C4=O)cc3)cc1)C2=O,Motif,Evolutionary,20,1,0,2,0,0,0,2.7069849967956543,2.7069849967956543,0.0,41,41,0,0,0,1,True,True,True,2,2,False,True,False,IN_TRAIN_RANGE
False,,,,,3449,[*]OC(C)CCOC(=O)COCC([*])=O,*OC(C)CCOC(=O)OOOC(*)=O,Motif,Evolutionary,20,2,2,4,2,0,2,6.135988712310791,6.842264652252197,0.7062759399414062,15,15,0,0,0,1,True,True,True,2,2,True,True,True,IN_TRAIN_RANGE
False,,,,,3350,[*]CCN([*])C(=O)C1CCCCC1,*NCN(*)C(=O)N1CCCCC1,Motif,Evolutionary,20,2,2,4,2,0,2,5.892340660095215,5.018467426300049,0.873873233795166,13,13,0,0,0,1,True,True,True,2,2,True,True,True,IN_TRAIN_RANGE
True,False,1.0,C,N,3572,[*]CCCCCCOC(=O)CCCCCCCC(=O)O[*],*NCCCCCOC(=O)CCCCCCCC(=O)O*,Motif,Evolutionary,20,1,1,3,1,0,1,6.6545729637146,6.332331657409668,0.32224130630493164,21,21,0,0,0,1,True,True,True,2,2,True,True,True,IN_TRAIN_RANGE
False,,,,,3201,[*]Nc1cccc2c(NC(=O)c3cccc(C([*])=O)c3)cccc12,*Nc1cccc2c(NC(=O)c3cccc(C(*)=O)c3)cccc12,Motif,Evolutionary,20,1,0,2,0,0,0,3.4126176834106445,3.4126176834106445,0.0,24,24,0,0,0,1,True,True,True,2,2,False,True,False,IN_TRAIN_RANGE
False,,,,,3453,[*]Oc1ccc2ccc(OC(=O)Oc3ccc(OC([*])=O)cc3)cc2c1,*Oc1ccc2ccc(OC(=O)Oc3ccc(OC(*)=O)cc3)cc2c1,Motif,Evolutionary,20,1,0,2,0,0,0,4.041114807128906,4.041114807128906,0.0,26,26,0,0,0,1,True,True,True,2,2,False,True,False,IN_TRAIN_RANGE
False,,,,,3482,[*]C=Cc1cccc(C=Cc2cc([*])nc(-c3ccccc3)n2)c1,*C=Cc1cccc(C=Cc2cc(*)nc(-c3ccccc3)n2)c1,Motif,Evolutionary,20,1,0,2,0,0,0,2.9956889152526855,2.9956889152526855,0.0,24,24,0,0,0,1,True,True,True,2,2,False,True,False,IN_TRAIN_RANGE
False,,,,,3381,C(F)(F)CC(F)(F)C(=S),FN(F)OC(F)(F)C=S,Motif,Evolutionary,20,2,2,6,2,0,2,3.425586462020874,3.1728081703186035,0.2527782917022705,9,9,0,0,0,1,True,True,True,0,0,True,True,True,IN_TRAIN_RANGE
True,False,0.0,C,N,3422,[*]C=CCCCCCCCCCC[*],*C=CNCCCCCCCCC*,Motif,Evolutionary,20,1,1,3,1,0,1,5.851002216339111,5.30336332321167,0.5476388931274414,14,14,0,0,0,1,True,True,True,2,2,True,True,True,IN_TRAIN_RANGE
True,False,0.0,C,N,3176,[*]CCCCCCNC(=O)C(CCCCC)C(=O)N[*],*CCCCCCNC(=O)N(CCCCC)C(=O)N*,Motif,Evolutionary,20,1,1,3,1,0,1,5.893464088439941,5.362980842590332,0.5304832458496094,20,20,0,0,0,1,True,True,True,2,2,True,True,True,IN_TRAIN_RANGE
False,,,,,3200,[*]CC([*])OCc1ccccc1,*NC(*)ONc1ccccc1,Motif,Evolutionary,20,2,2,4,2,0,2,5.3933587074279785,4.917847633361816,0.4755110740661621,12,12,0,0,0,1,True,True,True,2,2,True,True,True,IN_TRAIN_RANGE
True,False,0.0,C,N,3427,[*]CCOCCOCCOC(=O)CCCCCCC(=O)O[*],*CCOCCOCCOC(=O)CNCCCCC(=O)O*,Motif,Evolutionary,20,1,1,3,1,0,1,6.274569034576416,6.014180660247803,0.2603883743286133,22,22,0,0,0,1,True,True,True,2,2,True,True,True,IN_TRAIN_RANGE
False,,,,,3258,[*]CCCCCCCCc1nnc(-c2cccc(-c3nnc([*])o3)c2)o1,*COCCCCCNc1nnc(-c2cccc(-c3nnc(*)o3)c2)o1,Motif,Evolutionary,20,2,2,4,2,0,2,4.662410259246826,4.380026340484619,0.28238391876220703,26,26,0,0,0,1,True,True,True,2,2,True,True,True,IN_TRAIN_RANGE
True,False,0.0,C,O,3295,[*]c1cc(COCCCCCCCCOc2ccc(-c3ccc(OC)cc3)cc2)c([*])s1,*c1cc(OOCCCCCCCCOc2ccc(-c3ccc(OC)cc3)cc2)c(*)s1,Motif,Evolutionary,20,1,1,3,1,0,1,2.74383807182312,2.6538538932800293,0.08998417854309082,32,32,0,0,0,1,True,True,True,2,2,True,True,True,IN_TRAIN_RANGE
False,,,,,3471,[*]CNCC(C=C1)=CC=C1[*],*NNNc1ccc(*)cc1,Motif,Evolutionary,20,2,2,16,2,0,2,4.566598892211914,4.100424289703369,0.4661746025085449,11,11,0,0,0,1,True,True,True,2,2,True,True,True,IN_TRAIN_RANGE
True,False,1.0,C,N,3537,[*]CCC(C)CC(C)(C)CNC(=O)c1ccc(C(=O)N[*])cc1,*NCC(C)CC(C)(C)CNC(=O)c1ccc(C(=O)N*)cc1,Motif,Evolutionary,20,1,1,3,1,0,1,4.502551078796387,4.305747032165527,0.19680404663085938,23,23,0,0,0,1,True,True,True,2,2,True,True,True,IN_TRAIN_RANGE
False,,,,,3008,[*]Oc1ccc(NC(=O)c2ccc(C(=O)Nc3ccc(Oc4ccc(C5(c6ccc([*])cc6)CC6CCC5C6)cc4)cc3)cc2)cc1,*Oc1ccc(NC(=O)c2ccc(C(=O)Nc3ccc(Oc4ccc(C5(c6ccc(*)cc6)OC6CCN5C6)cc4)cc3)cc2)cc1,Motif,Evolutionary,20,2,2,4,2,0,2,3.5847268104553223,3.530512809753418,0.0542140007019043,47,47,0,0,0,1,True,True,True,2,2,True,True,True,IN_TRAIN_RANGE
False,,,,,3411,[*]CCCCCCOC(=O)CCC(=O)O[*],*COCNCCOC(=O)CCC(=O)O*,Motif,Evolutionary,20,2,2,4,2,0,2,6.64481258392334,6.081707000732422,0.563105583190918,16,16,0,0,0,1,True,True,True,2,2,True,True,True,IN_TRAIN_RANGE
True,False,0.0,C,O,3361,[*]CCCCCCCCCCOC(=O)CCCCCCCCCCC(=O)O[*],*COCCCCCCCCOC(=O)CCCCCCCCCCC(=O)O*,Motif,Evolutionary,20,1,1,3,1,0,1,6.5158233642578125,6.379842758178711,0.13598060607910156,28,28,0,0,0,1,True,True,True,2,2,True,True,True,IN_TRAIN_RANGE
False,,,,,3084,[*]c1cc(CCCC)c([*])s1,*c1cc(CNCC#N)c(*)s1,Motif,Evolutionary,20,2,2,5,1,1,3,2.3371214866638184,2.771653890609741,0.43453240394592285,11,12,1,1,0,1,True,True,True,2,2,True,True,True,IN_TRAIN_RANGE
True,False,0.0,C,N,3132,[*]Oc1ccc(C2(c3ccc(OC([*])=O)cc3)CC(C)CC(C)(C)C2)cc1,*Oc1ccc(C2(c3ccc(OC(*)=O)cc3)CN(C)CC(C)(C)C2)cc1,Motif,Evolutionary,20,1,1,3,1,0,1,4.636800289154053,4.512027263641357,0.12477302551269531,27,27,0,0,0,1,True,True,True,2,2,True,True,True,IN_TRAIN_RANGE
False,,,,,3430,[*]NC(C([*])=O)C(Cc1ccccc1)c1c[nH]cn1,*NN(C(*)=O)N(Nc1ccccc1)c1c[nH]cn1,Motif,Evolutionary,20,3,3,5,3,0,3,5.042630195617676,3.769390344619751,1.2732398509979248,19,19,0,0,0,1,True,True,True,2,2,True,True,True,IN_TRAIN_RANGE
True,False,0.0,C,S,3167,[*]C(F)C([*])(F)OC(F)(F)F,*C(F)C(*)(F)OS(F)(F)F,SimpleSubst,Random,50,1,1,3,1,0,1,7.237398147583008,7.678802490234375,0.4414043426513672,11,11,0,0,0,1,True,True,True,2,2,True,True,True,IN_TRAIN_RANGE
True,False,1.0,O,S,3128,[*]OC(C)CCOC(=O)CCCCC([*])=O,*SC(C)CCOC(=O)CCCCC(*)=O,SimpleSubst,Random,50,1,1,3,1,0,1,6.378620147705078,5.086483955383301,1.2921361923217773,16,16,0,0,0,1,True,True,True,2,2,True,True,True,IN_TRAIN_RANGE
True,True,0.0,C,S,3364,[*]Nc1ccc(NC(=O)c2cc(NC(=O)c3ccccc3)cc(C([*])=O)c2)cc1,*Nc1ccc(NC(=O)C2=CS(NC(=O)c3ccccc3)=CC(C(*)=O)=C2)cc1,SimpleSubst,Random,50,1,1,11,1,0,1,3.467644691467285,2.8138253688812256,0.6538193225860596,29,29,0,0,0,1,True,True,True,2,2,True,True,True,IN_TRAIN_RANGE
True,False,1.0,C,S,3414,[*]CC1CCC(COC(=O)CCCCC(=O)O[*])CC1,*OC(=O)CCCCC(=O)OCC1CCC(S*)CC1,SimpleSubst,Random,50,1,1,15,1,0,1,6.599419593811035,5.454258441925049,1.1451611518859863,20,20,0,0,0,1,True,True,True,2,2,True,True,True,IN_TRAIN_RANGE
True,False,1.0,O,S,3539,[*]CC(O[*])C(F)(F)F,*CC(S*)C(F)(F)F,SimpleSubst,Random,50,1,1,3,1,0,1,6.81688117980957,5.245861530303955,1.5710196495056152,9,9,0,0,0,1,True,True,True,2,2,True,True,True,IN_TRAIN_RANGE
True,False,0.0,C,S,2958,[*]CCCCCCCNC(=O)CCCCCCCCCCCCCCCCCCC(=O)N[*],*CSCCCCCNC(=O)CCCCCCCCCCCCCCCCCCC(=O)N*,SimpleSubst,Random,50,1,1,3,1,0,1,5.916501998901367,5.326236724853516,0.5902652740478516,33,33,0,0,0,1,True,True,True,2,2,True,True,True,IN_TRAIN_RANGE
True,False,0.0,C,S,3459,N([*])CC(C)(C)CC(C)CNC(=O)CCCCC(=O)([*]),*NCC(C)(C)SC(C)CNC(=O)CCCCC(*)=O,SimpleSubst,Random,50,1,1,10,1,0,1,5.8339996337890625,5.163974285125732,0.6700253486633301,20,20,0,0,0,1,True,True,True,2,2,True,True,True,IN_TRAIN_RANGE
True,True,0.0,S,O,3385,[*]CNOC(S1)=CC=C1[*],*CNOc1ccc(*)o1,SimpleSubst,Random,50,1,1,12,1,0,1,3.9756360054016113,4.571956157684326,0.5963201522827148,10,10,0,0,0,1,True,True,True,2,2,True,True,True,IN_TRAIN_RANGE
True,True,0.0,C,S,3281,[*]C(=O)c1ccc2c(c1)C(=O)N(c1ccc(C(=O)Nc3ccc(N4C(=O)c5ccc([*])cc5C4=O)cc3)cc1)C2=O,*C(=O)c1ccc2c(c1)C(=O)N(c1ccc(C(=O)NS3=CC=C(N4C(=O)c5ccc(*)cc5C4=O)C=C3)cc1)C2=O,SimpleSubst,Random,50,1,1,11,1,0,1,2.7069849967956543,2.325014352798462,0.3819706439971924,41,41,0,0,0,1,True,True,True,2,2,True,True,True,IN_TRAIN_RANGE
True,False,0.0,O,S,3449,[*]OC(C)CCOC(=O)COCC([*])=O,*OC(C)CCOC(=O)COCC(*)=S,SimpleSubst,Random,50,1,1,3,1,0,1,6.135988712310791,4.859877586364746,1.276111125946045,15,15,0,0,0,1,True,True,True,2,2,True,True,True,IN_TRAIN_RANGE
True,False,1.0,C,S,3350,[*]CCN([*])C(=O)C1CCCCC1,*SCN(*)C(=O)C1CCCCC1,SimpleSubst,Random,50,1,1,3,1,0,1,5.892340660095215,4.534771919250488,1.3575687408447266,13,13,0,0,0,1,True,True,True,2,2,True,True,True,IN_TRAIN_RANGE
True,False,1.0,C,S,3572,[*]CCCCCCOC(=O)CCCCCCCC(=O)O[*],*OC(=O)CCCCCCCC(=O)OCCCCCS*,SimpleSubst,Random,50,1,1,14,1,0,1,6.6545729637146,5.373991966247559,1.280580997467041,21,21,0,0,0,1,True,True,True,2,2,True,True,True,IN_TRAIN_RANGE
True,True,0.0,C,S,3201,[*]Nc1cccc2c(NC(=O)c3cccc(C([*])=O)c3)cccc12,*NC1=CC=CS2=C1C=CC=C2NC(=O)c1cccc(C(*)=O)c1,SimpleSubst,Random,50,1,1,27,1,0,1,3.4126176834106445,2.477482318878174,0.9351353645324707,24,24,0,0,0,1,True,True,True,2,2,True,True,True,IN_TRAIN_RANGE
True,True,0.0,C,S,3453,[*]Oc1ccc2ccc(OC(=O)Oc3ccc(OC([*])=O)cc3)cc2c1,*OC1=CC=C2C=CC(OC(=O)Oc3ccc(OC(*)=O)cc3)=CS2=C1,SimpleSubst,Random,50,1,1,17,1,0,1,4.041114807128906,3.0597920417785645,0.9813227653503418,26,26,0,0,0,1,True,True,True,2,2,True,True,True,IN_TRAIN_RANGE
True,True,0.0,C,S,3482,[*]C=Cc1cccc(C=Cc2cc([*])nc(-c3ccccc3)n2)c1,*C=CC1=CC=CS(C=Cc2cc(*)nc(-c3ccccc3)n2)=C1,SimpleSubst,Random,50,1,1,11,1,0,1,2.9956889152526855,2.441037654876709,0.5546512603759766,24,24,0,0,0,1,True,True,True,2,2,True,True,True,IN_TRAIN_RANGE
True,False,0.0,S,N,3381,C(F)(F)CC(F)(F)C(=S),N=CC(F)(F)CC(F)F,SimpleSubst,Random,50,1,1,10,1,0,1,3.425586462020874,5.784419536590576,2.358833074569702,9,9,0,0,0,1,True,True,True,0,0,True,True,True,IN_TRAIN_RANGE
True,False,0.0,C,S,3422,[*]C=CCCCCCCCCCC[*],*C=CCCCCSCCCCC*,SimpleSubst,Random,50,1,1,3,1,0,1,5.851002216339111,4.799572467803955,1.0514297485351562,14,14,0,0,0,1,True,True,True,2,2,True,True,True,IN_TRAIN_RANGE
True,False,1.0,C,S,3176,[*]CCCCCCNC(=O)C(CCCCC)C(=O)N[*],*NC(=O)C(CCCCC)C(=O)NCCCCCS*,SimpleSubst,Random,50,1,1,14,1,0,1,5.893464088439941,4.7998270988464355,1.0936369895935059,20,20,0,0,0,1,True,True,True,2,2,True,True,True,IN_TRAIN_RANGE
True,True,0.0,C,S,3200,[*]CC([*])OCc1ccccc1,*CC(*)OCS1=CC=CC=C1,SimpleSubst,Random,50,1,1,11,1,0,1,5.3933587074279785,3.837327718734741,1.5560309886932373,12,12,0,0,0,1,True,True,True,2,2,True,True,True,IN_TRAIN_RANGE
True,False,0.0,C,S,3427,[*]CCOCCOCCOC(=O)CCCCCCC(=O)O[*],*CCOCCOCCOC(=O)CCCCSCC(=O)O*,SimpleSubst,Random,50,1,1,3,1,0,1,6.274569034576416,5.314321517944336,0.9602475166320801,22,22,0,0,0,1,True,True,True,2,2,True,True,True,IN_TRAIN_RANGE
True,True,0.0,C,S,3258,[*]CCCCCCCCc1nnc(-c2cccc(-c3nnc([*])o3)c2)o1,*CCCCCCCCc1nnc(S2=CC=CC(c3nnc(*)o3)=C2)o1,SimpleSubst,Random,50,1,1,13,1,0,1,4.662410259246826,3.827944278717041,0.8344659805297852,26,26,0,0,0,1,True,True,True,2,2,True,True,True,IN_TRAIN_RANGE
True,True,1.0,C,S,3295,[*]c1cc(COCCCCCCCCOc2ccc(-c3ccc(OC)cc3)cc2)c([*])s1,*C1=CC(COCCCCCCCCOc2ccc(-c3ccc(OC)cc3)cc2)=S(*)S1,SimpleSubst,Random,50,1,1,9,1,0,1,2.74383807182312,3.449573040008545,0.7057349681854248,32,32,0,0,0,1,True,True,True,2,2,True,True,True,IN_TRAIN_RANGE
True,True,0.0,C,S,3471,[*]CNCC(C=C1)=CC=C1[*],*CNCS1=CC=C(*)C=C1,SimpleSubst,Random,50,1,1,10,1,0,1,4.566598892211914,3.355344295501709,1.211254596710205,11,11,0,0,0,1,True,True,True,2,2,True,True,True,IN_TRAIN_RANGE
True,True,0.0,C,S,3537,[*]CCC(C)CC(C)(C)CNC(=O)c1ccc(C(=O)N[*])cc1,*CCC(C)CC(C)(C)CNC(=O)S1=CC=C(C(=O)N*)C=C1,SimpleSubst,Random,50,1,1,11,1,0,1,4.502551078796387,3.542161464691162,0.9603896141052246,23,23,0,0,0,1,True,True,True,2,2,True,True,True,IN_TRAIN_RANGE
True,True,0.0,C,S,3008,[*]Oc1ccc(NC(=O)c2ccc(C(=O)Nc3ccc(Oc4ccc(C5(c6ccc([*])cc6)CC6CCC5C6)cc4)cc3)cc2)cc1,*Oc1ccc(NC(=O)c2ccc(C(=O)NC3=CC=S(Oc4ccc(C5(c6ccc(*)cc6)CC6CCC5C6)cc4)C=C3)cc2)cc1,SimpleSubst,Random,50,1,1,11,1,0,1,3.5847268104553223,3.197693347930908,0.38703346252441406,47,47,0,0,0,1,True,True,True,2,2,True,True,True,IN_TRAIN_RANGE
True,False,1.0,C,S,3411,[*]CCCCCCOC(=O)CCC(=O)O[*],*OC(=O)CCC(=O)OCCCCCS*,SimpleSubst,Random,50,1,1,14,1,0,1,6.64481258392334,5.278900623321533,1.3659119606018066,16,16,0,0,0,1,True,True,True,2,2,True,True,True,IN_TRAIN_RANGE
True,False,1.0,O,S,3361,[*]CCCCCCCCCCOC(=O)CCCCCCCCCCC(=O)O[*],*CCCCCCCCCCOC(=O)CCCCCCCCCCC(=O)S*,SimpleSubst,Random,50,1,1,3,1,0,1,6.5158233642578125,5.701784610748291,0.8140387535095215,28,28,0,0,0,1,True,True,True,2,2,True,True,True,IN_TRAIN_RANGE
True,True,0.0,S,O,3084,[*]c1cc(CCCC)c([*])s1,*c1cc(CCCC)c(*)o1,SimpleSubst,Random,50,1,1,3,1,0,1,2.3371214866638184,4.131871223449707,1.7947497367858887,11,11,0,0,0,1,True,True,True,2,2,True,True,True,IN_TRAIN_RANGE
True,True,0.0,C,S,3132,[*]Oc1ccc(C2(c3ccc(OC([*])=O)cc3)CC(C)CC(C)(C)C2)cc1,*OC1=CC=S(C2(c3ccc(OC(*)=O)cc3)CC(C)CC(C)(C)C2)C=C1,SimpleSubst,Random,50,1,1,11,1,0,1,4.636800289154053,3.951591968536377,0.6852083206176758,27,27,0,0,0,1,True,True,True,2,2,True,True,True,IN_TRAIN_RANGE
True,True,0.0,C,S,3430,[*]NC(C([*])=O)C(Cc1ccccc1)c1c[nH]cn1,*NC(C(*)=O)C(CS1=CC=CC=C1)c1c[nH]cn1,SimpleSubst,Random,50,1,1,11,1,0,1,5.042630195617676,3.799787759780884,1.242842435836792,19,19,0,0,0,1,True,True,True,2,2,True,True,True,IN_TRAIN_RANGE
True,False,1.0,C,N,3167,[*]C(F)C([*])(F)OC(F)(F)F,*N(F)C(*)(F)OC(F)(F)F,Motif,Random,50,1,1,3,1,0,1,7.237398147583008,7.249334335327148,0.011936187744140625,11,11,0,0,0,1,True,True,True,2,2,True,True,True,IN_TRAIN_RANGE
True,False,0.0,C,N,3128,[*]OC(C)CCOC(=O)CCCCC([*])=O,*OC(C)CCOC(=O)CCNCC(*)=O,Motif,Random,50,1,1,3,1,0,1,6.378620147705078,6.015444755554199,0.3631753921508789,16,16,0,0,0,1,True,True,True,2,2,True,True,True,IN_TRAIN_RANGE
False,,,,,3364,[*]Nc1ccc(NC(=O)c2cc(NC(=O)c3ccccc3)cc(C([*])=O)c2)cc1,*Nc1ccc(NC(=O)c2cc(NC(=O)c3ccccc3)cc(C(*)=O)c2)cc1,Motif,Random,50,1,0,2,0,0,0,3.467644691467285,3.467644691467285,0.0,29,29,0,0,0,1,True,True,True,2,2,False,True,False,IN_TRAIN_RANGE
True,False,0.0,C,N,3414,[*]CC1CCC(COC(=O)CCCCC(=O)O[*])CC1,*CC1CCN(COC(=O)CCCCC(=O)O*)CC1,Motif,Random,50,1,1,3,1,0,1,6.599419593811035,6.169955253601074,0.42946434020996094,20,20,0,0,0,1,True,True,True,2,2,True,True,True,IN_TRAIN_RANGE
True,False,1.0,C,N,3539,[*]CC(O[*])C(F)(F)F,*NC(O*)C(F)(F)F,Motif,Random,50,1,1,3,1,0,1,6.81688117980957,6.389995574951172,0.42688560485839844,9,9,0,0,0,1,True,True,True,2,2,True,True,True,IN_TRAIN_RANGE
True,False,0.0,C,N,2958,[*]CCCCCCCNC(=O)CCCCCCCCCCCCCCCCCCC(=O)N[*],*CNCCCCCNC(=O)CCCCCCCCCCCCCCCCCCC(=O)N*,Motif,Random,50,1,1,3,1,0,1,5.916501998901367,5.7845139503479,0.1319880485534668,33,33,0,0,0,1,True,True,True,2,2,True,True,True,IN_TRAIN_RANGE
True,False,0.0,C,N,3459,N([*])CC(C)(C)CC(C)CNC(=O)CCCCC(=O)([*]),*NCC(C)(C)CN(C)CNC(=O)CCCCC(*)=O,Motif,Random,50,1,1,10,1,0,1,5.8339996337890625,5.406855583190918,0.42714405059814453,20,20,0,0,0,1,True,True,True,2,2,True,True,True,IN_TRAIN_RANGE
True,False,1.0,C,N,3385,[*]CNOC(S1)=CC=C1[*],*NNOc1ccc(*)s1,Motif,Random,50,1,1,13,1,0,1,3.9756360054016113,3.922891616821289,0.052744388580322266,10,10,0,0,0,1,True,True,True,2,2,True,True,True,IN_TRAIN_RANGE
False,,,,,3281,[*]C(=O)c1ccc2c(c1)C(=O)N(c1ccc(C(=O)Nc3ccc(N4C(=O)c5ccc([*])cc5C4=O)cc3)cc1)C2=O,*C(=O)c1ccc2c(c1)C(=O)N(c1ccc(C(=O)Nc3ccc(N4C(=O)c5ccc(*)cc5C4=O)cc3)cc1)C2=O,Motif,Random,50,1,0,2,0,0,0,2.7069849967956543,2.7069849967956543,0.0,41,41,0,0,0,1,True,True,True,2,2,False,True,False,IN_TRAIN_RANGE
True,False,0.0,C,O,3449,[*]OC(C)CCOC(=O)COCC([*])=O,*OC(C)CCOC(=O)COOC(*)=O,Motif,Random,50,1,1,3,1,0,1,6.135988712310791,6.610485553741455,0.47449684143066406,15,15,0,0,0,1,True,True,True,2,2,True,True,True,IN_TRAIN_RANGE
True,False,0.0,C,N,3350,[*]CCN([*])C(=O)C1CCCCC1,*CCN(*)C(=O)N1CCCCC1,Motif,Random,50,1,1,3,1,0,1,5.892340660095215,5.358417987823486,0.5339226722717285,13,13,0,0,0,1,True,True,True,2,2,True,True,True,IN_TRAIN_RANGE
True,False,1.0,C,N,3572,[*]CCCCCCOC(=O)CCCCCCCC(=O)O[*],*NCCCCCOC(=O)CCCCCCCC(=O)O*,Motif,Random,50,1,1,3,1,0,1,6.6545729637146,6.332331657409668,0.32224130630493164,21,21,0,0,0,1,True,True,True,2,2,True,True,True,IN_TRAIN_RANGE
False,,,,,3201,[*]Nc1cccc2c(NC(=O)c3cccc(C([*])=O)c3)cccc12,*Nc1cccc2c(NC(=O)c3cccc(C(*)=O)c3)cccc12,Motif,Random,50,1,0,2,0,0,0,3.4126176834106445,3.4126176834106445,0.0,24,24,0,0,0,1,True,True,True,2,2,False,True,False,IN_TRAIN_RANGE
False,,,,,3453,[*]Oc1ccc2ccc(OC(=O)Oc3ccc(OC([*])=O)cc3)cc2c1,*Oc1ccc2ccc(OC(=O)Oc3ccc(OC(*)=O)cc3)cc2c1,Motif,Random,50,1,0,2,0,0,0,4.041114807128906,4.041114807128906,0.0,26,26,0,0,0,1,True,True,True,2,2,False,True,False,IN_TRAIN_RANGE
False,,,,,3482,[*]C=Cc1cccc(C=Cc2cc([*])nc(-c3ccccc3)n2)c1,*C=Cc1cccc(C=Cc2cc(*)nc(-c3ccccc3)n2)c1,Motif,Random,50,1,0,2,0,0,0,2.9956889152526855,2.9956889152526855,0.0,24,24,0,0,0,1,True,True,True,2,2,False,True,False,IN_TRAIN_RANGE
True,False,0.0,C,O,3381,C(F)(F)CC(F)(F)C(=S),FC(F)OC(F)(F)C=S,Motif,Random,50,1,1,6,1,0,1,3.425586462020874,3.2290115356445312,0.19657492637634277,9,9,0,0,0,1,True,True,True,0,0,True,True,True,IN_TRAIN_RANGE
True,False,0.0,C,N,3422,[*]C=CCCCCCCCCCC[*],*C=CNCCCCCCCCC*,Motif,Random,50,1,1,3,1,0,1,5.851002216339111,5.30336332321167,0.5476388931274414,14,14,0,0,0,1,True,True,True,2,2,True,True,True,IN_TRAIN_RANGE
True,False,0.0,C,N,3176,[*]CCCCCCNC(=O)C(CCCCC)C(=O)N[*],*CCCCCCNC(=O)N(CCCCC)C(=O)N*,Motif,Random,50,1,1,3,1,0,1,5.893464088439941,5.362980842590332,0.5304832458496094,20,20,0,0,0,1,True,True,True,2,2,True,True,True,IN_TRAIN_RANGE
True,False,0.0,C,N,3200,[*]CC([*])OCc1ccccc1,*CC(*)ONc1ccccc1,Motif,Random,50,1,1,3,1,0,1,5.3933587074279785,5.1160149574279785,0.27734375,12,12,0,0,0,1,True,True,True,2,2,True,True,True,IN_TRAIN_RANGE
True,False,0.0,C,N,3427,[*]CCOCCOCCOC(=O)CCCCCCC(=O)O[*],*CCOCCOCCOC(=O)CCCNCCC(=O)O*,Motif,Random,50,1,1,3,1,0,1,6.274569034576416,5.9970550537109375,0.2775139808654785,22,22,0,0,0,1,True,True,True,2,2,True,True,True,IN_TRAIN_RANGE
True,False,0.0,C,O,3258,[*]CCCCCCCCc1nnc(-c2cccc(-c3nnc([*])o3)c2)o1,*CCCCCCCOc1nnc(-c2cccc(-c3nnc(*)o3)c2)o1,Motif,Random,50,1,1,3,1,0,1,4.662410259246826,4.4863715171813965,0.1760387420654297,26,26,0,0,0,1,True,True,True,2,2,True,True,True,IN_TRAIN_RANGE
True,False,0.0,C,O,3295,[*]c1cc(COCCCCCCCCOc2ccc(-c3ccc(OC)cc3)cc2)c([*])s1,*c1cc(OOCCCCCCCCOc2ccc(-c3ccc(OC)cc3)cc2)c(*)s1,Motif,Random,50,1,1,3,1,0,1,2.74383807182312,2.6538538932800293,0.08998417854309082,32,32,0,0,0,1,True,True,True,2,2,True,True,True,IN_TRAIN_RANGE
True,False,0.0,C,N,3471,[*]CNCC(C=C1)=CC=C1[*],*CNNc1ccc(*)cc1,Motif,Random,50,1,1,15,1,0,1,4.566598892211914,4.177389621734619,0.3892092704772949,11,11,0,0,0,1,True,True,True,2,2,True,True,True,IN_TRAIN_RANGE
True,False,1.0,C,N,3537,[*]CCC(C)CC(C)(C)CNC(=O)c1ccc(C(=O)N[*])cc1,*NCC(C)CC(C)(C)CNC(=O)c1ccc(C(=O)N*)cc1,Motif,Random,50,1,1,3,1,0,1,4.502551078796387,4.305747032165527,0.19680404663085938,23,23,0,0,0,1,True,True,True,2,2,True,True,True,IN_TRAIN_RANGE
True,False,0.0,C,O,3008,[*]Oc1ccc(NC(=O)c2ccc(C(=O)Nc3ccc(Oc4ccc(C5(c6ccc([*])cc6)CC6CCC5C6)cc4)cc3)cc2)cc1,*Oc1ccc(NC(=O)c2ccc(C(=O)Nc3ccc(Oc4ccc(C5(c6ccc(*)cc6)OC6CCC5C6)cc4)cc3)cc2)cc1,Motif,Random,50,1,1,3,1,0,1,3.5847268104553223,3.5562119483947754,0.028514862060546875,47,47,0,0,0,1,True,True,True,2,2,True,True,True,IN_TRAIN_RANGE
True,False,0.0,C,N,3411,[*]CCCCCCOC(=O)CCC(=O)O[*],*CCCNCCOC(=O)CCC(=O)O*,Motif,Random,50,1,1,3,1,0,1,6.64481258392334,6.262615203857422,0.38219738006591797,16,16,0,0,0,1,True,True,True,2,2,True,True,True,IN_TRAIN_RANGE
True,False,0.0,C,N,3361,[*]CCCCCCCCCCOC(=O)CCCCCCCCCCC(=O)O[*],*CCCCNCCCCCOC(=O)CCCCCCCCCCC(=O)O*,Motif,Random,50,1,1,3,1,0,1,6.5158233642578125,6.330511093139648,0.18531227111816406,28,28,0,0,0,1,True,True,True,2,2,True,True,True,IN_TRAIN_RANGE
False,,,,,3084,[*]c1cc(CCCC)c([*])s1,*c1cc(CCCC#N)c(*)s1,Motif,Random,50,1,1,4,0,1,2,2.3371214866638184,2.6480751037597656,0.31095361709594727,11,12,1,1,0,1,True,True,True,2,2,True,True,True,IN_TRAIN_RANGE
True,False,0.0,C,N,3132,[*]Oc1ccc(C2(c3ccc(OC([*])=O)cc3)CC(C)CC(C)(C)C2)cc1,*Oc1ccc(C2(c3ccc(OC(*)=O)cc3)CN(C)CC(C)(C)C2)cc1,Motif,Random,50,1,1,3,1,0,1,4.636800289154053,4.512027263641357,0.12477302551269531,27,27,0,0,0,1,True,True,True,2,2,True,True,True,IN_TRAIN_RANGE
True,False,0.0,C,N,3430,[*]NC(C([*])=O)C(Cc1ccccc1)c1c[nH]cn1,*NC(C(*)=O)N(Cc1ccccc1)c1c[nH]cn1,Motif,Random,50,1,1,3,1,0,1,5.042630195617676,4.383891582489014,0.6587386131286621,19,19,0,0,0,1,True,True,True,2,2,True,True,True,IN_TRAIN_RANGE
False,,,,,3167,[*]C(F)C([*])(F)OC(F)(F)F,*C(F)S(*)(F)OS(F)(F)F,SimpleSubst,Greedy,50,2,2,4,2,0,2,7.237398147583008,7.989590644836426,0.752192497253418,11,11,0,0,0,1,True,True,True,2,2,True,True,True,IN_TRAIN_RANGE
False,,,,,3128,[*]OC(C)CCOC(=O)CCCCC([*])=O,*SC(C)SCOC(=O)CCCCC(*)=O,SimpleSubst,Greedy,50,2,2,4,2,0,2,6.378620147705078,4.962037086486816,1.4165830612182617,16,16,0,0,0,1,True,True,True,2,2,True,True,True,IN_TRAIN_RANGE
False,,,,,3364,[*]Nc1ccc(NC(=O)c2cc(NC(=O)c3ccccc3)cc(C([*])=O)c2)cc1,*NC1=CC=S(NC(=O)C2=CS(NC(=O)c3ccccc3)=CC(C(*)=O)=C2)C=C1,SimpleSubst,Greedy,50,2,2,20,2,0,2,3.467644691467285,2.31868314743042,1.1489615440368652,29,29,0,0,0,1,True,True,True,2,2,True,True,True,IN_TRAIN_RANGE
False,,,,,3414,[*]CC1CCC(COC(=O)CCCCC(=O)O[*])CC1,*NC(=O)CCCCC(=O)OCC1CCC(S*)CC1,SimpleSubst,Greedy,50,2,2,15,2,0,2,6.599419593811035,5.052847385406494,1.546572208404541,20,20,0,0,0,1,True,True,True,2,2,True,True,True,IN_TRAIN_RANGE
False,,,,,3539,[*]CC(O[*])C(F)(F)F,*SN(S*)C(F)(F)F,SimpleSubst,Greedy,50,3,3,5,3,0,3,6.81688117980957,4.697139263153076,2.119741916656494,9,9,0,0,0,1,True,True,True,2,2,True,True,True,IN_TRAIN_RANGE
True,False,1.0,C,S,2958,[*]CCCCCCCNC(=O)CCCCCCCCCCCCCCCCCCC(=O)N[*],*NC(=O)CCCCCCCCCCCCCCCCCCC(=O)NCCCCCCS*,SimpleSubst,Greedy,50,1,1,16,1,0,1,5.916501998901367,5.0829291343688965,0.8335728645324707,33,33,0,0,0,1,True,True,True,2,2,True,True,True,IN_TRAIN_RANGE
True,False,0.0,O,S,3459,N([*])CC(C)(C)CC(C)CNC(=O)CCCCC(=O)([*]),*NCC(C)(C)CC(C)CNC(=O)CCCCC(*)=S,SimpleSubst,Greedy,50,1,1,9,1,0,1,5.8339996337890625,4.912710189819336,0.9212894439697266,20,20,0,0,0,1,True,True,True,2,2,True,True,True,IN_TRAIN_RANGE
False,,,,,3385,[*]CNOC(S1)=CC=C1[*],*CNOc1nnc(*)o1,SimpleSubst,Greedy,50,3,3,12,3,0,3,3.9756360054016113,5.356870174407959,1.3812341690063477,10,10,0,0,0,1,True,True,True,2,2,True,True,True,IN_TRAIN_RANGE
True,True,0.0,C,S,3281,[*]C(=O)c1ccc2c(c1)C(=O)N(c1ccc(C(=O)Nc3ccc(N4C(=O)c5ccc([*])cc5C4=O)cc3)cc1)C2=O,*C(=O)c1ccc2c(c1)C(=O)N(c1ccc(C(=O)NS3=CC=C(N4C(=O)c5ccc(*)cc5C4=O)C=C3)cc1)C2=O,SimpleSubst,Greedy,50,1,1,11,1,0,1,2.7069849967956543,2.325014352798462,0.3819706439971924,41,41,0,0,0,1,True,True,True,2,2,True,True,True,IN_TRAIN_RANGE
False,,,,,3449,[*]OC(C)CCOC(=O)COCC([*])=O,*SC(C)CCOC(=O)COCC(*)=S,SimpleSubst,Greedy,50,2,2,4,2,0,2,6.135988712310791,4.303667068481445,1.8323216438293457,15,15,0,0,0,1,True,True,True,2,2,True,True,True,IN_TRAIN_RANGE
False,,,,,3350,[*]CCN([*])C(=O)C1CCCCC1,*CSN(*)C(=S)C1CCCCC1,SimpleSubst,Greedy,50,2,2,4,2,0,2,5.892340660095215,3.6041207313537598,2.288219928741455,13,13,0,0,0,1,True,True,True,2,2,True,True,True,IN_TRAIN_RANGE
True,False,1.0,C,S,3572,[*]CCCCCCOC(=O)CCCCCCCC(=O)O[*],*OC(=O)CCCCCCCC(=O)OCCCCCS*,SimpleSubst,Greedy,50,1,1,14,1,0,1,6.6545729637146,5.373991966247559,1.280580997467041,21,21,0,0,0,1,True,True,True,2,2,True,True,True,IN_TRAIN_RANGE
False,,,,,3201,[*]Nc1cccc2c(NC(=O)c3cccc(C([*])=O)c3)cccc12,*NC1=CC=CS2=C1C=CC=S2NC(=O)c1cccc(C(*)=O)c1,SimpleSubst,Greedy,50,2,2,27,2,0,2,3.4126176834106445,2.375192880630493,1.0374248027801514,24,24,0,0,0,1,True,True,True,2,2,True,True,True,IN_TRAIN_RANGE
False,,,,,3453,[*]Oc1ccc2ccc(OC(=O)Oc3ccc(OC([*])=O)cc3)cc2c1,*NC1=CC=C2C=CC(OC(=O)Oc3ccc(OC(*)=O)cc3)=CS2=C1,SimpleSubst,Greedy,50,2,2,18,2,0,2,4.041114807128906,2.7434916496276855,1.2976231575012207,26,26,0,0,0,1,True,True,True,2,2,True,True,True,IN_TRAIN_RANGE
False,,,,,3482,[*]C=Cc1cccc(C=Cc2cc([*])nc(-c3ccccc3)n2)c1,*C=CC1=CC=CS(C=Cc2cc(*)nc(S3=CC=CC=C3)n2)=C1,SimpleSubst,Greedy,50,2,2,21,2,0,2,2.9956889152526855,2.0855166912078857,0.9101722240447998,24,24,0,0,0,1,True,True,True,2,2,True,True,True,IN_TRAIN_RANGE
False,,,,,3381,C(F)(F)CC(F)(F)C(=S),O=CS(F)(F)CC(F)F,SimpleSubst,Greedy,50,2,1,10,1,0,1,3.425586462020874,6.3536272048950195,2.9280407428741455,9,9,0,0,0,1,True,True,True,0,0,True,True,True,IN_TRAIN_RANGE
False,,,,,3422,[*]C=CCCCCCCCCCC[*],*C=CSCCCCCCCCS*,SimpleSubst,Greedy,50,2,2,4,2,0,2,5.851002216339111,4.366411209106445,1.484591007232666,14,14,0,0,0,1,True,True,True,2,2,True,True,True,IN_TRAIN_RANGE
True,False,1.0,C,S,3176,[*]CCCCCCNC(=O)C(CCCCC)C(=O)N[*],*NC(=O)C(CCCCC)C(=O)NCCCCCS*,SimpleSubst,Greedy,50,1,1,14,1,0,1,5.893464088439941,4.7998270988464355,1.0936369895935059,20,20,0,0,0,1,True,True,True,2,2,True,True,True,IN_TRAIN_RANGE
False,,,,,3200,[*]CC([*])OCc1ccccc1,*CC(*)SSS1=CC=CC=C1,SimpleSubst,Greedy,50,3,3,13,3,0,3,5.3933587074279785,3.386652946472168,2.0067057609558105,12,12,0,0,0,1,True,True,True,2,2,True,True,True,IN_TRAIN_RANGE
True,False,0.0,C,S,3427,[*]CCOCCOCCOC(=O)CCCCCCC(=O)O[*],*CCOCCOCCOC(=O)CCCCSCC(=O)O*,SimpleSubst,Greedy,50,1,1,3,1,0,1,6.274569034576416,5.314321517944336,0.9602475166320801,22,22,0,0,0,1,True,True,True,2,2,True,True,True,IN_TRAIN_RANGE
False,,,,,3258,[*]CCCCCCCCc1nnc(-c2cccc(-c3nnc([*])o3)c2)o1,*SCCCCCCCc1nnc(S2=CC=CC(c3nnc(*)o3)=C2)o1,SimpleSubst,Greedy,50,2,2,14,2,0,2,4.662410259246826,3.520902395248413,1.141507863998413,26,26,0,0,0,1,True,True,True,2,2,True,True,True,IN_TRAIN_RANGE
True,True,0.0,C,S,3295,[*]c1cc(COCCCCCCCCOc2ccc(-c3ccc(OC)cc3)cc2)c([*])s1,*C1=CS(COCCCCCCCCOc2ccc(-c3ccc(OC)cc3)cc2)=C(*)S1,SimpleSubst,Greedy,50,1,1,9,1,0,1,2.74383807182312,3.280900478363037,0.537062406539917,32,32,0,0,0,1,True,True,True,2,2,True,True,True,IN_TRAIN_RANGE
False,,,,,3471,[*]CNCC(C=C1)=CC=C1[*],*CSSS1=CC=C(*)C=C1,SimpleSubst,Greedy,50,3,3,12,3,0,3,4.566598892211914,2.3159260749816895,2.2506728172302246,11,11,0,0,0,1,True,True,True,2,2,True,True,True,IN_TRAIN_RANGE
False,,,,,3537,[*]CCC(C)CC(C)(C)CNC(=O)c1ccc(C(=O)N[*])cc1,*NCC(C)CC(C)(C)CNC(=O)S1=CC=C(C(=O)N*)C=C1,SimpleSubst,Greedy,50,2,2,12,2,0,2,4.502551078796387,3.3696954250335693,1.1328556537628174,23,23,0,0,0,1,True,True,True,2,2,True,True,True,IN_TRAIN_RANGE
True,True,0.0,C,S,3008,[*]Oc1ccc(NC(=O)c2ccc(C(=O)Nc3ccc(Oc4ccc(C5(c6ccc([*])cc6)CC6CCC5C6)cc4)cc3)cc2)cc1,*Oc1ccc(NC(=O)c2ccc(C(=O)Nc3ccc(OS4=CC=C(C5(c6ccc(*)cc6)CC6CCC5C6)C=C4)cc3)cc2)cc1,SimpleSubst,Greedy,50,1,1,11,1,0,1,3.5847268104553223,3.1725711822509766,0.4121556282043457,47,47,0,0,0,1,True,True,True,2,2,True,True,True,IN_TRAIN_RANGE
False,,,,,3411,[*]CCCCCCOC(=O)CCC(=O)O[*],*OC(=S)CCC(=O)OCCCCCS*,SimpleSubst,Greedy,50,2,2,14,2,0,2,6.64481258392334,4.661435604095459,1.9833769798278809,16,16,0,0,0,1,True,True,True,2,2,True,True,True,IN_TRAIN_RANGE
True,False,1.0,C,S,3361,[*]CCCCCCCCCCOC(=O)CCCCCCCCCCC(=O)O[*],*OC(=O)CCCCCCCCCCC(=O)OCCCCCCCCCS*,SimpleSubst,Greedy,50,1,1,15,1,0,1,6.5158233642578125,5.448337554931641,1.0674858093261719,28,28,0,0,0,1,True,True,True,2,2,True,True,True,IN_TRAIN_RANGE
False,,,,,3084,[*]c1cc(CCCC)c([*])s1,*c1nc(CCCN)c(*)o1,SimpleSubst,Greedy,50,3,3,5,3,0,3,2.3371214866638184,4.830178737640381,2.4930572509765625,11,11,0,0,0,1,True,True,True,2,2,True,True,True,IN_TRAIN_RANGE
False,,,,,3132,[*]Oc1ccc(C2(c3ccc(OC([*])=O)cc3)CC(C)CC(C)(C)C2)cc1,*Nc1ccc(C2(C3=CC=S(OC(*)=O)C=C3)CC(C)CC(C)(C)C2)cc1,SimpleSubst,Greedy,50,2,2,12,2,0,2,4.636800289154053,3.4152772426605225,1.2215230464935303,27,27,0,0,0,1,True,True,True,2,2,True,True,True,IN_TRAIN_RANGE
False,,,,,3430,[*]NC(C([*])=O)C(Cc1ccccc1)c1c[nH]cn1,*NC(C(*)=O)N(CS1=CC=CC=C1)c1c[nH]cn1,SimpleSubst,Greedy,50,2,2,12,2,0,2,5.042630195617676,3.38187837600708,1.6607518196105957,19,19,0,0,0,1,True,True,True,2,2,True,True,True,IN_TRAIN_RANGE
True,False,1.0,C,N,3167,[*]C(F)C([*])(F)OC(F)(F)F,*N(F)C(*)(F)OC(F)(F)F,Motif,Greedy,50,1,1,3,1,0,1,7.237398147583008,7.249334335327148,0.011936187744140625,11,11,0,0,0,1,True,True,True,2,2,True,True,True,IN_TRAIN_RANGE
False,,,,,3128,[*]OC(C)CCOC(=O)CCCCC([*])=O,*ON(C)CCOC(=O)CNNCC(*)=O,Motif,Greedy,50,3,3,5,3,0,3,6.378620147705078,5.371661186218262,1.0069589614868164,16,16,0,0,0,1,True,True,True,2,2,True,True,True,IN_TRAIN_RANGE
False,,,,,3364,[*]Nc1ccc(NC(=O)c2cc(NC(=O)c3ccccc3)cc(C([*])=O)c2)cc1,*Nc1ccc(NC(=O)c2cc(NC(=O)c3ccccc3)cc(C(*)=O)c2)cc1,Motif,Greedy,50,1,0,2,0,0,0,3.467644691467285,3.467644691467285,0.0,29,29,0,0,0,1,True,True,True,2,2,False,True,False,IN_TRAIN_RANGE
False,,,,,3414,[*]CC1CCC(COC(=O)CCCCC(=O)O[*])CC1,*CN1CCN(COC(=O)CCNCC(=O)O*)CC1,Motif,Greedy,50,3,3,5,3,0,3,6.599419593811035,5.457092761993408,1.142326831817627,20,20,0,0,0,1,True,True,True,2,2,True,True,True,IN_TRAIN_RANGE
True,False,1.0,C,N,3539,[*]CC(O[*])C(F)(F)F,*NC(O*)C(F)(F)F,Motif,Greedy,50,1,1,3,1,0,1,6.81688117980957,6.389995574951172,0.42688560485839844,9,9,0,0,0,1,True,True,True,2,2,True,True,True,IN_TRAIN_RANGE
True,False,1.0,C,N,2958,[*]CCCCCCCNC(=O)CCCCCCCCCCCCCCCCCCC(=O)N[*],*NCCCCCCNC(=O)CCCCCCCCCCCCCCCCCCC(=O)N*,Motif,Greedy,50,1,1,3,1,0,1,5.916501998901367,5.632366180419922,0.2841358184814453,33,33,0,0,0,1,True,True,True,2,2,True,True,True,IN_TRAIN_RANGE
False,,,,,3459,N([*])CC(C)(C)CC(C)CNC(=O)CCCCC(=O)([*]),*NCC(C)(C)CN(C)CNC(=O)CCNCC(*)=O,Motif,Greedy,50,2,2,11,2,0,2,5.8339996337890625,5.171055793762207,0.6629438400268555,20,20,0,0,0,1,True,True,True,2,2,True,True,True,IN_TRAIN_RANGE
True,False,1.0,C,N,3385,[*]CNOC(S1)=CC=C1[*],*NNOc1ccc(*)s1,Motif,Greedy,50,1,1,13,1,0,1,3.9756360054016113,3.922891616821289,0.052744388580322266,10,10,0,0,0,1,True,True,True,2,2,True,True,True,IN_TRAIN_RANGE
False,,,,,3281,[*]C(=O)c1ccc2c(c1)C(=O)N(c1ccc(C(=O)Nc3ccc(N4C(=O)c5ccc([*])cc5C4=O)cc3)cc1)C2=O,*C(=O)c1ccc2c(c1)C(=O)N(c1ccc(C(=O)Nc3ccc(N4C(=O)c5ccc(*)cc5C4=O)cc3)cc1)C2=O,Motif,Greedy,50,1,0,2,0,0,0,2.7069849967956543,2.7069849967956543,0.0,41,41,0,0,0,1,True,True,True,2,2,False,True,False,IN_TRAIN_RANGE
False,,,,,3449,[*]OC(C)CCOC(=O)COCC([*])=O,*OC(C#N)CCOC(=O)OOOC(*)=O,Motif,Greedy,50,3,3,6,2,1,4,6.135988712310791,6.93079948425293,0.7948107719421387,15,16,1,1,0,1,True,True,True,2,2,True,True,True,IN_TRAIN_RANGE
False,,,,,3350,[*]CCN([*])C(=O)C1CCCCC1,*NCN(*)C(=O)N1CCNCC1,Motif,Greedy,50,3,3,5,3,0,3,5.892340660095215,4.755315780639648,1.1370248794555664,13,13,0,0,0,1,True,True,True,2,2,True,True,True,IN_TRAIN_RANGE
False,,,,,3572,[*]CCCCCCOC(=O)CCCCCCCC(=O)O[*],*NCCNCCOC(=O)CCCCCCCC(=O)O*,Motif,Greedy,50,2,2,4,2,0,2,6.6545729637146,6.082333564758301,0.5722393989562988,21,21,0,0,0,1,True,True,True,2,2,True,True,True,IN_TRAIN_RANGE
False,,,,,3201,[*]Nc1cccc2c(NC(=O)c3cccc(C([*])=O)c3)cccc12,*Nc1cccc2c(NC(=O)c3cccc(C(*)=O)c3)cccc12,Motif,Greedy,50,1,0,2,0,0,0,3.4126176834106445,3.4126176834106445,0.0,24,24,0,0,0,1,True,True,True,2,2,False,True,False,IN_TRAIN_RANGE
False,,,,,3453,[*]Oc1ccc2ccc(OC(=O)Oc3ccc(OC([*])=O)cc3)cc2c1,*Oc1ccc2ccc(OC(=O)Oc3ccc(OC(*)=O)cc3)cc2c1,Motif,Greedy,50,1,0,2,0,0,0,4.041114807128906,4.041114807128906,0.0,26,26,0,0,0,1,True,True,True,2,2,False,True,False,IN_TRAIN_RANGE
False,,,,,3482,[*]C=Cc1cccc(C=Cc2cc([*])nc(-c3ccccc3)n2)c1,*C=Cc1cccc(C=Cc2cc(*)nc(-c3ccccc3)n2)c1,Motif,Greedy,50,1,0,2,0,0,0,2.9956889152526855,2.9956889152526855,0.0,24,24,0,0,0,1,True,True,True,2,2,False,True,False,IN_TRAIN_RANGE
False,,,,,3381,C(F)(F)CC(F)(F)C(=S),FN(F)OC(F)(F)C=S,Motif,Greedy,50,2,2,6,2,0,2,3.425586462020874,3.1728081703186035,0.2527782917022705,9,9,0,0,0,1,True,True,True,0,0,True,True,True,IN_TRAIN_RANGE
False,,,,,3422,[*]C=CCCCCCCCCCC[*],*C=CNNCCCCCCCN*,Motif,Greedy,50,3,3,5,3,0,3,5.851002216339111,4.642111778259277,1.208890438079834,14,14,0,0,0,1,True,True,True,2,2,True,True,True,IN_TRAIN_RANGE
False,,,,,3176,[*]CCCCCCNC(=O)C(CCCCC)C(=O)N[*],*NCCCCCNC(=O)N(CCCCC)C(=O)N*,Motif,Greedy,50,2,2,4,2,0,2,5.893464088439941,5.061189651489258,0.8322744369506836,20,20,0,0,0,1,True,True,True,2,2,True,True,True,IN_TRAIN_RANGE
False,,,,,3200,[*]CC([*])OCc1ccccc1,*NC(*)ONc1ccccc1,Motif,Greedy,50,2,2,4,2,0,2,5.3933587074279785,4.917847633361816,0.4755110740661621,12,12,0,0,0,1,True,True,True,2,2,True,True,True,IN_TRAIN_RANGE
False,,,,,3427,[*]CCOCCOCCOC(=O)CCCCCCC(=O)O[*],*OCOCCOCCOC(=O)CCNNCCC(=O)O*,Motif,Greedy,50,3,3,5,3,0,3,6.274569034576416,5.7225775718688965,0.5519914627075195,22,22,0,0,0,1,True,True,True,2,2,True,True,True,IN_TRAIN_RANGE
False,,,,,3258,[*]CCCCCCCCc1nnc(-c2cccc(-c3nnc([*])o3)c2)o1,*NCCCCCNNc1nnc(-c2cccc(-c3nnc(*)o3)c2)o1,Motif,Greedy,50,3,3,5,3,0,3,4.662410259246826,4.2126145362854,0.4497957229614258,26,26,0,0,0,1,True,True,True,2,2,True,True,True,IN_TRAIN_RANGE
False,,,,,3295,[*]c1cc(COCCCCCCCCOc2ccc(-c3ccc(OC)cc3)cc2)c([*])s1,*c1cc(OOCCCCCCCCOc2ccc(-c3ccc(OF)cc3)cc2)c(*)s1,Motif,Greedy,50,2,2,4,2,0,2,2.74383807182312,2.6221120357513428,0.12172603607177734,32,32,0,0,0,1,True,True,True,2,2,True,True,True,IN_TRAIN_RANGE
False,,,,,3471,[*]CNCC(C=C1)=CC=C1[*],*NNNc1ccc(*)cc1,Motif,Greedy,50,2,2,16,2,0,2,4.566598892211914,4.100424289703369,0.4661746025085449,11,11,0,0,0,1,True,True,True,2,2,True,True,True,IN_TRAIN_RANGE
False,,,,,3537,[*]CCC(C)CC(C)(C)CNC(=O)c1ccc(C(=O)N[*])cc1,*NCN(C)CC(C)(C)NNC(=O)c1ccc(C(=O)N*)cc1,Motif,Greedy,50,3,3,5,3,0,3,4.502551078796387,4.124648094177246,0.3779029846191406,23,23,0,0,0,1,True,True,True,2,2,True,True,True,IN_TRAIN_RANGE
False,,,,,3008,[*]Oc1ccc(NC(=O)c2ccc(C(=O)Nc3ccc(Oc4ccc(C5(c6ccc([*])cc6)CC6CCC5C6)cc4)cc3)cc2)cc1,*Oc1ccc(NC(=O)c2ccc(C(=O)Nc3ccc(Oc4ccc(C5(c6ccc(*)cc6)OC6CCN5N6)cc4)cc3)cc2)cc1,Motif,Greedy,50,3,3,5,3,0,3,3.5847268104553223,3.5244698524475098,0.0602569580078125,47,47,0,0,0,1,True,True,True,2,2,True,True,True,IN_TRAIN_RANGE
False,,,,,3411,[*]CCCCCCOC(=O)CCC(=O)O[*],*NCNNCCOC(=O)CCC(=O)O*,Motif,Greedy,50,3,3,5,3,0,3,6.64481258392334,5.575379371643066,1.0694332122802734,16,16,0,0,0,1,True,True,True,2,2,True,True,True,IN_TRAIN_RANGE
False,,,,,3361,[*]CCCCCCCCCCOC(=O)CCCCCCCCCCC(=O)O[*],*NCCOCCCCCCOC(=O)CCCCCCCCCCC(=O)O*,Motif,Greedy,50,2,2,4,2,0,2,6.5158233642578125,6.128748893737793,0.38707447052001953,28,28,0,0,0,1,True,True,True,2,2,True,True,True,IN_TRAIN_RANGE
False,,,,,3084,[*]c1cc(CCCC)c([*])s1,*c1cc(CNCC#N)c(*)s1,Motif,Greedy,50,2,2,5,1,1,3,2.3371214866638184,2.771653890609741,0.43453240394592285,11,12,1,1,0,1,True,True,True,2,2,True,True,True,IN_TRAIN_RANGE
False,,,,,3132,[*]Oc1ccc(C2(c3ccc(OC([*])=O)cc3)CC(C)CC(C)(C)C2)cc1,*Oc1ccc(C2(c3ccc(OC(*)=O)cc3)CN(C)CC(C)(N)N2)cc1,Motif,Greedy,50,3,3,5,3,0,3,4.636800289154053,4.4712419509887695,0.1655583381652832,27,27,0,0,0,1,True,True,True,2,2,True,True,True,IN_TRAIN_RANGE
False,,,,,3430,[*]NC(C([*])=O)C(Cc1ccccc1)c1c[nH]cn1,*NN(C(*)=O)N(Nc1ccccc1)c1c[nH]cn1,Motif,Greedy,50,3,3,5,3,0,3,5.042630195617676,3.769390344619751,1.2732398509979248,19,19,0,0,0,1,True,True,True,2,2,True,True,True,IN_TRAIN_RANGE
False,,,,,3167,[*]C(F)C([*])(F)OC(F)(F)F,*N(F)S(*)(F)OS(F)(F)F,SimpleSubst,Evolutionary,50,3,3,5,3,0,3,7.237398147583008,8.112994194030762,0.8755960464477539,11,11,0,0,0,1,True,True,True,2,2,True,True,True,IN_TRAIN_RANGE
False,,,,,3128,[*]OC(C)CCOC(=O)CCCCC([*])=O,*SC(C)SCOC(=O)CCCCC(*)=O,SimpleSubst,Evolutionary,50,2,2,4,2,0,2,6.378620147705078,4.962037086486816,1.4165830612182617,16,16,0,0,0,1,True,True,True,2,2,True,True,True,IN_TRAIN_RANGE
False,,,,,3364,[*]Nc1ccc(NC(=O)c2cc(NC(=O)c3ccccc3)cc(C([*])=O)c2)cc1,*NC1=CC=S(NC(=O)C2=CS(NC(=O)c3ccccc3)=CC(C(*)=O)=C2)C=C1,SimpleSubst,Evolutionary,50,2,2,20,2,0,2,3.467644691467285,2.31868314743042,1.1489615440368652,29,29,0,0,0,1,True,True,True,2,2,True,True,True,IN_TRAIN_RANGE
False,,,,,3414,[*]CC1CCC(COC(=O)CCCCC(=O)O[*])CC1,*OC(=S)CCCCC(=O)OCC1CCC(S*)CC1,SimpleSubst,Evolutionary,50,2,2,15,2,0,2,6.599419593811035,4.851649761199951,1.747769832611084,20,20,0,0,0,1,True,True,True,2,2,True,True,True,IN_TRAIN_RANGE
False,,,,,3539,[*]CC(O[*])C(F)(F)F,*SC(S*)C(F)(F)F,SimpleSubst,Evolutionary,50,2,2,4,2,0,2,6.81688117980957,4.82237434387207,1.9945068359375,9,9,0,0,0,1,True,True,True,2,2,True,True,True,IN_TRAIN_RANGE
True,False,1.0,C,S,2958,[*]CCCCCCCNC(=O)CCCCCCCCCCCCCCCCCCC(=O)N[*],*NC(=O)CCCCCCCCCCCCCCCCCCC(=O)NCCCCCCS*,SimpleSubst,Evolutionary,50,1,1,16,1,0,1,5.916501998901367,5.0829291343688965,0.8335728645324707,33,33,0,0,0,1,True,True,True,2,2,True,True,True,IN_TRAIN_RANGE
False,,,,,3459,N([*])CC(C)(C)CC(C)CNC(=O)CCCCC(=O)([*]),*SCC(C)(C)CC(C)CNC(=O)CCCCC(*)=S,SimpleSubst,Evolutionary,50,2,2,9,2,0,2,5.8339996337890625,4.576168060302734,1.2578315734863281,20,20,0,0,0,1,True,True,True,2,2,True,True,True,IN_TRAIN_RANGE
False,,,,,3385,[*]CNOC(S1)=CC=C1[*],*CCCc1ccc(*)o1,SimpleSubst,Evolutionary,50,3,2,13,2,0,2,3.9756360054016113,5.027405738830566,1.051769733428955,10,10,0,0,0,1,True,True,True,2,2,True,True,True,IN_TRAIN_RANGE
True,True,0.0,C,S,3281,[*]C(=O)c1ccc2c(c1)C(=O)N(c1ccc(C(=O)Nc3ccc(N4C(=O)c5ccc([*])cc5C4=O)cc3)cc1)C2=O,*C(=O)c1ccc2c(c1)C(=O)N(c1ccc(C(=O)NS3=CC=C(N4C(=O)c5ccc(*)cc5C4=O)C=C3)cc1)C2=O,SimpleSubst,Evolutionary,50,1,1,11,1,0,1,2.7069849967956543,2.325014352798462,0.3819706439971924,41,41,0,0,0,1,True,True,True,2,2,True,True,True,IN_TRAIN_RANGE
False,,,,,3449,[*]OC(C)CCOC(=O)COCC([*])=O,*SC(C)CCOC(=O)COCC(*)=S,SimpleSubst,Evolutionary,50,2,2,4,2,0,2,6.135988712310791,4.303667068481445,1.8323216438293457,15,15,0,0,0,1,True,True,True,2,2,True,True,True,IN_TRAIN_RANGE
False,,,,,3350,[*]CCN([*])C(=O)C1CCCCC1,*CSN(*)C(=S)C1CCCCC1,SimpleSubst,Evolutionary,50,2,2,4,2,0,2,5.892340660095215,3.6041207313537598,2.288219928741455,13,13,0,0,0,1,True,True,True,2,2,True,True,True,IN_TRAIN_RANGE
True,False,1.0,C,S,3572,[*]CCCCCCOC(=O)CCCCCCCC(=O)O[*],*OC(=O)CCCCCCCC(=O)OCCCCCS*,SimpleSubst,Evolutionary,50,1,1,14,1,0,1,6.6545729637146,5.373991966247559,1.280580997467041,21,21,0,0,0,1,True,True,True,2,2,True,True,True,IN_TRAIN_RANGE
False,,,,,3201,[*]Nc1cccc2c(NC(=O)c3cccc(C([*])=O)c3)cccc12,*NC1=CC=CS2=C1C=CC=S2NC(=O)c1cccc(C(*)=O)c1,SimpleSubst,Evolutionary,50,2,2,27,2,0,2,3.4126176834106445,2.375192880630493,1.0374248027801514,24,24,0,0,0,1,True,True,True,2,2,True,True,True,IN_TRAIN_RANGE
False,,,,,3453,[*]Oc1ccc2ccc(OC(=O)Oc3ccc(OC([*])=O)cc3)cc2c1,*NC1=CC=C2C=CC(OC(=O)Oc3ccc(OC(*)=O)cc3)=CS2=C1,SimpleSubst,Evolutionary,50,2,2,18,2,0,2,4.041114807128906,2.7434916496276855,1.2976231575012207,26,26,0,0,0,1,True,True,True,2,2,True,True,True,IN_TRAIN_RANGE
False,,,,,3482,[*]C=Cc1cccc(C=Cc2cc([*])nc(-c3ccccc3)n2)c1,*C=CC1=CC=CS(C=Cc2cc(*)nc(S3=CC=CC=C3)n2)=C1,SimpleSubst,Evolutionary,50,2,2,21,2,0,2,2.9956889152526855,2.0855166912078857,0.9101722240447998,24,24,0,0,0,1,True,True,True,2,2,True,True,True,IN_TRAIN_RANGE
False,,,,,3381,C(F)(F)CC(F)(F)C(=S),O=CS(F)(F)CC(F)F,SimpleSubst,Evolutionary,50,2,1,10,1,0,1,3.425586462020874,6.3536272048950195,2.9280407428741455,9,9,0,0,0,1,True,True,True,0,0,True,True,True,IN_TRAIN_RANGE
False,,,,,3422,[*]C=CCCCCCCCCCC[*],*C=CSCCCCCCCCS*,SimpleSubst,Evolutionary,50,2,2,4,2,0,2,5.851002216339111,4.366411209106445,1.484591007232666,14,14,0,0,0,1,True,True,True,2,2,True,True,True,IN_TRAIN_RANGE
True,False,1.0,C,S,3176,[*]CCCCCCNC(=O)C(CCCCC)C(=O)N[*],*NC(=O)C(CCCCC)C(=O)NCCCCCS*,SimpleSubst,Evolutionary,50,1,1,14,1,0,1,5.893464088439941,4.7998270988464355,1.0936369895935059,20,20,0,0,0,1,True,True,True,2,2,True,True,True,IN_TRAIN_RANGE
False,,,,,3200,[*]CC([*])OCc1ccccc1,*NC(*)OSS1=CC=CC=C1,SimpleSubst,Evolutionary,50,3,3,13,3,0,3,5.3933587074279785,3.45702862739563,1.9363300800323486,12,12,0,0,0,1,True,True,True,2,2,True,True,True,IN_TRAIN_RANGE
True,False,0.0,C,S,3427,[*]CCOCCOCCOC(=O)CCCCCCC(=O)O[*],*CCOCCOCCOC(=O)CCCCSCC(=O)O*,SimpleSubst,Evolutionary,50,1,1,3,1,0,1,6.274569034576416,5.314321517944336,0.9602475166320801,22,22,0,0,0,1,True,True,True,2,2,True,True,True,IN_TRAIN_RANGE
False,,,,,3258,[*]CCCCCCCCc1nnc(-c2cccc(-c3nnc([*])o3)c2)o1,*SCCCCCCCc1nnc(S2=CC=CC(c3nnc(*)o3)=C2)o1,SimpleSubst,Evolutionary,50,2,2,14,2,0,2,4.662410259246826,3.520902395248413,1.141507863998413,26,26,0,0,0,1,True,True,True,2,2,True,True,True,IN_TRAIN_RANGE
True,True,0.0,C,S,3295,[*]c1cc(COCCCCCCCCOc2ccc(-c3ccc(OC)cc3)cc2)c([*])s1,*C1=CS(COCCCCCCCCOc2ccc(-c3ccc(OC)cc3)cc2)=C(*)S1,SimpleSubst,Evolutionary,50,1,1,9,1,0,1,2.74383807182312,3.280900478363037,0.537062406539917,32,32,0,0,0,1,True,True,True,2,2,True,True,True,IN_TRAIN_RANGE
False,,,,,3471,[*]CNCC(C=C1)=CC=C1[*],*NNSS1=CC=C(*)C=C1,SimpleSubst,Evolutionary,50,3,3,12,3,0,3,4.566598892211914,2.876006603240967,1.6905922889709473,11,11,0,0,0,1,True,True,True,2,2,True,True,True,IN_TRAIN_RANGE
False,,,,,3537,[*]CCC(C)CC(C)(C)CNC(=O)c1ccc(C(=O)N[*])cc1,*NCC(C)CC(C)(C)CNC(=O)S1=CC=C(C(=O)N*)C=C1,SimpleSubst,Evolutionary,50,2,2,12,2,0,2,4.502551078796387,3.3696954250335693,1.1328556537628174,23,23,0,0,0,1,True,True,True,2,2,True,True,True,IN_TRAIN_RANGE
True,True,0.0,C,S,3008,[*]Oc1ccc(NC(=O)c2ccc(C(=O)Nc3ccc(Oc4ccc(C5(c6ccc([*])cc6)CC6CCC5C6)cc4)cc3)cc2)cc1,*Oc1ccc(NC(=O)c2ccc(C(=O)Nc3ccc(OS4=CC=C(C5(c6ccc(*)cc6)CC6CCC5C6)C=C4)cc3)cc2)cc1,SimpleSubst,Evolutionary,50,1,1,11,1,0,1,3.5847268104553223,3.1725711822509766,0.4121556282043457,47,47,0,0,0,1,True,True,True,2,2,True,True,True,IN_TRAIN_RANGE
False,,,,,3411,[*]CCCCCCOC(=O)CCC(=O)O[*],*OC(=S)CCC(=O)OCCCCCS*,SimpleSubst,Evolutionary,50,2,2,14,2,0,2,6.64481258392334,4.661435604095459,1.9833769798278809,16,16,0,0,0,1,True,True,True,2,2,True,True,True,IN_TRAIN_RANGE
True,False,1.0,C,S,3361,[*]CCCCCCCCCCOC(=O)CCCCCCCCCCC(=O)O[*],*OC(=O)CCCCCCCCCCC(=O)OCCCCCCCCCS*,SimpleSubst,Evolutionary,50,1,1,15,1,0,1,6.5158233642578125,5.448337554931641,1.0674858093261719,28,28,0,0,0,1,True,True,True,2,2,True,True,True,IN_TRAIN_RANGE
False,,,,,3084,[*]c1cc(CCCC)c([*])s1,*c1nc(CCCC)c(*)o1,SimpleSubst,Evolutionary,50,2,2,4,2,0,2,2.3371214866638184,4.735711574554443,2.398590087890625,11,11,0,0,0,1,True,True,True,2,2,True,True,True,IN_TRAIN_RANGE
False,,,,,3132,[*]Oc1ccc(C2(c3ccc(OC([*])=O)cc3)CC(C)CC(C)(C)C2)cc1,*OS1=CC=C(C2(C3=CC=S(OC(*)=O)C=C3)CC(C)CC(C)(C)C2)C=C1,SimpleSubst,Evolutionary,50,2,2,20,2,0,2,4.636800289154053,3.056349277496338,1.5804510116577148,27,27,0,0,0,1,True,True,True,2,2,True,True,True,IN_TRAIN_RANGE
False,,,,,3430,[*]NC(C([*])=O)C(Cc1ccccc1)c1c[nH]cn1,*NC(C(*)=O)N(CS1=CC=CC=C1)c1c[nH]cn1,SimpleSubst,Evolutionary,50,2,2,12,2,0,2,5.042630195617676,3.38187837600708,1.6607518196105957,19,19,0,0,0,1,True,True,True,2,2,True,True,True,IN_TRAIN_RANGE
True,False,1.0,C,N,3167,[*]C(F)C([*])(F)OC(F)(F)F,*N(F)C(*)(F)OC(F)(F)F,Motif,Evolutionary,50,1,1,3,1,0,1,7.237398147583008,7.249334335327148,0.011936187744140625,11,11,0,0,0,1,True,True,True,2,2,True,True,True,IN_TRAIN_RANGE
False,,,,,3128,[*]OC(C)CCOC(=O)CCCCC([*])=O,*OC(C)CCOC(=O)CNNCC(*)=O,Motif,Evolutionary,50,2,2,4,2,0,2,6.378620147705078,5.687768936157227,0.6908512115478516,16,16,0,0,0,1,True,True,True,2,2,True,True,True,IN_TRAIN_RANGE
False,,,,,3364,[*]Nc1ccc(NC(=O)c2cc(NC(=O)c3ccccc3)cc(C([*])=O)c2)cc1,*Nc1ccc(NC(=O)c2cc(NC(=O)c3ccccc3)cc(C(*)=O)c2)cc1,Motif,Evolutionary,50,1,0,2,0,0,0,3.467644691467285,3.467644691467285,0.0,29,29,0,0,0,1,True,True,True,2,2,False,True,False,IN_TRAIN_RANGE
False,,,,,3414,[*]CC1CCC(COC(=O)CCCCC(=O)O[*])CC1,*CN1CCN(COC(=O)CCCCC(=O)O*)CC1,Motif,Evolutionary,50,2,2,4,2,0,2,6.599419593811035,5.743250846862793,0.8561687469482422,20,20,0,0,0,1,True,True,True,2,2,True,True,True,IN_TRAIN_RANGE
True,False,1.0,C,N,3539,[*]CC(O[*])C(F)(F)F,*NC(O*)C(F)(F)F,Motif,Evolutionary,50,1,1,3,1,0,1,6.81688117980957,6.389995574951172,0.42688560485839844,9,9,0,0,0,1,True,True,True,2,2,True,True,True,IN_TRAIN_RANGE
True,False,1.0,C,N,2958,[*]CCCCCCCNC(=O)CCCCCCCCCCCCCCCCCCC(=O)N[*],*NCCCCCCNC(=O)CCCCCCCCCCCCCCCCCCC(=O)N*,Motif,Evolutionary,50,1,1,3,1,0,1,5.916501998901367,5.632366180419922,0.2841358184814453,33,33,0,0,0,1,True,True,True,2,2,True,True,True,IN_TRAIN_RANGE
False,,,,,3459,N([*])CC(C)(C)CC(C)CNC(=O)CCCCC(=O)([*]),*NCC(C)(C)CN(C)CNC(=O)CCNCC(*)=O,Motif,Evolutionary,50,2,2,11,2,0,2,5.8339996337890625,5.171055793762207,0.6629438400268555,20,20,0,0,0,1,True,True,True,2,2,True,True,True,IN_TRAIN_RANGE
True,False,1.0,C,N,3385,[*]CNOC(S1)=CC=C1[*],*NNOc1ccc(*)s1,Motif,Evolutionary,50,1,1,13,1,0,1,3.9756360054016113,3.922891616821289,0.052744388580322266,10,10,0,0,0,1,True,True,True,2,2,True,True,True,IN_TRAIN_RANGE
False,,,,,3281,[*]C(=O)c1ccc2c(c1)C(=O)N(c1ccc(C(=O)Nc3ccc(N4C(=O)c5ccc([*])cc5C4=O)cc3)cc1)C2=O,*C(=O)c1ccc2c(c1)C(=O)N(c1ccc(C(=O)Nc3ccc(N4C(=O)c5ccc(*)cc5C4=O)cc3)cc1)C2=O,Motif,Evolutionary,50,1,0,2,0,0,0,2.7069849967956543,2.7069849967956543,0.0,41,41,0,0,0,1,True,True,True,2,2,False,True,False,IN_TRAIN_RANGE
False,,,,,3449,[*]OC(C)CCOC(=O)COCC([*])=O,*OC(C#N)CCOC(=O)OOOC(*)=O,Motif,Evolutionary,50,3,3,6,2,1,4,6.135988712310791,6.93079948425293,0.7948107719421387,15,16,1,1,0,1,True,True,True,2,2,True,True,True,IN_TRAIN_RANGE
False,,,,,3350,[*]CCN([*])C(=O)C1CCCCC1,*NCN(*)C(=O)N1CCCOC1,Motif,Evolutionary,50,3,3,5,3,0,3,5.892340660095215,4.825625419616699,1.0667152404785156,13,13,0,0,0,1,True,True,True,2,2,True,True,True,IN_TRAIN_RANGE
False,,,,,3572,[*]CCCCCCOC(=O)CCCCCCCC(=O)O[*],*NCCNCCOC(=O)CCCCCCCC(=O)O*,Motif,Evolutionary,50,2,2,4,2,0,2,6.6545729637146,6.082333564758301,0.5722393989562988,21,21,0,0,0,1,True,True,True,2,2,True,True,True,IN_TRAIN_RANGE
False,,,,,3201,[*]Nc1cccc2c(NC(=O)c3cccc(C([*])=O)c3)cccc12,*Nc1cccc2c(NC(=O)c3cccc(C(*)=O)c3)cccc12,Motif,Evolutionary,50,1,0,2,0,0,0,3.4126176834106445,3.4126176834106445,0.0,24,24,0,0,0,1,True,True,True,2,2,False,True,False,IN_TRAIN_RANGE
False,,,,,3453,[*]Oc1ccc2ccc(OC(=O)Oc3ccc(OC([*])=O)cc3)cc2c1,*Oc1ccc2ccc(OC(=O)Oc3ccc(OC(*)=O)cc3)cc2c1,Motif,Evolutionary,50,1,0,2,0,0,0,4.041114807128906,4.041114807128906,0.0,26,26,0,0,0,1,True,True,True,2,2,False,True,False,IN_TRAIN_RANGE
False,,,,,3482,[*]C=Cc1cccc(C=Cc2cc([*])nc(-c3ccccc3)n2)c1,*C=Cc1cccc(C=Cc2cc(*)nc(-c3ccccc3)n2)c1,Motif,Evolutionary,50,1,0,2,0,0,0,2.9956889152526855,2.9956889152526855,0.0,24,24,0,0,0,1,True,True,True,2,2,False,True,False,IN_TRAIN_RANGE
False,,,,,3381,C(F)(F)CC(F)(F)C(=S),FN(F)OC(F)(F)C=S,Motif,Evolutionary,50,2,2,6,2,0,2,3.425586462020874,3.1728081703186035,0.2527782917022705,9,9,0,0,0,1,True,True,True,0,0,True,True,True,IN_TRAIN_RANGE
False,,,,,3422,[*]C=CCCCCCCCCCC[*],*C=CNCCCCCCCCN*,Motif,Evolutionary,50,2,2,4,2,0,2,5.851002216339111,4.831977367401123,1.0190248489379883,14,14,0,0,0,1,True,True,True,2,2,True,True,True,IN_TRAIN_RANGE
False,,,,,3176,[*]CCCCCCNC(=O)C(CCCCC)C(=O)N[*],*NCCCCCNC(=O)N(CCCCC)C(=O)N*,Motif,Evolutionary,50,2,2,4,2,0,2,5.893464088439941,5.061189651489258,0.8322744369506836,20,20,0,0,0,1,True,True,True,2,2,True,True,True,IN_TRAIN_RANGE
False,,,,,3200,[*]CC([*])OCc1ccccc1,*NC(*)ONc1ccccc1,Motif,Evolutionary,50,2,2,4,2,0,2,5.3933587074279785,4.917847633361816,0.4755110740661621,12,12,0,0,0,1,True,True,True,2,2,True,True,True,IN_TRAIN_RANGE
False,,,,,3427,[*]CCOCCOCCOC(=O)CCCCCCC(=O)O[*],*CCOCCOCCOC(=O)CCNNCCC(=O)O*,Motif,Evolutionary,50,2,2,4,2,0,2,6.274569034576416,5.730621337890625,0.543947696685791,22,22,0,0,0,1,True,True,True,2,2,True,True,True,IN_TRAIN_RANGE
False,,,,,3258,[*]CCCCCCCCc1nnc(-c2cccc(-c3nnc([*])o3)c2)o1,*NCCOCCCNc1nnc(-c2cccc(-c3nnc(*)o3)c2)o1,Motif,Evolutionary,50,3,3,5,3,0,3,4.662410259246826,4.234445095062256,0.4279651641845703,26,26,0,0,0,1,True,True,True,2,2,True,True,True,IN_TRAIN_RANGE
False,,,,,3295,[*]c1cc(COCCCCCCCCOc2ccc(-c3ccc(OC)cc3)cc2)c([*])s1,*c1cc(OOCCCCCCCCOc2ccc(-c3ccc(OF)cc3)cc2)c(*)s1,Motif,Evolutionary,50,2,2,4,2,0,2,2.74383807182312,2.6221120357513428,0.12172603607177734,32,32,0,0,0,1,True,True,True,2,2,True,True,True,IN_TRAIN_RANGE
False,,,,,3471,[*]CNCC(C=C1)=CC=C1[*],*NNNc1ccc(*)cc1,Motif,Evolutionary,50,2,2,16,2,0,2,4.566598892211914,4.100424289703369,0.4661746025085449,11,11,0,0,0,1,True,True,True,2,2,True,True,True,IN_TRAIN_RANGE
False,,,,,3537,[*]CCC(C)CC(C)(C)CNC(=O)c1ccc(C(=O)N[*])cc1,*NCN(C)CC(C)(C)CNC(=O)c1ccc(C(=O)N*)cc1,Motif,Evolutionary,50,2,2,4,2,0,2,4.502551078796387,4.182587146759033,0.3199639320373535,23,23,0,0,0,1,True,True,True,2,2,True,True,True,IN_TRAIN_RANGE
False,,,,,3008,[*]Oc1ccc(NC(=O)c2ccc(C(=O)Nc3ccc(Oc4ccc(C5(c6ccc([*])cc6)CC6CCC5C6)cc4)cc3)cc2)cc1,*Oc1ccc(NC(=O)c2ccc(C(=O)Nc3ccc(Oc4ccc(C5(c6ccc(*)cc6)OC6CCN5O6)cc4)cc3)cc2)cc1,Motif,Evolutionary,50,3,3,5,3,0,3,3.5847268104553223,3.525237560272217,0.05948925018310547,47,47,0,0,0,1,True,True,True,2,2,True,True,True,IN_TRAIN_RANGE
False,,,,,3411,[*]CCCCCCOC(=O)CCC(=O)O[*],*OCNNCCOC(=O)CCC(=O)O*,Motif,Evolutionary,50,3,3,5,3,0,3,6.64481258392334,5.84239387512207,0.8024187088012695,16,16,0,0,0,1,True,True,True,2,2,True,True,True,IN_TRAIN_RANGE
False,,,,,3361,[*]CCCCCCCCCCOC(=O)CCCCCCCCCCC(=O)O[*],*NCCOCCCCCCOC(=O)CCCCCCCCCCC(=O)O*,Motif,Evolutionary,50,2,2,4,2,0,2,6.5158233642578125,6.128748893737793,0.38707447052001953,28,28,0,0,0,1,True,True,True,2,2,True,True,True,IN_TRAIN_RANGE
False,,,,,3084,[*]c1cc(CCCC)c([*])s1,*c1cc(CNCC#N)c(*)s1,Motif,Evolutionary,50,2,2,5,1,1,3,2.3371214866638184,2.771653890609741,0.43453240394592285,11,12,1,1,0,1,True,True,True,2,2,True,True,True,IN_TRAIN_RANGE
False,,,,,3132,[*]Oc1ccc(C2(c3ccc(OC([*])=O)cc3)CC(C)CC(C)(C)C2)cc1,*Oc1ccc(C2(c3ccc(OC(*)=O)cc3)CN(C)CC(C)(C)N2)cc1,Motif,Evolutionary,50,2,2,4,2,0,2,4.636800289154053,4.489410400390625,0.14738988876342773,27,27,0,0,0,1,True,True,True,2,2,True,True,True,IN_TRAIN_RANGE
False,,,,,3430,[*]NC(C([*])=O)C(Cc1ccccc1)c1c[nH]cn1,*NN(C(*)=O)N(Nc1ccccc1)c1c[nH]cn1,Motif,Evolutionary,50,3,3,5,3,0,3,5.042630195617676,3.769390344619751,1.2732398509979248,19,19,0,0,0,1,True,True,True,2,2,True,True,True,IN_TRAIN_RANGE
