domain,source_id,attack_condition,search_budget,seed,source_input,candidate_input,target_Tg,clean_prediction,candidate_prediction,signed_prediction_change,absolute_prediction_change,success,edit_distance,proposal_count,search_queries,attribution_queries,total_queries,first_success_search_query,first_success_total_query,runtime_seconds,attribution_runtime_seconds,search_runtime_seconds,validity_pass,rdkit_valid,canonicalization_valid,tokenization_valid,source_canonical_smiles,candidate_canonical_smiles,failure_reason
materials,mat_test_3905,Random,5,42,[*]Nc1c(C)c(C)c(C(=O)c2ccc(NC(=O)c3ccc(C([*])=O)cc3)cc2)c(C)c1C,[*]Nc1c(C)c(C)c(C(=O)c2ccc(NC(=S)c3ccc(C([*])=O)cc3)cc2)c(C)c1C,3.4961,-1.6325814723968506,-1.7088526487350464,-0.0762711763381958,0.0762711763381958,,1,5,1,0,1,,,0.012275934219360352,0,0.012275934219360352,True,1,1,1,[*]Nc1c(C)c(C)c(C(=O)c2ccc(NC(=O)c3ccc(C([*])=O)cc3)cc2)c(C)c1C,[*]Nc1c(C)c(C)c(C(=O)c2ccc(NC(=S)c3ccc(C([*])=O)cc3)cc2)c(C)c1C,
materials,mat_test_3905,MCMC,5,42,[*]Nc1c(C)c(C)c(C(=O)c2ccc(NC(=O)c3ccc(C([*])=O)cc3)cc2)c(C)c1C,[*]Nc1c(C)c(C)c(C(=O)c2cc\c(NC(I=O)c3ccc(C([*])=O)cc3)cc2)c(P)c1C,3.4961,-1.6325814723968506,-1.3448121547698975,0.2877693176269531,0.2877693176269531,,3,5,3,0,3,,,0.0055391788482666016,0,0.0055391788482666016,True,3,3,3,[*]Nc1c(C)c(C)c(C(=O)c2ccc(NC(=O)c3ccc(C([*])=O)cc3)cc2)c(C)c1C,[*]Nc1c(C)c(C)c(C(=O)c2cc\c(NC(I=O)c3ccc(C([*])=O)cc3)cc2)c(P)c1C,
materials,mat_test_3905,Evolutionary,5,42,[*]Nc1c(C)c(C)c(C(=O)c2ccc(NC(=O)c3ccc(C([*])=O)cc3)cc2)c(C)c1C,[*]Nc1c(C)c(C)c(C(=O)c2ccc(ONC(=O)c3ccc(C([*])=O)cc3)cc2)c(C)c1C,3.4961,-1.6325814723968506,-1.4028421640396118,0.22973930835723877,0.22973930835723877,,1,7,5,0,5,,,0.00897836685180664,0,0.00897836685180664,True,5,5,5,[*]Nc1c(C)c(C)c(C(=O)c2ccc(NC(=O)c3ccc(C([*])=O)cc3)cc2)c(C)c1C,[*]Nc1c(C)c(C)c(C(=O)c2ccc(ONC(=O)c3ccc(C([*])=O)cc3)cc2)c(C)c1C,
materials,mat_test_3905,Attribution-High,5,42,[*]Nc1c(C)c(C)c(C(=O)c2ccc(NC(=O)c3ccc(C([*])=O)cc3)cc2)c(C)c1C,[*]Nc1c(C)c(C)c(C(=[N+])c2ccc(NC(=O)c3ccc(C([*])=O)cc3)cc2)c(C)c1C,3.4961,-1.6325814723968506,-1.79423987865448,-0.1616584062576294,0.1616584062576294,,4,5,2,59,61,,,0.060500383377075195,0.056070804595947266,0.00442957878112793,True,2,2,2,[*]Nc1c(C)c(C)c(C(=O)c2ccc(NC(=O)c3ccc(C([*])=O)cc3)cc2)c(C)c1C,[*]Nc1c(C)c(C)c(C(=[N+])c2ccc(NC(=O)c3ccc(C([*])=O)cc3)cc2)c(C)c1C,
materials,mat_test_3905,Attribution-Low,5,42,[*]Nc1c(C)c(C)c(C(=O)c2ccc(NC(=O)c3ccc(C([*])=O)cc3)cc2)c(C)c1C,[*]Nc1c(C)c(C)c(C(=O)c2ccc(NC(=O)c3ccc(C([*])=O)cc3)cc2)c(C)1C,3.4961,-1.6325814723968506,-1.6794363260269165,-0.04685485363006592,0.04685485363006592,,1,5,3,59,62,,,0.0601651668548584,0.05451631546020508,0.00564885139465332,True,3,3,3,[*]Nc1c(C)c(C)c(C(=O)c2ccc(NC(=O)c3ccc(C([*])=O)cc3)cc2)c(C)c1C,[*]Nc1c(C)c(C)c(C(=O)c2ccc(NC(=O)c3ccc(C([*])=O)cc3)cc2)c(C)1C,
materials,mat_test_3905,Attribution-Random,5,42,[*]Nc1c(C)c(C)c(C(=O)c2ccc(NC(=O)c3ccc(C([*])=O)cc3)cc2)c(C)c1C,[*]Nc1c(C)c(C)c(C(=O)c2ccc(NC(=O)c3ccc(C([*])=O)cc3)cc2)c(C)c1C,3.4961,-1.6325814723968506,-1.6325814723968506,0.0,0.0,,0,5,0,59,59,,,0.059888362884521484,0.05886650085449219,0.0010218620300292969,False,0,0,0,[*]Nc1c(C)c(C)c(C(=O)c2ccc(NC(=O)c3ccc(C([*])=O)cc3)cc2)c(C)c1C,[*]Nc1c(C)c(C)c(C(=O)c2ccc(NC(=O)c3ccc(C([*])=O)cc3)cc2)c(C)c1C,
materials,mat_test_3905,Random,20,42,[*]Nc1c(C)c(C)c(C(=O)c2ccc(NC(=O)c3ccc(C([*])=O)cc3)cc2)c(C)c1C,[*]NIc1c(C)c(C)c(C(=O)c2ccc(NC(=O)c3ccc(C([*])=O)cc3)cc2)c(C)c1C,3.4961,-1.6325814723968506,-1.4422615766525269,0.19031989574432373,0.19031989574432373,,1,20,6,0,6,,,0.019393444061279297,0,0.019393444061279297,True,6,6,6,[*]Nc1c(C)c(C)c(C(=O)c2ccc(NC(=O)c3ccc(C([*])=O)cc3)cc2)c(C)c1C,[*]NIc1c(C)c(C)c(C(=O)c2ccc(NC(=O)c3ccc(C([*])=O)cc3)cc2)c(C)c1C,
materials,mat_test_3905,MCMC,20,42,[*]Nc1c(C)c(C)c(C(=O)c2ccc(NC(=O)c3ccc(C([*])=O)cc3)cc2)c(C)c1C,[*]Nc1c(C)(C)c(C(=O)c2sncs(C(O)c3ccc(C([*])PO)cc3)nc2)c(C)c1IC,3.4961,-1.6325814723968506,-1.804008960723877,-0.17142748832702637,0.17142748832702637,,9,20,10,0,10,,,0.03061056137084961,0,0.03061056137084961,True,10,10,10,[*]Nc1c(C)c(C)c(C(=O)c2ccc(NC(=O)c3ccc(C([*])=O)cc3)cc2)c(C)c1C,[*]Nc1c(C)(C)c(C(=O)c2sncs(C(O)c3ccc(C([*])PO)cc3)nc2)c(C)c1IC,
materials,mat_test_3905,Evolutionary,20,42,[*]Nc1c(C)c(C)c(C(=O)c2ccc(NC(=O)c3ccc(C([*])=O)cc3)cc2)c(C)c1C,[*]Nc1c(C)c(PC)c(C(=O)c2ccc(NC(=O)c3cc/c(C([*])=O)nc3)cc2)c(C)c1C,3.4961,-1.6325814723968506,-1.2495735883712769,0.38300788402557373,0.38300788402557373,,3,48,20,0,20,,,0.06276941299438477,0,0.06276941299438477,True,20,20,20,[*]Nc1c(C)c(C)c(C(=O)c2ccc(NC(=O)c3ccc(C([*])=O)cc3)cc2)c(C)c1C,[*]Nc1c(C)c(PC)c(C(=O)c2ccc(NC(=O)c3cc/c(C([*])=O)nc3)cc2)c(C)c1C,
materials,mat_test_3905,Attribution-High,20,42,[*]Nc1c(C)c(C)c(C(=O)c2ccc(NC(=O)c3ccc(C([*])=O)cc3)cc2)c(C)c1C,[*]Nc1c(C)c(C)c(C(=I)c2ccc(NC(=O)c3ccc(C([*])=O)cc3)cc2)c(C)c1C,3.4961,-1.6325814723968506,-1.7738460302352905,-0.14126455783843994,0.14126455783843994,,1,20,4,59,63,,,0.08127927780151367,0.06356596946716309,0.017713308334350586,True,4,4,4,[*]Nc1c(C)c(C)c(C(=O)c2ccc(NC(=O)c3ccc(C([*])=O)cc3)cc2)c(C)c1C,[*]Nc1c(C)c(C)c(C(=I)c2ccc(NC(=O)c3ccc(C([*])=O)cc3)cc2)c(C)c1C,
materials,mat_test_3905,Attribution-Low,20,42,[*]Nc1c(C)c(C)c(C(=O)c2ccc(NC(=O)c3ccc(C([*])=O)cc3)cc2)c(C)c1C,[*]Nc1c(C)c(C)c(C(=O)c2ccc(NC(=O)c3ccc(C([*])=O)cc3)cc2)c(C)s1C,3.4961,-1.6325814723968506,-1.9623087644577026,-0.32972729206085205,0.32972729206085205,,1,20,10,59,69,,,0.08360147476196289,0.06520819664001465,0.018393278121948242,True,10,10,10,[*]Nc1c(C)c(C)c(C(=O)c2ccc(NC(=O)c3ccc(C([*])=O)cc3)cc2)c(C)c1C,[*]Nc1c(C)c(C)c(C(=O)c2ccc(NC(=O)c3ccc(C([*])=O)cc3)cc2)c(C)s1C,
materials,mat_test_3905,Attribution-Random,20,42,[*]Nc1c(C)c(C)c(C(=O)c2ccc(NC(=O)c3ccc(C([*])=O)cc3)cc2)c(C)c1C,[*]Nc1c(C)c(C)c(C(=O)c2ccc(NC(=O)c3ccc(C([*])=O)cc3)cc2)c(O)c1C,3.4961,-1.6325814723968506,-1.5342825651168823,0.09829890727996826,0.09829890727996826,,1,20,2,59,61,,,0.06396269798278809,0.05686783790588379,0.007094860076904297,True,2,2,2,[*]Nc1c(C)c(C)c(C(=O)c2ccc(NC(=O)c3ccc(C([*])=O)cc3)cc2)c(C)c1C,[*]Nc1c(C)c(C)c(C(=O)c2ccc(NC(=O)c3ccc(C([*])=O)cc3)cc2)c(O)c1C,
materials,mat_test_3905,Random,50,42,[*]Nc1c(C)c(C)c(C(=O)c2ccc(NC(=O)c3ccc(C([*])=O)cc3)cc2)c(C)c1C,[*]Nc1c(CS)c(C)c(C(=O)c2ccc(NC(=O)c3ccc(C([*])=O)cc3)cc2)c(C)c1C,3.4961,-1.6325814723968506,-1.4376580715179443,0.19492340087890625,0.19492340087890625,,1,50,23,0,23,,,0.0641317367553711,0,0.0641317367553711,True,23,23,23,[*]Nc1c(C)c(C)c(C(=O)c2ccc(NC(=O)c3ccc(C([*])=O)cc3)cc2)c(C)c1C,[*]Nc1c(CS)c(C)c(C(=O)c2ccc(NC(=O)c3ccc(C([*])=O)cc3)cc2)c(C)c1C,
materials,mat_test_3905,MCMC,50,42,[*]Nc1c(C)c(C)c(C(=O)c2ccc(NC(=O)c3ccc(C([*])=O)cc3)cc2)c(C)c1C,[*]Nc1c(C)c(Cl)c(C(/CF)c2ccc(NCPC(=[N+]O)s3ccs(C([*])=O)[N-]3)c/c2)oc(C)1C,3.4961,-1.6325814723968506,-1.2431597709655762,0.3894217014312744,0.3894217014312744,,19,50,22,0,22,,,0.06347131729125977,0,0.06347131729125977,True,22,22,22,[*]Nc1c(C)c(C)c(C(=O)c2ccc(NC(=O)c3ccc(C([*])=O)cc3)cc2)c(C)c1C,[*]Nc1c(C)c(Cl)c(C(/CF)c2ccc(NCPC(=[N+]O)s3ccs(C([*])=O)[N-]3)c/c2)oc(C)1C,
materials,mat_test_3905,Evolutionary,50,42,[*]Nc1c(C)c(C)c(C(=O)c2ccc(NC(=O)c3ccc(C([*])=O)cc3)cc2)c(C)c1C,[*]Ns1c(O)s(C)c(C(=O)c2ccc(NC(=O)c3ccc(C([*])=O)cc[N+]3)cc2)c(C)c1S[N+]C,3.4961,-1.6325814723968506,-2.1418070793151855,-0.509225606918335,0.509225606918335,,12,116,50,0,50,,,0.14274287223815918,0,0.14274287223815918,True,50,50,50,[*]Nc1c(C)c(C)c(C(=O)c2ccc(NC(=O)c3ccc(C([*])=O)cc3)cc2)c(C)c1C,[*]Ns1c(O)s(C)c(C(=O)c2ccc(NC(=O)c3ccc(C([*])=O)cc[N+]3)cc2)c(C)c1S[N+]C,
materials,mat_test_3905,Attribution-High,50,42,[*]Nc1c(C)c(C)c(C(=O)c2ccc(NC(=O)c3ccc(C([*])=O)cc3)cc2)c(C)c1C,[*]Nc1c(C)c(C)c(C(=[N+])c2ccc(NC(=O)c3ccc(C([*])=O)cc3)cc2)c(C)c1C,3.4961,-1.6325814723968506,-1.79423987865448,-0.1616584062576294,0.1616584062576294,,4,50,9,59,68,,,0.08142948150634766,0.05852389335632324,0.022905588150024414,True,9,9,9,[*]Nc1c(C)c(C)c(C(=O)c2ccc(NC(=O)c3ccc(C([*])=O)cc3)cc2)c(C)c1C,[*]Nc1c(C)c(C)c(C(=[N+])c2ccc(NC(=O)c3ccc(C([*])=O)cc3)cc2)c(C)c1C,
materials,mat_test_3905,Attribution-Low,50,42,[*]Nc1c(C)c(C)c(C(=O)c2ccc(NC(=O)c3ccc(C([*])=O)cc3)cc2)c(C)c1C,[*]Nc1c(C)c(C)c(C(=O)c2ccc(NC(=O)c3ccc(C([*])=O)cc3)cc2)c(C)s1C,3.4961,-1.6325814723968506,-1.9623087644577026,-0.32972729206085205,0.32972729206085205,,1,50,33,59,92,,,0.11424422264099121,0.059009552001953125,0.055234670639038086,True,33,33,33,[*]Nc1c(C)c(C)c(C(=O)c2ccc(NC(=O)c3ccc(C([*])=O)cc3)cc2)c(C)c1C,[*]Nc1c(C)c(C)c(C(=O)c2ccc(NC(=O)c3ccc(C([*])=O)cc3)cc2)c(C)s1C,
materials,mat_test_3905,Attribution-Random,50,42,[*]Nc1c(C)c(C)c(C(=O)c2ccc(NC(=O)c3ccc(C([*])=O)cc3)cc2)c(C)c1C,[*]Nc1c(C)(C)c(C(=O)c2ccc(NC(=O)c3ccc(C([*])=O)cc3)cc2)c(C)c1C,3.4961,-1.6325814723968506,-1.7562001943588257,-0.1236187219619751,0.1236187219619751,,1,50,8,59,67,,,0.08397984504699707,0.06138873100280762,0.022591114044189453,True,8,8,8,[*]Nc1c(C)c(C)c(C(=O)c2ccc(NC(=O)c3ccc(C([*])=O)cc3)cc2)c(C)c1C,[*]Nc1c(C)(C)c(C(=O)c2ccc(NC(=O)c3ccc(C([*])=O)cc3)cc2)c(C)c1C,
materials,mat_test_3824,Random,5,42,[*]C=CC1CC([*])C(C#N)C1,[*]C/CC1CC([*])C(C#N)C1,5.8629,-1.3008774518966675,-0.9148720502853394,0.3860054016113281,0.3860054016113281,,1,5,2,0,2,,,0.004603385925292969,0,0.004603385925292969,True,2,2,2,[*]C=CC1CC([*])C(C#N)C1,[*]C/CC1CC([*])C(C#N)C1,
materials,mat_test_3824,MCMC,5,42,[*]C=CC1CC([*])C(C#N)C1,[*]C/CC1CC([*])C(C#N)C1,5.8629,-1.3008774518966675,-0.9148720502853394,0.3860054016113281,0.3860054016113281,,1,5,4,0,4,,,0.006766080856323242,0,0.006766080856323242,True,4,4,4,[*]C=CC1CC([*])C(C#N)C1,[*]C/CC1CC([*])C(C#N)C1,
materials,mat_test_3824,Evolutionary,5,42,[*]C=CC1CC([*])C(C#N)C1,[*]C=CC1CCs([*])C(C#N)sC1,5.8629,-1.3008774518966675,-1.7808903455734253,-0.4800128936767578,0.4800128936767578,,2,6,5,0,5,,,0.007827520370483398,0,0.007827520370483398,True,5,5,5,[*]C=CC1CC([*])C(C#N)C1,[*]C=CC1CCs([*])C(C#N)sC1,
materials,mat_test_3824,Attribution-High,5,42,[*]C=CC1CC([*])C(C#N)C1,[*]CCC1CC([*])C(C#N)C1,5.8629,-1.3008774518966675,-0.6434372663497925,0.657440185546875,0.657440185546875,,1,5,4,19,23,,,0.02116703987121582,0.015464067459106445,0.005702972412109375,True,4,4,4,[*]C=CC1CC([*])C(C#N)C1,[*]CCC1CC([*])C(C#N)C1,
materials,mat_test_3824,Attribution-Low,5,42,[*]C=CC1CC([*])C(C#N)C1,C=CC1CC([*])C(C#N)C1,5.8629,-1.3008774518966675,-1.0233405828475952,0.27753686904907227,0.27753686904907227,,3,5,2,19,21,,,0.01647782325744629,0.01284337043762207,0.0036344528198242188,True,2,2,2,[*]C=CC1CC([*])C(C#N)C1,C=CC1CC([*])C(C#N)C1,
materials,mat_test_3824,Attribution-Random,5,42,[*]C=CC1CC([*])C(C#N)C1,[*]CCC1CC([*])C(C#N)C1,5.8629,-1.3008774518966675,-0.6434372663497925,0.657440185546875,0.657440185546875,,1,5,3,19,22,,,0.017810344696044922,0.012996912002563477,0.004813432693481445,True,3,3,3,[*]C=CC1CC([*])C(C#N)C1,[*]CCC1CC([*])C(C#N)C1,
materials,mat_test_3824,Random,20,42,[*]C=CC1CC([*])C(C#N)C1,[*]C\CC1CC([*])C(C#N)C1,5.8629,-1.3008774518966675,-0.9448719024658203,0.35600554943084717,0.35600554943084717,,1,20,11,0,11,,,0.03228306770324707,0,0.03228306770324707,True,11,11,11,[*]C=CC1CC([*])C(C#N)C1,[*]C\CC1CC([*])C(C#N)C1,
materials,mat_test_3824,MCMC,20,42,[*]C=CC1CC([*])C(C#N)C1,[*]=CC[nH]1NC([*])C(CN)1,5.8629,-1.3008774518966675,-0.9909483790397644,0.3099290728569031,0.3099290728569031,,8,20,16,0,16,,,0.03533530235290527,0,0.03533530235290527,True,16,16,16,[*]C=CC1CC([*])C(C#N)C1,[*]=CC[nH]1NC([*])C(CN)1,
materials,mat_test_3824,Evolutionary,20,42,[*]C=CC1CC([*])C(C#N)C1,[*]CCC1C([*])C(C#N)C1,5.8629,-1.3008774518966675,-0.6292708516120911,0.6716066002845764,0.6716066002845764,,2,30,20,0,20,,,0.041708946228027344,0,0.041708946228027344,True,20,20,20,[*]C=CC1CC([*])C(C#N)C1,[*]CCC1C([*])C(C#N)C1,
materials,mat_test_3824,Attribution-High,20,42,[*]C=CC1CC([*])C(C#N)C1,[*]CCC1CC([*])C(C#N)C1,5.8629,-1.3008774518966675,-0.6434372663497925,0.657440185546875,0.657440185546875,,1,20,13,19,32,,,0.03163433074951172,0.013030529022216797,0.018603801727294922,True,13,13,13,[*]C=CC1CC([*])C(C#N)C1,[*]CCC1CC([*])C(C#N)C1,
materials,mat_test_3824,Attribution-Low,20,42,[*]C=CC1CC([*])C(C#N)C1,C=CC1CC([*])C(C#N)C1,5.8629,-1.3008774518966675,-1.0233405828475952,0.27753686904907227,0.27753686904907227,,3,20,15,19,34,,,0.03494548797607422,0.01319742202758789,0.021748065948486328,True,15,15,15,[*]C=CC1CC([*])C(C#N)C1,C=CC1CC([*])C(C#N)C1,
materials,mat_test_3824,Attribution-Random,20,42,[*]C=CC1CC([*])C(C#N)C1,[*]CCC1CC([*])C(C#N)C1,5.8629,-1.3008774518966675,-0.6434372663497925,0.657440185546875,0.657440185546875,,1,20,10,19,29,,,0.02831435203552246,0.01296377182006836,0.015350580215454102,True,10,10,10,[*]C=CC1CC([*])C(C#N)C1,[*]CCC1CC([*])C(C#N)C1,
materials,mat_test_3824,Random,50,42,[*]C=CC1CC([*])C(C#N)C1,[*]C\CC1CC([*])C(C#N)C1,5.8629,-1.3008774518966675,-0.9448719024658203,0.35600554943084717,0.35600554943084717,,1,50,29,0,29,,,0.051218509674072266,0,0.051218509674072266,True,29,29,29,[*]C=CC1CC([*])C(C#N)C1,[*]C\CC1CC([*])C(C#N)C1,
materials,mat_test_3824,MCMC,50,42,[*]C=CC1CC([*])C(C#N)C1,[*]C-S1n/I([*])(NIF)1,5.8629,-1.3008774518966675,-0.859228253364563,0.4416491985321045,0.4416491985321045,,11,50,35,0,35,,,0.06058955192565918,0,0.06058955192565918,True,35,35,35,[*]C=CC1CC([*])C(C#N)C1,[*]C-S1n/I([*])(NIF)1,
materials,mat_test_3824,Evolutionary,50,42,[*]C=CC1CC([*])C(C#N)C1,[*]P/C1CN([*])C(C-N)C1,5.8629,-1.3008774518966675,-0.519993245601654,0.7808842062950134,0.7808842062950134,,5,81,50,0,50,,,0.08739399909973145,0,0.08739399909973145,True,50,50,50,[*]C=CC1CC([*])C(C#N)C1,[*]P/C1CN([*])C(C-N)C1,
materials,mat_test_3824,Attribution-High,50,42,[*]C=CC1CC([*])C(C#N)C1,[*]CCC1CC([*])C(C#N)C1,5.8629,-1.3008774518966675,-0.6434372663497925,0.657440185546875,0.657440185546875,,1,50,36,19,55,,,0.06745719909667969,0.014368057250976562,0.053089141845703125,True,36,36,36,[*]C=CC1CC([*])C(C#N)C1,[*]CCC1CC([*])C(C#N)C1,
materials,mat_test_3824,Attribution-Low,50,42,[*]C=CC1CC([*])C(C#N)C1,C=CC1CC([*])C(C#N)C1,5.8629,-1.3008774518966675,-1.0233405828475952,0.27753686904907227,0.27753686904907227,,3,50,36,19,55,,,0.065887451171875,0.013816595077514648,0.05207085609436035,True,36,36,36,[*]C=CC1CC([*])C(C#N)C1,C=CC1CC([*])C(C#N)C1,
materials,mat_test_3824,Attribution-Random,50,42,[*]C=CC1CC([*])C(C#N)C1,[*]CCC1CC([*])C(C#N)C1,5.8629,-1.3008774518966675,-0.6434372663497925,0.657440185546875,0.657440185546875,,1,50,15,19,34,,,0.04451870918273926,0.013322591781616211,0.031196117401123047,True,15,15,15,[*]C=CC1CC([*])C(C#N)C1,[*]CCC1CC([*])C(C#N)C1,
materials,mat_test_4147,Random,5,42,[*]C(=O)NCCCCCCCCNC(=O)c1ccc([*])nc1,[*]C(=O)NCCCCCCCNC(=O)c1ccc([*])nc1,4.8735,-1.2460864782333374,-1.3473507165908813,-0.10126423835754395,0.10126423835754395,,1,5,3,0,3,,,0.006608247756958008,0,0.006608247756958008,True,3,3,3,[*]C(=O)NCCCCCCCCNC(=O)c1ccc([*])nc1,[*]C(=O)NCCCCCCCNC(=O)c1ccc([*])nc1,
materials,mat_test_4147,MCMC,5,42,[*]C(=O)NCCCCCCCCNC(=O)c1ccc([*])nc1,[*]C(O)NCCCCCCCCPNC(=O)c1ccc([*])nn1,4.8735,-1.2460864782333374,-1.0189719200134277,0.22711455821990967,0.22711455821990967,,3,5,4,0,4,,,0.0075893402099609375,0,0.0075893402099609375,True,4,4,4,[*]C(=O)NCCCCCCCCNC(=O)c1ccc([*])nc1,[*]C(O)NCCCCCCCCPNC(=O)c1ccc([*])nn1,
materials,mat_test_4147,Evolutionary,5,42,[*]C(=O)NCCCCCCCCNC(=O)c1ccc([*])nc1,[*]C(=O)NCCCCCCCNC(O)c1ccc([*])nc1,4.8735,-1.2460864782333374,-1.0855237245559692,0.16056275367736816,0.16056275367736816,,2,8,5,0,5,,,0.009923458099365234,0,0.009923458099365234,True,5,5,5,[*]C(=O)NCCCCCCCCNC(=O)c1ccc([*])nc1,[*]C(=O)NCCCCCCCNC(O)c1ccc([*])nc1,
materials,mat_test_4147,Attribution-High,5,42,[*]C(=O)NCCCCCCCCNC(=O)c1ccc([*])nc1,[*]C(O)NCCCCCCCCNC(=O)c1ccc([*])nc1,4.8735,-1.2460864782333374,-1.267850637435913,-0.021764159202575684,0.021764159202575684,,1,5,4,32,36,,,0.03560900688171387,0.0295560359954834,0.006052970886230469,True,4,4,4,[*]C(=O)NCCCCCCCCNC(=O)c1ccc([*])nc1,[*]C(O)NCCCCCCCCNC(=O)c1ccc([*])nc1,
materials,mat_test_4147,Attribution-Low,5,42,[*]C(=O)NCCCCCCCCNC(=O)c1ccc([*])nc1,[*]C(=O)NCCCCCCCCNC(=O)c1ccc([*])nc1,4.8735,-1.2460864782333374,-1.2460864782333374,0.0,0.0,,0,5,0,32,32,,,0.029425382614135742,0.02814006805419922,0.0012853145599365234,False,0,0,0,[*]C(=O)NCCCCCCCCNC(=O)c1ccc([*])nc1,[*]C(=O)NCCCCCCCCNC(=O)c1ccc([*])nc1,
materials,mat_test_4147,Attribution-Random,5,42,[*]C(=O)NCCCCCCCCNC(=O)c1ccc([*])nc1,[*]C(=O)CCCCCCCCNC(=O)c1ccc([*])nc1,4.8735,-1.2460864782333374,-1.4290233850479126,-0.1829369068145752,0.1829369068145752,,1,5,3,32,35,,,0.03370952606201172,0.028542757034301758,0.005166769027709961,True,3,3,3,[*]C(=O)NCCCCCCCCNC(=O)c1ccc([*])nc1,[*]C(=O)CCCCCCCCNC(=O)c1ccc([*])nc1,
materials,mat_test_4147,Random,20,42,[*]C(=O)NCCCCCCCCNC(=O)c1ccc([*])nc1,[*]C(-O)NCCCCCCCCNC(=O)c1ccc([*])nc1,4.8735,-1.2460864782333374,-0.952945351600647,0.29314112663269043,0.29314112663269043,,1,20,10,0,10,,,0.03257274627685547,0,0.03257274627685547,True,10,10,10,[*]C(=O)NCCCCCCCCNC(=O)c1ccc([*])nc1,[*]C(-O)NCCCCCCCCNC(=O)c1ccc([*])nc1,
materials,mat_test_4147,MCMC,20,42,[*]C(=O)NCCCCCCCCNC(=O)c1ccc([*])nc1,[*]C(=O)NCCCCCOCNCP(=O)Cc-1cIcc([*])ncP1,4.8735,-1.2460864782333374,-1.036424160003662,0.2096623182296753,0.2096623182296753,,7,20,7,0,7,,,0.13335204124450684,0,0.13335204124450684,True,7,7,7,[*]C(=O)NCCCCCCCCNC(=O)c1ccc([*])nc1,[*]C(=O)NCCCCCOCNCP(=O)Cc-1cIcc([*])ncP1,
materials,mat_test_4147,Evolutionary,20,42,[*]C(=O)NCCCCCCCCNC(=O)c1ccc([*])nc1,[*]C(O)NCCCCCCCCNC(O)c1ncc([*])nc1,4.8735,-1.2460864782333374,-0.8822990655899048,0.3637874126434326,0.3637874126434326,,3,39,20,0,20,,,0.06893277168273926,0,0.06893277168273926,True,20,20,20,[*]C(=O)NCCCCCCCCNC(=O)c1ccc([*])nc1,[*]C(O)NCCCCCCCCNC(O)c1ncc([*])nc1,
materials,mat_test_4147,Attribution-High,20,42,[*]C(=O)NCCCCCCCCNC(=O)c1ccc([*])nc1,[*]C(CO)NCCCCCCCCNC(=O)c1ccc([*])nc1,4.8735,-1.2460864782333374,-0.961775541305542,0.2843109369277954,0.2843109369277954,,1,20,15,32,47,,,0.05955004692077637,0.03047776222229004,0.029072284698486328,True,15,15,15,[*]C(=O)NCCCCCCCCNC(=O)c1ccc([*])nc1,[*]C(CO)NCCCCCCCCNC(=O)c1ccc([*])nc1,
materials,mat_test_4147,Attribution-Low,20,42,[*]C(=O)NCCCCCCCCNC(=O)c1ccc([*])nc1,[*]C(=O)NCCCCCCCCNC(=O)c1ccc([*])=c1,4.8735,-1.2460864782333374,-1.4674925804138184,-0.22140610218048096,0.22140610218048096,,1,20,2,32,34,,,0.04293060302734375,0.030401229858398438,0.012529373168945312,True,2,2,2,[*]C(=O)NCCCCCCCCNC(=O)c1ccc([*])nc1,[*]C(=O)NCCCCCCCCNC(=O)c1ccc([*])=c1,
materials,mat_test_4147,Attribution-Random,20,42,[*]C(=O)NCCCCCCCCNC(=O)c1ccc([*])nc1,[*](=O)NCCCCCCCCNC(=O)c1ccc([*])nc1,4.8735,-1.2460864782333374,-1.6315839290618896,-0.38549745082855225,0.38549745082855225,,1,20,5,32,37,,,0.0603938102722168,0.04715919494628906,0.013234615325927734,True,5,5,5,[*]C(=O)NCCCCCCCCNC(=O)c1ccc([*])nc1,[*](=O)NCCCCCCCCNC(=O)c1ccc([*])nc1,
materials,mat_test_4147,Random,50,42,[*]C(=O)NCCCCCCCCNC(=O)c1ccc([*])nc1,[*](=O)NCCCCCCCCNC(=O)c1ccc([*])nc1,4.8735,-1.2460864782333374,-1.6315839290618896,-0.38549745082855225,0.38549745082855225,,1,50,26,0,26,,,0.054901838302612305,0,0.054901838302612305,True,26,26,26,[*]C(=O)NCCCCCCCCNC(=O)c1ccc([*])nc1,[*](=O)NCCCCCCCCNC(=O)c1ccc([*])nc1,
materials,mat_test_4147,MCMC,50,42,[*]C(=O)NCCCCCCCCNC(=O)c1ccc([*])nc1,[*]C(=O)NCCNIN[N+](P=S)c1ccc([*])/nn1,4.8735,-1.2460864782333374,-1.7428797483444214,-0.496793270111084,0.496793270111084,,12,50,24,0,24,,,0.053047895431518555,0,0.053047895431518555,True,24,24,24,[*]C(=O)NCCCCCCCCNC(=O)c1ccc([*])nc1,[*]C(=O)NCCNIN[N+](P=S)c1ccc([*])/nn1,
materials,mat_test_4147,Evolutionary,50,42,[*]C(=O)NCCCCCCCCNC(=O)c1ccc([*])nc1,[*]C(\O)NCCCCCCCCC(/O)c1c[N-]Ccc([*])nc1,4.8735,-1.2460864782333374,-0.5153704285621643,0.7307160496711731,0.7307160496711731,,8,82,50,0,50,,,0.10028290748596191,0,0.10028290748596191,True,50,50,50,[*]C(=O)NCCCCCCCCNC(=O)c1ccc([*])nc1,[*]C(\O)NCCCCCCCCC(/O)c1c[N-]Ccc([*])nc1,
materials,mat_test_4147,Attribution-High,50,42,[*]C(=O)NCCCCCCCCNC(=O)c1ccc([*])nc1,[*]C([*]O)NCCCCCCCCNC(=O)c1ccc([*])nc1,4.8735,-1.2460864782333374,-0.9126683473587036,0.3334181308746338,0.3334181308746338,,3,50,33,32,65,,,0.10179686546325684,0.0287935733795166,0.07300329208374023,True,33,33,33,[*]C(=O)NCCCCCCCCNC(=O)c1ccc([*])nc1,[*]C([*]O)NCCCCCCCCNC(=O)c1ccc([*])nc1,
materials,mat_test_4147,Attribution-Low,50,42,[*]C(=O)NCCCCCCCCNC(=O)c1ccc([*])nc1,[*]C(=O)NCCCCCCCCNC(=O)c1ccc([*])nc1,4.8735,-1.2460864782333374,-1.2460864782333374,0.0,0.0,,0,50,0,32,32,,,0.046296119689941406,0.031057357788085938,0.015238761901855469,False,0,0,0,[*]C(=O)NCCCCCCCCNC(=O)c1ccc([*])nc1,[*]C(=O)NCCCCCCCCNC(=O)c1ccc([*])nc1,
materials,mat_test_4147,Attribution-Random,50,42,[*]C(=O)NCCCCCCCCNC(=O)c1ccc([*])nc1,[*](=O)NCCCCCCCCNC(=O)c1ccc([*])nc1,4.8735,-1.2460864782333374,-1.6315839290618896,-0.38549745082855225,0.38549745082855225,,1,50,18,32,50,,,0.06112551689147949,0.034011125564575195,0.027114391326904297,True,18,18,18,[*]C(=O)NCCCCCCCCNC(=O)c1ccc([*])nc1,[*](=O)NCCCCCCCCNC(=O)c1ccc([*])nc1,
materials,mat_test_3722,Random,5,42,C(F)(F)C(S1)=CC=C1C(F)(F)C(S2)=CC=C2,C(F)(F)C(S1)=CC=C1C(F)(F)C(S2)=CC/C2,3.4068,-1.2662938833236694,-1.1624822616577148,0.10381162166595459,0.10381162166595459,,1,5,2,0,2,,,0.0035238265991210938,0,0.0035238265991210938,True,2,2,2,C(F)(F)C(S1)=CC=C1C(F)(F)C(S2)=CC=C2,C(F)(F)C(S1)=CC=C1C(F)(F)C(S2)=CC/C2,
materials,mat_test_3722,MCMC,5,42,C(F)(F)C(S1)=CC=C1C(F)(F)C(S2)=CC=C2,C(F)(F)C(S1)=C=C1C(F)(F)C(S2)=CC\C2,3.4068,-1.2662938833236694,-1.0258605480194092,0.24043333530426025,0.24043333530426025,,2,5,2,0,2,,,0.00379180908203125,0,0.00379180908203125,True,2,2,2,C(F)(F)C(S1)=CC=C1C(F)(F)C(S2)=CC=C2,C(F)(F)C(S1)=C=C1C(F)(F)C(S2)=CC\C2,
materials,mat_test_3722,Evolutionary,5,42,C(F)(F)C(S1)=CC=C1C(F)(F)C(S2)=CC=C2,C(F)(F)C(S1)NC=C1C(F)(F)C(S2)=CC=C2,3.4068,-1.2662938833236694,-0.9828453063964844,0.28344857692718506,0.28344857692718506,,2,10,5,0,5,,,0.00934600830078125,0,0.00934600830078125,True,5,5,5,C(F)(F)C(S1)=CC=C1C(F)(F)C(S2)=CC=C2,C(F)(F)C(S1)NC=C1C(F)(F)C(S2)=CC=C2,
materials,mat_test_3722,Attribution-High,5,42,C(F)(F)C(S1)=CC=C1C(F)(F)C(S2)=CC=C2,C(F)(F)C(S1)=CCC1C(F)(F)C(S2)=CC=C2,3.4068,-1.2662938833236694,-0.979292631149292,0.28700125217437744,0.28700125217437744,,1,5,3,36,39,,,0.03935956954956055,0.03443789482116699,0.004921674728393555,True,3,3,3,C(F)(F)C(S1)=CC=C1C(F)(F)C(S2)=CC=C2,C(F)(F)C(S1)=CCC1C(F)(F)C(S2)=CC=C2,
materials,mat_test_3722,Attribution-Low,5,42,C(F)(F)C(S1)=CC=C1C(F)(F)C(S2)=CC=C2,C(F)(F)C(S1)=CC=C1C(F)(F)C(S2)=CC=C2,3.4068,-1.2662938833236694,-1.2662938833236694,0.0,0.0,,0,5,0,36,36,,,0.03316760063171387,0.03229951858520508,0.0008680820465087891,False,0,0,0,C(F)(F)C(S1)=CC=C1C(F)(F)C(S2)=CC=C2,C(F)(F)C(S1)=CC=C1C(F)(F)C(S2)=CC=C2,
materials,mat_test_3722,Attribution-Random,5,42,C(F)(F)C(S1)=CC=C1C(F)(F)C(S2)=CC=C2,C(F)(F)C(S1)=CC=C1C(F)(F)C(S2)=CC=C2,3.4068,-1.2662938833236694,-1.2662938833236694,0.0,0.0,,0,5,0,36,36,,,0.03403782844543457,0.033240318298339844,0.0007975101470947266,False,0,0,0,C(F)(F)C(S1)=CC=C1C(F)(F)C(S2)=CC=C2,C(F)(F)C(S1)=CC=C1C(F)(F)C(S2)=CC=C2,
materials,mat_test_3722,Random,20,42,C(F)(F)C(S1)=CC=C1C(F)(F)C(S2)=CC=C2,C(F)(F)C(S1)=CC=C1C(F)(F)C(S2)CC=C2,3.4068,-1.2662938833236694,-1.0600072145462036,0.20628666877746582,0.20628666877746582,,1,20,12,0,12,,,0.023715734481811523,0,0.023715734481811523,True,12,12,12,C(F)(F)C(S1)=CC=C1C(F)(F)C(S2)=CC=C2,C(F)(F)C(S1)=CC=C1C(F)(F)C(S2)CC=C2,
materials,mat_test_3722,MCMC,20,42,C(F)(F)C(S1)=CC=C1C(F)(F)C(S2)=CC=C2,C(N)(F)S(S1)=C=C1C(F)(F)C(O2)\C\2,3.4068,-1.2662938833236694,-0.6997805833816528,0.5665132999420166,0.5665132999420166,,8,20,11,0,11,,,0.022002696990966797,0,0.022002696990966797,True,11,11,11,C(F)(F)C(S1)=CC=C1C(F)(F)C(S2)=CC=C2,C(N)(F)S(S1)=C=C1C(F)(F)C(O2)\C\2,
materials,mat_test_3722,Evolutionary,20,42,C(F)(F)C(S1)=CC=C1C(F)(F)C(S2)=CC=C2,C(F)(F)S(S1)#CIC1C(F)(F)C(S2)=[Si]CC=C2,3.4068,-1.2662938833236694,-0.8086745142936707,0.4576193690299988,0.4576193690299988,,8,48,20,0,20,,,0.05402207374572754,0,0.05402207374572754,True,20,20,20,C(F)(F)C(S1)=CC=C1C(F)(F)C(S2)=CC=C2,C(F)(F)S(S1)#CIC1C(F)(F)C(S2)=[Si]CC=C2,
materials,mat_test_3722,Attribution-High,20,42,C(F)(F)C(S1)=CC=C1C(F)(F)C(S2)=CC=C2,C(F)(F)C(S1)=CCC1C(F)(F)C(S2)=CC=C2,3.4068,-1.2662938833236694,-0.979292631149292,0.28700125217437744,0.28700125217437744,,1,20,12,36,48,,,0.051286935806274414,0.033225059509277344,0.01806187629699707,True,12,12,12,C(F)(F)C(S1)=CC=C1C(F)(F)C(S2)=CC=C2,C(F)(F)C(S1)=CCC1C(F)(F)C(S2)=CC=C2,
materials,mat_test_3722,Attribution-Low,20,42,C(F)(F)C(S1)=CC=C1C(F)(F)C(S2)=CC=C2,C(F)(F)C(S1)=CC=C1C(F)(F)C(S2)=CC=C2,3.4068,-1.2662938833236694,-1.2662938833236694,0.0,0.0,,0,20,0,36,36,,,0.04233860969543457,0.03653144836425781,0.005807161331176758,False,0,0,0,C(F)(F)C(S1)=CC=C1C(F)(F)C(S2)=CC=C2,C(F)(F)C(S1)=CC=C1C(F)(F)C(S2)=CC=C2,
materials,mat_test_3722,Attribution-Random,20,42,C(F)(F)C(S1)=CC=C1C(F)(F)C(S2)=CC=C2,C(F)(F)C(S1)=CC=C1C(F)(F)C(S2)=CCC2,3.4068,-1.2662938833236694,-1.0130186080932617,0.2532752752304077,0.2532752752304077,,1,20,3,36,39,,,0.041164398193359375,0.03426194190979004,0.006902456283569336,True,3,3,3,C(F)(F)C(S1)=CC=C1C(F)(F)C(S2)=CC=C2,C(F)(F)C(S1)=CC=C1C(F)(F)C(S2)=CCC2,
materials,mat_test_3722,Random,50,42,C(F)(F)C(S1)=CC=C1C(F)(F)C(S2)=CC=C2,C(F)(F)C(S1)=CC=C1C(F)(F)C(S2)CC=C2,3.4068,-1.2662938833236694,-1.0600072145462036,0.20628666877746582,0.20628666877746582,,1,50,30,0,30,,,0.05675935745239258,0,0.05675935745239258,True,30,30,30,C(F)(F)C(S1)=CC=C1C(F)(F)C(S2)=CC=C2,C(F)(F)C(S1)=CC=C1C(F)(F)C(S2)CC=C2,
materials,mat_test_3722,MCMC,50,42,C(F)(F)C(S1)=CC=C1C(F)(F)C(S2)=CC=C2,S[Si]([N-])(F)C(P1)/C1C(O)(CBr)S[N+]([N-]P2)I=CC-N2,3.4068,-1.2662938833236694,-0.6080149412155151,0.6582789421081543,0.6582789421081543,,31,50,29,0,29,,,0.06513833999633789,0,0.06513833999633789,True,29,29,29,C(F)(F)C(S1)=CC=C1C(F)(F)C(S2)=CC=C2,S[Si]([N-])(F)C(P1)/C1C(O)(CBr)S[N+]([N-]P2)I=CC-N2,
materials,mat_test_3722,Evolutionary,50,42,C(F)(F)C(S1)=CC=C1C(F)(F)C(S2)=CC=C2,C(NF)(F)C(S1)/CCC1C(F)(O)C(S2)CNCC2,3.4068,-1.2662938833236694,-0.3016049563884735,0.9646889269351959,0.9646889269351959,,7,92,50,0,50,,,0.10314798355102539,0,0.10314798355102539,True,50,50,50,C(F)(F)C(S1)=CC=C1C(F)(F)C(S2)=CC=C2,C(NF)(F)C(S1)/CCC1C(F)(O)C(S2)CNCC2,
materials,mat_test_3722,Attribution-High,50,42,C(F)(F)C(S1)=CC=C1C(F)(F)C(S2)=CC=C2,C(F)(F)C(S1)=CCC1C(F)(F)C(S2)=CC=C2,3.4068,-1.2662938833236694,-0.979292631149292,0.28700125217437744,0.28700125217437744,,1,50,36,36,72,,,0.0852656364440918,0.03315138816833496,0.052114248275756836,True,36,36,36,C(F)(F)C(S1)=CC=C1C(F)(F)C(S2)=CC=C2,C(F)(F)C(S1)=CCC1C(F)(F)C(S2)=CC=C2,
materials,mat_test_3722,Attribution-Low,50,42,C(F)(F)C(S1)=CC=C1C(F)(F)C(S2)=CC=C2,C(F)(F)C(S1)=CC=C1C(F)(F)C(S2)=CC=C2,3.4068,-1.2662938833236694,-1.2662938833236694,0.0,0.0,,0,50,1,36,37,,,0.052117109298706055,0.04021406173706055,0.011903047561645508,True,1,1,1,C(F)(F)C(S1)=CC=C1C(F)(F)C(S2)=CC=C2,C(F)(F)C(S1)=CC=C1C(F)(F)C(S2)=CC=C2,
materials,mat_test_3722,Attribution-Random,50,42,C(F)(F)C(S1)=CC=C1C(F)(F)C(S2)=CC=C2,C(F)(F)C(S1)=CC=C1C(F)(F)C(S2)CC=C2,3.4068,-1.2662938833236694,-1.0600072145462036,0.20628666877746582,0.20628666877746582,,1,50,10,36,46,,,0.06403470039367676,0.03345298767089844,0.03058171272277832,True,10,10,10,C(F)(F)C(S1)=CC=C1C(F)(F)C(S2)=CC=C2,C(F)(F)C(S1)=CC=C1C(F)(F)C(S2)CC=C2,
materials,mat_test_4073,Random,5,42,COCOCCCO,BrCOCOCCCO,6.5494,-1.013473629951477,-1.266609787940979,-0.25313615798950195,0.25313615798950195,,2,5,3,0,3,,,0.005482912063598633,0,0.005482912063598633,True,3,3,3,COCOCCCO,BrCOCOCCCO,
materials,mat_test_4073,MCMC,5,42,COCOCCCO,COCOCCC,6.5494,-1.013473629951477,-1.0659176111221313,-0.0524439811706543,0.0524439811706543,,1,5,3,0,3,,,0.005074262619018555,0,0.005074262619018555,True,3,3,3,COCOCCCO,COCOCCC,
materials,mat_test_4073,Evolutionary,5,42,COCOCCCO,COOCCCO,6.5494,-1.013473629951477,-0.9282345771789551,0.08523905277252197,0.08523905277252197,,1,6,5,0,5,,,0.0077800750732421875,0,0.0077800750732421875,True,5,5,5,COCOCCCO,COOCCCO,
materials,mat_test_4073,Attribution-High,5,42,COCOCCCO,CSCOCCCO,6.5494,-1.013473629951477,-1.3097363710403442,-0.2962627410888672,0.2962627410888672,,1,5,4,8,12,,,0.010700702667236328,0.00485992431640625,0.005840778350830078,True,4,4,4,COCOCCCO,CSCOCCCO,
materials,mat_test_4073,Attribution-Low,5,42,COCOCCCO,COCCCCO,6.5494,-1.013473629951477,-0.8842372298240662,0.1292364001274109,0.1292364001274109,,1,5,3,8,11,,,0.009660482406616211,0.00487208366394043,0.004788398742675781,True,3,3,3,COCOCCCO,COCCCCO,
materials,mat_test_4073,Attribution-Random,5,42,COCOCCCO,COOCCCO,6.5494,-1.013473629951477,-0.9282345771789551,0.08523905277252197,0.08523905277252197,,1,5,3,8,11,,,0.009886503219604492,0.0050356388092041016,0.004850864410400391,True,3,3,3,COCOCCCO,COOCCCO,
materials,mat_test_4073,Random,20,42,COCOCCCO,COCCCCCO,6.5494,-1.013473629951477,-0.905682384967804,0.1077912449836731,0.1077912449836731,,1,20,16,0,16,,,0.025649070739746094,0,0.025649070739746094,True,16,16,16,COCOCCCO,COCCCCCO,
materials,mat_test_4073,MCMC,20,42,COCOCCCO,COCPCCN,6.5494,-1.013473629951477,-0.7823773622512817,0.2310962677001953,0.2310962677001953,,3,20,19,0,19,,,0.028415203094482422,0,0.028415203094482422,True,19,19,19,COCOCCCO,COCPCCN,
materials,mat_test_4073,Evolutionary,20,42,COCOCCCO,ICOIOCCCO,6.5494,-1.013473629951477,-1.2291285991668701,-0.21565496921539307,0.21565496921539307,,2,24,20,0,20,,,0.03898954391479492,0,0.03898954391479492,True,20,20,20,COCOCCCO,ICOIOCCCO,
materials,mat_test_4073,Attribution-High,20,42,COCOCCCO,C=COCCCO,6.5494,-1.013473629951477,-1.4325182437896729,-0.4190446138381958,0.4190446138381958,,1,20,14,8,22,,,0.025745630264282227,0.0061457157135009766,0.01959991455078125,True,14,14,14,COCOCCCO,C=COCCCO,
materials,mat_test_4073,Attribution-Low,20,42,COCOCCCO,COCCCCO,6.5494,-1.013473629951477,-0.8842372298240662,0.1292364001274109,0.1292364001274109,,1,20,13,8,21,,,0.022971391677856445,0.005609750747680664,0.01736164093017578,True,13,13,13,COCOCCCO,COCCCCO,
materials,mat_test_4073,Attribution-Random,20,42,COCOCCCO,COCOCC[*]O,6.5494,-1.013473629951477,-0.8445345759391785,0.16893905401229858,0.16893905401229858,,3,20,15,8,23,,,0.02562737464904785,0.004834890365600586,0.020792484283447266,True,15,15,15,COCOCCCO,COCOCC[*]O,
materials,mat_test_4073,Random,50,42,COCOCCCO,COCOCCNCO,6.5494,-1.013473629951477,-0.8066389560699463,0.20683467388153076,0.20683467388153076,,1,50,37,0,37,,,0.05647706985473633,0,0.05647706985473633,True,37,37,37,COCOCCCO,COCOCCNCO,
materials,mat_test_4073,MCMC,50,42,COCOCCCO,OCOC=SC,6.5494,-1.013473629951477,-1.6201279163360596,-0.6066542863845825,0.6066542863845825,,4,50,46,0,46,,,0.06254005432128906,0,0.06254005432128906,True,46,46,46,COCOCCCO,OCOC=SC,
materials,mat_test_4073,Evolutionary,50,42,COCOCCCO,OCO,6.5494,-1.013473629951477,-1.2879747152328491,-0.27450108528137207,0.27450108528137207,,5,59,50,0,50,,,0.06889224052429199,0,0.06889224052429199,True,50,50,50,COCOCCCO,OCO,
materials,mat_test_4073,Attribution-High,50,42,COCOCCCO,C#COCCCO,6.5494,-1.013473629951477,-1.2659813165664673,-0.25250768661499023,0.25250768661499023,,1,50,38,8,46,,,0.057085514068603516,0.004731178283691406,0.05235433578491211,True,38,38,38,COCOCCCO,C#COCCCO,
materials,mat_test_4073,Attribution-Low,50,42,COCOCCCO,COCCCCO,6.5494,-1.013473629951477,-0.8842372298240662,0.1292364001274109,0.1292364001274109,,1,50,35,8,43,,,0.07227778434753418,0.004914760589599609,0.06736302375793457,True,35,35,35,COCOCCCO,COCCCCO,
materials,mat_test_4073,Attribution-Random,50,42,COCOCCCO,COCCCCO,6.5494,-1.013473629951477,-0.8842372298240662,0.1292364001274109,0.1292364001274109,,1,50,30,8,38,,,0.0553133487701416,0.004729270935058594,0.05058407783508301,True,30,30,30,COCOCCCO,COCCCCO,
materials,mat_test_3982,Random,5,42,[*]C(=O)c1ccc2c(c1)C(=O)N(c1cccc(Nc3nc(Nc4cccc(N5C(=O)c6ccc([*])cc6C5=O)c4)nc(N(C)C)n3)c1)C2=O,[*]C(=O)c1ccc2c(c1)C(=O)N(c1cccc(Nc3nc(Nc4cccc(N5C(=I)c6ccc([*])cc6C5=O)c4)nc(N(C)C)n3)c1)C2=O,2.4856,-1.5121341943740845,-1.5897295475006104,-0.07759535312652588,0.07759535312652588,,1,5,3,0,3,,,0.00999903678894043,0,0.00999903678894043,True,3,3,3,[*]C(=O)c1ccc2c(c1)C(=O)N(c1cccc(Nc3nc(Nc4cccc(N5C(=O)c6ccc([*])cc6C5=O)c4)nc(N(C)C)n3)c1)C2=O,[*]C(=O)c1ccc2c(c1)C(=O)N(c1cccc(Nc3nc(Nc4cccc(N5C(=I)c6ccc([*])cc6C5=O)c4)nc(N(C)C)n3)c1)C2=O,
materials,mat_test_3982,MCMC,5,42,[*]C(=O)c1ccc2c(c1)C(=O)N(c1cccc(Nc3nc(Nc4cccc(N5C(=O)c6ccc([*])cc6C5=O)c4)nc(N(C)C)n3)c1)C2=O,[*]C(=PO)c1ccc2c(c1)C(=O)N(c1cccc(Nc3nc(Nc4cccc(N5C(=O)c6ccc([*])cc6C5=O)c4)nc(N(C)C)n3)c1)C2=O,2.4856,-1.5121341943740845,-1.5416687726974487,-0.029534578323364258,0.029534578323364258,,1,5,1,0,1,,,0.005370140075683594,0,0.005370140075683594,True,1,1,1,[*]C(=O)c1ccc2c(c1)C(=O)N(c1cccc(Nc3nc(Nc4cccc(N5C(=O)c6ccc([*])cc6C5=O)c4)nc(N(C)C)n3)c1)C2=O,[*]C(=PO)c1ccc2c(c1)C(=O)N(c1cccc(Nc3nc(Nc4cccc(N5C(=O)c6ccc([*])cc6C5=O)c4)nc(N(C)C)n3)c1)C2=O,
materials,mat_test_3982,Evolutionary,5,42,[*]C(=O)c1ccc2c(c1)C(=O)N(c1cccc(Nc3nc(Nc4cccc(N5C(=O)c6ccc([*])cc6C5=O)c4)nc(N(C)C)n3)c1)C2=O,[*]C(=O)-c1ccc2c(c1)C(=O)N(c1cccc(Nc3nc(Nc4cccc(N5C(=O)c6ccc([*])cc6C5=O)c4)nc(N(C)C)n3)c1)C2=O,2.4856,-1.5121341943740845,-1.6590651273727417,-0.14693093299865723,0.14693093299865723,,1,7,5,0,5,,,0.014226436614990234,0,0.014226436614990234,True,5,5,5,[*]C(=O)c1ccc2c(c1)C(=O)N(c1cccc(Nc3nc(Nc4cccc(N5C(=O)c6ccc([*])cc6C5=O)c4)nc(N(C)C)n3)c1)C2=O,[*]C(=O)-c1ccc2c(c1)C(=O)N(c1cccc(Nc3nc(Nc4cccc(N5C(=O)c6ccc([*])cc6C5=O)c4)nc(N(C)C)n3)c1)C2=O,
materials,mat_test_3982,Attribution-High,5,42,[*]C(=O)c1ccc2c(c1)C(=O)N(c1cccc(Nc3nc(Nc4cccc(N5C(=O)c6ccc([*])cc6C5=O)c4)nc(N(C)C)n3)c1)C2=O,[*]C(=O)c1ccc2c(c1)C(=O)N(c1cccc(Nc3nc(Nc4cccc(N5C(=O)c6ccc([*])cc6C5=O)c4)nc(N(C)C)n3)c1)C2=O,2.4856,-1.5121341943740845,-1.5121341943740845,0.0,0.0,,0,5,0,90,90,,,0.09246969223022461,0.09057831764221191,0.0018913745880126953,False,0,0,0,[*]C(=O)c1ccc2c(c1)C(=O)N(c1cccc(Nc3nc(Nc4cccc(N5C(=O)c6ccc([*])cc6C5=O)c4)nc(N(C)C)n3)c1)C2=O,[*]C(=O)c1ccc2c(c1)C(=O)N(c1cccc(Nc3nc(Nc4cccc(N5C(=O)c6ccc([*])cc6C5=O)c4)nc(N(C)C)n3)c1)C2=O,
materials,mat_test_3982,Attribution-Low,5,42,[*]C(=O)c1ccc2c(c1)C(=O)N(c1cccc(Nc3nc(Nc4cccc(N5C(=O)c6ccc([*])cc6C5=O)c4)nc(N(C)C)n3)c1)C2=O,[*]C(=O)c1ccc2c(c1)C(=O)N(c1cccc(Nc3nc(Nc4cccc(N5C(=O)c6ccc([*])cc6C5=O)c4)nc(N(C)C)n3)c1)C2=O,2.4856,-1.5121341943740845,-1.5121341943740845,0.0,0.0,,0,5,0,90,90,,,0.0929114818572998,0.09082841873168945,0.0020830631256103516,False,0,0,0,[*]C(=O)c1ccc2c(c1)C(=O)N(c1cccc(Nc3nc(Nc4cccc(N5C(=O)c6ccc([*])cc6C5=O)c4)nc(N(C)C)n3)c1)C2=O,[*]C(=O)c1ccc2c(c1)C(=O)N(c1cccc(Nc3nc(Nc4cccc(N5C(=O)c6ccc([*])cc6C5=O)c4)nc(N(C)C)n3)c1)C2=O,
materials,mat_test_3982,Attribution-Random,5,42,[*]C(=O)c1ccc2c(c1)C(=O)N(c1cccc(Nc3nc(Nc4cccc(N5C(=O)c6ccc([*])cc6C5=O)c4)nc(N(C)C)n3)c1)C2=O,[*]C(=O)c1ccc2c(c1)C(O)N(c1cccc(Nc3nc(Nc4cccc(N5C(=O)c6ccc([*])cc6C5=O)c4)nc(N(C)C)n3)c1)C2=O,2.4856,-1.5121341943740845,-1.6980563402175903,-0.18592214584350586,0.18592214584350586,,1,5,1,90,91,,,0.08517146110534668,0.08233499526977539,0.002836465835571289,True,1,1,1,[*]C(=O)c1ccc2c(c1)C(=O)N(c1cccc(Nc3nc(Nc4cccc(N5C(=O)c6ccc([*])cc6C5=O)c4)nc(N(C)C)n3)c1)C2=O,[*]C(=O)c1ccc2c(c1)C(O)N(c1cccc(Nc3nc(Nc4cccc(N5C(=O)c6ccc([*])cc6C5=O)c4)nc(N(C)C)n3)c1)C2=O,
materials,mat_test_3982,Random,20,42,[*]C(=O)c1ccc2c(c1)C(=O)N(c1cccc(Nc3nc(Nc4cccc(N5C(=O)c6ccc([*])cc6C5=O)c4)nc(N(C)C)n3)c1)C2=O,[*]C(=O)c1ccc2c(c1)Cc(=O)N(c1cccc(Nc3nc(Nc4cccc(N5C(=O)c6ccc([*])cc6C5=O)c4)nc(N(C)C)n3)c1)C2=O,2.4856,-1.5121341943740845,-1.7642685174942017,-0.2521343231201172,0.2521343231201172,,1,20,7,0,7,,,0.024054527282714844,0,0.024054527282714844,True,7,7,7,[*]C(=O)c1ccc2c(c1)C(=O)N(c1cccc(Nc3nc(Nc4cccc(N5C(=O)c6ccc([*])cc6C5=O)c4)nc(N(C)C)n3)c1)C2=O,[*]C(=O)c1ccc2c(c1)Cc(=O)N(c1cccc(Nc3nc(Nc4cccc(N5C(=O)c6ccc([*])cc6C5=O)c4)nc(N(C)C)n3)c1)C2=O,
materials,mat_test_3982,MCMC,20,42,[*]C(=O)c1ccc2c(c1)C(=O)N(c1cccc(Nc3nc(Nc4cccc(N5C(=O)c6ccc([*])cc6C5=O)c4)nc(N(C)C)n3)c1)C2=O,[*]C(=O)c\1ccc2c(n1)C(=O)P(c1[N-]cccc(Nc3nc(Pc4cccc(N5C(=O)c6ccc([*])cc6C5=O)c4)nc(N(C)C)n3)c1)C2=O,2.4856,-1.5121341943740845,-1.3812862634658813,0.13084793090820312,0.13084793090820312,,8,20,5,0,5,,,0.021808147430419922,0,0.021808147430419922,True,5,5,5,[*]C(=O)c1ccc2c(c1)C(=O)N(c1cccc(Nc3nc(Nc4cccc(N5C(=O)c6ccc([*])cc6C5=O)c4)nc(N(C)C)n3)c1)C2=O,[*]C(=O)c\1ccc2c(n1)C(=O)P(c1[N-]cccc(Nc3nc(Pc4cccc(N5C(=O)c6ccc([*])cc6C5=O)c4)nc(N(C)C)n3)c1)C2=O,
materials,mat_test_3982,Evolutionary,20,42,[*]C(=O)c1ccc2c(c1)C(=O)N(c1cccc(Nc3nc(Nc4cccc(N5C(=O)c6ccc([*])cc6C5=O)c4)nc(N(C)C)n3)c1)C2=O,[*]C(=O)s1ccc2c(c1)C(=O)N(c1cccs(Nc3nc(NSc4ccc[nH]c(N5C(=O)c6ccc([*])cc#6C5=O)c4)nc(N(C)C)n3)c1)C2=O,2.4856,-1.5121341943740845,-2.1250693798065186,-0.6129351854324341,0.6129351854324341,,8,52,20,0,20,,,0.0864417552947998,0,0.0864417552947998,True,20,20,20,[*]C(=O)c1ccc2c(c1)C(=O)N(c1cccc(Nc3nc(Nc4cccc(N5C(=O)c6ccc([*])cc6C5=O)c4)nc(N(C)C)n3)c1)C2=O,[*]C(=O)s1ccc2c(c1)C(=O)N(c1cccs(Nc3nc(NSc4ccc[nH]c(N5C(=O)c6ccc([*])cc#6C5=O)c4)nc(N(C)C)n3)c1)C2=O,
materials,mat_test_3982,Attribution-High,20,42,[*]C(=O)c1ccc2c(c1)C(=O)N(c1cccc(Nc3nc(Nc4cccc(N5C(=O)c6ccc([*])cc6C5=O)c4)nc(N(C)C)n3)c1)C2=O,[*]C(=O)c1ccc2c(c1)C(=O)N(c1cccc(Nc3nc(Nc4cccc(N5C(=O)c6ccc([*])cc6C5=O)c4)nc(N(C)C)[*]3)c1)C2=O,2.4856,-1.5121341943740845,-1.5927940607070923,-0.08065986633300781,0.08065986633300781,,3,20,1,90,91,,,0.08924078941345215,0.08100008964538574,0.008240699768066406,True,1,1,1,[*]C(=O)c1ccc2c(c1)C(=O)N(c1cccc(Nc3nc(Nc4cccc(N5C(=O)c6ccc([*])cc6C5=O)c4)nc(N(C)C)n3)c1)C2=O,[*]C(=O)c1ccc2c(c1)C(=O)N(c1cccc(Nc3nc(Nc4cccc(N5C(=O)c6ccc([*])cc6C5=O)c4)nc(N(C)C)[*]3)c1)C2=O,
materials,mat_test_3982,Attribution-Low,20,42,[*]C(=O)c1ccc2c(c1)C(=O)N(c1cccc(Nc3nc(Nc4cccc(N5C(=O)c6ccc([*])cc6C5=O)c4)nc(N(C)C)n3)c1)C2=O,[*]C(=O)c1ccc2c(c1)C(=O)N(c1cccc(Nc3nc(Nc4cccc(N5C(=O)c6ccc([*])cc6C5=O)c4)nc(N(C)C)n3)c1)C2=O,2.4856,-1.5121341943740845,-1.5121341943740845,0.0,0.0,,0,20,0,90,90,,,0.09609794616699219,0.08980774879455566,0.0062901973724365234,False,0,0,0,[*]C(=O)c1ccc2c(c1)C(=O)N(c1cccc(Nc3nc(Nc4cccc(N5C(=O)c6ccc([*])cc6C5=O)c4)nc(N(C)C)n3)c1)C2=O,[*]C(=O)c1ccc2c(c1)C(=O)N(c1cccc(Nc3nc(Nc4cccc(N5C(=O)c6ccc([*])cc6C5=O)c4)nc(N(C)C)n3)c1)C2=O,
materials,mat_test_3982,Attribution-Random,20,42,[*]C(=O)c1ccc2c(c1)C(=O)N(c1cccc(Nc3nc(Nc4cccc(N5C(=O)c6ccc([*])cc6C5=O)c4)nc(N(C)C)n3)c1)C2=O,[*]C(=O)c1ccc2c(c1)C(=O)N(c1cccc(Nc3nc(Nc4cccc(N5(=O)c6ccc([*])cc6C5=O)c4)nc(N(C)C)n3)c1)C2=O,2.4856,-1.5121341943740845,-1.6691579818725586,-0.15702378749847412,0.15702378749847412,,1,20,3,90,93,,,0.10221266746520996,0.09380984306335449,0.008402824401855469,True,3,3,3,[*]C(=O)c1ccc2c(c1)C(=O)N(c1cccc(Nc3nc(Nc4cccc(N5C(=O)c6ccc([*])cc6C5=O)c4)nc(N(C)C)n3)c1)C2=O,[*]C(=O)c1ccc2c(c1)C(=O)N(c1cccc(Nc3nc(Nc4cccc(N5(=O)c6ccc([*])cc6C5=O)c4)nc(N(C)C)n3)c1)C2=O,
materials,mat_test_3982,Random,50,42,[*]C(=O)c1ccc2c(c1)C(=O)N(c1cccc(Nc3nc(Nc4cccc(N5C(=O)c6ccc([*])cc6C5=O)c4)nc(N(C)C)n3)c1)C2=O,[*]C(=O)c1ccc2c(c1)C(=O)N(c1cccc(Nc3nc(Nc4cccc(N5C(=O)c6ccc([*])cc6C-5=O)c4)nc(N(C)C)n3)c1)C2=O,2.4856,-1.5121341943740845,-1.7307080030441284,-0.21857380867004395,0.21857380867004395,,1,50,15,0,15,,,0.06445097923278809,0,0.06445097923278809,True,15,15,15,[*]C(=O)c1ccc2c(c1)C(=O)N(c1cccc(Nc3nc(Nc4cccc(N5C(=O)c6ccc([*])cc6C5=O)c4)nc(N(C)C)n3)c1)C2=O,[*]C(=O)c1ccc2c(c1)C(=O)N(c1cccc(Nc3nc(Nc4cccc(N5C(=O)c6ccc([*])cc6C-5=O)c4)nc(N(C)C)n3)c1)C2=O,
materials,mat_test_3982,MCMC,50,42,[*]C(=O)c1ccc2c(c1)C(=O)N(c1cccc(Nc3nc(Nc4cccc(N5C(=O)c6ccc([*])cc6C5=O)c4)nc(N(C)C)n3)c1)C2=O,[*]C(=O)c1ccc2c(c1)C(=O)N(c1ccOcc(Nc3nc(c4cccc(N5C(\O)Pc6ccc([*])cs=6C5=O)c[N-]4)nc(N(C)C)n3)c1)C2=O,2.4856,-1.5121341943740845,-2.1498494148254395,-0.637715220451355,0.637715220451355,,10,50,19,0,19,,,0.0796043872833252,0,0.0796043872833252,True,19,19,19,[*]C(=O)c1ccc2c(c1)C(=O)N(c1cccc(Nc3nc(Nc4cccc(N5C(=O)c6ccc([*])cc6C5=O)c4)nc(N(C)C)n3)c1)C2=O,[*]C(=O)c1ccc2c(c1)C(=O)N(c1ccOcc(Nc3nc(c4cccc(N5C(\O)Pc6ccc([*])cs=6C5=O)c[N-]4)nc(N(C)C)n3)c1)C2=O,
materials,mat_test_3982,Evolutionary,50,42,[*]C(=O)c1ccc2c(c1)C(=O)N(c1cccc(Nc3nc(Nc4cccc(N5C(=O)c6ccc([*])cc6C5=O)c4)nc(N(C)C)n3)c1)C2=O,[*]C(=O)c1ccc2c([N-]c1)C(=O)N(s1ccnc(Nc3nc(c4cccc(N5C(=O)c6ccc([*])cc6S5O)c4)nc(N(O)C)n3)c1)C2=O,2.4856,-1.5121341943740845,-1.9284111261367798,-0.4162769317626953,0.4162769317626953,,10,121,50,0,50,,,0.1958909034729004,0,0.1958909034729004,True,50,50,50,[*]C(=O)c1ccc2c(c1)C(=O)N(c1cccc(Nc3nc(Nc4cccc(N5C(=O)c6ccc([*])cc6C5=O)c4)nc(N(C)C)n3)c1)C2=O,[*]C(=O)c1ccc2c([N-]c1)C(=O)N(s1ccnc(Nc3nc(c4cccc(N5C(=O)c6ccc([*])cc6S5O)c4)nc(N(O)C)n3)c1)C2=O,
materials,mat_test_3982,Attribution-High,50,42,[*]C(=O)c1ccc2c(c1)C(=O)N(c1cccc(Nc3nc(Nc4cccc(N5C(=O)c6ccc([*])cc6C5=O)c4)nc(N(C)C)n3)c1)C2=O,[*]C(=O)c1ccc2c(c1)C(=O)N(c1cccc(Nc3nc(Nc4cccc(N5C(=O)c6ccc([*])cc6C5=O)c4)nc(N(C)C)c3)c1)C2=O,2.4856,-1.5121341943740845,-1.6476515531539917,-0.13551735877990723,0.13551735877990723,,1,50,2,90,92,,,0.10708737373352051,0.08618879318237305,0.02089858055114746,True,2,2,2,[*]C(=O)c1ccc2c(c1)C(=O)N(c1cccc(Nc3nc(Nc4cccc(N5C(=O)c6ccc([*])cc6C5=O)c4)nc(N(C)C)n3)c1)C2=O,[*]C(=O)c1ccc2c(c1)C(=O)N(c1cccc(Nc3nc(Nc4cccc(N5C(=O)c6ccc([*])cc6C5=O)c4)nc(N(C)C)c3)c1)C2=O,
materials,mat_test_3982,Attribution-Low,50,42,[*]C(=O)c1ccc2c(c1)C(=O)N(c1cccc(Nc3nc(Nc4cccc(N5C(=O)c6ccc([*])cc6C5=O)c4)nc(N(C)C)n3)c1)C2=O,[*]C(=O)c1ccc2c(c1)C(=O)N(c1cccc(Nc3nc(Nc4cccc(N5C(=O)c6ccc([*])cc6C5=O)[*]4)nc(N(C)C)n3)c1)C2=O,2.4856,-1.5121341943740845,-1.4779400825500488,0.034194111824035645,0.034194111824035645,,3,50,3,90,93,,,0.13743972778320312,0.1082010269165039,0.02923870086669922,True,3,3,3,[*]C(=O)c1ccc2c(c1)C(=O)N(c1cccc(Nc3nc(Nc4cccc(N5C(=O)c6ccc([*])cc6C5=O)c4)nc(N(C)C)n3)c1)C2=O,[*]C(=O)c1ccc2c(c1)C(=O)N(c1cccc(Nc3nc(Nc4cccc(N5C(=O)c6ccc([*])cc6C5=O)[*]4)nc(N(C)C)n3)c1)C2=O,
materials,mat_test_3982,Attribution-Random,50,42,[*]C(=O)c1ccc2c(c1)C(=O)N(c1cccc(Nc3nc(Nc4cccc(N5C(=O)c6ccc([*])cc6C5=O)c4)nc(N(C)C)n3)c1)C2=O,[*]C(=O)c1ccc2c(c1)C(=I)N(c1cccc(Nc3nc(Nc4cccc(N5C(=O)c6ccc([*])cc6C5=O)c4)nc(N(C)C)n3)c1)C2=O,2.4856,-1.5121341943740845,-1.5618318319320679,-0.0496976375579834,0.0496976375579834,,1,50,5,90,95,,,0.14992570877075195,0.12227487564086914,0.027650833129882812,True,5,5,5,[*]C(=O)c1ccc2c(c1)C(=O)N(c1cccc(Nc3nc(Nc4cccc(N5C(=O)c6ccc([*])cc6C5=O)c4)nc(N(C)C)n3)c1)C2=O,[*]C(=O)c1ccc2c(c1)C(=I)N(c1cccc(Nc3nc(Nc4cccc(N5C(=O)c6ccc([*])cc6C5=O)c4)nc(N(C)C)n3)c1)C2=O,
materials,mat_test_3742,Random,5,42,[*]CCOCCOCCOCCOCCOCCOC(=O)NCCCCCCNC(=O)O[*],[*]CCOCCOICCOCCOCCOCCOC(=O)NCCCCCCNC(=O)O[*],5.7691,-0.11351179331541061,0.07028311491012573,0.18379490822553635,0.18379490822553635,,1,5,3,0,3,,,0.0075261592864990234,0,0.0075261592864990234,True,3,3,3,[*]CCOCCOCCOCCOCCOCCOC(=O)NCCCCCCNC(=O)O[*],[*]CCOCCOICCOCCOCCOCCOC(=O)NCCCCCCNC(=O)O[*],
materials,mat_test_3742,MCMC,5,42,[*]CCOCCOCCOCCOCCOCCOC(=O)NCCCCCCNC(=O)O[*],[*]OCOCCOCOCCOCCOCOC(=O)NCCCCCCNS(=O)O[*],5.7691,-0.11351179331541061,-0.3582029342651367,-0.2446911409497261,0.2446911409497261,,4,5,4,0,4,,,0.009268522262573242,0,0.009268522262573242,True,4,4,4,[*]CCOCCOCCOCCOCCOCCOC(=O)NCCCCCCNC(=O)O[*],[*]OCOCCOCOCCOCCOCOC(=O)NCCCCCCNS(=O)O[*],
materials,mat_test_3742,Evolutionary,5,42,[*]CCOCCOCCOCCOCCOCCOC(=O)NCCCCCCNC(=O)O[*],[*]CCOCCOCCOCCOCCOCCOC(=O)NCCCCCNC(=O)O[*],5.7691,-0.11351179331541061,-0.23499847948551178,-0.12148668617010117,0.12148668617010117,,1,6,5,0,5,,,0.00901484489440918,0,0.00901484489440918,True,5,5,5,[*]CCOCCOCCOCCOCCOCCOC(=O)NCCCCCCNC(=O)O[*],[*]CCOCCOCCOCCOCCOCCOC(=O)NCCCCCNC(=O)O[*],
materials,mat_test_3742,Attribution-High,5,42,[*]CCOCCOCCOCCOCCOCCOC(=O)NCCCCCCNC(=O)O[*],[*]CCOCCOCCOCCOCCOCCOC([N-]O)NCCCCCCNC(=O)O[*],5.7691,-0.11351179331541061,0.14613808691501617,0.2596498802304268,0.2596498802304268,,4,5,4,39,43,,,0.04576563835144043,0.03653287887573242,0.009232759475708008,True,4,4,4,[*]CCOCCOCCOCCOCCOCCOC(=O)NCCCCCCNC(=O)O[*],[*]CCOCCOCCOCCOCCOCCOC([N-]O)NCCCCCCNC(=O)O[*],
materials,mat_test_3742,Attribution-Low,5,42,[*]CCOCCOCCOCCOCCOCCOC(=O)NCCCCCCNC(=O)O[*],[*]CCOCCOCOCCOCCOCCOC(=O)NCCCCCCNC(=O)O[*],5.7691,-0.11351179331541061,-0.1613742858171463,-0.04786249250173569,0.04786249250173569,,1,5,3,39,42,,,0.047544240951538086,0.0426030158996582,0.004941225051879883,True,3,3,3,[*]CCOCCOCCOCCOCCOCCOC(=O)NCCCCCCNC(=O)O[*],[*]CCOCCOCOCCOCCOCCOC(=O)NCCCCCCNC(=O)O[*],
materials,mat_test_3742,Attribution-Random,5,42,[*]CCOCCOCCOCCOCCOCCOC(=O)NCCCCCCNC(=O)O[*],CCOCCOCCOCCOCCOCCOC(=O)NCCCCCCNC(=O)O[*],5.7691,-0.11351179331541061,-0.14395280182361603,-0.030441008508205414,0.030441008508205414,,3,5,2,39,41,,,0.047028303146362305,0.04329967498779297,0.003728628158569336,True,2,2,2,[*]CCOCCOCCOCCOCCOCCOC(=O)NCCCCCCNC(=O)O[*],CCOCCOCCOCCOCCOCCOC(=O)NCCCCCCNC(=O)O[*],
materials,mat_test_3742,Random,20,42,[*]CCOCCOCCOCCOCCOCCOC(=O)NCCCCCCNC(=O)O[*],[*]C[Si]COCCOCCOCCOCCOCCOC(=O)NCCCCCCNC(=O)O[*],5.7691,-0.11351179331541061,0.04827852547168732,0.16179031878709793,0.16179031878709793,,4,20,15,0,15,,,0.030826568603515625,0,0.030826568603515625,True,15,15,15,[*]CCOCCOCCOCCOCCOCCOC(=O)NCCCCCCNC(=O)O[*],[*]C[Si]COCCOCCOCCOCCOCCOC(=O)NCCCCCCNC(=O)O[*],
materials,mat_test_3742,MCMC,20,42,[*]CCOCCOCCOCCOCCOCCOC(=O)NCCCCCCNC(=O)O[*],[*]CCOCOICCCCC[N+]OSCCCOC(=O)NCCCCCNCP(=O)[*],5.7691,-0.11351179331541061,-0.7495284676551819,-0.6360166743397713,0.6360166743397713,,12,20,15,0,15,,,0.02582836151123047,0,0.02582836151123047,True,15,15,15,[*]CCOCCOCCOCCOCCOCCOC(=O)NCCCCCCNC(=O)O[*],[*]CCOCOICCCCC[N+]OSCCCOC(=O)NCCCCCNCP(=O)[*],
materials,mat_test_3742,Evolutionary,20,42,[*]CCOCCOCCOCCOCCOCCOC(=O)NCCCCCCNC(=O)O[*],[*]CCOCSOCCOPCOCCOCCOC(=O)NCCCCCNC(=O)O[*],5.7691,-0.11351179331541061,-0.3825913667678833,-0.2690795734524727,0.2690795734524727,,3,28,20,0,20,,,0.035475969314575195,0,0.035475969314575195,True,20,20,20,[*]CCOCCOCCOCCOCCOCCOC(=O)NCCCCCCNC(=O)O[*],[*]CCOCSOCCOPCOCCOCCOC(=O)NCCCCCNC(=O)O[*],
materials,mat_test_3742,Attribution-High,20,42,[*]CCOCCOCCOCCOCCOCCOC(=O)NCCCCCCNC(=O)O[*],[*]CCOCCOCCOCCOCCOCCOC([Si]O)NCCCCCCNC(=O)O[*],5.7691,-0.11351179331541061,0.1602545529603958,0.2737663462758064,0.2737663462758064,,4,20,14,39,53,,,0.06497788429260254,0.039053916931152344,0.025923967361450195,True,14,14,14,[*]CCOCCOCCOCCOCCOCCOC(=O)NCCCCCCNC(=O)O[*],[*]CCOCCOCCOCCOCCOCCOC([Si]O)NCCCCCCNC(=O)O[*],
materials,mat_test_3742,Attribution-Low,20,42,[*]CCOCCOCCOCCOCCOCCOC(=O)NCCCCCCNC(=O)O[*],[*]CCOCCOCOCCOCCOCCOC(=O)NCCCCCCNC(=O)O[*],5.7691,-0.11351179331541061,-0.1613742858171463,-0.04786249250173569,0.04786249250173569,,1,20,10,39,49,,,0.05593156814575195,0.03528594970703125,0.020645618438720703,True,10,10,10,[*]CCOCCOCCOCCOCCOCCOC(=O)NCCCCCCNC(=O)O[*],[*]CCOCCOCOCCOCCOCCOC(=O)NCCCCCCNC(=O)O[*],
materials,mat_test_3742,Attribution-Random,20,42,[*]CCOCCOCCOCCOCCOCCOC(=O)NCCCCCCNC(=O)O[*],[*]SCOCCOCCOCCOCCOCCOC(=O)NCCCCCCNC(=O)O[*],5.7691,-0.11351179331541061,-0.4992350935935974,-0.3857233002781868,0.3857233002781868,,1,20,12,39,51,,,0.05651426315307617,0.03538179397583008,0.021132469177246094,True,12,12,12,[*]CCOCCOCCOCCOCCOCCOC(=O)NCCCCCCNC(=O)O[*],[*]SCOCCOCCOCCOCCOCCOC(=O)NCCCCCCNC(=O)O[*],
materials,mat_test_3742,Random,50,42,[*]CCOCCOCCOCCOCCOCCOC(=O)NCCCCCCNC(=O)O[*],[*]CCOCCOCCOCCOCCOCOCOC(=O)NCCCCCCNC(=O)O[*],5.7691,-0.11351179331541061,0.14225848019123077,0.2557702735066414,0.2557702735066414,,1,50,29,0,29,,,0.08094310760498047,0,0.08094310760498047,True,29,29,29,[*]CCOCCOCCOCCOCCOCCOC(=O)NCCCCCCNC(=O)O[*],[*]CCOCCOCCOCCOCCOCOCOC(=O)NCCCCCCNC(=O)O[*],
materials,mat_test_3742,MCMC,50,42,[*]CCOCCOCCOCCOCCOCCOC(=O)NCCCCCCNC(=O)O[*],[*]COCNOCOCC[Si]OCCSOPC(=O)NC/C#CC[N+]-OCCS(=O)C[*],5.7691,-0.11351179331541061,-0.8747556209564209,-0.7612438276410103,0.7612438276410103,,19,50,35,0,35,,,0.07951140403747559,0,0.07951140403747559,True,35,35,35,[*]CCOCCOCCOCCOCCOCCOC(=O)NCCCCCCNC(=O)O[*],[*]COCNOCOCC[Si]OCCSOPC(=O)NC/C#CC[N+]-OCCS(=O)C[*],
materials,mat_test_3742,Evolutionary,50,42,[*]CCOCCOCCOCCOCCOCCOC(=O)NCCCCCCNC(=O)O[*],[*]CCCOCCOCCOCCOCCOC(=O)NCCCCC[N+]CNC(=O)O[*],5.7691,-0.11351179331541061,-0.5570647120475769,-0.4435529187321663,0.4435529187321663,,6,81,50,0,50,,,0.1275331974029541,0,0.1275331974029541,True,50,50,50,[*]CCOCCOCCOCCOCCOCCOC(=O)NCCCCCCNC(=O)O[*],[*]CCCOCCOCCOCCOCCOC(=O)NCCCCC[N+]CNC(=O)O[*],
materials,mat_test_3742,Attribution-High,50,42,[*]CCOCCOCCOCCOCCOCCOC(=O)NCCCCCCNC(=O)O[*],[*]CCOCCOCCOCCOCCOCCOC(CO)NCCCCCCNC(=O)O[*],5.7691,-0.11351179331541061,0.16477687656879425,0.27828866988420486,0.27828866988420486,,1,50,30,39,69,,,0.10527420043945312,0.038155555725097656,0.06711864471435547,True,30,30,30,[*]CCOCCOCCOCCOCCOCCOC(=O)NCCCCCCNC(=O)O[*],[*]CCOCCOCCOCCOCCOCCOC(CO)NCCCCCCNC(=O)O[*],
materials,mat_test_3742,Attribution-Low,50,42,[*]CCOCCOCCOCCOCCOCCOC(=O)NCCCCCCNC(=O)O[*],[*]CCOCCO[N+]COCCOCCOCCOC(=O)NCCCCCCNC(=O)O[*],5.7691,-0.11351179331541061,-0.3378215432167053,-0.2243097499012947,0.2243097499012947,,4,50,28,39,67,,,0.0831446647644043,0.03577566146850586,0.04736900329589844,True,28,28,28,[*]CCOCCOCCOCCOCCOCCOC(=O)NCCCCCCNC(=O)O[*],[*]CCOCCO[N+]COCCOCCOCCOC(=O)NCCCCCCNC(=O)O[*],
materials,mat_test_3742,Attribution-Random,50,42,[*]CCOCCOCCOCCOCCOCCOC(=O)NCCCCCCNC(=O)O[*],[*]CCOCCOCCOCC[N+]CCOCCOC(=O)NCCCCCCNC(=O)O[*],5.7691,-0.11351179331541061,-0.3963022232055664,-0.2827904298901558,0.2827904298901558,,4,50,28,39,67,,,0.10742664337158203,0.03933835029602051,0.06808829307556152,True,28,28,28,[*]CCOCCOCCOCCOCCOCCOC(=O)NCCCCCCNC(=O)O[*],[*]CCOCCOCCOCC[N+]CCOCCOC(=O)NCCCCCCNC(=O)O[*],
materials,mat_test_3654,Random,5,42,[*]Sc1ccc(C=Nc2ccc(N=Cc3ccc([*])cc3)cc2)cc1,[*]Sc1ccc(C=Nc2ccc(N=Cc3ccc([*])cc3)cn2)cc1,2.9441,-1.9009398221969604,-1.9018833637237549,-0.0009435415267944336,0.0009435415267944336,,1,5,1,0,1,,,0.005274772644042969,0,0.005274772644042969,True,1,1,1,[*]Sc1ccc(C=Nc2ccc(N=Cc3ccc([*])cc3)cc2)cc1,[*]Sc1ccc(C=Nc2ccc(N=Cc3ccc([*])cc3)cn2)cc1,
materials,mat_test_3654,MCMC,5,42,[*]Sc1ccc(C=Nc2ccc(N=Cc3ccc([*])cc3)cc2)cc1,[*]Ic1ccc(C=Nc2ccc(N=Cc3ccc([*])cc3)cc2)cc1,2.9441,-1.9009398221969604,-1.9970582723617554,-0.09611845016479492,0.09611845016479492,,1,5,2,0,2,,,0.01012563705444336,0,0.01012563705444336,True,2,2,2,[*]Sc1ccc(C=Nc2ccc(N=Cc3ccc([*])cc3)cc2)cc1,[*]Ic1ccc(C=Nc2ccc(N=Cc3ccc([*])cc3)cc2)cc1,
materials,mat_test_3654,Evolutionary,5,42,[*]Sc1ccc(C=Nc2ccc(N=Cc3ccc([*])cc3)cc2)cc1,[*]Sc1ccs(C=Nc2c[N+]cc(N=Cc3ccc([*])cc3)cc2)cc1,2.9441,-1.9009398221969604,-2.082383394241333,-0.18144357204437256,0.18144357204437256,,5,9,5,0,5,,,0.012237071990966797,0,0.012237071990966797,True,5,5,5,[*]Sc1ccc(C=Nc2ccc(N=Cc3ccc([*])cc3)cc2)cc1,[*]Sc1ccs(C=Nc2c[N+]cc(N=Cc3ccc([*])cc3)cc2)cc1,
materials,mat_test_3654,Attribution-High,5,42,[*]Sc1ccc(C=Nc2ccc(N=Cc3ccc([*])cc3)cc2)cc1,[*]Sc1ccc(C=Nc2ccc(N=Cc3ccc([*])cc3)cc2)cc1,2.9441,-1.9009398221969604,-1.9009398221969604,0.0,0.0,,0,5,0,39,39,,,0.04119110107421875,0.0399327278137207,0.0012583732604980469,False,0,0,0,[*]Sc1ccc(C=Nc2ccc(N=Cc3ccc([*])cc3)cc2)cc1,[*]Sc1ccc(C=Nc2ccc(N=Cc3ccc([*])cc3)cc2)cc1,
materials,mat_test_3654,Attribution-Low,5,42,[*]Sc1ccc(C=Nc2ccc(N=Cc3ccc([*])cc3)cc2)cc1,[*]Sc1ccc(C=Nc2ccc(S=Cc3ccc([*])cc3)cc2)cc1,2.9441,-1.9009398221969604,-1.8704065084457397,0.030533313751220703,0.030533313751220703,,1,5,1,39,40,,,0.03912043571472168,0.036237478256225586,0.0028829574584960938,True,1,1,1,[*]Sc1ccc(C=Nc2ccc(N=Cc3ccc([*])cc3)cc2)cc1,[*]Sc1ccc(C=Nc2ccc(S=Cc3ccc([*])cc3)cc2)cc1,
materials,mat_test_3654,Attribution-Random,5,42,[*]Sc1ccc(C=Nc2ccc(N=Cc3ccc([*])cc3)cc2)cc1,[*]Sc1ccc(CNc2ccc(N=Cc3ccc([*])cc3)cc2)cc1,2.9441,-1.9009398221969604,-1.7608720064163208,0.14006781578063965,0.14006781578063965,,1,5,2,39,41,,,0.04059553146362305,0.036409616470336914,0.004185914993286133,True,2,2,2,[*]Sc1ccc(C=Nc2ccc(N=Cc3ccc([*])cc3)cc2)cc1,[*]Sc1ccc(CNc2ccc(N=Cc3ccc([*])cc3)cc2)cc1,
materials,mat_test_3654,Random,20,42,[*]Sc1ccc(C=Nc2ccc(N=Cc3ccc([*])cc3)cc2)cc1,[*]Sc1ccc(C=Sc2ccc(N=Cc3ccc([*])cc3)cc2)cc1,2.9441,-1.9009398221969604,-1.7559313774108887,0.14500844478607178,0.14500844478607178,,1,20,8,0,8,,,0.023513317108154297,0,0.023513317108154297,True,8,8,8,[*]Sc1ccc(C=Nc2ccc(N=Cc3ccc([*])cc3)cc2)cc1,[*]Sc1ccc(C=Sc2ccc(N=Cc3ccc([*])cc3)cc2)cc1,
materials,mat_test_3654,MCMC,20,42,[*]Sc1ccc(C=Nc2ccc(N=Cc3ccc([*])cc3)cc2)cc1,[*]Sc1ccc(C=Nc2ncc(N=Cc3ccc([*])cc3)cc2)cc1,2.9441,-1.9009398221969604,-1.8721843957901,0.02875542640686035,0.02875542640686035,,1,20,2,0,2,,,0.019723176956176758,0,0.019723176956176758,True,2,2,2,[*]Sc1ccc(C=Nc2ccc(N=Cc3ccc([*])cc3)cc2)cc1,[*]Sc1ccc(C=Nc2ncc(N=Cc3ccc([*])cc3)cc2)cc1,
materials,mat_test_3654,Evolutionary,20,42,[*]Sc1ccc(C=Nc2ccc(N=Cc3ccc([*])cc3)cc2)cc1,[*]c1ccc(C=N\c2ccsc(N=Cc3ccc([*])cc3)cc2)cc1,2.9441,-1.9009398221969604,-2.2247660160064697,-0.3238261938095093,0.3238261938095093,,3,52,20,0,20,,,0.06338381767272949,0,0.06338381767272949,True,20,20,20,[*]Sc1ccc(C=Nc2ccc(N=Cc3ccc([*])cc3)cc2)cc1,[*]c1ccc(C=N\c2ccsc(N=Cc3ccc([*])cc3)cc2)cc1,
materials,mat_test_3654,Attribution-High,20,42,[*]Sc1ccc(C=Nc2ccc(N=Cc3ccc([*])cc3)cc2)cc1,[*]Sc1ccc(C=Sc2ccc(N=Cc3ccc([*])cc3)cc2)cc1,2.9441,-1.9009398221969604,-1.7559313774108887,0.14500844478607178,0.14500844478607178,,1,20,1,39,40,,,0.047422170639038086,0.04100346565246582,0.006418704986572266,True,1,1,1,[*]Sc1ccc(C=Nc2ccc(N=Cc3ccc([*])cc3)cc2)cc1,[*]Sc1ccc(C=Sc2ccc(N=Cc3ccc([*])cc3)cc2)cc1,
materials,mat_test_3654,Attribution-Low,20,42,[*]Sc1ccc(C=Nc2ccc(N=Cc3ccc([*])cc3)cc2)cc1,[*]Sc1ccc(C=Nc2ccc([N+]=Cc3ccc([*])cc3)cc2)cc1,2.9441,-1.9009398221969604,-1.9737986326217651,-0.07285881042480469,0.07285881042480469,,3,20,2,39,41,,,0.04292464256286621,0.03477644920349121,0.008148193359375,True,2,2,2,[*]Sc1ccc(C=Nc2ccc(N=Cc3ccc([*])cc3)cc2)cc1,[*]Sc1ccc(C=Nc2ccc([N+]=Cc3ccc([*])cc3)cc2)cc1,
materials,mat_test_3654,Attribution-Random,20,42,[*]Sc1ccc(C=Nc2ccc(N=Cc3ccc([*])cc3)cc2)cc1,[*]Sc1ccc(N=Nc2ccc(N=Cc3ccc([*])cc3)cc2)cc1,2.9441,-1.9009398221969604,-2.002063274383545,-0.10112345218658447,0.10112345218658447,,1,20,3,39,42,,,0.04444766044616699,0.034987449645996094,0.009460210800170898,True,3,3,3,[*]Sc1ccc(C=Nc2ccc(N=Cc3ccc([*])cc3)cc2)cc1,[*]Sc1ccc(N=Nc2ccc(N=Cc3ccc([*])cc3)cc2)cc1,
materials,mat_test_3654,Random,50,42,[*]Sc1ccc(C=Nc2ccc(N=Cc3ccc([*])cc3)cc2)cc1,[*]Sc1ccc(C=Nc2ccc(N=Cs3ccc([*])cc3)cc2)cc1,2.9441,-1.9009398221969604,-2.0703437328338623,-0.16940391063690186,0.16940391063690186,,1,50,16,0,16,,,0.05407595634460449,0,0.05407595634460449,True,16,16,16,[*]Sc1ccc(C=Nc2ccc(N=Cc3ccc([*])cc3)cc2)cc1,[*]Sc1ccc(C=Nc2ccc(N=Cs3ccc([*])cc3)cc2)cc1,
materials,mat_test_3654,MCMC,50,42,[*]Sc1ccc(C=Nc2ccc(N=Cc3ccc([*])cc3)cc2)cc1,[*]Sc1ccc(C=CC2c#cc(C[N+]I[N-]c3ccc([*])cc3)cNIc2)cc1,2.9441,-1.9009398221969604,-1.772574543952942,0.12836527824401855,0.12836527824401855,,14,50,21,0,21,,,0.07122421264648438,0,0.07122421264648438,True,21,21,21,[*]Sc1ccc(C=Nc2ccc(N=Cc3ccc([*])cc3)cc2)cc1,[*]Sc1ccc(C=CC2c#cc(C[N+]I[N-]c3ccc([*])cc3)cNIc2)cc1,
materials,mat_test_3654,Evolutionary,50,42,[*]Sc1ccc(C=Nc2ccc(N=Cc3ccc([*])cc3)cc2)cc1,[*]Cs/1ccc(Nc2ccc(Nc3ccc([*])cc3)cc2)cc1,2.9441,-1.9009398221969604,-2.308169364929199,-0.40722954273223877,0.40722954273223877,,7,130,50,0,50,,,0.1845414638519287,0,0.1845414638519287,True,50,50,50,[*]Sc1ccc(C=Nc2ccc(N=Cc3ccc([*])cc3)cc2)cc1,[*]Cs/1ccc(Nc2ccc(Nc3ccc([*])cc3)cc2)cc1,
materials,mat_test_3654,Attribution-High,50,42,[*]Sc1ccc(C=Nc2ccc(N=Cc3ccc([*])cc3)cc2)cc1,[*]Sc1ccc(C=[Si]c2ccc(N=Cc3ccc([*])cc3)cc2)cc1,2.9441,-1.9009398221969604,-1.767358660697937,0.13358116149902344,0.13358116149902344,,4,50,4,39,43,,,0.05995035171508789,0.03622102737426758,0.023729324340820312,True,4,4,4,[*]Sc1ccc(C=Nc2ccc(N=Cc3ccc([*])cc3)cc2)cc1,[*]Sc1ccc(C=[Si]c2ccc(N=Cc3ccc([*])cc3)cc2)cc1,
materials,mat_test_3654,Attribution-Low,50,42,[*]Sc1ccc(C=Nc2ccc(N=Cc3ccc([*])cc3)cc2)cc1,[*]Sc1ccc(C=Nc2ccc(S=Cc3ccc([*])cc3)cc2)cc1,2.9441,-1.9009398221969604,-1.8704065084457397,0.030533313751220703,0.030533313751220703,,1,50,5,39,44,,,0.07084250450134277,0.035199880599975586,0.03564262390136719,True,5,5,5,[*]Sc1ccc(C=Nc2ccc(N=Cc3ccc([*])cc3)cc2)cc1,[*]Sc1ccc(C=Nc2ccc(S=Cc3ccc([*])cc3)cc2)cc1,
materials,mat_test_3654,Attribution-Random,50,42,[*]Sc1ccc(C=Nc2ccc(N=Cc3ccc([*])cc3)cc2)cc1,[*]Sc1ccc(C=Ic2ccc(N=Cc3ccc([*])cc3)cc2)cc1,2.9441,-1.9009398221969604,-1.7772586345672607,0.12368118762969971,0.12368118762969971,,1,50,6,39,45,,,0.06046915054321289,0.03600621223449707,0.02446293830871582,True,6,6,6,[*]Sc1ccc(C=Nc2ccc(N=Cc3ccc([*])cc3)cc2)cc1,[*]Sc1ccc(C=Ic2ccc(N=Cc3ccc([*])cc3)cc2)cc1,
materials,mat_test_4110,Random,5,42,[*]C(=O)N([*])CC=C,[*]C(=O)N([*])CC#C,5.4866,-0.9774883985519409,-0.8895789384841919,0.08790946006774902,0.08790946006774902,,1,5,3,0,3,,,0.005518674850463867,0,0.005518674850463867,True,3,3,3,[*]C(=O)N([*])CC=C,[*]C(=O)N([*])CC#C,
materials,mat_test_4110,MCMC,5,42,[*]C(=O)N([*])CC=C,[*]C(\O)N([*])CC=C,5.4866,-0.9774883985519409,-0.6741296052932739,0.303358793258667,0.303358793258667,,1,5,4,0,4,,,0.006827831268310547,0,0.006827831268310547,True,4,4,4,[*]C(=O)N([*])CC=C,[*]C(\O)N([*])CC=C,
materials,mat_test_4110,Evolutionary,5,42,[*]C(=O)N([*])CC=C,[*]NC(=O)N([*])CP=C,5.4866,-0.9774883985519409,-1.4360352754592896,-0.45854687690734863,0.45854687690734863,,2,13,5,0,5,,,0.010255575180053711,0,0.010255575180053711,True,5,5,5,[*]C(=O)N([*])CC=C,[*]NC(=O)N([*])CP=C,
materials,mat_test_4110,Attribution-High,5,42,[*]C(=O)N([*])CC=C,[*]C(O)N([*])CC=C,5.4866,-0.9774883985519409,-1.233878254890442,-0.256389856338501,0.256389856338501,,1,5,3,14,17,,,0.014711380004882812,0.010007143020629883,0.00470423698425293,True,3,3,3,[*]C(=O)N([*])CC=C,[*]C(O)N([*])CC=C,
materials,mat_test_4110,Attribution-Low,5,42,[*]C(=O)N([*])CC=C,[*](=O)N([*])CC=C,5.4866,-0.9774883985519409,-1.642836332321167,-0.6653479337692261,0.6653479337692261,,1,5,5,14,19,,,0.01669144630432129,0.009770870208740234,0.006920576095581055,True,5,5,5,[*]C(=O)N([*])CC=C,[*](=O)N([*])CC=C,
materials,mat_test_4110,Attribution-Random,5,42,[*]C(=O)N([*])CC=C,[*](=O)N([*])CC=C,5.4866,-0.9774883985519409,-1.642836332321167,-0.6653479337692261,0.6653479337692261,,1,5,2,14,16,,,0.013346195220947266,0.009572029113769531,0.0037741661071777344,True,2,2,2,[*]C(=O)N([*])CC=C,[*](=O)N([*])CC=C,
materials,mat_test_4110,Random,20,42,[*]C(=O)N([*])CC=C,[*]C[Si](=O)N([*])CC=C,5.4866,-0.9774883985519409,-1.3876523971557617,-0.4101639986038208,0.4101639986038208,,4,20,10,0,10,,,0.023291826248168945,0,0.023291826248168945,True,10,10,10,[*]C(=O)N([*])CC=C,[*]C[Si](=O)N([*])CC=C,
materials,mat_test_4110,MCMC,20,42,[*]C(=O)N([*])CC=C,[*]C(O)N([*])C#P,5.4866,-0.9774883985519409,-1.180884599685669,-0.20339620113372803,0.20339620113372803,,4,20,9,0,9,,,0.01906752586364746,0,0.01906752586364746,True,9,9,9,[*]C(=O)N([*])CC=C,[*]C(O)N([*])C#P,
materials,mat_test_4110,Evolutionary,20,42,[*]C(=O)N([*])CC=C,[*](=O)N([*])CC=C,5.4866,-0.9774883985519409,-1.642836332321167,-0.6653479337692261,0.6653479337692261,,1,43,20,0,20,,,0.04400348663330078,0,0.04400348663330078,True,20,20,20,[*]C(=O)N([*])CC=C,[*](=O)N([*])CC=C,
materials,mat_test_4110,Attribution-High,20,42,[*]C(=O)N([*])CC=C,[*]C(-O)N([*])CC=C,5.4866,-0.9774883985519409,-0.6349276900291443,0.34256070852279663,0.34256070852279663,,1,20,14,14,28,,,0.04305124282836914,0.018274545669555664,0.024776697158813477,True,14,14,14,[*]C(=O)N([*])CC=C,[*]C(-O)N([*])CC=C,
materials,mat_test_4110,Attribution-Low,20,42,[*]C(=O)N([*])CC=C,[*](=O)N([*])CC=C,5.4866,-0.9774883985519409,-1.642836332321167,-0.6653479337692261,0.6653479337692261,,1,20,12,14,26,,,0.048227548599243164,0.010023117065429688,0.03820443153381348,True,12,12,12,[*]C(=O)N([*])CC=C,[*](=O)N([*])CC=C,
materials,mat_test_4110,Attribution-Random,20,42,[*]C(=O)N([*])CC=C,C(=O)N([*])CC=C,5.4866,-0.9774883985519409,-1.647004246711731,-0.66951584815979,0.66951584815979,,3,20,6,14,20,,,0.0213925838470459,0.009905338287353516,0.011487245559692383,True,6,6,6,[*]C(=O)N([*])CC=C,C(=O)N([*])CC=C,
materials,mat_test_4110,Random,50,42,[*]C(=O)N([*])CC=C,[*]C(N=O)N([*])CC=C,5.4866,-0.9774883985519409,-1.4472078084945679,-0.46971940994262695,0.46971940994262695,,1,50,27,0,27,,,0.05496048927307129,0,0.05496048927307129,True,27,27,27,[*]C(=O)N([*])CC=C,[*]C(N=O)N([*])CC=C,
materials,mat_test_4110,MCMC,50,42,[*]C(=O)N([*])CC=C,[*](P)([*])=I,5.4866,-0.9774883985519409,-1.3269425630569458,-0.3494541645050049,0.3494541645050049,,7,50,26,0,26,,,0.06121063232421875,0,0.06121063232421875,True,26,26,26,[*]C(=O)N([*])CC=C,[*](P)([*])=I,
materials,mat_test_4110,Evolutionary,50,42,[*]C(=O)N([*])CC=C,[*](=O)N([*])CC=CS,5.4866,-0.9774883985519409,-1.667742371559143,-0.6902539730072021,0.6902539730072021,,2,91,50,0,50,,,0.12178611755371094,0,0.12178611755371094,True,50,50,50,[*]C(=O)N([*])CC=C,[*](=O)N([*])CC=CS,
materials,mat_test_4110,Attribution-High,50,42,[*]C(=O)N([*])CC=C,[*]C([*]O)N([*])CC=C,5.4866,-0.9774883985519409,-0.6139446496963501,0.3635437488555908,0.3635437488555908,,3,50,31,14,45,,,0.10262537002563477,0.009945869445800781,0.09267950057983398,True,31,31,31,[*]C(=O)N([*])CC=C,[*]C([*]O)N([*])CC=C,
materials,mat_test_4110,Attribution-Low,50,42,[*]C(=O)N([*])CC=C,[*](=O)N([*])CC=C,5.4866,-0.9774883985519409,-1.642836332321167,-0.6653479337692261,0.6653479337692261,,1,50,29,14,43,,,0.04732108116149902,0.009876251220703125,0.0374448299407959,True,29,29,29,[*]C(=O)N([*])CC=C,[*](=O)N([*])CC=C,
materials,mat_test_4110,Attribution-Random,50,42,[*]C(=O)N([*])CC=C,C(=O)N([*])CC=C,5.4866,-0.9774883985519409,-1.647004246711731,-0.66951584815979,0.66951584815979,,3,50,15,14,29,,,0.03222155570983887,0.010150909423828125,0.022070646286010742,True,15,15,15,[*]C(=O)N([*])CC=C,C(=O)N([*])CC=C,
materials,mat_test_3740,Random,5,42,[*]CC(C=C1)=CC=C1CC(S2)=CC=C2[*],[*]CC(C=C1)=CC=C1C(S2)=CC=C2[*],4.4417,-1.466280460357666,-1.227950096130371,0.23833036422729492,0.23833036422729492,,1,5,4,0,4,,,0.00567173957824707,0,0.00567173957824707,True,4,4,4,[*]CC(C=C1)=CC=C1CC(S2)=CC=C2[*],[*]CC(C=C1)=CC=C1C(S2)=CC=C2[*],
materials,mat_test_3740,MCMC,5,42,[*]CC(C=C1)=CC=C1CC(S2)=CC=C2[*],[*]C(C=C1)=CC=C1CI(S2)=CCC-C2[*],4.4417,-1.466280460357666,-1.3445810079574585,0.12169945240020752,0.12169945240020752,,4,5,4,0,4,,,0.0058176517486572266,0,0.0058176517486572266,True,4,4,4,[*]CC(C=C1)=CC=C1CC(S2)=CC=C2[*],[*]C(C=C1)=CC=C1CI(S2)=CCC-C2[*],
materials,mat_test_3740,Evolutionary,5,42,[*]CC(C=C1)=CC=C1CC(S2)=CC=C2[*],[*]CC(C=C1)CC=C1CC(S2)=CC=C2[*],4.4417,-1.466280460357666,-1.2348445653915405,0.2314358949661255,0.2314358949661255,,1,7,5,0,5,,,0.00785684585571289,0,0.00785684585571289,True,5,5,5,[*]CC(C=C1)=CC=C1CC(S2)=CC=C2[*],[*]CC(C=C1)CC=C1CC(S2)=CC=C2[*],
materials,mat_test_3740,Attribution-High,5,42,[*]CC(C=C1)=CC=C1CC(S2)=CC=C2[*],[*]CC(C=C1)=CC=C1CC(S2)CC=C2[*],4.4417,-1.466280460357666,-1.1244266033172607,0.3418538570404053,0.3418538570404053,,1,5,2,28,30,,,0.027022600173950195,0.023826122283935547,0.0031964778900146484,True,2,2,2,[*]CC(C=C1)=CC=C1CC(S2)=CC=C2[*],[*]CC(C=C1)=CC=C1CC(S2)CC=C2[*],
materials,mat_test_3740,Attribution-Low,5,42,[*]CC(C=C1)=CC=C1CC(S2)=CC=C2[*],[*]CC(C=C1)=CC=C1CC(S2)=CC=C2[*],4.4417,-1.466280460357666,-1.466280460357666,0.0,0.0,,0,5,0,28,28,,,0.02475595474243164,0.02426886558532715,0.0004870891571044922,False,0,0,0,[*]CC(C=C1)=CC=C1CC(S2)=CC=C2[*],[*]CC(C=C1)=CC=C1CC(S2)=CC=C2[*],
materials,mat_test_3740,Attribution-Random,5,42,[*]CC(C=C1)=CC=C1CC(S2)=CC=C2[*],[*]CC(C=C1)=CC=C1CC(S2)CC=C2[*],4.4417,-1.466280460357666,-1.1244266033172607,0.3418538570404053,0.3418538570404053,,1,5,3,28,31,,,0.027013778686523438,0.022520065307617188,0.00449371337890625,True,3,3,3,[*]CC(C=C1)=CC=C1CC(S2)=CC=C2[*],[*]CC(C=C1)=CC=C1CC(S2)CC=C2[*],
materials,mat_test_3740,Random,20,42,[*]CC(C=C1)=CC=C1CC(S2)=CC=C2[*],[*]CC(C=C1)=CCC1CC(S2)=CC=C2[*],4.4417,-1.466280460357666,-1.150511622428894,0.315768837928772,0.315768837928772,,1,20,15,0,15,,,0.02289581298828125,0,0.02289581298828125,True,15,15,15,[*]CC(C=C1)=CC=C1CC(S2)=CC=C2[*],[*]CC(C=C1)=CCC1CC(S2)=CC=C2[*],
materials,mat_test_3740,MCMC,20,42,[*]CC(C=C1)=CC=C1CC(S2)=CC=C2[*],[*]CC(C=C1)=CCC1CC(S2)=CC=C2[*],4.4417,-1.466280460357666,-1.150511622428894,0.315768837928772,0.315768837928772,,1,20,11,0,11,,,0.018247365951538086,0,0.018247365951538086,True,11,11,11,[*]CC(C=C1)=CC=C1CC(S2)=CC=C2[*],[*]CC(C=C1)=CCC1CC(S2)=CC=C2[*],
materials,mat_test_3740,Evolutionary,20,42,[*]CC(C=C1)=CC=C1CC(S2)=CC=C2[*],[*]CC(C=1)P=CCC1CC(S2)=CCC2[*],4.4417,-1.466280460357666,-1.0629093647003174,0.40337109565734863,0.40337109565734863,,4,31,20,0,20,,,0.07306694984436035,0,0.07306694984436035,True,20,20,20,[*]CC(C=C1)=CC=C1CC(S2)=CC=C2[*],[*]CC(C=1)P=CCC1CC(S2)=CCC2[*],
materials,mat_test_3740,Attribution-High,20,42,[*]CC(C=C1)=CC=C1CC(S2)=CC=C2[*],[*]CC(C=C1)=CC=C1CC(S2)NCC=C2[*],4.4417,-1.466280460357666,-1.0609033107757568,0.4053771495819092,0.4053771495819092,,1,20,13,28,41,,,0.05379128456115723,0.02132129669189453,0.032469987869262695,True,13,13,13,[*]CC(C=C1)=CC=C1CC(S2)=CC=C2[*],[*]CC(C=C1)=CC=C1CC(S2)NCC=C2[*],
materials,mat_test_3740,Attribution-Low,20,42,[*]CC(C=C1)=CC=C1CC(S2)=CC=C2[*],[*]CC(C=C1)=CC=C1CC(S2)=CC=C2[*],4.4417,-1.466280460357666,-1.466280460357666,0.0,0.0,,0,20,1,28,29,,,0.032828569412231445,0.0209505558013916,0.011878013610839844,True,1,1,1,[*]CC(C=C1)=CC=C1CC(S2)=CC=C2[*],[*]CC(C=C1)=CC=C1CC(S2)=CC=C2[*],
materials,mat_test_3740,Attribution-Random,20,42,[*]CC(C=C1)=CC=C1CC(S2)=CC=C2[*],[*]CC(C=C1)=CCC1CC(S2)=CC=C2[*],4.4417,-1.466280460357666,-1.150511622428894,0.315768837928772,0.315768837928772,,1,20,8,28,36,,,0.05405402183532715,0.023204565048217773,0.030849456787109375,True,8,8,8,[*]CC(C=C1)=CC=C1CC(S2)=CC=C2[*],[*]CC(C=C1)=CCC1CC(S2)=CC=C2[*],
materials,mat_test_3740,Random,50,42,[*]CC(C=C1)=CC=C1CC(S2)=CC=C2[*],[*]CC(C=C1)=CC=C1CC(S2)CC=C2[*],4.4417,-1.466280460357666,-1.1244266033172607,0.3418538570404053,0.3418538570404053,,1,50,32,0,32,,,0.05380702018737793,0,0.05380702018737793,True,32,32,32,[*]CC(C=C1)=CC=C1CC(S2)=CC=C2[*],[*]CC(C=C1)=CC=C1CC(S2)CC=C2[*],
materials,mat_test_3740,MCMC,50,42,[*]CC(C=C1)=CC=C1CC(S2)=CC=C2[*],[*](CO1)OSC1/C(N2)C2[*],4.4417,-1.466280460357666,-0.6471234560012817,0.8191570043563843,0.8191570043563843,,14,50,29,0,29,,,0.04347634315490723,0,0.04347634315490723,True,29,29,29,[*]CC(C=C1)=CC=C1CC(S2)=CC=C2[*],[*](CO1)OSC1/C(N2)C2[*],
materials,mat_test_3740,Evolutionary,50,42,[*]CC(C=C1)=CC=C1CC(S2)=CC=C2[*],[*]C(CC1)=CI=C[Si]1CC(S2)\CC=C2[*],4.4417,-1.466280460357666,-0.8895179629325867,0.5767624974250793,0.5767624974250793,,8,80,50,0,50,,,0.09619641304016113,0,0.09619641304016113,True,50,50,50,[*]CC(C=C1)=CC=C1CC(S2)=CC=C2[*],[*]C(CC1)=CI=C[Si]1CC(S2)\CC=C2[*],
materials,mat_test_3740,Attribution-High,50,42,[*]CC(C=C1)=CC=C1CC(S2)=CC=C2[*],[*]CC(C=C1)=CC=C1CC(S2)CC=C2[*],4.4417,-1.466280460357666,-1.1244266033172607,0.3418538570404053,0.3418538570404053,,1,50,34,28,62,,,0.11400055885314941,0.021405935287475586,0.09259462356567383,True,34,34,34,[*]CC(C=C1)=CC=C1CC(S2)=CC=C2[*],[*]CC(C=C1)=CC=C1CC(S2)CC=C2[*],
materials,mat_test_3740,Attribution-Low,50,42,[*]CC(C=C1)=CC=C1CC(S2)=CC=C2[*],[*]CC(C=C1)=CC=C1CC(S2)=CC=C2[*],4.4417,-1.466280460357666,-1.466280460357666,0.0,0.0,,0,50,1,28,29,,,0.0270993709564209,0.02236771583557129,0.004731655120849609,True,1,1,1,[*]CC(C=C1)=CC=C1CC(S2)=CC=C2[*],[*]CC(C=C1)=CC=C1CC(S2)=CC=C2[*],
materials,mat_test_3740,Attribution-Random,50,42,[*]CC(C=C1)=CC=C1CC(S2)=CC=C2[*],[*]CC(C=C1)=CC=C1CC(S2)CC=C2[*],4.4417,-1.466280460357666,-1.1244266033172607,0.3418538570404053,0.3418538570404053,,1,50,23,28,51,,,0.06454849243164062,0.02147841453552246,0.043070077896118164,True,23,23,23,[*]CC(C=C1)=CC=C1CC(S2)=CC=C2[*],[*]CC(C=C1)=CC=C1CC(S2)CC=C2[*],
materials,mat_test_3848,Random,5,42,[*]CCCCCCNC(=O)CCc1ccc(CCC(=O)N[*])cc1,[*]CCCCCCNC(=O)CCc1ccc(CC(=O)N[*])cc1,5.4647,-1.2734228372573853,-1.3238178491592407,-0.05039501190185547,0.05039501190185547,,1,5,1,0,1,,,0.003909587860107422,0,0.003909587860107422,True,1,1,1,[*]CCCCCCNC(=O)CCc1ccc(CCC(=O)N[*])cc1,[*]CCCCCCNC(=O)CCc1ccc(CC(=O)N[*])cc1,
materials,mat_test_3848,MCMC,5,42,[*]CCCCCCNC(=O)CCc1ccc(CCC(=O)N[*])cc1,[*]CCCCCCNC(=O)Cc1ccc(CCC(=O)[*])cc1,5.4647,-1.2734228372573853,-1.4019695520401,-0.12854671478271484,0.12854671478271484,,2,5,2,0,2,,,0.0061109066009521484,0,0.0061109066009521484,True,2,2,2,[*]CCCCCCNC(=O)CCc1ccc(CCC(=O)N[*])cc1,[*]CCCCCCNC(=O)Cc1ccc(CCC(=O)[*])cc1,
materials,mat_test_3848,Evolutionary,5,42,[*]CCCCCCNC(=O)CCc1ccc(CCC(=O)N[*])cc1,[*]CCCCCNC(=O)CCc1ccc(CCC(=O)N[*])[N+]cc1,5.4647,-1.2734228372573853,-1.4658842086791992,-0.19246137142181396,0.19246137142181396,,5,11,5,0,5,,,0.013818740844726562,0,0.013818740844726562,True,5,5,5,[*]CCCCCCNC(=O)CCc1ccc(CCC(=O)N[*])cc1,[*]CCCCCNC(=O)CCc1ccc(CCC(=O)N[*])[N+]cc1,
materials,mat_test_3848,Attribution-High,5,42,[*]CCCCCCNC(=O)CCc1ccc(CCC(=O)N[*])cc1,[*]CCCCCCNC(=O)CCc1ccc(CCC(/O)N[*])cc1,5.4647,-1.2734228372573853,-1.0783058404922485,0.19511699676513672,0.19511699676513672,,1,5,4,34,38,,,0.03529787063598633,0.030620813369750977,0.0046770572662353516,True,4,4,4,[*]CCCCCCNC(=O)CCc1ccc(CCC(=O)N[*])cc1,[*]CCCCCCNC(=O)CCc1ccc(CCC(/O)N[*])cc1,
materials,mat_test_3848,Attribution-Low,5,42,[*]CCCCCCNC(=O)CCc1ccc(CCC(=O)N[*])cc1,[*]CCCCCCNC(=O)CCc1ccc(CCC(=O)N[*])cc1,5.4647,-1.2734228372573853,-1.2734228372573853,0.0,0.0,,0,5,0,34,34,,,0.03156685829162598,0.030869722366333008,0.0006971359252929688,False,0,0,0,[*]CCCCCCNC(=O)CCc1ccc(CCC(=O)N[*])cc1,[*]CCCCCCNC(=O)CCc1ccc(CCC(=O)N[*])cc1,
materials,mat_test_3848,Attribution-Random,5,42,[*]CCCCCCNC(=O)CCc1ccc(CCC(=O)N[*])cc1,[*]CCCCCCNC(=O)CCc1ccc(/CC(=O)N[*])cc1,5.4647,-1.2734228372573853,-1.3690918684005737,-0.09566903114318848,0.09566903114318848,,1,5,3,34,37,,,0.042832136154174805,0.03824329376220703,0.0045888423919677734,True,3,3,3,[*]CCCCCCNC(=O)CCc1ccc(CCC(=O)N[*])cc1,[*]CCCCCCNC(=O)CCc1ccc(/CC(=O)N[*])cc1,
materials,mat_test_3848,Random,20,42,[*]CCCCCCNC(=O)CCc1ccc(CCC(=O)N[*])cc1,[*]CCCCCCNC(=O)CCc1[Si]ccc(CCC(=O)N[*])cc1,5.4647,-1.2734228372573853,-1.0034257173538208,0.26999711990356445,0.26999711990356445,,4,20,8,0,8,,,0.026233673095703125,0,0.026233673095703125,True,8,8,8,[*]CCCCCCNC(=O)CCc1ccc(CCC(=O)N[*])cc1,[*]CCCCCCNC(=O)CCc1[Si]ccc(CCC(=O)N[*])cc1,
materials,mat_test_3848,MCMC,20,42,[*]CCCCCCNC(=O)CCc1ccc(CCC(=O)N[*])cc1,[*]CCCSCN(O)-NCc1ccc(CCC(-Br)N[*])cc1,5.4647,-1.2734228372573853,-0.8749693632125854,0.3984534740447998,0.3984534740447998,,9,20,13,0,13,,,0.02359318733215332,0,0.02359318733215332,True,13,13,13,[*]CCCCCCNC(=O)CCc1ccc(CCC(=O)N[*])cc1,[*]CCCSCN(O)-NCc1ccc(CCC(-Br)N[*])cc1,
materials,mat_test_3848,Evolutionary,20,42,[*]CCCCCCNC(=O)CCc1ccc(CCC(=O)N[*])cc1,[*]CCCCCCNC(=O)CCc1ccc(CPCC(=O)N[*])c[N-]c1,5.4647,-1.2734228372573853,-1.0083701610565186,0.2650526762008667,0.2650526762008667,,5,37,20,0,20,,,0.04196453094482422,0,0.04196453094482422,True,20,20,20,[*]CCCCCCNC(=O)CCc1ccc(CCC(=O)N[*])cc1,[*]CCCCCCNC(=O)CCc1ccc(CPCC(=O)N[*])c[N-]c1,
materials,mat_test_3848,Attribution-High,20,42,[*]CCCCCCNC(=O)CCc1ccc(CCC(=O)N[*])cc1,[*]CCCCCCNC(=O)CCc1ccc(CCC([*]O)N[*])cc1,5.4647,-1.2734228372573853,-1.0481840372085571,0.22523880004882812,0.22523880004882812,,3,20,16,34,50,,,0.055541276931762695,0.030426740646362305,0.02511453628540039,True,16,16,16,[*]CCCCCCNC(=O)CCc1ccc(CCC(=O)N[*])cc1,[*]CCCCCCNC(=O)CCc1ccc(CCC([*]O)N[*])cc1,
materials,mat_test_3848,Attribution-Low,20,42,[*]CCCCCCNC(=O)CCc1ccc(CCC(=O)N[*])cc1,[*]CCCCCCNC(=O)CCc1ccc(CCC(=O)N[*])cc1,5.4647,-1.2734228372573853,-1.2734228372573853,0.0,0.0,,0,20,0,34,34,,,0.039112091064453125,0.036115169525146484,0.0029969215393066406,False,0,0,0,[*]CCCCCCNC(=O)CCc1ccc(CCC(=O)N[*])cc1,[*]CCCCCCNC(=O)CCc1ccc(CCC(=O)N[*])cc1,
materials,mat_test_3848,Attribution-Random,20,42,[*]CCCCCCNC(=O)CCc1ccc(CCC(=O)N[*])cc1,[*]CCCCCCNC([*]O)CCc1ccc(CCC(=O)N[*])cc1,5.4647,-1.2734228372573853,-1.1280015707015991,0.14542126655578613,0.14542126655578613,,3,20,9,34,43,,,0.060878753662109375,0.03925919532775879,0.021619558334350586,True,9,9,9,[*]CCCCCCNC(=O)CCc1ccc(CCC(=O)N[*])cc1,[*]CCCCCCNC([*]O)CCc1ccc(CCC(=O)N[*])cc1,
materials,mat_test_3848,Random,50,42,[*]CCCCCCNC(=O)CCc1ccc(CCC(=O)N[*])cc1,[*]CCCCCCNC(=O)CCc1ccc(C[N-]CC(=O)N[*])cc1,5.4647,-1.2734228372573853,-1.0477757453918457,0.22564709186553955,0.22564709186553955,,4,50,25,0,25,,,0.046375274658203125,0,0.046375274658203125,True,25,25,25,[*]CCCCCCNC(=O)CCc1ccc(CCC(=O)N[*])cc1,[*]CCCCCCNC(=O)CCc1ccc(C[N-]CC(=O)N[*])cc1,
materials,mat_test_3848,MCMC,50,42,[*]CCCCCCNC(=O)CCc1ccc(CCC(=O)N[*])cc1,[*]PCCCC(=I)Cc1Ncnc(PC(=O)N[*])cc1,5.4647,-1.2734228372573853,-1.5627273321151733,-0.2893044948577881,0.2893044948577881,,10,50,27,0,27,,,0.05005455017089844,0,0.05005455017089844,True,27,27,27,[*]CCCCCCNC(=O)CCc1ccc(CCC(=O)N[*])cc1,[*]PCCCC(=I)Cc1Ncnc(PC(=O)N[*])cc1,
materials,mat_test_3848,Evolutionary,50,42,[*]CCCCCCNC(=O)CCc1ccc(CCC(=O)N[*])cc1,[*]CCCSCNC(=I)CNs1ccc(CCC(=O)N[*])cc1,5.4647,-1.2734228372573853,-1.6323405504226685,-0.3589177131652832,0.3589177131652832,,5,96,50,0,50,,,0.11249303817749023,0,0.11249303817749023,True,50,50,50,[*]CCCCCCNC(=O)CCc1ccc(CCC(=O)N[*])cc1,[*]CCCSCNC(=I)CNs1ccc(CCC(=O)N[*])cc1,
materials,mat_test_3848,Attribution-High,50,42,[*]CCCCCCNC(=O)CCc1ccc(CCC(=O)N[*])cc1,[*]CCCCCCNC(=O)CCc1ccc(CCC([*]O)N[*])cc1,5.4647,-1.2734228372573853,-1.0481840372085571,0.22523880004882812,0.22523880004882812,,3,50,35,34,69,,,0.11385774612426758,0.030939817428588867,0.08291792869567871,True,35,35,35,[*]CCCCCCNC(=O)CCc1ccc(CCC(=O)N[*])cc1,[*]CCCCCCNC(=O)CCc1ccc(CCC([*]O)N[*])cc1,
materials,mat_test_3848,Attribution-Low,50,42,[*]CCCCCCNC(=O)CCc1ccc(CCC(=O)N[*])cc1,[*]CCCCCCNC(=O)CCc1ccc(CCC(=O)N[*])cc1,5.4647,-1.2734228372573853,-1.2734228372573853,0.0,0.0,,0,50,0,34,34,,,0.0379939079284668,0.03044915199279785,0.007544755935668945,False,0,0,0,[*]CCCCCCNC(=O)CCc1ccc(CCC(=O)N[*])cc1,[*]CCCCCCNC(=O)CCc1ccc(CCC(=O)N[*])cc1,
materials,mat_test_3848,Attribution-Random,50,42,[*]CCCCCCNC(=O)CCc1ccc(CCC(=O)N[*])cc1,[*]C#CCCCNC(=O)CCc1ccc(CCC(=O)N[*])cc1,5.4647,-1.2734228372573853,-1.6200557947158813,-0.3466329574584961,0.3466329574584961,,1,50,19,34,53,,,0.08115744590759277,0.03989720344543457,0.0412602424621582,True,19,19,19,[*]CCCCCCNC(=O)CCc1ccc(CCC(=O)N[*])cc1,[*]C#CCCCNC(=O)CCc1ccc(CCC(=O)N[*])cc1,
materials,mat_test_3608,Random,5,42,[*]C#CC(=C([*])c1cnc2ccccc2c1)c1cnc2ccccc2c1,[*]C#CC(=C([*])c1cnc2ccccc2c1)c1cnc2ccccc2c1,0.7215,-2.3074121475219727,-2.3074121475219727,0.0,0.0,,0,5,0,0,0,,,0.002256631851196289,0,0.002256631851196289,False,0,0,0,[*]C#CC(=C([*])c1cnc2ccccc2c1)c1cnc2ccccc2c1,[*]C#CC(=C([*])c1cnc2ccccc2c1)c1cnc2ccccc2c1,
materials,mat_test_3608,MCMC,5,42,[*]C#CC(=C([*])c1cnc2ccccc2c1)c1cnc2ccccc2c1,[*]C#CC(C([*])c1cnc2ccccc2c1)c1cns2ccccc2c1,0.7215,-2.3074121475219727,-2.0706570148468018,0.2367551326751709,0.2367551326751709,,2,5,2,0,2,,,0.006407737731933594,0,0.006407737731933594,True,2,2,2,[*]C#CC(=C([*])c1cnc2ccccc2c1)c1cnc2ccccc2c1,[*]C#CC(C([*])c1cnc2ccccc2c1)c1cns2ccccc2c1,
materials,mat_test_3608,Evolutionary,5,42,[*]C#CC(=C([*])c1cnc2ccccc2c1)c1cnc2ccccc2c1,[*]C#CC(=C([*])c1ccc2ccccc2c1)s1cnIc2ncccc2c1,0.7215,-2.3074121475219727,-2.481792449951172,-0.17438030242919922,0.17438030242919922,,4,16,5,0,5,,,0.017841339111328125,0,0.017841339111328125,True,5,5,5,[*]C#CC(=C([*])c1cnc2ccccc2c1)c1cnc2ccccc2c1,[*]C#CC(=C([*])c1ccc2ccccc2c1)s1cnIc2ncccc2c1,
materials,mat_test_3608,Attribution-High,5,42,[*]C#CC(=C([*])c1cnc2ccccc2c1)c1cnc2ccccc2c1,[*]CCC(=C([*])c1cnc2ccccc2c1)c1cnc2ccccc2c1,0.7215,-2.3074121475219727,-1.910673975944519,0.3967381715774536,0.3967381715774536,,1,5,3,40,43,,,0.043062686920166016,0.03749561309814453,0.005567073822021484,True,3,3,3,[*]C#CC(=C([*])c1cnc2ccccc2c1)c1cnc2ccccc2c1,[*]CCC(=C([*])c1cnc2ccccc2c1)c1cnc2ccccc2c1,
materials,mat_test_3608,Attribution-Low,5,42,[*]C#CC(=C([*])c1cnc2ccccc2c1)c1cnc2ccccc2c1,[*]C#CC(=C([*])c1cnc2ccccc2c1)c1cnc2ccccc2c1,0.7215,-2.3074121475219727,-2.3074121475219727,0.0,0.0,,0,5,0,40,40,,,0.04018592834472656,0.039363861083984375,0.0008220672607421875,False,0,0,0,[*]C#CC(=C([*])c1cnc2ccccc2c1)c1cnc2ccccc2c1,[*]C#CC(=C([*])c1cnc2ccccc2c1)c1cnc2ccccc2c1,
materials,mat_test_3608,Attribution-Random,5,42,[*]C#CC(=C([*])c1cnc2ccccc2c1)c1cnc2ccccc2c1,[*]C#CC(=C([*])c1cnc2ccccc2c1)c1cnc2ccccc2c1,0.7215,-2.3074121475219727,-2.3074121475219727,0.0,0.0,,0,5,0,40,40,,,0.04984283447265625,0.04627728462219238,0.003565549850463867,False,0,0,0,[*]C#CC(=C([*])c1cnc2ccccc2c1)c1cnc2ccccc2c1,[*]C#CC(=C([*])c1cnc2ccccc2c1)c1cnc2ccccc2c1,
materials,mat_test_3608,Random,20,42,[*]C#CC(=C([*])c1cnc2ccccc2c1)c1cnc2ccccc2c1,[*]C#CC(=CC([*])c1cnc2ccccc2c1)c1cnc2ccccc2c1,0.7215,-2.3074121475219727,-2.1662235260009766,0.1411886215209961,0.1411886215209961,,1,20,8,0,8,,,0.043207645416259766,0,0.043207645416259766,True,8,8,8,[*]C#CC(=C([*])c1cnc2ccccc2c1)c1cnc2ccccc2c1,[*]C#CC(=CC([*])c1cnc2ccccc2c1)c1cnc2ccccc2c1,
materials,mat_test_3608,MCMC,20,42,[*]C#CC(=C([*])c1cnc2ccccc2c1)c1cnc2ccccc2c1,[*]CCC(=C([*])c1cnc2ccccc2c1)Nc1cnc2ccccc2c1,0.7215,-2.3074121475219727,-1.8800472021102905,0.42736494541168213,0.42736494541168213,,2,20,7,0,7,,,0.0393834114074707,0,0.0393834114074707,True,7,7,7,[*]C#CC(=C([*])c1cnc2ccccc2c1)c1cnc2ccccc2c1,[*]CCC(=C([*])c1cnc2ccccc2c1)Nc1cnc2ccccc2c1,
materials,mat_test_3608,Evolutionary,20,42,[*]C#CC(=C([*])c1cnc2ccccc2c1)c1cnc2ccccc2c1,[*]CCC(C([*])c1[N-]cn/c2ccccc2c1)c1cnc2ccccc2c1,0.7215,-2.3074121475219727,-1.7695411443710327,0.5378710031509399,0.5378710031509399,,7,40,20,0,20,,,0.06245088577270508,0,0.06245088577270508,True,20,20,20,[*]C#CC(=C([*])c1cnc2ccccc2c1)c1cnc2ccccc2c1,[*]CCC(C([*])c1[N-]cn/c2ccccc2c1)c1cnc2ccccc2c1,
materials,mat_test_3608,Attribution-High,20,42,[*]C#CC(=C([*])c1cnc2ccccc2c1)c1cnc2ccccc2c1,[*]CCC(=C([*])c1cnc2ccccc2c1)c1cnc2ccccc2c1,0.7215,-2.3074121475219727,-1.910673975944519,0.3967381715774536,0.3967381715774536,,1,20,14,40,54,,,0.060866594314575195,0.038262128829956055,0.02260446548461914,True,14,14,14,[*]C#CC(=C([*])c1cnc2ccccc2c1)c1cnc2ccccc2c1,[*]CCC(=C([*])c1cnc2ccccc2c1)c1cnc2ccccc2c1,
materials,mat_test_3608,Attribution-Low,20,42,[*]C#CC(=C([*])c1cnc2ccccc2c1)c1cnc2ccccc2c1,[*]C#CC(=C([*])c1cnc2ccccc2c1)c1cnc2ccccc2c1,0.7215,-2.3074121475219727,-2.3074121475219727,0.0,0.0,,0,20,0,40,40,,,0.04774808883666992,0.0454251766204834,0.0023229122161865234,False,0,0,0,[*]C#CC(=C([*])c1cnc2ccccc2c1)c1cnc2ccccc2c1,[*]C#CC(=C([*])c1cnc2ccccc2c1)c1cnc2ccccc2c1,
materials,mat_test_3608,Attribution-Random,20,42,[*]C#CC(=C([*])c1cnc2ccccc2c1)c1cnc2ccccc2c1,[*]C#CC(=C([*])c1cnc2ccccc2c1)c1cn2ccccc2c1,0.7215,-2.3074121475219727,-2.2467827796936035,0.06062936782836914,0.06062936782836914,,1,20,1,40,41,,,0.0449066162109375,0.036889076232910156,0.008017539978027344,True,1,1,1,[*]C#CC(=C([*])c1cnc2ccccc2c1)c1cnc2ccccc2c1,[*]C#CC(=C([*])c1cnc2ccccc2c1)c1cn2ccccc2c1,
materials,mat_test_3608,Random,50,42,[*]C#CC(=C([*])c1cnc2ccccc2c1)c1cnc2ccccc2c1,[*]C#CC(C([*])c1cnc2ccccc2c1)c1cnc2ccccc2c1,0.7215,-2.3074121475219727,-2.0737223625183105,0.2336897850036621,0.2336897850036621,,1,50,11,0,11,,,0.04556417465209961,0,0.04556417465209961,True,11,11,11,[*]C#CC(=C([*])c1cnc2ccccc2c1)c1cnc2ccccc2c1,[*]C#CC(C([*])c1cnc2ccccc2c1)c1cnc2ccccc2c1,
materials,mat_test_3608,MCMC,50,42,[*]C#CC(=C([*])c1cnc2ccccc2c1)c1cnc2ccccc2c1,[*]PI#CC(/CS([*])Sc1ncc2c\nncc2c1)c1cnc2I\C[nH]ccc2n1,0.7215,-2.3074121475219727,-1.4773651361465454,0.8300470113754272,0.8300470113754272,,18,50,22,0,22,,,0.08036494255065918,0,0.08036494255065918,True,22,22,22,[*]C#CC(=C([*])c1cnc2ccccc2c1)c1cnc2ccccc2c1,[*]PI#CC(/CS([*])Sc1ncc2c\nncc2c1)c1cnc2I\C[nH]ccc2n1,
materials,mat_test_3608,Evolutionary,50,42,[*]C#CC(=C([*])c1cnc2ccccc2c1)c1cnc2ccccc2c1,[*]CCC(C([*])c1\cnc2cccCcc2c1)c1cnoc2cccncC2c1,0.7215,-2.3074121475219727,-1.7676712274551392,0.5397409200668335,0.5397409200668335,,7,105,37,0,37,,,0.13853144645690918,0,0.13853144645690918,True,37,37,37,[*]C#CC(=C([*])c1cnc2ccccc2c1)c1cnc2ccccc2c1,[*]CCC(C([*])c1\cnc2cccCcc2c1)c1cnoc2cccncC2c1,
materials,mat_test_3608,Attribution-High,50,42,[*]C#CC(=C([*])c1cnc2ccccc2c1)c1cnc2ccccc2c1,[*]CCC(=C([*])c1cnc2ccccc2c1)c1cnc2ccccc2c1,0.7215,-2.3074121475219727,-1.910673975944519,0.3967381715774536,0.3967381715774536,,1,50,35,40,75,,,0.13619399070739746,0.03837990760803223,0.09781408309936523,True,35,35,35,[*]C#CC(=C([*])c1cnc2ccccc2c1)c1cnc2ccccc2c1,[*]CCC(=C([*])c1cnc2ccccc2c1)c1cnc2ccccc2c1,
materials,mat_test_3608,Attribution-Low,50,42,[*]C#CC(=C([*])c1cnc2ccccc2c1)c1cnc2ccccc2c1,[*]C#CC(=C([*])c1cnc2ccccc2c1)c1cnc2ccccc2c1,0.7215,-2.3074121475219727,-2.3074121475219727,0.0,0.0,,0,50,1,40,41,,,0.048265695571899414,0.03927326202392578,0.008992433547973633,True,1,1,1,[*]C#CC(=C([*])c1cnc2ccccc2c1)c1cnc2ccccc2c1,[*]C#CC(=C([*])c1cnc2ccccc2c1)c1cnc2ccccc2c1,
materials,mat_test_3608,Attribution-Random,50,42,[*]C#CC(=C([*])c1cnc2ccccc2c1)c1cnc2ccccc2c1,[*]#CC(=C([*])c1cnc2ccccc2c1)c1cnc2ccccc2c1,0.7215,-2.3074121475219727,-1.9760836362838745,0.33132851123809814,0.33132851123809814,,1,50,6,40,46,,,0.06837058067321777,0.03781628608703613,0.03055429458618164,True,6,6,6,[*]C#CC(=C([*])c1cnc2ccccc2c1)c1cnc2ccccc2c1,[*]#CC(=C([*])c1cnc2ccccc2c1)c1cnc2ccccc2c1,
materials,mat_test_3632,Random,5,42,[*]Nc1ccc(C=Cc2ccc(NC(=C(C#N)C#N)c3ccc(C([*])=C(C#N)C#N)cc3)cc2)cc1,[*]Nc1ccc(C-Cc2ccc(NC(=C(C#N)C#N)c3ccc(C([*])=C(C#N)C#N)cc3)cc2)cc1,2.0183,-1.952729344367981,-1.853601336479187,0.09912800788879395,0.09912800788879395,,1,5,3,0,3,,,0.01068258285522461,0,0.01068258285522461,True,3,3,3,[*]Nc1ccc(C=Cc2ccc(NC(=C(C#N)C#N)c3ccc(C([*])=C(C#N)C#N)cc3)cc2)cc1,[*]Nc1ccc(C-Cc2ccc(NC(=C(C#N)C#N)c3ccc(C([*])=C(C#N)C#N)cc3)cc2)cc1,
materials,mat_test_3632,MCMC,5,42,[*]Nc1ccc(C=Cc2ccc(NC(=C(C#N)C#N)c3ccc(C([*])=C(C#N)C#N)cc3)cc2)cc1,[*]Nc1ccc(C=Cc2[nH]ccc(NC(=C(C#N)C#N)c3ccc(C([*])=C(C#N)C#N)cc3)cc2)cc1,2.0183,-1.952729344367981,-1.7562779188156128,0.19645142555236816,0.19645142555236816,,4,5,2,0,2,,,0.00878286361694336,0,0.00878286361694336,True,2,2,2,[*]Nc1ccc(C=Cc2ccc(NC(=C(C#N)C#N)c3ccc(C([*])=C(C#N)C#N)cc3)cc2)cc1,[*]Nc1ccc(C=Cc2[nH]ccc(NC(=C(C#N)C#N)c3ccc(C([*])=C(C#N)C#N)cc3)cc2)cc1,
materials,mat_test_3632,Evolutionary,5,42,[*]Nc1ccc(C=Cc2ccc(NC(=C(C#N)C#N)c3ccc(C([*])=C(C#N)C#N)cc3)cc2)cc1,[*]Nc1ccc(C=Cc2ccc(NC(=C(CP#N)C#N)c3ccc(C([*])/C(C#N)C#N)cc3)cc2)cc1,2.0183,-1.952729344367981,-1.565459132194519,0.3872702121734619,0.3872702121734619,,2,8,5,0,5,,,0.02031993865966797,0,0.02031993865966797,True,5,5,5,[*]Nc1ccc(C=Cc2ccc(NC(=C(C#N)C#N)c3ccc(C([*])=C(C#N)C#N)cc3)cc2)cc1,[*]Nc1ccc(C=Cc2ccc(NC(=C(CP#N)C#N)c3ccc(C([*])/C(C#N)C#N)cc3)cc2)cc1,
materials,mat_test_3632,Attribution-High,5,42,[*]Nc1ccc(C=Cc2ccc(NC(=C(C#N)C#N)c3ccc(C([*])=C(C#N)C#N)cc3)cc2)cc1,[*]Nc1ccc(C=Cc2ccc(NC(=C(C#N)C#N)c3ccc(C([*])C(C#N)C#N)cc3)cc2)cc1,2.0183,-1.952729344367981,-1.7228699922561646,0.2298593521118164,0.2298593521118164,,1,5,3,63,66,,,0.07303690910339355,0.0636281967163086,0.009408712387084961,True,3,3,3,[*]Nc1ccc(C=Cc2ccc(NC(=C(C#N)C#N)c3ccc(C([*])=C(C#N)C#N)cc3)cc2)cc1,[*]Nc1ccc(C=Cc2ccc(NC(=C(C#N)C#N)c3ccc(C([*])C(C#N)C#N)cc3)cc2)cc1,
materials,mat_test_3632,Attribution-Low,5,42,[*]Nc1ccc(C=Cc2ccc(NC(=C(C#N)C#N)c3ccc(C([*])=C(C#N)C#N)cc3)cc2)cc1,[*]Nc1ccc(C=Cc2ccc(NC(=C(C#N)C#N)c3ccc(C([*])=C(C#N)C#N)cc3)cc2)cc1,2.0183,-1.952729344367981,-1.952729344367981,0.0,0.0,,0,5,0,63,63,,,0.07219719886779785,0.07132291793823242,0.0008742809295654297,False,0,0,0,[*]Nc1ccc(C=Cc2ccc(NC(=C(C#N)C#N)c3ccc(C([*])=C(C#N)C#N)cc3)cc2)cc1,[*]Nc1ccc(C=Cc2ccc(NC(=C(C#N)C#N)c3ccc(C([*])=C(C#N)C#N)cc3)cc2)cc1,
materials,mat_test_3632,Attribution-Random,5,42,[*]Nc1ccc(C=Cc2ccc(NC(=C(C#N)C#N)c3ccc(C([*])=C(C#N)C#N)cc3)cc2)cc1,[*]Nc1ccc(C=Cc2ccc(NC(-C(C#N)C#N)c3ccc(C([*])=C(C#N)C#N)cc3)cc2)cc1,2.0183,-1.952729344367981,-1.887600302696228,0.06512904167175293,0.06512904167175293,,1,5,2,63,65,,,0.07322120666503906,0.06871724128723145,0.004503965377807617,True,2,2,2,[*]Nc1ccc(C=Cc2ccc(NC(=C(C#N)C#N)c3ccc(C([*])=C(C#N)C#N)cc3)cc2)cc1,[*]Nc1ccc(C=Cc2ccc(NC(-C(C#N)C#N)c3ccc(C([*])=C(C#N)C#N)cc3)cc2)cc1,
materials,mat_test_3632,Random,20,42,[*]Nc1ccc(C=Cc2ccc(NC(=C(C#N)C#N)c3ccc(C([*])=C(C#N)C#N)cc3)cc2)cc1,[*]Nc1ccc(C=Cc2ccc(NC(=C(C#N)C#N)c3ccc(C([*])[Si]=C(C#N)C#N)cc3)cc2)cc1,2.0183,-1.952729344367981,-1.7268542051315308,0.2258751392364502,0.2258751392364502,,4,20,6,0,6,,,0.028795480728149414,0,0.028795480728149414,True,6,6,6,[*]Nc1ccc(C=Cc2ccc(NC(=C(C#N)C#N)c3ccc(C([*])=C(C#N)C#N)cc3)cc2)cc1,[*]Nc1ccc(C=Cc2ccc(NC(=C(C#N)C#N)c3ccc(C([*])[Si]=C(C#N)C#N)cc3)cc2)cc1,
materials,mat_test_3632,MCMC,20,42,[*]Nc1ccc(C=Cc2ccc(NC(=C(C#N)C#N)c3ccc(C([*])=C(C#N)C#N)cc3)cc2)cc1,[*]Nc1ncc(N=Cc2ncc(NC(=C(C#N)C/N)c3ccc(C([*])CI(C#N)CN)nc3)cc2)cc1,2.0183,-1.952729344367981,-1.7097417116165161,0.24298763275146484,0.24298763275146484,,8,20,8,0,8,,,0.06693840026855469,0,0.06693840026855469,True,8,8,8,[*]Nc1ccc(C=Cc2ccc(NC(=C(C#N)C#N)c3ccc(C([*])=C(C#N)C#N)cc3)cc2)cc1,[*]Nc1ncc(N=Cc2ncc(NC(=C(C#N)C/N)c3ccc(C([*])CI(C#N)CN)nc3)cc2)cc1,
materials,mat_test_3632,Evolutionary,20,42,[*]Nc1ccc(C=Cc2ccc(NC(=C(C#N)C#N)c3ccc(C([*])=C(C#N)C#N)cc3)cc2)cc1,[*]Nc1ccc(C\Cc2ncc(NC(=C(C#N)CN)c3ccc(C([*])\C(C#N)C#N)cc3)cc2)cc1,2.0183,-1.952729344367981,-1.4656394720077515,0.4870898723602295,0.4870898723602295,,4,46,20,0,20,,,0.09436321258544922,0,0.09436321258544922,True,20,20,20,[*]Nc1ccc(C=Cc2ccc(NC(=C(C#N)C#N)c3ccc(C([*])=C(C#N)C#N)cc3)cc2)cc1,[*]Nc1ccc(C\Cc2ncc(NC(=C(C#N)CN)c3ccc(C([*])\C(C#N)C#N)cc3)cc2)cc1,
materials,mat_test_3632,Attribution-High,20,42,[*]Nc1ccc(C=Cc2ccc(NC(=C(C#N)C#N)c3ccc(C([*])=C(C#N)C#N)cc3)cc2)cc1,[*]Nc1ccc(C=Cc2ccc(NC(=C(C#N)C#N)c3ccc(C([*])C(C#N)C#N)cc3)cc2)cc1,2.0183,-1.952729344367981,-1.7228699922561646,0.2298593521118164,0.2298593521118164,,1,20,16,63,79,,,0.08409643173217773,0.05603456497192383,0.028061866760253906,True,16,16,16,[*]Nc1ccc(C=Cc2ccc(NC(=C(C#N)C#N)c3ccc(C([*])=C(C#N)C#N)cc3)cc2)cc1,[*]Nc1ccc(C=Cc2ccc(NC(=C(C#N)C#N)c3ccc(C([*])C(C#N)C#N)cc3)cc2)cc1,
materials,mat_test_3632,Attribution-Low,20,42,[*]Nc1ccc(C=Cc2ccc(NC(=C(C#N)C#N)c3ccc(C([*])=C(C#N)C#N)cc3)cc2)cc1,[*]Nc1ccc(C=Cc2ccc(NC(=C(C#N)C#N)c3ccc(C([*])=C(C#N)C#N)cc3)cc2)cc1,2.0183,-1.952729344367981,-1.952729344367981,0.0,0.0,,0,20,0,63,63,,,0.06406950950622559,0.06047701835632324,0.0035924911499023438,False,0,0,0,[*]Nc1ccc(C=Cc2ccc(NC(=C(C#N)C#N)c3ccc(C([*])=C(C#N)C#N)cc3)cc2)cc1,[*]Nc1ccc(C=Cc2ccc(NC(=C(C#N)C#N)c3ccc(C([*])=C(C#N)C#N)cc3)cc2)cc1,
materials,mat_test_3632,Attribution-Random,20,42,[*]Nc1ccc(C=Cc2ccc(NC(=C(C#N)C#N)c3ccc(C([*])=C(C#N)C#N)cc3)cc2)cc1,[*]Nc1ccc(C=Cc2ccc(NC(C(C#N)C#N)c3ccc(C([*])=C(C#N)C#N)cc3)cc2)cc1,2.0183,-1.952729344367981,-1.7786446809768677,0.17408466339111328,0.17408466339111328,,1,20,2,63,65,,,0.07396745681762695,0.06103801727294922,0.012929439544677734,True,2,2,2,[*]Nc1ccc(C=Cc2ccc(NC(=C(C#N)C#N)c3ccc(C([*])=C(C#N)C#N)cc3)cc2)cc1,[*]Nc1ccc(C=Cc2ccc(NC(C(C#N)C#N)c3ccc(C([*])=C(C#N)C#N)cc3)cc2)cc1,
materials,mat_test_3632,Random,50,42,[*]Nc1ccc(C=Cc2ccc(NC(=C(C#N)C#N)c3ccc(C([*])=C(C#N)C#N)cc3)cc2)cc1,[*]Nc1ccc(C=Cc2ccc(NC(=C(PC#N)C#N)c3ccc(C([*])=C(C#N)C#N)cc3)cc2)cc1,2.0183,-1.952729344367981,-1.5425065755844116,0.41022276878356934,0.41022276878356934,,1,50,16,0,16,,,0.08346199989318848,0,0.08346199989318848,True,16,16,16,[*]Nc1ccc(C=Cc2ccc(NC(=C(C#N)C#N)c3ccc(C([*])=C(C#N)C#N)cc3)cc2)cc1,[*]Nc1ccc(C=Cc2ccc(NC(=C(PC#N)C#N)c3ccc(C([*])=C(C#N)C#N)cc3)cc2)cc1,
materials,mat_test_3632,MCMC,50,42,[*]Nc1ccc(C=Cc2ccc(NC(=C(C#N)C#N)c3ccc(C([*])=C(C#N)C#N)cc3)cc2)cc1,[*]Nc1ccc(CSc2ccc(OC(IC(S)C#N)c3cc[nH]c(/C([*])=C(C-N)C\N)cc3)ccS-2)[Si]cc1,2.0183,-1.952729344367981,-1.2459388971328735,0.7067904472351074,0.7067904472351074,,20,50,27,0,27,,,0.12873601913452148,0,0.12873601913452148,True,27,27,27,[*]Nc1ccc(C=Cc2ccc(NC(=C(C#N)C#N)c3ccc(C([*])=C(C#N)C#N)cc3)cc2)cc1,[*]Nc1ccc(CSc2ccc(OC(IC(S)C#N)c3cc[nH]c(/C([*])=C(C-N)C\N)cc3)ccS-2)[Si]cc1,
materials,mat_test_3632,Evolutionary,50,42,[*]Nc1ccc(C=Cc2ccc(NC(=C(C#N)C#N)c3ccc(C([*])=C(C#N)C#N)cc3)cc2)cc1,[*]Nc1ccc(C=Cc2ccc(NC(=C(C#N)C#N)c3ccc(C([*])=C(C#N)C#N)cc3)cc2)Icc1,2.0183,-1.952729344367981,-1.9558002948760986,-0.0030709505081176758,0.0030709505081176758,,1,10,1,0,1,,,0.00897979736328125,0,0.00897979736328125,True,1,1,1,[*]Nc1ccc(C=Cc2ccc(NC(=C(C#N)C#N)c3ccc(C([*])=C(C#N)C#N)cc3)cc2)cc1,[*]Nc1ccc(C=Cc2ccc(NC(=C(C#N)C#N)c3ccc(C([*])=C(C#N)C#N)cc3)cc2)Icc1,
materials,mat_test_3632,Attribution-High,50,42,[*]Nc1ccc(C=Cc2ccc(NC(=C(C#N)C#N)c3ccc(C([*])=C(C#N)C#N)cc3)cc2)cc1,[*]Nc1ccc(C=Cc2ccc(NC(=C(C#N)C#N)c3ccc(C([*])C(C#N)C#N)cc3)cc2)cc1,2.0183,-1.952729344367981,-1.7228699922561646,0.2298593521118164,0.2298593521118164,,1,50,34,63,97,,,0.16758275032043457,0.08483576774597168,0.08274698257446289,True,34,34,34,[*]Nc1ccc(C=Cc2ccc(NC(=C(C#N)C#N)c3ccc(C([*])=C(C#N)C#N)cc3)cc2)cc1,[*]Nc1ccc(C=Cc2ccc(NC(=C(C#N)C#N)c3ccc(C([*])C(C#N)C#N)cc3)cc2)cc1,
materials,mat_test_3632,Attribution-Low,50,42,[*]Nc1ccc(C=Cc2ccc(NC(=C(C#N)C#N)c3ccc(C([*])=C(C#N)C#N)cc3)cc2)cc1,[*]Nc1ccc(C=Cc2ccc(NC(=C(C#N)C#N)c3ccc(C([*])=C(C#N)C#N)cc3)cc2)cc1,2.0183,-1.952729344367981,-1.952729344367981,0.0,0.0,,0,50,0,63,63,,,0.06843090057373047,0.059836626052856445,0.008594274520874023,False,0,0,0,[*]Nc1ccc(C=Cc2ccc(NC(=C(C#N)C#N)c3ccc(C([*])=C(C#N)C#N)cc3)cc2)cc1,[*]Nc1ccc(C=Cc2ccc(NC(=C(C#N)C#N)c3ccc(C([*])=C(C#N)C#N)cc3)cc2)cc1,
materials,mat_test_3632,Attribution-Random,50,42,[*]Nc1ccc(C=Cc2ccc(NC(=C(C#N)C#N)c3ccc(C([*])=C(C#N)C#N)cc3)cc2)cc1,[*]Nc1ccc(C=Cc2ccc(NC(=C(C#N)C#N)c3ccc(C([*])C(C#N)C#N)cc3)cc2)cc1,2.0183,-1.952729344367981,-1.7228699922561646,0.2298593521118164,0.2298593521118164,,1,50,11,63,74,,,0.17194795608520508,0.06011390686035156,0.11183404922485352,True,11,11,11,[*]Nc1ccc(C=Cc2ccc(NC(=C(C#N)C#N)c3ccc(C([*])=C(C#N)C#N)cc3)cc2)cc1,[*]Nc1ccc(C=Cc2ccc(NC(=C(C#N)C#N)c3ccc(C([*])C(C#N)C#N)cc3)cc2)cc1,
materials,mat_test_3667,Random,5,42,[*]C=Nc1ccc(-c2ccc(N=Cc3ccc(Sc4ccc([*])o4)o3)c(OC)c2)cc1OC,[*]C=Nc1ccc(-c2ccc(N=Cc3ccc(Sc4ccc([*])o4)o3)c(OC)c2)cc1OCl,2.96,-1.9112199544906616,-1.912323236465454,-0.0011032819747924805,0.0011032819747924805,,1,5,1,0,1,,,0.009329795837402344,0,0.009329795837402344,True,1,1,1,[*]C=Nc1ccc(-c2ccc(N=Cc3ccc(Sc4ccc([*])o4)o3)c(OC)c2)cc1OC,[*]C=Nc1ccc(-c2ccc(N=Cc3ccc(Sc4ccc([*])o4)o3)c(OC)c2)cc1OCl,
materials,mat_test_3667,MCMC,5,42,[*]C=Nc1ccc(-c2ccc(N=Cc3ccc(Sc4ccc([*])o4)o3)c(OC)c2)cc1OC,[*]C=Nc1cnc(-c2ccc(N=Cc3ccc(Sc4ccc([*])o4)o3)c(OC)c2)cc1O,2.96,-1.9112199544906616,-1.8860799074172974,0.025140047073364258,0.025140047073364258,,2,5,2,0,2,,,0.006186485290527344,0,0.006186485290527344,True,2,2,2,[*]C=Nc1ccc(-c2ccc(N=Cc3ccc(Sc4ccc([*])o4)o3)c(OC)c2)cc1OC,[*]C=Nc1cnc(-c2ccc(N=Cc3ccc(Sc4ccc([*])o4)o3)c(OC)c2)cc1O,
materials,mat_test_3667,Evolutionary,5,42,[*]C=Nc1ccc(-c2ccc(N=Cc3ccc(Sc4ccc([*])o4)o3)c(OC)c2)cc1OC,[*]C=Nc1ccc(-c2ccc(N=Cc3ccc(Sc4ccc([*])o4)o3)c(OC)c2)cc1C,2.96,-1.9112199544906616,-1.9379457235336304,-0.02672576904296875,0.02672576904296875,,1,9,5,0,5,,,0.014774322509765625,0,0.014774322509765625,True,5,5,5,[*]C=Nc1ccc(-c2ccc(N=Cc3ccc(Sc4ccc([*])o4)o3)c(OC)c2)cc1OC,[*]C=Nc1ccc(-c2ccc(N=Cc3ccc(Sc4ccc([*])o4)o3)c(OC)c2)cc1C,
materials,mat_test_3667,Attribution-High,5,42,[*]C=Nc1ccc(-c2ccc(N=Cc3ccc(Sc4ccc([*])o4)o3)c(OC)c2)cc1OC,[*]CNc1ccc(-c2ccc(N=Cc3ccc(Sc4ccc([*])o4)o3)c(OC)c2)cc1OC,2.96,-1.9112199544906616,-1.7116092443466187,0.19961071014404297,0.19961071014404297,,1,5,4,54,58,,,0.05998659133911133,0.054944515228271484,0.005042076110839844,True,4,4,4,[*]C=Nc1ccc(-c2ccc(N=Cc3ccc(Sc4ccc([*])o4)o3)c(OC)c2)cc1OC,[*]CNc1ccc(-c2ccc(N=Cc3ccc(Sc4ccc([*])o4)o3)c(OC)c2)cc1OC,
materials,mat_test_3667,Attribution-Low,5,42,[*]C=Nc1ccc(-c2ccc(N=Cc3ccc(Sc4ccc([*])o4)o3)c(OC)c2)cc1OC,[*]C=Nc1ccc(-c2ccc(N=Cc3ccc(Sc4ccc([*])o4)o3)c(OC)c2)cc1OC,2.96,-1.9112199544906616,-1.9112199544906616,0.0,0.0,,0,5,1,54,55,,,0.05746126174926758,0.05510592460632324,0.002355337142944336,True,1,1,1,[*]C=Nc1ccc(-c2ccc(N=Cc3ccc(Sc4ccc([*])o4)o3)c(OC)c2)cc1OC,[*]C=Nc1ccc(-c2ccc(N=Cc3ccc(Sc4ccc([*])o4)o3)c(OC)c2)cc1OC,
materials,mat_test_3667,Attribution-Random,5,42,[*]C=Nc1ccc(-c2ccc(N=Cc3ccc(Sc4ccc([*])o4)o3)c(OC)c2)cc1OC,[*]C=Nc1ccc(-c2ccc(N=Cc3ccc(Sc4ccc([*])o4)o3)c(OC)c2)cc1OC,2.96,-1.9112199544906616,-1.9112199544906616,0.0,0.0,,0,5,0,54,54,,,0.05587935447692871,0.05479764938354492,0.001081705093383789,False,0,0,0,[*]C=Nc1ccc(-c2ccc(N=Cc3ccc(Sc4ccc([*])o4)o3)c(OC)c2)cc1OC,[*]C=Nc1ccc(-c2ccc(N=Cc3ccc(Sc4ccc([*])o4)o3)c(OC)c2)cc1OC,
materials,mat_test_3667,Random,20,42,[*]C=Nc1ccc(-c2ccc(N=Cc3ccc(Sc4ccc([*])o4)o3)c(OC)c2)cc1OC,[*][N-]C=Nc1ccc(-c2ccc(N=Cc3ccc(Sc4ccc([*])o4)o3)c(OC)c2)cc1OC,2.96,-1.9112199544906616,-1.6246404647827148,0.2865794897079468,0.2865794897079468,,4,20,10,0,10,,,0.028763294219970703,0,0.028763294219970703,True,10,10,10,[*]C=Nc1ccc(-c2ccc(N=Cc3ccc(Sc4ccc([*])o4)o3)c(OC)c2)cc1OC,[*][N-]C=Nc1ccc(-c2ccc(N=Cc3ccc(Sc4ccc([*])o4)o3)c(OC)c2)cc1OC,
materials,mat_test_3667,MCMC,20,42,[*]C=Nc1ccc(-c2ccc(N=Cc3ccc(Sc4ccc([*])o4)o3)c(OC)c2)cc1OC,[*]C=Nc1nc-c(-s2ncc(N=Cc3cccS(Sc4ncc([*])o4)o3)c(OC)c2)cc1OC,2.96,-1.9112199544906616,-1.7883820533752441,0.12283790111541748,0.12283790111541748,,6,20,6,0,6,,,0.021146774291992188,0,0.021146774291992188,True,6,6,6,[*]C=Nc1ccc(-c2ccc(N=Cc3ccc(Sc4ccc([*])o4)o3)c(OC)c2)cc1OC,[*]C=Nc1nc-c(-s2ncc(N=Cc3cccS(Sc4ncc([*])o4)o3)c(OC)c2)cc1OC,
materials,mat_test_3667,Evolutionary,20,42,[*]C=Nc1ccc(-c2ccc(N=Cc3ccc(Sc4ccc([*])o4)o3)c(OC)c2)cc1OC,[*]C=Nc1ccc(-c2ccc(N=Cc3ccc(Sc4ccc([*])s4)o3)(OC)sc2)cc1OC[2H],2.96,-1.9112199544906616,-2.175126075744629,-0.2639061212539673,0.2639061212539673,,7,38,20,0,20,,,0.056578636169433594,0,0.056578636169433594,True,20,20,20,[*]C=Nc1ccc(-c2ccc(N=Cc3ccc(Sc4ccc([*])o4)o3)c(OC)c2)cc1OC,[*]C=Nc1ccc(-c2ccc(N=Cc3ccc(Sc4ccc([*])s4)o3)(OC)sc2)cc1OC[2H],
materials,mat_test_3667,Attribution-High,20,42,[*]C=Nc1ccc(-c2ccc(N=Cc3ccc(Sc4ccc([*])o4)o3)c(OC)c2)cc1OC,[*]CSNc1ccc(-c2ccc(N=Cc3ccc(Sc4ccc([*])o4)o3)c(OC)c2)cc1OC,2.96,-1.9112199544906616,-1.6712651252746582,0.23995482921600342,0.23995482921600342,,1,20,14,54,68,,,0.07885861396789551,0.05957818031311035,0.019280433654785156,True,14,14,14,[*]C=Nc1ccc(-c2ccc(N=Cc3ccc(Sc4ccc([*])o4)o3)c(OC)c2)cc1OC,[*]CSNc1ccc(-c2ccc(N=Cc3ccc(Sc4ccc([*])o4)o3)c(OC)c2)cc1OC,
materials,mat_test_3667,Attribution-Low,20,42,[*]C=Nc1ccc(-c2ccc(N=Cc3ccc(Sc4ccc([*])o4)o3)c(OC)c2)cc1OC,[*]C=Nc1ccc(-c2ccc(N=Cc3ccc(Sc4ccc([*])o4)o3)c(OC)c2)cc1OC,2.96,-1.9112199544906616,-1.9112199544906616,0.0,0.0,,0,20,0,54,54,,,0.05237579345703125,0.05036497116088867,0.002010822296142578,False,0,0,0,[*]C=Nc1ccc(-c2ccc(N=Cc3ccc(Sc4ccc([*])o4)o3)c(OC)c2)cc1OC,[*]C=Nc1ccc(-c2ccc(N=Cc3ccc(Sc4ccc([*])o4)o3)c(OC)c2)cc1OC,
materials,mat_test_3667,Attribution-Random,20,42,[*]C=Nc1ccc(-c2ccc(N=Cc3ccc(Sc4ccc([*])o4)o3)c(OC)c2)cc1OC,[*]C=Nc1ccc(c2ccc(N=Cc3ccc(Sc4ccc([*])o4)o3)c(OC)c2)cc1OC,2.96,-1.9112199544906616,-2.046799659729004,-0.13557970523834229,0.13557970523834229,,1,20,2,54,56,,,0.06423282623291016,0.05736374855041504,0.006869077682495117,True,2,2,2,[*]C=Nc1ccc(-c2ccc(N=Cc3ccc(Sc4ccc([*])o4)o3)c(OC)c2)cc1OC,[*]C=Nc1ccc(c2ccc(N=Cc3ccc(Sc4ccc([*])o4)o3)c(OC)c2)cc1OC,
materials,mat_test_3667,Random,50,42,[*]C=Nc1ccc(-c2ccc(N=Cc3ccc(Sc4ccc([*])o4)o3)c(OC)c2)cc1OC,[*]CNc1ccc(-c2ccc(N=Cc3ccc(Sc4ccc([*])o4)o3)c(OC)c2)cc1OC,2.96,-1.9112199544906616,-1.7116092443466187,0.19961071014404297,0.19961071014404297,,1,50,25,0,25,,,0.08988022804260254,0,0.08988022804260254,True,25,25,25,[*]C=Nc1ccc(-c2ccc(N=Cc3ccc(Sc4ccc([*])o4)o3)c(OC)c2)cc1OC,[*]CNc1ccc(-c2ccc(N=Cc3ccc(Sc4ccc([*])o4)o3)c(OC)c2)cc1OC,
materials,mat_test_3667,MCMC,50,42,[*]C=Nc1ccc(-c2ccc(N=Cc3ccc(Sc4ccc([*])o4)o3)c(OC)c2)cc1OC,[*]CNc1ccc(-s2cnc(N=Cc3/ccc(Sc4ccs([*])o[Si]-N4)3)=c(OC)c2)cc1NC,2.96,-1.9112199544906616,-1.678238034248352,0.23298192024230957,0.23298192024230957,,14,50,20,0,20,,,0.05416536331176758,0,0.05416536331176758,True,20,20,20,[*]C=Nc1ccc(-c2ccc(N=Cc3ccc(Sc4ccc([*])o4)o3)c(OC)c2)cc1OC,[*]CNc1ccc(-s2cnc(N=Cc3/ccc(Sc4ccs([*])o[Si]-N4)3)=c(OC)c2)cc1NC,
materials,mat_test_3667,Evolutionary,50,42,[*]C=Nc1ccc(-c2ccc(N=Cc3ccc(Sc4ccc([*])o4)o3)c(OC)c2)cc1OC,[*]C=Nc1Sccc(-c2ccc(N=CNs3ccs(SI[N+]c4ccc([*])o4)3)c(C)c2)cc1/O\N,2.96,-1.9112199544906616,-2.3376731872558594,-0.42645323276519775,0.42645323276519775,,14,136,50,0,50,,,0.19505739212036133,0,0.19505739212036133,True,50,50,50,[*]C=Nc1ccc(-c2ccc(N=Cc3ccc(Sc4ccc([*])o4)o3)c(OC)c2)cc1OC,[*]C=Nc1Sccc(-c2ccc(N=CNs3ccs(SI[N+]c4ccc([*])o4)3)c(C)c2)cc1/O\N,
materials,mat_test_3667,Attribution-High,50,42,[*]C=Nc1ccc(-c2ccc(N=Cc3ccc(Sc4ccc([*])o4)o3)c(OC)c2)cc1OC,[*]C[*]Nc1ccc(-c2ccc(N=Cc3ccc(Sc4ccc([*])o4)o3)c(OC)c2)cc1OC,2.96,-1.9112199544906616,-1.6159710884094238,0.2952488660812378,0.2952488660812378,,3,50,40,54,94,,,0.10637354850769043,0.04941701889038086,0.05695652961730957,True,40,40,40,[*]C=Nc1ccc(-c2ccc(N=Cc3ccc(Sc4ccc([*])o4)o3)c(OC)c2)cc1OC,[*]C[*]Nc1ccc(-c2ccc(N=Cc3ccc(Sc4ccc([*])o4)o3)c(OC)c2)cc1OC,
materials,mat_test_3667,Attribution-Low,50,42,[*]C=Nc1ccc(-c2ccc(N=Cc3ccc(Sc4ccc([*])o4)o3)c(OC)c2)cc1OC,[*]C=Nc1ccc(-c2ccc(N=Cc3ccc(Sc4ccc([*])o4)o3)c(OC)c2)cc1OC,2.96,-1.9112199544906616,-1.9112199544906616,0.0,0.0,,0,50,1,54,55,,,0.07123661041259766,0.05630326271057129,0.014933347702026367,True,1,1,1,[*]C=Nc1ccc(-c2ccc(N=Cc3ccc(Sc4ccc([*])o4)o3)c(OC)c2)cc1OC,[*]C=Nc1ccc(-c2ccc(N=Cc3ccc(Sc4ccc([*])o4)o3)c(OC)c2)cc1OC,
materials,mat_test_3667,Attribution-Random,50,42,[*]C=Nc1ccc(-c2ccc(N=Cc3ccc(Sc4ccc([*])o4)o3)c(OC)c2)cc1OC,[*]C[*]Nc1ccc(-c2ccc(N=Cc3ccc(Sc4ccc([*])o4)o3)c(OC)c2)cc1OC,2.96,-1.9112199544906616,-1.6159710884094238,0.2952488660812378,0.2952488660812378,,3,50,9,54,63,,,0.11866497993469238,0.04706072807312012,0.07160425186157227,True,9,9,9,[*]C=Nc1ccc(-c2ccc(N=Cc3ccc(Sc4ccc([*])o4)o3)c(OC)c2)cc1OC,[*]C[*]Nc1ccc(-c2ccc(N=Cc3ccc(Sc4ccc([*])o4)o3)c(OC)c2)cc1OC,
materials,mat_test_4152,Random,5,42,[*]CC([*])(Cl)C#N,[*]CCC([*])(Cl)C#N,6.3216,-1.158628225326538,-0.9999362230300903,0.15869200229644775,0.15869200229644775,,1,5,3,0,3,,,0.0048787593841552734,0,0.0048787593841552734,True,3,3,3,[*]CC([*])(Cl)C#N,[*]CCC([*])(Cl)C#N,
materials,mat_test_4152,MCMC,5,42,[*]CC([*])(Cl)C#N,[*]([*])(Cl)C#N,6.3216,-1.158628225326538,-1.3227871656417847,-0.16415894031524658,0.16415894031524658,,2,5,3,0,3,,,0.003651857376098633,0,0.003651857376098633,True,3,3,3,[*]CC([*])(Cl)C#N,[*]([*])(Cl)C#N,
materials,mat_test_4152,Evolutionary,5,42,[*]CC([*])(Cl)C#N,[*]SC([*])(Cl)C#N,6.3216,-1.158628225326538,-1.3260163068771362,-0.16738808155059814,0.16738808155059814,,1,8,5,0,5,,,0.009167671203613281,0,0.009167671203613281,True,5,5,5,[*]CC([*])(Cl)C#N,[*]SC([*])(Cl)C#N,
materials,mat_test_4152,Attribution-High,5,42,[*]CC([*])(Cl)C#N,[*]CC([*])(Cl)C#N,6.3216,-1.158628225326538,-1.158628225326538,0.0,0.0,,0,5,0,12,12,,,0.008610963821411133,0.008127689361572266,0.0004832744598388672,False,0,0,0,[*]CC([*])(Cl)C#N,[*]CC([*])(Cl)C#N,
materials,mat_test_4152,Attribution-Low,5,42,[*]CC([*])(Cl)C#N,[*]C([*])(Cl)C#N,6.3216,-1.158628225326538,-1.0757167339324951,0.08291149139404297,0.08291149139404297,,1,5,3,12,15,,,0.012881040573120117,0.009357690811157227,0.0035233497619628906,True,3,3,3,[*]CC([*])(Cl)C#N,[*]C([*])(Cl)C#N,
materials,mat_test_4152,Attribution-Random,5,42,[*]CC([*])(Cl)C#N,[*]CC([*])(Cl)C#N,6.3216,-1.158628225326538,-1.158628225326538,0.0,0.0,,0,5,1,12,13,,,0.012931585311889648,0.011274576187133789,0.0016570091247558594,True,1,1,1,[*]CC([*])(Cl)C#N,[*]CC([*])(Cl)C#N,
materials,mat_test_4152,Random,20,42,[*]CC([*])(Cl)C#N,[*]CCC([*])(Cl)C#N,6.3216,-1.158628225326538,-0.9999362230300903,0.15869200229644775,0.15869200229644775,,1,20,7,0,7,,,0.011817693710327148,0,0.011817693710327148,True,7,7,7,[*]CC([*])(Cl)C#N,[*]CCC([*])(Cl)C#N,
materials,mat_test_4152,MCMC,20,42,[*]CC([*])(Cl)C#N,[*]P[Si]CC([*])(I)CN,6.3216,-1.158628225326538,-0.6828064918518066,0.47582173347473145,0.47582173347473145,,8,20,12,0,12,,,0.016303300857543945,0,0.016303300857543945,True,12,12,12,[*]CC([*])(Cl)C#N,[*]P[Si]CC([*])(I)CN,
materials,mat_test_4152,Evolutionary,20,42,[*]CC([*])(Cl)C#N,[*]OCC([*])(I)CN,6.3216,-1.158628225326538,-0.5744461417198181,0.58418208360672,0.58418208360672,,4,45,20,0,20,,,0.0368802547454834,0,0.0368802547454834,True,20,20,20,[*]CC([*])(Cl)C#N,[*]OCC([*])(I)CN,
materials,mat_test_4152,Attribution-High,20,42,[*]CC([*])(Cl)C#N,[*]CC([*])(Cl)C#S,6.3216,-1.158628225326538,-1.3105216026306152,-0.15189337730407715,0.15189337730407715,,1,20,3,12,15,,,0.014154434204101562,0.009086370468139648,0.005068063735961914,True,3,3,3,[*]CC([*])(Cl)C#N,[*]CC([*])(Cl)C#S,
materials,mat_test_4152,Attribution-Low,20,42,[*]CC([*])(Cl)C#N,[*][Si]C([*])(Cl)C#N,6.3216,-1.158628225326538,-1.0253292322158813,0.13329899311065674,0.13329899311065674,,4,20,13,12,25,,,0.022062301635742188,0.008768558502197266,0.013293743133544922,True,13,13,13,[*]CC([*])(Cl)C#N,[*][Si]C([*])(Cl)C#N,
materials,mat_test_4152,Attribution-Random,20,42,[*]CC([*])(Cl)C#N,CC([*])(Cl)C#N,6.3216,-1.158628225326538,-1.0507943630218506,0.1078338623046875,0.1078338623046875,,3,20,4,12,16,,,0.013258218765258789,0.007597684860229492,0.005660533905029297,True,4,4,4,[*]CC([*])(Cl)C#N,CC([*])(Cl)C#N,
materials,mat_test_4152,Random,50,42,[*]CC([*])(Cl)C#N,[*]OC([*])(Cl)C#N,6.3216,-1.158628225326538,-0.9717247486114502,0.1869034767150879,0.1869034767150879,,1,50,24,0,24,,,0.05119037628173828,0,0.05119037628173828,True,24,24,24,[*]CC([*])(Cl)C#N,[*]OC([*])(Cl)C#N,
materials,mat_test_4152,MCMC,50,42,[*]CC([*])(Cl)C#N,[*]C([*])(I[N-])O-CF,6.3216,-1.158628225326538,-0.849675178527832,0.30895304679870605,0.30895304679870605,,10,50,33,0,33,,,0.0646371841430664,0,0.0646371841430664,True,33,33,33,[*]CC([*])(Cl)C#N,[*]C([*])(I[N-])O-CF,
materials,mat_test_4152,Evolutionary,50,42,[*]CC([*])(Cl)C#N,[*]\C\C([*])(I)NN,6.3216,-1.158628225326538,-0.7575092315673828,0.4011189937591553,0.4011189937591553,,6,75,50,0,50,,,0.07816815376281738,0,0.07816815376281738,True,50,50,50,[*]CC([*])(Cl)C#N,[*]\C\C([*])(I)NN,
materials,mat_test_4152,Attribution-High,50,42,[*]CC([*])(Cl)C#N,[*]CC([*])(Cl)C#I,6.3216,-1.158628225326538,-1.216020941734314,-0.05739271640777588,0.05739271640777588,,1,50,7,12,19,,,0.02326035499572754,0.009141921997070312,0.014118432998657227,True,7,7,7,[*]CC([*])(Cl)C#N,[*]CC([*])(Cl)C#I,
materials,mat_test_4152,Attribution-Low,50,42,[*]CC([*])(Cl)C#N,[*]OC([*])(Cl)C#N,6.3216,-1.158628225326538,-0.9717247486114502,0.1869034767150879,0.1869034767150879,,1,50,35,12,47,,,0.06095457077026367,0.009056568145751953,0.05189800262451172,True,35,35,35,[*]CC([*])(Cl)C#N,[*]OC([*])(Cl)C#N,
materials,mat_test_4152,Attribution-Random,50,42,[*]CC([*])(Cl)C#N,CC([*])(Cl)C#N,6.3216,-1.158628225326538,-1.0507943630218506,0.1078338623046875,0.1078338623046875,,3,50,12,12,24,,,0.02640819549560547,0.007608175277709961,0.018800020217895508,True,12,12,12,[*]CC([*])(Cl)C#N,CC([*])(Cl)C#N,
materials,mat_test_3653,Random,5,42,[*]Oc1ccc(CC(NC(=O)CCc2ccc(OC(=O)CCCCCCC([*])=O)cc2)C(=O)OCC)cc1,[*]Oc1ccc(CC(NC(=O)CCc2ccc(OC(O)CCCCCCC([*])=O)cc2)C(=O)OCC)cc1,5.1441,-1.0166996717453003,-0.8406563997268677,0.17604327201843262,0.17604327201843262,,1,5,3,0,3,,,0.014457941055297852,0,0.014457941055297852,True,3,3,3,[*]Oc1ccc(CC(NC(=O)CCc2ccc(OC(=O)CCCCCCC([*])=O)cc2)C(=O)OCC)cc1,[*]Oc1ccc(CC(NC(=O)CCc2ccc(OC(O)CCCCCCC([*])=O)cc2)C(=O)OCC)cc1,
materials,mat_test_3653,MCMC,5,42,[*]Oc1ccc(CC(NC(=O)CCc2ccc(OC(=O)CCCCCCC([*])=O)cc2)C(=O)OCC)cc1,[*]Oc1ccc(CCP(NC(=O)CCc2ccc(OC(=O)CCCCCC([*])=O)cc2)C(=O)OPC)cc1,5.1441,-1.0166996717453003,-1.2393909692764282,-0.22269129753112793,0.22269129753112793,,3,5,4,0,4,,,0.038016557693481445,0,0.038016557693481445,True,4,4,4,[*]Oc1ccc(CC(NC(=O)CCc2ccc(OC(=O)CCCCCCC([*])=O)cc2)C(=O)OCC)cc1,[*]Oc1ccc(CCP(NC(=O)CCc2ccc(OC(=O)CCCCCC([*])=O)cc2)C(=O)OPC)cc1,
materials,mat_test_3653,Evolutionary,5,42,[*]Oc1ccc(CC(NC(=O)CCc2ccc(OC(=O)CCCCCCC([*])=O)cc2)C(=O)OCC)cc1,[*]Oc1ccc(CC(NC(=O)CCc2ccc[N+](OC(=O)CCCCCCC([*])=O)cc2)C(=O)OSC)cc1,5.1441,-1.0166996717453003,-0.8939035534858704,0.12279611825942993,0.12279611825942993,,5,12,5,0,5,,,0.020756006240844727,0,0.020756006240844727,True,5,5,5,[*]Oc1ccc(CC(NC(=O)CCc2ccc(OC(=O)CCCCCCC([*])=O)cc2)C(=O)OCC)cc1,[*]Oc1ccc(CC(NC(=O)CCc2ccc[N+](OC(=O)CCCCCCC([*])=O)cc2)C(=O)OSC)cc1,
materials,mat_test_3653,Attribution-High,5,42,[*]Oc1ccc(CC(NC(=O)CCc2ccc(OC(=O)CCCCCCC([*])=O)cc2)C(=O)OCC)cc1,[*]Oc1ccc(CC(\C(=O)CCc2ccc(OC(=O)CCCCCCC([*])=O)cc2)C(=O)OCC)cc1,5.1441,-1.0166996717453003,-1.277490496635437,-0.2607908248901367,0.2607908248901367,,1,5,3,60,63,,,0.060976505279541016,0.056664228439331055,0.004312276840209961,True,3,3,3,[*]Oc1ccc(CC(NC(=O)CCc2ccc(OC(=O)CCCCCCC([*])=O)cc2)C(=O)OCC)cc1,[*]Oc1ccc(CC(\C(=O)CCc2ccc(OC(=O)CCCCCCC([*])=O)cc2)C(=O)OCC)cc1,
materials,mat_test_3653,Attribution-Low,5,42,[*]Oc1ccc(CC(NC(=O)CCc2ccc(OC(=O)CCCCCCC([*])=O)cc2)C(=O)OCC)cc1,[*]Oc1ccc(CC(NC(=O)CCc2ccc(OC(=O)CCCCCCC([*])=O)cc2)C(=O)OCC)cc1,5.1441,-1.0166996717453003,-1.0166996717453003,0.0,0.0,,0,5,0,60,60,,,0.052930355072021484,0.05224728584289551,0.0006830692291259766,False,0,0,0,[*]Oc1ccc(CC(NC(=O)CCc2ccc(OC(=O)CCCCCCC([*])=O)cc2)C(=O)OCC)cc1,[*]Oc1ccc(CC(NC(=O)CCc2ccc(OC(=O)CCCCCCC([*])=O)cc2)C(=O)OCC)cc1,
materials,mat_test_3653,Attribution-Random,5,42,[*]Oc1ccc(CC(NC(=O)CCc2ccc(OC(=O)CCCCCCC([*])=O)cc2)C(=O)OCC)cc1,[*]Oc1ccc(CC(NC(=O)CCc2ccc(OC(=O)CCCCCC([*])=O)cc2)C(=O)OCC)cc1,5.1441,-1.0166996717453003,-0.9632182121276855,0.053481459617614746,0.053481459617614746,,1,5,2,60,62,,,0.05588865280151367,0.0524754524230957,0.0034132003784179688,True,2,2,2,[*]Oc1ccc(CC(NC(=O)CCc2ccc(OC(=O)CCCCCCC([*])=O)cc2)C(=O)OCC)cc1,[*]Oc1ccc(CC(NC(=O)CCc2ccc(OC(=O)CCCCCC([*])=O)cc2)C(=O)OCC)cc1,
materials,mat_test_3653,Random,20,42,[*]Oc1ccc(CC(NC(=O)CCc2ccc(OC(=O)CCCCCCC([*])=O)cc2)C(=O)OCC)cc1,[*]Oc1ccc(CC(NC(=O)CCc2ccc(OC(=O)CCCCCCC([*])\O)cc2)C(=O)OCC)cc1,5.1441,-1.0166996717453003,-0.868385910987854,0.1483137607574463,0.1483137607574463,,1,20,9,0,9,,,0.02088165283203125,0,0.02088165283203125,True,9,9,9,[*]Oc1ccc(CC(NC(=O)CCc2ccc(OC(=O)CCCCCCC([*])=O)cc2)C(=O)OCC)cc1,[*]Oc1ccc(CC(NC(=O)CCc2ccc(OC(=O)CCCCCCC([*])\O)cc2)C(=O)OCC)cc1,
materials,mat_test_3653,MCMC,20,42,[*]Oc1ccc(CC(NC(=O)CCc2ccc(OC(=O)CCCCCCC([*])=O)cc2)C(=O)OCC)cc1,[*]Oc1ncc(CC(NC(O)Cc2ccc(OC(=O)CCCCCC([*])=O)cc2)C(=PO)OIC)cc1,5.1441,-1.0166996717453003,-0.7439538240432739,0.27274584770202637,0.27274584770202637,,6,20,8,0,8,,,0.020837783813476562,0,0.020837783813476562,True,8,8,8,[*]Oc1ccc(CC(NC(=O)CCc2ccc(OC(=O)CCCCCCC([*])=O)cc2)C(=O)OCC)cc1,[*]Oc1ncc(CC(NC(O)Cc2ccc(OC(=O)CCCCCC([*])=O)cc2)C(=PO)OIC)cc1,
materials,mat_test_3653,Evolutionary,20,42,[*]Oc1ccc(CC(NC(=O)CCc2ccc(OC(=O)CCCCCCC([*])=O)cc2)C(=O)OCC)cc1,[*]Oc1ccs(CC(C(=O)CCc2ccc(OC(=O)CCCCCSC([*])=O)cc2)C(=O)OCC)cc1,5.1441,-1.0166996717453003,-1.323195219039917,-0.3064955472946167,0.3064955472946167,,3,41,20,0,20,,,0.04932212829589844,0,0.04932212829589844,True,20,20,20,[*]Oc1ccc(CC(NC(=O)CCc2ccc(OC(=O)CCCCCCC([*])=O)cc2)C(=O)OCC)cc1,[*]Oc1ccs(CC(C(=O)CCc2ccc(OC(=O)CCCCCSC([*])=O)cc2)C(=O)OCC)cc1,
materials,mat_test_3653,Attribution-High,20,42,[*]Oc1ccc(CC(NC(=O)CCc2ccc(OC(=O)CCCCCCC([*])=O)cc2)C(=O)OCC)cc1,[*]Oc1ccc(CC(SC(=O)CCc2ccc(OC(=O)CCCCCCC([*])=O)cc2)C(=O)OCC)cc1,5.1441,-1.0166996717453003,-1.320931315422058,-0.3042316436767578,0.3042316436767578,,1,20,10,60,70,,,0.07907962799072266,0.057967424392700195,0.02111220359802246,True,10,10,10,[*]Oc1ccc(CC(NC(=O)CCc2ccc(OC(=O)CCCCCCC([*])=O)cc2)C(=O)OCC)cc1,[*]Oc1ccc(CC(SC(=O)CCc2ccc(OC(=O)CCCCCCC([*])=O)cc2)C(=O)OCC)cc1,
materials,mat_test_3653,Attribution-Low,20,42,[*]Oc1ccc(CC(NC(=O)CCc2ccc(OC(=O)CCCCCCC([*])=O)cc2)C(=O)OCC)cc1,[*]Oc1ccc(CC(NC(=O)CCc2ccc(OC(=O)CCCCCCC([*])=O)cc2)C(=O)OCC)cc1,5.1441,-1.0166996717453003,-1.0166996717453003,0.0,0.0,,0,20,1,60,61,,,0.06037139892578125,0.05403923988342285,0.0063321590423583984,True,1,1,1,[*]Oc1ccc(CC(NC(=O)CCc2ccc(OC(=O)CCCCCCC([*])=O)cc2)C(=O)OCC)cc1,[*]Oc1ccc(CC(NC(=O)CCc2ccc(OC(=O)CCCCCCC([*])=O)cc2)C(=O)OCC)cc1,
materials,mat_test_3653,Attribution-Random,20,42,[*]Oc1ccc(CC(NC(=O)CCc2ccc(OC(=O)CCCCCCC([*])=O)cc2)C(=O)OCC)cc1,Oc1ccc(CC(NC(=O)CCc2ccc(OC(=O)CCCCCCC([*])=O)cc2)C(=O)OCC)cc1,5.1441,-1.0166996717453003,-1.464698076248169,-0.44799840450286865,0.44799840450286865,,3,20,9,60,69,,,0.08172488212585449,0.061528682708740234,0.020196199417114258,True,9,9,9,[*]Oc1ccc(CC(NC(=O)CCc2ccc(OC(=O)CCCCCCC([*])=O)cc2)C(=O)OCC)cc1,Oc1ccc(CC(NC(=O)CCc2ccc(OC(=O)CCCCCCC([*])=O)cc2)C(=O)OCC)cc1,
materials,mat_test_3653,Random,50,42,[*]Oc1ccc(CC(NC(=O)CCc2ccc(OC(=O)CCCCCCC([*])=O)cc2)C(=O)OCC)cc1,[*]Oc1ccc(CC(NC(=O)CCc2ccc(OC(=IO)CCCCCCC([*])=O)cc2)C(=O)OCC)cc1,5.1441,-1.0166996717453003,-0.7985855340957642,0.21811413764953613,0.21811413764953613,,1,50,28,0,28,,,0.07876229286193848,0,0.07876229286193848,True,28,28,28,[*]Oc1ccc(CC(NC(=O)CCc2ccc(OC(=O)CCCCCCC([*])=O)cc2)C(=O)OCC)cc1,[*]Oc1ccc(CC(NC(=O)CCc2ccc(OC(=IO)CCCCCCC([*])=O)cc2)C(=O)OCC)cc1,
materials,mat_test_3653,MCMC,50,42,[*]Oc1ccc(CC(NC(=O)CCc2ccc(OC(=O)CCCCCCC([*])=O)cc2)C(=O)OCC)cc1,[*]Oc1cccC(C(NC(O)c2Oncc(OC(=O)CCSCCNI([*])O)/cc2)C(=O))[Si]\nc1,5.1441,-1.0166996717453003,-0.7370946407318115,0.27960503101348877,0.27960503101348877,,19,50,26,0,26,,,0.06263852119445801,0,0.06263852119445801,True,26,26,26,[*]Oc1ccc(CC(NC(=O)CCc2ccc(OC(=O)CCCCCCC([*])=O)cc2)C(=O)OCC)cc1,[*]Oc1cccC(C(NC(O)c2Oncc(OC(=O)CCSCCNI([*])O)/cc2)C(=O))[Si]\nc1,
materials,mat_test_3653,Evolutionary,50,42,[*]Oc1ccc(CC(NC(=O)CCc2ccc(OC(=O)CCCCCCC([*])=O)cc2)C(=O)OCC)cc1,[*]Oc1[N-]ccc(CC(NC(O)CCc2cnc(PC(=N)C\CCCCCC([*])=O)cc2)C(=O)OCCN)cc1,5.1441,-1.0166996717453003,-0.6368581652641296,0.37984150648117065,0.37984150648117065,,10,102,50,0,50,,,0.12871766090393066,0,0.12871766090393066,True,50,50,50,[*]Oc1ccc(CC(NC(=O)CCc2ccc(OC(=O)CCCCCCC([*])=O)cc2)C(=O)OCC)cc1,[*]Oc1[N-]ccc(CC(NC(O)CCc2cnc(PC(=N)C\CCCCCC([*])=O)cc2)C(=O)OCCN)cc1,
materials,mat_test_3653,Attribution-High,50,42,[*]Oc1ccc(CC(NC(=O)CCc2ccc(OC(=O)CCCCCCC([*])=O)cc2)C(=O)OCC)cc1,[*]Oc1ccc(CC([N+]C(=O)CCc2ccc(OC(=O)CCCCCCC([*])=O)cc2)C(=O)OCC)cc1,5.1441,-1.0166996717453003,-1.4081332683563232,-0.39143359661102295,0.39143359661102295,,3,50,32,60,92,,,0.12037110328674316,0.06200432777404785,0.05836677551269531,True,32,32,32,[*]Oc1ccc(CC(NC(=O)CCc2ccc(OC(=O)CCCCCCC([*])=O)cc2)C(=O)OCC)cc1,[*]Oc1ccc(CC([N+]C(=O)CCc2ccc(OC(=O)CCCCCCC([*])=O)cc2)C(=O)OCC)cc1,
materials,mat_test_3653,Attribution-Low,50,42,[*]Oc1ccc(CC(NC(=O)CCc2ccc(OC(=O)CCCCCCC([*])=O)cc2)C(=O)OCC)cc1,[*]Oc1ccc(CC(NC(=O)CCc2ccc(OC(=O)CCCCCCC([*])=O)cc2)C(=O)OCC)cc1,5.1441,-1.0166996717453003,-1.0166996717453003,0.0,0.0,,0,50,0,60,60,,,0.06255483627319336,0.054717302322387695,0.007837533950805664,False,0,0,0,[*]Oc1ccc(CC(NC(=O)CCc2ccc(OC(=O)CCCCCCC([*])=O)cc2)C(=O)OCC)cc1,[*]Oc1ccc(CC(NC(=O)CCc2ccc(OC(=O)CCCCCCC([*])=O)cc2)C(=O)OCC)cc1,
materials,mat_test_3653,Attribution-Random,50,42,[*]Oc1ccc(CC(NC(=O)CCc2ccc(OC(=O)CCCCCCC([*])=O)cc2)C(=O)OCC)cc1,[*]Oc1ccc(CC(C(=O)CCc2ccc(OC(=O)CCCCCCC([*])=O)cc2)C(=O)OCC)cc1,5.1441,-1.0166996717453003,-1.1019723415374756,-0.08527266979217529,0.08527266979217529,,1,50,9,60,69,,,0.09697723388671875,0.07275867462158203,0.02421855926513672,True,9,9,9,[*]Oc1ccc(CC(NC(=O)CCc2ccc(OC(=O)CCCCCCC([*])=O)cc2)C(=O)OCC)cc1,[*]Oc1ccc(CC(C(=O)CCc2ccc(OC(=O)CCCCCCC([*])=O)cc2)C(=O)OCC)cc1,
materials,mat_test_3579,Random,5,42,[*]CC([*])(C)C(=O)OC(C(F)(F)F)C(F)(F)F,[*]CC([*])(C)C(=O)OC(C(F)(F))C(F)(F)F,6.0249,-0.3734147548675537,-0.4926336407661438,-0.11921888589859009,0.11921888589859009,,1,5,2,0,2,,,0.004051685333251953,0,0.004051685333251953,True,2,2,2,[*]CC([*])(C)C(=O)OC(C(F)(F)F)C(F)(F)F,[*]CC([*])(C)C(=O)OC(C(F)(F))C(F)(F)F,
materials,mat_test_3579,MCMC,5,42,[*]CC([*])(C)C(=O)OC(C(F)(F)F)C(F)(F)F,[*]CC([*])(C)C(=O)OC(C(F)(F)F)C(F)(F),6.0249,-0.3734147548675537,-0.42558974027633667,-0.05217498540878296,0.05217498540878296,,1,5,1,0,1,,,0.0023005008697509766,0,0.0023005008697509766,True,1,1,1,[*]CC([*])(C)C(=O)OC(C(F)(F)F)C(F)(F)F,[*]CC([*])(C)C(=O)OC(C(F)(F)F)C(F)(F),
materials,mat_test_3579,Evolutionary,5,42,[*]CC([*])(C)C(=O)OC(C(F)(F)F)C(F)(F)F,[*]CCI([*])(C)C(=O)OC(C(F)(F)F)C(F)(F)F,6.0249,-0.3734147548675537,-0.07414551079273224,0.29926924407482147,0.29926924407482147,,1,9,5,0,5,,,0.007742643356323242,0,0.007742643356323242,True,5,5,5,[*]CC([*])(C)C(=O)OC(C(F)(F)F)C(F)(F)F,[*]CCI([*])(C)C(=O)OC(C(F)(F)F)C(F)(F)F,
materials,mat_test_3579,Attribution-High,5,42,[*]CC([*])(C)C(=O)OC(C(F)(F)F)C(F)(F)F,[*]CC([*])(C)C(IO)OC(C(F)(F)F)C(F)(F)F,6.0249,-0.3734147548675537,-0.08770368993282318,0.28571106493473053,0.28571106493473053,,1,5,4,34,38,,,0.04375886917114258,0.03872942924499512,0.005029439926147461,True,4,4,4,[*]CC([*])(C)C(=O)OC(C(F)(F)F)C(F)(F)F,[*]CC([*])(C)C(IO)OC(C(F)(F)F)C(F)(F)F,
materials,mat_test_3579,Attribution-Low,5,42,[*]CC([*])(C)C(=O)OC(C(F)(F)F)C(F)(F)F,[*]CC([*])(C)C(=O)OC(C(F)(F)F)C(F)(F)F,6.0249,-0.3734147548675537,-0.3734147548675537,0.0,0.0,,0,5,0,34,34,,,0.03012251853942871,0.029453754425048828,0.0006687641143798828,False,0,0,0,[*]CC([*])(C)C(=O)OC(C(F)(F)F)C(F)(F)F,[*]CC([*])(C)C(=O)OC(C(F)(F)F)C(F)(F)F,
materials,mat_test_3579,Attribution-Random,5,42,[*]CC([*])(C)C(=O)OC(C(F)(F)F)C(F)(F)F,CC([*])(C)C(=O)OC(C(F)(F)F)C(F)(F)F,6.0249,-0.3734147548675537,-0.4201774597167969,-0.046762704849243164,0.046762704849243164,,3,5,1,34,35,,,0.0322418212890625,0.029966115951538086,0.002275705337524414,True,1,1,1,[*]CC([*])(C)C(=O)OC(C(F)(F)F)C(F)(F)F,CC([*])(C)C(=O)OC(C(F)(F)F)C(F)(F)F,
materials,mat_test_3579,Random,20,42,[*]CC([*])(C)C(=O)OC(C(F)(F)F)C(F)(F)F,[*]COC([*])(C)C(=O)OC(C(F)(F)F)C(F)(F)F,6.0249,-0.3734147548675537,-0.07290968298912048,0.3005050718784332,0.3005050718784332,,1,20,11,0,11,,,0.020737648010253906,0,0.020737648010253906,True,11,11,11,[*]CC([*])(C)C(=O)OC(C(F)(F)F)C(F)(F)F,[*]COC([*])(C)C(=O)OC(C(F)(F)F)C(F)(F)F,
materials,mat_test_3579,MCMC,20,42,[*]CC([*])(C)C(=O)OC(C(F)(F)F)C(F)(F)F,[*]C([*])(C)C([Si]=O)CI(C(F)(F)I)C(F)(Br)P,6.0249,-0.3734147548675537,-0.5166468024253845,-0.1432320475578308,0.1432320475578308,,11,20,11,0,11,,,0.020221233367919922,0,0.020221233367919922,True,11,11,11,[*]CC([*])(C)C(=O)OC(C(F)(F)F)C(F)(F)F,[*]C([*])(C)C([Si]=O)CI(C(F)(F)I)C(F)(Br)P,
materials,mat_test_3579,Evolutionary,20,42,[*]CC([*])(C)C(=O)OC(C(F)(F)F)C(F)(F)F,[*]CC([*])(C)C(PO)OC(C(F)(P)F)C(F)(F)Br,6.0249,-0.3734147548675537,-0.008112013339996338,0.3653027415275574,0.3653027415275574,,4,38,20,0,20,,,0.03412461280822754,0,0.03412461280822754,True,20,20,20,[*]CC([*])(C)C(=O)OC(C(F)(F)F)C(F)(F)F,[*]CC([*])(C)C(PO)OC(C(F)(P)F)C(F)(F)Br,
materials,mat_test_3579,Attribution-High,20,42,[*]CC([*])(C)C(=O)OC(C(F)(F)F)C(F)(F)F,[*]CC([*])(C)C(NO)OC(C(F)(F)F)C(F)(F)F,6.0249,-0.3734147548675537,0.00803789496421814,0.38145264983177185,0.38145264983177185,,1,20,16,34,50,,,0.06618499755859375,0.03330683708190918,0.03287816047668457,True,16,16,16,[*]CC([*])(C)C(=O)OC(C(F)(F)F)C(F)(F)F,[*]CC([*])(C)C(NO)OC(C(F)(F)F)C(F)(F)F,
materials,mat_test_3579,Attribution-Low,20,42,[*]CC([*])(C)C(=O)OC(C(F)(F)F)C(F)(F)F,[*]CC([*])(C)C(=O)OC(C(F)(F)F)C(F)(F)F,6.0249,-0.3734147548675537,-0.3734147548675537,0.0,0.0,,0,20,0,34,34,,,0.03151440620422363,0.029369115829467773,0.0021452903747558594,False,0,0,0,[*]CC([*])(C)C(=O)OC(C(F)(F)F)C(F)(F)F,[*]CC([*])(C)C(=O)OC(C(F)(F)F)C(F)(F)F,
materials,mat_test_3579,Attribution-Random,20,42,[*]CC([*])(C)C(=O)OC(C(F)(F)F)C(F)(F)F,[*]CC([*])(C)C(CO)OC(C(F)(F)F)C(F)(F)F,6.0249,-0.3734147548675537,-0.026851199567317963,0.34656355530023575,0.34656355530023575,,1,20,8,34,42,,,0.04256463050842285,0.031180858612060547,0.011383771896362305,True,8,8,8,[*]CC([*])(C)C(=O)OC(C(F)(F)F)C(F)(F)F,[*]CC([*])(C)C(CO)OC(C(F)(F)F)C(F)(F)F,
materials,mat_test_3579,Random,50,42,[*]CC([*])(C)C(=O)OC(C(F)(F)F)C(F)(F)F,[*]CC([*])(C)C(=O)C(C(F)(F)F)C(F)(F)F,6.0249,-0.3734147548675537,-0.6416072845458984,-0.2681925296783447,0.2681925296783447,,1,50,20,0,20,,,0.052341461181640625,0,0.052341461181640625,True,20,20,20,[*]CC([*])(C)C(=O)OC(C(F)(F)F)C(F)(F)F,[*]CC([*])(C)C(=O)C(C(F)(F)F)C(F)(F)F,
materials,mat_test_3579,MCMC,50,42,[*]CC([*])(C)C(=O)OC(C(F)(F)F)C(F)(F)F,[*]CC([*])(C)C(\O)OC(C(F)(F)F)C(F)(F)F,6.0249,-0.3734147548675537,-0.11992422491312027,0.25349052995443344,0.25349052995443344,,1,50,28,0,28,,,0.05048418045043945,0,0.05048418045043945,True,28,28,28,[*]CC([*])(C)C(=O)OC(C(F)(F)F)C(F)(F)F,[*]CC([*])(C)C(\O)OC(C(F)(F)F)C(F)(F)F,
materials,mat_test_3579,Evolutionary,50,42,[*]CC([*])(C)C(=O)OC(C(F)(F)F)C(F)(F)F,[*]CI([*])(P)C(=O)C(C(I)(F)Cl)C(I)(F)F,6.0249,-0.3734147548675537,-0.880988359451294,-0.5075736045837402,0.5075736045837402,,7,103,50,0,50,,,0.11142206192016602,0,0.11142206192016602,True,50,50,50,[*]CC([*])(C)C(=O)OC(C(F)(F)F)C(F)(F)F,[*]CI([*])(P)C(=O)C(C(I)(F)Cl)C(I)(F)F,
materials,mat_test_3579,Attribution-High,50,42,[*]CC([*])(C)C(=O)OC(C(F)(F)F)C(F)(F)F,[*]CC([*])(C)C([*]O)OC(C(F)(F)F)C(F)(F)F,6.0249,-0.3734147548675537,-0.014426536858081818,0.3589882180094719,0.3589882180094719,,3,50,37,34,71,,,0.08354854583740234,0.030195951461791992,0.05335259437561035,True,37,37,37,[*]CC([*])(C)C(=O)OC(C(F)(F)F)C(F)(F)F,[*]CC([*])(C)C([*]O)OC(C(F)(F)F)C(F)(F)F,
materials,mat_test_3579,Attribution-Low,50,42,[*]CC([*])(C)C(=O)OC(C(F)(F)F)C(F)(F)F,[*]CC([*])(C)C(=O)OC(C(F)(F)F)C(F)(F)F,6.0249,-0.3734147548675537,-0.3734147548675537,0.0,0.0,,0,50,0,34,34,,,0.04025769233703613,0.030228376388549805,0.010029315948486328,False,0,0,0,[*]CC([*])(C)C(=O)OC(C(F)(F)F)C(F)(F)F,[*]CC([*])(C)C(=O)OC(C(F)(F)F)C(F)(F)F,
materials,mat_test_3579,Attribution-Random,50,42,[*]CC([*])(C)C(=O)OC(C(F)(F)F)C(F)(F)F,[*]CC([*])(C)C(=O)C(C(F)(F)F)C(F)(F)F,6.0249,-0.3734147548675537,-0.6416072845458984,-0.2681925296783447,0.2681925296783447,,1,50,8,34,42,,,0.05261707305908203,0.03490471839904785,0.01771235466003418,True,8,8,8,[*]CC([*])(C)C(=O)OC(C(F)(F)F)C(F)(F)F,[*]CC([*])(C)C(=O)C(C(F)(F)F)C(F)(F)F,
materials,mat_test_3833,Random,5,42,[*]Cc1ccc(OCOc2ccc([*])c3cccnc23)c2ncccc12,[*]Cc1ccc(OCOc2ccc([*])c3cccnc23)c2nccc/c12,3.4275,-1.6508525609970093,-1.667736530303955,-0.0168839693069458,0.0168839693069458,,1,5,2,0,2,,,0.005895376205444336,0,0.005895376205444336,True,2,2,2,[*]Cc1ccc(OCOc2ccc([*])c3cccnc23)c2ncccc12,[*]Cc1ccc(OCOc2ccc([*])c3cccnc23)c2nccc/c12,
materials,mat_test_3833,MCMC,5,42,[*]Cc1ccc(OCOc2ccc([*])c3cccnc23)c2ncccc12,[*]Cc1ccc(OCOc2ccc([*])s3cccnc23)cC2ncccc12,3.4275,-1.6508525609970093,-1.7760761976242065,-0.12522363662719727,0.12522363662719727,,2,5,2,0,2,,,0.004979610443115234,0,0.004979610443115234,True,2,2,2,[*]Cc1ccc(OCOc2ccc([*])c3cccnc23)c2ncccc12,[*]Cc1ccc(OCOc2ccc([*])s3cccnc23)cC2ncccc12,
materials,mat_test_3833,Evolutionary,5,42,[*]Cc1ccc(OCOc2ccc([*])c3cccnc23)c2ncccc12,[*]Cc1ccc(SCOc2ccc([*])c3cSccnc23)c2ncccc12,3.4275,-1.6508525609970093,-1.7708178758621216,-0.1199653148651123,0.1199653148651123,,2,10,5,0,5,,,0.009793281555175781,0,0.009793281555175781,True,5,5,5,[*]Cc1ccc(OCOc2ccc([*])c3cccnc23)c2ncccc12,[*]Cc1ccc(SCOc2ccc([*])c3cSccnc23)c2ncccc12,
materials,mat_test_3833,Attribution-High,5,42,[*]Cc1ccc(OCOc2ccc([*])c3cccnc23)c2ncccc12,[*]Cc1ccc(OCOc2ccc([*])c3cccnc23)c2ncccc12,3.4275,-1.6508525609970093,-1.6508525609970093,0.0,0.0,,0,5,0,38,38,,,0.03894972801208496,0.037839412689208984,0.0011103153228759766,False,0,0,0,[*]Cc1ccc(OCOc2ccc([*])c3cccnc23)c2ncccc12,[*]Cc1ccc(OCOc2ccc([*])c3cccnc23)c2ncccc12,
materials,mat_test_3833,Attribution-Low,5,42,[*]Cc1ccc(OCOc2ccc([*])c3cccnc23)c2ncccc12,[*]Cc1ccc(OCOc2ccc([*])c3cccnc23)c2ncccc12,3.4275,-1.6508525609970093,-1.6508525609970093,0.0,0.0,,0,5,0,38,38,,,0.03411698341369629,0.03338027000427246,0.0007367134094238281,False,0,0,0,[*]Cc1ccc(OCOc2ccc([*])c3cccnc23)c2ncccc12,[*]Cc1ccc(OCOc2ccc([*])c3cccnc23)c2ncccc12,
materials,mat_test_3833,Attribution-Random,5,42,[*]Cc1ccc(OCOc2ccc([*])c3cccnc23)c2ncccc12,[*]Cc1ccc(OCOc2ccc([*])c3cccnc23)c2ncccc12,3.4275,-1.6508525609970093,-1.6508525609970093,0.0,0.0,,0,5,1,38,39,,,0.03568720817565918,0.0336146354675293,0.002072572708129883,True,1,1,1,[*]Cc1ccc(OCOc2ccc([*])c3cccnc23)c2ncccc12,[*]Cc1ccc(OCOc2ccc([*])c3cccnc23)c2ncccc12,
materials,mat_test_3833,Random,20,42,[*]Cc1ccc(OCOc2ccc([*])c3cccnc23)c2ncccc12,[*]Cc1cccn(OCOc2ccc([*])c3cccnc23)c2ncccc12,3.4275,-1.6508525609970093,-1.8096843957901,-0.15883183479309082,0.15883183479309082,,1,20,10,0,10,,,0.01909494400024414,0,0.01909494400024414,True,10,10,10,[*]Cc1ccc(OCOc2ccc([*])c3cccnc23)c2ncccc12,[*]Cc1cccn(OCOc2ccc([*])c3cccnc23)c2ncccc12,
materials,mat_test_3833,MCMC,20,42,[*]Cc1ccc(OCOc2ccc([*])c3cccnc23)c2ncccc12,[*]Cc1ccc(OCOc2ccc([*])c3cccnsc23)c2ncccc12,3.4275,-1.6508525609970093,-1.8560525178909302,-0.2051999568939209,0.2051999568939209,,1,20,8,0,8,,,0.018747568130493164,0,0.018747568130493164,True,8,8,8,[*]Cc1ccc(OCOc2ccc([*])c3cccnc23)c2ncccc12,[*]Cc1ccc(OCOc2ccc([*])c3cccnsc23)c2ncccc12,
materials,mat_test_3833,Evolutionary,20,42,[*]Cc1ccc(OCOc2ccc([*])c3cccnc23)c2ncccc12,[*]Cc1ccc(OPCOc2[Si]ccc([*])c3cccnc23)Oc2ncccc12,3.4275,-1.6508525609970093,-1.81468665599823,-0.1638340950012207,0.1638340950012207,,6,40,20,0,20,,,0.05657052993774414,0,0.05657052993774414,True,20,20,20,[*]Cc1ccc(OCOc2ccc([*])c3cccnc23)c2ncccc12,[*]Cc1ccc(OPCOc2[Si]ccc([*])c3cccnc23)Oc2ncccc12,
materials,mat_test_3833,Attribution-High,20,42,[*]Cc1ccc(OCOc2ccc([*])c3cccnc23)c2ncccc12,[*]Cc1ccc(OCOc2ccc([*])c3cccnc23)c2ncccc12,3.4275,-1.6508525609970093,-1.6508525609970093,0.0,0.0,,0,20,0,38,38,,,0.036276817321777344,0.03336644172668457,0.0029103755950927734,False,0,0,0,[*]Cc1ccc(OCOc2ccc([*])c3cccnc23)c2ncccc12,[*]Cc1ccc(OCOc2ccc([*])c3cccnc23)c2ncccc12,
materials,mat_test_3833,Attribution-Low,20,42,[*]Cc1ccc(OCOc2ccc([*])c3cccnc23)c2ncccc12,[*]Cc1ccc(OCOc2ccc([*])c3cccnc23)c2ncccc12,3.4275,-1.6508525609970093,-1.6508525609970093,0.0,0.0,,0,20,0,38,38,,,0.03839302062988281,0.03572869300842285,0.002664327621459961,False,0,0,0,[*]Cc1ccc(OCOc2ccc([*])c3cccnc23)c2ncccc12,[*]Cc1ccc(OCOc2ccc([*])c3cccnc23)c2ncccc12,
materials,mat_test_3833,Attribution-Random,20,42,[*]Cc1ccc(OCOc2ccc([*])c3cccnc23)c2ncccc12,[*]Cc1ccc(OCOc2ccc([*])c3cccnc23)c2ncc[*]c12,3.4275,-1.6508525609970093,-1.6037697792053223,0.04708278179168701,0.04708278179168701,,3,20,3,38,41,,,0.0512845516204834,0.03783392906188965,0.01345062255859375,True,3,3,3,[*]Cc1ccc(OCOc2ccc([*])c3cccnc23)c2ncccc12,[*]Cc1ccc(OCOc2ccc([*])c3cccnc23)c2ncc[*]c12,
materials,mat_test_3833,Random,50,42,[*]Cc1ccc(OCOc2ccc([*])c3cccnc23)c2ncccc12,[*]Cc1ccc(OCOc2ccc([*])c3cccsnc23)c2ncccc12,3.4275,-1.6508525609970093,-1.9430071115493774,-0.29215455055236816,0.29215455055236816,,1,50,21,0,21,,,0.05387711524963379,0,0.05387711524963379,True,21,21,21,[*]Cc1ccc(OCOc2ccc([*])c3cccnc23)c2ncccc12,[*]Cc1ccc(OCOc2ccc([*])c3cccsnc23)c2ncccc12,
materials,mat_test_3833,MCMC,50,42,[*]Cc1ccc(OCOc2ccc([*])c3cccnc23)c2ncccc12,[*]c1Nc/cc(OCPc2OccSc([*])3ccnnc23)c2[Si]ncccc12,3.4275,-1.6508525609970093,-1.8898802995681763,-0.239027738571167,0.239027738571167,,12,50,23,0,23,,,0.05509138107299805,0,0.05509138107299805,True,23,23,23,[*]Cc1ccc(OCOc2ccc([*])c3cccnc23)c2ncccc12,[*]c1Nc/cc(OCPc2OccSc([*])3ccnnc23)c2[Si]ncccc12,
materials,mat_test_3833,Evolutionary,50,42,[*]Cc1ccc(OCOc2ccc([*])c3cccnc23)c2ncccc12,[*]CC\c1ccc(OOc2cc\s([*])c3cccncS23)s2\ncccc12,3.4275,-1.6508525609970093,-2.0561118125915527,-0.40525925159454346,0.40525925159454346,,8,118,50,0,50,,,0.1465010643005371,0,0.1465010643005371,True,50,50,50,[*]Cc1ccc(OCOc2ccc([*])c3cccnc23)c2ncccc12,[*]CC\c1ccc(OOc2cc\s([*])c3cccncS23)s2\ncccc12,
materials,mat_test_3833,Attribution-High,50,42,[*]Cc1ccc(OCOc2ccc([*])c3cccnc23)c2ncccc12,[*]Cc1ccc(OCOc2ccc([*])c3ccc=c23)c2ncccc12,3.4275,-1.6508525609970093,-1.8255428075790405,-0.17469024658203125,0.17469024658203125,,1,50,5,38,43,,,0.060599327087402344,0.04232430458068848,0.018275022506713867,True,5,5,5,[*]Cc1ccc(OCOc2ccc([*])c3cccnc23)c2ncccc12,[*]Cc1ccc(OCOc2ccc([*])c3ccc=c23)c2ncccc12,
materials,mat_test_3833,Attribution-Low,50,42,[*]Cc1ccc(OCOc2ccc([*])c3cccnc23)c2ncccc12,[*]Cc1ccc(OCOc2ccc([*])c3cccnc23)c2ncc=c12,3.4275,-1.6508525609970093,-1.7430570125579834,-0.09220445156097412,0.09220445156097412,,1,50,4,38,42,,,0.05166792869567871,0.03604388236999512,0.015624046325683594,True,4,4,4,[*]Cc1ccc(OCOc2ccc([*])c3cccnc23)c2ncccc12,[*]Cc1ccc(OCOc2ccc([*])c3cccnc23)c2ncc=c12,
materials,mat_test_3833,Attribution-Random,50,42,[*]Cc1ccc(OCOc2ccc([*])c3cccnc23)c2ncccc12,[*]Cc1ccc(OCOc2ccc([*])3cccnc23)c2ncccc12,3.4275,-1.6508525609970093,-1.7348746061325073,-0.08402204513549805,0.08402204513549805,,1,50,8,38,46,,,0.0845940113067627,0.06071949005126953,0.023874521255493164,True,8,8,8,[*]Cc1ccc(OCOc2ccc([*])c3cccnc23)c2ncccc12,[*]Cc1ccc(OCOc2ccc([*])3cccnc23)c2ncccc12,
materials,mat_test_3888,Random,5,42,[*]C=CC1CC([*])C(C#N)(CC)C1,[*]SC=CC1CC([*])C(C#N)(CC)C1,6.074,-1.0192885398864746,-1.2673429250717163,-0.2480543851852417,0.2480543851852417,,1,5,4,0,4,,,0.004982709884643555,0,0.004982709884643555,True,4,4,4,[*]C=CC1CC([*])C(C#N)(CC)C1,[*]SC=CC1CC([*])C(C#N)(CC)C1,
materials,mat_test_3888,MCMC,5,42,[*]C=CC1CC([*])C(C#N)(CC)C1,[*]C=C1CC([*])C(C#N)(CS)C1,6.074,-1.0192885398864746,-1.163782000541687,-0.1444934606552124,0.1444934606552124,,2,5,4,0,4,,,0.005118370056152344,0,0.005118370056152344,True,4,4,4,[*]C=CC1CC([*])C(C#N)(CC)C1,[*]C=C1CC([*])C(C#N)(CS)C1,
materials,mat_test_3888,Evolutionary,5,42,[*]C=CC1CC([*])C(C#N)(CC)C1,[*]CI=CC1CC([*])C(CN)(CC)C1,6.074,-1.0192885398864746,-0.7623438835144043,0.2569446563720703,0.2569446563720703,,2,10,5,0,5,,,0.0075550079345703125,0,0.0075550079345703125,True,5,5,5,[*]C=CC1CC([*])C(C#N)(CC)C1,[*]CI=CC1CC([*])C(CN)(CC)C1,
materials,mat_test_3888,Attribution-High,5,42,[*]C=CC1CC([*])C(C#N)(CC)C1,[*]CCC1CC([*])C(C#N)(CC)C1,6.074,-1.0192885398864746,-0.5415573120117188,0.47773122787475586,0.47773122787475586,,1,5,2,23,25,,,0.020186424255371094,0.01694345474243164,0.003242969512939453,True,2,2,2,[*]C=CC1CC([*])C(C#N)(CC)C1,[*]CCC1CC([*])C(C#N)(CC)C1,
materials,mat_test_3888,Attribution-Low,5,42,[*]C=CC1CC([*])C(C#N)(CC)C1,C=CC1CC([*])C(C#N)(CC)C1,6.074,-1.0192885398864746,-0.9353891611099243,0.08389937877655029,0.08389937877655029,,3,5,3,23,26,,,0.0234375,0.018146276473999023,0.0052912235260009766,True,3,3,3,[*]C=CC1CC([*])C(C#N)(CC)C1,C=CC1CC([*])C(C#N)(CC)C1,
materials,mat_test_3888,Attribution-Random,5,42,[*]C=CC1CC([*])C(C#N)(CC)C1,[*]C=CC1CC([*])C(C#N)(CC)C1,6.074,-1.0192885398864746,-1.0192885398864746,0.0,0.0,,0,5,0,23,23,,,0.022010087966918945,0.018350601196289062,0.003659486770629883,False,0,0,0,[*]C=CC1CC([*])C(C#N)(CC)C1,[*]C=CC1CC([*])C(C#N)(CC)C1,
materials,mat_test_3888,Random,20,42,[*]C=CC1CC([*])C(C#N)(CC)C1,[*]C/CC1CC([*])C(C#N)(CC)C1,6.074,-1.0192885398864746,-0.6337978839874268,0.38549065589904785,0.38549065589904785,,1,20,13,0,13,,,0.023359298706054688,0,0.023359298706054688,True,13,13,13,[*]C=CC1CC([*])C(C#N)(CC)C1,[*]C/CC1CC([*])C(C#N)(CC)C1,
materials,mat_test_3888,MCMC,20,42,[*]C=CC1CC([*])C(C#N)(CC)C1,[*]S=CC1CC([*])I(C\N)(CC)cC1,6.074,-1.0192885398864746,-1.4050209522247314,-0.38573241233825684,0.38573241233825684,,4,20,12,0,12,,,0.02319812774658203,0,0.02319812774658203,True,12,12,12,[*]C=CC1CC([*])C(C#N)(CC)C1,[*]S=CC1CC([*])I(C\N)(CC)cC1,
materials,mat_test_3888,Evolutionary,20,42,[*]C=CC1CC([*])C(C#N)(CC)C1,[*]C=[N+]CC1CC([*])C(C#N)([N+]C)C1,6.074,-1.0192885398864746,-1.4931102991104126,-0.473821759223938,0.473821759223938,,8,28,20,0,20,,,0.029418230056762695,0,0.029418230056762695,True,20,20,20,[*]C=CC1CC([*])C(C#N)(CC)C1,[*]C=[N+]CC1CC([*])C(C#N)([N+]C)C1,
materials,mat_test_3888,Attribution-High,20,42,[*]C=CC1CC([*])C(C#N)(CC)C1,[*]C[*]CC1CC([*])C(C#N)(CC)C1,6.074,-1.0192885398864746,-0.541517972946167,0.4777705669403076,0.4777705669403076,,3,20,15,23,38,,,0.0354466438293457,0.018788576126098633,0.01665806770324707,True,15,15,15,[*]C=CC1CC([*])C(C#N)(CC)C1,[*]C[*]CC1CC([*])C(C#N)(CC)C1,
materials,mat_test_3888,Attribution-Low,20,42,[*]C=CC1CC([*])C(C#N)(CC)C1,C=CC1CC([*])C(C#N)(CC)C1,6.074,-1.0192885398864746,-0.9353891611099243,0.08389937877655029,0.08389937877655029,,3,20,11,23,34,,,0.03772234916687012,0.02271294593811035,0.015009403228759766,True,11,11,11,[*]C=CC1CC([*])C(C#N)(CC)C1,C=CC1CC([*])C(C#N)(CC)C1,
materials,mat_test_3888,Attribution-Random,20,42,[*]C=CC1CC([*])C(C#N)(CC)C1,[*]CCC1CC([*])C(C#N)(CC)C1,6.074,-1.0192885398864746,-0.5415573120117188,0.47773122787475586,0.47773122787475586,,1,20,4,23,27,,,0.02579188346862793,0.017093420028686523,0.008698463439941406,True,4,4,4,[*]C=CC1CC([*])C(C#N)(CC)C1,[*]CCC1CC([*])C(C#N)(CC)C1,
materials,mat_test_3888,Random,50,42,[*]C=CC1CC([*])C(C#N)(CC)C1,[*]CCC1CC([*])C(C#N)(CC)C1,6.074,-1.0192885398864746,-0.5415573120117188,0.47773122787475586,0.47773122787475586,,1,50,30,0,30,,,0.04934811592102051,0,0.04934811592102051,True,30,30,30,[*]C=CC1CC([*])C(C#N)(CC)C1,[*]CCC1CC([*])C(C#N)(CC)C1,
materials,mat_test_3888,MCMC,50,42,[*]C=CC1CC([*])C(C#N)(CC)C1,[*]N=CP=1C[nH][nH]([*])C(CC#N)(OCC)C1,6.074,-1.0192885398864746,-1.457018256187439,-0.43772971630096436,0.43772971630096436,,13,50,35,0,35,,,0.06584954261779785,0,0.06584954261779785,True,35,35,35,[*]C=CC1CC([*])C(C#N)(CC)C1,[*]N=CP=1C[nH][nH]([*])C(CC#N)(OCC)C1,
materials,mat_test_3888,Evolutionary,50,42,[*]C=CC1CC([*])C(C#N)(CC)C1,[*]S=CSS1CS([*])C(C#N)(CN)C[nH]1,6.074,-1.0192885398864746,-1.5871739387512207,-0.5678853988647461,0.5678853988647461,,9,72,50,0,50,,,0.0804283618927002,0,0.0804283618927002,True,50,50,50,[*]C=CC1CC([*])C(C#N)(CC)C1,[*]S=CSS1CS([*])C(C#N)(CN)C[nH]1,
materials,mat_test_3888,Attribution-High,50,42,[*]C=CC1CC([*])C(C#N)(CC)C1,[*]CCCC1CC([*])C(C#N)(CC)C1,6.074,-1.0192885398864746,-0.5398515462875366,0.479436993598938,0.479436993598938,,1,50,40,23,63,,,0.06578230857849121,0.016976118087768555,0.048806190490722656,True,40,40,40,[*]C=CC1CC([*])C(C#N)(CC)C1,[*]CCCC1CC([*])C(C#N)(CC)C1,
materials,mat_test_3888,Attribution-Low,50,42,[*]C=CC1CC([*])C(C#N)(CC)C1,C=CC1CC([*])C(C#N)(CC)C1,6.074,-1.0192885398864746,-0.9353891611099243,0.08389937877655029,0.08389937877655029,,3,50,34,23,57,,,0.10235381126403809,0.02390885353088379,0.0784449577331543,True,34,34,34,[*]C=CC1CC([*])C(C#N)(CC)C1,C=CC1CC([*])C(C#N)(CC)C1,
materials,mat_test_3888,Attribution-Random,50,42,[*]C=CC1CC([*])C(C#N)(CC)C1,[*]CCC1CC([*])C(C#N)(CC)C1,6.074,-1.0192885398864746,-0.5415573120117188,0.47773122787475586,0.47773122787475586,,1,50,16,23,39,,,0.048491716384887695,0.01639580726623535,0.032095909118652344,True,16,16,16,[*]C=CC1CC([*])C(C#N)(CC)C1,[*]CCC1CC([*])C(C#N)(CC)C1,
materials,mat_test_3910,Random,5,42,[*]CCCOC(=O)CCCCCC(=O)O[*],[*]CCCOC(=O)CCCCCC(=S)O[*],6.855,-0.8807509541511536,-1.0542583465576172,-0.17350739240646362,0.17350739240646362,,1,5,5,0,5,,,0.009276151657104492,0,0.009276151657104492,True,5,5,5,[*]CCCOC(=O)CCCCCC(=O)O[*],[*]CCCOC(=O)CCCCCC(=S)O[*],
materials,mat_test_3910,MCMC,5,42,[*]CCCOC(=O)CCCCCC(=O)O[*],[*]CCPOC(O)CCCCNC(=O)O[*],6.855,-0.8807509541511536,-0.457729697227478,0.42302125692367554,0.42302125692367554,,3,5,4,0,4,,,0.007287263870239258,0,0.007287263870239258,True,4,4,4,[*]CCCOC(=O)CCCCCC(=O)O[*],[*]CCPOC(O)CCCCNC(=O)O[*],
materials,mat_test_3910,Evolutionary,5,42,[*]CCCOC(=O)CCCCCC(=O)O[*],[*]SCCOC(=O)CCCCCC(=O)[*],6.855,-0.8807509541511536,-1.1620125770568848,-0.2812616229057312,0.2812616229057312,,2,7,5,0,5,,,0.008606195449829102,0,0.008606195449829102,True,5,5,5,[*]CCCOC(=O)CCCCCC(=O)O[*],[*]SCCOC(=O)CCCCCC(=O)[*],
materials,mat_test_3910,Attribution-High,5,42,[*]CCCOC(=O)CCCCCC(=O)O[*],[*]CCCOC(=O)CCCCCC(O)O[*],6.855,-0.8807509541511536,-0.5692427158355713,0.3115082383155823,0.3115082383155823,,1,5,5,22,27,,,0.02164459228515625,0.01644110679626465,0.0052034854888916016,True,5,5,5,[*]CCCOC(=O)CCCCCC(=O)O[*],[*]CCCOC(=O)CCCCCC(O)O[*],
materials,mat_test_3910,Attribution-Low,5,42,[*]CCCOC(=O)CCCCCC(=O)O[*],[*]CCCOC(=O)CCCCC(=O)O[*],6.855,-0.8807509541511536,-0.7733824253082275,0.10736852884292603,0.10736852884292603,,1,5,4,22,26,,,0.026621103286743164,0.02255845069885254,0.004062652587890625,True,4,4,4,[*]CCCOC(=O)CCCCCC(=O)O[*],[*]CCCOC(=O)CCCCC(=O)O[*],
materials,mat_test_3910,Attribution-Random,5,42,[*]CCCOC(=O)CCCCCC(=O)O[*],[*]CCCOC(=O)CCCCCC([N-]O)O[*],6.855,-0.8807509541511536,-0.5719998478889465,0.30875110626220703,0.30875110626220703,,4,5,2,22,24,,,0.019418001174926758,0.016332626342773438,0.0030853748321533203,True,2,2,2,[*]CCCOC(=O)CCCCCC(=O)O[*],[*]CCCOC(=O)CCCCCC([N-]O)O[*],
materials,mat_test_3910,Random,20,42,[*]CCCOC(=O)CCCCCC(=O)O[*],[*]CCCOC(O)CCCCCC(=O)O[*],6.855,-0.8807509541511536,-0.4698566794395447,0.4108942747116089,0.4108942747116089,,1,20,15,0,15,,,0.020544767379760742,0,0.020544767379760742,True,15,15,15,[*]CCCOC(=O)CCCCCC(=O)O[*],[*]CCCOC(O)CCCCCC(=O)O[*],
materials,mat_test_3910,MCMC,20,42,[*]CCCOC(=O)CCCCCC(=O)O[*],[*]CCOI(O)CCCCC(O)O[*],6.855,-0.8807509541511536,-0.4228939414024353,0.45785701274871826,0.45785701274871826,,5,20,13,0,13,,,0.02255535125732422,0,0.02255535125732422,True,13,13,13,[*]CCCOC(=O)CCCCCC(=O)O[*],[*]CCOI(O)CCCCC(O)O[*],
materials,mat_test_3910,Evolutionary,20,42,[*]CCCOC(=O)CCCCCC(=O)O[*],[*]PCCOC(O)CCCCCC(=O)O[*],6.855,-0.8807509541511536,-0.47863197326660156,0.402118980884552,0.402118980884552,,2,31,20,0,20,,,0.04648303985595703,0,0.04648303985595703,True,20,20,20,[*]CCCOC(=O)CCCCCC(=O)O[*],[*]PCCOC(O)CCCCCC(=O)O[*],
materials,mat_test_3910,Attribution-High,20,42,[*]CCCOC(=O)CCCCCC(=O)O[*],[*]CCCOC(=O)CCCCCC(O)O[*],6.855,-0.8807509541511536,-0.5692427158355713,0.3115082383155823,0.3115082383155823,,1,20,12,22,34,,,0.032061100006103516,0.01603412628173828,0.016026973724365234,True,12,12,12,[*]CCCOC(=O)CCCCCC(=O)O[*],[*]CCCOC(=O)CCCCCC(O)O[*],
materials,mat_test_3910,Attribution-Low,20,42,[*]CCCOC(=O)CCCCCC(=O)O[*],[*]CCCOC(=O)CC[N+]CCC(=O)O[*],6.855,-0.8807509541511536,-1.2565821409225464,-0.3758311867713928,0.3758311867713928,,4,20,15,22,37,,,0.044619083404541016,0.02579331398010254,0.018825769424438477,True,15,15,15,[*]CCCOC(=O)CCCCCC(=O)O[*],[*]CCCOC(=O)CC[N+]CCC(=O)O[*],
materials,mat_test_3910,Attribution-Random,20,42,[*]CCCOC(=O)CCCCCC(=O)O[*],[*]C=COC(=O)CCCCCC(=O)O[*],6.855,-0.8807509541511536,-1.2744415998458862,-0.39369064569473267,0.39369064569473267,,1,20,9,22,31,,,0.029201507568359375,0.0162661075592041,0.012935400009155273,True,9,9,9,[*]CCCOC(=O)CCCCCC(=O)O[*],[*]C=COC(=O)CCCCCC(=O)O[*],
materials,mat_test_3910,Random,50,42,[*]CCCOC(=O)CCCCCC(=O)O[*],[*]CCCOC(O)CCCCCC(=O)O[*],6.855,-0.8807509541511536,-0.4698566794395447,0.4108942747116089,0.4108942747116089,,1,50,31,0,31,,,0.05906867980957031,0,0.05906867980957031,True,31,31,31,[*]CCCOC(=O)CCCCCC(=O)O[*],[*]CCCOC(O)CCCCCC(=O)O[*],
materials,mat_test_3910,MCMC,50,42,[*]CCCOC(=O)CCCCCC(=O)O[*],[*](PN)CCC(C)[*],6.855,-0.8807509541511536,-1.217486023902893,-0.3367350697517395,0.3367350697517395,,13,50,34,0,34,,,0.057451486587524414,0,0.057451486587524414,True,34,34,34,[*]CCCOC(=O)CCCCCC(=O)O[*],[*](PN)CCC(C)[*],
materials,mat_test_3910,Evolutionary,50,42,[*]CCCOC(=O)CCCCCC(=O)O[*],[*]CCOC(=[N+]O)CICCS(S=O)[*],6.855,-0.8807509541511536,-1.622228980064392,-0.7414780259132385,0.7414780259132385,,10,89,50,0,50,,,0.12194395065307617,0,0.12194395065307617,True,50,50,50,[*]CCCOC(=O)CCCCCC(=O)O[*],[*]CCOC(=[N+]O)CICCS(S=O)[*],
materials,mat_test_3910,Attribution-High,50,42,[*]CCCOC(=O)CCCCCC(=O)O[*],[*]CCCOC(=O)CCCCCC([Si]O)O[*],6.855,-0.8807509541511536,-0.5349186658859253,0.34583228826522827,0.34583228826522827,,4,50,36,22,58,,,0.06719756126403809,0.019348859786987305,0.04784870147705078,True,36,36,36,[*]CCCOC(=O)CCCCCC(=O)O[*],[*]CCCOC(=O)CCCCCC([Si]O)O[*],
materials,mat_test_3910,Attribution-Low,50,42,[*]CCCOC(=O)CCCCCC(=O)O[*],[*]CCCOC(=O)CCCCC(=O)O[*],6.855,-0.8807509541511536,-0.7733824253082275,0.10736852884292603,0.10736852884292603,,1,50,38,22,60,,,0.07043147087097168,0.015223026275634766,0.055208444595336914,True,38,38,38,[*]CCCOC(=O)CCCCCC(=O)O[*],[*]CCCOC(=O)CCCCC(=O)O[*],
materials,mat_test_3910,Attribution-Random,50,42,[*]CCCOC(=O)CCCCCC(=O)O[*],[*]CCCOC(O)CCCCCC(=O)O[*],6.855,-0.8807509541511536,-0.4698566794395447,0.4108942747116089,0.4108942747116089,,1,50,27,22,49,,,0.061934709548950195,0.017403841018676758,0.04453086853027344,True,27,27,27,[*]CCCOC(=O)CCCCCC(=O)O[*],[*]CCCOC(O)CCCCCC(=O)O[*],
materials,mat_test_3708,Random,5,42,[*]c1nc2cc3sc(-c4cc(OCCCC)c([*])cc4OCCCC)nc3cc2s1,[*]c1nc2cc3sc(-c4cc(OCCCC)c([*])cc4OCCC)nc3cc2s1,3.1128,-1.9655262231826782,-1.9484823942184448,0.0170438289642334,0.0170438289642334,,1,5,3,0,3,,,0.00690913200378418,0,0.00690913200378418,True,3,3,3,[*]c1nc2cc3sc(-c4cc(OCCCC)c([*])cc4OCCCC)nc3cc2s1,[*]c1nc2cc3sc(-c4cc(OCCCC)c([*])cc4OCCC)nc3cc2s1,
materials,mat_test_3708,MCMC,5,42,[*]c1nc2cc3sc(-c4cc(OCCCC)c([*])cc4OCCCC)nc3cc2s1,[*]c1nc2cc3sc(-c4scc(OCCCC)c([*])cc4OCCC)nc3cc2s1,3.1128,-1.9655262231826782,-2.040815830230713,-0.07528960704803467,0.07528960704803467,,2,5,4,0,4,,,0.00981450080871582,0,0.00981450080871582,True,4,4,4,[*]c1nc2cc3sc(-c4cc(OCCCC)c([*])cc4OCCCC)nc3cc2s1,[*]c1nc2cc3sc(-c4scc(OCCCC)c([*])cc4OCCC)nc3cc2s1,
materials,mat_test_3708,Evolutionary,5,42,[*]c1nc2cc3sc(-c4cc(OCCCC)c([*])cc4OCCCC)nc3cc2s1,[*]c1nc2cc3sc(-c4cc(OCCCC)c([*])cc4OCSCC)nc3cc2s1,3.1128,-1.9655262231826782,-2.0202419757843018,-0.054715752601623535,0.054715752601623535,,1,8,5,0,5,,,0.01185297966003418,0,0.01185297966003418,True,5,5,5,[*]c1nc2cc3sc(-c4cc(OCCCC)c([*])cc4OCCCC)nc3cc2s1,[*]c1nc2cc3sc(-c4cc(OCCCC)c([*])cc4OCSCC)nc3cc2s1,
materials,mat_test_3708,Attribution-High,5,42,[*]c1nc2cc3sc(-c4cc(OCCCC)c([*])cc4OCCCC)nc3cc2s1,[*]c1nc2cc3c(-c4cc(OCCCC)c([*])cc4OCCCC)nc3cc2s1,3.1128,-1.9655262231826782,-1.7640588283538818,0.2014673948287964,0.2014673948287964,,1,5,4,45,49,,,0.05019378662109375,0.04512143135070801,0.005072355270385742,True,4,4,4,[*]c1nc2cc3sc(-c4cc(OCCCC)c([*])cc4OCCCC)nc3cc2s1,[*]c1nc2cc3c(-c4cc(OCCCC)c([*])cc4OCCCC)nc3cc2s1,
materials,mat_test_3708,Attribution-Low,5,42,[*]c1nc2cc3sc(-c4cc(OCCCC)c([*])cc4OCCCC)nc3cc2s1,[*]c1nc2cc3sc(-c4cc(OCCCC)c([*])cc4OCCCC)nc3cc2s1,3.1128,-1.9655262231826782,-1.9655262231826782,0.0,0.0,,0,5,0,45,45,,,0.03871607780456543,0.03769636154174805,0.0010197162628173828,False,0,0,0,[*]c1nc2cc3sc(-c4cc(OCCCC)c([*])cc4OCCCC)nc3cc2s1,[*]c1nc2cc3sc(-c4cc(OCCCC)c([*])cc4OCCCC)nc3cc2s1,
materials,mat_test_3708,Attribution-Random,5,42,[*]c1nc2cc3sc(-c4cc(OCCCC)c([*])cc4OCCCC)nc3cc2s1,[*]c1nc2cc3sc(-c4cc(OCCCC)c([*])cc4OCCCC)nc3cc2s1,3.1128,-1.9655262231826782,-1.9655262231826782,0.0,0.0,,0,5,0,45,45,,,0.04044747352600098,0.03945755958557129,0.0009899139404296875,False,0,0,0,[*]c1nc2cc3sc(-c4cc(OCCCC)c([*])cc4OCCCC)nc3cc2s1,[*]c1nc2cc3sc(-c4cc(OCCCC)c([*])cc4OCCCC)nc3cc2s1,
materials,mat_test_3708,Random,20,42,[*]c1nc2cc3sc(-c4cc(OCCCC)c([*])cc4OCCCC)nc3cc2s1,[*]c1nc2cc3sc(-c4cc(OCCCC)c([*])cc4OCCCC)nc3cc21,3.1128,-1.9655262231826782,-1.8570806980133057,0.10844552516937256,0.10844552516937256,,1,20,10,0,10,,,0.025615930557250977,0,0.025615930557250977,True,10,10,10,[*]c1nc2cc3sc(-c4cc(OCCCC)c([*])cc4OCCCC)nc3cc2s1,[*]c1nc2cc3sc(-c4cc(OCCCC)c([*])cc4OCCCC)nc3cc21,
materials,mat_test_3708,MCMC,20,42,[*]c1nc2cc3sc(-c4cc(OCCCC)c([*])cc4OCCCC)nc3cc2s1,[*]c1nc2cc3c(-c4cc(OCC)([*])cc4OCCCC)nc3cc2s1,3.1128,-1.9655262231826782,-1.6255275011062622,0.339998722076416,0.339998722076416,,4,20,9,0,9,,,0.02244853973388672,0,0.02244853973388672,True,9,9,9,[*]c1nc2cc3sc(-c4cc(OCCCC)c([*])cc4OCCCC)nc3cc2s1,[*]c1nc2cc3c(-c4cc(OCC)([*])cc4OCCCC)nc3cc2s1,
materials,mat_test_3708,Evolutionary,20,42,[*]c1nc2cc3sc(-c4cc(OCCCC)c([*])cc4OCCCC)nc3cc2s1,[*]c1nc2Scc3sc(-c4Pcc(OCCCC)c([*])cc4OCCCC)ns3cc21,3.1128,-1.9655262231826782,-1.6780552864074707,0.2874709367752075,0.2874709367752075,,4,48,20,0,20,,,0.05765414237976074,0,0.05765414237976074,True,20,20,20,[*]c1nc2cc3sc(-c4cc(OCCCC)c([*])cc4OCCCC)nc3cc2s1,[*]c1nc2Scc3sc(-c4Pcc(OCCCC)c([*])cc4OCCCC)ns3cc21,
materials,mat_test_3708,Attribution-High,20,42,[*]c1nc2cc3sc(-c4cc(OCCCC)c([*])cc4OCCCC)nc3cc2s1,[*]c1nc2cc3c(-c4cc(OCCCC)c([*])cc4OCCCC)nc3cc2s1,3.1128,-1.9655262231826782,-1.7640588283538818,0.2014673948287964,0.2014673948287964,,1,20,14,45,59,,,0.0592343807220459,0.03909134864807129,0.02014303207397461,True,14,14,14,[*]c1nc2cc3sc(-c4cc(OCCCC)c([*])cc4OCCCC)nc3cc2s1,[*]c1nc2cc3c(-c4cc(OCCCC)c([*])cc4OCCCC)nc3cc2s1,
materials,mat_test_3708,Attribution-Low,20,42,[*]c1nc2cc3sc(-c4cc(OCCCC)c([*])cc4OCCCC)nc3cc2s1,[*]c1nc2cc3sc(-c4cc(OCCCC)c([*])cc4OCCCC)nc3cc2s1,3.1128,-1.9655262231826782,-1.9655262231826782,0.0,0.0,,0,20,0,45,45,,,0.040502071380615234,0.03737640380859375,0.0031256675720214844,False,0,0,0,[*]c1nc2cc3sc(-c4cc(OCCCC)c([*])cc4OCCCC)nc3cc2s1,[*]c1nc2cc3sc(-c4cc(OCCCC)c([*])cc4OCCCC)nc3cc2s1,
materials,mat_test_3708,Attribution-Random,20,42,[*]c1nc2cc3sc(-c4cc(OCCCC)c([*])cc4OCCCC)nc3cc2s1,[*]c1nc2cc3sc(-c4cc(OCCCC)([*])cc4OCCCC)nc3cc2s1,3.1128,-1.9655262231826782,-1.911324143409729,0.05420207977294922,0.05420207977294922,,1,20,5,45,50,,,0.04790520668029785,0.0396115779876709,0.008293628692626953,True,5,5,5,[*]c1nc2cc3sc(-c4cc(OCCCC)c([*])cc4OCCCC)nc3cc2s1,[*]c1nc2cc3sc(-c4cc(OCCCC)([*])cc4OCCCC)nc3cc2s1,
materials,mat_test_3708,Random,50,42,[*]c1nc2cc3sc(-c4cc(OCCCC)c([*])cc4OCCCC)nc3cc2s1,[*]c1nc2cc3sc(-c4cc(OCCCC)c([*])cc4OCCC[N+]C)nc3cc2s1,3.1128,-1.9655262231826782,-2.0753695964813232,-0.10984337329864502,0.10984337329864502,,4,50,24,0,24,,,0.058455467224121094,0,0.058455467224121094,True,24,24,24,[*]c1nc2cc3sc(-c4cc(OCCCC)c([*])cc4OCCCC)nc3cc2s1,[*]c1nc2cc3sc(-c4cc(OCCCC)c([*])cc4OCCC[N+]C)nc3cc2s1,
materials,mat_test_3708,MCMC,50,42,[*]c1nc2cc3sc(-c4cc(OCCCC)c([*])cc4OCCCC)nc3cc2s1,[*]c1cc2cc3c(-c4cc(O[N-]CICP)([*])cc4OCC)cPc3cc2s1,3.1128,-1.9655262231826782,-1.6083256006240845,0.35720062255859375,0.35720062255859375,,13,50,25,0,25,,,0.070037841796875,0,0.070037841796875,True,25,25,25,[*]c1nc2cc3sc(-c4cc(OCCCC)c([*])cc4OCCCC)nc3cc2s1,[*]c1cc2cc3c(-c4cc(O[N-]CICP)([*])cc4OCC)cPc3cc2s1,
materials,mat_test_3708,Evolutionary,50,42,[*]c1nc2cc3sc(-c4cc(OCCCC)c([*])cc4OCCCC)nc3cc2s1,[*]c1nc2n3c(-c4cc(OCCCC)c([*])nc4OCCCC)nc3cc2s1,3.1128,-1.9655262231826782,-1.5328596830368042,0.432666540145874,0.432666540145874,,4,95,50,0,50,,,0.20615100860595703,0,0.20615100860595703,True,50,50,50,[*]c1nc2cc3sc(-c4cc(OCCCC)c([*])cc4OCCCC)nc3cc2s1,[*]c1nc2n3c(-c4cc(OCCCC)c([*])nc4OCCCC)nc3cc2s1,
materials,mat_test_3708,Attribution-High,50,42,[*]c1nc2cc3sc(-c4cc(OCCCC)c([*])cc4OCCCC)nc3cc2s1,[*]c1nc2cc3c(-c4cc(OCCCC)c([*])cc4OCCCC)nc3cc2s1,3.1128,-1.9655262231826782,-1.7640588283538818,0.2014673948287964,0.2014673948287964,,1,50,35,45,80,,,0.11989212036132812,0.04419112205505371,0.07570099830627441,True,35,35,35,[*]c1nc2cc3sc(-c4cc(OCCCC)c([*])cc4OCCCC)nc3cc2s1,[*]c1nc2cc3c(-c4cc(OCCCC)c([*])cc4OCCCC)nc3cc2s1,
materials,mat_test_3708,Attribution-Low,50,42,[*]c1nc2cc3sc(-c4cc(OCCCC)c([*])cc4OCCCC)nc3cc2s1,[*]c1nc2cc3sc(-c4cc(OCCCC)c([*])cc4OCCCC)n[*]3cc2s1,3.1128,-1.9655262231826782,-1.9374197721481323,0.0281064510345459,0.0281064510345459,,3,50,2,45,47,,,0.07345747947692871,0.046053171157836914,0.027404308319091797,True,2,2,2,[*]c1nc2cc3sc(-c4cc(OCCCC)c([*])cc4OCCCC)nc3cc2s1,[*]c1nc2cc3sc(-c4cc(OCCCC)c([*])cc4OCCCC)n[*]3cc2s1,
materials,mat_test_3708,Attribution-Random,50,42,[*]c1nc2cc3sc(-c4cc(OCCCC)c([*])cc4OCCCC)nc3cc2s1,[*]c1nc2cc3c(-c4cc(OCCCC)c([*])cc4OCCCC)nc3cc2s1,3.1128,-1.9655262231826782,-1.7640588283538818,0.2014673948287964,0.2014673948287964,,1,50,10,45,55,,,0.07729911804199219,0.04205894470214844,0.03524017333984375,True,10,10,10,[*]c1nc2cc3sc(-c4cc(OCCCC)c([*])cc4OCCCC)nc3cc2s1,[*]c1nc2cc3c(-c4cc(OCCCC)c([*])cc4OCCCC)nc3cc2s1,
materials,mat_test_3868,Random,5,42,[*]CC(O)COc1ccc(O[*])cc1,[*]CCC(O)COc1ccc(O[*])cc1,4.7330000000000005,-1.4355045557022095,-1.1548168659210205,0.28068768978118896,0.28068768978118896,,1,5,3,0,3,,,0.005447864532470703,0,0.005447864532470703,True,3,3,3,[*]CC(O)COc1ccc(O[*])cc1,[*]CCC(O)COc1ccc(O[*])cc1,
materials,mat_test_3868,MCMC,5,42,[*]CC(O)COc1ccc(O[*])cc1,[*]COC(O)COc1ccc(O[*])cc/1,4.7330000000000005,-1.4355045557022095,-1.1629074811935425,0.272597074508667,0.272597074508667,,2,5,3,0,3,,,0.005091667175292969,0,0.005091667175292969,True,3,3,3,[*]CC(O)COc1ccc(O[*])cc1,[*]COC(O)COc1ccc(O[*])cc/1,
materials,mat_test_3868,Evolutionary,5,42,[*]CC(O)COc1ccc(O[*])cc1,[*]C(O)COc1ccc(O[*])cc1,4.7330000000000005,-1.4355045557022095,-1.3248687982559204,0.11063575744628906,0.11063575744628906,,1,16,5,0,5,,,0.010990619659423828,0,0.010990619659423828,True,5,5,5,[*]CC(O)COc1ccc(O[*])cc1,[*]C(O)COc1ccc(O[*])cc1,
materials,mat_test_3868,Attribution-High,5,42,[*]CC(O)COc1ccc(O[*])cc1,[*]CC(O)COc1ccc(O[*])cc1,4.7330000000000005,-1.4355045557022095,-1.4355045557022095,0.0,0.0,,0,5,0,20,20,,,0.01677560806274414,0.01580500602722168,0.0009706020355224609,False,0,0,0,[*]CC(O)COc1ccc(O[*])cc1,[*]CC(O)COc1ccc(O[*])cc1,
materials,mat_test_3868,Attribution-Low,5,42,[*]CC(O)COc1ccc(O[*])cc1,[*]CC(O)COc1ccc(O[*])cc1,4.7330000000000005,-1.4355045557022095,-1.4355045557022095,0.0,0.0,,0,5,0,20,20,,,0.01844954490661621,0.016260623931884766,0.0021889209747314453,False,0,0,0,[*]CC(O)COc1ccc(O[*])cc1,[*]CC(O)COc1ccc(O[*])cc1,
materials,mat_test_3868,Attribution-Random,5,42,[*]CC(O)COc1ccc(O[*])cc1,[*]CC(O)COc1ccc(O[*])[*]c1,4.7330000000000005,-1.4355045557022095,-1.3385626077651978,0.09694194793701172,0.09694194793701172,,3,5,1,20,21,,,0.020580530166625977,0.018123388290405273,0.002457141876220703,True,1,1,1,[*]CC(O)COc1ccc(O[*])cc1,[*]CC(O)COc1ccc(O[*])[*]c1,
materials,mat_test_3868,Random,20,42,[*]CC(O)COc1ccc(O[*])cc1,[*]CC(O[Si])COc1ccc(O[*])cc1,4.7330000000000005,-1.4355045557022095,-1.162237286567688,0.2732672691345215,0.2732672691345215,,4,20,9,0,9,,,0.02898859977722168,0,0.02898859977722168,True,9,9,9,[*]CC(O)COc1ccc(O[*])cc1,[*]CC(O[Si])COc1ccc(O[*])cc1,
materials,mat_test_3868,MCMC,20,42,[*]CC(O)COc1ccc(O[*])cc1,[*]CC([N+]O)CO[Si]c\1ccc(O[*])cco1,4.7330000000000005,-1.4355045557022095,-1.2022095918655396,0.23329496383666992,0.23329496383666992,,10,20,11,0,11,,,0.0272367000579834,0,0.0272367000579834,True,11,11,11,[*]CC(O)COc1ccc(O[*])cc1,[*]CC([N+]O)CO[Si]c\1ccc(O[*])cco1,
materials,mat_test_3868,Evolutionary,20,42,[*]CC(O)COc1ccc(O[*])cc1,[*]CC(C)COc1cnc([*])cc1,4.7330000000000005,-1.4355045557022095,-1.2764638662338257,0.1590406894683838,0.1590406894683838,,3,37,20,0,20,,,0.06767106056213379,0,0.06767106056213379,True,20,20,20,[*]CC(O)COc1ccc(O[*])cc1,[*]CC(C)COc1cnc([*])cc1,
materials,mat_test_3868,Attribution-High,20,42,[*]CC(O)COc1ccc(O[*])cc1,[*]CC(O)COc1ccc(O[*])cc1,4.7330000000000005,-1.4355045557022095,-1.4355045557022095,0.0,0.0,,0,20,0,20,20,,,0.018292665481567383,0.015111684799194336,0.003180980682373047,False,0,0,0,[*]CC(O)COc1ccc(O[*])cc1,[*]CC(O)COc1ccc(O[*])cc1,
materials,mat_test_3868,Attribution-Low,20,42,[*]CC(O)COc1ccc(O[*])cc1,[*]CC(O)COc1ccc(O[*])cc1,4.7330000000000005,-1.4355045557022095,-1.4355045557022095,0.0,0.0,,0,20,0,20,20,,,0.017705678939819336,0.015867233276367188,0.0018384456634521484,False,0,0,0,[*]CC(O)COc1ccc(O[*])cc1,[*]CC(O)COc1ccc(O[*])cc1,
materials,mat_test_3868,Attribution-Random,20,42,[*]CC(O)COc1ccc(O[*])cc1,[*]CC(O)COc1ccc(ON)cc1,4.7330000000000005,-1.4355045557022095,-1.56181800365448,-0.1263134479522705,0.1263134479522705,,3,20,3,20,23,,,0.028172969818115234,0.01580190658569336,0.012371063232421875,True,3,3,3,[*]CC(O)COc1ccc(O[*])cc1,[*]CC(O)COc1ccc(ON)cc1,
materials,mat_test_3868,Random,50,42,[*]CC(O)COc1ccc(O[*])cc1,[*]CC(O)COs1ccc(O[*])cc1,4.7330000000000005,-1.4355045557022095,-1.6908349990844727,-0.2553304433822632,0.2553304433822632,,1,50,22,0,22,,,0.07995247840881348,0,0.07995247840881348,True,22,22,22,[*]CC(O)COc1ccc(O[*])cc1,[*]CC(O)COs1ccc(O[*])cc1,
materials,mat_test_3868,MCMC,50,42,[*]CC(O)COc1ccc(O[*])cc1,[*]ONC(C)Pc1Snnc([*])cn1,4.7330000000000005,-1.4355045557022095,-0.887556791305542,0.5479477643966675,0.5479477643966675,,10,50,23,0,23,,,0.10895633697509766,0,0.10895633697509766,True,23,23,23,[*]CC(O)COc1ccc(O[*])cc1,[*]ONC(C)Pc1Snnc([*])cn1,
materials,mat_test_3868,Evolutionary,50,42,[*]CC(O)COc1ccc(O[*])cc1,[*]CC(OO)[Si]COc1ncc([*])cn1,4.7330000000000005,-1.4355045557022095,-1.0060514211654663,0.42945313453674316,0.42945313453674316,,8,102,50,0,50,,,0.1168816089630127,0,0.1168816089630127,True,50,50,50,[*]CC(O)COc1ccc(O[*])cc1,[*]CC(OO)[Si]COc1ncc([*])cn1,
materials,mat_test_3868,Attribution-High,50,42,[*]CC(O)COc1ccc(O[*])cc1,[*]CC(O)COc1ccc(O[*])cc1,4.7330000000000005,-1.4355045557022095,-1.4355045557022095,0.0,0.0,,0,50,1,20,21,,,0.027450084686279297,0.01593184471130371,0.011518239974975586,True,1,1,1,[*]CC(O)COc1ccc(O[*])cc1,[*]CC(O)COc1ccc(O[*])cc1,
materials,mat_test_3868,Attribution-Low,50,42,[*]CC(O)COc1ccc(O[*])cc1,[*]CC(O)COc1ccc(O[*])cc1,4.7330000000000005,-1.4355045557022095,-1.4355045557022095,0.0,0.0,,0,50,1,20,21,,,0.03824448585510254,0.025068998336791992,0.013175487518310547,True,1,1,1,[*]CC(O)COc1ccc(O[*])cc1,[*]CC(O)COc1ccc(O[*])cc1,
materials,mat_test_3868,Attribution-Random,50,42,[*]CC(O)COc1ccc(O[*])cc1,CC(O)COc1ccc(O[*])cc1,4.7330000000000005,-1.4355045557022095,-1.3153220415115356,0.12018251419067383,0.12018251419067383,,3,50,16,20,36,,,0.053605079650878906,0.019698619842529297,0.03390645980834961,True,16,16,16,[*]CC(O)COc1ccc(O[*])cc1,CC(O)COc1ccc(O[*])cc1,
materials,mat_test_3626,Random,5,42,[*]C(=O)Nc1cc(NC(=O)c2ccc([*])o2)c(N)cc1N,[*](=O)Nc1cc(NC(=O)c2ccc([*])o2)c(N)cc1N,2.5905,-1.569843053817749,-1.848878026008606,-0.27903497219085693,0.27903497219085693,,1,5,4,0,4,,,0.008462667465209961,0,0.008462667465209961,True,4,4,4,[*]C(=O)Nc1cc(NC(=O)c2ccc([*])o2)c(N)cc1N,[*](=O)Nc1cc(NC(=O)c2ccc([*])o2)c(N)cc1N,
materials,mat_test_3626,MCMC,5,42,[*]C(=O)Nc1cc(NC(=O)c2ccc([*])o2)c(N)cc1N,[*](=O)Nc1cc(NC(=O)c2ccc([*])o2)c(N)cc1N,2.5905,-1.569843053817749,-1.848878026008606,-0.27903497219085693,0.27903497219085693,,1,5,2,0,2,,,0.005304813385009766,0,0.005304813385009766,True,2,2,2,[*]C(=O)Nc1cc(NC(=O)c2ccc([*])o2)c(N)cc1N,[*](=O)Nc1cc(NC(=O)c2ccc([*])o2)c(N)cc1N,
materials,mat_test_3626,Evolutionary,5,42,[*]C(=O)Nc1cc(NC(=O)c2ccc([*])o2)c(N)cc1N,[*]C(=O)Nc1cc(NC(=O)c-2ccc([*])o2)c(N)cc1N,2.5905,-1.569843053817749,-1.45008385181427,0.119759202003479,0.119759202003479,,1,8,5,0,5,,,0.011209726333618164,0,0.011209726333618164,True,5,5,5,[*]C(=O)Nc1cc(NC(=O)c2ccc([*])o2)c(N)cc1N,[*]C(=O)Nc1cc(NC(=O)c-2ccc([*])o2)c(N)cc1N,
materials,mat_test_3626,Attribution-High,5,42,[*]C(=O)Nc1cc(NC(=O)c2ccc([*])o2)c(N)cc1N,[*]C(PO)Nc1cc(NC(=O)c2ccc([*])o2)c(N)cc1N,2.5905,-1.569843053817749,-1.2629438638687134,0.30689918994903564,0.30689918994903564,,1,5,3,37,40,,,0.04741048812866211,0.04131293296813965,0.006097555160522461,True,3,3,3,[*]C(=O)Nc1cc(NC(=O)c2ccc([*])o2)c(N)cc1N,[*]C(PO)Nc1cc(NC(=O)c2ccc([*])o2)c(N)cc1N,
materials,mat_test_3626,Attribution-Low,5,42,[*]C(=O)Nc1cc(NC(=O)c2ccc([*])o2)c(N)cc1N,[*]C(=O)Nc1cc(NC(=O)c2ccc([*])o2)c(N)cc1N,2.5905,-1.569843053817749,-1.569843053817749,0.0,0.0,,0,5,0,37,37,,,0.034606218338012695,0.0339200496673584,0.0006861686706542969,False,0,0,0,[*]C(=O)Nc1cc(NC(=O)c2ccc([*])o2)c(N)cc1N,[*]C(=O)Nc1cc(NC(=O)c2ccc([*])o2)c(N)cc1N,
materials,mat_test_3626,Attribution-Random,5,42,[*]C(=O)Nc1cc(NC(=O)c2ccc([*])o2)c(N)cc1N,[*]C(=O)Nc1cc(NC(=O)c2ccc([*])o2)c(N)cc1,2.5905,-1.569843053817749,-1.5633083581924438,0.006534695625305176,0.006534695625305176,,1,5,1,37,38,,,0.03685617446899414,0.03417778015136719,0.002678394317626953,True,1,1,1,[*]C(=O)Nc1cc(NC(=O)c2ccc([*])o2)c(N)cc1N,[*]C(=O)Nc1cc(NC(=O)c2ccc([*])o2)c(N)cc1,
materials,mat_test_3626,Random,20,42,[*]C(=O)Nc1cc(NC(=O)c2ccc([*])o2)c(N)cc1N,[*]C(=O)Nc1cc(NC(O)c2ccc([*])o2)c(N)cc1N,2.5905,-1.569843053817749,-1.418038249015808,0.15180480480194092,0.15180480480194092,,1,20,11,0,11,,,0.025098085403442383,0,0.025098085403442383,True,11,11,11,[*]C(=O)Nc1cc(NC(=O)c2ccc([*])o2)c(N)cc1N,[*]C(=O)Nc1cc(NC(O)c2ccc([*])o2)c(N)cc1N,
materials,mat_test_3626,MCMC,20,42,[*]C(=O)Nc1cc(NC(=O)c2ccc([*])o2)c(N)cc1N,[*]C(I\O)Nc1cc(NC(=O)c2cPnc([*])o\2)(N)cc1N,2.5905,-1.569843053817749,-0.9352421760559082,0.6346008777618408,0.6346008777618408,,6,20,7,0,7,,,0.019038915634155273,0,0.019038915634155273,True,7,7,7,[*]C(=O)Nc1cc(NC(=O)c2ccc([*])o2)c(N)cc1N,[*]C(I\O)Nc1cc(NC(=O)c2cPnc([*])o\2)(N)cc1N,
materials,mat_test_3626,Evolutionary,20,42,[*]C(=O)Nc1cc(NC(=O)c2ccc([*])o2)c(N)cc1N,[*](=O)NSc1cc(NS(=O)c2ccc([*])o2)c(N)cc1NN,2.5905,-1.569843053817749,-1.886467456817627,-0.31662440299987793,0.31662440299987793,,4,41,20,0,20,,,0.037430524826049805,0,0.037430524826049805,True,20,20,20,[*]C(=O)Nc1cc(NC(=O)c2ccc([*])o2)c(N)cc1N,[*](=O)NSc1cc(NS(=O)c2ccc([*])o2)c(N)cc1NN,
materials,mat_test_3626,Attribution-High,20,42,[*]C(=O)Nc1cc(NC(=O)c2ccc([*])o2)c(N)cc1N,[*]C([Si]O)Nc1cc(NC(=O)c2ccc([*])o2)c(N)cc1N,2.5905,-1.569843053817749,-1.2756911516189575,0.2941519021987915,0.2941519021987915,,4,20,14,37,51,,,0.05651450157165527,0.038884639739990234,0.01762986183166504,True,14,14,14,[*]C(=O)Nc1cc(NC(=O)c2ccc([*])o2)c(N)cc1N,[*]C([Si]O)Nc1cc(NC(=O)c2ccc([*])o2)c(N)cc1N,
materials,mat_test_3626,Attribution-Low,20,42,[*]C(=O)Nc1cc(NC(=O)c2ccc([*])o2)c(N)cc1N,[*]C(=O)Nc1cc(NC(=O)c2ccc([*])o2)c(N)cc1N,2.5905,-1.569843053817749,-1.569843053817749,0.0,0.0,,0,20,1,37,38,,,0.03510737419128418,0.03207731246948242,0.003030061721801758,True,1,1,1,[*]C(=O)Nc1cc(NC(=O)c2ccc([*])o2)c(N)cc1N,[*]C(=O)Nc1cc(NC(=O)c2ccc([*])o2)c(N)cc1N,
materials,mat_test_3626,Attribution-Random,20,42,[*]C(=O)Nc1cc(NC(=O)c2ccc([*])o2)c(N)cc1N,[*]C(=O)Nc1cc(NC([Si]O)c2ccc([*])o2)c(N)cc1N,2.5905,-1.569843053817749,-1.4124865531921387,0.15735650062561035,0.15735650062561035,,4,20,7,37,44,,,0.05019712448120117,0.034101247787475586,0.016095876693725586,True,7,7,7,[*]C(=O)Nc1cc(NC(=O)c2ccc([*])o2)c(N)cc1N,[*]C(=O)Nc1cc(NC([Si]O)c2ccc([*])o2)c(N)cc1N,
materials,mat_test_3626,Random,50,42,[*]C(=O)Nc1cc(NC(=O)c2ccc([*])o2)c(N)cc1N,[*]C(N=O)Nc1cc(NC(=O)c2ccc([*])o2)c(N)cc1N,2.5905,-1.569843053817749,-1.4193289279937744,0.1505141258239746,0.1505141258239746,,1,50,18,0,18,,,0.04748415946960449,0,0.04748415946960449,True,18,18,18,[*]C(=O)Nc1cc(NC(=O)c2ccc([*])o2)c(N)cc1N,[*]C(N=O)Nc1cc(NC(=O)c2ccc([*])o2)c(N)cc1N,
materials,mat_test_3626,MCMC,50,42,[*]C(=O)Nc1cc(NC(=O)c2ccc([*])o2)c(N)cc1N,[*]C(-O)Nc1cc(NC(=CF)c2ccc([*])o2)c(N)cs1PN[Si],2.5905,-1.569843053817749,-1.1785494089126587,0.39129364490509033,0.39129364490509033,,9,50,19,0,19,,,0.06166958808898926,0,0.06166958808898926,True,19,19,19,[*]C(=O)Nc1cc(NC(=O)c2ccc([*])o2)c(N)cc1N,[*]C(-O)Nc1cc(NC(=CF)c2ccc([*])o2)c(N)cs1PN[Si],
materials,mat_test_3626,Evolutionary,50,42,[*]C(=O)Nc1cc(NC(=O)c2ccc([*])o2)c(N)cc1N,[*]C(=O)c1cs(NC(=O)Pc2ccc([*])o2)c(N)cc=1NCl,2.5905,-1.569843053817749,-2.1037912368774414,-0.5339481830596924,0.5339481830596924,,6,102,50,0,50,,,0.1391153335571289,0,0.1391153335571289,True,50,50,50,[*]C(=O)Nc1cc(NC(=O)c2ccc([*])o2)c(N)cc1N,[*]C(=O)c1cs(NC(=O)Pc2ccc([*])o2)c(N)cc=1NCl,
materials,mat_test_3626,Attribution-High,50,42,[*]C(=O)Nc1cc(NC(=O)c2ccc([*])o2)c(N)cc1N,[*]C(PO)Nc1cc(NC(=O)c2ccc([*])o2)c(N)cc1N,2.5905,-1.569843053817749,-1.2629438638687134,0.30689918994903564,0.30689918994903564,,1,50,34,37,71,,,0.09856700897216797,0.03928947448730469,0.05927753448486328,True,34,34,34,[*]C(=O)Nc1cc(NC(=O)c2ccc([*])o2)c(N)cc1N,[*]C(PO)Nc1cc(NC(=O)c2ccc([*])o2)c(N)cc1N,
materials,mat_test_3626,Attribution-Low,50,42,[*]C(=O)Nc1cc(NC(=O)c2ccc([*])o2)c(N)cc1N,[*]C(=O)Nc1cc(NC(=O)c2ccc([*])o2)c(N)cc1N,2.5905,-1.569843053817749,-1.569843053817749,0.0,0.0,,0,50,2,37,39,,,0.054828643798828125,0.043114423751831055,0.01171422004699707,True,2,2,2,[*]C(=O)Nc1cc(NC(=O)c2ccc([*])o2)c(N)cc1N,[*]C(=O)Nc1cc(NC(=O)c2ccc([*])o2)c(N)cc1N,
materials,mat_test_3626,Attribution-Random,50,42,[*]C(=O)Nc1cc(NC(=O)c2ccc([*])o2)c(N)cc1N,[*](=O)Nc1cc(NC(=O)c2ccc([*])o2)c(N)cc1N,2.5905,-1.569843053817749,-1.848878026008606,-0.27903497219085693,0.27903497219085693,,1,50,12,37,49,,,0.05812525749206543,0.03375101089477539,0.02437424659729004,True,12,12,12,[*]C(=O)Nc1cc(NC(=O)c2ccc([*])o2)c(N)cc1N,[*](=O)Nc1cc(NC(=O)c2ccc([*])o2)c(N)cc1N,
materials,mat_test_4205,Random,5,42,[*]OC1C(C)(C)C(OC(=O)C2CCC(C([*])=O)CC2)C1(C)C,[*]OC1C(C)(C)C(OC(=O)C2CCC(C([*])=O)C2)C1(C)C,6.3802,-0.33679693937301636,-0.22024643421173096,0.1165505051612854,0.1165505051612854,,1,5,1,0,1,,,0.003119230270385742,0,0.003119230270385742,True,1,1,1,[*]OC1C(C)(C)C(OC(=O)C2CCC(C([*])=O)CC2)C1(C)C,[*]OC1C(C)(C)C(OC(=O)C2CCC(C([*])=O)C2)C1(C)C,
materials,mat_test_4205,MCMC,5,42,[*]OC1C(C)(C)C(OC(=O)C2CCC(C([*])=O)CC2)C1(C)C,[*]OC1C(C)(C)C(OC(=O)C2CCC(C[N+]([*])=O)CC2)S1(C)C,6.3802,-0.33679693937301636,-0.24053390324115753,0.09626303613185883,0.09626303613185883,,5,5,4,0,4,,,0.009030342102050781,0,0.009030342102050781,True,4,4,4,[*]OC1C(C)(C)C(OC(=O)C2CCC(C([*])=O)CC2)C1(C)C,[*]OC1C(C)(C)C(OC(=O)C2CCC(C[N+]([*])=O)CC2)S1(C)C,
materials,mat_test_4205,Evolutionary,5,42,[*]OC1C(C)(C)C(OC(=O)C2CCC(C([*])=O)CC2)C1(C)C,[*]OC1C(C)(C)C(OC(=O)C2CCC(C([*])=SO)CC2)SC1(C)C,6.3802,-0.33679693937301636,-0.4119328260421753,-0.07513588666915894,0.07513588666915894,,2,8,5,0,5,,,0.011498451232910156,0,0.011498451232910156,True,5,5,5,[*]OC1C(C)(C)C(OC(=O)C2CCC(C([*])=O)CC2)C1(C)C,[*]OC1C(C)(C)C(OC(=O)C2CCC(C([*])=SO)CC2)SC1(C)C,
materials,mat_test_4205,Attribution-High,5,42,[*]OC1C(C)(C)C(OC(=O)C2CCC(C([*])=O)CC2)C1(C)C,[*]OC1C(C)(C)C(OC(=O)C2CCC(C([*])O)CC2)C1(C)C,6.3802,-0.33679693937301636,0.15368632972240448,0.49048326909542084,0.49048326909542084,,1,5,4,42,46,,,0.042244911193847656,0.03740286827087402,0.004842042922973633,True,4,4,4,[*]OC1C(C)(C)C(OC(=O)C2CCC(C([*])=O)CC2)C1(C)C,[*]OC1C(C)(C)C(OC(=O)C2CCC(C([*])O)CC2)C1(C)C,
materials,mat_test_4205,Attribution-Low,5,42,[*]OC1C(C)(C)C(OC(=O)C2CCC(C([*])=O)CC2)C1(C)C,[*]OC1C(C)(C)C(OC(=O)C2CCC(C([*])=O)CC2)C1(C)C,6.3802,-0.33679693937301636,-0.33679693937301636,0.0,0.0,,0,5,0,42,42,,,0.04472851753234863,0.044155120849609375,0.0005733966827392578,False,0,0,0,[*]OC1C(C)(C)C(OC(=O)C2CCC(C([*])=O)CC2)C1(C)C,[*]OC1C(C)(C)C(OC(=O)C2CCC(C([*])=O)CC2)C1(C)C,
materials,mat_test_4205,Attribution-Random,5,42,[*]OC1C(C)(C)C(OC(=O)C2CCC(C([*])=O)CC2)C1(C)C,[*]OC1C(C)(C)C(OC(=O)C2CCC(C([*])=O)C=2)C1(C)C,6.3802,-0.33679693937301636,-0.575306236743927,-0.23850929737091064,0.23850929737091064,,1,5,1,42,43,,,0.040894269943237305,0.03912758827209473,0.0017666816711425781,True,1,1,1,[*]OC1C(C)(C)C(OC(=O)C2CCC(C([*])=O)CC2)C1(C)C,[*]OC1C(C)(C)C(OC(=O)C2CCC(C([*])=O)C=2)C1(C)C,
materials,mat_test_4205,Random,20,42,[*]OC1C(C)(C)C(OC(=O)C2CCC(C([*])=O)CC2)C1(C)C,[*]OC1C(C)(C)C(OC(=O)C2CC(C([*])=O)CC2)C1(C)C,6.3802,-0.33679693937301636,0.043962493538856506,0.38075943291187286,0.38075943291187286,,1,20,11,0,11,,,0.02753615379333496,0,0.02753615379333496,True,11,11,11,[*]OC1C(C)(C)C(OC(=O)C2CCC(C([*])=O)CC2)C1(C)C,[*]OC1C(C)(C)C(OC(=O)C2CC(C([*])=O)CC2)C1(C)C,
materials,mat_test_4205,MCMC,20,42,[*]OC1C(C)(C)C(OC(=O)C2CCC(C([*])=O)CC2)C1(C)C,[*]OC1C(C)(C)P(C(/O)C2CCC(C([*])O)CC2)C1(C),6.3802,-0.33679693937301636,0.08317135274410248,0.41996829211711884,0.41996829211711884,,5,20,10,0,10,,,0.03431391716003418,0,0.03431391716003418,True,10,10,10,[*]OC1C(C)(C)C(OC(=O)C2CCC(C([*])=O)CC2)C1(C)C,[*]OC1C(C)(C)P(C(/O)C2CCC(C([*])O)CC2)C1(C),
materials,mat_test_4205,Evolutionary,20,42,[*]OC1C(C)(C)C(OC(=O)C2CCC(C([*])=O)CC2)C1(C)C,[*]OC1C(C)(C)C(OC(=O)C2CCC(C([*])=O)CC2)C1(C)C,6.3802,-0.33679693937301636,-0.33679693937301636,0.0,0.0,,0,5,0,0,0,,,0.0018901824951171875,0,0.0018901824951171875,False,0,0,0,[*]OC1C(C)(C)C(OC(=O)C2CCC(C([*])=O)CC2)C1(C)C,[*]OC1C(C)(C)C(OC(=O)C2CCC(C([*])=O)CC2)C1(C)C,
materials,mat_test_4205,Attribution-High,20,42,[*]OC1C(C)(C)C(OC(=O)C2CCC(C([*])=O)CC2)C1(C)C,[*]OC1C(C)(C)C(OC(=O)C2CCC(C([*])O)CC2)C1(C)C,6.3802,-0.33679693937301636,0.15368632972240448,0.49048326909542084,0.49048326909542084,,1,20,15,42,57,,,0.062142372131347656,0.03935813903808594,0.02278423309326172,True,15,15,15,[*]OC1C(C)(C)C(OC(=O)C2CCC(C([*])=O)CC2)C1(C)C,[*]OC1C(C)(C)C(OC(=O)C2CCC(C([*])O)CC2)C1(C)C,
materials,mat_test_4205,Attribution-Low,20,42,[*]OC1C(C)(C)C(OC(=O)C2CCC(C([*])=O)CC2)C1(C)C,[*]OC1C(C)(C)C(OC(=O)C2CCC(C([*])=O)CC2)C1(Cl)C,6.3802,-0.33679693937301636,-0.41866904497146606,-0.08187210559844971,0.08187210559844971,,1,20,3,42,45,,,0.05399203300476074,0.04602766036987305,0.007964372634887695,True,3,3,3,[*]OC1C(C)(C)C(OC(=O)C2CCC(C([*])=O)CC2)C1(C)C,[*]OC1C(C)(C)C(OC(=O)C2CCC(C([*])=O)CC2)C1(Cl)C,
materials,mat_test_4205,Attribution-Random,20,42,[*]OC1C(C)(C)C(OC(=O)C2CCC(C([*])=O)CC2)C1(C)C,[*]OC1C(C)(C)C(OC(=O)C2CCC(C([*])O)CC2)C1(C)C,6.3802,-0.33679693937301636,0.15368632972240448,0.49048326909542084,0.49048326909542084,,1,20,5,42,47,,,0.04816770553588867,0.03746604919433594,0.010701656341552734,True,5,5,5,[*]OC1C(C)(C)C(OC(=O)C2CCC(C([*])=O)CC2)C1(C)C,[*]OC1C(C)(C)C(OC(=O)C2CCC(C([*])O)CC2)C1(C)C,
materials,mat_test_4205,Random,50,42,[*]OC1C(C)(C)C(OC(=O)C2CCC(C([*])=O)CC2)C1(C)C,[*]OC1C(C)(C)C(OC(=O)C2CCC(C([*])O)CC2)C1(C)C,6.3802,-0.33679693937301636,0.15368632972240448,0.49048326909542084,0.49048326909542084,,1,50,28,0,28,,,0.06579232215881348,0,0.06579232215881348,True,28,28,28,[*]OC1C(C)(C)C(OC(=O)C2CCC(C([*])=O)CC2)C1(C)C,[*]OC1C(C)(C)C(OC(=O)C2CCC(C([*])O)CC2)C1(C)C,
materials,mat_test_4205,MCMC,50,42,[*]OC1C(C)(C)C(OC(=O)C2CCC(C([*])=O)CC2)C1(C)C,[*]C1C(O)(C)CI(OC(\O)C2CCoS(C([*])-O)2)C1(C)C,6.3802,-0.33679693937301636,0.27319270372390747,0.6099896430969238,0.6099896430969238,,9,50,30,0,30,,,0.06999826431274414,0,0.06999826431274414,True,30,30,30,[*]OC1C(C)(C)C(OC(=O)C2CCC(C([*])=O)CC2)C1(C)C,[*]C1C(O)(C)CI(OC(\O)C2CCoS(C([*])-O)2)C1(C)C,
materials,mat_test_4205,Evolutionary,50,42,[*]OC1C(C)(C)C(OC(=O)C2CCC(C([*])=O)CC2)C1(C)C,[*]OC1C(C)(C)C(OI(O)S2CCC(C([*])O)[Si]CC2)C1(C)C,6.3802,-0.33679693937301636,0.1938222199678421,0.5306191593408585,0.5306191593408585,,8,80,50,0,50,,,0.11577272415161133,0,0.11577272415161133,True,50,50,50,[*]OC1C(C)(C)C(OC(=O)C2CCC(C([*])=O)CC2)C1(C)C,[*]OC1C(C)(C)C(OI(O)S2CCC(C([*])O)[Si]CC2)C1(C)C,
materials,mat_test_4205,Attribution-High,50,42,[*]OC1C(C)(C)C(OC(=O)C2CCC(C([*])=O)CC2)C1(C)C,[*]OC1C(C)(C)C(OC(=O)C2CCC(C([*])O)CC2)C1(C)C,6.3802,-0.33679693937301636,0.15368632972240448,0.49048326909542084,0.49048326909542084,,1,50,29,42,71,,,0.12326931953430176,0.04956245422363281,0.07370686531066895,True,29,29,29,[*]OC1C(C)(C)C(OC(=O)C2CCC(C([*])=O)CC2)C1(C)C,[*]OC1C(C)(C)C(OC(=O)C2CCC(C([*])O)CC2)C1(C)C,
materials,mat_test_4205,Attribution-Low,50,42,[*]OC1C(C)(C)C(OC(=O)C2CCC(C([*])=O)CC2)C1(C)C,[*]OC1C(C)(C)C(OC(=O)C2CCC(C([*])=O)CC2)C1(N)C,6.3802,-0.33679693937301636,-0.22664237022399902,0.11015456914901733,0.11015456914901733,,1,50,9,42,51,,,0.08584785461425781,0.03779935836791992,0.04804849624633789,True,9,9,9,[*]OC1C(C)(C)C(OC(=O)C2CCC(C([*])=O)CC2)C1(C)C,[*]OC1C(C)(C)C(OC(=O)C2CCC(C([*])=O)CC2)C1(N)C,
materials,mat_test_4205,Attribution-Random,50,42,[*]OC1C(C)(C)C(OC(=O)C2CCC(C([*])=O)CC2)C1(C)C,[*]OC1C(C)(C)C(OC(=O)C2CC(C([*])=O)CC2)C1(C)C,6.3802,-0.33679693937301636,0.043962493538856506,0.38075943291187286,0.38075943291187286,,1,50,13,42,55,,,0.08516597747802734,0.042044878005981445,0.0431210994720459,True,13,13,13,[*]OC1C(C)(C)C(OC(=O)C2CCC(C([*])=O)CC2)C1(C)C,[*]OC1C(C)(C)C(OC(=O)C2CC(C([*])=O)CC2)C1(C)C,
materials,mat_test_4059,Random,5,42,[*]CC(C)S[*],[*]CC(C)[*],5.016,-1.1882867813110352,-1.0463132858276367,0.14197349548339844,0.14197349548339844,,1,5,3,0,3,,,0.005391836166381836,0,0.005391836166381836,True,3,3,3,[*]CC(C)S[*],[*]CC(C)[*],
materials,mat_test_4059,MCMC,5,42,[*]CC(C)S[*],[*]C([N+]S)S[*],5.016,-1.1882867813110352,-1.4193812608718872,-0.23109447956085205,0.23109447956085205,,6,5,4,0,4,,,0.014193534851074219,0,0.014193534851074219,True,4,4,4,[*]CC(C)S[*],[*]C([N+]S)S[*],
materials,mat_test_4059,Evolutionary,5,42,[*]CC(C)S[*],[*]CC(C[Si])S[*],5.016,-1.1882867813110352,-0.8760438561439514,0.31224292516708374,0.31224292516708374,,4,8,5,0,5,,,0.009121179580688477,0,0.009121179580688477,True,5,5,5,[*]CC(C)S[*],[*]CC(C[Si])S[*],
materials,mat_test_4059,Attribution-High,5,42,[*]CC(C)S[*],[*]C(C)S[*],5.016,-1.1882867813110352,-1.1799041032791138,0.008382678031921387,0.008382678031921387,,1,5,2,8,10,,,0.016140460968017578,0.010387897491455078,0.0057525634765625,True,2,2,2,[*]CC(C)S[*],[*]C(C)S[*],
materials,mat_test_4059,Attribution-Low,5,42,[*]CC(C)S[*],[*]SC(C)S[*],5.016,-1.1882867813110352,-1.3459601402282715,-0.15767335891723633,0.15767335891723633,,1,5,5,8,13,,,0.015899658203125,0.0071222782135009766,0.008777379989624023,True,5,5,5,[*]CC(C)S[*],[*]SC(C)S[*],
materials,mat_test_4059,Attribution-Random,5,42,[*]CC(C)S[*],[*]CC(C)S[Si],5.016,-1.1882867813110352,-1.1679478883743286,0.020338892936706543,0.020338892936706543,,2,5,2,8,10,,,0.007472515106201172,0.00464630126953125,0.002826213836669922,True,2,2,2,[*]CC(C)S[*],[*]CC(C)S[Si],
materials,mat_test_4059,Random,20,42,[*]CC(C)S[*],[*]CCC(C)S[*],5.016,-1.1882867813110352,-0.9392645359039307,0.2490222454071045,0.2490222454071045,,1,20,11,0,11,,,0.015560626983642578,0,0.015560626983642578,True,11,11,11,[*]CC(C)S[*],[*]CCC(C)S[*],
materials,mat_test_4059,MCMC,20,42,[*]CC(C)S[*],[*]C=C(S)S[*],5.016,-1.1882867813110352,-1.4505618810653687,-0.2622750997543335,0.2622750997543335,,2,20,10,0,10,,,0.015552520751953125,0,0.015552520751953125,True,10,10,10,[*]CC(C)S[*],[*]C=C(S)S[*],
materials,mat_test_4059,Evolutionary,20,42,[*]CC(C)S[*],[*]SC(S)S[*],5.016,-1.1882867813110352,-1.4300497770309448,-0.24176299571990967,0.24176299571990967,,2,29,20,0,20,,,0.030988216400146484,0,0.030988216400146484,True,20,20,20,[*]CC(C)S[*],[*]SC(S)S[*],
materials,mat_test_4059,Attribution-High,20,42,[*]CC(C)S[*],[*]C[N+](C)S[*],5.016,-1.1882867813110352,-1.3166290521621704,-0.12834227085113525,0.12834227085113525,,4,20,14,8,22,,,0.023513317108154297,0.005710601806640625,0.017802715301513672,True,14,14,14,[*]CC(C)S[*],[*]C[N+](C)S[*],
materials,mat_test_4059,Attribution-Low,20,42,[*]CC(C)S[*],[*]C(C)S[*],5.016,-1.1882867813110352,-1.1799041032791138,0.008382678031921387,0.008382678031921387,,1,20,9,8,17,,,0.015885591506958008,0.005438327789306641,0.010447263717651367,True,9,9,9,[*]CC(C)S[*],[*]C(C)S[*],
materials,mat_test_4059,Attribution-Random,20,42,[*]CC(C)S[*],[*]CC(C)[*],5.016,-1.1882867813110352,-1.0463132858276367,0.14197349548339844,0.14197349548339844,,1,20,10,8,18,,,0.020322322845458984,0.005254268646240234,0.01506805419921875,True,10,10,10,[*]CC(C)S[*],[*]CC(C)[*],
materials,mat_test_4059,Random,50,42,[*]CC(C)S[*],[*]CC(CF)S[*],5.016,-1.1882867813110352,-0.9334114789962769,0.2548753023147583,0.2548753023147583,,1,50,32,0,32,,,0.04842042922973633,0,0.04842042922973633,True,32,32,32,[*]CC(C)S[*],[*]CC(CF)S[*],
materials,mat_test_4059,MCMC,50,42,[*]CC(C)S[*],[*]CC(C)[*],5.016,-1.1882867813110352,-1.0463132858276367,0.14197349548339844,0.14197349548339844,,1,50,29,0,29,,,0.043180227279663086,0,0.043180227279663086,True,29,29,29,[*]CC(C)S[*],[*]CC(C)[*],
materials,mat_test_4059,Evolutionary,50,42,[*]CC(C)S[*],[*]OC(C)N[Si][*],5.016,-1.1882867813110352,-0.6871792674064636,0.5011075139045715,0.5011075139045715,,5,68,50,0,50,,,0.06885051727294922,0,0.06885051727294922,True,50,50,50,[*]CC(C)S[*],[*]OC(C)N[Si][*],
materials,mat_test_4059,Attribution-High,50,42,[*]CC(C)S[*],[*]CP(C)S[*],5.016,-1.1882867813110352,-1.291768193244934,-0.10348141193389893,0.10348141193389893,,1,50,36,8,44,,,0.06549310684204102,0.005159616470336914,0.0603334903717041,True,36,36,36,[*]CC(C)S[*],[*]CP(C)S[*],
materials,mat_test_4059,Attribution-Low,50,42,[*]CC(C)S[*],[*]=C(C)S[*],5.016,-1.1882867813110352,-1.4890793561935425,-0.3007925748825073,0.3007925748825073,,1,50,36,8,44,,,0.049260616302490234,0.005354881286621094,0.04390573501586914,True,36,36,36,[*]CC(C)S[*],[*]=C(C)S[*],
materials,mat_test_4059,Attribution-Random,50,42,[*]CC(C)S[*],[*]CC(C)[*],5.016,-1.1882867813110352,-1.0463132858276367,0.14197349548339844,0.14197349548339844,,1,50,18,8,26,,,0.053278207778930664,0.005188703536987305,0.04808950424194336,True,18,18,18,[*]CC(C)S[*],[*]CC(C)[*],
materials,mat_test_3687,Random,5,42,[*]Oc1ccc(Cc2ccc(OC([*])=O)cc2)cc1,[*]Oc1ccc(CCc2ccc(OC([*])=O)cc2)cc1,4.6933,-1.4429868459701538,-1.583620309829712,-0.1406334638595581,0.1406334638595581,,1,5,1,0,1,,,0.002417325973510742,0,0.002417325973510742,True,1,1,1,[*]Oc1ccc(Cc2ccc(OC([*])=O)cc2)cc1,[*]Oc1ccc(CCc2ccc(OC([*])=O)cc2)cc1,
materials,mat_test_3687,MCMC,5,42,[*]Oc1ccc(Cc2ccc(OC([*])=O)cc2)cc1,[*]Oc1cocs(Cc2ccc(OC([*])=O)cc2)cc1,4.6933,-1.4429868459701538,-1.7450000047683716,-0.3020131587982178,0.3020131587982178,,2,5,2,0,2,,,0.00478816032409668,0,0.00478816032409668,True,2,2,2,[*]Oc1ccc(Cc2ccc(OC([*])=O)cc2)cc1,[*]Oc1cocs(Cc2ccc(OC([*])=O)cc2)cc1,
materials,mat_test_3687,Evolutionary,5,42,[*]Oc1ccc(Cc2ccc(OC([*])=O)cc2)cc1,[*]Oc1ccc(Cc2ccc(OC([*])=C)nn2)cc1,4.6933,-1.4429868459701538,-1.2971519231796265,0.14583492279052734,0.14583492279052734,,3,15,5,0,5,,,0.014582395553588867,0,0.014582395553588867,True,5,5,5,[*]Oc1ccc(Cc2ccc(OC([*])=O)cc2)cc1,[*]Oc1ccc(Cc2ccc(OC([*])=C)nn2)cc1,
materials,mat_test_3687,Attribution-High,5,42,[*]Oc1ccc(Cc2ccc(OC([*])=O)cc2)cc1,[*]c1ccc(Cc2ccc(OC([*])=O)cc2)cc1,4.6933,-1.4429868459701538,-1.9464651346206665,-0.5034782886505127,0.5034782886505127,,1,5,5,30,35,,,0.03589200973510742,0.027929306030273438,0.007962703704833984,True,5,5,5,[*]Oc1ccc(Cc2ccc(OC([*])=O)cc2)cc1,[*]c1ccc(Cc2ccc(OC([*])=O)cc2)cc1,
materials,mat_test_3687,Attribution-Low,5,42,[*]Oc1ccc(Cc2ccc(OC([*])=O)cc2)cc1,[*]Oc1ccc(Cc2ccc(OC([*])=O)cc2)cc1,4.6933,-1.4429868459701538,-1.4429868459701538,0.0,0.0,,0,5,0,30,30,,,0.02324676513671875,0.02234053611755371,0.0009062290191650391,False,0,0,0,[*]Oc1ccc(Cc2ccc(OC([*])=O)cc2)cc1,[*]Oc1ccc(Cc2ccc(OC([*])=O)cc2)cc1,
materials,mat_test_3687,Attribution-Random,5,42,[*]Oc1ccc(Cc2ccc(OC([*])=O)cc2)cc1,[*]Pc1ccc(Cc2ccc(OC([*])=O)cc2)cc1,4.6933,-1.4429868459701538,-1.4946056604385376,-0.05161881446838379,0.05161881446838379,,1,5,2,30,32,,,0.0269162654876709,0.023840904235839844,0.0030753612518310547,True,2,2,2,[*]Oc1ccc(Cc2ccc(OC([*])=O)cc2)cc1,[*]Pc1ccc(Cc2ccc(OC([*])=O)cc2)cc1,
materials,mat_test_3687,Random,20,42,[*]Oc1ccc(Cc2ccc(OC([*])=O)cc2)cc1,[*]c1ccc(Cc2ccc(OC([*])=O)cc2)cc1,4.6933,-1.4429868459701538,-1.9464651346206665,-0.5034782886505127,0.5034782886505127,,1,20,5,0,5,,,0.029037952423095703,0,0.029037952423095703,True,5,5,5,[*]Oc1ccc(Cc2ccc(OC([*])=O)cc2)cc1,[*]c1ccc(Cc2ccc(OC([*])=O)cc2)cc1,
materials,mat_test_3687,MCMC,20,42,[*]Oc1ccc(Cc2ccc(OC([*])=O)cc2)cc1,[*]c1ccc(Cc2cnc(SC([*])=P)cc2)cc1,4.6933,-1.4429868459701538,-1.9435460567474365,-0.5005592107772827,0.5005592107772827,,4,20,5,0,5,,,0.01611185073852539,0,0.01611185073852539,True,5,5,5,[*]Oc1ccc(Cc2ccc(OC([*])=O)cc2)cc1,[*]c1ccc(Cc2cnc(SC([*])=P)cc2)cc1,
materials,mat_test_3687,Evolutionary,20,42,[*]Oc1ccc(Cc2ccc(OC([*])=O)cc2)cc1,[*]c1ccc(Cc2ccPc(NC([*])=O)cc2)cc1,4.6933,-1.4429868459701538,-2.0320327281951904,-0.5890458822250366,0.5890458822250366,,3,53,20,0,20,,,0.07450294494628906,0,0.07450294494628906,True,20,20,20,[*]Oc1ccc(Cc2ccc(OC([*])=O)cc2)cc1,[*]c1ccc(Cc2ccPc(NC([*])=O)cc2)cc1,
materials,mat_test_3687,Attribution-High,20,42,[*]Oc1ccc(Cc2ccc(OC([*])=O)cc2)cc1,[*]c1ccc(Cc2ccc(OC([*])=O)cc2)cc1,4.6933,-1.4429868459701538,-1.9464651346206665,-0.5034782886505127,0.5034782886505127,,1,20,13,30,43,,,0.04444313049316406,0.026976346969604492,0.01746678352355957,True,13,13,13,[*]Oc1ccc(Cc2ccc(OC([*])=O)cc2)cc1,[*]c1ccc(Cc2ccc(OC([*])=O)cc2)cc1,
materials,mat_test_3687,Attribution-Low,20,42,[*]Oc1ccc(Cc2ccc(OC([*])=O)cc2)cc1,[*]Oc1ccc(Cc2ccc(OC([*])=O)cc2)cc1,4.6933,-1.4429868459701538,-1.4429868459701538,0.0,0.0,,0,20,0,30,30,,,0.02462029457092285,0.0225985050201416,0.00202178955078125,False,0,0,0,[*]Oc1ccc(Cc2ccc(OC([*])=O)cc2)cc1,[*]Oc1ccc(Cc2ccc(OC([*])=O)cc2)cc1,
materials,mat_test_3687,Attribution-Random,20,42,[*]Oc1ccc(Cc2ccc(OC([*])=O)cc2)cc1,Oc1ccc(Cc2ccc(OC([*])=O)cc2)cc1,4.6933,-1.4429868459701538,-1.9521706104278564,-0.5091837644577026,0.5091837644577026,,3,20,4,30,34,,,0.0318303108215332,0.02443075180053711,0.007399559020996094,True,4,4,4,[*]Oc1ccc(Cc2ccc(OC([*])=O)cc2)cc1,Oc1ccc(Cc2ccc(OC([*])=O)cc2)cc1,
materials,mat_test_3687,Random,50,42,[*]Oc1ccc(Cc2ccc(OC([*])=O)cc2)cc1,[*]c1ccc(Cc2ccc(OC([*])=O)cc2)cc1,4.6933,-1.4429868459701538,-1.9464651346206665,-0.5034782886505127,0.5034782886505127,,1,50,15,0,15,,,0.02967381477355957,0,0.02967381477355957,True,15,15,15,[*]Oc1ccc(Cc2ccc(OC([*])=O)cc2)cc1,[*]c1ccc(Cc2ccc(OC([*])=O)cc2)cc1,
materials,mat_test_3687,MCMC,50,42,[*]Oc1ccc(Cc2ccc(OC([*])=O)cc2)cc1,[*]s1cc\c(c-2ncc(NS([*])=O)O/cc2)cc1,4.6933,-1.4429868459701538,-2.0005605220794678,-0.557573676109314,0.557573676109314,,10,50,24,0,24,,,0.04268479347229004,0,0.04268479347229004,True,24,24,24,[*]Oc1ccc(Cc2ccc(OC([*])=O)cc2)cc1,[*]s1cc\c(c-2ncc(NS([*])=O)O/cc2)cc1,
materials,mat_test_3687,Evolutionary,50,42,[*]Oc1ccc(Cc2ccc(OC([*])=O)cc2)cc1,[*]O[N+]s1ncc(Cc2ccc(OP([*])=NO)c[N+]c2)cc1,4.6933,-1.4429868459701538,-2.1313538551330566,-0.6883670091629028,0.6883670091629028,,12,111,50,0,50,,,0.12109160423278809,0,0.12109160423278809,True,50,50,50,[*]Oc1ccc(Cc2ccc(OC([*])=O)cc2)cc1,[*]O[N+]s1ncc(Cc2ccc(OP([*])=NO)c[N+]c2)cc1,
materials,mat_test_3687,Attribution-High,50,42,[*]Oc1ccc(Cc2ccc(OC([*])=O)cc2)cc1,[*]c1ccc(Cc2ccc(OC([*])=O)cc2)cc1,4.6933,-1.4429868459701538,-1.9464651346206665,-0.5034782886505127,0.5034782886505127,,1,50,32,30,62,,,0.08589291572570801,0.025078535079956055,0.06081438064575195,True,32,32,32,[*]Oc1ccc(Cc2ccc(OC([*])=O)cc2)cc1,[*]c1ccc(Cc2ccc(OC([*])=O)cc2)cc1,
materials,mat_test_3687,Attribution-Low,50,42,[*]Oc1ccc(Cc2ccc(OC([*])=O)cc2)cc1,[*]Oc1ccc(Cc2ccc(OC([*])=O)cc2)cc1,4.6933,-1.4429868459701538,-1.4429868459701538,0.0,0.0,,0,50,1,30,31,,,0.03542041778564453,0.02922201156616211,0.006198406219482422,True,1,1,1,[*]Oc1ccc(Cc2ccc(OC([*])=O)cc2)cc1,[*]Oc1ccc(Cc2ccc(OC([*])=O)cc2)cc1,
materials,mat_test_3687,Attribution-Random,50,42,[*]Oc1ccc(Cc2ccc(OC([*])=O)cc2)cc1,Oc1ccc(Cc2ccc(OC([*])=O)cc2)cc1,4.6933,-1.4429868459701538,-1.9521706104278564,-0.5091837644577026,0.5091837644577026,,3,50,9,30,39,,,0.05471205711364746,0.026546955108642578,0.028165102005004883,True,9,9,9,[*]Oc1ccc(Cc2ccc(OC([*])=O)cc2)cc1,Oc1ccc(Cc2ccc(OC([*])=O)cc2)cc1,
materials,mat_test_3944,Random,5,42,[*]CC([*])c1ccc(C)cc1,[*]C([*])c1ccc(C)cc1,4.8699,-1.6260401010513306,-1.40287446975708,0.2231656312942505,0.2231656312942505,,1,5,3,0,3,,,0.004990816116333008,0,0.004990816116333008,True,3,3,3,[*]CC([*])c1ccc(C)cc1,[*]C([*])c1ccc(C)cc1,
materials,mat_test_3944,MCMC,5,42,[*]CC([*])c1ccc(C)cc1,[*]C([*])c1ccc(C)cc1,4.8699,-1.6260401010513306,-1.40287446975708,0.2231656312942505,0.2231656312942505,,1,5,2,0,2,,,0.003556489944458008,0,0.003556489944458008,True,2,2,2,[*]CC([*])c1ccc(C)cc1,[*]C([*])c1ccc(C)cc1,
materials,mat_test_3944,Evolutionary,5,42,[*]CC([*])c1ccc(C)cc1,[*]C([*])c1ncc(C)cc1,4.8699,-1.6260401010513306,-1.315669298171997,0.3103708028793335,0.3103708028793335,,2,9,5,0,5,,,0.008860588073730469,0,0.008860588073730469,True,5,5,5,[*]CC([*])c1ccc(C)cc1,[*]C([*])c1ncc(C)cc1,
materials,mat_test_3944,Attribution-High,5,42,[*]CC([*])c1ccc(C)cc1,[*]CC([*])c1ccc(C)cc1,4.8699,-1.6260401010513306,-1.6260401010513306,0.0,0.0,,0,5,0,17,17,,,0.012493610382080078,0.011812925338745117,0.0006806850433349609,False,0,0,0,[*]CC([*])c1ccc(C)cc1,[*]CC([*])c1ccc(C)cc1,
materials,mat_test_3944,Attribution-Low,5,42,[*]CC([*])c1ccc(C)cc1,[*]CC([*])c1ccc(C)cc1,4.8699,-1.6260401010513306,-1.6260401010513306,0.0,0.0,,0,5,0,17,17,,,0.013234853744506836,0.012732267379760742,0.0005025863647460938,False,0,0,0,[*]CC([*])c1ccc(C)cc1,[*]CC([*])c1ccc(C)cc1,
materials,mat_test_3944,Attribution-Random,5,42,[*]CC([*])c1ccc(C)cc1,[*]CC([*])c1ccc(C)cc1,4.8699,-1.6260401010513306,-1.6260401010513306,0.0,0.0,,0,5,0,17,17,,,0.01396036148071289,0.013103723526000977,0.0008566379547119141,False,0,0,0,[*]CC([*])c1ccc(C)cc1,[*]CC([*])c1ccc(C)cc1,
materials,mat_test_3944,Random,20,42,[*]CC([*])c1ccc(C)cc1,[*]CCC([*])c1ccc(C)cc1,4.8699,-1.6260401010513306,-1.3797820806503296,0.24625802040100098,0.24625802040100098,,1,20,10,0,10,,,0.020351648330688477,0,0.020351648330688477,True,10,10,10,[*]CC([*])c1ccc(C)cc1,[*]CCC([*])c1ccc(C)cc1,
materials,mat_test_3944,MCMC,20,42,[*]CC([*])c1ccc(C)cc1,[*]\CP([*])c1ccc(C)\cc1,4.8699,-1.6260401010513306,-1.2511948347091675,0.3748452663421631,0.3748452663421631,,3,20,11,0,11,,,0.020154237747192383,0,0.020154237747192383,True,11,11,11,[*]CC([*])c1ccc(C)cc1,[*]\CP([*])c1ccc(C)\cc1,
materials,mat_test_3944,Evolutionary,20,42,[*]CC([*])c1ccc(C)cc1,[*]C([*])s1ccc(C)c[nH]Oc1,4.8699,-1.6260401010513306,-1.3345696926116943,0.29147040843963623,0.29147040843963623,,7,41,20,0,20,,,0.03846430778503418,0,0.03846430778503418,True,20,20,20,[*]CC([*])c1ccc(C)cc1,[*]C([*])s1ccc(C)c[nH]Oc1,
materials,mat_test_3944,Attribution-High,20,42,[*]CC([*])c1ccc(C)cc1,[*]CC([*])c1ccc(C)cc1,4.8699,-1.6260401010513306,-1.6260401010513306,0.0,0.0,,0,20,0,17,17,,,0.014158487319946289,0.012564420700073242,0.0015940666198730469,False,0,0,0,[*]CC([*])c1ccc(C)cc1,[*]CC([*])c1ccc(C)cc1,
materials,mat_test_3944,Attribution-Low,20,42,[*]CC([*])c1ccc(C)cc1,[*]CC([*])c1ccc(C)cc1,4.8699,-1.6260401010513306,-1.6260401010513306,0.0,0.0,,0,20,0,17,17,,,0.015883207321166992,0.01398921012878418,0.0018939971923828125,False,0,0,0,[*]CC([*])c1ccc(C)cc1,[*]CC([*])c1ccc(C)cc1,
materials,mat_test_3944,Attribution-Random,20,42,[*]CC([*])c1ccc(C)cc1,CC([*])c1ccc(C)cc1,4.8699,-1.6260401010513306,-1.394768238067627,0.2312718629837036,0.2312718629837036,,3,20,5,17,22,,,0.025454044342041016,0.016785621643066406,0.00866842269897461,True,5,5,5,[*]CC([*])c1ccc(C)cc1,CC([*])c1ccc(C)cc1,
materials,mat_test_3944,Random,50,42,[*]CC([*])c1ccc(C)cc1,[*]C([*])c1ccc(C)cc1,4.8699,-1.6260401010513306,-1.40287446975708,0.2231656312942505,0.2231656312942505,,1,50,21,0,21,,,0.047193288803100586,0,0.047193288803100586,True,21,21,21,[*]CC([*])c1ccc(C)cc1,[*]C([*])c1ccc(C)cc1,
materials,mat_test_3944,MCMC,50,42,[*]CC([*])c1ccc(C)cc1,[*]([*])1ns(IBr)cs1,4.8699,-1.6260401010513306,-1.2958773374557495,0.33016276359558105,0.33016276359558105,,10,50,21,0,21,,,0.04720950126647949,0,0.04720950126647949,True,21,21,21,[*]CC([*])c1ccc(C)cc1,[*]([*])1ns(IBr)cs1,
materials,mat_test_3944,Evolutionary,50,42,[*]CC([*])c1ccc(C)cc1,[*]OCC([*])Oc/1ncc(C)nn1,4.8699,-1.6260401010513306,-0.8323972225189209,0.7936428785324097,0.7936428785324097,,6,111,50,0,50,,,0.1019134521484375,0,0.1019134521484375,True,50,50,50,[*]CC([*])c1ccc(C)cc1,[*]OCC([*])Oc/1ncc(C)nn1,
materials,mat_test_3944,Attribution-High,50,42,[*]CC([*])c1ccc(C)cc1,[*]CC([*])c1ccc(C)cc1,4.8699,-1.6260401010513306,-1.6260401010513306,0.0,0.0,,0,50,1,17,18,,,0.03242158889770508,0.020580530166625977,0.011841058731079102,True,1,1,1,[*]CC([*])c1ccc(C)cc1,[*]CC([*])c1ccc(C)cc1,
materials,mat_test_3944,Attribution-Low,50,42,[*]CC([*])c1ccc(C)cc1,[*]CC([*])c1ccc(C)cc1,4.8699,-1.6260401010513306,-1.6260401010513306,0.0,0.0,,0,50,1,17,18,,,0.022286415100097656,0.017256975173950195,0.005029439926147461,True,1,1,1,[*]CC([*])c1ccc(C)cc1,[*]CC([*])c1ccc(C)cc1,
materials,mat_test_3944,Attribution-Random,50,42,[*]CC([*])c1ccc(C)cc1,CC([*])c1ccc(C)cc1,4.8699,-1.6260401010513306,-1.394768238067627,0.2312718629837036,0.2312718629837036,,3,50,10,17,27,,,0.03674578666687012,0.014932632446289062,0.021813154220581055,True,10,10,10,[*]CC([*])c1ccc(C)cc1,CC([*])c1ccc(C)cc1,
materials,mat_test_3855,Random,5,42,[*]CCCCCCNC(=O)c1cccc(C(=O)N[*])c1,[*]CCCCCCNC(/O)c1cccc(C(=O)N[*])c1,5.0275,-1.3642796277999878,-1.2631713151931763,0.10110831260681152,0.10110831260681152,,1,5,3,0,3,,,0.0052106380462646484,0,0.0052106380462646484,True,3,3,3,[*]CCCCCCNC(=O)c1cccc(C(=O)N[*])c1,[*]CCCCCCNC(/O)c1cccc(C(=O)N[*])c1,
materials,mat_test_3855,MCMC,5,42,[*]CCCCCCNC(=O)c1cccc(C(=O)N[*])c1,[*]CCCCC[N-]CNC(=S)c1cccc(C(=O)N[*])c1,5.0275,-1.3642796277999878,-1.4929193258285522,-0.12863969802856445,0.12863969802856445,,5,5,2,0,2,,,0.003695964813232422,0,0.003695964813232422,True,2,2,2,[*]CCCCCCNC(=O)c1cccc(C(=O)N[*])c1,[*]CCCCC[N-]CNC(=S)c1cccc(C(=O)N[*])c1,
materials,mat_test_3855,Evolutionary,5,42,[*]CCCCCCNC(=O)c1cccc(C(=O)N[*])c1,[*]CCCCCCC(=O)c1cccc(C(=O)N[*])c1,5.0275,-1.3642796277999878,-1.608566164970398,-0.24428653717041016,0.24428653717041016,,1,11,5,0,5,,,0.011511564254760742,0,0.011511564254760742,True,5,5,5,[*]CCCCCCNC(=O)c1cccc(C(=O)N[*])c1,[*]CCCCCCC(=O)c1cccc(C(=O)N[*])c1,
materials,mat_test_3855,Attribution-High,5,42,[*]CCCCCCNC(=O)c1cccc(C(=O)N[*])c1,[*]CCCCCCNC(O)c1cccc(C(=O)N[*])c1,5.0275,-1.3642796277999878,-1.3447190523147583,0.019560575485229492,0.019560575485229492,,1,5,2,30,32,,,0.028990983963012695,0.025657176971435547,0.0033338069915771484,True,2,2,2,[*]CCCCCCNC(=O)c1cccc(C(=O)N[*])c1,[*]CCCCCCNC(O)c1cccc(C(=O)N[*])c1,
materials,mat_test_3855,Attribution-Low,5,42,[*]CCCCCCNC(=O)c1cccc(C(=O)N[*])c1,[*]CCCCCCNC(=O)c1cccc(C(=O)N[*])c1,5.0275,-1.3642796277999878,-1.3642796277999878,0.0,0.0,,0,5,0,30,30,,,0.026289939880371094,0.025678396224975586,0.0006115436553955078,False,0,0,0,[*]CCCCCCNC(=O)c1cccc(C(=O)N[*])c1,[*]CCCCCCNC(=O)c1cccc(C(=O)N[*])c1,
materials,mat_test_3855,Attribution-Random,5,42,[*]CCCCCCNC(=O)c1cccc(C(=O)N[*])c1,[*]CCCCCNC(=O)c1cccc(C(=O)N[*])c1,5.0275,-1.3642796277999878,-1.4970402717590332,-0.1327606439590454,0.1327606439590454,,1,5,4,30,34,,,0.029937028884887695,0.0249788761138916,0.004958152770996094,True,4,4,4,[*]CCCCCCNC(=O)c1cccc(C(=O)N[*])c1,[*]CCCCCNC(=O)c1cccc(C(=O)N[*])c1,
materials,mat_test_3855,Random,20,42,[*]CCCCCCNC(=O)c1cccc(C(=O)N[*])c1,[*]CCCCCCC(=O)c1cccc(C(=O)N[*])c1,5.0275,-1.3642796277999878,-1.608566164970398,-0.24428653717041016,0.24428653717041016,,1,20,11,0,11,,,0.019620180130004883,0,0.019620180130004883,True,11,11,11,[*]CCCCCCNC(=O)c1cccc(C(=O)N[*])c1,[*]CCCCCCC(=O)c1cccc(C(=O)N[*])c1,
materials,mat_test_3855,MCMC,20,42,[*]CCCCCCNC(=O)c1cccc(C(=O)N[*])c1,[*]CCCC[N+]C(=O)c1cccc(C(O)N[*])c1,5.0275,-1.3642796277999878,-1.6836858987808228,-0.31940627098083496,0.31940627098083496,,5,20,10,0,10,,,0.017371654510498047,0,0.017371654510498047,True,10,10,10,[*]CCCCCCNC(=O)c1cccc(C(=O)N[*])c1,[*]CCCC[N+]C(=O)c1cccc(C(O)N[*])c1,
materials,mat_test_3855,Evolutionary,20,42,[*]CCCCCCNC(=O)c1cccc(C(=O)N[*])c1,[*]CCSCCCCNC(=[Si]F)c1cccc(C(=O)N[*])c1,5.0275,-1.3642796277999878,-1.6320077180862427,-0.2677280902862549,0.2677280902862549,,6,34,20,0,20,,,0.04015350341796875,0,0.04015350341796875,True,20,20,20,[*]CCCCCCNC(=O)c1cccc(C(=O)N[*])c1,[*]CCSCCCCNC(=[Si]F)c1cccc(C(=O)N[*])c1,
materials,mat_test_3855,Attribution-High,20,42,[*]CCCCCCNC(=O)c1cccc(C(=O)N[*])c1,[*]CCCCCCNC(SO)c1cccc(C(=O)N[*])c1,5.0275,-1.3642796277999878,-1.1838291883468628,0.180450439453125,0.180450439453125,,1,20,15,30,45,,,0.05662345886230469,0.028095245361328125,0.028528213500976562,True,15,15,15,[*]CCCCCCNC(=O)c1cccc(C(=O)N[*])c1,[*]CCCCCCNC(SO)c1cccc(C(=O)N[*])c1,
materials,mat_test_3855,Attribution-Low,20,42,[*]CCCCCCNC(=O)c1cccc(C(=O)N[*])c1,[*]CCCCCCNC(=O)c1cccc(C(=O)N[*])c1,5.0275,-1.3642796277999878,-1.3642796277999878,0.0,0.0,,0,20,0,30,30,,,0.027119874954223633,0.023908615112304688,0.0032112598419189453,False,0,0,0,[*]CCCCCCNC(=O)c1cccc(C(=O)N[*])c1,[*]CCCCCCNC(=O)c1cccc(C(=O)N[*])c1,
materials,mat_test_3855,Attribution-Random,20,42,[*]CCCCCCNC(=O)c1cccc(C(=O)N[*])c1,[*]CCCCCNC(=O)c1cccc(C(=O)N[*])c1,5.0275,-1.3642796277999878,-1.4970402717590332,-0.1327606439590454,0.1327606439590454,,1,20,4,30,34,,,0.032912254333496094,0.024809598922729492,0.008102655410766602,True,4,4,4,[*]CCCCCCNC(=O)c1cccc(C(=O)N[*])c1,[*]CCCCCNC(=O)c1cccc(C(=O)N[*])c1,
materials,mat_test_3855,Random,50,42,[*]CCCCCCNC(=O)c1cccc(C(=O)N[*])c1,[*]CCCC#CCNC(=O)c1cccc(C(=O)N[*])c1,5.0275,-1.3642796277999878,-1.571661353111267,-0.2073817253112793,0.2073817253112793,,1,50,25,0,25,,,0.06335902214050293,0,0.06335902214050293,True,25,25,25,[*]CCCCCCNC(=O)c1cccc(C(=O)N[*])c1,[*]CCCC#CCNC(=O)c1cccc(C(=O)N[*])c1,
materials,mat_test_3855,MCMC,50,42,[*]CCCCCCNC(=O)c1cccc(C(=O)N[*])c1,[*]C[N+]C[N-]P([N+]\O)c1cccs(C(S=C)P[*])c1,5.0275,-1.3642796277999878,-2.053222179412842,-0.688942551612854,0.688942551612854,,17,50,24,0,24,,,0.07689046859741211,0,0.07689046859741211,True,24,24,24,[*]CCCCCCNC(=O)c1cccc(C(=O)N[*])c1,[*]C[N+]C[N-]P([N+]\O)c1cccs(C(S=C)P[*])c1,
materials,mat_test_3855,Evolutionary,50,42,[*]CCCCCCNC(=O)c1cccc(C(=O)N[*])c1,[*]CCCCSC(=O)c1cccc(S(N=S)N[*])c1,5.0275,-1.3642796277999878,-1.8989686965942383,-0.5346890687942505,0.5346890687942505,,6,102,50,0,50,,,0.12683820724487305,0,0.12683820724487305,True,50,50,50,[*]CCCCCCNC(=O)c1cccc(C(=O)N[*])c1,[*]CCCCSC(=O)c1cccc(S(N=S)N[*])c1,
materials,mat_test_3855,Attribution-High,50,42,[*]CCCCCCNC(=O)c1cccc(C(=O)N[*])c1,[*]CCCCCCNC([N-]O)c1cccc(C(=O)N[*])c1,5.0275,-1.3642796277999878,-1.1753602027893066,0.18891942501068115,0.18891942501068115,,4,50,41,30,71,,,0.08472728729248047,0.02438497543334961,0.06034231185913086,True,41,41,41,[*]CCCCCCNC(=O)c1cccc(C(=O)N[*])c1,[*]CCCCCCNC([N-]O)c1cccc(C(=O)N[*])c1,
materials,mat_test_3855,Attribution-Low,50,42,[*]CCCCCCNC(=O)c1cccc(C(=O)N[*])c1,[*]CCCCCCNC(=O)c1cccc(C(=O)N[*])c1,5.0275,-1.3642796277999878,-1.3642796277999878,0.0,0.0,,0,50,2,30,32,,,0.03464794158935547,0.023235797882080078,0.01141214370727539,True,2,2,2,[*]CCCCCCNC(=O)c1cccc(C(=O)N[*])c1,[*]CCCCCCNC(=O)c1cccc(C(=O)N[*])c1,
materials,mat_test_3855,Attribution-Random,50,42,[*]CCCCCCNC(=O)c1cccc(C(=O)N[*])c1,[*]CCCCCCNC(=O)c1cccs(C(=O)N[*])c1,5.0275,-1.3642796277999878,-1.5074480772018433,-0.14316844940185547,0.14316844940185547,,1,50,19,30,49,,,0.06777262687683105,0.02482318878173828,0.04294943809509277,True,19,19,19,[*]CCCCCCNC(=O)c1cccc(C(=O)N[*])c1,[*]CCCCCCNC(=O)c1cccs(C(=O)N[*])c1,
materials,mat_test_4204,Random,5,42,[*]CCCCCCCCCCCCc1nc2ccc(-c3ccc4nc([*])oc4c3)cc2o1,[*]CCCCCCCCCCCc1nc2ccc(-c3ccc4nc([*])oc4c3)cc2o1,4.269,-1.4374291896820068,-1.4965251684188843,-0.05909597873687744,0.05909597873687744,,1,5,3,0,3,,,0.00491786003112793,0,0.00491786003112793,True,3,3,3,[*]CCCCCCCCCCCCc1nc2ccc(-c3ccc4nc([*])oc4c3)cc2o1,[*]CCCCCCCCCCCc1nc2ccc(-c3ccc4nc([*])oc4c3)cc2o1,
materials,mat_test_4204,MCMC,5,42,[*]CCCCCCCCCCCCc1nc2ccc(-c3ccc4nc([*])oc4c3)cc2o1,[*]CCCCCCCCCCCCs1nc2ccc(-c3ccc4nc([*])oc4c3)cc2o1,4.269,-1.4374291896820068,-1.598962664604187,-0.16153347492218018,0.16153347492218018,,1,5,2,0,2,,,0.004759311676025391,0,0.004759311676025391,True,2,2,2,[*]CCCCCCCCCCCCc1nc2ccc(-c3ccc4nc([*])oc4c3)cc2o1,[*]CCCCCCCCCCCCs1nc2ccc(-c3ccc4nc([*])oc4c3)cc2o1,
materials,mat_test_4204,Evolutionary,5,42,[*]CCCCCCCCCCCCc1nc2ccc(-c3ccc4nc([*])oc4c3)cc2o1,[*]CC\CCCCCCCCC#Cc1nc2ccc(-c3ccc4nc([*])oc4c3)cc2o1,4.269,-1.4374291896820068,-1.5386378765106201,-0.10120868682861328,0.10120868682861328,,2,10,5,0,5,,,0.00989389419555664,0,0.00989389419555664,True,5,5,5,[*]CCCCCCCCCCCCc1nc2ccc(-c3ccc4nc([*])oc4c3)cc2o1,[*]CC\CCCCCCCCC#Cc1nc2ccc(-c3ccc4nc([*])oc4c3)cc2o1,
materials,mat_test_4204,Attribution-High,5,42,[*]CCCCCCCCCCCCc1nc2ccc(-c3ccc4nc([*])oc4c3)cc2o1,[*]CCCCCCCCCCCCc1nc2ccc(-c3ccc4nc([*])oc4c3)cc2o1,4.269,-1.4374291896820068,-1.4374291896820068,0.0,0.0,,0,5,1,45,46,,,0.04506540298461914,0.04175734519958496,0.0033080577850341797,True,1,1,1,[*]CCCCCCCCCCCCc1nc2ccc(-c3ccc4nc([*])oc4c3)cc2o1,[*]CCCCCCCCCCCCc1nc2ccc(-c3ccc4nc([*])oc4c3)cc2o1,
materials,mat_test_4204,Attribution-Low,5,42,[*]CCCCCCCCCCCCc1nc2ccc(-c3ccc4nc([*])oc4c3)cc2o1,[*]CCCCCCCCCCCCc1nc2ccc(-c3ccc4nc([*])oc4c3)cc2o1,4.269,-1.4374291896820068,-1.4374291896820068,0.0,0.0,,0,5,0,45,45,,,0.04092049598693848,0.040383338928222656,0.0005371570587158203,False,0,0,0,[*]CCCCCCCCCCCCc1nc2ccc(-c3ccc4nc([*])oc4c3)cc2o1,[*]CCCCCCCCCCCCc1nc2ccc(-c3ccc4nc([*])oc4c3)cc2o1,
materials,mat_test_4204,Attribution-Random,5,42,[*]CCCCCCCCCCCCc1nc2ccc(-c3ccc4nc([*])oc4c3)cc2o1,[*]CCCCCCCCCCCCc1nc2ccc(-c3ccc4nc([*])oc4c3)cc2o1,4.269,-1.4374291896820068,-1.4374291896820068,0.0,0.0,,0,5,1,45,46,,,0.051653146743774414,0.04959821701049805,0.002054929733276367,True,1,1,1,[*]CCCCCCCCCCCCc1nc2ccc(-c3ccc4nc([*])oc4c3)cc2o1,[*]CCCCCCCCCCCCc1nc2ccc(-c3ccc4nc([*])oc4c3)cc2o1,
materials,mat_test_4204,Random,20,42,[*]CCCCCCCCCCCCc1nc2ccc(-c3ccc4nc([*])oc4c3)cc2o1,[*]CCCCCCCCCCCCc1nc2ccc(-c3c-cc4nc([*])oc4c3)cc2o1,4.269,-1.4374291896820068,-1.3157151937484741,0.12171399593353271,0.12171399593353271,,1,20,9,0,9,,,0.020550966262817383,0,0.020550966262817383,True,9,9,9,[*]CCCCCCCCCCCCc1nc2ccc(-c3ccc4nc([*])oc4c3)cc2o1,[*]CCCCCCCCCCCCc1nc2ccc(-c3c-cc4nc([*])oc4c3)cc2o1,
materials,mat_test_4204,MCMC,20,42,[*]CCCCCCCCCCCCc1nc2ccc(-c3ccc4nc([*])oc4c3)cc2o1,[*]CCCC/CSCCCc1nc2cOcc(-[Si]c3ccs4n([*])os4c3)cc2o1,4.269,-1.4374291896820068,-1.710356593132019,-0.2729274034500122,0.2729274034500122,,12,20,10,0,10,,,0.019041776657104492,0,0.019041776657104492,True,10,10,10,[*]CCCCCCCCCCCCc1nc2ccc(-c3ccc4nc([*])oc4c3)cc2o1,[*]CCCC/CSCCCc1nc2cOcc(-[Si]c3ccs4n([*])os4c3)cc2o1,
materials,mat_test_4204,Evolutionary,20,42,[*]CCCCCCCCCCCCc1nc2ccc(-c3ccc4nc([*])oc4c3)cc2o1,[*]SCCCCCCCCCCc1nc2ccc(-c3ccc4nc([*])oc4c3)cc2[nH]o1,4.269,-1.4374291896820068,-1.6443581581115723,-0.20692896842956543,0.20692896842956543,,6,36,20,0,20,,,0.04569268226623535,0,0.04569268226623535,True,20,20,20,[*]CCCCCCCCCCCCc1nc2ccc(-c3ccc4nc([*])oc4c3)cc2o1,[*]SCCCCCCCCCCc1nc2ccc(-c3ccc4nc([*])oc4c3)cc2[nH]o1,
materials,mat_test_4204,Attribution-High,20,42,[*]CCCCCCCCCCCCc1nc2ccc(-c3ccc4nc([*])oc4c3)cc2o1,[*]CCCCCCCCCCCCc1nc2ccc(-c3ccc4nc([*])oc4c3)[*]c2o1,4.269,-1.4374291896820068,-1.2927156686782837,0.14471352100372314,0.14471352100372314,,3,20,1,45,46,,,0.04754137992858887,0.04336190223693848,0.004179477691650391,True,1,1,1,[*]CCCCCCCCCCCCc1nc2ccc(-c3ccc4nc([*])oc4c3)cc2o1,[*]CCCCCCCCCCCCc1nc2ccc(-c3ccc4nc([*])oc4c3)[*]c2o1,
materials,mat_test_4204,Attribution-Low,20,42,[*]CCCCCCCCCCCCc1nc2ccc(-c3ccc4nc([*])oc4c3)cc2o1,[*]CCCCCCCCCCCCc1nc2ccc(-c3ccc4nc([*])oc4c3)cc2o1,4.269,-1.4374291896820068,-1.4374291896820068,0.0,0.0,,0,20,0,45,45,,,0.04339194297790527,0.04101681709289551,0.0023751258850097656,False,0,0,0,[*]CCCCCCCCCCCCc1nc2ccc(-c3ccc4nc([*])oc4c3)cc2o1,[*]CCCCCCCCCCCCc1nc2ccc(-c3ccc4nc([*])oc4c3)cc2o1,
materials,mat_test_4204,Attribution-Random,20,42,[*]CCCCCCCCCCCCc1nc2ccc(-c3ccc4nc([*])oc4c3)cc2o1,[*]CCCCCCCCCCCCc1nc2ccc(-c3ccs4nc([*])oc4c3)cc2o1,4.269,-1.4374291896820068,-1.6870418787002563,-0.2496126890182495,0.2496126890182495,,1,20,5,45,50,,,0.07048368453979492,0.04993104934692383,0.020552635192871094,True,5,5,5,[*]CCCCCCCCCCCCc1nc2ccc(-c3ccc4nc([*])oc4c3)cc2o1,[*]CCCCCCCCCCCCc1nc2ccc(-c3ccs4nc([*])oc4c3)cc2o1,
materials,mat_test_4204,Random,50,42,[*]CCCCCCCCCCCCc1nc2ccc(-c3ccc4nc([*])oc4c3)cc2o1,[*]CCCCCCCCCCCCc1nc2ccc(-c3ccc4nc([*])oc4c3)cc2s1,4.269,-1.4374291896820068,-1.7551729679107666,-0.31774377822875977,0.31774377822875977,,1,50,24,0,24,,,0.06955504417419434,0,0.06955504417419434,True,24,24,24,[*]CCCCCCCCCCCCc1nc2ccc(-c3ccc4nc([*])oc4c3)cc2o1,[*]CCCCCCCCCCCCc1nc2ccc(-c3ccc4nc([*])oc4c3)cc2s1,
materials,mat_test_4204,MCMC,50,42,[*]CCCCCCCCCCCCc1nc2ccc(-c3ccc4nc([*])oc4c3)cc2o1,[*]NCCCPNCCc1nNs2c[N+]cc(-c3ccc4cc([*])oc4c/3)cc2[N-]s[nH]1,4.269,-1.4374291896820068,-1.9815572500228882,-0.5441280603408813,0.5441280603408813,,24,50,22,0,22,,,0.06731748580932617,0,0.06731748580932617,True,22,22,22,[*]CCCCCCCCCCCCc1nc2ccc(-c3ccc4nc([*])oc4c3)cc2o1,[*]NCCCPNCCc1nNs2c[N+]cc(-c3ccc4cc([*])oc4c/3)cc2[N-]s[nH]1,
materials,mat_test_4204,Evolutionary,50,42,[*]CCCCCCCCCCCCc1nc2ccc(-c3ccc4nc([*])oc4c3)cc2o1,[*]CC=CCCCCCCc1nc2ccc(-c3ccs4nc([*])c4c3)cc2o1,4.269,-1.4374291896820068,-1.9286028146743774,-0.4911736249923706,0.4911736249923706,,5,100,50,0,50,,,0.12935304641723633,0,0.12935304641723633,True,50,50,50,[*]CCCCCCCCCCCCc1nc2ccc(-c3ccc4nc([*])oc4c3)cc2o1,[*]CC=CCCCCCCc1nc2ccc(-c3ccs4nc([*])c4c3)cc2o1,
materials,mat_test_4204,Attribution-High,50,42,[*]CCCCCCCCCCCCc1nc2ccc(-c3ccc4nc([*])oc4c3)cc2o1,[*]CCCCCCCCCCCCc1nc2ccc(-c3ccc4nc([*])oc4c3)nc2o1,4.269,-1.4374291896820068,-1.308811068534851,0.12861812114715576,0.12861812114715576,,1,50,1,45,46,,,0.0546114444732666,0.04608893394470215,0.008522510528564453,True,1,1,1,[*]CCCCCCCCCCCCc1nc2ccc(-c3ccc4nc([*])oc4c3)cc2o1,[*]CCCCCCCCCCCCc1nc2ccc(-c3ccc4nc([*])oc4c3)nc2o1,
materials,mat_test_4204,Attribution-Low,50,42,[*]CCCCCCCCCCCCc1nc2ccc(-c3ccc4nc([*])oc4c3)cc2o1,[*]CCCCCCCCCCCCc1nc2ccc(-c3ccc4nc([*])oc4c3)cc2o1,4.269,-1.4374291896820068,-1.4374291896820068,0.0,0.0,,0,50,0,45,45,,,0.04527926445007324,0.041745662689208984,0.003533601760864258,False,0,0,0,[*]CCCCCCCCCCCCc1nc2ccc(-c3ccc4nc([*])oc4c3)cc2o1,[*]CCCCCCCCCCCCc1nc2ccc(-c3ccc4nc([*])oc4c3)cc2o1,
materials,mat_test_4204,Attribution-Random,50,42,[*]CCCCCCCCCCCCc1nc2ccc(-c3ccc4nc([*])oc4c3)cc2o1,CCCCCCCCCCCCc1nc2ccc(-c3ccc4nc([*])oc4c3)cc2o1,4.269,-1.4374291896820068,-1.498379111289978,-0.06094992160797119,0.06094992160797119,,3,50,14,45,59,,,0.09989237785339355,0.05172419548034668,0.048168182373046875,True,14,14,14,[*]CCCCCCCCCCCCc1nc2ccc(-c3ccc4nc([*])oc4c3)cc2o1,CCCCCCCCCCCCc1nc2ccc(-c3ccc4nc([*])oc4c3)cc2o1,
materials,mat_test_3838,Random,5,42,[*]c1sc([*])c(C)c1C,[*]c1/sc([*])c(C)c1C,3.3114,-1.931073546409607,-1.4971877336502075,0.4338858127593994,0.4338858127593994,,1,5,4,0,4,,,0.007393598556518555,0,0.007393598556518555,True,4,4,4,[*]c1sc([*])c(C)c1C,[*]c1/sc([*])c(C)c1C,
materials,mat_test_3838,MCMC,5,42,[*]c1sc([*])c(C)c1C,[*]1sc([*])(C)c1O,3.3114,-1.931073546409607,-1.612439751625061,0.3186337947845459,0.3186337947845459,,3,5,3,0,3,,,0.004355430603027344,0,0.004355430603027344,True,3,3,3,[*]c1sc([*])c(C)c1C,[*]1sc([*])(C)c1O,
materials,mat_test_3838,Evolutionary,5,42,[*]c1sc([*])c(C)c1C,[*]c1sc([*])c(CF)c1C,3.3114,-1.931073546409607,-1.8082159757614136,0.12285757064819336,0.12285757064819336,,1,5,5,0,5,,,0.008646726608276367,0,0.008646726608276367,True,5,5,5,[*]c1sc([*])c(C)c1C,[*]c1sc([*])c(CF)c1C,
materials,mat_test_3838,Attribution-High,5,42,[*]c1sc([*])c(C)c1C,[*]c1Pc([*])c(C)c1C,3.3114,-1.931073546409607,-1.5837339162826538,0.3473396301269531,0.3473396301269531,,1,5,3,15,18,,,0.0171048641204834,0.012059450149536133,0.005045413970947266,True,3,3,3,[*]c1sc([*])c(C)c1C,[*]c1Pc([*])c(C)c1C,
materials,mat_test_3838,Attribution-Low,5,42,[*]c1sc([*])c(C)c1C,[*]c1sc([*])c(C)c1C,3.3114,-1.931073546409607,-1.931073546409607,0.0,0.0,,0,5,0,15,15,,,0.012548446655273438,0.012002229690551758,0.0005462169647216797,False,0,0,0,[*]c1sc([*])c(C)c1C,[*]c1sc([*])c(C)c1C,
materials,mat_test_3838,Attribution-Random,5,42,[*]c1sc([*])c(C)c1C,[*]c1sc([*])c(C)c1F,3.3114,-1.931073546409607,-1.8521745204925537,0.07889902591705322,0.07889902591705322,,1,5,5,15,20,,,0.017586231231689453,0.01169896125793457,0.005887269973754883,True,5,5,5,[*]c1sc([*])c(C)c1C,[*]c1sc([*])c(C)c1F,
materials,mat_test_3838,Random,20,42,[*]c1sc([*])c(C)c1C,[*]c1c([*])c(C)c1C,3.3114,-1.931073546409607,-1.6756352186203003,0.25543832778930664,0.25543832778930664,,1,20,11,0,11,,,0.030939579010009766,0,0.030939579010009766,True,11,11,11,[*]c1sc([*])c(C)c1C,[*]c1c([*])c(C)c1C,
materials,mat_test_3838,MCMC,20,42,[*]c1sc([*])c(C)c1C,[*]1([*])[N-]c(C)1C,3.3114,-1.931073546409607,-0.9662230610847473,0.9648504853248596,0.9648504853248596,,8,20,13,0,13,,,0.03948640823364258,0,0.03948640823364258,True,13,13,13,[*]c1sc([*])c(C)c1C,[*]1([*])[N-]c(C)1C,
materials,mat_test_3838,Evolutionary,20,42,[*]c1sc([*])c(C)c1C,[*]c1os([*])c(C)c1NC,3.3114,-1.931073546409607,-1.4450734853744507,0.48600006103515625,0.48600006103515625,,3,42,20,0,20,,,0.3591470718383789,0,0.3591470718383789,True,20,20,20,[*]c1sc([*])c(C)c1C,[*]c1os([*])c(C)c1NC,
materials,mat_test_3838,Attribution-High,20,42,[*]c1sc([*])c(C)c1C,[*]c1\c([*])c(C)c1C,3.3114,-1.931073546409607,-1.6052958965301514,0.32577764987945557,0.32577764987945557,,1,20,9,15,24,,,0.04380965232849121,0.01737356185913086,0.02643609046936035,True,9,9,9,[*]c1sc([*])c(C)c1C,[*]c1\c([*])c(C)c1C,
materials,mat_test_3838,Attribution-Low,20,42,[*]c1sc([*])c(C)c1C,[*]c1sc([*])c([2H])c1C,3.3114,-1.931073546409607,-1.971855878829956,-0.04078233242034912,0.04078233242034912,,4,20,6,15,21,,,0.03335428237915039,0.015598773956298828,0.017755508422851562,True,6,6,6,[*]c1sc([*])c(C)c1C,[*]c1sc([*])c([2H])c1C,
materials,mat_test_3838,Attribution-Random,20,42,[*]c1sc([*])c(C)c1C,[*]c1sc(C)c(C)c1C,3.3114,-1.931073546409607,-2.016747236251831,-0.08567368984222412,0.08567368984222412,,3,20,5,15,20,,,0.04248976707458496,0.027841806411743164,0.014647960662841797,True,5,5,5,[*]c1sc([*])c(C)c1C,[*]c1sc(C)c(C)c1C,
materials,mat_test_3838,Random,50,42,[*]c1sc([*])c(C)c1C,[*]c1Psc([*])c(C)c1C,3.3114,-1.931073546409607,-1.4278606176376343,0.5032129287719727,0.5032129287719727,,1,50,31,0,31,,,0.09484696388244629,0,0.09484696388244629,True,31,31,31,[*]c1sc([*])c(C)c1C,[*]c1Psc([*])c(C)c1C,
materials,mat_test_3838,MCMC,50,42,[*]c1sc([*])c(C)c1C,[*]1([*])([N-]C)o[N-]o1,3.3114,-1.931073546409607,-0.9662357568740845,0.9648377895355225,0.9648377895355225,,15,50,28,0,28,,,0.06307029724121094,0,0.06307029724121094,True,28,28,28,[*]c1sc([*])c(C)c1C,[*]1([*])([N-]C)o[N-]o1,
materials,mat_test_3838,Evolutionary,50,42,[*]c1sc([*])c(C)c1C,[*]/1c([*])Oc(OF)c1C,3.3114,-1.931073546409607,-1.154561161994934,0.7765123844146729,0.7765123844146729,,5,96,50,0,50,,,0.09937071800231934,0,0.09937071800231934,True,50,50,50,[*]c1sc([*])c(C)c1C,[*]/1c([*])Oc(OF)c1C,
materials,mat_test_3838,Attribution-High,50,42,[*]c1sc([*])c(C)c1C,[*]c1[*]c([*])c(C)c1C,3.3114,-1.931073546409607,-1.5431427955627441,0.3879307508468628,0.3879307508468628,,3,50,39,15,54,,,0.08083844184875488,0.01222085952758789,0.06861758232116699,True,39,39,39,[*]c1sc([*])c(C)c1C,[*]c1[*]c([*])c(C)c1C,
materials,mat_test_3838,Attribution-Low,50,42,[*]c1sc([*])c(C)c1C,[*]c1sc([*])c([N-])c1C,3.3114,-1.931073546409607,-1.8913241624832153,0.0397493839263916,0.0397493839263916,,4,50,10,15,25,,,0.03481578826904297,0.012077569961547852,0.022738218307495117,True,10,10,10,[*]c1sc([*])c(C)c1C,[*]c1sc([*])c([N-])c1C,
materials,mat_test_3838,Attribution-Random,50,42,[*]c1sc([*])c(C)c1C,[*]c1c([*])c(C)c1C,3.3114,-1.931073546409607,-1.6756352186203003,0.25543832778930664,0.25543832778930664,,1,50,13,15,28,,,0.03390002250671387,0.011833906173706055,0.022066116333007812,True,13,13,13,[*]c1sc([*])c(C)c1C,[*]c1c([*])c(C)c1C,
