source,candidate,drift_gnn,drift_tx,node_diff,edge_diff,degree_diff
[*]CNC(=O)CCCCCCCCC(=O)N[*],[*]CNC(=O)CCCCCPCCC(=O)N[*],1.0179052352905273,0.08362388610839844,0,0,0.0
[*]CNC(=O)CCCCCCCCC(=O)N[*],[*]CNC(=O)CICCCCCCC(=O)N[*],0.6237330436706543,0.1436786651611328,0,0,0.0
[*]CNC(=O)CCCCCCCCC(=O)N[*],[*]CNC(=O)CCCCCCCCC(=O)C[*],0.10888195037841797,0.08403873443603516,0,0,0.0
[*]CNC(=O)CCCCCCCCC(=O)N[*],[*]CNS(=O)CCCCCCCCC(=O)N[*],0.06673479080200195,0.5198402404785156,0,0,0.0
[*]Oc1ccc(CC(NC(=O)CCc2ccc(OC(=O)CCCCCCC([*])=O)cc2)C(=O)OC)cc1,[*]Oc1ccc(CC(NC(=O)CCc2ccc(IC(=O)CCCCCCC([*])=O)cc2)C(=O)OC)cc1,0.16721487045288086,0.030321121215820312,0,0,0.0
[*]Oc1ccc(CC(NC(=O)CCc2ccc(OC(=O)CCCCCCC([*])=O)cc2)C(=O)OC)cc1,[*]Oc1ccc(CC(NC(=O)CCc2ncc(OC(=O)CCCCCCC([*])=O)cc2)C(=O)OC)cc1,0.038344383239746094,0.015563011169433594,0,0,0.0
[*]CC1CCC(COC(=O)CCCC(=O)O[*])CC1,[*]CC1CCC(COC(=O)CCCC(=O)O[*])CO1,0.10489988327026367,0.0771331787109375,0,0,0.0
[*]CC1CCC(COC(=O)CCCC(=O)O[*])CC1,[*]CC1CCP(COC(=O)CCCC(=O)O[*])CC1,1.1261987686157227,0.0193023681640625,0,0,0.0
[*]CC1CCC(COC(=O)CCCC(=O)O[*])CC1,[*]CC1CCC(NOC(=O)CCCC(=O)O[*])CC1,0.013399124145507812,0.44859886169433594,0,0,0.0
[*]CC1CCC(COC(=O)CCCC(=O)O[*])CC1,[*]CC1CCC(COC(=O)CCCC(=O)O[*])OC1,0.10541439056396484,0.0909414291381836,0,0,0.0
[*]C(C=C1)=CC=C1C(=S)C(S2)=CC=C2O[*],[*]C(C=S1)=CC=C1C(=S)C(S2)=CC=C2O[*],0.8147199153900146,0.12705230712890625,0,0,0.0
[*]C(C=C1)=CC=C1C(=S)C(S2)=CC=C2O[*],[*]C(C=C1)=CC=C1C(=S)C(S2)/CC=C2O[*],0.33675479888916016,0.3191509246826172,0,0,0.0
[*]C(C=C1)=CC=C1C(=S)C(S2)=CC=C2O[*],[*]C(C=C1)=CC=C1P(=S)C(S2)=CC=C2O[*],0.45247650146484375,0.016715526580810547,0,0,0.0
[*]C(C=C1)=CC=C1C(=S)C(S2)=CC=C2O[*],[*]C(C=C1)=CC=C1C(=S)C(S2)=CN=C2O[*],0.11944842338562012,0.006352901458740234,0,0,0.0
[*]C(=O)Nc1cccc(NC(=O)c2ccc3[nH]c(-c4cccc(-c5nc6cc([*])ccc6[nH]5)c4)nc3c2)n1,[*]C(\O)Nc1cccc(NC(=O)c2ccc3[nH]c(-c4cccc(-c5nc6cc([*])ccc6[nH]5)c4)nc3c2)n1,0.20349335670471191,0.1653890609741211,0,0,0.0
[*]C(=O)Nc1cccc(NC(=O)c2ccc3[nH]c(-c4cccc(-c5nc6cc([*])ccc6[nH]5)c4)nc3c2)n1,[*]C(=O)Nc1cccc(NC(=O)c2cnc3[nH]c(-c4cccc(-c5nc6cc([*])ccc6[nH]5)c4)nc3c2)n1,0.021794557571411133,0.007920026779174805,0,0,0.0
[*]C(=O)Nc1cccc(NC(=O)c2ccc3[nH]c(-c4cccc(-c5nc6cc([*])ccc6[nH]5)c4)nc3c2)n1,[*]C(-O)Nc1cccc(NC(=O)c2ccc3[nH]c(-c4cccc(-c5nc6cc([*])ccc6[nH]5)c4)nc3c2)n1,0.20349335670471191,0.13496685028076172,0,0,0.0
[*]Oc1c(Cl)cc(NC(=O)NCCCCCCNC([*])=O)cc1Cl,[*]Oc1c(Cl)cc(NC(/O)NCCCCCCNC([*])=O)cc1Cl,0.07415199279785156,0.09991645812988281,0,0,0.0
[*]Oc1c(Cl)cc(NC(=O)NCCCCCCNC([*])=O)cc1Cl,[*]Oc1c(Cl)cc(NC(=O)NCCCCCCNC([*])=O)cc1S,0.11660909652709961,0.481689453125,0,0,0.0
[*]CCCOC(=O)c1cccc(-c2cccc(C(=O)O[*])c2)c1,[*]CCCPC(=O)c1cccc(-c2cccc(C(=O)O[*])c2)c1,0.18812084197998047,0.018964290618896484,0,0,0.0
[*]C=C([*])c1cccc(C#C)c1,[*]C=C([*])c1cccc(C=C)c1,0.31755495071411133,0.020201921463012695,0,0,0.0
[*]C=C([*])c1cccc(C#C)c1,[*]C=C([*])s1cccc(C#C)c1,0.7724835872650146,1.1902527809143066,0,0,0.0
[*]C=C([*])c1cccc(C#C)c1,[*]C=C([*])c1cccc(C#C)n1,0.02941155433654785,0.11568975448608398,0,0,0.0
[*]CCCCCCCCCCOC(=O)c1ccc(C=Cc2ccc(C(=O)O[*])cc2)cc1,[*]CCCCCCCCCCOC(=O)c1ccc(C=Pc2ccc(C(=O)O[*])cc2)cc1,0.052254676818847656,0.18304967880249023,0,0,0.0
[*]CCCCCCCCCCOC(=O)c1ccc(C=Cc2ccc(C(=O)O[*])cc2)cc1,[*]CCCCCCCNCCOC(=O)c1ccc(C=Cc2ccc(C(=O)O[*])cc2)cc1,0.0344996452331543,0.3509206771850586,0,0,0.0
[*]CCCCCCCCCCOC(=O)c1ccc(C=Cc2ccc(C(=O)O[*])cc2)cc1,[*]CCCCCCCCCCOC(=O)c1ccc(C=Cc2ccc(C(=O)O[*])cn2)cc1,0.09234499931335449,0.31493616104125977,0,0,0.0
[*]CCCCCCCCCCOC(=O)c1ccc(C=Cc2ccc(C(=O)O[*])cc2)cc1,[*]CCCCCCCCCCOC(=O)c1ccc(C=Cc2ccc(C(=S)O[*])cc2)cc1,0.39857029914855957,0.46515798568725586,0,0,0.0
[*]c1cccc(N2C(=O)c3ccc(P(=O)(c4ccccc4)c4ccc5c(c4)C(=O)N([*])C5=O)cc3C2=O)c1,[*]c1cccc(N2C(=O)c3ccc(P(=O)(c4ccccc4)c4ccc5s(c4)C(=O)N([*])C5=O)cc3C2=O)c1,0.3363673686981201,0.533045768737793,0,0,0.0
[*]c1cccc(N2C(=O)c3ccc(P(=O)(c4ccccc4)c4ccc5c(c4)C(=O)N([*])C5=O)cc3C2=O)c1,[*]c1cccc(N2C(=O)c3ccc(P(=O)(c4ccccc4)c4cnc5c(c4)C(=O)N([*])C5=O)cc3C2=O)c1,0.020409822463989258,0.0075130462646484375,0,0,0.0
[*]c1cccc(N2C(=O)c3ccc(P(=O)(c4ccccc4)c4ccc5c(c4)C(=O)N([*])C5=O)cc3C2=O)c1,[*]c1cccc(N2C(=O)c3ccc(P(=O)(c4ccncc4)c4ccc5c(c4)C(=O)N([*])C5=O)cc3C2=O)c1,0.04339766502380371,0.05175638198852539,0,0,0.0
[*]c1cccc(-c2nnc([*])o2)c1,[*]c1cccs(-c2nnc([*])o2)c1,1.000624656677246,0.3265256881713867,0,0,0.0
[*]c1cccc(-c2nnc([*])o2)c1,[*]c1cccc(-c2nnc([*])s2)c1,0.6602137088775635,0.34473752975463867,0,0,0.0
[*]CCCCCCCNC(=O)CCCCCCCCCCCCCCCCCCC(=O)N[*],[*]CCCCCCCNC(=O)CCCCCCCCCCCCCCCCCCC(-O)N[*],0.054625511169433594,0.11671018600463867,0,0,0.0
[*]CCCCCCCNC(=O)CCCCCCCCCCCCCCCCCCC(=O)N[*],[*]CCCCCCCNC(=O)CCCCCCICCCCCCCCCCCC(=O)N[*],0.9750576019287109,0.08253860473632812,0,0,0.0
[*]CC(O[*])C1CC(F)(F)C1(F)F,[*]CC(C[*])C1CC(F)(F)C1(F)F,0.006686210632324219,0.5636305809020996,0,0,0.0
[*]CC(O[*])C1CC(F)(F)C1(F)F,[*]CC(O[*])S1CC(F)(F)C1(F)F,0.0028891563415527344,1.5831913948059082,0,0,0.0
[*]c1ccc(N2C(=O)c3ccc(P(=O)(c4ccccc4)c4ccc5c(c4)C(=O)N([*])C5=O)cc3C2=O)cc1,[*]c1ccc(N2C(=O)c3ccc(P(=O)(c4ccccc4)c4ccc5c(c4)C(=O)N([*])C5=O)cc3C2=I)cc1,0.24683856964111328,0.016203880310058594,0,0,0.0
[*]c1ccc(N2C(=O)c3ccc(P(=O)(c4ccccc4)c4ccc5c(c4)C(=O)N([*])C5=O)cc3C2=O)cc1,[*]c1ccc(N2C(=O)c3ccc(P(=O)(c4ccccc4)c4ccc5c(c4)C(/O)N([*])C5=O)cc3C2=O)cc1,0.18555641174316406,0.06970715522766113,0,0,0.0
[*]c1ccc(N2C(=O)c3ccc(P(=O)(c4ccccc4)c4ccc5c(c4)C(=O)N([*])C5=O)cc3C2=O)cc1,[*]c1ccc(N2C(=O)c3ccc(P(=O)(c4ccccc4)c4ccc5c(n4)C(=O)N([*])C5=O)cc3C2=O)cc1,0.020572185516357422,0.020191192626953125,0,0,0.0
[*]CC1CCCC(CNC(=O)CCCCCCCCCCC(=O)N[*])C1,[*]CC1CCCC(CNC(-O)CCCCCCCCCCC(=O)N[*])C1,0.005144596099853516,0.011721134185791016,0,0,0.0
[*]CC1CCCC(CNC(=O)CCCCCCCCCCC(=O)N[*])C1,[*]CC1CCCC(CNC(=O)CCCCOCCCCCC(=O)N[*])C1,0.14125394821166992,0.09573745727539062,0,0,0.0
[*]Cc1ccc(COC(=O)C2CCC(C(=O)O[*])CC2)cc1,[*]Cc1ccc(COC(=O)C2CCC(C(-O)O[*])CC2)cc1,0.09806537628173828,0.03278684616088867,0,0,0.0
[*]Cc1ccc(COC(=O)C2CCC(C(=O)O[*])CC2)cc1,[*]Cc1ccc(COS(=O)C2CCC(C(=O)O[*])CC2)cc1,0.09372234344482422,0.4674644470214844,0,0,0.0
[*]Cc1ccc(COC(=O)C2CCC(C(=O)O[*])CC2)cc1,[*]Cc1ccc(CPC(=O)C2CCC(C(=O)O[*])CC2)cc1,0.3972330093383789,0.011829376220703125,0,0,0.0
[*]Nc1cc([*])ccc1CCCCCCCCCCCC,[*]Nc1cc([*])ncc1CCCCCCCCCCCC,0.10994768142700195,0.6072087287902832,0,0,0.0
[*]Nc1cc([*])ccc1CCCCCCCCCCCC,[*]Nc1cc([*])ccc1CCCICCCCCCCC,0.425140380859375,0.02638530731201172,0,0,0.0
[*]Nc1cc([*])ccc1CCCCCCCCCCCC,[*]Pc1cc([*])ccc1CCCCCCCCCCCC,0.05722188949584961,0.5344381332397461,0,0,0.0
[*]Nc1cc([*])ccc1CCCCCCCCCCCC,[*]Nc1cc([*])cnc1CCCCCCCCCCCC,0.1212306022644043,0.9911332130432129,0,0,0.0
[*]OC(=O)CCS(=O)(=O)CCC([*])=O,[*]NC(=O)CCS(=O)(=O)CCC([*])=O,0.5314803123474121,0.5785403251647949,0,0,0.0
[*]OC(=O)CCS(=O)(=O)CCC([*])=O,[*]OC(=O)CCS(=O)(=O)CCC([*])-O,0.09899616241455078,0.38001155853271484,0,0,0.0
[*]OC(=O)CCS(=O)(=O)CCC([*])=O,[*]OC(=O)CCS(=O)(=O)CPC([*])=O,0.8505692481994629,0.09608650207519531,0,0,0.0
[*]OC(=O)CCS(=O)(=O)CCC([*])=O,[*]OC(=O)CCS(=O)(\O)CCC([*])=O,0.07171630859375,0.026620864868164062,0,0,0.0
[*]CCCCC(=O)NCCCCCCNC(=O)CCCCS[*],[*]CCSCC(=O)NCCCCCCNC(=O)CCCCS[*],0.3241887092590332,0.11150884628295898,0,0,0.0
[*]CCCCC(=O)NCCCCCCNC(=O)CCCCS[*],[*]CCCCC(=O)NCCCCCCNC(\O)CCCCS[*],0.017441272735595703,0.11606693267822266,0,0,0.0
[*]NC(S1)=CC=C1C(C=C2)=CC=C2C(=S)[*],[*]NC(S1)=CC=C1C(C=C2)=PC=C2C(=S)[*],0.1146085262298584,0.10132932662963867,0,0,0.0
[*]NC(S1)=CC=C1C(C=C2)=CC=C2C(=S)[*],[*]OC(S1)=CC=C1C(C=C2)=CC=C2C(=S)[*],0.36952733993530273,0.818540096282959,0,0,0.0
[*]C=C([*])c1nc2ccccc2n1C,[*]C=C([*])c1nc2ccccs2n1C,1.1641409397125244,0.8902509212493896,0,0,0.0
[*]C=C([*])c1nc2ccccc2n1C,[*]C=C([*])c1nc2ccccc2n1Br,0.30110597610473633,0.014746427536010742,0,0,0.0
[*]C(=O)c1ccc(C(=O)N2CCN([*])CC2)cc1,[*]C(=C)c1ccc(C(=O)N2CCN([*])CC2)cc1,0.21777987480163574,0.35621094703674316,0,0,0.0
[*]C(=O)c1ccc(C(=O)N2CCN([*])CC2)cc1,[*]C(=O)c1ccc(C(=O)N2CCN([*])IC2)cc1,0.03171133995056152,0.15169048309326172,0,0,0.0
[*]C(=O)c1ccc(C(=O)N2CCN([*])CC2)cc1,[*]C(/O)c1ccc(C(=O)N2CCN([*])CC2)cc1,0.38021373748779297,0.49178361892700195,0,0,0.0
C([*])C(C)(C(=O)OCCCOC)([*]),C([*])C(C)(C(\O)OCCCOC)([*]),0.06463432312011719,0.5303220748901367,0,0,0.0
C([*])C(C)(C(=O)OCCCOC)([*]),C([*])C(C)(C(=O)OCCSOC)([*]),0.3651542663574219,0.6529159545898438,0,0,0.0
C([*])C(C)(C(=O)OCCCOC)([*]),C([*])C(C)(I(=O)OCCCOC)([*]),0.6814303398132324,0.038788795471191406,0,0,0.0
C([*])C(C)(C(=O)OCCCOC)([*]),C([*])C(C)(C(=O)OCCCCC)([*]),0.1802210807800293,0.08178567886352539,0,0,0.0
[*]NC(S1)=CC=C1C(=O)O[*],[*]NC(S1)=CI=C1C(=O)O[*],1.073702335357666,0.22539234161376953,0,0,0.0
[*]NC(S1)=CC=C1C(=O)O[*],[*]OC(S1)=CC=C1C(=O)O[*],0.20212459564208984,1.127540111541748,0,0,0.0
[*]Nc1cc(OC)c([*])cc1OC,[*]Nc1cc(NC)c([*])cc1OC,0.10907530784606934,0.10713458061218262,0,0,0.0
[*]Nc1cc(OC)c([*])cc1OC,[*]Nc1cc(ON)c([*])cc1OC,0.018540620803833008,0.03002166748046875,0,0,0.0
[*]c1ccc(-c2nnc([*])o2)c(OCC)c1,[*]c1ncc(-c2nnc([*])o2)c(OCC)c1,0.11574316024780273,0.03181028366088867,0,0,0.0
[*]NC(=O)c1ccc(C(=O)Nc2ccc3c(c2)[nH]c(=O)c2cc([*])ccc23)cc1,[*]NC(/O)c1ccc(C(=O)Nc2ccc3c(c2)[nH]c(=O)c2cc([*])ccc23)cc1,0.3023495674133301,0.17212390899658203,0,0,0.0
[*]NC(=O)c1ccc(C(=O)Nc2ccc3c(c2)[nH]c(=O)c2cc([*])ccc23)cc1,[*]NC(=O)c1ccc(C(=O)Nc2ccc3c(c2)[nH]c(=N)c2cc([*])ccc23)cc1,0.018869876861572266,0.0026216506958007812,0,0,0.0
[*]CC(CC)(CC)CS[*],[*]OC(CC)(CC)CS[*],0.05030012130737305,0.3535780906677246,0,0,0.0
[*]CC(CC)(CC)CS[*],[*]CC(CC)(CC)CC[*],1.1625094413757324,1.9758720397949219,0,0,0.0
[*]CC(CC)(CC)CS[*],[*]CI(CC)(CC)CS[*],0.6126856803894043,0.019682884216308594,0,0,0.0
[*]CC(CC)(CC)CS[*],[*]IC(CC)(CC)CS[*],0.6636605262756348,0.2174539566040039,0,0,0.0
[*]c1cc(CCCCCCCCCCCC(=O)Oc2ccc([N+](=O)[O-])cc2)c([*])s1,[*]c1cc(CCCCCCCCCCCC(=O)Oc2ccc([N+](=O)[O-])cn2)c([*])s1,0.03172564506530762,0.021945714950561523,0,0,0.0
[*]c1cc(CCCCCCCCCCCC(=O)Oc2ccc([N+](=O)[O-])cc2)c([*])s1,[*]s1cc(CCCCCCCCCCCC(=O)Oc2ccc([N+](=O)[O-])cc2)c([*])s1,0.5788342952728271,0.02426600456237793,0,0,0.0
[*]c1cc(CCCCCCCCCCCC(=O)Oc2ccc([N+](=O)[O-])cc2)c([*])s1,[*]c1cc(CCCCCPCCCCCC(=O)Oc2ccc([N+](=O)[O-])cc2)c([*])s1,0.22124671936035156,0.25739026069641113,0,0,0.0
[*]c1ccc(C)c(N2CC(=O)N([*])CC2=O)c1,[*]c1ccc(C)c(N2CC(=O)N([*])CC2=O)n1,0.14333057403564453,0.0701284408569336,0,0,0.0
[*]c1ccc(C)c(N2CC(=O)N([*])CC2=O)c1,[*]c1ccc(C)c(N2PC(=O)N([*])CC2=O)c1,0.16898894309997559,0.15920162200927734,0,0,0.0
[*]Oc1ccc(CC(NC(=O)CCc2ccc(OC(=O)CCC([*])=O)cc2)C(=O)OC(C)CC)cc1,[*]Oc1ccc(CC(NC(=O)CCc2ccc(OC(=O)CCC([*])=O)cc2)C(=O)IC(C)CC)cc1,0.20545101165771484,0.07519721984863281,0,0,0.0
[*]Oc1ccc(CC(NC(=O)CCc2ccc(OC(=O)CCC([*])=O)cc2)C(=O)OC(C)CC)cc1,[*]Oc1ccc(CC(NC(=O)CCc2ccc(CC(=O)CCC([*])=O)cc2)C(=O)OC(C)CC)cc1,0.10960674285888672,0.12692928314208984,0,0,0.0
[*]Oc1ccc(CC(NC(=O)CCc2ccc(OC(=O)CCC([*])=O)cc2)C(=O)OC(C)CC)cc1,[*]Oc1ccc(CC(NC(=O)PCc2ccc(OC(=O)CCC([*])=O)cc2)C(=O)OC(C)CC)cc1,0.2069530487060547,0.1473088264465332,0,0,0.0
[*]C(=O)Nc1ccc(NC(=O)c2ccc3c(c2)C(=O)N(c2ccc(Oc4ccc(N5C(=O)c6ccc([*])cc6C5=O)cc4)cc2)C3=O)cc1,[*]C(=O)Nc1ccc(NC(=O)c2ccc3c(c2)C(=O)N(c2ccc(Oc4ccc(N5C(=O)c6ccc([*])nc6C5=O)cc4)cc2)C3=O)cc1,0.004942178726196289,0.07021713256835938,0,0,0.0
[*]C(=O)Nc1ccc(NC(=O)c2ccc3c(c2)C(=O)N(c2ccc(Oc4ccc(N5C(=O)c6ccc([*])cc6C5=O)cc4)cc2)C3=O)cc1,[*]C(=O)Nc1ccc(NC(=O)c2ccc3c(n2)C(=O)N(c2ccc(Oc4ccc(N5C(=O)c6ccc([*])cc6C5=O)cc4)cc2)C3=O)cc1,0.00918722152709961,0.03981781005859375,0,0,0.0
[*]C(=O)Nc1ccc(NC(=O)c2ccc3c(c2)C(=O)N(c2ccc(Oc4ccc(N5C(=O)c6ccc([*])cc6C5=O)cc4)cc2)C3=O)cc1,[*]C(=O)Nc1ccc(CC(=O)c2ccc3c(c2)C(=O)N(c2ccc(Oc4ccc(N5C(=O)c6ccc([*])cc6C5=O)cc4)cc2)C3=O)cc1,0.08166074752807617,0.013355731964111328,0,0,0.0
[*]C(=O)Nc1ccc(NC(=O)c2ccc3c(c2)C(=O)N(c2ccc(Oc4ccc(N5C(=O)c6ccc([*])cc6C5=O)cc4)cc2)C3=O)cc1,[*]C(=O)Nc1ccc(NC(=O)c2ccc3c(c2)C(=O)N(c2ccc(Oc4ccc(N5C(=O)c6ccc([*])cc6C5=O)nc4)cc2)C3=O)cc1,0.009654521942138672,0.019115924835205078,0,0,0.0
[*]CC(S1)=CC=C1OC(=S)[*],[*]CC(S1)=CS=C1OC(=S)[*],0.0760335922241211,0.37889528274536133,0,0,0.0
[*]CC(S1)=CC=C1OC(=S)[*],[*]CC(P1)=CC=C1OC(=S)[*],0.03132176399230957,0.1470355987548828,0,0,0.0
[*]CC([*])C(=O)N1CCOCC1,[*]CC([*])C(-O)N1CCOCC1,0.029119491577148438,0.2957167625427246,0,0,0.0
[*]CC([*])C(=O)N1CCOCC1,[*]CC([*])C(=O)N1NCOCC1,0.19298505783081055,0.0616307258605957,0,0,0.0
O([*])C(=O)Oc1c(OC)cc(cc1)C(C)c1ccc(cc1)([*]),O([*])C(=O)Oc1c(NC)cc(cc1)C(C)c1ccc(cc1)([*]),0.002860546112060547,0.06711721420288086,0,0,0.0
O([*])C(=O)Oc1c(OC)cc(cc1)C(C)c1ccc(cc1)([*]),O([*])I(=O)Oc1c(OC)cc(cc1)C(C)c1ccc(cc1)([*]),0.015360832214355469,0.1312565803527832,0,0,0.0
O([*])C(=O)Oc1c(OC)cc(cc1)C(C)c1ccc(cc1)([*]),O([*])C(=O)Oc1c(OC)cc(cc1)C(C)c1ncc(cc1)([*]),0.045847415924072266,0.17160415649414062,0,0,0.0
[*]Oc1ccc(NC(=O)c2cc(C(=O)Nc3ccc(Oc4ccc(C5(c6ccc([*])cc6)CC6CCC5C6)cc4)cc3)cc(C(C)(C)C)c2)cc1,[*]Oc1ccc(NC(=O)c2cc(C(=O)Ns3ccc(Oc4ccc(C5(c6ccc([*])cc6)CC6CCC5C6)cc4)cc3)cc(C(C)(C)C)c2)cc1,0.3390231132507324,0.3029298782348633,0,0,0.0
[*]Oc1ccc(NC(=O)c2cc(C(=O)Nc3ccc(Oc4ccc(C5(c6ccc([*])cc6)CC6CCC5C6)cc4)cc3)cc(C(C)(C)C)c2)cc1,[*]Oc1ccc(NC(=O)s2cc(C(=O)Nc3ccc(Oc4ccc(C5(c6ccc([*])cc6)CC6CCC5C6)cc4)cc3)cc(C(C)(C)C)c2)cc1,0.3752126693725586,0.4840056896209717,0,0,0.0
[*]OC(=O)C(Cc1ccccc1)NC(=O)CCCCC(=O)NC(Cc1ccccc1)C(=O)OC1COC2C([*])COC12,[*]OC(=O)C(Cc1ccccc1)NS(=O)CCCCC(=O)NC(Cc1ccccc1)C(=O)OC1COC2C([*])COC12,0.045137882232666016,0.04280281066894531,0,0,0.0
[*]OC(=O)C(Cc1ccccc1)NC(=O)CCCCC(=O)NC(Cc1ccccc1)C(=O)OC1COC2C([*])COC12,[*]OC(=O)C(Cc1ccccc1)NC(=O)CCCCC(=S)NC(Cc1ccccc1)C(=O)OC1COC2C([*])COC12,0.31766176223754883,0.22095799446105957,0,0,0.0
[*]OC(=O)C(Cc1ccccc1)NC(=O)CCCCC(=O)NC(Cc1ccccc1)C(=O)OC1COC2C([*])COC12,[*]OC(=O)C(Cc1ccccc1)NC(=O)CCCCC(=O)NC(Cc1ccccc1)S(=O)OC1COC2C([*])COC12,0.019958972930908203,0.03834056854248047,0,0,0.0
[*]OC(=O)C(Cc1ccccc1)NC(=O)CCCCC(=O)NC(Cc1ccccc1)C(=O)OC1COC2C([*])COC12,[*]OC(=O)C(Cs1ccccc1)NC(=O)CCCCC(=O)NC(Cc1ccccc1)C(=O)OC1COC2C([*])COC12,0.9288616180419922,1.9801347255706787,0,0,0.0
[*]CCOCCOCCOC(=O)C=CC(=O)NCCCCCCNC(=O)C=CC(=O)O[*],[*]CCOCCOCCOC(=O)C=CC(=O)NCCCCCCNC(=N)C=CC(=O)O[*],0.04463958740234375,0.04105234146118164,0,0,0.0
[*]CCOCCOCCOC(=O)C=CC(=O)NCCCCCCNC(=O)C=CC(=O)O[*],[*]CCOCCOCCOC(=O)C=CC(=P)NCCCCCCNC(=O)C=CC(=O)O[*],0.24989891052246094,0.038361549377441406,0,0,0.0
[*]CCCCc1nc2cc3sc([*])nc3cc2s1,[*]CCCCc1nc2cc3sc([*])nc3cc2o1,0.13716340065002441,0.49285387992858887,0,0,0.0
[*]CCCCc1nc2cc3sc([*])nc3cc2s1,[*]CCCCc1cc2cc3sc([*])nc3cc2s1,0.07694554328918457,0.23281645774841309,0,0,0.0
[*]CC([*])C(=O)NCO,[*]NC([*])C(=O)NCO,0.3980140686035156,0.13603448867797852,0,0,0.0
[*]CC([*])C(=O)NCO,[*]CC([*])C(=C)NCO,0.6178402900695801,0.5188007354736328,0,0,0.0
[*]CC([*])C(=O)NCO,[*]CC([*])C(=O)NCBr,0.28771114349365234,0.7505526542663574,0,0,0.0
[*]CC([*])n1c2ccc(I)cc2c2cc(I)ccc21,[*]CC([*])n1c2ccc(I)cc2c2cc(I)cnc21,0.022769451141357422,0.011839866638183594,0,0,0.0
[*]CC([*])n1c2ccc(I)cc2c2cc(I)ccc21,[*]CC([*])n1s2ccc(I)cc2c2cc(I)ccc21,0.20331335067749023,0.783501148223877,0,0,0.0
[*]CC([*])n1c2ccc(I)cc2c2cc(I)ccc21,[*]CC([*])n1c2cnc(I)cc2c2cc(I)ccc21,0.01379251480102539,0.08181190490722656,0,0,0.0
[*]CC([*])n1c2ccc(I)cc2c2cc(I)ccc21,[*]CC([*])n1c2ccc(I)nc2c2cc(I)ccc21,0.005026340484619141,0.023842334747314453,0,0,0.0
[*]Oc1ccc(C(C)(C)c2ccc(Oc3nc([*])nc(Cl)n3)cc2)cc1,[*]Oc1ncc(C(C)(C)c2ccc(Oc3nc([*])nc(Cl)n3)cc2)cc1,0.07726192474365234,0.026439189910888672,0,0,0.0
[*]Oc1ccc(C(C)(C)c2ccc(Oc3nc([*])nc(Cl)n3)cc2)cc1,[*]Oc1ccc(I(C)(C)c2ccc(Oc3nc([*])nc(Cl)n3)cc2)cc1,0.4188385009765625,0.0021500587463378906,0,0,0.0
[*]C=CC1CC([*])C2CC=CC12,[*]C=PC1CC([*])C2CC=CC12,0.47481870651245117,0.10737800598144531,0,0,0.0
[*]C=CC1CC([*])C2CC=CC12,[*]C=CC1CC([*])C2CN=CC12,0.1134328842163086,0.13602638244628906,0,0,0.0
[*]C=CC1CC([*])C2CC=CC12,[*]C=CC1PC([*])C2CC=CC12,0.41211748123168945,0.12802934646606445,0,0,0.0
[*]c1nc2ccc(-c3ccc4nc(-c5cccc6cc7c([*])cccc7cc56)sc4c3)cc2s1,[*]c1nc2ccc(-c3ccc4nc(-c5cccc6cc7c([*])nccc7cc56)sc4c3)cc2s1,0.03017902374267578,0.019929170608520508,0,0,0.0
[*]C(S1)=CC=C1C(=S)C(S2)=CC=C2O[*],[*]C(S1)=CC=C1C(=S)C(S2)=CC=P2O[*],0.6688594818115234,0.06915044784545898,0,0,0.0
[*]C(S1)=CC=C1C(=S)C(S2)=CC=C2O[*],[*]S(S1)=CC=C1C(=S)C(S2)=CC=C2O[*],0.15301275253295898,0.136474609375,0,0,0.0
[*]C(S1)=CC=C1C(=S)C(S2)=CC=C2O[*],[*]C(S1)=CC=C1C(=S)C(S2)=NC=C2O[*],0.17119169235229492,0.17254185676574707,0,0,0.0
[*]Oc1ccc(CC(NC(=O)CCc2ccc(OC(=O)CCCCCCC([*])=O)cc2)C(=O)OC(C)C)cc1,[*]Oc1ccc(CC(NC(=O)CCc2ccc(OC(=O)CCNCCCC([*])=O)cc2)C(=O)OC(C)C)cc1,0.06185102462768555,0.03698301315307617,0,0,0.0
[*]Oc1ccc(CC(NC(=O)CCc2ccc(OC(=O)CCCCCCC([*])=O)cc2)C(=O)OC(C)C)cc1,[*]Oc1ccc(CC(NC(=O)CCc2ccc(OC(=P)CCCCCCC([*])=O)cc2)C(=O)OC(C)C)cc1,0.23241329193115234,0.012193679809570312,0,0,0.0
[*]C=CC1CC([*])C(C(=O)OC)C1,[*]C/CC1CC([*])C(C(=O)OC)C1,0.833958625793457,0.7865262031555176,0,0,0.0
[*]C=CC1CC([*])C(C(=O)OC)C1,[*]C=PC1CC([*])C(C(=O)OC)C1,0.6836123466491699,0.2697615623474121,0,0,0.0
[*]C=CC1CC([*])C(C(=O)OC)C1,[*]C=CC1CC([*])P(C(=O)OC)C1,0.36864376068115234,0.1180715560913086,0,0,0.0
[*]NC(c1ccccc1)C(C)(C)C([*])=O,[*]NC(c1ccccc1)C(C)(C)C([*])=N,0.14136362075805664,0.3301877975463867,0,0,0.0
[*]NC(c1ccccc1)C(C)(C)C([*])=O,[*]NC(c1ccccc1)C(Br)(C)C([*])=O,0.8283390998840332,0.14212322235107422,0,0,0.0
[*]NC(c1ccccc1)C(C)(C)C([*])=O,[*]NC(c1ccccc1)C(C)(C)S([*])=O,0.2373509407043457,0.7934451103210449,0,0,0.0
[*]NC(c1ccccc1)C(C)(C)C([*])=O,[*]NC(c1ncccc1)C(C)(C)C([*])=O,0.008547306060791016,0.23745393753051758,0,0,0.0
[*]CCCCCCOC(=O)C(=O)O[*],[*]CSCCCCOC(=O)C(=O)O[*],1.0155529975891113,0.2604184150695801,0,0,0.0
[*]CCCCCCOC(=O)C(=O)O[*],[*]CCCCCCOS(=O)C(=O)O[*],0.29965925216674805,0.1333475112915039,0,0,0.0
[*]CCCCCCOC(=O)C(=O)O[*],[*]CCCCCCOC(=O)C(\O)O[*],0.18441343307495117,0.020496368408203125,0,0,0.0
[*]CCCCCCOC(=O)C(=O)O[*],[*]CCCICCOC(=O)C(=O)O[*],0.5133123397827148,0.1988048553466797,0,0,0.0
[*]CCCNC(=O)CCCCC(=O)NCCCO[*],[*]CCPNC(=O)CCCCC(=O)NCCCO[*],0.648322582244873,0.04110145568847656,0,0,0.0
[*]CC([*])c1ccc(C)c(C)c1,[*]CC([*])c1ccs(C)c(C)c1,1.077775478363037,0.6764819622039795,0,0,0.0
[*]c1ccc2c(c1)c1cc([*])ccc1n2-c1ccccc1,[*]c1ccc2c(c1)c1cc([*])ccs1n2-c1ccccc1,0.788726806640625,0.2020435333251953,0,0,0.0
[*]c1ccc2c(c1)c1cc([*])ccc1n2-c1ccccc1,[*]c1ccc2c(c1)c1cc([*])cnc1n2-c1ccccc1,0.0032303333282470703,0.0049953460693359375,0,0,0.0
[*]CCCCCCNC(=O)NCCCCNC(=O)N[*],[*]CCCCCCNC(=O)NCCCCNP(=O)N[*],0.044699668884277344,0.03268289566040039,0,0,0.0
[*]CCCCCCNC(=O)NCCCCNC(=O)N[*],[*]CCCCCCNC(=O)NCSCCNC(=O)N[*],0.6715531349182129,0.350191593170166,0,0,0.0
[*]CCCCCCNC(=O)NCCCCNC(=O)N[*],[*]CCCCCCNC(=O)NCPCCNC(=O)N[*],0.6828975677490234,0.007782936096191406,0,0,0.0
[*]CC([*])(Cl)C(=O)OC,[*]CC([*])(Cl)C(/O)OC,0.04710102081298828,0.15072202682495117,0,0,0.0
[*]CC([*])(Cl)C(=O)OC,[*]OC([*])(Cl)C(=O)OC,0.10053014755249023,0.4686465263366699,0,0,0.0
[*]CC([*])(Cl)C(=O)OC,[*]CC([*])(Cl)C(=O)OBr,1.3835148811340332,0.10598087310791016,0,0,0.0
[*]CC([*])(Cl)C(=O)OC,[*]CC([*])(Cl)C(=O)NC,0.35633373260498047,0.49275732040405273,0,0,0.0
[*]OC(=O)c1ccc(CCCCCc2ccc(C([*])=O)cc2)cc1,[*]OC(=O)c1ccc(OCCCCc2ccc(C([*])=O)cc2)cc1,0.22341108322143555,0.043071746826171875,0,0,0.0
[*]OC(=O)c1ccc(CCCCCc2ccc(C([*])=O)cc2)cc1,[*]OC(=O)c1ccc(CCCCCc2cnc(C([*])=O)cc2)cc1,0.08108758926391602,0.032480716705322266,0,0,0.0
[*]c1ccc(Oc2ccc(-c3nc4cc(-c5ccc6nc([*])c(-c7ccccc7)nc6c5)ccc4nc3-c3ccccc3)cc2)cc1,[*]c1ccc(Oc2ccc(-c3nc4cc(-c5ccc6nc([*])c(-c7ccccc7)nc6c5)ncc4nc3-c3ccccc3)cc2)cc1,0.006682872772216797,0.03716540336608887,0,0,0.0
[*]c1ccc(Oc2ccc(-c3nc4cc(-c5ccc6nc([*])c(-c7ccccc7)nc6c5)ccc4nc3-c3ccccc3)cc2)cc1,[*]c1ccc(Oc2ccc(-c3nc4cc(-c5ccc6cc([*])c(-c7ccccc7)nc6c5)ccc4nc3-c3ccccc3)cc2)cc1,0.003413677215576172,0.04555988311767578,0,0,0.0
[*]C#CC(CO)=C([*])n1c2ccccc2c2ccccc21,[*]C=CC(CO)=C([*])n1c2ccccc2c2ccccc21,0.2859792709350586,0.6164538860321045,0,0,0.0
[*]C#CC(CO)=C([*])n1c2ccccc2c2ccccc21,[*]C\CC(CO)=C([*])n1c2ccccc2c2ccccc21,0.6697683334350586,1.148944616317749,0,0,0.0
[*]CC([*])OC,[*]CC([*])OO,0.6608333587646484,0.661320686340332,0,0,0.0
[*]CC([*])OC,[*]CI([*])OC,0.32448482513427734,0.5617227554321289,0,0,0.0
[*]CC([*])OC,[*]NC([*])OC,0.4629521369934082,0.48616600036621094,0,0,0.0
[*]CC([*])OC,[*]IC([*])OC,0.23521137237548828,0.10003995895385742,0,0,0.0
[*]CCCCCCCCCCOc1ccc(OC(=O)c2ccc(C(=O)Oc3ccc(O[*])cc3)cc2)cc1,[*]CCCCCCCCPCOc1ccc(OC(=O)c2ccc(C(=O)Oc3ccc(O[*])cc3)cc2)cc1,0.08356356620788574,0.29100751876831055,0,0,0.0
[*]CCCCCCCCCCOc1ccc(OC(=O)c2ccc(C(=O)Oc3ccc(O[*])cc3)cc2)cc1,[*]CCCCCCCCCCOc1ccc(OC(=O)c2ccc(C(\O)Oc3ccc(O[*])cc3)cc2)cc1,0.20877790451049805,0.1460866928100586,0,0,0.0
[*]CCCCCCCCCCOc1ccc(OC(=O)c2ccc(C(=O)Oc3ccc(O[*])cc3)cc2)cc1,[*]CCCCCCCCCCOc1ccc(OC(=O)c2ccc(C(=O)Oc3ccc(O[*])nc3)cc2)cc1,0.07438421249389648,0.33051490783691406,0,0,0.0
[*]CCCCCCCCCCOc1ccc(OC(=O)c2ccc(C(=O)Oc3ccc(O[*])cc3)cc2)cc1,[*]CPCCCCCCCCOc1ccc(OC(=O)c2ccc(C(=O)Oc3ccc(O[*])cc3)cc2)cc1,0.2026534080505371,0.19661617279052734,0,0,0.0
[*]CC(C)(C)CS([*])(=O)=O,[*]CC(C)(C)CS([*])(=O)=S,1.848855972290039,1.6764447689056396,0,0,0.0
[*]CC(C)(C)CS([*])(=O)=O,[*]CC(C)(Br)CS([*])(=O)=O,1.2092432975769043,0.4013862609863281,0,0,0.0
[*]CC(C)(C)CS([*])(=O)=O,[*]CC(C)(C)CS([*])(=O)\O,0.0009207725524902344,0.058847904205322266,0,0,0.0
[*]CC(C)(C)CS([*])(=O)=O,[*]CS(C)(C)CS([*])(=O)=O,0.9943971633911133,1.0034751892089844,0,0,0.0
[*]Oc1ccc(C(C)(C)c2ccc(OC(=O)OCCN(CCOC([*])=O)c3ccc(OC)cc3)cc2)cc1,[*]Oc1ccc(C(C)(C)c2ccc(OC(=O)OCCN(CCOC([*])=O)c3ccc(OC)nc3)cc2)cc1,0.06385040283203125,0.04702043533325195,0,0,0.0
[*]CCOCCOC(=O)C(C)C(=O)O[*],[*]CCOCCNC(=O)C(C)C(=O)O[*],0.30239200592041016,0.3901238441467285,0,0,0.0
[*]CCOCCOC(=O)C(C)C(=O)O[*],[*]ICOCCOC(=O)C(C)C(=O)O[*],0.7779245376586914,0.012615680694580078,0,0,0.0
[*]CCOCCOC(=O)C(C)C(=O)O[*],[*]CCOCCOC(=C)C(C)C(=O)O[*],0.3306136131286621,0.04338836669921875,0,0,0.0
[*]CCOCCOC(=O)C(C)C(=O)O[*],[*]CPOCCOC(=O)C(C)C(=O)O[*],0.11737060546875,0.19486761093139648,0,0,0.0
[*]C(=O)OCCOC(=O)c1ccc([*])o1,[*]C(=O)OCCOC(=O)s1ccc([*])o1,0.5467185974121094,1.4997060298919678,0,0,0.0
[*]C(=O)OCCOC(=O)c1ccc([*])o1,[*]C(=O)OCCOI(=O)c1ccc([*])o1,0.4530673027038574,0.02328777313232422,0,0,0.0
[*]CCCCCCC(=O)N[*],[*]CCCOCCC(=O)N[*],0.3847217559814453,0.09096145629882812,0,0,0.0
[*]CCCCCCC(=O)N[*],[*]CCCCCNC(=O)N[*],0.27558422088623047,0.20846319198608398,0,0,0.0
[*]CCCCCCC(=O)N[*],[*]CCCSCCC(=O)N[*],1.2608528137207031,1.258246898651123,0,0,0.0
[*]CCCCCCC(=O)N[*],[*]CCCCCCC(/O)N[*],0.04071807861328125,0.7379951477050781,0,0,0.0
[*]Oc1ccc(C2(c3ccc(OC(=O)CCCCCCCCC([*])=O)cc3)c3ccccc3Cc3ccccc32)cc1,[*]Oc1ccc(C2(c3ccc(OC(=O)CCCCCCCCC([*])=O)cc3)c3cnccc3Cc3ccccc32)cc1,0.06334114074707031,0.07468557357788086,0,0,0.0
[*]CCCOc1ccc(C(=O)OC(=O)c2ccccc2C(=O)OC(=O)c2ccc(O[*])cc2)cc1,[*]CICOc1ccc(C(=O)OC(=O)c2ccccc2C(=O)OC(=O)c2ccc(O[*])cc2)cc1,0.20241236686706543,0.00545191764831543,0,0,0.0
[*]CCCOc1ccc(C(=O)OC(=O)c2ccccc2C(=O)OC(=O)c2ccc(O[*])cc2)cc1,[*]CCCOc1ccc(C(=O)OC(=O)c2ccccc2C(=O)OC(=C)c2ccc(O[*])cc2)cc1,0.02792835235595703,0.08443665504455566,0,0,0.0
[*]CCCOc1ccc(C(=O)OC(=O)c2ccccc2C(=O)OC(=O)c2ccc(O[*])cc2)cc1,[*]CNCOc1ccc(C(=O)OC(=O)c2ccccc2C(=O)OC(=O)c2ccc(O[*])cc2)cc1,0.034761905670166016,0.13130664825439453,0,0,0.0
[*]CCCCCc1ccc(CCCCCOC(=O)c2ccc(C(=O)O[*])cc2)cc1,[*]CCCCCc1ncc(CCCCCOC(=O)c2ccc(C(=O)O[*])cc2)cc1,0.020553112030029297,0.010466575622558594,0,0,0.0
[*]CCCCCc1ccc(CCCCCOC(=O)c2ccc(C(=O)O[*])cc2)cc1,[*]CCCCCc1ccc(PCCCCOC(=O)c2ccc(C(=O)O[*])cc2)cc1,0.2841920852661133,0.14705753326416016,0,0,0.0
[*]CCCCCc1ccc(CCCCCOC(=O)c2ccc(C(=O)O[*])cc2)cc1,[*]CCCCCc1ccc(CCCCCOC(=S)c2ccc(C(=O)O[*])cc2)cc1,0.551727294921875,0.0028600692749023438,0,0,0.0
[*]CCCCCc1ccc(CCCCCOC(=O)c2ccc(C(=O)O[*])cc2)cc1,[*]CCCCCc1ccc(CCCCCOC(=O)c2ccc(C(=O)O[*])cn2)cc1,0.07937812805175781,0.28171443939208984,0,0,0.0
[*]NC(CCC(=O)OCc1ccc(Cl)cc1)C([*])=O,[*]NC(CCC(\O)OCc1ccc(Cl)cc1)C([*])=O,0.04847002029418945,0.3498654365539551,0,0,0.0
[*]Nc1cc(NC(=O)Nc2ccc(NC([*])=O)cc2)cc(C(=O)Nc2cccc3c2C(=O)c2ccccc2C3=O)c1,[*]Nc1cc(NC(=O)Nc2ccc(NC([*])=O)cc2)cc(C(=O)Nc2cccc3c2C(=S)c2ccccc2C3=O)c1,0.16829442977905273,0.13168931007385254,0,0,0.0
[*]Nc1cc(NC(=O)Nc2ccc(NC([*])=O)cc2)cc(C(=O)Nc2cccc3c2C(=O)c2ccccc2C3=O)c1,[*]Nc1cc(NC(=O)Nc2ccc(NC([*])=O)cc2)cc(C(=I)Nc2cccc3c2C(=O)c2ccccc2C3=O)c1,0.12476634979248047,0.016594409942626953,0,0,0.0
[*]NC(=O)C(=S)C(=O)[*],[*]NC(=O)C(=O)C(=O)[*],1.5102496147155762,1.1607789993286133,0,0,0.0
[*]NC(=O)C(=S)C(=O)[*],[*]NC(=O)C(=S)C(=C)[*],0.1975853443145752,0.4366168975830078,0,0,0.0
[*]NC(=O)C(=S)C(=O)[*],[*]NC(=O)C(=S)C(=N)[*],0.058622121810913086,0.48715877532958984,0,0,0.0
[*]c1cc(-c2ccccc2)c([*])s1,[*]c1cc(-c2ccccc2)c([*])o1,1.0246186256408691,0.403472900390625,0,0,0.0
[*]c1ccc(CCc2ccc(N3C(=O)C(=O)N([*])C3=O)cc2)cc1,[*]c1ccc(CCc2ccc(N3C(=O)C(\O)N([*])C3=O)cc2)cc1,0.2676053047180176,0.2480463981628418,0,0,0.0
[*]c1ccc(CCc2ccc(N3C(=O)C(=O)N([*])C3=O)cc2)cc1,[*]c1ccc(CCs2ccc(N3C(=O)C(=O)N([*])C3=O)cc2)cc1,0.7202866077423096,0.3701143264770508,0,0,0.0
[*]CCCCNC(=O)O[*],[*]PCCCNC(=O)O[*],1.413419246673584,0.10603809356689453,0,0,0.0
[*]CCCCNC(=O)O[*],[*]CCCCNI(=O)O[*],0.7280726432800293,0.010219573974609375,0,0,0.0
[*]CCCCCCCCCCC(=O)N[*],[*]CCCCCCCCCCC(\O)N[*],0.02176380157470703,0.3356809616088867,0,0,0.0
[*]CCCCCCCCCCC(=O)N[*],[*]CCCCCCCCCCC(=O)P[*],0.8598842620849609,0.4668393135070801,0,0,0.0
[*]CCOCCOC(=O)CCCCC(=O)O[*],[*]CCOCCOC(=O)CCCCC(=S)O[*],1.22487211227417,0.4433164596557617,0,0,0.0
[*]CCOCCOC(=O)CCCCC(=O)O[*],[*]CCOCCOC(=O)CCCCS(=O)O[*],0.14242124557495117,0.1433734893798828,0,0,0.0
[*]CCOCCOC(=O)CCCCC(=O)O[*],[*]CCONCOC(=O)CCCCC(=O)O[*],0.03956460952758789,0.22790098190307617,0,0,0.0
[*]CCOCCOC(=O)CCCCC(=O)O[*],[*]CCOCCOC(=O)NCCCC(=O)O[*],0.1664571762084961,0.16559600830078125,0,0,0.0
[*]COC(S1)=CC=C1O[*],[*]COC(S1)=CP=C1O[*],0.15121746063232422,0.011703014373779297,0,0,0.0
[*]COC(S1)=CC=C1O[*],[*]COC(S1)=CC=P1O[*],0.6826686859130859,0.11285400390625,0,0,0.0
[*]COC(S1)=CC=C1O[*],[*]COC(S1)=CC=C1N[*],0.24596118927001953,0.6451382637023926,0,0,0.0
[*]COC(S1)=CC=C1O[*],[*]COC(S1)=CC=I1O[*],0.42585229873657227,0.08465719223022461,0,0,0.0
[*]COC(S1)=CC=C1O[*],[*]COS(S1)=CC=C1O[*],0.6211986541748047,0.18894147872924805,0,0,0.0
[*]c1ccc2c(c1)c1ccccc1n2[*],[*]c1ccc2c(c1)c1ccncc1n2[*],0.09369945526123047,0.19428157806396484,0,0,0.0
[*]c1ccc2c(c1)c1ccccc1n2[*],[*]c1ccs2c(c1)c1ccccc1n2[*],0.8806092739105225,0.9309797286987305,0,0,0.0
[*]c1cc(C(F)(F)C(F)(F)C(F)(F)F)c([*])s1,[*]c1cc(C(F)(F)C(F)(F)C(I)(F)F)c([*])s1,0.2758810520172119,0.12033200263977051,0,0,0.0
[*]c1cc(C(F)(F)C(F)(F)C(F)(F)F)c([*])s1,[*]s1cc(C(F)(F)C(F)(F)C(F)(F)F)c([*])s1,0.5024762153625488,0.010367870330810547,0,0,0.0
[*]CC(=O)OC(=O)c1cccc(O[*])c1,[*]CC(=O)OC(=N)c1cccc(O[*])c1,0.03815412521362305,0.04501152038574219,0,0,0.0
[*]CC(=O)OC(=O)c1cccc(O[*])c1,[*]CC(\O)OC(=O)c1cccc(O[*])c1,0.04435110092163086,0.14632415771484375,0,0,0.0
[*]CCCCCCNC(=O)NCCNC(=O)N[*],[*]CCCCCCNC(-O)NCCNC(=O)N[*],0.11220359802246094,0.1199345588684082,0,0,0.0
[*]CCCCCCNC(=O)NCCNC(=O)N[*],[*]CCCCCCNC(=O)NCCNC(=P)N[*],0.7406044006347656,0.21592378616333008,0,0,0.0
[*]CCCCCCNC(=O)NCCNC(=O)N[*],[*]CCCCCSNC(=O)NCCNC(=O)N[*],0.8134050369262695,0.3092770576477051,0,0,0.0
[*]Nc1c(Cl)cc([*])cc1Cl,[*]Nc1c(Cl)cc([*])cc1S,0.17639827728271484,0.22568130493164062,0,0,0.0
[*]Nc1c(Cl)cc([*])cc1Cl,[*]Nc1c(I)cc([*])cc1Cl,0.07185983657836914,0.1980140209197998,0,0,0.0
[*]Nc1c(Cl)cc([*])cc1Cl,[*]Sc1c(Cl)cc([*])cc1Cl,0.04965353012084961,0.4413948059082031,0,0,0.0
[*]Nc1c(Cl)cc([*])cc1Cl,[*]Oc1c(Cl)cc([*])cc1Cl,0.2139444351196289,0.794489860534668,0,0,0.0
[*]CCCCCCCCCNC(=O)CC(=O)N[*],[*]CCCCCCCCCNC(=O)PC(=O)N[*],0.49056482315063477,0.08019351959228516,0,0,0.0
[*]CCCCCCCCCNC(=O)CC(=O)N[*],[*]CCCCCCICCNC(=O)CC(=O)N[*],0.6404156684875488,0.005280494689941406,0,0,0.0
[*]CCCCCCCCCNC(=O)CC(=O)N[*],[*]CCCCCCCCINC(=O)CC(=O)N[*],0.6150350570678711,0.11599445343017578,0,0,0.0
[*]CCCCCCCCCNC(=O)CC(=O)N[*],[*]CCCCCCCCCOC(=O)CC(=O)N[*],0.2099318504333496,0.17214536666870117,0,0,0.0
[*]CC(S1)=CC=C1C(=S)O[*],[*]CC(S1)=NC=C1C(=S)O[*],0.05422544479370117,0.005970478057861328,0,0,0.0
[*]CC(S1)=CC=C1C(=S)O[*],[*]CC(S1)=CI=C1C(=S)O[*],0.9904036521911621,0.04729032516479492,0,0,0.0
[*]CCCOC(=O)C(=O)O[*],[*]CCCOC(=N)C(=O)O[*],0.14090442657470703,0.2574276924133301,0,0,0.0
[*]CCCOC(=O)C(=O)O[*],[*]CCCOC(-O)C(=O)O[*],0.4100346565246582,0.24828290939331055,0,0,0.0
[*]CCCOC(=O)C(=O)O[*],[*]CCCSC(=O)C(=O)O[*],1.1348423957824707,0.42402124404907227,0,0,0.0
[*]CCCC(C)(C)CNC(=O)CCCCCCCC(=O)N[*],[*]CCCC(C)(C)CNC(/O)CCCCCCCC(=O)N[*],0.004894256591796875,0.01737689971923828,0,0,0.0
[*]CCCC(C)(C)CNC(=O)CCCCCCCC(=O)N[*],[*]CCCC(C)(C)CNC(=O)CCCCCCCI(=O)N[*],0.7535037994384766,0.006243228912353516,0,0,0.0
[*]C1=CSC(=C2SC=C(c3ccc([*])cc3)S2)S1,[*]C1-CSC(=C2SC=C(c3ccc([*])cc3)S2)S1,0.6364483833312988,0.42287635803222656,0,0,0.0
[*]C1=CSC(=C2SC=C(c3ccc([*])cc3)S2)S1,[*]C1=CPC(=C2SC=C(c3ccc([*])cc3)S2)S1,0.036749839782714844,0.0036008358001708984,0,0,0.0
[*]C1=CSC(=C2SC=C(c3ccc([*])cc3)S2)S1,[*]C1=CSC(/C2SC=C(c3ccc([*])cc3)S2)S1,0.21144819259643555,0.29758787155151367,0,0,0.0
[*]C1=CSC(=C2SC=C(c3ccc([*])cc3)S2)S1,[*]C1=CSC(=C2NC=C(c3ccc([*])cc3)S2)S1,0.22658109664916992,0.03501129150390625,0,0,0.0
[*]N=c1c(=Nc2ccc([*])cc2)c2cccc3cccc1c32,[*]N=c1c(=Nc2ccs([*])cc2)c2cccc3cccc1c32,0.22182536125183105,0.10747861862182617,0,0,0.0
[*]Cc1cc(COC(=O)Nc2ccc(Cc3ccc(NC(=O)O[*])cc3)cc2)cc(C(C)(C)C)c1,[*]Cc1cc(COC(=O)Nc2ccc(Cc3ccc(NC(=S)O[*])cc3)cc2)cc(C(C)(C)C)c1,0.38954639434814453,0.050902366638183594,0,0,0.0
[*]Cc1cc(COC(=O)Nc2ccc(Cc3ccc(NC(=O)O[*])cc3)cc2)cc(C(C)(C)C)c1,[*]Cc1cc(COC(=O)Nc2ccc(Cc3ccc(NC(=O)O[*])cn3)cc2)cc(C(C)(C)C)c1,0.04112958908081055,0.007396697998046875,0,0,0.0
[*]Cc1cc(COC(=O)Nc2ccc(Cc3ccc(NC(=O)O[*])cc3)cc2)cc(C(C)(C)C)c1,[*]Cc1cc(COC(=O)Nc2ccc(Cc3ccc(OC(=O)O[*])cc3)cc2)cc(C(C)(C)C)c1,0.06823301315307617,0.20450901985168457,0,0,0.0
[*]Cc1cc(COC(=O)Nc2ccc(Cc3ccc(NC(=O)O[*])cc3)cc2)cc(C(C)(C)C)c1,[*]Cs1cc(COC(=O)Nc2ccc(Cc3ccc(NC(=O)O[*])cc3)cc2)cc(C(C)(C)C)c1,0.8974854946136475,0.3110928535461426,0,0,0.0
[*]C1=C2OCCOC2=C(c2ccc(-c3ccc([*])s3)s2)S1(=O)=O,[*]C1-C2OCCOC2=C(c2ccc(-c3ccc([*])s3)s2)S1(=O)=O,0.8576993942260742,0.04442167282104492,0,0,0.0
[*]C1=C2OCCOC2=C(c2ccc(-c3ccc([*])s3)s2)S1(=O)=O,[*]C1=C2OCCOC2=C(c2ccc(-c3ncc([*])s3)s2)S1(=O)=O,0.13009071350097656,0.03615212440490723,0,0,0.0
[*]NC(CCCNC(=O)c1ccc(F)cc1)C([*])=O,[*]NC(CCCNC(=O)c1ccc(C)cc1)C([*])=O,0.0549006462097168,0.3487262725830078,0,0,0.0
[*]NC(CCCNC(=O)c1ccc(F)cc1)C([*])=O,[*]NN(CCCNC(=O)c1ccc(F)cc1)C([*])=O,0.23760461807250977,0.07834124565124512,0,0,0.0
[*]C=C([*])c1ccc([N+](=O)[O-])cc1,[*]C=C([*])c1ccs([N+](=O)[O-])cc1,0.4162709712982178,1.5170817375183105,0,0,0.0
[*]C=C([*])c1ccc([N+](=O)[O-])cc1,[*]C=C([*])c1ccc([N+](=O)[N-])cc1,0.009161710739135742,0.23687529563903809,0,0,0.0
[*]C=C([*])c1ccc([N+](=O)[O-])cc1,[*]C=C([*])c1ccc([N+](/O)[O-])cc1,0.184434175491333,0.3353862762451172,0,0,0.0
[*]C=C([*])c1ccc([N+](=O)[O-])cc1,[*]C=C([*])c1ccc([N+](=O)[O-])nc1,0.07686233520507812,0.17299461364746094,0,0,0.0
[*]C=C([*])c1ccc([N+](=O)[O-])cc1,[*]C=C([*])c1ccc([Si](=O)[O-])cc1,0.5483429431915283,0.040038347244262695,0,0,0.0
[*]OC1(C)CC(C)(C)C(C)(N2CCCC([*])C2)C1C,[*]OC1(C)CI(C)(C)C(C)(N2CCCC([*])C2)C1C,0.16692304611206055,0.12296342849731445,0,0,0.0
[*]OC1(C)CC(C)(C)C(C)(N2CCCC([*])C2)C1C,[*]OC1(C)CC(C)(C)C(C)(C2CCCC([*])C2)C1C,0.3167991638183594,0.4260272979736328,0,0,0.0
[*]OC1(C)CC(C)(C)C(C)(N2CCCC([*])C2)C1C,[*]OC1(C)CC(C)(C)C(F)(N2CCCC([*])C2)C1C,0.13352346420288086,0.016010761260986328,0,0,0.0
C(O2)([*])=NN=C2C1=CC=C(C=C1)C2(C1=CC=CC=C1C(=O)O2)C1=CC=C(C=C1)O([*]),C(P2)([*])=NN=C2C1=CC=C(C=C1)C2(C1=CC=CC=C1C(=O)O2)C1=CC=C(C=C1)O([*]),0.3465840816497803,0.09414839744567871,0,0,0.0
C(O2)([*])=NN=C2C1=CC=C(C=C1)C2(C1=CC=CC=C1C(=O)O2)C1=CC=C(C=C1)O([*]),C(O2)([*])=NN=C2C1=CC=C(C=C1)C2(C1=CC=CC\C1C(=O)O2)C1=CC=C(C=C1)O([*]),0.23672246932983398,0.1889181137084961,0,0,0.0
C(O2)([*])=NN=C2C1=CC=C(C=C1)C2(C1=CC=CC=C1C(=O)O2)C1=CC=C(C=C1)O([*]),C(O2)([*])=NN=C2C1/CC=C(C=C1)C2(C1=CC=CC=C1C(=O)O2)C1=CC=C(C=C1)O([*]),0.052846431732177734,0.2303013801574707,0,0,0.0
[*]c1ccc(N(c2ccc(C#N)cc2)c2ccc(N3C(=O)c4ccc(-c5ccc6c(c5)C(=O)N([*])C6=O)cc4C3=O)cc2)cc1,[*]c1ccc(N(c2ccc(C#N)cc2)c2ccc(N3C(=O)c4ccc(-c5ccc6c(c5)C(=O)N([*])C6=O)cc4C3=O)nc2)cc1,0.013524055480957031,0.009760379791259766,0,0,0.0
[*]c1ccc(N(c2ccc(C#N)cc2)c2ccc(N3C(=O)c4ccc(-c5ccc6c(c5)C(=O)N([*])C6=O)cc4C3=O)cc2)cc1,[*]c1ccc(N(c2ccc(C#N)cc2)c2ccc(N3C(=O)c4ccc(-c5ccc6c(c5)C(=O)N([*])C6=N)cc4C3=O)cc2)cc1,0.010084152221679688,0.015195369720458984,0,0,0.0
[*]c1ccc(N(c2ccc(C#N)cc2)c2ccc(N3C(=O)c4ccc(-c5ccc6c(c5)C(=O)N([*])C6=O)cc4C3=O)cc2)cc1,[*]c1ccc(N(c2ccc(C#N)cc2)c2ccc(P3C(=O)c4ccc(-c5ccc6c(c5)C(=O)N([*])C6=O)cc4C3=O)cc2)cc1,0.11920547485351562,0.329892635345459,0,0,0.0
[*]c1ccc(-c2nc3cc(-c4ccc5nc([*])c(-c6ccccc6)nc5c4)ccc3nc2-c2ccccc2)cc1,[*]c1ccc(-c2nc3cc(-c4ccc5nc([*])c(-c6ccccc6)nc5c4)ccc3nc2-c2ccccc2)cn1,0.005753517150878906,0.009011983871459961,0,0,0.0
[*]c1ccc(-c2nc3cc(-c4ccc5nc([*])c(-c6ccccc6)nc5c4)ccc3nc2-c2ccccc2)cc1,[*]c1ccc(-c2nc3cc(-c4ccc5nc([*])c(-c6ccccc6)nc5c4)ccc3nc2-c2ccccc2)nc1,0.0026702880859375,0.046651363372802734,0,0,0.0
[*]C=CC(C[*])CCC,[*]C=IC(C[*])CCC,0.0004048347473144531,0.13503551483154297,0,0,0.0
[*]C=CC(C[*])CCC,[*]P=CC(C[*])CCC,0.3102116584777832,0.09615421295166016,0,0,0.0
[*]C=CC(C[*])CCC,[*]C=CC(C[*])COC,0.21280431747436523,0.6739311218261719,0,0,0.0
[*]C=CC(C[*])CCC,[*]C=CC(C[*])CCP,0.18616151809692383,0.011294364929199219,0,0,0.0
[*]C(=O)OCC(C)(C)COC(=O)N1CC(C)N([*])CC1C,[*]C(=O)OCC(C)(C)COC(=O)N1IC(C)N([*])CC1C,0.7826957702636719,0.03739643096923828,0,0,0.0
[*]C(=O)OCC(C)(C)COC(=O)N1CC(C)N([*])CC1C,[*]C(=O)OCC(C)(F)COC(=O)N1CC(C)N([*])CC1C,0.02296161651611328,0.03936338424682617,0,0,0.0
[*]C(=O)OCC(C)(C)COC(=O)N1CC(C)N([*])CC1C,[*]C(=O)OCC(P)(C)COC(=O)N1CC(C)N([*])CC1C,0.3030571937561035,0.026080608367919922,0,0,0.0
[*]OC1CCC(OC(=O)NCCNC([*])=O)CC1,[*]OC1CCC(OC(=O)NCCNS([*])=O)CC1,0.31200408935546875,0.5089426040649414,0,0,0.0
[*]OC1CCC(OC(=O)NCCNC([*])=O)CC1,[*]OC1CCC(IC(=O)NCCNC([*])=O)CC1,0.9428420066833496,0.05705118179321289,0,0,0.0
[*]OC1CCC(OC(=O)NCCNC([*])=O)CC1,[*]OC1CCC(OC(=O)NCCNC([*])=O)PC1,0.7879023551940918,0.0766148567199707,0,0,0.0
[*]CC(=O)CO[*],[*]IC(=O)CO[*],0.11685371398925781,1.106205940246582,0,0,0.0
[*]CC(=O)CO[*],[*]CC(=O)CS[*],1.1797542572021484,0.7903308868408203,0,0,0.0
[*]CC(=O)CO[*],[*]CC(=O)PO[*],0.11913156509399414,0.5795707702636719,0,0,0.0
[*]c1cc(CCCCCCCCCCCCCCC)c([*])s1,[*]c1cc(CCCCCCCCCICCCCC)c([*])s1,0.9834902286529541,0.21469354629516602,0,0,0.0
[*]c1cc(CCCCCCCCCCCCCCC)c([*])s1,[*]c1cc(CCCCCCCCCCCCCOC)c([*])s1,0.036347389221191406,0.06290507316589355,0,0,0.0
[*]c1cc(CCCCCCCCCCCCCCC)c([*])s1,[*]c1cc(CCCCCCCCNCCCCCC)c([*])s1,0.031203508377075195,0.2451479434967041,0,0,0.0
[*]c1cc(CCCCCCCCCCCCCCC)c([*])s1,[*]c1cc(CCCCCCCCCCICCCC)c([*])s1,0.985257625579834,0.0041599273681640625,0,0,0.0
[*]c1cc(CCCCCCCCCCCCCCC)c([*])s1,[*]c1cc(CPCCCCCCCCCCCCC)c([*])s1,0.09361648559570312,0.05662894248962402,0,0,0.0
[*]Cc1ccc(COC(=O)CCCC(=O)O[*])cc1,[*]Cc1ccc(CSC(=O)CCCC(=O)O[*])cc1,0.519874095916748,0.4183621406555176,0,0,0.0
[*]Cc1ccc(COC(=O)CCCC(=O)O[*])cc1,[*]Cc1ccc(COC(=O)CCCC(=N)O[*])cc1,0.11254262924194336,0.021613597869873047,0,0,0.0
[*]Cc1ccc(COC(=O)CCCC(=O)O[*])cc1,[*]Cc1ccc(COC(=O)CCIC(=O)O[*])cc1,0.24827337265014648,0.030814170837402344,0,0,0.0
[*]Cc1ccc(COC(=O)CCCC(=O)O[*])cc1,[*]Cc1ccc(SOC(=O)CCCC(=O)O[*])cc1,0.33078813552856445,0.3632779121398926,0,0,0.0
[*]C=Nc1cccc(N=Cc2ccc(Sc3ccc([*])o3)o2)c1,[*]S=Nc1cccc(N=Cc2ccc(Sc3ccc([*])o3)o2)c1,0.24817371368408203,0.06654596328735352,0,0,0.0
[*]C=Nc1cccc(N=Cc2ccc(Sc3ccc([*])o3)o2)c1,[*]C=Nc1cccc(N=Cc2ccs(Sc3ccc([*])o3)o2)c1,0.6758346557617188,1.0151746273040771,0,0,0.0
[*]C=Cc1ccc(C=Cc2cc([*])nc(-c3ccccc3)n2)cc1,[*]C\Cc1ccc(C=Cc2cc([*])nc(-c3ccccc3)n2)cc1,0.8500871658325195,0.6037752628326416,0,0,0.0
[*]C=Cc1ccc(C=Cc2cc([*])nc(-c3ccccc3)n2)cc1,[*]C=Cc1ccc(C=Cc2cc([*])nc(-c3cccnc3)n2)cc1,0.04166841506958008,0.006472110748291016,0,0,0.0
[*]C=Cc1ccc(C=Cc2cc([*])nc(-c3ccccc3)n2)cc1,[*]C=Cc1ccc(C/Cc2cc([*])nc(-c3ccccc3)n2)cc1,0.6302523612976074,0.30716991424560547,0,0,0.0
[*]CCCCCCCc1nnc(CCCCc2nnc([*])o2)o1,[*]CCCCCCCc1nnc(CSCCc2nnc([*])o2)o1,1.0613064765930176,0.5894532203674316,0,0,0.0
[*]CCCCCCCc1nnc(CCCCc2nnc([*])o2)o1,[*]OCCCCCCc1nnc(CCCCc2nnc([*])o2)o1,0.09674215316772461,0.03763437271118164,0,0,0.0
[*]CCCCCCCc1nnc(CCCCc2nnc([*])o2)o1,[*]CCCCCCCc1nnc(CCCCc2cnc([*])o2)o1,0.3532524108886719,0.15851068496704102,0,0,0.0
[*]CCCCCCCc1nnc(CCCCc2nnc([*])o2)o1,[*]CCCCCCCc1ncc(CCCCc2nnc([*])o2)o1,0.3346066474914551,0.14580345153808594,0,0,0.0
[*]CCOC(=O)NCCCC(CCNC(=O)O[*])OC,[*]CNOC(=O)NCCCC(CCNC(=O)O[*])OC,0.08281707763671875,0.018320560455322266,0,0,0.0
[*]CCOC(=O)NCCCC(CCNC(=O)O[*])OC,[*]CCOC(=O)NCSCC(CCNC(=O)O[*])OC,0.6690640449523926,0.6725530624389648,0,0,0.0
[*]CCOC(=O)NCCCC(CCNC(=O)O[*])OC,[*]CCOC(=O)NCCCC(CCNC(=O)O[*])OS,0.2694578170776367,0.6971964836120605,0,0,0.0
[*]CCOC(=O)NCCCC(CCNC(=O)O[*])OC,[*]ICOC(=O)NCCCC(CCNC(=O)O[*])OC,0.79827880859375,0.010500431060791016,0,0,0.0
[*]CCOC(=O)NCCCC(CCNC(=O)O[*])OC,[*]CCPC(=O)NCCCC(CCNC(=O)O[*])OC,0.730952262878418,0.09852266311645508,0,0,0.0
[*]C=Cc1cc(CCCCCC)c([*])s1,[*]C=Cc1cc(CCCCPC)c([*])s1,0.36339759826660156,0.17744088172912598,0,0,0.0
[*]C=Cc1cc(CCCCCC)c([*])s1,[*]C=Cc1cc(NCCCCC)c([*])s1,0.06918764114379883,0.5260171890258789,0,0,0.0
[*]NS(=O)Nc1cccc([*])n1,[*]NS(=O)Pc1cccc([*])n1,0.02723550796508789,0.016341447830200195,0,0,0.0
[*]NS(=O)Nc1cccc([*])n1,[*]NS(=O)Ic1cccc([*])n1,0.006464481353759766,0.027306318283081055,0,0,0.0
[*]NS(=O)Nc1cccc([*])n1,[*]NS(=O)Nc1cncc([*])n1,0.09017038345336914,0.09636783599853516,0,0,0.0
[*]OC([*])C(C)C,[*]OC([*])I(C)C,0.36217737197875977,0.14669036865234375,0,0,0.0
[*]OC([*])C(C)C,[*]OC([*])C(Cl)C,0.09303712844848633,0.3322277069091797,0,0,0.0
[*]OC([*])C(C)C,[*]SC([*])C(C)C,1.2974967956542969,0.7462058067321777,0,0,0.0
[*]c1ccc(N2C(=O)c3ccc(C(=O)c4ccc5c(c4)C(=O)N(c4ccc6[nH]c([*])nc6c4)C5=O)cc3C2=O)cc1,[*]c1ccc(N2C(=O)c3ccc(C(=O)c4ccc5c(c4)C(=O)N(c4ccc6[nH]c([*])nc6c4)C5=O)cc3C2-O)cc1,0.13518404960632324,0.08897614479064941,0,0,0.0
[*]c1ccc(N2C(=O)c3ccc(C(=O)c4ccc5c(c4)C(=O)N(c4ccc6[nH]c([*])nc6c4)C5=O)cc3C2=O)cc1,[*]c1ccc(N2C(=I)c3ccc(C(=O)c4ccc5c(c4)C(=O)N(c4ccc6[nH]c([*])nc6c4)C5=O)cc3C2=O)cc1,0.17889022827148438,0.008691787719726562,0,0,0.0
[*]c1ccc(N2C(=O)c3ccc(C(=O)c4ccc5c(c4)C(=O)N(c4ccc6[nH]c([*])nc6c4)C5=O)cc3C2=O)cc1,[*]c1ccc(N2C(=O)c3ccc(C(=O)c4ccc5c(c4)C(=O)N(c4ccc6[nH]c([*])nc6c4)C5=N)cc3C2=O)cc1,0.009235143661499023,0.07374000549316406,0,0,0.0
[*]CCC(C=C1)=CC=C1O[*],[*]CCC(C-C1)=CC=C1O[*],0.4591975212097168,0.715233325958252,0,0,0.0
[*]CCC(C=C1)=CC=C1O[*],[*]SCC(C=C1)=CC=C1O[*],0.6619057655334473,0.7528016567230225,0,0,0.0
[*]CCC(C=C1)=CC=C1O[*],[*]CCC(C=C1)=PC=C1O[*],0.34189271926879883,0.2209491729736328,0,0,0.0
[*]CCC(C=C1)=CC=C1O[*],[*]CCC(C=C1)=CP=C1O[*],0.21610784530639648,0.6306381225585938,0,0,0.0
[*]CCCCCCCCCn1c(=O)c2cc3c(=O)n([*])c(=O)c3c(Br)c2c1=O,[*]CSCCCCCCCn1c(=O)c2cc3c(=O)n([*])c(=O)c3c(Br)c2c1=O,0.18442702293395996,0.29333019256591797,0,0,0.0
[*]CCCCCCSC(=O)NCCCCCCNC(=O)S[*],[*]CCCCCCSC(=O)NCCSCCCNC(=O)S[*],0.27280473709106445,0.3026723861694336,0,0,0.0
[*]CCCCCCSC(=O)NCCCCCCNC(=O)S[*],[*]CCCCCCSC(=N)NCCCCCCNC(=O)S[*],0.022314071655273438,0.09011459350585938,0,0,0.0
[*]CCCCCCSC(=O)NCCCCCCNC(=O)S[*],[*]PCCCCCSC(=O)NCCCCCCNC(=O)S[*],0.36976051330566406,0.055130958557128906,0,0,0.0
[*]C=CC(C)C([*])C(=O)OCCCC,[*]C=CC(C)C([*])C(=O)OCCOC,0.12296867370605469,0.24562597274780273,0,0,0.0
[*]C=CC(C)C([*])C(=O)OCCCC,[*]C=CC(C)C([*])C(/O)OCCCC,0.009882926940917969,0.5218877792358398,0,0,0.0
[*]C=CC(C)C([*])C(=O)OCCCC,[*]C=CC(C)C([*])C(=O)CCCCC,0.038971900939941406,0.3210892677307129,0,0,0.0
[*]Nc1ccc(Cc2ccc(NC(=O)c3cc(NC(=O)c4ccncc4)cc(C([*])=O)c3)cc2)cc1,[*]Nc1ccc(Cc2ccc(NC(=S)c3cc(NC(=O)c4ccncc4)cc(C([*])=O)c3)cc2)cc1,0.1308746337890625,0.26218080520629883,0,0,0.0
[*]Nc1ccc(Cc2ccc(NC(=O)c3cc(NC(=O)c4ccncc4)cc(C([*])=O)c3)cc2)cc1,[*]Nc1ccc(Cc2ccc(NC(=O)c3cc(NC(=O)c4ncncc4)cc(C([*])=O)c3)cc2)cc1,0.016465187072753906,0.004332304000854492,0,0,0.0
[*]CCCNC(=O)c1cccc(C(=O)N[*])c1,[*]CCCNC(=O)c1cccc(C(=O)S[*])c1,0.22159814834594727,0.45180654525756836,0,0,0.0
[*]CCCNC(=O)c1cccc(C(=O)N[*])c1,[*]CCCNC(=P)c1cccc(C(=O)N[*])c1,0.47525453567504883,0.06467628479003906,0,0,0.0
[*]Oc1ccc(SSCCCCSSc2ccc([*])cc2)cc1,[*]Oc1ccc(SSCICCSSc2ccc([*])cc2)cc1,0.20544672012329102,0.013018608093261719,0,0,0.0
[*]Oc1ccc(SSCCCCSSc2ccc([*])cc2)cc1,[*]Oc1ncc(SSCCCCSSc2ccc([*])cc2)cc1,0.029503822326660156,0.015128135681152344,0,0,0.0
[*]Oc1ccc(SSCCCCSSc2ccc([*])cc2)cc1,[*]Oc1ccc(SSCCSCSSc2ccc([*])cc2)cc1,0.04065370559692383,0.045001983642578125,0,0,0.0
[*]OC(=O)OC1COC2C([*])COC12,[*]OC(=O)CC1COC2C([*])COC12,0.07473421096801758,0.028301239013671875,0,0,0.0
[*]OC(=O)OC1COC2C([*])COC12,[*]OC(=O)IC1COC2C([*])COC12,1.030522346496582,0.22696495056152344,0,0,0.0
[*]OC(=O)OC1COC2C([*])COC12,[*]OC(=O)OC1COC2C([*])COI12,0.8519997596740723,0.12609624862670898,0,0,0.0
[*]OC(=O)OC1COC2C([*])COC12,[*]OC(=O)OP1COC2C([*])COC12,0.22391891479492188,0.0006589889526367188,0,0,0.0
[*]c1ccc(Oc2ccc(Oc3ccc(N4C(=O)CC(=O)N([*])C4=S)cc3)cc2)cc1,[*]c1ccc(Oc2ccc(Sc3ccc(N4C(=O)CC(=O)N([*])C4=S)cc3)cc2)cc1,0.1435530185699463,0.03769516944885254,0,0,0.0
[*]c1ccc(Oc2ccc(Oc3ccc(N4C(=O)CC(=O)N([*])C4=S)cc3)cc2)cc1,[*]c1ccc(Oc2ccc(Oc3ccc(C4C(=O)CC(=O)N([*])C4=S)cc3)cc2)cc1,0.19297385215759277,0.018999338150024414,0,0,0.0
[*]CC([*])C(=O)OCCCSCC,[*]CC([*])C(-O)OCCCSCC,0.031841278076171875,0.4134531021118164,0,0,0.0
[*]CC([*])C(=O)OCCCSCC,[*]CC([*])C(=O)OCCPSCC,0.4025382995605469,0.1086416244506836,0,0,0.0
[*]CC([*])C(=O)OCCCSCC,[*]CC([*])C(=O)OCCCICC,0.8402400016784668,0.6564569473266602,0,0,0.0
[*]CC([*])C(=O)OCCCSCC,[*]CC([*])C(=O)OCSCSCC,0.08233833312988281,0.49479103088378906,0,0,0.0
[*]CCCCCCCCCCCCCCCCOC(=O)CC=CCC(=O)O[*],[*]CICCCCCCCCCCCCCCOC(=O)CC=CCC(=O)O[*],1.2704339027404785,0.11488819122314453,0,0,0.0
[*]CCCCCCCCCCCCCCCCOC(=O)CC=CCC(=O)O[*],[*]CCCCCCCCCCCCCCCCOC(=O)NC=CCC(=O)O[*],0.2455296516418457,0.4139389991760254,0,0,0.0
[*]CCCCCCCCCCCCCCCCOC(=O)CC=CCC(=O)O[*],[*]CCCCCCCCNCCCCCCCOC(=O)CC=CCC(=O)O[*],0.18531084060668945,0.5679130554199219,0,0,0.0
[*]CCCCCCCCCCCCCCCCOC(=O)CC=CCC(=O)O[*],[*]CCCCCCCCCCCCCCCCOC(-O)CC=CCC(=O)O[*],0.027002811431884766,0.2010951042175293,0,0,0.0
[*]Nc1ccc(NC(=O)c2ccc(C([*])=O)cc2)cc1,[*]Nc1ccc(NC(/O)c2ccc(C([*])=O)cc2)cc1,0.31885766983032227,0.7247114181518555,0,0,0.0
[*]Nc1ccc(NC(=O)c2ccc(C([*])=O)cc2)cc1,[*]Nc1ccc(NC(=O)c2ccc(C([*])=O)cc2)cn1,0.044913530349731445,0.06224465370178223,0,0,0.0
[*]Nc1ccc(NC(=O)c2ccc(C([*])=O)cc2)cc1,[*]Nc1ccc(NC(=O)s2ccc(C([*])=O)cc2)cc1,0.5563766956329346,0.10390496253967285,0,0,0.0
[*]CC([*])C=C,[*]IC([*])C=C,0.3271188735961914,1.0867114067077637,0,0,0.0
[*]CC([*])C=C,[*]CC([*])C/C,0.5551228523254395,1.45869779586792,0,0,0.0
[*]CC([*])C=C,[*]CC([*])C=I,0.22118902206420898,0.3712806701660156,0,0,0.0
[*]CC([*])C=C,[*]OC([*])C=C,0.06342411041259766,0.835533618927002,0,0,0.0
[*]Cc1cccc(CN([*])c2ccccc2)c1O,[*]Cc1cccc(CC([*])c2ccccc2)c1O,0.6473908424377441,0.3336496353149414,0,0,0.0
[*]Cc1cccc(CN([*])c2ccccc2)c1O,[*]Cc1cccs(CN([*])c2ccccc2)c1O,0.7180454730987549,0.08518266677856445,0,0,0.0
[*]Cc1cccc(CN([*])c2ccccc2)c1O,[*]Nc1cccc(CN([*])c2ccccc2)c1O,0.38635969161987305,0.3040454387664795,0,0,0.0
[*]c1ccc(S(=O)(=O)NCCCCCCNS([*])(=O)=O)cc1,[*]s1ccc(S(=O)(=O)NCCCCCCNS([*])(=O)=O)cc1,0.9599142074584961,1.124884843826294,0,0,0.0
[*]c1ccc(S(=O)(=O)NCCCCCCNS([*])(=O)=O)cc1,[*]c1ccc(S(=O)(=O)NCCCCCPNS([*])(=O)=O)cc1,0.28702211380004883,0.04982471466064453,0,0,0.0
[*]c1ccc(S(=O)(=O)NCCCCCCNS([*])(=O)=O)cc1,[*]c1ccc(S(=O)(=O)NCSCCCCNS([*])(=O)=O)cc1,0.2929649353027344,0.15039396286010742,0,0,0.0
[*]c1ccc(S(=O)(=O)NCCCCCCNS([*])(=O)=O)cc1,[*]c1ccc(S(=O)(/O)NCCCCCCNS([*])(=O)=O)cc1,0.16437101364135742,0.25344038009643555,0,0,0.0
[*]CC([*])(C)C(=O)OCC(=O)N1CCOCC1,[*]CC([*])(C)P(=O)OCC(=O)N1CCOCC1,0.14884424209594727,0.03470611572265625,0,0,0.0
[*]CC([*])(C)C(=O)OCC(=O)N1CCOCC1,[*]CC([*])(F)C(=O)OCC(=O)N1CCOCC1,0.1031503677368164,0.06341743469238281,0,0,0.0
[*]NC(=O)C(C=C1)=CC=C1C(S2)=CC=C2[*],[*]NC(=O)C(C=C1)=CC=C1C(P2)=CC=C2[*],0.008720874786376953,0.5333588123321533,0,0,0.0
[*]NC(=O)C(C=C1)=CC=C1C(S2)=CC=C2[*],[*]NC(=O)C(C=C1)=CS=C1C(S2)=CC=C2[*],0.9573307037353516,0.23221206665039062,0,0,0.0
[*]NC(=O)C(C=C1)=CC=C1C(S2)=CC=C2[*],[*]NC(=O)C(C=C1)=CC=C1C(S2)=CC/C2[*],0.7802681922912598,0.2396078109741211,0,0,0.0
[*]NC(=O)C(C=C1)=CC=C1C(S2)=CC=C2[*],[*]NC(=O)C(C=C1)-CC=C1C(S2)=CC=C2[*],0.20598888397216797,0.06078910827636719,0,0,0.0
[*]Oc1ccc(-c2ccc(OC(=O)c3cccc(Oc4ccc(C([*])=O)cc4)c3)cc2)cc1,[*]Oc1ccc(-c2ccc(OC(=O)c3cccc(Oc4ccc(C([*])=O)nc4)c3)cc2)cc1,0.029891252517700195,0.03208518028259277,0,0,0.0
[*]Oc1ccc(-c2ccc(OC(=O)c3cccc(Oc4ccc(C([*])=O)cc4)c3)cc2)cc1,[*]Oc1ccc(-c2ccc(OC(=O)c3cccc(Ic4ccc(C([*])=O)cc4)c3)cc2)cc1,0.12870407104492188,0.0750272274017334,0,0,0.0
[*]CC([*])c1ccc(C(=O)OCCCCCC)cc1,[*]CC([*])c1ccc(C(=O)OCCCOCC)cc1,0.0950002670288086,0.11324501037597656,0,0,0.0
[*]CC([*])c1ccc(C(=O)OCCCCCC)cc1,[*]CC([*])c1ccc(C(=O)OCCCCCC)nc1,0.12177896499633789,0.0684046745300293,0,0,0.0
[*]CC([*])c1ccc(C(=O)OCCCCCC)cc1,[*]CC([*])c1ccc(C(=P)OCCCCCC)cc1,0.6176004409790039,0.028014659881591797,0,0,0.0
[*]CC([*])N1CCCC1=O,[*]CC([*])N1CCCC1=C,0.6088132858276367,0.3012552261352539,0,0,0.0
[*]CC([*])N1CCCC1=O,[*]CI([*])N1CCCC1=O,0.3352689743041992,0.15262222290039062,0,0,0.0
[*]Oc1ccc(NC(=O)c2ccc(-c3ccc(C(=O)Nc4ccc(Oc5ccc(C6(c7ccc([*])cc7)CC7CCC6C7)cc5)cc4)cc3)cc2)cc1,[*]Oc1ccc(NC(=O)c2ncc(-c3ccc(C(=O)Nc4ccc(Oc5ccc(C6(c7ccc([*])cc7)CC7CCC6C7)cc5)cc4)cc3)cc2)cc1,0.01982593536376953,0.05876278877258301,0,0,0.0
[*]Oc1ccc(NC(=O)c2ccc(-c3ccc(C(=O)Nc4ccc(Oc5ccc(C6(c7ccc([*])cc7)CC7CCC6C7)cc5)cc4)cc3)cc2)cc1,[*]Oc1ccc(NC(=O)c2ccc(-c3ccc(C(=O)Nc4cnc(Oc5ccc(C6(c7ccc([*])cc7)CC7CCC6C7)cc5)cc4)cc3)cc2)cc1,0.016323328018188477,0.010469198226928711,0,0,0.0
[*]Oc1ccc(NC(=O)c2ccc(-c3ccc(C(=O)Nc4ccc(Oc5ccc(C6(c7ccc([*])cc7)CC7CCC6C7)cc5)cc4)cc3)cc2)cc1,[*]Oc1ccc(NC(=O)c2ccc(-c3ccc(C(=O)Nc4ccc(Oc5ccc(C6(s7ccc([*])cc7)CC7CCC6C7)cc5)cc4)cc3)cc2)cc1,0.29979681968688965,0.07347559928894043,0,0,0.0
[*]OC(=O)CCCCCCCCC(=O)OC1COC2C([*])COC12,[*]OC(=O)CCCCCCCCC(/O)OC1COC2C([*])COC12,0.005505084991455078,0.16222524642944336,0,0,0.0
[*]OC(=O)CCCCCCCCC(=O)OC1COC2C([*])COC12,[*]OC(=O)CCCCICCCC(=O)OC1COC2C([*])COC12,1.0159087181091309,0.06450510025024414,0,0,0.0
[*]OC(=O)CCCCCCCCC(=O)OC1COC2C([*])COC12,[*]OC(=O)CCCNCCCCC(=O)OC1COC2C([*])COC12,0.24936914443969727,0.37734460830688477,0,0,0.0
[*]OC(=O)CCCCCCCCC(=O)OC1COC2C([*])COC12,[*]OC(-O)CCCCCCCCC(=O)OC1COC2C([*])COC12,0.12478780746459961,0.16366100311279297,0,0,0.0
[*]NNC(=O)C=CC(=O)Nc1ccc(NC(=O)C=CC([*])=O)cc1,[*]NNC(=O)C=SC(=O)Nc1ccc(NC(=O)C=CC([*])=O)cc1,0.18883824348449707,0.0003294944763183594,0,0,0.0
[*]CCOCCOCCOc1ccc(C=C(C)c2ccc(O[*])cc2)cc1,[*]CCOCCOICOc1ccc(C=C(C)c2ccc(O[*])cc2)cc1,0.23380279541015625,0.027538776397705078,0,0,0.0
[*]CCOCCOCCOc1ccc(C=C(C)c2ccc(O[*])cc2)cc1,[*]CCOCCPCCOc1ccc(C=C(C)c2ccc(O[*])cc2)cc1,0.022201061248779297,0.03059244155883789,0,0,0.0
[*]CCOCCOCCOc1ccc(C=C(C)c2ccc(O[*])cc2)cc1,[*]CCICCOCCOc1ccc(C=C(C)c2ccc(O[*])cc2)cc1,0.2745990753173828,0.059780120849609375,0,0,0.0
[*]c1cc(CCCC)c([*])s1,[*]s1cc(CCCC)c([*])s1,1.1289172172546387,0.3549516201019287,0,0,0.0
[*]c1cc(CCCC)c([*])s1,[*]c1cc(CCCF)c([*])s1,0.021315574645996094,0.2483367919921875,0,0,0.0
[*]c1cc(CCCC)c([*])s1,[*]c1cc(CCOC)c([*])s1,0.16900920867919922,0.05389523506164551,0,0,0.0
[*]C=Cc1ccc(-c2ccc([*])s2)s1,[*]C/Cc1ccc(-c2ccc([*])s2)s1,1.1454055309295654,0.8893275260925293,0,0,0.0
[*]C=Cc1ccc(C=Cc2nc3cc4sc([*])nc4cc3s2)cc1,[*]S=Cc1ccc(C=Cc2nc3cc4sc([*])nc4cc3s2)cc1,0.4251246452331543,0.22477245330810547,0,0,0.0
[*]C=Cc1ccc(C=Cc2nc3cc4sc([*])nc4cc3s2)cc1,[*]C=Cc1cnc(C=Cc2nc3cc4sc([*])nc4cc3s2)cc1,0.011365413665771484,0.029086589813232422,0,0,0.0
[*]C=Cc1ccc(C=Cc2nc3cc4sc([*])nc4cc3s2)cc1,[*]C=Cc1ccc(C=Ic2nc3cc4sc([*])nc4cc3s2)cc1,0.7567844390869141,0.028993844985961914,0,0,0.0
[*]c1nc2cc3nc(-c4ccc([*])o4)[nH]c3cc2[nH]1,[*]c1nc2nc3nc(-c4ccc([*])o4)[nH]c3cc2[nH]1,0.03500652313232422,0.002354145050048828,0,0,0.0
[*]c1nc2cc3nc(-c4ccc([*])o4)[nH]c3cc2[nH]1,[*]c1nc2cc3nc(-c4ccc([*])s4)[nH]c3cc2[nH]1,0.35408902168273926,0.30942583084106445,0,0,0.0
[*]Oc1ccc(NC(=O)NCCCCCCNC([*])=O)cc1C,[*]Oc1ccc(NC(=O)NCCCCCCNC([*])-O)cc1C,0.0004825592041015625,0.023893356323242188,0,0,0.0
[*]Oc1ccc(NC(=O)NCCCCCCNC([*])=O)cc1C,[*]Os1ccc(NC(=O)NCCCCCCNC([*])=O)cc1C,0.6485786437988281,0.26588916778564453,0,0,0.0
[*]Oc1ccc(NC(=O)NCCCCCCNC([*])=O)cc1C,[*]Oc1ccc(CC(=O)NCCCCCCNC([*])=O)cc1C,0.2122797966003418,0.026823997497558594,0,0,0.0
[*]Oc1ccc(NC(=O)NCCCCCCNC([*])=O)cc1C,[*]Oc1ccc(NC(-O)NCCCCCCNC([*])=O)cc1C,0.07419872283935547,0.07104635238647461,0,0,0.0
[*]Nc1ccc(C([*])=O)cc1,[*]Nc1ccc(C([*])=N)cc1,0.11833691596984863,0.9431483745574951,0,0,0.0
[*]Nc1ccc(C([*])=O)cc1,[*]Ns1ccc(C([*])=O)cc1,0.8853836059570312,0.04838871955871582,0,0,0.0
[*]Nc1ccc(C([*])=O)cc1,[*]Nc1ccc(C([*])=O)nc1,0.1753859519958496,0.6168735027313232,0,0,0.0
[*]Nc1ccc(C([*])=O)cc1,[*]Nc1ccc(C([*])-O)cc1,0.4661273956298828,0.13539958000183105,0,0,0.0
[*]Oc1c(C)cc(C(=O)c2ccc([*])cc2)cc1C,[*]Oc1c(C)cc(C(=O)c2ccc([*])cn2)cc1C,0.07119107246398926,0.06425237655639648,0,0,0.0
[*]CCC[Si](C)(C)O[Si](C)(C)CCCn1c(=O)c2cc3c(=O)n([*])c(=O)c3cc2c1=O,[*]CCC[Si](C)(F)O[Si](C)(C)CCCn1c(=O)c2cc3c(=O)n([*])c(=O)c3cc2c1=O,0.0050547122955322266,0.015987873077392578,0,0,0.0
[*]C(=O)Oc1ccc(OC(=O)c2ccc3c(c2)C(=O)N(c2ccc(Oc4ccc(N5C(=O)c6ccc([*])cc6C5=O)cc4)cc2)C3=O)c(-c2ccccc2)c1,[*]C(=O)Oc1ccc(OC(=O)c2ccc3c(c2)C(=O)N(c2ccc(Oc4ccc(N5C(=O)s6ccc([*])cc6C5=O)cc4)cc2)C3=O)c(-c2ccccc2)c1,0.20002317428588867,0.6629340648651123,0,0,0.0
[*]C(=O)Oc1ccc(OC(=O)c2ccc3c(c2)C(=O)N(c2ccc(Oc4ccc(N5C(=O)c6ccc([*])cc6C5=O)cc4)cc2)C3=O)c(-c2ccccc2)c1,[*]C(=O)Oc1ccc(OC(=O)c2ccc3c(c2)C(=O)I(c2ccc(Oc4ccc(N5C(=O)c6ccc([*])cc6C5=O)cc4)cc2)C3=O)c(-c2ccccc2)c1,0.5603427886962891,0.00733494758605957,0,0,0.0
[*]CCCC(CCNC(=O)c1ccc(C(=O)N[*])cc1)C(C)C,[*]CCCC(CCNC(=O)c1cnc(C(=O)N[*])cc1)C(C)C,0.11692476272583008,0.06515884399414062,0,0,0.0
[*]CCCC(CCNC(=O)c1ccc(C(=O)N[*])cc1)C(C)C,[*]CCCC(CCNC(=O)s1ccc(C(=O)N[*])cc1)C(C)C,0.9908955097198486,0.997084379196167,0,0,0.0
[*]CCCC(CCNC(=O)c1ccc(C(=O)N[*])cc1)C(C)C,[*]CCCC(CCNC(/O)c1ccc(C(=O)N[*])cc1)C(C)C,0.29404592514038086,0.13266277313232422,0,0,0.0
[*]CC([*])C(=O)SC(C)CC,[*]CC([*])C(=I)SC(C)CC,0.37909650802612305,0.9235668182373047,0,0,0.0
[*]CC([*])C(=O)SC(C)CC,[*]CC([*])C(=S)SC(C)CC,0.7002682685852051,1.3460426330566406,0,0,0.0
[*]CC([*])C(=O)SC(C)CC,[*]CC([*])I(=O)SC(C)CC,0.0964651107788086,0.06956148147583008,0,0,0.0
[*]OC(=O)CCSc1ccc(SCCC([*])=O)cc1,[*]OC(=O)CCSc1ccc(SCCC([*])-O)cc1,0.030903339385986328,0.023981094360351562,0,0,0.0
[*]OC(=O)CCSc1ccc(SCCC([*])=O)cc1,[*]OC(=O)COSc1ccc(SCCC([*])=O)cc1,0.11017942428588867,0.05962991714477539,0,0,0.0
[*]OC(=O)CCSc1ccc(SCCC([*])=O)cc1,[*]OC(=O)CCSc1ccc(SSCC([*])=O)cc1,0.47465944290161133,0.07600975036621094,0,0,0.0
[*]OC(=O)CCSc1ccc(SCCC([*])=O)cc1,[*]OC(=O)CCSc1cnc(SCCC([*])=O)cc1,0.12543010711669922,0.021546363830566406,0,0,0.0
[*]OC(=O)CCSc1ccc(SCCC([*])=O)cc1,[*]OS(=O)CCSc1ccc(SCCC([*])=O)cc1,0.024432659149169922,0.16726207733154297,0,0,0.0
[*]NC(CCCCNC(=O)NCCNC([*])=O)C(=O)OC,[*]NC(CCCCNC(=O)NCCNC([*])=O)C(=O)OO,0.07675361633300781,0.04611539840698242,0,0,0.0
[*]NC(CCCCNC(=O)NCCNC([*])=O)C(=O)OC,[*]NC(CCCCNC(=O)NCCNC([*])-O)C(=O)OC,0.02653789520263672,0.00646209716796875,0,0,0.0
[*]NC(CCCCNC(=O)NCCNC([*])=O)C(=O)OC,[*]NC(CCCCPC(=O)NCCNC([*])=O)C(=O)OC,0.4611234664916992,0.03725433349609375,0,0,0.0
[*]CCCCCCCCCCCCCCCCCCCCOC(=O)CCC(=O)O[*],[*]CCCCCCCCCCCCCCCCCCCCOC(=O)ICC(=O)O[*],1.2501955032348633,0.05854606628417969,0,0,0.0
[*]CCCCCCCCCCCCCCCCCCCCOC(=O)CCC(=O)O[*],[*]CCCCCCCCCCCPCCCCCCCCOC(=O)CCC(=O)O[*],0.7496662139892578,0.012730598449707031,0,0,0.0
[*]CCCCCCCCCCCCCCCCCCCCOC(=O)CCC(=O)O[*],[*]CCCCCCCCCCSCCCCCCCCCOC(=O)CCC(=O)O[*],0.7293691635131836,1.3396906852722168,0,0,0.0
[*]Cc1ccc(Cc2ccc(CSC(=O)c3cccc(C(=O)S[*])c3)cc2)cc1,[*]Cc1ccc(Cc2ccc(CSC(/O)c3cccc(C(=O)S[*])c3)cc2)cc1,0.09581851959228516,0.2705078125,0,0,0.0
[*]Cc1ccc(Cc2ccc(CSC(=O)c3cccc(C(=O)S[*])c3)cc2)cc1,[*]Cc1ccc(Cc2ccc(CSC(=I)c3cccc(C(=O)S[*])c3)cc2)cc1,0.08051395416259766,0.09687995910644531,0,0,0.0
[*]Cc1ccc(Cc2ccc(CSC(=O)c3cccc(C(=O)S[*])c3)cc2)cc1,[*]Cc1ccc(Sc2ccc(CSC(=O)c3cccc(C(=O)S[*])c3)cc2)cc1,0.03308391571044922,0.1458892822265625,0,0,0.0
[*]Cc1ccc(Cc2ccc(CSC(=O)c3cccc(C(=O)S[*])c3)cc2)cc1,[*]Cc1ccc(Cc2ccc(CSC(=O)c3ccnc(C(=O)S[*])c3)cc2)cc1,0.015605688095092773,0.07124590873718262,0,0,0.0
[*]CCOCCOC(=O)NCCNC(=O)O[*],[*]CCOCIOC(=O)NCCNC(=O)O[*],0.5862917900085449,0.005791664123535156,0,0,0.0
[*]CCOCCOC(=O)NCCNC(=O)O[*],[*]CCOCCOC(=O)NCCNC(=O)S[*],1.0669875144958496,0.3116035461425781,0,0,0.0
[*]CCCCCOC(=O)NCC(F)(F)C(F)(F)C(F)(F)C(F)(F)CNC(=O)O[*],[*]CCCCCOC(=O)NIC(F)(F)C(F)(F)C(F)(F)C(F)(F)CNC(=O)O[*],1.1911587715148926,0.014750003814697266,0,0,0.0
[*]CCCCCOC(=O)NCC(F)(F)C(F)(F)C(F)(F)C(F)(F)CNC(=O)O[*],[*]CCCCCOC(=O)NCC(F)(F)C(F)(O)C(F)(F)C(F)(F)CNC(=O)O[*],0.014833927154541016,0.09246635437011719,0,0,0.0
[*]CCCCCOC(=O)NCC(F)(F)C(F)(F)C(F)(F)C(F)(F)CNC(=O)O[*],[*]CCCCCOC(=O)NCC(F)(F)C(F)(F)C(P)(F)C(F)(F)CNC(=O)O[*],0.05639791488647461,0.06525039672851562,0,0,0.0
[*]CC([*])c1ccc(CCCCCCCCCCCCCCCC)cc1,[*]CC([*])c1ccc(CCCCCCCCCCCCCCCI)cc1,0.503087043762207,0.1318373680114746,0,0,0.0
[*]CC([*])c1ccc(CCCCCCCCCCCCCCCC)cc1,[*]CC([*])c1ccc(CCCICCCCCCCCCCCC)cc1,0.42876672744750977,0.011873245239257812,0,0,0.0
[*]c1cccc(S(=O)(=O)NCCCCCNS([*])(=O)=O)c1,[*]c1cccc(S(=O)(=O)NCCCCCNS([*])(=O)-O)c1,0.07717609405517578,0.09552383422851562,0,0,0.0
[*]c1cccc(S(=O)(=O)NCCCCCNS([*])(=O)=O)c1,[*]c1cccc(S(=P)(=O)NCCCCCNS([*])(=O)=O)c1,0.7390651702880859,0.17720556259155273,0,0,0.0
[*]c1cccc(S(=O)(=O)NCCCCCNS([*])(=O)=O)c1,[*]c1cccc(S(=O)(/O)NCCCCCNS([*])(=O)=O)c1,0.18318605422973633,0.19409513473510742,0,0,0.0
[*]c1cccc(S(=O)(=O)NCCCCCNS([*])(=O)=O)c1,[*]c1cccc(S(=O)(=O)NCCCCCNS([*])(=N)=O)c1,0.08192205429077148,0.10818290710449219,0,0,0.0
[*]C=NCCCCCCN=Cc1ccc(Sc2ccc([*])o2)o1,[*]P=NCCCCCCN=Cc1ccc(Sc2ccc([*])o2)o1,0.2755165100097656,0.016196250915527344,0,0,0.0
[*]C=CC1CC([*])C(C#N)([Si](C)(C)O[Si](C)(C)C)C1,[*]C=CC1CC([*])C(C#N)([Si](C)(C)O[Si](C)(C)C)N1,0.12821197509765625,0.3069744110107422,0,0,0.0
[*]C=CC1CC([*])C(C#N)([Si](C)(C)O[Si](C)(C)C)C1,[*]C=CC1PC([*])C(C#N)([Si](C)(C)O[Si](C)(C)C)C1,0.4848442077636719,0.10482501983642578,0,0,0.0
[*]C=CC1CC([*])C(C#N)([Si](C)(C)O[Si](C)(C)C)C1,[*]C=CC1CC([*])C(C#N)([Si](C)(F)O[Si](C)(C)C)C1,0.20742130279541016,0.014736175537109375,0,0,0.0
[*]C=CC1CC([*])C(C#N)([Si](C)(C)O[Si](C)(C)C)C1,[*]C=CC1CC([*])C(C#N)([Si](C)(C)O[Si](C)(I)C)C1,1.9381093978881836,0.014036178588867188,0,0,0.0
[*]C=CC1CC([*])C(C#N)([Si](C)(C)O[Si](C)(C)C)C1,[*]C=CC1CC([*])C(C#N)([Si](C)(S)O[Si](C)(C)C)C1,0.3807973861694336,0.36264562606811523,0,0,0.0
[*]CC(F)(F)C(F)(F)COC(=O)NCC(F)(F)C(F)(F)C(F)(F)C(F)(F)CNC(=O)O[*],[*]CC(F)(F)C(F)(F)COC(=O)NCC(P)(F)C(F)(F)C(F)(F)C(F)(F)CNC(=O)O[*],0.04908561706542969,0.042482852935791016,0,0,0.0
[*]CC(F)(F)C(F)(F)COC(=O)NCC(F)(F)C(F)(F)C(F)(F)C(F)(F)CNC(=O)O[*],[*]CC(F)(F)C(F)(F)COC(=O)NCC(F)(F)C(F)(F)C(F)(F)C(F)(F)CNC(=O)C[*],0.2010478973388672,0.11616945266723633,0,0,0.0
[*]CC(F)(F)C(F)(F)COC(=O)NCC(F)(F)C(F)(F)C(F)(F)C(F)(F)CNC(=O)O[*],[*]CC(F)(F)C(F)(F)COC(=O)NCC(F)(F)C(F)(F)C(F)(F)C(F)(C)CNC(=O)O[*],0.007928848266601562,0.10675716400146484,0,0,0.0
[*]CC(F)(F)C(F)(F)COC(=O)NCC(F)(F)C(F)(F)C(F)(F)C(F)(F)CNC(=O)O[*],[*]CC(F)(F)C(F)(F)COC(=O)NCC(F)(F)C(F)(N)C(F)(F)C(F)(F)CNC(=O)O[*],0.018250465393066406,0.08687734603881836,0,0,0.0
[*]CCCN1C(=O)C2C3C=CC(C4C(=O)N([*])C(=O)C34)C2C1=O,[*]CCCN1C(=O)C2C3C#CC(C4C(=O)N([*])C(=O)C34)C2C1=O,0.13313865661621094,0.33243417739868164,0,0,0.0
[*]CCCN1C(=O)C2C3C=CC(C4C(=O)N([*])C(=O)C34)C2C1=O,[*]CCCN1C(=O)C2C3C=CC(C4C(=O)N([*])C(=S)C34)C2C1=O,0.6043362617492676,0.6525006294250488,0,0,0.0
[*]CCCN1C(=O)C2C3C=CC(C4C(=O)N([*])C(=O)C34)C2C1=O,[*]CCCN1C(=O)C2C3C=CC(C4C(=O)S([*])C(=O)C34)C2C1=O,0.41135597229003906,0.7426126003265381,0,0,0.0
[*]CCCCCCCCCCNCCCCCCN[*],[*]CCCCCCCCCCNCCCCCIN[*],0.8346600532531738,0.05035066604614258,0,0,0.0
[*]CCCCCCCCCCNCCCCCCN[*],[*]CCCCCSCCCCNCCCCCCN[*],0.9295492172241211,0.4737868309020996,0,0,0.0
[*]CCCCCCCCCCNCCCCCCN[*],[*]CCCCCCCSCCNCCCCCCN[*],0.8987455368041992,0.38872385025024414,0,0,0.0
[*]CCCCCCCCCCNCCCCCCN[*],[*]CCCCCCCCCCNCCCCCCO[*],0.19877243041992188,0.11587238311767578,0,0,0.0
[*]CCCCCCCCCCNCCCCCCN[*],[*]CCCOCCCCCCNCCCCCCN[*],0.2108173370361328,0.12760639190673828,0,0,0.0
[*]CC([*])(C)C(=O)OC1(C)CCOC(=O)C1,[*]CC([*])(C)C(=O)OC1(C)COOC(=O)C1,0.12449073791503906,0.005767345428466797,0,0,0.0
[*]CC([*])(C)C(=O)OC1(C)CCOC(=O)C1,[*]CC([*])(S)C(=O)OC1(C)CCOC(=O)C1,0.08063650131225586,0.17851924896240234,0,0,0.0
[*]CC([*])(C)C(=O)OC1(C)CCOC(=O)C1,[*]CC([*])(C)C(=O)OC1(C)CCOC(/O)C1,0.055300235748291016,0.03306007385253906,0,0,0.0
[*]C(=O)C(S1)=CC=C1C(=S)O[*],[*]C(=O)C(S1)=CC=C1P(=S)O[*],0.2871527671813965,0.039774417877197266,0,0,0.0
[*]C(=O)C(S1)=CC=C1C(=S)O[*],[*]C(=O)C(S1)/CC=C1C(=S)O[*],0.20251870155334473,0.5244722366333008,0,0,0.0
[*]C(=O)C(S1)=CC=C1C(=S)O[*],[*]C(=O)C(C1)=CC=C1C(=S)O[*],0.644716739654541,0.1615126132965088,0,0,0.0
[*]C(=O)C(S1)=CC=C1C(=S)O[*],[*]C(=O)C(S1)=SC=C1C(=S)O[*],0.04197263717651367,0.2035231590270996,0,0,0.0
[*]CCCCCCSC(=O)CCCCCCC(=O)S[*],[*]CCCCCCSC(=O)CCCCCCC(=C)S[*],0.07606697082519531,0.23041057586669922,0,0,0.0
[*]CCCCCCSC(=O)CCCCCCC(=O)S[*],[*]COCCCCSC(=O)CCCCCCC(=O)S[*],0.11461973190307617,0.15910816192626953,0,0,0.0
[*]CCCCCCSC(=O)CCCCCCC(=O)S[*],[*]CCCCCCSC(=O)CCPCCCC(=O)S[*],0.32349443435668945,0.04435920715332031,0,0,0.0
[*]C(=O)Nc1ccc(C2(c3ccc(N4C(=O)c5ccc([*])cc5C4=O)cc3)CC(C)CC(C)(C)C2)cc1,[*]C(=O)Nc1ccc(C2(c3ccc(N4C(=O)c5ccc([*])cc5C4=O)cc3)CC(N)CC(C)(C)C2)cc1,0.008446931838989258,0.04841041564941406,0,0,0.0
[*]C(=O)Nc1ccc(C2(c3ccc(N4C(=O)c5ccc([*])cc5C4=O)cc3)CC(C)CC(C)(C)C2)cc1,[*]C(=O)Nc1ccc(C2(c3ccc(N4C(=O)c5ccc([*])cc5C4=O)cc3)CC(C)CC(F)(C)C2)cc1,0.010864973068237305,0.01491403579711914,0,0,0.0
[*]C(=O)Nc1ccc(C2(c3ccc(N4C(=O)c5ccc([*])cc5C4=O)cc3)CC(C)CC(C)(C)C2)cc1,[*]C(=O)Nc1ccc(C2(c3ccc(N4C(=O)c5ccc([*])cc5C4=O)cc3)CC(C)PC(C)(C)C2)cc1,0.0038573741912841797,0.3736381530761719,0,0,0.0
[*]c1cccc(Oc2ccc(S(=O)(=O)c3ccc(Oc4cccc(N5C(=O)c6ccc(-c7ccc8c(c7)C(=O)N([*])C8=O)cc6C5=O)c4)cc3)cc2)c1,[*]c1cccc(Oc2ccc(S(=O)(=O)s3ccc(Oc4cccc(N5C(=O)c6ccc(-c7ccc8c(c7)C(=O)N([*])C8=O)cc6C5=O)c4)cc3)cc2)c1,0.26566648483276367,0.12083196640014648,0,0,0.0
[*]c1cccc(Oc2ccc(S(=O)(=O)c3ccc(Oc4cccc(N5C(=O)c6ccc(-c7ccc8c(c7)C(=O)N([*])C8=O)cc6C5=O)c4)cc3)cc2)c1,[*]c1cccc(Oc2ccc(S(=O)(=O)c3ccc(Oc4cccc(N5C(=O)c6ccc(-c7ccc8c(c7)S(=O)N([*])C8=O)cc6C5=O)c4)cc3)cc2)c1,0.007360219955444336,0.1095888614654541,0,0,0.0
[*]CCOC(=O)c1ccccc1C(=O)O[*],[*]CCOC(=O)c1cccnc1C(=O)O[*],0.023038387298583984,0.8930323123931885,0,0,0.0
[*]CCOC(=O)c1ccccc1C(=O)O[*],[*]CCOC(=O)c1ccccc1C(/O)O[*],0.23014068603515625,0.14717483520507812,0,0,0.0
[*]c1cc(CCCCCCOC(=O)COc2ccccc2)c([*])s1,[*]c1cc(NCCCCCOC(=O)COc2ccccc2)c([*])s1,0.0760648250579834,1.1463420391082764,0,0,0.0
[*]c1cc(CCCCCCOC(=O)COc2ccccc2)c([*])s1,[*]c1cc(CCCNCCOC(=O)COc2ccccc2)c([*])s1,0.08280062675476074,1.0734543800354004,0,0,0.0
[*]CCCCCCNC(=O)CCCCC(=O)N[*],[*]CCCCCCNC(=O)NCCCC(=O)N[*],0.13363361358642578,0.008638858795166016,0,0,0.0
[*]CCCCCCNC(=O)CCCCC(=O)N[*],[*]CCCCCCNC(=O)CCSCC(=O)N[*],0.9457316398620605,0.5071845054626465,0,0,0.0
[*]CCCCCCNC(=O)CCCCC(=O)N[*],[*]CCCCCCNC(=O)CCCCC(-O)N[*],0.014657020568847656,0.02185678482055664,0,0,0.0
[*]CCCCCCNC(=O)CCCCC(=O)N[*],[*]CCCCCCNC(=O)CCCCC(=O)I[*],0.6639204025268555,0.10103082656860352,0,0,0.0
[*]CCSC(=O)CCCCCCC(=O)S[*],[*]CCSC(=O)CCCCNCC(=O)S[*],0.14806461334228516,0.16977214813232422,0,0,0.0
[*]CCSC(=O)CCCCCCC(=O)S[*],[*]CCSC(=O)PCCCCCC(=O)S[*],0.20360088348388672,0.10196161270141602,0,0,0.0
[*]CCSC(=O)CCCCCCC(=O)S[*],[*]OCSC(=O)CCCCCCC(=O)S[*],0.06554222106933594,0.0872650146484375,0,0,0.0
[*]CCCCC(=O)OCCCCCCOC(=O)c1ccc(O[*])cc1,[*]CCCCC(=O)OSCCCCCOC(=O)c1ccc(O[*])cc1,0.17204856872558594,0.21718311309814453,0,0,0.0
[*]CCCCC(=O)OCCCCCCOC(=O)c1ccc(O[*])cc1,[*]CCCCC(=O)OCCCCCCOC(=O)c1ccc(O[*])nc1,0.13253545761108398,0.045435428619384766,0,0,0.0
[*]CCCCCCCCCCCCC(=O)N[*],[*]CCCCCCCCCCPCC(=O)N[*],1.0769352912902832,0.3102226257324219,0,0,0.0
[*]CCCCCCCCCCCCC(=O)N[*],[*]CCCCCCCCCCCCC(=N)N[*],0.15558242797851562,0.5261349678039551,0,0,0.0
[*]CCCCCCCCCCCCC(=O)N[*],[*]CCCCCCCCCCCCC(/O)N[*],0.0035839080810546875,0.30596351623535156,0,0,0.0
[*]CCOCCOCCOC(=O)c1ccc(C(=O)O[*])cc1,[*]CCOCCICCOC(=O)c1ccc(C(=O)O[*])cc1,0.15929794311523438,0.040804386138916016,0,0,0.0
[*]CCOCCOCCOC(=O)c1ccc(C(=O)O[*])cc1,[*]CCOCCNCCOC(=O)c1ccc(C(=O)O[*])cc1,0.033464908599853516,0.15401124954223633,0,0,0.0
[*]CCOCCOCCOC(=O)c1ccc(C(=O)O[*])cc1,[*]CCOCCOCCOC(=O)c1cnc(C(=O)O[*])cc1,0.12422037124633789,0.6587047576904297,0,0,0.0
[*]CC([*])(F)C(=O)OCC(F)(F)C(F)(F)F,[*]CC([*])(F)C(=O)OCC(F)(F)C(F)(Cl)F,0.16188430786132812,0.4844660758972168,0,0,0.0
[*]CC([*])(F)C(=O)OCC(F)(F)C(F)(F)F,[*]CC([*])(F)C(=O)OCC(F)(F)I(F)(F)F,1.2681536674499512,0.30380725860595703,0,0,0.0
[*]CC([*])(F)C(=O)OCC(F)(F)C(F)(F)F,[*]CC([*])(F)C(=O)OCC(F)(F)C(F)(F)P,0.17960500717163086,0.048830509185791016,0,0,0.0
[*]CC([*])(F)C(=O)OCC(F)(F)C(F)(F)F,[*]CC([*])(F)C(-O)OCC(F)(F)C(F)(F)F,0.027108192443847656,0.28908872604370117,0,0,0.0
[*]CC([*])C(=O)Nc1ccccc1Cl,[*]CC([*])I(=O)Nc1ccccc1Cl,0.5050539970397949,0.06269288063049316,0,0,0.0
[*]CC([*])C(=O)Nc1ccccc1Cl,[*]OC([*])C(=O)Nc1ccccc1Cl,0.0002980232238769531,0.7472987174987793,0,0,0.0
[*]CC([*])C(=O)Nc1ccccc1Cl,[*]CC([*])C(=O)Nc1ccccc1P,0.30316162109375,0.6629552841186523,0,0,0.0
[*]CC([*])C(=O)Nc1ccccc1Cl,[*]CC([*])C(=O)Nc1ccncc1Cl,0.12866640090942383,0.021652698516845703,0,0,0.0
[*]CC([*])CO,[*]CN([*])CO,0.8019466400146484,0.2420186996459961,0,0,0.0
[*]CC([*])CO,[*]CC([*])NO,0.11082983016967773,0.1374492645263672,0,0,0.0
[*]CC([*])CO,[*]OC([*])CO,0.002907276153564453,0.3233757019042969,0,0,0.0
[*]Sc1ccc(-c2ccc(SC(=O)CCCCCCCCC([*])=O)cc2)cc1,[*]Sc1ccc(-c2ccc(SC(-O)CCCCCCCCC([*])=O)cc2)cc1,0.017633914947509766,0.12169456481933594,0,0,0.0
[*]Sc1ccc(-c2ccc(SC(=O)CCCCCCCCC([*])=O)cc2)cc1,[*]Sc1ccc(-c2cnc(SC(=O)CCCCCCCCC([*])=O)cc2)cc1,0.07738351821899414,0.08807253837585449,0,0,0.0
[*]Sc1ccc(-c2ccc(SC(=O)CCCCCCCCC([*])=O)cc2)cc1,[*]Cc1ccc(-c2ccc(SC(=O)CCCCCCCCC([*])=O)cc2)cc1,0.26792097091674805,0.0684351921081543,0,0,0.0
[*]CC(=O)OC(=O)[*],[*]CC(=I)OC(=O)[*],1.6456456184387207,1.4074454307556152,0,0,0.0
[*]CC(=O)OC(=O)[*],[*]SC(=O)OC(=O)[*],1.5896100997924805,1.028937816619873,0,0,0.0
[*]OC(C)CCOC(=O)CCCCC([*])=O,[*]OC(C)CCOC(=O)SCCCC([*])=O,0.9113626480102539,1.1672611236572266,0,0,0.0
[*]OC(C)CCOC(=O)CCCCC([*])=O,[*]OC(C)CCOC(=P)CCCCC([*])=O,0.8966927528381348,0.03863239288330078,0,0,0.0
[*]OC(C)CCOC(=O)CCCCC([*])=O,[*]OC(C)NCOC(=O)CCCCC([*])=O,0.2848372459411621,0.3034205436706543,0,0,0.0
[*]Nc1ccc(NC(=O)CCCCCCCCC([*])=O)cc1,[*]Ns1ccc(NC(=O)CCCCCCCCC([*])=O)cc1,0.8626794815063477,0.451138973236084,0,0,0.0
[*]NC(=O)C(=S)C(S1)=CC=C1[*],[*]NC(=O)C(/S)C(S1)=CC=C1[*],0.754622220993042,0.4999070167541504,0,0,0.0
[*]NC(=O)C(=S)C(S1)=CC=C1[*],[*]NC(=O)C(=S)P(S1)=CC=C1[*],0.4678671360015869,0.11739778518676758,0,0,0.0
[*]NC(=O)C(=S)C(S1)=CC=C1[*],[*]NC(=O)C(=S)C(S1)=CC/C1[*],0.9801046848297119,0.41562366485595703,0,0,0.0
[*]C=C([*])c1cc(C(F)(F)F)oc1C(F)(F)F,[*]C=C([*])c1cc(C(F)(F)F)oc1C(F)(F)O,0.02254033088684082,0.7795882225036621,0,0,0.0
[*]C=C([*])c1cc(C(F)(F)F)oc1C(F)(F)F,[*]N=C([*])c1cc(C(F)(F)F)oc1C(F)(F)F,0.7723996639251709,0.24510407447814941,0,0,0.0
[*]Oc1ccc(C2(c3ccc(OC([*])=O)cc3)CC(C)CC(C)(C)C2)cc1,[*]Oc1ccc(C2(c3ccc(OC([*])=O)cc3)IC(C)CC(C)(C)C2)cc1,0.10124778747558594,0.032967567443847656,0,0,0.0
[*]Oc1ccc(C(c2ccc(OC(=O)c3ccc(C([*])=O)cc3)cc2)(C(F)(F)F)C(F)(F)F)cc1,[*]Oc1ccc(C(c2ccs(OC(=O)c3ccc(C([*])=O)cc3)cc2)(C(F)(F)F)C(F)(F)F)cc1,0.5877695083618164,0.8182358741760254,0,0,0.0
[*]Oc1ccc(C(c2ccc(OC(=O)c3ccc(C([*])=O)cc3)cc2)(C(F)(F)F)C(F)(F)F)cc1,[*]Oc1ccc(C(c2ccc(OC(=O)c3ccc(C([*])=O)cc3)cc2)(C(F)(F)S)C(F)(F)F)cc1,0.030431747436523438,0.001819610595703125,0,0,0.0
[*]Oc1ccc(CC(NC(=O)CCc2ccc(OC([*])=O)cc2)C(=O)OCC)cc1,[*]Oc1ccc(CC(SC(=O)CCc2ccc(OC([*])=O)cc2)C(=O)OCC)cc1,0.06893205642700195,0.05008745193481445,0,0,0.0
[*]Oc1ccc(CC(NC(=O)CCc2ccc(OC([*])=O)cc2)C(=O)OCC)cc1,[*]Oc1ccc(CC(NC(=O)CCc2ccc(OC([*])=O)cc2)C(=O)CCC)cc1,0.024350643157958984,0.026271820068359375,0,0,0.0
[*]Oc1ccc(CC(NC(=O)CCc2ccc(OC([*])=O)cc2)C(=O)OCC)cc1,[*]Oc1ccc(CC(NC(=O)CCc2ccc(OC([*])=O)cc2)C(=S)OCC)cc1,0.36962461471557617,0.04221916198730469,0,0,0.0
[*]Oc1ccc(CC(NC(=O)CCc2ccc(OC([*])=O)cc2)C(=O)OCC)cc1,[*]Oc1ccc(CC(NC(=O)CCs2ccc(OC([*])=O)cc2)C(=O)OCC)cc1,0.7730093002319336,0.9306595325469971,0,0,0.0
[*]CCCOC(=O)c1ccc2cc(C(=O)O[*])ccc2c1,[*]CCCOC(=O)c1ccc2cc(S(=O)O[*])ccc2c1,0.08608341217041016,0.22879648208618164,0,0,0.0
[*]CCCOC(=O)c1ccc2cc(C(=O)O[*])ccc2c1,[*]CCCOC(-O)c1ccc2cc(C(=O)O[*])ccc2c1,0.17411565780639648,0.028289794921875,0,0,0.0
[*]CCCOC(=O)c1ccc2cc(C(=O)O[*])ccc2c1,[*]CCCOC(=O)s1ccc2cc(C(=O)O[*])ccc2c1,0.37429046630859375,0.6978795528411865,0,0,0.0
[*]CC(OC(=O)OCC)C(COC(=O)O[*])OC(=O)OCC,[*]CC(OC(=O)OCC)C(COC(=O)O[*])OC(=C)OCC,0.18611717224121094,0.08057689666748047,0,0,0.0
[*]CC(OC(=O)OCC)C(COC(=O)O[*])OC(=O)OCC,[*]CC(OC(=O)OCC)C(NOC(=O)O[*])OC(=O)OCC,0.023842811584472656,0.056200504302978516,0,0,0.0
[*]CC(OC(=O)OCC)C(COC(=O)O[*])OC(=O)OCC,[*]CC(OC(=O)OCC)C(COC(=O)O[*])OC(=O)NCC,0.16174983978271484,0.15132761001586914,0,0,0.0
[*]NC(C=C1)=CC=C1C(=O)O[*],[*]NC(C=C1)=CC\C1C(=O)O[*],0.05055952072143555,0.43003177642822266,0,0,0.0
[*]NC(C=C1)=CC=C1C(=O)O[*],[*]NC(N=C1)=CC=C1C(=O)O[*],0.1803445816040039,0.21750640869140625,0,0,0.0
[*]NC(C=C1)=CC=C1C(=O)O[*],[*]NC(C=C1)=CC-C1C(=O)O[*],0.05055952072143555,0.15535974502563477,0,0,0.0
[*]NC(C=C1)=CC=C1C(=O)O[*],[*]NC(C/C1)=CC=C1C(=O)O[*],0.39428162574768066,0.5296454429626465,0,0,0.0
[*]OC(C)CCOC(=O)CCCCCC([*])=O,[*]OC(S)CCOC(=O)CCCCCC([*])=O,0.09879589080810547,0.8668293952941895,0,0,0.0
[*]OC(C)CCOC(=O)CCCCCC([*])=O,[*]OC(C)CCOC(=O)CCSCCC([*])=O,1.1000251770019531,0.6074414253234863,0,0,0.0
[*]OC(C)CCOC(=O)CCCCCC([*])=O,[*]OC(C)CCOC(=P)CCCCCC([*])=O,0.8648848533630371,0.09255361557006836,0,0,0.0
[*]OC(C)CCOC(=O)CCCCCC([*])=O,[*]OI(C)CCOC(=O)CCCCCC([*])=O,1.0197958946228027,0.016262054443359375,0,0,0.0
[*]C(C=C1)=CC=C1C(C=C2)=CC=C2C(C=C3)=CC=C3O[*],[*]C(C=C1)/CC=C1C(C=C2)=CC=C2C(C=C3)=CC=C3O[*],0.008452415466308594,0.18136835098266602,0,0,0.0
[*]C(C=C1)=CC=C1C(C=C2)=CC=C2C(C=C3)=CC=C3O[*],[*]C(C=C1)=CC\C1C(C=C2)=CC=C2C(C=C3)=CC=C3O[*],0.08034110069274902,0.3076357841491699,0,0,0.0
[*]C(C=C1)=CC=C1C(C=C2)=CC=C2C(C=C3)=CC=C3O[*],[*]C(C=C1)=CC=C1C(C=C2)=CC=C2P(C=C3)=CC=C3O[*],0.379270076751709,0.20419883728027344,0,0,0.0
[*]c1cc(CCCC(=O)OCC)c([*])[nH]1,[*]c1cc(CCCP(=O)OCC)c([*])[nH]1,0.11456584930419922,0.0604093074798584,0,0,0.0
[*]c1cc(CCCC(=O)OCC)c([*])[nH]1,[*]c1cc(CCCC(=O)OCO)c([*])[nH]1,0.04315805435180664,0.03423357009887695,0,0,0.0
[*]C(=O)C1C(C)C1C(=O)N1CCN([*])CC1,[*]C(=O)C1C(C)C1C(=O)N1CCN([*])SC1,0.3653736114501953,0.8044962882995605,0,0,0.0
[*]C(=O)C1C(C)C1C(=O)N1CCN([*])CC1,[*]C(=C)C1C(C)C1C(=O)N1CCN([*])CC1,0.2958106994628906,0.0687403678894043,0,0,0.0
[*]CCCCCOC(=O)c1ccccc1-c1ccccc1C(=O)O[*],[*]CCCCCOC(=O)c1ccccc1-s1ccccc1C(=O)O[*],0.6504287719726562,0.2288808822631836,0,0,0.0
[*]CCOC(=O)Nc1cc(NC(=O)O[*])ccc1C,[*]CCOC(=O)Nc1cc(NC(-O)O[*])ccc1C,0.021746158599853516,0.015668392181396484,0,0,0.0
[*]CCOC(=O)Nc1cc(NC(=O)O[*])ccc1C,[*]CCOC(=P)Nc1cc(NC(=O)O[*])ccc1C,0.5083146095275879,0.043834686279296875,0,0,0.0
[*]CCOC(=O)Nc1cc(NC(=O)O[*])ccc1C,[*]CCOC(=O)Nc1cc(NC(=O)I[*])ccc1C,0.04171037673950195,0.11098051071166992,0,0,0.0
[*]C=Cc1ccc([*])n1C,[*]C=Cc1ccc([*])n1O,0.32181572914123535,0.49864816665649414,0,0,0.0
[*]C=Cc1ccc([*])n1C,[*]C=Cs1ccc([*])n1C,0.4832282066345215,0.5923800468444824,0,0,0.0
[*]CC(CO[*])(COCC(F)(F)F)COCC(F)(F)F,[*]CC(CO[*])(COCC(F)(F)F)COSC(F)(F)F,0.0008645057678222656,0.7148408889770508,0,0,0.0
[*]CC(CO[*])(COCC(F)(F)F)COCC(F)(F)F,[*]CC(PO[*])(COCC(F)(F)F)COCC(F)(F)F,0.022830486297607422,0.0033044815063476562,0,0,0.0
[*]CC(CO[*])(COCC(F)(F)F)COCC(F)(F)F,[*]CC(CO[*])(COCC(F)(F)N)COCC(F)(F)F,0.0465850830078125,0.5224404335021973,0,0,0.0
[*]CC(CO[*])(COCC(F)(F)F)COCC(F)(F)F,[*]CC(CO[*])(COCC(F)(F)F)COCC(P)(F)F,0.19552326202392578,0.1850290298461914,0,0,0.0
[*]C(C=C1)=CC=C1C(S2)=CC=C2OC(=S)[*],[*]I(C=C1)=CC=C1C(S2)=CC=C2OC(=S)[*],0.3393135070800781,0.17777180671691895,0,0,0.0
[*]C(C=C1)=CC=C1C(S2)=CC=C2OC(=S)[*],[*]C(C=I1)=CC=C1C(S2)=CC=C2OC(=S)[*],0.3192410469055176,0.1336829662322998,0,0,0.0
[*]c1ccc(Oc2ccc(-c3nnc([*])o3)cc2)cc1,[*]c1ccc(Oc2ncc(-c3nnc([*])o3)cc2)cc1,0.06819796562194824,0.04048609733581543,0,0,0.0
[*]c1ccc(Oc2ccc(-c3nnc([*])o3)cc2)cc1,[*]c1ccc(Oc2ccc(-c3nns([*])o3)cc2)cc1,0.000797271728515625,0.6102445125579834,0,0,0.0
[*]C([*])(F)F,[*]I([*])(F)F,0.40188121795654297,0.4661073684692383,0,0,0.0
[*]C([*])(F)F,[*]C([*])(F)C,0.6913328170776367,1.3077278137207031,0,0,0.0
[*]C([*])(F)F,[*]C([*])(Cl)F,0.492706298828125,1.3752493858337402,0,0,0.0
[*]Nc1cccc(NC(=O)c2ccc(NC(=O)c3ccc([Si](C)(C)c4ccc(C(=O)Nc5ccc(C([*])=O)cc5)cc4)cc3)cc2)c1,[*]Nc1cccc(NC(=O)c2ccc(NC(=O)c3ccc([Si](C)(C)c4ccc(C(=O)Nc5ccc(C([*])=O)cc5)cc4)cc3)cn2)c1,0.015290021896362305,0.04372096061706543,0,0,0.0
[*]Nc1cccc(NC(=O)c2ccc(NC(=O)c3ccc([Si](C)(C)c4ccc(C(=O)Nc5ccc(C([*])=O)cc5)cc4)cc3)cc2)c1,[*]Nc1cccc(NC(=O)c2ccc(NC(=O)c3ccc([Si](C)(C)c4ccc(C(=O)Nc5ccc(S([*])=O)cc5)cc4)cc3)cc2)c1,0.1858201026916504,0.03116893768310547,0,0,0.0
[*]Nc1cccc(NC(=O)c2ccc(NC(=O)c3ccc([Si](C)(C)c4ccc(C(=O)Nc5ccc(C([*])=O)cc5)cc4)cc3)cc2)c1,[*]Nc1cccc(NC(=O)c2ccc(NC(=O)c3ccc([Si](C)(C)c4ccc(C(=O)Nc5ccc(C([*])=O)cc5)cc4)cc3)cc2)n1,0.01043558120727539,0.05606651306152344,0,0,0.0
[*]Nc1cccc(NC(=O)c2ccc(NC(=O)c3ccc([Si](C)(C)c4ccc(C(=O)Nc5ccc(C([*])=O)cc5)cc4)cc3)cc2)c1,[*]Nc1cccc(NC(=O)c2ccc(OC(=O)c3ccc([Si](C)(C)c4ccc(C(=O)Nc5ccc(C([*])=O)cc5)cc4)cc3)cc2)c1,0.02532482147216797,0.20108795166015625,0,0,0.0
[*]Nc1cccc(NC(=O)c2ccc(NC(=O)c3ccc([Si](C)(C)c4ccc(C(=O)Nc5ccc(C([*])=O)cc5)cc4)cc3)cc2)c1,[*]Nc1cccc(NC(=O)c2ccc(NC(=O)c3ccc([Si](C)(C)c4ccc(C(=O)Nc5ccc(C([*])-O)cc5)cc4)cc3)cc2)c1,0.24273300170898438,0.08384537696838379,0,0,0.0
[*]CCCOC(=O)CCCCSCCCCC(=O)O[*],[*]CCCOC(=O)CCCCSCCCCC(-O)O[*],0.10212945938110352,0.13771390914916992,0,0,0.0
[*]CCCOC(=O)CCCCSCCCCC(=O)O[*],[*]CCCOC(=O)CCCCSCCCCC(\O)O[*],0.10212945938110352,0.0811452865600586,0,0,0.0
[*]CCCCCCCCc1nc2cc3sc([*])nc3cc2s1,[*]CCPCCCCCc1nc2cc3sc([*])nc3cc2s1,0.10383296012878418,0.18903875350952148,0,0,0.0
[*]CCCCCCCCc1nc2cc3sc([*])nc3cc2s1,[*]COCCCCCCc1nc2cc3sc([*])nc3cc2s1,0.02624201774597168,0.3203611373901367,0,0,0.0
[*]CCCCCCCCc1nc2cc3sc([*])nc3cc2s1,[*]CCCCPCCCc1nc2cc3sc([*])nc3cc2s1,0.12849187850952148,0.022352218627929688,0,0,0.0
[*]Oc1ccc(-c2ccc(Oc3ccc(C(=O)c4ccc([*])cc4)cc3)cc2)cc1,[*]Oc1ccc(-c2ccc(Oc3ccc(C(=O)c4cnc([*])cc4)cc3)cc2)cc1,0.0019137859344482422,0.010373592376708984,0,0,0.0
[*]Oc1ccc(-c2ccc(Oc3ccc(C(=O)c4ccc([*])cc4)cc3)cc2)cc1,[*]Oc1ccc(-c2ncc(Oc3ccc(C(=O)c4ccc([*])cc4)cc3)cc2)cc1,0.006698131561279297,0.029592514038085938,0,0,0.0
[*]CC#CC#CCOC(=O)CCCCC(=O)O[*],[*]CC#CC#CCPC(=O)CCCCC(=O)O[*],0.46515989303588867,0.02610492706298828,0,0,0.0
[*]CC#CC#CCOC(=O)CCCCC(=O)O[*],[*]CC#CI#CCOC(=O)CCCCC(=O)O[*],0.09169578552246094,0.007868766784667969,0,0,0.0
[*]CC#CC#CCOC(=O)CCCCC(=O)O[*],[*]CC#CC=CCOC(=O)CCCCC(=O)O[*],0.22330951690673828,0.10017728805541992,0,0,0.0
[*]CC#CC#CCOC(=O)CCCCC(=O)O[*],[*]CC#CC#CCOC(=O)CCCCC(-O)O[*],0.13062810897827148,0.2208418846130371,0,0,0.0
[*]Oc1c(Cl)cc([*])cc1Br,[*]Oc1c(Cl)cc([*])cs1Br,2.7653346061706543,0.6938414573669434,0,0,0.0
[*]Oc1c(Cl)cc([*])cc1Br,[*]Oc1c(Cl)cc([*])cc1C,0.04716062545776367,0.14455604553222656,0,0,0.0
[*]Oc1c(Cl)cc([*])cc1Br,[*]Oc1c(Cl)cc([*])cc1S,0.11090230941772461,0.47167325019836426,0,0,0.0
[*]CC(=O)C(S1)=CC=C1C(S2)=CC=C2[*],[*]CC(=O)S(S1)=CC=C1C(S2)=CC=C2[*],0.38104867935180664,0.08352398872375488,0,0,0.0
[*]CC(=O)C(S1)=CC=C1C(S2)=CC=C2[*],[*]CC(=O)C(I1)=CC=C1C(S2)=CC=C2[*],0.657534122467041,0.1844184398651123,0,0,0.0
[*]C(=O)C(=O)c1ccc(C=C2CCC(=Cc3ccc([*])cc3)C2=O)cc1,[*]C(=O)C(-O)c1ccc(C=C2CCC(=Cc3ccc([*])cc3)C2=O)cc1,0.2771792411804199,0.18283700942993164,0,0,0.0
[*]Oc1cccc(Oc2ccc(-c3ccc([*])cc3)cc2)c1C#N,[*]Oc1cccc(Oc2ccc(-c3ccc([*])cc3)cc2)c1C-N,0.2635207176208496,0.5478887557983398,0,0,0.0
[*]Oc1cccc(Oc2ccc(-c3ccc([*])cc3)cc2)c1C#N,[*]Oc1cccs(Oc2ccc(-c3ccc([*])cc3)cc2)c1C#N,0.5727763175964355,0.4970250129699707,0,0,0.0
[*]c1ccc2c(c1)c1cc([*])ccc1n2CC1CO1,[*]c1ccc2c(c1)c1nc([*])ccc1n2CC1CO1,0.00347900390625,0.0038900375366210938,0,0,0.0
[*]c1ccc2c(c1)c1cc([*])ccc1n2CC1CO1,[*]c1ccc2c(c1)c1cc([*])ncc1n2CC1CO1,0.009694814682006836,0.0481114387512207,0,0,0.0
[*]CCCCCCCCCCOC(=O)NCc1ccc(CNC(=O)O[*])cc1,[*]CCCCCCCSCCOC(=O)NCc1ccc(CNC(=O)O[*])cc1,0.5759906768798828,0.13135051727294922,0,0,0.0
[*]CCCCCCCCCCOC(=O)NCc1ccc(CNC(=O)O[*])cc1,[*]CCCCCCCNCCOC(=O)NCc1ccc(CNC(=O)O[*])cc1,0.211822509765625,0.008580207824707031,0,0,0.0
[*]CCCCOc1ccc(C=C2CCC(=Cc3ccc(O[*])cc3)C2=O)cc1,[*]CCCCOc1ccc(C=S2CCC(=Cc3ccc(O[*])cc3)C2=O)cc1,0.13389062881469727,0.24379849433898926,0,0,0.0
[*]CCCCOc1ccc(C=C2CCC(=Cc3ccc(O[*])cc3)C2=O)cc1,[*]CCCCOc1ccc(C=C2CCC(=Cc3cnc(O[*])cc3)C2=O)cc1,0.038864850997924805,0.21170783042907715,0,0,0.0
[*]CC(CO[*])(CS(=O)(=O)CCC)CS(=O)(=O)CCC,[*]CC(CO[*])(SS(=O)(=O)CCC)CS(=O)(=O)CCC,0.0637354850769043,0.29233551025390625,0,0,0.0
[*]CC(CO[*])(CS(=O)(=O)CCC)CS(=O)(=O)CCC,[*]CC(CO[*])(CS(=O)(=O)CCC)CS(=O)(=O)PCC,0.23273468017578125,0.06426239013671875,0,0,0.0
[*]CC(CO[*])(CS(=O)(=O)CCC)CS(=O)(=O)CCC,[*]CC(CO[*])(OS(=O)(=O)CCC)CS(=O)(=O)CCC,0.20434808731079102,0.020401954650878906,0,0,0.0
[*]CC(CO[*])(CS(=O)(=O)CCC)CS(=O)(=O)CCC,[*]CS(CO[*])(CS(=O)(=O)CCC)CS(=O)(=O)CCC,0.3541250228881836,0.2859053611755371,0,0,0.0
[*]OC(=O)CCSCCC([*])=O,[*]OC(/O)CCSCCC([*])=O,0.19800949096679688,0.3917112350463867,0,0,0.0
[*]OC(=O)CCSCCC([*])=O,[*]OC(=C)CCSCCC([*])=O,0.2372574806213379,0.38359594345092773,0,0,0.0
[*]c1ccc2cc([*])n(C(C(=O)NO)n3ccc4ccccc43)c2c1,[*]c1ccc2nc([*])n(C(C(=O)NO)n3ccc4ccccc43)c2c1,0.02144145965576172,0.01556706428527832,0,0,0.0
[*]CCC(C)CO[*],[*]CCC(C)SO[*],0.4850330352783203,1.3028621673583984,0,0,0.0
[*]CCC(C)CO[*],[*]CSC(C)CO[*],1.2679076194763184,0.9935846328735352,0,0,0.0
[*]CCC(C)CO[*],[*]CCC(C)CP[*],1.1342530250549316,0.08858108520507812,0,0,0.0
[*]CCC(C)CO[*],[*]CCC(I)CO[*],0.7484011650085449,0.016014575958251953,0,0,0.0
[*]CC(C)C(C)COC(=O)c1ccc(C(=O)O[*])cc1,[*]CC(C)C(C)NOC(=O)c1ccc(C(=O)O[*])cc1,0.03227853775024414,0.17247390747070312,0,0,0.0
[*]CC(C)C(C)COC(=O)c1ccc(C(=O)O[*])cc1,[*]CC(C)I(C)COC(=O)c1ccc(C(=O)O[*])cc1,0.13973760604858398,0.0025916099548339844,0,0,0.0
[*]CC(C)C(C)COC(=O)c1ccc(C(=O)O[*])cc1,[*]CC(C)C(C)COC(=O)c1cnc(C(=O)O[*])cc1,0.13643312454223633,0.31838512420654297,0,0,0.0
[*]CC(C)C(C)COC(=O)c1ccc(C(=O)O[*])cc1,[*]CC(C)C(C)COC(=O)c1ccc(C(/O)O[*])cc1,0.20834970474243164,0.12408113479614258,0,0,0.0
[*]CCCOC(=O)CCCCC(=O)O[*],[*]CCCOC(=O)NCCCC(=O)O[*],0.18866395950317383,0.317108154296875,0,0,0.0
[*]CCCOC(=O)CCCCC(=O)O[*],[*]CCCOC(=O)CCCCP(=O)O[*],0.34961366653442383,0.14574718475341797,0,0,0.0
[*]CCCOC(=O)CCCCC(=O)O[*],[*]PCCOC(=O)CCCCC(=O)O[*],1.3359951972961426,0.21089553833007812,0,0,0.0
[*]CCCOC(=O)CCCCC(=O)O[*],[*]SCCOC(=O)CCCCC(=O)O[*],1.3372349739074707,0.5704922676086426,0,0,0.0
[*]C(F)C([*])(F)OC(F)(F)F,[*]C(F)C([*])(F)OC(Br)(F)F,1.7258033752441406,0.9354491233825684,0,0,0.0
[*]C(F)C([*])(F)OC(F)(F)F,[*]C(F)C([*])(F)OS(F)(F)F,0.4414043426513672,1.5904016494750977,0,0,0.0
[*]C(F)C([*])(F)OC(F)(F)F,[*]C(F)C([*])(F)OC(C)(F)F,0.17870664596557617,0.5633335113525391,0,0,0.0
[*]C(F)C([*])(F)OC(F)(F)F,[*]C(F)C([*])(F)OC(F)(F)N,0.18395614624023438,0.7860431671142578,0,0,0.0
[*]C(=O)c1ccc2c(c1)C(=O)N(c1cccc(Cc3ccc(C(=O)c4ccc(N5C(=O)c6ccc([*])cc6C5=O)cc4)cc3)c1)C2=O,[*]C(=O)c1ccc2c(c1)C(=O)N(c1cccc(Cc3ccc(C(=O)c4ccc(N5C(=O)c6ncc([*])cc6C5=O)cc4)cc3)c1)C2=O,0.004368782043457031,0.028098106384277344,0,0,0.0
[*]CC([*])c1ccc(CCl)cc1,[*]CC([*])s1ccc(CCl)cc1,1.2112720012664795,0.0954890251159668,0,0,0.0
[*]CC([*])c1ccc(CCl)cc1,[*]CC([*])c1ccc(NCl)cc1,0.7664732933044434,0.4344775676727295,0,0,0.0
[*]CC([*])c1ccc(CCl)cc1,[*]CC([*])c1ccc(CF)cc1,0.03290414810180664,0.12238192558288574,0,0,0.0
[*]CC([*])c1ccc(CCl)cc1,[*]CC([*])c1ccc(CCl)nc1,0.04398488998413086,0.017370223999023438,0,0,0.0
[*]CC([*])c1ccc(CCl)cc1,[*]CP([*])c1ccc(CCl)cc1,0.6197829246520996,0.9539268016815186,0,0,0.0
[*]c1cc(CCCCCCCCCC2COC(c3ccccc3)O2)c([*])s1,[*]c1cc(CCCCCCCCCC2COC(c3cnccc3)O2)c([*])s1,0.09758591651916504,0.1876239776611328,0,0,0.0
[*]Oc1c(Br)cc(C(C)(C)c2cc(Br)c(OC([*])=O)c(Br)c2)cc1Br,[*]Oc1c(Br)cc(C(C)(N)c2cc(Br)c(OC([*])=O)c(Br)c2)cc1Br,0.004270076751708984,0.2599062919616699,0,0,0.0
[*]CCCCNC(=O)c1cccc(C(=O)N[*])c1,[*]CCCCNC(=O)s1cccc(C(=O)N[*])c1,1.014237642288208,0.7238616943359375,0,0,0.0
[*]CCCCNC(=O)c1cccc(C(=O)N[*])c1,[*]CCSCNC(=O)c1cccc(C(=O)N[*])c1,0.3067951202392578,0.2671370506286621,0,0,0.0
[*]CCCCNC(=O)c1cccc(C(=O)N[*])c1,[*]CCCCNC(=O)c1cncc(C(=O)N[*])c1,0.03500175476074219,0.11114311218261719,0,0,0.0
[*]CC([*])c1ccc(C(=O)CCN2CCOCC2)cc1,[*]CS([*])c1ccc(C(=O)CCN2CCOCC2)cc1,0.26055335998535156,0.0343480110168457,0,0,0.0
[*]CC([*])c1ccc(C(=O)CCN2CCOCC2)cc1,[*]CC([*])c1ccc(C(=O)ICN2CCOCC2)cc1,0.3598909378051758,0.10390233993530273,0,0,0.0
[*]NC(CCC([*])=O)C(=O)OC,[*]NC(CIC([*])=O)C(=O)OC,0.6230964660644531,0.016570568084716797,0,0,0.0
[*]NC(CCC([*])=O)C(=O)OC,[*]NC(CCC([*])=O)C(=S)OC,1.331573486328125,0.9481878280639648,0,0,0.0
[*]NC(CCC([*])=O)C(=O)OC,[*]NC(COC([*])=O)C(=O)OC,0.22428035736083984,0.09925460815429688,0,0,0.0
[*]CCCCCCNC(=O)C(CCCCC)C(=O)N[*],[*]CCCCCCNC(=O)C(CCCCC)C(=C)N[*],0.3221249580383301,0.1576061248779297,0,0,0.0
[*]CCCCCCNC(=O)C(CCCCC)C(=O)N[*],[*]CCCOCCNC(=O)C(CCCCC)C(=O)N[*],0.18394184112548828,0.08828401565551758,0,0,0.0
[*]CCCCCCNC(=O)C(CCCCC)C(=O)N[*],[*]CCCPCCNC(=O)C(CCCCC)C(=O)N[*],0.8821687698364258,0.0313572883605957,0,0,0.0
[*]C(=O)C(C=C1)=CC=C1OC(=S)[*],[*]C(=O)C(C=C1)=CC=I1OC(=S)[*],0.8402466773986816,0.032538652420043945,0,0,0.0
[*]C(=O)C(C=C1)=CC=C1OC(=S)[*],[*]S(=O)C(C=C1)=CC=C1OC(=S)[*],0.2959585189819336,0.045461177825927734,0,0,0.0
[*]C(=O)C(C=C1)=CC=C1OC(=S)[*],[*]C(=O)C(C=C1)=CC=C1OC(=C)[*],0.5546727180480957,0.4322390556335449,0,0,0.0
[*]C(=O)C(C=C1)=CC=C1OC(=S)[*],[*]C(=O)C(C=C1)=CC=C1OI(=S)[*],1.1272916793823242,0.0006213188171386719,0,0,0.0
[*]c1ccc(NC(=O)c2cc(NC(=O)c3ccc(OC(C)=O)cc3)cc(C(=O)Nc3ccc(-c4nnc([*])o4)cc3)c2)cc1,[*]c1ccc(NC(=O)c2cc(NC(=O)c3ccc(OC(C)=O)cc3)cc(C(=O)Nc3ccc(-c4nnc([*])o4)cc3)n2)cc1,0.041024208068847656,0.0015377998352050781,0,0,0.0
[*]c1ccc(NC(=O)c2cc(NC(=O)c3ccc(OC(C)=O)cc3)cc(C(=O)Nc3ccc(-c4nnc([*])o4)cc3)c2)cc1,[*]c1ccc(NC(=O)c2cc(NC(=O)c3ccs(OC(C)=O)cc3)cc(C(=O)Nc3ccc(-c4nnc([*])o4)cc3)c2)cc1,0.39017677307128906,0.1553959846496582,0,0,0.0
[*]c1ccc(NC(=O)c2cc(NC(=O)c3ccc(OC(C)=O)cc3)cc(C(=O)Nc3ccc(-c4nnc([*])o4)cc3)c2)cc1,[*]c1ncc(NC(=O)c2cc(NC(=O)c3ccc(OC(C)=O)cc3)cc(C(=O)Nc3ccc(-c4nnc([*])o4)cc3)c2)cc1,0.011445045471191406,0.051844120025634766,0,0,0.0
[*]c1ccc([*])n1C(=O)NO,[*]c1ccc([*])n1C(=O)NP,0.2203996181488037,0.358518123626709,0,0,0.0
[*]c1ccc([*])n1C(=O)NO,[*]c1ccc([*])n1C(-O)NO,0.4564332962036133,0.755756139755249,0,0,0.0
[*]c1ccc(-c2nc3ccc(-c4ccc5nc([*])sc5c4)cc3s2)cc1,[*]c1ncc(-c2nc3ccc(-c4ccc5nc([*])sc5c4)cc3s2)cc1,0.0076138973236083984,0.0890665054321289,0,0,0.0
[*]c1ccc(-c2nc3ccc(-c4ccc5nc([*])sc5c4)cc3s2)cc1,[*]c1ccc(-c2nc3ccc(-c4ncc5nc([*])sc5c4)cc3s2)cc1,0.014800548553466797,0.06373214721679688,0,0,0.0
[*]CCCCCCCCNC(=O)CCCCCCCCCCCCCCCCCCC(=O)N[*],[*]CCCCCCCCNC(=O)CCCCCCCCCCCCCCCCCCC(-O)N[*],0.05301809310913086,0.0551910400390625,0,0,0.0
[*]CCCCCCCCNC(=O)CCCCCCCCCCCCCCCCCCC(=O)N[*],[*]PCCCCCCCNC(=O)CCCCCCCCCCCCCCCCCCC(=O)N[*],0.9192161560058594,0.03803682327270508,0,0,0.0
[*]CCCCCCCCNC(=O)CCCCCCCCCCCCCCCCCCC(=O)N[*],[*]CCCCCCCCNC(=O)CICCCCCCCCCCCCCCCCC(=O)N[*],0.9393777847290039,0.021082401275634766,0,0,0.0
[*]c1sc([*])c2c1OCC(CCCCCC)O2,[*]c1sc([*])c2c1OCC(ICCCCC)O2,0.8388032913208008,0.022098541259765625,0,0,0.0
[*]Oc1ccc(CC(NC(=O)CCc2ccc(OC(=O)CCC([*])=O)cc2)C(=O)OCCCCCC)cc1,[*]Oc1ccc(CC(NC(=O)OCc2ccc(OC(=O)CCC([*])=O)cc2)C(=O)OCCCCCC)cc1,0.04970121383666992,0.09166955947875977,0,0,0.0
[*]Oc1ccc(CC(NC(=O)CCc2ccc(OC(=O)CCC([*])=O)cc2)C(=O)OCCCCCC)cc1,[*]Oc1ccc(IC(NC(=O)CCc2ccc(OC(=O)CCC([*])=O)cc2)C(=O)OCCCCCC)cc1,0.265042781829834,0.015997886657714844,0,0,0.0
[*]Oc1ccc(CC(NC(=O)CCc2ccc(OC(=O)CCC([*])=O)cc2)C(=O)OCCCCCC)cc1,[*]Oc1ccc(CC(NC(=O)CCc2ccc(OC(=O)CCC([*])=O)cc2)C(=O)OCCNCCC)cc1,0.061081886291503906,0.07113409042358398,0,0,0.0
[*]NC(C=C)CC([*])=O,[*]NI(C=C)CC([*])=O,0.08938074111938477,1.097222089767456,0,0,0.0
[*]NC(C=C)CC([*])=O,[*]NN(C=C)CC([*])=O,0.624244213104248,0.009825706481933594,0,0,0.0
[*]OC(F)(F)OC(F)(F)C([*])(F)F,[*]OC(F)(F)OC(F)(F)C([*])(F)O,0.0896458625793457,0.48612213134765625,0,0,0.0
[*]OC(F)(F)OC(F)(F)C([*])(F)F,[*]OC(F)(S)OC(F)(F)C([*])(F)F,0.26073312759399414,2.01214599609375,0,0,0.0
[*]OC(F)(F)OC(F)(F)C([*])(F)F,[*]OC(F)(F)CC(F)(F)C([*])(F)F,0.08890247344970703,0.1265583038330078,0,0,0.0
[*]OC(F)(F)OC(F)(F)C([*])(F)F,[*]OC(F)(F)OC(F)(S)C([*])(F)F,0.16873884201049805,2.361382484436035,0,0,0.0
[*]CCCCCCNC(=O)CC(=O)N[*],[*]CCCCCCIC(=O)CC(=O)N[*],0.387423038482666,0.021564006805419922,0,0,0.0
[*]CCCCCCNC(=O)CC(=O)N[*],[*]NCCCCCNC(=O)CC(=O)N[*],0.3813972473144531,0.03364849090576172,0,0,0.0
[*]CCCCCCNC(=O)CC(=O)N[*],[*]CCCCCNNC(=O)CC(=O)N[*],0.19059991836547852,0.028846263885498047,0,0,0.0
[*]CCOCCOCCOCCOC(=O)NCCCCCCNC(=O)O[*],[*]CCOCCOCCOCCOC(=O)NCCCCCCNC(=S)O[*],1.0233778953552246,0.07865476608276367,0,0,0.0
[*]CCOCCOCCOCCOC(=O)NCCCCCCNC(=O)O[*],[*]CCPCCOCCOCCOC(=O)NCCCCCCNC(=O)O[*],0.5922222137451172,0.004519939422607422,0,0,0.0
[*]CCOCCOCCOCCOC(=O)NCCCCCCNC(=O)O[*],[*]CCOSCOCCOCCOC(=O)NCCCCCCNC(=O)O[*],0.01280975341796875,0.38896799087524414,0,0,0.0
[*]CCOCCOCCOCCOC(=O)NCCCCCCNC(=O)O[*],[*]CCOCCOCOOCCOC(=O)NCCCCCCNC(=O)O[*],0.1621246337890625,0.03887796401977539,0,0,0.0
[*]CCOCCOCCOCCOC(=O)NCCCCCCNC(=O)O[*],[*]CCOCCOCCOCCOC(=O)NPCCCCCNC(=O)O[*],0.6835799217224121,0.007190704345703125,0,0,0.0
[*]Oc1ccc(S(=O)(=O)c2ccc(-c3ccc(S(=O)(=O)c4ccc([*])cc4)cc3)cc2)cc1,[*]Oc1ccc(S(=O)(=O)c2ccc(-c3ccc(S(=O)(=O)c4ccc([*])cc4)cn3)cc2)cc1,0.02368950843811035,0.01726841926574707,0,0,0.0
[*]OP(=O)(Oc1ccc(C(C)(C)c2ccc([*])cc2)cc1)c1ccccc1,[*]OP(=O)(Oc1ccc(C(C)(C)c2ccs([*])cc2)cc1)c1ccccc1,0.6907768249511719,0.5642075538635254,0,0,0.0
[*]Oc1ccc(S(=O)(=O)c2ccc(Oc3ccc(-c4ccc([*])cc4)cc3)cc2)cc1,[*]Oc1ccc(S(=P)(=O)c2ccc(Oc3ccc(-c4ccc([*])cc4)cc3)cc2)cc1,0.17894339561462402,0.04790306091308594,0,0,0.0
[*]Oc1ccc(S(=O)(=O)c2ccc(Oc3ccc(-c4ccc([*])cc4)cc3)cc2)cc1,[*]Oc1cnc(S(=O)(=O)c2ccc(Oc3ccc(-c4ccc([*])cc4)cc3)cc2)cc1,0.05570268630981445,0.16460609436035156,0,0,0.0
[*]c1ccc(N2C(=O)c3ccc(Oc4ccc5c(c4)C(=O)N([*])C5=O)cc3C2=O)cc1,[*]c1ccc(N2C(=O)c3ccc(Oc4ccc5c(c4)C(-O)N([*])C5=O)cc3C2=O)cc1,0.21399855613708496,0.21272754669189453,0,0,0.0
[*]OC(CCl)CC([*])=O,[*]OC(NCl)CC([*])=O,0.3418269157409668,0.2692537307739258,0,0,0.0
[*]OC(CCl)CC([*])=O,[*]OC(CP)CC([*])=O,0.4845151901245117,0.24285602569580078,0,0,0.0
[*]OC(CCl)CC([*])=O,[*]OC(CCl)OC([*])=O,0.42620420455932617,0.32457447052001953,0,0,0.0
[*]OC(CCl)CC([*])=O,[*]OC(CCl)NC([*])=O,0.026641368865966797,0.38374805450439453,0,0,0.0
[*]C(=O)c1ccc2c(c1)C(=O)N(c1cc(C(=O)O)cc(N3C(=O)c4ccc([*])cc4C3=O)c1)C2=O,[*]C(=O)c1ccc2c(c1)C(=O)N(c1cc(C(=O)O)cc(N3C(=O)c4ccc([*])cc4I3=O)c1)C2=O,0.6446552276611328,0.008825302124023438,0,0,0.0
[*]C(=O)c1ccc2c(c1)C(=O)N(c1cc(C(=O)O)cc(N3C(=O)c4ccc([*])cc4C3=O)c1)C2=O,[*]I(=O)c1ccc2c(c1)C(=O)N(c1cc(C(=O)O)cc(N3C(=O)c4ccc([*])cc4C3=O)c1)C2=O,0.35851287841796875,0.011432170867919922,0,0,0.0
[*]C(=O)c1ccc2c(c1)C(=O)N(c1cc(C(=O)O)cc(N3C(=O)c4ccc([*])cc4C3=O)c1)C2=O,[*]C(=O)c1ccc2c(c1)C(=O)N(c1cc(C(=O)O)cc(N3C(=O)c4ccc([*])cc4C3=O)c1)P2=O,0.007486104965209961,0.28149938583374023,0,0,0.0
[*]CCCCCCCCCNC(=O)c1cccc(C(=O)N[*])c1,[*]CCCCICCCCNC(=O)c1cccc(C(=O)N[*])c1,0.016869544982910156,0.02772045135498047,0,0,0.0
[*]CCCCCCCCCNC(=O)c1cccc(C(=O)N[*])c1,[*]CCCCCCCCCPC(=O)c1cccc(C(=O)N[*])c1,0.1963820457458496,0.06271696090698242,0,0,0.0
[*]CCCCCCCCCNC(=O)c1cccc(C(=O)N[*])c1,[*]CCCCCCCCCNC(=I)c1cccc(C(=O)N[*])c1,0.2327289581298828,0.30684947967529297,0,0,0.0
[*]CCCCCCCCCNC(=O)c1cccc(C(=O)N[*])c1,[*]CCCCCCICCNC(=O)c1cccc(C(=O)N[*])c1,0.020282268524169922,0.026257991790771484,0,0,0.0
[*]CCCCCCCCCNC(=O)c1cccc(C(=O)N[*])c1,[*]CCCCCCCCCNC(=O)c1cccc(C(=O)O[*])c1,0.2717146873474121,0.041695594787597656,0,0,0.0
[*]c1ccc2ccc3c([*])cc(C#CC#C[Si](C)(C)C)c4ccc1c2c34,[*]c1ccc2cnc3c([*])cc(C#CC#C[Si](C)(C)C)c4ccc1c2c34,0.010770082473754883,0.021986961364746094,0,0,0.0
[*]c1ccc2ccc3c([*])cc(C#CC#C[Si](C)(C)C)c4ccc1c2c34,[*]s1ccc2ccc3c([*])cc(C#CC#C[Si](C)(C)C)c4ccc1c2c34,0.32770466804504395,0.5008809566497803,0,0,0.0
[*]OC1CCC(OC([*])=O)CC1,[*]OC1CCC(OC([*])=S)CC1,2.1811013221740723,1.3039093017578125,0,0,0.0
[*]OC1CCC(OC([*])=O)CC1,[*]OC1PCC(OC([*])=O)CC1,1.0297770500183105,0.24631834030151367,0,0,0.0
[*]CCN1C(=O)C(=CC=C2SC(=S)N([*])C2=O)SC1=S,[*]CCN1C(=O)C(=CC\C2SC(=S)N([*])C2=O)SC1=S,0.4276916980743408,0.33167338371276855,0,0,0.0
[*]CCN1C(=O)C(=CC=C2SC(=S)N([*])C2=O)SC1=S,[*]CCN1C(=O)C(=CC=C2SC(=S)N([*])C2-O)SC1=S,0.17843866348266602,0.1016077995300293,0,0,0.0
[*]CC([*])OCc1ccccc1,[*]CC([*])OCs1ccccc1,1.5560309886932373,0.8445565700531006,0,0,0.0
[*]CC([*])OCc1ccccc1,[*]CC([*])OCc1cnccc1,0.2026691436767578,1.0486087799072266,0,0,0.0
[*]CC([*])OCc1ccccc1,[*]CC([*])SCc1ccccc1,0.5714163780212402,1.1703920364379883,0,0,0.0
[*]CC([*])OCc1ccccc1,[*]CC([*])OSc1ccccc1,0.2997894287109375,0.3207969665527344,0,0,0.0
[*]CC([*])OCc1ccccc1,[*]CC([*])OCc1ncccc1,0.022088050842285156,1.169114589691162,0,0,0.0
[*]Nc1cccc2c(NC(=O)c3cccc(C([*])=O)c3)cccc12,[*]Ns1cccc2c(NC(=O)c3cccc(C([*])=O)c3)cccc12,0.15137577056884766,0.4786531925201416,0,0,0.0
[*]Nc1cccc2c(NC(=O)c3cccc(C([*])=O)c3)cccc12,[*]Nc1cccc2c(NC(/O)c3cccc(C([*])=O)c3)cccc12,0.23668479919433594,0.41017746925354004,0,0,0.0
[*]Nc1cccc2c(NC(=O)c3cccc(C([*])=O)c3)cccc12,[*]Nc1cccc2c(NS(=O)c3cccc(C([*])=O)c3)cccc12,0.025532245635986328,0.33069777488708496,0,0,0.0
[*]CC([*])C(=O)OCCSCC#N,[*]CC([*])C(=O)OPCSCC#N,0.20122098922729492,0.0775909423828125,0,0,0.0
[*]CC([*])C(=O)OCCSCC#N,[*]CC([*])C(=O)OCCSCC=N,0.0971379280090332,0.5126805305480957,0,0,0.0
[*]c1ccc([*])s1,[*]c1ccs([*])s1,1.1970713138580322,0.002340555191040039,0,0,0.0
[*]c1ccc([*])s1,[*]c1cnc([*])s1,0.3257746696472168,0.17583274841308594,0,0,0.0
[*]c1ccc(Cc2ccccc2-n2c(=O)c3cc4c(=O)n([*])c(=O)c4cc3c2=O)cc1,[*]c1ccc(Cc2ccccc2-n2c(=O)c3cc4s(=O)n([*])c(=O)c4cc3c2=O)cc1,0.07136917114257812,0.10244297981262207,0,0,0.0
[*]c1ccc(Cc2ccccc2-n2c(=O)c3cc4c(=O)n([*])c(=O)c4cc3c2=O)cc1,[*]c1ccc(Cc2ccccc2-n2c(=O)c3cc4c(=O)n([*])c(=C)c4cc3c2=O)cc1,0.01817917823791504,0.3032872676849365,0,0,0.0
[*]CCCCCNC(=O)c1cccc(C(=O)N[*])c1,[*]CCCCCNC(=O)c1ccnc(C(=O)N[*])c1,0.009676933288574219,0.20548009872436523,0,0,0.0
[*]CCCCCNC(=O)c1cccc(C(=O)N[*])c1,[*]CNCCCNC(=O)c1cccc(C(=O)N[*])c1,0.1323537826538086,0.12717294692993164,0,0,0.0
[*]c1ccc([*])n1C(C(=O)NO)n1ccc2ccccc21,[*]c1ccc([*])n1I(C(=O)NO)n1ccc2ccccc21,1.24003005027771,0.08693528175354004,0,0,0.0
[*]c1ccc([*])n1C(C(=O)NO)n1ccc2ccccc21,[*]c1ccc([*])n1C(C(=O)NO)n1ncc2ccccc21,0.05539059638977051,0.06779885292053223,0,0,0.0
O([*])C(=O)Oc1c(C)cc(cc1)C(C)(C)c1cc(C)c(cc1)([*]),P([*])C(=O)Oc1c(C)cc(cc1)C(C)(C)c1cc(C)c(cc1)([*]),0.4915342330932617,0.1411747932434082,0,0,0.0
O([*])C(=O)Oc1c(C)cc(cc1)C(C)(C)c1cc(C)c(cc1)([*]),O([*])C(=O)Oc1c(C)cc(cn1)C(C)(C)c1cc(C)c(cc1)([*]),0.11510372161865234,0.07082128524780273,0,0,0.0
[*]c1ccc([*])c(C)n1,[*]s1ccc([*])c(C)n1,0.8644464015960693,0.7575716972351074,0,0,0.0
[*]c1ccc([*])c(C)n1,[*]c1ccc([*])c(I)n1,0.0988469123840332,0.010505914688110352,0,0,0.0
[*]c1ccc([*])c(C)n1,[*]c1ccc([*])c(F)n1,0.07796621322631836,0.2527351379394531,0,0,0.0
[*]c1ccc([*])c(C)n1,[*]c1ccs([*])c(C)n1,0.5186381340026855,1.1566414833068848,0,0,0.0
[*]N1CCC(CCc2ccc(N3C(=O)c4ccc(N5C(=O)C(=O)N([*])C5=O)cc4C3=O)cc2)CC1,[*]N1CCC(CCc2ccc(N3C(=O)c4ccc(N5C(=O)C(=O)N([*])I5=O)cc4C3=O)cc2)CC1,0.5375616550445557,0.1748194694519043,0,0,0.0
[*]N1CCC(CCc2ccc(N3C(=O)c4ccc(N5C(=O)C(=O)N([*])C5=O)cc4C3=O)cc2)CC1,[*]N1CCC(CCc2ccc(N3C(=O)c4ccc(C5C(=O)C(=O)N([*])C5=O)cc4C3=O)cc2)CC1,0.18000340461730957,0.026249408721923828,0,0,0.0
[*]N1CCC(CCc2ccc(N3C(=O)c4ccc(N5C(=O)C(=O)N([*])C5=O)cc4C3=O)cc2)CC1,[*]N1CCC(CCc2ccc(N3C(=O)c4ccc(N5C(=O)C(=I)N([*])C5=O)cc4C3=O)cc2)CC1,0.24227237701416016,0.0761709213256836,0,0,0.0
[*]CCNC(=O)CCCCCCC(=O)N[*],[*]CCNC(=O)CNCCCCC(=O)N[*],0.3565835952758789,0.04077434539794922,0,0,0.0
[*]CCNC(=O)CCCCCCC(=O)N[*],[*]CCNC(=O)OCCCCCC(=O)N[*],0.12572908401489258,0.0796356201171875,0,0,0.0
[*]CCNC(=O)CCCCCCC(=O)N[*],[*]CCNC(=O)CCCCCCC(/O)N[*],0.020055294036865234,0.01739215850830078,0,0,0.0
[*]CCNC(=O)CCCCCCC(=O)N[*],[*]CCOC(=O)CCCCCCC(=O)N[*],0.3020362854003906,0.1811356544494629,0,0,0.0
[*]C(F)(F)C1(F)C(F)(F)C([*])(F)C1(F)F,[*]C(F)(F)C1(F)C(F)(Cl)C([*])(F)C1(F)F,0.12256240844726562,1.2048072814941406,0,0,0.0
[*]C(F)(F)C1(F)C(F)(F)C([*])(F)C1(F)F,[*]C(F)(Cl)C1(F)C(F)(F)C([*])(F)C1(F)F,0.13345098495483398,0.28824901580810547,0,0,0.0
[*]C(F)(F)C1(F)C(F)(F)C([*])(F)C1(F)F,[*]C(F)(F)C1(F)C(F)(F)C([*])(F)C1(F)Br,1.8164215087890625,0.509131908416748,0,0,0.0
[*]C(F)(F)C1(F)C(F)(F)C([*])(F)C1(F)F,[*]C(F)(F)C1(F)C(F)(F)C([*])(F)C1(C)F,0.0732569694519043,0.13222217559814453,0,0,0.0
[*]CCCCOC(=O)Nc1ccc(Cc2ccc(NC(=O)O[*])cc2)cc1,[*]CCCCOC(=O)Nc1ccc(Cc2ccc(NC(=P)O[*])cc2)cc1,0.4403195381164551,0.07745647430419922,0,0,0.0
[*]CCCCOC(=O)Nc1ccc(Cc2ccc(NC(=O)O[*])cc2)cc1,[*]CCCCOC(=O)Pc1ccc(Cc2ccc(NC(=O)O[*])cc2)cc1,0.09226083755493164,0.09712839126586914,0,0,0.0
[*]CCCCOC(=O)Nc1ccc(Cc2ccc(NC(=O)O[*])cc2)cc1,[*]CCCCOC(=O)Nc1ccc(Cc2ccc(NC(=O)O[*])cn2)cc1,0.05287456512451172,0.10649299621582031,0,0,0.0
[*]NNC(=O)c1ccc(C([*])=O)cc1OCCCCCCCCCC,[*]NNC(=O)c1ccc(C([*])=O)cc1OCSCCCCCCCC,0.13316774368286133,0.47933101654052734,0,0,0.0
[*]NNC(=O)c1ccc(C([*])=O)cc1OCCCCCCCCCC,[*]NNC(=O)c1ccc(C([*])=O)cc1PCCCCCCCCCC,0.1339256763458252,0.0007491111755371094,0,0,0.0
[*]NNC(=O)c1ccc(C([*])=O)cc1OCCCCCCCCCC,[*]NNC(=O)c1ccc(C([*])=O)cc1OCCCCCCOCCC,0.03010272979736328,0.08806085586547852,0,0,0.0
[*]NNC(=O)c1ccc(C([*])=O)cc1OCCCCCCCCCC,[*]NNC(=O)c1ccc(C([*])/O)cc1OCCCCCCCCCC,0.5040879249572754,0.01875448226928711,0,0,0.0
[*]Oc1cccc(C(=O)c2ccc(Oc3ccc(C(=O)c4ccc([*])cc4)cc3)cc2)c1,[*]Oc1cccc(C(=O)c2ccc(Oc3ccc(C(=O)c4ncc([*])cc4)cc3)cc2)c1,0.015518665313720703,0.06358599662780762,0,0,0.0
[*]Oc1cccc(C(=O)c2ccc(Oc3ccc(C(=O)c4ccc([*])cc4)cc3)cc2)c1,[*]Oc1cccc(C(=C)c2ccc(Oc3ccc(C(=O)c4ccc([*])cc4)cc3)cc2)c1,0.043480873107910156,0.07054018974304199,0,0,0.0
[*]Oc1ccc(S(=O)(=O)c2ccc(Oc3ccc(Sc4ccc([*])cc4)cc3)cc2)cc1,[*]Oc1ccc(S(=O)(=O)c2ccc(Oc3ccs(Sc4ccc([*])cc4)cc3)cc2)cc1,0.6332430839538574,0.3381824493408203,0,0,0.0
[*]CCCCCCCCCCC(Cl)C([*])Cl,[*]CCCCCCCCCCN(Cl)C([*])Cl,0.2205343246459961,0.6395635604858398,0,0,0.0
[*]CCCCCCCCCCC(Cl)C([*])Cl,[*]CCCNCCCCCCC(Cl)C([*])Cl,0.373779296875,0.7951793670654297,0,0,0.0
[*]CCCCCCCCCCC(Cl)C([*])Cl,[*]OCCCCCCCCCC(Cl)C([*])Cl,0.11226081848144531,0.06582260131835938,0,0,0.0
[*]CCCCCCCCCCC(Cl)C([*])Cl,[*]CCCCCCCCCCC(Cl)I([*])Cl,1.1535305976867676,0.1195831298828125,0,0,0.0
[*]CCCCCCCCCCC(Cl)C([*])Cl,[*]CCCCCCCCPCC(Cl)C([*])Cl,0.8362979888916016,0.035927772521972656,0,0,0.0
[*]CCc1cnc([*])cn1,[*]CCc1cnc([*])cc1,0.2206897735595703,0.5004959106445312,0,0,0.0
[*]CCCOc1ccc(C(=O)OC(=O)c2ccc(O[*])cc2)cc1,[*]CCCOc1ccc(C(=O)OP(=O)c2ccc(O[*])cc2)cc1,0.034754276275634766,0.06258249282836914,0,0,0.0
[*]CCCOc1ccc(C(=O)OC(=O)c2ccc(O[*])cc2)cc1,[*]CCCOc1ccc(C(=S)OC(=O)c2ccc(O[*])cc2)cc1,0.30286359786987305,0.19455671310424805,0,0,0.0
[*]CCCCCOc1cccc(C(=O)OC(=O)c2cccc(O[*])c2)c1,[*]CCCICOc1cccc(C(=O)OC(=O)c2cccc(O[*])c2)c1,0.09540367126464844,0.09170341491699219,0,0,0.0
[*]CCCCCOc1cccc(C(=O)OC(=O)c2cccc(O[*])c2)c1,[*]CCCCCOc1cccc(C(=O)OP(=O)c2cccc(O[*])c2)c1,0.055078983306884766,0.07071781158447266,0,0,0.0
[*]OC1(C)CCC([*])CC1CCCCCCCC,[*]OC1(C)CCC([*])CC1CCCCCCCI,0.7875175476074219,0.2798304557800293,0,0,0.0
[*]OC1(C)CCC([*])CC1CCCCCCCC,[*]OC1(S)CCC([*])CC1CCCCCCCC,0.07249736785888672,0.8814845085144043,0,0,0.0
[*]CC1(CO[*])CC=CCC1,[*]CC1(CO[*])CC=CCP1,0.47675418853759766,0.10044145584106445,0,0,0.0
[*]CC1(CO[*])CC=CCC1,[*]CC1(CO[*])CC=CCI1,0.21698760986328125,0.33466386795043945,0,0,0.0
[*]CC1(CO[*])CC=CCC1,[*]CI1(CO[*])CC=CCC1,0.14560842514038086,0.41782379150390625,0,0,0.0
[*]CC([*])C(=O)OCC(C)C,[*]CC([*])C(=O)OCC(C)O,0.019469738006591797,0.12533283233642578,0,0,0.0
[*]CC([*])C(=O)OCC(C)C,[*]CC([*])C(\O)OCC(C)C,0.1074066162109375,0.44389820098876953,0,0,0.0
[*]CC([*])C(=O)OCC(C)C,[*]CC([*])I(=O)OCC(C)C,0.7475614547729492,0.13565444946289062,0,0,0.0
[*]c1cccc(-n2nc(-c3ccccc3)c3cc(Oc4ccc5c(-c6ccccc6)nn([*])c(=O)c5c4)ccc3c2=O)c1C#N,[*]c1cccc(-n2nc(-c3ccccc3)c3cc(Oc4ccc5c(-c6ccccc6)nn([*])c(=O)c5c4)ccc3c2=O)s1C#N,0.14775705337524414,0.29175853729248047,0,0,0.0
[*]c1cccc(-n2nc(-c3ccccc3)c3cc(Oc4ccc5c(-c6ccccc6)nn([*])c(=O)c5c4)ccc3c2=O)c1C#N,[*]c1cccc(-n2nc(-c3ccccc3)c3cc(Oc4ccc5c(-c6ccccc6)nn([*])c(=O)c5c4)ccc3c2=O)c1C\N,0.15117120742797852,0.318511962890625,0,0,0.0
[*]Oc1ccc([*])cc1,[*]Oc1ccc([*])cn1,0.18274354934692383,0.1283712387084961,0,0,0.0
[*]Oc1ccc([*])cc1,[*]Pc1ccc([*])cc1,0.3296346664428711,0.15119218826293945,0,0,0.0
[*]C1C(=O)N(c2ccc(C)cc2)C(=O)C1[*],[*]C1C(=O)N(c2ncc(C)cc2)C(=O)C1[*],0.12675905227661133,0.027333736419677734,0,0,0.0
[*]C1C(=O)N(c2ccc(C)cc2)C(=O)C1[*],[*]C1C(=O)N(c2ccc(C)cc2)C(=O)S1[*],0.10077714920043945,0.3680429458618164,0,0,0.0
[*]CC(CO[*])(CS(=O)(=O)C(C)C)CS(=O)(=O)C(C)C,[*]CC(CO[*])(CS(=C)(=O)C(C)C)CS(=O)(=O)C(C)C,0.3600349426269531,0.1861281394958496,0,0,0.0
[*]CC(CO[*])(CS(=O)(=O)C(C)C)CS(=O)(=O)C(C)C,[*]CC(CO[*])(CS(=O)(=O)C(C)C)CS(/O)(=O)C(C)C,0.033908843994140625,0.15160179138183594,0,0,0.0
[*]CC(CO[*])(CS(=O)(=O)C(C)C)CS(=O)(=O)C(C)C,[*]CC(CO[*])(CS(=O)(\O)C(C)C)CS(=O)(=O)C(C)C,0.033908843994140625,0.13855457305908203,0,0,0.0
[*]CC(=O)CC(=S)[*],[*]CC(=O)CC(=C)[*],1.11738920211792,0.8364815711975098,0,0,0.0
[*]CC(=O)CC(=S)[*],[*]PC(=O)CC(=S)[*],0.11906814575195312,0.07533621788024902,0,0,0.0
[*]CC(CO[*])(CS(=O)(=O)CCCCC)CS(=O)(=O)CCCCC,[*]CC(CO[*])(CS(-O)(=O)CCCCC)CS(=O)(=O)CCCCC,0.02131175994873047,0.11218404769897461,0,0,0.0
[*]CC(CO[*])(CS(=O)(=O)CCCCC)CS(=O)(=O)CCCCC,[*]CC(CO[*])(CS(=O)(=O)CCCCN)CS(=O)(=O)CCCCC,0.017746925354003906,0.06617021560668945,0,0,0.0
[*]CCCOC(=O)CCCCCCCCCCCCCCCCC(=O)O[*],[*]CCCOC(=O)CCCCCCCCCCCCCICCC(=O)O[*],1.2448081970214844,0.043019771575927734,0,0,0.0
[*]CCCOC(=O)CCCCCCCCCCCCCCCCC(=O)O[*],[*]CCCOC(=O)CCCCCSCCCCCCCCCCC(=O)O[*],0.8141546249389648,0.5099554061889648,0,0,0.0
[*]CCCCNC(=O)CCCCCCCCCCCCCCCCC(=O)N[*],[*]CCCCNC(=O)CCCCCCCCCCCCCCCCC(=P)N[*],0.48764991760253906,0.08335399627685547,0,0,0.0
[*]CCCCNC(=O)CCCCCCCCCCCCCCCCC(=O)N[*],[*]CCCCNC(=O)CCCCOCCCCCCCCCCCC(=O)N[*],0.1262216567993164,0.040352821350097656,0,0,0.0
[*]CCCCNC(=O)CCCCCCCCCCCCCCCCC(=O)N[*],[*]CCCCNC(=O)CCCCCICCCCCCCCCCC(=O)N[*],1.0029692649841309,0.00809478759765625,0,0,0.0
[*]CCCCNC(=O)CCCCCCCCCCCCCCCCC(=O)N[*],[*]OCCCNC(=O)CCCCCCCCCCCCCCCCC(=O)N[*],0.10030555725097656,0.05367088317871094,0,0,0.0
[*]OC(=O)c1ccc(C(C)(C)c2ccc(C([*])=O)cc2)cc1,[*]OC(=P)c1ccc(C(C)(C)c2ccc(C([*])=O)cc2)cc1,0.4045398235321045,0.13318634033203125,0,0,0.0
[*]OC(=O)c1ccc(C(C)(C)c2ccc(C([*])=O)cc2)cc1,[*]OC(=O)c1ccc(C(C)(C)c2ccc(C([*])=O)cn2)cc1,0.1016845703125,0.010029792785644531,0,0,0.0
[*]CCCCCCCC(=O)OC1COC([*])OC1,[*]CCCCOCCC(=O)OC1COC([*])OC1,0.2386331558227539,0.0576014518737793,0,0,0.0
[*]CCCCCCCC(=O)OC1COC([*])OC1,[*]CCCCICCC(=O)OC1COC([*])OC1,0.8238840103149414,0.04800224304199219,0,0,0.0
[*]CCCCCCCC(=O)OC1COC([*])OC1,[*]CCCCCCCP(=O)OC1COC([*])OC1,0.24330472946166992,0.06824541091918945,0,0,0.0
[*]C(=O)c1cccc(C(=O)c2ccc3c(c2)C(=O)N(c2ccc(Oc4ccc(N5C(=O)c6ccc([*])cc6C5=O)cc4)cc2)C3=O)c1,[*]C(=O)c1cccc(C(=O)c2ccc3c(c2)C(=O)N(c2ccc(Oc4ccc(N5C(=O)s6ccc([*])cc6C5=O)cc4)cc2)C3=O)c1,0.2340693473815918,0.08101963996887207,0,0,0.0
[*]C(=O)c1cccc(C(=O)c2ccc3c(c2)C(=O)N(c2ccc(Oc4ccc(N5C(=O)c6ccc([*])cc6C5=O)cc4)cc2)C3=O)c1,[*]C(=O)c1cccc(C(=O)s2ccc3c(c2)C(=O)N(c2ccc(Oc4ccc(N5C(=O)c6ccc([*])cc6C5=O)cc4)cc2)C3=O)c1,0.29305577278137207,0.404768705368042,0,0,0.0
[*]C(=O)c1cccc(C(=O)c2ccc3c(c2)C(=O)N(c2ccc(Oc4ccc(N5C(=O)c6ccc([*])cc6C5=O)cc4)cc2)C3=O)c1,[*]C(=O)c1cccc(C(=O)c2ccc3c(c2)C(=O)N(c2ccc(Oc4ccc(N5C(=O)c6ccc([*])cc6C5=O)cc4)cc2)C3-O)c1,0.1194605827331543,0.09923601150512695,0,0,0.0
[*]CCCCCCCCCCOC(=O)CCCCCCCCCCCCCCCCC(=O)O[*],[*]CCCCCCCCCCOC(=O)CCSCCCCCCCCCCCCCC(=O)O[*],0.5929365158081055,0.16314935684204102,0,0,0.0
[*]CCCCCCCCCCOC(=O)CCCCCCCCCCCCCCCCC(=O)O[*],[*]CCCCCCCCCCOC(=O)CCCCCCCCCCCCCCCPC(=O)O[*],0.48743438720703125,0.030647754669189453,0,0,0.0
[*]CCCCCCCCCCOC(=O)CCCCCCCCCCCCCCCCC(=O)O[*],[*]CCCCCCCCCCOC(=O)CCCCCCCCPCCCCCCCC(=O)O[*],0.6614704132080078,0.10931158065795898,0,0,0.0
[*]CCCCCCCCCCOC(=O)CCCCCCCCCCCCCCCCC(=O)O[*],[*]CCCCCCCCCCOC(=O)CCCCCCCCCCCPCCCCC(=O)O[*],0.6614294052124023,0.04587125778198242,0,0,0.0
[*]CCCCCCCCCCOC(=O)CCCCCCCCCCCCCCCCC(=O)O[*],[*]CCCCCCCCCCOC(=O)CCCCCCCCCCOCCCCCC(=O)O[*],0.1080179214477539,0.11130809783935547,0,0,0.0
[*]CC(COCCOCCOC)O[*],[*]CC(COCCOICOC)O[*],0.014098644256591797,0.023305416107177734,0,0,0.0
[*]CCOCCOCCOC(=O)CCCCC(=O)O[*],[*]CCOCCOCCOC(=O)CCCCC(=N)O[*],0.1334362030029297,0.23701238632202148,0,0,0.0
[*]CCOCCOCCOC(=O)CCCCC(=O)O[*],[*]CCOCCOCCOC(=O)CCCNC(=O)O[*],0.14972686767578125,0.2832179069519043,0,0,0.0
[*]CCOCCOCCOC(=O)CCCCC(=O)O[*],[*]CCOCCOCCOC(=O)CCCCC(\O)O[*],0.12722158432006836,0.0036830902099609375,0,0,0.0
[*]CCOCCOCCOC(=O)CCCCC(=O)O[*],[*]CCOCCOCIOC(=O)CCCCC(=O)O[*],0.8181171417236328,0.03017139434814453,0,0,0.0
[*]Nc1ccc(NC(=O)c2c(F)c(F)c(C([*])=O)c(F)c2F)cc1,[*]Nc1ccc(NC(=O)c2c(F)c(F)c(C([*])\O)c(F)c2F)cc1,0.3601877689361572,0.6197071075439453,0,0,0.0
[*]Nc1ccc(NC(=O)c2c(F)c(F)c(C([*])=O)c(F)c2F)cc1,[*]Nc1ccc(NC(=O)c2c(F)c(F)c(C([*])=O)s(F)c2F)cc1,0.15164685249328613,0.07685685157775879,0,0,0.0
[*]CCCCCOc1ccc(CCc2ccc(O[*])cc2C)cc1,[*]CCCCCOc1ccc(CCc2ccc(O[*])cc2N)cc1,0.11730098724365234,0.054746150970458984,0,0,0.0
[*]C(c1ccccc1)C([*])(C#N)C#N,[*]S(c1ccccc1)C([*])(C#N)C#N,0.28687191009521484,0.6520509719848633,0,0,0.0
[*]C(c1ccccc1)C([*])(C#N)C#N,[*]C(c1ccccc1)P([*])(C#N)C#N,0.06076955795288086,0.34888172149658203,0,0,0.0
[*]C(c1ccccc1)C([*])(C#N)C#N,[*]C(c1ccccn1)C([*])(C#N)C#N,0.001979351043701172,0.5059647560119629,0,0,0.0
[*]C(c1ccccc1)C([*])(C#N)C#N,[*]N(c1ccccc1)C([*])(C#N)C#N,0.8217158317565918,0.17619800567626953,0,0,0.0
[*]CCCS(=O)(=O)CCCS(=O)(=O)CCCOC(=O)c1ccccc1C(=O)O[*],[*]CCCS(=O)(=O)CCCS(=O)(=O)CCCOC(=O)c1ccccc1C(=O)I[*],0.24076271057128906,0.09320783615112305,0,0,0.0
[*]CCCS(=O)(=O)CCCS(=O)(=O)CCCOC(=O)c1ccccc1C(=O)O[*],[*]CCCS(=O)(=O)CCCS(=O)(=O)CCCCC(=O)c1ccccc1C(=O)O[*],0.0850825309753418,0.1129145622253418,0,0,0.0
[*]CCCCCCSCCCCS[*],[*]CCCCCCSCCCPS[*],0.04535722732543945,0.051395416259765625,0,0,0.0
[*]CCCCCCSCCCCS[*],[*]CCCCSCSCCCCS[*],0.03509521484375,0.11470699310302734,0,0,0.0
[*]CCCCCCSCCCCS[*],[*]CCPCCCSCCCCS[*],0.1689314842224121,0.09916019439697266,0,0,0.0
[*]CC([*])N,[*]CC([*])I,0.9824972152709961,0.6093902587890625,0,0,0.0
[*]CC([*])N,[*]CP([*])N,1.3110389709472656,0.04095315933227539,0,0,0.0
[*]C#Cc1sc(C#Cc2ccc([*])nc2)c([N+](=O)[O-])c1[N+](=O)[O-],[*]C#Cc1sc(C#Cc2ccc([*])nc2)c([N+](=O)[O-])c1[N+](=O)[Si],0.23293304443359375,0.0051975250244140625,0,0,0.0
[*]C#Cc1sc(C#Cc2ccc([*])nc2)c([N+](=O)[O-])c1[N+](=O)[O-],[*]C#Cc1sc(C#Cc2ccc([*])nc2)c([N+](=N)[O-])c1[N+](=O)[O-],0.08965206146240234,0.06960248947143555,0,0,0.0
[*]C#Cc1sc(C#Cc2ccc([*])nc2)c([N+](=O)[O-])c1[N+](=O)[O-],[*]C#Cc1sc(C#Cc2ccc([*])nc2)c([N+](=O)[O-])c1[N+](=O)[N+],0.42591333389282227,0.06191754341125488,0,0,0.0
[*]C#Cc1sc(C#Cc2ccc([*])nc2)c([N+](=O)[O-])c1[N+](=O)[O-],[*]C#Cc1oc(C#Cc2ccc([*])nc2)c([N+](=O)[O-])c1[N+](=O)[O-],0.16405367851257324,0.07918167114257812,0,0,0.0
[*]c1ccc(-c2ccc(-c3ccc([*])s3)s2)[nH]1,[*]c1ccc(-c2ccc(-c3ccc([*])s3)s2)[N-]1,0.445620059967041,0.07425260543823242,0,0,0.0
[*]c1ccc(-c2ccc(-c3ccc([*])s3)s2)[nH]1,[*]c1ccc(-s2ccc(-c3ccc([*])s3)s2)[nH]1,0.21487164497375488,0.16947293281555176,0,0,0.0
[*]OC(C)CCCC(C)C([*])=O,[*]OC(C)CCCC(C)C([*])\O,0.07070493698120117,0.45197010040283203,0,0,0.0
[*]OC(C)CCCC(C)C([*])=O,[*]ON(C)CCCC(C)C([*])=O,0.4310569763183594,0.37393760681152344,0,0,0.0
[*]OC(C)CCCC(C)C([*])=O,[*]OC(C)CCCC(C)S([*])=O,1.0242619514465332,1.0938692092895508,0,0,0.0
[*]c1ccc(-c2ccc(-c3ccc(-c4cc(-c5ccccc5)c5cc(-c6ccc7nc([*])cc(-c8ccccc8)c7c6)ccc5n4)cc3)cc2)cc1,[*]c1ccc(-c2ccc(-c3ccc(-c4cc(-c5ccccc5)c5cc(-c6ccc7nc([*])cc(-c8ccccc8)s7c6)ccc5n4)cc3)cc2)cc1,0.41986751556396484,0.05747270584106445,0,0,0.0
[*]Oc1ccc(C(C)(C)c2ccc(OC([*])=O)c(Cl)c2)cc1Cl,[*]Oc1ccc(C(Cl)(C)c2ccc(OC([*])=O)c(Cl)c2)cc1Cl,0.04293251037597656,0.016381263732910156,0,0,0.0
[*]Oc1ccc(C(C)(C)c2ccc(OC([*])=O)c(Cl)c2)cc1Cl,[*]Oc1ccc(C(C)(C)c2ccc(OC([*])=O)c(Cl)c2)cs1Cl,1.0708870887756348,1.2731976509094238,0,0,0.0
[*]CCc1nnc([*])n1N,[*]CCc1nnc([*])n1Cl,0.3225259780883789,0.11848735809326172,0,0,0.0
[*]CCc1nnc([*])n1N,[*]CCc1cnc([*])n1N,0.42364931106567383,0.2262868881225586,0,0,0.0
[*]c1ccc(Nc2cccc(-n3c(=O)c4cc5c(=O)n([*])c(=O)c5cc4c3=O)c2)cc1,[*]c1ccc(Nc2cccc(-n3c(=O)s4cc5c(=O)n([*])c(=O)c5cc4c3=O)c2)cc1,0.34473299980163574,0.20645380020141602,0,0,0.0
[*]c1ccc(Nc2cccc(-n3c(=O)c4cc5c(=O)n([*])c(=O)c5cc4c3=O)c2)cc1,[*]c1ccc(Nc2cccc(-n3c(=O)c4cc5c(=O)n([*])c(=O)c5cc4s3=O)c2)cc1,0.05835723876953125,0.29446887969970703,0,0,0.0
[*]NC(CC(=O)OCCc1ccccc1)C([*])=O,[*]NC(CC(=O)OCCs1ccccc1)C([*])=O,1.5879042148590088,0.4425077438354492,0,0,0.0
[*]NC(CC(=O)OCCc1ccccc1)C([*])=O,[*]NC(CC(=O)CCCc1ccccc1)C([*])=O,0.07118463516235352,0.10857725143432617,0,0,0.0
[*]NC(CC(=O)OCCc1ccccc1)C([*])=O,[*]NC(CC(=O)OCCc1cnccc1)C([*])=O,0.10640716552734375,0.024798870086669922,0,0,0.0
[*]NC(CC(=O)OCCc1ccccc1)C([*])=O,[*]NC(SC(=O)OCCc1ccccc1)C([*])=O,0.34966516494750977,0.30123329162597656,0,0,0.0
[*]CCC(C)=C([*])Cl,[*]CCC(C)=S([*])Cl,0.37532854080200195,1.3392863273620605,0,0,0.0
[*]CCC(C)=C([*])Cl,[*]NCC(C)=C([*])Cl,0.3234715461730957,0.32820653915405273,0,0,0.0
[*]CCC(C)=C([*])Cl,[*]CCC(Cl)=C([*])Cl,0.21607351303100586,0.024372577667236328,0,0,0.0
[*]CC(=O)C1CCC([*])C1=O,[*]CC(=O)C1COC([*])C1=O,0.14447641372680664,0.5900440216064453,0,0,0.0
[*]CC(=O)C1CCC([*])C1=O,[*]CC(\O)C1CCC([*])C1=O,0.1854715347290039,0.7385768890380859,0,0,0.0
[*]NC(COC(C)=O)C([*])=O,[*]NC(CCC(C)=O)C([*])=O,0.2961897850036621,0.10525131225585938,0,0,0.0
[*]c1[nH]c([*])c2c1CCCCC2,[*]c1[nH]c([*])c2c1CCCNC2,0.07596206665039062,0.5706608295440674,0,0,0.0
[*]c1[nH]c([*])c2c1CCCCC2,[*]c1[nH]c([*])c2c1ICCCC2,1.2092888355255127,0.13093876838684082,0,0,0.0
[*]c1[nH]c([*])c2c1CCCCC2,[*]c1[nH]c([*])c2c1CCCCO2,0.4192075729370117,0.05771994590759277,0,0,0.0
[*]NC1CCC(CCC2CCC(NC(=O)CCCCCCCCCCC([*])=O)CC2)CC1,[*]NC1CCC(CCC2CCC(NC(=O)CCCCCCCCCCS([*])=O)CC2)CC1,0.4255337715148926,0.6878066062927246,0,0,0.0
[*]NC1CCC(CCC2CCC(NC(=O)CCCCCCCCCCC([*])=O)CC2)CC1,[*]NC1CCC(ICC2CCC(NC(=O)CCCCCCCCCCC([*])=O)CC2)CC1,0.9805464744567871,0.18873167037963867,0,0,0.0
[*]NC1CCC(CCC2CCC(NC(=O)CCCCCCCCCCC([*])=O)CC2)CC1,[*]NC1CCC(CCC2CCC(NC(=O)CCCCCCCOCCC([*])=O)CC2)CC1,0.09823131561279297,0.07216739654541016,0,0,0.0
[*]NC1CCC(CCC2CCC(NC(=O)CCCCCCCCCCC([*])=O)CC2)CC1,[*]NC1CCC(CCC2CCC(NC(=O)CCCCCCSCCCC([*])=O)CC2)CC1,0.6535062789916992,0.9723076820373535,0,0,0.0
[*]CCCCCCCCc1nnc(-c2cccc(-c3nnc([*])o3)c2)o1,[*]ICCCCCCCc1nnc(-c2cccc(-c3nnc([*])o3)c2)o1,0.2053380012512207,0.006783008575439453,0,0,0.0
[*]Oc1ccc(CC(C#N)(C#N)Cc2ccc([*])cc2)cc1,[*]Oc1ccc(CC(C#N)(C-N)Cc2ccc([*])cc2)cc1,0.09700202941894531,0.11762332916259766,0,0,0.0
[*]Oc1ccc(CC(C#N)(C#N)Cc2ccc([*])cc2)cc1,[*]Oc1ccc(CC(C#N)(C#N)Cc2ccc([*])cc2)nc1,0.07414531707763672,0.06332159042358398,0,0,0.0
[*]Oc1ccc(CC(C#N)(C#N)Cc2ccc([*])cc2)cc1,[*]Oc1ccc(CC(C=N)(C#N)Cc2ccc([*])cc2)cc1,0.13093090057373047,0.276824951171875,0,0,0.0
[*]Oc1ccc(CC(C#N)(C#N)Cc2ccc([*])cc2)cc1,[*]Oc1cnc(CC(C#N)(C#N)Cc2ccc([*])cc2)cc1,0.07414531707763672,0.1320514678955078,0,0,0.0
[*]c1ccc(Oc2ccccc2-n2c(=O)c3cc4c(=O)n([*])c(=O)c4cc3c2=O)cc1,[*]c1ccc(Oc2ccccc2-n2c(=S)c3cc4c(=O)n([*])c(=O)c4cc3c2=O)cc1,0.03737497329711914,0.20779800415039062,0,0,0.0
[*]c1ccc(Oc2ccccc2-n2c(=O)c3cc4c(=O)n([*])c(=O)c4cc3c2=O)cc1,[*]c1ccc(Oc2ccccc2-n2c(=O)c3cc4s(=O)n([*])c(=O)c4cc3c2=O)cc1,0.07097101211547852,0.10809087753295898,0,0,0.0
[*]C(=O)Nc1cccc(NC(=O)c2ccc3c(c2)C(=O)N(c2cc(-c4nc5ccccc5o4)cc(N4C(=O)c5ccc([*])cc5C4=O)c2)C3=O)n1,[*]C(=O)Nc1cccc(NC(=O)c2ccc3c(c2)C(=O)N(c2cc(-c4nc5ccccc5o4)cc(N4C(=O)c5ccc([*])cc5C4=I)c2)C3=O)n1,0.16607952117919922,0.004204273223876953,0,0,0.0
[*]C(=O)Nc1cccc(NC(=O)c2ccc3c(c2)C(=O)N(c2cc(-c4nc5ccccc5o4)cc(N4C(=O)c5ccc([*])cc5C4=O)c2)C3=O)n1,[*]C(=O)Nc1ccnc(NC(=O)c2ccc3c(c2)C(=O)N(c2cc(-c4nc5ccccc5o4)cc(N4C(=O)c5ccc([*])cc5C4=O)c2)C3=O)n1,0.012543201446533203,0.045389652252197266,0,0,0.0
[*]C(=O)Nc1cccc(NC(=O)c2ccc3c(c2)C(=O)N(c2cc(-c4nc5ccccc5o4)cc(N4C(=O)c5ccc([*])cc5C4=O)c2)C3=O)n1,[*]C(=O)Nc1cccc(NC(=O)c2ncc3c(c2)C(=O)N(c2cc(-c4nc5ccccc5o4)cc(N4C(=O)c5ccc([*])cc5C4=O)c2)C3=O)n1,0.012526512145996094,0.03733515739440918,0,0,0.0
[*]C(=O)Nc1cccc(NC(=O)c2ccc3c(c2)C(=O)N(c2cc(-c4nc5ccccc5o4)cc(N4C(=O)c5ccc([*])cc5C4=O)c2)C3=O)n1,[*]C(=O)Nc1cccc(NC(=N)c2ccc3c(c2)C(=O)N(c2cc(-c4nc5ccccc5o4)cc(N4C(=O)c5ccc([*])cc5C4=O)c2)C3=O)n1,0.0021436214447021484,0.048494815826416016,0,0,0.0
[*]Nc1ccc([*])cc1N,[*]Sc1ccc([*])cc1N,0.2668635845184326,0.23134946823120117,0,0,0.0
[*]Nc1ccc([*])cc1N,[*]Oc1ccc([*])cc1N,0.4250638484954834,0.7268638610839844,0,0,0.0
[*]Nc1ccc([*])cc1N,[*]Nc1ccc([*])nc1N,0.048999786376953125,0.031523704528808594,0,0,0.0
[*]c1cc(-c2sc(-c3cc(CCCC)c([*])s3)cc2CCCC)c2cccccc1-2,[*]c1cc(-c2sc(-c3cc(CCCBr)c([*])s3)cc2CCCC)c2cccccc1-2,0.0362701416015625,0.11786985397338867,0,0,0.0
[*]CC([*])OC(=O)C(F)(F)F,[*]IC([*])OC(=O)C(F)(F)F,1.363574504852295,0.19930505752563477,0,0,0.0
[*]CC([*])OC(=O)C(F)(F)F,[*]CC([*])IC(=O)C(F)(F)F,1.3368873596191406,1.1377077102661133,0,0,0.0
[*]CC([*])OC(=O)C(F)(F)F,[*]NC([*])OC(=O)C(F)(F)F,0.35616445541381836,0.11329793930053711,0,0,0.0
[*]CCCC(=O)[*],[*]CCCC(/O)[*],0.1467423439025879,0.6040482521057129,0,0,0.0
[*]CCCC(=O)[*],[*]CCCP(=O)[*],1.3355350494384766,0.04210853576660156,0,0,0.0
[*]CCCC(=O)[*],[*]CCCC(\O)[*],0.1467423439025879,0.7795271873474121,0,0,0.0
[*]C=C([*])c1ccc2ccc3cccc4ccc1c2c34,[*]C=C([*])c1ccc2ccc3cccc4ccc1c2s34,1.3219897747039795,1.345153570175171,0,0,0.0
[*]C=C([*])c1ccc2ccc3cccc4ccc1c2c34,[*]C=C([*])s1ccc2ccc3cccc4ccc1c2c34,0.017199993133544922,1.1906452178955078,0,0,0.0
[*]COc1ccc(C(=O)OC(=O)c2ccc(O[*])cc2)cc1,[*]COc1ccc(C(=O)CC(=O)c2ccc(O[*])cc2)cc1,0.005610942840576172,0.16924428939819336,0,0,0.0
[*]COc1ccc(C(=O)OC(=O)c2ccc(O[*])cc2)cc1,[*]COc1ccc(C(=I)OC(=O)c2ccc(O[*])cc2)cc1,0.0623927116394043,0.04819488525390625,0,0,0.0
[*]OC1OC([*])C2CCCCC12,[*]OC1OC([*])C2CSCCC12,1.083289623260498,0.7325072288513184,0,0,0.0
[*]OC1OC([*])C2CCCCC12,[*]OC1OC([*])C2CCOCC12,0.3093900680541992,0.13514280319213867,0,0,0.0
[*]OC1OC([*])C2CCCCC12,[*]OC1OC([*])C2OCCCC12,0.14249753952026367,0.04880332946777344,0,0,0.0
[*]OC1OC([*])C2CCCCC12,[*]OC1OC([*])C2CCCOC12,0.15019989013671875,0.10370683670043945,0,0,0.0
[*]OC1OC([*])C2CCCCC12,[*]OC1OC([*])I2CCCCC12,0.830348014831543,0.09722757339477539,0,0,0.0
[*]C1CC(C)(C)OC1[*],[*]C1CC(C)(P)OC1[*],0.27655935287475586,0.1876673698425293,0,0,0.0
[*]C1CC(C)(C)OC1[*],[*]C1CC(C)(C)ON1[*],0.07370185852050781,0.8839735984802246,0,0,0.0
[*]C1CC(C)(C)OC1[*],[*]I1CC(C)(C)OC1[*],0.3948650360107422,0.1483631134033203,0,0,0.0
[*]Cc1ccc(Cc2ccc(CSC(=O)c3ccccc3C(=O)S[*])cc2)cc1,[*]Cc1ccc(Cc2ccc(COC(=O)c3ccccc3C(=O)S[*])cc2)cc1,0.07892870903015137,0.06517291069030762,0,0,0.0
[*]Cc1ccc(Cc2ccc(CSC(=O)c3ccccc3C(=O)S[*])cc2)cc1,[*]Cc1ccc(Cc2ccc(CSC(/O)c3ccccc3C(=O)S[*])cc2)cc1,0.10049176216125488,0.27853918075561523,0,0,0.0
[*]Cc1ccc(Cc2ccc(CSC(=O)c3ccccc3C(=O)S[*])cc2)cc1,[*]Cc1ccc(Cc2ccc(CCC(=O)c3ccccc3C(=O)S[*])cc2)cc1,0.17232155799865723,0.07784652709960938,0,0,0.0
[*]Cc1ccc(Cc2ccc(CSC(=O)c3ccccc3C(=O)S[*])cc2)cc1,[*]Cc1ccc(Cc2ccc(CSC(=O)c3ccccc3C(=O)S[*])cn2)cc1,0.0004665851593017578,0.07422971725463867,0,0,0.0
[*]Sc1ccc(-c2ccc(SC(=O)CCCCCCC([*])=O)cc2)cc1,[*]Sc1ccc(-c2ccc(SC(=O)CCICCCC([*])=O)cc2)cc1,0.24608087539672852,0.021864891052246094,0,0,0.0
[*]Sc1ccc(-c2ccc(SC(=O)CCCCCCC([*])=O)cc2)cc1,[*]Sc1ccc(-c2ccc(SC(=O)CNCCCCC([*])=O)cc2)cc1,0.04599571228027344,0.061173439025878906,0,0,0.0
[*]Sc1ccc(-c2ccc(SC(=O)CCCCCCC([*])=O)cc2)cc1,[*]Sc1ccc(-c2ccc(SC(=O)CCCCCCC([*])=N)cc2)cc1,0.03805351257324219,0.2770211696624756,0,0,0.0
[*]Sc1ccc(-c2ccc(SC(=O)CCCCCCC([*])=O)cc2)cc1,[*]Sc1ccc(-c2ccc(SC(=O)COCCCCC([*])=O)cc2)cc1,0.04024457931518555,0.10196447372436523,0,0,0.0
[*]Nc1cccc(NC(=O)Cc2cc(CC([*])=O)c(C)cc2C)c1,[*]Nc1cccc(OC(=O)Cc2cc(CC([*])=O)c(C)cc2C)c1,0.09143638610839844,0.11035013198852539,0,0,0.0
[*]c1sc(-c2cc(SCC(C)CC)c([*])s2)cc1SCC(C)CC,[*]c1sc(-c2cc(SCC(C)CC)c([*])s2)cc1SCC(N)CC,0.04250526428222656,0.2665407657623291,0,0,0.0
[*]c1sc(-c2cc(SCC(C)CC)c([*])s2)cc1SCC(C)CC,[*]c1sc(-c2cc(SCC(C)CC)c([*])s2)cc1SCC(C)OC,0.049955129623413086,0.8078286647796631,0,0,0.0
[*]c1sc(-c2cc(SCC(C)CC)c([*])s2)cc1SCC(C)CC,[*]c1sc(-c2cc(SCC(C)CC)c([*])s2)cc1ICC(C)CC,0.7228684425354004,0.1063683032989502,0,0,0.0
[*]c1sc(-c2cc(SCC(C)CC)c([*])s2)cc1SCC(C)CC,[*]c1sc(-c2cc(SCC(C)CC)c([*])s2)cc1SCC(C)CO,0.04465675354003906,0.5535295009613037,0,0,0.0
[*]C(=NCCCCCC)N([*])CCCCCC,[*]C(-NCCCCCC)N([*])CCCCCC,1.002967357635498,0.1044468879699707,0,0,0.0
[*]C(=NCCCCCC)N([*])CCCCCC,[*]C(=NCCCCCC)N([*])COCCCC,0.21471405029296875,0.4354400634765625,0,0,0.0
[*]OC1CCC(C=C)CC1[*],[*]OC1SCC(C=C)CC1[*],0.5410385131835938,0.7308588027954102,0,0,0.0
[*]OC1CCC(C=C)CC1[*],[*]OI1CCC(C=C)CC1[*],0.5927934646606445,0.2381916046142578,0,0,0.0
[*]OC1CCC(C=C)CC1[*],[*]OC1CCC(C=C)CN1[*],0.406735897064209,0.06180620193481445,0,0,0.0
[*]OC1CCC(C=C)CC1[*],[*]OC1CCC(C=C)CS1[*],0.8885555267333984,0.6622247695922852,0,0,0.0
[*]c1ccc(-c2ccc(-n3c(=O)c4cc5c(=O)n([*])c(=O)c5c(C(F)(F)F)c4c3=O)cc2C(F)(F)F)c(C(F)(F)F)c1,[*]c1ccc(-c2ccc(-n3c(=O)c4cc5c(=O)n([*])c(=O)c5c(C(F)(F)F)c4c3=O)nc2C(F)(F)F)c(C(F)(F)F)c1,0.03744697570800781,0.04113936424255371,0,0,0.0
[*]C=C([*])CNS(=O)(=O)Cc1ccccc1,[*]C=C([*])CPS(=O)(=O)Cc1ccccc1,0.6467742919921875,0.32451629638671875,0,0,0.0
[*]c1ccc(-c2csc(-c3nc([*])cs3)n2)cc1,[*]c1ccs(-c2csc(-c3nc([*])cs3)n2)cc1,0.6225783824920654,0.3018336296081543,0,0,0.0
[*]CC([*])CCCC1CCCCC1,[*]OC([*])CCCC1CCCCC1,0.003589630126953125,0.38234376907348633,0,0,0.0
[*]CC([*])CCCC1CCCCC1,[*]CC([*])CCCC1CCCCP1,1.329887866973877,0.030579090118408203,0,0,0.0
[*]C(=O)c1ccc2c(c1)C(=O)N(c1ccc(C(=O)Nc3ccc(N4C(=O)c5ccc([*])cc5C4=O)cc3)cc1)C2=O,[*]C(-O)c1ccc2c(c1)C(=O)N(c1ccc(C(=O)Nc3ccc(N4C(=O)c5ccc([*])cc5C4=O)cc3)cc1)C2=O,0.27371668815612793,0.16126561164855957,0,0,0.0
[*]NC(C)(C)CC([*])=O,[*]NC(Cl)(C)CC([*])=O,0.2032146453857422,0.10287284851074219,0,0,0.0
[*]NC(C)(C)CC([*])=O,[*]NC(C)(Br)CC([*])=O,0.820894718170166,0.38062477111816406,0,0,0.0
[*]CCC(F)(F)C([*])(F)F,[*]ICC(F)(F)C([*])(F)F,0.9474015235900879,0.12047195434570312,0,0,0.0
[*]CCC(F)(F)C([*])(F)F,[*]CCC(F)(F)C([*])(C)F,0.2639331817626953,0.4752349853515625,0,0,0.0
[*]CCC(F)(F)C([*])(F)F,[*]CCC(F)(F)C([*])(Br)F,2.327059268951416,0.6393051147460938,0,0,0.0
[*]CCC(F)(F)C([*])(F)F,[*]CCC(F)(P)C([*])(F)F,0.306488037109375,1.0271382331848145,0,0,0.0
[*]CCC(F)(F)C([*])(F)F,[*]CCC(P)(F)C([*])(F)F,0.306488037109375,0.7723503112792969,0,0,0.0
[*]C(=O)c1ccc2c(c1)C(=O)N(c1cccc(Nc3ncnc(Nc4cccc(N5C(=O)c6ccc([*])cc6C5=O)c4)n3)c1)C2=O,[*]C(=O)c1ccc2c(c1)C(=O)N(c1cccs(Nc3ncnc(Nc4cccc(N5C(=O)c6ccc([*])cc6C5=O)c4)n3)c1)C2=O,0.3903372287750244,0.3086731433868408,0,0,0.0
[*]C(=O)c1ccc2c(c1)C(=O)N(c1cccc(Nc3ncnc(Nc4cccc(N5C(=O)c6ccc([*])cc6C5=O)c4)n3)c1)C2=O,[*]C(=O)c1ccc2c(c1)C(=O)N(c1cccc(Nc3ncns(Nc4cccc(N5C(=O)c6ccc([*])cc6C5=O)c4)n3)c1)C2=O,0.21173858642578125,0.06707906723022461,0,0,0.0
[*]C(=O)c1ccc2c(c1)C(=O)N(c1cccc(Nc3ncnc(Nc4cccc(N5C(=O)c6ccc([*])cc6C5=O)c4)n3)c1)C2=O,[*]C(=O)c1ccc2c(c1)C(=O)N(c1cccc(Nc3ncnc(Nc4nccc(N5C(=O)c6ccc([*])cc6C5=O)c4)n3)c1)C2=O,0.021266937255859375,0.10469675064086914,0,0,0.0
[*]C(=O)c1ccc2c(c1)C(=O)N(c1cccc(Nc3ncnc(Nc4cccc(N5C(=O)c6ccc([*])cc6C5=O)c4)n3)c1)C2=O,[*]C(=O)c1ccc2c(c1)C(/O)N(c1cccc(Nc3ncnc(Nc4cccc(N5C(=O)c6ccc([*])cc6C5=O)c4)n3)c1)C2=O,0.12174177169799805,0.10847687721252441,0,0,0.0
[*]C(=O)c1ccc2c(c1)C(=O)N(c1cccc(Nc3ncnc(Nc4cccc(N5C(=O)c6ccc([*])cc6C5=O)c4)n3)c1)C2=O,[*]C(=O)c1ccc2c(c1)C(=O)N(c1cccc(Nc3ncnc(Nc4cccc(N5C(=O)c6ccc([*])cc6I5=O)c4)n3)c1)C2=O,0.573585033416748,0.008535385131835938,0,0,0.0
[*]CC([*])(C)C(=O)OCCCCn1c2ccccc2c2ccccc21,[*]CC([*])(C)C(=O)OCCCCn1c2ccncc2c2ccccc21,0.08668279647827148,0.048336029052734375,0,0,0.0
[*]CC([*])(C)C(=O)OCCCCn1c2ccccc2c2ccccc21,[*]CC([*])(C)C(=O)OCCCCn1c2ccccc2s2ccccc21,0.6855289936065674,0.41518306732177734,0,0,0.0
[*]CC([*])(C)C(=O)OCCCCn1c2ccccc2c2ccccc21,[*]CC([*])(C)C(=O)OCCCCn1c2ccccs2c2ccccc21,0.6855289936065674,0.054574012756347656,0,0,0.0
[*]CC(F)(F)C(F)(F)C(F)(F)COC(=O)CSCSCC(=O)O[*],[*]CC(F)(F)C(F)(F)C(F)(F)COC(=O)CSCSCC(-O)O[*],0.022010326385498047,0.020477771759033203,0,0,0.0
[*]CC(F)(F)C(F)(F)C(F)(F)COC(=O)CSCSCC(=O)O[*],[*]CC(F)(F)C(F)(F)C(Cl)(F)COC(=O)CSCSCC(=O)O[*],0.01947498321533203,0.016440868377685547,0,0,0.0
[*]CC(F)(F)C(F)(F)C(F)(F)COC(=O)CSCSCC(=O)O[*],[*]CC(F)(F)C(F)(F)C(C)(F)COC(=O)CSCSCC(=O)O[*],0.030263900756835938,0.05589723587036133,0,0,0.0
[*]CC(F)(F)C(F)(F)C(F)(F)COC(=O)CSCSCC(=O)O[*],[*]CC(F)(F)C(F)(F)C(F)(F)COC(=N)CSCSCC(=O)O[*],0.018686771392822266,0.5823516845703125,0,0,0.0
[*]Oc1cccc(Oc2cccc([*])n2)c1,[*]Oc1cccc(Oc2cccc([*])c2)c1,0.13268089294433594,0.039861202239990234,0,0,0.0
[*]Oc1cccc(Oc2cccc([*])n2)c1,[*]Oc1cccc(Oc2nccc([*])n2)c1,0.0038919448852539062,0.13996124267578125,0,0,0.0
[*]C(=O)c1ccc2c(c1)C(=O)N(c1ccc(-c3ccc(N4C(=O)c5ccc([*])cc5C4=O)cc3C)c(C)c1)C2=O,[*]C(=O)c1ccc2c(c1)C(=O)N(c1ccc(-c3ccc(N4C(=O)s5ccc([*])cc5C4=O)cc3C)c(C)c1)C2=O,0.27503037452697754,0.027377843856811523,0,0,0.0
[*]C(=O)c1ccc2c(c1)C(=O)N(c1ccc(-c3ccc(N4C(=O)c5ccc([*])cc5C4=O)cc3C)c(C)c1)C2=O,[*]C(=O)c1ccc2c(c1)C(=O)N(c1ccc(-c3ccc(N4C(=C)c5ccc([*])cc5C4=O)cc3C)c(C)c1)C2=O,0.05234169960021973,0.12881946563720703,0,0,0.0
[*]Oc1ccc(-c2ccc(OC(=O)Nc3cccc(P(=O)(c4ccccc4)c4cccc(NC([*])=O)c4)c3)cc2)cc1,[*]Oc1ccc(-c2ccc(OC(=O)Nc3cccc(P(=O)(c4ccccc4)c4cccc(NC([*])=O)c4)c3)nc2)cc1,0.034639835357666016,0.12511157989501953,0,0,0.0
[*]C(=O)c1ccc(N([*])CCCCCCCC)cc1,[*]C(=O)c1ccc(I([*])CCCCCCCC)cc1,0.9173474311828613,0.32596540451049805,0,0,0.0
[*]C(=O)c1ccc(N([*])CCCCCCCC)cc1,[*]C(=O)c1ccc(N([*])PCCCCCCC)cc1,0.5084209442138672,0.06639242172241211,0,0,0.0
[*]C(=O)c1ccc(N([*])CCCCCCCC)cc1,[*]C(=O)c1ccc(N([*])CCCPCCCC)cc1,0.058025360107421875,0.12471437454223633,0,0,0.0
[*]CCC(C)C([*])C,[*]CPC(C)C([*])C,1.316917896270752,0.3236217498779297,0,0,0.0
[*]CCC(C)C([*])C,[*]CCN(C)C([*])C,0.9421849250793457,1.1964240074157715,0,0,0.0
[*]CCC(C)C([*])C,[*]CCC(Cl)C([*])C,0.0749354362487793,0.07283353805541992,0,0,0.0
[*]CCC(C)C([*])C,[*]CCC(O)C([*])C,0.024650096893310547,0.3206520080566406,0,0,0.0
[*]CC(=O)Nc1ccc(Oc2ccc(Oc3ccc(NC(=O)CN4C(=O)c5ccc(C(=O)c6ccc7c(c6)C(=O)N([*])C7=O)cc5C4=O)cc3)cc2)cc1,[*]CC(=O)Nc1ccc(Oc2ccc(Pc3ccc(NC(=O)CN4C(=O)c5ccc(C(=O)c6ccc7c(c6)C(=O)N([*])C7=O)cc5C4=O)cc3)cc2)cc1,0.0384821891784668,0.12566184997558594,0,0,0.0
[*]CC(OC(=O)C(=O)OCC)C(COC(=O)O[*])OC(=O)C(=O)OCC,[*]CC(OC(=O)C(=O)OCC)C(COC(=O)O[*])OP(=O)C(=O)OCC,0.07231426239013672,0.052449703216552734,0,0,0.0
[*]CC(OC(=O)C(=O)OCC)C(COC(=O)O[*])OC(=O)C(=O)OCC,[*]CC(OC(=O)C(=O)OCF)C(COC(=O)O[*])OC(=O)C(=O)OCC,0.03379106521606445,0.03891134262084961,0,0,0.0
[*]CCCCCCCCCOc1ccc(C=CC=Cc2ccc(O[*])c(C)c2)cc1C,[*]CCCCCCCCCOc1ccc(C=CC=Cc2ccc(O[*])c(F)c2)cc1C,0.05141568183898926,0.07664752006530762,0,0,0.0
[*]CCCCCCCCCOc1ccc(C=CC=Cc2ccc(O[*])c(C)c2)cc1C,[*]CCCCCCCCCOc1ccc(C=PC=Cc2ccc(O[*])c(C)c2)cc1C,0.005144596099853516,0.19971370697021484,0,0,0.0
[*]CCCCCCCCCOc1ccc(C=CC=Cc2ccc(O[*])c(C)c2)cc1C,[*]CCCCCCCCCOc1ccc(C=CC-Cc2ccc(O[*])c(C)c2)cc1C,0.8059453964233398,0.49185895919799805,0,0,0.0
[*]c1cc(COCCCCCCCCOc2ccc(-c3ccc(OC)cc3)cc2)c([*])s1,[*]c1cc(COCCCCCCCCOc2ccc(-c3ccc(PC)cc3)cc2)c([*])s1,0.041289567947387695,0.330324649810791,0,0,0.0
[*]c1cc(COCCCCCCCCOc2ccc(-c3ccc(OC)cc3)cc2)c([*])s1,[*]c1cc(COCCCCCCCCOc2ccc(-c3ccc(OC)cc3)cc2)s([*])s1,0.7057349681854248,0.11902594566345215,0,0,0.0
[*]c1cc(COCCCCCCCCOc2ccc(-c3ccc(OC)cc3)cc2)c([*])s1,[*]c1cc(CONCCCCCCCOc2ccc(-c3ccc(OC)cc3)cc2)c([*])s1,0.03320717811584473,0.617135763168335,0,0,0.0
[*]OC(C)CCCCC([*])=O,[*]OC(C)CICCC([*])=O,0.38765525817871094,0.19517278671264648,0,0,0.0
[*]OC(C)CCCCC([*])=O,[*]OC(C)CPCCC([*])=O,1.2599916458129883,0.10734796524047852,0,0,0.0
[*]OC(C)CCCCC([*])=O,[*]OC(C)NCCCC([*])=O,0.503662109375,0.3563861846923828,0,0,0.0
[*]OC(C)CCCCC([*])=O,[*]OC(I)CCCCC([*])=O,1.1129460334777832,0.280515193939209,0,0,0.0
[*]Oc1cccc2c(OC3(F)C([*])(F)C(F)(F)C3(F)F)cccc12,[*]Oc1cccc2c(OC3(S)C([*])(F)C(F)(F)C3(F)F)cccc12,0.006134986877441406,0.025173664093017578,0,0,0.0
[*]Oc1cccc2c(OC3(F)C([*])(F)C(F)(F)C3(F)F)cccc12,[*]Os1cccc2c(OC3(F)C([*])(F)C(F)(F)C3(F)F)cccc12,0.5506126880645752,0.28818225860595703,0,0,0.0
[*]Oc1cccc2c(OC3(F)C([*])(F)C(F)(F)C3(F)F)cccc12,[*]Oc1cccc2c(OC3(F)C([*])(N)C(F)(F)C3(F)F)cccc12,0.005693912506103516,0.0034379959106445312,0,0,0.0
[*]Oc1cccc2c(OC3(F)C([*])(F)C(F)(F)C3(F)F)cccc12,[*]Oc1cccc2c(OC3(F)C([*])(F)C(F)(F)C3(F)N)cccc12,0.025756359100341797,0.04853963851928711,0,0,0.0
[*]CC(C#N)(C#N)CC(C#N)(C#N)C(C#N)C(C#N)(C#N)[*],[*]CC(C#N)(C#N)CC(C/N)(C#N)C(C#N)C(C#N)(C#N)[*],0.1190042495727539,0.034316062927246094,0,0,0.0
[*]CC(C#N)(C#N)CC(C#N)(C#N)C(C#N)C(C#N)(C#N)[*],[*]CC(C#N)(C#N)CC(C#N)(C#N)I(C#N)C(C#N)(C#N)[*],1.8562312126159668,0.025508880615234375,0,0,0.0
[*]CC(C#N)(C#N)CC(C#N)(C#N)C(C#N)C(C#N)(C#N)[*],[*]CC(C#N)(C#N)CC(C#N)(C#N)C(C-N)C(C#N)(C#N)[*],0.03917217254638672,0.18222808837890625,0,0,0.0
[*]CC(C#N)(C#N)CC(C#N)(C#N)C(C#N)C(C#N)(C#N)[*],[*]CC(C#N)(C#N)CC(C#N)(C#N)C(C#N)P(C#N)(C#N)[*],0.03353691101074219,0.0020761489868164062,0,0,0.0
[*]CNCC(S1)=CC=C1[*],[*]CNCS(S1)=CC=C1[*],0.3251638412475586,0.046271324157714844,0,0,0.0
[*]CNCC(S1)=CC=C1[*],[*]CNCC(S1)=PC=C1[*],0.11981725692749023,0.03207898139953613,0,0,0.0
[*]CNCC(S1)=CC=C1[*],[*]CNSC(S1)=CC=C1[*],0.12448406219482422,0.008902311325073242,0,0,0.0
[*]CC(S1)=CC=C1C(C=C2)=CC=C2C(S3)=CC=C3[*],[*]CC(S1)=CC=C1C(C=I2)=CC=C2C(S3)=CC=C3[*],0.30651211738586426,0.044130802154541016,0,0,0.0
[*]CC(S1)=CC=C1C(C=C2)=CC=C2C(S3)=CC=C3[*],[*]CC(S1)=PC=C1C(C=C2)=CC=C2C(S3)=CC=C3[*],0.19632339477539062,0.0997927188873291,0,0,0.0
[*]CC(S1)=CC=C1C(C=C2)=CC=C2C(S3)=CC=C3[*],[*]CC(S1)=CC=C1C(I=C2)=CC=C2C(S3)=CC=C3[*],0.30469202995300293,0.07441020011901855,0,0,0.0
[*]c1nnc(C2CCCC([*])C2)o1,[*]c1nns(C2CCCC([*])C2)o1,0.8878517150878906,2.743105173110962,0,0,0.0
[*]c1nnc(C2CCCC([*])C2)o1,[*]c1nnc(C2CCCC([*])S2)o1,0.7267351150512695,0.35852861404418945,0,0,0.0
[*]c1nnc(C2CCCC([*])C2)o1,[*]c1nnc(C2CPCC([*])C2)o1,0.860619068145752,0.1817774772644043,0,0,0.0
[*]CCCCC(=O)NCCCCCCNC(=O)CCCO[*],[*]CCCCP(=O)NCCCCCCNC(=O)CCCO[*],0.2663545608520508,0.04220724105834961,0,0,0.0
[*]CCCCC(=O)NCCCCCCNC(=O)CCCO[*],[*]CCCCC(=O)ICCCCCCNC(=O)CCCO[*],0.6629037857055664,0.017109394073486328,0,0,0.0
[*]CC(C)OC(=O)Nc1cc(NC(=O)O[*])ccc1C,[*]CC(C)OC(=O)Nc1cc(NC(=O)O[*])ccc1N,0.22246551513671875,0.06610345840454102,0,0,0.0
[*]CC(C)OC(=O)Nc1cc(NC(=O)O[*])ccc1C,[*]CI(C)OC(=O)Nc1cc(NC(=O)O[*])ccc1C,0.044948577880859375,0.08236980438232422,0,0,0.0
[*]CC(C)OC(=O)Nc1cc(NC(=O)O[*])ccc1C,[*]CC(C)OC(=O)Nc1cc(NC(=O)O[*])cnc1C,0.08391141891479492,0.11852073669433594,0,0,0.0
[*]CC(C)OC(=O)Nc1cc(NC(=O)O[*])ccc1C,[*]CC(C)OC(=O)Nc1cc(NC(=P)O[*])ccc1C,0.5977306365966797,0.0320277214050293,0,0,0.0
[*]COC(=O)OCC1OC(OCC)(OCC)OC1[*],[*]COC(=O)OCC1OC(OCC)(OCC)OI1[*],1.042212963104248,0.07941150665283203,0,0,0.0
[*]COC(=O)OCC1OC(OCC)(OCC)OC1[*],[*]COC(=O)OCC1OI(OCC)(OCC)OC1[*],0.9508476257324219,0.08330821990966797,0,0,0.0
[*]COC(=O)OCC1OC(OCC)(OCC)OC1[*],[*]COC(=O)OCC1OC(ICC)(OCC)OC1[*],0.9125895500183105,0.1150960922241211,0,0,0.0
[*]c1ccc(-c2cnc3cc(S(=O)(=O)c4ccc5nc([*])cnc5c4)ccc3n2)cc1,[*]c1ccc(-c2cnc3cc(S(=O)(=O)c4cnc5nc([*])cnc5c4)ccc3n2)cc1,0.033220767974853516,0.013580083847045898,0,0,0.0
[*]C1OCOC(C([*])(F)F)C1(F)F,[*]C1OCOC(C([*])(F)F)S1(F)F,0.5194263458251953,1.709120750427246,0,0,0.0
[*]C1OCOC(C([*])(F)F)C1(F)F,[*]C1OPOC(C([*])(F)F)C1(F)F,0.1909503936767578,0.32263898849487305,0,0,0.0
[*]C1OCOC(C([*])(F)F)C1(F)F,[*]C1OCSC(C([*])(F)F)C1(F)F,0.5540561676025391,1.7491145133972168,0,0,0.0
[*]C1OCOC(C([*])(F)F)C1(F)F,[*]C1OCOC(C([*])(F)F)C1(F)C,0.1265544891357422,0.5337824821472168,0,0,0.0
[*]CC(C)(COC(=O)NCCCCCCNC(=O)O[*])C(=O)O,[*]CC(C)(COC(\O)NCCCCCCNC(=O)O[*])C(=O)O,0.07489776611328125,0.007092475891113281,0,0,0.0
[*]CC(C)(COC(=O)NCCCCCCNC(=O)O[*])C(=O)O,[*]CC(C)(NOC(=O)NCCCCCCNC(=O)O[*])C(=O)O,0.004973888397216797,0.06164407730102539,0,0,0.0
[*]CC(C)(COC(=O)NCCCCCCNC(=O)O[*])C(=O)O,[*]CC(C)(COC(-O)NCCCCCCNC(=O)O[*])C(=O)O,0.07489776611328125,0.03453874588012695,0,0,0.0
[*]OC(CCOc1ccccc1)CC([*])=O,[*]OC(NCOc1ccccc1)CC([*])=O,0.15737533569335938,0.04486417770385742,0,0,0.0
[*]OC(CCOc1ccccc1)CC([*])=O,[*]OC(CCOc1ccccn1)CC([*])=O,0.044877052307128906,0.3915390968322754,0,0,0.0
[*]OC(CCOc1ccccc1)CC([*])=O,[*]OC(CCOs1ccccc1)CC([*])=O,1.2793850898742676,0.7858505249023438,0,0,0.0
[*]CCCC(C)CCC(=O)N[*],[*]OCCC(C)CCC(=O)N[*],0.14929437637329102,0.03853416442871094,0,0,0.0
[*]CCCC(C)CCC(=O)N[*],[*]CCCC(C)CCC(=O)O[*],0.5865182876586914,0.41731977462768555,0,0,0.0
[*]CCCC(C)CCC(=O)N[*],[*]COCC(C)CCC(=O)N[*],0.2794790267944336,0.009735584259033203,0,0,0.0
[*]C(OC)=C(OC)c1ccc([*])cc1,[*]C(OC)=C(OC)s1ccc([*])cc1,0.8543565273284912,1.4020085334777832,0,0,0.0
[*]C(OC)=C(OC)c1ccc([*])cc1,[*]C(OC)=C(SC)c1ccc([*])cc1,0.0201113224029541,0.6272933483123779,0,0,0.0
[*]C(OC)=C(OC)c1ccc([*])cc1,[*]C(OC)/C(OC)c1ccc([*])cc1,1.2830700874328613,0.30042028427124023,0,0,0.0
C([*])C(C#N)(C(=O)OCC(C)OCC=C)([*]),C([*])C(C#N)(C(=O)OCC(S)OCC=C)([*]),0.06130170822143555,0.2321767807006836,0,0,0.0
C([*])C(C#N)(C(=O)OCC(C)OCC=C)([*]),C([*])C(C#N)(C(=O)OCC(F)OCC=C)([*]),0.09512519836425781,0.05752372741699219,0,0,0.0
[*]c1ccc(C(c2ccccc2)c2ccc(N3C(=O)c4ccc(S(=O)(=O)c5ccc6c(c5)C(=O)N([*])C6=O)cc4C3=O)cc2)cc1,[*]c1ccc(C(c2ccccc2)c2ccc(N3C(=O)c4ccc(S(=O)(=S)c5ccc6c(c5)C(=O)N([*])C6=O)cc4C3=O)cc2)cc1,0.15480899810791016,0.020345687866210938,0,0,0.0
[*]c1ccc(C(c2ccccc2)c2ccc(N3C(=O)c4ccc(S(=O)(=O)c5ccc6c(c5)C(=O)N([*])C6=O)cc4C3=O)cc2)cc1,[*]c1ccc(C(c2ccccc2)c2ccs(N3C(=O)c4ccc(S(=O)(=O)c5ccc6c(c5)C(=O)N([*])C6=O)cc4C3=O)cc2)cc1,0.34815311431884766,0.2827744483947754,0,0,0.0
[*]NC(CCC(=O)OCCCC)C([*])=O,[*]NC(CCS(=O)OCCCC)C([*])=O,0.11014747619628906,0.38480615615844727,0,0,0.0
[*]NC(CCC(=O)OCCCC)C([*])=O,[*]NP(CCC(=O)OCCCC)C([*])=O,0.07145404815673828,0.0032868385314941406,0,0,0.0
[*]NC(CCC(=O)OCCCC)C([*])=O,[*]NC(CCC(=N)OCCCC)C([*])=O,0.1720881462097168,0.44733428955078125,0,0,0.0
[*]CCCCCCCCCCCCOC(=O)c1ccc2cc(C(=O)O[*])ccc2c1,[*]CCCCCCOCCCCCOC(=O)c1ccc2cc(C(=O)O[*])ccc2c1,0.046587467193603516,0.05891609191894531,0,0,0.0
[*]CC(C)(C)COC(=O)Nc1ccc(Cc2ccc(NC(=O)O[*])c(C)c2)cc1C,[*]CC(C)(C)COC(=O)Nc1ncc(Cc2ccc(NC(=O)O[*])c(C)c2)cc1C,0.08273601531982422,0.24468469619750977,0,0,0.0
[*]CC(C)(C)COC(=O)Nc1ccc(Cc2ccc(NC(=O)O[*])c(C)c2)cc1C,[*]CC(C)(C)COC(=O)Nc1ccc(Cc2ccc(NC(-O)O[*])c(C)c2)cc1C,0.01244354248046875,0.006598949432373047,0,0,0.0
[*]CC(C)(C)COC(=O)Nc1ccc(Cc2ccc(NC(=O)O[*])c(C)c2)cc1C,[*]CC(C)(C)COC(=O)Nc1ccc(Cc2ccc(IC(=O)O[*])c(C)c2)cc1C,0.03619813919067383,0.09092378616333008,0,0,0.0
[*]C(=O)c1ccc2c(c1)C(=O)N(c1ccc(OCCOc3ccc(N4C(=O)c5ccc([*])cc5C4=O)cc3)cc1)C2=O,[*]C(=O)c1ccc2c(c1)C(=O)N(c1ccc(OSCOc3ccc(N4C(=O)c5ccc([*])cc5C4=O)cc3)cc1)C2=O,0.007061958312988281,0.23374414443969727,0,0,0.0
[*]C(=O)c1ccc2c(c1)C(=O)N(c1ccc(OCCOc3ccc(N4C(=O)c5ccc([*])cc5C4=O)cc3)cc1)C2=O,[*]C(=O)c1ccc2c(c1)C(=O)N(c1ccc(OCCOc3ccc(S4C(=O)c5ccc([*])cc5C4=O)cc3)cc1)C2=O,0.2784714698791504,0.30536365509033203,0,0,0.0
[*]CCCCOC(=O)NCCCCNC(=O)O[*],[*]CCCCOC(-O)NCCCCNC(=O)O[*],0.12900543212890625,0.04362916946411133,0,0,0.0
[*]CC([*])C(=O)N(O)c1ccc(C)cc1,[*]CC([*])C(=O)N(O)c1cnc(C)cc1,0.0596771240234375,0.5012474060058594,0,0,0.0
[*]CC([*])C(=O)N(O)c1ccc(C)cc1,[*]CC([*])S(=O)N(O)c1ccc(C)cc1,0.020684242248535156,0.2412581443786621,0,0,0.0
[*]CC([*])C(=O)N(O)c1ccc(C)cc1,[*]CC([*])C(=O)N(O)c1ccc(Cl)cc1,0.09200239181518555,0.04967021942138672,0,0,0.0
[*]CCCCCOC(=O)NCCSCCSCCNC(=O)O[*],[*]CCCCCOC(\O)NCCSCCSCCNC(=O)O[*],0.0423130989074707,0.004997730255126953,0,0,0.0
[*]CCCCCOC(=O)NCCSCCSCCNC(=O)O[*],[*]CCCCCOC(=O)SCCSCCSCCNC(=O)O[*],0.10547256469726562,0.08096694946289062,0,0,0.0
[*]CCCCCOc1ccc(OCCCCCc2nnc(-c3ccc(-c4nnc([*])o4)cc3)o2)c(C)c1,[*]OCCCCOc1ccc(OCCCCCc2nnc(-c3ccc(-c4nnc([*])o4)cc3)o2)c(C)c1,0.057192325592041016,0.09712982177734375,0,0,0.0
[*]CCCCCOc1ccc(OCCCCCc2nnc(-c3ccc(-c4nnc([*])o4)cc3)o2)c(C)c1,[*]CCCCCPc1ccc(OCCCCCc2nnc(-c3ccc(-c4nnc([*])o4)cc3)o2)c(C)c1,0.04837179183959961,0.04953765869140625,0,0,0.0
[*]CCCCCOc1ccc(OCCCCCc2nnc(-c3ccc(-c4nnc([*])o4)cc3)o2)c(C)c1,[*]CCCCCOc1ccc(OCCCCCs2nnc(-c3ccc(-c4nnc([*])o4)cc3)o2)c(C)c1,0.3869495391845703,0.6905364990234375,0,0,0.0
[*]CCCCCCCCCCOC(=O)c1ccc(NC(=O)O[*])cc1,[*]CCSCCCCCCCOC(=O)c1ccc(NC(=O)O[*])cc1,0.2826089859008789,0.44340085983276367,0,0,0.0
[*]CCCCCCCCCCOC(=O)c1ccc(NC(=O)O[*])cc1,[*]CCCCCCCCCCOC(=O)c1ccc(NC(=O)O[*])nc1,0.10226583480834961,0.0804281234741211,0,0,0.0
[*]CC(CC)(C(=O)O[*])c1ccccc1,[*]CC(CC)(C(=O)O[*])c1cnccc1,0.1468496322631836,0.339327335357666,0,0,0.0
[*]CS[*],[*]CN[*],0.4590730667114258,0.5307602882385254,0,0,0.0
[*]CS[*],[*]CO[*],1.0893092155456543,1.6459808349609375,0,0,0.0
[*]Oc1ccc(Oc2ccc(OC(=O)c3cccc(C([*])=O)c3)cc2)cc1,[*]Oc1ccc(Oc2ccc(OC(=O)c3cccc(C([*])-O)c3)cc2)cc1,0.20555877685546875,0.30448341369628906,0,0,0.0
[*]Oc1ccc(Oc2ccc(OC(=O)c3cccc(C([*])=O)c3)cc2)cc1,[*]Os1ccc(Oc2ccc(OC(=O)c3cccc(C([*])=O)c3)cc2)cc1,0.5804400444030762,0.3376307487487793,0,0,0.0
[*]Oc1ccc(Oc2ccc(OC(=O)c3cccc(C([*])=O)c3)cc2)cc1,[*]Oc1ccc(Oc2ccc(OC(=O)c3cncc(C([*])=O)c3)cc2)cc1,0.04201078414916992,0.021181821823120117,0,0,0.0
[*]CC(O[*])C(C)C,[*]CI(O[*])C(C)C,0.8345494270324707,0.07487916946411133,0,0,0.0
[*]CC(O[*])C(C)C,[*]CC(O[*])C(I)C,0.7905945777893066,0.046201229095458984,0,0,0.0
[*]CC(O[*])C(C)C,[*]CC(O[*])C(Br)C,0.9339628219604492,0.018100261688232422,0,0,0.0
[*]OC(=O)c1ccc(CCCc2ccc(C([*])=O)cc2)cc1,[*]OC(=O)c1ccc(CCCc2ccc(C([*])=C)cc2)cc1,0.2449502944946289,0.2314751148223877,0,0,0.0
[*]OC(=O)c1ccc(CCCc2ccc(C([*])=O)cc2)cc1,[*]OC(=O)c1ccc(CCCs2ccc(C([*])=O)cc2)cc1,0.8814048767089844,0.5763120651245117,0,0,0.0
[*]OC(=O)c1ccc(CCCc2ccc(C([*])=O)cc2)cc1,[*]OC(=O)c1ccc(CCCc2ccc(C([*])=P)cc2)cc1,0.6679613590240479,0.10147571563720703,0,0,0.0
[*]Oc1cccc(NC(=O)c2ccc([Si](C)(C)c3ccc(C([*])=O)cc3)cc2)c1,[*]Oc1cccc(NC(=O)c2ccc([Si](P)(C)c3ccc(C([*])=O)cc3)cc2)c1,0.11433768272399902,0.2359762191772461,0,0,0.0
[*]Oc1cccc(NC(=O)c2ccc([Si](C)(C)c3ccc(C([*])=O)cc3)cc2)c1,[*]Oc1cccc(NC(=O)c2ccc([Si](C)(C)c3ccc(C([*])=O)nc3)cc2)c1,0.05634570121765137,0.31363415718078613,0,0,0.0
[*]Oc1ccc(C(C)(C)c2ccc(OC(=O)SCCCSC([*])=O)cc2)cc1,[*]Oc1ccc(C(C)(C)c2ncc(OC(=O)SCCCSC([*])=O)cc2)cc1,0.07622623443603516,0.03366518020629883,0,0,0.0
[*]Oc1ccc(C(C)(C)c2ccc(OC(=O)SCCCSC([*])=O)cc2)cc1,[*]Oc1ccc(C(C)(C)s2ccc(OC(=O)SCCCSC([*])=O)cc2)cc1,0.44226694107055664,0.7098772525787354,0,0,0.0
[*]C=Cc1cc(OC)c([*])cc1Br,[*]C\Cc1cc(OC)c([*])cc1Br,0.9778773784637451,2.151872396469116,0,0,0.0
[*]c1ccc(-c2ccc([*])nc2)cn1,[*]c1ccc(-c2ccc([*])nn2)cn1,0.14090585708618164,0.12529850006103516,0,0,0.0
[*]Oc1ccc(C(C)(C)c2ccc(OC(=O)c3ccc(C([*])=O)cc3)cc2)cc1,[*]Oc1ccc(C(C)(C)c2ccc(OC(-O)c3ccc(C([*])=O)cc3)cc2)cc1,0.1918654441833496,0.07817363739013672,0,0,0.0
[*]Oc1ccc(C(C)(C)c2ccc(OC(=O)c3ccc(C([*])=O)cc3)cc2)cc1,[*]Oc1ccc(C(C)(C)c2ccc(OC(=C)c3ccc(C([*])=O)cc3)cc2)cc1,0.04603219032287598,0.07776737213134766,0,0,0.0
[*]Oc1ccc(C(C)(C)c2ccc(OC(=O)c3ccc(C([*])=O)cc3)cc2)cc1,[*]Oc1ccc(C(C)(I)c2ccc(OC(=O)c3ccc(C([*])=O)cc3)cc2)cc1,0.09863471984863281,0.09151840209960938,0,0,0.0
[*]c1ccc2c([*])c(C)[nH]c2c1,[*]s1ccc2c([*])c(C)[nH]c2c1,0.0604252815246582,0.11297369003295898,0,0,0.0
[*]CC([*])C(=O)NCCO,[*]CC([*])C(=O)NCPO,0.20610952377319336,0.03626823425292969,0,0,0.0
[*]CC([*])C(=O)NCCO,[*]CC([*])C(=O)NCCC,0.02124309539794922,0.3307771682739258,0,0,0.0
[*]CC([*])C(=O)NCCO,[*]CC([*])C(=O)NCIO,0.3359684944152832,0.007518768310546875,0,0,0.0
[*]Oc1ccc(C(C)(C)c2ccc(OC(=O)c3c(F)c(F)c(C([*])=O)c(F)c3F)cc2)cc1,[*]Oc1ncc(C(C)(C)c2ccc(OC(=O)c3c(F)c(F)c(C([*])=O)c(F)c3F)cc2)cc1,0.054305076599121094,0.003116607666015625,0,0,0.0
[*]Oc1ccc(C(C)(C)c2ccc(OC(=O)c3c(F)c(F)c(C([*])=O)c(F)c3F)cc2)cc1,[*]Oc1ccc(C(S)(C)c2ccc(OC(=O)c3c(F)c(F)c(C([*])=O)c(F)c3F)cc2)cc1,0.012751102447509766,0.07064056396484375,0,0,0.0
[*]Oc1ccc(C(C)(C)c2ccc(OC(=O)c3c(F)c(F)c(C([*])=O)c(F)c3F)cc2)cc1,[*]Oc1ccc(C(C)(C)c2ccc(OC(=P)c3c(F)c(F)c(C([*])=O)c(F)c3F)cc2)cc1,0.32752275466918945,0.006595611572265625,0,0,0.0
[*]OC(=O)Oc1ccc(OC(=O)OC2CC3CC([*])CC(C2)O3)cc1,[*]OC(=O)Oc1ccc(OC(/O)OC2CC3CC([*])CC(C2)O3)cc1,0.0014276504516601562,0.15782976150512695,0,0,0.0
[*]OC(=O)Oc1ccc(OC(=O)OC2CC3CC([*])CC(C2)O3)cc1,[*]OC(=O)Oc1ccc(OP(=O)OC2CC3CC([*])CC(C2)O3)cc1,0.11061429977416992,0.05521965026855469,0,0,0.0
[*]CCCCCCCCCC#CC#CCCCCCCCCCOC(=O)CCC(=O)O[*],[*]CCCCCCCCCC#CC#CCCCCCCCCCOC(-O)CCC(=O)O[*],0.018838882446289062,0.020378589630126953,0,0,0.0
[*]CCCCCCCCCC#CC#CCCCCCCCCCOC(=O)CCC(=O)O[*],[*]CCCCCCCCCC#CC=CCCCCCCCCCOC(=O)CCC(=O)O[*],0.10139846801757812,0.4961090087890625,0,0,0.0
[*]CCCCCCCCCC#CC#CCCCCCCCCCOC(=O)CCC(=O)O[*],[*]CCCCCCCCCC#CC#CCCCCCPCCCOC(=O)CCC(=O)O[*],0.6064004898071289,0.09746742248535156,0,0,0.0
[*]CCCCCCCCCC#CC#CCCCCCCCCCOC(=O)CCC(=O)O[*],[*]CCCCCCCCCC#CC#CCCCCCCCCCOS(=O)CCC(=O)O[*],0.03701210021972656,0.5763711929321289,0,0,0.0
[*]N=Nc1cc([*])ccc1C,[*]N=Cc1cc([*])ccc1C,0.48221516609191895,0.1257486343383789,0,0,0.0
[*]N=Nc1cc([*])ccc1C,[*]N=Nc1cs([*])ccc1C,0.9706566333770752,1.706568717956543,0,0,0.0
[*]N=Nc1cc([*])ccc1C,[*]N=Ns1cc([*])ccc1C,1.0960357189178467,1.7960114479064941,0,0,0.0
[*]N=Nc1cc([*])ccc1C,[*]N=Nc1cc([*])ncc1C,0.1435093879699707,0.16067838668823242,0,0,0.0
[*]CCCP(=O)(CCCNC(=O)CCCCC(=O)N[*])c1ccccc1,[*]CCCP(\O)(CCCNC(=O)CCCCC(=O)N[*])c1ccccc1,0.18022775650024414,0.032414913177490234,0,0,0.0
[*]CCCP(=O)(CCCNC(=O)CCCCC(=O)N[*])c1ccccc1,[*]CCCP(/O)(CCCNC(=O)CCCCC(=O)N[*])c1ccccc1,0.18022775650024414,0.030820846557617188,0,0,0.0
[*]CCCP(=O)(CCCNC(=O)CCCCC(=O)N[*])c1ccccc1,[*]PCCP(=O)(CCCNC(=O)CCCCC(=O)N[*])c1ccccc1,0.5419960021972656,0.01697826385498047,0,0,0.0
[*]CCCP(=O)(CCCNC(=O)CCCCC(=O)N[*])c1ccccc1,[*]CCCP(=O)(CCCNC(=O)CCCCC(=O)N[*])c1ncccc1,0.042017459869384766,0.04257392883300781,0,0,0.0
[*]CCCP(=O)(CCCNC(=O)CCCCC(=O)N[*])c1ccccc1,[*]CCCP(=O)(CCCNP(=O)CCCCC(=O)N[*])c1ccccc1,0.14087295532226562,0.05097007751464844,0,0,0.0
[*]CC(F)(F)C(F)(F)C(F)(F)C(F)(F)COC(=O)CCCC(=O)O[*],[*]CC(Br)(F)C(F)(F)C(F)(F)C(F)(F)COC(=O)CCCC(=O)O[*],1.1109466552734375,0.2453322410583496,0,0,0.0
[*]CC(F)(F)C(F)(F)C(F)(F)C(F)(F)COC(=O)CCCC(=O)O[*],[*]CC(F)(F)S(F)(F)C(F)(F)C(F)(F)COC(=O)CCCC(=O)O[*],0.12481164932250977,0.6991729736328125,0,0,0.0
[*]CC(F)(F)C(F)(F)C(F)(F)C(F)(F)COC(=O)CCCC(=O)O[*],[*]CC(F)(F)C(F)(F)C(F)(F)C(F)(F)COC(=I)CCCC(=O)O[*],1.482555866241455,0.40123653411865234,0,0,0.0
[*]CC(F)(F)C(F)(F)C(F)(F)C(F)(F)COC(=O)CCCC(=O)O[*],[*]CC(F)(F)C(F)(F)C(F)(F)C(F)(F)COC(=O)CCNC(=O)O[*],0.1035618782043457,0.28920602798461914,0,0,0.0
[*]CCCCCCOCCCCCCOCCCCCO[*],[*]CCCCCCOICCCCCOCCCCCO[*],0.7769370079040527,0.061542510986328125,0,0,0.0
[*]CCCCCCOCCCCCCOCCCCCO[*],[*]CCCCCCSCCCCCCOCCCCCO[*],0.7812662124633789,0.926790714263916,0,0,0.0
[*]CCCCCCOCCCCCCOCCCCCO[*],[*]CCCCCCOSCCCCCOCCCCCO[*],0.24082183837890625,0.9145479202270508,0,0,0.0
[*]CCCCCCCCCO[*],[*]CCCCCCCSCO[*],1.13792085647583,1.013932704925537,0,0,0.0
[*]CCCCCCCCCO[*],[*]CNCCCCCCCO[*],0.43749046325683594,0.5463681221008301,0,0,0.0
[*]CCCCCCCCCO[*],[*]CCCCSCCCCO[*],1.366234302520752,0.9254145622253418,0,0,0.0
[*]CCCCCCCCCO[*],[*]CCCCCCCNCO[*],0.43173933029174805,0.9358406066894531,0,0,0.0
[*]CCCCCCCCCO[*],[*]CCSCCCCCCO[*],1.3149123191833496,1.0631842613220215,0,0,0.0
[*]c1sc([*])c(OCCCCCC)c1C,[*]c1sc([*])c(OCCCCNC)c1C,0.17619919776916504,0.7662522792816162,0,0,0.0
[*]c1sc([*])c(OCCCCCC)c1C,[*]c1sc([*])c(OCCCSCC)c1C,0.42691850662231445,0.3851318359375,0,0,0.0
[*]c1sc([*])c(OCCCCCC)c1C,[*]c1sc([*])c(OCCCCCO)c1C,0.05137062072753906,0.2406930923461914,0,0,0.0
[*]Oc1ccc(C(C)(C)c2ccc(OC(=O)c3ccc(CC([*])=O)cc3)cc2)cc1,[*]Oc1ccc(C(C)(C)c2ccc(OC(=I)c3ccc(CC([*])=O)cc3)cc2)cc1,0.011083602905273438,0.08992862701416016,0,0,0.0
[*]Oc1ccc(C(C)(C)c2ccc(OC(=O)c3ccc(CC([*])=O)cc3)cc2)cc1,[*]Oc1ccc(C(P)(C)c2ccc(OC(=O)c3ccc(CC([*])=O)cc3)cc2)cc1,0.0010614395141601562,0.12137269973754883,0,0,0.0
[*]c1ccc(Oc2ccc(S(=O)(=O)c3ccc(Oc4ccc(-c5c6c(c([*])c7ccccc57)C(=O)N(c5ccccc5)C6=O)cc4)cc3)cc2)cc1,[*]c1ccc(Oc2ccc(S(=O)(=O)c3ccc(Oc4ccc(-c5c6c(c([*])c7ccccc57)C(\O)N(c5ccccc5)C6=O)cc4)cc3)cc2)cc1,0.11165118217468262,0.03153634071350098,0,0,0.0
[*]c1ccc(Oc2ccc(S(=O)(=O)c3ccc(Oc4ccc(-c5c6c(c([*])c7ccccc57)C(=O)N(c5ccccc5)C6=O)cc4)cc3)cc2)cc1,[*]c1ccc(Oc2ccc(S(=O)(=O)c3ccc(Oc4ccc(-c5c6c(c([*])c7ccncc57)C(=O)N(c5ccccc5)C6=O)cc4)cc3)cc2)cc1,0.02693343162536621,0.06180930137634277,0,0,0.0
[*]CCCCCCOC(=O)NCCCCCCNC(=O)O[*],[*]CCCCCSOC(=O)NCCCCCCNC(=O)O[*],0.614163875579834,0.3922600746154785,0,0,0.0
[*]CCCCCCOC(=O)NCCCCCCNC(=O)O[*],[*]CCCCCCOC(=O)NCCCNCCNC(=O)O[*],0.27745485305786133,0.1578364372253418,0,0,0.0
[*]CCCCCCOC(=O)NCCCCCCNC(=O)O[*],[*]CCCCCCOC(=S)NCCCCCCNC(=O)O[*],1.2537212371826172,0.8400211334228516,0,0,0.0
[*]CCCCCCOC(=O)NCCCCCCNC(=O)O[*],[*]CCCCCCPC(=O)NCCCCCCNC(=O)O[*],0.7400708198547363,0.07565975189208984,0,0,0.0
[*]CCCCCCOC(=O)NCCCCCCNC(=O)O[*],[*]CCCCCCOC(=O)NCNCCCCNC(=O)O[*],0.24683427810668945,0.09508800506591797,0,0,0.0
[*]CC1CCC(CNC(=O)c2cccc(C(=O)N[*])c2)CC1,[*]CC1CCC(CNC(=O)c2cncc(C(=O)N[*])c2)CC1,0.05552864074707031,0.05420207977294922,0,0,0.0
[*]CC1CCC(CNC(=O)c2cccc(C(=O)N[*])c2)CC1,[*]CC1CCC(CNC(\O)c2cccc(C(=O)N[*])c2)CC1,0.25464773178100586,0.06483221054077148,0,0,0.0
[*]CC1CCC(CNC(=O)c2cccc(C(=O)N[*])c2)CC1,[*]OC1CCC(CNC(=O)c2cccc(C(=O)N[*])c2)CC1,0.04105520248413086,0.08981943130493164,0,0,0.0
[*]CCN([*])C(=O)C1CCCCC1,[*]CCN([*])C(=O)C1CNCCC1,0.42224884033203125,0.1694331169128418,0,0,0.0
[*]CCN([*])C(=O)C1CCCCC1,[*]CCN([*])C(=O)C1PCCCC1,0.9882850646972656,0.2730393409729004,0,0,0.0
[*]CCN([*])C(=O)C1CCCCC1,[*]CCN([*])C(=P)C1CCCCC1,1.1590204238891602,0.4287748336791992,0,0,0.0
[*]CCN([*])C(=O)C1CCCCC1,[*]CIN([*])C(=O)C1CCCCC1,1.0866069793701172,0.14252471923828125,0,0,0.0
[*]C(=O)c1cccc(C(=O)c2ccc3c(c2)C(=Nc2cccc(N=C4OC(=O)c5cc([*])ccc54)c2)OC3=O)c1,[*]C(=O)c1cccc(C(=O)c2ccc3c(c2)C(=Nc2cccc(N=C4OC(=O)c5cc([*])ccc54)c2)OC3=I)c1,0.13750576972961426,0.06403064727783203,0,0,0.0
[*]C(=O)c1cccc(C(=O)c2ccc3c(c2)C(=Nc2cccc(N=C4OC(=O)c5cc([*])ccc54)c2)OC3=O)c1,[*]C(=O)c1cccc(C(=C)c2ccc3c(c2)C(=Nc2cccc(N=C4OC(=O)c5cc([*])ccc54)c2)OC3=O)c1,0.05478048324584961,0.0038900375366210938,0,0,0.0
[*]CC(=O)Nc1ccc(Oc2cccc(NC(=O)CN3C(=O)c4ccc(C(=O)c5ccc6c(c5)C(=O)N([*])C6=O)cc4C3=O)c2)cc1,[*]CC(=O)Nc1ccc(Oc2cccc(NC(=O)CN3C(=O)c4ccc(C(=O)c5ccc6c(c5)C(=O)N([*])C6=O)cc4C3/O)c2)cc1,0.11940836906433105,0.2533855438232422,0,0,0.0
[*]CC(=O)Nc1ccc(Oc2cccc(NC(=O)CN3C(=O)c4ccc(C(=O)c5ccc6c(c5)C(=O)N([*])C6=O)cc4C3=O)c2)cc1,[*]CC(=O)Nc1ccc(Os2cccc(NC(=O)CN3C(=O)c4ccc(C(=O)c5ccc6c(c5)C(=O)N([*])C6=O)cc4C3=O)c2)cc1,0.3634030818939209,0.5581765174865723,0,0,0.0
[*]C(=O)OCCCCCCOC(=O)N1CCN([*])CC1,[*]C(=O)NCCCCCCOC(=O)N1CCN([*])CC1,0.24924373626708984,0.06849908828735352,0,0,0.0
[*]C(=O)OCCCCCCOC(=O)N1CCN([*])CC1,[*]C(=O)OCCCCCSOC(=O)N1CCN([*])CC1,0.6803388595581055,0.7561163902282715,0,0,0.0
[*]C(=O)OCCCCCCOC(=O)N1CCN([*])CC1,[*]C(=O)OCCCCCCOC(=O)N1CCN([*])CP1,0.47215795516967773,0.042441368103027344,0,0,0.0
[*]C(=O)OCCCCCCOC(=O)N1CCN([*])CC1,[*]C(-O)OCCCCCCOC(=O)N1CCN([*])CC1,0.08470726013183594,0.009185314178466797,0,0,0.0
[*]c1ccc([*])n1C,[*]c1ccc([*])n1Cl,0.34241342544555664,0.2271103858947754,0,0,0.0
[*]c1ccc([*])n1C,[*]c1cnc([*])n1C,0.3834652900695801,0.22082281112670898,0,0,0.0
[*]c1ccc([*])n1C,[*]c1ccc([*])n1F,0.11338496208190918,0.7005112171173096,0,0,0.0
[*]Oc1ccc(C2(c3ccc(OC(=O)OC4C(C)(C)C(OC([*])=O)C4(C)C)cc3)CC3CCC2C3)cc1,[*]Oc1ccc(C2(c3ccc(OC(=O)OC4C(C)(C)C(OC([*])=O)C4(C)Cl)cc3)CC3CCC2C3)cc1,0.0035462379455566406,0.11529541015625,0,0,0.0
[*]Oc1ccc(C2(c3ccc(OC(=O)OC4C(C)(C)C(OC([*])=O)C4(C)C)cc3)CC3CCC2C3)cc1,[*]Oc1ccc(C2(c3ccc(OC(=O)OC4C(C)(C)C(OC([*])=C)C4(C)C)cc3)CC3CCC2C3)cc1,0.09582185745239258,0.0414118766784668,0,0,0.0
[*]Oc1ccc(C2(c3ccc(OC(=O)OC4C(C)(C)C(OC([*])=O)C4(C)C)cc3)CC3CCC2C3)cc1,[*]Oc1ccc(C2(c3ccc(OC(=O)OC4C(N)(C)C(OC([*])=O)C4(C)C)cc3)CC3CCC2C3)cc1,0.013394832611083984,0.2023005485534668,0,0,0.0
[*]Oc1ccc(C2(c3ccc(OC(=O)OC4C(C)(C)C(OC([*])=O)C4(C)C)cc3)CC3CCC2C3)cc1,[*]Oc1ccc(C2(c3ccc(NC(=O)OC4C(C)(C)C(OC([*])=O)C4(C)C)cc3)CC3CCC2C3)cc1,0.06184530258178711,0.19864892959594727,0,0,0.0
[*]OC(=O)CS(=O)(=O)Cc1ccc(CS(=O)(=O)CC([*])=O)cc1,[*]OC(=O)CS(=O)(\O)Cc1ccc(CS(=O)(=O)CC([*])=O)cc1,0.43567800521850586,0.16226911544799805,0,0,0.0
[*]OC(=O)CS(=O)(=O)Cc1ccc(CS(=O)(=O)CC([*])=O)cc1,[*]OC(=O)CS(=O)(=O)Cc1ccc(CS(=O)(-O)CC([*])=O)cc1,0.48645877838134766,0.09908294677734375,0,0,0.0
[*]OC(=O)CS(=O)(=O)Cc1ccc(CS(=O)(=O)CC([*])=O)cc1,[*]OC(=I)CS(=O)(=O)Cc1ccc(CS(=O)(=O)CC([*])=O)cc1,0.4135315418243408,0.2411203384399414,0,0,0.0
[*]CNC(=O)CCCCCC(=O)N[*],[*]CNC(=O)CCCCCC(/O)N[*],0.02292013168334961,0.0907602310180664,0,0,0.0
[*]CNC(=O)CCCCCC(=O)N[*],[*]CNC(=O)CPCCCC(=O)N[*],1.0496292114257812,0.06097602844238281,0,0,0.0
[*]C1=NC2=CC([*])C=CC2=C1,[*]C1=NC2\CC([*])C=CC2=C1,0.8374462127685547,0.11066222190856934,0,0,0.0
[*]C1=NC2=CC([*])C=CC2=C1,[*]C1=NC2=CC([*])C\CC2=C1,0.7005329132080078,0.4284071922302246,0,0,0.0
[*]C1=NC2=CC([*])C=CC2=C1,[*]C1/NC2=CC([*])C=CC2=C1,0.7061629295349121,0.4475276470184326,0,0,0.0
[*]C1=NC2=CC([*])C=CC2=C1,[*]C1=NC2=CS([*])C=CC2=C1,0.16236233711242676,0.10019493103027344,0,0,0.0
[*]NNC(=O)C([*])=O,[*]NNC(=O)C([*])\O,0.5261073112487793,0.9978923797607422,0,0,0.0
[*]NNC(=O)C([*])=O,[*]SNC(=O)C([*])=O,0.9678878784179688,1.2237627506256104,0,0,0.0
[*]CCCCCCCCCCOC(=O)CCCCCCCCCCC(=O)O[*],[*]CCCCCCCCCCOC(=O)CCOCCCCCCCC(=O)O[*],0.13000011444091797,0.06745243072509766,0,0,0.0
[*]CCCCCCCCCCOC(=O)CCCCCCCCCCC(=O)O[*],[*]CCCCCCCCCCOC(=O)NCCCCCCCCCC(=O)O[*],0.0864715576171875,0.5193042755126953,0,0,0.0
[*]CCCCCCCCCCOC(=O)CCCCCCCCCCC(=O)O[*],[*]CCCCCCCCCCOC(=O)CCCCCCCCCNC(=O)O[*],0.0930013656616211,0.6510443687438965,0,0,0.0
[*]CCCCCCCCCCOC(=O)CCCCCCCCCCC(=O)O[*],[*]CCCCCCCCPCOC(=O)CCCCCCCCCCC(=O)O[*],0.6558799743652344,0.011744976043701172,0,0,0.0
[*]CCCCCCCC(=O)O[*],[*]CCCCCICC(=O)O[*],0.625068187713623,0.26560163497924805,0,0,0.0
[*]CCCCCCCC(=O)O[*],[*]CCCCCPCC(=O)O[*],1.459580898284912,0.03969860076904297,0,0,0.0
[*]CC(S1)=CC=C1C(S2)=CC=C2C(=S)[*],[*]CC(S1)=CC=C1C(S2)=CC=C2C(/S)[*],0.7541103363037109,0.29776716232299805,0,0,0.0
[*]CC(S1)=CC=C1C(S2)=CC=C2C(=S)[*],[*]CC(S1)=CC=C1C(S2)=CC\C2C(=S)[*],0.5185539722442627,0.319659948348999,0,0,0.0
[*]CC(S1)=CC=C1C(S2)=CC=C2C(=S)[*],[*]CC(S1)=CC=C1C(S2)=CC=C2C(=N)[*],0.5045595169067383,0.1449117660522461,0,0,0.0
[*]Nc1ccc(NC(=O)c2cc(NC(=O)c3ccccc3)cc(C([*])=O)c2)cc1,[*]Nc1ccc(NC(=O)c2cc(NC(=O)c3ccncc3)cc(C([*])=O)c2)cc1,0.07323932647705078,0.0454866886138916,0,0,0.0
[*]N=P([*])(OCC(C)C)OC(C)C,[*]P=P([*])(OCC(C)C)OC(C)C,1.155198097229004,0.29585790634155273,0,0,0.0
[*]N=P([*])(OCC(C)C)OC(C)C,[*]N=P([*])(OIC(C)C)OC(C)C,0.9747586250305176,0.06926536560058594,0,0,0.0
[*]N=P([*])(OCC(C)C)OC(C)C,[*]N=P([*])(OCC(C)P)OC(C)C,0.9180231094360352,0.06124162673950195,0,0,0.0
[*]N=P([*])(OCC(C)C)OC(C)C,[*]N=I([*])(OCC(C)C)OC(C)C,1.437307357788086,0.03963661193847656,0,0,0.0
[*]c1ccc(-c2cnc3ccc(-c4ccc5ncc([*])nc5c4)cc3n2)cc1,[*]c1ccc(-c2nnc3ccc(-c4ccc5ncc([*])nc5c4)cc3n2)cc1,0.022475242614746094,0.007782459259033203,0,0,0.0
[*]CC([*])(C)C#N,[*]CC([*])(C)C#S,2.6390843391418457,1.7406058311462402,0,0,0.0
[*]CC([*])(C)C#N,[*]CC([*])(Cl)C#N,0.33081960678100586,0.6431112289428711,0,0,0.0
[*]CC([*])(C)C#N,[*]CC([*])(C)C#I,1.4707493782043457,0.30103397369384766,0,0,0.0
[*]CC(O)COc1cccc(O[*])c1,[*]CC(O)CNc1cccc(O[*])c1,0.052475929260253906,0.06717538833618164,0,0,0.0
[*]C(=O)SSCCCCCCSSC(=O)N1CCN([*])CC1,[*]C(=O)CSCCCCCCSSC(=O)N1CCN([*])CC1,0.1587352752685547,0.16945409774780273,0,0,0.0
[*]C(=O)SSCCCCCCSSC(=O)N1CCN([*])CC1,[*]C(=O)SSICCCCCSSC(=O)N1CCN([*])CC1,0.22919321060180664,0.12275075912475586,0,0,0.0
[*]C(=O)SSCCCCCCSSC(=O)N1CCN([*])CC1,[*]C(=O)SSCCCCCCSSC(-O)N1CCN([*])CC1,0.3411264419555664,0.2738375663757324,0,0,0.0
[*]C(=O)SSCCCCCCSSC(=O)N1CCN([*])CC1,[*]C(=O)SSCCCCCCSSC(=O)N1CSN([*])CC1,0.15944814682006836,0.10329341888427734,0,0,0.0
[*]NC(C)C(C)C([*])=O,[*]NC(C)C(O)C([*])=O,0.028829574584960938,0.28797006607055664,0,0,0.0
[*]NC(C)C(C)C([*])=O,[*]NC(P)C(C)C([*])=O,0.08207035064697266,0.020442962646484375,0,0,0.0
[*]CC1CC([*])CN(c2nc(N)nc(N)n2)C1,[*]CC1CC([*])CN(c2nc(N)ns(N)n2)C1,0.26842641830444336,0.7637104988098145,0,0,0.0
[*]CC1CC([*])CN(c2nc(N)nc(N)n2)C1,[*]CC1CS([*])CN(c2nc(N)nc(N)n2)C1,0.47396326065063477,0.3320603370666504,0,0,0.0
[*]CC1CC([*])CN(c2nc(N)nc(N)n2)C1,[*]CC1CC([*])CN(c2nc(N)nc(N)c2)C1,0.14356565475463867,0.25888729095458984,0,0,0.0
[*]C=Nc1ccc(N=Cc2ccc(Sc3ccc([*])o3)o2)cc1,[*]C=Nc1ccc(N=Cc2ccc(Sc3ccc([*])o3)o2)nc1,0.040622711181640625,0.029241085052490234,0,0,0.0
[*]C=Nc1ccc(N=Cc2ccc(Sc3ccc([*])o3)o2)cc1,[*]C=Ic1ccc(N=Cc2ccc(Sc3ccc([*])o3)o2)cc1,0.4011235237121582,0.025311946868896484,0,0,0.0
[*]C=Nc1ccc(N=Cc2ccc(Sc3ccc([*])o3)o2)cc1,[*]C=Nc1ccc(N=Sc2ccc(Sc3ccc([*])o3)o2)cc1,0.1881389617919922,0.042047977447509766,0,0,0.0
[*]C=Nc1ccc(N=Cc2ccc(Sc3ccc([*])o3)o2)cc1,[*]C=Nc1ncc(N=Cc2ccc(Sc3ccc([*])o3)o2)cc1,0.04082536697387695,0.05284929275512695,0,0,0.0
[*]C=Nc1ccc(N=Cc2ccc(Sc3ccc([*])o3)o2)cc1,[*]N=Nc1ccc(N=Cc2ccc(Sc3ccc([*])o3)o2)cc1,0.5432446002960205,0.10150933265686035,0,0,0.0
[*]CC(C#N)(C#N)CC(C#N)(C#N)CC(C#N)(C#N)C(C#N)C(C#N)(C#N)[*],[*]CC(I#N)(C#N)CC(C#N)(C#N)CC(C#N)(C#N)C(C#N)C(C#N)(C#N)[*],1.5874266624450684,0.10991573333740234,0,0,0.0
[*]CC(C#N)(C#N)CC(C#N)(C#N)CC(C#N)(C#N)C(C#N)C(C#N)(C#N)[*],[*]CC(C#N)(C#N)CC(C-N)(C#N)CC(C#N)(C#N)C(C#N)C(C#N)(C#N)[*],0.12537717819213867,0.18488502502441406,0,0,0.0
[*]CC(C#N)(C#N)CC(C#N)(C#N)CC(C#N)(C#N)C(C#N)C(C#N)(C#N)[*],[*]CC(C#N)(C#N)CC(C#S)(C#N)CC(C#N)(C#N)C(C#N)C(C#N)(C#N)[*],1.4529285430908203,1.0944771766662598,0,0,0.0
[*]c1ccc(N2C(=O)c3ccc(-c4ccc5c(c4)C(=O)N([*])C5=O)cc3C2=O)c(C)c1,[*]c1ccc(N2C(=O)c3ccc(-c4ccs5c(c4)C(=O)N([*])C5=O)cc3C2=O)c(C)c1,0.4124488830566406,0.6054959297180176,0,0,0.0
[*]NC(=O)C(S1)=CC=C1C(C=C2)=CC=C2[*],[*]NC(=O)C(S1)=CC=C1C(C#C2)=CC=C2[*],0.12279844284057617,0.03471493721008301,0,0,0.0
[*]NC(=O)C(S1)=CC=C1C(C=C2)=CC=C2[*],[*]NC(=O)C(S1)=CC=C1C(C=C2)=CC\C2[*],0.07847476005554199,0.3147900104522705,0,0,0.0
[*]NC(=O)C(S1)=CC=C1C(C=C2)=CC=C2[*],[*]NC(=O)C(S1)=CC\C1C(C=C2)=CC=C2[*],0.3994565010070801,0.2923269271850586,0,0,0.0
[*]NC(=O)C(S1)=CC=C1C(C=C2)=CC=C2[*],[*]NC(/O)C(S1)=CC=C1C(C=C2)=CC=C2[*],0.29976511001586914,0.16521263122558594,0,0,0.0
[*]CC(CC)(CC)CO[*],[*]CP(CC)(CC)CO[*],0.8086333274841309,0.25773096084594727,0,0,0.0
[*]CC(CC)(CC)CO[*],[*]CC(CC)(IC)CO[*],0.14889812469482422,0.13513660430908203,0,0,0.0
[*]C=CC(C#N)C[*],[*]C=CN(C#N)C[*],1.6812729835510254,0.0809326171875,0,0,0.0
[*]C=CC(C#N)C[*],[*]C=CC(C#S)C[*],1.469148874282837,0.5990514755249023,0,0,0.0
[*]CCCCCCC(Cl)C([*])Cl,[*]PCCCCCC(Cl)C([*])Cl,1.251744270324707,0.08771705627441406,0,0,0.0
[*]CCCCCCC(Cl)C([*])Cl,[*]CCCCCCC(C)C([*])Cl,0.15331745147705078,0.029613018035888672,0,0,0.0
[*]CCCCCCC(Cl)C([*])Cl,[*]CCCCCCC(Cl)C([*])P,0.41284990310668945,0.08351325988769531,0,0,0.0
[*]CCCCCCC(Cl)C([*])Cl,[*]CCCCCSC(Cl)C([*])Cl,0.9206967353820801,1.5466065406799316,0,0,0.0
[*]c1ccc([*])o1,[*]c1ncc([*])o1,0.5903940200805664,0.30814337730407715,0,0,0.0
C([*])(CC)=CCC([*]),C([*])(CC)=ICC([*]),0.34734249114990234,0.18120908737182617,0,0,0.0
C([*])(CC)=CCC([*]),C([*])(CC)/CCC([*]),1.227829933166504,0.9398159980773926,0,0,0.0
C([*])(CC)=CCC([*]),C([*])(CC)=NCC([*]),0.4252052307128906,0.12167930603027344,0,0,0.0
[*]C1C(=O)OC(=O)C1C1C2CC(C(=O)OC3CCCCC3)C(C2)C1[*],[*]C1C(=O)OC(=O)C1C1C2SC(C(=O)OC3CCCCC3)C(C2)C1[*],0.2954831123352051,0.5910077095031738,0,0,0.0
[*]C1C(=O)OC(=O)C1C1C2CC(C(=O)OC3CCCCC3)C(C2)C1[*],[*]C1C(=S)OC(=O)C1C1C2CC(C(=O)OC3CCCCC3)C(C2)C1[*],1.0230321884155273,0.1708521842956543,0,0,0.0
[*]C1C(=O)OC(=O)C1C1C2CC(C(=O)OC3CCCCC3)C(C2)C1[*],[*]C1C(=O)OC(=O)C1C1C2CC(C(=O)OC3CCCCC3)S(C2)C1[*],0.26656103134155273,0.3026266098022461,0,0,0.0
[*]C1C(=O)OC(=O)C1C1C2CC(C(=O)OC3CCCCC3)C(C2)C1[*],[*]C1C(=O)OC(=O)C1C1C2CC(C(=O)OI3CCCCC3)C(C2)C1[*],0.9950823783874512,0.1619415283203125,0,0,0.0
[*]CNOC(S1)=CC=C1[*],[*]CNOC(S1)=CC\C1[*],0.9321422576904297,0.5257081985473633,0,0,0.0
[*]CNOC(S1)=CC=C1[*],[*]CNOC(S1)=CP=C1[*],0.31160831451416016,0.141265869140625,0,0,0.0
[*]c1ccc(-c2nc3cc4sc([*])nc4cc3s2)cc1,[*]c1ccs(-c2nc3cc4sc([*])nc4cc3s2)cc1,0.23363685607910156,0.17044281959533691,0,0,0.0
[*]OC1C(C)(C)C(OC([*])=O)C1(C)C,[*]SC1C(C)(C)C(OC([*])=O)C1(C)C,1.0462613105773926,0.844813346862793,0,0,0.0
[*]OC1C(C)(C)C(OC([*])=O)C1(C)C,[*]OC1C(P)(C)C(OC([*])=O)C1(C)C,0.2314610481262207,0.006569862365722656,0,0,0.0
[*]OC1C(C)(C)C(OC([*])=O)C1(C)C,[*]OC1C(C)(C)C(OC([*])=S)C1(C)C,1.8587989807128906,0.9626641273498535,0,0,0.0
[*]OC1C(C)(C)C(OC([*])=O)C1(C)C,[*]OC1C(Cl)(C)C(OC([*])=O)C1(C)C,0.025229930877685547,0.06653261184692383,0,0,0.0
[*]CC1CC1COC(=O)NCCCCCCNC(=O)O[*],[*]CC1CC1COC(=O)NCPCCCCNC(=O)O[*],0.8979315757751465,0.021354198455810547,0,0,0.0
[*]CC1CC1COC(=O)NCCCCCCNC(=O)O[*],[*]CC1CC1COS(=O)NCCCCCCNC(=O)O[*],0.21976852416992188,0.45720911026000977,0,0,0.0
[*]CC1CC1COC(=O)NCCCCCCNC(=O)O[*],[*]CC1CN1COC(=O)NCCCCCCNC(=O)O[*],0.31585121154785156,0.07592630386352539,0,0,0.0
[*]CCNC(=O)c1ccc(O[*])cc1,[*]OCNC(=O)c1ccc(O[*])cc1,0.031537532806396484,0.015706539154052734,0,0,0.0
[*]c1ccc(-c2sc(-c3cc(SCCCCCCCC)c([*])s3)cc2SCCCCCCCC)cc1,[*]c1ccc(-c2oc(-c3cc(SCCCCCCCC)c([*])s3)cc2SCCCCCCCC)cc1,0.18048334121704102,0.14542365074157715,0,0,0.0
[*]c1ccc(-c2sc(-c3cc(SCCCCCCCC)c([*])s3)cc2SCCCCCCCC)cc1,[*]c1ccc(-c2sc(-c3cc(SCCCCCPCC)c([*])s3)cc2SCCCCCCCC)cc1,0.18119359016418457,0.022233247756958008,0,0,0.0
[*]C(=O)NCCCCCCCCNC(=O)c1cncc([*])c1,[*]C(=O)NCCCCPCCCNC(=O)c1cncc([*])c1,0.2431349754333496,0.004493236541748047,0,0,0.0
[*]Nc1ccc([*])cc1[N+](=O)[O-],[*]Ns1ccc([*])cc1[N+](=O)[O-],0.7532498836517334,0.5386955738067627,0,0,0.0
[*]c1ccc(C)c(N2C(=O)c3ccc(S(=O)(=O)c4ccc5c(c4)C(=O)N([*])C5=O)cc3C2=O)c1,[*]c1ncc(C)c(N2C(=O)c3ccc(S(=O)(=O)c4ccc5c(c4)C(=O)N([*])C5=O)cc3C2=O)c1,0.0011234283447265625,0.33285069465637207,0,0,0.0
[*]c1ccc(C)c(N2C(=O)c3ccc(S(=O)(=O)c4ccc5c(c4)C(=O)N([*])C5=O)cc3C2=O)c1,[*]c1ccc(C)c(N2C(=O)c3ccc(S(=O)(=O)s4ccc5c(c4)C(=O)N([*])C5=O)cc3C2=O)c1,0.5013513565063477,0.7568409442901611,0,0,0.0
[*]C#CC(CCCCOC(=O)NCCC)=C([*])CCCCOC(=O)NCCC,[*]C#CC(CCCCOC(=O)NCCC)=C([*])CCCCOC(=O)NCCF,0.04930448532104492,0.0018701553344726562,0,0,0.0
[*]C#CC(CCCCOC(=O)NCCC)=C([*])CCCCOC(=O)NCCC,[*]C#CC(CCCCOC(=O)NCCO)=C([*])CCCCOC(=O)NCCC,0.0150909423828125,0.24701547622680664,0,0,0.0
[*]C#CC(CCCCOC(=O)NCCC)=C([*])CCCCOC(=O)NCCC,[*]C#CC(CCCCOC(=O)NCCC)-C([*])CCCCOC(=O)NCCC,1.4598116874694824,0.4915957450866699,0,0,0.0
[*]c1ccc(-c2nnc(-c3cccc(-c4nnc([*])o4)n3)o2)cc1,[*]c1ccc(-c2nnc(-c3cccc(-c4nnc([*])o4)n3)s2)cc1,0.07627701759338379,0.3612227439880371,0,0,0.0
[*]c1ccc(-c2nnc(-c3cccc(-c4nnc([*])o4)n3)o2)cc1,[*]c1ccc(-c2nnc(-s3cccc(-c4nnc([*])o4)n3)o2)cc1,0.49510955810546875,0.9386210441589355,0,0,0.0
[*]c1ccc(-c2nnc(-c3cccc(-c4nnc([*])o4)n3)o2)cc1,[*]s1ccc(-c2nnc(-c3cccc(-c4nnc([*])o4)n3)o2)cc1,0.39357876777648926,0.284090518951416,0,0,0.0
[*]c1ccc(-c2nnc(-c3cccc(-c4nnc([*])o4)n3)o2)cc1,[*]c1ccc(-c2nnc(-c3cccc(-c4nnc([*])o4)n3)o2)cn1,0.024588584899902344,0.07103943824768066,0,0,0.0
[*]Oc1c(C)cc(C2(c3cc(C)c(OC(=O)c4cccc(C([*])=O)c4)c(C)c3)CCC3CCCCC3C2)cc1C,[*]Oc1c(C)cc(C2(c3cc(C)c(OC(=O)c4cccc(C([*])=O)c4)c(C)c3)NCC3CCCCC3C2)cc1C,0.04629039764404297,0.23036718368530273,0,0,0.0
[*]Oc1c(C)cc(C2(c3cc(C)c(OC(=O)c4cccc(C([*])=O)c4)c(C)c3)CCC3CCCCC3C2)cc1C,[*]Oc1c(C)cc(C2(c3cc(C)s(OC(=O)c4cccc(C([*])=O)c4)c(C)c3)CCC3CCCCC3C2)cc1C,0.3832578659057617,0.5291006565093994,0,0,0.0
[*]Oc1c(C)cc(C2(c3cc(C)c(OC(=O)c4cccc(C([*])=O)c4)c(C)c3)CCC3CCCCC3C2)cc1C,[*]Oc1c(F)cc(C2(c3cc(C)c(OC(=O)c4cccc(C([*])=O)c4)c(C)c3)CCC3CCCCC3C2)cc1C,0.05059957504272461,0.011785030364990234,0,0,0.0
[*]Oc1c(C)cc(C2(c3cc(C)c(OC(=O)c4cccc(C([*])=O)c4)c(C)c3)CCC3CCCCC3C2)cc1C,[*]Oc1c(C)cc(C2(c3cc(C)c(OC(=O)c4cccc(C([*])=O)c4)c(C)c3)CCC3CCCNC3C2)cc1C,0.030374526977539062,0.48403024673461914,0,0,0.0
[*]CC(F)(F)C(F)(F)C(F)(F)C(F)(F)COC(=O)NCC(F)(F)C(F)(F)C(F)(F)C(F)(F)CNC(=O)O[*],[*]CC(F)(F)C(N)(F)C(F)(F)C(F)(F)COC(=O)NCC(F)(F)C(F)(F)C(F)(F)C(F)(F)CNC(=O)O[*],0.015172004699707031,0.023777484893798828,0,0,0.0
[*]CC(F)(F)C(F)(F)C(F)(F)C(F)(F)COC(=O)NCC(F)(F)C(F)(F)C(F)(F)C(F)(F)CNC(=O)O[*],[*]CC(F)(F)C(F)(F)C(F)(F)C(F)(F)COC(=O)NCC(F)(F)C(F)(F)C(F)(F)C(F)(N)CNC(=O)O[*],0.01676321029663086,0.051054954528808594,0,0,0.0
[*]CC(F)(F)C(F)(F)C(F)(F)C(F)(F)COC(=O)NCC(F)(F)C(F)(F)C(F)(F)C(F)(F)CNC(=O)O[*],[*]CC(F)(F)C(F)(F)C(F)(F)C(F)(F)COC(=O)NCC(F)(F)C(F)(F)C(I)(F)C(F)(F)CNC(=O)O[*],1.1720457077026367,0.06906890869140625,0,0,0.0
[*]CCCCCCCNC(=O)CCCCCCCC(=O)N[*],[*]CCCCCCCNC(\O)CCCCCCCC(=O)N[*],0.005540370941162109,0.10789918899536133,0,0,0.0
[*]CCCCCCCNC(=O)CCCCCCCC(=O)N[*],[*]CCCCCCINC(=O)CCCCCCCC(=O)N[*],0.8230175971984863,0.08614349365234375,0,0,0.0
[*]CCCCCCCNC(=O)CCCCCCCC(=O)N[*],[*]CCCCCCCNC(/O)CCCCCCCC(=O)N[*],0.005540370941162109,0.010173797607421875,0,0,0.0
[*]CCCCCCCNC(=O)CCCCCCCC(=O)N[*],[*]ICCCCCCNC(=O)CCCCCCCC(=O)N[*],1.0099706649780273,0.07442331314086914,0,0,0.0
[*]CCCCCCCNC(=O)CCCCCCCC(=O)N[*],[*]CCNCCCCNC(=O)CCCCCCCC(=O)N[*],0.23521089553833008,0.08292770385742188,0,0,0.0
[*]CCOCCOC(=O)CCCCCCCCCCCCCCCCC(=O)O[*],[*]CCOCCOC(=O)CCCCICCCCCCCCCCCC(=O)O[*],1.1503639221191406,0.03596210479736328,0,0,0.0
[*]CCOCCOC(=O)CCCCCCCCCCCCCCCCC(=O)O[*],[*]CCOCCOC(=O)CCCCCCCCCCCICCCCC(=O)O[*],1.1503639221191406,0.0811014175415039,0,0,0.0
[*]CCOCCOC(=O)CCCCCCCCCCCCCCCCC(=O)O[*],[*]CCOCCOC(=O)CCCSCCCCCCCCCCCCC(=O)O[*],0.75286865234375,0.7688565254211426,0,0,0.0
[*]CCOCCOC(=O)CCCCCCCCCCCCCCCCC(=O)O[*],[*]CCOCCOC(=O)CCCCCCICCCCCCCCCC(=O)O[*],1.1505098342895508,0.03428363800048828,0,0,0.0
[*]CCCCCCCCNC(=O)Cc1ccc(CC(=O)N[*])cc1,[*]CCCCCCOCNC(=O)Cc1ccc(CC(=O)N[*])cc1,0.0935664176940918,0.017996788024902344,0,0,0.0
[*]CCCCCCCCNC(=O)Cc1ccc(CC(=O)N[*])cc1,[*]CCCCCCCINC(=O)Cc1ccc(CC(=O)N[*])cc1,0.14245080947875977,0.06396865844726562,0,0,0.0
[*]CCCCCCCCCCCNC(=O)CCCCCCCCC(=O)N[*],[*]CCCCCCCCCCCNC(=O)CNCCCCCCC(=O)N[*],0.18306541442871094,0.01763916015625,0,0,0.0
[*]CCCCCCCCCCCNC(=O)CCCCCCCCC(=O)N[*],[*]CCCCCCCCCCCNC(=O)CCCPCCCCC(=O)N[*],0.7925624847412109,0.0023975372314453125,0,0,0.0
[*]CCCCCCCCCCCNC(=O)CCCCCCCCC(=O)N[*],[*]CCCCCCCCCCCNC(=O)CCCICCCCC(=O)N[*],0.9833893775939941,0.014147758483886719,0,0,0.0
[*]Oc1ccc(OC(=O)c2ccc(C([*])=O)cc2)cc1C1CC2CCC1C2,[*]Pc1ccc(OC(=O)c2ccc(C([*])=O)cc2)cc1C1CC2CCC1C2,0.35792040824890137,0.020828962326049805,0,0,0.0
[*]Oc1ccc(OC(=O)c2ccc(C([*])=O)cc2)cc1C1CC2CCC1C2,[*]Oc1ccc(OC(=O)c2ccc(C([*])=O)cc2)nc1C1CC2CCC1C2,0.12653064727783203,0.12755417823791504,0,0,0.0
[*]CC1CCC(COC(=O)C(=O)O[*])CC1,[*]CC1CCC(COC(=O)C(=O)O[*])CO1,0.12458181381225586,0.010694026947021484,0,0,0.0
[*]CC1CCC(COC(=O)C(=O)O[*])CC1,[*]CN1CCC(COC(=O)C(=O)O[*])CC1,0.5292997360229492,0.5641264915466309,0,0,0.0
[*]C#Cc1ccc(C#Cc2sc([*])c([N+](=O)[O-])c2[N+](=O)[O-])cc1,[*]C#Cc1cnc(C#Cc2sc([*])c([N+](=O)[O-])c2[N+](=O)[O-])cc1,0.016781091690063477,0.09998679161071777,0,0,0.0
[*]C(OC(F)(F)F)C([*])(F)F,[*]I(OC(F)(F)F)C([*])(F)F,1.640254020690918,0.19556331634521484,0,0,0.0
[*]C(OC(F)(F)F)C([*])(F)F,[*]C(OC(F)(F)F)C([*])(Cl)F,0.1746044158935547,0.8291683197021484,0,0,0.0
[*]C(OC(F)(F)F)C([*])(F)F,[*]C(PC(F)(F)F)C([*])(F)F,0.6783032417297363,0.5059700012207031,0,0,0.0
[*]C(OC(F)(F)F)C([*])(F)F,[*]C(OC(F)(F)F)C([*])(F)P,0.30362987518310547,0.4453558921813965,0,0,0.0
[*]C(OC(F)(F)F)C([*])(F)F,[*]C(OC(Cl)(F)F)C([*])(F)F,0.4901399612426758,0.720789909362793,0,0,0.0
[*]CNC(S1)=CC=C1O[*],[*]CIC(S1)=CC=C1O[*],0.8419690132141113,0.12212848663330078,0,0,0.0
[*]CNC(S1)=CC=C1O[*],[*]CNC(S1)=CC=C1P[*],0.062088966369628906,0.446014404296875,0,0,0.0
[*]CNC(S1)=CC=C1O[*],[*]CNC(S1)=CC-C1O[*],0.5265769958496094,0.05293464660644531,0,0,0.0
[*]CNC(S1)=CC=C1O[*],[*]PNC(S1)=CC=C1O[*],0.3163895606994629,0.01378631591796875,0,0,0.0
[*]c1ccc(C(=O)c2cccc(C(=O)c3ccc(S([*])(=O)=O)cc3)c2)cc1,[*]c1ccc(C(=O)c2cccc(C(=O)c3ccc(S([*])(=O)=O)cc3)c2)nc1,0.012091875076293945,0.02991175651550293,0,0,0.0
[*]c1ccc(C(=O)c2cccc(C(=O)c3ccc(S([*])(=O)=O)cc3)c2)cc1,[*]c1ccc(C(=C)c2cccc(C(=O)c3ccc(S([*])(=O)=O)cc3)c2)cc1,0.0829160213470459,0.007660627365112305,0,0,0.0
[*]CCCCCCOC(=O)CCC(=O)O[*],[*]CCCCCNOC(=O)CCC(=O)O[*],0.12552738189697266,0.553225040435791,0,0,0.0
[*]CCCCCCOC(=O)CCC(=O)O[*],[*]CCCCCCOC(=O)CCC(/O)O[*],0.15863513946533203,0.12868690490722656,0,0,0.0
[*]CCCCCCOC(=O)CCC(=O)O[*],[*]CCCCCCOC(=O)CCC(=P)O[*],1.0770597457885742,0.06390571594238281,0,0,0.0
[*]CCCCCCOC(=O)CCC(=O)O[*],[*]CCCCCCOC(=O)CCC(=N)O[*],0.16534423828125,0.3860282897949219,0,0,0.0
[*]CCCCCCOC(=O)CCC(=O)O[*],[*]CSCCCCOC(=O)CCC(=O)O[*],1.0335488319396973,0.7789678573608398,0,0,0.0
[*]Oc1ccc(OC(=O)c2ccc(OCCCOc3ccc(C([*])=O)cc3)cc2)cc1C,[*]Oc1ccc(OC(=O)c2ccc(OCCCOc3ccc(C([*])=O)cc3)cc2)cc1F,0.04765510559082031,0.04204750061035156,0,0,0.0
[*]Oc1ccc(OC(=O)c2ccc(OCCCOc3ccc(C([*])=O)cc3)cc2)cc1C,[*]Oc1ccc(OC(=O)c2ccc(OCCCOc3ccc(S([*])=O)cc3)cc2)cc1C,0.13991522789001465,0.0715785026550293,0,0,0.0
[*]Oc1ccc(OC(=O)c2ccc(OCCCOc3ccc(C([*])=O)cc3)cc2)cc1C,[*]Oc1ccc(CC(=O)c2ccc(OCCCOc3ccc(C([*])=O)cc3)cc2)cc1C,0.10274147987365723,0.048874855041503906,0,0,0.0
[*]CC1CCCC(CNC(=O)CCCCC(=O)N[*])C1,[*]CC1CCCC(CNC(=O)CCCCC(/O)N[*])C1,0.005146503448486328,0.051055908203125,0,0,0.0
[*]CC1CCCC(CNC(=O)CCCCC(=O)N[*])C1,[*]CC1CCCC(CNC(=O)CCCCC(=C)N[*])C1,0.3105201721191406,0.284334659576416,0,0,0.0
[*]CC1CCC(COC(=O)CCCCC(=O)O[*])CC1,[*]CC1CCP(COC(=O)CCCCC(=O)O[*])CC1,1.0698966979980469,0.05736541748046875,0,0,0.0
[*]CC1CCC(COC(=O)CCCCC(=O)O[*])CC1,[*]CC1CCC(COC(=O)CCCCC(=O)O[*])SC1,0.681086540222168,1.3473997116088867,0,0,0.0
[*]CC1CCC(COC(=O)CCCCC(=O)O[*])CC1,[*]CC1CCC(COC(=O)CCCCC(=P)O[*])CC1,0.9186773300170898,0.01464223861694336,0,0,0.0
[*]CCC(C(=O)OC)C([*])C(=O)OC,[*]CCC(C(=O)OC)C([*])C(-O)OC,0.10438680648803711,0.07939529418945312,0,0,0.0
[*]CCC(C(=O)OC)C([*])C(=O)OC,[*]CCC(C(=O)OC)C([*])I(=O)OC,0.7888631820678711,0.08651971817016602,0,0,0.0
[*]NC(=S)C(S1)=CC=C1O[*],[*]NC(=S)C(S1)=CC/C1O[*],0.04976463317871094,0.6144895553588867,0,0,0.0
[*]NC(=S)C(S1)=CC=C1O[*],[*]NC(\S)C(S1)=CC=C1O[*],0.5689053535461426,0.6342811584472656,0,0,0.0
[*]NC(=S)C(S1)=CC=C1O[*],[*]NC(=S)C(S1)=CC=C1S[*],0.04033470153808594,0.22955703735351562,0,0,0.0
[*]NC(=O)C=CC(=O)Nc1nc([*])nc(N)n1,[*]NC(=O)C=CC(=O)Nc1nc([*])cc(N)n1,0.17854976654052734,0.12722539901733398,0,0,0.0
[*]NC(=O)C=CC(=O)Nc1nc([*])nc(N)n1,[*]NC(=O)C=IC(=O)Nc1nc([*])nc(N)n1,0.7015304565429688,0.19101381301879883,0,0,0.0
[*]NC(=O)C=CC(=O)Nc1nc([*])nc(N)n1,[*]NC(\O)C=CC(=O)Nc1nc([*])nc(N)n1,0.4429783821105957,0.4247136116027832,0,0,0.0
[*]NC(=O)C=CC(=O)Nc1nc([*])nc(N)n1,[*]NC(=P)C=CC(=O)Nc1nc([*])nc(N)n1,0.3021376132965088,0.04015350341796875,0,0,0.0
[*]Oc1ccc(NC(=O)c2cc(NC(=O)c3ccncc3)cc(C(=O)Nc3ccc([*])cc3)c2)cc1,[*]Oc1ccc(NC(=O)c2cc(NC(=O)c3ccncc3)cs(C(=O)Nc3ccc([*])cc3)c2)cc1,0.3944740295410156,0.2106156349182129,0,0,0.0
[*]Cc1ccc(COC(=O)CCCCCC(=O)O[*])cc1,[*]Cc1ccc(COC(-O)CCCCCC(=O)O[*])cc1,0.06572580337524414,0.030022144317626953,0,0,0.0
[*]COC(=O)NCCCCCCNC(=O)OCc1cccc([*])n1,[*]COC(=O)NCCCCCCNC(=O)OCc1nccc([*])n1,0.0016169548034667969,0.06284523010253906,0,0,0.0
[*]COC(=O)NCCCCCCNC(=O)OCc1cccc([*])n1,[*]CPC(=O)NCCCCCCNC(=O)OCc1cccc([*])n1,0.3157234191894531,0.0027031898498535156,0,0,0.0
[*]COC(=O)NCCCCCCNC(=O)OCc1cccc([*])n1,[*]COC(=O)NCCCCCCNC(=O)OCc1ccnc([*])n1,0.04343557357788086,0.01373291015625,0,0,0.0
[*]CCCCCOC(=O)NCCSCCCCCSCCNC(=O)O[*],[*]CCCCCOC(=O)NCCSCCCCCSCCNC(=O)S[*],0.34098005294799805,0.19225025177001953,0,0,0.0
[*]CCCCCOC(=O)NCCSCCCCCSCCNC(=O)O[*],[*]CCCCPOC(=O)NCCSCCCCCSCCNC(=O)O[*],0.23998498916625977,0.0020084381103515625,0,0,0.0
[*]CCCCCOC(=O)NCCSCCCCCSCCNC(=O)O[*],[*]CCCCCOC(=O)NCCSCCCCCSCCNC(=S)O[*],0.5150203704833984,0.36312007904052734,0,0,0.0
[*]CCCCCOC(=O)NCCSCCCCCSCCNC(=O)O[*],[*]CCCCCOC(=O)NCISCCCCCSCCNC(=O)O[*],0.03032064437866211,0.0385136604309082,0,0,0.0
[*]CCCCCOC(=O)NCCSCCCCCSCCNC(=O)O[*],[*]CCCCCOC(=O)NCCSCCCCCSPCNC(=O)O[*],0.08028125762939453,0.03540372848510742,0,0,0.0
[*]C=CCCCCCCCCCC[*],[*]C/CCCCCCCCCCC[*],0.7323307991027832,0.8140301704406738,0,0,0.0
[*]C=CCCCCCCCCCC[*],[*]C=CCCCCOCCCCC[*],0.2694735527038574,0.4342660903930664,0,0,0.0
[*]C=CCCCCCCCCCC[*],[*]C=CCCCCCCCCCS[*],1.2018084526062012,1.07100248336792,0,0,0.0
[*]OC1=CC(=O)C([*])=CC1=O,[*]IC1=CC(=O)C([*])=CC1=O,0.9122929573059082,0.47902369499206543,0,0,0.0
[*]OC1=CC(=O)C([*])=CC1=O,[*]OC1=CC(=N)C([*])=CC1=O,0.11576151847839355,1.4426605701446533,0,0,0.0
[*]OC1=CC(=O)C([*])=CC1=O,[*]OC1=CC(=C)C([*])=CC1=O,0.2671535015106201,0.2196033000946045,0,0,0.0
[*]Oc1cccc(Oc2cccc(OC([*])=O)c2)c1,[*]Oc1ccnc(Oc2cccc(OC([*])=O)c2)c1,0.008770942687988281,0.004189014434814453,0,0,0.0
[*]Oc1cccc(Oc2cccc(OC([*])=O)c2)c1,[*]Sc1cccc(Oc2cccc(OC([*])=O)c2)c1,0.25426435470581055,0.1303553581237793,0,0,0.0
[*]Oc1cccc(Oc2cccc(OC([*])=O)c2)c1,[*]Oc1cccs(Oc2cccc(OC([*])=O)c2)c1,0.8118009567260742,0.43065977096557617,0,0,0.0
[*]Oc1cccc(Oc2cccc(OC([*])=O)c2)c1,[*]Oc1cccc(Oc2cccs(OC([*])=O)c2)c1,0.7683544158935547,0.7444233894348145,0,0,0.0
[*]N=Cc1ccc(-c2ccc(C=Nc3ccc4c(c3)c3cc([*])ccc3n4CCCC)s2)s1,[*]N=Cs1ccc(-c2ccc(C=Nc3ccc4c(c3)c3cc([*])ccc3n4CCCC)s2)s1,0.23619818687438965,0.05006241798400879,0,0,0.0
[*]N=Cc1ccc(-c2ccc(C=Nc3ccc4c(c3)c3cc([*])ccc3n4CCCC)s2)s1,[*]N=Cc1ccc(-c2ccc(C=Pc3ccc4c(c3)c3cc([*])ccc3n4CCCC)s2)s1,0.019480228424072266,0.616417407989502,0,0,0.0
[*]N=Cc1ccc(-c2ccc(C=Nc3ccc4c(c3)c3cc([*])ccc3n4CCCC)s2)s1,[*]N=Cc1ccc(-c2ccc(C=Nc3ccc4c(c3)c3cc([*])ncc3n4CCCC)s2)s1,0.005606889724731445,0.06236600875854492,0,0,0.0
[*]CC(C)(CO[*])COCC(F)(F)C(F)(F)C(F)(F)C(F)(F)C(F)(F)C(F)(F)C(F)(F)F,[*]PC(C)(CO[*])COCC(F)(F)C(F)(F)C(F)(F)C(F)(F)C(F)(F)C(F)(F)C(F)(F)F,0.7509584426879883,0.02392101287841797,0,0,0.0
[*]CC(C)(CO[*])COCC(F)(F)C(F)(F)C(F)(F)C(F)(F)C(F)(F)C(F)(F)C(F)(F)F,[*]CC(C)(CO[*])COCC(F)(F)C(F)(F)C(F)(F)C(F)(F)C(F)(F)C(N)(F)C(F)(F)F,0.017084121704101562,0.4580421447753906,0,0,0.0
[*]CC(C)(CO[*])COCC(F)(F)C(F)(F)C(F)(F)C(F)(F)C(F)(F)C(F)(F)C(F)(F)F,[*]CC(C)(CO[*])COCC(O)(F)C(F)(F)C(F)(F)C(F)(F)C(F)(F)C(F)(F)C(F)(F)F,0.01129293441772461,0.1424570083618164,0,0,0.0
[*]CCOCCOCCOC(=O)CCCCCCC(=O)O[*],[*]CCOCCOCIOC(=O)CCCCCCC(=O)O[*],0.9157028198242188,0.03994274139404297,0,0,0.0
[*]CCOCCOCCOC(=O)CCCCCCC(=O)O[*],[*]CCOCCOCCCC(=O)CCCCCCC(=O)O[*],0.1079397201538086,0.09486770629882812,0,0,0.0
[*]CCOCCOCCOC(=O)CCCCCCC(=O)O[*],[*]CCONCOCCOC(=O)CCCCCCC(=O)O[*],0.029653072357177734,0.5652008056640625,0,0,0.0
[*]c1ccc(Oc2ccc(N3C(=O)c4cccc(Oc5cccc(Oc6cccc7c6C(=O)N([*])C7=O)c5)c4C3=O)cc2)cc1,[*]c1ccc(Oc2ccc(N3C(=O)c4cccc(Oc5cccc(Oc6cccc7c6C(=O)N([*])C7=O)c5)c4C3=O)cc2)nc1,0.004198789596557617,0.021682024002075195,0,0,0.0
[*]c1ccc(Oc2ccc(N3C(=O)c4cccc(Oc5cccc(Oc6cccc7c6C(=O)N([*])C7=O)c5)c4C3=O)cc2)cc1,[*]c1ccc(Oc2ncc(N3C(=O)c4cccc(Oc5cccc(Oc6cccc7c6C(=O)N([*])C7=O)c5)c4C3=O)cc2)cc1,0.011836051940917969,0.17038273811340332,0,0,0.0
[*]c1ccc(Oc2ccc(N3C(=O)c4cccc(Oc5cccc(Oc6cccc7c6C(=O)N([*])C7=O)c5)c4C3=O)cc2)cc1,[*]c1ccc(Oc2ccc(N3C(=O)c4cccc(Sc5cccc(Oc6cccc7c6C(=O)N([*])C7=O)c5)c4C3=O)cc2)cc1,0.09297895431518555,0.3195922374725342,0,0,0.0
[*]OC1CCC(OC(=O)C([*])=O)CC1,[*]PC1CCC(OC(=O)C([*])=O)CC1,1.2182941436767578,0.05463123321533203,0,0,0.0
[*]NC(C([*])=O)C(Cc1ccccc1)c1c[nH]cn1,[*]NC(C([*])\O)C(Cc1ccccc1)c1c[nH]cn1,0.06120586395263672,0.4349339008331299,0,0,0.0
[*]NC(C([*])=O)C(Cc1ccccc1)c1c[nH]cn1,[*]NC(C([*])=S)C(Cc1ccccc1)c1c[nH]cn1,0.6780452728271484,0.07284975051879883,0,0,0.0
[*]C=Cc1csc(C=Cc2cccc([*])n2)c1CCCCCCCC,[*]C=Cs1csc(C=Cc2cccc([*])n2)c1CCCCCCCC,0.20368409156799316,0.0547792911529541,0,0,0.0
[*]Oc1ccc(C(C)(CC)c2ccc(OC([*])=O)c(Cl)c2)cc1Cl,[*]Oc1ccc(C(C)(CC)c2ccc(OC([*])=C)c(Cl)c2)cc1Cl,0.14219379425048828,0.08716011047363281,0,0,0.0
[*]Oc1ccc(C(C)(CC)c2ccc(OC([*])=O)c(Cl)c2)cc1Cl,[*]Oc1ccc(C(C)(CI)c2ccc(OC([*])=O)c(Cl)c2)cc1Cl,0.06449317932128906,0.006333827972412109,0,0,0.0
[*]Cc1c(C)c(C)c(CNC(=O)CCCC(=O)N[*])c(C)c1C,[*]Cc1c(C)c(C)c(CNC(=O)CCCC(-O)N[*])c(C)c1C,0.00013208389282226562,0.10761880874633789,0,0,0.0
[*]Cc1c(C)c(C)c(CNC(=O)CCCC(=O)N[*])c(C)c1C,[*]Cc1c(O)c(C)c(CNC(=O)CCCC(=O)N[*])c(C)c1C,0.25711679458618164,0.1117706298828125,0,0,0.0
[*]Cc1c(C)c(C)c(CNC(=O)CCCC(=O)N[*])c(C)c1C,[*]Cc1c(C)c(C)c(CNC(/O)CCCC(=O)N[*])c(C)c1C,0.0635080337524414,0.3553309440612793,0,0,0.0
[*]CCOCCOCC#CC#CCOCCOCCOC(=O)NCCCCCCNC(=O)O[*],[*]CCOCCOCC#CC#CCOCCOCCOC(=S)NCCCCCCNC(=O)O[*],0.5398144721984863,0.13489484786987305,0,0,0.0
[*]CC1CCC(COC(=O)C2CCC(C(=O)O[*])CC2)CC1,[*]CC1CCC(COC(=O)P2CCC(C(=O)O[*])CC2)CC1,0.6598739624023438,0.10030364990234375,0,0,0.0
[*]CC1CCC(COC(=O)C2CCC(C(=O)O[*])CC2)CC1,[*]CC1CCC(COC(=O)C2CCC(C(=I)O[*])CC2)CC1,1.3844943046569824,0.1365809440612793,0,0,0.0
[*]CC1CCC(COC(=O)C2CCC(C(=O)O[*])CC2)CC1,[*]CC1CCC(COS(=O)C2CCC(C(=O)O[*])CC2)CC1,0.02286052703857422,1.236839771270752,0,0,0.0
[*]CC1CCC(COC(=O)C2CCC(C(=O)O[*])CC2)CC1,[*]CC1CCC(CNC(=O)C2CCC(C(=O)O[*])CC2)CC1,0.2006697654724121,0.6151280403137207,0,0,0.0
[*]CCCCCCOC(=O)SSC(=O)O[*],[*]CCCCCCOC(=O)CSC(=O)O[*],0.6329479217529297,0.26609373092651367,0,0,0.0
[*]CCCCCCOC(=O)SSC(=O)O[*],[*]CCCCCCOC(=O)SSC(-O)O[*],0.3754715919494629,0.031879425048828125,0,0,0.0
[*]C=Cc1ccc([*])n1CCCCCCCCCCCC,[*]C=Cs1ccc([*])n1CCCCCCCCCCCC,0.5758097171783447,0.49625611305236816,0,0,0.0
[*]C=Cc1ccc([*])n1CCCCCCCCCCCC,[*]C-Cc1ccc([*])n1CCCCCCCCCCCC,1.9135987758636475,0.9243390560150146,0,0,0.0
[*]C=Cc1ccc([*])n1CCCCCCCCCCCC,[*]C=Cc1ccc([*])n1CCCCPCCCCCCC,0.003858327865600586,0.13867902755737305,0,0,0.0
[*]C=Cc1ccc([*])n1CCCCCCCCCCCC,[*]C=Cc1ccc([*])n1CCCCCCICCCCC,0.7384884357452393,0.07583022117614746,0,0,0.0
[*]CCCCP(C)(=O)CCCNC(=O)CCCCC(=O)N[*],[*]CCCCP(C)(=O)CCCNC(=P)CCCCC(=O)N[*],0.5338873863220215,0.14223194122314453,0,0,0.0
[*]CCCCP(C)(=O)CCCNC(=O)CCCCC(=O)N[*],[*]CCCCP(O)(=O)CCCNC(=O)CCCCC(=O)N[*],0.20643329620361328,0.07972335815429688,0,0,0.0
[*]C(F)(F)C([*])(F)OC(F)(F)C(F)(F)F,[*]C(F)(F)C([*])(F)SC(F)(F)C(F)(F)F,0.025933265686035156,1.6474084854125977,0,0,0.0
[*]C(F)(F)C([*])(F)OC(F)(F)C(F)(F)F,[*]P(F)(F)C([*])(F)OC(F)(F)C(F)(F)F,0.061638832092285156,0.08902931213378906,0,0,0.0
[*]C(F)(F)C([*])(F)OC(F)(F)C(F)(F)F,[*]C(F)(F)C([*])(F)OP(F)(F)C(F)(F)F,0.10863399505615234,0.06878376007080078,0,0,0.0
[*]C(F)(F)C([*])(F)OC(F)(F)C(F)(F)F,[*]C(Cl)(F)C([*])(F)OC(F)(F)C(F)(F)F,0.15352582931518555,0.6030282974243164,0,0,0.0
[*]C(F)(F)C([*])(F)OC(F)(F)C(F)(F)F,[*]C(F)(F)I([*])(F)OC(F)(F)C(F)(F)F,1.8749265670776367,0.40743160247802734,0,0,0.0
[*]NC(=O)NC(=S)[*],[*]NC(=O)NC(/S)[*],2.1000940799713135,0.9209568500518799,0,0,0.0
[*]NC(=O)NC(=S)[*],[*]NC(/O)NC(=S)[*],0.21910643577575684,0.618720531463623,0,0,0.0
[*]NC(=O)NC(=S)[*],[*]NC(=O)NC(-S)[*],2.1000940799713135,0.4516158103942871,0,0,0.0
[*]Oc1ccc2nc3oc4cc5oc6c7c(cn6ccc5on4cnc3c12)nc1c([*])ccccc17,[*]Oc1ccc2nc3oc4nc5oc6c7c(cn6ccc5on4cnc3c12)nc1c([*])ccccc17,0.019967079162597656,0.041463375091552734,0,0,0.0
[*]Oc1ccc2nc3oc4cc5oc6c7c(cn6ccc5on4cnc3c12)nc1c([*])ccccc17,[*]Oc1ccc2nc3oc4cc5oc6c7c(cn6cnc5on4cnc3c12)nc1c([*])ccccc17,0.012423276901245117,0.029691457748413086,0,0,0.0
[*]Oc1ccc2nc3oc4cc5oc6c7c(cn6ccc5on4cnc3c12)nc1c([*])ccccc17,[*]Oc1ccc2nc3oc4cc5oc6c7s(cn6ccc5on4cnc3c12)nc1c([*])ccccc17,1.6400146484375,0.04023027420043945,0,0,0.0
[*]CCCCCCCCCCCCCCOC(=O)c1ccc(C(=O)NCCCCCNC(=O)c2ccc(C(=O)O[*])cc2)cc1,[*]CCCCCCCCCCCCCCOC(=O)c1ccc(C(=O)NCCCCCNC(=P)c2ccc(C(=O)O[*])cc2)cc1,0.3025197982788086,0.06613969802856445,0,0,0.0
[*]CCCCCCCCCCCCCCOC(=O)c1ccc(C(=O)NCCCCCNC(=O)c2ccc(C(=O)O[*])cc2)cc1,[*]CCCCCCCCCCCCCCOC(=O)c1ccc(C(=P)NCCCCCNC(=O)c2ccc(C(=O)O[*])cc2)cc1,0.3025197982788086,0.040991783142089844,0,0,0.0
[*]CCCCCCCCCCCCCCOC(=O)c1ccc(C(=O)NCCCCCNC(=O)c2ccc(C(=O)O[*])cc2)cc1,[*]CCCCCCCCCCCCCCOC(=O)c1ccs(C(=O)NCCCCCNC(=O)c2ccc(C(=O)O[*])cc2)cc1,0.5150861740112305,1.8750157356262207,0,0,0.0
[*]CCCCCCCCCCCCCCOC(=O)c1ccc(C(=O)NCCCCCNC(=O)c2ccc(C(=O)O[*])cc2)cc1,[*]CCCCCCCCCCNCCCOC(=O)c1ccc(C(=O)NCCCCCNC(=O)c2ccc(C(=O)O[*])cc2)cc1,0.026663780212402344,0.05132484436035156,0,0,0.0
[*]Oc1ccc(C(C)(C)c2ccc(OC([*])=O)c(C(C)C)c2)cc1C(C)C,[*]Oc1ccc(C(C)(C)c2ccc(OC([*])=P)c(C(C)C)c2)cc1C(C)C,0.8029909133911133,0.029678821563720703,0,0,0.0
[*]Oc1ccc(C(C)(C)c2ccc(OC([*])=O)c(C(C)C)c2)cc1C(C)C,[*]Oc1ccc(C(C)(C)c2ccc(OC([*])=C)c(C(C)C)c2)cc1C(C)C,0.14185380935668945,0.1435222625732422,0,0,0.0
[*]CCCCCCCCCCCCOC(=O)c1cccc(C(=O)O[*])c1,[*]CCCCOCCCCCCCOC(=O)c1cccc(C(=O)O[*])c1,0.07297086715698242,0.00037670135498046875,0,0,0.0
[*]CCCCCCCCCCCCOC(=O)c1cccc(C(=O)O[*])c1,[*]CCCCCCCCCCCCOC(=O)c1cncc(C(=O)O[*])c1,0.051554203033447266,0.2522010803222656,0,0,0.0
[*]CCCCCCCCCCCCOC(=O)c1cccc(C(=O)O[*])c1,[*]CCCCCCCCCCCCOC(=O)c1cccc(C(-O)O[*])c1,0.28456640243530273,0.03757524490356445,0,0,0.0
[*]OC(C)CNC(=O)CC([*])C,[*]OC(C)CNC(=C)CC([*])C,0.5078763961791992,0.08174467086791992,0,0,0.0
[*]OC(C)CNC(=O)CC([*])C,[*]OC(Cl)CNC(=O)CC([*])C,0.09065389633178711,0.016153812408447266,0,0,0.0
[*]CCS[*],[*]CCC[*],1.3345904350280762,1.0799131393432617,0,0,0.0
[*]CCS[*],[*]CNS[*],0.024744510650634766,0.17644691467285156,0,0,0.0
[*]CCS[*],[*]PCS[*],0.04343461990356445,0.020718097686767578,0,0,0.0
[*]CCCOC(=O)NCCCCCCNC(=O)O[*],[*]CCCOC(=O)NCCCCCSNC(=O)O[*],1.0326719284057617,0.5861964225769043,0,0,0.0
[*]CCCOC(=O)NCCCCCCNC(=O)O[*],[*]CCSOC(=O)NCCCCCCNC(=O)O[*],0.616574764251709,0.4845418930053711,0,0,0.0
[*]CCCOC(=O)NCCCCCCNC(=O)O[*],[*]CCCOC(=O)NCCPCCCNC(=O)O[*],1.077326774597168,0.02315807342529297,0,0,0.0
[*]CCC(=O)N([*])C,[*]CCC(-O)N([*])C,0.058782100677490234,0.10514545440673828,0,0,0.0
[*]CCC(=O)N([*])C,[*]CNC(=O)N([*])C,0.30159711837768555,0.16635560989379883,0,0,0.0
[*]CCC(=O)N([*])C,[*]CCS(=O)N([*])C,0.1190948486328125,0.9426722526550293,0,0,0.0
[*]CCC(=O)N([*])C,[*]CCC(\O)N([*])C,0.058782100677490234,0.11398983001708984,0,0,0.0
[*]OC(C)CCOC(=O)COCC([*])=O,[*]OC(C)CCOC(=N)COCC([*])=O,0.15498781204223633,0.1587047576904297,0,0,0.0
[*]OC(C)CCOC(=O)COCC([*])=O,[*]OC(C)CCOC(=O)COCC([*])\O,0.06219339370727539,0.10110664367675781,0,0,0.0
[*]C#Cc1cc(C#Cc2cc(N)c([*])cc2[N+](=O)[O-])c(OCCOCCOC)cc1OCCOCCOC,[*]C=Cc1cc(C#Cc2cc(N)c([*])cc2[N+](=O)[O-])c(OCCOCCOC)cc1OCCOCCOC,0.11598634719848633,0.47536396980285645,0,0,0.0
[*]C#Cc1cc(C#Cc2cc(N)c([*])cc2[N+](=O)[O-])c(OCCOCCOC)cc1OCCOCCOC,[*]C#Cc1cc(C-Cc2cc(N)c([*])cc2[N+](=O)[O-])c(OCCOCCOC)cc1OCCOCCOC,0.37357616424560547,0.029592514038085938,0,0,0.0
[*]C#Cc1cc(C#Cc2cc(N)c([*])cc2[N+](=O)[O-])c(OCCOCCOC)cc1OCCOCCOC,[*]C#Cc1cc(C#Cc2cc(Br)c([*])cc2[N+](=O)[O-])c(OCCOCCOC)cc1OCCOCCOC,0.13262271881103516,0.30895280838012695,0,0,0.0
[*]C#Cc1cc(C#Cc2cc(N)c([*])cc2[N+](=O)[O-])c(OCCOCCOC)cc1OCCOCCOC,[*]C#Cc1cc(C#Cc2cc(N)c([*])cc2[N+](=O)[O-])c(OCCOCCOC)cc1OCCOCCOO,0.02824878692626953,0.09903216361999512,0,0,0.0
[*]c1cc(-c2cc(CCCCCCCC)ccc2CCCCCCCC)c([*])s1,[*]c1cs(-c2cc(CCCCCCCC)ccc2CCCCCCCC)c([*])s1,1.004556655883789,0.041548728942871094,0,0,0.0
[*]c1cc(-c2cc(CCCCCCCC)ccc2CCCCCCCC)c([*])s1,[*]c1cc(-c2cc(CCCCCCCI)ccc2CCCCCCCC)c([*])s1,0.13834476470947266,0.04642534255981445,0,0,0.0
[*]c1cc(-c2cc(CCCCCCCC)ccc2CCCCCCCC)c([*])s1,[*]c1cc(-c2cc(OCCCCCCC)ccc2CCCCCCCC)c([*])s1,0.09936285018920898,0.004883289337158203,0,0,0.0
[*]c1cc(-c2ccc(OCCCC)cc2)c([*])s1,[*]c1cc(-c2ccc(OCCCC)cc2)s([*])s1,0.8924798965454102,0.2700965404510498,0,0,0.0
[*]c1cc(-c2ccc(OCCCC)cc2)c([*])s1,[*]c1nc(-c2ccc(OCCCC)cc2)c([*])s1,0.1180565357208252,0.03853797912597656,0,0,0.0
[*]c1cc(-c2ccc(OCCCC)cc2)c([*])s1,[*]c1cc(-c2ccc(OCNCC)cc2)c([*])s1,0.13045024871826172,1.085629940032959,0,0,0.0
[*]Oc1ccc2ccc(OC(=O)Oc3ccc(OC([*])=O)cc3)cc2c1,[*]Oc1ccc2ccc(OC(=O)Oc3ccc(OC([*])=I)cc3)cc2c1,0.18652057647705078,0.0007519721984863281,0,0,0.0
[*]Oc1ccc2ccc(OC(=O)Oc3ccc(OC([*])=O)cc3)cc2c1,[*]Oc1ccc2ccc(OC(=O)Oc3ccc(OC([*])=P)cc3)cc2c1,0.40614986419677734,0.04852771759033203,0,0,0.0
[*]Oc1ccc2ccc(OC(=O)Oc3ccc(OC([*])=O)cc3)cc2c1,[*]Oc1ccc2ccc(OC(=O)Ic3ccc(OC([*])=O)cc3)cc2c1,0.05434894561767578,0.032636165618896484,0,0,0.0
[*]Oc1ccc2ccc(OC(=O)Oc3ccc(OC([*])=O)cc3)cc2c1,[*]Oc1ccc2ncc(OC(=O)Oc3ccc(OC([*])=O)cc3)cc2c1,0.04414081573486328,0.018725872039794922,0,0,0.0
[*]c1c(C)cc(Cc2cc(C)c(N3C(=O)c4ccc(Oc5cccc6c(Oc7ccc8c(c7)C(=O)N([*])C8=O)cccc56)cc4C3=O)c(C)c2)cc1C,[*]c1c(C)cc(Cc2cc(C)c(N3S(=O)c4ccc(Oc5cccc6c(Oc7ccc8c(c7)C(=O)N([*])C8=O)cccc56)cc4C3=O)c(C)c2)cc1C,0.015393257141113281,0.14890432357788086,0,0,0.0
[*]c1c(C)cc(Cc2cc(C)c(N3C(=O)c4ccc(Oc5cccc6c(Oc7ccc8c(c7)C(=O)N([*])C8=O)cccc56)cc4C3=O)c(C)c2)cc1C,[*]c1c(C)cc(Cc2cc(C)c(N3C(=O)c4ccc(Oc5cccc6c(Oc7ccc8c(c7)C(=O)N([*])S8=O)cccc56)cc4C3=O)c(C)c2)cc1C,0.011000394821166992,0.13742446899414062,0,0,0.0
[*]CCCNC(=O)CCCCCCCCC(=O)NCCCOCCOCCO[*],[*]CCCNC(=O)CCCCCCCCC(-O)NCCCOCCOCCO[*],0.004124641418457031,0.0828561782836914,0,0,0.0
[*]CCCNC(=O)CCCCCCCCC(=O)NCCCOCCOCCO[*],[*]CCCNC(=O)CCSCCCCCC(=O)NCCCOCCOCCO[*],0.6197834014892578,0.261502742767334,0,0,0.0
[*]CCCNC(=O)CCCCCCCCC(=O)NCCCOCCOCCO[*],[*]CCCNC(=O)CCCSCCCCC(=O)NCCCOCCOCCO[*],0.6541204452514648,0.23453044891357422,0,0,0.0
[*]C(=O)C=C(C)C(=O)N1CCN([*])CC1,[*]C(=O)C=C(S)C(=O)N1CCN([*])CC1,0.37088537216186523,0.4159998893737793,0,0,0.0
[*]C(=O)C=C(C)C(=O)N1CCN([*])CC1,[*]C(=O)C-C(C)C(=O)N1CCN([*])CC1,0.8981099128723145,0.1540226936340332,0,0,0.0
[*]Nc1ccc(-c2ccc([*])cc2)c(OC)c1,[*]Nc1ccc(-c2ccc([*])cc2)c(CC)c1,0.1298508644104004,0.26270532608032227,0,0,0.0
[*]OC1CC(C)CC([*])O1,[*]OC1CC(O)CC([*])O1,0.02896738052368164,0.10795211791992188,0,0,0.0
[*]OC1CC(C)CC([*])O1,[*]OC1CI(C)CC([*])O1,0.02728414535522461,0.021780967712402344,0,0,0.0
[*]OC1CC(C)CC([*])O1,[*]ON1CC(C)CC([*])O1,0.13512945175170898,0.5680665969848633,0,0,0.0
N([*])CC(C)(C)CC(C)CNC(=O)CCCCC(=O)([*]),N([*])CC(C)(C)CC(C)CNC(=N)CCCCC(=O)([*]),0.15371274948120117,0.13692474365234375,0,0,0.0
N([*])CC(C)(C)CC(C)CNC(=O)CCCCC(=O)([*]),N([*])CC(C)(C)CC(C)CNC(=O)ICCCC(=O)([*]),0.596992015838623,0.04544210433959961,0,0,0.0
N([*])CC(C)(C)CC(C)CNC(=O)CCCCC(=O)([*]),N([*])CC(C)(C)CC(C)CCC(=O)CCCCC(=O)([*]),0.11321258544921875,0.03819131851196289,0,0,0.0
N([*])CC(C)(C)CC(C)CNC(=O)CCCCC(=O)([*]),N([*])CC(C)(C)CI(C)CNC(=O)CCCCC(=O)([*]),0.4574284553527832,0.02340841293334961,0,0,0.0
[*]C(=O)c1ccc2c(c1)C(=O)N(c1cc(-c3nc4ccccc4oc3=O)cc(N3C(=O)c4ccc([*])cc4C3=O)c1)C2=O,[*]C(=O)c1ccc2c(c1)C(=O)N(c1cc(-c3nc4ccccc4oc3=O)cc(N3C(-O)c4ccc([*])cc4C3=O)c1)C2=O,0.1315288543701172,0.04552912712097168,0,0,0.0
[*]C(=O)c1ccc2c(c1)C(=O)N(c1cc(-c3nc4ccccc4oc3=O)cc(N3C(=O)c4ccc([*])cc4C3=O)c1)C2=O,[*]C(=O)c1ccs2c(c1)C(=O)N(c1cc(-c3nc4ccccc4oc3=O)cc(N3C(=O)c4ccc([*])cc4C3=O)c1)C2=O,0.2821025848388672,0.34549379348754883,0,0,0.0
[*]C(=O)c1ccc2c(c1)C(=O)N(c1cc(-c3nc4ccccc4oc3=O)cc(N3C(=O)c4ccc([*])cc4C3=O)c1)C2=O,[*]C(=O)c1ccc2c(c1)C(=C)N(c1cc(-c3nc4ccccc4oc3=O)cc(N3C(=O)c4ccc([*])cc4C3=O)c1)C2=O,0.04807901382446289,0.01513528823852539,0,0,0.0
[*]OP(=O)(Oc1ccc(-c2ccc([*])cc2)cc1)OC1CCCCC1,[*]PP(=O)(Oc1ccc(-c2ccc([*])cc2)cc1)OC1CCCCC1,0.44608473777770996,0.021883010864257812,0,0,0.0
[*]c4ccc(C3Nc2cc1NC([*])Oc1cc2O3)cc4,[*]c4ccs(C3Nc2cc1NC([*])Oc1cc2O3)cc4,0.657569408416748,0.8171505928039551,0,0,0.0
[*]OC(C([*])=O)C(C)C,[*]OC(C([*])=O)C(C)F,0.04926300048828125,0.10889577865600586,0,0,0.0
[*]OC(C([*])=O)C(C)C,[*]OC(C([*])/O)C(C)C,0.14173364639282227,0.7399983406066895,0,0,0.0
[*]OC(C([*])=O)C(C)C,[*]OC(C([*])=O)C(I)C,0.8564000129699707,0.035578250885009766,0,0,0.0
[*]OC(C([*])=O)C(C)C,[*]OC(C([*])=O)C(C)I,0.8564000129699707,0.11530542373657227,0,0,0.0
[*]CC([*])O[N+](=O)[O-],[*]CS([*])O[N+](=O)[O-],0.7002391815185547,1.221573829650879,0,0,0.0
[*]CC([*])O[N+](=O)[O-],[*]CC([*])O[N+](=O)[N+],1.1299519538879395,0.1850433349609375,0,0,0.0
[*]Oc1ccc(OC([*])=O)cc1,[*]Oc1ccs(OC([*])=O)cc1,1.0296962261199951,0.3699073791503906,0,0,0.0
[*]Oc1ccc(OC([*])=O)cc1,[*]Oc1ccc(CC([*])=O)cc1,0.0828409194946289,0.0013566017150878906,0,0,0.0
[*]Oc1ccc(OC([*])=O)cc1,[*]Oc1ccc(OC([*])-O)cc1,0.05452394485473633,0.14161443710327148,0,0,0.0
[*]OC1CCC(OC(=O)NCCCCCCNC([*])=O)CC1,[*]OC1CCC(OC(=O)NCCCCCCNC([*])=N)CC1,0.17345809936523438,0.08975696563720703,0,0,0.0
[*]OC1CCC(OC(=O)NCCCCCCNC([*])=O)CC1,[*]OC1CCI(OC(=O)NCCCCCCNC([*])=O)CC1,0.8481707572937012,0.03783607482910156,0,0,0.0
[*]OC1CCC(OC(=O)NCCCCCCNC([*])=O)CC1,[*]OC1CCC(OC(=O)NCCCCCCNC([*])/O)CC1,0.040232181549072266,0.08715295791625977,0,0,0.0
[*]OC1CCC(OC(=O)NCCCCCCNC([*])=O)CC1,[*]OC1CCC(OC(=O)NSCCCCCNC([*])=O)CC1,0.8645615577697754,0.6502718925476074,0,0,0.0
[*]CC([*])(CO)C(=O)OCC,[*]CC([*])(CP)C(=O)OCC,0.1822504997253418,0.014507770538330078,0,0,0.0
[*]CC([*])(CO)C(=O)OCC,[*]CC([*])(CO)C(=O)OCCl,0.19408798217773438,0.1071319580078125,0,0,0.0
[*]c1nc2ccc(-c3ccc4nc(C5CC6(CC([*])C6)C5)oc4c3)cc2o1,[*]c1nc2ccc(-c3ccc4nc(C5CC6(CC([*])C6)C5)oc4c3)cs2o1,0.7113428115844727,1.1505327224731445,0,0,0.0
[*]c1nc2ccc(-c3ccc4nc(C5CC6(CC([*])C6)C5)oc4c3)cc2o1,[*]c1nc2ccc(-c3ccc4nc(C5IC6(CC([*])C6)C5)oc4c3)cc2o1,0.11952996253967285,0.04398965835571289,0,0,0.0
[*]Oc1ccc(-c2ccc(OC(=O)CCCCCCC([*])=O)cc2)cc1,[*]Oc1ccs(-c2ccc(OC(=O)CCCCCCC([*])=O)cc2)cc1,0.5707211494445801,1.2879762649536133,0,0,0.0
[*]C=CC(C)=CC=CC=C(C)C=Cc1nc(-c2csc([*])n2)cs1,[*]C=CC(C)=CC=CC=C(C)C=Cc1nc(-c2csc([*])n2)ns1,0.10558032989501953,0.06280660629272461,0,0,0.0
[*]C=CC(C)=CC=CC=C(C)C=Cc1nc(-c2csc([*])n2)cs1,[*]C=CC(C)\CC=CC=C(C)C=Cc1nc(-c2csc([*])n2)cs1,0.3964207172393799,0.1049947738647461,0,0,0.0
[*]C=CC(C)=CC=CC=C(C)C=Cc1nc(-c2csc([*])n2)cs1,[*]C=CC(C)=CC=CC\C(C)C=Cc1nc(-c2csc([*])n2)cs1,0.37966394424438477,0.017860889434814453,0,0,0.0
[*]C=CC(C)=CC=CC=C(C)C=Cc1nc(-c2csc([*])n2)cs1,[*]C=CC(C)=CC=CC=C(C)C=Cc1nc(-c2nsc([*])n2)cs1,0.1164255142211914,0.29869675636291504,0,0,0.0
[*]CNCC(C=C1)=CC=C1[*],[*]CNCC(C=P1)=CC=C1[*],0.5500292778015137,0.17640924453735352,0,0,0.0
[*]CNCC(C=C1)=CC=C1[*],[*]CNCC(C=C1)=PC=C1[*],0.32533836364746094,0.02045154571533203,0,0,0.0
[*]Oc1ccc(NC(=O)NCCCCCCNC([*])=O)c(C)c1,[*]Oc1ccc(NC(=O)NCCCCCCNC([*])=O)c(N)c1,0.185516357421875,0.07965946197509766,0,0,0.0
[*]Oc1ccc(NC(=O)NCCCCCCNC([*])=O)c(C)c1,[*]Oc1ccc(NC(=O)NCCCCCCNC([*])=N)c(C)c1,0.08581256866455078,0.041439056396484375,0,0,0.0
[*]Oc1ccc(NC(=O)NCCCCCCNC([*])=O)c(C)c1,[*]Oc1ccc(NC(=O)NCCCCCCNC([*])=I)c(C)c1,0.6043362617492676,0.051027774810791016,0,0,0.0
[*]Oc1ccc(NC(=O)NCCCCCCNC([*])=O)c(C)c1,[*]Oc1ccc(NC(=O)NCCCCCCNC([*])=O)c(C)n1,0.11413049697875977,0.015533924102783203,0,0,0.0
[*]Oc1c(Cl)cc(NC(=O)Nc2ccc(Cc3ccc(NC([*])=O)cc3)cc2)cc1Cl,[*]Oc1c(Cl)cc(NC(=O)Nc2cnc(Cc3ccc(NC([*])=O)cc3)cc2)cc1Cl,0.017053604125976562,0.04423093795776367,0,0,0.0
[*]Oc1c(Cl)cc(NC(=O)Nc2ccc(Cc3ccc(NC([*])=O)cc3)cc2)cc1Cl,[*]Oc1c(Cl)cc(NC(=O)Nc2ccc(Cc3ccc(NC([*])=C)cc3)cc2)cc1Cl,0.08839750289916992,0.10782146453857422,0,0,0.0
[*]Oc1c(Cl)cc(NC(=O)Nc2ccc(Cc3ccc(NC([*])=O)cc3)cc2)cc1Cl,[*]Oc1c(Cl)cc(NC(=O)Nc2ccc(Cc3ccc(NC([*])=O)cc3)cc2)cs1Cl,0.9015665054321289,0.8574099540710449,0,0,0.0
[*]c1ccc(-c2ccc(-c3ccc(-c4cnc5ccc(-c6ccc7ncc([*])nc7c6)cc5n4)cc3)cc2)cc1,[*]c1ccc(-c2ccc(-c3ccc(-c4cnc5ncc(-c6ccc7ncc([*])nc7c6)cc5n4)cc3)cc2)cc1,0.011905908584594727,0.11712074279785156,0,0,0.0
[*]c1ccc(-c2ccc(-c3ccc(-c4cnc5ccc(-c6ccc7ncc([*])nc7c6)cc5n4)cc3)cc2)cc1,[*]c1ccc(-c2ccc(-c3ccc(-c4cnc5ccc(-c6ncc7ncc([*])nc7c6)cc5n4)cc3)cc2)cc1,0.007924318313598633,0.00019860267639160156,0,0,0.0
[*]c1ccc(-c2ccc(-c3ccc(-n4c(=O)c5cc6c(=O)n([*])c(=O)c6cc5c4=O)cc3)cc2)cc1,[*]c1ccc(-c2ccc(-c3ccc(-n4c(=O)c5cc6c(=O)n([*])c(=O)c6cc5c4=O)cc3)cc2)cn1,0.005139350891113281,0.034911394119262695,0,0,0.0
[*]C1C=C(C)C([*])S1,[*]C1C-C(C)C([*])S1,1.163398265838623,0.7677145004272461,0,0,0.0
[*]C1C=C(C)C([*])S1,[*]C1I=C(C)C([*])S1,0.5068678855895996,0.3597383499145508,0,0,0.0
[*]C1C=C(C)C([*])S1,[*]N1C=C(C)C([*])S1,0.6927251815795898,1.0081281661987305,0,0,0.0
[*]CC(C=C1)=CC=C1C(S2)=CC=C2C(C=C3)=CC=C3[*],[*]CC(C=C1)=CC=C1S(S2)=CC=C2C(C=C3)=CC=C3[*],0.2590901851654053,0.1844635009765625,0,0,0.0
[*]CCCCSC(=O)CCCCCCC(=O)S[*],[*]CCCCSC(=O)CCCCCCC(=O)C[*],0.5810203552246094,0.6253914833068848,0,0,0.0
[*]CCCP(CCCCCCCC)CCCNC(=O)C(=O)N[*],[*]CCCP(CCCCCCSC)CCCNC(=O)C(=O)N[*],0.3027682304382324,0.31626129150390625,0,0,0.0
[*]CCCP(CCCCCCCC)CCCNC(=O)C(=O)N[*],[*]CCCP(CCCCCCCC)CCCNP(=O)C(=O)N[*],0.012478828430175781,0.02813100814819336,0,0,0.0
[*]CCCP(CCCCCCCC)CCCNC(=O)C(=O)N[*],[*]CCCP(CCCCCICC)CCCNC(=O)C(=O)N[*],0.01059865951538086,0.008800029754638672,0,0,0.0
[*]CCCP(CCCCCCCC)CCCNC(=O)C(=O)N[*],[*]CCCP(CCCCCCCC)CICNC(=O)C(=O)N[*],0.032988548278808594,0.049802303314208984,0,0,0.0
[*]c1ccc(-c2sc(-c3cc(SCCCC)c([*])s3)cc2SCCCC)cc1,[*]c1ccc(-c2sc(-c3cc(SCCCC)c([*])s3)cc2SCCCI)cc1,0.13117647171020508,0.048384666442871094,0,0,0.0
O([*])COCCSSCCCC([*]),O([*])COCCSSCCCN([*]),0.26669788360595703,0.12345743179321289,0,0,0.0
O([*])COCCSSCCCC([*]),O([*])COPCSSCCCC([*]),0.022754192352294922,0.1212611198425293,0,0,0.0
[*]C(=O)OC(=O)O[*],[*]C(-O)OC(=O)O[*],0.06407499313354492,1.1420559883117676,0,0,0.0
[*]c1ccc(-c2ccc(-c3cnc4cc(-c5ccc6nc([*])cnc6c5)ccc4n3)cc2)cc1,[*]c1ccc(-c2ccc(-c3cnc4cc(-c5ccc6ns([*])cnc6c5)ccc4n3)cc2)cc1,0.15748071670532227,0.023229598999023438,0,0,0.0
[*]CCCCCCCCCCCCCCCCOC(=O)NCc1ccc(CNC(=O)O[*])cc1,[*]CCCCCCCCCCCICCCCOC(=O)NCc1ccc(CNC(=O)O[*])cc1,0.6986064910888672,0.045964717864990234,0,0,0.0
[*]CCCCCCCCCCCCCCCCOC(=O)NCc1ccc(CNC(=O)O[*])cc1,[*]CCCCCCCCCCCCCCCCOC(=O)NPc1ccc(CNC(=O)O[*])cc1,0.682098388671875,0.17821455001831055,0,0,0.0
[*]CCCCCCCCCCCCCCCCOC(=O)NCc1ccc(CNC(=O)O[*])cc1,[*]CCCCCCCCCCCCCCCCOC(/O)NCc1ccc(CNC(=O)O[*])cc1,0.02465677261352539,0.13418292999267578,0,0,0.0
[*]CCCCCCCCCCCCCCCCOC(=O)NCc1ccc(CNC(=O)O[*])cc1,[*]CCCCPCCCCCCCCCCCOC(=O)NCc1ccc(CNC(=O)O[*])cc1,0.5554008483886719,0.07199621200561523,0,0,0.0
[*]CCCCCCCCCCCCCCCCOC(=O)NCc1ccc(CNC(=O)O[*])cc1,[*]CCCCCCCCCICCCCCCOC(=O)NCc1ccc(CNC(=O)O[*])cc1,0.6987595558166504,0.008573532104492188,0,0,0.0
[*]CC(=O)C(=S)C(S1)=CC=C1[*],[*]CC(=O)C(=C)C(S1)=CC=C1[*],0.4624595642089844,0.03916120529174805,0,0,0.0
[*]CC(=O)C(=S)C(S1)=CC=C1[*],[*]CC(=O)C(=S)C(S1)=SC=C1[*],0.3816947937011719,0.19594407081604004,0,0,0.0
[*]CC(=O)C(=S)C(S1)=CC=C1[*],[*]CC(=O)C(=S)C(S1)=CN=C1[*],0.16949176788330078,0.020517349243164062,0,0,0.0
[*]CC(=O)C(=S)C(S1)=CC=C1[*],[*]PC(=O)C(=S)C(S1)=CC=C1[*],0.3013725280761719,0.012087345123291016,0,0,0.0
[*]C1C=C(C)C([*])C1,[*]C1C=C(C)C([*])N1,0.22422552108764648,0.25009822845458984,0,0,0.0
[*]C1C=C(C)C([*])C1,[*]C1C\C(C)C([*])C1,1.0750541687011719,1.1275691986083984,0,0,0.0
[*]C1C=C(C)C([*])C1,[*]P1C=C(C)C([*])C1,0.7151589393615723,0.11867094039916992,0,0,0.0
[*]c1ccc2c(c1)Cc1cc([*])ccc1-2,[*]s1ccc2c(c1)Cc1cc([*])ccc1-2,0.43756532669067383,1.12880277633667,0,0,0.0
[*]Oc1ccc(Oc2cccc([*])n2)cc1,[*]Oc1ccc(Pc2cccc([*])n2)cc1,0.008901596069335938,0.09815406799316406,0,0,0.0
[*]CC([*])OC(=O)CC1CCCC1,[*]CC([*])CC(=O)CC1CCCC1,0.2437729835510254,0.07629013061523438,0,0,0.0
[*]CC([*])OC(=O)CC1CCCC1,[*]CC([*])OC(=O)CC1NCCC1,0.4343557357788086,0.3715505599975586,0,0,0.0
[*]CC([*])OC(=O)CC1CCCC1,[*]CC([*])OC(=S)CC1CCCC1,1.452336311340332,1.4557180404663086,0,0,0.0
[*]CCCCCCOC(=O)CCC=CCCC(=O)O[*],[*]CCCCCCOP(=O)CCC=CCCC(=O)O[*],0.1986255645751953,0.06838130950927734,0,0,0.0
[*]CC([*])c1nc(C)nc(C)n1,[*]CC([*])c1nc(C)cc(C)n1,0.4466524124145508,0.5384531021118164,0,0,0.0
[*]CC([*])c1nc(C)nc(C)n1,[*]SC([*])c1nc(C)nc(C)n1,1.1146125793457031,0.7162704467773438,0,0,0.0
[*]Oc1ccc(C(=O)NCC(C)(C)CCCNC(=O)c2ccc([*])cc2)cc1,[*]Oc1ccc(S(=O)NCC(C)(C)CCCNC(=O)c2ccc([*])cc2)cc1,0.12243843078613281,0.011920452117919922,0,0,0.0
[*]Oc1ccc(C(=O)NCC(C)(C)CCCNC(=O)c2ccc([*])cc2)cc1,[*]Oc1ccc(P(=O)NCC(C)(C)CCCNC(=O)c2ccc([*])cc2)cc1,0.07842874526977539,0.15864133834838867,0,0,0.0
[*]c1ccc(-c2nc3ccc(Oc4ccc5nc([*])c(-c6ccccc6)nc5c4)cc3nc2-c2ccccc2)cc1,[*]c1ccc(-c2nc3ccc(Oc4ccc5nc([*])c(-c6ccccc6)nc5c4)cc3nc2-c2cccnc2)cc1,0.02426600456237793,0.016533374786376953,0,0,0.0
[*]c1ccc(-c2nc3ccc(Oc4ccc5nc([*])c(-c6ccccc6)nc5c4)cc3nc2-c2ccccc2)cc1,[*]c1ncc(-c2nc3ccc(Oc4ccc5nc([*])c(-c6ccccc6)nc5c4)cc3nc2-c2ccccc2)cc1,0.005612850189208984,0.009909629821777344,0,0,0.0
[*]OP(=O)(Oc1ccccc1)Oc1c(Br)cc(C(c2cc(Br)c([*])c(Br)c2)(C(F)(F)F)C(F)(F)F)cc1Br,[*]OP(=O)(Oc1ccccc1)Oc1c(Br)cc(C(c2cc(N)c([*])c(Br)c2)(C(F)(F)F)C(F)(F)F)cc1Br,0.06910014152526855,0.09571218490600586,0,0,0.0
[*]CC(CS(C)(=O)=O)O[*],[*]CC(CS(C)(=I)=O)O[*],2.6009409427642822,0.5757527351379395,0,0,0.0
[*]CC(CS(C)(=O)=O)O[*],[*]CC(CS(C)(=N)=O)O[*],0.1877460479736328,0.5905804634094238,0,0,0.0
[*]CC(CS(C)(=O)=O)O[*],[*]CC(CS(S)(=O)=O)O[*],1.5301213264465332,0.1764073371887207,0,0,0.0
[*]CC(CS(C)(=O)=O)O[*],[*]CC(CS(C)(=O)=O)P[*],1.367936134338379,0.8863515853881836,0,0,0.0
[*]Cc1cccc(CNC(=O)C2=C(C(=O)N[*])C3C=CC2C3)c1,[*]Cc1cccs(CNC(=O)C2=C(C(=O)N[*])C3C=CC2C3)c1,1.0768041610717773,0.7889699935913086,0,0,0.0
[*]Cc1cccc(CNC(=O)C2=C(C(=O)N[*])C3C=CC2C3)c1,[*]Cc1cccc(CNC(=O)C2=C(C(=I)N[*])C3C=CC2C3)c1,0.016318321228027344,0.42865800857543945,0,0,0.0
[*]Cc1cccc(CNC(=O)C2=C(C(=O)N[*])C3C=CC2C3)c1,[*]Cc1cccc(CNC(-O)C2=C(C(=O)N[*])C3C=CC2C3)c1,0.24338150024414062,0.14498043060302734,0,0,0.0
[*]CC(C)(C)COC(=O)Nc1ccc(NC(=O)O[*])cc1,[*]CC(C)(C)COP(=O)Nc1ccc(NC(=O)O[*])cc1,0.18369626998901367,0.00825643539428711,0,0,0.0
[*]CC(C)(C)COC(=O)Nc1ccc(NC(=O)O[*])cc1,[*]OC(C)(C)COC(=O)Nc1ccc(NC(=O)O[*])cc1,0.02274322509765625,0.0071048736572265625,0,0,0.0
[*]CC(C)(C)COC(=O)Nc1ccc(NC(=O)O[*])cc1,[*]CC(C)(C)COC(=O)Nc1ccs(NC(=O)O[*])cc1,1.0018563270568848,0.8487415313720703,0,0,0.0
[*]Oc1ccc(C(C)c2ccc(OC([*])=O)cc2)cc1,[*]Oc1ccc(C(C)c2ccc(OC([*])=O)nc2)cc1,0.10148859024047852,0.09579086303710938,0,0,0.0
[*]Oc1ccc(C(C)c2ccc(OC([*])=O)cc2)cc1,[*]Oc1ccc(C(C)c2ccc(OI([*])=O)cc2)cc1,0.2754359245300293,0.0350184440612793,0,0,0.0
[*]NC(=O)Nc1ccc(Cc2ccc(NC(=O)Nc3cccc([*])n3)cc2)cc1,[*]NC(=O)Nc1ccs(Cc2ccc(NC(=O)Nc3cccc([*])n3)cc2)cc1,0.7481942176818848,0.14700627326965332,0,0,0.0
[*]NC(=O)Nc1ccc(Cc2ccc(NC(=O)Nc3cccc([*])n3)cc2)cc1,[*]NC(=O)Nc1ccc(Cc2ccc(NC(=O)Nc3cccc([*])n3)nc2)cc1,0.04086732864379883,0.03605031967163086,0,0,0.0
[*]CC([*])(C)C(=O)OCc1ccc(Cl)cc1Cl,[*]CC([*])(C)C(=O)OCc1ccc(Cl)cc1P,0.2207484245300293,0.01707172393798828,0,0,0.0
[*]CC([*])(C)C(=O)OCc1ccc(Cl)cc1Cl,[*]CC([*])(C)C(=O)OCc1ccc(Cl)nc1Cl,0.16684770584106445,0.19578790664672852,0,0,0.0
[*]CC([*])(C)C(=O)OCc1ccc(Cl)cc1Cl,[*]CC([*])(C)C(=O)OCc1cnc(Cl)cc1Cl,0.10090827941894531,0.07114505767822266,0,0,0.0
[*]CCCCCCCCCCCCCCCCCCNC(=O)NCCCCCCCCCCNC(=O)N[*],[*]CCCCCCCCCCCCCCCCCCNC(=O)NCCCCNCCCCCNC(=O)N[*],0.0966496467590332,0.018592357635498047,0,0,0.0
[*]CCCCCCCCCCCCCCCCCCNC(=O)NCCCCCCCCCCNC(=O)N[*],[*]CCCPCCCCCCCCCCCCCCNC(=O)NCCCCCCCCCCNC(=O)N[*],0.46535348892211914,0.019619464874267578,0,0,0.0
[*]CCCCCCCCCCCCCCCCCCNC(=O)NCCCCCCCCCCNC(=O)N[*],[*]SCCCCCCCCCCCCCCCCCNC(=O)NCCCCCCCCCCNC(=O)N[*],0.7361645698547363,0.4250526428222656,0,0,0.0
[*]CCCCCCCCCCCCCCCCCCNC(=O)NCCCCCCCCCCNC(=O)N[*],[*]CCCCCCCCCCCCCCCCCCSC(=O)NCCCCCCCCCCNC(=O)N[*],0.20293760299682617,0.3190302848815918,0,0,0.0
[*]CCCCCCCCOC(=O)O[*],[*]CCCCCCCCOS(=O)O[*],0.2804446220397949,1.2786083221435547,0,0,0.0
[*]CCCCCCCCOC(=O)O[*],[*]CCCCCCPCOC(=O)O[*],1.2882437705993652,0.19855117797851562,0,0,0.0
[*]CCCCCCCCOC(=O)O[*],[*]CCCNCCCCOC(=O)O[*],0.4342536926269531,0.5223655700683594,0,0,0.0
[*]CCCCCCCCCCCCCCCCCCCCCC(=O)N[*],[*]CCCCCCCCCCCCCCCCCOCCCC(=O)N[*],0.09736490249633789,0.052394866943359375,0,0,0.0
[*]CCCCCCCCCCCCCCCCCCCCCC(=O)N[*],[*]COCCCCCCCCCCCCCCCCCCCC(=O)N[*],0.15310955047607422,0.005180835723876953,0,0,0.0
[*]CCCCCCCCCCCCCCCCCCCCCC(=O)N[*],[*]CCCCCCCCCPCCCCCCCCCCCC(=O)N[*],0.758763313293457,0.08452033996582031,0,0,0.0
[*]CCCCCCCCC([*])Cl,[*]CCCCOCCCC([*])Cl,0.35157060623168945,0.06873178482055664,0,0,0.0
[*]CCCCCCCCC([*])Cl,[*]CCCCCCCCC([*])I,1.4910378456115723,0.4076118469238281,0,0,0.0
[*]N=Cc1ccc(-c2ccc(C=Nc3ccc4c(c3)c3cc([*])ccc3n4CC)s2)s1,[*]N=Cc1ccc(-c2ccc(C=Nc3ccc4c(c3)c3cc([*])ccc3n4CCl)s2)s1,0.06428122520446777,0.09896254539489746,0,0,0.0
[*]N=Cc1ccc(-c2ccc(C=Nc3ccc4c(c3)c3cc([*])ccc3n4CC)s2)s1,[*]N=Cc1ccc(-c2ncc(C=Nc3ccc4c(c3)c3cc([*])ccc3n4CC)s2)s1,0.09664058685302734,0.03896617889404297,0,0,0.0
[*]N=Cc1ccc(-c2ccc(C=Nc3ccc4c(c3)c3cc([*])ccc3n4CC)s2)s1,[*]N=Cc1ccc(-c2ccc(C=Nc3ccc4c(c3)c3cc([*])ccc3n4CC)s2)o1,0.0567929744720459,0.7269668579101562,0,0,0.0
[*]N=Cc1ccc(-c2ccc(C=Nc3ccc4c(c3)c3cc([*])ccc3n4CC)s2)s1,[*]N/Cc1ccc(-c2ccc(C=Nc3ccc4c(c3)c3cc([*])ccc3n4CC)s2)s1,0.16392254829406738,0.28269076347351074,0,0,0.0
[*]CC(CO[*])(CS(=O)(=O)CCCC)CS(=O)(=O)CCCC,[*]CC(CO[*])(CS(=N)(=O)CCCC)CS(=O)(=O)CCCC,0.07722234725952148,0.2716703414916992,0,0,0.0
[*]CC(=S)NO[*],[*]SC(=S)NO[*],0.142822265625,0.4404289722442627,0,0,0.0
[*]CC(=S)NO[*],[*]NC(=S)NO[*],0.49344396591186523,0.458432674407959,0,0,0.0
[*]n1nc(-n2c(=O)c3cc4c(=O)n([*])c(=O)c4cc3c2=O)c2ccccc2c1=O,[*]n1nc(-n2c(=O)c3cc4c(=O)n([*])c(=O)c4cc3c2=O)c2ccncc2c1=O,0.04728388786315918,0.034558773040771484,0,0,0.0
[*]c1cc(CCCCCCCCC)c([*])s1,[*]c1cc(CCICCCCCC)c([*])s1,1.0387916564941406,0.0424504280090332,0,0,0.0
[*]c1cc(CCCCCCCCC)c([*])s1,[*]c1cc(CCPCCCCCC)c([*])s1,0.4047062397003174,0.002614736557006836,0,0,0.0
[*]c1cc(CCCCCCCCC)c([*])s1,[*]c1nc(CCCCCCCCC)c([*])s1,0.14350390434265137,0.04120278358459473,0,0,0.0
[*]c1cc(CCCCCCCCC)c([*])s1,[*]c1cc(CCCCCCPCC)c([*])s1,0.40786242485046387,0.05144643783569336,0,0,0.0
[*]c1ccc(Oc2ccc(-c3nc4cc5sc([*])nc5cc4s3)cc2)cc1,[*]c1ncc(Oc2ccc(-c3nc4cc5sc([*])nc5cc4s3)cc2)cc1,0.010914325714111328,0.019718647003173828,0,0,0.0
[*]c1ccc(Oc2ccc(-c3nc4cc5sc([*])nc5cc4s3)cc2)cc1,[*]c1cnc(Oc2ccc(-c3nc4cc5sc([*])nc5cc4s3)cc2)cc1,0.005001068115234375,0.002788066864013672,0,0,0.0
[*]c1ccc(Oc2ccc(-c3nc4cc5sc([*])nc5cc4s3)cc2)cc1,[*]c1ccc(Oc2ccc(-c3nc4cc5oc([*])nc5cc4s3)cc2)cc1,0.21978187561035156,0.07595491409301758,0,0,0.0
[*]CCCCOC(=O)c1ccc([Si](C)(C)c2ccc(C(=O)O[*])cc2)cc1,[*]CCCCOC(=O)c1ccc([Si](C)(C)c2ccc(C(\O)O[*])cc2)cc1,0.15196561813354492,0.05063295364379883,0,0,0.0
[*]CCCCOC(=O)c1ccc([Si](C)(C)c2ccc(C(=O)O[*])cc2)cc1,[*]CCCCOC(=O)c1ccc([Si](C)(C)c2ccs(C(=O)O[*])cc2)cc1,0.46692538261413574,1.103261947631836,0,0,0.0
[*]CC([*])c1cc(O)ccc1O,[*]CC([*])c1cc(S)ccc1O,0.04161548614501953,0.396181583404541,0,0,0.0
[*]CC([*])c1cc(O)ccc1O,[*]PC([*])c1cc(O)ccc1O,0.38866233825683594,0.06440305709838867,0,0,0.0
[*]Oc1ccc(P(=O)(c2ccccc2)c2ccc([*])cc2)cc1,[*]Oc1ccc(P(=O)(c2ccccc2)c2ccc([*])nc2)cc1,0.0322108268737793,0.034165382385253906,0,0,0.0
[*]Oc1ccc(P(=O)(c2ccccc2)c2ccc([*])cc2)cc1,[*]Oc1ncc(P(=O)(c2ccccc2)c2ccc([*])cc2)cc1,0.053150177001953125,0.0028781890869140625,0,0,0.0
[*]C(=O)C1CC(OC(C)=O)CN1[*],[*]S(=O)C1CC(OC(C)=O)CN1[*],0.4385814666748047,0.7797656059265137,0,0,0.0
[*]C(=O)C1CC(OC(C)=O)CN1[*],[*]C(-O)C1CC(OC(C)=O)CN1[*],0.10729598999023438,0.12616539001464844,0,0,0.0
[*]NC(=O)OC(=S)[*],[*]NC(=P)OC(=S)[*],0.15169024467468262,0.6421878337860107,0,0,0.0
[*]NC(=O)OC(=S)[*],[*]NC(=O)OC(=P)[*],0.016460657119750977,1.8377811908721924,0,0,0.0
[*]NC(=O)OC(=S)[*],[*]NC(=O)IC(=S)[*],1.0011804103851318,0.700458288192749,0,0,0.0
[*]CCC(=O)OC(=O)CCc1ccc([*])s1,[*]COC(=O)OC(=O)CCc1ccc([*])s1,0.07109642028808594,0.062161922454833984,0,0,0.0
[*]c1sc([*])c(CCCCCCCC)c1C,[*]c1sc([*])c(CCCCCCCCl)c1C,0.24169039726257324,0.06657958030700684,0,0,0.0
[*]c1sc([*])c(CCCCCCCC)c1C,[*]c1sc([*])c(CCCCCCCN)c1C,0.09369254112243652,0.3077816963195801,0,0,0.0
[*]c1sc([*])c(CCCCCCCC)c1C,[*]c1sc([*])c(CCCCCCCC)s1C,1.3718011379241943,0.11895751953125,0,0,0.0
[*]c1ccc2c(c1)nc1c3cc4c(=O)n5c6cc([*])ccc6nc5c4cc3c(=O)n21,[*]c1ccc2c(c1)nc1c3cc4c(=O)n5c6cc([*])ccc6nc5c4cc3c(=S)n21,0.03761124610900879,0.24090051651000977,0,0,0.0
[*]c1ccc2c(c1)nc1c3cc4c(=O)n5c6cc([*])ccc6nc5c4cc3c(=O)n21,[*]c1ccc2c(c1)nc1c3cc4c(=S)n5c6cc([*])ccc6nc5c4cc3c(=O)n21,0.03768610954284668,0.1319599151611328,0,0,0.0
[*]Oc1ccc(C(C)(c2ccc(Oc3ccc(C(=O)c4ccc([*])cc4)cc3)cc2)C(F)(F)F)cc1,[*]Oc1ccc(C(C)(c2ccc(Sc3ccc(C(=O)c4ccc([*])cc4)cc3)cc2)C(F)(F)F)cc1,0.1130979061126709,0.020803451538085938,0,0,0.0
[*]COCC(C)O[*],[*]POCC(C)O[*],0.7983136177062988,0.28514623641967773,0,0,0.0
[*]COCC(C)O[*],[*]COCC(Br)O[*],0.7101855278015137,0.05081462860107422,0,0,0.0
[*]COCC(C)O[*],[*]SOCC(C)O[*],0.7434654235839844,1.1579632759094238,0,0,0.0
[*]C(=O)c1ccc2c(c1)C(=O)N(c1cc(C(=O)OC)cc(N3C(=O)c4ccc([*])cc4C3=O)c1)C2=O,[*]C(=I)c1ccc2c(c1)C(=O)N(c1cc(C(=O)OC)cc(N3C(=O)c4ccc([*])cc4C3=O)c1)C2=O,0.03741121292114258,0.09691476821899414,0,0,0.0
[*]C(=O)c1ccc2c(c1)C(=O)N(c1cc(C(=O)OC)cc(N3C(=O)c4ccc([*])cc4C3=O)c1)C2=O,[*]C(=O)c1ccc2c(c1)C(=O)N(c1cc(C(=O)ON)cc(N3C(=O)c4ccc([*])cc4C3=O)c1)C2=O,0.008765935897827148,0.051720619201660156,0,0,0.0
[*]C(=O)c1ccc2c(c1)C(=O)N(c1cc(C(=O)OC)cc(N3C(=O)c4ccc([*])cc4C3=O)c1)C2=O,[*]C(=O)c1ccc2c(c1)C(=O)N(c1cc(C(=O)OC)cc(N3C(=O)c4ccc([*])cc4C3=O)c1)C2=I,0.2163100242614746,0.02933645248413086,0,0,0.0
[*]CCCCCCCCOC(=O)c1cccc(C(=O)O[*])c1,[*]COCCCCCCOC(=O)c1cccc(C(=O)O[*])c1,0.08866262435913086,0.14517688751220703,0,0,0.0
[*]CCCCCCCCOC(=O)c1cccc(C(=O)O[*])c1,[*]CCOCCCCCOC(=O)c1cccc(C(=O)O[*])c1,0.09157085418701172,0.02053976058959961,0,0,0.0
[*]CCCCCCCCOC(=O)c1cccc(C(=O)O[*])c1,[*]CCCCCCCCIC(=O)c1cccc(C(=O)O[*])c1,0.12253713607788086,0.1158447265625,0,0,0.0
[*]CCCCCCCCOC(=O)c1cccc(C(=O)O[*])c1,[*]CCCCCCCCOC(=O)c1nccc(C(=O)O[*])c1,0.01192617416381836,0.0590968132019043,0,0,0.0
[*]COC(S1)=CC=C1C(C=C2)=CC=C2[*],[*]COC(S1)=CC=C1C(C/C2)=CC=C2[*],0.3153109550476074,0.36583566665649414,0,0,0.0
[*]COC(S1)=CC=C1C(C=C2)=CC=C2[*],[*]COC(N1)=CC=C1C(C=C2)=CC=C2[*],0.017782926559448242,0.5066075325012207,0,0,0.0
[*]c1ccc(C(C#N)(C(=O)O)C([*])(C#N)C(=O)O)cc1,[*]c1ccc(C(I#N)(C(=O)O)C([*])(C#N)C(=O)O)cc1,0.1721487045288086,0.1159205436706543,0,0,0.0
[*]c1ccc(C(C#N)(C(=O)O)C([*])(C#N)C(=O)O)cc1,[*]c1ccc(C(C#N)(C(=O)O)C([*])(C#N)C(=O)Cl)cc1,0.08639335632324219,0.03852701187133789,0,0,0.0
[*]c1ccc(C(C#N)(C(=O)O)C([*])(C#N)C(=O)O)cc1,[*]c1ccc(C(C\N)(C(=O)O)C([*])(C#N)C(=O)O)cc1,0.1247720718383789,0.22813081741333008,0,0,0.0
[*]CCCCCCN(CC)C(=O)CCCCCCCCCCC(=O)N([*])CC,[*]CCCCCCN(CC)P(=O)CCCCCCCCCCC(=O)N([*])CC,0.15501689910888672,0.009531974792480469,0,0,0.0
[*]NNC(=O)CCCCCCCCCCCCCCCCC([*])=O,[*]NNC(=O)CCCCCCCCCCCCCCNCC([*])=O,0.21555757522583008,0.027357101440429688,0,0,0.0
[*]NNC(=O)CCCCCCCCCCCCCCCCC([*])=O,[*]NNC(=O)CCCCCCPCCCCCCCCCC([*])=O,0.8771157264709473,0.07104015350341797,0,0,0.0
[*]CC(COc1ccc(Cl)cc1)O[*],[*]CS(COc1ccc(Cl)cc1)O[*],0.14632558822631836,0.010838508605957031,0,0,0.0
[*]CC(COc1ccc(Cl)cc1)O[*],[*]CC(COc1ccc(Cl)cn1)O[*],0.16235017776489258,0.05027961730957031,0,0,0.0
[*]CCCCCCOc1ccc(C(C)(C)c2ccc(O[*])cc2)cc1,[*]CCCCCCOc1ccc(C(C)(C)c2ncc(O[*])cc2)cc1,0.09629011154174805,0.23508596420288086,0,0,0.0
[*]CCCCCCOc1ccc(C(C)(C)c2ccc(O[*])cc2)cc1,[*]CCCCCCOc1ncc(C(C)(C)c2ccc(O[*])cc2)cc1,0.09792709350585938,0.05551481246948242,0,0,0.0
[*]c1ccc(C2C(C(=O)OC)C([*])C2C(=O)OC)cc1,[*]c1ccc(C2C(C(=O)OC)C([*])S2C(=O)OC)cc1,0.013760089874267578,0.5690145492553711,0,0,0.0
[*]c1ccc(C2C(C(=O)OC)C([*])C2C(=O)OC)cc1,[*]c1ccc(C2C(P(=O)OC)C([*])C2C(=O)OC)cc1,0.06329488754272461,0.3966350555419922,0,0,0.0
[*]CCCCC(=O)NCCCCCOCCCCCNC(=O)CCCCO[*],[*]CCCCC(=I)NCCCCCOCCCCCNC(=O)CCCCO[*],0.9008045196533203,0.05085325241088867,0,0,0.0
[*]CCC(C)CC(C)(C)CNC(=O)c1ccc(C(=O)N[*])cc1,[*]CCC(C)CC(C)(C)CNC(-O)c1ccc(C(=O)N[*])cc1,0.27152061462402344,0.023433208465576172,0,0,0.0
[*]CCC(C)CC(C)(C)CNC(=O)c1ccc(C(=O)N[*])cc1,[*]CCC(C)CC(F)(C)CNC(=O)c1ccc(C(=O)N[*])cc1,0.018436908721923828,0.04087018966674805,0,0,0.0
[*]CC(=O)C(=S)C(=O)[*],[*]CC(/O)C(=S)C(=O)[*],0.46437859535217285,0.7643353939056396,0,0,0.0
[*]CC(O[*])C(F)(F)F,[*]CC(O[*])C(F)(I)F,1.6985993385314941,0.18145465850830078,0,0,0.0
[*]CC(O[*])C(F)(F)F,[*]CC(O[*])C(N)(F)F,0.20561456680297852,1.757462501525879,0,0,0.0
[*]CC(O[*])C(F)(F)F,[*]CC(S[*])C(F)(F)F,1.5710196495056152,2.559262752532959,0,0,0.0
[*]CC(OC=O)C(COC(=O)O[*])OC=O,[*]CC(OC=O)C(COC(=N)O[*])OC=O,0.09517383575439453,0.062136173248291016,0,0,0.0
[*]CC(OC=O)C(COC(=O)O[*])OC=O,[*]CC(OC=O)C(COC(\O)O[*])OC=O,0.2179255485534668,0.011993885040283203,0,0,0.0
[*]CC(OC=O)C(COC(=O)O[*])OC=O,[*]CC(OC=O)C(COC(=O)P[*])OC=O,1.4707236289978027,0.08269643783569336,0,0,0.0
[*]CCCNC(=O)CCCCCCCCCCCCCCCCCCC(=O)N[*],[*]CCCNC(=O)CCCCCCCCCCCPCCCCCCC(=O)N[*],0.7430891990661621,0.03894519805908203,0,0,0.0
[*]CCCNC(=O)CCCCCCCCCCCCCCCCCCC(=O)N[*],[*]CCCPC(=O)CCCCCCCCCCCCCCCCCCC(=O)N[*],0.29189109802246094,0.09163188934326172,0,0,0.0
[*]CCCNC(=O)CCCCCCCCCCCCCCCCCCC(=O)N[*],[*]CCCNS(=O)CCCCCCCCCCCCCCCCCCC(=O)N[*],0.031216144561767578,0.26059627532958984,0,0,0.0
[*]CCCNC(=O)CCCCCCCCCCCCCCCCCCC(=O)N[*],[*]CCCNC(=O)CCCCOCCCCCCCCCCCCCC(=O)N[*],0.11009550094604492,0.013039588928222656,0,0,0.0
[*]CC1CC([*])OCO1,[*]CC1CN([*])OCO1,0.20254230499267578,0.459475040435791,0,0,0.0
[*]CC1CC([*])OCO1,[*]CC1CC([*])SCO1,0.7060589790344238,0.7795844078063965,0,0,0.0
[*]CC(C=C1)=CC=C1NC(=S)[*],[*]CC(C=C1)=CC=C1NP(=S)[*],0.11669564247131348,0.08788919448852539,0,0,0.0
[*]CC(C=C1)=CC=C1NC(=S)[*],[*]CI(C=C1)=CC=C1NC(=S)[*],0.0013298988342285156,0.2822384834289551,0,0,0.0
[*]CC(C=C1)=CC=C1NC(=S)[*],[*]CC(C-C1)=CC=C1NC(=S)[*],0.5387792587280273,0.18025708198547363,0,0,0.0
[*]CC(C=C1)=CC=C1NC(=S)[*],[*]CC(C=C1)-CC=C1NC(=S)[*],0.37900733947753906,0.29709529876708984,0,0,0.0
[*]Oc1ccc2cc(C([*])=O)ccc2c1-c1ccccc1,[*]Oc1ccc2cc(C([*])=O)ccc2c1-c1cccnc1,0.03212928771972656,0.16052627563476562,0,0,0.0
[*]C=NCCN=Cc1ccc(Sc2ccc([*])o2)o1,[*]C=NCCN=Cc1cnc(Sc2ccc([*])o2)o1,0.2191002368927002,0.4730954170227051,0,0,0.0
[*]C=NCCN=Cc1ccc(Sc2ccc([*])o2)o1,[*]C=NCCN-Cc1ccc(Sc2ccc([*])o2)o1,0.45939016342163086,0.399749755859375,0,0,0.0
[*]C=NCCN=Cc1ccc(Sc2ccc([*])o2)o1,[*]C=NOCN=Cc1ccc(Sc2ccc([*])o2)o1,0.06428170204162598,0.3526134490966797,0,0,0.0
[*]CCCCCNC(=O)C(OC)C(OC)C(=O)N[*],[*]CCCCCIC(=O)C(OC)C(OC)C(=O)N[*],0.422025203704834,0.07868289947509766,0,0,0.0
[*]CCCCCNC(=O)C(OC)C(OC)C(=O)N[*],[*]CCCCCNC(=O)C(OC)C(OC)C(=O)P[*],0.5479645729064941,0.026167869567871094,0,0,0.0
[*]CCCCCNC(=O)C(OC)C(OC)C(=O)N[*],[*]SCCCCNC(=O)C(OC)C(OC)C(=O)N[*],0.9211139678955078,0.40299129486083984,0,0,0.0
[*]c1ccc(S(=O)(=O)c2ccc(-n3nc(-c4ccccc4)c4ccc(Oc5ccc6c(-c7ccccc7)nn([*])c(=O)c6c5)cc4c3=O)cc2)cc1,[*]c1ncc(S(=O)(=O)c2ccc(-n3nc(-c4ccccc4)c4ccc(Oc5ccc6c(-c7ccccc7)nn([*])c(=O)c6c5)cc4c3=O)cc2)cc1,3.2901763916015625e-05,0.03716611862182617,0,0,0.0
[*]c1ccc(S(=O)(=O)c2ccc(-n3nc(-c4ccccc4)c4ccc(Oc5ccc6c(-c7ccccc7)nn([*])c(=O)c6c5)cc4c3=O)cc2)cc1,[*]c1ccc(S(=O)(=O)c2ccc(-n3nc(-c4ccccc4)c4ccc(Os5ccc6c(-c7ccccc7)nn([*])c(=O)c6c5)cc4c3=O)cc2)cc1,0.2383408546447754,0.00031280517578125,0,0,0.0
[*]c1ccc(-c2ccc(-c3cc(-c4ccccc4)c4cc(-c5ccc6nc([*])cc(-c7ccccc7)c6c5)ccc4n3)cc2)cc1,[*]c1ccc(-c2ccc(-c3cc(-c4cccnc4)c4cc(-c5ccc6nc([*])cc(-c7ccccc7)c6c5)ccc4n3)cc2)cc1,0.020998477935791016,0.021700382232666016,0,0,0.0
[*]Oc1ccc(N=Cc2ccc(N(c3ccccc3)c3ccc(C=Nc4ccc([*])cc4)cc3)cc2)cc1,[*]Oc1ccc(N=Cc2ccc(N(c3ccccc3)c3ccc(C=Nc4ccc([*])cc4)cn3)cc2)cc1,0.006584882736206055,0.030313491821289062,0,0,0.0
[*]Oc1ccc(N=Cc2ccc(N(c3ccccc3)c3ccc(C=Nc4ccc([*])cc4)cc3)cc2)cc1,[*]Oc1ccc(N=Cc2ccc(N(c3ccccc3)c3ccc(C=Nc4ccc([*])cc4)cc3)cc2)nc1,0.009913444519042969,0.03474545478820801,0,0,0.0
[*]Oc1ccc(N=Cc2ccc(N(c3ccccc3)c3ccc(C=Nc4ccc([*])cc4)cc3)cc2)cc1,[*]Oc1ccc(N=Cc2ccs(N(c3ccccc3)c3ccc(C=Nc4ccc([*])cc4)cc3)cc2)cc1,0.4047977924346924,0.14796233177185059,0,0,0.0
[*]Oc1ccc(N=Cc2ccc(N(c3ccccc3)c3ccc(C=Nc4ccc([*])cc4)cc3)cc2)cc1,[*]Oc1ccc(N=Cc2ccc(N(s3ccccc3)c3ccc(C=Nc4ccc([*])cc4)cc3)cc2)cc1,0.3825805187225342,0.06619858741760254,0,0,0.0
[*]CCOCCOCCOC(=O)c1ccccc1C(=O)O[*],[*]CCOCCOCCOC(=O)c1ccccs1C(=O)O[*],0.8255057334899902,0.5892863273620605,0,0,0.0
[*]CCOCCOCCOC(=O)c1ccccc1C(=O)O[*],[*]CCOCCOCCOC(=O)c1ccccc1C(=O)S[*],0.44546985626220703,0.32743406295776367,0,0,0.0
[*]CCCCCOC(=O)NNC(=O)CCCCCCCCC(=O)NNC(=O)O[*],[*]CCCCCOC(=O)NNC(=O)CCCCCCCCC(=O)NNI(=O)O[*],1.1357460021972656,0.0021572113037109375,0,0,0.0
[*]c1ccc(-c2ccc(-c3cc(-c4ccccc4)c4cc5c(-c6ccccc6)cc([*])nc5cc4n3)cc2)cc1,[*]c1ccc(-c2ccc(-c3cc(-c4ccccc4)c4cc5c(-c6ccccn6)cc([*])nc5cc4n3)cc2)cc1,0.013840198516845703,0.014931678771972656,0,0,0.0
[*]Oc1ccc(Oc2ccc(OC([*])=O)cc2)cc1,[*]Oc1ccc(Pc2ccc(OC([*])=O)cc2)cc1,0.01921987533569336,0.043735504150390625,0,0,0.0
[*]CC(CC([*])(C#N)C#N)c1ccc(OC(C)=O)cc1,[*]CC(CC([*])(C#N)C#N)c1cnc(OC(C)=O)cc1,0.18239784240722656,0.0029621124267578125,0,0,0.0
[*]CC(CC([*])(C#N)C#N)c1ccc(OC(C)=O)cc1,[*]CC(CC([*])(C#N)S#N)c1ccc(OC(C)=O)cc1,0.346921443939209,0.28042078018188477,0,0,0.0
[*]CC([*])(C)C(=O)OCCOCC,[*]CC([*])(C)C(=O)OCCOCN,0.031414031982421875,0.32009029388427734,0,0,0.0
[*]CC([*])(C)C(=O)OCCOCC,[*]CC([*])(C)C(\O)OCCOCC,0.062140464782714844,0.5644745826721191,0,0,0.0
[*]CC([*])(C)C(=O)OCCOCC,[*]CC([*])(C)C(=O)OCOOCC,0.33057212829589844,0.008649826049804688,0,0,0.0
[*]CCCCC(=O)NCCCCCCC(=O)NCCC(=O)N[*],[*]CCCNC(=O)NCCCCCCC(=O)NCCC(=O)N[*],0.09680700302124023,0.030368328094482422,0,0,0.0
[*]CCCCC(=O)NCCCCCCC(=O)NCCC(=O)N[*],[*]CCCCC(=O)NCCCCCCC(-O)NCCC(=O)N[*],0.00543212890625,0.026823997497558594,0,0,0.0
[*]CCCCC(=O)NCCCCCCC(=O)NCCC(=O)N[*],[*]CCCCC(=O)NCCCCCCC(=O)NCCC(=P)N[*],0.4984135627746582,0.14286518096923828,0,0,0.0
[*]OC([*])CCC,[*]OC([*])CPC,0.5305261611938477,0.042444705963134766,0,0,0.0
[*]OC([*])CCC,[*]OC([*])ICC,0.07904720306396484,0.2712826728820801,0,0,0.0
[*]OC([*])CCC,[*]NC([*])CCC,0.5351033210754395,0.5150980949401855,0,0,0.0
[*]NC(S1)=CC=C1C(S2)=CC=C2C(=O)[*],[*]NC(S1)=CC=C1C(I2)=CC=C2C(=O)[*],0.8032932281494141,0.3389735221862793,0,0,0.0
[*]NC(S1)=CC=C1C(S2)=CC=C2C(=O)[*],[*]NC(S1)=CC=C1C(S2)=CC=I2C(=O)[*],0.5006704330444336,0.13778042793273926,0,0,0.0
[*]NC(S1)=CC=C1C(S2)=CC=C2C(=O)[*],[*]NC(S1)=CC=C1C(S2)-CC=C2C(=O)[*],0.37950778007507324,0.2728114128112793,0,0,0.0
[*]NC(S1)=CC=C1C(S2)=CC=C2C(=O)[*],[*]NC(S1)=CC=C1C(S2)=CC=C2C(=C)[*],0.18625736236572266,0.75970458984375,0,0,0.0
[*]OC1CCCC([*])O1,[*]OC1CPCC([*])O1,1.1154680252075195,0.06582403182983398,0,0,0.0
[*]OC1CCCC([*])O1,[*]OC1CICC([*])O1,0.04206705093383789,0.015564441680908203,0,0,0.0
[*]OC1CCCC([*])O1,[*]CC1CCCC([*])O1,0.06812238693237305,0.5433588027954102,0,0,0.0
[*]OC1CCCC([*])O1,[*]OC1CCCC([*])I1,0.8282365798950195,0.04419517517089844,0,0,0.0
[*]Oc1ccc(OC(=O)Oc2ccc(-c3ccc(OC([*])=O)cc3)cc2)cc1,[*]Oc1ccc(OC(=O)Oc2ccs(-c3ccc(OC([*])=O)cc3)cc2)cc1,0.393540620803833,0.5445704460144043,0,0,0.0
[*]CCCCCCNC(=O)CCP(C)(=O)CCC(=O)N[*],[*]CCCPCCNC(=O)CCP(C)(=O)CCC(=O)N[*],0.8495440483093262,0.005490303039550781,0,0,0.0
[*]CCCCCCNC(=O)CCP(C)(=O)CCC(=O)N[*],[*]CCCCCCNC(=P)CCP(C)(=O)CCC(=O)N[*],0.5638909339904785,0.0708470344543457,0,0,0.0
[*]CCCCCCNC(=O)CCP(C)(=O)CCC(=O)N[*],[*]CCCCCCNC(=O)CCP(Cl)(=O)CCC(=O)N[*],0.3638911247253418,0.14282941818237305,0,0,0.0
[*]CCCCCCNC(=O)CCP(C)(=O)CCC(=O)N[*],[*]CCCCCCNC(=O)CCP(C)(=O)OCC(=O)N[*],0.11404561996459961,0.07947587966918945,0,0,0.0
[*]CCCCCCNC(=O)CCP(C)(=O)CCC(=O)N[*],[*]CCCCCCNC(=O)CCP(C)(/O)CCC(=O)N[*],0.030831336975097656,0.07556867599487305,0,0,0.0
[*]CCCOC(=O)c1cccc(C(=O)O[*])c1,[*]CCCOC(=O)c1ccnc(C(=O)O[*])c1,0.014119625091552734,0.4306669235229492,0,0,0.0
[*]CCCOC(=O)c1cccc(C(=O)O[*])c1,[*]CNCOC(=O)c1cccc(C(=O)O[*])c1,0.12832212448120117,0.10684013366699219,0,0,0.0
[*]c1ccc(C(=O)Nc2ccc(-n3c(=O)c4cc5c(=O)n([*])c(=O)c5cc4c3=O)cc2)cc1,[*]c1ccc(C(=O)Nc2ccc(-n3c(=O)c4cc5c(=O)n([*])c(=O)c5cc4c3=O)cn2)cc1,0.011765480041503906,0.09749341011047363,0,0,0.0
[*]CC([*])C(=O)Nc1ccc2c(c1)C(=O)c1ccccc1C2=O,[*]CC([*])C(=P)Nc1ccc2c(c1)C(=O)c1ccccc1C2=O,0.12575197219848633,0.3458378314971924,0,0,0.0
[*]CC([*])C(=O)Nc1ccc2c(c1)C(=O)c1ccccc1C2=O,[*]CC([*])C(=O)Nc1ccc2c(c1)C(=O)c1ncccc1C2=O,0.009126663208007812,0.3842916488647461,0,0,0.0
[*]CC([*])C(=O)Nc1ccc2c(c1)C(=O)c1ccccc1C2=O,[*]CC([*])C(-O)Nc1ccc2c(c1)C(=O)c1ccccc1C2=O,0.0796213150024414,0.3943789005279541,0,0,0.0
[*]CCCCCC(=O)N[*],[*]CCCCCC(/O)N[*],0.049123287200927734,0.4561161994934082,0,0,0.0
[*]CCCCCC(=O)N[*],[*]CCCCCC(-O)N[*],0.049123287200927734,0.39865875244140625,0,0,0.0
[*]CCCCCC(=O)N[*],[*]CNCCCC(=O)N[*],0.518531322479248,0.03735542297363281,0,0,0.0
[*]CCCCCC(=O)N[*],[*]CCCCCI(=O)N[*],0.2049102783203125,0.04294109344482422,0,0,0.0
[*]CC([*])C(=O)OCCCCC,[*]CC([*])C(=C)OCCCCC,0.43788862228393555,0.7195916175842285,0,0,0.0
[*]c1ccc(Oc2ccc(-c3cnc4ccc(-c5ccc6nc([*])cnc6c5)cc4n3)cc2)cc1,[*]c1ccc(Oc2ccc(-c3cns4ccc(-c5ccc6nc([*])cnc6c5)cc4n3)cc2)cc1,0.6542620658874512,0.1635580062866211,0,0,0.0
[*]CC(F)(F)C(F)(F)COC(=O)NCCCCCCNC(=O)O[*],[*]CC(F)(F)C(F)(F)COC(=O)NCCCCCCNC(=P)O[*],0.8797702789306641,0.13852167129516602,0,0,0.0
[*]CC(F)(F)C(F)(F)COC(=O)NCCCCCCNC(=O)O[*],[*]CC(F)(F)C(F)(F)COC(=O)NCCCCCCOC(=O)O[*],0.12866592407226562,0.30879974365234375,0,0,0.0
[*]CC(F)(F)C(F)(F)COC(=O)NCCCCCCNC(=O)O[*],[*]CC(F)(F)C(F)(F)COC(=O)NCOCCCCNC(=O)O[*],0.10631084442138672,0.21148157119750977,0,0,0.0
[*]CC(F)(F)C(F)(F)COC(=O)NCCCCCCNC(=O)O[*],[*]CC(F)(F)C(F)(F)COI(=O)NCCCCCCNC(=O)O[*],1.1225533485412598,0.0031304359436035156,0,0,0.0
[*]CC(F)(F)C(F)(F)COC(=O)NCCCCCCNC(=O)O[*],[*]CC(F)(F)C(Cl)(F)COC(=O)NCCCCCCNC(=O)O[*],0.07969331741333008,0.06090736389160156,0,0,0.0
[*]Nc1cc(NC(=O)CCCCCCCCC([*])=O)cc(-c2nnc(-c3ccccn3)o2)c1,[*]Nc1cc(NC(=O)CCCCNCCCC([*])=O)cc(-c2nnc(-c3ccccn3)o2)c1,0.03644895553588867,0.05641961097717285,0,0,0.0
[*]Nc1cc(NC(=O)CCCCCCCCC([*])=O)cc(-c2nnc(-c3ccccn3)o2)c1,[*]Sc1cc(NC(=O)CCCCCCCCC([*])=O)cc(-c2nnc(-c3ccccn3)o2)c1,0.09002542495727539,0.4080049991607666,0,0,0.0
[*]C=Cc1ccc([*])s1,[*]C#Cc1ccc([*])s1,0.666827917098999,0.8454983234405518,0,0,0.0
[*]C=Cc1ccc([*])s1,[*]C=Cc1ncc([*])s1,0.30901098251342773,0.013622760772705078,0,0,0.0
[*]C=Cc1ccc([*])s1,[*]C/Cc1ccc([*])s1,1.398742914199829,0.6974000930786133,0,0,0.0
[*]C=Cc1ccc([*])s1,[*]C=Cc1ccs([*])s1,0.4910573959350586,0.13756990432739258,0,0,0.0
[*]C(=O)c1cccc(C(=O)N2COCN2[*])c1,[*]C(=O)c1cccc(P(=O)N2COCN2[*])c1,0.3194236755371094,0.15510845184326172,0,0,0.0
[*]C(=O)c1cccc(C(=O)N2COCN2[*])c1,[*]C(=O)c1cccc(C(=O)N2COCN2[*])n1,0.1274094581604004,0.06353282928466797,0,0,0.0
[*]C(=O)c1cccc(C(=O)N2COCN2[*])c1,[*]C(=O)c1cccc(C(=O)N2CPCN2[*])c1,0.35205650329589844,0.011273384094238281,0,0,0.0
[*]CCCCCCOC(=O)CCCCCCCC(=O)O[*],[*]CCCCCCOC(-O)CCCCCCCC(=O)O[*],0.03351449966430664,0.08153629302978516,0,0,0.0
[*]CCCCCCOC(=O)CCCCCCCC(=O)O[*],[*]CCCCCCOC(=O)CCCCICCC(=O)O[*],1.1277952194213867,0.0415339469909668,0,0,0.0
[*]CCCCCCOC(=O)CCCCCCCC(=O)O[*],[*]ICCCCCOC(=O)CCCCCCCC(=O)O[*],1.2960186004638672,0.07256221771240234,0,0,0.0
[*]CCCCCCOC(=O)CCCCCCCC(=O)O[*],[*]CCICCCOC(=O)CCCCCCCC(=O)O[*],1.1656007766723633,0.057712554931640625,0,0,0.0
[*]C(=O)CCCCCCCCC(=O)N1CCN([*])CC1,[*]C(-O)CCCCCCCCC(=O)N1CCN([*])CC1,0.06494283676147461,0.04943370819091797,0,0,0.0
[*]C(=O)CCCCCCCCC(=O)N1CCN([*])CC1,[*]C(=O)PCCCCCCCC(=O)N1CCN([*])CC1,0.6180844306945801,0.03855419158935547,0,0,0.0
[*]CCc1ccc(Cc2ccc([*])cc2)cc1,[*]CCc1ccs(Cc2ccc([*])cc2)cc1,1.063103437423706,0.28507041931152344,0,0,0.0
[*]CCc1ccc(Cc2ccc([*])cc2)cc1,[*]SCc1ccc(Cc2ccc([*])cc2)cc1,0.4719362258911133,0.4241335391998291,0,0,0.0
[*]CC([*])C(=O)OCC(F)(F)C(F)(F)C(F)(F)F,[*]CC([*])C(=O)OCC(F)(F)I(F)(F)C(F)(F)F,1.376913070678711,0.02104043960571289,0,0,0.0
[*]CC([*])C(=O)OCC(F)(F)C(F)(F)C(F)(F)F,[*]CC([*])C(=O)ONC(F)(F)C(F)(F)C(F)(F)F,0.0016641616821289062,0.33527565002441406,0,0,0.0
[*]CC([*])C(=O)OCC(F)(F)C(F)(F)C(F)(F)F,[*]CP([*])C(=O)OCC(F)(F)C(F)(F)C(F)(F)F,1.0840349197387695,0.01626443862915039,0,0,0.0
[*]CC([*])C(=O)OCC(F)(F)C(F)(F)C(F)(F)F,[*]CC([*])C(=O)OCC(F)(F)C(F)(F)C(Cl)(F)F,0.10831022262573242,0.33287477493286133,0,0,0.0
[*]CCCCCCCCCCCCCCCCCCCCOC(=O)c1ccccc1C(=O)O[*],[*]CCCCCCCCCCCCCCCCCCCCOC(=S)c1ccccc1C(=O)O[*],0.6921825408935547,0.07993030548095703,0,0,0.0
[*]CCCCCCCCCCCCCCCCCCCCOC(=O)c1ccccc1C(=O)O[*],[*]CCCCCCCCCPCCCCCCCCCCOC(=O)c1ccccc1C(=O)O[*],0.33557796478271484,0.10045623779296875,0,0,0.0
[*]CCCCCCCCCCCCCCCCCCCCOC(=O)c1ccccc1C(=O)O[*],[*]CCCCCCCCCCCPCCCCCCCCOC(=O)c1ccccc1C(=O)O[*],0.33557796478271484,0.1418018341064453,0,0,0.0
[*]CCCCCCCCCCCCCCCCCCCCOC(=O)c1ccccc1C(=O)O[*],[*]CCCCCCCCCCCCCCCCCCCCOC(=O)c1cnccc1C(=O)O[*],0.09229612350463867,0.16283082962036133,0,0,0.0
