model,token,position,relative_position,seq_length,delta
ordinary_baseline,[*],0,0.0,23,0.04220867156982422
ordinary_baseline,C,1,0.043478260869565216,23,0.18421316146850586
ordinary_baseline,N,2,0.08695652173913043,23,0.06722021102905273
ordinary_baseline,C,3,0.13043478260869565,23,0.13394689559936523
ordinary_baseline,(,4,0.17391304347826086,23,0.20849990844726562
ordinary_baseline,=,5,0.21739130434782608,23,0.06258964538574219
ordinary_baseline,O,6,0.2608695652173913,23,0.27709436416625977
ordinary_baseline,),7,0.30434782608695654,23,0.7256526947021484
ordinary_baseline,C,8,0.34782608695652173,23,0.5406532287597656
ordinary_baseline,C,9,0.391304347826087,23,0.5406532287597656
ordinary_baseline,C,10,0.43478260869565216,23,0.5406532287597656
ordinary_baseline,C,11,0.4782608695652174,23,0.5406532287597656
ordinary_baseline,C,12,0.5217391304347826,23,0.5406532287597656
ordinary_baseline,C,13,0.5652173913043478,23,0.5406532287597656
ordinary_baseline,C,14,0.6086956521739131,23,0.5406532287597656
ordinary_baseline,C,15,0.6521739130434783,23,0.5406532287597656
ordinary_baseline,C,16,0.6956521739130435,23,0.5406532287597656
ordinary_baseline,(,17,0.7391304347826086,23,0.655303955078125
ordinary_baseline,=,18,0.782608695652174,23,0.05200815200805664
ordinary_baseline,O,19,0.8260869565217391,23,0.5920290946960449
ordinary_baseline,),20,0.8695652173913043,23,0.26490211486816406
ordinary_baseline,N,21,0.9130434782608695,23,0.18648767471313477
ordinary_baseline,[*],22,0.9565217391304348,23,0.05588483810424805
ordinary_baseline,[*],0,0.0,59,0.29731082916259766
ordinary_baseline,O,1,0.01694915254237288,59,0.30368471145629883
ordinary_baseline,c,2,0.03389830508474576,59,0.03716850280761719
ordinary_baseline,1,3,0.05084745762711865,59,0.027759552001953125
ordinary_baseline,c,4,0.06779661016949153,59,0.19274377822875977
ordinary_baseline,c,5,0.0847457627118644,59,0.19274377822875977
ordinary_baseline,c,6,0.1016949152542373,59,0.19274377822875977
ordinary_baseline,(,7,0.11864406779661017,59,0.1540064811706543
ordinary_baseline,C,8,0.13559322033898305,59,0.2212362289428711
ordinary_baseline,C,9,0.15254237288135594,59,0.2212362289428711
ordinary_baseline,(,10,0.1694915254237288,59,0.14471673965454102
ordinary_baseline,N,11,0.1864406779661017,59,0.1124277114868164
ordinary_baseline,C,12,0.2033898305084746,59,0.35563039779663086
ordinary_baseline,(,13,0.22033898305084745,59,0.30431175231933594
ordinary_baseline,=,14,0.23728813559322035,59,0.47025251388549805
ordinary_baseline,O,15,0.2542372881355932,59,0.27195167541503906
ordinary_baseline,),16,0.2711864406779661,59,0.3520545959472656
ordinary_baseline,C,17,0.288135593220339,59,0.34040403366088867
ordinary_baseline,C,18,0.3050847457627119,59,0.34040403366088867
ordinary_baseline,c,19,0.3220338983050847,59,0.4647254943847656
ordinary_baseline,2,20,0.3389830508474576,59,0.34596872329711914
ordinary_baseline,c,21,0.3559322033898305,59,0.4405035972595215
ordinary_baseline,c,22,0.3728813559322034,59,0.4405035972595215
ordinary_baseline,c,23,0.3898305084745763,59,0.4405035972595215
ordinary_baseline,(,24,0.4067796610169492,59,0.3743896484375
ordinary_baseline,O,25,0.423728813559322,59,0.393157958984375
ordinary_baseline,C,26,0.4406779661016949,59,0.40873241424560547
ordinary_baseline,(,27,0.4576271186440678,59,0.4090995788574219
ordinary_baseline,=,28,0.4745762711864407,59,0.7211999893188477
ordinary_baseline,O,29,0.4915254237288136,59,0.4971585273742676
ordinary_baseline,),30,0.5084745762711864,59,0.6669406890869141
ordinary_baseline,C,31,0.5254237288135594,59,0.6268978118896484
ordinary_baseline,C,32,0.5423728813559322,59,0.6268978118896484
ordinary_baseline,C,33,0.559322033898305,59,0.6268978118896484
ordinary_baseline,C,34,0.576271186440678,59,0.6268978118896484
ordinary_baseline,C,35,0.5932203389830508,59,0.6268978118896484
ordinary_baseline,C,36,0.6101694915254238,59,0.6268978118896484
ordinary_baseline,C,37,0.6271186440677966,59,0.6268978118896484
ordinary_baseline,(,38,0.6440677966101694,59,0.6086225509643555
ordinary_baseline,[*],39,0.6610169491525424,59,0.5907440185546875
ordinary_baseline,),40,0.6779661016949152,59,0.5588364601135254
ordinary_baseline,=,41,0.6949152542372882,59,0.6187644004821777
ordinary_baseline,O,42,0.711864406779661,59,0.22927522659301758
ordinary_baseline,),43,0.7288135593220338,59,0.2614288330078125
ordinary_baseline,c,44,0.7457627118644068,59,0.2753105163574219
ordinary_baseline,c,45,0.7627118644067796,59,0.2753105163574219
ordinary_baseline,2,46,0.7796610169491526,59,0.25995731353759766
ordinary_baseline,),47,0.7966101694915254,59,0.2601432800292969
ordinary_baseline,C,48,0.8135593220338984,59,0.24037599563598633
ordinary_baseline,(,49,0.8305084745762712,59,0.21425628662109375
ordinary_baseline,=,50,0.847457627118644,59,0.27750492095947266
ordinary_baseline,O,51,0.864406779661017,59,0.19013071060180664
ordinary_baseline,),52,0.8813559322033898,59,0.18220043182373047
ordinary_baseline,O,53,0.8983050847457628,59,0.07580327987670898
ordinary_baseline,C,54,0.9152542372881356,59,0.07190990447998047
ordinary_baseline,),55,0.9322033898305084,59,0.1197819709777832
ordinary_baseline,c,56,0.9491525423728814,59,0.11585569381713867
ordinary_baseline,c,57,0.9661016949152542,59,0.11585569381713867
ordinary_baseline,1,58,0.9830508474576272,59,0.18094491958618164
ordinary_baseline,[*],0,0.0,54,0.42026185989379883
ordinary_baseline,C,1,0.018518518518518517,54,0.36994028091430664
ordinary_baseline,C,2,0.037037037037037035,54,0.36994028091430664
ordinary_baseline,O,3,0.05555555555555555,54,0.4814119338989258
ordinary_baseline,C,4,0.07407407407407407,54,0.4572415351867676
ordinary_baseline,C,5,0.09259259259259259,54,0.4572415351867676
ordinary_baseline,O,6,0.1111111111111111,54,0.301602840423584
ordinary_baseline,C,7,0.12962962962962962,54,0.2494654655456543
ordinary_baseline,C,8,0.14814814814814814,54,0.2494654655456543
ordinary_baseline,O,9,0.16666666666666666,54,0.19527649879455566
ordinary_baseline,c,10,0.18518518518518517,54,0.19394326210021973
ordinary_baseline,1,11,0.2037037037037037,54,0.34848904609680176
ordinary_baseline,c,12,0.2222222222222222,54,0.645639181137085
ordinary_baseline,c,13,0.24074074074074073,54,0.645639181137085
ordinary_baseline,c,14,0.25925925925925924,54,0.645639181137085
ordinary_baseline,c,15,0.2777777777777778,54,0.645639181137085
ordinary_baseline,(,16,0.2962962962962963,54,0.23473310470581055
ordinary_baseline,N,17,0.3148148148148148,54,0.2823760509490967
ordinary_baseline,C,18,0.3333333333333333,54,0.2525780200958252
ordinary_baseline,(,19,0.35185185185185186,54,0.27958202362060547
ordinary_baseline,=,20,0.37037037037037035,54,0.7251324653625488
ordinary_baseline,O,21,0.3888888888888889,54,0.2211604118347168
ordinary_baseline,),22,0.4074074074074074,54,0.4142014980316162
ordinary_baseline,c,23,0.42592592592592593,54,0.3922407627105713
ordinary_baseline,2,24,0.4444444444444444,54,0.3931279182434082
ordinary_baseline,c,25,0.46296296296296297,54,0.3356595039367676
ordinary_baseline,c,26,0.48148148148148145,54,0.3356595039367676
ordinary_baseline,c,27,0.5,54,0.3356595039367676
ordinary_baseline,c,28,0.5185185185185185,54,0.3356595039367676
ordinary_baseline,(,29,0.5370370370370371,54,0.243882417678833
ordinary_baseline,C,30,0.5555555555555556,54,0.3289973735809326
ordinary_baseline,(,31,0.5740740740740741,54,0.274249792098999
ordinary_baseline,=,32,0.5925925925925926,54,0.3003711700439453
ordinary_baseline,O,33,0.6111111111111112,54,0.3716161251068115
ordinary_baseline,),34,0.6296296296296297,54,0.4123871326446533
ordinary_baseline,N,35,0.6481481481481481,54,0.7092604637145996
ordinary_baseline,c,36,0.6666666666666666,54,0.8583946228027344
ordinary_baseline,3,37,0.6851851851851852,54,0.6928386688232422
ordinary_baseline,c,38,0.7037037037037037,54,0.7372317314147949
ordinary_baseline,c,39,0.7222222222222222,54,0.7372317314147949
ordinary_baseline,c,40,0.7407407407407407,54,0.7372317314147949
ordinary_baseline,c,41,0.7592592592592593,54,0.7372317314147949
ordinary_baseline,(,42,0.7777777777777778,54,0.6088206768035889
ordinary_baseline,O,43,0.7962962962962963,54,0.6865684986114502
ordinary_baseline,[*],44,0.8148148148148148,54,0.5080084800720215
ordinary_baseline,),45,0.8333333333333334,54,0.6874680519104004
ordinary_baseline,c,46,0.8518518518518519,54,0.650305986404419
ordinary_baseline,3,47,0.8703703703703703,54,0.5680022239685059
ordinary_baseline,),48,0.8888888888888888,54,0.27365732192993164
ordinary_baseline,c,49,0.9074074074074074,54,0.382906436920166
ordinary_baseline,2,50,0.9259259259259259,54,0.4735903739929199
ordinary_baseline,),51,0.9444444444444444,54,0.4546689987182617
ordinary_baseline,c,52,0.9629629629629629,54,0.4582676887512207
ordinary_baseline,1,53,0.9814814814814815,54,0.2552986145019531
ordinary_baseline,[*],0,0.0,29,0.11339187622070312
ordinary_baseline,C,1,0.034482758620689655,29,0.22039222717285156
ordinary_baseline,C,2,0.06896551724137931,29,0.22039222717285156
ordinary_baseline,1,3,0.10344827586206896,29,0.08624267578125
ordinary_baseline,C,4,0.13793103448275862,29,0.015117168426513672
ordinary_baseline,C,5,0.1724137931034483,29,0.015117168426513672
ordinary_baseline,C,6,0.20689655172413793,29,0.015117168426513672
ordinary_baseline,(,7,0.2413793103448276,29,0.032746315002441406
ordinary_baseline,C,8,0.27586206896551724,29,0.04867839813232422
ordinary_baseline,O,9,0.3103448275862069,29,0.1116180419921875
ordinary_baseline,C,10,0.3448275862068966,29,0.16687679290771484
ordinary_baseline,(,11,0.3793103448275862,29,0.15312576293945312
ordinary_baseline,=,12,0.41379310344827586,29,0.33046913146972656
ordinary_baseline,O,13,0.4482758620689655,29,0.1682882308959961
ordinary_baseline,),14,0.4827586206896552,29,0.15389537811279297
ordinary_baseline,C,15,0.5172413793103449,29,0.0748586654663086
ordinary_baseline,C,16,0.5517241379310345,29,0.0748586654663086
ordinary_baseline,C,17,0.5862068965517241,29,0.0748586654663086
ordinary_baseline,C,18,0.6206896551724138,29,0.0748586654663086
ordinary_baseline,(,19,0.6551724137931034,29,0.0423431396484375
ordinary_baseline,=,20,0.6896551724137931,29,0.25597476959228516
ordinary_baseline,O,21,0.7241379310344828,29,0.07518577575683594
ordinary_baseline,),22,0.7586206896551724,29,0.01585865020751953
ordinary_baseline,O,23,0.7931034482758621,29,0.03123760223388672
ordinary_baseline,[*],24,0.8275862068965517,29,0.019815444946289062
ordinary_baseline,),25,0.8620689655172413,29,0.08598613739013672
ordinary_baseline,C,26,0.896551724137931,29,0.042830467224121094
ordinary_baseline,C,27,0.9310344827586207,29,0.042830467224121094
ordinary_baseline,1,28,0.9655172413793104,29,0.028746604919433594
ordinary_baseline,[*],0,0.0,32,0.22531986236572266
ordinary_baseline,C,1,0.03125,32,0.21369695663452148
ordinary_baseline,(,2,0.0625,32,0.15014314651489258
ordinary_baseline,C,3,0.09375,32,0.021791934967041016
ordinary_baseline,=,4,0.125,32,0.6376650333404541
ordinary_baseline,C,5,0.15625,32,0.016041994094848633
ordinary_baseline,1,6,0.1875,32,0.39415407180786133
ordinary_baseline,),7,0.21875,32,0.5291950702667236
ordinary_baseline,=,8,0.25,32,0.7207784652709961
ordinary_baseline,C,9,0.28125,32,0.1210782527923584
ordinary_baseline,C,10,0.3125,32,0.1210782527923584
ordinary_baseline,=,11,0.34375,32,0.519805908203125
ordinary_baseline,C,12,0.375,32,0.2266559600830078
ordinary_baseline,1,13,0.40625,32,0.2645745277404785
ordinary_baseline,C,14,0.4375,32,0.34151363372802734
ordinary_baseline,(,15,0.46875,32,0.29869651794433594
ordinary_baseline,=,16,0.5,32,0.9645295143127441
ordinary_baseline,S,17,0.53125,32,0.8072443008422852
ordinary_baseline,),18,0.5625,32,0.19746780395507812
ordinary_baseline,C,19,0.59375,32,0.25527000427246094
ordinary_baseline,(,20,0.625,32,0.06258606910705566
ordinary_baseline,S,21,0.65625,32,0.6202483177185059
ordinary_baseline,2,22,0.6875,32,0.5960140228271484
ordinary_baseline,),23,0.71875,32,0.33960676193237305
ordinary_baseline,=,24,0.75,32,0.8029332160949707
ordinary_baseline,C,25,0.78125,32,0.1060342788696289
ordinary_baseline,C,26,0.8125,32,0.1060342788696289
ordinary_baseline,=,27,0.84375,32,0.2862410545349121
ordinary_baseline,C,28,0.875,32,0.14202499389648438
ordinary_baseline,2,29,0.90625,32,0.05203986167907715
ordinary_baseline,O,30,0.9375,32,0.2365279197692871
ordinary_baseline,[*],31,0.96875,32,0.17686128616333008
ordinary_baseline,[*],0,0.0,66,0.3956303596496582
ordinary_baseline,C,1,0.015151515151515152,66,0.3698253631591797
ordinary_baseline,(,2,0.030303030303030304,66,0.414492130279541
ordinary_baseline,=,3,0.045454545454545456,66,0.060384273529052734
ordinary_baseline,O,4,0.06060606060606061,66,0.0559697151184082
ordinary_baseline,),5,0.07575757575757576,66,0.04632568359375
ordinary_baseline,N,6,0.09090909090909091,66,0.07779264450073242
ordinary_baseline,c,7,0.10606060606060606,66,0.10188102722167969
ordinary_baseline,1,8,0.12121212121212122,66,0.03780102729797363
ordinary_baseline,c,9,0.13636363636363635,66,0.03106546401977539
ordinary_baseline,c,10,0.15151515151515152,66,0.03106546401977539
ordinary_baseline,c,11,0.16666666666666666,66,0.03106546401977539
ordinary_baseline,c,12,0.18181818181818182,66,0.03106546401977539
ordinary_baseline,(,13,0.19696969696969696,66,0.02367234230041504
ordinary_baseline,N,14,0.21212121212121213,66,0.0008029937744140625
ordinary_baseline,C,15,0.22727272727272727,66,0.023705482482910156
ordinary_baseline,(,16,0.24242424242424243,66,0.0005769729614257812
ordinary_baseline,=,17,0.25757575757575757,66,0.16544580459594727
ordinary_baseline,O,18,0.2727272727272727,66,0.2306833267211914
ordinary_baseline,),19,0.2878787878787879,66,0.15526914596557617
ordinary_baseline,c,20,0.30303030303030304,66,0.1699681282043457
ordinary_baseline,2,21,0.3181818181818182,66,0.1282052993774414
ordinary_baseline,c,22,0.3333333333333333,66,0.13276433944702148
ordinary_baseline,c,23,0.3484848484848485,66,0.13276433944702148
ordinary_baseline,c,24,0.36363636363636365,66,0.13276433944702148
ordinary_baseline,3,25,0.3787878787878788,66,0.10805225372314453
ordinary_baseline,[nH],26,0.3939393939393939,66,0.10661745071411133
ordinary_baseline,c,27,0.4090909090909091,66,0.15890836715698242
ordinary_baseline,(,28,0.42424242424242425,66,0.2342057228088379
ordinary_baseline,-,29,0.4393939393939394,66,0.22667503356933594
ordinary_baseline,c,30,0.45454545454545453,66,0.19869112968444824
ordinary_baseline,4,31,0.4696969696969697,66,0.10988664627075195
ordinary_baseline,c,32,0.48484848484848486,66,0.12021231651306152
ordinary_baseline,c,33,0.5,66,0.12021231651306152
ordinary_baseline,c,34,0.5151515151515151,66,0.12021231651306152
ordinary_baseline,c,35,0.5303030303030303,66,0.12021231651306152
ordinary_baseline,(,36,0.5454545454545454,66,0.12315821647644043
ordinary_baseline,-,37,0.5606060606060606,66,0.10400915145874023
ordinary_baseline,c,38,0.5757575757575758,66,0.05852651596069336
ordinary_baseline,5,39,0.5909090909090909,66,0.05725908279418945
ordinary_baseline,n,40,0.6060606060606061,66,0.04034233093261719
ordinary_baseline,c,41,0.6212121212121212,66,0.02836322784423828
ordinary_baseline,6,42,0.6363636363636364,66,0.00080108642578125
ordinary_baseline,c,43,0.6515151515151515,66,0.034974098205566406
ordinary_baseline,c,44,0.6666666666666666,66,0.034974098205566406
ordinary_baseline,(,45,0.6818181818181818,66,0.038927555084228516
ordinary_baseline,[*],46,0.696969696969697,66,0.02766251564025879
ordinary_baseline,),47,0.7121212121212122,66,0.0031147003173828125
ordinary_baseline,c,48,0.7272727272727273,66,0.048279762268066406
ordinary_baseline,c,49,0.7424242424242424,66,0.048279762268066406
ordinary_baseline,c,50,0.7575757575757576,66,0.048279762268066406
ordinary_baseline,6,51,0.7727272727272727,66,0.0579524040222168
ordinary_baseline,[nH],52,0.7878787878787878,66,0.07994794845581055
ordinary_baseline,5,53,0.803030303030303,66,0.023573637008666992
ordinary_baseline,),54,0.8181818181818182,66,0.046163320541381836
ordinary_baseline,c,55,0.8333333333333334,66,0.06974315643310547
ordinary_baseline,4,56,0.8484848484848485,66,0.02960824966430664
ordinary_baseline,),57,0.8636363636363636,66,0.10791659355163574
ordinary_baseline,n,58,0.8787878787878788,66,0.13919830322265625
ordinary_baseline,c,59,0.8939393939393939,66,0.07653236389160156
ordinary_baseline,3,60,0.9090909090909091,66,0.11095714569091797
ordinary_baseline,c,61,0.9242424242424242,66,0.18147659301757812
ordinary_baseline,2,62,0.9393939393939394,66,0.1876211166381836
ordinary_baseline,),63,0.9545454545454546,66,0.13563776016235352
ordinary_baseline,n,64,0.9696969696969697,66,0.11249017715454102
ordinary_baseline,1,65,0.9848484848484849,66,0.025478363037109375
ordinary_baseline,[*],0,0.0,36,0.19284963607788086
ordinary_baseline,O,1,0.027777777777777776,36,0.28058338165283203
ordinary_baseline,c,2,0.05555555555555555,36,0.45068788528442383
ordinary_baseline,1,3,0.08333333333333333,36,0.4934730529785156
ordinary_baseline,c,4,0.1111111111111111,36,0.5372638702392578
ordinary_baseline,(,5,0.1388888888888889,36,0.43592357635498047
ordinary_baseline,Cl,6,0.16666666666666666,36,0.38963937759399414
ordinary_baseline,),7,0.19444444444444445,36,0.45142126083374023
ordinary_baseline,c,8,0.2222222222222222,36,0.537043571472168
ordinary_baseline,c,9,0.25,36,0.537043571472168
ordinary_baseline,(,10,0.2777777777777778,36,0.5174717903137207
ordinary_baseline,N,11,0.3055555555555556,36,0.6047096252441406
ordinary_baseline,C,12,0.3333333333333333,36,0.6621594429016113
ordinary_baseline,(,13,0.3611111111111111,36,0.6904950141906738
ordinary_baseline,=,14,0.3888888888888889,36,0.7035799026489258
ordinary_baseline,O,15,0.4166666666666667,36,0.41915464401245117
ordinary_baseline,),16,0.4444444444444444,36,0.5126748085021973
ordinary_baseline,N,17,0.4722222222222222,36,0.5306634902954102
ordinary_baseline,C,18,0.5,36,0.4807004928588867
ordinary_baseline,C,19,0.5277777777777778,36,0.4807004928588867
ordinary_baseline,C,20,0.5555555555555556,36,0.4807004928588867
ordinary_baseline,C,21,0.5833333333333334,36,0.4807004928588867
ordinary_baseline,C,22,0.6111111111111112,36,0.4807004928588867
ordinary_baseline,C,23,0.6388888888888888,36,0.4807004928588867
ordinary_baseline,N,24,0.6666666666666666,36,0.510169506072998
ordinary_baseline,C,25,0.6944444444444444,36,0.4251418113708496
ordinary_baseline,(,26,0.7222222222222222,36,0.4510006904602051
ordinary_baseline,[*],27,0.75,36,0.4485445022583008
ordinary_baseline,),28,0.7777777777777778,36,0.4312419891357422
ordinary_baseline,=,29,0.8055555555555556,36,0.46518993377685547
ordinary_baseline,O,30,0.8333333333333334,36,0.06362724304199219
ordinary_baseline,),31,0.8611111111111112,36,0.24544239044189453
ordinary_baseline,c,32,0.8888888888888888,36,0.36168861389160156
ordinary_baseline,c,33,0.9166666666666666,36,0.36168861389160156
ordinary_baseline,1,34,0.9444444444444444,36,0.4713401794433594
ordinary_baseline,Cl,35,0.9722222222222222,36,0.3460545539855957
ordinary_baseline,[*],0,0.0,38,0.4462575912475586
ordinary_baseline,C,1,0.02631578947368421,38,0.6511693000793457
ordinary_baseline,C,2,0.05263157894736842,38,0.6511693000793457
ordinary_baseline,C,3,0.07894736842105263,38,0.6511693000793457
ordinary_baseline,O,4,0.10526315789473684,38,0.5927557945251465
ordinary_baseline,C,5,0.13157894736842105,38,0.7020416259765625
ordinary_baseline,(,6,0.15789473684210525,38,0.6644024848937988
ordinary_baseline,=,7,0.18421052631578946,38,0.43810129165649414
ordinary_baseline,O,8,0.21052631578947367,38,0.5498442649841309
ordinary_baseline,),9,0.23684210526315788,38,0.38153886795043945
ordinary_baseline,c,10,0.2631578947368421,38,0.3896217346191406
ordinary_baseline,1,11,0.2894736842105263,38,0.37519073486328125
ordinary_baseline,c,12,0.3157894736842105,38,0.1949911117553711
ordinary_baseline,c,13,0.34210526315789475,38,0.1949911117553711
ordinary_baseline,c,14,0.3684210526315789,38,0.1949911117553711
ordinary_baseline,c,15,0.39473684210526316,38,0.1949911117553711
ordinary_baseline,(,16,0.42105263157894735,38,0.11601400375366211
ordinary_baseline,-,17,0.4473684210526316,38,0.018483638763427734
ordinary_baseline,c,18,0.47368421052631576,38,0.2202777862548828
ordinary_baseline,2,19,0.5,38,0.13498544692993164
ordinary_baseline,c,20,0.5263157894736842,38,0.11376142501831055
ordinary_baseline,c,21,0.5526315789473685,38,0.11376142501831055
ordinary_baseline,c,22,0.5789473684210527,38,0.11376142501831055
ordinary_baseline,c,23,0.6052631578947368,38,0.11376142501831055
ordinary_baseline,(,24,0.631578947368421,38,0.07490110397338867
ordinary_baseline,C,25,0.6578947368421053,38,0.01976633071899414
ordinary_baseline,(,26,0.6842105263157895,38,0.0016427040100097656
ordinary_baseline,=,27,0.7105263157894737,38,0.1847062110900879
ordinary_baseline,O,28,0.7368421052631579,38,0.2395343780517578
ordinary_baseline,),29,0.7631578947368421,38,0.0558009147644043
ordinary_baseline,O,30,0.7894736842105263,38,0.2114577293395996
ordinary_baseline,[*],31,0.8157894736842105,38,0.07633161544799805
ordinary_baseline,),32,0.8421052631578947,38,0.10758495330810547
ordinary_baseline,c,33,0.868421052631579,38,0.18743467330932617
ordinary_baseline,2,34,0.8947368421052632,38,0.29462671279907227
ordinary_baseline,),35,0.9210526315789473,38,0.039762020111083984
ordinary_baseline,c,36,0.9473684210526315,38,0.08002901077270508
ordinary_baseline,1,37,0.9736842105263158,38,0.031640052795410156
ordinary_baseline,[*],0,0.0,20,2.323615074157715
ordinary_baseline,C,1,0.05,20,2.3913488388061523
ordinary_baseline,=,2,0.1,20,4.089692115783691
ordinary_baseline,C,3,0.15,20,0.5306529998779297
ordinary_baseline,(,4,0.2,20,0.4456026554107666
ordinary_baseline,[*],5,0.25,20,0.4752357006072998
ordinary_baseline,),6,0.3,20,0.44789743423461914
ordinary_baseline,c,7,0.35,20,0.3957860469818115
ordinary_baseline,1,8,0.4,20,0.472320556640625
ordinary_baseline,c,9,0.45,20,0.2505159378051758
ordinary_baseline,c,10,0.5,20,0.2505159378051758
ordinary_baseline,c,11,0.55,20,0.2505159378051758
ordinary_baseline,c,12,0.6,20,0.2505159378051758
ordinary_baseline,(,13,0.65,20,0.06926631927490234
ordinary_baseline,C,14,0.7,20,0.1851029396057129
ordinary_baseline,#,15,0.75,20,0.22197389602661133
ordinary_baseline,C,16,0.8,20,0.30222511291503906
ordinary_baseline,),17,0.85,20,0.21274232864379883
ordinary_baseline,c,18,0.9,20,0.522303581237793
ordinary_baseline,1,19,0.95,20,0.09412002563476562
ordinary_baseline,[*],0,0.0,47,0.1113123893737793
ordinary_baseline,C,1,0.02127659574468085,47,0.12861394882202148
ordinary_baseline,C,2,0.0425531914893617,47,0.12861394882202148
ordinary_baseline,C,3,0.06382978723404255,47,0.12861394882202148
ordinary_baseline,C,4,0.0851063829787234,47,0.12861394882202148
ordinary_baseline,C,5,0.10638297872340426,47,0.12861394882202148
ordinary_baseline,C,6,0.1276595744680851,47,0.12861394882202148
ordinary_baseline,C,7,0.14893617021276595,47,0.12861394882202148
ordinary_baseline,C,8,0.1702127659574468,47,0.12861394882202148
ordinary_baseline,C,9,0.19148936170212766,47,0.12861394882202148
ordinary_baseline,C,10,0.2127659574468085,47,0.12861394882202148
ordinary_baseline,O,11,0.23404255319148937,47,0.1609025001525879
ordinary_baseline,C,12,0.2553191489361702,47,0.15871381759643555
ordinary_baseline,(,13,0.2765957446808511,47,0.30744314193725586
ordinary_baseline,=,14,0.2978723404255319,47,0.1865558624267578
ordinary_baseline,O,15,0.3191489361702128,47,0.4687209129333496
ordinary_baseline,),16,0.3404255319148936,47,0.4988400936126709
ordinary_baseline,c,17,0.3617021276595745,47,0.46042728424072266
ordinary_baseline,1,18,0.3829787234042553,47,0.2813282012939453
ordinary_baseline,c,19,0.40425531914893614,47,0.3148660659790039
ordinary_baseline,c,20,0.425531914893617,47,0.3148660659790039
ordinary_baseline,c,21,0.44680851063829785,47,0.3148660659790039
ordinary_baseline,(,22,0.46808510638297873,47,0.37573742866516113
ordinary_baseline,C,23,0.48936170212765956,47,0.09580183029174805
ordinary_baseline,=,24,0.5106382978723404,47,0.06365776062011719
ordinary_baseline,C,25,0.5319148936170213,47,0.1971743106842041
ordinary_baseline,c,26,0.5531914893617021,47,0.19594573974609375
ordinary_baseline,2,27,0.574468085106383,47,0.1231989860534668
ordinary_baseline,c,28,0.5957446808510638,47,0.13960695266723633
ordinary_baseline,c,29,0.6170212765957447,47,0.13960695266723633
ordinary_baseline,c,30,0.6382978723404256,47,0.13960695266723633
ordinary_baseline,(,31,0.6595744680851063,47,0.20184040069580078
ordinary_baseline,C,32,0.6808510638297872,47,0.1587357521057129
ordinary_baseline,(,33,0.7021276595744681,47,0.21975183486938477
ordinary_baseline,=,34,0.723404255319149,47,0.03353595733642578
ordinary_baseline,O,35,0.7446808510638298,47,0.32867980003356934
ordinary_baseline,),36,0.7659574468085106,47,0.20790672302246094
ordinary_baseline,O,37,0.7872340425531915,47,0.05501747131347656
ordinary_baseline,[*],38,0.8085106382978723,47,0.030255794525146484
ordinary_baseline,),39,0.8297872340425532,47,0.029308319091796875
ordinary_baseline,c,40,0.851063829787234,47,0.10684490203857422
ordinary_baseline,c,41,0.8723404255319149,47,0.10684490203857422
ordinary_baseline,2,42,0.8936170212765957,47,0.18716859817504883
ordinary_baseline,),43,0.9148936170212766,47,0.10988903045654297
ordinary_baseline,c,44,0.9361702127659575,47,0.05122852325439453
ordinary_baseline,c,45,0.9574468085106383,47,0.05122852325439453
ordinary_baseline,1,46,0.9787234042553191,47,0.05134010314941406
ordinary_baseline,[*],0,0.0,71,0.0066585540771484375
ordinary_baseline,c,1,0.014084507042253521,71,0.00742650032043457
ordinary_baseline,1,2,0.028169014084507043,71,0.010012388229370117
ordinary_baseline,c,3,0.04225352112676056,71,0.0873725414276123
ordinary_baseline,c,4,0.056338028169014086,71,0.0873725414276123
ordinary_baseline,c,5,0.07042253521126761,71,0.0873725414276123
ordinary_baseline,c,6,0.08450704225352113,71,0.0873725414276123
ordinary_baseline,(,7,0.09859154929577464,71,0.10519099235534668
ordinary_baseline,N,8,0.11267605633802817,71,0.06036806106567383
ordinary_baseline,2,9,0.1267605633802817,71,0.019263505935668945
ordinary_baseline,C,10,0.14084507042253522,71,0.023925304412841797
ordinary_baseline,(,11,0.15492957746478872,71,0.1777973175048828
ordinary_baseline,=,12,0.16901408450704225,71,0.0373234748840332
ordinary_baseline,O,13,0.18309859154929578,71,0.01678466796875
ordinary_baseline,),14,0.19718309859154928,71,0.0003552436828613281
ordinary_baseline,c,15,0.2112676056338028,71,0.02496480941772461
ordinary_baseline,3,16,0.22535211267605634,71,0.21317124366760254
ordinary_baseline,c,17,0.23943661971830985,71,0.10016512870788574
ordinary_baseline,c,18,0.2535211267605634,71,0.10016512870788574
ordinary_baseline,c,19,0.2676056338028169,71,0.10016512870788574
ordinary_baseline,(,20,0.28169014084507044,71,0.12160587310791016
ordinary_baseline,P,21,0.29577464788732394,71,0.17611217498779297
ordinary_baseline,(,22,0.30985915492957744,71,0.12352561950683594
ordinary_baseline,=,23,0.323943661971831,71,0.059458017349243164
ordinary_baseline,O,24,0.3380281690140845,71,0.09551668167114258
ordinary_baseline,),25,0.352112676056338,71,0.07198715209960938
ordinary_baseline,(,26,0.36619718309859156,71,0.08350753784179688
ordinary_baseline,c,27,0.38028169014084506,71,0.0721433162689209
ordinary_baseline,4,28,0.39436619718309857,71,0.011093378067016602
ordinary_baseline,c,29,0.4084507042253521,71,0.05672860145568848
ordinary_baseline,c,30,0.4225352112676056,71,0.05672860145568848
ordinary_baseline,c,31,0.43661971830985913,71,0.05672860145568848
ordinary_baseline,c,32,0.4507042253521127,71,0.05672860145568848
ordinary_baseline,c,33,0.4647887323943662,71,0.05672860145568848
ordinary_baseline,4,34,0.4788732394366197,71,0.012215614318847656
ordinary_baseline,),35,0.49295774647887325,71,0.10605192184448242
ordinary_baseline,c,36,0.5070422535211268,71,0.06720209121704102
ordinary_baseline,4,37,0.5211267605633803,71,0.040264129638671875
ordinary_baseline,c,38,0.5352112676056338,71,0.10807466506958008
ordinary_baseline,c,39,0.5492957746478874,71,0.10807466506958008
ordinary_baseline,c,40,0.5633802816901409,71,0.10807466506958008
ordinary_baseline,5,41,0.5774647887323944,71,0.15827035903930664
ordinary_baseline,c,42,0.5915492957746479,71,0.21558022499084473
ordinary_baseline,(,43,0.6056338028169014,71,0.18992280960083008
ordinary_baseline,c,44,0.6197183098591549,71,0.09811186790466309
ordinary_baseline,4,45,0.6338028169014085,71,0.04223990440368652
ordinary_baseline,),46,0.647887323943662,71,0.01056051254272461
ordinary_baseline,C,47,0.6619718309859155,71,0.011807918548583984
ordinary_baseline,(,48,0.676056338028169,71,0.024060487747192383
ordinary_baseline,=,49,0.6901408450704225,71,0.0755608081817627
ordinary_baseline,O,50,0.704225352112676,71,0.020254135131835938
ordinary_baseline,),51,0.7183098591549296,71,0.07767653465270996
ordinary_baseline,N,52,0.7323943661971831,71,0.0523836612701416
ordinary_baseline,(,53,0.7464788732394366,71,0.08628487586975098
ordinary_baseline,[*],54,0.7605633802816901,71,0.007353544235229492
ordinary_baseline,),55,0.7746478873239436,71,0.09773969650268555
ordinary_baseline,C,56,0.7887323943661971,71,0.09306693077087402
ordinary_baseline,5,57,0.8028169014084507,71,0.402538537979126
ordinary_baseline,=,58,0.8169014084507042,71,0.4255869388580322
ordinary_baseline,O,59,0.8309859154929577,71,0.0034646987915039062
ordinary_baseline,),60,0.8450704225352113,71,0.09867286682128906
ordinary_baseline,c,61,0.8591549295774648,71,0.1362929344177246
ordinary_baseline,c,62,0.8732394366197183,71,0.1362929344177246
ordinary_baseline,3,63,0.8873239436619719,71,0.408618688583374
ordinary_baseline,C,64,0.9014084507042254,71,0.07058453559875488
ordinary_baseline,2,65,0.9154929577464789,71,0.1073157787322998
ordinary_baseline,=,66,0.9295774647887324,71,0.0018117427825927734
ordinary_baseline,O,67,0.9436619718309859,71,0.11464762687683105
ordinary_baseline,),68,0.9577464788732394,71,0.11308002471923828
ordinary_baseline,c,69,0.971830985915493,71,0.03540158271789551
ordinary_baseline,1,70,0.9859154929577465,71,0.04137706756591797
ordinary_baseline,[*],0,0.0,22,1.0794432163238525
ordinary_baseline,c,1,0.045454545454545456,22,1.1565160751342773
ordinary_baseline,1,2,0.09090909090909091,22,1.2859745025634766
ordinary_baseline,c,3,0.13636363636363635,22,1.4152493476867676
ordinary_baseline,c,4,0.18181818181818182,22,1.4152493476867676
ordinary_baseline,c,5,0.22727272727272727,22,1.4152493476867676
ordinary_baseline,c,6,0.2727272727272727,22,1.4152493476867676
ordinary_baseline,(,7,0.3181818181818182,22,1.3287534713745117
ordinary_baseline,-,8,0.36363636363636365,22,1.5504350662231445
ordinary_baseline,c,9,0.4090909090909091,22,1.0826973915100098
ordinary_baseline,2,10,0.45454545454545453,22,0.9526395797729492
ordinary_baseline,n,11,0.5,22,0.9383010864257812
ordinary_baseline,n,12,0.5454545454545454,22,0.9383010864257812
ordinary_baseline,c,13,0.5909090909090909,22,0.8467545509338379
ordinary_baseline,(,14,0.6363636363636364,22,0.8080463409423828
ordinary_baseline,[*],15,0.6818181818181818,22,0.7775888442993164
ordinary_baseline,),16,0.7272727272727273,22,0.6873650550842285
ordinary_baseline,o,17,0.7727272727272727,22,0.6307711601257324
ordinary_baseline,2,18,0.8181818181818182,22,0.047319889068603516
ordinary_baseline,),19,0.8636363636363636,22,0.13287782669067383
ordinary_baseline,c,20,0.9090909090909091,22,0.04987525939941406
ordinary_baseline,1,21,0.9545454545454546,22,0.01250314712524414
ordinary_baseline,[*],0,0.0,39,0.11045360565185547
ordinary_baseline,C,1,0.02564102564102564,39,0.14772462844848633
ordinary_baseline,C,2,0.05128205128205128,39,0.14772462844848633
ordinary_baseline,C,3,0.07692307692307693,39,0.14772462844848633
ordinary_baseline,C,4,0.10256410256410256,39,0.14772462844848633
ordinary_baseline,C,5,0.1282051282051282,39,0.14772462844848633
ordinary_baseline,C,6,0.15384615384615385,39,0.14772462844848633
ordinary_baseline,C,7,0.1794871794871795,39,0.14772462844848633
ordinary_baseline,N,8,0.20512820512820512,39,0.061826229095458984
ordinary_baseline,C,9,0.23076923076923078,39,0.2680807113647461
ordinary_baseline,(,10,0.2564102564102564,39,0.3010687828063965
ordinary_baseline,=,11,0.28205128205128205,39,0.13983964920043945
ordinary_baseline,O,12,0.3076923076923077,39,0.2895355224609375
ordinary_baseline,),13,0.3333333333333333,39,0.22554302215576172
ordinary_baseline,C,14,0.358974358974359,39,0.22795581817626953
ordinary_baseline,C,15,0.38461538461538464,39,0.22795581817626953
ordinary_baseline,C,16,0.41025641025641024,39,0.22795581817626953
ordinary_baseline,C,17,0.4358974358974359,39,0.22795581817626953
ordinary_baseline,C,18,0.46153846153846156,39,0.22795581817626953
ordinary_baseline,C,19,0.48717948717948717,39,0.22795581817626953
ordinary_baseline,C,20,0.5128205128205128,39,0.22795581817626953
ordinary_baseline,C,21,0.5384615384615384,39,0.22795581817626953
ordinary_baseline,C,22,0.5641025641025641,39,0.22795581817626953
ordinary_baseline,C,23,0.5897435897435898,39,0.22795581817626953
ordinary_baseline,C,24,0.6153846153846154,39,0.22795581817626953
ordinary_baseline,C,25,0.6410256410256411,39,0.22795581817626953
ordinary_baseline,C,26,0.6666666666666666,39,0.22795581817626953
ordinary_baseline,C,27,0.6923076923076923,39,0.22795581817626953
ordinary_baseline,C,28,0.717948717948718,39,0.22795581817626953
ordinary_baseline,C,29,0.7435897435897436,39,0.22795581817626953
ordinary_baseline,C,30,0.7692307692307693,39,0.22795581817626953
ordinary_baseline,C,31,0.7948717948717948,39,0.22795581817626953
ordinary_baseline,C,32,0.8205128205128205,39,0.22795581817626953
ordinary_baseline,(,33,0.8461538461538461,39,0.27236413955688477
ordinary_baseline,=,34,0.8717948717948718,39,0.2627253532409668
ordinary_baseline,O,35,0.8974358974358975,39,0.3142991065979004
ordinary_baseline,),36,0.9230769230769231,39,0.05210399627685547
ordinary_baseline,N,37,0.9487179487179487,39,0.010428428649902344
ordinary_baseline,[*],38,0.9743589743589743,39,0.0419921875
ordinary_baseline,[*],0,0.0,23,0.5735483169555664
ordinary_baseline,C,1,0.043478260869565216,23,0.26727914810180664
ordinary_baseline,C,2,0.08695652173913043,23,0.26727914810180664
ordinary_baseline,(,3,0.13043478260869565,23,0.21219968795776367
ordinary_baseline,O,4,0.17391304347826086,23,0.8076386451721191
ordinary_baseline,[*],5,0.21739130434782608,23,0.281280517578125
ordinary_baseline,),6,0.2608695652173913,23,0.4085969924926758
ordinary_baseline,C,7,0.30434782608695654,23,0.25844430923461914
ordinary_baseline,1,8,0.34782608695652173,23,0.16533946990966797
ordinary_baseline,C,9,0.391304347826087,23,0.008839130401611328
ordinary_baseline,C,10,0.43478260869565216,23,0.008839130401611328
ordinary_baseline,(,11,0.4782608695652174,23,0.0921010971069336
ordinary_baseline,F,12,0.5217391304347826,23,0.1427297592163086
ordinary_baseline,),13,0.5652173913043478,23,0.16734743118286133
ordinary_baseline,(,14,0.6086956521739131,23,0.2070622444152832
ordinary_baseline,F,15,0.6521739130434783,23,0.23111867904663086
ordinary_baseline,),16,0.6956521739130435,23,0.30396270751953125
ordinary_baseline,C,17,0.7391304347826086,23,0.22189617156982422
ordinary_baseline,1,18,0.782608695652174,23,0.18303298950195312
ordinary_baseline,(,19,0.8260869565217391,23,0.010897636413574219
ordinary_baseline,F,20,0.8695652173913043,23,0.09102439880371094
ordinary_baseline,),21,0.9130434782608695,23,0.0814065933227539
ordinary_baseline,F,22,0.9565217391304348,23,0.12518787384033203
ordinary_baseline,[*],0,0.0,71,0.8533437252044678
ordinary_baseline,c,1,0.014084507042253521,71,0.8860180377960205
ordinary_baseline,1,2,0.028169014084507043,71,0.7484238147735596
ordinary_baseline,c,3,0.04225352112676056,71,0.7785403728485107
ordinary_baseline,c,4,0.056338028169014086,71,0.7785403728485107
ordinary_baseline,c,5,0.07042253521126761,71,0.7785403728485107
ordinary_baseline,(,6,0.08450704225352113,71,0.7722005844116211
ordinary_baseline,N,7,0.09859154929577464,71,0.73555588722229
ordinary_baseline,2,8,0.11267605633802817,71,0.7122054100036621
ordinary_baseline,C,9,0.1267605633802817,71,0.6794688701629639
ordinary_baseline,(,10,0.14084507042253522,71,0.621448278427124
ordinary_baseline,=,11,0.15492957746478872,71,0.9026122093200684
ordinary_baseline,O,12,0.16901408450704225,71,0.61618971824646
ordinary_baseline,),13,0.18309859154929578,71,0.6802875995635986
ordinary_baseline,c,14,0.19718309859154928,71,0.6487491130828857
ordinary_baseline,3,15,0.2112676056338028,71,0.7561819553375244
ordinary_baseline,c,16,0.22535211267605634,71,0.8655045032501221
ordinary_baseline,c,17,0.23943661971830985,71,0.8655045032501221
ordinary_baseline,c,18,0.2535211267605634,71,0.8655045032501221
ordinary_baseline,(,19,0.2676056338028169,71,0.8891575336456299
ordinary_baseline,P,20,0.28169014084507044,71,0.8230686187744141
ordinary_baseline,(,21,0.29577464788732394,71,0.8974535465240479
ordinary_baseline,=,22,0.30985915492957744,71,1.1836583614349365
ordinary_baseline,O,23,0.323943661971831,71,0.9565818309783936
ordinary_baseline,),24,0.3380281690140845,71,0.9769184589385986
ordinary_baseline,(,25,0.352112676056338,71,0.9467442035675049
ordinary_baseline,c,26,0.36619718309859156,71,0.9015679359436035
ordinary_baseline,4,27,0.38028169014084506,71,1.017709732055664
ordinary_baseline,c,28,0.39436619718309857,71,0.8957085609436035
ordinary_baseline,c,29,0.4084507042253521,71,0.8957085609436035
ordinary_baseline,c,30,0.4225352112676056,71,0.8957085609436035
ordinary_baseline,c,31,0.43661971830985913,71,0.8957085609436035
ordinary_baseline,c,32,0.4507042253521127,71,0.8957085609436035
ordinary_baseline,4,33,0.4647887323943662,71,0.9509580135345459
ordinary_baseline,),34,0.4788732394366197,71,0.9179041385650635
ordinary_baseline,c,35,0.49295774647887325,71,0.8890783786773682
ordinary_baseline,4,36,0.5070422535211268,71,0.8831627368927002
ordinary_baseline,c,37,0.5211267605633803,71,0.9367702007293701
ordinary_baseline,c,38,0.5352112676056338,71,0.9367702007293701
ordinary_baseline,c,39,0.5492957746478874,71,0.9367702007293701
ordinary_baseline,5,40,0.5633802816901409,71,0.8365967273712158
ordinary_baseline,c,41,0.5774647887323944,71,0.8613269329071045
ordinary_baseline,(,42,0.5915492957746479,71,0.8023364543914795
ordinary_baseline,c,43,0.6056338028169014,71,0.7639644145965576
ordinary_baseline,4,44,0.6197183098591549,71,0.786649227142334
ordinary_baseline,),45,0.6338028169014085,71,0.6873733997344971
ordinary_baseline,C,46,0.647887323943662,71,0.4940369129180908
ordinary_baseline,(,47,0.6619718309859155,71,0.6490535736083984
ordinary_baseline,=,48,0.676056338028169,71,0.7416408061981201
ordinary_baseline,O,49,0.6901408450704225,71,0.29292726516723633
ordinary_baseline,),50,0.704225352112676,71,0.3111555576324463
ordinary_baseline,N,51,0.7183098591549296,71,0.29549479484558105
ordinary_baseline,(,52,0.7323943661971831,71,0.2806661128997803
ordinary_baseline,[*],53,0.7464788732394366,71,0.21742510795593262
ordinary_baseline,),54,0.7605633802816901,71,0.3066222667694092
ordinary_baseline,C,55,0.7746478873239436,71,0.2598750591278076
ordinary_baseline,5,56,0.7887323943661971,71,0.24760675430297852
ordinary_baseline,=,57,0.8028169014084507,71,0.28801703453063965
ordinary_baseline,O,58,0.8169014084507042,71,0.07027626037597656
ordinary_baseline,),59,0.8309859154929577,71,0.10545730590820312
ordinary_baseline,c,60,0.8450704225352113,71,0.2234804630279541
ordinary_baseline,c,61,0.8591549295774648,71,0.2234804630279541
ordinary_baseline,3,62,0.8732394366197183,71,0.1117851734161377
ordinary_baseline,C,63,0.8873239436619719,71,0.1467893123626709
ordinary_baseline,2,64,0.9014084507042254,71,0.025891780853271484
ordinary_baseline,=,65,0.9154929577464789,71,0.10575675964355469
ordinary_baseline,O,66,0.9295774647887324,71,0.01999497413635254
ordinary_baseline,),67,0.9436619718309859,71,0.01687335968017578
ordinary_baseline,c,68,0.9577464788732394,71,0.00801396369934082
ordinary_baseline,c,69,0.971830985915493,71,0.00801396369934082
ordinary_baseline,1,70,0.9859154929577465,71,0.044217586517333984
ordinary_baseline,[*],0,0.0,36,0.07352733612060547
ordinary_baseline,C,1,0.027777777777777776,36,0.03142261505126953
ordinary_baseline,C,2,0.05555555555555555,36,0.03142261505126953
ordinary_baseline,1,3,0.08333333333333333,36,0.0008029937744140625
ordinary_baseline,C,4,0.1111111111111111,36,0.039671897888183594
ordinary_baseline,C,5,0.1388888888888889,36,0.039671897888183594
ordinary_baseline,C,6,0.16666666666666666,36,0.039671897888183594
ordinary_baseline,C,7,0.19444444444444445,36,0.039671897888183594
ordinary_baseline,(,8,0.2222222222222222,36,0.0006117820739746094
ordinary_baseline,C,9,0.25,36,0.01856088638305664
ordinary_baseline,N,10,0.2777777777777778,36,0.07726097106933594
ordinary_baseline,C,11,0.3055555555555556,36,0.1541581153869629
ordinary_baseline,(,12,0.3333333333333333,36,0.12147855758666992
ordinary_baseline,=,13,0.3611111111111111,36,0.21648025512695312
ordinary_baseline,O,14,0.3888888888888889,36,0.04224872589111328
ordinary_baseline,),15,0.4166666666666667,36,0.14196014404296875
ordinary_baseline,C,16,0.4444444444444444,36,0.14197635650634766
ordinary_baseline,C,17,0.4722222222222222,36,0.14197635650634766
ordinary_baseline,C,18,0.5,36,0.14197635650634766
ordinary_baseline,C,19,0.5277777777777778,36,0.14197635650634766
ordinary_baseline,C,20,0.5555555555555556,36,0.14197635650634766
ordinary_baseline,C,21,0.5833333333333334,36,0.14197635650634766
ordinary_baseline,C,22,0.6111111111111112,36,0.14197635650634766
ordinary_baseline,C,23,0.6388888888888888,36,0.14197635650634766
ordinary_baseline,C,24,0.6666666666666666,36,0.14197635650634766
ordinary_baseline,C,25,0.6944444444444444,36,0.14197635650634766
ordinary_baseline,C,26,0.7222222222222222,36,0.14197635650634766
ordinary_baseline,(,27,0.75,36,0.12268400192260742
ordinary_baseline,=,28,0.7777777777777778,36,0.3023862838745117
ordinary_baseline,O,29,0.8055555555555556,36,0.029001235961914062
ordinary_baseline,),30,0.8333333333333334,36,0.0940861701965332
ordinary_baseline,N,31,0.8611111111111112,36,0.18614864349365234
ordinary_baseline,[*],32,0.8888888888888888,36,0.0707998275756836
ordinary_baseline,),33,0.9166666666666666,36,0.012214183807373047
ordinary_baseline,C,34,0.9444444444444444,36,0.014702796936035156
ordinary_baseline,1,35,0.9722222222222222,36,0.004399299621582031
ordinary_baseline,[*],0,0.0,36,1.4025187492370605
ordinary_baseline,C,1,0.027777777777777776,36,1.4476771354675293
ordinary_baseline,c,2,0.05555555555555555,36,0.9113717079162598
ordinary_baseline,1,3,0.08333333333333333,36,1.1470932960510254
ordinary_baseline,c,4,0.1111111111111111,36,0.8872156143188477
ordinary_baseline,c,5,0.1388888888888889,36,0.8872156143188477
ordinary_baseline,c,6,0.16666666666666666,36,0.8872156143188477
ordinary_baseline,(,7,0.19444444444444445,36,0.9057602882385254
ordinary_baseline,C,8,0.2222222222222222,36,0.8504815101623535
ordinary_baseline,O,9,0.25,36,0.7840003967285156
ordinary_baseline,C,10,0.2777777777777778,36,0.7118387222290039
ordinary_baseline,(,11,0.3055555555555556,36,0.8986039161682129
ordinary_baseline,=,12,0.3333333333333333,36,0.7238707542419434
ordinary_baseline,O,13,0.3611111111111111,36,0.5764269828796387
ordinary_baseline,),14,0.3888888888888889,36,0.5327458381652832
ordinary_baseline,C,15,0.4166666666666667,36,0.38928890228271484
ordinary_baseline,2,16,0.4444444444444444,36,0.34525156021118164
ordinary_baseline,C,17,0.4722222222222222,36,0.5385503768920898
ordinary_baseline,C,18,0.5,36,0.5385503768920898
ordinary_baseline,C,19,0.5277777777777778,36,0.5385503768920898
ordinary_baseline,(,20,0.5555555555555556,36,0.5521788597106934
ordinary_baseline,C,21,0.5833333333333334,36,0.4256858825683594
ordinary_baseline,(,22,0.6111111111111112,36,0.45401906967163086
ordinary_baseline,=,23,0.6388888888888888,36,0.18356084823608398
ordinary_baseline,O,24,0.6666666666666666,36,0.28376197814941406
ordinary_baseline,),25,0.6944444444444444,36,0.23587894439697266
ordinary_baseline,O,26,0.7222222222222222,36,0.19459295272827148
ordinary_baseline,[*],27,0.75,36,0.3456258773803711
ordinary_baseline,),28,0.7777777777777778,36,0.3032197952270508
ordinary_baseline,C,29,0.8055555555555556,36,0.4663724899291992
ordinary_baseline,C,30,0.8333333333333334,36,0.4663724899291992
ordinary_baseline,2,31,0.8611111111111112,36,0.3178257942199707
ordinary_baseline,),32,0.8888888888888888,36,0.4337344169616699
ordinary_baseline,c,33,0.9166666666666666,36,0.2477855682373047
ordinary_baseline,c,34,0.9444444444444444,36,0.2477855682373047
ordinary_baseline,1,35,0.9722222222222222,36,0.052654266357421875
ordinary_baseline,[*],0,0.0,25,0.4257192611694336
ordinary_baseline,N,1,0.04,25,0.04359769821166992
ordinary_baseline,c,2,0.08,25,0.50701904296875
ordinary_baseline,1,3,0.12,25,0.09122705459594727
ordinary_baseline,c,4,0.16,25,0.07090139389038086
ordinary_baseline,c,5,0.2,25,0.07090139389038086
ordinary_baseline,(,6,0.24,25,0.1229853630065918
ordinary_baseline,[*],7,0.28,25,0.13287734985351562
ordinary_baseline,),8,0.32,25,0.2159266471862793
ordinary_baseline,c,9,0.36,25,0.27651309967041016
ordinary_baseline,c,10,0.4,25,0.27651309967041016
ordinary_baseline,c,11,0.44,25,0.27651309967041016
ordinary_baseline,1,12,0.48,25,0.17772483825683594
ordinary_baseline,C,13,0.52,25,0.00795125961303711
ordinary_baseline,C,14,0.56,25,0.00795125961303711
ordinary_baseline,C,15,0.6,25,0.00795125961303711
ordinary_baseline,C,16,0.64,25,0.00795125961303711
ordinary_baseline,C,17,0.68,25,0.00795125961303711
ordinary_baseline,C,18,0.72,25,0.00795125961303711
ordinary_baseline,C,19,0.76,25,0.00795125961303711
ordinary_baseline,C,20,0.8,25,0.00795125961303711
ordinary_baseline,C,21,0.84,25,0.00795125961303711
ordinary_baseline,C,22,0.88,25,0.00795125961303711
ordinary_baseline,C,23,0.92,25,0.00795125961303711
ordinary_baseline,C,24,0.96,25,0.00795125961303711
ordinary_baseline,[*],0,0.0,26,1.6904444694519043
ordinary_baseline,O,1,0.038461538461538464,26,1.8769426345825195
ordinary_baseline,C,2,0.07692307692307693,26,1.1276254653930664
ordinary_baseline,(,3,0.11538461538461539,26,0.9583582878112793
ordinary_baseline,=,4,0.15384615384615385,26,0.13300085067749023
ordinary_baseline,O,5,0.19230769230769232,26,0.6630845069885254
ordinary_baseline,),6,0.23076923076923078,26,0.42140722274780273
ordinary_baseline,C,7,0.2692307692307692,26,0.5165767669677734
ordinary_baseline,C,8,0.3076923076923077,26,0.5165767669677734
ordinary_baseline,S,9,0.34615384615384615,26,0.4983377456665039
ordinary_baseline,(,10,0.38461538461538464,26,0.6191310882568359
ordinary_baseline,=,11,0.4230769230769231,26,0.14476442337036133
ordinary_baseline,O,12,0.46153846153846156,26,0.07025909423828125
ordinary_baseline,),13,0.5,26,0.011770248413085938
ordinary_baseline,(,14,0.5384615384615384,26,0.3587656021118164
ordinary_baseline,=,15,0.5769230769230769,26,0.502960205078125
ordinary_baseline,O,16,0.6153846153846154,26,0.09685277938842773
ordinary_baseline,),17,0.6538461538461539,26,0.3951282501220703
ordinary_baseline,C,18,0.6923076923076923,26,0.35600757598876953
ordinary_baseline,C,19,0.7307692307692307,26,0.35600757598876953
ordinary_baseline,C,20,0.7692307692307693,26,0.35600757598876953
ordinary_baseline,(,21,0.8076923076923077,26,0.37908172607421875
ordinary_baseline,[*],22,0.8461538461538461,26,0.33356666564941406
ordinary_baseline,),23,0.8846153846153846,26,0.3477635383605957
ordinary_baseline,=,24,0.9230769230769231,26,0.5963072776794434
ordinary_baseline,O,25,0.9615384615384616,26,0.1433238983154297
ordinary_baseline,[*],0,0.0,29,0.31249189376831055
ordinary_baseline,C,1,0.034482758620689655,29,0.31830549240112305
ordinary_baseline,C,2,0.06896551724137931,29,0.31830549240112305
ordinary_baseline,C,3,0.10344827586206896,29,0.31830549240112305
ordinary_baseline,C,4,0.13793103448275862,29,0.31830549240112305
ordinary_baseline,C,5,0.1724137931034483,29,0.31830549240112305
ordinary_baseline,(,6,0.20689655172413793,29,0.34897613525390625
ordinary_baseline,=,7,0.2413793103448276,29,0.05584287643432617
ordinary_baseline,O,8,0.27586206896551724,29,0.11822271347045898
ordinary_baseline,),9,0.3103448275862069,29,0.00817108154296875
ordinary_baseline,N,10,0.3448275862068966,29,0.19683218002319336
ordinary_baseline,C,11,0.3793103448275862,29,0.1530914306640625
ordinary_baseline,C,12,0.41379310344827586,29,0.1530914306640625
ordinary_baseline,C,13,0.4482758620689655,29,0.1530914306640625
ordinary_baseline,C,14,0.4827586206896552,29,0.1530914306640625
ordinary_baseline,C,15,0.5172413793103449,29,0.1530914306640625
ordinary_baseline,C,16,0.5517241379310345,29,0.1530914306640625
ordinary_baseline,N,17,0.5862068965517241,29,0.29198217391967773
ordinary_baseline,C,18,0.6206896551724138,29,0.1857161521911621
ordinary_baseline,(,19,0.6551724137931034,29,0.2397632598876953
ordinary_baseline,=,20,0.6896551724137931,29,0.3084902763366699
ordinary_baseline,O,21,0.7241379310344828,29,0.01963186264038086
ordinary_baseline,),22,0.7586206896551724,29,0.14284753799438477
ordinary_baseline,C,23,0.7931034482758621,29,0.13083219528198242
ordinary_baseline,C,24,0.8275862068965517,29,0.13083219528198242
ordinary_baseline,C,25,0.8620689655172413,29,0.13083219528198242
ordinary_baseline,C,26,0.896551724137931,29,0.13083219528198242
ordinary_baseline,S,27,0.9310344827586207,29,0.683586597442627
ordinary_baseline,[*],28,0.9655172413793104,29,0.05923128128051758
ordinary_baseline,[*],0,0.0,32,0.6765432357788086
ordinary_baseline,N,1,0.03125,32,0.21754097938537598
ordinary_baseline,C,2,0.0625,32,0.5586514472961426
ordinary_baseline,(,3,0.09375,32,0.6561739444732666
ordinary_baseline,S,4,0.125,32,0.39797520637512207
ordinary_baseline,1,5,0.15625,32,0.4587278366088867
ordinary_baseline,),6,0.1875,32,0.43323326110839844
ordinary_baseline,=,7,0.21875,32,0.18306875228881836
ordinary_baseline,C,8,0.25,32,0.39450693130493164
ordinary_baseline,C,9,0.28125,32,0.39450693130493164
ordinary_baseline,=,10,0.3125,32,0.20813488960266113
ordinary_baseline,C,11,0.34375,32,0.4195561408996582
ordinary_baseline,1,12,0.375,32,0.46623659133911133
ordinary_baseline,C,13,0.40625,32,0.5069770812988281
ordinary_baseline,(,14,0.4375,32,0.5059385299682617
ordinary_baseline,C,15,0.46875,32,0.4425654411315918
ordinary_baseline,=,16,0.5,32,0.12071013450622559
ordinary_baseline,C,17,0.53125,32,0.2766859531402588
ordinary_baseline,2,18,0.5625,32,0.12773966789245605
ordinary_baseline,),19,0.59375,32,0.11445879936218262
ordinary_baseline,=,20,0.625,32,0.22012591361999512
ordinary_baseline,C,21,0.65625,32,0.09676814079284668
ordinary_baseline,C,22,0.6875,32,0.09676814079284668
ordinary_baseline,=,23,0.71875,32,0.3427424430847168
ordinary_baseline,C,24,0.75,32,0.08884716033935547
ordinary_baseline,2,25,0.78125,32,0.16362619400024414
ordinary_baseline,C,26,0.8125,32,0.16221237182617188
ordinary_baseline,(,27,0.84375,32,0.10804271697998047
ordinary_baseline,=,28,0.875,32,0.5994598865509033
ordinary_baseline,S,29,0.90625,32,0.6858553886413574
ordinary_baseline,),30,0.9375,32,0.2099926471710205
ordinary_baseline,[*],31,0.96875,32,0.11900019645690918
ordinary_baseline,[*],0,0.0,21,1.5679783821105957
ordinary_baseline,C,1,0.047619047619047616,21,1.5904934406280518
ordinary_baseline,=,2,0.09523809523809523,21,3.1002724170684814
ordinary_baseline,C,3,0.14285714285714285,21,1.1947824954986572
ordinary_baseline,(,4,0.19047619047619047,21,1.3919227123260498
ordinary_baseline,[*],5,0.23809523809523808,21,1.6553680896759033
ordinary_baseline,),6,0.2857142857142857,21,1.5999743938446045
ordinary_baseline,c,7,0.3333333333333333,21,1.7265081405639648
ordinary_baseline,1,8,0.38095238095238093,21,1.7892992496490479
ordinary_baseline,n,9,0.42857142857142855,21,1.0602021217346191
ordinary_baseline,c,10,0.47619047619047616,21,1.0882539749145508
ordinary_baseline,2,11,0.5238095238095238,21,0.30926942825317383
ordinary_baseline,c,12,0.5714285714285714,21,0.21820521354675293
ordinary_baseline,c,13,0.6190476190476191,21,0.21820521354675293
ordinary_baseline,c,14,0.6666666666666666,21,0.21820521354675293
ordinary_baseline,c,15,0.7142857142857143,21,0.21820521354675293
ordinary_baseline,c,16,0.7619047619047619,21,0.21820521354675293
ordinary_baseline,2,17,0.8095238095238095,21,0.10182332992553711
ordinary_baseline,n,18,0.8571428571428571,21,0.3279087543487549
ordinary_baseline,1,19,0.9047619047619048,21,0.12298440933227539
ordinary_baseline,C,20,0.9523809523809523,21,0.049057722091674805
ordinary_baseline,[*],0,0.0,32,0.13940763473510742
ordinary_baseline,C,1,0.03125,32,0.038808584213256836
ordinary_baseline,(,2,0.0625,32,0.14569687843322754
ordinary_baseline,=,3,0.09375,32,0.46674084663391113
ordinary_baseline,O,4,0.125,32,0.15572810173034668
ordinary_baseline,),5,0.15625,32,0.5101230144500732
ordinary_baseline,c,6,0.1875,32,0.4776499271392822
ordinary_baseline,1,7,0.21875,32,0.48685765266418457
ordinary_baseline,c,8,0.25,32,0.5946071147918701
ordinary_baseline,c,9,0.28125,32,0.5946071147918701
ordinary_baseline,c,10,0.3125,32,0.5946071147918701
ordinary_baseline,(,11,0.34375,32,0.4424440860748291
ordinary_baseline,C,12,0.375,32,0.2029569149017334
ordinary_baseline,(,13,0.40625,32,0.10419106483459473
ordinary_baseline,=,14,0.4375,32,0.13307881355285645
ordinary_baseline,O,15,0.46875,32,0.764948844909668
ordinary_baseline,),16,0.5,32,0.7289712429046631
ordinary_baseline,N,17,0.53125,32,0.7287209033966064
ordinary_baseline,2,18,0.5625,32,0.11013627052307129
ordinary_baseline,C,19,0.59375,32,0.2296278476715088
ordinary_baseline,C,20,0.625,32,0.2296278476715088
ordinary_baseline,N,21,0.65625,32,0.24705004692077637
ordinary_baseline,(,22,0.6875,32,0.3461942672729492
ordinary_baseline,[*],23,0.71875,32,0.02228379249572754
ordinary_baseline,),24,0.75,32,0.0017833709716796875
ordinary_baseline,C,25,0.78125,32,0.18218755722045898
ordinary_baseline,C,26,0.8125,32,0.18218755722045898
ordinary_baseline,2,27,0.84375,32,0.25278401374816895
ordinary_baseline,),28,0.875,32,0.08007311820983887
ordinary_baseline,c,29,0.90625,32,0.23131871223449707
ordinary_baseline,c,30,0.9375,32,0.23131871223449707
ordinary_baseline,1,31,0.96875,32,0.018020153045654297
ordinary_baseline,C,0,0.0,24,0.33040761947631836
ordinary_baseline,(,1,0.041666666666666664,24,0.021500110626220703
ordinary_baseline,[*],2,0.08333333333333333,24,0.05870771408081055
ordinary_baseline,),3,0.125,24,0.009285449981689453
ordinary_baseline,C,4,0.16666666666666666,24,0.06538534164428711
ordinary_baseline,(,5,0.20833333333333334,24,0.09355783462524414
ordinary_baseline,C,6,0.25,24,0.10328149795532227
ordinary_baseline,),7,0.2916666666666667,24,0.20606374740600586
ordinary_baseline,(,8,0.3333333333333333,24,0.19242048263549805
ordinary_baseline,C,9,0.375,24,0.03483915328979492
ordinary_baseline,(,10,0.4166666666666667,24,0.012616634368896484
ordinary_baseline,=,11,0.4583333333333333,24,0.49430036544799805
ordinary_baseline,O,12,0.5,24,0.2500929832458496
ordinary_baseline,),13,0.5416666666666666,24,0.1414952278137207
ordinary_baseline,O,14,0.5833333333333334,24,0.24228811264038086
ordinary_baseline,C,15,0.625,24,0.11396551132202148
ordinary_baseline,C,16,0.6666666666666666,24,0.11396551132202148
ordinary_baseline,C,17,0.7083333333333334,24,0.11396551132202148
ordinary_baseline,O,18,0.75,24,0.1849374771118164
ordinary_baseline,C,19,0.7916666666666666,24,0.019350528717041016
ordinary_baseline,),20,0.8333333333333334,24,0.021276473999023438
ordinary_baseline,(,21,0.875,24,0.008452892303466797
ordinary_baseline,[*],22,0.9166666666666666,24,0.0037899017333984375
ordinary_baseline,),23,0.9583333333333334,24,0.03858327865600586
ordinary_baseline,[*],0,0.0,20,0.33876609802246094
ordinary_baseline,N,1,0.05,20,0.1554703712463379
ordinary_baseline,C,2,0.1,20,0.6763222217559814
ordinary_baseline,(,3,0.15,20,0.2949657440185547
ordinary_baseline,S,4,0.2,20,0.28426694869995117
ordinary_baseline,1,5,0.25,20,0.3317110538482666
ordinary_baseline,),6,0.3,20,0.7978110313415527
ordinary_baseline,=,7,0.35,20,0.022556543350219727
ordinary_baseline,C,8,0.4,20,0.5967528820037842
ordinary_baseline,C,9,0.45,20,0.5967528820037842
ordinary_baseline,=,10,0.5,20,0.08952808380126953
ordinary_baseline,C,11,0.55,20,0.5471405982971191
ordinary_baseline,1,12,0.6,20,0.44765710830688477
ordinary_baseline,C,13,0.65,20,0.5989627838134766
ordinary_baseline,(,14,0.7,20,0.42693424224853516
ordinary_baseline,=,15,0.75,20,0.25227880477905273
ordinary_baseline,O,16,0.8,20,0.7271623611450195
ordinary_baseline,),17,0.85,20,0.7589244842529297
ordinary_baseline,O,18,0.9,20,1.512723684310913
ordinary_baseline,[*],19,0.95,20,0.30124878883361816
ordinary_baseline,[*],0,0.0,19,1.2662901878356934
ordinary_baseline,N,1,0.05263157894736842,19,0.8686623573303223
ordinary_baseline,c,2,0.10526315789473684,19,0.9628100395202637
ordinary_baseline,1,3,0.15789473684210525,19,0.8453755378723145
ordinary_baseline,c,4,0.21052631578947367,19,0.32959842681884766
ordinary_baseline,c,5,0.2631578947368421,19,0.32959842681884766
ordinary_baseline,(,6,0.3157894736842105,19,0.2613377571105957
ordinary_baseline,O,7,0.3684210526315789,19,0.35242605209350586
ordinary_baseline,C,8,0.42105263157894735,19,0.23517179489135742
ordinary_baseline,),9,0.47368421052631576,19,0.0311276912689209
ordinary_baseline,c,10,0.5263157894736842,19,0.18096208572387695
ordinary_baseline,(,11,0.5789473684210527,19,0.4758412837982178
ordinary_baseline,[*],12,0.631578947368421,19,0.2317337989807129
ordinary_baseline,),13,0.6842105263157895,19,0.3102226257324219
ordinary_baseline,c,14,0.7368421052631579,19,0.4469919204711914
ordinary_baseline,c,15,0.7894736842105263,19,0.4469919204711914
ordinary_baseline,1,16,0.8421052631578947,19,0.28460192680358887
ordinary_baseline,O,17,0.8947368421052632,19,0.07961630821228027
ordinary_baseline,C,18,0.9473684210526315,19,0.07979083061218262
ordinary_baseline,[*],0,0.0,27,0.9969148635864258
ordinary_baseline,c,1,0.037037037037037035,27,1.0435380935668945
ordinary_baseline,1,2,0.07407407407407407,27,0.8315281867980957
ordinary_baseline,c,3,0.1111111111111111,27,0.7208371162414551
ordinary_baseline,c,4,0.14814814814814814,27,0.7208371162414551
ordinary_baseline,c,5,0.18518518518518517,27,0.7208371162414551
ordinary_baseline,(,6,0.2222222222222222,27,0.8272881507873535
ordinary_baseline,-,7,0.25925925925925924,27,0.9190592765808105
ordinary_baseline,c,8,0.2962962962962963,27,0.8929033279418945
ordinary_baseline,2,9,0.3333333333333333,27,0.828010082244873
ordinary_baseline,n,10,0.37037037037037035,27,0.9115200042724609
ordinary_baseline,n,11,0.4074074074074074,27,0.9115200042724609
ordinary_baseline,c,12,0.4444444444444444,27,1.0482635498046875
ordinary_baseline,(,13,0.48148148148148145,27,0.8892126083374023
ordinary_baseline,[*],14,0.5185185185185185,27,0.9233841896057129
ordinary_baseline,),15,0.5555555555555556,27,0.9330792427062988
ordinary_baseline,o,16,0.5925925925925926,27,0.6543903350830078
ordinary_baseline,2,17,0.6296296296296297,27,0.9334759712219238
ordinary_baseline,),18,0.6666666666666666,27,0.3970301151275635
ordinary_baseline,c,19,0.7037037037037037,27,0.43274378776550293
ordinary_baseline,(,20,0.7407407407407407,27,0.34315061569213867
ordinary_baseline,O,21,0.7777777777777778,27,0.07265663146972656
ordinary_baseline,C,22,0.8148148148148148,27,0.11235404014587402
ordinary_baseline,C,23,0.8518518518518519,27,0.11235404014587402
ordinary_baseline,),24,0.8888888888888888,27,0.15902948379516602
ordinary_baseline,c,25,0.9259259259259259,27,0.2621638774871826
ordinary_baseline,1,26,0.9629629629629629,27,0.08327484130859375
ordinary_baseline,[*],0,0.0,52,0.1297619342803955
ordinary_baseline,N,1,0.019230769230769232,52,0.10747146606445312
ordinary_baseline,C,2,0.038461538461538464,52,0.25478076934814453
ordinary_baseline,(,3,0.057692307692307696,52,0.31563901901245117
ordinary_baseline,=,4,0.07692307692307693,52,0.10612893104553223
ordinary_baseline,O,5,0.09615384615384616,52,0.37096261978149414
ordinary_baseline,),6,0.11538461538461539,52,0.11607813835144043
ordinary_baseline,c,7,0.1346153846153846,52,0.06660127639770508
ordinary_baseline,1,8,0.15384615384615385,52,0.008597850799560547
ordinary_baseline,c,9,0.17307692307692307,52,0.028427839279174805
ordinary_baseline,c,10,0.19230769230769232,52,0.028427839279174805
ordinary_baseline,c,11,0.21153846153846154,52,0.028427839279174805
ordinary_baseline,(,12,0.23076923076923078,52,0.2930150032043457
ordinary_baseline,C,13,0.25,52,0.11339330673217773
ordinary_baseline,(,14,0.2692307692307692,52,0.034836769104003906
ordinary_baseline,=,15,0.28846153846153844,52,0.07550621032714844
ordinary_baseline,O,16,0.3076923076923077,52,0.19182634353637695
ordinary_baseline,),17,0.3269230769230769,52,0.05800676345825195
ordinary_baseline,N,18,0.34615384615384615,52,0.5689005851745605
ordinary_baseline,c,19,0.36538461538461536,52,0.5436630249023438
ordinary_baseline,2,20,0.38461538461538464,52,0.5556576251983643
ordinary_baseline,c,21,0.40384615384615385,52,0.48699951171875
ordinary_baseline,c,22,0.4230769230769231,52,0.48699951171875
ordinary_baseline,c,23,0.4423076923076923,52,0.48699951171875
ordinary_baseline,3,24,0.46153846153846156,52,0.4568367004394531
ordinary_baseline,c,25,0.4807692307692308,52,0.42385029792785645
ordinary_baseline,(,26,0.5,52,0.3959813117980957
ordinary_baseline,c,27,0.5192307692307693,52,0.40227818489074707
ordinary_baseline,2,28,0.5384615384615384,52,0.44272375106811523
ordinary_baseline,),29,0.5576923076923077,52,0.1504988670349121
ordinary_baseline,[nH],30,0.5769230769230769,52,0.1588153839111328
ordinary_baseline,c,31,0.5961538461538461,52,0.1153097152709961
ordinary_baseline,(,32,0.6153846153846154,52,0.10671591758728027
ordinary_baseline,=,33,0.6346153846153846,52,0.3577759265899658
ordinary_baseline,O,34,0.6538461538461539,52,0.35294651985168457
ordinary_baseline,),35,0.6730769230769231,52,0.3153061866760254
ordinary_baseline,c,36,0.6923076923076923,52,0.25550127029418945
ordinary_baseline,2,37,0.7115384615384616,52,0.3017420768737793
ordinary_baseline,c,38,0.7307692307692307,52,0.2558107376098633
ordinary_baseline,c,39,0.75,52,0.2558107376098633
ordinary_baseline,(,40,0.7692307692307693,52,0.1500697135925293
ordinary_baseline,[*],41,0.7884615384615384,52,0.2195122241973877
ordinary_baseline,),42,0.8076923076923077,52,0.2417292594909668
ordinary_baseline,c,43,0.8269230769230769,52,0.21848154067993164
ordinary_baseline,c,44,0.8461538461538461,52,0.21848154067993164
ordinary_baseline,c,45,0.8653846153846154,52,0.21848154067993164
ordinary_baseline,2,46,0.8846153846153846,52,0.26380443572998047
ordinary_baseline,3,47,0.9038461538461539,52,0.375791072845459
ordinary_baseline,),48,0.9230769230769231,52,0.000164031982421875
ordinary_baseline,c,49,0.9423076923076923,52,0.024618148803710938
ordinary_baseline,c,50,0.9615384615384616,52,0.024618148803710938
ordinary_baseline,1,51,0.9807692307692307,52,0.02354264259338379
ordinary_baseline,[*],0,0.0,14,0.4768815040588379
ordinary_baseline,C,1,0.07142857142857142,14,0.43642091751098633
ordinary_baseline,C,2,0.14285714285714285,14,0.43642091751098633
ordinary_baseline,(,3,0.21428571428571427,14,0.0940084457397461
ordinary_baseline,C,4,0.2857142857142857,14,0.5794553756713867
ordinary_baseline,C,5,0.35714285714285715,14,0.5794553756713867
ordinary_baseline,),6,0.42857142857142855,14,0.2894773483276367
ordinary_baseline,(,7,0.5,14,0.6584177017211914
ordinary_baseline,C,8,0.5714285714285714,14,0.606597900390625
ordinary_baseline,C,9,0.6428571428571429,14,0.606597900390625
ordinary_baseline,),10,0.7142857142857143,14,0.5716171264648438
ordinary_baseline,C,11,0.7857142857142857,14,0.297637939453125
ordinary_baseline,S,12,0.8571428571428571,14,1.0061445236206055
ordinary_baseline,[*],13,0.9285714285714286,14,0.016350269317626953
ordinary_baseline,[*],0,0.0,46,0.5232012271881104
ordinary_baseline,c,1,0.021739130434782608,46,0.5980379581451416
ordinary_baseline,1,2,0.043478260869565216,46,0.4814162254333496
ordinary_baseline,c,3,0.06521739130434782,46,0.3502957820892334
ordinary_baseline,c,4,0.08695652173913043,46,0.3502957820892334
ordinary_baseline,(,5,0.10869565217391304,46,0.37403273582458496
ordinary_baseline,C,6,0.13043478260869565,46,0.4521598815917969
ordinary_baseline,C,7,0.15217391304347827,46,0.4521598815917969
ordinary_baseline,C,8,0.17391304347826086,46,0.4521598815917969
ordinary_baseline,C,9,0.1956521739130435,46,0.4521598815917969
ordinary_baseline,C,10,0.21739130434782608,46,0.4521598815917969
ordinary_baseline,C,11,0.2391304347826087,46,0.4521598815917969
ordinary_baseline,C,12,0.2608695652173913,46,0.4521598815917969
ordinary_baseline,C,13,0.2826086956521739,46,0.4521598815917969
ordinary_baseline,C,14,0.30434782608695654,46,0.4521598815917969
ordinary_baseline,C,15,0.32608695652173914,46,0.4521598815917969
ordinary_baseline,C,16,0.34782608695652173,46,0.4521598815917969
ordinary_baseline,C,17,0.3695652173913043,46,0.4521598815917969
ordinary_baseline,(,18,0.391304347826087,46,0.2931704521179199
ordinary_baseline,=,19,0.41304347826086957,46,0.2884695529937744
ordinary_baseline,O,20,0.43478260869565216,46,0.1675887107849121
ordinary_baseline,),21,0.45652173913043476,46,0.21683549880981445
ordinary_baseline,O,22,0.4782608695652174,46,0.17279267311096191
ordinary_baseline,c,23,0.5,46,0.24135732650756836
ordinary_baseline,2,24,0.5217391304347826,46,0.25037240982055664
ordinary_baseline,c,25,0.5434782608695652,46,0.19450068473815918
ordinary_baseline,c,26,0.5652173913043478,46,0.19450068473815918
ordinary_baseline,c,27,0.5869565217391305,46,0.19450068473815918
ordinary_baseline,(,28,0.6086956521739131,46,0.2886321544647217
ordinary_baseline,[N+],29,0.6304347826086957,46,0.6208879947662354
ordinary_baseline,(,30,0.6521739130434783,46,0.16637873649597168
ordinary_baseline,=,31,0.6739130434782609,46,0.2907392978668213
ordinary_baseline,O,32,0.6956521739130435,46,0.29743027687072754
ordinary_baseline,),33,0.717391304347826,46,0.11901998519897461
ordinary_baseline,[O-],34,0.7391304347826086,46,0.13615679740905762
ordinary_baseline,),35,0.7608695652173914,46,0.0006794929504394531
ordinary_baseline,c,36,0.782608695652174,46,0.10789799690246582
ordinary_baseline,c,37,0.8043478260869565,46,0.10789799690246582
ordinary_baseline,2,38,0.8260869565217391,46,0.06775617599487305
ordinary_baseline,),39,0.8478260869565217,46,0.09624648094177246
ordinary_baseline,c,40,0.8695652173913043,46,0.1545553207397461
ordinary_baseline,(,41,0.8913043478260869,46,0.09260821342468262
ordinary_baseline,[*],42,0.9130434782608695,46,0.0282437801361084
ordinary_baseline,),43,0.9347826086956522,46,0.02601146697998047
ordinary_baseline,s,44,0.9565217391304348,46,1.3698029518127441
ordinary_baseline,1,45,0.9782608695652174,46,0.04285788536071777
ordinary_baseline,[*],0,0.0,31,0.8429932594299316
ordinary_baseline,c,1,0.03225806451612903,31,0.8958253860473633
ordinary_baseline,1,2,0.06451612903225806,31,1.1197264194488525
ordinary_baseline,c,3,0.0967741935483871,31,1.2005844116210938
ordinary_baseline,c,4,0.12903225806451613,31,1.2005844116210938
ordinary_baseline,c,5,0.16129032258064516,31,1.2005844116210938
ordinary_baseline,(,6,0.1935483870967742,31,0.9925875663757324
ordinary_baseline,C,7,0.22580645161290322,31,0.736083984375
ordinary_baseline,),8,0.25806451612903225,31,0.7838535308837891
ordinary_baseline,c,9,0.2903225806451613,31,0.6561422348022461
ordinary_baseline,(,10,0.3225806451612903,31,1.0383615493774414
ordinary_baseline,N,11,0.3548387096774194,31,0.8242475986480713
ordinary_baseline,2,12,0.3870967741935484,31,0.0019316673278808594
ordinary_baseline,C,13,0.41935483870967744,31,0.14400291442871094
ordinary_baseline,C,14,0.45161290322580644,31,0.14400291442871094
ordinary_baseline,(,15,0.4838709677419355,31,0.15060901641845703
ordinary_baseline,=,16,0.5161290322580645,31,0.3696751594543457
ordinary_baseline,O,17,0.5483870967741935,31,0.1968550682067871
ordinary_baseline,),18,0.5806451612903226,31,0.017223358154296875
ordinary_baseline,N,19,0.6129032258064516,31,0.10500097274780273
ordinary_baseline,(,20,0.6451612903225806,31,0.04852151870727539
ordinary_baseline,[*],21,0.6774193548387096,31,0.15137529373168945
ordinary_baseline,),22,0.7096774193548387,31,0.10991859436035156
ordinary_baseline,C,23,0.7419354838709677,31,0.053949832916259766
ordinary_baseline,C,24,0.7741935483870968,31,0.053949832916259766
ordinary_baseline,2,25,0.8064516129032258,31,0.2411055564880371
ordinary_baseline,=,26,0.8387096774193549,31,0.33660316467285156
ordinary_baseline,O,27,0.8709677419354839,31,0.061331748962402344
ordinary_baseline,),28,0.9032258064516129,31,0.04125785827636719
ordinary_baseline,c,29,0.9354838709677419,31,0.2153315544128418
ordinary_baseline,1,30,0.967741935483871,31,0.18396377563476562
ordinary_baseline,[*],0,0.0,60,0.46377038955688477
ordinary_baseline,O,1,0.016666666666666666,60,0.4191584587097168
ordinary_baseline,c,2,0.03333333333333333,60,0.0036516189575195312
ordinary_baseline,1,3,0.05,60,0.01101064682006836
ordinary_baseline,c,4,0.06666666666666667,60,0.2438507080078125
ordinary_baseline,c,5,0.08333333333333333,60,0.2438507080078125
ordinary_baseline,c,6,0.1,60,0.2438507080078125
ordinary_baseline,(,7,0.11666666666666667,60,0.21323156356811523
ordinary_baseline,C,8,0.13333333333333333,60,0.26058292388916016
ordinary_baseline,C,9,0.15,60,0.26058292388916016
ordinary_baseline,(,10,0.16666666666666666,60,0.16575860977172852
ordinary_baseline,N,11,0.18333333333333332,60,0.4074993133544922
ordinary_baseline,C,12,0.2,60,0.484525203704834
ordinary_baseline,(,13,0.21666666666666667,60,0.4408907890319824
ordinary_baseline,=,14,0.23333333333333334,60,0.5696730613708496
ordinary_baseline,O,15,0.25,60,0.350034236907959
ordinary_baseline,),16,0.26666666666666666,60,0.35497522354125977
ordinary_baseline,C,17,0.2833333333333333,60,0.36550140380859375
ordinary_baseline,C,18,0.3,60,0.36550140380859375
ordinary_baseline,c,19,0.31666666666666665,60,0.4584236145019531
ordinary_baseline,2,20,0.3333333333333333,60,0.4383244514465332
ordinary_baseline,c,21,0.35,60,0.4385676383972168
ordinary_baseline,c,22,0.36666666666666664,60,0.4385676383972168
ordinary_baseline,c,23,0.38333333333333336,60,0.4385676383972168
ordinary_baseline,(,24,0.4,60,0.41370487213134766
ordinary_baseline,O,25,0.4166666666666667,60,0.39461660385131836
ordinary_baseline,C,26,0.43333333333333335,60,0.4365348815917969
ordinary_baseline,(,27,0.45,60,0.3930344581604004
ordinary_baseline,=,28,0.4666666666666667,60,0.563931941986084
ordinary_baseline,O,29,0.48333333333333334,60,0.15321874618530273
ordinary_baseline,),30,0.5,60,0.32536840438842773
ordinary_baseline,C,31,0.5166666666666667,60,0.21543645858764648
ordinary_baseline,C,32,0.5333333333333333,60,0.21543645858764648
ordinary_baseline,C,33,0.55,60,0.21543645858764648
ordinary_baseline,(,34,0.5666666666666667,60,0.32055139541625977
ordinary_baseline,[*],35,0.5833333333333334,60,0.2521171569824219
ordinary_baseline,),36,0.6,60,0.4891023635864258
ordinary_baseline,=,37,0.6166666666666667,60,0.5701875686645508
ordinary_baseline,O,38,0.6333333333333333,60,0.4862794876098633
ordinary_baseline,),39,0.65,60,0.5576415061950684
ordinary_baseline,c,40,0.6666666666666666,60,0.6686758995056152
ordinary_baseline,c,41,0.6833333333333333,60,0.6686758995056152
ordinary_baseline,2,42,0.7,60,0.8458738327026367
ordinary_baseline,),43,0.7166666666666667,60,0.6847367286682129
ordinary_baseline,C,44,0.7333333333333333,60,0.49694061279296875
ordinary_baseline,(,45,0.75,60,0.45890188217163086
ordinary_baseline,=,46,0.7666666666666667,60,0.5266084671020508
ordinary_baseline,O,47,0.7833333333333333,60,0.13934659957885742
ordinary_baseline,),48,0.8,60,0.1887221336364746
ordinary_baseline,O,49,0.8166666666666667,60,0.12120294570922852
ordinary_baseline,C,50,0.8333333333333334,60,0.09531116485595703
ordinary_baseline,(,51,0.85,60,0.11559820175170898
ordinary_baseline,C,52,0.8666666666666667,60,0.10649299621582031
ordinary_baseline,),53,0.8833333333333333,60,0.15909576416015625
ordinary_baseline,C,54,0.9,60,0.09542322158813477
ordinary_baseline,C,55,0.9166666666666666,60,0.09542322158813477
ordinary_baseline,),56,0.9333333333333333,60,0.10014772415161133
ordinary_baseline,c,57,0.95,60,0.058519840240478516
ordinary_baseline,c,58,0.9666666666666667,60,0.058519840240478516
ordinary_baseline,1,59,0.9833333333333333,60,0.12574338912963867
ordinary_baseline,[*],0,0.0,89,0.40232181549072266
ordinary_baseline,C,1,0.011235955056179775,89,0.41879701614379883
ordinary_baseline,(,2,0.02247191011235955,89,0.3165416717529297
ordinary_baseline,=,3,0.033707865168539325,89,0.7157890796661377
ordinary_baseline,O,4,0.0449438202247191,89,0.6262567043304443
ordinary_baseline,),5,0.056179775280898875,89,0.649000883102417
ordinary_baseline,N,6,0.06741573033707865,89,0.5870139598846436
ordinary_baseline,c,7,0.07865168539325842,89,0.5809433460235596
ordinary_baseline,1,8,0.0898876404494382,89,0.611922025680542
ordinary_baseline,c,9,0.10112359550561797,89,0.5541784763336182
ordinary_baseline,c,10,0.11235955056179775,89,0.5541784763336182
ordinary_baseline,c,11,0.12359550561797752,89,0.5541784763336182
ordinary_baseline,(,12,0.1348314606741573,89,0.46623969078063965
ordinary_baseline,N,13,0.14606741573033707,89,0.5341801643371582
ordinary_baseline,C,14,0.15730337078651685,89,0.4377601146697998
ordinary_baseline,(,15,0.16853932584269662,89,0.42748522758483887
ordinary_baseline,=,16,0.1797752808988764,89,0.6426365375518799
ordinary_baseline,O,17,0.19101123595505617,89,0.4244039058685303
ordinary_baseline,),18,0.20224719101123595,89,0.41208934783935547
ordinary_baseline,c,19,0.21348314606741572,89,0.40370965003967285
ordinary_baseline,2,20,0.2247191011235955,89,0.39394450187683105
ordinary_baseline,c,21,0.23595505617977527,89,0.4886023998260498
ordinary_baseline,c,22,0.24719101123595505,89,0.4886023998260498
ordinary_baseline,c,23,0.25842696629213485,89,0.4886023998260498
ordinary_baseline,3,24,0.2696629213483146,89,0.44850873947143555
ordinary_baseline,c,25,0.2808988764044944,89,0.4679853916168213
ordinary_baseline,(,26,0.29213483146067415,89,0.4915494918823242
ordinary_baseline,c,27,0.30337078651685395,89,0.4662787914276123
ordinary_baseline,2,28,0.3146067415730337,89,0.5166013240814209
ordinary_baseline,),29,0.3258426966292135,89,0.2711186408996582
ordinary_baseline,C,30,0.33707865168539325,89,0.19976067543029785
ordinary_baseline,(,31,0.34831460674157305,89,0.265641450881958
ordinary_baseline,=,32,0.3595505617977528,89,0.3493227958679199
ordinary_baseline,O,33,0.3707865168539326,89,0.25638413429260254
ordinary_baseline,),34,0.38202247191011235,89,0.33393216133117676
ordinary_baseline,N,35,0.39325842696629215,89,0.33780574798583984
ordinary_baseline,(,36,0.4044943820224719,89,0.2983555793762207
ordinary_baseline,c,37,0.4157303370786517,89,0.3327641487121582
ordinary_baseline,2,38,0.42696629213483145,89,0.38440537452697754
ordinary_baseline,c,39,0.43820224719101125,89,0.30856823921203613
ordinary_baseline,c,40,0.449438202247191,89,0.30856823921203613
ordinary_baseline,c,41,0.4606741573033708,89,0.30856823921203613
ordinary_baseline,(,42,0.47191011235955055,89,0.2296288013458252
ordinary_baseline,O,43,0.48314606741573035,89,0.23018288612365723
ordinary_baseline,c,44,0.4943820224719101,89,0.21865200996398926
ordinary_baseline,4,45,0.5056179775280899,89,0.3155033588409424
ordinary_baseline,c,46,0.5168539325842697,89,0.2805211544036865
ordinary_baseline,c,47,0.5280898876404494,89,0.2805211544036865
ordinary_baseline,c,48,0.5393258426966292,89,0.2805211544036865
ordinary_baseline,(,49,0.550561797752809,89,0.21495842933654785
ordinary_baseline,N,50,0.5617977528089888,89,0.07123780250549316
ordinary_baseline,5,51,0.5730337078651685,89,0.09181904792785645
ordinary_baseline,C,52,0.5842696629213483,89,0.027057409286499023
ordinary_baseline,(,53,0.5955056179775281,89,0.03792738914489746
ordinary_baseline,=,54,0.6067415730337079,89,0.1157679557800293
ordinary_baseline,O,55,0.6179775280898876,89,0.033797502517700195
ordinary_baseline,),56,0.6292134831460674,89,0.054223060607910156
ordinary_baseline,c,57,0.6404494382022472,89,0.05881333351135254
ordinary_baseline,6,58,0.651685393258427,89,0.1036064624786377
ordinary_baseline,c,59,0.6629213483146067,89,0.06946587562561035
ordinary_baseline,c,60,0.6741573033707865,89,0.06946587562561035
ordinary_baseline,c,61,0.6853932584269663,89,0.06946587562561035
ordinary_baseline,(,62,0.6966292134831461,89,0.08550620079040527
ordinary_baseline,[*],63,0.7078651685393258,89,0.12419724464416504
ordinary_baseline,),64,0.7191011235955056,89,0.17390918731689453
ordinary_baseline,c,65,0.7303370786516854,89,0.18238115310668945
ordinary_baseline,c,66,0.7415730337078652,89,0.18238115310668945
ordinary_baseline,6,67,0.7528089887640449,89,0.17650151252746582
ordinary_baseline,C,68,0.7640449438202247,89,0.1659536361694336
ordinary_baseline,5,69,0.7752808988764045,89,0.15782904624938965
ordinary_baseline,=,70,0.7865168539325843,89,0.2901184558868408
ordinary_baseline,O,71,0.797752808988764,89,0.185654878616333
ordinary_baseline,),72,0.8089887640449438,89,0.1751546859741211
ordinary_baseline,c,73,0.8202247191011236,89,0.19564414024353027
ordinary_baseline,c,74,0.8314606741573034,89,0.19564414024353027
ordinary_baseline,4,75,0.8426966292134831,89,0.3131089210510254
ordinary_baseline,),76,0.8539325842696629,89,0.27921557426452637
ordinary_baseline,c,77,0.8651685393258427,89,0.22901272773742676
ordinary_baseline,c,78,0.8764044943820225,89,0.22901272773742676
ordinary_baseline,2,79,0.8876404494382022,89,0.2510559558868408
ordinary_baseline,),80,0.898876404494382,89,0.13662505149841309
ordinary_baseline,C,81,0.9101123595505618,89,0.09613990783691406
ordinary_baseline,3,82,0.9213483146067416,89,0.13218164443969727
ordinary_baseline,=,83,0.9325842696629213,89,0.15277886390686035
ordinary_baseline,O,84,0.9438202247191011,89,0.01744699478149414
ordinary_baseline,),85,0.9550561797752809,89,0.005245208740234375
ordinary_baseline,c,86,0.9662921348314607,89,0.015407085418701172
ordinary_baseline,c,87,0.9775280898876404,89,0.015407085418701172
ordinary_baseline,1,88,0.9887640449438202,89,0.010618925094604492
ordinary_baseline,[*],0,0.0,20,0.6549124717712402
ordinary_baseline,C,1,0.05,20,0.7836408615112305
ordinary_baseline,C,2,0.1,20,0.7836408615112305
ordinary_baseline,(,3,0.15,20,0.18369579315185547
ordinary_baseline,S,4,0.2,20,0.12979578971862793
ordinary_baseline,1,5,0.25,20,0.7128868103027344
ordinary_baseline,),6,0.3,20,0.5652904510498047
ordinary_baseline,=,7,0.35,20,0.04511404037475586
ordinary_baseline,C,8,0.4,20,0.3182978630065918
ordinary_baseline,C,9,0.45,20,0.3182978630065918
ordinary_baseline,=,10,0.5,20,0.5717248916625977
ordinary_baseline,C,11,0.55,20,0.2244725227355957
ordinary_baseline,1,12,0.6,20,0.5161581039428711
ordinary_baseline,O,13,0.65,20,1.0142250061035156
ordinary_baseline,C,14,0.7,20,0.5778765678405762
ordinary_baseline,(,15,0.75,20,0.5666892528533936
ordinary_baseline,=,16,0.8,20,0.8897676467895508
ordinary_baseline,S,17,0.85,20,0.05018353462219238
ordinary_baseline,),18,0.9,20,0.057292938232421875
ordinary_baseline,[*],19,0.95,20,0.28046417236328125
ordinary_baseline,[*],0,0.0,19,0.16637802124023438
ordinary_baseline,C,1,0.05263157894736842,19,0.06446075439453125
ordinary_baseline,C,2,0.10526315789473684,19,0.06446075439453125
ordinary_baseline,(,3,0.15789473684210525,19,0.04843902587890625
ordinary_baseline,[*],4,0.21052631578947367,19,0.063751220703125
ordinary_baseline,),5,0.2631578947368421,19,0.03421640396118164
ordinary_baseline,C,6,0.3157894736842105,19,0.09437131881713867
ordinary_baseline,(,7,0.3684210526315789,19,0.037789344787597656
ordinary_baseline,=,8,0.42105263157894735,19,0.006892204284667969
ordinary_baseline,O,9,0.47368421052631576,19,0.39509105682373047
ordinary_baseline,),10,0.5263157894736842,19,0.23056507110595703
ordinary_baseline,N,11,0.5789473684210527,19,0.0881047248840332
ordinary_baseline,1,12,0.631578947368421,19,0.27920007705688477
ordinary_baseline,C,13,0.6842105263157895,19,0.5166397094726562
ordinary_baseline,C,14,0.7368421052631579,19,0.5166397094726562
ordinary_baseline,O,15,0.7894736842105263,19,0.5012550354003906
ordinary_baseline,C,16,0.8421052631578947,19,0.27876806259155273
ordinary_baseline,C,17,0.8947368421052632,19,0.27876806259155273
ordinary_baseline,1,18,0.9473684210526315,19,0.07486200332641602
ordinary_baseline,O,0,0.0,41,0.6693916320800781
ordinary_baseline,(,1,0.024390243902439025,41,0.674074649810791
ordinary_baseline,[*],2,0.04878048780487805,41,0.6592197418212891
ordinary_baseline,),3,0.07317073170731707,41,0.7916712760925293
ordinary_baseline,C,4,0.0975609756097561,41,0.7831707000732422
ordinary_baseline,(,5,0.12195121951219512,41,0.8053340911865234
ordinary_baseline,=,6,0.14634146341463414,41,0.47992610931396484
ordinary_baseline,O,7,0.17073170731707318,41,0.6042747497558594
ordinary_baseline,),8,0.1951219512195122,41,0.57269287109375
ordinary_baseline,O,9,0.21951219512195122,41,0.6217975616455078
ordinary_baseline,c,10,0.24390243902439024,41,0.5481400489807129
ordinary_baseline,1,11,0.2682926829268293,41,0.5352582931518555
ordinary_baseline,c,12,0.2926829268292683,41,0.40030431747436523
ordinary_baseline,(,13,0.3170731707317073,41,0.3358607292175293
ordinary_baseline,O,14,0.34146341463414637,41,0.5154480934143066
ordinary_baseline,C,15,0.36585365853658536,41,0.20116186141967773
ordinary_baseline,),16,0.3902439024390244,41,0.1168813705444336
ordinary_baseline,c,17,0.4146341463414634,41,0.15066051483154297
ordinary_baseline,c,18,0.43902439024390244,41,0.15066051483154297
ordinary_baseline,(,19,0.4634146341463415,41,0.25156593322753906
ordinary_baseline,c,20,0.4878048780487805,41,0.24367141723632812
ordinary_baseline,c,21,0.5121951219512195,41,0.24367141723632812
ordinary_baseline,1,22,0.5365853658536586,41,0.30228137969970703
ordinary_baseline,),23,0.5609756097560976,41,0.19789409637451172
ordinary_baseline,C,24,0.5853658536585366,41,0.16219758987426758
ordinary_baseline,(,25,0.6097560975609756,41,0.09056377410888672
ordinary_baseline,C,26,0.6341463414634146,41,0.16167783737182617
ordinary_baseline,),27,0.6585365853658537,41,0.044338226318359375
ordinary_baseline,c,28,0.6829268292682927,41,0.05837059020996094
ordinary_baseline,1,29,0.7073170731707317,41,0.05879974365234375
ordinary_baseline,c,30,0.7317073170731707,41,0.1001119613647461
ordinary_baseline,c,31,0.7560975609756098,41,0.1001119613647461
ordinary_baseline,c,32,0.7804878048780488,41,0.1001119613647461
ordinary_baseline,(,33,0.8048780487804879,41,0.061994075775146484
ordinary_baseline,c,34,0.8292682926829268,41,0.16705989837646484
ordinary_baseline,c,35,0.8536585365853658,41,0.16705989837646484
ordinary_baseline,1,36,0.8780487804878049,41,0.15423965454101562
ordinary_baseline,),37,0.9024390243902439,41,0.16799497604370117
ordinary_baseline,(,38,0.926829268292683,41,0.11237525939941406
ordinary_baseline,[*],39,0.9512195121951219,41,0.03461313247680664
ordinary_baseline,),40,0.975609756097561,41,0.2656736373901367
ordinary_baseline,[*],0,0.0,89,0.39947509765625
ordinary_baseline,O,1,0.011235955056179775,89,0.4081730842590332
ordinary_baseline,c,2,0.02247191011235955,89,0.18616175651550293
ordinary_baseline,1,3,0.033707865168539325,89,0.2222270965576172
ordinary_baseline,c,4,0.0449438202247191,89,0.09426021575927734
ordinary_baseline,c,5,0.056179775280898875,89,0.09426021575927734
ordinary_baseline,c,6,0.06741573033707865,89,0.09426021575927734
ordinary_baseline,(,7,0.07865168539325842,89,0.09370231628417969
ordinary_baseline,N,8,0.0898876404494382,89,0.029002666473388672
ordinary_baseline,C,9,0.10112359550561797,89,0.1315631866455078
ordinary_baseline,(,10,0.11235955056179775,89,0.20360660552978516
ordinary_baseline,=,11,0.12359550561797752,89,0.04959821701049805
ordinary_baseline,O,12,0.1348314606741573,89,0.24293780326843262
ordinary_baseline,),13,0.14606741573033707,89,0.2887411117553711
ordinary_baseline,c,14,0.15730337078651685,89,0.30566883087158203
ordinary_baseline,2,15,0.16853932584269662,89,0.2795841693878174
ordinary_baseline,c,16,0.1797752808988764,89,0.44452810287475586
ordinary_baseline,c,17,0.19101123595505617,89,0.44452810287475586
ordinary_baseline,(,18,0.20224719101123595,89,0.45082807540893555
ordinary_baseline,C,19,0.21348314606741572,89,0.48769235610961914
ordinary_baseline,(,20,0.2247191011235955,89,0.45441508293151855
ordinary_baseline,=,21,0.23595505617977527,89,0.40836596488952637
ordinary_baseline,O,22,0.24719101123595505,89,0.7818357944488525
ordinary_baseline,),23,0.25842696629213485,89,0.6848106384277344
ordinary_baseline,N,24,0.2696629213483146,89,0.6958510875701904
ordinary_baseline,c,25,0.2808988764044944,89,0.5873205661773682
ordinary_baseline,3,26,0.29213483146067415,89,0.5511612892150879
ordinary_baseline,c,27,0.30337078651685395,89,0.3919837474822998
ordinary_baseline,c,28,0.3146067415730337,89,0.3919837474822998
ordinary_baseline,c,29,0.3258426966292135,89,0.3919837474822998
ordinary_baseline,(,30,0.33707865168539325,89,0.45551085472106934
ordinary_baseline,O,31,0.34831460674157305,89,0.6469945907592773
ordinary_baseline,c,32,0.3595505617977528,89,0.5686993598937988
ordinary_baseline,4,33,0.3707865168539326,89,0.5399925708770752
ordinary_baseline,c,34,0.38202247191011235,89,0.521000862121582
ordinary_baseline,c,35,0.39325842696629215,89,0.521000862121582
ordinary_baseline,c,36,0.4044943820224719,89,0.521000862121582
ordinary_baseline,(,37,0.4157303370786517,89,0.5593652725219727
ordinary_baseline,C,38,0.42696629213483145,89,0.5767691135406494
ordinary_baseline,5,39,0.43820224719101125,89,0.5150270462036133
ordinary_baseline,(,40,0.449438202247191,89,0.6009602546691895
ordinary_baseline,c,41,0.4606741573033708,89,0.5157098770141602
ordinary_baseline,6,42,0.47191011235955055,89,0.5040111541748047
ordinary_baseline,c,43,0.48314606741573035,89,0.48925256729125977
ordinary_baseline,c,44,0.4943820224719101,89,0.48925256729125977
ordinary_baseline,c,45,0.5056179775280899,89,0.48925256729125977
ordinary_baseline,(,46,0.5168539325842697,89,0.4698657989501953
ordinary_baseline,[*],47,0.5280898876404494,89,0.5558862686157227
ordinary_baseline,),48,0.5393258426966292,89,0.3813955783843994
ordinary_baseline,c,49,0.550561797752809,89,0.22742652893066406
ordinary_baseline,c,50,0.5617977528089888,89,0.22742652893066406
ordinary_baseline,6,51,0.5730337078651685,89,0.2659158706665039
ordinary_baseline,),52,0.5842696629213483,89,0.26310300827026367
ordinary_baseline,C,53,0.5955056179775281,89,0.30419015884399414
ordinary_baseline,C,54,0.6067415730337079,89,0.30419015884399414
ordinary_baseline,6,55,0.6179775280898876,89,0.2827620506286621
ordinary_baseline,C,56,0.6292134831460674,89,0.2788686752319336
ordinary_baseline,C,57,0.6404494382022472,89,0.2788686752319336
ordinary_baseline,C,58,0.651685393258427,89,0.2788686752319336
ordinary_baseline,5,59,0.6629213483146067,89,0.08784055709838867
ordinary_baseline,C,60,0.6741573033707865,89,0.1901712417602539
ordinary_baseline,6,61,0.6853932584269663,89,0.21245718002319336
ordinary_baseline,),62,0.6966292134831461,89,0.12457036972045898
ordinary_baseline,c,63,0.7078651685393258,89,0.07599163055419922
ordinary_baseline,c,64,0.7191011235955056,89,0.07599163055419922
ordinary_baseline,4,65,0.7303370786516854,89,0.08402442932128906
ordinary_baseline,),66,0.7415730337078652,89,0.11014223098754883
ordinary_baseline,c,67,0.7528089887640449,89,0.11076688766479492
ordinary_baseline,c,68,0.7640449438202247,89,0.11076688766479492
ordinary_baseline,3,69,0.7752808988764045,89,0.027551651000976562
ordinary_baseline,),70,0.7865168539325843,89,0.022279739379882812
ordinary_baseline,c,71,0.797752808988764,89,0.010369300842285156
ordinary_baseline,c,72,0.8089887640449438,89,0.010369300842285156
ordinary_baseline,(,73,0.8202247191011236,89,0.09941434860229492
ordinary_baseline,C,74,0.8314606741573034,89,0.13270211219787598
ordinary_baseline,(,75,0.8426966292134831,89,0.16197514533996582
ordinary_baseline,C,76,0.8539325842696629,89,0.20686841011047363
ordinary_baseline,),77,0.8651685393258427,89,0.13274097442626953
ordinary_baseline,(,78,0.8764044943820225,89,0.14406919479370117
ordinary_baseline,C,79,0.8876404494382022,89,0.16205096244812012
ordinary_baseline,),80,0.898876404494382,89,0.21134328842163086
ordinary_baseline,C,81,0.9101123595505618,89,0.24252843856811523
ordinary_baseline,),82,0.9213483146067416,89,0.2038259506225586
ordinary_baseline,c,83,0.9325842696629213,89,0.17812204360961914
ordinary_baseline,2,84,0.9438202247191011,89,0.013502120971679688
ordinary_baseline,),85,0.9550561797752809,89,0.04540443420410156
ordinary_baseline,c,86,0.9662921348314607,89,0.0325007438659668
ordinary_baseline,c,87,0.9775280898876404,89,0.0325007438659668
ordinary_baseline,1,88,0.9887640449438202,89,0.01855754852294922
ordinary_baseline,[*],0,0.0,32,1.441133975982666
ordinary_baseline,c,1,0.03125,32,1.4361205101013184
ordinary_baseline,1,2,0.0625,32,1.126504898071289
ordinary_baseline,c,3,0.09375,32,1.1090888977050781
ordinary_baseline,c,4,0.125,32,1.1090888977050781
ordinary_baseline,c,5,0.15625,32,1.1090888977050781
ordinary_baseline,2,6,0.1875,32,1.369835376739502
ordinary_baseline,c,7,0.21875,32,1.3693675994873047
ordinary_baseline,(,8,0.25,32,1.2183637619018555
ordinary_baseline,c,9,0.28125,32,1.3480052947998047
ordinary_baseline,1,10,0.3125,32,1.4045453071594238
ordinary_baseline,),11,0.34375,32,1.020451545715332
ordinary_baseline,c,12,0.375,32,1.0978059768676758
ordinary_baseline,1,13,0.40625,32,1.0565567016601562
ordinary_baseline,c,14,0.4375,32,0.9738292694091797
ordinary_baseline,c,15,0.46875,32,0.9738292694091797
ordinary_baseline,(,16,0.5,32,0.7246947288513184
ordinary_baseline,[*],17,0.53125,32,1.0845589637756348
ordinary_baseline,),18,0.5625,32,0.8014001846313477
ordinary_baseline,c,19,0.59375,32,0.8122754096984863
ordinary_baseline,c,20,0.625,32,0.8122754096984863
ordinary_baseline,c,21,0.65625,32,0.8122754096984863
ordinary_baseline,1,22,0.6875,32,0.9220809936523438
ordinary_baseline,n,23,0.71875,32,1.084057331085205
ordinary_baseline,2,24,0.75,32,1.0519309043884277
ordinary_baseline,C,25,0.78125,32,0.6749486923217773
ordinary_baseline,(,26,0.8125,32,0.41484928131103516
ordinary_baseline,=,27,0.84375,32,0.46270298957824707
ordinary_baseline,O,28,0.875,32,0.2514362335205078
ordinary_baseline,),29,0.90625,32,0.06595706939697266
ordinary_baseline,N,30,0.9375,32,0.2267460823059082
ordinary_baseline,O,31,0.96875,32,0.04712057113647461
ordinary_baseline,[*],0,0.0,68,0.9900915622711182
ordinary_baseline,O,1,0.014705882352941176,68,0.9744746685028076
ordinary_baseline,C,2,0.029411764705882353,68,0.6709184646606445
ordinary_baseline,(,3,0.04411764705882353,68,0.7781689167022705
ordinary_baseline,=,4,0.058823529411764705,68,0.49169206619262695
ordinary_baseline,O,5,0.07352941176470588,68,0.5602946281433105
ordinary_baseline,),6,0.08823529411764706,68,0.26812744140625
ordinary_baseline,C,7,0.10294117647058823,68,0.12046289443969727
ordinary_baseline,(,8,0.11764705882352941,68,0.13243675231933594
ordinary_baseline,C,9,0.1323529411764706,68,0.13588428497314453
ordinary_baseline,c,10,0.14705882352941177,68,0.09027242660522461
ordinary_baseline,1,11,0.16176470588235295,68,0.030934810638427734
ordinary_baseline,c,12,0.17647058823529413,68,0.003958702087402344
ordinary_baseline,c,13,0.19117647058823528,68,0.003958702087402344
ordinary_baseline,c,14,0.20588235294117646,68,0.003958702087402344
ordinary_baseline,c,15,0.22058823529411764,68,0.003958702087402344
ordinary_baseline,c,16,0.23529411764705882,68,0.003958702087402344
ordinary_baseline,1,17,0.25,68,0.06609964370727539
ordinary_baseline,),18,0.2647058823529412,68,0.27983903884887695
ordinary_baseline,N,19,0.27941176470588236,68,0.2586021423339844
ordinary_baseline,C,20,0.29411764705882354,68,0.3002204895019531
ordinary_baseline,(,21,0.3088235294117647,68,0.33721256256103516
ordinary_baseline,=,22,0.3235294117647059,68,0.18551063537597656
ordinary_baseline,O,23,0.3382352941176471,68,0.4282541275024414
ordinary_baseline,),24,0.35294117647058826,68,0.37180042266845703
ordinary_baseline,C,25,0.36764705882352944,68,0.4083576202392578
ordinary_baseline,C,26,0.38235294117647056,68,0.4083576202392578
ordinary_baseline,C,27,0.39705882352941174,68,0.4083576202392578
ordinary_baseline,C,28,0.4117647058823529,68,0.4083576202392578
ordinary_baseline,C,29,0.4264705882352941,68,0.4083576202392578
ordinary_baseline,(,30,0.4411764705882353,68,0.41077136993408203
ordinary_baseline,=,31,0.45588235294117646,68,0.23720073699951172
ordinary_baseline,O,32,0.47058823529411764,68,0.3307805061340332
ordinary_baseline,),33,0.4852941176470588,68,0.5026507377624512
ordinary_baseline,N,34,0.5,68,0.48547840118408203
ordinary_baseline,C,35,0.5147058823529411,68,0.5797944068908691
ordinary_baseline,(,36,0.5294117647058824,68,0.5527195930480957
ordinary_baseline,C,37,0.5441176470588235,68,0.5011796951293945
ordinary_baseline,c,38,0.5588235294117647,68,0.4559950828552246
ordinary_baseline,1,39,0.5735294117647058,68,0.3817939758300781
ordinary_baseline,c,40,0.5882352941176471,68,0.15609312057495117
ordinary_baseline,c,41,0.6029411764705882,68,0.15609312057495117
ordinary_baseline,c,42,0.6176470588235294,68,0.15609312057495117
ordinary_baseline,c,43,0.6323529411764706,68,0.15609312057495117
ordinary_baseline,c,44,0.6470588235294118,68,0.15609312057495117
ordinary_baseline,1,45,0.6617647058823529,68,0.09750843048095703
ordinary_baseline,),46,0.6764705882352942,68,0.11872529983520508
ordinary_baseline,C,47,0.6911764705882353,68,0.14435958862304688
ordinary_baseline,(,48,0.7058823529411765,68,0.14875268936157227
ordinary_baseline,=,49,0.7205882352941176,68,0.03787708282470703
ordinary_baseline,O,50,0.7352941176470589,68,0.005491733551025391
ordinary_baseline,),51,0.75,68,0.02901458740234375
ordinary_baseline,O,52,0.7647058823529411,68,0.024732112884521484
ordinary_baseline,C,53,0.7794117647058824,68,0.08472728729248047
ordinary_baseline,1,54,0.7941176470588235,68,0.20331430435180664
ordinary_baseline,C,55,0.8088235294117647,68,0.1190652847290039
ordinary_baseline,O,56,0.8235294117647058,68,0.09458446502685547
ordinary_baseline,C,57,0.8382352941176471,68,0.032578468322753906
ordinary_baseline,2,58,0.8529411764705882,68,0.1210317611694336
ordinary_baseline,C,59,0.8676470588235294,68,0.031160354614257812
ordinary_baseline,(,60,0.8823529411764706,68,0.04227590560913086
ordinary_baseline,[*],61,0.8970588235294118,68,0.06500053405761719
ordinary_baseline,),62,0.9117647058823529,68,0.023189067840576172
ordinary_baseline,C,63,0.9264705882352942,68,0.09746360778808594
ordinary_baseline,O,64,0.9411764705882353,68,0.11063337326049805
ordinary_baseline,C,65,0.9558823529411765,68,0.21010971069335938
ordinary_baseline,1,66,0.9705882352941176,68,0.03584480285644531
ordinary_baseline,2,67,0.9852941176470589,68,0.10797882080078125
ordinary_baseline,[*],0,0.0,46,0.5315818786621094
ordinary_baseline,C,1,0.021739130434782608,46,0.5233211517333984
ordinary_baseline,C,2,0.043478260869565216,46,0.5233211517333984
ordinary_baseline,O,3,0.06521739130434782,46,0.6698160171508789
ordinary_baseline,C,4,0.08695652173913043,46,0.5148172378540039
ordinary_baseline,C,5,0.10869565217391304,46,0.5148172378540039
ordinary_baseline,O,6,0.13043478260869565,46,0.29448366165161133
ordinary_baseline,C,7,0.15217391304347827,46,0.3771095275878906
ordinary_baseline,C,8,0.17391304347826086,46,0.3771095275878906
ordinary_baseline,O,9,0.1956521739130435,46,0.3424344062805176
ordinary_baseline,C,10,0.21739130434782608,46,0.3019728660583496
ordinary_baseline,(,11,0.2391304347826087,46,0.1032094955444336
ordinary_baseline,=,12,0.2608695652173913,46,0.44773340225219727
ordinary_baseline,O,13,0.2826086956521739,46,0.201904296875
ordinary_baseline,),14,0.30434782608695654,46,0.1654210090637207
ordinary_baseline,C,15,0.32608695652173914,46,0.21007347106933594
ordinary_baseline,=,16,0.34782608695652173,46,0.5970430374145508
ordinary_baseline,C,17,0.3695652173913043,46,0.4865078926086426
ordinary_baseline,C,18,0.391304347826087,46,0.4865078926086426
ordinary_baseline,(,19,0.41304347826086957,46,0.5128788948059082
ordinary_baseline,=,20,0.43478260869565216,46,0.5660386085510254
ordinary_baseline,O,21,0.45652173913043476,46,0.25064945220947266
ordinary_baseline,),22,0.4782608695652174,46,0.27516698837280273
ordinary_baseline,N,23,0.5,46,0.37682247161865234
ordinary_baseline,C,24,0.5217391304347826,46,0.3520665168762207
ordinary_baseline,C,25,0.5434782608695652,46,0.3520665168762207
ordinary_baseline,C,26,0.5652173913043478,46,0.3520665168762207
ordinary_baseline,C,27,0.5869565217391305,46,0.3520665168762207
ordinary_baseline,C,28,0.6086956521739131,46,0.3520665168762207
ordinary_baseline,C,29,0.6304347826086957,46,0.3520665168762207
ordinary_baseline,N,30,0.6521739130434783,46,0.14321231842041016
ordinary_baseline,C,31,0.6739130434782609,46,0.1703028678894043
ordinary_baseline,(,32,0.6956521739130435,46,0.16250371932983398
ordinary_baseline,=,33,0.717391304347826,46,0.3368535041809082
ordinary_baseline,O,34,0.7391304347826086,46,0.19929933547973633
ordinary_baseline,),35,0.7608695652173914,46,0.05025339126586914
ordinary_baseline,C,36,0.782608695652174,46,0.056792259216308594
ordinary_baseline,=,37,0.8043478260869565,46,0.36176347732543945
ordinary_baseline,C,38,0.8260869565217391,46,0.006629467010498047
ordinary_baseline,C,39,0.8478260869565217,46,0.006629467010498047
ordinary_baseline,(,40,0.8695652173913043,46,0.0032448768615722656
ordinary_baseline,=,41,0.8913043478260869,46,0.3170146942138672
ordinary_baseline,O,42,0.9130434782608695,46,0.031464576721191406
ordinary_baseline,),43,0.9347826086956522,46,0.031705379486083984
ordinary_baseline,O,44,0.9565217391304348,46,0.007027626037597656
ordinary_baseline,[*],45,0.9782608695652174,46,0.04315328598022461
ordinary_baseline,[*],0,0.0,26,0.0172271728515625
ordinary_baseline,C,1,0.038461538461538464,26,0.013115406036376953
ordinary_baseline,C,2,0.07692307692307693,26,0.013115406036376953
ordinary_baseline,C,3,0.11538461538461539,26,0.013115406036376953
ordinary_baseline,C,4,0.15384615384615385,26,0.013115406036376953
ordinary_baseline,c,5,0.19230769230769232,26,0.1620769500732422
ordinary_baseline,1,6,0.23076923076923078,26,0.22710943222045898
ordinary_baseline,n,7,0.2692307692307692,26,0.22426605224609375
ordinary_baseline,c,8,0.3076923076923077,26,0.048061370849609375
ordinary_baseline,2,9,0.34615384615384615,26,0.10017156600952148
ordinary_baseline,c,10,0.38461538461538464,26,0.04343080520629883
ordinary_baseline,c,11,0.4230769230769231,26,0.04343080520629883
ordinary_baseline,3,12,0.46153846153846156,26,0.057908058166503906
ordinary_baseline,s,13,0.5,26,0.0919642448425293
ordinary_baseline,c,14,0.5384615384615384,26,0.17946863174438477
ordinary_baseline,(,15,0.5769230769230769,26,0.2332139015197754
ordinary_baseline,[*],16,0.6153846153846154,26,0.3221111297607422
ordinary_baseline,),17,0.6538461538461539,26,0.5758969783782959
ordinary_baseline,n,18,0.6923076923076923,26,0.8374128341674805
ordinary_baseline,c,19,0.7307692307692307,26,0.8364307880401611
ordinary_baseline,3,20,0.7692307692307693,26,1.09938383102417
ordinary_baseline,c,21,0.8076923076923077,26,0.6466367244720459
ordinary_baseline,c,22,0.8461538461538461,26,0.6466367244720459
ordinary_baseline,2,23,0.8846153846153846,26,0.4776291847229004
ordinary_baseline,s,24,0.9230769230769231,26,0.01299428939819336
ordinary_baseline,1,25,0.9615384615384616,26,0.005080699920654297
ordinary_baseline,[*],0,0.0,14,0.030848979949951172
ordinary_baseline,C,1,0.07142857142857142,14,0.14528226852416992
ordinary_baseline,C,2,0.14285714285714285,14,0.14528226852416992
ordinary_baseline,(,3,0.21428571428571427,14,0.06078767776489258
ordinary_baseline,[*],4,0.2857142857142857,14,0.3395400047302246
ordinary_baseline,),5,0.35714285714285715,14,0.35425472259521484
ordinary_baseline,C,6,0.42857142857142855,14,0.48362016677856445
ordinary_baseline,(,7,0.5,14,0.6269564628601074
ordinary_baseline,=,8,0.5714285714285714,14,0.07516288757324219
ordinary_baseline,O,9,0.6428571428571429,14,0.30876636505126953
ordinary_baseline,),10,0.7142857142857143,14,0.13453912734985352
ordinary_baseline,N,11,0.7857142857142857,14,0.36289119720458984
ordinary_baseline,C,12,0.8571428571428571,14,0.26373815536499023
ordinary_baseline,O,13,0.9285714285714286,14,0.11703062057495117
ordinary_baseline,[*],0,0.0,31,0.8412022590637207
ordinary_baseline,C,1,0.03225806451612903,31,0.8500981330871582
ordinary_baseline,C,2,0.06451612903225806,31,0.8500981330871582
ordinary_baseline,(,3,0.0967741935483871,31,0.9221882820129395
ordinary_baseline,[*],4,0.12903225806451613,31,0.7988376617431641
ordinary_baseline,),5,0.16129032258064516,31,0.37996625900268555
ordinary_baseline,n,6,0.1935483870967742,31,0.04957389831542969
ordinary_baseline,1,7,0.22580645161290322,31,0.22738909721374512
ordinary_baseline,c,8,0.25806451612903225,31,0.027094364166259766
ordinary_baseline,2,9,0.2903225806451613,31,0.0475926399230957
ordinary_baseline,c,10,0.3225806451612903,31,0.12163782119750977
ordinary_baseline,c,11,0.3548387096774194,31,0.12163782119750977
ordinary_baseline,c,12,0.3870967741935484,31,0.12163782119750977
ordinary_baseline,(,13,0.41935483870967744,31,0.41428232192993164
ordinary_baseline,I,14,0.45161290322580644,31,0.35488033294677734
ordinary_baseline,),15,0.4838709677419355,31,0.4810948371887207
ordinary_baseline,c,16,0.5161290322580645,31,0.41184377670288086
ordinary_baseline,c,17,0.5483870967741935,31,0.41184377670288086
ordinary_baseline,2,18,0.5806451612903226,31,0.314838171005249
ordinary_baseline,c,19,0.6129032258064516,31,0.23647189140319824
ordinary_baseline,2,20,0.6451612903225806,31,0.17152833938598633
ordinary_baseline,c,21,0.6774193548387096,31,0.2698380947113037
ordinary_baseline,c,22,0.7096774193548387,31,0.2698380947113037
ordinary_baseline,(,23,0.7419354838709677,31,0.2754092216491699
ordinary_baseline,I,24,0.7741935483870968,31,0.31158018112182617
ordinary_baseline,),25,0.8064516129032258,31,0.19157910346984863
ordinary_baseline,c,26,0.8387096774193549,31,0.2703840732574463
ordinary_baseline,c,27,0.8709677419354839,31,0.2703840732574463
ordinary_baseline,c,28,0.9032258064516129,31,0.2703840732574463
ordinary_baseline,2,29,0.9354838709677419,31,0.1951596736907959
ordinary_baseline,1,30,0.967741935483871,31,0.06358933448791504
ordinary_baseline,[*],0,0.0,44,1.261657476425171
ordinary_baseline,O,1,0.022727272727272728,44,1.2444515228271484
ordinary_baseline,c,2,0.045454545454545456,44,0.5967421531677246
ordinary_baseline,1,3,0.06818181818181818,44,0.6441779136657715
ordinary_baseline,c,4,0.09090909090909091,44,0.4861569404602051
ordinary_baseline,c,5,0.11363636363636363,44,0.4861569404602051
ordinary_baseline,c,6,0.13636363636363635,44,0.4861569404602051
ordinary_baseline,(,7,0.1590909090909091,44,0.4415583610534668
ordinary_baseline,C,8,0.18181818181818182,44,0.5072760581970215
ordinary_baseline,(,9,0.20454545454545456,44,0.546330451965332
ordinary_baseline,C,10,0.22727272727272727,44,0.45656585693359375
ordinary_baseline,),11,0.25,44,0.47520875930786133
ordinary_baseline,(,12,0.2727272727272727,44,0.5486435890197754
ordinary_baseline,C,13,0.29545454545454547,44,0.5042963027954102
ordinary_baseline,),14,0.3181818181818182,44,0.47971391677856445
ordinary_baseline,c,15,0.3409090909090909,44,0.3775453567504883
ordinary_baseline,2,16,0.36363636363636365,44,0.26751708984375
ordinary_baseline,c,17,0.38636363636363635,44,0.31629085540771484
ordinary_baseline,c,18,0.4090909090909091,44,0.31629085540771484
ordinary_baseline,c,19,0.4318181818181818,44,0.31629085540771484
ordinary_baseline,(,20,0.45454545454545453,44,0.32819223403930664
ordinary_baseline,O,21,0.4772727272727273,44,0.31922245025634766
ordinary_baseline,c,22,0.5,44,0.2770686149597168
ordinary_baseline,3,23,0.5227272727272727,44,0.31748008728027344
ordinary_baseline,n,24,0.5454545454545454,44,0.30979061126708984
ordinary_baseline,c,25,0.5681818181818182,44,0.22676324844360352
ordinary_baseline,(,26,0.5909090909090909,44,0.2561969757080078
ordinary_baseline,[*],27,0.6136363636363636,44,0.3231525421142578
ordinary_baseline,),28,0.6363636363636364,44,0.38968372344970703
ordinary_baseline,n,29,0.6590909090909091,44,0.4421224594116211
ordinary_baseline,c,30,0.6818181818181818,44,0.3817625045776367
ordinary_baseline,(,31,0.7045454545454546,44,0.3313932418823242
ordinary_baseline,Cl,32,0.7272727272727273,44,0.3300771713256836
ordinary_baseline,),33,0.75,44,0.26819562911987305
ordinary_baseline,n,34,0.7727272727272727,44,0.14047670364379883
ordinary_baseline,3,35,0.7954545454545454,44,0.0452275276184082
ordinary_baseline,),36,0.8181818181818182,44,0.2597060203552246
ordinary_baseline,c,37,0.8409090909090909,44,0.23647642135620117
ordinary_baseline,c,38,0.8636363636363636,44,0.23647642135620117
ordinary_baseline,2,39,0.8863636363636364,44,0.16008996963500977
ordinary_baseline,),40,0.9090909090909091,44,0.1732497215270996
ordinary_baseline,c,41,0.9318181818181818,44,0.06680440902709961
ordinary_baseline,c,42,0.9545454545454546,44,0.06680440902709961
ordinary_baseline,1,43,0.9772727272727273,44,0.07270431518554688
ordinary_baseline,[*],0,0.0,20,0.9902353286743164
ordinary_baseline,C,1,0.05,20,1.1621642112731934
ordinary_baseline,=,2,0.1,20,2.0482378005981445
ordinary_baseline,C,3,0.15,20,0.7433466911315918
ordinary_baseline,C,4,0.2,20,0.7433466911315918
ordinary_baseline,1,5,0.25,20,0.7143268585205078
ordinary_baseline,C,6,0.3,20,0.31778907775878906
ordinary_baseline,C,7,0.35,20,0.31778907775878906
ordinary_baseline,(,8,0.4,20,0.30446910858154297
ordinary_baseline,[*],9,0.45,20,0.14373254776000977
ordinary_baseline,),10,0.5,20,0.008186817169189453
ordinary_baseline,C,11,0.55,20,0.058207035064697266
ordinary_baseline,2,12,0.6,20,0.38313913345336914
ordinary_baseline,C,13,0.65,20,0.008568763732910156
ordinary_baseline,C,14,0.7,20,0.008568763732910156
ordinary_baseline,=,15,0.75,20,1.3194494247436523
ordinary_baseline,C,16,0.8,20,0.11949920654296875
ordinary_baseline,C,17,0.85,20,0.11949920654296875
ordinary_baseline,1,18,0.9,20,0.21735858917236328
ordinary_baseline,2,19,0.95,20,0.13263702392578125
ordinary_baseline,[*],0,0.0,56,0.22403216361999512
ordinary_baseline,c,1,0.017857142857142856,56,0.2708775997161865
ordinary_baseline,1,2,0.03571428571428571,56,0.4802672863006592
ordinary_baseline,n,3,0.05357142857142857,56,0.5660107135772705
ordinary_baseline,c,4,0.07142857142857142,56,0.5148167610168457
ordinary_baseline,2,5,0.08928571428571429,56,0.4486711025238037
ordinary_baseline,c,6,0.10714285714285714,56,0.49848246574401855
ordinary_baseline,c,7,0.125,56,0.49848246574401855
ordinary_baseline,c,8,0.14285714285714285,56,0.49848246574401855
ordinary_baseline,(,9,0.16071428571428573,56,0.44431209564208984
ordinary_baseline,-,10,0.17857142857142858,56,0.11046767234802246
ordinary_baseline,c,11,0.19642857142857142,56,0.24619603157043457
ordinary_baseline,3,12,0.21428571428571427,56,0.14841103553771973
ordinary_baseline,c,13,0.23214285714285715,56,0.17416048049926758
ordinary_baseline,c,14,0.25,56,0.17416048049926758
ordinary_baseline,c,15,0.26785714285714285,56,0.17416048049926758
ordinary_baseline,4,16,0.2857142857142857,56,0.14350676536560059
ordinary_baseline,n,17,0.30357142857142855,56,0.20536017417907715
ordinary_baseline,c,18,0.32142857142857145,56,0.13622403144836426
ordinary_baseline,(,19,0.3392857142857143,56,0.14212346076965332
ordinary_baseline,-,20,0.35714285714285715,56,0.07543611526489258
ordinary_baseline,c,21,0.375,56,0.038568735122680664
ordinary_baseline,5,22,0.39285714285714285,56,0.09245014190673828
ordinary_baseline,c,23,0.4107142857142857,56,0.18239331245422363
ordinary_baseline,c,24,0.42857142857142855,56,0.18239331245422363
ordinary_baseline,c,25,0.44642857142857145,56,0.18239331245422363
ordinary_baseline,c,26,0.4642857142857143,56,0.18239331245422363
ordinary_baseline,6,27,0.48214285714285715,56,0.10443234443664551
ordinary_baseline,c,28,0.5,56,0.13688874244689941
ordinary_baseline,c,29,0.5178571428571429,56,0.13688874244689941
ordinary_baseline,7,30,0.5357142857142857,56,0.060712337493896484
ordinary_baseline,c,31,0.5535714285714286,56,0.08503365516662598
ordinary_baseline,(,32,0.5714285714285714,56,0.012813568115234375
ordinary_baseline,[*],33,0.5892857142857143,56,0.01596522331237793
ordinary_baseline,),34,0.6071428571428571,56,0.01631331443786621
ordinary_baseline,c,35,0.625,56,0.014812707901000977
ordinary_baseline,c,36,0.6428571428571429,56,0.014812707901000977
ordinary_baseline,c,37,0.6607142857142857,56,0.014812707901000977
ordinary_baseline,c,38,0.6785714285714286,56,0.014812707901000977
ordinary_baseline,7,39,0.6964285714285714,56,0.05347108840942383
ordinary_baseline,c,40,0.7142857142857143,56,0.030247926712036133
ordinary_baseline,c,41,0.7321428571428571,56,0.030247926712036133
ordinary_baseline,5,42,0.75,56,0.012009859085083008
ordinary_baseline,6,43,0.7678571428571429,56,0.08144640922546387
ordinary_baseline,),44,0.7857142857142857,56,0.11409115791320801
ordinary_baseline,s,45,0.8035714285714286,56,0.010885953903198242
ordinary_baseline,c,46,0.8214285714285714,56,0.31721949577331543
ordinary_baseline,4,47,0.8392857142857143,56,0.3698446750640869
ordinary_baseline,c,48,0.8571428571428571,56,0.49869251251220703
ordinary_baseline,3,49,0.875,56,0.6742587089538574
ordinary_baseline,),50,0.8928571428571429,56,0.34928321838378906
ordinary_baseline,c,51,0.9107142857142857,56,0.37812113761901855
ordinary_baseline,c,52,0.9285714285714286,56,0.37812113761901855
ordinary_baseline,2,53,0.9464285714285714,56,0.36492395401000977
ordinary_baseline,s,54,0.9642857142857143,56,0.21267437934875488
ordinary_baseline,1,55,0.9821428571428571,56,0.10085678100585938
ordinary_baseline,[*],0,0.0,30,0.8030350208282471
ordinary_baseline,C,1,0.03333333333333333,30,0.7419064044952393
ordinary_baseline,(,2,0.06666666666666667,30,1.2384514808654785
ordinary_baseline,S,3,0.1,30,1.4037387371063232
ordinary_baseline,1,4,0.13333333333333333,30,1.170318841934204
ordinary_baseline,),5,0.16666666666666666,30,1.299147605895996
ordinary_baseline,=,6,0.2,30,1.5356719493865967
ordinary_baseline,C,7,0.23333333333333334,30,0.9479930400848389
ordinary_baseline,C,8,0.26666666666666666,30,0.9479930400848389
ordinary_baseline,=,9,0.3,30,1.3365111351013184
ordinary_baseline,C,10,0.3333333333333333,30,0.9938156604766846
ordinary_baseline,1,11,0.36666666666666664,30,1.162412166595459
ordinary_baseline,C,12,0.4,30,1.0284268856048584
ordinary_baseline,(,13,0.43333333333333335,30,1.029764175415039
ordinary_baseline,=,14,0.4666666666666667,30,1.1445729732513428
ordinary_baseline,S,15,0.5,30,0.9710538387298584
ordinary_baseline,),16,0.5333333333333333,30,0.7249734401702881
ordinary_baseline,C,17,0.5666666666666667,30,0.6822187900543213
ordinary_baseline,(,18,0.6,30,0.03220224380493164
ordinary_baseline,S,19,0.6333333333333333,30,0.34688782691955566
ordinary_baseline,2,20,0.6666666666666666,30,0.014256000518798828
ordinary_baseline,),21,0.7,30,0.04723310470581055
ordinary_baseline,=,22,0.7333333333333333,30,0.25296950340270996
ordinary_baseline,C,23,0.7666666666666667,30,0.07428216934204102
ordinary_baseline,C,24,0.8,30,0.07428216934204102
ordinary_baseline,=,25,0.8333333333333334,30,0.2710840702056885
ordinary_baseline,C,26,0.8666666666666667,30,0.1129615306854248
ordinary_baseline,2,27,0.9,30,0.0991811752319336
ordinary_baseline,O,28,0.9333333333333333,30,0.39306092262268066
ordinary_baseline,[*],29,0.9666666666666667,30,0.22004032135009766
ordinary_baseline,[*],0,0.0,63,0.09617900848388672
ordinary_baseline,O,1,0.015873015873015872,63,0.10298633575439453
ordinary_baseline,c,2,0.031746031746031744,63,0.22505474090576172
ordinary_baseline,1,3,0.047619047619047616,63,0.24485206604003906
ordinary_baseline,c,4,0.06349206349206349,63,0.33470678329467773
ordinary_baseline,c,5,0.07936507936507936,63,0.33470678329467773
ordinary_baseline,c,6,0.09523809523809523,63,0.33470678329467773
ordinary_baseline,(,7,0.1111111111111111,63,0.2766122817993164
ordinary_baseline,C,8,0.12698412698412698,63,0.33315420150756836
ordinary_baseline,C,9,0.14285714285714285,63,0.33315420150756836
ordinary_baseline,(,10,0.15873015873015872,63,0.2578892707824707
ordinary_baseline,N,11,0.1746031746031746,63,0.2679119110107422
ordinary_baseline,C,12,0.19047619047619047,63,0.47490930557250977
ordinary_baseline,(,13,0.20634920634920634,63,0.41779613494873047
ordinary_baseline,=,14,0.2222222222222222,63,0.5427818298339844
ordinary_baseline,O,15,0.23809523809523808,63,0.35532093048095703
ordinary_baseline,),16,0.25396825396825395,63,0.35469484329223633
ordinary_baseline,C,17,0.2698412698412698,63,0.3653864860534668
ordinary_baseline,C,18,0.2857142857142857,63,0.3653864860534668
ordinary_baseline,c,19,0.30158730158730157,63,0.4445061683654785
ordinary_baseline,2,20,0.31746031746031744,63,0.35312795639038086
ordinary_baseline,c,21,0.3333333333333333,63,0.4032478332519531
ordinary_baseline,c,22,0.3492063492063492,63,0.4032478332519531
ordinary_baseline,c,23,0.36507936507936506,63,0.4032478332519531
ordinary_baseline,(,24,0.38095238095238093,63,0.34447479248046875
ordinary_baseline,O,25,0.3968253968253968,63,0.38506126403808594
ordinary_baseline,C,26,0.4126984126984127,63,0.3984036445617676
ordinary_baseline,(,27,0.42857142857142855,63,0.40059614181518555
ordinary_baseline,=,28,0.4444444444444444,63,0.6360154151916504
ordinary_baseline,O,29,0.4603174603174603,63,0.4707212448120117
ordinary_baseline,),30,0.47619047619047616,63,0.5988845825195312
ordinary_baseline,C,31,0.49206349206349204,63,0.5459771156311035
ordinary_baseline,C,32,0.5079365079365079,63,0.5459771156311035
ordinary_baseline,C,33,0.5238095238095238,63,0.5459771156311035
ordinary_baseline,C,34,0.5396825396825397,63,0.5459771156311035
ordinary_baseline,C,35,0.5555555555555556,63,0.5459771156311035
ordinary_baseline,C,36,0.5714285714285714,63,0.5459771156311035
ordinary_baseline,C,37,0.5873015873015873,63,0.5459771156311035
ordinary_baseline,(,38,0.6031746031746031,63,0.5226459503173828
ordinary_baseline,[*],39,0.6190476190476191,63,0.4211235046386719
ordinary_baseline,),40,0.6349206349206349,63,0.37603092193603516
ordinary_baseline,=,41,0.6507936507936508,63,0.43973493576049805
ordinary_baseline,O,42,0.6666666666666666,63,0.11804771423339844
ordinary_baseline,),43,0.6825396825396826,63,0.15938282012939453
ordinary_baseline,c,44,0.6984126984126984,63,0.1512465476989746
ordinary_baseline,c,45,0.7142857142857143,63,0.1512465476989746
ordinary_baseline,2,46,0.7301587301587301,63,0.15076255798339844
ordinary_baseline,),47,0.746031746031746,63,0.1260390281677246
ordinary_baseline,C,48,0.7619047619047619,63,0.09158086776733398
ordinary_baseline,(,49,0.7777777777777778,63,0.09012365341186523
ordinary_baseline,=,50,0.7936507936507936,63,0.14584922790527344
ordinary_baseline,O,51,0.8095238095238095,63,0.08527994155883789
ordinary_baseline,),52,0.8253968253968254,63,0.07108306884765625
ordinary_baseline,O,53,0.8412698412698413,63,0.03918647766113281
ordinary_baseline,C,54,0.8571428571428571,63,0.05298185348510742
ordinary_baseline,(,55,0.873015873015873,63,0.014167308807373047
ordinary_baseline,C,56,0.8888888888888888,63,0.02526998519897461
ordinary_baseline,),57,0.9047619047619048,63,0.07207393646240234
ordinary_baseline,C,58,0.9206349206349206,63,0.004637718200683594
ordinary_baseline,),59,0.9365079365079365,63,0.12592458724975586
ordinary_baseline,c,60,0.9523809523809523,63,0.15924453735351562
ordinary_baseline,c,61,0.9682539682539683,63,0.15924453735351562
ordinary_baseline,1,62,0.9841269841269841,63,0.17397308349609375
ordinary_baseline,[*],0,0.0,23,1.1478967666625977
ordinary_baseline,C,1,0.043478260869565216,23,1.39418363571167
ordinary_baseline,=,2,0.08695652173913043,23,1.1745376586914062
ordinary_baseline,C,3,0.13043478260869565,23,0.026459217071533203
ordinary_baseline,C,4,0.17391304347826086,23,0.026459217071533203
ordinary_baseline,1,5,0.21739130434782608,23,0.046648502349853516
ordinary_baseline,C,6,0.2608695652173913,23,0.3125286102294922
ordinary_baseline,C,7,0.30434782608695654,23,0.3125286102294922
ordinary_baseline,(,8,0.34782608695652173,23,0.47977113723754883
ordinary_baseline,[*],9,0.391304347826087,23,1.151689052581787
ordinary_baseline,),10,0.43478260869565216,23,0.45543527603149414
ordinary_baseline,C,11,0.4782608695652174,23,0.6295976638793945
ordinary_baseline,(,12,0.5217391304347826,23,0.6996665000915527
ordinary_baseline,C,13,0.5652173913043478,23,0.8329510688781738
ordinary_baseline,(,14,0.6086956521739131,23,0.7979669570922852
ordinary_baseline,=,15,0.6521739130434783,23,0.01728057861328125
ordinary_baseline,O,16,0.6956521739130435,23,0.9179482460021973
ordinary_baseline,),17,0.7391304347826086,23,0.7643718719482422
ordinary_baseline,O,18,0.782608695652174,23,0.9976382255554199
ordinary_baseline,C,19,0.8260869565217391,23,0.5663509368896484
ordinary_baseline,),20,0.8695652173913043,23,0.4713010787963867
ordinary_baseline,C,21,0.9130434782608695,23,0.2414112091064453
ordinary_baseline,1,22,0.9565217391304348,23,0.038080692291259766
ordinary_baseline,[*],0,0.0,26,0.3214693069458008
ordinary_baseline,N,1,0.038461538461538464,26,0.19243526458740234
ordinary_baseline,C,2,0.07692307692307693,26,0.15630102157592773
ordinary_baseline,(,3,0.11538461538461539,26,0.0033354759216308594
ordinary_baseline,c,4,0.15384615384615385,26,0.2774381637573242
ordinary_baseline,1,5,0.19230769230769232,26,0.1464061737060547
ordinary_baseline,c,6,0.23076923076923078,26,0.342193603515625
ordinary_baseline,c,7,0.2692307692307692,26,0.342193603515625
ordinary_baseline,c,8,0.3076923076923077,26,0.342193603515625
ordinary_baseline,c,9,0.34615384615384615,26,0.342193603515625
ordinary_baseline,c,10,0.38461538461538464,26,0.342193603515625
ordinary_baseline,1,11,0.4230769230769231,26,0.2371516227722168
ordinary_baseline,),12,0.46153846153846156,26,0.2149214744567871
ordinary_baseline,C,13,0.5,26,0.2196049690246582
ordinary_baseline,(,14,0.5384615384615384,26,0.10516738891601562
ordinary_baseline,C,15,0.5769230769230769,26,0.1839885711669922
ordinary_baseline,),16,0.6153846153846154,26,0.017004966735839844
ordinary_baseline,(,17,0.6538461538461539,26,0.19766759872436523
ordinary_baseline,C,18,0.6923076923076923,26,0.20911502838134766
ordinary_baseline,),19,0.7307692307692307,26,0.08829259872436523
ordinary_baseline,C,20,0.7692307692307693,26,0.24506759643554688
ordinary_baseline,(,21,0.8076923076923077,26,0.19902515411376953
ordinary_baseline,[*],22,0.8461538461538461,26,0.15180587768554688
ordinary_baseline,),23,0.8846153846153846,26,0.19611072540283203
ordinary_baseline,=,24,0.9230769230769231,26,0.18752384185791016
ordinary_baseline,O,25,0.9615384615384616,26,0.24176692962646484
ordinary_baseline,[*],0,0.0,20,0.15282344818115234
ordinary_baseline,C,1,0.05,20,0.2363567352294922
ordinary_baseline,C,2,0.1,20,0.2363567352294922
ordinary_baseline,C,3,0.15,20,0.2363567352294922
ordinary_baseline,C,4,0.2,20,0.2363567352294922
ordinary_baseline,C,5,0.25,20,0.2363567352294922
ordinary_baseline,C,6,0.3,20,0.2363567352294922
ordinary_baseline,O,7,0.35,20,0.32579565048217773
ordinary_baseline,C,8,0.4,20,0.006842613220214844
ordinary_baseline,(,9,0.45,20,0.06310081481933594
ordinary_baseline,=,10,0.5,20,0.1487407684326172
ordinary_baseline,O,11,0.55,20,0.3712019920349121
ordinary_baseline,),12,0.6,20,0.2885246276855469
ordinary_baseline,C,13,0.65,20,0.5542292594909668
ordinary_baseline,(,14,0.7,20,0.4178910255432129
ordinary_baseline,=,15,0.75,20,0.03945350646972656
ordinary_baseline,O,16,0.8,20,0.46778011322021484
ordinary_baseline,),17,0.85,20,0.10741710662841797
ordinary_baseline,O,18,0.9,20,0.22289752960205078
ordinary_baseline,[*],19,0.95,20,0.02145671844482422
ordinary_baseline,[*],0,0.0,25,0.2305293083190918
ordinary_baseline,C,1,0.04,25,0.1805729866027832
ordinary_baseline,C,2,0.08,25,0.1805729866027832
ordinary_baseline,C,3,0.12,25,0.1805729866027832
ordinary_baseline,N,4,0.16,25,0.6731648445129395
ordinary_baseline,C,5,0.2,25,0.21345233917236328
ordinary_baseline,(,6,0.24,25,0.14607667922973633
ordinary_baseline,=,7,0.28,25,0.3229813575744629
ordinary_baseline,O,8,0.32,25,0.0005574226379394531
ordinary_baseline,),9,0.36,25,0.07363367080688477
ordinary_baseline,C,10,0.4,25,0.05875062942504883
ordinary_baseline,C,11,0.44,25,0.05875062942504883
ordinary_baseline,C,12,0.48,25,0.05875062942504883
ordinary_baseline,C,13,0.52,25,0.05875062942504883
ordinary_baseline,C,14,0.56,25,0.05875062942504883
ordinary_baseline,(,15,0.6,25,0.060428619384765625
ordinary_baseline,=,16,0.64,25,0.09659433364868164
ordinary_baseline,O,17,0.68,25,0.07811212539672852
ordinary_baseline,),18,0.72,25,0.02702617645263672
ordinary_baseline,N,19,0.76,25,0.028465747833251953
ordinary_baseline,C,20,0.8,25,0.06290960311889648
ordinary_baseline,C,21,0.84,25,0.06290960311889648
ordinary_baseline,C,22,0.88,25,0.06290960311889648
ordinary_baseline,O,23,0.92,25,0.14925527572631836
ordinary_baseline,[*],24,0.96,25,0.03143787384033203
ordinary_baseline,[*],0,0.0,20,0.5022373199462891
ordinary_baseline,C,1,0.05,20,0.42042016983032227
ordinary_baseline,C,2,0.1,20,0.42042016983032227
ordinary_baseline,(,3,0.15,20,0.6507582664489746
ordinary_baseline,[*],4,0.2,20,0.6775832176208496
ordinary_baseline,),5,0.25,20,0.6024665832519531
ordinary_baseline,c,6,0.3,20,0.4657716751098633
ordinary_baseline,1,7,0.35,20,0.27888917922973633
ordinary_baseline,c,8,0.4,20,0.3038921356201172
ordinary_baseline,c,9,0.45,20,0.3038921356201172
ordinary_baseline,c,10,0.5,20,0.3038921356201172
ordinary_baseline,(,11,0.55,20,0.2197742462158203
ordinary_baseline,C,12,0.6,20,0.1853494644165039
ordinary_baseline,),13,0.65,20,0.39969635009765625
ordinary_baseline,c,14,0.7,20,0.34247493743896484
ordinary_baseline,(,15,0.75,20,0.2795686721801758
ordinary_baseline,C,16,0.8,20,0.0784149169921875
ordinary_baseline,),17,0.85,20,0.07489538192749023
ordinary_baseline,c,18,0.9,20,0.09272146224975586
ordinary_baseline,1,19,0.95,20,0.03318595886230469
ordinary_baseline,[*],0,0.0,34,0.77239990234375
ordinary_baseline,c,1,0.029411764705882353,34,0.7967662811279297
ordinary_baseline,1,2,0.058823529411764705,34,0.616459846496582
ordinary_baseline,c,3,0.08823529411764706,34,0.6053156852722168
ordinary_baseline,c,4,0.11764705882352941,34,0.6053156852722168
ordinary_baseline,c,5,0.14705882352941177,34,0.6053156852722168
ordinary_baseline,2,6,0.17647058823529413,34,0.6583328247070312
ordinary_baseline,c,7,0.20588235294117646,34,0.5461716651916504
ordinary_baseline,(,8,0.23529411764705882,34,0.6579017639160156
ordinary_baseline,c,9,0.2647058823529412,34,0.7157754898071289
ordinary_baseline,1,10,0.29411764705882354,34,0.7662525177001953
ordinary_baseline,),11,0.3235294117647059,34,0.5095601081848145
ordinary_baseline,c,12,0.35294117647058826,34,0.5427350997924805
ordinary_baseline,1,13,0.38235294117647056,34,0.6131281852722168
ordinary_baseline,c,14,0.4117647058823529,34,0.5545711517333984
ordinary_baseline,c,15,0.4411764705882353,34,0.5545711517333984
ordinary_baseline,(,16,0.47058823529411764,34,0.40045738220214844
ordinary_baseline,[*],17,0.5,34,0.4560508728027344
ordinary_baseline,),18,0.5294117647058824,34,0.3119544982910156
ordinary_baseline,c,19,0.5588235294117647,34,0.3140277862548828
ordinary_baseline,c,20,0.5882352941176471,34,0.3140277862548828
ordinary_baseline,c,21,0.6176470588235294,34,0.3140277862548828
ordinary_baseline,1,22,0.6470588235294118,34,0.3426802158355713
ordinary_baseline,n,23,0.6764705882352942,34,0.260256290435791
ordinary_baseline,2,24,0.7058823529411765,34,0.22905945777893066
ordinary_baseline,-,25,0.7352941176470589,34,0.16709613800048828
ordinary_baseline,c,26,0.7647058823529411,34,0.07302236557006836
ordinary_baseline,1,27,0.7941176470588235,34,0.03847026824951172
ordinary_baseline,c,28,0.8235294117647058,34,0.03870797157287598
ordinary_baseline,c,29,0.8529411764705882,34,0.03870797157287598
ordinary_baseline,c,30,0.8823529411764706,34,0.03870797157287598
ordinary_baseline,c,31,0.9117647058823529,34,0.03870797157287598
ordinary_baseline,c,32,0.9411764705882353,34,0.03870797157287598
ordinary_baseline,1,33,0.9705882352941176,34,0.059079647064208984
ordinary_baseline,[*],0,0.0,26,0.37468576431274414
ordinary_baseline,C,1,0.038461538461538464,26,0.32590341567993164
ordinary_baseline,C,2,0.07692307692307693,26,0.32590341567993164
ordinary_baseline,C,3,0.11538461538461539,26,0.32590341567993164
ordinary_baseline,C,4,0.15384615384615385,26,0.32590341567993164
ordinary_baseline,C,5,0.19230769230769232,26,0.32590341567993164
ordinary_baseline,C,6,0.23076923076923078,26,0.32590341567993164
ordinary_baseline,N,7,0.2692307692307692,26,0.42289209365844727
ordinary_baseline,C,8,0.3076923076923077,26,0.3151412010192871
ordinary_baseline,(,9,0.34615384615384615,26,0.3304872512817383
ordinary_baseline,=,10,0.38461538461538464,26,0.6292586326599121
ordinary_baseline,O,11,0.4230769230769231,26,0.27007532119750977
ordinary_baseline,),12,0.46153846153846156,26,0.39141225814819336
ordinary_baseline,N,13,0.5,26,0.1319746971130371
ordinary_baseline,C,14,0.5384615384615384,26,0.03744316101074219
ordinary_baseline,C,15,0.5769230769230769,26,0.03744316101074219
ordinary_baseline,C,16,0.6153846153846154,26,0.03744316101074219
ordinary_baseline,C,17,0.6538461538461539,26,0.03744316101074219
ordinary_baseline,N,18,0.6923076923076923,26,0.024721622467041016
ordinary_baseline,C,19,0.7307692307692307,26,0.005725383758544922
ordinary_baseline,(,20,0.7692307692307693,26,0.02060556411743164
ordinary_baseline,=,21,0.8076923076923077,26,0.49155759811401367
ordinary_baseline,O,22,0.8461538461538461,26,0.0628809928894043
ordinary_baseline,),23,0.8846153846153846,26,0.29179811477661133
ordinary_baseline,N,24,0.9230769230769231,26,0.2273859977722168
ordinary_baseline,[*],25,0.9615384615384616,26,0.019923686981201172
ordinary_baseline,[*],0,0.0,16,0.4228630065917969
ordinary_baseline,C,1,0.0625,16,0.6819281578063965
ordinary_baseline,C,2,0.125,16,0.6819281578063965
ordinary_baseline,(,3,0.1875,16,0.632655143737793
ordinary_baseline,[*],4,0.25,16,0.8519077301025391
ordinary_baseline,),5,0.3125,16,0.5556192398071289
ordinary_baseline,(,6,0.375,16,0.3710341453552246
ordinary_baseline,Cl,7,0.4375,16,0.20950698852539062
ordinary_baseline,),8,0.5,16,0.5238738059997559
ordinary_baseline,C,9,0.5625,16,0.6673893928527832
ordinary_baseline,(,10,0.625,16,0.8154234886169434
ordinary_baseline,=,11,0.6875,16,0.35524559020996094
ordinary_baseline,O,12,0.75,16,0.3738737106323242
ordinary_baseline,),13,0.8125,16,0.12531423568725586
ordinary_baseline,O,14,0.875,16,0.2545027732849121
ordinary_baseline,C,15,0.9375,16,0.003468036651611328
ordinary_baseline,[*],0,0.0,38,1.3915715217590332
ordinary_baseline,O,1,0.02631578947368421,38,1.4505696296691895
ordinary_baseline,C,2,0.05263157894736842,38,0.7937440872192383
ordinary_baseline,(,3,0.07894736842105263,38,0.6900367736816406
ordinary_baseline,=,4,0.10526315789473684,38,0.22333812713623047
ordinary_baseline,O,5,0.13157894736842105,38,0.4855194091796875
ordinary_baseline,),6,0.15789473684210525,38,0.2702217102050781
ordinary_baseline,c,7,0.18421052631578946,38,0.2042222023010254
ordinary_baseline,1,8,0.21052631578947367,38,0.1758270263671875
ordinary_baseline,c,9,0.23684210526315788,38,0.26036691665649414
ordinary_baseline,c,10,0.2631578947368421,38,0.26036691665649414
ordinary_baseline,c,11,0.2894736842105263,38,0.26036691665649414
ordinary_baseline,(,12,0.3157894736842105,38,0.30164146423339844
ordinary_baseline,C,13,0.34210526315789475,38,0.30433225631713867
ordinary_baseline,C,14,0.3684210526315789,38,0.30433225631713867
ordinary_baseline,C,15,0.39473684210526316,38,0.30433225631713867
ordinary_baseline,C,16,0.42105263157894735,38,0.30433225631713867
ordinary_baseline,C,17,0.4473684210526316,38,0.30433225631713867
ordinary_baseline,c,18,0.47368421052631576,38,0.35523033142089844
ordinary_baseline,2,19,0.5,38,0.4169754981994629
ordinary_baseline,c,20,0.5263157894736842,38,0.5039911270141602
ordinary_baseline,c,21,0.5526315789473685,38,0.5039911270141602
ordinary_baseline,c,22,0.5789473684210527,38,0.5039911270141602
ordinary_baseline,(,23,0.6052631578947368,38,0.5257506370544434
ordinary_baseline,C,24,0.631578947368421,38,0.5769410133361816
ordinary_baseline,(,25,0.6578947368421053,38,0.5745453834533691
ordinary_baseline,[*],26,0.6842105263157895,38,0.8202738761901855
ordinary_baseline,),27,0.7105263157894737,38,0.580571174621582
ordinary_baseline,=,28,0.7368421052631579,38,0.08351850509643555
ordinary_baseline,O,29,0.7631578947368421,38,0.19297027587890625
ordinary_baseline,),30,0.7894736842105263,38,0.00817728042602539
ordinary_baseline,c,31,0.8157894736842105,38,0.28465986251831055
ordinary_baseline,c,32,0.8421052631578947,38,0.28465986251831055
ordinary_baseline,2,33,0.868421052631579,38,0.21133899688720703
ordinary_baseline,),34,0.8947368421052632,38,0.20534801483154297
ordinary_baseline,c,35,0.9210526315789473,38,0.08252620697021484
ordinary_baseline,c,36,0.9473684210526315,38,0.08252620697021484
ordinary_baseline,1,37,0.9736842105263158,38,0.012875080108642578
ordinary_baseline,[*],0,0.0,77,0.2677958011627197
ordinary_baseline,c,1,0.012987012987012988,77,0.26265978813171387
ordinary_baseline,1,2,0.025974025974025976,77,0.2570185661315918
ordinary_baseline,c,3,0.03896103896103896,77,0.2787442207336426
ordinary_baseline,c,4,0.05194805194805195,77,0.2787442207336426
ordinary_baseline,c,5,0.06493506493506493,77,0.2787442207336426
ordinary_baseline,(,6,0.07792207792207792,77,0.3208765983581543
ordinary_baseline,O,7,0.09090909090909091,77,0.44002795219421387
ordinary_baseline,c,8,0.1038961038961039,77,0.43706297874450684
ordinary_baseline,2,9,0.11688311688311688,77,0.4246535301208496
ordinary_baseline,c,10,0.12987012987012986,77,0.3692128658294678
ordinary_baseline,c,11,0.14285714285714285,77,0.3692128658294678
ordinary_baseline,c,12,0.15584415584415584,77,0.3692128658294678
ordinary_baseline,(,13,0.16883116883116883,77,0.35519838333129883
ordinary_baseline,-,14,0.18181818181818182,77,0.3593935966491699
ordinary_baseline,c,15,0.19480519480519481,77,0.36794424057006836
ordinary_baseline,3,16,0.2077922077922078,77,0.3378875255584717
ordinary_baseline,n,17,0.22077922077922077,77,0.49962544441223145
ordinary_baseline,c,18,0.23376623376623376,77,0.5089187622070312
ordinary_baseline,4,19,0.24675324675324675,77,0.4839668273925781
ordinary_baseline,c,20,0.2597402597402597,77,0.43018531799316406
ordinary_baseline,c,21,0.2727272727272727,77,0.43018531799316406
ordinary_baseline,(,22,0.2857142857142857,77,0.15042424201965332
ordinary_baseline,-,23,0.2987012987012987,77,0.17760992050170898
ordinary_baseline,c,24,0.3116883116883117,77,0.06877994537353516
ordinary_baseline,5,25,0.3246753246753247,77,0.05764937400817871
ordinary_baseline,c,26,0.33766233766233766,77,0.02263784408569336
ordinary_baseline,c,27,0.35064935064935066,77,0.02263784408569336
ordinary_baseline,c,28,0.36363636363636365,77,0.02263784408569336
ordinary_baseline,6,29,0.37662337662337664,77,0.023763656616210938
ordinary_baseline,n,30,0.38961038961038963,77,0.15672969818115234
ordinary_baseline,c,31,0.4025974025974026,77,0.12462472915649414
ordinary_baseline,(,32,0.4155844155844156,77,0.09147143363952637
ordinary_baseline,[*],33,0.42857142857142855,77,0.03153061866760254
ordinary_baseline,),34,0.44155844155844154,77,0.08083128929138184
ordinary_baseline,c,35,0.45454545454545453,77,0.14045047760009766
ordinary_baseline,(,36,0.4675324675324675,77,0.1617746353149414
ordinary_baseline,-,37,0.4805194805194805,77,0.18550848960876465
ordinary_baseline,c,38,0.4935064935064935,77,0.18502306938171387
ordinary_baseline,7,39,0.5064935064935064,77,0.23194670677185059
ordinary_baseline,c,40,0.5194805194805194,77,0.2154536247253418
ordinary_baseline,c,41,0.5324675324675324,77,0.2154536247253418
ordinary_baseline,c,42,0.5454545454545454,77,0.2154536247253418
ordinary_baseline,c,43,0.5584415584415584,77,0.2154536247253418
ordinary_baseline,c,44,0.5714285714285714,77,0.2154536247253418
ordinary_baseline,7,45,0.5844155844155844,77,0.2632913589477539
ordinary_baseline,),46,0.5974025974025974,77,0.22635626792907715
ordinary_baseline,n,47,0.6103896103896104,77,0.22014570236206055
ordinary_baseline,c,48,0.6233766233766234,77,0.23720240592956543
ordinary_baseline,6,49,0.6363636363636364,77,0.24662375450134277
ordinary_baseline,c,50,0.6493506493506493,77,0.2635371685028076
ordinary_baseline,5,51,0.6623376623376623,77,0.2982912063598633
ordinary_baseline,),52,0.6753246753246753,77,0.2758595943450928
ordinary_baseline,c,53,0.6883116883116883,77,0.3035399913787842
ordinary_baseline,c,54,0.7012987012987013,77,0.3035399913787842
ordinary_baseline,c,55,0.7142857142857143,77,0.3035399913787842
ordinary_baseline,4,56,0.7272727272727273,77,0.3837919235229492
ordinary_baseline,n,57,0.7402597402597403,77,0.41796350479125977
ordinary_baseline,c,58,0.7532467532467533,77,0.3190901279449463
ordinary_baseline,3,59,0.7662337662337663,77,0.33295464515686035
ordinary_baseline,-,60,0.7792207792207793,77,0.3014817237854004
ordinary_baseline,c,61,0.7922077922077922,77,0.2465207576751709
ordinary_baseline,3,62,0.8051948051948052,77,0.24919772148132324
ordinary_baseline,c,63,0.8181818181818182,77,0.13358449935913086
ordinary_baseline,c,64,0.8311688311688312,77,0.13358449935913086
ordinary_baseline,c,65,0.8441558441558441,77,0.13358449935913086
ordinary_baseline,c,66,0.8571428571428571,77,0.13358449935913086
ordinary_baseline,c,67,0.8701298701298701,77,0.13358449935913086
ordinary_baseline,3,68,0.8831168831168831,77,0.11808443069458008
ordinary_baseline,),69,0.8961038961038961,77,0.0727691650390625
ordinary_baseline,c,70,0.9090909090909091,77,0.19222497940063477
ordinary_baseline,c,71,0.922077922077922,77,0.19222497940063477
ordinary_baseline,2,72,0.935064935064935,77,0.23008966445922852
ordinary_baseline,),73,0.948051948051948,77,0.15620970726013184
ordinary_baseline,c,74,0.961038961038961,77,0.14581680297851562
ordinary_baseline,c,75,0.974025974025974,77,0.14581680297851562
ordinary_baseline,1,76,0.987012987012987,77,0.135361909866333
ordinary_baseline,[*],0,0.0,33,1.1812200546264648
ordinary_baseline,C,1,0.030303030303030304,33,1.3926892280578613
ordinary_baseline,#,2,0.06060606060606061,33,2.205683469772339
ordinary_baseline,C,3,0.09090909090909091,33,0.7008323669433594
ordinary_baseline,C,4,0.12121212121212122,33,0.7008323669433594
ordinary_baseline,(,5,0.15151515151515152,33,0.8403773307800293
ordinary_baseline,C,6,0.18181818181818182,33,0.6743819713592529
ordinary_baseline,O,7,0.21212121212121213,33,0.6377167701721191
ordinary_baseline,),8,0.24242424242424243,33,1.0335090160369873
ordinary_baseline,=,9,0.2727272727272727,33,1.7755661010742188
ordinary_baseline,C,10,0.30303030303030304,33,1.5327715873718262
ordinary_baseline,(,11,0.3333333333333333,33,0.1436753273010254
ordinary_baseline,[*],12,0.36363636363636365,33,0.08542585372924805
ordinary_baseline,),13,0.3939393939393939,33,0.16881203651428223
ordinary_baseline,n,14,0.42424242424242425,33,0.34308433532714844
ordinary_baseline,1,15,0.45454545454545453,33,0.04874849319458008
ordinary_baseline,c,16,0.48484848484848486,33,0.22677254676818848
ordinary_baseline,2,17,0.5151515151515151,33,0.14634108543395996
ordinary_baseline,c,18,0.5454545454545454,33,0.23310256004333496
ordinary_baseline,c,19,0.5757575757575758,33,0.23310256004333496
ordinary_baseline,c,20,0.6060606060606061,33,0.23310256004333496
ordinary_baseline,c,21,0.6363636363636364,33,0.23310256004333496
ordinary_baseline,c,22,0.6666666666666666,33,0.23310256004333496
ordinary_baseline,2,23,0.696969696969697,33,0.3957669734954834
ordinary_baseline,c,24,0.7272727272727273,33,0.11704349517822266
ordinary_baseline,2,25,0.7575757575757576,33,0.15790009498596191
ordinary_baseline,c,26,0.7878787878787878,33,0.04367709159851074
ordinary_baseline,c,27,0.8181818181818182,33,0.04367709159851074
ordinary_baseline,c,28,0.8484848484848485,33,0.04367709159851074
ordinary_baseline,c,29,0.8787878787878788,33,0.04367709159851074
ordinary_baseline,c,30,0.9090909090909091,33,0.04367709159851074
ordinary_baseline,2,31,0.9393939393939394,33,0.20218443870544434
ordinary_baseline,1,32,0.9696969696969697,33,0.12304472923278809
ordinary_baseline,[*],0,0.0,8,1.0180230140686035
ordinary_baseline,C,1,0.125,8,0.855262279510498
ordinary_baseline,C,2,0.25,8,0.855262279510498
ordinary_baseline,(,3,0.375,8,0.7203621864318848
ordinary_baseline,[*],4,0.5,8,0.5015769004821777
ordinary_baseline,),5,0.625,8,0.5442070960998535
ordinary_baseline,O,6,0.75,8,0.9079551696777344
ordinary_baseline,C,7,0.875,8,0.14164495468139648
ordinary_baseline,[*],0,0.0,56,0.5977609157562256
ordinary_baseline,C,1,0.017857142857142856,56,0.6480162143707275
ordinary_baseline,C,2,0.03571428571428571,56,0.6480162143707275
ordinary_baseline,C,3,0.05357142857142857,56,0.6480162143707275
ordinary_baseline,C,4,0.07142857142857142,56,0.6480162143707275
ordinary_baseline,C,5,0.08928571428571429,56,0.6480162143707275
ordinary_baseline,C,6,0.10714285714285714,56,0.6480162143707275
ordinary_baseline,C,7,0.125,56,0.6480162143707275
ordinary_baseline,C,8,0.14285714285714285,56,0.6480162143707275
ordinary_baseline,C,9,0.16071428571428573,56,0.6480162143707275
ordinary_baseline,C,10,0.17857142857142858,56,0.6480162143707275
ordinary_baseline,O,11,0.19642857142857142,56,0.6501188278198242
ordinary_baseline,c,12,0.21428571428571427,56,0.6012411117553711
ordinary_baseline,1,13,0.23214285714285715,56,0.4899930953979492
ordinary_baseline,c,14,0.25,56,0.47598886489868164
ordinary_baseline,c,15,0.26785714285714285,56,0.47598886489868164
ordinary_baseline,c,16,0.2857142857142857,56,0.47598886489868164
ordinary_baseline,(,17,0.30357142857142855,56,0.545943021774292
ordinary_baseline,O,18,0.32142857142857145,56,0.5846140384674072
ordinary_baseline,C,19,0.3392857142857143,56,0.3911607265472412
ordinary_baseline,(,20,0.35714285714285715,56,0.4204549789428711
ordinary_baseline,=,21,0.375,56,0.07187414169311523
ordinary_baseline,O,22,0.39285714285714285,56,0.47090578079223633
ordinary_baseline,),23,0.4107142857142857,56,0.2649550437927246
ordinary_baseline,c,24,0.42857142857142855,56,0.18279170989990234
ordinary_baseline,2,25,0.44642857142857145,56,0.08540153503417969
ordinary_baseline,c,26,0.4642857142857143,56,0.15408849716186523
ordinary_baseline,c,27,0.48214285714285715,56,0.15408849716186523
ordinary_baseline,c,28,0.5,56,0.15408849716186523
ordinary_baseline,(,29,0.5178571428571429,56,0.31937646865844727
ordinary_baseline,C,30,0.5357142857142857,56,0.18367242813110352
ordinary_baseline,(,31,0.5535714285714286,56,0.23052167892456055
ordinary_baseline,=,32,0.5714285714285714,56,0.16627264022827148
ordinary_baseline,O,33,0.5892857142857143,56,0.08352470397949219
ordinary_baseline,),34,0.6071428571428571,56,0.06401920318603516
ordinary_baseline,O,35,0.625,56,0.0023641586303710938
ordinary_baseline,c,36,0.6428571428571429,56,0.1964726448059082
ordinary_baseline,3,37,0.6607142857142857,56,0.0365757942199707
ordinary_baseline,c,38,0.6785714285714286,56,0.11393213272094727
ordinary_baseline,c,39,0.6964285714285714,56,0.11393213272094727
ordinary_baseline,c,40,0.7142857142857143,56,0.11393213272094727
ordinary_baseline,(,41,0.7321428571428571,56,0.26646876335144043
ordinary_baseline,O,42,0.75,56,0.19802260398864746
ordinary_baseline,[*],43,0.7678571428571429,56,0.0773310661315918
ordinary_baseline,),44,0.7857142857142857,56,0.04157066345214844
ordinary_baseline,c,45,0.8035714285714286,56,0.08559560775756836
ordinary_baseline,c,46,0.8214285714285714,56,0.08559560775756836
ordinary_baseline,3,47,0.8392857142857143,56,0.12713861465454102
ordinary_baseline,),48,0.8571428571428571,56,0.030282020568847656
ordinary_baseline,c,49,0.875,56,0.0102996826171875
ordinary_baseline,c,50,0.8928571428571429,56,0.0102996826171875
ordinary_baseline,2,51,0.9107142857142857,56,0.0347294807434082
ordinary_baseline,),52,0.9285714285714286,56,0.02125835418701172
ordinary_baseline,c,53,0.9464285714285714,56,0.06035947799682617
ordinary_baseline,c,54,0.9642857142857143,56,0.06035947799682617
ordinary_baseline,1,55,0.9821428571428571,56,0.053086280822753906
ordinary_baseline,[*],0,0.0,20,1.1035923957824707
ordinary_baseline,C,1,0.05,20,1.304962158203125
ordinary_baseline,C,2,0.1,20,1.304962158203125
ordinary_baseline,(,3,0.15,20,1.0894689559936523
ordinary_baseline,C,4,0.2,20,1.4192814826965332
ordinary_baseline,),5,0.25,20,1.15104341506958
ordinary_baseline,(,6,0.3,20,1.3041205406188965
ordinary_baseline,C,7,0.35,20,1.2956867218017578
ordinary_baseline,),8,0.4,20,1.3394708633422852
ordinary_baseline,C,9,0.45,20,1.0971636772155762
ordinary_baseline,S,10,0.5,20,0.3917708396911621
ordinary_baseline,(,11,0.55,20,1.2357549667358398
ordinary_baseline,[*],12,0.6,20,1.2038445472717285
ordinary_baseline,),13,0.65,20,1.3665480613708496
ordinary_baseline,(,14,0.7,20,1.209230899810791
ordinary_baseline,=,15,0.75,20,0.9189529418945312
ordinary_baseline,O,16,0.8,20,1.636082649230957
ordinary_baseline,),17,0.85,20,0.7350192070007324
ordinary_baseline,=,18,0.9,20,0.4322929382324219
ordinary_baseline,O,19,0.95,20,0.1445326805114746
ordinary_baseline,[*],0,0.0,79,0.0047893524169921875
ordinary_baseline,O,1,0.012658227848101266,79,0.041638851165771484
ordinary_baseline,c,2,0.02531645569620253,79,0.31566381454467773
ordinary_baseline,1,3,0.0379746835443038,79,0.29955291748046875
ordinary_baseline,c,4,0.05063291139240506,79,0.36555004119873047
ordinary_baseline,c,5,0.06329113924050633,79,0.36555004119873047
ordinary_baseline,c,6,0.0759493670886076,79,0.36555004119873047
ordinary_baseline,(,7,0.08860759493670886,79,0.3290705680847168
ordinary_baseline,N,8,0.10126582278481013,79,0.3919243812561035
ordinary_baseline,C,9,0.11392405063291139,79,0.3721652030944824
ordinary_baseline,(,10,0.12658227848101267,79,0.30544090270996094
ordinary_baseline,=,11,0.13924050632911392,79,0.44867563247680664
ordinary_baseline,O,12,0.1518987341772152,79,0.1395268440246582
ordinary_baseline,),13,0.16455696202531644,79,0.18042850494384766
ordinary_baseline,c,14,0.17721518987341772,79,0.15964841842651367
ordinary_baseline,2,15,0.189873417721519,79,0.14685440063476562
ordinary_baseline,c,16,0.20253164556962025,79,0.04439353942871094
ordinary_baseline,c,17,0.21518987341772153,79,0.04439353942871094
ordinary_baseline,c,18,0.22784810126582278,79,0.04439353942871094
ordinary_baseline,(,19,0.24050632911392406,79,0.028154373168945312
ordinary_baseline,C,20,0.25316455696202533,79,0.08205366134643555
ordinary_baseline,(,21,0.26582278481012656,79,0.011225223541259766
ordinary_baseline,=,22,0.27848101265822783,79,0.3670539855957031
ordinary_baseline,O,23,0.2911392405063291,79,0.19953632354736328
ordinary_baseline,),24,0.3037974683544304,79,0.21868515014648438
ordinary_baseline,N,25,0.31645569620253167,79,0.029625892639160156
ordinary_baseline,c,26,0.3291139240506329,79,0.2859363555908203
ordinary_baseline,3,27,0.34177215189873417,79,0.35018348693847656
ordinary_baseline,c,28,0.35443037974683544,79,0.3730607032775879
ordinary_baseline,c,29,0.3670886075949367,79,0.3730607032775879
ordinary_baseline,c,30,0.379746835443038,79,0.3730607032775879
ordinary_baseline,(,31,0.3924050632911392,79,0.32463932037353516
ordinary_baseline,O,32,0.4050632911392405,79,0.29462194442749023
ordinary_baseline,c,33,0.4177215189873418,79,0.3513345718383789
ordinary_baseline,4,34,0.43037974683544306,79,0.3435225486755371
ordinary_baseline,c,35,0.4430379746835443,79,0.3234438896179199
ordinary_baseline,c,36,0.45569620253164556,79,0.3234438896179199
ordinary_baseline,c,37,0.46835443037974683,79,0.3234438896179199
ordinary_baseline,(,38,0.4810126582278481,79,0.3164949417114258
ordinary_baseline,C,39,0.4936708860759494,79,0.2629847526550293
ordinary_baseline,5,40,0.5063291139240507,79,0.37308502197265625
ordinary_baseline,(,41,0.5189873417721519,79,0.3136143684387207
ordinary_baseline,c,42,0.5316455696202531,79,0.4204897880554199
ordinary_baseline,6,43,0.5443037974683544,79,0.40796375274658203
ordinary_baseline,c,44,0.5569620253164557,79,0.4007258415222168
ordinary_baseline,c,45,0.569620253164557,79,0.4007258415222168
ordinary_baseline,c,46,0.5822784810126582,79,0.4007258415222168
ordinary_baseline,(,47,0.5949367088607594,79,0.4389371871948242
ordinary_baseline,[*],48,0.6075949367088608,79,0.4195060729980469
ordinary_baseline,),49,0.620253164556962,79,0.3926215171813965
ordinary_baseline,c,50,0.6329113924050633,79,0.3873109817504883
ordinary_baseline,c,51,0.6455696202531646,79,0.3873109817504883
ordinary_baseline,6,52,0.6582278481012658,79,0.38368797302246094
ordinary_baseline,),53,0.6708860759493671,79,0.4022359848022461
ordinary_baseline,C,54,0.6835443037974683,79,0.4682950973510742
ordinary_baseline,C,55,0.6962025316455697,79,0.4682950973510742
ordinary_baseline,6,56,0.7088607594936709,79,0.48302173614501953
ordinary_baseline,C,57,0.7215189873417721,79,0.44650888442993164
ordinary_baseline,C,58,0.7341772151898734,79,0.44650888442993164
ordinary_baseline,C,59,0.7468354430379747,79,0.44650888442993164
ordinary_baseline,5,60,0.759493670886076,79,0.47661542892456055
ordinary_baseline,C,61,0.7721518987341772,79,0.44733238220214844
ordinary_baseline,6,62,0.7848101265822784,79,0.3756084442138672
ordinary_baseline,),63,0.7974683544303798,79,0.3936324119567871
ordinary_baseline,c,64,0.810126582278481,79,0.3857717514038086
ordinary_baseline,c,65,0.8227848101265823,79,0.3857717514038086
ordinary_baseline,4,66,0.8354430379746836,79,0.34828948974609375
ordinary_baseline,),67,0.8481012658227848,79,0.3573727607727051
ordinary_baseline,c,68,0.8607594936708861,79,0.34918642044067383
ordinary_baseline,c,69,0.8734177215189873,79,0.34918642044067383
ordinary_baseline,3,70,0.8860759493670886,79,0.4091215133666992
ordinary_baseline,),71,0.8987341772151899,79,0.3371315002441406
ordinary_baseline,c,72,0.9113924050632911,79,0.30264902114868164
ordinary_baseline,c,73,0.9240506329113924,79,0.30264902114868164
ordinary_baseline,2,74,0.9367088607594937,79,0.1686549186706543
ordinary_baseline,),75,0.9493670886075949,79,0.0044384002685546875
ordinary_baseline,c,76,0.9620253164556962,79,0.1460723876953125
ordinary_baseline,c,77,0.9746835443037974,79,0.1460723876953125
ordinary_baseline,1,78,0.9873417721518988,79,0.25571203231811523
ordinary_baseline,[*],0,0.0,62,1.3159675598144531
ordinary_baseline,O,1,0.016129032258064516,62,1.2980976104736328
ordinary_baseline,c,2,0.03225806451612903,62,0.4400639533996582
ordinary_baseline,1,3,0.04838709677419355,62,0.4428682327270508
ordinary_baseline,c,4,0.06451612903225806,62,0.30783843994140625
ordinary_baseline,c,5,0.08064516129032258,62,0.30783843994140625
ordinary_baseline,c,6,0.0967741935483871,62,0.30783843994140625
ordinary_baseline,(,7,0.11290322580645161,62,0.16704416275024414
ordinary_baseline,C,8,0.12903225806451613,62,0.16069984436035156
ordinary_baseline,(,9,0.14516129032258066,62,0.13655662536621094
ordinary_baseline,C,10,0.16129032258064516,62,0.020187854766845703
ordinary_baseline,),11,0.1774193548387097,62,0.1125040054321289
ordinary_baseline,(,12,0.1935483870967742,62,0.034488677978515625
ordinary_baseline,C,13,0.20967741935483872,62,0.07690811157226562
ordinary_baseline,),14,0.22580645161290322,62,0.1439204216003418
ordinary_baseline,c,15,0.24193548387096775,62,0.2587752342224121
ordinary_baseline,2,16,0.25806451612903225,62,0.35460662841796875
ordinary_baseline,c,17,0.27419354838709675,62,0.1551651954650879
ordinary_baseline,c,18,0.2903225806451613,62,0.1551651954650879
ordinary_baseline,c,19,0.3064516129032258,62,0.1551651954650879
ordinary_baseline,(,20,0.3225806451612903,62,0.14758634567260742
ordinary_baseline,O,21,0.3387096774193548,62,0.10758161544799805
ordinary_baseline,C,22,0.3548387096774194,62,0.08463048934936523
ordinary_baseline,(,23,0.3709677419354839,62,0.008161067962646484
ordinary_baseline,=,24,0.3870967741935484,62,0.31772565841674805
ordinary_baseline,O,25,0.4032258064516129,62,0.1873335838317871
ordinary_baseline,),26,0.41935483870967744,62,0.2508854866027832
ordinary_baseline,O,27,0.43548387096774194,62,0.1822361946105957
ordinary_baseline,C,28,0.45161290322580644,62,0.1940007209777832
ordinary_baseline,C,29,0.46774193548387094,62,0.1940007209777832
ordinary_baseline,N,30,0.4838709677419355,62,0.101959228515625
ordinary_baseline,(,31,0.5,62,0.05763959884643555
ordinary_baseline,C,32,0.5161290322580645,62,0.03966665267944336
ordinary_baseline,C,33,0.532258064516129,62,0.03966665267944336
ordinary_baseline,O,34,0.5483870967741935,62,0.03589200973510742
ordinary_baseline,C,35,0.5645161290322581,62,0.08000946044921875
ordinary_baseline,(,36,0.5806451612903226,62,0.07091856002807617
ordinary_baseline,[*],37,0.5967741935483871,62,0.024323463439941406
ordinary_baseline,),38,0.6129032258064516,62,0.051294803619384766
ordinary_baseline,=,39,0.6290322580645161,62,0.2606935501098633
ordinary_baseline,O,40,0.6451612903225806,62,0.30906009674072266
ordinary_baseline,),41,0.6612903225806451,62,0.11152029037475586
ordinary_baseline,c,42,0.6774193548387096,62,0.048529624938964844
ordinary_baseline,3,43,0.6935483870967742,62,0.3137187957763672
ordinary_baseline,c,44,0.7096774193548387,62,0.2702369689941406
ordinary_baseline,c,45,0.7258064516129032,62,0.2702369689941406
ordinary_baseline,c,46,0.7419354838709677,62,0.2702369689941406
ordinary_baseline,(,47,0.7580645161290323,62,0.28427600860595703
ordinary_baseline,O,48,0.7741935483870968,62,0.23233413696289062
ordinary_baseline,C,49,0.7903225806451613,62,0.3603019714355469
ordinary_baseline,),50,0.8064516129032258,62,0.37412548065185547
ordinary_baseline,c,51,0.8225806451612904,62,0.33226537704467773
ordinary_baseline,c,52,0.8387096774193549,62,0.33226537704467773
ordinary_baseline,3,53,0.8548387096774194,62,0.5325698852539062
ordinary_baseline,),54,0.8709677419354839,62,0.23003816604614258
ordinary_baseline,c,55,0.8870967741935484,62,0.1900162696838379
ordinary_baseline,c,56,0.9032258064516129,62,0.1900162696838379
ordinary_baseline,2,57,0.9193548387096774,62,0.30169200897216797
ordinary_baseline,),58,0.9354838709677419,62,0.24097585678100586
ordinary_baseline,c,59,0.9516129032258065,62,0.23888397216796875
ordinary_baseline,c,60,0.967741935483871,62,0.23888397216796875
ordinary_baseline,1,61,0.9838709677419355,62,0.048876285552978516
ordinary_baseline,[*],0,0.0,40,0.6456699371337891
ordinary_baseline,C,1,0.025,40,0.6885595321655273
ordinary_baseline,C,2,0.05,40,0.6885595321655273
ordinary_baseline,C,3,0.075,40,0.6885595321655273
ordinary_baseline,C,4,0.1,40,0.6885595321655273
ordinary_baseline,N,5,0.125,40,0.4911813735961914
ordinary_baseline,C,6,0.15,40,0.4497404098510742
ordinary_baseline,(,7,0.175,40,0.4469914436340332
ordinary_baseline,=,8,0.2,40,0.20032882690429688
ordinary_baseline,O,9,0.225,40,0.3726487159729004
ordinary_baseline,),10,0.25,40,0.2164173126220703
ordinary_baseline,C,11,0.275,40,0.21987485885620117
ordinary_baseline,C,12,0.3,40,0.21987485885620117
ordinary_baseline,C,13,0.325,40,0.21987485885620117
ordinary_baseline,C,14,0.35,40,0.21987485885620117
ordinary_baseline,C,15,0.375,40,0.21987485885620117
ordinary_baseline,C,16,0.4,40,0.21987485885620117
ordinary_baseline,C,17,0.425,40,0.21987485885620117
ordinary_baseline,(,18,0.45,40,0.29254674911499023
ordinary_baseline,=,19,0.475,40,0.11756563186645508
ordinary_baseline,O,20,0.5,40,0.4392247200012207
ordinary_baseline,),21,0.525,40,0.4214911460876465
ordinary_baseline,N,22,0.55,40,0.4392580986022949
ordinary_baseline,C,23,0.575,40,0.4466428756713867
ordinary_baseline,C,24,0.6,40,0.4466428756713867
ordinary_baseline,C,25,0.625,40,0.4466428756713867
ordinary_baseline,C,26,0.65,40,0.4466428756713867
ordinary_baseline,N,27,0.675,40,0.27996158599853516
ordinary_baseline,C,28,0.7,40,0.34343576431274414
ordinary_baseline,(,29,0.725,40,0.4185919761657715
ordinary_baseline,=,30,0.75,40,0.19615602493286133
ordinary_baseline,O,31,0.775,40,0.16596698760986328
ordinary_baseline,),32,0.8,40,0.08142900466918945
ordinary_baseline,C,33,0.825,40,0.005630970001220703
ordinary_baseline,(,34,0.85,40,0.06009817123413086
ordinary_baseline,=,35,0.875,40,0.1488785743713379
ordinary_baseline,O,36,0.9,40,0.10838651657104492
ordinary_baseline,),37,0.925,40,0.041672706604003906
ordinary_baseline,N,38,0.95,40,0.07640314102172852
ordinary_baseline,[*],39,0.975,40,0.03604745864868164
ordinary_baseline,[*],0,0.0,23,0.4652237892150879
ordinary_baseline,C,1,0.043478260869565216,23,0.5574307441711426
ordinary_baseline,C,2,0.08695652173913043,23,0.5574307441711426
ordinary_baseline,O,3,0.13043478260869565,23,0.5753278732299805
ordinary_baseline,C,4,0.17391304347826086,23,0.7563862800598145
ordinary_baseline,C,5,0.21739130434782608,23,0.7563862800598145
ordinary_baseline,O,6,0.2608695652173913,23,0.8750524520874023
ordinary_baseline,C,7,0.30434782608695654,23,0.8162407875061035
ordinary_baseline,(,8,0.34782608695652173,23,1.0173869132995605
ordinary_baseline,=,9,0.391304347826087,23,0.4189434051513672
ordinary_baseline,O,10,0.43478260869565216,23,1.20111083984375
ordinary_baseline,),11,0.4782608695652174,23,0.8419046401977539
ordinary_baseline,C,12,0.5217391304347826,23,1.0661630630493164
ordinary_baseline,(,13,0.5652173913043478,23,0.8207001686096191
ordinary_baseline,C,14,0.6086956521739131,23,1.0296673774719238
ordinary_baseline,),15,0.6521739130434783,23,0.7313838005065918
ordinary_baseline,C,16,0.6956521739130435,23,0.8364925384521484
ordinary_baseline,(,17,0.7391304347826086,23,0.7613611221313477
ordinary_baseline,=,18,0.782608695652174,23,0.4355020523071289
ordinary_baseline,O,19,0.8260869565217391,23,0.395843505859375
ordinary_baseline,),20,0.8695652173913043,23,0.008425712585449219
ordinary_baseline,O,21,0.9130434782608695,23,0.24310588836669922
ordinary_baseline,[*],22,0.9565217391304348,23,0.09755706787109375
ordinary_baseline,[*],0,0.0,25,0.5374596118927002
ordinary_baseline,C,1,0.04,25,0.5191097259521484
ordinary_baseline,(,2,0.08,25,0.3045463562011719
ordinary_baseline,=,3,0.12,25,0.8059563636779785
ordinary_baseline,O,4,0.16,25,0.3620872497558594
ordinary_baseline,),5,0.2,25,0.46596288681030273
ordinary_baseline,O,6,0.24,25,0.16417813301086426
ordinary_baseline,C,7,0.28,25,0.24226665496826172
ordinary_baseline,C,8,0.32,25,0.24226665496826172
ordinary_baseline,O,9,0.36,25,0.0738224983215332
ordinary_baseline,C,10,0.4,25,0.16776180267333984
ordinary_baseline,(,11,0.44,25,0.1973121166229248
ordinary_baseline,=,12,0.48,25,0.16184663772583008
ordinary_baseline,O,13,0.52,25,0.13725757598876953
ordinary_baseline,),14,0.56,25,0.0535731315612793
ordinary_baseline,c,15,0.6,25,0.008435249328613281
ordinary_baseline,1,16,0.64,25,0.23574590682983398
ordinary_baseline,c,17,0.68,25,0.20257139205932617
ordinary_baseline,c,18,0.72,25,0.20257139205932617
ordinary_baseline,c,19,0.76,25,0.20257139205932617
ordinary_baseline,(,20,0.8,25,0.3256511688232422
ordinary_baseline,[*],21,0.84,25,0.20112276077270508
ordinary_baseline,),22,0.88,25,0.4120936393737793
ordinary_baseline,o,23,0.92,25,0.21053409576416016
ordinary_baseline,1,24,0.96,25,0.04656362533569336
ordinary_baseline,[*],0,0.0,14,0.27019834518432617
ordinary_baseline,C,1,0.07142857142857142,14,0.26099061965942383
ordinary_baseline,C,2,0.14285714285714285,14,0.26099061965942383
ordinary_baseline,C,3,0.21428571428571427,14,0.26099061965942383
ordinary_baseline,C,4,0.2857142857142857,14,0.26099061965942383
ordinary_baseline,C,5,0.35714285714285715,14,0.26099061965942383
ordinary_baseline,C,6,0.42857142857142855,14,0.26099061965942383
ordinary_baseline,C,7,0.5,14,0.26099061965942383
ordinary_baseline,(,8,0.5714285714285714,14,0.41364431381225586
ordinary_baseline,=,9,0.6428571428571429,14,0.16751718521118164
ordinary_baseline,O,10,0.7142857142857143,14,1.0130529403686523
ordinary_baseline,),11,0.7857142857142857,14,0.3444828987121582
ordinary_baseline,N,12,0.8571428571428571,14,0.10679006576538086
ordinary_baseline,[*],13,0.9285714285714286,14,0.024615764617919922
ordinary_baseline,[*],0,0.0,64,0.9619250297546387
ordinary_baseline,O,1,0.015625,64,0.975231409072876
ordinary_baseline,c,2,0.03125,64,0.26915860176086426
ordinary_baseline,1,3,0.046875,64,0.2629537582397461
ordinary_baseline,c,4,0.0625,64,0.08491992950439453
ordinary_baseline,c,5,0.078125,64,0.08491992950439453
ordinary_baseline,c,6,0.09375,64,0.08491992950439453
ordinary_baseline,(,7,0.109375,64,0.03108072280883789
ordinary_baseline,C,8,0.125,64,0.002060413360595703
ordinary_baseline,2,9,0.140625,64,0.03782939910888672
ordinary_baseline,(,10,0.15625,64,0.27669548988342285
ordinary_baseline,c,11,0.171875,64,0.2144334316253662
ordinary_baseline,3,12,0.1875,64,0.28977084159851074
ordinary_baseline,c,13,0.203125,64,0.27647900581359863
ordinary_baseline,c,14,0.21875,64,0.27647900581359863
ordinary_baseline,c,15,0.234375,64,0.27647900581359863
ordinary_baseline,(,16,0.25,64,0.39685702323913574
ordinary_baseline,O,17,0.265625,64,0.3074612617492676
ordinary_baseline,C,18,0.28125,64,0.21532869338989258
ordinary_baseline,(,19,0.296875,64,0.1340186595916748
ordinary_baseline,=,20,0.3125,64,0.2533378601074219
ordinary_baseline,O,21,0.328125,64,0.32352542877197266
ordinary_baseline,),22,0.34375,64,0.26501941680908203
ordinary_baseline,C,23,0.359375,64,0.24208593368530273
ordinary_baseline,C,24,0.375,64,0.24208593368530273
ordinary_baseline,C,25,0.390625,64,0.24208593368530273
ordinary_baseline,C,26,0.40625,64,0.24208593368530273
ordinary_baseline,C,27,0.421875,64,0.24208593368530273
ordinary_baseline,C,28,0.4375,64,0.24208593368530273
ordinary_baseline,C,29,0.453125,64,0.24208593368530273
ordinary_baseline,C,30,0.46875,64,0.24208593368530273
ordinary_baseline,C,31,0.484375,64,0.24208593368530273
ordinary_baseline,(,32,0.5,64,0.23745155334472656
ordinary_baseline,[*],33,0.515625,64,0.310896635055542
ordinary_baseline,),34,0.53125,64,0.26978611946105957
ordinary_baseline,=,35,0.546875,64,0.18425941467285156
ordinary_baseline,O,36,0.5625,64,0.2888774871826172
ordinary_baseline,),37,0.578125,64,0.17567920684814453
ordinary_baseline,c,38,0.59375,64,0.14331793785095215
ordinary_baseline,c,39,0.609375,64,0.14331793785095215
ordinary_baseline,3,40,0.625,64,0.1944105625152588
ordinary_baseline,),41,0.640625,64,0.22412967681884766
ordinary_baseline,c,42,0.65625,64,0.18961238861083984
ordinary_baseline,3,43,0.671875,64,0.13490867614746094
ordinary_baseline,c,44,0.6875,64,0.09442377090454102
ordinary_baseline,c,45,0.703125,64,0.09442377090454102
ordinary_baseline,c,46,0.71875,64,0.09442377090454102
ordinary_baseline,c,47,0.734375,64,0.09442377090454102
ordinary_baseline,c,48,0.75,64,0.09442377090454102
ordinary_baseline,3,49,0.765625,64,0.026858806610107422
ordinary_baseline,C,50,0.78125,64,0.03591299057006836
ordinary_baseline,c,51,0.796875,64,0.0028700828552246094
ordinary_baseline,3,52,0.8125,64,0.02094292640686035
ordinary_baseline,c,53,0.828125,64,0.10170936584472656
ordinary_baseline,c,54,0.84375,64,0.10170936584472656
ordinary_baseline,c,55,0.859375,64,0.10170936584472656
ordinary_baseline,c,56,0.875,64,0.10170936584472656
ordinary_baseline,c,57,0.890625,64,0.10170936584472656
ordinary_baseline,3,58,0.90625,64,0.2752199172973633
ordinary_baseline,2,59,0.921875,64,0.17824268341064453
ordinary_baseline,),60,0.9375,64,0.09363985061645508
ordinary_baseline,c,61,0.953125,64,0.30866098403930664
ordinary_baseline,c,62,0.96875,64,0.30866098403930664
ordinary_baseline,1,63,0.984375,64,0.24877500534057617
ordinary_baseline,[*],0,0.0,57,0.3246288299560547
ordinary_baseline,C,1,0.017543859649122806,57,0.18943452835083008
ordinary_baseline,C,2,0.03508771929824561,57,0.18943452835083008
ordinary_baseline,C,3,0.05263157894736842,57,0.18943452835083008
ordinary_baseline,O,4,0.07017543859649122,57,0.23192214965820312
ordinary_baseline,c,5,0.08771929824561403,57,0.29019737243652344
ordinary_baseline,1,6,0.10526315789473684,57,0.4579501152038574
ordinary_baseline,c,7,0.12280701754385964,57,0.3919544219970703
ordinary_baseline,c,8,0.14035087719298245,57,0.3919544219970703
ordinary_baseline,c,9,0.15789473684210525,57,0.3919544219970703
ordinary_baseline,(,10,0.17543859649122806,57,0.30373382568359375
ordinary_baseline,C,11,0.19298245614035087,57,0.5190062522888184
ordinary_baseline,(,12,0.21052631578947367,57,0.5313506126403809
ordinary_baseline,=,13,0.22807017543859648,57,0.6661548614501953
ordinary_baseline,O,14,0.24561403508771928,57,0.48970460891723633
ordinary_baseline,),15,0.2631578947368421,57,0.6737380027770996
ordinary_baseline,O,16,0.2807017543859649,57,0.6479511260986328
ordinary_baseline,C,17,0.2982456140350877,57,0.6585702896118164
ordinary_baseline,(,18,0.3157894736842105,57,0.6935696601867676
ordinary_baseline,=,19,0.3333333333333333,57,0.8555564880371094
ordinary_baseline,O,20,0.3508771929824561,57,0.4443240165710449
ordinary_baseline,),21,0.3684210526315789,57,0.4755415916442871
ordinary_baseline,c,22,0.38596491228070173,57,0.5311517715454102
ordinary_baseline,2,23,0.40350877192982454,57,0.4239344596862793
ordinary_baseline,c,24,0.42105263157894735,57,0.5025076866149902
ordinary_baseline,c,25,0.43859649122807015,57,0.5025076866149902
ordinary_baseline,c,26,0.45614035087719296,57,0.5025076866149902
ordinary_baseline,c,27,0.47368421052631576,57,0.5025076866149902
ordinary_baseline,c,28,0.49122807017543857,57,0.5025076866149902
ordinary_baseline,2,29,0.5087719298245614,57,0.4793710708618164
ordinary_baseline,C,30,0.5263157894736842,57,0.24158143997192383
ordinary_baseline,(,31,0.543859649122807,57,0.3356342315673828
ordinary_baseline,=,32,0.5614035087719298,57,0.3990597724914551
ordinary_baseline,O,33,0.5789473684210527,57,0.2413625717163086
ordinary_baseline,),34,0.5964912280701754,57,0.28702688217163086
ordinary_baseline,O,35,0.6140350877192983,57,0.26315736770629883
ordinary_baseline,C,36,0.631578947368421,57,0.32462310791015625
ordinary_baseline,(,37,0.6491228070175439,57,0.3491992950439453
ordinary_baseline,=,38,0.6666666666666666,57,0.5406389236450195
ordinary_baseline,O,39,0.6842105263157895,57,0.3534207344055176
ordinary_baseline,),40,0.7017543859649122,57,0.37307262420654297
ordinary_baseline,c,41,0.7192982456140351,57,0.4754323959350586
ordinary_baseline,2,42,0.7368421052631579,57,0.5056772232055664
ordinary_baseline,c,43,0.7543859649122807,57,0.4459233283996582
ordinary_baseline,c,44,0.7719298245614035,57,0.4459233283996582
ordinary_baseline,c,45,0.7894736842105263,57,0.4459233283996582
ordinary_baseline,(,46,0.8070175438596491,57,0.49361515045166016
ordinary_baseline,O,47,0.8245614035087719,57,0.3703451156616211
ordinary_baseline,[*],48,0.8421052631578947,57,0.2036142349243164
ordinary_baseline,),49,0.8596491228070176,57,0.34531211853027344
ordinary_baseline,c,50,0.8771929824561403,57,0.3321375846862793
ordinary_baseline,c,51,0.8947368421052632,57,0.3321375846862793
ordinary_baseline,2,52,0.9122807017543859,57,0.3698997497558594
ordinary_baseline,),53,0.9298245614035088,57,0.10278177261352539
ordinary_baseline,c,54,0.9473684210526315,57,0.08817148208618164
ordinary_baseline,c,55,0.9649122807017544,57,0.08817148208618164
ordinary_baseline,1,56,0.9824561403508771,57,0.09359884262084961
ordinary_baseline,[*],0,0.0,44,0.6183853149414062
ordinary_baseline,C,1,0.022727272727272728,44,0.6271266937255859
ordinary_baseline,C,2,0.045454545454545456,44,0.6271266937255859
ordinary_baseline,C,3,0.06818181818181818,44,0.6271266937255859
ordinary_baseline,C,4,0.09090909090909091,44,0.6271266937255859
ordinary_baseline,C,5,0.11363636363636363,44,0.6271266937255859
ordinary_baseline,c,6,0.13636363636363635,44,0.6092309951782227
ordinary_baseline,1,7,0.1590909090909091,44,0.7401952743530273
ordinary_baseline,c,8,0.18181818181818182,44,0.7241601943969727
ordinary_baseline,c,9,0.20454545454545456,44,0.7241601943969727
ordinary_baseline,c,10,0.22727272727272727,44,0.7241601943969727
ordinary_baseline,(,11,0.25,44,0.7996463775634766
ordinary_baseline,C,12,0.2727272727272727,44,0.717106819152832
ordinary_baseline,C,13,0.29545454545454547,44,0.717106819152832
ordinary_baseline,C,14,0.3181818181818182,44,0.717106819152832
ordinary_baseline,C,15,0.3409090909090909,44,0.717106819152832
ordinary_baseline,C,16,0.36363636363636365,44,0.717106819152832
ordinary_baseline,O,17,0.38636363636363635,44,0.6451096534729004
ordinary_baseline,C,18,0.4090909090909091,44,0.4838566780090332
ordinary_baseline,(,19,0.4318181818181818,44,0.46894121170043945
ordinary_baseline,=,20,0.45454545454545453,44,0.3285794258117676
ordinary_baseline,O,21,0.4772727272727273,44,0.6326632499694824
ordinary_baseline,),22,0.5,44,0.6193852424621582
ordinary_baseline,c,23,0.5227272727272727,44,0.5589075088500977
ordinary_baseline,2,24,0.5454545454545454,44,0.5694031715393066
ordinary_baseline,c,25,0.5681818181818182,44,0.634340763092041
ordinary_baseline,c,26,0.5909090909090909,44,0.634340763092041
ordinary_baseline,c,27,0.6136363636363636,44,0.634340763092041
ordinary_baseline,(,28,0.6363636363636364,44,0.9032292366027832
ordinary_baseline,C,29,0.6590909090909091,44,0.8914918899536133
ordinary_baseline,(,30,0.6818181818181818,44,0.7181806564331055
ordinary_baseline,=,31,0.7045454545454546,44,0.3328566551208496
ordinary_baseline,O,32,0.7272727272727273,44,0.3037872314453125
ordinary_baseline,),33,0.75,44,0.27626991271972656
ordinary_baseline,O,34,0.7727272727272727,44,0.10422754287719727
ordinary_baseline,[*],35,0.7954545454545454,44,0.5144414901733398
ordinary_baseline,),36,0.8181818181818182,44,0.41777849197387695
ordinary_baseline,c,37,0.8409090909090909,44,0.31380701065063477
ordinary_baseline,c,38,0.8636363636363636,44,0.31380701065063477
ordinary_baseline,2,39,0.8863636363636364,44,0.2369227409362793
ordinary_baseline,),40,0.9090909090909091,44,0.21285057067871094
ordinary_baseline,c,41,0.9318181818181818,44,0.022655010223388672
ordinary_baseline,c,42,0.9545454545454546,44,0.022655010223388672
ordinary_baseline,1,43,0.9772727272727273,44,0.010410785675048828
ordinary_baseline,[*],0,0.0,31,1.4384419918060303
ordinary_baseline,N,1,0.03225806451612903,31,1.4691059589385986
ordinary_baseline,C,2,0.06451612903225806,31,1.124570608139038
ordinary_baseline,(,3,0.0967741935483871,31,1.181633710861206
ordinary_baseline,C,4,0.12903225806451613,31,1.0077168941497803
ordinary_baseline,C,5,0.16129032258064516,31,1.0077168941497803
ordinary_baseline,C,6,0.1935483870967742,31,1.0077168941497803
ordinary_baseline,(,7,0.22580645161290322,31,0.7616622447967529
ordinary_baseline,=,8,0.25806451612903225,31,1.1299011707305908
ordinary_baseline,O,9,0.2903225806451613,31,0.7748425006866455
ordinary_baseline,),10,0.3225806451612903,31,0.8324553966522217
ordinary_baseline,O,11,0.3548387096774194,31,1.0001885890960693
ordinary_baseline,C,12,0.3870967741935484,31,1.0620334148406982
ordinary_baseline,c,13,0.41935483870967744,31,1.1816227436065674
ordinary_baseline,1,14,0.45161290322580644,31,1.101632833480835
ordinary_baseline,c,15,0.4838709677419355,31,1.1221520900726318
ordinary_baseline,c,16,0.5161290322580645,31,1.1221520900726318
ordinary_baseline,c,17,0.5483870967741935,31,1.1221520900726318
ordinary_baseline,(,18,0.5806451612903226,31,1.0530073642730713
ordinary_baseline,Cl,19,0.6129032258064516,31,1.2687551975250244
ordinary_baseline,),20,0.6451612903225806,31,1.2944791316986084
ordinary_baseline,c,21,0.6774193548387096,31,1.4040663242340088
ordinary_baseline,c,22,0.7096774193548387,31,1.4040663242340088
ordinary_baseline,1,23,0.7419354838709677,31,1.1696550846099854
ordinary_baseline,),24,0.7741935483870968,31,0.8248708248138428
ordinary_baseline,C,25,0.8064516129032258,31,0.8430726528167725
ordinary_baseline,(,26,0.8387096774193549,31,0.8042805194854736
ordinary_baseline,[*],27,0.8709677419354839,31,0.5371153354644775
ordinary_baseline,),28,0.9032258064516129,31,0.5803239345550537
ordinary_baseline,=,29,0.9354838709677419,31,0.7777707576751709
ordinary_baseline,O,30,0.967741935483871,31,0.24562859535217285
ordinary_baseline,[*],0,0.0,70,0.5277049541473389
ordinary_baseline,N,1,0.014285714285714285,70,0.48986268043518066
ordinary_baseline,c,2,0.02857142857142857,70,0.4804396629333496
ordinary_baseline,1,3,0.04285714285714286,70,0.47218966484069824
ordinary_baseline,c,4,0.05714285714285714,70,0.2737853527069092
ordinary_baseline,c,5,0.07142857142857142,70,0.2737853527069092
ordinary_baseline,(,6,0.08571428571428572,70,0.1443336009979248
ordinary_baseline,N,7,0.1,70,0.048587799072265625
ordinary_baseline,C,8,0.11428571428571428,70,0.08557415008544922
ordinary_baseline,(,9,0.12857142857142856,70,0.059560298919677734
ordinary_baseline,=,10,0.14285714285714285,70,0.4953334331512451
ordinary_baseline,O,11,0.15714285714285714,70,0.2297039031982422
ordinary_baseline,),12,0.17142857142857143,70,0.2882072925567627
ordinary_baseline,N,13,0.18571428571428572,70,0.3071572780609131
ordinary_baseline,c,14,0.2,70,0.30757617950439453
ordinary_baseline,2,15,0.21428571428571427,70,0.29453516006469727
ordinary_baseline,c,16,0.22857142857142856,70,0.31206655502319336
ordinary_baseline,c,17,0.24285714285714285,70,0.31206655502319336
ordinary_baseline,c,18,0.2571428571428571,70,0.31206655502319336
ordinary_baseline,(,19,0.2714285714285714,70,0.29393696784973145
ordinary_baseline,N,20,0.2857142857142857,70,0.2755248546600342
ordinary_baseline,C,21,0.3,70,0.21590876579284668
ordinary_baseline,(,22,0.3142857142857143,70,0.1695098876953125
ordinary_baseline,[*],23,0.32857142857142857,70,0.17507696151733398
ordinary_baseline,),24,0.34285714285714286,70,0.16417837142944336
ordinary_baseline,=,25,0.35714285714285715,70,0.24095511436462402
ordinary_baseline,O,26,0.37142857142857144,70,0.15227341651916504
ordinary_baseline,),27,0.38571428571428573,70,0.15326237678527832
ordinary_baseline,c,28,0.4,70,0.19190764427185059
ordinary_baseline,c,29,0.4142857142857143,70,0.19190764427185059
ordinary_baseline,2,30,0.42857142857142855,70,0.24273419380187988
ordinary_baseline,),31,0.44285714285714284,70,0.1817798614501953
ordinary_baseline,c,32,0.45714285714285713,70,0.20342516899108887
ordinary_baseline,c,33,0.4714285714285714,70,0.20342516899108887
ordinary_baseline,(,34,0.4857142857142857,70,0.10706520080566406
ordinary_baseline,C,35,0.5,70,0.07717585563659668
ordinary_baseline,(,36,0.5142857142857142,70,0.12475824356079102
ordinary_baseline,=,37,0.5285714285714286,70,0.2999448776245117
ordinary_baseline,O,38,0.5428571428571428,70,0.03251934051513672
ordinary_baseline,),39,0.5571428571428572,70,0.03388404846191406
ordinary_baseline,N,40,0.5714285714285714,70,0.1601729393005371
ordinary_baseline,c,41,0.5857142857142857,70,0.1719226837158203
ordinary_baseline,2,42,0.6,70,0.014833450317382812
ordinary_baseline,c,43,0.6142857142857143,70,0.0985865592956543
ordinary_baseline,c,44,0.6285714285714286,70,0.0985865592956543
ordinary_baseline,c,45,0.6428571428571429,70,0.0985865592956543
ordinary_baseline,c,46,0.6571428571428571,70,0.0985865592956543
ordinary_baseline,3,47,0.6714285714285714,70,0.008590459823608398
ordinary_baseline,c,48,0.6857142857142857,70,0.07796335220336914
ordinary_baseline,2,49,0.7,70,0.15114068984985352
ordinary_baseline,C,50,0.7142857142857143,70,0.032807350158691406
ordinary_baseline,(,51,0.7285714285714285,70,0.01647663116455078
ordinary_baseline,=,52,0.7428571428571429,70,0.0456538200378418
ordinary_baseline,O,53,0.7571428571428571,70,0.16418981552124023
ordinary_baseline,),54,0.7714285714285715,70,0.13004088401794434
ordinary_baseline,c,55,0.7857142857142857,70,0.14254999160766602
ordinary_baseline,2,56,0.8,70,0.1479175090789795
ordinary_baseline,c,57,0.8142857142857143,70,0.24647188186645508
ordinary_baseline,c,58,0.8285714285714286,70,0.24647188186645508
ordinary_baseline,c,59,0.8428571428571429,70,0.24647188186645508
ordinary_baseline,c,60,0.8571428571428571,70,0.24647188186645508
ordinary_baseline,c,61,0.8714285714285714,70,0.24647188186645508
ordinary_baseline,2,62,0.8857142857142857,70,0.18627524375915527
ordinary_baseline,C,63,0.9,70,0.21867966651916504
ordinary_baseline,3,64,0.9142857142857143,70,0.06723165512084961
ordinary_baseline,=,65,0.9285714285714286,70,0.1552295684814453
ordinary_baseline,O,66,0.9428571428571428,70,0.062258243560791016
ordinary_baseline,),67,0.9571428571428572,70,0.07529950141906738
ordinary_baseline,c,68,0.9714285714285714,70,0.03505849838256836
ordinary_baseline,1,69,0.9857142857142858,70,0.15228986740112305
ordinary_baseline,[*],0,0.0,18,0.20000362396240234
ordinary_baseline,N,1,0.05555555555555555,18,0.4669685363769531
ordinary_baseline,C,2,0.1111111111111111,18,0.40447473526000977
ordinary_baseline,(,3,0.16666666666666666,18,0.2422943115234375
ordinary_baseline,=,4,0.2222222222222222,18,0.5338821411132812
ordinary_baseline,O,5,0.2777777777777778,18,0.4062008857727051
ordinary_baseline,),6,0.3333333333333333,18,0.4413161277770996
ordinary_baseline,C,7,0.3888888888888889,18,0.209000825881958
ordinary_baseline,(,8,0.4444444444444444,18,0.14806175231933594
ordinary_baseline,=,9,0.5,18,0.5938515663146973
ordinary_baseline,S,10,0.5555555555555556,18,0.4584202766418457
ordinary_baseline,),11,0.6111111111111112,18,0.10441946983337402
ordinary_baseline,C,12,0.6666666666666666,18,0.07897758483886719
ordinary_baseline,(,13,0.7222222222222222,18,0.2174074649810791
ordinary_baseline,=,14,0.7777777777777778,18,0.41788196563720703
ordinary_baseline,O,15,0.8333333333333334,18,0.260317325592041
ordinary_baseline,),16,0.8888888888888888,18,0.22704648971557617
ordinary_baseline,[*],17,0.9444444444444444,18,0.05955862998962402
ordinary_baseline,[*],0,0.0,22,0.9415602684020996
ordinary_baseline,c,1,0.045454545454545456,22,0.9036862850189209
ordinary_baseline,1,2,0.09090909090909091,22,0.5913419723510742
ordinary_baseline,c,3,0.13636363636363635,22,0.5523719787597656
ordinary_baseline,c,4,0.18181818181818182,22,0.5523719787597656
ordinary_baseline,(,5,0.22727272727272727,22,0.40207791328430176
ordinary_baseline,-,6,0.2727272727272727,22,0.32248878479003906
ordinary_baseline,c,7,0.3181818181818182,22,0.29789090156555176
ordinary_baseline,2,8,0.36363636363636365,22,0.3652482032775879
ordinary_baseline,c,9,0.4090909090909091,22,0.4866340160369873
ordinary_baseline,c,10,0.45454545454545453,22,0.4866340160369873
ordinary_baseline,c,11,0.5,22,0.4866340160369873
ordinary_baseline,c,12,0.5454545454545454,22,0.4866340160369873
ordinary_baseline,c,13,0.5909090909090909,22,0.4866340160369873
ordinary_baseline,2,14,0.6363636363636364,22,0.5844414234161377
ordinary_baseline,),15,0.6818181818181818,22,0.472412109375
ordinary_baseline,c,16,0.7272727272727273,22,0.6463742256164551
ordinary_baseline,(,17,0.7727272727272727,22,0.5939896106719971
ordinary_baseline,[*],18,0.8181818181818182,22,0.5703649520874023
ordinary_baseline,),19,0.8636363636363636,22,0.8572134971618652
ordinary_baseline,s,20,0.9090909090909091,22,2.3025319576263428
ordinary_baseline,1,21,0.9545454545454546,22,0.08720803260803223
ordinary_baseline,[*],0,0.0,43,0.43063902854919434
ordinary_baseline,c,1,0.023255813953488372,43,0.4094269275665283
ordinary_baseline,1,2,0.046511627906976744,43,0.25803375244140625
ordinary_baseline,c,3,0.06976744186046512,43,0.2888314723968506
ordinary_baseline,c,4,0.09302325581395349,43,0.2888314723968506
ordinary_baseline,c,5,0.11627906976744186,43,0.2888314723968506
ordinary_baseline,(,6,0.13953488372093023,43,0.30780553817749023
ordinary_baseline,C,7,0.16279069767441862,43,0.4517815113067627
ordinary_baseline,C,8,0.18604651162790697,43,0.4517815113067627
ordinary_baseline,c,9,0.20930232558139536,43,0.5403602123260498
ordinary_baseline,2,10,0.23255813953488372,43,0.5774838924407959
ordinary_baseline,c,11,0.2558139534883721,43,0.23392963409423828
ordinary_baseline,c,12,0.27906976744186046,43,0.23392963409423828
ordinary_baseline,c,13,0.3023255813953488,43,0.23392963409423828
ordinary_baseline,(,14,0.32558139534883723,43,0.22607827186584473
ordinary_baseline,N,15,0.3488372093023256,43,0.38035035133361816
ordinary_baseline,3,16,0.37209302325581395,43,0.09882283210754395
ordinary_baseline,C,17,0.3953488372093023,43,0.0067081451416015625
ordinary_baseline,(,18,0.4186046511627907,43,0.035073280334472656
ordinary_baseline,=,19,0.4418604651162791,43,0.3513326644897461
ordinary_baseline,O,20,0.46511627906976744,43,0.06137418746948242
ordinary_baseline,),21,0.4883720930232558,43,0.0018534660339355469
ordinary_baseline,C,22,0.5116279069767442,43,0.11417484283447266
ordinary_baseline,(,23,0.5348837209302325,43,0.06265544891357422
ordinary_baseline,=,24,0.5581395348837209,43,0.1509242057800293
ordinary_baseline,O,25,0.5813953488372093,43,0.25015974044799805
ordinary_baseline,),26,0.6046511627906976,43,0.1556870937347412
ordinary_baseline,N,27,0.627906976744186,43,0.4352760314941406
ordinary_baseline,(,28,0.6511627906976745,43,0.42560577392578125
ordinary_baseline,[*],29,0.6744186046511628,43,0.23954153060913086
ordinary_baseline,),30,0.6976744186046512,43,0.13252782821655273
ordinary_baseline,C,31,0.7209302325581395,43,0.21359872817993164
ordinary_baseline,3,32,0.7441860465116279,43,0.08040094375610352
ordinary_baseline,=,33,0.7674418604651163,43,0.09017300605773926
ordinary_baseline,O,34,0.7906976744186046,43,0.1578521728515625
ordinary_baseline,),35,0.813953488372093,43,0.029355525970458984
ordinary_baseline,c,36,0.8372093023255814,43,0.2012324333190918
ordinary_baseline,c,37,0.8604651162790697,43,0.2012324333190918
ordinary_baseline,2,38,0.8837209302325582,43,0.06752586364746094
ordinary_baseline,),39,0.9069767441860465,43,0.2165980339050293
ordinary_baseline,c,40,0.9302325581395349,43,0.16050434112548828
ordinary_baseline,c,41,0.9534883720930233,43,0.16050434112548828
ordinary_baseline,1,42,0.9767441860465116,43,0.05684494972229004
ordinary_baseline,[*],0,0.0,13,0.1447000503540039
ordinary_baseline,C,1,0.07692307692307693,13,0.37308740615844727
ordinary_baseline,C,2,0.15384615384615385,13,0.37308740615844727
ordinary_baseline,C,3,0.23076923076923078,13,0.37308740615844727
ordinary_baseline,C,4,0.3076923076923077,13,0.37308740615844727
ordinary_baseline,N,5,0.38461538461538464,13,0.37344980239868164
ordinary_baseline,C,6,0.46153846153846156,13,0.07193565368652344
ordinary_baseline,(,7,0.5384615384615384,13,0.14158391952514648
ordinary_baseline,=,8,0.6153846153846154,13,0.03070068359375
ordinary_baseline,O,9,0.6923076923076923,13,0.28009748458862305
ordinary_baseline,),10,0.7692307692307693,13,0.0039997100830078125
ordinary_baseline,O,11,0.8461538461538461,13,0.07498407363891602
ordinary_baseline,[*],12,0.9230769230769231,13,0.025634765625
ordinary_baseline,[*],0,0.0,18,0.16182756423950195
ordinary_baseline,C,1,0.05555555555555555,18,0.2303471565246582
ordinary_baseline,C,2,0.1111111111111111,18,0.2303471565246582
ordinary_baseline,C,3,0.16666666666666666,18,0.2303471565246582
ordinary_baseline,C,4,0.2222222222222222,18,0.2303471565246582
ordinary_baseline,C,5,0.2777777777777778,18,0.2303471565246582
ordinary_baseline,C,6,0.3333333333333333,18,0.2303471565246582
ordinary_baseline,C,7,0.3888888888888889,18,0.2303471565246582
ordinary_baseline,C,8,0.4444444444444444,18,0.2303471565246582
ordinary_baseline,C,9,0.5,18,0.2303471565246582
ordinary_baseline,C,10,0.5555555555555556,18,0.2303471565246582
ordinary_baseline,C,11,0.6111111111111112,18,0.2303471565246582
ordinary_baseline,(,12,0.6666666666666666,18,0.33284902572631836
ordinary_baseline,=,13,0.7222222222222222,18,0.161834716796875
ordinary_baseline,O,14,0.7777777777777778,18,0.40522098541259766
ordinary_baseline,),15,0.8333333333333334,18,0.1314549446105957
ordinary_baseline,N,16,0.8888888888888888,18,0.26845312118530273
ordinary_baseline,[*],17,0.9444444444444444,18,0.1013026237487793
ordinary_baseline,[*],0,0.0,46,0.3397970199584961
ordinary_baseline,c,1,0.021739130434782608,46,0.22599411010742188
ordinary_baseline,1,2,0.043478260869565216,46,0.39853382110595703
ordinary_baseline,c,3,0.06521739130434782,46,0.367159366607666
ordinary_baseline,c,4,0.08695652173913043,46,0.367159366607666
ordinary_baseline,(,5,0.10869565217391304,46,0.5006170272827148
ordinary_baseline,O,6,0.13043478260869565,46,0.6254582405090332
ordinary_baseline,C,7,0.15217391304347827,46,0.5910122394561768
ordinary_baseline,C,8,0.17391304347826086,46,0.5910122394561768
ordinary_baseline,C,9,0.1956521739130435,46,0.5910122394561768
ordinary_baseline,C,10,0.21739130434782608,46,0.5910122394561768
ordinary_baseline,C,11,0.2391304347826087,46,0.5910122394561768
ordinary_baseline,C,12,0.2608695652173913,46,0.5910122394561768
ordinary_baseline,C,13,0.2826086956521739,46,0.5910122394561768
ordinary_baseline,C,14,0.30434782608695654,46,0.5910122394561768
ordinary_baseline,C,15,0.32608695652173914,46,0.5910122394561768
ordinary_baseline,C,16,0.34782608695652173,46,0.5910122394561768
ordinary_baseline,),17,0.3695652173913043,46,0.6280133724212646
ordinary_baseline,c,18,0.391304347826087,46,0.3419957160949707
ordinary_baseline,c,19,0.41304347826086957,46,0.3419957160949707
ordinary_baseline,(,20,0.43478260869565216,46,0.41352009773254395
ordinary_baseline,-,21,0.45652173913043476,46,0.359494686126709
ordinary_baseline,c,22,0.4782608695652174,46,0.3218083381652832
ordinary_baseline,2,23,0.5,46,0.3256797790527344
ordinary_baseline,n,24,0.5217391304347826,46,0.4462723731994629
ordinary_baseline,c,25,0.5434782608695652,46,0.24954891204833984
ordinary_baseline,3,26,0.5652173913043478,46,0.31899547576904297
ordinary_baseline,c,27,0.5869565217391305,46,0.19475555419921875
ordinary_baseline,c,28,0.6086956521739131,46,0.19475555419921875
ordinary_baseline,4,29,0.6304347826086957,46,0.15084362030029297
ordinary_baseline,s,30,0.6521739130434783,46,0.3172950744628906
ordinary_baseline,c,31,0.6739130434782609,46,0.2611672878265381
ordinary_baseline,(,32,0.6956521739130435,46,0.35155391693115234
ordinary_baseline,[*],33,0.717391304347826,46,0.032483577728271484
ordinary_baseline,),34,0.7391304347826086,46,0.11629390716552734
ordinary_baseline,n,35,0.7608695652173914,46,0.07255935668945312
ordinary_baseline,c,36,0.782608695652174,46,0.08575773239135742
ordinary_baseline,4,37,0.8043478260869565,46,0.07732629776000977
ordinary_baseline,c,38,0.8260869565217391,46,0.10342860221862793
ordinary_baseline,c,39,0.8478260869565217,46,0.10342860221862793
ordinary_baseline,3,40,0.8695652173913043,46,0.06706047058105469
ordinary_baseline,s,41,0.8913043478260869,46,0.04307270050048828
ordinary_baseline,2,42,0.9130434782608695,46,0.041034698486328125
ordinary_baseline,),43,0.9347826086956522,46,0.0478668212890625
ordinary_baseline,c,44,0.9565217391304348,46,0.04166555404663086
ordinary_baseline,1,45,0.9782608695652174,46,0.004870891571044922
ordinary_baseline,[*],0,0.0,23,0.16947507858276367
ordinary_baseline,C,1,0.043478260869565216,23,0.28058338165283203
ordinary_baseline,C,2,0.08695652173913043,23,0.28058338165283203
ordinary_baseline,O,3,0.13043478260869565,23,0.3273439407348633
ordinary_baseline,C,4,0.17391304347826086,23,0.5478544235229492
ordinary_baseline,C,5,0.21739130434782608,23,0.5478544235229492
ordinary_baseline,O,6,0.2608695652173913,23,0.653416633605957
ordinary_baseline,C,7,0.30434782608695654,23,0.6116986274719238
ordinary_baseline,(,8,0.34782608695652173,23,0.8431129455566406
ordinary_baseline,=,9,0.391304347826087,23,0.2705864906311035
ordinary_baseline,O,10,0.43478260869565216,23,1.0820684432983398
ordinary_baseline,),11,0.4782608695652174,23,0.5798845291137695
ordinary_baseline,C,12,0.5217391304347826,23,0.8877139091491699
ordinary_baseline,C,13,0.5652173913043478,23,0.8877139091491699
ordinary_baseline,C,14,0.6086956521739131,23,0.8877139091491699
ordinary_baseline,C,15,0.6521739130434783,23,0.8877139091491699
ordinary_baseline,C,16,0.6956521739130435,23,0.8877139091491699
ordinary_baseline,(,17,0.7391304347826086,23,0.8449921607971191
ordinary_baseline,=,18,0.782608695652174,23,0.11491918563842773
ordinary_baseline,O,19,0.8260869565217391,23,0.2753791809082031
ordinary_baseline,),20,0.8695652173913043,23,0.024725914001464844
ordinary_baseline,O,21,0.9130434782608695,23,0.17844438552856445
ordinary_baseline,[*],22,0.9565217391304348,23,0.09976625442504883
ordinary_baseline,[*],0,0.0,16,0.7791814804077148
ordinary_baseline,C,1,0.0625,16,0.8652067184448242
ordinary_baseline,O,2,0.125,16,1.660280704498291
ordinary_baseline,C,3,0.1875,16,1.3940579891204834
ordinary_baseline,(,4,0.25,16,1.2260494232177734
ordinary_baseline,S,5,0.3125,16,0.33753252029418945
ordinary_baseline,1,6,0.375,16,0.9388651847839355
ordinary_baseline,),7,0.4375,16,0.7448024749755859
ordinary_baseline,=,8,0.5,16,0.08868789672851562
ordinary_baseline,C,9,0.5625,16,1.0052552223205566
ordinary_baseline,C,10,0.625,16,1.0052552223205566
ordinary_baseline,=,11,0.6875,16,0.3046107292175293
ordinary_baseline,C,12,0.75,16,0.11762619018554688
ordinary_baseline,1,13,0.8125,16,0.24260759353637695
ordinary_baseline,O,14,0.875,16,0.5423541069030762
ordinary_baseline,[*],15,0.9375,16,0.41663026809692383
ordinary_baseline,[*],0,0.0,23,0.4581148624420166
ordinary_baseline,c,1,0.043478260869565216,23,0.30750298500061035
ordinary_baseline,1,2,0.08695652173913043,23,0.509528636932373
ordinary_baseline,c,3,0.13043478260869565,23,0.4640343189239502
ordinary_baseline,c,4,0.17391304347826086,23,0.4640343189239502
ordinary_baseline,c,5,0.21739130434782608,23,0.4640343189239502
ordinary_baseline,2,6,0.2608695652173913,23,0.029865264892578125
ordinary_baseline,c,7,0.30434782608695654,23,0.7241804599761963
ordinary_baseline,(,8,0.34782608695652173,23,0.5611982345581055
ordinary_baseline,c,9,0.391304347826087,23,0.16081619262695312
ordinary_baseline,1,10,0.43478260869565216,23,0.16548967361450195
ordinary_baseline,),11,0.4782608695652174,23,0.31311702728271484
ordinary_baseline,c,12,0.5217391304347826,23,0.3728775978088379
ordinary_baseline,1,13,0.5652173913043478,23,0.0037021636962890625
ordinary_baseline,c,14,0.6086956521739131,23,0.14160680770874023
ordinary_baseline,c,15,0.6521739130434783,23,0.14160680770874023
ordinary_baseline,c,16,0.6956521739130435,23,0.14160680770874023
ordinary_baseline,c,17,0.7391304347826086,23,0.14160680770874023
ordinary_baseline,c,18,0.782608695652174,23,0.14160680770874023
ordinary_baseline,1,19,0.8260869565217391,23,0.02288055419921875
ordinary_baseline,n,20,0.8695652173913043,23,0.004587650299072266
ordinary_baseline,2,21,0.9130434782608695,23,0.011248111724853516
ordinary_baseline,[*],22,0.9565217391304348,23,0.13017606735229492
ordinary_baseline,[*],0,0.0,35,1.4972171783447266
ordinary_baseline,c,1,0.02857142857142857,35,1.7050361633300781
ordinary_baseline,1,2,0.05714285714285714,35,0.760728120803833
ordinary_baseline,c,3,0.08571428571428572,35,0.7145304679870605
ordinary_baseline,c,4,0.11428571428571428,35,0.7145304679870605
ordinary_baseline,(,5,0.14285714285714285,35,0.030643939971923828
ordinary_baseline,C,6,0.17142857142857143,35,0.22824883460998535
ordinary_baseline,(,7,0.2,35,0.290708065032959
ordinary_baseline,F,8,0.22857142857142856,35,0.19600486755371094
ordinary_baseline,),9,0.2571428571428571,35,0.19472908973693848
ordinary_baseline,(,10,0.2857142857142857,35,0.3789541721343994
ordinary_baseline,F,11,0.3142857142857143,35,0.2659916877746582
ordinary_baseline,),12,0.34285714285714286,35,0.2420506477355957
ordinary_baseline,C,13,0.37142857142857144,35,0.1943807601928711
ordinary_baseline,(,14,0.4,35,0.179931640625
ordinary_baseline,F,15,0.42857142857142855,35,0.2101001739501953
ordinary_baseline,),16,0.45714285714285713,35,0.31444406509399414
ordinary_baseline,(,17,0.4857142857142857,35,0.25931215286254883
ordinary_baseline,F,18,0.5142857142857142,35,0.28086233139038086
ordinary_baseline,),19,0.5428571428571428,35,0.43280792236328125
ordinary_baseline,C,20,0.5714285714285714,35,0.4743969440460205
ordinary_baseline,(,21,0.6,35,0.5039968490600586
ordinary_baseline,F,22,0.6285714285714286,35,0.4501919746398926
ordinary_baseline,),23,0.6571428571428571,35,0.5199668407440186
ordinary_baseline,(,24,0.6857142857142857,35,0.5758399963378906
ordinary_baseline,F,25,0.7142857142857143,35,0.6210567951202393
ordinary_baseline,),26,0.7428571428571429,35,0.644676923751831
ordinary_baseline,F,27,0.7714285714285715,35,0.668360710144043
ordinary_baseline,),28,0.8,35,0.6798737049102783
ordinary_baseline,c,29,0.8285714285714286,35,0.7019026279449463
ordinary_baseline,(,30,0.8571428571428571,35,0.6402137279510498
ordinary_baseline,[*],31,0.8857142857142857,35,0.7603859901428223
ordinary_baseline,),32,0.9142857142857143,35,0.7390778064727783
ordinary_baseline,s,33,0.9428571428571428,35,0.713686466217041
ordinary_baseline,1,34,0.9714285714285714,35,0.22053813934326172
ordinary_baseline,[*],0,0.0,25,0.3776836395263672
ordinary_baseline,C,1,0.04,25,0.6867213249206543
ordinary_baseline,C,2,0.08,25,0.6867213249206543
ordinary_baseline,(,3,0.12,25,0.4306511878967285
ordinary_baseline,=,4,0.16,25,0.19347333908081055
ordinary_baseline,O,5,0.2,25,0.8101372718811035
ordinary_baseline,),6,0.24,25,0.5603327751159668
ordinary_baseline,O,7,0.28,25,0.5883922576904297
ordinary_baseline,C,8,0.32,25,0.4430971145629883
ordinary_baseline,(,9,0.36,25,0.5966601371765137
ordinary_baseline,=,10,0.4,25,0.1977996826171875
ordinary_baseline,O,11,0.44,25,0.6478886604309082
ordinary_baseline,),12,0.48,25,0.3313260078430176
ordinary_baseline,c,13,0.52,25,0.3953099250793457
ordinary_baseline,1,14,0.56,25,0.40921640396118164
ordinary_baseline,c,15,0.6,25,0.14621591567993164
ordinary_baseline,c,16,0.64,25,0.14621591567993164
ordinary_baseline,c,17,0.68,25,0.14621591567993164
ordinary_baseline,c,18,0.72,25,0.14621591567993164
ordinary_baseline,(,19,0.76,25,0.1038508415222168
ordinary_baseline,O,20,0.8,25,0.24835586547851562
ordinary_baseline,[*],21,0.84,25,0.19978046417236328
ordinary_baseline,),22,0.88,25,0.22869539260864258
ordinary_baseline,c,23,0.92,25,0.24308347702026367
ordinary_baseline,1,24,0.96,25,0.09893655776977539
ordinary_baseline,[*],0,0.0,24,0.3200678825378418
ordinary_baseline,C,1,0.041666666666666664,24,0.23169183731079102
ordinary_baseline,C,2,0.08333333333333333,24,0.23169183731079102
ordinary_baseline,C,3,0.125,24,0.23169183731079102
ordinary_baseline,C,4,0.16666666666666666,24,0.23169183731079102
ordinary_baseline,C,5,0.20833333333333334,24,0.23169183731079102
ordinary_baseline,C,6,0.25,24,0.23169183731079102
ordinary_baseline,N,7,0.2916666666666667,24,0.2585773468017578
ordinary_baseline,C,8,0.3333333333333333,24,0.14624643325805664
ordinary_baseline,(,9,0.375,24,0.10912942886352539
ordinary_baseline,=,10,0.4166666666666667,24,0.29269838333129883
ordinary_baseline,O,11,0.4583333333333333,24,0.05127573013305664
ordinary_baseline,),12,0.5,24,0.17209672927856445
ordinary_baseline,N,13,0.5416666666666666,24,0.023294925689697266
ordinary_baseline,C,14,0.5833333333333334,24,0.014083385467529297
ordinary_baseline,C,15,0.625,24,0.014083385467529297
ordinary_baseline,N,16,0.6666666666666666,24,0.0012125968933105469
ordinary_baseline,C,17,0.7083333333333334,24,0.019423484802246094
ordinary_baseline,(,18,0.75,24,0.17518138885498047
ordinary_baseline,=,19,0.7916666666666666,24,0.3222365379333496
ordinary_baseline,O,20,0.8333333333333334,24,0.12623310089111328
ordinary_baseline,),21,0.875,24,0.061310768127441406
ordinary_baseline,N,22,0.9166666666666666,24,0.0013632774353027344
ordinary_baseline,[*],23,0.9583333333333334,24,0.0664834976196289
ordinary_baseline,[*],0,0.0,17,0.016477108001708984
ordinary_baseline,N,1,0.058823529411764705,17,0.21192026138305664
ordinary_baseline,c,2,0.11764705882352941,17,0.3581581115722656
ordinary_baseline,1,3,0.17647058823529413,17,0.09861350059509277
ordinary_baseline,c,4,0.23529411764705882,17,0.31522512435913086
ordinary_baseline,(,5,0.29411764705882354,17,0.07829022407531738
ordinary_baseline,Cl,6,0.35294117647058826,17,0.20760345458984375
ordinary_baseline,),7,0.4117647058823529,17,0.45450353622436523
ordinary_baseline,c,8,0.47058823529411764,17,0.3041858673095703
ordinary_baseline,c,9,0.5294117647058824,17,0.3041858673095703
ordinary_baseline,(,10,0.5882352941176471,17,0.5136959552764893
ordinary_baseline,[*],11,0.6470588235294118,17,0.05664539337158203
ordinary_baseline,),12,0.7058823529411765,17,0.46338891983032227
ordinary_baseline,c,13,0.7647058823529411,17,0.5991268157958984
ordinary_baseline,c,14,0.8235294117647058,17,0.5991268157958984
ordinary_baseline,1,15,0.8823529411764706,17,0.4685683250427246
ordinary_baseline,Cl,16,0.9411764705882353,17,0.31826210021972656
ordinary_baseline,[*],0,0.0,24,0.35007333755493164
ordinary_baseline,C,1,0.041666666666666664,24,0.26548147201538086
ordinary_baseline,C,2,0.08333333333333333,24,0.26548147201538086
ordinary_baseline,C,3,0.125,24,0.26548147201538086
ordinary_baseline,C,4,0.16666666666666666,24,0.26548147201538086
ordinary_baseline,C,5,0.20833333333333334,24,0.26548147201538086
ordinary_baseline,C,6,0.25,24,0.26548147201538086
ordinary_baseline,C,7,0.2916666666666667,24,0.26548147201538086
ordinary_baseline,C,8,0.3333333333333333,24,0.26548147201538086
ordinary_baseline,C,9,0.375,24,0.26548147201538086
ordinary_baseline,N,10,0.4166666666666667,24,0.3240194320678711
ordinary_baseline,C,11,0.4583333333333333,24,0.30320262908935547
ordinary_baseline,(,12,0.5,24,0.23654747009277344
ordinary_baseline,=,13,0.5416666666666666,24,0.29035139083862305
ordinary_baseline,O,14,0.5833333333333334,24,0.08830595016479492
ordinary_baseline,),15,0.625,24,0.252748966217041
ordinary_baseline,C,16,0.6666666666666666,24,0.04101705551147461
ordinary_baseline,C,17,0.7083333333333334,24,0.04101705551147461
ordinary_baseline,(,18,0.75,24,0.027397632598876953
ordinary_baseline,=,19,0.7916666666666666,24,0.4206376075744629
ordinary_baseline,O,20,0.8333333333333334,24,0.042943477630615234
ordinary_baseline,),21,0.875,24,0.20207500457763672
ordinary_baseline,N,22,0.9166666666666666,24,0.1485910415649414
ordinary_baseline,[*],23,0.9583333333333334,24,0.0330815315246582
ordinary_baseline,[*],0,0.0,20,0.7076900005340576
ordinary_baseline,C,1,0.05,20,0.7214782238006592
ordinary_baseline,C,2,0.1,20,0.7214782238006592
ordinary_baseline,(,3,0.15,20,0.20569109916687012
ordinary_baseline,S,4,0.2,20,0.15427422523498535
ordinary_baseline,1,5,0.25,20,0.3503141403198242
ordinary_baseline,),6,0.3,20,0.4079453945159912
ordinary_baseline,=,7,0.35,20,0.16822361946105957
ordinary_baseline,C,8,0.4,20,0.06929159164428711
ordinary_baseline,C,9,0.45,20,0.06929159164428711
ordinary_baseline,=,10,0.5,20,0.3236277103424072
ordinary_baseline,C,11,0.55,20,0.06441235542297363
ordinary_baseline,1,12,0.6,20,0.26409268379211426
ordinary_baseline,C,13,0.65,20,0.39438533782958984
ordinary_baseline,(,14,0.7,20,0.2749941349029541
ordinary_baseline,=,15,0.75,20,0.6269652843475342
ordinary_baseline,S,16,0.8,20,0.03979325294494629
ordinary_baseline,),17,0.85,20,0.04100346565246582
ordinary_baseline,O,18,0.9,20,0.943981409072876
ordinary_baseline,[*],19,0.95,20,0.26026272773742676
ordinary_baseline,[*],0,0.0,17,0.5069479942321777
ordinary_baseline,C,1,0.058823529411764705,17,0.3727149963378906
ordinary_baseline,C,2,0.11764705882352941,17,0.3727149963378906
ordinary_baseline,C,3,0.17647058823529413,17,0.3727149963378906
ordinary_baseline,O,4,0.23529411764705882,17,0.31360483169555664
ordinary_baseline,C,5,0.29411764705882354,17,0.3368864059448242
ordinary_baseline,(,6,0.35294117647058826,17,0.3593316078186035
ordinary_baseline,=,7,0.4117647058823529,17,0.22754192352294922
ordinary_baseline,O,8,0.47058823529411764,17,0.465362548828125
ordinary_baseline,),9,0.5294117647058824,17,0.22167396545410156
ordinary_baseline,C,10,0.5882352941176471,17,0.23625564575195312
ordinary_baseline,(,11,0.6470588235294118,17,0.09759140014648438
ordinary_baseline,=,12,0.7058823529411765,17,0.16197919845581055
ordinary_baseline,O,13,0.7647058823529411,17,0.09139633178710938
ordinary_baseline,),14,0.8235294117647058,17,0.2541341781616211
ordinary_baseline,O,15,0.8823529411764706,17,0.12906646728515625
ordinary_baseline,[*],16,0.9411764705882353,17,0.0744466781616211
ordinary_baseline,[*],0,0.0,32,0.2566971778869629
ordinary_baseline,C,1,0.03125,32,0.36144208908081055
ordinary_baseline,C,2,0.0625,32,0.36144208908081055
ordinary_baseline,C,3,0.09375,32,0.36144208908081055
ordinary_baseline,C,4,0.125,32,0.36144208908081055
ordinary_baseline,(,5,0.15625,32,0.3835029602050781
ordinary_baseline,C,6,0.1875,32,0.3500399589538574
ordinary_baseline,),7,0.21875,32,0.36310911178588867
ordinary_baseline,(,8,0.25,32,0.36618852615356445
ordinary_baseline,C,9,0.28125,32,0.3203773498535156
ordinary_baseline,),10,0.3125,32,0.33001041412353516
ordinary_baseline,C,11,0.34375,32,0.2377772331237793
ordinary_baseline,N,12,0.375,32,0.2123112678527832
ordinary_baseline,C,13,0.40625,32,0.14451074600219727
ordinary_baseline,(,14,0.4375,32,0.14733171463012695
ordinary_baseline,=,15,0.46875,32,0.016551494598388672
ordinary_baseline,O,16,0.5,32,0.1365041732788086
ordinary_baseline,),17,0.53125,32,0.07411766052246094
ordinary_baseline,C,18,0.5625,32,0.0697793960571289
ordinary_baseline,C,19,0.59375,32,0.0697793960571289
ordinary_baseline,C,20,0.625,32,0.0697793960571289
ordinary_baseline,C,21,0.65625,32,0.0697793960571289
ordinary_baseline,C,22,0.6875,32,0.0697793960571289
ordinary_baseline,C,23,0.71875,32,0.0697793960571289
ordinary_baseline,C,24,0.75,32,0.0697793960571289
ordinary_baseline,C,25,0.78125,32,0.0697793960571289
ordinary_baseline,(,26,0.8125,32,0.07718276977539062
ordinary_baseline,=,27,0.84375,32,0.048497676849365234
ordinary_baseline,O,28,0.875,32,0.21794557571411133
ordinary_baseline,),29,0.90625,32,0.06048870086669922
ordinary_baseline,N,30,0.9375,32,0.27883434295654297
ordinary_baseline,[*],31,0.96875,32,0.008546829223632812
ordinary_baseline,[*],0,0.0,33,0.3597414493560791
ordinary_baseline,C,1,0.030303030303030304,33,0.41738176345825195
ordinary_baseline,1,2,0.06060606060606061,33,0.2091517448425293
ordinary_baseline,=,3,0.09090909090909091,33,0.7160682678222656
ordinary_baseline,C,4,0.12121212121212122,33,0.029157161712646484
ordinary_baseline,S,5,0.15151515151515152,33,0.01796245574951172
ordinary_baseline,C,6,0.18181818181818182,33,0.08044624328613281
ordinary_baseline,(,7,0.21212121212121213,33,0.22200441360473633
ordinary_baseline,=,8,0.24242424242424243,33,0.16231107711791992
ordinary_baseline,C,9,0.2727272727272727,33,0.18245220184326172
ordinary_baseline,2,10,0.30303030303030304,33,0.16777324676513672
ordinary_baseline,S,11,0.3333333333333333,33,0.2731351852416992
ordinary_baseline,C,12,0.36363636363636365,33,0.28710079193115234
ordinary_baseline,=,13,0.3939393939393939,33,0.156646728515625
ordinary_baseline,C,14,0.42424242424242425,33,0.4652750492095947
ordinary_baseline,(,15,0.45454545454545453,33,0.7405602931976318
ordinary_baseline,c,16,0.48484848484848486,33,0.3298020362854004
ordinary_baseline,3,17,0.5151515151515151,33,0.4345211982727051
ordinary_baseline,c,18,0.5454545454545454,33,0.351104736328125
ordinary_baseline,c,19,0.5757575757575758,33,0.351104736328125
ordinary_baseline,c,20,0.6060606060606061,33,0.351104736328125
ordinary_baseline,(,21,0.6363636363636364,33,0.2469484806060791
ordinary_baseline,[*],22,0.6666666666666666,33,0.259415864944458
ordinary_baseline,),23,0.696969696969697,33,0.07819509506225586
ordinary_baseline,c,24,0.7272727272727273,33,0.06888723373413086
ordinary_baseline,c,25,0.7575757575757576,33,0.06888723373413086
ordinary_baseline,3,26,0.7878787878787878,33,0.07331228256225586
ordinary_baseline,),27,0.8181818181818182,33,0.08832907676696777
ordinary_baseline,S,28,0.8484848484848485,33,0.1515793800354004
ordinary_baseline,2,29,0.8787878787878788,33,0.5005397796630859
ordinary_baseline,),30,0.9090909090909091,33,0.2484736442565918
ordinary_baseline,S,31,0.9393939393939394,33,0.06493806838989258
ordinary_baseline,1,32,0.9696969696969697,33,0.04845237731933594
ordinary_baseline,[*],0,0.0,36,0.7036972045898438
ordinary_baseline,N,1,0.027777777777777776,36,0.7775142192840576
ordinary_baseline,=,2,0.05555555555555555,36,1.0879855155944824
ordinary_baseline,c,3,0.08333333333333333,36,0.503056526184082
ordinary_baseline,1,4,0.1111111111111111,36,0.5103235244750977
ordinary_baseline,c,5,0.1388888888888889,36,0.4858841896057129
ordinary_baseline,(,6,0.16666666666666666,36,0.41927647590637207
ordinary_baseline,=,7,0.19444444444444445,36,0.9453375339508057
ordinary_baseline,N,8,0.2222222222222222,36,0.5645012855529785
ordinary_baseline,c,9,0.25,36,0.5470256805419922
ordinary_baseline,2,10,0.2777777777777778,36,0.5328683853149414
ordinary_baseline,c,11,0.3055555555555556,36,0.5457844734191895
ordinary_baseline,c,12,0.3333333333333333,36,0.5457844734191895
ordinary_baseline,c,13,0.3611111111111111,36,0.5457844734191895
ordinary_baseline,(,14,0.3888888888888889,36,0.4582953453063965
ordinary_baseline,[*],15,0.4166666666666667,36,0.2568795680999756
ordinary_baseline,),16,0.4444444444444444,36,0.698822021484375
ordinary_baseline,c,17,0.4722222222222222,36,0.5290389060974121
ordinary_baseline,c,18,0.5,36,0.5290389060974121
ordinary_baseline,2,19,0.5277777777777778,36,0.47016334533691406
ordinary_baseline,),20,0.5555555555555556,36,0.5901632308959961
ordinary_baseline,c,21,0.5833333333333334,36,0.4554717540740967
ordinary_baseline,2,22,0.6111111111111112,36,0.41744303703308105
ordinary_baseline,c,23,0.6388888888888888,36,0.21478724479675293
ordinary_baseline,c,24,0.6666666666666666,36,0.21478724479675293
ordinary_baseline,c,25,0.6944444444444444,36,0.21478724479675293
ordinary_baseline,c,26,0.7222222222222222,36,0.21478724479675293
ordinary_baseline,3,27,0.75,36,0.3746337890625
ordinary_baseline,c,28,0.7777777777777778,36,0.22643470764160156
ordinary_baseline,c,29,0.8055555555555556,36,0.22643470764160156
ordinary_baseline,c,30,0.8333333333333334,36,0.22643470764160156
ordinary_baseline,c,31,0.8611111111111112,36,0.22643470764160156
ordinary_baseline,1,32,0.8888888888888888,36,0.2223188877105713
ordinary_baseline,c,33,0.9166666666666666,36,0.23062658309936523
ordinary_baseline,3,34,0.9444444444444444,36,0.12911200523376465
ordinary_baseline,2,35,0.9722222222222222,36,0.08994889259338379
ordinary_baseline,[*],0,0.0,59,0.8290693759918213
ordinary_baseline,C,1,0.01694915254237288,59,0.8198785781860352
ordinary_baseline,c,2,0.03389830508474576,59,0.7791025638580322
ordinary_baseline,1,3,0.05084745762711865,59,0.7472147941589355
ordinary_baseline,c,4,0.06779661016949153,59,0.5674147605895996
ordinary_baseline,c,5,0.0847457627118644,59,0.5674147605895996
ordinary_baseline,(,6,0.1016949152542373,59,0.5155704021453857
ordinary_baseline,C,7,0.11864406779661017,59,0.31908202171325684
ordinary_baseline,O,8,0.13559322033898305,59,0.3218412399291992
ordinary_baseline,C,9,0.15254237288135594,59,0.410506010055542
ordinary_baseline,(,10,0.1694915254237288,59,0.6143078804016113
ordinary_baseline,=,11,0.1864406779661017,59,0.15918874740600586
ordinary_baseline,O,12,0.2033898305084746,59,0.5773513317108154
ordinary_baseline,),13,0.22033898305084745,59,0.45581841468811035
ordinary_baseline,N,14,0.23728813559322035,59,0.47667694091796875
ordinary_baseline,c,15,0.2542372881355932,59,0.2748119831085205
ordinary_baseline,2,16,0.2711864406779661,59,0.10425710678100586
ordinary_baseline,c,17,0.288135593220339,59,0.17835307121276855
ordinary_baseline,c,18,0.3050847457627119,59,0.17835307121276855
ordinary_baseline,c,19,0.3220338983050847,59,0.17835307121276855
ordinary_baseline,(,20,0.3389830508474576,59,0.19119548797607422
ordinary_baseline,C,21,0.3559322033898305,59,0.21782159805297852
ordinary_baseline,c,22,0.3728813559322034,59,0.0825662612915039
ordinary_baseline,3,23,0.3898305084745763,59,0.1965045928955078
ordinary_baseline,c,24,0.4067796610169492,59,0.11710309982299805
ordinary_baseline,c,25,0.423728813559322,59,0.11710309982299805
ordinary_baseline,c,26,0.4406779661016949,59,0.11710309982299805
ordinary_baseline,(,27,0.4576271186440678,59,0.06726408004760742
ordinary_baseline,N,28,0.4745762711864407,59,0.008568763732910156
ordinary_baseline,C,29,0.4915254237288136,59,0.041678428649902344
ordinary_baseline,(,30,0.5084745762711864,59,0.15763139724731445
ordinary_baseline,=,31,0.5254237288135594,59,0.32639026641845703
ordinary_baseline,O,32,0.5423728813559322,59,0.07448148727416992
ordinary_baseline,),33,0.559322033898305,59,0.1001882553100586
ordinary_baseline,O,34,0.576271186440678,59,0.12005424499511719
ordinary_baseline,[*],35,0.5932203389830508,59,0.12609624862670898
ordinary_baseline,),36,0.6101694915254238,59,0.06273460388183594
ordinary_baseline,c,37,0.6271186440677966,59,0.0995492935180664
ordinary_baseline,c,38,0.6440677966101694,59,0.0995492935180664
ordinary_baseline,3,39,0.6610169491525424,59,0.09412717819213867
ordinary_baseline,),40,0.6779661016949152,59,0.10755062103271484
ordinary_baseline,c,41,0.6949152542372882,59,0.10517454147338867
ordinary_baseline,c,42,0.711864406779661,59,0.10517454147338867
ordinary_baseline,2,43,0.7288135593220338,59,0.03931427001953125
ordinary_baseline,),44,0.7457627118644068,59,0.06651496887207031
ordinary_baseline,c,45,0.7627118644067796,59,0.03434038162231445
ordinary_baseline,c,46,0.7796610169491526,59,0.03434038162231445
ordinary_baseline,(,47,0.7966101694915254,59,0.005596160888671875
ordinary_baseline,C,48,0.8135593220338984,59,0.02125263214111328
ordinary_baseline,(,49,0.8305084745762712,59,0.09244108200073242
ordinary_baseline,C,50,0.847457627118644,59,0.051905155181884766
ordinary_baseline,),51,0.864406779661017,59,0.09508800506591797
ordinary_baseline,(,52,0.8813559322033898,59,0.07763862609863281
ordinary_baseline,C,53,0.8983050847457628,59,0.057274818420410156
ordinary_baseline,),54,0.9152542372881356,59,0.05698394775390625
ordinary_baseline,C,55,0.9322033898305084,59,0.05198240280151367
ordinary_baseline,),56,0.9491525423728814,59,0.12681055068969727
ordinary_baseline,c,57,0.9661016949152542,59,0.16797637939453125
ordinary_baseline,1,58,0.9830508474576272,59,0.1796879768371582
ordinary_baseline,[*],0,0.0,44,0.8531932830810547
ordinary_baseline,C,1,0.022727272727272728,44,0.8692026138305664
ordinary_baseline,1,2,0.045454545454545456,44,0.7541840076446533
ordinary_baseline,=,3,0.06818181818181818,44,0.26514267921447754
ordinary_baseline,C,4,0.09090909090909091,44,0.5066463947296143
ordinary_baseline,2,5,0.11363636363636363,44,0.49323344230651855
ordinary_baseline,O,6,0.13636363636363635,44,0.7122721672058105
ordinary_baseline,C,7,0.1590909090909091,44,0.6779053211212158
ordinary_baseline,C,8,0.18181818181818182,44,0.6779053211212158
ordinary_baseline,O,9,0.20454545454545456,44,0.7126858234405518
ordinary_baseline,C,10,0.22727272727272727,44,0.7178418636322021
ordinary_baseline,2,11,0.25,44,0.7795965671539307
ordinary_baseline,=,12,0.2727272727272727,44,0.574528694152832
ordinary_baseline,C,13,0.29545454545454547,44,0.5854523181915283
ordinary_baseline,(,14,0.3181818181818182,44,0.5576035976409912
ordinary_baseline,c,15,0.3409090909090909,44,0.5409610271453857
ordinary_baseline,2,16,0.36363636363636365,44,0.4464421272277832
ordinary_baseline,c,17,0.38636363636363635,44,0.48107194900512695
ordinary_baseline,c,18,0.4090909090909091,44,0.48107194900512695
ordinary_baseline,c,19,0.4318181818181818,44,0.48107194900512695
ordinary_baseline,(,20,0.45454545454545453,44,0.5332574844360352
ordinary_baseline,-,21,0.4772727272727273,44,0.5945596694946289
ordinary_baseline,c,22,0.5,44,0.6611347198486328
ordinary_baseline,3,23,0.5227272727272727,44,0.7146151065826416
ordinary_baseline,c,24,0.5454545454545454,44,0.5524394512176514
ordinary_baseline,c,25,0.5681818181818182,44,0.5524394512176514
ordinary_baseline,c,26,0.5909090909090909,44,0.5524394512176514
ordinary_baseline,(,27,0.6136363636363636,44,0.551375150680542
ordinary_baseline,[*],28,0.6363636363636364,44,0.4099109172821045
ordinary_baseline,),29,0.6590909090909091,44,0.4087531566619873
ordinary_baseline,s,30,0.6818181818181818,44,0.31410932540893555
ordinary_baseline,3,31,0.7045454545454546,44,0.30138421058654785
ordinary_baseline,),32,0.7272727272727273,44,0.4107203483581543
ordinary_baseline,s,33,0.75,44,0.22405695915222168
ordinary_baseline,2,34,0.7727272727272727,44,0.4779529571533203
ordinary_baseline,),35,0.7954545454545454,44,0.5735387802124023
ordinary_baseline,S,36,0.8181818181818182,44,0.6558477878570557
ordinary_baseline,1,37,0.8409090909090909,44,0.39327216148376465
ordinary_baseline,(,38,0.8636363636363636,44,0.511404275894165
ordinary_baseline,=,39,0.8863636363636364,44,0.10328197479248047
ordinary_baseline,O,40,0.9090909090909091,44,0.14326691627502441
ordinary_baseline,),41,0.9318181818181818,44,0.23572182655334473
ordinary_baseline,=,42,0.9545454545454546,44,0.011220932006835938
ordinary_baseline,O,43,0.9772727272727273,44,0.09377145767211914
ordinary_baseline,[*],0,0.0,31,1.0744891166687012
ordinary_baseline,N,1,0.03225806451612903,31,1.133378028869629
ordinary_baseline,C,2,0.06451612903225806,31,0.8660836219787598
ordinary_baseline,(,3,0.0967741935483871,31,0.9083747863769531
ordinary_baseline,C,4,0.12903225806451613,31,0.848116397857666
ordinary_baseline,C,5,0.16129032258064516,31,0.848116397857666
ordinary_baseline,C,6,0.1935483870967742,31,0.848116397857666
ordinary_baseline,N,7,0.22580645161290322,31,0.8120861053466797
ordinary_baseline,C,8,0.25806451612903225,31,0.6342654228210449
ordinary_baseline,(,9,0.2903225806451613,31,0.5078229904174805
ordinary_baseline,=,10,0.3225806451612903,31,0.7328963279724121
ordinary_baseline,O,11,0.3548387096774194,31,0.5104827880859375
ordinary_baseline,),12,0.3870967741935484,31,0.7038469314575195
ordinary_baseline,c,13,0.41935483870967744,31,0.7272830009460449
ordinary_baseline,1,14,0.45161290322580644,31,0.6959547996520996
ordinary_baseline,c,15,0.4838709677419355,31,0.722510814666748
ordinary_baseline,c,16,0.5161290322580645,31,0.722510814666748
ordinary_baseline,c,17,0.5483870967741935,31,0.722510814666748
ordinary_baseline,(,18,0.5806451612903226,31,0.6807994842529297
ordinary_baseline,F,19,0.6129032258064516,31,0.7721962928771973
ordinary_baseline,),20,0.6451612903225806,31,0.7439312934875488
ordinary_baseline,c,21,0.6774193548387096,31,0.9119906425476074
ordinary_baseline,c,22,0.7096774193548387,31,0.9119906425476074
ordinary_baseline,1,23,0.7419354838709677,31,0.6969265937805176
ordinary_baseline,),24,0.7741935483870968,31,0.4058041572570801
ordinary_baseline,C,25,0.8064516129032258,31,0.20014381408691406
ordinary_baseline,(,26,0.8387096774193549,31,0.2556595802307129
ordinary_baseline,[*],27,0.8709677419354839,31,0.3005557060241699
ordinary_baseline,),28,0.9032258064516129,31,0.3287172317504883
ordinary_baseline,=,29,0.9354838709677419,31,0.5545186996459961
ordinary_baseline,O,30,0.967741935483871,31,0.1298515796661377
ordinary_baseline,[*],0,0.0,23,1.0682661533355713
ordinary_baseline,C,1,0.043478260869565216,23,0.9819684028625488
ordinary_baseline,=,2,0.08695652173913043,23,2.060399055480957
ordinary_baseline,C,3,0.13043478260869565,23,0.28850769996643066
ordinary_baseline,(,4,0.17391304347826086,23,0.23316287994384766
ordinary_baseline,[*],5,0.21739130434782608,23,0.33063507080078125
ordinary_baseline,),6,0.2608695652173913,23,0.37186503410339355
ordinary_baseline,c,7,0.30434782608695654,23,0.4848160743713379
ordinary_baseline,1,8,0.34782608695652173,23,0.6231379508972168
ordinary_baseline,c,9,0.391304347826087,23,0.5606045722961426
ordinary_baseline,c,10,0.43478260869565216,23,0.5606045722961426
ordinary_baseline,c,11,0.4782608695652174,23,0.5606045722961426
ordinary_baseline,(,12,0.5217391304347826,23,0.7381753921508789
ordinary_baseline,[N+],13,0.5652173913043478,23,0.18759727478027344
ordinary_baseline,(,14,0.6086956521739131,23,0.41771602630615234
ordinary_baseline,=,15,0.6521739130434783,23,0.12759160995483398
ordinary_baseline,O,16,0.6956521739130435,23,0.2907216548919678
ordinary_baseline,),17,0.7391304347826086,23,0.23125839233398438
ordinary_baseline,[O-],18,0.782608695652174,23,0.09886598587036133
ordinary_baseline,),19,0.8260869565217391,23,0.1024634838104248
ordinary_baseline,c,20,0.8695652173913043,23,0.04832172393798828
ordinary_baseline,c,21,0.9130434782608695,23,0.04832172393798828
ordinary_baseline,1,22,0.9565217391304348,23,0.07004165649414062
ordinary_baseline,[*],0,0.0,35,0.030220985412597656
ordinary_baseline,O,1,0.02857142857142857,35,0.17310428619384766
ordinary_baseline,C,2,0.05714285714285714,35,0.10220527648925781
ordinary_baseline,1,3,0.08571428571428572,35,0.14611244201660156
ordinary_baseline,(,4,0.11428571428571428,35,0.14748287200927734
ordinary_baseline,C,5,0.14285714285714285,35,0.08578777313232422
ordinary_baseline,),6,0.17142857142857143,35,0.09716606140136719
ordinary_baseline,C,7,0.2,35,0.03797483444213867
ordinary_baseline,C,8,0.22857142857142856,35,0.03797483444213867
ordinary_baseline,(,9,0.2571428571428571,35,0.057697296142578125
ordinary_baseline,C,10,0.2857142857142857,35,0.00889444351196289
ordinary_baseline,),11,0.3142857142857143,35,0.06779861450195312
ordinary_baseline,(,12,0.34285714285714286,35,0.056629180908203125
ordinary_baseline,C,13,0.37142857142857144,35,8.106231689453125e-05
ordinary_baseline,),14,0.4,35,0.02469158172607422
ordinary_baseline,C,15,0.42857142857142855,35,0.0731658935546875
ordinary_baseline,(,16,0.45714285714285713,35,0.08831167221069336
ordinary_baseline,C,17,0.4857142857142857,35,0.041625022888183594
ordinary_baseline,),18,0.5142857142857142,35,0.06981945037841797
ordinary_baseline,(,19,0.5428571428571428,35,0.044483184814453125
ordinary_baseline,N,20,0.5714285714285714,35,0.13949203491210938
ordinary_baseline,2,21,0.6,35,0.09424781799316406
ordinary_baseline,C,22,0.6285714285714286,35,0.024583816528320312
ordinary_baseline,C,23,0.6571428571428571,35,0.024583816528320312
ordinary_baseline,C,24,0.6857142857142857,35,0.024583816528320312
ordinary_baseline,C,25,0.7142857142857143,35,0.024583816528320312
ordinary_baseline,(,26,0.7428571428571429,35,0.015184879302978516
ordinary_baseline,[*],27,0.7714285714285715,35,0.007016181945800781
ordinary_baseline,),28,0.8,35,0.0033054351806640625
ordinary_baseline,C,29,0.8285714285714286,35,0.013863563537597656
ordinary_baseline,2,30,0.8571428571428571,35,0.03226757049560547
ordinary_baseline,),31,0.8857142857142857,35,0.04926013946533203
ordinary_baseline,C,32,0.9142857142857143,35,0.03649473190307617
ordinary_baseline,1,33,0.9428571428571428,35,0.051541805267333984
ordinary_baseline,C,34,0.9714285714285714,35,0.008574962615966797
ordinary_baseline,C,0,0.0,66,0.1260361671447754
ordinary_baseline,(,1,0.015151515151515152,66,0.2023608684539795
ordinary_baseline,O,2,0.030303030303030304,66,0.048352956771850586
ordinary_baseline,2,3,0.045454545454545456,66,0.30165719985961914
ordinary_baseline,),4,0.06060606060606061,66,0.3856329917907715
ordinary_baseline,(,5,0.07575757575757576,66,0.36232447624206543
ordinary_baseline,[*],6,0.09090909090909091,66,0.43546628952026367
ordinary_baseline,),7,0.10606060606060606,66,0.549248218536377
ordinary_baseline,=,8,0.12121212121212122,66,0.7494773864746094
ordinary_baseline,N,9,0.13636363636363635,66,0.3636305332183838
ordinary_baseline,N,10,0.15151515151515152,66,0.3636305332183838
ordinary_baseline,=,11,0.16666666666666666,66,0.8013091087341309
ordinary_baseline,C,12,0.18181818181818182,66,0.6860132217407227
ordinary_baseline,2,13,0.19696969696969696,66,0.8498082160949707
ordinary_baseline,C,14,0.21212121212121213,66,0.7324247360229492
ordinary_baseline,1,15,0.22727272727272727,66,0.7744107246398926
ordinary_baseline,=,16,0.24242424242424243,66,0.9113221168518066
ordinary_baseline,C,17,0.25757575757575757,66,0.6032814979553223
ordinary_baseline,C,18,0.2727272727272727,66,0.6032814979553223
ordinary_baseline,=,19,0.2878787878787879,66,0.8779454231262207
ordinary_baseline,C,20,0.30303030303030304,66,0.4732844829559326
ordinary_baseline,(,21,0.3181818181818182,66,0.4677140712738037
ordinary_baseline,C,22,0.3333333333333333,66,0.42496728897094727
ordinary_baseline,=,23,0.3484848484848485,66,0.6456818580627441
ordinary_baseline,C,24,0.36363636363636365,66,0.45324182510375977
ordinary_baseline,1,25,0.3787878787878788,66,0.48323893547058105
ordinary_baseline,),26,0.3939393939393939,66,0.5503697395324707
ordinary_baseline,C,27,0.4090909090909091,66,0.48702311515808105
ordinary_baseline,2,28,0.42424242424242425,66,0.5722637176513672
ordinary_baseline,(,29,0.4393939393939394,66,0.5237278938293457
ordinary_baseline,C,30,0.45454545454545453,66,0.4448552131652832
ordinary_baseline,1,31,0.4696969696969697,66,0.5508236885070801
ordinary_baseline,=,32,0.48484848484848486,66,0.7029299736022949
ordinary_baseline,C,33,0.5,66,0.49284911155700684
ordinary_baseline,C,34,0.5151515151515151,66,0.49284911155700684
ordinary_baseline,=,35,0.5303030303030303,66,0.6228656768798828
ordinary_baseline,C,36,0.5454545454545454,66,0.4174621105194092
ordinary_baseline,C,37,0.5606060606060606,66,0.4174621105194092
ordinary_baseline,=,38,0.5757575757575758,66,0.8596911430358887
ordinary_baseline,C,39,0.5909090909090909,66,0.6567935943603516
ordinary_baseline,1,40,0.6060606060606061,66,0.7016291618347168
ordinary_baseline,C,41,0.6212121212121212,66,0.592409610748291
ordinary_baseline,(,42,0.6363636363636364,66,0.6546597480773926
ordinary_baseline,=,43,0.6515151515151515,66,0.8649945259094238
ordinary_baseline,O,44,0.6666666666666666,66,0.5965766906738281
ordinary_baseline,),45,0.6818181818181818,66,0.47469043731689453
ordinary_baseline,O,46,0.696969696969697,66,0.4443531036376953
ordinary_baseline,2,47,0.7121212121212122,66,0.758979320526123
ordinary_baseline,),48,0.7272727272727273,66,0.5658745765686035
ordinary_baseline,C,49,0.7424242424242424,66,0.5496182441711426
ordinary_baseline,1,50,0.7575757575757576,66,0.573117733001709
ordinary_baseline,=,51,0.7727272727272727,66,0.7334766387939453
ordinary_baseline,C,52,0.7878787878787878,66,0.6813278198242188
ordinary_baseline,C,53,0.803030303030303,66,0.6813278198242188
ordinary_baseline,=,54,0.8181818181818182,66,0.9300851821899414
ordinary_baseline,C,55,0.8333333333333334,66,0.7138466835021973
ordinary_baseline,(,56,0.8484848484848485,66,0.7051186561584473
ordinary_baseline,C,57,0.8636363636363636,66,0.7008638381958008
ordinary_baseline,=,58,0.8787878787878788,66,0.8854126930236816
ordinary_baseline,C,59,0.8939393939393939,66,0.6449136734008789
ordinary_baseline,1,60,0.9090909090909091,66,0.518002986907959
ordinary_baseline,),61,0.9242424242424242,66,0.4837322235107422
ordinary_baseline,O,62,0.9393939393939394,66,0.1052544116973877
ordinary_baseline,(,63,0.9545454545454546,66,0.07577133178710938
ordinary_baseline,[*],64,0.9696969696969697,66,0.1762535572052002
ordinary_baseline,),65,0.9848484848484849,66,0.05662798881530762
ordinary_baseline,[*],0,0.0,83,0.4521303176879883
ordinary_baseline,c,1,0.012048192771084338,83,0.4355325698852539
ordinary_baseline,1,2,0.024096385542168676,83,0.3715782165527344
ordinary_baseline,c,3,0.03614457831325301,83,0.24850678443908691
ordinary_baseline,c,4,0.04819277108433735,83,0.24850678443908691
ordinary_baseline,c,5,0.060240963855421686,83,0.24850678443908691
ordinary_baseline,(,6,0.07228915662650602,83,0.2964763641357422
ordinary_baseline,N,7,0.08433734939759036,83,0.24454402923583984
ordinary_baseline,(,8,0.0963855421686747,83,0.05922555923461914
ordinary_baseline,c,9,0.10843373493975904,83,0.09825539588928223
ordinary_baseline,2,10,0.12048192771084337,83,0.16456246376037598
ordinary_baseline,c,11,0.13253012048192772,83,0.10938644409179688
ordinary_baseline,c,12,0.14457831325301204,83,0.10938644409179688
ordinary_baseline,c,13,0.1566265060240964,83,0.10938644409179688
ordinary_baseline,(,14,0.1686746987951807,83,0.12285947799682617
ordinary_baseline,C,15,0.18072289156626506,83,0.17197751998901367
ordinary_baseline,#,16,0.1927710843373494,83,0.17764520645141602
ordinary_baseline,N,17,0.20481927710843373,83,0.07740306854248047
ordinary_baseline,),18,0.21686746987951808,83,0.2944216728210449
ordinary_baseline,c,19,0.2289156626506024,83,0.31736183166503906
ordinary_baseline,c,20,0.24096385542168675,83,0.31736183166503906
ordinary_baseline,2,21,0.25301204819277107,83,0.30059075355529785
ordinary_baseline,),22,0.26506024096385544,83,0.2454080581665039
ordinary_baseline,c,23,0.27710843373493976,83,0.29756736755371094
ordinary_baseline,2,24,0.2891566265060241,83,0.3131532669067383
ordinary_baseline,c,25,0.30120481927710846,83,0.4238274097442627
ordinary_baseline,c,26,0.3132530120481928,83,0.4238274097442627
ordinary_baseline,c,27,0.3253012048192771,83,0.4238274097442627
ordinary_baseline,(,28,0.3373493975903614,83,0.447176456451416
ordinary_baseline,N,29,0.3493975903614458,83,0.4112889766693115
ordinary_baseline,3,30,0.3614457831325301,83,0.3877537250518799
ordinary_baseline,C,31,0.37349397590361444,83,0.5039846897125244
ordinary_baseline,(,32,0.3855421686746988,83,0.5250992774963379
ordinary_baseline,=,33,0.39759036144578314,83,0.19584441184997559
ordinary_baseline,O,34,0.40963855421686746,83,0.3315725326538086
ordinary_baseline,),35,0.42168674698795183,83,0.3939840793609619
ordinary_baseline,c,36,0.43373493975903615,83,0.41687989234924316
ordinary_baseline,4,37,0.4457831325301205,83,0.4108431339263916
ordinary_baseline,c,38,0.4578313253012048,83,0.38999509811401367
ordinary_baseline,c,39,0.46987951807228917,83,0.38999509811401367
ordinary_baseline,c,40,0.4819277108433735,83,0.38999509811401367
ordinary_baseline,(,41,0.4939759036144578,83,0.41369128227233887
ordinary_baseline,-,42,0.5060240963855421,83,0.41054749488830566
ordinary_baseline,c,43,0.5180722891566265,83,0.4340047836303711
ordinary_baseline,5,44,0.5301204819277109,83,0.4016387462615967
ordinary_baseline,c,45,0.5421686746987951,83,0.4730045795440674
ordinary_baseline,c,46,0.5542168674698795,83,0.4730045795440674
ordinary_baseline,c,47,0.5662650602409639,83,0.4730045795440674
ordinary_baseline,6,48,0.5783132530120482,83,0.45874714851379395
ordinary_baseline,c,49,0.5903614457831325,83,0.4570944309234619
ordinary_baseline,(,50,0.6024096385542169,83,0.4950263500213623
ordinary_baseline,c,51,0.6144578313253012,83,0.49571895599365234
ordinary_baseline,5,52,0.6265060240963856,83,0.4727292060852051
ordinary_baseline,),53,0.6385542168674698,83,0.42491650581359863
ordinary_baseline,C,54,0.6506024096385542,83,0.4433574676513672
ordinary_baseline,(,55,0.6626506024096386,83,0.3411402702331543
ordinary_baseline,=,56,0.6746987951807228,83,0.24900126457214355
ordinary_baseline,O,57,0.6867469879518072,83,0.20372772216796875
ordinary_baseline,),58,0.6987951807228916,83,0.0854034423828125
ordinary_baseline,N,59,0.7108433734939759,83,0.060903072357177734
ordinary_baseline,(,60,0.7228915662650602,83,0.1521129608154297
ordinary_baseline,[*],61,0.7349397590361446,83,0.15084195137023926
ordinary_baseline,),62,0.7469879518072289,83,0.05171990394592285
ordinary_baseline,C,63,0.7590361445783133,83,0.1785871982574463
ordinary_baseline,6,64,0.7710843373493976,83,0.10295724868774414
ordinary_baseline,=,65,0.7831325301204819,83,0.09877300262451172
ordinary_baseline,O,66,0.7951807228915663,83,0.22004008293151855
ordinary_baseline,),67,0.8072289156626506,83,0.16393184661865234
ordinary_baseline,c,68,0.8192771084337349,83,0.16149520874023438
ordinary_baseline,c,69,0.8313253012048193,83,0.16149520874023438
ordinary_baseline,4,70,0.8433734939759037,83,0.20864033699035645
ordinary_baseline,C,71,0.8554216867469879,83,0.26288414001464844
ordinary_baseline,3,72,0.8674698795180723,83,0.14721155166625977
ordinary_baseline,=,73,0.8795180722891566,83,0.05907917022705078
ordinary_baseline,O,74,0.891566265060241,83,0.12865281105041504
ordinary_baseline,),75,0.9036144578313253,83,0.2273406982421875
ordinary_baseline,c,76,0.9156626506024096,83,0.11731576919555664
ordinary_baseline,c,77,0.927710843373494,83,0.11731576919555664
ordinary_baseline,2,78,0.9397590361445783,83,0.08953523635864258
ordinary_baseline,),79,0.9518072289156626,83,0.11248898506164551
ordinary_baseline,c,80,0.963855421686747,83,0.05029487609863281
ordinary_baseline,c,81,0.9759036144578314,83,0.05029487609863281
ordinary_baseline,1,82,0.9879518072289156,83,0.011640071868896484
ordinary_baseline,[*],0,0.0,66,0.11205053329467773
ordinary_baseline,c,1,0.015151515151515152,66,0.1270289421081543
ordinary_baseline,1,2,0.030303030303030304,66,0.1047372817993164
ordinary_baseline,c,3,0.045454545454545456,66,0.10985183715820312
ordinary_baseline,c,4,0.06060606060606061,66,0.10985183715820312
ordinary_baseline,c,5,0.07575757575757576,66,0.10985183715820312
ordinary_baseline,(,6,0.09090909090909091,66,0.05294322967529297
ordinary_baseline,-,7,0.10606060606060606,66,0.28568220138549805
ordinary_baseline,c,8,0.12121212121212122,66,0.276552677154541
ordinary_baseline,2,9,0.13636363636363635,66,0.24113059043884277
ordinary_baseline,n,10,0.15151515151515152,66,0.23298883438110352
ordinary_baseline,c,11,0.16666666666666666,66,0.25157713890075684
ordinary_baseline,3,12,0.18181818181818182,66,0.14126873016357422
ordinary_baseline,c,13,0.19696969696969696,66,0.008001089096069336
ordinary_baseline,c,14,0.21212121212121213,66,0.008001089096069336
ordinary_baseline,(,15,0.22727272727272727,66,0.04579019546508789
ordinary_baseline,-,16,0.24242424242424243,66,0.16994810104370117
ordinary_baseline,c,17,0.25757575757575757,66,0.15587782859802246
ordinary_baseline,4,18,0.2727272727272727,66,0.06867313385009766
ordinary_baseline,c,19,0.2878787878787879,66,0.07311630249023438
ordinary_baseline,c,20,0.30303030303030304,66,0.07311630249023438
ordinary_baseline,c,21,0.3181818181818182,66,0.07311630249023438
ordinary_baseline,5,22,0.3333333333333333,66,0.11910820007324219
ordinary_baseline,n,23,0.3484848484848485,66,0.2972221374511719
ordinary_baseline,c,24,0.36363636363636365,66,0.23558902740478516
ordinary_baseline,(,25,0.3787878787878788,66,0.26373291015625
ordinary_baseline,[*],26,0.3939393939393939,66,0.28493404388427734
ordinary_baseline,),27,0.4090909090909091,66,0.26007556915283203
ordinary_baseline,c,28,0.42424242424242425,66,0.2530851364135742
ordinary_baseline,(,29,0.4393939393939394,66,0.3283219337463379
ordinary_baseline,-,30,0.45454545454545453,66,0.36806821823120117
ordinary_baseline,c,31,0.4696969696969697,66,0.3743593692779541
ordinary_baseline,6,32,0.48484848484848486,66,0.3808612823486328
ordinary_baseline,c,33,0.5,66,0.3876523971557617
ordinary_baseline,c,34,0.5151515151515151,66,0.3876523971557617
ordinary_baseline,c,35,0.5303030303030303,66,0.3876523971557617
ordinary_baseline,c,36,0.5454545454545454,66,0.3876523971557617
ordinary_baseline,c,37,0.5606060606060606,66,0.3876523971557617
ordinary_baseline,6,38,0.5757575757575758,66,0.4383831024169922
ordinary_baseline,),39,0.5909090909090909,66,0.5465972423553467
ordinary_baseline,n,40,0.6060606060606061,66,0.5496768951416016
ordinary_baseline,c,41,0.6212121212121212,66,0.5306940078735352
ordinary_baseline,5,42,0.6363636363636364,66,0.45882320404052734
ordinary_baseline,c,43,0.6515151515151515,66,0.493743896484375
ordinary_baseline,4,44,0.6666666666666666,66,0.48615217208862305
ordinary_baseline,),45,0.6818181818181818,66,0.5105247497558594
ordinary_baseline,c,46,0.696969696969697,66,0.5516705513000488
ordinary_baseline,c,47,0.7121212121212122,66,0.5516705513000488
ordinary_baseline,c,48,0.7272727272727273,66,0.5516705513000488
ordinary_baseline,3,49,0.7424242424242424,66,0.6517813205718994
ordinary_baseline,n,50,0.7575757575757576,66,0.518770694732666
ordinary_baseline,c,51,0.7727272727272727,66,0.4907035827636719
ordinary_baseline,2,52,0.7878787878787878,66,0.4660634994506836
ordinary_baseline,-,53,0.803030303030303,66,0.4654111862182617
ordinary_baseline,c,54,0.8181818181818182,66,0.3966493606567383
ordinary_baseline,2,55,0.8333333333333334,66,0.3769049644470215
ordinary_baseline,c,56,0.8484848484848485,66,0.35123562812805176
ordinary_baseline,c,57,0.8636363636363636,66,0.35123562812805176
ordinary_baseline,c,58,0.8787878787878788,66,0.35123562812805176
ordinary_baseline,c,59,0.8939393939393939,66,0.35123562812805176
ordinary_baseline,c,60,0.9090909090909091,66,0.35123562812805176
ordinary_baseline,2,61,0.9242424242424242,66,0.030759096145629883
ordinary_baseline,),62,0.9393939393939394,66,0.024434566497802734
ordinary_baseline,c,63,0.9545454545454546,66,0.06431913375854492
ordinary_baseline,c,64,0.9696969696969697,66,0.06431913375854492
ordinary_baseline,1,65,0.9848484848484849,66,0.028831958770751953
architecture_control,[*],0,0.0,23,0.29494667053222656
architecture_control,C,1,0.043478260869565216,23,0.28666210174560547
architecture_control,N,2,0.08695652173913043,23,0.11893510818481445
architecture_control,C,3,0.13043478260869565,23,0.1334066390991211
architecture_control,(,4,0.17391304347826086,23,0.09040641784667969
architecture_control,=,5,0.21739130434782608,23,0.0767054557800293
architecture_control,O,6,0.2608695652173913,23,0.28327035903930664
architecture_control,),7,0.30434782608695654,23,0.04529762268066406
architecture_control,C,8,0.34782608695652173,23,0.11183547973632812
architecture_control,C,9,0.391304347826087,23,0.11183547973632812
architecture_control,C,10,0.43478260869565216,23,0.11183547973632812
architecture_control,C,11,0.4782608695652174,23,0.11183547973632812
architecture_control,C,12,0.5217391304347826,23,0.11183547973632812
architecture_control,C,13,0.5652173913043478,23,0.11183547973632812
architecture_control,C,14,0.6086956521739131,23,0.11183547973632812
architecture_control,C,15,0.6521739130434783,23,0.11183547973632812
architecture_control,C,16,0.6956521739130435,23,0.11183547973632812
architecture_control,(,17,0.7391304347826086,23,0.11120271682739258
architecture_control,=,18,0.782608695652174,23,0.030530929565429688
architecture_control,O,19,0.8260869565217391,23,0.4126548767089844
architecture_control,),20,0.8695652173913043,23,0.10173702239990234
architecture_control,N,21,0.9130434782608695,23,0.015689849853515625
architecture_control,[*],22,0.9565217391304348,23,0.0035223960876464844
architecture_control,[*],0,0.0,59,1.1063363552093506
architecture_control,O,1,0.01694915254237288,59,1.1448700428009033
architecture_control,c,2,0.03389830508474576,59,0.7129907608032227
architecture_control,1,3,0.05084745762711865,59,0.5417399406433105
architecture_control,c,4,0.06779661016949153,59,0.47675561904907227
architecture_control,c,5,0.0847457627118644,59,0.47675561904907227
architecture_control,c,6,0.1016949152542373,59,0.47675561904907227
architecture_control,(,7,0.11864406779661017,59,0.5977721214294434
architecture_control,C,8,0.13559322033898305,59,0.5011076927185059
architecture_control,C,9,0.15254237288135594,59,0.5011076927185059
architecture_control,(,10,0.1694915254237288,59,0.5029354095458984
architecture_control,N,11,0.1864406779661017,59,0.5468006134033203
architecture_control,C,12,0.2033898305084746,59,0.3963451385498047
architecture_control,(,13,0.22033898305084745,59,0.4084615707397461
architecture_control,=,14,0.23728813559322035,59,0.16713380813598633
architecture_control,O,15,0.2542372881355932,59,0.4309349060058594
architecture_control,),16,0.2711864406779661,59,0.1281580924987793
architecture_control,C,17,0.288135593220339,59,0.14955711364746094
architecture_control,C,18,0.3050847457627119,59,0.14955711364746094
architecture_control,c,19,0.3220338983050847,59,0.04502105712890625
architecture_control,2,20,0.3389830508474576,59,0.14347362518310547
architecture_control,c,21,0.3559322033898305,59,0.0715475082397461
architecture_control,c,22,0.3728813559322034,59,0.0715475082397461
architecture_control,c,23,0.3898305084745763,59,0.0715475082397461
architecture_control,(,24,0.4067796610169492,59,0.16296958923339844
architecture_control,O,25,0.423728813559322,59,0.14658117294311523
architecture_control,C,26,0.4406779661016949,59,0.13582420349121094
architecture_control,(,27,0.4576271186440678,59,0.1401677131652832
architecture_control,=,28,0.4745762711864407,59,0.013261795043945312
architecture_control,O,29,0.4915254237288136,59,0.14959383010864258
architecture_control,),30,0.5084745762711864,59,0.007420539855957031
architecture_control,C,31,0.5254237288135594,59,0.07912302017211914
architecture_control,C,32,0.5423728813559322,59,0.07912302017211914
architecture_control,C,33,0.559322033898305,59,0.07912302017211914
architecture_control,C,34,0.576271186440678,59,0.07912302017211914
architecture_control,C,35,0.5932203389830508,59,0.07912302017211914
architecture_control,C,36,0.6101694915254238,59,0.07912302017211914
architecture_control,C,37,0.6271186440677966,59,0.07912302017211914
architecture_control,(,38,0.6440677966101694,59,0.07357597351074219
architecture_control,[*],39,0.6610169491525424,59,0.043543338775634766
architecture_control,),40,0.6779661016949152,59,0.13183355331420898
architecture_control,=,41,0.6949152542372882,59,0.06941461563110352
architecture_control,O,42,0.711864406779661,59,0.2354874610900879
architecture_control,),43,0.7288135593220338,59,0.16460084915161133
architecture_control,c,44,0.7457627118644068,59,0.08237743377685547
architecture_control,c,45,0.7627118644067796,59,0.08237743377685547
architecture_control,2,46,0.7796610169491526,59,0.09276008605957031
architecture_control,),47,0.7966101694915254,59,0.16172075271606445
architecture_control,C,48,0.8135593220338984,59,0.17859888076782227
architecture_control,(,49,0.8305084745762712,59,0.18403387069702148
architecture_control,=,50,0.847457627118644,59,0.03722715377807617
architecture_control,O,51,0.864406779661017,59,0.0980987548828125
architecture_control,),52,0.8813559322033898,59,0.09349298477172852
architecture_control,O,53,0.8983050847457628,59,0.08910751342773438
architecture_control,C,54,0.9152542372881356,59,0.04496431350708008
architecture_control,),55,0.9322033898305084,59,0.013744354248046875
architecture_control,c,56,0.9491525423728814,59,0.0582127571105957
architecture_control,c,57,0.9661016949152542,59,0.0582127571105957
architecture_control,1,58,0.9830508474576272,59,0.010951519012451172
architecture_control,[*],0,0.0,54,0.8761005401611328
architecture_control,C,1,0.018518518518518517,54,0.8412203788757324
architecture_control,C,2,0.037037037037037035,54,0.8412203788757324
architecture_control,O,3,0.05555555555555555,54,0.8282260894775391
architecture_control,C,4,0.07407407407407407,54,0.760892391204834
architecture_control,C,5,0.09259259259259259,54,0.760892391204834
architecture_control,O,6,0.1111111111111111,54,0.5617132186889648
architecture_control,C,7,0.12962962962962962,54,0.5935678482055664
architecture_control,C,8,0.14814814814814814,54,0.5935678482055664
architecture_control,O,9,0.16666666666666666,54,0.598355770111084
architecture_control,c,10,0.18518518518518517,54,0.621300220489502
architecture_control,1,11,0.2037037037037037,54,0.5104517936706543
architecture_control,c,12,0.2222222222222222,54,0.5803031921386719
architecture_control,c,13,0.24074074074074073,54,0.5803031921386719
architecture_control,c,14,0.25925925925925924,54,0.5803031921386719
architecture_control,c,15,0.2777777777777778,54,0.5803031921386719
architecture_control,(,16,0.2962962962962963,54,0.40580177307128906
architecture_control,N,17,0.3148148148148148,54,0.5407476425170898
architecture_control,C,18,0.3333333333333333,54,0.572059154510498
architecture_control,(,19,0.35185185185185186,54,0.558077335357666
architecture_control,=,20,0.37037037037037035,54,0.6318860054016113
architecture_control,O,21,0.3888888888888889,54,0.5742859840393066
architecture_control,),22,0.4074074074074074,54,0.5206952095031738
architecture_control,c,23,0.42592592592592593,54,0.44165897369384766
architecture_control,2,24,0.4444444444444444,54,0.3620290756225586
architecture_control,c,25,0.46296296296296297,54,0.42497873306274414
architecture_control,c,26,0.48148148148148145,54,0.42497873306274414
architecture_control,c,27,0.5,54,0.42497873306274414
architecture_control,c,28,0.5185185185185185,54,0.42497873306274414
architecture_control,(,29,0.5370370370370371,54,0.3550090789794922
architecture_control,C,30,0.5555555555555556,54,0.44116687774658203
architecture_control,(,31,0.5740740740740741,54,0.4359588623046875
architecture_control,=,32,0.5925925925925926,54,0.5138673782348633
architecture_control,O,33,0.6111111111111112,54,0.43660831451416016
architecture_control,),34,0.6296296296296297,54,0.4300856590270996
architecture_control,N,35,0.6481481481481481,54,0.4678492546081543
architecture_control,c,36,0.6666666666666666,54,0.6158347129821777
architecture_control,3,37,0.6851851851851852,54,0.610957145690918
architecture_control,c,38,0.7037037037037037,54,0.6010289192199707
architecture_control,c,39,0.7222222222222222,54,0.6010289192199707
architecture_control,c,40,0.7407407407407407,54,0.6010289192199707
architecture_control,c,41,0.7592592592592593,54,0.6010289192199707
architecture_control,(,42,0.7777777777777778,54,0.5129013061523438
architecture_control,O,43,0.7962962962962963,54,0.5037474632263184
architecture_control,[*],44,0.8148148148148148,54,0.5688447952270508
architecture_control,),45,0.8333333333333334,54,0.3742074966430664
architecture_control,c,46,0.8518518518518519,54,0.36109495162963867
architecture_control,3,47,0.8703703703703703,54,0.2916569709777832
architecture_control,),48,0.8888888888888888,54,0.2413163185119629
architecture_control,c,49,0.9074074074074074,54,0.25138044357299805
architecture_control,2,50,0.9259259259259259,54,0.24917221069335938
architecture_control,),51,0.9444444444444444,54,0.255507230758667
architecture_control,c,52,0.9629629629629629,54,0.2556345462799072
architecture_control,1,53,0.9814814814814815,54,0.26285862922668457
architecture_control,[*],0,0.0,29,0.15349435806274414
architecture_control,C,1,0.034482758620689655,29,0.18934154510498047
architecture_control,C,2,0.06896551724137931,29,0.18934154510498047
architecture_control,1,3,0.10344827586206896,29,0.022674560546875
architecture_control,C,4,0.13793103448275862,29,0.16476678848266602
architecture_control,C,5,0.1724137931034483,29,0.16476678848266602
architecture_control,C,6,0.20689655172413793,29,0.16476678848266602
architecture_control,(,7,0.2413793103448276,29,0.08676385879516602
architecture_control,C,8,0.27586206896551724,29,0.20792675018310547
architecture_control,O,9,0.3103448275862069,29,0.3173065185546875
architecture_control,C,10,0.3448275862068966,29,0.029388427734375
architecture_control,(,11,0.3793103448275862,29,0.06663084030151367
architecture_control,=,12,0.41379310344827586,29,0.1898517608642578
architecture_control,O,13,0.4482758620689655,29,0.15964794158935547
architecture_control,),14,0.4827586206896552,29,0.09539794921875
architecture_control,C,15,0.5172413793103449,29,0.1648883819580078
architecture_control,C,16,0.5517241379310345,29,0.1648883819580078
architecture_control,C,17,0.5862068965517241,29,0.1648883819580078
architecture_control,C,18,0.6206896551724138,29,0.1648883819580078
architecture_control,(,19,0.6551724137931034,29,0.14116859436035156
architecture_control,=,20,0.6896551724137931,29,0.054055213928222656
architecture_control,O,21,0.7241379310344828,29,0.06829547882080078
architecture_control,),22,0.7586206896551724,29,0.023169517517089844
architecture_control,O,23,0.7931034482758621,29,0.09959125518798828
architecture_control,[*],24,0.8275862068965517,29,0.09793329238891602
architecture_control,),25,0.8620689655172413,29,0.2045598030090332
architecture_control,C,26,0.896551724137931,29,0.14401817321777344
architecture_control,C,27,0.9310344827586207,29,0.14401817321777344
architecture_control,1,28,0.9655172413793104,29,0.22531604766845703
architecture_control,[*],0,0.0,32,0.1900944709777832
architecture_control,C,1,0.03125,32,0.05428600311279297
architecture_control,(,2,0.0625,32,0.3535492420196533
architecture_control,C,3,0.09375,32,0.3541576862335205
architecture_control,=,4,0.125,32,1.2777307033538818
architecture_control,C,5,0.15625,32,0.6785240173339844
architecture_control,1,6,0.1875,32,0.8569455146789551
architecture_control,),7,0.21875,32,0.8694076538085938
architecture_control,=,8,0.25,32,1.14691162109375
architecture_control,C,9,0.28125,32,0.5247354507446289
architecture_control,C,10,0.3125,32,0.5247354507446289
architecture_control,=,11,0.34375,32,0.8939599990844727
architecture_control,C,12,0.375,32,0.05634570121765137
architecture_control,1,13,0.40625,32,0.018651962280273438
architecture_control,C,14,0.4375,32,0.09624552726745605
architecture_control,(,15,0.46875,32,0.04749774932861328
architecture_control,=,16,0.5,32,0.9471216201782227
architecture_control,S,17,0.53125,32,0.5720953941345215
architecture_control,),18,0.5625,32,0.16396474838256836
architecture_control,C,19,0.59375,32,0.08761096000671387
architecture_control,(,20,0.625,32,0.01491999626159668
architecture_control,S,21,0.65625,32,0.4275214672088623
architecture_control,2,22,0.6875,32,0.35180044174194336
architecture_control,),23,0.71875,32,0.4813382625579834
architecture_control,=,24,0.75,32,0.6583571434020996
architecture_control,C,25,0.78125,32,0.18636274337768555
architecture_control,C,26,0.8125,32,0.18636274337768555
architecture_control,=,27,0.84375,32,0.5777275562286377
architecture_control,C,28,0.875,32,0.12526702880859375
architecture_control,2,29,0.90625,32,0.054987430572509766
architecture_control,O,30,0.9375,32,0.39928483963012695
architecture_control,[*],31,0.96875,32,0.028318405151367188
architecture_control,[*],0,0.0,66,0.5838582515716553
architecture_control,C,1,0.015151515151515152,66,0.7106266021728516
architecture_control,(,2,0.030303030303030304,66,0.5684607028961182
architecture_control,=,3,0.045454545454545456,66,0.11220335960388184
architecture_control,O,4,0.06060606060606061,66,0.470165491104126
architecture_control,),5,0.07575757575757576,66,0.36928558349609375
architecture_control,N,6,0.09090909090909091,66,0.4055955410003662
architecture_control,c,7,0.10606060606060606,66,0.3891427516937256
architecture_control,1,8,0.12121212121212122,66,0.3515288829803467
architecture_control,c,9,0.13636363636363635,66,0.3957993984222412
architecture_control,c,10,0.15151515151515152,66,0.3957993984222412
architecture_control,c,11,0.16666666666666666,66,0.3957993984222412
architecture_control,c,12,0.18181818181818182,66,0.3957993984222412
architecture_control,(,13,0.19696969696969696,66,0.43943333625793457
architecture_control,N,14,0.21212121212121213,66,0.4072763919830322
architecture_control,C,15,0.22727272727272727,66,0.43677544593811035
architecture_control,(,16,0.24242424242424243,66,0.32712817192077637
architecture_control,=,17,0.25757575757575757,66,0.017970800399780273
architecture_control,O,18,0.2727272727272727,66,0.135786771774292
architecture_control,),19,0.2878787878787879,66,0.06528353691101074
architecture_control,c,20,0.30303030303030304,66,0.06783556938171387
architecture_control,2,21,0.3181818181818182,66,0.03525090217590332
architecture_control,c,22,0.3333333333333333,66,0.12928390502929688
architecture_control,c,23,0.3484848484848485,66,0.12928390502929688
architecture_control,c,24,0.36363636363636365,66,0.12928390502929688
architecture_control,3,25,0.3787878787878788,66,0.07858395576477051
architecture_control,[nH],26,0.3939393939393939,66,0.10154986381530762
architecture_control,c,27,0.4090909090909091,66,0.10218930244445801
architecture_control,(,28,0.42424242424242425,66,0.10345244407653809
architecture_control,-,29,0.4393939393939394,66,0.09071946144104004
architecture_control,c,30,0.45454545454545453,66,0.1277906894683838
architecture_control,4,31,0.4696969696969697,66,0.11722683906555176
architecture_control,c,32,0.48484848484848486,66,0.1115267276763916
architecture_control,c,33,0.5,66,0.1115267276763916
architecture_control,c,34,0.5151515151515151,66,0.1115267276763916
architecture_control,c,35,0.5303030303030303,66,0.1115267276763916
architecture_control,(,36,0.5454545454545454,66,0.14104056358337402
architecture_control,-,37,0.5606060606060606,66,0.1407005786895752
architecture_control,c,38,0.5757575757575758,66,0.15938591957092285
architecture_control,5,39,0.5909090909090909,66,0.10481476783752441
architecture_control,n,40,0.6060606060606061,66,0.14150071144104004
architecture_control,c,41,0.6212121212121212,66,0.1333014965057373
architecture_control,6,42,0.6363636363636364,66,0.15016460418701172
architecture_control,c,43,0.6515151515151515,66,0.08795571327209473
architecture_control,c,44,0.6666666666666666,66,0.08795571327209473
architecture_control,(,45,0.6818181818181818,66,0.07078909873962402
architecture_control,[*],46,0.696969696969697,66,0.08306431770324707
architecture_control,),47,0.7121212121212122,66,0.05608844757080078
architecture_control,c,48,0.7272727272727273,66,0.042825937271118164
architecture_control,c,49,0.7424242424242424,66,0.042825937271118164
architecture_control,c,50,0.7575757575757576,66,0.042825937271118164
architecture_control,6,51,0.7727272727272727,66,0.04895806312561035
architecture_control,[nH],52,0.7878787878787878,66,0.15228819847106934
architecture_control,5,53,0.803030303030303,66,0.16434240341186523
architecture_control,),54,0.8181818181818182,66,0.26523518562316895
architecture_control,c,55,0.8333333333333334,66,0.23092436790466309
architecture_control,4,56,0.8484848484848485,66,0.24753165245056152
architecture_control,),57,0.8636363636363636,66,0.2557189464569092
architecture_control,n,58,0.8787878787878788,66,0.16554522514343262
architecture_control,c,59,0.8939393939393939,66,0.19596314430236816
architecture_control,3,60,0.9090909090909091,66,0.11101555824279785
architecture_control,c,61,0.9242424242424242,66,0.1560499668121338
architecture_control,2,62,0.9393939393939394,66,0.07700729370117188
architecture_control,),63,0.9545454545454546,66,0.1147608757019043
architecture_control,n,64,0.9696969696969697,66,0.12530946731567383
architecture_control,1,65,0.9848484848484849,66,0.04598355293273926
architecture_control,[*],0,0.0,36,0.11933565139770508
architecture_control,O,1,0.027777777777777776,36,0.12461137771606445
architecture_control,c,2,0.05555555555555555,36,0.43166494369506836
architecture_control,1,3,0.08333333333333333,36,0.5083951950073242
architecture_control,c,4,0.1111111111111111,36,0.4769248962402344
architecture_control,(,5,0.1388888888888889,36,0.33521032333374023
architecture_control,Cl,6,0.16666666666666666,36,0.3076515197753906
architecture_control,),7,0.19444444444444445,36,0.32793760299682617
architecture_control,c,8,0.2222222222222222,36,0.41895198822021484
architecture_control,c,9,0.25,36,0.41895198822021484
architecture_control,(,10,0.2777777777777778,36,0.3509678840637207
architecture_control,N,11,0.3055555555555556,36,0.4819908142089844
architecture_control,C,12,0.3333333333333333,36,0.36048173904418945
architecture_control,(,13,0.3611111111111111,36,0.3865818977355957
architecture_control,=,14,0.3888888888888889,36,0.40017127990722656
architecture_control,O,15,0.4166666666666667,36,0.24701452255249023
architecture_control,),16,0.4444444444444444,36,0.49617958068847656
architecture_control,N,17,0.4722222222222222,36,0.5095272064208984
architecture_control,C,18,0.5,36,0.5008301734924316
architecture_control,C,19,0.5277777777777778,36,0.5008301734924316
architecture_control,C,20,0.5555555555555556,36,0.5008301734924316
architecture_control,C,21,0.5833333333333334,36,0.5008301734924316
architecture_control,C,22,0.6111111111111112,36,0.5008301734924316
architecture_control,C,23,0.6388888888888888,36,0.5008301734924316
architecture_control,N,24,0.6666666666666666,36,0.5420308113098145
architecture_control,C,25,0.6944444444444444,36,0.43287181854248047
architecture_control,(,26,0.7222222222222222,36,0.4393749237060547
architecture_control,[*],27,0.75,36,0.45001220703125
architecture_control,),28,0.7777777777777778,36,0.42117881774902344
architecture_control,=,29,0.8055555555555556,36,0.33666563034057617
architecture_control,O,30,0.8333333333333334,36,0.2026834487915039
architecture_control,),31,0.8611111111111112,36,0.11219358444213867
architecture_control,c,32,0.8888888888888888,36,0.23517513275146484
architecture_control,c,33,0.9166666666666666,36,0.23517513275146484
architecture_control,1,34,0.9444444444444444,36,0.09643983840942383
architecture_control,Cl,35,0.9722222222222222,36,0.026107311248779297
architecture_control,[*],0,0.0,38,0.09324884414672852
architecture_control,C,1,0.02631578947368421,38,0.049672603607177734
architecture_control,C,2,0.05263157894736842,38,0.049672603607177734
architecture_control,C,3,0.07894736842105263,38,0.049672603607177734
architecture_control,O,4,0.10526315789473684,38,0.12548398971557617
architecture_control,C,5,0.13157894736842105,38,0.106170654296875
architecture_control,(,6,0.15789473684210525,38,0.28884172439575195
architecture_control,=,7,0.18421052631578946,38,0.034090518951416016
architecture_control,O,8,0.21052631578947367,38,0.36266517639160156
architecture_control,),9,0.23684210526315788,38,0.31604528427124023
architecture_control,c,10,0.2631578947368421,38,0.1618814468383789
architecture_control,1,11,0.2894736842105263,38,0.2082204818725586
architecture_control,c,12,0.3157894736842105,38,0.146148681640625
architecture_control,c,13,0.34210526315789475,38,0.146148681640625
architecture_control,c,14,0.3684210526315789,38,0.146148681640625
architecture_control,c,15,0.39473684210526316,38,0.146148681640625
architecture_control,(,16,0.42105263157894735,38,0.30995655059814453
architecture_control,-,17,0.4473684210526316,38,0.17166423797607422
architecture_control,c,18,0.47368421052631576,38,0.11803054809570312
architecture_control,2,19,0.5,38,0.09850311279296875
architecture_control,c,20,0.5263157894736842,38,0.02034473419189453
architecture_control,c,21,0.5526315789473685,38,0.02034473419189453
architecture_control,c,22,0.5789473684210527,38,0.02034473419189453
architecture_control,c,23,0.6052631578947368,38,0.02034473419189453
architecture_control,(,24,0.631578947368421,38,0.12787389755249023
architecture_control,C,25,0.6578947368421053,38,0.056066036224365234
architecture_control,(,26,0.6842105263157895,38,0.07760238647460938
architecture_control,=,27,0.7105263157894737,38,0.07455730438232422
architecture_control,O,28,0.7368421052631579,38,0.16021394729614258
architecture_control,),29,0.7631578947368421,38,0.0565485954284668
architecture_control,O,30,0.7894736842105263,38,0.022239208221435547
architecture_control,[*],31,0.8157894736842105,38,0.043967247009277344
architecture_control,),32,0.8421052631578947,38,0.049952030181884766
architecture_control,c,33,0.868421052631579,38,0.09227800369262695
architecture_control,2,34,0.8947368421052632,38,0.03330183029174805
architecture_control,),35,0.9210526315789473,38,0.03111410140991211
architecture_control,c,36,0.9473684210526315,38,0.040042877197265625
architecture_control,1,37,0.9736842105263158,38,0.025014877319335938
architecture_control,[*],0,0.0,20,2.169980525970459
architecture_control,C,1,0.05,20,2.6365160942077637
architecture_control,=,2,0.1,20,4.775814056396484
architecture_control,C,3,0.15,20,0.7508502006530762
architecture_control,(,4,0.2,20,2.299044132232666
architecture_control,[*],5,0.25,20,1.1728012561798096
architecture_control,),6,0.3,20,0.3097846508026123
architecture_control,c,7,0.35,20,0.4674677848815918
architecture_control,1,8,0.4,20,0.12500977516174316
architecture_control,c,9,0.45,20,0.02091836929321289
architecture_control,c,10,0.5,20,0.02091836929321289
architecture_control,c,11,0.55,20,0.02091836929321289
architecture_control,c,12,0.6,20,0.02091836929321289
architecture_control,(,13,0.65,20,0.25016069412231445
architecture_control,C,14,0.7,20,0.32697534561157227
architecture_control,#,15,0.75,20,0.31058478355407715
architecture_control,C,16,0.8,20,0.19635748863220215
architecture_control,),17,0.85,20,0.20784235000610352
architecture_control,c,18,0.9,20,0.1990504264831543
architecture_control,1,19,0.95,20,0.06571817398071289
architecture_control,[*],0,0.0,47,0.4746103286743164
architecture_control,C,1,0.02127659574468085,47,0.38742661476135254
architecture_control,C,2,0.0425531914893617,47,0.38742661476135254
architecture_control,C,3,0.06382978723404255,47,0.38742661476135254
architecture_control,C,4,0.0851063829787234,47,0.38742661476135254
architecture_control,C,5,0.10638297872340426,47,0.38742661476135254
architecture_control,C,6,0.1276595744680851,47,0.38742661476135254
architecture_control,C,7,0.14893617021276595,47,0.38742661476135254
architecture_control,C,8,0.1702127659574468,47,0.38742661476135254
architecture_control,C,9,0.19148936170212766,47,0.38742661476135254
architecture_control,C,10,0.2127659574468085,47,0.38742661476135254
architecture_control,O,11,0.23404255319148937,47,0.38616371154785156
architecture_control,C,12,0.2553191489361702,47,0.11148214340209961
architecture_control,(,13,0.2765957446808511,47,0.20904874801635742
architecture_control,=,14,0.2978723404255319,47,0.09961748123168945
architecture_control,O,15,0.3191489361702128,47,0.5308566093444824
architecture_control,),16,0.3404255319148936,47,0.2969684600830078
architecture_control,c,17,0.3617021276595745,47,0.24040794372558594
architecture_control,1,18,0.3829787234042553,47,0.2733325958251953
architecture_control,c,19,0.40425531914893614,47,0.21466350555419922
architecture_control,c,20,0.425531914893617,47,0.21466350555419922
architecture_control,c,21,0.44680851063829785,47,0.21466350555419922
architecture_control,(,22,0.46808510638297873,47,0.36881494522094727
architecture_control,C,23,0.48936170212765956,47,0.25408935546875
architecture_control,=,24,0.5106382978723404,47,0.012619972229003906
architecture_control,C,25,0.5319148936170213,47,0.12691402435302734
architecture_control,c,26,0.5531914893617021,47,0.0911245346069336
architecture_control,2,27,0.574468085106383,47,0.1629023551940918
architecture_control,c,28,0.5957446808510638,47,0.11568927764892578
architecture_control,c,29,0.6170212765957447,47,0.11568927764892578
architecture_control,c,30,0.6382978723404256,47,0.11568927764892578
architecture_control,(,31,0.6595744680851063,47,0.21036672592163086
architecture_control,C,32,0.6808510638297872,47,0.14643287658691406
architecture_control,(,33,0.7021276595744681,47,0.18700075149536133
architecture_control,=,34,0.723404255319149,47,0.031076908111572266
architecture_control,O,35,0.7446808510638298,47,0.20135164260864258
architecture_control,),36,0.7659574468085106,47,0.005476474761962891
architecture_control,O,37,0.7872340425531915,47,0.18561744689941406
architecture_control,[*],38,0.8085106382978723,47,0.07332515716552734
architecture_control,),39,0.8297872340425532,47,0.03117990493774414
architecture_control,c,40,0.851063829787234,47,0.006184577941894531
architecture_control,c,41,0.8723404255319149,47,0.006184577941894531
architecture_control,2,42,0.8936170212765957,47,0.039949893951416016
architecture_control,),43,0.9148936170212766,47,0.08007621765136719
architecture_control,c,44,0.9361702127659575,47,0.01208639144897461
architecture_control,c,45,0.9574468085106383,47,0.01208639144897461
architecture_control,1,46,0.9787234042553191,47,0.026769161224365234
architecture_control,[*],0,0.0,71,0.19997048377990723
architecture_control,c,1,0.014084507042253521,71,0.18476152420043945
architecture_control,1,2,0.028169014084507043,71,0.11770510673522949
architecture_control,c,3,0.04225352112676056,71,0.2005155086517334
architecture_control,c,4,0.056338028169014086,71,0.2005155086517334
architecture_control,c,5,0.07042253521126761,71,0.2005155086517334
architecture_control,c,6,0.08450704225352113,71,0.2005155086517334
architecture_control,(,7,0.09859154929577464,71,0.24624323844909668
architecture_control,N,8,0.11267605633802817,71,0.20969176292419434
architecture_control,2,9,0.1267605633802817,71,0.11811137199401855
architecture_control,C,10,0.14084507042253522,71,0.07185816764831543
architecture_control,(,11,0.15492957746478872,71,0.18401622772216797
architecture_control,=,12,0.16901408450704225,71,0.024495840072631836
architecture_control,O,13,0.18309859154929578,71,0.18447184562683105
architecture_control,),14,0.19718309859154928,71,0.1046907901763916
architecture_control,c,15,0.2112676056338028,71,0.09064078330993652
architecture_control,3,16,0.22535211267605634,71,0.06439948081970215
architecture_control,c,17,0.23943661971830985,71,0.2532188892364502
architecture_control,c,18,0.2535211267605634,71,0.2532188892364502
architecture_control,c,19,0.2676056338028169,71,0.2532188892364502
architecture_control,(,20,0.28169014084507044,71,0.21550536155700684
architecture_control,P,21,0.29577464788732394,71,0.19209909439086914
architecture_control,(,22,0.30985915492957744,71,0.004358053207397461
architecture_control,=,23,0.323943661971831,71,0.14531540870666504
architecture_control,O,24,0.3380281690140845,71,0.5165679454803467
architecture_control,),25,0.352112676056338,71,0.3971378803253174
architecture_control,(,26,0.36619718309859156,71,0.3310983180999756
architecture_control,c,27,0.38028169014084506,71,0.3684537410736084
architecture_control,4,28,0.39436619718309857,71,0.3745133876800537
architecture_control,c,29,0.4084507042253521,71,0.3901491165161133
architecture_control,c,30,0.4225352112676056,71,0.3901491165161133
architecture_control,c,31,0.43661971830985913,71,0.3901491165161133
architecture_control,c,32,0.4507042253521127,71,0.3901491165161133
architecture_control,c,33,0.4647887323943662,71,0.3901491165161133
architecture_control,4,34,0.4788732394366197,71,0.32718443870544434
architecture_control,),35,0.49295774647887325,71,0.3065354824066162
architecture_control,c,36,0.5070422535211268,71,0.3273470401763916
architecture_control,4,37,0.5211267605633803,71,0.30370020866394043
architecture_control,c,38,0.5352112676056338,71,0.2890586853027344
architecture_control,c,39,0.5492957746478874,71,0.2890586853027344
architecture_control,c,40,0.5633802816901409,71,0.2890586853027344
architecture_control,5,41,0.5774647887323944,71,0.3168599605560303
architecture_control,c,42,0.5915492957746479,71,0.2978641986846924
architecture_control,(,43,0.6056338028169014,71,0.3155694007873535
architecture_control,c,44,0.6197183098591549,71,0.24782490730285645
architecture_control,4,45,0.6338028169014085,71,0.2083272933959961
architecture_control,),46,0.647887323943662,71,0.19452452659606934
architecture_control,C,47,0.6619718309859155,71,0.21576261520385742
architecture_control,(,48,0.676056338028169,71,0.11736392974853516
architecture_control,=,49,0.6901408450704225,71,0.03018474578857422
architecture_control,O,50,0.704225352112676,71,0.18247151374816895
architecture_control,),51,0.7183098591549296,71,0.16306090354919434
architecture_control,N,52,0.7323943661971831,71,0.17882847785949707
architecture_control,(,53,0.7464788732394366,71,0.21615004539489746
architecture_control,[*],54,0.7605633802816901,71,0.18816828727722168
architecture_control,),55,0.7746478873239436,71,0.21675586700439453
architecture_control,C,56,0.7887323943661971,71,0.18878579139709473
architecture_control,5,57,0.8028169014084507,71,0.20044732093811035
architecture_control,=,58,0.8169014084507042,71,0.011009693145751953
architecture_control,O,59,0.8309859154929577,71,0.30574631690979004
architecture_control,),60,0.8450704225352113,71,0.2955176830291748
architecture_control,c,61,0.8591549295774648,71,0.2912600040435791
architecture_control,c,62,0.8732394366197183,71,0.2912600040435791
architecture_control,3,63,0.8873239436619719,71,0.2392418384552002
architecture_control,C,64,0.9014084507042254,71,0.2480919361114502
architecture_control,2,65,0.9154929577464789,71,0.16532421112060547
architecture_control,=,66,0.9295774647887324,71,0.053270578384399414
architecture_control,O,67,0.9436619718309859,71,0.08750534057617188
architecture_control,),68,0.9577464788732394,71,0.026868104934692383
architecture_control,c,69,0.971830985915493,71,0.07620596885681152
architecture_control,1,70,0.9859154929577465,71,0.05584859848022461
architecture_control,[*],0,0.0,22,0.27508020401000977
architecture_control,c,1,0.045454545454545456,22,0.04154253005981445
architecture_control,1,2,0.09090909090909091,22,0.06117582321166992
architecture_control,c,3,0.13636363636363635,22,0.7024681568145752
architecture_control,c,4,0.18181818181818182,22,0.7024681568145752
architecture_control,c,5,0.22727272727272727,22,0.7024681568145752
architecture_control,c,6,0.2727272727272727,22,0.7024681568145752
architecture_control,(,7,0.3181818181818182,22,0.8136632442474365
architecture_control,-,8,0.36363636363636365,22,0.5720412731170654
architecture_control,c,9,0.4090909090909091,22,0.7694075107574463
architecture_control,2,10,0.45454545454545453,22,0.474306583404541
architecture_control,n,11,0.5,22,0.04809427261352539
architecture_control,n,12,0.5454545454545454,22,0.04809427261352539
architecture_control,c,13,0.5909090909090909,22,0.016794204711914062
architecture_control,(,14,0.6363636363636364,22,0.08502054214477539
architecture_control,[*],15,0.6818181818181818,22,0.18184971809387207
architecture_control,),16,0.7272727272727273,22,0.034270286560058594
architecture_control,o,17,0.7727272727272727,22,0.07034063339233398
architecture_control,2,18,0.8181818181818182,22,0.005802631378173828
architecture_control,),19,0.8636363636363636,22,0.009308815002441406
architecture_control,c,20,0.9090909090909091,22,0.0916602611541748
architecture_control,1,21,0.9545454545454546,22,0.10041952133178711
architecture_control,[*],0,0.0,39,0.025641441345214844
architecture_control,C,1,0.02564102564102564,39,0.07381010055541992
architecture_control,C,2,0.05128205128205128,39,0.07381010055541992
architecture_control,C,3,0.07692307692307693,39,0.07381010055541992
architecture_control,C,4,0.10256410256410256,39,0.07381010055541992
architecture_control,C,5,0.1282051282051282,39,0.07381010055541992
architecture_control,C,6,0.15384615384615385,39,0.07381010055541992
architecture_control,C,7,0.1794871794871795,39,0.07381010055541992
architecture_control,N,8,0.20512820512820512,39,0.03973102569580078
architecture_control,C,9,0.23076923076923078,39,0.11492013931274414
architecture_control,(,10,0.2564102564102564,39,0.07397127151489258
architecture_control,=,11,0.28205128205128205,39,0.002379894256591797
architecture_control,O,12,0.3076923076923077,39,0.418515682220459
architecture_control,),13,0.3333333333333333,39,0.09932947158813477
architecture_control,C,14,0.358974358974359,39,0.06927919387817383
architecture_control,C,15,0.38461538461538464,39,0.06927919387817383
architecture_control,C,16,0.41025641025641024,39,0.06927919387817383
architecture_control,C,17,0.4358974358974359,39,0.06927919387817383
architecture_control,C,18,0.46153846153846156,39,0.06927919387817383
architecture_control,C,19,0.48717948717948717,39,0.06927919387817383
architecture_control,C,20,0.5128205128205128,39,0.06927919387817383
architecture_control,C,21,0.5384615384615384,39,0.06927919387817383
architecture_control,C,22,0.5641025641025641,39,0.06927919387817383
architecture_control,C,23,0.5897435897435898,39,0.06927919387817383
architecture_control,C,24,0.6153846153846154,39,0.06927919387817383
architecture_control,C,25,0.6410256410256411,39,0.06927919387817383
architecture_control,C,26,0.6666666666666666,39,0.06927919387817383
architecture_control,C,27,0.6923076923076923,39,0.06927919387817383
architecture_control,C,28,0.717948717948718,39,0.06927919387817383
architecture_control,C,29,0.7435897435897436,39,0.06927919387817383
architecture_control,C,30,0.7692307692307693,39,0.06927919387817383
architecture_control,C,31,0.7948717948717948,39,0.06927919387817383
architecture_control,C,32,0.8205128205128205,39,0.06927919387817383
architecture_control,(,33,0.8461538461538461,39,0.09088659286499023
architecture_control,=,34,0.8717948717948718,39,0.006896495819091797
architecture_control,O,35,0.8974358974358975,39,0.21803855895996094
architecture_control,),36,0.9230769230769231,39,0.0487360954284668
architecture_control,N,37,0.9487179487179487,39,0.0961451530456543
architecture_control,[*],38,0.9743589743589743,39,0.008874893188476562
architecture_control,[*],0,0.0,23,0.8642549514770508
architecture_control,C,1,0.043478260869565216,23,0.7943801879882812
architecture_control,C,2,0.08695652173913043,23,0.7943801879882812
architecture_control,(,3,0.13043478260869565,23,0.6403989791870117
architecture_control,O,4,0.17391304347826086,23,0.3238396644592285
architecture_control,[*],5,0.21739130434782608,23,0.6183748245239258
architecture_control,),6,0.2608695652173913,23,0.6214861869812012
architecture_control,C,7,0.30434782608695654,23,0.24400806427001953
architecture_control,1,8,0.34782608695652173,23,0.7255020141601562
architecture_control,C,9,0.391304347826087,23,0.02013683319091797
architecture_control,C,10,0.43478260869565216,23,0.02013683319091797
architecture_control,(,11,0.4782608695652174,23,0.40006351470947266
architecture_control,F,12,0.5217391304347826,23,0.602717399597168
architecture_control,),13,0.5652173913043478,23,0.17108678817749023
architecture_control,(,14,0.6086956521739131,23,0.41423606872558594
architecture_control,F,15,0.6521739130434783,23,0.5170354843139648
architecture_control,),16,0.6956521739130435,23,0.2505340576171875
architecture_control,C,17,0.7391304347826086,23,0.03945159912109375
architecture_control,1,18,0.782608695652174,23,0.14574718475341797
architecture_control,(,19,0.8260869565217391,23,0.08246994018554688
architecture_control,F,20,0.8695652173913043,23,0.11557388305664062
architecture_control,),21,0.9130434782608695,23,0.055890560150146484
architecture_control,F,22,0.9565217391304348,23,0.15008211135864258
architecture_control,[*],0,0.0,71,0.09385371208190918
architecture_control,c,1,0.014084507042253521,71,0.10669422149658203
architecture_control,1,2,0.028169014084507043,71,0.11898088455200195
architecture_control,c,3,0.04225352112676056,71,0.08843088150024414
architecture_control,c,4,0.056338028169014086,71,0.08843088150024414
architecture_control,c,5,0.07042253521126761,71,0.08843088150024414
architecture_control,(,6,0.08450704225352113,71,0.022595643997192383
architecture_control,N,7,0.09859154929577464,71,0.03348231315612793
architecture_control,2,8,0.11267605633802817,71,0.12915372848510742
architecture_control,C,9,0.1267605633802817,71,0.06333494186401367
architecture_control,(,10,0.14084507042253522,71,0.034735679626464844
architecture_control,=,11,0.15492957746478872,71,0.2267136573791504
architecture_control,O,12,0.16901408450704225,71,0.12851905822753906
architecture_control,),13,0.18309859154929578,71,0.10791206359863281
architecture_control,c,14,0.19718309859154928,71,0.1131138801574707
architecture_control,3,15,0.2112676056338028,71,0.02358722686767578
architecture_control,c,16,0.22535211267605634,71,0.06934261322021484
architecture_control,c,17,0.23943661971830985,71,0.06934261322021484
architecture_control,c,18,0.2535211267605634,71,0.06934261322021484
architecture_control,(,19,0.2676056338028169,71,0.05200552940368652
architecture_control,P,20,0.28169014084507044,71,0.3059201240539551
architecture_control,(,21,0.29577464788732394,71,0.3104400634765625
architecture_control,=,22,0.30985915492957744,71,0.21126461029052734
architecture_control,O,23,0.323943661971831,71,0.48864316940307617
architecture_control,),24,0.3380281690140845,71,0.38857555389404297
architecture_control,(,25,0.352112676056338,71,0.4482886791229248
architecture_control,c,26,0.36619718309859156,71,0.43407106399536133
architecture_control,4,27,0.38028169014084506,71,0.3524458408355713
architecture_control,c,28,0.39436619718309857,71,0.33554506301879883
architecture_control,c,29,0.4084507042253521,71,0.33554506301879883
architecture_control,c,30,0.4225352112676056,71,0.33554506301879883
architecture_control,c,31,0.43661971830985913,71,0.33554506301879883
architecture_control,c,32,0.4507042253521127,71,0.33554506301879883
architecture_control,4,33,0.4647887323943662,71,0.3484065532684326
architecture_control,),34,0.4788732394366197,71,0.4738433361053467
architecture_control,c,35,0.49295774647887325,71,0.47393202781677246
architecture_control,4,36,0.5070422535211268,71,0.45427656173706055
architecture_control,c,37,0.5211267605633803,71,0.4585590362548828
architecture_control,c,38,0.5352112676056338,71,0.4585590362548828
architecture_control,c,39,0.5492957746478874,71,0.4585590362548828
architecture_control,5,40,0.5633802816901409,71,0.38787317276000977
architecture_control,c,41,0.5774647887323944,71,0.4099264144897461
architecture_control,(,42,0.5915492957746479,71,0.4855775833129883
architecture_control,c,43,0.6056338028169014,71,0.40252113342285156
architecture_control,4,44,0.6197183098591549,71,0.418179988861084
architecture_control,),45,0.6338028169014085,71,0.4422459602355957
architecture_control,C,46,0.647887323943662,71,0.4172787666320801
architecture_control,(,47,0.6619718309859155,71,0.4300684928894043
architecture_control,=,48,0.676056338028169,71,0.32549238204956055
architecture_control,O,49,0.6901408450704225,71,0.41059088706970215
architecture_control,),50,0.704225352112676,71,0.3804183006286621
architecture_control,N,51,0.7183098591549296,71,0.37062740325927734
architecture_control,(,52,0.7323943661971831,71,0.35755252838134766
architecture_control,[*],53,0.7464788732394366,71,0.3999001979827881
architecture_control,),54,0.7605633802816901,71,0.3697333335876465
architecture_control,C,55,0.7746478873239436,71,0.361480712890625
architecture_control,5,56,0.7887323943661971,71,0.3662886619567871
architecture_control,=,57,0.8028169014084507,71,0.21227622032165527
architecture_control,O,58,0.8169014084507042,71,0.26731300354003906
architecture_control,),59,0.8309859154929577,71,0.18443775177001953
architecture_control,c,60,0.8450704225352113,71,0.19403529167175293
architecture_control,c,61,0.8591549295774648,71,0.19403529167175293
architecture_control,3,62,0.8732394366197183,71,0.062003135681152344
architecture_control,C,63,0.8873239436619719,71,0.016046524047851562
architecture_control,2,64,0.9014084507042254,71,0.06435775756835938
architecture_control,=,65,0.9154929577464789,71,0.09776782989501953
architecture_control,O,66,0.9295774647887324,71,0.0013384819030761719
architecture_control,),67,0.9436619718309859,71,0.01508331298828125
architecture_control,c,68,0.9577464788732394,71,0.004548072814941406
architecture_control,c,69,0.971830985915493,71,0.004548072814941406
architecture_control,1,70,0.9859154929577465,71,0.058588504791259766
architecture_control,[*],0,0.0,36,0.039107322692871094
architecture_control,C,1,0.027777777777777776,36,0.019710540771484375
architecture_control,C,2,0.05555555555555555,36,0.019710540771484375
architecture_control,1,3,0.08333333333333333,36,0.10116052627563477
architecture_control,C,4,0.1111111111111111,36,0.10227060317993164
architecture_control,C,5,0.1388888888888889,36,0.10227060317993164
architecture_control,C,6,0.16666666666666666,36,0.10227060317993164
architecture_control,C,7,0.19444444444444445,36,0.10227060317993164
architecture_control,(,8,0.2222222222222222,36,0.0010046958923339844
architecture_control,C,9,0.25,36,0.027452468872070312
architecture_control,N,10,0.2777777777777778,36,0.44112205505371094
architecture_control,C,11,0.3055555555555556,36,0.017323970794677734
architecture_control,(,12,0.3333333333333333,36,0.03382587432861328
architecture_control,=,13,0.3611111111111111,36,0.21189308166503906
architecture_control,O,14,0.3888888888888889,36,0.16746807098388672
architecture_control,),15,0.4166666666666667,36,0.07054281234741211
architecture_control,C,16,0.4444444444444444,36,0.16353559494018555
architecture_control,C,17,0.4722222222222222,36,0.16353559494018555
architecture_control,C,18,0.5,36,0.16353559494018555
architecture_control,C,19,0.5277777777777778,36,0.16353559494018555
architecture_control,C,20,0.5555555555555556,36,0.16353559494018555
architecture_control,C,21,0.5833333333333334,36,0.16353559494018555
architecture_control,C,22,0.6111111111111112,36,0.16353559494018555
architecture_control,C,23,0.6388888888888888,36,0.16353559494018555
architecture_control,C,24,0.6666666666666666,36,0.16353559494018555
architecture_control,C,25,0.6944444444444444,36,0.16353559494018555
architecture_control,C,26,0.7222222222222222,36,0.16353559494018555
architecture_control,(,27,0.75,36,0.22644329071044922
architecture_control,=,28,0.7777777777777778,36,0.2513461112976074
architecture_control,O,29,0.8055555555555556,36,0.31699514389038086
architecture_control,),30,0.8333333333333334,36,0.026414871215820312
architecture_control,N,31,0.8611111111111112,36,0.0712437629699707
architecture_control,[*],32,0.8888888888888888,36,0.024187564849853516
architecture_control,),33,0.9166666666666666,36,0.002556324005126953
architecture_control,C,34,0.9444444444444444,36,0.0026607513427734375
architecture_control,1,35,0.9722222222222222,36,0.0033316612243652344
architecture_control,[*],0,0.0,36,1.3558716773986816
architecture_control,C,1,0.027777777777777776,36,1.2472374439239502
architecture_control,c,2,0.05555555555555555,36,1.0828402042388916
architecture_control,1,3,0.08333333333333333,36,0.7245345115661621
architecture_control,c,4,0.1111111111111111,36,0.5128951072692871
architecture_control,c,5,0.1388888888888889,36,0.5128951072692871
architecture_control,c,6,0.16666666666666666,36,0.5128951072692871
architecture_control,(,7,0.19444444444444445,36,0.7416505813598633
architecture_control,C,8,0.2222222222222222,36,0.6133356094360352
architecture_control,O,9,0.25,36,0.9481949806213379
architecture_control,C,10,0.2777777777777778,36,1.0773897171020508
architecture_control,(,11,0.3055555555555556,36,1.3010880947113037
architecture_control,=,12,0.3333333333333333,36,0.2783322334289551
architecture_control,O,13,0.3611111111111111,36,0.5889792442321777
architecture_control,),14,0.3888888888888889,36,0.45859813690185547
architecture_control,C,15,0.4166666666666667,36,0.39528799057006836
architecture_control,2,16,0.4444444444444444,36,0.1926407814025879
architecture_control,C,17,0.4722222222222222,36,0.20528125762939453
architecture_control,C,18,0.5,36,0.20528125762939453
architecture_control,C,19,0.5277777777777778,36,0.20528125762939453
architecture_control,(,20,0.5555555555555556,36,0.18018150329589844
architecture_control,C,21,0.5833333333333334,36,0.07786750793457031
architecture_control,(,22,0.6111111111111112,36,0.12686920166015625
architecture_control,=,23,0.6388888888888888,36,0.10622882843017578
architecture_control,O,24,0.6666666666666666,36,0.014623641967773438
architecture_control,),25,0.6944444444444444,36,0.0065746307373046875
architecture_control,O,26,0.7222222222222222,36,0.027220726013183594
architecture_control,[*],27,0.75,36,0.019846439361572266
architecture_control,),28,0.7777777777777778,36,0.042994022369384766
architecture_control,C,29,0.8055555555555556,36,0.0022835731506347656
architecture_control,C,30,0.8333333333333334,36,0.0022835731506347656
architecture_control,2,31,0.8611111111111112,36,0.15412473678588867
architecture_control,),32,0.8888888888888888,36,0.06031942367553711
architecture_control,c,33,0.9166666666666666,36,0.21448326110839844
architecture_control,c,34,0.9444444444444444,36,0.21448326110839844
architecture_control,1,35,0.9722222222222222,36,0.04391145706176758
architecture_control,[*],0,0.0,25,0.7012729644775391
architecture_control,N,1,0.04,25,1.48246431350708
architecture_control,c,2,0.08,25,0.581712007522583
architecture_control,1,3,0.12,25,0.3047342300415039
architecture_control,c,4,0.16,25,0.48516082763671875
architecture_control,c,5,0.2,25,0.48516082763671875
architecture_control,(,6,0.24,25,0.33461475372314453
architecture_control,[*],7,0.28,25,0.14900970458984375
architecture_control,),8,0.32,25,0.36315059661865234
architecture_control,c,9,0.36,25,0.11702585220336914
architecture_control,c,10,0.4,25,0.11702585220336914
architecture_control,c,11,0.44,25,0.11702585220336914
architecture_control,1,12,0.48,25,0.0283203125
architecture_control,C,13,0.52,25,0.039908409118652344
architecture_control,C,14,0.56,25,0.039908409118652344
architecture_control,C,15,0.6,25,0.039908409118652344
architecture_control,C,16,0.64,25,0.039908409118652344
architecture_control,C,17,0.68,25,0.039908409118652344
architecture_control,C,18,0.72,25,0.039908409118652344
architecture_control,C,19,0.76,25,0.039908409118652344
architecture_control,C,20,0.8,25,0.039908409118652344
architecture_control,C,21,0.84,25,0.039908409118652344
architecture_control,C,22,0.88,25,0.039908409118652344
architecture_control,C,23,0.92,25,0.039908409118652344
architecture_control,C,24,0.96,25,0.039908409118652344
architecture_control,[*],0,0.0,26,0.9263043403625488
architecture_control,O,1,0.038461538461538464,26,1.1525678634643555
architecture_control,C,2,0.07692307692307693,26,0.4034156799316406
architecture_control,(,3,0.11538461538461539,26,0.2608156204223633
architecture_control,=,4,0.15384615384615385,26,0.1325969696044922
architecture_control,O,5,0.19230769230769232,26,0.11899805068969727
architecture_control,),6,0.23076923076923078,26,0.08475780487060547
architecture_control,C,7,0.2692307692307692,26,0.03492927551269531
architecture_control,C,8,0.3076923076923077,26,0.03492927551269531
architecture_control,S,9,0.34615384615384615,26,0.7001876831054688
architecture_control,(,10,0.38461538461538464,26,0.2587151527404785
architecture_control,=,11,0.4230769230769231,26,0.11250495910644531
architecture_control,O,12,0.46153846153846156,26,0.5853214263916016
architecture_control,),13,0.5,26,0.07387924194335938
architecture_control,(,14,0.5384615384615384,26,0.10548210144042969
architecture_control,=,15,0.5769230769230769,26,0.25561046600341797
architecture_control,O,16,0.6153846153846154,26,1.0618376731872559
architecture_control,),17,0.6538461538461539,26,0.42141151428222656
architecture_control,C,18,0.6923076923076923,26,0.6915273666381836
architecture_control,C,19,0.7307692307692307,26,0.6915273666381836
architecture_control,C,20,0.7692307692307693,26,0.6915273666381836
architecture_control,(,21,0.8076923076923077,26,0.6322550773620605
architecture_control,[*],22,0.8461538461538461,26,0.2978973388671875
architecture_control,),23,0.8846153846153846,26,0.31025123596191406
architecture_control,=,24,0.9230769230769231,26,0.0176849365234375
architecture_control,O,25,0.9615384615384616,26,0.5253362655639648
architecture_control,[*],0,0.0,29,0.47791433334350586
architecture_control,C,1,0.034482758620689655,29,0.44159555435180664
architecture_control,C,2,0.06896551724137931,29,0.44159555435180664
architecture_control,C,3,0.10344827586206896,29,0.44159555435180664
architecture_control,C,4,0.13793103448275862,29,0.44159555435180664
architecture_control,C,5,0.1724137931034483,29,0.44159555435180664
architecture_control,(,6,0.20689655172413793,29,0.40917253494262695
architecture_control,=,7,0.2413793103448276,29,0.5691795349121094
architecture_control,O,8,0.27586206896551724,29,0.4964451789855957
architecture_control,),9,0.3103448275862069,29,0.681797981262207
architecture_control,N,10,0.3448275862068966,29,0.5728330612182617
architecture_control,C,11,0.3793103448275862,29,0.11269855499267578
architecture_control,C,12,0.41379310344827586,29,0.11269855499267578
architecture_control,C,13,0.4482758620689655,29,0.11269855499267578
architecture_control,C,14,0.4827586206896552,29,0.11269855499267578
architecture_control,C,15,0.5172413793103449,29,0.11269855499267578
architecture_control,C,16,0.5517241379310345,29,0.11269855499267578
architecture_control,N,17,0.5862068965517241,29,0.15852117538452148
architecture_control,C,18,0.6206896551724138,29,0.23558712005615234
architecture_control,(,19,0.6551724137931034,29,0.2039966583251953
architecture_control,=,20,0.6896551724137931,29,0.18409299850463867
architecture_control,O,21,0.7241379310344828,29,0.3100547790527344
architecture_control,),22,0.7586206896551724,29,0.03799152374267578
architecture_control,C,23,0.7931034482758621,29,0.13186407089233398
architecture_control,C,24,0.8275862068965517,29,0.13186407089233398
architecture_control,C,25,0.8620689655172413,29,0.13186407089233398
architecture_control,C,26,0.896551724137931,29,0.13186407089233398
architecture_control,S,27,0.9310344827586207,29,0.749903678894043
architecture_control,[*],28,0.9655172413793104,29,0.02145528793334961
architecture_control,[*],0,0.0,32,0.20839595794677734
architecture_control,N,1,0.03125,32,0.21091914176940918
architecture_control,C,2,0.0625,32,0.4117448329925537
architecture_control,(,3,0.09375,32,0.48078322410583496
architecture_control,S,4,0.125,32,0.6333754062652588
architecture_control,1,5,0.15625,32,0.6538503170013428
architecture_control,),6,0.1875,32,0.40770816802978516
architecture_control,=,7,0.21875,32,0.36887502670288086
architecture_control,C,8,0.25,32,0.5935282707214355
architecture_control,C,9,0.28125,32,0.5935282707214355
architecture_control,=,10,0.3125,32,0.2946138381958008
architecture_control,C,11,0.34375,32,0.6765515804290771
architecture_control,1,12,0.375,32,0.6054303646087646
architecture_control,C,13,0.40625,32,0.6844816207885742
architecture_control,(,14,0.4375,32,0.6127617359161377
architecture_control,C,15,0.46875,32,0.6253995895385742
architecture_control,=,16,0.5,32,0.21702790260314941
architecture_control,C,17,0.53125,32,0.6138720512390137
architecture_control,2,18,0.5625,32,0.5051431655883789
architecture_control,),19,0.59375,32,0.37651586532592773
architecture_control,=,20,0.625,32,0.4370088577270508
architecture_control,C,21,0.65625,32,0.6912140846252441
architecture_control,C,22,0.6875,32,0.6912140846252441
architecture_control,=,23,0.71875,32,0.3170504570007324
architecture_control,C,24,0.75,32,0.52620530128479
architecture_control,2,25,0.78125,32,0.3970777988433838
architecture_control,C,26,0.8125,32,0.42563533782958984
architecture_control,(,27,0.84375,32,0.45342564582824707
architecture_control,=,28,0.875,32,0.09476089477539062
architecture_control,S,29,0.90625,32,0.08242177963256836
architecture_control,),30,0.9375,32,0.0002295970916748047
architecture_control,[*],31,0.96875,32,0.12405514717102051
architecture_control,[*],0,0.0,21,0.9094469547271729
architecture_control,C,1,0.047619047619047616,21,1.0014986991882324
architecture_control,=,2,0.09523809523809523,21,2.336721420288086
architecture_control,C,3,0.14285714285714285,21,0.24470853805541992
architecture_control,(,4,0.19047619047619047,21,1.0968046188354492
architecture_control,[*],5,0.23809523809523808,21,0.9588508605957031
architecture_control,),6,0.2857142857142857,21,0.6999416351318359
architecture_control,c,7,0.3333333333333333,21,0.6067588329315186
architecture_control,1,8,0.38095238095238093,21,0.867335319519043
architecture_control,n,9,0.42857142857142855,21,0.18282842636108398
architecture_control,c,10,0.47619047619047616,21,0.5475616455078125
architecture_control,2,11,0.5238095238095238,21,0.05463266372680664
architecture_control,c,12,0.5714285714285714,21,0.005590677261352539
architecture_control,c,13,0.6190476190476191,21,0.005590677261352539
architecture_control,c,14,0.6666666666666666,21,0.005590677261352539
architecture_control,c,15,0.7142857142857143,21,0.005590677261352539
architecture_control,c,16,0.7619047619047619,21,0.005590677261352539
architecture_control,2,17,0.8095238095238095,21,0.0999445915222168
architecture_control,n,18,0.8571428571428571,21,0.19184422492980957
architecture_control,1,19,0.9047619047619048,21,0.11735701560974121
architecture_control,C,20,0.9523809523809523,21,0.09386444091796875
architecture_control,[*],0,0.0,32,0.015811920166015625
architecture_control,C,1,0.03125,32,0.0688018798828125
architecture_control,(,2,0.0625,32,0.07738733291625977
architecture_control,=,3,0.09375,32,0.30199098587036133
architecture_control,O,4,0.125,32,0.14730405807495117
architecture_control,),5,0.15625,32,0.03443765640258789
architecture_control,c,6,0.1875,32,0.06466388702392578
architecture_control,1,7,0.21875,32,0.035666465759277344
architecture_control,c,8,0.25,32,0.07963228225708008
architecture_control,c,9,0.28125,32,0.07963228225708008
architecture_control,c,10,0.3125,32,0.07963228225708008
architecture_control,(,11,0.34375,32,0.18172502517700195
architecture_control,C,12,0.375,32,0.16942119598388672
architecture_control,(,13,0.40625,32,0.15645360946655273
architecture_control,=,14,0.4375,32,0.18586969375610352
architecture_control,O,15,0.46875,32,0.514594554901123
architecture_control,),16,0.5,32,0.19879865646362305
architecture_control,N,17,0.53125,32,0.28027820587158203
architecture_control,2,18,0.5625,32,0.004070758819580078
architecture_control,C,19,0.59375,32,0.09627103805541992
architecture_control,C,20,0.625,32,0.09627103805541992
architecture_control,N,21,0.65625,32,0.02055215835571289
architecture_control,(,22,0.6875,32,0.0834207534790039
architecture_control,[*],23,0.71875,32,0.11715984344482422
architecture_control,),24,0.75,32,0.050133705139160156
architecture_control,C,25,0.78125,32,0.09523534774780273
architecture_control,C,26,0.8125,32,0.09523534774780273
architecture_control,2,27,0.84375,32,0.1109018325805664
architecture_control,),28,0.875,32,0.00030612945556640625
architecture_control,c,29,0.90625,32,0.012896060943603516
architecture_control,c,30,0.9375,32,0.012896060943603516
architecture_control,1,31,0.96875,32,0.00936269760131836
architecture_control,C,0,0.0,24,0.13412904739379883
architecture_control,(,1,0.041666666666666664,24,0.09885120391845703
architecture_control,[*],2,0.08333333333333333,24,0.15191173553466797
architecture_control,),3,0.125,24,0.058783531188964844
architecture_control,C,4,0.16666666666666666,24,0.0033698081970214844
architecture_control,(,5,0.20833333333333334,24,0.0003914833068847656
architecture_control,C,6,0.25,24,0.01775074005126953
architecture_control,),7,0.2916666666666667,24,0.022721290588378906
architecture_control,(,8,0.3333333333333333,24,0.05936622619628906
architecture_control,C,9,0.375,24,0.05687379837036133
architecture_control,(,10,0.4166666666666667,24,0.038115501403808594
architecture_control,=,11,0.4583333333333333,24,0.7824611663818359
architecture_control,O,12,0.5,24,0.500859260559082
architecture_control,),13,0.5416666666666666,24,0.0944833755493164
architecture_control,O,14,0.5833333333333334,24,0.2928133010864258
architecture_control,C,15,0.625,24,0.10299968719482422
architecture_control,C,16,0.6666666666666666,24,0.10299968719482422
architecture_control,C,17,0.7083333333333334,24,0.10299968719482422
architecture_control,O,18,0.75,24,0.11439800262451172
architecture_control,C,19,0.7916666666666666,24,0.03963518142700195
architecture_control,),20,0.8333333333333334,24,0.07731819152832031
architecture_control,(,21,0.875,24,0.00017118453979492188
architecture_control,[*],22,0.9166666666666666,24,0.03298377990722656
architecture_control,),23,0.9583333333333334,24,0.010143280029296875
architecture_control,[*],0,0.0,20,0.06841182708740234
architecture_control,N,1,0.05,20,0.2634124755859375
architecture_control,C,2,0.1,20,0.2459869384765625
architecture_control,(,3,0.15,20,0.2002873420715332
architecture_control,S,4,0.2,20,0.4876222610473633
architecture_control,1,5,0.25,20,0.30037593841552734
architecture_control,),6,0.3,20,0.1441783905029297
architecture_control,=,7,0.35,20,0.6527199745178223
architecture_control,C,8,0.4,20,0.2887101173400879
architecture_control,C,9,0.45,20,0.2887101173400879
architecture_control,=,10,0.5,20,0.6329851150512695
architecture_control,C,11,0.55,20,0.034667015075683594
architecture_control,1,12,0.6,20,0.26700925827026367
architecture_control,C,13,0.65,20,0.25238847732543945
architecture_control,(,14,0.7,20,0.3805975914001465
architecture_control,=,15,0.75,20,0.29559898376464844
architecture_control,O,16,0.8,20,0.868337869644165
architecture_control,),17,0.85,20,0.10140180587768555
architecture_control,O,18,0.9,20,0.5540518760681152
architecture_control,[*],19,0.95,20,0.06772947311401367
architecture_control,[*],0,0.0,19,0.6370916366577148
architecture_control,N,1,0.05263157894736842,19,0.6404547691345215
architecture_control,c,2,0.10526315789473684,19,0.33797311782836914
architecture_control,1,3,0.15789473684210525,19,0.1052250862121582
architecture_control,c,4,0.21052631578947367,19,0.1539440155029297
architecture_control,c,5,0.2631578947368421,19,0.1539440155029297
architecture_control,(,6,0.3157894736842105,19,0.0422053337097168
architecture_control,O,7,0.3684210526315789,19,0.13904285430908203
architecture_control,C,8,0.42105263157894735,19,0.32073473930358887
architecture_control,),9,0.47368421052631576,19,0.09189939498901367
architecture_control,c,10,0.5263157894736842,19,0.22826123237609863
architecture_control,(,11,0.5789473684210527,19,0.6943318843841553
architecture_control,[*],12,0.631578947368421,19,0.767214298248291
architecture_control,),13,0.6842105263157895,19,0.5063862800598145
architecture_control,c,14,0.7368421052631579,19,0.49734067916870117
architecture_control,c,15,0.7894736842105263,19,0.49734067916870117
architecture_control,1,16,0.8421052631578947,19,0.051784515380859375
architecture_control,O,17,0.8947368421052632,19,0.01532888412475586
architecture_control,C,18,0.9473684210526315,19,0.13367795944213867
architecture_control,[*],0,0.0,27,0.14500045776367188
architecture_control,c,1,0.037037037037037035,27,0.39518094062805176
architecture_control,1,2,0.07407407407407407,27,0.20006847381591797
architecture_control,c,3,0.1111111111111111,27,0.19627666473388672
architecture_control,c,4,0.14814814814814814,27,0.19627666473388672
architecture_control,c,5,0.18518518518518517,27,0.19627666473388672
architecture_control,(,6,0.2222222222222222,27,0.40103650093078613
architecture_control,-,7,0.25925925925925924,27,0.10985565185546875
architecture_control,c,8,0.2962962962962963,27,0.18318510055541992
architecture_control,2,9,0.3333333333333333,27,0.474884033203125
architecture_control,n,10,0.37037037037037035,27,0.6868281364440918
architecture_control,n,11,0.4074074074074074,27,0.6868281364440918
architecture_control,c,12,0.4444444444444444,27,0.7818334102630615
architecture_control,(,13,0.48148148148148145,27,0.9908523559570312
architecture_control,[*],14,0.5185185185185185,27,0.5474061965942383
architecture_control,),15,0.5555555555555556,27,0.4557504653930664
architecture_control,o,16,0.5925925925925926,27,0.12274336814880371
architecture_control,2,17,0.6296296296296297,27,0.21670746803283691
architecture_control,),18,0.6666666666666666,27,0.15862774848937988
architecture_control,c,19,0.7037037037037037,27,0.08875632286071777
architecture_control,(,20,0.7407407407407407,27,0.22467732429504395
architecture_control,O,21,0.7777777777777778,27,0.4272480010986328
architecture_control,C,22,0.8148148148148148,27,0.1314525604248047
architecture_control,C,23,0.8518518518518519,27,0.1314525604248047
architecture_control,),24,0.8888888888888888,27,0.04413723945617676
architecture_control,c,25,0.9259259259259259,27,0.07075071334838867
architecture_control,1,26,0.9629629629629629,27,0.019479036331176758
architecture_control,[*],0,0.0,52,0.05459475517272949
architecture_control,N,1,0.019230769230769232,52,0.04935789108276367
architecture_control,C,2,0.038461538461538464,52,0.046064138412475586
architecture_control,(,3,0.057692307692307696,52,0.024552345275878906
architecture_control,=,4,0.07692307692307693,52,0.2843751907348633
architecture_control,O,5,0.09615384615384616,52,0.18744468688964844
architecture_control,),6,0.11538461538461539,52,0.41354942321777344
architecture_control,c,7,0.1346153846153846,52,0.3927187919616699
architecture_control,1,8,0.15384615384615385,52,0.5213403701782227
architecture_control,c,9,0.17307692307692307,52,0.4759368896484375
architecture_control,c,10,0.19230769230769232,52,0.4759368896484375
architecture_control,c,11,0.21153846153846154,52,0.4759368896484375
architecture_control,(,12,0.23076923076923078,52,0.3949613571166992
architecture_control,C,13,0.25,52,0.4159383773803711
architecture_control,(,14,0.2692307692307692,52,0.3664841651916504
architecture_control,=,15,0.28846153846153844,52,0.5767436027526855
architecture_control,O,16,0.3076923076923077,52,0.18345952033996582
architecture_control,),17,0.3269230769230769,52,0.2822301387786865
architecture_control,N,18,0.34615384615384615,52,0.3721742630004883
architecture_control,c,19,0.36538461538461536,52,0.34659504890441895
architecture_control,2,20,0.38461538461538464,52,0.3047497272491455
architecture_control,c,21,0.40384615384615385,52,0.3630974292755127
architecture_control,c,22,0.4230769230769231,52,0.3630974292755127
architecture_control,c,23,0.4423076923076923,52,0.3630974292755127
architecture_control,3,24,0.46153846153846156,52,0.25662684440612793
architecture_control,c,25,0.4807692307692308,52,0.2003946304321289
architecture_control,(,26,0.5,52,0.12699317932128906
architecture_control,c,27,0.5192307692307693,52,0.16327381134033203
architecture_control,2,28,0.5384615384615384,52,0.15262603759765625
architecture_control,),29,0.5576923076923077,52,0.17740964889526367
architecture_control,[nH],30,0.5769230769230769,52,0.48645973205566406
architecture_control,c,31,0.5961538461538461,52,0.45185065269470215
architecture_control,(,32,0.6153846153846154,52,0.48124074935913086
architecture_control,=,33,0.6346153846153846,52,0.2338244915008545
architecture_control,O,34,0.6538461538461539,52,0.417691707611084
architecture_control,),35,0.6730769230769231,52,0.27654600143432617
architecture_control,c,36,0.6923076923076923,52,0.24563932418823242
architecture_control,2,37,0.7115384615384616,52,0.14551448822021484
architecture_control,c,38,0.7307692307692307,52,0.21989965438842773
architecture_control,c,39,0.75,52,0.21989965438842773
architecture_control,(,40,0.7692307692307693,52,0.1837482452392578
architecture_control,[*],41,0.7884615384615384,52,0.09170913696289062
architecture_control,),42,0.8076923076923077,52,0.07569313049316406
architecture_control,c,43,0.8269230769230769,52,0.07338905334472656
architecture_control,c,44,0.8461538461538461,52,0.07338905334472656
architecture_control,c,45,0.8653846153846154,52,0.07338905334472656
architecture_control,2,46,0.8846153846153846,52,0.0848839282989502
architecture_control,3,47,0.9038461538461539,52,0.08535146713256836
architecture_control,),48,0.9230769230769231,52,0.004786491394042969
architecture_control,c,49,0.9423076923076923,52,0.0013947486877441406
architecture_control,c,50,0.9615384615384616,52,0.0013947486877441406
architecture_control,1,51,0.9807692307692307,52,0.014752388000488281
architecture_control,[*],0,0.0,14,0.6160898208618164
architecture_control,C,1,0.07142857142857142,14,0.6169986724853516
architecture_control,C,2,0.14285714285714285,14,0.6169986724853516
architecture_control,(,3,0.21428571428571427,14,0.5666623115539551
architecture_control,C,4,0.2857142857142857,14,0.4762105941772461
architecture_control,C,5,0.35714285714285715,14,0.4762105941772461
architecture_control,),6,0.42857142857142855,14,0.6449084281921387
architecture_control,(,7,0.5,14,0.34141969680786133
architecture_control,C,8,0.5714285714285714,14,0.5393385887145996
architecture_control,C,9,0.6428571428571429,14,0.5393385887145996
architecture_control,),10,0.7142857142857143,14,0.7082204818725586
architecture_control,C,11,0.7857142857142857,14,0.31551408767700195
architecture_control,S,12,0.8571428571428571,14,1.7481136322021484
architecture_control,[*],13,0.9285714285714286,14,0.05504131317138672
architecture_control,[*],0,0.0,46,0.6323435306549072
architecture_control,c,1,0.021739130434782608,46,0.585791826248169
architecture_control,1,2,0.043478260869565216,46,0.473710298538208
architecture_control,c,3,0.06521739130434782,46,0.31424379348754883
architecture_control,c,4,0.08695652173913043,46,0.31424379348754883
architecture_control,(,5,0.10869565217391304,46,0.21025514602661133
architecture_control,C,6,0.13043478260869565,46,0.2388749122619629
architecture_control,C,7,0.15217391304347827,46,0.2388749122619629
architecture_control,C,8,0.17391304347826086,46,0.2388749122619629
architecture_control,C,9,0.1956521739130435,46,0.2388749122619629
architecture_control,C,10,0.21739130434782608,46,0.2388749122619629
architecture_control,C,11,0.2391304347826087,46,0.2388749122619629
architecture_control,C,12,0.2608695652173913,46,0.2388749122619629
architecture_control,C,13,0.2826086956521739,46,0.2388749122619629
architecture_control,C,14,0.30434782608695654,46,0.2388749122619629
architecture_control,C,15,0.32608695652173914,46,0.2388749122619629
architecture_control,C,16,0.34782608695652173,46,0.2388749122619629
architecture_control,C,17,0.3695652173913043,46,0.2388749122619629
architecture_control,(,18,0.391304347826087,46,0.33892393112182617
architecture_control,=,19,0.41304347826086957,46,0.299436092376709
architecture_control,O,20,0.43478260869565216,46,0.4578366279602051
architecture_control,),21,0.45652173913043476,46,0.13476300239562988
architecture_control,O,22,0.4782608695652174,46,0.156341552734375
architecture_control,c,23,0.5,46,0.18859124183654785
architecture_control,2,24,0.5217391304347826,46,0.18281006813049316
architecture_control,c,25,0.5434782608695652,46,0.4961273670196533
architecture_control,c,26,0.5652173913043478,46,0.4961273670196533
architecture_control,c,27,0.5869565217391305,46,0.4961273670196533
architecture_control,(,28,0.6086956521739131,46,0.49773287773132324
architecture_control,[N+],29,0.6304347826086957,46,0.5686113834381104
architecture_control,(,30,0.6521739130434783,46,0.40065598487854004
architecture_control,=,31,0.6739130434782609,46,0.31285595893859863
architecture_control,O,32,0.6956521739130435,46,0.43349480628967285
architecture_control,),33,0.717391304347826,46,0.3085901737213135
architecture_control,[O-],34,0.7391304347826086,46,0.26335716247558594
architecture_control,),35,0.7608695652173914,46,0.27562665939331055
architecture_control,c,36,0.782608695652174,46,0.2270040512084961
architecture_control,c,37,0.8043478260869565,46,0.2270040512084961
architecture_control,2,38,0.8260869565217391,46,0.07379579544067383
architecture_control,),39,0.8478260869565217,46,0.24634647369384766
architecture_control,c,40,0.8695652173913043,46,0.4264254570007324
architecture_control,(,41,0.8913043478260869,46,0.39597177505493164
architecture_control,[*],42,0.9130434782608695,46,0.33290982246398926
architecture_control,),43,0.9347826086956522,46,0.3693547248840332
architecture_control,s,44,0.9565217391304348,46,0.5607199668884277
architecture_control,1,45,0.9782608695652174,46,0.014246702194213867
architecture_control,[*],0,0.0,31,0.30207395553588867
architecture_control,c,1,0.03225806451612903,31,0.19986963272094727
architecture_control,1,2,0.06451612903225806,31,0.4164276123046875
architecture_control,c,3,0.0967741935483871,31,0.8021674156188965
architecture_control,c,4,0.12903225806451613,31,0.8021674156188965
architecture_control,c,5,0.16129032258064516,31,0.8021674156188965
architecture_control,(,6,0.1935483870967742,31,1.0940828323364258
architecture_control,C,7,0.22580645161290322,31,0.9666628837585449
architecture_control,),8,0.25806451612903225,31,0.9668729305267334
architecture_control,c,9,0.2903225806451613,31,0.7990038394927979
architecture_control,(,10,0.3225806451612903,31,1.0628018379211426
architecture_control,N,11,0.3548387096774194,31,0.7305386066436768
architecture_control,2,12,0.3870967741935484,31,0.12062883377075195
architecture_control,C,13,0.41935483870967744,31,0.15205764770507812
architecture_control,C,14,0.45161290322580644,31,0.15205764770507812
architecture_control,(,15,0.4838709677419355,31,0.26248788833618164
architecture_control,=,16,0.5161290322580645,31,0.021507740020751953
architecture_control,O,17,0.5483870967741935,31,0.5108485221862793
architecture_control,),18,0.5806451612903226,31,0.20228004455566406
architecture_control,N,19,0.6129032258064516,31,0.1565847396850586
architecture_control,(,20,0.6451612903225806,31,0.1872234344482422
architecture_control,[*],21,0.6774193548387096,31,0.09162235260009766
architecture_control,),22,0.7096774193548387,31,0.010199546813964844
architecture_control,C,23,0.7419354838709677,31,0.2244110107421875
architecture_control,C,24,0.7741935483870968,31,0.2244110107421875
architecture_control,2,25,0.8064516129032258,31,0.11831378936767578
architecture_control,=,26,0.8387096774193549,31,0.14706087112426758
architecture_control,O,27,0.8709677419354839,31,0.24927043914794922
architecture_control,),28,0.9032258064516129,31,0.10546064376831055
architecture_control,c,29,0.9354838709677419,31,0.17238521575927734
architecture_control,1,30,0.967741935483871,31,0.07545089721679688
architecture_control,[*],0,0.0,60,0.03461027145385742
architecture_control,O,1,0.016666666666666666,60,0.0003304481506347656
architecture_control,c,2,0.03333333333333333,60,0.2121896743774414
architecture_control,1,3,0.05,60,0.25705957412719727
architecture_control,c,4,0.06666666666666667,60,0.32968759536743164
architecture_control,c,5,0.08333333333333333,60,0.32968759536743164
architecture_control,c,6,0.1,60,0.32968759536743164
architecture_control,(,7,0.11666666666666667,60,0.24422883987426758
architecture_control,C,8,0.13333333333333333,60,0.28262948989868164
architecture_control,C,9,0.15,60,0.28262948989868164
architecture_control,(,10,0.16666666666666666,60,0.28884315490722656
architecture_control,N,11,0.18333333333333332,60,0.015644073486328125
architecture_control,C,12,0.2,60,0.0764322280883789
architecture_control,(,13,0.21666666666666667,60,0.07048988342285156
architecture_control,=,14,0.23333333333333334,60,0.20807361602783203
architecture_control,O,15,0.25,60,0.05144357681274414
architecture_control,),16,0.26666666666666666,60,0.2311849594116211
architecture_control,C,17,0.2833333333333333,60,0.22295856475830078
architecture_control,C,18,0.3,60,0.22295856475830078
architecture_control,c,19,0.31666666666666665,60,0.2986621856689453
architecture_control,2,20,0.3333333333333333,60,0.23291969299316406
architecture_control,c,21,0.35,60,0.28081512451171875
architecture_control,c,22,0.36666666666666664,60,0.28081512451171875
architecture_control,c,23,0.38333333333333336,60,0.28081512451171875
architecture_control,(,24,0.4,60,0.21777820587158203
architecture_control,O,25,0.4166666666666667,60,0.2430267333984375
architecture_control,C,26,0.43333333333333335,60,0.2352151870727539
architecture_control,(,27,0.45,60,0.2465991973876953
architecture_control,=,28,0.4666666666666667,60,0.3222160339355469
architecture_control,O,29,0.48333333333333334,60,0.22029972076416016
architecture_control,),30,0.5,60,0.2762265205383301
architecture_control,C,31,0.5166666666666667,60,0.23212146759033203
architecture_control,C,32,0.5333333333333333,60,0.23212146759033203
architecture_control,C,33,0.55,60,0.23212146759033203
architecture_control,(,34,0.5666666666666667,60,0.23191547393798828
architecture_control,[*],35,0.5833333333333334,60,0.21733474731445312
architecture_control,),36,0.6,60,0.2183547019958496
architecture_control,=,37,0.6166666666666667,60,0.2980189323425293
architecture_control,O,38,0.6333333333333333,60,0.11296653747558594
architecture_control,),39,0.65,60,0.13902807235717773
architecture_control,c,40,0.6666666666666666,60,0.2001800537109375
architecture_control,c,41,0.6833333333333333,60,0.2001800537109375
architecture_control,2,42,0.7,60,0.1336350440979004
architecture_control,),43,0.7166666666666667,60,0.02689075469970703
architecture_control,C,44,0.7333333333333333,60,0.003996849060058594
architecture_control,(,45,0.75,60,0.0010523796081542969
architecture_control,=,46,0.7666666666666667,60,0.21735095977783203
architecture_control,O,47,0.7833333333333333,60,0.0059680938720703125
architecture_control,),48,0.8,60,0.0135345458984375
architecture_control,O,49,0.8166666666666667,60,0.012059211730957031
architecture_control,C,50,0.8333333333333334,60,0.028404712677001953
architecture_control,(,51,0.85,60,0.045083045959472656
architecture_control,C,52,0.8666666666666667,60,0.025989055633544922
architecture_control,),53,0.8833333333333333,60,0.025990009307861328
architecture_control,C,54,0.9,60,0.04538249969482422
architecture_control,C,55,0.9166666666666666,60,0.04538249969482422
architecture_control,),56,0.9333333333333333,60,0.01978588104248047
architecture_control,c,57,0.95,60,0.032315731048583984
architecture_control,c,58,0.9666666666666667,60,0.032315731048583984
architecture_control,1,59,0.9833333333333333,60,0.018817901611328125
architecture_control,[*],0,0.0,89,0.07629585266113281
architecture_control,C,1,0.011235955056179775,89,0.13476777076721191
architecture_control,(,2,0.02247191011235955,89,0.13280272483825684
architecture_control,=,3,0.033707865168539325,89,0.29171156883239746
architecture_control,O,4,0.0449438202247191,89,0.020070552825927734
architecture_control,),5,0.056179775280898875,89,0.3119668960571289
architecture_control,N,6,0.06741573033707865,89,0.23544549942016602
architecture_control,c,7,0.07865168539325842,89,0.27271080017089844
architecture_control,1,8,0.0898876404494382,89,0.2775259017944336
architecture_control,c,9,0.10112359550561797,89,0.24013876914978027
architecture_control,c,10,0.11235955056179775,89,0.24013876914978027
architecture_control,c,11,0.12359550561797752,89,0.24013876914978027
architecture_control,(,12,0.1348314606741573,89,0.2010512351989746
architecture_control,N,13,0.14606741573033707,89,0.27925682067871094
architecture_control,C,14,0.15730337078651685,89,0.23040056228637695
architecture_control,(,15,0.16853932584269662,89,0.1645517349243164
architecture_control,=,16,0.1797752808988764,89,0.38347768783569336
architecture_control,O,17,0.19101123595505617,89,0.09837198257446289
architecture_control,),18,0.20224719101123595,89,0.16190862655639648
architecture_control,c,19,0.21348314606741572,89,0.15986156463623047
architecture_control,2,20,0.2247191011235955,89,0.17400264739990234
architecture_control,c,21,0.23595505617977527,89,0.15869617462158203
architecture_control,c,22,0.24719101123595505,89,0.15869617462158203
architecture_control,c,23,0.25842696629213485,89,0.15869617462158203
architecture_control,3,24,0.2696629213483146,89,0.17005014419555664
architecture_control,c,25,0.2808988764044944,89,0.10545778274536133
architecture_control,(,26,0.29213483146067415,89,0.10360074043273926
architecture_control,c,27,0.30337078651685395,89,0.11896610260009766
architecture_control,2,28,0.3146067415730337,89,0.1353311538696289
architecture_control,),29,0.3258426966292135,89,0.08838343620300293
architecture_control,C,30,0.33707865168539325,89,0.056960344314575195
architecture_control,(,31,0.34831460674157305,89,0.04832649230957031
architecture_control,=,32,0.3595505617977528,89,0.11367535591125488
architecture_control,O,33,0.3707865168539326,89,0.006248950958251953
architecture_control,),34,0.38202247191011235,89,0.05188322067260742
architecture_control,N,35,0.39325842696629215,89,0.09478235244750977
architecture_control,(,36,0.4044943820224719,89,0.03938579559326172
architecture_control,c,37,0.4157303370786517,89,0.009980201721191406
architecture_control,2,38,0.42696629213483145,89,0.07336759567260742
architecture_control,c,39,0.43820224719101125,89,0.0338137149810791
architecture_control,c,40,0.449438202247191,89,0.0338137149810791
architecture_control,c,41,0.4606741573033708,89,0.0338137149810791
architecture_control,(,42,0.47191011235955055,89,0.0024819374084472656
architecture_control,O,43,0.48314606741573035,89,0.053195953369140625
architecture_control,c,44,0.4943820224719101,89,0.197967529296875
architecture_control,4,45,0.5056179775280899,89,0.24543046951293945
architecture_control,c,46,0.5168539325842697,89,0.23832035064697266
architecture_control,c,47,0.5280898876404494,89,0.23832035064697266
architecture_control,c,48,0.5393258426966292,89,0.23832035064697266
architecture_control,(,49,0.550561797752809,89,0.24709033966064453
architecture_control,N,50,0.5617977528089888,89,0.2410576343536377
architecture_control,5,51,0.5730337078651685,89,0.21239066123962402
architecture_control,C,52,0.5842696629213483,89,0.2088603973388672
architecture_control,(,53,0.5955056179775281,89,0.16131305694580078
architecture_control,=,54,0.6067415730337079,89,0.38730573654174805
architecture_control,O,55,0.6179775280898876,89,0.13460397720336914
architecture_control,),56,0.6292134831460674,89,0.18435096740722656
architecture_control,c,57,0.6404494382022472,89,0.166259765625
architecture_control,6,58,0.651685393258427,89,0.372328519821167
architecture_control,c,59,0.6629213483146067,89,0.3128829002380371
architecture_control,c,60,0.6741573033707865,89,0.3128829002380371
architecture_control,c,61,0.6853932584269663,89,0.3128829002380371
architecture_control,(,62,0.6966292134831461,89,0.32811880111694336
architecture_control,[*],63,0.7078651685393258,89,0.4019169807434082
architecture_control,),64,0.7191011235955056,89,0.4103708267211914
architecture_control,c,65,0.7303370786516854,89,0.38633251190185547
architecture_control,c,66,0.7415730337078652,89,0.38633251190185547
architecture_control,6,67,0.7528089887640449,89,0.39980411529541016
architecture_control,C,68,0.7640449438202247,89,0.37088632583618164
architecture_control,5,69,0.7752808988764045,89,0.39602088928222656
architecture_control,=,70,0.7865168539325843,89,0.49265623092651367
architecture_control,O,71,0.797752808988764,89,0.28194761276245117
architecture_control,),72,0.8089887640449438,89,0.30563855171203613
architecture_control,c,73,0.8202247191011236,89,0.26589298248291016
architecture_control,c,74,0.8314606741573034,89,0.26589298248291016
architecture_control,4,75,0.8426966292134831,89,0.2701578140258789
architecture_control,),76,0.8539325842696629,89,0.2018284797668457
architecture_control,c,77,0.8651685393258427,89,0.19119834899902344
architecture_control,c,78,0.8764044943820225,89,0.19119834899902344
architecture_control,2,79,0.8876404494382022,89,0.22354412078857422
architecture_control,),80,0.898876404494382,89,0.10299801826477051
architecture_control,C,81,0.9101123595505618,89,0.09232807159423828
architecture_control,3,82,0.9213483146067416,89,0.17949414253234863
architecture_control,=,83,0.9325842696629213,89,0.24044251441955566
architecture_control,O,84,0.9438202247191011,89,0.03994417190551758
architecture_control,),85,0.9550561797752809,89,0.014743804931640625
architecture_control,c,86,0.9662921348314607,89,0.030844688415527344
architecture_control,c,87,0.9775280898876404,89,0.030844688415527344
architecture_control,1,88,0.9887640449438202,89,0.035648345947265625
architecture_control,[*],0,0.0,20,0.2113649845123291
architecture_control,C,1,0.05,20,0.3836793899536133
architecture_control,C,2,0.1,20,0.3836793899536133
architecture_control,(,3,0.15,20,0.6469988822937012
architecture_control,S,4,0.2,20,0.07181882858276367
architecture_control,1,5,0.25,20,0.6366386413574219
architecture_control,),6,0.3,20,0.5894632339477539
architecture_control,=,7,0.35,20,0.042840003967285156
architecture_control,C,8,0.4,20,0.613123893737793
architecture_control,C,9,0.45,20,0.613123893737793
architecture_control,=,10,0.5,20,0.009435176849365234
architecture_control,C,11,0.55,20,1.1128194332122803
architecture_control,1,12,0.6,20,1.0300257205963135
architecture_control,O,13,0.65,20,0.82366943359375
architecture_control,C,14,0.7,20,0.3957548141479492
architecture_control,(,15,0.75,20,0.621999979019165
architecture_control,=,16,0.8,20,0.4558067321777344
architecture_control,S,17,0.85,20,0.04181861877441406
architecture_control,),18,0.9,20,0.20366811752319336
architecture_control,[*],19,0.95,20,0.048210859298706055
architecture_control,[*],0,0.0,19,0.041522979736328125
architecture_control,C,1,0.05263157894736842,19,0.11739110946655273
architecture_control,C,2,0.10526315789473684,19,0.11739110946655273
architecture_control,(,3,0.15789473684210525,19,0.08707571029663086
architecture_control,[*],4,0.21052631578947367,19,0.15735292434692383
architecture_control,),5,0.2631578947368421,19,0.12363624572753906
architecture_control,C,6,0.3157894736842105,19,0.14075756072998047
architecture_control,(,7,0.3684210526315789,19,0.34659337997436523
architecture_control,=,8,0.42105263157894735,19,0.3972959518432617
architecture_control,O,9,0.47368421052631576,19,0.33138608932495117
architecture_control,),10,0.5263157894736842,19,0.06972169876098633
architecture_control,N,11,0.5789473684210527,19,0.2480945587158203
architecture_control,1,12,0.631578947368421,19,0.11994075775146484
architecture_control,C,13,0.6842105263157895,19,0.19730281829833984
architecture_control,C,14,0.7368421052631579,19,0.19730281829833984
architecture_control,O,15,0.7894736842105263,19,0.3427257537841797
architecture_control,C,16,0.8421052631578947,19,0.06703853607177734
architecture_control,C,17,0.8947368421052632,19,0.06703853607177734
architecture_control,1,18,0.9473684210526315,19,0.02716350555419922
architecture_control,O,0,0.0,41,0.5127391815185547
architecture_control,(,1,0.024390243902439025,41,0.6006231307983398
architecture_control,[*],2,0.04878048780487805,41,0.5557065010070801
architecture_control,),3,0.07317073170731707,41,0.24097871780395508
architecture_control,C,4,0.0975609756097561,41,0.2783322334289551
architecture_control,(,5,0.12195121951219512,41,0.31849050521850586
architecture_control,=,6,0.14634146341463414,41,0.2620410919189453
architecture_control,O,7,0.17073170731707318,41,0.5415074825286865
architecture_control,),8,0.1951219512195122,41,0.4897274971008301
architecture_control,O,9,0.21951219512195122,41,0.5713253021240234
architecture_control,c,10,0.24390243902439024,41,0.29091644287109375
architecture_control,1,11,0.2682926829268293,41,0.3614668846130371
architecture_control,c,12,0.2926829268292683,41,0.28134679794311523
architecture_control,(,13,0.3170731707317073,41,0.3495063781738281
architecture_control,O,14,0.34146341463414637,41,0.22862005233764648
architecture_control,C,15,0.36585365853658536,41,0.3016018867492676
architecture_control,),16,0.3902439024390244,41,0.1721324920654297
architecture_control,c,17,0.4146341463414634,41,0.17105674743652344
architecture_control,c,18,0.43902439024390244,41,0.17105674743652344
architecture_control,(,19,0.4634146341463415,41,0.2417888641357422
architecture_control,c,20,0.4878048780487805,41,0.1783461570739746
architecture_control,c,21,0.5121951219512195,41,0.1783461570739746
architecture_control,1,22,0.5365853658536586,41,0.20876502990722656
architecture_control,),23,0.5609756097560976,41,0.03677034378051758
architecture_control,C,24,0.5853658536585366,41,0.1355876922607422
architecture_control,(,25,0.6097560975609756,41,0.17175006866455078
architecture_control,C,26,0.6341463414634146,41,0.13162612915039062
architecture_control,),27,0.6585365853658537,41,0.10208415985107422
architecture_control,c,28,0.6829268292682927,41,0.10734081268310547
architecture_control,1,29,0.7073170731707317,41,0.15650606155395508
architecture_control,c,30,0.7317073170731707,41,0.09890937805175781
architecture_control,c,31,0.7560975609756098,41,0.09890937805175781
architecture_control,c,32,0.7804878048780488,41,0.09890937805175781
architecture_control,(,33,0.8048780487804879,41,0.15795278549194336
architecture_control,c,34,0.8292682926829268,41,0.05219459533691406
architecture_control,c,35,0.8536585365853658,41,0.05219459533691406
architecture_control,1,36,0.8780487804878049,41,0.07803869247436523
architecture_control,),37,0.9024390243902439,41,0.024429798126220703
architecture_control,(,38,0.926829268292683,41,0.057154178619384766
architecture_control,[*],39,0.9512195121951219,41,0.019390583038330078
architecture_control,),40,0.975609756097561,41,0.0042247772216796875
architecture_control,[*],0,0.0,89,0.2208094596862793
architecture_control,O,1,0.011235955056179775,89,0.14461803436279297
architecture_control,c,2,0.02247191011235955,89,0.2214679718017578
architecture_control,1,3,0.033707865168539325,89,0.3139228820800781
architecture_control,c,4,0.0449438202247191,89,0.22502994537353516
architecture_control,c,5,0.056179775280898875,89,0.22502994537353516
architecture_control,c,6,0.06741573033707865,89,0.22502994537353516
architecture_control,(,7,0.07865168539325842,89,0.19327878952026367
architecture_control,N,8,0.0898876404494382,89,0.23214149475097656
architecture_control,C,9,0.10112359550561797,89,0.26903271675109863
architecture_control,(,10,0.11235955056179775,89,0.25749659538269043
architecture_control,=,11,0.12359550561797752,89,0.3386669158935547
architecture_control,O,12,0.1348314606741573,89,0.15788531303405762
architecture_control,),13,0.14606741573033707,89,0.2020719051361084
architecture_control,c,14,0.15730337078651685,89,0.2132577896118164
architecture_control,2,15,0.16853932584269662,89,0.1723012924194336
architecture_control,c,16,0.1797752808988764,89,0.21345758438110352
architecture_control,c,17,0.19101123595505617,89,0.21345758438110352
architecture_control,(,18,0.20224719101123595,89,0.17244195938110352
architecture_control,C,19,0.21348314606741572,89,0.17966222763061523
architecture_control,(,20,0.2247191011235955,89,0.1412830352783203
architecture_control,=,21,0.23595505617977527,89,0.32606983184814453
architecture_control,O,22,0.24719101123595505,89,0.03911423683166504
architecture_control,),23,0.25842696629213485,89,0.00413966178894043
architecture_control,N,24,0.2696629213483146,89,0.012722969055175781
architecture_control,c,25,0.2808988764044944,89,0.03854179382324219
architecture_control,3,26,0.29213483146067415,89,0.013126850128173828
architecture_control,c,27,0.30337078651685395,89,0.03941917419433594
architecture_control,c,28,0.3146067415730337,89,0.03941917419433594
architecture_control,c,29,0.3258426966292135,89,0.03941917419433594
architecture_control,(,30,0.33707865168539325,89,0.03167295455932617
architecture_control,O,31,0.34831460674157305,89,0.13387680053710938
architecture_control,c,32,0.3595505617977528,89,0.09746646881103516
architecture_control,4,33,0.3707865168539326,89,0.08676505088806152
architecture_control,c,34,0.38202247191011235,89,0.16620206832885742
architecture_control,c,35,0.39325842696629215,89,0.16620206832885742
architecture_control,c,36,0.4044943820224719,89,0.16620206832885742
architecture_control,(,37,0.4157303370786517,89,0.14150094985961914
architecture_control,C,38,0.42696629213483145,89,0.14923572540283203
architecture_control,5,39,0.43820224719101125,89,0.15048456192016602
architecture_control,(,40,0.449438202247191,89,0.1470026969909668
architecture_control,c,41,0.4606741573033708,89,0.1423192024230957
architecture_control,6,42,0.47191011235955055,89,0.1226048469543457
architecture_control,c,43,0.48314606741573035,89,0.12887811660766602
architecture_control,c,44,0.4943820224719101,89,0.12887811660766602
architecture_control,c,45,0.5056179775280899,89,0.12887811660766602
architecture_control,(,46,0.5168539325842697,89,0.0884084701538086
architecture_control,[*],47,0.5280898876404494,89,0.1168375015258789
architecture_control,),48,0.5393258426966292,89,0.07442188262939453
architecture_control,c,49,0.550561797752809,89,0.06696105003356934
architecture_control,c,50,0.5617977528089888,89,0.06696105003356934
architecture_control,6,51,0.5730337078651685,89,0.05371665954589844
architecture_control,),52,0.5842696629213483,89,0.06808018684387207
architecture_control,C,53,0.5955056179775281,89,0.055481910705566406
architecture_control,C,54,0.6067415730337079,89,0.055481910705566406
architecture_control,6,55,0.6179775280898876,89,0.06499624252319336
architecture_control,C,56,0.6292134831460674,89,0.06513714790344238
architecture_control,C,57,0.6404494382022472,89,0.06513714790344238
architecture_control,C,58,0.651685393258427,89,0.06513714790344238
architecture_control,5,59,0.6629213483146067,89,0.03151082992553711
architecture_control,C,60,0.6741573033707865,89,0.06815290451049805
architecture_control,6,61,0.6853932584269663,89,0.07541728019714355
architecture_control,),62,0.6966292134831461,89,0.018876075744628906
architecture_control,c,63,0.7078651685393258,89,0.05538129806518555
architecture_control,c,64,0.7191011235955056,89,0.05538129806518555
architecture_control,4,65,0.7303370786516854,89,0.025034427642822266
architecture_control,),66,0.7415730337078652,89,0.03445863723754883
architecture_control,c,67,0.7528089887640449,89,0.030408859252929688
architecture_control,c,68,0.7640449438202247,89,0.030408859252929688
architecture_control,3,69,0.7752808988764045,89,0.03837776184082031
architecture_control,),70,0.7865168539325843,89,0.011768102645874023
architecture_control,c,71,0.797752808988764,89,0.010349273681640625
architecture_control,c,72,0.8089887640449438,89,0.010349273681640625
architecture_control,(,73,0.8202247191011236,89,0.020148515701293945
architecture_control,C,74,0.8314606741573034,89,0.038352251052856445
architecture_control,(,75,0.8426966292134831,89,0.06485247611999512
architecture_control,C,76,0.8539325842696629,89,0.009918212890625
architecture_control,),77,0.8651685393258427,89,0.024747371673583984
architecture_control,(,78,0.8764044943820225,89,0.016717195510864258
architecture_control,C,79,0.8876404494382022,89,0.04381132125854492
architecture_control,),80,0.898876404494382,89,0.11061978340148926
architecture_control,C,81,0.9101123595505618,89,0.07730722427368164
architecture_control,),82,0.9213483146067416,89,0.14071941375732422
architecture_control,c,83,0.9325842696629213,89,0.1363816261291504
architecture_control,2,84,0.9438202247191011,89,0.029996871948242188
architecture_control,),85,0.9550561797752809,89,0.048417091369628906
architecture_control,c,86,0.9662921348314607,89,0.004048824310302734
architecture_control,c,87,0.9775280898876404,89,0.004048824310302734
architecture_control,1,88,0.9887640449438202,89,0.022784709930419922
architecture_control,[*],0,0.0,32,0.5852169990539551
architecture_control,c,1,0.03125,32,0.588470458984375
architecture_control,1,2,0.0625,32,0.49879932403564453
architecture_control,c,3,0.09375,32,0.4435553550720215
architecture_control,c,4,0.125,32,0.4435553550720215
architecture_control,c,5,0.15625,32,0.4435553550720215
architecture_control,2,6,0.1875,32,0.3770136833190918
architecture_control,c,7,0.21875,32,0.3940439224243164
architecture_control,(,8,0.25,32,0.32793140411376953
architecture_control,c,9,0.28125,32,0.3951730728149414
architecture_control,1,10,0.3125,32,0.39606428146362305
architecture_control,),11,0.34375,32,0.3405442237854004
architecture_control,c,12,0.375,32,0.30992746353149414
architecture_control,1,13,0.40625,32,0.4202280044555664
architecture_control,c,14,0.4375,32,0.42252063751220703
architecture_control,c,15,0.46875,32,0.42252063751220703
architecture_control,(,16,0.5,32,0.34323787689208984
architecture_control,[*],17,0.53125,32,0.45555639266967773
architecture_control,),18,0.5625,32,0.4360828399658203
architecture_control,c,19,0.59375,32,0.4390525817871094
architecture_control,c,20,0.625,32,0.4390525817871094
architecture_control,c,21,0.65625,32,0.4390525817871094
architecture_control,1,22,0.6875,32,0.4541316032409668
architecture_control,n,23,0.71875,32,0.5247554779052734
architecture_control,2,24,0.75,32,0.3474416732788086
architecture_control,C,25,0.78125,32,0.2897453308105469
architecture_control,(,26,0.8125,32,0.2885451316833496
architecture_control,=,27,0.84375,32,0.541447639465332
architecture_control,O,28,0.875,32,0.10325241088867188
architecture_control,),29,0.90625,32,0.22605085372924805
architecture_control,N,30,0.9375,32,0.2143726348876953
architecture_control,O,31,0.96875,32,0.14879083633422852
architecture_control,[*],0,0.0,68,0.8167243003845215
architecture_control,O,1,0.014705882352941176,68,0.9834680557250977
architecture_control,C,2,0.029411764705882353,68,0.7673540115356445
architecture_control,(,3,0.04411764705882353,68,0.8301358222961426
architecture_control,=,4,0.058823529411764705,68,0.2309575080871582
architecture_control,O,5,0.07352941176470588,68,0.702880859375
architecture_control,),6,0.08823529411764706,68,0.3166189193725586
architecture_control,C,7,0.10294117647058823,68,0.4878554344177246
architecture_control,(,8,0.11764705882352941,68,0.512667179107666
architecture_control,C,9,0.1323529411764706,68,0.5426731109619141
architecture_control,c,10,0.14705882352941177,68,0.41396498680114746
architecture_control,1,11,0.16176470588235295,68,0.4839928150177002
architecture_control,c,12,0.17647058823529413,68,0.526843786239624
architecture_control,c,13,0.19117647058823528,68,0.526843786239624
architecture_control,c,14,0.20588235294117646,68,0.526843786239624
architecture_control,c,15,0.22058823529411764,68,0.526843786239624
architecture_control,c,16,0.23529411764705882,68,0.526843786239624
architecture_control,1,17,0.25,68,0.609452486038208
architecture_control,),18,0.2647058823529412,68,0.7388758659362793
architecture_control,N,19,0.27941176470588236,68,0.6915273666381836
architecture_control,C,20,0.29411764705882354,68,0.7068443298339844
architecture_control,(,21,0.3088235294117647,68,0.7999815940856934
architecture_control,=,22,0.3235294117647059,68,0.10766935348510742
architecture_control,O,23,0.3382352941176471,68,0.7338089942932129
architecture_control,),24,0.35294117647058826,68,0.6000137329101562
architecture_control,C,25,0.36764705882352944,68,0.6939592361450195
architecture_control,C,26,0.38235294117647056,68,0.6939592361450195
architecture_control,C,27,0.39705882352941174,68,0.6939592361450195
architecture_control,C,28,0.4117647058823529,68,0.6939592361450195
architecture_control,C,29,0.4264705882352941,68,0.6939592361450195
architecture_control,(,30,0.4411764705882353,68,0.6280558109283447
architecture_control,=,31,0.45588235294117646,68,0.011226654052734375
architecture_control,O,32,0.47058823529411764,68,0.2790660858154297
architecture_control,),33,0.4852941176470588,68,0.21340131759643555
architecture_control,N,34,0.5,68,0.40557003021240234
architecture_control,C,35,0.5147058823529411,68,0.2956991195678711
architecture_control,(,36,0.5294117647058824,68,0.29924917221069336
architecture_control,C,37,0.5441176470588235,68,0.2015218734741211
architecture_control,c,38,0.5588235294117647,68,0.1269516944885254
architecture_control,1,39,0.5735294117647058,68,0.21227216720581055
architecture_control,c,40,0.5882352941176471,68,0.17851591110229492
architecture_control,c,41,0.6029411764705882,68,0.17851591110229492
architecture_control,c,42,0.6176470588235294,68,0.17851591110229492
architecture_control,c,43,0.6323529411764706,68,0.17851591110229492
architecture_control,c,44,0.6470588235294118,68,0.17851591110229492
architecture_control,1,45,0.6617647058823529,68,0.12012338638305664
architecture_control,),46,0.6764705882352942,68,0.16451644897460938
architecture_control,C,47,0.6911764705882353,68,0.17769193649291992
architecture_control,(,48,0.7058823529411765,68,0.17275476455688477
architecture_control,=,49,0.7205882352941176,68,0.005869388580322266
architecture_control,O,50,0.7352941176470589,68,0.46004629135131836
architecture_control,),51,0.75,68,0.37345361709594727
architecture_control,O,52,0.7647058823529411,68,0.42177748680114746
architecture_control,C,53,0.7794117647058824,68,0.3791971206665039
architecture_control,1,54,0.7941176470588235,68,0.4228987693786621
architecture_control,C,55,0.8088235294117647,68,0.33147335052490234
architecture_control,O,56,0.8235294117647058,68,0.38314056396484375
architecture_control,C,57,0.8382352941176471,68,0.3362607955932617
architecture_control,2,58,0.8529411764705882,68,0.2594757080078125
architecture_control,C,59,0.8676470588235294,68,0.28389787673950195
architecture_control,(,60,0.8823529411764706,68,0.36494874954223633
architecture_control,[*],61,0.8970588235294118,68,0.17049837112426758
architecture_control,),62,0.9117647058823529,68,0.1185150146484375
architecture_control,C,63,0.9264705882352942,68,0.1196908950805664
architecture_control,O,64,0.9411764705882353,68,0.13383054733276367
architecture_control,C,65,0.9558823529411765,68,0.10223007202148438
architecture_control,1,66,0.9705882352941176,68,0.0860891342163086
architecture_control,2,67,0.9852941176470589,68,0.0564579963684082
architecture_control,[*],0,0.0,46,1.6317763328552246
architecture_control,C,1,0.021739130434782608,46,1.5058403015136719
architecture_control,C,2,0.043478260869565216,46,1.5058403015136719
architecture_control,O,3,0.06521739130434782,46,1.3082451820373535
architecture_control,C,4,0.08695652173913043,46,1.171769618988037
architecture_control,C,5,0.10869565217391304,46,1.171769618988037
architecture_control,O,6,0.13043478260869565,46,1.0539202690124512
architecture_control,C,7,0.15217391304347827,46,1.1836333274841309
architecture_control,C,8,0.17391304347826086,46,1.1836333274841309
architecture_control,O,9,0.1956521739130435,46,1.1011905670166016
architecture_control,C,10,0.21739130434782608,46,1.1213998794555664
architecture_control,(,11,0.2391304347826087,46,0.9457826614379883
architecture_control,=,12,0.2608695652173913,46,1.7347908020019531
architecture_control,O,13,0.2826086956521739,46,1.1935296058654785
architecture_control,),14,0.30434782608695654,46,1.6904778480529785
architecture_control,C,15,0.32608695652173914,46,1.4260172843933105
architecture_control,=,16,0.34782608695652173,46,1.9122686386108398
architecture_control,C,17,0.3695652173913043,46,1.5065970420837402
architecture_control,C,18,0.391304347826087,46,1.5065970420837402
architecture_control,(,19,0.41304347826086957,46,1.5493378639221191
architecture_control,=,20,0.43478260869565216,46,2.1990299224853516
architecture_control,O,21,0.45652173913043476,46,1.7611923217773438
architecture_control,),22,0.4782608695652174,46,1.8199148178100586
architecture_control,N,23,0.5,46,1.6018905639648438
architecture_control,C,24,0.5217391304347826,46,1.5569133758544922
architecture_control,C,25,0.5434782608695652,46,1.5569133758544922
architecture_control,C,26,0.5652173913043478,46,1.5569133758544922
architecture_control,C,27,0.5869565217391305,46,1.5569133758544922
architecture_control,C,28,0.6086956521739131,46,1.5569133758544922
architecture_control,C,29,0.6304347826086957,46,1.5569133758544922
architecture_control,N,30,0.6521739130434783,46,1.4670443534851074
architecture_control,C,31,0.6739130434782609,46,1.338712215423584
architecture_control,(,32,0.6956521739130435,46,1.2655062675476074
architecture_control,=,33,0.717391304347826,46,1.8048462867736816
architecture_control,O,34,0.7391304347826086,46,1.2261438369750977
architecture_control,),35,0.7608695652173914,46,1.4105119705200195
architecture_control,C,36,0.782608695652174,46,1.3432202339172363
architecture_control,=,37,0.8043478260869565,46,1.9875679016113281
architecture_control,C,38,0.8260869565217391,46,0.9864792823791504
architecture_control,C,39,0.8478260869565217,46,0.9864792823791504
architecture_control,(,40,0.8695652173913043,46,1.1466059684753418
architecture_control,=,41,0.8913043478260869,46,1.6664814949035645
architecture_control,O,42,0.9130434782608695,46,0.32556939125061035
architecture_control,),43,0.9347826086956522,46,0.7166528701782227
architecture_control,O,44,0.9565217391304348,46,0.37954092025756836
architecture_control,[*],45,0.9782608695652174,46,0.008916616439819336
architecture_control,[*],0,0.0,26,0.08718395233154297
architecture_control,C,1,0.038461538461538464,26,0.5064234733581543
architecture_control,C,2,0.07692307692307693,26,0.5064234733581543
architecture_control,C,3,0.11538461538461539,26,0.5064234733581543
architecture_control,C,4,0.15384615384615385,26,0.5064234733581543
architecture_control,c,5,0.19230769230769232,26,0.5193972587585449
architecture_control,1,6,0.23076923076923078,26,0.6271181106567383
architecture_control,n,7,0.2692307692307692,26,0.535560131072998
architecture_control,c,8,0.3076923076923077,26,0.5634126663208008
architecture_control,2,9,0.34615384615384615,26,0.6006650924682617
architecture_control,c,10,0.38461538461538464,26,0.3941512107849121
architecture_control,c,11,0.4230769230769231,26,0.3941512107849121
architecture_control,3,12,0.46153846153846156,26,0.46855688095092773
architecture_control,s,13,0.5,26,0.4095606803894043
architecture_control,c,14,0.5384615384615384,26,0.3360257148742676
architecture_control,(,15,0.5769230769230769,26,0.31799983978271484
architecture_control,[*],16,0.6153846153846154,26,0.11466503143310547
architecture_control,),17,0.6538461538461539,26,0.2076249122619629
architecture_control,n,18,0.6923076923076923,26,0.01176309585571289
architecture_control,c,19,0.7307692307692307,26,0.03459024429321289
architecture_control,3,20,0.7692307692307693,26,0.07353591918945312
architecture_control,c,21,0.8076923076923077,26,0.03389263153076172
architecture_control,c,22,0.8461538461538461,26,0.03389263153076172
architecture_control,2,23,0.8846153846153846,26,0.08446478843688965
architecture_control,s,24,0.9230769230769231,26,0.003151416778564453
architecture_control,1,25,0.9615384615384616,26,0.03383827209472656
architecture_control,[*],0,0.0,14,0.2436051368713379
architecture_control,C,1,0.07142857142857142,14,0.19151592254638672
architecture_control,C,2,0.14285714285714285,14,0.19151592254638672
architecture_control,(,3,0.21428571428571427,14,0.17622709274291992
architecture_control,[*],4,0.2857142857142857,14,0.2576484680175781
architecture_control,),5,0.35714285714285715,14,0.15266656875610352
architecture_control,C,6,0.42857142857142855,14,0.22867250442504883
architecture_control,(,7,0.5,14,0.07091474533081055
architecture_control,=,8,0.5714285714285714,14,0.29445981979370117
architecture_control,O,9,0.6428571428571429,14,0.21611356735229492
architecture_control,),10,0.7142857142857143,14,0.09807586669921875
architecture_control,N,11,0.7857142857142857,14,0.2120361328125
architecture_control,C,12,0.8571428571428571,14,0.021280288696289062
architecture_control,O,13,0.9285714285714286,14,0.44750356674194336
architecture_control,[*],0,0.0,31,0.7460646629333496
architecture_control,C,1,0.03225806451612903,31,0.8528218269348145
architecture_control,C,2,0.06451612903225806,31,0.8528218269348145
architecture_control,(,3,0.0967741935483871,31,0.8160610198974609
architecture_control,[*],4,0.12903225806451613,31,0.711580753326416
architecture_control,),5,0.16129032258064516,31,0.41521310806274414
architecture_control,n,6,0.1935483870967742,31,0.33356237411499023
architecture_control,1,7,0.22580645161290322,31,0.16432762145996094
architecture_control,c,8,0.25806451612903225,31,0.19305706024169922
architecture_control,2,9,0.2903225806451613,31,0.06342625617980957
architecture_control,c,10,0.3225806451612903,31,0.17757844924926758
architecture_control,c,11,0.3548387096774194,31,0.17757844924926758
architecture_control,c,12,0.3870967741935484,31,0.17757844924926758
architecture_control,(,13,0.41935483870967744,31,0.02974557876586914
architecture_control,I,14,0.45161290322580644,31,0.013102293014526367
architecture_control,),15,0.4838709677419355,31,0.012048721313476562
architecture_control,c,16,0.5161290322580645,31,0.019150257110595703
architecture_control,c,17,0.5483870967741935,31,0.019150257110595703
architecture_control,2,18,0.5806451612903226,31,0.029259443283081055
architecture_control,c,19,0.6129032258064516,31,0.01441335678100586
architecture_control,2,20,0.6451612903225806,31,0.009999752044677734
architecture_control,c,21,0.6774193548387096,31,0.012274980545043945
architecture_control,c,22,0.7096774193548387,31,0.012274980545043945
architecture_control,(,23,0.7419354838709677,31,0.09416866302490234
architecture_control,I,24,0.7741935483870968,31,0.07245683670043945
architecture_control,),25,0.8064516129032258,31,0.033588409423828125
architecture_control,c,26,0.8387096774193549,31,0.05201268196105957
architecture_control,c,27,0.8709677419354839,31,0.05201268196105957
architecture_control,c,28,0.9032258064516129,31,0.05201268196105957
architecture_control,2,29,0.9354838709677419,31,0.014093160629272461
architecture_control,1,30,0.967741935483871,31,0.020116806030273438
architecture_control,[*],0,0.0,44,0.341641902923584
architecture_control,O,1,0.022727272727272728,44,0.22486639022827148
architecture_control,c,2,0.045454545454545456,44,0.040480613708496094
architecture_control,1,3,0.06818181818181818,44,0.023143291473388672
architecture_control,c,4,0.09090909090909091,44,0.09367942810058594
architecture_control,c,5,0.11363636363636363,44,0.09367942810058594
architecture_control,c,6,0.13636363636363635,44,0.09367942810058594
architecture_control,(,7,0.1590909090909091,44,0.004085540771484375
architecture_control,C,8,0.18181818181818182,44,0.022847652435302734
architecture_control,(,9,0.20454545454545456,44,0.024582862854003906
architecture_control,C,10,0.22727272727272727,44,0.02715158462524414
architecture_control,),11,0.25,44,0.11370658874511719
architecture_control,(,12,0.2727272727272727,44,0.07875680923461914
architecture_control,C,13,0.29545454545454547,44,0.06011962890625
architecture_control,),14,0.3181818181818182,44,0.1028900146484375
architecture_control,c,15,0.3409090909090909,44,0.1170501708984375
architecture_control,2,16,0.36363636363636365,44,0.0892796516418457
architecture_control,c,17,0.38636363636363635,44,0.11916351318359375
architecture_control,c,18,0.4090909090909091,44,0.11916351318359375
architecture_control,c,19,0.4318181818181818,44,0.11916351318359375
architecture_control,(,20,0.45454545454545453,44,0.07107257843017578
architecture_control,O,21,0.4772727272727273,44,0.09696006774902344
architecture_control,c,22,0.5,44,0.17131757736206055
architecture_control,3,23,0.5227272727272727,44,0.12912940979003906
architecture_control,n,24,0.5454545454545454,44,0.15576934814453125
architecture_control,c,25,0.5681818181818182,44,0.1631484031677246
architecture_control,(,26,0.5909090909090909,44,0.1286482810974121
architecture_control,[*],27,0.6136363636363636,44,0.12583160400390625
architecture_control,),28,0.6363636363636364,44,0.07122230529785156
architecture_control,n,29,0.6590909090909091,44,0.037407875061035156
architecture_control,c,30,0.6818181818181818,44,0.07955265045166016
architecture_control,(,31,0.7045454545454546,44,0.10959529876708984
architecture_control,Cl,32,0.7272727272727273,44,0.13645505905151367
architecture_control,),33,0.75,44,0.13432931900024414
architecture_control,n,34,0.7727272727272727,44,0.09894371032714844
architecture_control,3,35,0.7954545454545454,44,0.06490182876586914
architecture_control,),36,0.8181818181818182,44,0.05399370193481445
architecture_control,c,37,0.8409090909090909,44,0.042326927185058594
architecture_control,c,38,0.8636363636363636,44,0.042326927185058594
architecture_control,2,39,0.8863636363636364,44,0.022577285766601562
architecture_control,),40,0.9090909090909091,44,0.03919649124145508
architecture_control,c,41,0.9318181818181818,44,0.04391908645629883
architecture_control,c,42,0.9545454545454546,44,0.04391908645629883
architecture_control,1,43,0.9772727272727273,44,0.02337360382080078
architecture_control,[*],0,0.0,20,0.5694308280944824
architecture_control,C,1,0.05,20,0.40074682235717773
architecture_control,=,2,0.1,20,0.6923108100891113
architecture_control,C,3,0.15,20,0.2664303779602051
architecture_control,C,4,0.2,20,0.2664303779602051
architecture_control,1,5,0.25,20,0.21599721908569336
architecture_control,C,6,0.3,20,0.049559593200683594
architecture_control,C,7,0.35,20,0.049559593200683594
architecture_control,(,8,0.4,20,0.07630634307861328
architecture_control,[*],9,0.45,20,0.05677366256713867
architecture_control,),10,0.5,20,0.2763481140136719
architecture_control,C,11,0.55,20,0.04125213623046875
architecture_control,2,12,0.6,20,0.24328136444091797
architecture_control,C,13,0.65,20,0.10791492462158203
architecture_control,C,14,0.7,20,0.10791492462158203
architecture_control,=,15,0.75,20,0.6647548675537109
architecture_control,C,16,0.8,20,0.08135128021240234
architecture_control,C,17,0.85,20,0.08135128021240234
architecture_control,1,18,0.9,20,0.10371780395507812
architecture_control,2,19,0.95,20,0.053427696228027344
architecture_control,[*],0,0.0,56,0.14991307258605957
architecture_control,c,1,0.017857142857142856,56,0.17356038093566895
architecture_control,1,2,0.03571428571428571,56,0.1580970287322998
architecture_control,n,3,0.05357142857142857,56,0.20510172843933105
architecture_control,c,4,0.07142857142857142,56,0.32633376121520996
architecture_control,2,5,0.08928571428571429,56,0.27730488777160645
architecture_control,c,6,0.10714285714285714,56,0.3362853527069092
architecture_control,c,7,0.125,56,0.3362853527069092
architecture_control,c,8,0.14285714285714285,56,0.3362853527069092
architecture_control,(,9,0.16071428571428573,56,0.336439847946167
architecture_control,-,10,0.17857142857142858,56,0.24916386604309082
architecture_control,c,11,0.19642857142857142,56,0.291074275970459
architecture_control,3,12,0.21428571428571427,56,0.5401430130004883
architecture_control,c,13,0.23214285714285715,56,0.5895092487335205
architecture_control,c,14,0.25,56,0.5895092487335205
architecture_control,c,15,0.26785714285714285,56,0.5895092487335205
architecture_control,4,16,0.2857142857142857,56,0.4624216556549072
architecture_control,n,17,0.30357142857142855,56,0.7509377002716064
architecture_control,c,18,0.32142857142857145,56,0.6962847709655762
architecture_control,(,19,0.3392857142857143,56,0.6869995594024658
architecture_control,-,20,0.35714285714285715,56,0.3960690498352051
architecture_control,c,21,0.375,56,0.38801050186157227
architecture_control,5,22,0.39285714285714285,56,0.4722311496734619
architecture_control,c,23,0.4107142857142857,56,0.23579072952270508
architecture_control,c,24,0.42857142857142855,56,0.23579072952270508
architecture_control,c,25,0.44642857142857145,56,0.23579072952270508
architecture_control,c,26,0.4642857142857143,56,0.23579072952270508
architecture_control,6,27,0.48214285714285715,56,0.15547728538513184
architecture_control,c,28,0.5,56,0.17427778244018555
architecture_control,c,29,0.5178571428571429,56,0.17427778244018555
architecture_control,7,30,0.5357142857142857,56,0.006559848785400391
architecture_control,c,31,0.5535714285714286,56,0.008281230926513672
architecture_control,(,32,0.5714285714285714,56,0.024622678756713867
architecture_control,[*],33,0.5892857142857143,56,0.14286398887634277
architecture_control,),34,0.6071428571428571,56,0.00921940803527832
architecture_control,c,35,0.625,56,0.019945859909057617
architecture_control,c,36,0.6428571428571429,56,0.019945859909057617
architecture_control,c,37,0.6607142857142857,56,0.019945859909057617
architecture_control,c,38,0.6785714285714286,56,0.019945859909057617
architecture_control,7,39,0.6964285714285714,56,0.09308648109436035
architecture_control,c,40,0.7142857142857143,56,0.14640402793884277
architecture_control,c,41,0.7321428571428571,56,0.14640402793884277
architecture_control,5,42,0.75,56,0.036318063735961914
architecture_control,6,43,0.7678571428571429,56,0.17774367332458496
architecture_control,),44,0.7857142857142857,56,0.2692852020263672
architecture_control,s,45,0.8035714285714286,56,0.12495851516723633
architecture_control,c,46,0.8214285714285714,56,0.16268086433410645
architecture_control,4,47,0.8392857142857143,56,0.15747857093811035
architecture_control,c,48,0.8571428571428571,56,0.1862013339996338
architecture_control,3,49,0.875,56,0.015499114990234375
architecture_control,),50,0.8928571428571429,56,0.4646601676940918
architecture_control,c,51,0.9107142857142857,56,0.40944886207580566
architecture_control,c,52,0.9285714285714286,56,0.40944886207580566
architecture_control,2,53,0.9464285714285714,56,0.23678207397460938
architecture_control,s,54,0.9642857142857143,56,0.1385211944580078
architecture_control,1,55,0.9821428571428571,56,0.041089534759521484
architecture_control,[*],0,0.0,30,0.0903480052947998
architecture_control,C,1,0.03333333333333333,30,0.07484078407287598
architecture_control,(,2,0.06666666666666667,30,0.061623334884643555
architecture_control,S,3,0.1,30,0.2214057445526123
architecture_control,1,4,0.13333333333333333,30,0.546926736831665
architecture_control,),5,0.16666666666666666,30,0.6738014221191406
architecture_control,=,6,0.2,30,0.9158108234405518
architecture_control,C,7,0.23333333333333334,30,0.5812497138977051
architecture_control,C,8,0.26666666666666666,30,0.5812497138977051
architecture_control,=,9,0.3,30,0.82155442237854
architecture_control,C,10,0.3333333333333333,30,0.48700714111328125
architecture_control,1,11,0.36666666666666664,30,0.5711989402770996
architecture_control,C,12,0.4,30,0.6169648170471191
architecture_control,(,13,0.43333333333333335,30,0.5792479515075684
architecture_control,=,14,0.4666666666666667,30,0.8262848854064941
architecture_control,S,15,0.5,30,0.7051808834075928
architecture_control,),16,0.5333333333333333,30,0.8023757934570312
architecture_control,C,17,0.5666666666666667,30,0.6238727569580078
architecture_control,(,18,0.6,30,0.5447428226470947
architecture_control,S,19,0.6333333333333333,30,0.6388962268829346
architecture_control,2,20,0.6666666666666666,30,0.370898962020874
architecture_control,),21,0.7,30,0.4423675537109375
architecture_control,=,22,0.7333333333333333,30,0.8051881790161133
architecture_control,C,23,0.7666666666666667,30,0.39180779457092285
architecture_control,C,24,0.8,30,0.39180779457092285
architecture_control,=,25,0.8333333333333334,30,0.7284257411956787
architecture_control,C,26,0.8666666666666667,30,0.06766557693481445
architecture_control,2,27,0.9,30,0.03686189651489258
architecture_control,O,28,0.9333333333333333,30,0.5348567962646484
architecture_control,[*],29,0.9666666666666667,30,0.18871760368347168
architecture_control,[*],0,0.0,63,1.0369248390197754
architecture_control,O,1,0.015873015873015872,63,1.0383639335632324
architecture_control,c,2,0.031746031746031744,63,0.6114501953125
architecture_control,1,3,0.047619047619047616,63,0.5225639343261719
architecture_control,c,4,0.06349206349206349,63,0.4573230743408203
architecture_control,c,5,0.07936507936507936,63,0.4573230743408203
architecture_control,c,6,0.09523809523809523,63,0.4573230743408203
architecture_control,(,7,0.1111111111111111,63,0.5597872734069824
architecture_control,C,8,0.12698412698412698,63,0.46615171432495117
architecture_control,C,9,0.14285714285714285,63,0.46615171432495117
architecture_control,(,10,0.15873015873015872,63,0.45862627029418945
architecture_control,N,11,0.1746031746031746,63,0.5576281547546387
architecture_control,C,12,0.19047619047619047,63,0.3644733428955078
architecture_control,(,13,0.20634920634920634,63,0.3714141845703125
architecture_control,=,14,0.2222222222222222,63,0.18186426162719727
architecture_control,O,15,0.23809523809523808,63,0.38744544982910156
architecture_control,),16,0.25396825396825395,63,0.11464071273803711
architecture_control,C,17,0.2698412698412698,63,0.12839794158935547
architecture_control,C,18,0.2857142857142857,63,0.12839794158935547
architecture_control,c,19,0.30158730158730157,63,0.027366161346435547
architecture_control,2,20,0.31746031746031744,63,0.12077617645263672
architecture_control,c,21,0.3333333333333333,63,0.023642539978027344
architecture_control,c,22,0.3492063492063492,63,0.023642539978027344
architecture_control,c,23,0.36507936507936506,63,0.023642539978027344
architecture_control,(,24,0.38095238095238093,63,0.11560344696044922
architecture_control,O,25,0.3968253968253968,63,0.11168336868286133
architecture_control,C,26,0.4126984126984127,63,0.10623550415039062
architecture_control,(,27,0.42857142857142855,63,0.10848617553710938
architecture_control,=,28,0.4444444444444444,63,0.014853954315185547
architecture_control,O,29,0.4603174603174603,63,0.11428213119506836
architecture_control,),30,0.47619047619047616,63,0.023778915405273438
architecture_control,C,31,0.49206349206349204,63,0.036629676818847656
architecture_control,C,32,0.5079365079365079,63,0.036629676818847656
architecture_control,C,33,0.5238095238095238,63,0.036629676818847656
architecture_control,C,34,0.5396825396825397,63,0.036629676818847656
architecture_control,C,35,0.5555555555555556,63,0.036629676818847656
architecture_control,C,36,0.5714285714285714,63,0.036629676818847656
architecture_control,C,37,0.5873015873015873,63,0.036629676818847656
architecture_control,(,38,0.6031746031746031,63,0.03087902069091797
architecture_control,[*],39,0.6190476190476191,63,0.003899097442626953
architecture_control,),40,0.6349206349206349,63,0.07443094253540039
architecture_control,=,41,0.6507936507936508,63,0.024891376495361328
architecture_control,O,42,0.6666666666666666,63,0.14997529983520508
architecture_control,),43,0.6825396825396826,63,0.07129430770874023
architecture_control,c,44,0.6984126984126984,63,0.003907680511474609
architecture_control,c,45,0.7142857142857143,63,0.003907680511474609
architecture_control,2,46,0.7301587301587301,63,0.007955551147460938
architecture_control,),47,0.746031746031746,63,0.09077215194702148
architecture_control,C,48,0.7619047619047619,63,0.10965490341186523
architecture_control,(,49,0.7777777777777778,63,0.10770273208618164
architecture_control,=,50,0.7936507936507936,63,0.04117870330810547
architecture_control,O,51,0.8095238095238095,63,0.005084991455078125
architecture_control,),52,0.8253968253968254,63,0.008087158203125
architecture_control,O,53,0.8412698412698413,63,0.00495147705078125
architecture_control,C,54,0.8571428571428571,63,0.027429580688476562
architecture_control,(,55,0.873015873015873,63,0.019489765167236328
architecture_control,C,56,0.8888888888888888,63,0.020062923431396484
architecture_control,),57,0.9047619047619048,63,0.03194618225097656
architecture_control,C,58,0.9206349206349206,63,0.013171195983886719
architecture_control,),59,0.9365079365079365,63,0.0015377998352050781
architecture_control,c,60,0.9523809523809523,63,0.04650306701660156
architecture_control,c,61,0.9682539682539683,63,0.04650306701660156
architecture_control,1,62,0.9841269841269841,63,0.00023508071899414062
architecture_control,[*],0,0.0,23,0.502591609954834
architecture_control,C,1,0.043478260869565216,23,0.32949304580688477
architecture_control,=,2,0.08695652173913043,23,0.6682686805725098
architecture_control,C,3,0.13043478260869565,23,0.023318767547607422
architecture_control,C,4,0.17391304347826086,23,0.023318767547607422
architecture_control,1,5,0.21739130434782608,23,0.09965705871582031
architecture_control,C,6,0.2608695652173913,23,0.20018672943115234
architecture_control,C,7,0.30434782608695654,23,0.20018672943115234
architecture_control,(,8,0.34782608695652173,23,0.30480337142944336
architecture_control,[*],9,0.391304347826087,23,0.32665252685546875
architecture_control,),10,0.43478260869565216,23,0.22885799407958984
architecture_control,C,11,0.4782608695652174,23,0.3675041198730469
architecture_control,(,12,0.5217391304347826,23,0.26485300064086914
architecture_control,C,13,0.5652173913043478,23,0.31016016006469727
architecture_control,(,14,0.6086956521739131,23,0.23323631286621094
architecture_control,=,15,0.6521739130434783,23,0.4797329902648926
architecture_control,O,16,0.6956521739130435,23,0.5223112106323242
architecture_control,),17,0.7391304347826086,23,0.10537958145141602
architecture_control,O,18,0.782608695652174,23,0.517798900604248
architecture_control,C,19,0.8260869565217391,23,0.18564510345458984
architecture_control,),20,0.8695652173913043,23,0.026688575744628906
architecture_control,C,21,0.9130434782608695,23,0.17389154434204102
architecture_control,1,22,0.9565217391304348,23,0.12340593338012695
architecture_control,[*],0,0.0,26,0.08748817443847656
architecture_control,N,1,0.038461538461538464,26,0.17270660400390625
architecture_control,C,2,0.07692307692307693,26,0.07014751434326172
architecture_control,(,3,0.11538461538461539,26,0.21561241149902344
architecture_control,c,4,0.15384615384615385,26,0.2809329032897949
architecture_control,1,5,0.19230769230769232,26,0.09380292892456055
architecture_control,c,6,0.23076923076923078,26,0.17087936401367188
architecture_control,c,7,0.2692307692307692,26,0.17087936401367188
architecture_control,c,8,0.3076923076923077,26,0.17087936401367188
architecture_control,c,9,0.34615384615384615,26,0.17087936401367188
architecture_control,c,10,0.38461538461538464,26,0.17087936401367188
architecture_control,1,11,0.4230769230769231,26,0.20298099517822266
architecture_control,),12,0.46153846153846156,26,0.2381763458251953
architecture_control,C,13,0.5,26,0.10016965866088867
architecture_control,(,14,0.5384615384615384,26,0.07232856750488281
architecture_control,C,15,0.5769230769230769,26,0.12356281280517578
architecture_control,),16,0.6153846153846154,26,0.2176651954650879
architecture_control,(,17,0.6538461538461539,26,0.12492847442626953
architecture_control,C,18,0.6923076923076923,26,0.1880049705505371
architecture_control,),19,0.7307692307692307,26,0.2309436798095703
architecture_control,C,20,0.7692307692307693,26,0.0018873214721679688
architecture_control,(,21,0.8076923076923077,26,0.13967609405517578
architecture_control,[*],22,0.8461538461538461,26,0.31853485107421875
architecture_control,),23,0.8846153846153846,26,0.050978660583496094
architecture_control,=,24,0.9230769230769231,26,0.13556766510009766
architecture_control,O,25,0.9615384615384616,26,0.8868017196655273
architecture_control,[*],0,0.0,20,0.035128116607666016
architecture_control,C,1,0.05,20,0.1606278419494629
architecture_control,C,2,0.1,20,0.1606278419494629
architecture_control,C,3,0.15,20,0.1606278419494629
architecture_control,C,4,0.2,20,0.1606278419494629
architecture_control,C,5,0.25,20,0.1606278419494629
architecture_control,C,6,0.3,20,0.1606278419494629
architecture_control,O,7,0.35,20,0.09887886047363281
architecture_control,C,8,0.4,20,0.2083425521850586
architecture_control,(,9,0.45,20,0.09516239166259766
architecture_control,=,10,0.5,20,0.2710685729980469
architecture_control,O,11,0.55,20,0.09587764739990234
architecture_control,),12,0.6,20,0.07727336883544922
architecture_control,C,13,0.65,20,0.03293895721435547
architecture_control,(,14,0.7,20,0.07948589324951172
architecture_control,=,15,0.75,20,0.3370981216430664
architecture_control,O,16,0.8,20,0.08884048461914062
architecture_control,),17,0.85,20,0.07320499420166016
architecture_control,O,18,0.9,20,0.05860137939453125
architecture_control,[*],19,0.95,20,0.09467840194702148
architecture_control,[*],0,0.0,25,0.06758403778076172
architecture_control,C,1,0.04,25,0.021755695343017578
architecture_control,C,2,0.08,25,0.021755695343017578
architecture_control,C,3,0.12,25,0.021755695343017578
architecture_control,N,4,0.16,25,0.35758209228515625
architecture_control,C,5,0.2,25,0.09973716735839844
architecture_control,(,6,0.24,25,0.07475948333740234
architecture_control,=,7,0.28,25,0.16518211364746094
architecture_control,O,8,0.32,25,0.0010223388671875
architecture_control,),9,0.36,25,0.17532730102539062
architecture_control,C,10,0.4,25,0.0856938362121582
architecture_control,C,11,0.44,25,0.0856938362121582
architecture_control,C,12,0.48,25,0.0856938362121582
architecture_control,C,13,0.52,25,0.0856938362121582
architecture_control,C,14,0.56,25,0.0856938362121582
architecture_control,(,15,0.6,25,0.018293380737304688
architecture_control,=,16,0.64,25,0.0995941162109375
architecture_control,O,17,0.68,25,0.056328773498535156
architecture_control,),18,0.72,25,0.045693397521972656
architecture_control,N,19,0.76,25,0.08227252960205078
architecture_control,C,20,0.8,25,0.019115447998046875
architecture_control,C,21,0.84,25,0.019115447998046875
architecture_control,C,22,0.88,25,0.019115447998046875
architecture_control,O,23,0.92,25,0.0876626968383789
architecture_control,[*],24,0.96,25,0.03420686721801758
architecture_control,[*],0,0.0,20,0.29845714569091797
architecture_control,C,1,0.05,20,0.28291845321655273
architecture_control,C,2,0.1,20,0.28291845321655273
architecture_control,(,3,0.15,20,0.38251352310180664
architecture_control,[*],4,0.2,20,0.43587636947631836
architecture_control,),5,0.25,20,0.45456981658935547
architecture_control,c,6,0.3,20,0.5641283988952637
architecture_control,1,7,0.35,20,0.2134995460510254
architecture_control,c,8,0.4,20,0.4449152946472168
architecture_control,c,9,0.45,20,0.4449152946472168
architecture_control,c,10,0.5,20,0.4449152946472168
architecture_control,(,11,0.55,20,0.01385354995727539
architecture_control,C,12,0.6,20,0.0015201568603515625
architecture_control,),13,0.65,20,0.35529613494873047
architecture_control,c,14,0.7,20,0.44797277450561523
architecture_control,(,15,0.75,20,0.12311697006225586
architecture_control,C,16,0.8,20,0.0361475944519043
architecture_control,),17,0.85,20,0.16115522384643555
architecture_control,c,18,0.9,20,0.017090320587158203
architecture_control,1,19,0.95,20,0.08790016174316406
architecture_control,[*],0,0.0,34,0.10499882698059082
architecture_control,c,1,0.029411764705882353,34,0.01468038558959961
architecture_control,1,2,0.058823529411764705,34,0.08123254776000977
architecture_control,c,3,0.08823529411764706,34,0.035111427307128906
architecture_control,c,4,0.11764705882352941,34,0.035111427307128906
architecture_control,c,5,0.14705882352941177,34,0.035111427307128906
architecture_control,2,6,0.17647058823529413,34,0.014672040939331055
architecture_control,c,7,0.20588235294117646,34,0.05996417999267578
architecture_control,(,8,0.23529411764705882,34,0.09533309936523438
architecture_control,c,9,0.2647058823529412,34,0.06796073913574219
architecture_control,1,10,0.29411764705882354,34,0.006730794906616211
architecture_control,),11,0.3235294117647059,34,0.5002427101135254
architecture_control,c,12,0.35294117647058826,34,0.37224531173706055
architecture_control,1,13,0.38235294117647056,34,0.30305027961730957
architecture_control,c,14,0.4117647058823529,34,0.43088436126708984
architecture_control,c,15,0.4411764705882353,34,0.43088436126708984
architecture_control,(,16,0.47058823529411764,34,0.46186280250549316
architecture_control,[*],17,0.5,34,0.6431148052215576
architecture_control,),18,0.5294117647058824,34,0.500251293182373
architecture_control,c,19,0.5588235294117647,34,0.5266132354736328
architecture_control,c,20,0.5882352941176471,34,0.5266132354736328
architecture_control,c,21,0.6176470588235294,34,0.5266132354736328
architecture_control,1,22,0.6470588235294118,34,0.40888404846191406
architecture_control,n,23,0.6764705882352942,34,0.6189675331115723
architecture_control,2,24,0.7058823529411765,34,0.3461489677429199
architecture_control,-,25,0.7352941176470589,34,0.42582178115844727
architecture_control,c,26,0.7647058823529411,34,0.4604017734527588
architecture_control,1,27,0.7941176470588235,34,0.3233199119567871
architecture_control,c,28,0.8235294117647058,34,0.4096803665161133
architecture_control,c,29,0.8529411764705882,34,0.4096803665161133
architecture_control,c,30,0.8823529411764706,34,0.4096803665161133
architecture_control,c,31,0.9117647058823529,34,0.4096803665161133
architecture_control,c,32,0.9411764705882353,34,0.4096803665161133
architecture_control,1,33,0.9705882352941176,34,0.1151437759399414
architecture_control,[*],0,0.0,26,0.053666114807128906
architecture_control,C,1,0.038461538461538464,26,0.02532339096069336
architecture_control,C,2,0.07692307692307693,26,0.02532339096069336
architecture_control,C,3,0.11538461538461539,26,0.02532339096069336
architecture_control,C,4,0.15384615384615385,26,0.02532339096069336
architecture_control,C,5,0.19230769230769232,26,0.02532339096069336
architecture_control,C,6,0.23076923076923078,26,0.02532339096069336
architecture_control,N,7,0.2692307692307692,26,0.0778799057006836
architecture_control,C,8,0.3076923076923077,26,0.04588127136230469
architecture_control,(,9,0.34615384615384615,26,0.0557560920715332
architecture_control,=,10,0.38461538461538464,26,0.19327306747436523
architecture_control,O,11,0.4230769230769231,26,0.12155628204345703
architecture_control,),12,0.46153846153846156,26,0.08413267135620117
architecture_control,N,13,0.5,26,0.0697183609008789
architecture_control,C,14,0.5384615384615384,26,0.005558013916015625
architecture_control,C,15,0.5769230769230769,26,0.005558013916015625
architecture_control,C,16,0.6153846153846154,26,0.005558013916015625
architecture_control,C,17,0.6538461538461539,26,0.005558013916015625
architecture_control,N,18,0.6923076923076923,26,0.0028123855590820312
architecture_control,C,19,0.7307692307692307,26,0.07114887237548828
architecture_control,(,20,0.7692307692307693,26,0.1176753044128418
architecture_control,=,21,0.8076923076923077,26,0.33151721954345703
architecture_control,O,22,0.8461538461538461,26,0.23723840713500977
architecture_control,),23,0.8846153846153846,26,0.13546514511108398
architecture_control,N,24,0.9230769230769231,26,0.1562480926513672
architecture_control,[*],25,0.9615384615384616,26,0.0036444664001464844
architecture_control,[*],0,0.0,16,0.7497348785400391
architecture_control,C,1,0.0625,16,1.0191054344177246
architecture_control,C,2,0.125,16,1.0191054344177246
architecture_control,(,3,0.1875,16,1.1457362174987793
architecture_control,[*],4,0.25,16,0.9030861854553223
architecture_control,),5,0.3125,16,1.020890235900879
architecture_control,(,6,0.375,16,1.0580167770385742
architecture_control,Cl,7,0.4375,16,0.49061107635498047
architecture_control,),8,0.5,16,0.5826225280761719
architecture_control,C,9,0.5625,16,0.875856876373291
architecture_control,(,10,0.625,16,0.691561222076416
architecture_control,=,11,0.6875,16,0.42037391662597656
architecture_control,O,12,0.75,16,1.0713138580322266
architecture_control,),13,0.8125,16,0.30611419677734375
architecture_control,O,14,0.875,16,0.7807416915893555
architecture_control,C,15,0.9375,16,0.010231971740722656
architecture_control,[*],0,0.0,38,0.39292430877685547
architecture_control,O,1,0.02631578947368421,38,0.4147958755493164
architecture_control,C,2,0.05263157894736842,38,0.23810958862304688
architecture_control,(,3,0.07894736842105263,38,0.31281232833862305
architecture_control,=,4,0.10526315789473684,38,0.022687435150146484
architecture_control,O,5,0.13157894736842105,38,0.3977360725402832
architecture_control,),6,0.15789473684210525,38,0.20179080963134766
architecture_control,c,7,0.18421052631578946,38,0.1682109832763672
architecture_control,1,8,0.21052631578947367,38,0.16515207290649414
architecture_control,c,9,0.23684210526315788,38,0.0681614875793457
architecture_control,c,10,0.2631578947368421,38,0.0681614875793457
architecture_control,c,11,0.2894736842105263,38,0.0681614875793457
architecture_control,(,12,0.3157894736842105,38,0.12965869903564453
architecture_control,C,13,0.34210526315789475,38,0.06575918197631836
architecture_control,C,14,0.3684210526315789,38,0.06575918197631836
architecture_control,C,15,0.39473684210526316,38,0.06575918197631836
architecture_control,C,16,0.42105263157894735,38,0.06575918197631836
architecture_control,C,17,0.4473684210526316,38,0.06575918197631836
architecture_control,c,18,0.47368421052631576,38,0.013761043548583984
architecture_control,2,19,0.5,38,0.004360675811767578
architecture_control,c,20,0.5263157894736842,38,0.013025760650634766
architecture_control,c,21,0.5526315789473685,38,0.013025760650634766
architecture_control,c,22,0.5789473684210527,38,0.013025760650634766
architecture_control,(,23,0.6052631578947368,38,0.0603032112121582
architecture_control,C,24,0.631578947368421,38,0.05505704879760742
architecture_control,(,25,0.6578947368421053,38,0.14360809326171875
architecture_control,[*],26,0.6842105263157895,38,0.22138071060180664
architecture_control,),27,0.7105263157894737,38,0.14804792404174805
architecture_control,=,28,0.7368421052631579,38,0.10964679718017578
architecture_control,O,29,0.7631578947368421,38,0.22507762908935547
architecture_control,),30,0.7894736842105263,38,0.037878990173339844
architecture_control,c,31,0.8157894736842105,38,0.0011844635009765625
architecture_control,c,32,0.8421052631578947,38,0.0011844635009765625
architecture_control,2,33,0.868421052631579,38,0.06932497024536133
architecture_control,),34,0.8947368421052632,38,0.08295726776123047
architecture_control,c,35,0.9210526315789473,38,0.0035886764526367188
architecture_control,c,36,0.9473684210526315,38,0.0035886764526367188
architecture_control,1,37,0.9736842105263158,38,0.02409505844116211
architecture_control,[*],0,0.0,77,0.30570507049560547
architecture_control,c,1,0.012987012987012988,77,0.3676145076751709
architecture_control,1,2,0.025974025974025976,77,0.3766188621520996
architecture_control,c,3,0.03896103896103896,77,0.29007625579833984
architecture_control,c,4,0.05194805194805195,77,0.29007625579833984
architecture_control,c,5,0.06493506493506493,77,0.29007625579833984
architecture_control,(,6,0.07792207792207792,77,0.28137898445129395
architecture_control,O,7,0.09090909090909091,77,0.2830531597137451
architecture_control,c,8,0.1038961038961039,77,0.29605531692504883
architecture_control,2,9,0.11688311688311688,77,0.2608916759490967
architecture_control,c,10,0.12987012987012986,77,0.1832733154296875
architecture_control,c,11,0.14285714285714285,77,0.1832733154296875
architecture_control,c,12,0.15584415584415584,77,0.1832733154296875
architecture_control,(,13,0.16883116883116883,77,0.15470051765441895
architecture_control,-,14,0.18181818181818182,77,0.1686701774597168
architecture_control,c,15,0.19480519480519481,77,0.16735458374023438
architecture_control,3,16,0.2077922077922078,77,0.10902643203735352
architecture_control,n,17,0.22077922077922077,77,0.07787847518920898
architecture_control,c,18,0.23376623376623376,77,0.09364700317382812
architecture_control,4,19,0.24675324675324675,77,0.11284446716308594
architecture_control,c,20,0.2597402597402597,77,0.10476350784301758
architecture_control,c,21,0.2727272727272727,77,0.10476350784301758
architecture_control,(,22,0.2857142857142857,77,0.0707554817199707
architecture_control,-,23,0.2987012987012987,77,0.019415855407714844
architecture_control,c,24,0.3116883116883117,77,0.2162003517150879
architecture_control,5,25,0.3246753246753247,77,0.23008298873901367
architecture_control,c,26,0.33766233766233766,77,0.20463228225708008
architecture_control,c,27,0.35064935064935066,77,0.20463228225708008
architecture_control,c,28,0.36363636363636365,77,0.20463228225708008
architecture_control,6,29,0.37662337662337664,77,0.20248985290527344
architecture_control,n,30,0.38961038961038963,77,0.18217039108276367
architecture_control,c,31,0.4025974025974026,77,0.20125675201416016
architecture_control,(,32,0.4155844155844156,77,0.19899845123291016
architecture_control,[*],33,0.42857142857142855,77,0.07764101028442383
architecture_control,),34,0.44155844155844154,77,0.32114148139953613
architecture_control,c,35,0.45454545454545453,77,0.31311535835266113
architecture_control,(,36,0.4675324675324675,77,0.29719114303588867
architecture_control,-,37,0.4805194805194805,77,0.33504152297973633
architecture_control,c,38,0.4935064935064935,77,0.32596397399902344
architecture_control,7,39,0.5064935064935064,77,0.3267042636871338
architecture_control,c,40,0.5194805194805194,77,0.2610180377960205
architecture_control,c,41,0.5324675324675324,77,0.2610180377960205
architecture_control,c,42,0.5454545454545454,77,0.2610180377960205
architecture_control,c,43,0.5584415584415584,77,0.2610180377960205
architecture_control,c,44,0.5714285714285714,77,0.2610180377960205
architecture_control,7,45,0.5844155844155844,77,0.2830052375793457
architecture_control,),46,0.5974025974025974,77,0.1474747657775879
architecture_control,n,47,0.6103896103896104,77,0.23440837860107422
architecture_control,c,48,0.6233766233766234,77,0.22787761688232422
architecture_control,6,49,0.6363636363636364,77,0.24355602264404297
architecture_control,c,50,0.6493506493506493,77,0.2508225440979004
architecture_control,5,51,0.6623376623376623,77,0.2625401020050049
architecture_control,),52,0.6753246753246753,77,0.19935941696166992
architecture_control,c,53,0.6883116883116883,77,0.1284482479095459
architecture_control,c,54,0.7012987012987013,77,0.1284482479095459
architecture_control,c,55,0.7142857142857143,77,0.1284482479095459
architecture_control,4,56,0.7272727272727273,77,0.15070247650146484
architecture_control,n,57,0.7402597402597403,77,0.13025236129760742
architecture_control,c,58,0.7532467532467533,77,0.08873796463012695
architecture_control,3,59,0.7662337662337663,77,0.041301727294921875
architecture_control,-,60,0.7792207792207793,77,0.06970930099487305
architecture_control,c,61,0.7922077922077922,77,0.1141655445098877
architecture_control,3,62,0.8051948051948052,77,0.04465603828430176
architecture_control,c,63,0.8181818181818182,77,0.10620260238647461
architecture_control,c,64,0.8311688311688312,77,0.10620260238647461
architecture_control,c,65,0.8441558441558441,77,0.10620260238647461
architecture_control,c,66,0.8571428571428571,77,0.10620260238647461
architecture_control,c,67,0.8701298701298701,77,0.10620260238647461
architecture_control,3,68,0.8831168831168831,77,0.0013022422790527344
architecture_control,),69,0.8961038961038961,77,0.005992412567138672
architecture_control,c,70,0.9090909090909091,77,0.0036492347717285156
architecture_control,c,71,0.922077922077922,77,0.0036492347717285156
architecture_control,2,72,0.935064935064935,77,0.01944446563720703
architecture_control,),73,0.948051948051948,77,0.05504560470581055
architecture_control,c,74,0.961038961038961,77,0.10114812850952148
architecture_control,c,75,0.974025974025974,77,0.10114812850952148
architecture_control,1,76,0.987012987012987,77,0.08750724792480469
architecture_control,[*],0,0.0,33,0.35637950897216797
architecture_control,C,1,0.030303030303030304,33,0.48724961280822754
architecture_control,#,2,0.06060606060606061,33,1.658259630203247
architecture_control,C,3,0.09090909090909091,33,0.33237385749816895
architecture_control,C,4,0.12121212121212122,33,0.33237385749816895
architecture_control,(,5,0.15151515151515152,33,0.5905296802520752
architecture_control,C,6,0.18181818181818182,33,0.6804306507110596
architecture_control,O,7,0.21212121212121213,33,0.16581416130065918
architecture_control,),8,0.24242424242424243,33,0.4818439483642578
architecture_control,=,9,0.2727272727272727,33,1.03560471534729
architecture_control,C,10,0.30303030303030304,33,0.5096299648284912
architecture_control,(,11,0.3333333333333333,33,0.3309452533721924
architecture_control,[*],12,0.36363636363636365,33,0.4868943691253662
architecture_control,),13,0.3939393939393939,33,0.45950770378112793
architecture_control,n,14,0.42424242424242425,33,0.48282480239868164
architecture_control,1,15,0.45454545454545453,33,0.8363368511199951
architecture_control,c,16,0.48484848484848486,33,0.2857084274291992
architecture_control,2,17,0.5151515151515151,33,0.32471632957458496
architecture_control,c,18,0.5454545454545454,33,0.39005255699157715
architecture_control,c,19,0.5757575757575758,33,0.39005255699157715
architecture_control,c,20,0.6060606060606061,33,0.39005255699157715
architecture_control,c,21,0.6363636363636364,33,0.39005255699157715
architecture_control,c,22,0.6666666666666666,33,0.39005255699157715
architecture_control,2,23,0.696969696969697,33,0.4210789203643799
architecture_control,c,24,0.7272727272727273,33,0.30814170837402344
architecture_control,2,25,0.7575757575757576,33,0.2391955852508545
architecture_control,c,26,0.7878787878787878,33,0.18428587913513184
architecture_control,c,27,0.8181818181818182,33,0.18428587913513184
architecture_control,c,28,0.8484848484848485,33,0.18428587913513184
architecture_control,c,29,0.8787878787878788,33,0.18428587913513184
architecture_control,c,30,0.9090909090909091,33,0.18428587913513184
architecture_control,2,31,0.9393939393939394,33,0.11001348495483398
architecture_control,1,32,0.9696969696969697,33,0.20656585693359375
architecture_control,[*],0,0.0,8,0.34822559356689453
architecture_control,C,1,0.125,8,0.40293264389038086
architecture_control,C,2,0.25,8,0.40293264389038086
architecture_control,(,3,0.375,8,0.3908553123474121
architecture_control,[*],4,0.5,8,0.3972501754760742
architecture_control,),5,0.625,8,0.5897040367126465
architecture_control,O,6,0.75,8,0.3651871681213379
architecture_control,C,7,0.875,8,0.05031251907348633
architecture_control,[*],0,0.0,56,0.43220067024230957
architecture_control,C,1,0.017857142857142856,56,0.3809070587158203
architecture_control,C,2,0.03571428571428571,56,0.3809070587158203
architecture_control,C,3,0.05357142857142857,56,0.3809070587158203
architecture_control,C,4,0.07142857142857142,56,0.3809070587158203
architecture_control,C,5,0.08928571428571429,56,0.3809070587158203
architecture_control,C,6,0.10714285714285714,56,0.3809070587158203
architecture_control,C,7,0.125,56,0.3809070587158203
architecture_control,C,8,0.14285714285714285,56,0.3809070587158203
architecture_control,C,9,0.16071428571428573,56,0.3809070587158203
architecture_control,C,10,0.17857142857142858,56,0.3809070587158203
architecture_control,O,11,0.19642857142857142,56,0.44539976119995117
architecture_control,c,12,0.21428571428571427,56,0.35333728790283203
architecture_control,1,13,0.23214285714285715,56,0.3066287040710449
architecture_control,c,14,0.25,56,0.2573661804199219
architecture_control,c,15,0.26785714285714285,56,0.2573661804199219
architecture_control,c,16,0.2857142857142857,56,0.2573661804199219
architecture_control,(,17,0.30357142857142855,56,0.38215065002441406
architecture_control,O,18,0.32142857142857145,56,0.30768918991088867
architecture_control,C,19,0.3392857142857143,56,0.3195075988769531
architecture_control,(,20,0.35714285714285715,56,0.33304405212402344
architecture_control,=,21,0.375,56,0.14599037170410156
architecture_control,O,22,0.39285714285714285,56,0.29227113723754883
architecture_control,),23,0.4107142857142857,56,0.14126825332641602
architecture_control,c,24,0.42857142857142855,56,0.10746002197265625
architecture_control,2,25,0.44642857142857145,56,0.15498781204223633
architecture_control,c,26,0.4642857142857143,56,0.12938165664672852
architecture_control,c,27,0.48214285714285715,56,0.12938165664672852
architecture_control,c,28,0.5,56,0.12938165664672852
architecture_control,(,29,0.5178571428571429,56,0.22607803344726562
architecture_control,C,30,0.5357142857142857,56,0.1550922393798828
architecture_control,(,31,0.5535714285714286,56,0.1597590446472168
architecture_control,=,32,0.5714285714285714,56,0.0393986701965332
architecture_control,O,33,0.5892857142857143,56,0.1597752571105957
architecture_control,),34,0.6071428571428571,56,0.0977792739868164
architecture_control,O,35,0.625,56,0.11493730545043945
architecture_control,c,36,0.6428571428571429,56,0.015025615692138672
architecture_control,3,37,0.6607142857142857,56,0.0012021064758300781
architecture_control,c,38,0.6785714285714286,56,0.06533432006835938
architecture_control,c,39,0.6964285714285714,56,0.06533432006835938
architecture_control,c,40,0.7142857142857143,56,0.06533432006835938
architecture_control,(,41,0.7321428571428571,56,0.14275836944580078
architecture_control,O,42,0.75,56,0.10398530960083008
architecture_control,[*],43,0.7678571428571429,56,0.09639787673950195
architecture_control,),44,0.7857142857142857,56,0.09331703186035156
architecture_control,c,45,0.8035714285714286,56,0.10759353637695312
architecture_control,c,46,0.8214285714285714,56,0.10759353637695312
architecture_control,3,47,0.8392857142857143,56,0.01859140396118164
architecture_control,),48,0.8571428571428571,56,0.11588096618652344
architecture_control,c,49,0.875,56,0.09572505950927734
architecture_control,c,50,0.8928571428571429,56,0.09572505950927734
architecture_control,2,51,0.9107142857142857,56,0.09861278533935547
architecture_control,),52,0.9285714285714286,56,0.09017515182495117
architecture_control,c,53,0.9464285714285714,56,0.10417747497558594
architecture_control,c,54,0.9642857142857143,56,0.10417747497558594
architecture_control,1,55,0.9821428571428571,56,0.011631488800048828
architecture_control,[*],0,0.0,20,0.42574167251586914
architecture_control,C,1,0.05,20,0.27658605575561523
architecture_control,C,2,0.1,20,0.27658605575561523
architecture_control,(,3,0.15,20,0.5526080131530762
architecture_control,C,4,0.2,20,0.5269680023193359
architecture_control,),5,0.25,20,0.9571990966796875
architecture_control,(,6,0.3,20,0.875737190246582
architecture_control,C,7,0.35,20,0.9732851982116699
architecture_control,),8,0.4,20,1.2264180183410645
architecture_control,C,9,0.45,20,1.0546798706054688
architecture_control,S,10,0.5,20,1.2405972480773926
architecture_control,(,11,0.55,20,1.122544765472412
architecture_control,[*],12,0.6,20,1.108719825744629
architecture_control,),13,0.65,20,1.2910127639770508
architecture_control,(,14,0.7,20,1.1158785820007324
architecture_control,=,15,0.75,20,1.08233642578125
architecture_control,O,16,0.8,20,0.3116722106933594
architecture_control,),17,0.85,20,1.1353983879089355
architecture_control,=,18,0.9,20,1.3035101890563965
architecture_control,O,19,0.95,20,0.8151454925537109
architecture_control,[*],0,0.0,79,0.7331221103668213
architecture_control,O,1,0.012658227848101266,79,0.4223978519439697
architecture_control,c,2,0.02531645569620253,79,0.24883460998535156
architecture_control,1,3,0.0379746835443038,79,0.18633031845092773
architecture_control,c,4,0.05063291139240506,79,0.24691224098205566
architecture_control,c,5,0.06329113924050633,79,0.24691224098205566
architecture_control,c,6,0.0759493670886076,79,0.24691224098205566
architecture_control,(,7,0.08860759493670886,79,0.2642703056335449
architecture_control,N,8,0.10126582278481013,79,0.19108128547668457
architecture_control,C,9,0.11392405063291139,79,0.20712828636169434
architecture_control,(,10,0.12658227848101267,79,0.22813200950622559
architecture_control,=,11,0.13924050632911392,79,0.12156462669372559
architecture_control,O,12,0.1518987341772152,79,0.42002129554748535
architecture_control,),13,0.16455696202531644,79,0.40236544609069824
architecture_control,c,14,0.17721518987341772,79,0.3993241786956787
architecture_control,2,15,0.189873417721519,79,0.4173393249511719
architecture_control,c,16,0.20253164556962025,79,0.4218320846557617
architecture_control,c,17,0.21518987341772153,79,0.4218320846557617
architecture_control,c,18,0.22784810126582278,79,0.4218320846557617
architecture_control,(,19,0.24050632911392406,79,0.4069406986236572
architecture_control,C,20,0.25316455696202533,79,0.4122495651245117
architecture_control,(,21,0.26582278481012656,79,0.4485971927642822
architecture_control,=,22,0.27848101265822783,79,0.14147257804870605
architecture_control,O,23,0.2911392405063291,79,0.23039984703063965
architecture_control,),24,0.3037974683544304,79,0.17167973518371582
architecture_control,N,25,0.31645569620253167,79,0.14931893348693848
architecture_control,c,26,0.3291139240506329,79,0.21765542030334473
architecture_control,3,27,0.34177215189873417,79,0.19312310218811035
architecture_control,c,28,0.35443037974683544,79,0.20151114463806152
architecture_control,c,29,0.3670886075949367,79,0.20151114463806152
architecture_control,c,30,0.379746835443038,79,0.20151114463806152
architecture_control,(,31,0.3924050632911392,79,0.1866929531097412
architecture_control,O,32,0.4050632911392405,79,0.18598198890686035
architecture_control,c,33,0.4177215189873418,79,0.18899750709533691
architecture_control,4,34,0.43037974683544306,79,0.0641481876373291
architecture_control,c,35,0.4430379746835443,79,0.08769822120666504
architecture_control,c,36,0.45569620253164556,79,0.08769822120666504
architecture_control,c,37,0.46835443037974683,79,0.08769822120666504
architecture_control,(,38,0.4810126582278481,79,0.10550951957702637
architecture_control,C,39,0.4936708860759494,79,0.10631346702575684
architecture_control,5,40,0.5063291139240507,79,0.03940153121948242
architecture_control,(,41,0.5189873417721519,79,0.0557096004486084
architecture_control,c,42,0.5316455696202531,79,0.03861069679260254
architecture_control,6,43,0.5443037974683544,79,0.06682419776916504
architecture_control,c,44,0.5569620253164557,79,0.07007527351379395
architecture_control,c,45,0.569620253164557,79,0.07007527351379395
architecture_control,c,46,0.5822784810126582,79,0.07007527351379395
architecture_control,(,47,0.5949367088607594,79,0.09828495979309082
architecture_control,[*],48,0.6075949367088608,79,0.03647971153259277
architecture_control,),49,0.620253164556962,79,0.0074994564056396484
architecture_control,c,50,0.6329113924050633,79,4.0531158447265625e-06
architecture_control,c,51,0.6455696202531646,79,4.0531158447265625e-06
architecture_control,6,52,0.6582278481012658,79,0.019855260848999023
architecture_control,),53,0.6708860759493671,79,0.015705347061157227
architecture_control,C,54,0.6835443037974683,79,0.016987323760986328
architecture_control,C,55,0.6962025316455697,79,0.016987323760986328
architecture_control,6,56,0.7088607594936709,79,0.015887022018432617
architecture_control,C,57,0.7215189873417721,79,0.00482940673828125
architecture_control,C,58,0.7341772151898734,79,0.00482940673828125
architecture_control,C,59,0.7468354430379747,79,0.00482940673828125
architecture_control,5,60,0.759493670886076,79,0.01977086067199707
architecture_control,C,61,0.7721518987341772,79,0.03779482841491699
architecture_control,6,62,0.7848101265822784,79,0.04233145713806152
architecture_control,),63,0.7974683544303798,79,0.012983560562133789
architecture_control,c,64,0.810126582278481,79,0.009740114212036133
architecture_control,c,65,0.8227848101265823,79,0.009740114212036133
architecture_control,4,66,0.8354430379746836,79,0.017930269241333008
architecture_control,),67,0.8481012658227848,79,0.018565893173217773
architecture_control,c,68,0.8607594936708861,79,0.02291274070739746
architecture_control,c,69,0.8734177215189873,79,0.02291274070739746
architecture_control,3,70,0.8860759493670886,79,0.13102412223815918
architecture_control,),71,0.8987341772151899,79,0.07074642181396484
architecture_control,c,72,0.9113924050632911,79,0.06815171241760254
architecture_control,c,73,0.9240506329113924,79,0.06815171241760254
architecture_control,2,74,0.9367088607594937,79,0.0045621395111083984
architecture_control,),75,0.9493670886075949,79,0.026195287704467773
architecture_control,c,76,0.9620253164556962,79,0.05767703056335449
architecture_control,c,77,0.9746835443037974,79,0.05767703056335449
architecture_control,1,78,0.9873417721518988,79,0.044730424880981445
architecture_control,[*],0,0.0,62,0.012699604034423828
architecture_control,O,1,0.016129032258064516,62,0.09512186050415039
architecture_control,c,2,0.03225806451612903,62,0.032932281494140625
architecture_control,1,3,0.04838709677419355,62,0.22906160354614258
architecture_control,c,4,0.06451612903225806,62,0.22597503662109375
architecture_control,c,5,0.08064516129032258,62,0.22597503662109375
architecture_control,c,6,0.0967741935483871,62,0.22597503662109375
architecture_control,(,7,0.11290322580645161,62,0.1516742706298828
architecture_control,C,8,0.12903225806451613,62,0.1900157928466797
architecture_control,(,9,0.14516129032258066,62,0.16960430145263672
architecture_control,C,10,0.16129032258064516,62,0.20177125930786133
architecture_control,),11,0.1774193548387097,62,0.22228097915649414
architecture_control,(,12,0.1935483870967742,62,0.1887979507446289
architecture_control,C,13,0.20967741935483872,62,0.23018455505371094
architecture_control,),14,0.22580645161290322,62,0.2663240432739258
architecture_control,c,15,0.24193548387096775,62,0.31524658203125
architecture_control,2,16,0.25806451612903225,62,0.274477481842041
architecture_control,c,17,0.27419354838709675,62,0.3304429054260254
architecture_control,c,18,0.2903225806451613,62,0.3304429054260254
architecture_control,c,19,0.3064516129032258,62,0.3304429054260254
architecture_control,(,20,0.3225806451612903,62,0.23906707763671875
architecture_control,O,21,0.3387096774193548,62,0.24119091033935547
architecture_control,C,22,0.3548387096774194,62,0.22040891647338867
architecture_control,(,23,0.3709677419354839,62,0.1466364860534668
architecture_control,=,24,0.3870967741935484,62,0.27127885818481445
architecture_control,O,25,0.4032258064516129,62,0.1283869743347168
architecture_control,),26,0.41935483870967744,62,0.18282461166381836
architecture_control,O,27,0.43548387096774194,62,0.07031869888305664
architecture_control,C,28,0.45161290322580644,62,0.09142017364501953
architecture_control,C,29,0.46774193548387094,62,0.09142017364501953
architecture_control,N,30,0.4838709677419355,62,0.007874488830566406
architecture_control,(,31,0.5,62,0.02959585189819336
architecture_control,C,32,0.5161290322580645,62,0.044342041015625
architecture_control,C,33,0.532258064516129,62,0.044342041015625
architecture_control,O,34,0.5483870967741935,62,0.030530452728271484
architecture_control,C,35,0.5645161290322581,62,0.0554509162902832
architecture_control,(,36,0.5806451612903226,62,0.04906129837036133
architecture_control,[*],37,0.5967741935483871,62,0.14272642135620117
architecture_control,),38,0.6129032258064516,62,0.14636516571044922
architecture_control,=,39,0.6290322580645161,62,0.23109674453735352
architecture_control,O,40,0.6451612903225806,62,0.05866575241088867
architecture_control,),41,0.6612903225806451,62,0.008839130401611328
architecture_control,c,42,0.6774193548387096,62,0.09457206726074219
architecture_control,3,43,0.6935483870967742,62,0.15050888061523438
architecture_control,c,44,0.7096774193548387,62,0.16664600372314453
architecture_control,c,45,0.7258064516129032,62,0.16664600372314453
architecture_control,c,46,0.7419354838709677,62,0.16664600372314453
architecture_control,(,47,0.7580645161290323,62,0.08902883529663086
architecture_control,O,48,0.7741935483870968,62,0.13054323196411133
architecture_control,C,49,0.7903225806451613,62,0.14894819259643555
architecture_control,),50,0.8064516129032258,62,0.13382816314697266
architecture_control,c,51,0.8225806451612904,62,0.16524553298950195
architecture_control,c,52,0.8387096774193549,62,0.16524553298950195
architecture_control,3,53,0.8548387096774194,62,0.12949323654174805
architecture_control,),54,0.8709677419354839,62,0.030750751495361328
architecture_control,c,55,0.8870967741935484,62,0.07505655288696289
architecture_control,c,56,0.9032258064516129,62,0.07505655288696289
architecture_control,2,57,0.9193548387096774,62,0.10206127166748047
architecture_control,),58,0.9354838709677419,62,0.08511686325073242
architecture_control,c,59,0.9516129032258065,62,0.10617876052856445
architecture_control,c,60,0.967741935483871,62,0.10617876052856445
architecture_control,1,61,0.9838709677419355,62,0.005117893218994141
architecture_control,[*],0,0.0,40,0.4555025100708008
architecture_control,C,1,0.025,40,0.48142099380493164
architecture_control,C,2,0.05,40,0.48142099380493164
architecture_control,C,3,0.075,40,0.48142099380493164
architecture_control,C,4,0.1,40,0.48142099380493164
architecture_control,N,5,0.125,40,0.43208742141723633
architecture_control,C,6,0.15,40,0.40534305572509766
architecture_control,(,7,0.175,40,0.5508437156677246
architecture_control,=,8,0.2,40,0.11774826049804688
architecture_control,O,9,0.225,40,0.41222333908081055
architecture_control,),10,0.25,40,0.2732987403869629
architecture_control,C,11,0.275,40,0.375852108001709
architecture_control,C,12,0.3,40,0.375852108001709
architecture_control,C,13,0.325,40,0.375852108001709
architecture_control,C,14,0.35,40,0.375852108001709
architecture_control,C,15,0.375,40,0.375852108001709
architecture_control,C,16,0.4,40,0.375852108001709
architecture_control,C,17,0.425,40,0.375852108001709
architecture_control,(,18,0.45,40,0.39595746994018555
architecture_control,=,19,0.475,40,0.18957042694091797
architecture_control,O,20,0.5,40,0.5428013801574707
architecture_control,),21,0.525,40,0.2852444648742676
architecture_control,N,22,0.55,40,0.22630834579467773
architecture_control,C,23,0.575,40,0.2485189437866211
architecture_control,C,24,0.6,40,0.2485189437866211
architecture_control,C,25,0.625,40,0.2485189437866211
architecture_control,C,26,0.65,40,0.2485189437866211
architecture_control,N,27,0.675,40,0.23369407653808594
architecture_control,C,28,0.7,40,0.2515835762023926
architecture_control,(,29,0.725,40,0.2759852409362793
architecture_control,=,30,0.75,40,0.09904003143310547
architecture_control,O,31,0.775,40,0.3127474784851074
architecture_control,),32,0.8,40,0.08419656753540039
architecture_control,C,33,0.825,40,0.18569326400756836
architecture_control,(,34,0.85,40,0.1893177032470703
architecture_control,=,35,0.875,40,0.07948732376098633
architecture_control,O,36,0.9,40,0.2786264419555664
architecture_control,),37,0.925,40,0.012187004089355469
architecture_control,N,38,0.95,40,0.005930423736572266
architecture_control,[*],39,0.975,40,0.014546871185302734
architecture_control,[*],0,0.0,23,0.1749434471130371
architecture_control,C,1,0.043478260869565216,23,0.11114025115966797
architecture_control,C,2,0.08695652173913043,23,0.11114025115966797
architecture_control,O,3,0.13043478260869565,23,0.25205039978027344
architecture_control,C,4,0.17391304347826086,23,0.13423442840576172
architecture_control,C,5,0.21739130434782608,23,0.13423442840576172
architecture_control,O,6,0.2608695652173913,23,0.15494251251220703
architecture_control,C,7,0.30434782608695654,23,0.09956932067871094
architecture_control,(,8,0.34782608695652173,23,0.01991128921508789
architecture_control,=,9,0.391304347826087,23,0.17762136459350586
architecture_control,O,10,0.43478260869565216,23,0.023071765899658203
architecture_control,),11,0.4782608695652174,23,0.06503152847290039
architecture_control,C,12,0.5217391304347826,23,0.11226224899291992
architecture_control,(,13,0.5652173913043478,23,0.041468143463134766
architecture_control,C,14,0.6086956521739131,23,0.1298999786376953
architecture_control,),15,0.6521739130434783,23,0.054409027099609375
architecture_control,C,16,0.6956521739130435,23,0.11883878707885742
architecture_control,(,17,0.7391304347826086,23,0.032776832580566406
architecture_control,=,18,0.782608695652174,23,0.39248228073120117
architecture_control,O,19,0.8260869565217391,23,0.16327619552612305
architecture_control,),20,0.8695652173913043,23,0.025032997131347656
architecture_control,O,21,0.9130434782608695,23,0.18228864669799805
architecture_control,[*],22,0.9565217391304348,23,0.09097099304199219
architecture_control,[*],0,0.0,25,0.8396058082580566
architecture_control,C,1,0.04,25,0.6151618957519531
architecture_control,(,2,0.08,25,0.6763968467712402
architecture_control,=,3,0.12,25,1.438037395477295
architecture_control,O,4,0.16,25,1.1068391799926758
architecture_control,),5,0.2,25,1.0988545417785645
architecture_control,O,6,0.24,25,0.9419360160827637
architecture_control,C,7,0.28,25,1.0588674545288086
architecture_control,C,8,0.32,25,1.0588674545288086
architecture_control,O,9,0.36,25,0.8825211524963379
architecture_control,C,10,0.4,25,0.9317259788513184
architecture_control,(,11,0.44,25,0.8524589538574219
architecture_control,=,12,0.48,25,1.134932041168213
architecture_control,O,13,0.52,25,0.9017248153686523
architecture_control,),14,0.56,25,0.9044294357299805
architecture_control,c,15,0.6,25,1.0413556098937988
architecture_control,1,16,0.64,25,0.7465662956237793
architecture_control,c,17,0.68,25,0.9235005378723145
architecture_control,c,18,0.72,25,0.9235005378723145
architecture_control,c,19,0.76,25,0.9235005378723145
architecture_control,(,20,0.8,25,0.7835216522216797
architecture_control,[*],21,0.84,25,0.8067612648010254
architecture_control,),22,0.88,25,0.7643084526062012
architecture_control,o,23,0.92,25,0.38018369674682617
architecture_control,1,24,0.96,25,0.1855180263519287
architecture_control,[*],0,0.0,14,0.03235435485839844
architecture_control,C,1,0.07142857142857142,14,0.20602035522460938
architecture_control,C,2,0.14285714285714285,14,0.20602035522460938
architecture_control,C,3,0.21428571428571427,14,0.20602035522460938
architecture_control,C,4,0.2857142857142857,14,0.20602035522460938
architecture_control,C,5,0.35714285714285715,14,0.20602035522460938
architecture_control,C,6,0.42857142857142855,14,0.20602035522460938
architecture_control,C,7,0.5,14,0.20602035522460938
architecture_control,(,8,0.5714285714285714,14,0.3950681686401367
architecture_control,=,9,0.6428571428571429,14,0.32059574127197266
architecture_control,O,10,0.7142857142857143,14,0.9497642517089844
architecture_control,),11,0.7857142857142857,14,0.20064020156860352
architecture_control,N,12,0.8571428571428571,14,0.4725770950317383
architecture_control,[*],13,0.9285714285714286,14,0.018059253692626953
architecture_control,[*],0,0.0,64,1.2935590744018555
architecture_control,O,1,0.015625,64,1.4037814140319824
architecture_control,c,2,0.03125,64,0.9031496047973633
architecture_control,1,3,0.046875,64,0.6584281921386719
architecture_control,c,4,0.0625,64,0.6892902851104736
architecture_control,c,5,0.078125,64,0.6892902851104736
architecture_control,c,6,0.09375,64,0.6892902851104736
architecture_control,(,7,0.109375,64,0.8152503967285156
architecture_control,C,8,0.125,64,0.7673797607421875
architecture_control,2,9,0.140625,64,0.7379968166351318
architecture_control,(,10,0.15625,64,0.7561233043670654
architecture_control,c,11,0.171875,64,0.6164391040802002
architecture_control,3,12,0.1875,64,0.5644171237945557
architecture_control,c,13,0.203125,64,0.5379717350006104
architecture_control,c,14,0.21875,64,0.5379717350006104
architecture_control,c,15,0.234375,64,0.5379717350006104
architecture_control,(,16,0.25,64,0.6991615295410156
architecture_control,O,17,0.265625,64,0.6314713954925537
architecture_control,C,18,0.28125,64,0.6478879451751709
architecture_control,(,19,0.296875,64,0.6764845848083496
architecture_control,=,20,0.3125,64,0.2393784523010254
architecture_control,O,21,0.328125,64,0.43509531021118164
architecture_control,),22,0.34375,64,0.4748654365539551
architecture_control,C,23,0.359375,64,0.5137662887573242
architecture_control,C,24,0.375,64,0.5137662887573242
architecture_control,C,25,0.390625,64,0.5137662887573242
architecture_control,C,26,0.40625,64,0.5137662887573242
architecture_control,C,27,0.421875,64,0.5137662887573242
architecture_control,C,28,0.4375,64,0.5137662887573242
architecture_control,C,29,0.453125,64,0.5137662887573242
architecture_control,C,30,0.46875,64,0.5137662887573242
architecture_control,C,31,0.484375,64,0.5137662887573242
architecture_control,(,32,0.5,64,0.5820155143737793
architecture_control,[*],33,0.515625,64,0.4871094226837158
architecture_control,),34,0.53125,64,0.4318115711212158
architecture_control,=,35,0.546875,64,0.2508230209350586
architecture_control,O,36,0.5625,64,0.48189353942871094
architecture_control,),37,0.578125,64,0.3421328067779541
architecture_control,c,38,0.59375,64,0.31696009635925293
architecture_control,c,39,0.609375,64,0.31696009635925293
architecture_control,3,40,0.625,64,0.23345136642456055
architecture_control,),41,0.640625,64,0.24531841278076172
architecture_control,c,42,0.65625,64,0.1848134994506836
architecture_control,3,43,0.671875,64,0.09759378433227539
architecture_control,c,44,0.6875,64,0.08021688461303711
architecture_control,c,45,0.703125,64,0.08021688461303711
architecture_control,c,46,0.71875,64,0.08021688461303711
architecture_control,c,47,0.734375,64,0.08021688461303711
architecture_control,c,48,0.75,64,0.08021688461303711
architecture_control,3,49,0.765625,64,0.05227375030517578
architecture_control,C,50,0.78125,64,0.09130859375
architecture_control,c,51,0.796875,64,0.05774688720703125
architecture_control,3,52,0.8125,64,0.07051372528076172
architecture_control,c,53,0.828125,64,0.02072429656982422
architecture_control,c,54,0.84375,64,0.02072429656982422
architecture_control,c,55,0.859375,64,0.02072429656982422
architecture_control,c,56,0.875,64,0.02072429656982422
architecture_control,c,57,0.890625,64,0.02072429656982422
architecture_control,3,58,0.90625,64,0.1543436050415039
architecture_control,2,59,0.921875,64,0.11884498596191406
architecture_control,),60,0.9375,64,0.09875059127807617
architecture_control,c,61,0.953125,64,0.20081186294555664
architecture_control,c,62,0.96875,64,0.20081186294555664
architecture_control,1,63,0.984375,64,0.13515281677246094
architecture_control,[*],0,0.0,57,0.03475761413574219
architecture_control,C,1,0.017543859649122806,57,0.018164634704589844
architecture_control,C,2,0.03508771929824561,57,0.018164634704589844
architecture_control,C,3,0.05263157894736842,57,0.018164634704589844
architecture_control,O,4,0.07017543859649122,57,0.05669689178466797
architecture_control,c,5,0.08771929824561403,57,0.007441043853759766
architecture_control,1,6,0.10526315789473684,57,0.11262369155883789
architecture_control,c,7,0.12280701754385964,57,0.11804533004760742
architecture_control,c,8,0.14035087719298245,57,0.11804533004760742
architecture_control,c,9,0.15789473684210525,57,0.11804533004760742
architecture_control,(,10,0.17543859649122806,57,0.06176328659057617
architecture_control,C,11,0.19298245614035087,57,0.11447381973266602
architecture_control,(,12,0.21052631578947367,57,0.05540657043457031
architecture_control,=,13,0.22807017543859648,57,0.15823936462402344
architecture_control,O,14,0.24561403508771928,57,0.03411531448364258
architecture_control,),15,0.2631578947368421,57,0.07944631576538086
architecture_control,O,16,0.2807017543859649,57,0.05082225799560547
architecture_control,C,17,0.2982456140350877,57,0.016889095306396484
architecture_control,(,18,0.3157894736842105,57,0.08798360824584961
architecture_control,=,19,0.3333333333333333,57,0.06253528594970703
architecture_control,O,20,0.3508771929824561,57,0.11624288558959961
architecture_control,),21,0.3684210526315789,57,0.06889152526855469
architecture_control,c,22,0.38596491228070173,57,0.0325922966003418
architecture_control,2,23,0.40350877192982454,57,0.029188156127929688
architecture_control,c,24,0.42105263157894735,57,0.04672431945800781
architecture_control,c,25,0.43859649122807015,57,0.04672431945800781
architecture_control,c,26,0.45614035087719296,57,0.04672431945800781
architecture_control,c,27,0.47368421052631576,57,0.04672431945800781
architecture_control,c,28,0.49122807017543857,57,0.04672431945800781
architecture_control,2,29,0.5087719298245614,57,0.031615257263183594
architecture_control,C,30,0.5263157894736842,57,0.02870655059814453
architecture_control,(,31,0.543859649122807,57,0.0073394775390625
architecture_control,=,32,0.5614035087719298,57,0.09919595718383789
architecture_control,O,33,0.5789473684210527,57,0.00429534912109375
architecture_control,),34,0.5964912280701754,57,0.025784969329833984
architecture_control,O,35,0.6140350877192983,57,0.005569934844970703
architecture_control,C,36,0.631578947368421,57,0.025929927825927734
architecture_control,(,37,0.6491228070175439,57,0.0767526626586914
architecture_control,=,38,0.6666666666666666,57,0.03914451599121094
architecture_control,O,39,0.6842105263157895,57,0.07369565963745117
architecture_control,),40,0.7017543859649122,57,0.01633453369140625
architecture_control,c,41,0.7192982456140351,57,0.03160238265991211
architecture_control,2,42,0.7368421052631579,57,0.07963085174560547
architecture_control,c,43,0.7543859649122807,57,0.048090457916259766
architecture_control,c,44,0.7719298245614035,57,0.048090457916259766
architecture_control,c,45,0.7894736842105263,57,0.048090457916259766
architecture_control,(,46,0.8070175438596491,57,0.003002166748046875
architecture_control,O,47,0.8245614035087719,57,0.08104658126831055
architecture_control,[*],48,0.8421052631578947,57,0.047736167907714844
architecture_control,),49,0.8596491228070176,57,0.054708003997802734
architecture_control,c,50,0.8771929824561403,57,0.04361677169799805
architecture_control,c,51,0.8947368421052632,57,0.04361677169799805
architecture_control,2,52,0.9122807017543859,57,0.10666036605834961
architecture_control,),53,0.9298245614035088,57,0.11563396453857422
architecture_control,c,54,0.9473684210526315,57,0.07349348068237305
architecture_control,c,55,0.9649122807017544,57,0.07349348068237305
architecture_control,1,56,0.9824561403508771,57,0.06379365921020508
architecture_control,[*],0,0.0,44,0.0754404067993164
architecture_control,C,1,0.022727272727272728,44,0.15427207946777344
architecture_control,C,2,0.045454545454545456,44,0.15427207946777344
architecture_control,C,3,0.06818181818181818,44,0.15427207946777344
architecture_control,C,4,0.09090909090909091,44,0.15427207946777344
architecture_control,C,5,0.11363636363636363,44,0.15427207946777344
architecture_control,c,6,0.13636363636363635,44,0.13846111297607422
architecture_control,1,7,0.1590909090909091,44,0.15729951858520508
architecture_control,c,8,0.18181818181818182,44,0.14183330535888672
architecture_control,c,9,0.20454545454545456,44,0.14183330535888672
architecture_control,c,10,0.22727272727272727,44,0.14183330535888672
architecture_control,(,11,0.25,44,0.030998706817626953
architecture_control,C,12,0.2727272727272727,44,0.07275104522705078
architecture_control,C,13,0.29545454545454547,44,0.07275104522705078
architecture_control,C,14,0.3181818181818182,44,0.07275104522705078
architecture_control,C,15,0.3409090909090909,44,0.07275104522705078
architecture_control,C,16,0.36363636363636365,44,0.07275104522705078
architecture_control,O,17,0.38636363636363635,44,0.001636505126953125
architecture_control,C,18,0.4090909090909091,44,0.07725143432617188
architecture_control,(,19,0.4318181818181818,44,0.027938365936279297
architecture_control,=,20,0.45454545454545453,44,0.35097646713256836
architecture_control,O,21,0.4772727272727273,44,0.14020347595214844
architecture_control,),22,0.5,44,0.22042226791381836
architecture_control,c,23,0.5227272727272727,44,0.25748300552368164
architecture_control,2,24,0.5454545454545454,44,0.1860494613647461
architecture_control,c,25,0.5681818181818182,44,0.07184314727783203
architecture_control,c,26,0.5909090909090909,44,0.07184314727783203
architecture_control,c,27,0.6136363636363636,44,0.07184314727783203
architecture_control,(,28,0.6363636363636364,44,0.04635763168334961
architecture_control,C,29,0.6590909090909091,44,0.021218299865722656
architecture_control,(,30,0.6818181818181818,44,0.07552385330200195
architecture_control,=,31,0.7045454545454546,44,0.20284461975097656
architecture_control,O,32,0.7272727272727273,44,0.04512357711791992
architecture_control,),33,0.75,44,0.08729267120361328
architecture_control,O,34,0.7727272727272727,44,0.10947608947753906
architecture_control,[*],35,0.7954545454545454,44,0.04708528518676758
architecture_control,),36,0.8181818181818182,44,0.0459752082824707
architecture_control,c,37,0.8409090909090909,44,0.07973480224609375
architecture_control,c,38,0.8636363636363636,44,0.07973480224609375
architecture_control,2,39,0.8863636363636364,44,0.010509967803955078
architecture_control,),40,0.9090909090909091,44,0.009847640991210938
architecture_control,c,41,0.9318181818181818,44,0.027771949768066406
architecture_control,c,42,0.9545454545454546,44,0.027771949768066406
architecture_control,1,43,0.9772727272727273,44,0.08347177505493164
architecture_control,[*],0,0.0,31,0.6309309005737305
architecture_control,N,1,0.03225806451612903,31,0.39241647720336914
architecture_control,C,2,0.06451612903225806,31,0.6392440795898438
architecture_control,(,3,0.0967741935483871,31,0.6068582534790039
architecture_control,C,4,0.12903225806451613,31,0.42859458923339844
architecture_control,C,5,0.16129032258064516,31,0.42859458923339844
architecture_control,C,6,0.1935483870967742,31,0.42859458923339844
architecture_control,(,7,0.22580645161290322,31,0.3826446533203125
architecture_control,=,8,0.25806451612903225,31,0.7714176177978516
architecture_control,O,9,0.2903225806451613,31,0.3306906223297119
architecture_control,),10,0.3225806451612903,31,0.04242420196533203
architecture_control,O,11,0.3548387096774194,31,0.046389102935791016
architecture_control,C,12,0.3870967741935484,31,0.4521346092224121
architecture_control,c,13,0.41935483870967744,31,0.5538434982299805
architecture_control,1,14,0.45161290322580644,31,0.6152830123901367
architecture_control,c,15,0.4838709677419355,31,0.7966470718383789
architecture_control,c,16,0.5161290322580645,31,0.7966470718383789
architecture_control,c,17,0.5483870967741935,31,0.7966470718383789
architecture_control,(,18,0.5806451612903226,31,0.6126546859741211
architecture_control,Cl,19,0.6129032258064516,31,0.741302490234375
architecture_control,),20,0.6451612903225806,31,0.8265724182128906
architecture_control,c,21,0.6774193548387096,31,0.9258933067321777
architecture_control,c,22,0.7096774193548387,31,0.9258933067321777
architecture_control,1,23,0.7419354838709677,31,0.9486823081970215
architecture_control,),24,0.7741935483870968,31,0.9158778190612793
architecture_control,C,25,0.8064516129032258,31,0.9298067092895508
architecture_control,(,26,0.8387096774193549,31,0.9071874618530273
architecture_control,[*],27,0.8709677419354839,31,0.9044790267944336
architecture_control,),28,0.9032258064516129,31,0.7418570518493652
architecture_control,=,29,0.9354838709677419,31,0.7984857559204102
architecture_control,O,30,0.967741935483871,31,0.14748001098632812
architecture_control,[*],0,0.0,70,0.23662996292114258
architecture_control,N,1,0.014285714285714285,70,0.19147348403930664
architecture_control,c,2,0.02857142857142857,70,0.2050924301147461
architecture_control,1,3,0.04285714285714286,70,0.27069878578186035
architecture_control,c,4,0.05714285714285714,70,0.22689008712768555
architecture_control,c,5,0.07142857142857142,70,0.22689008712768555
architecture_control,(,6,0.08571428571428572,70,0.20213913917541504
architecture_control,N,7,0.1,70,0.2480165958404541
architecture_control,C,8,0.11428571428571428,70,0.22600317001342773
architecture_control,(,9,0.12857142857142856,70,0.2306828498840332
architecture_control,=,10,0.14285714285714285,70,0.7555007934570312
architecture_control,O,11,0.15714285714285714,70,0.3716554641723633
architecture_control,),12,0.17142857142857143,70,0.5080056190490723
architecture_control,N,13,0.18571428571428572,70,0.466489315032959
architecture_control,c,14,0.2,70,0.5048809051513672
architecture_control,2,15,0.21428571428571427,70,0.4450831413269043
architecture_control,c,16,0.22857142857142856,70,0.4700033664703369
architecture_control,c,17,0.24285714285714285,70,0.4700033664703369
architecture_control,c,18,0.2571428571428571,70,0.4700033664703369
architecture_control,(,19,0.2714285714285714,70,0.42322492599487305
architecture_control,N,20,0.2857142857142857,70,0.44939708709716797
architecture_control,C,21,0.3,70,0.4415149688720703
architecture_control,(,22,0.3142857142857143,70,0.5001239776611328
architecture_control,[*],23,0.32857142857142857,70,0.73911452293396
architecture_control,),24,0.34285714285714286,70,0.7838134765625
architecture_control,=,25,0.35714285714285715,70,0.9147934913635254
architecture_control,O,26,0.37142857142857144,70,0.5750250816345215
architecture_control,),27,0.38571428571428573,70,0.7553586959838867
architecture_control,c,28,0.4,70,0.7624711990356445
architecture_control,c,29,0.4142857142857143,70,0.7624711990356445
architecture_control,2,30,0.42857142857142855,70,0.6427557468414307
architecture_control,),31,0.44285714285714284,70,0.6944980621337891
architecture_control,c,32,0.45714285714285713,70,0.7133848667144775
architecture_control,c,33,0.4714285714285714,70,0.7133848667144775
architecture_control,(,34,0.4857142857142857,70,0.6083419322967529
architecture_control,C,35,0.5,70,0.6635887622833252
architecture_control,(,36,0.5142857142857142,70,0.6565661430358887
architecture_control,=,37,0.5285714285714286,70,1.016702651977539
architecture_control,O,38,0.5428571428571428,70,0.5096886157989502
architecture_control,),39,0.5571428571428572,70,0.6288728713989258
architecture_control,N,40,0.5714285714285714,70,0.4977080821990967
architecture_control,c,41,0.5857142857142857,70,0.5551106929779053
architecture_control,2,42,0.6,70,0.5755205154418945
architecture_control,c,43,0.6142857142857143,70,0.5067672729492188
architecture_control,c,44,0.6285714285714286,70,0.5067672729492188
architecture_control,c,45,0.6428571428571429,70,0.5067672729492188
architecture_control,c,46,0.6571428571428571,70,0.5067672729492188
architecture_control,3,47,0.6714285714285714,70,0.30354738235473633
architecture_control,c,48,0.6857142857142857,70,0.1052083969116211
architecture_control,2,49,0.7,70,0.11347746849060059
architecture_control,C,50,0.7142857142857143,70,0.009007930755615234
architecture_control,(,51,0.7285714285714285,70,0.011336565017700195
architecture_control,=,52,0.7428571428571429,70,0.28102540969848633
architecture_control,O,53,0.7571428571428571,70,0.1467881202697754
architecture_control,),54,0.7714285714285715,70,0.25745725631713867
architecture_control,c,55,0.7857142857142857,70,0.21368074417114258
architecture_control,2,56,0.8,70,0.1854853630065918
architecture_control,c,57,0.8142857142857143,70,0.13888192176818848
architecture_control,c,58,0.8285714285714286,70,0.13888192176818848
architecture_control,c,59,0.8428571428571429,70,0.13888192176818848
architecture_control,c,60,0.8571428571428571,70,0.13888192176818848
architecture_control,c,61,0.8714285714285714,70,0.13888192176818848
architecture_control,2,62,0.8857142857142857,70,0.10585212707519531
architecture_control,C,63,0.9,70,0.11251211166381836
architecture_control,3,64,0.9142857142857143,70,0.028963565826416016
architecture_control,=,65,0.9285714285714286,70,0.18837833404541016
architecture_control,O,66,0.9428571428571428,70,0.06386113166809082
architecture_control,),67,0.9571428571428572,70,0.048264503479003906
architecture_control,c,68,0.9714285714285714,70,0.018583297729492188
architecture_control,1,69,0.9857142857142858,70,0.02581024169921875
architecture_control,[*],0,0.0,18,0.6762595176696777
architecture_control,N,1,0.05555555555555555,18,0.5851106643676758
architecture_control,C,2,0.1111111111111111,18,0.48218512535095215
architecture_control,(,3,0.16666666666666666,18,0.568458080291748
architecture_control,=,4,0.2222222222222222,18,1.3583784103393555
architecture_control,O,5,0.2777777777777778,18,0.5045580863952637
architecture_control,),6,0.3333333333333333,18,1.4548492431640625
architecture_control,C,7,0.3888888888888889,18,1.147193431854248
architecture_control,(,8,0.4444444444444444,18,1.1278491020202637
architecture_control,=,9,0.5,18,1.6860246658325195
architecture_control,S,10,0.5555555555555556,18,2.056838035583496
architecture_control,),11,0.6111111111111112,18,1.2824177742004395
architecture_control,C,12,0.6666666666666666,18,0.929999589920044
architecture_control,(,13,0.7222222222222222,18,0.6759629249572754
architecture_control,=,14,0.7777777777777778,18,1.3853416442871094
architecture_control,O,15,0.8333333333333334,18,0.5374195575714111
architecture_control,),16,0.8888888888888888,18,0.2875337600708008
architecture_control,[*],17,0.9444444444444444,18,0.14633822441101074
architecture_control,[*],0,0.0,22,0.8778088092803955
architecture_control,c,1,0.045454545454545456,22,1.0263473987579346
architecture_control,1,2,0.09090909090909091,22,1.1447298526763916
architecture_control,c,3,0.13636363636363635,22,0.16043734550476074
architecture_control,c,4,0.18181818181818182,22,0.16043734550476074
architecture_control,(,5,0.22727272727272727,22,0.13204097747802734
architecture_control,-,6,0.2727272727272727,22,0.018915653228759766
architecture_control,c,7,0.3181818181818182,22,0.13892221450805664
architecture_control,2,8,0.36363636363636365,22,0.011196374893188477
architecture_control,c,9,0.4090909090909091,22,0.30116748809814453
architecture_control,c,10,0.45454545454545453,22,0.30116748809814453
architecture_control,c,11,0.5,22,0.30116748809814453
architecture_control,c,12,0.5454545454545454,22,0.30116748809814453
architecture_control,c,13,0.5909090909090909,22,0.30116748809814453
architecture_control,2,14,0.6363636363636364,22,0.0006394386291503906
architecture_control,),15,0.6818181818181818,22,0.11540341377258301
architecture_control,c,16,0.7272727272727273,22,0.11644291877746582
architecture_control,(,17,0.7727272727272727,22,0.025275468826293945
architecture_control,[*],18,0.8181818181818182,22,0.256486177444458
architecture_control,),19,0.8636363636363636,22,0.19605708122253418
architecture_control,s,20,0.9090909090909091,22,1.5119569301605225
architecture_control,1,21,0.9545454545454546,22,0.018189191818237305
architecture_control,[*],0,0.0,43,1.2752654552459717
architecture_control,c,1,0.023255813953488372,43,1.3337819576263428
architecture_control,1,2,0.046511627906976744,43,1.2120192050933838
architecture_control,c,3,0.06976744186046512,43,1.0816075801849365
architecture_control,c,4,0.09302325581395349,43,1.0816075801849365
architecture_control,c,5,0.11627906976744186,43,1.0816075801849365
architecture_control,(,6,0.13953488372093023,43,0.9749209880828857
architecture_control,C,7,0.16279069767441862,43,1.0344874858856201
architecture_control,C,8,0.18604651162790697,43,1.0344874858856201
architecture_control,c,9,0.20930232558139536,43,1.0956952571868896
architecture_control,2,10,0.23255813953488372,43,1.1534779071807861
architecture_control,c,11,0.2558139534883721,43,0.6909692287445068
architecture_control,c,12,0.27906976744186046,43,0.6909692287445068
architecture_control,c,13,0.3023255813953488,43,0.6909692287445068
architecture_control,(,14,0.32558139534883723,43,0.5910041332244873
architecture_control,N,15,0.3488372093023256,43,0.7558224201202393
architecture_control,3,16,0.37209302325581395,43,0.8181798458099365
architecture_control,C,17,0.3953488372093023,43,0.7059061527252197
architecture_control,(,18,0.4186046511627907,43,0.6390657424926758
architecture_control,=,19,0.4418604651162791,43,1.1273953914642334
architecture_control,O,20,0.46511627906976744,43,0.4685688018798828
architecture_control,),21,0.4883720930232558,43,0.6865570545196533
architecture_control,C,22,0.5116279069767442,43,0.6253345012664795
architecture_control,(,23,0.5348837209302325,43,0.547961950302124
architecture_control,=,24,0.5581395348837209,43,0.8123941421508789
architecture_control,O,25,0.5813953488372093,43,0.07971024513244629
architecture_control,),26,0.6046511627906976,43,0.3414285182952881
architecture_control,N,27,0.627906976744186,43,0.21913933753967285
architecture_control,(,28,0.6511627906976745,43,0.19271159172058105
architecture_control,[*],29,0.6744186046511628,43,0.1477954387664795
architecture_control,),30,0.6976744186046512,43,0.2594292163848877
architecture_control,C,31,0.7209302325581395,43,0.16446375846862793
architecture_control,3,32,0.7441860465116279,43,0.36925816535949707
architecture_control,=,33,0.7674418604651163,43,0.5501821041107178
architecture_control,O,34,0.7906976744186046,43,0.10385489463806152
architecture_control,),35,0.813953488372093,43,0.14005017280578613
architecture_control,c,36,0.8372093023255814,43,0.05148053169250488
architecture_control,c,37,0.8604651162790697,43,0.05148053169250488
architecture_control,2,38,0.8837209302325582,43,0.0834808349609375
architecture_control,),39,0.9069767441860465,43,0.10394024848937988
architecture_control,c,40,0.9302325581395349,43,0.00913691520690918
architecture_control,c,41,0.9534883720930233,43,0.00913691520690918
architecture_control,1,42,0.9767441860465116,43,0.07130241394042969
architecture_control,[*],0,0.0,13,0.037987709045410156
architecture_control,C,1,0.07692307692307693,13,0.05163145065307617
architecture_control,C,2,0.15384615384615385,13,0.05163145065307617
architecture_control,C,3,0.23076923076923078,13,0.05163145065307617
architecture_control,C,4,0.3076923076923077,13,0.05163145065307617
architecture_control,N,5,0.38461538461538464,13,0.33556556701660156
architecture_control,C,6,0.46153846153846156,13,0.09550762176513672
architecture_control,(,7,0.5384615384615384,13,0.04425239562988281
architecture_control,=,8,0.6153846153846154,13,0.22289037704467773
architecture_control,O,9,0.6923076923076923,13,0.030294418334960938
architecture_control,),10,0.7692307692307693,13,0.0552363395690918
architecture_control,O,11,0.8461538461538461,13,0.2046055793762207
architecture_control,[*],12,0.9230769230769231,13,0.1665182113647461
architecture_control,[*],0,0.0,18,0.18143081665039062
architecture_control,C,1,0.05555555555555555,18,0.19011878967285156
architecture_control,C,2,0.1111111111111111,18,0.19011878967285156
architecture_control,C,3,0.16666666666666666,18,0.19011878967285156
architecture_control,C,4,0.2222222222222222,18,0.19011878967285156
architecture_control,C,5,0.2777777777777778,18,0.19011878967285156
architecture_control,C,6,0.3333333333333333,18,0.19011878967285156
architecture_control,C,7,0.3888888888888889,18,0.19011878967285156
architecture_control,C,8,0.4444444444444444,18,0.19011878967285156
architecture_control,C,9,0.5,18,0.19011878967285156
architecture_control,C,10,0.5555555555555556,18,0.19011878967285156
architecture_control,C,11,0.6111111111111112,18,0.19011878967285156
architecture_control,(,12,0.6666666666666666,18,0.25778913497924805
architecture_control,=,13,0.7222222222222222,18,0.5083560943603516
architecture_control,O,14,0.7777777777777778,18,0.4275684356689453
architecture_control,),15,0.8333333333333334,18,0.069091796875
architecture_control,N,16,0.8888888888888888,18,0.26180267333984375
architecture_control,[*],17,0.9444444444444444,18,0.02662372589111328
architecture_control,[*],0,0.0,46,0.06535220146179199
architecture_control,c,1,0.021739130434782608,46,0.016904592514038086
architecture_control,1,2,0.043478260869565216,46,0.003889799118041992
architecture_control,c,3,0.06521739130434782,46,0.3792743682861328
architecture_control,c,4,0.08695652173913043,46,0.3792743682861328
architecture_control,(,5,0.10869565217391304,46,0.5181989669799805
architecture_control,O,6,0.13043478260869565,46,0.529120683670044
architecture_control,C,7,0.15217391304347827,46,0.5389869213104248
architecture_control,C,8,0.17391304347826086,46,0.5389869213104248
architecture_control,C,9,0.1956521739130435,46,0.5389869213104248
architecture_control,C,10,0.21739130434782608,46,0.5389869213104248
architecture_control,C,11,0.2391304347826087,46,0.5389869213104248
architecture_control,C,12,0.2608695652173913,46,0.5389869213104248
architecture_control,C,13,0.2826086956521739,46,0.5389869213104248
architecture_control,C,14,0.30434782608695654,46,0.5389869213104248
architecture_control,C,15,0.32608695652173914,46,0.5389869213104248
architecture_control,C,16,0.34782608695652173,46,0.5389869213104248
architecture_control,),17,0.3695652173913043,46,0.5050928592681885
architecture_control,c,18,0.391304347826087,46,0.7446243762969971
architecture_control,c,19,0.41304347826086957,46,0.7446243762969971
architecture_control,(,20,0.43478260869565216,46,0.5807020664215088
architecture_control,-,21,0.45652173913043476,46,0.5718677043914795
architecture_control,c,22,0.4782608695652174,46,0.6053273677825928
architecture_control,2,23,0.5,46,0.6281149387359619
architecture_control,n,24,0.5217391304347826,46,0.8933780193328857
architecture_control,c,25,0.5434782608695652,46,0.7801768779754639
architecture_control,3,26,0.5652173913043478,46,0.4559338092803955
architecture_control,c,27,0.5869565217391305,46,0.6505997180938721
architecture_control,c,28,0.6086956521739131,46,0.6505997180938721
architecture_control,4,29,0.6304347826086957,46,0.376417875289917
architecture_control,s,30,0.6521739130434783,46,0.8255178928375244
architecture_control,c,31,0.6739130434782609,46,0.5193588733673096
architecture_control,(,32,0.6956521739130435,46,0.4709761142730713
architecture_control,[*],33,0.717391304347826,46,0.8179700374603271
architecture_control,),34,0.7391304347826086,46,0.3747413158416748
architecture_control,n,35,0.7608695652173914,46,0.5141546726226807
architecture_control,c,36,0.782608695652174,46,0.4878253936767578
architecture_control,4,37,0.8043478260869565,46,0.36792850494384766
architecture_control,c,38,0.8260869565217391,46,0.5574009418487549
architecture_control,c,39,0.8478260869565217,46,0.5574009418487549
architecture_control,3,40,0.8695652173913043,46,0.37239575386047363
architecture_control,s,41,0.8913043478260869,46,0.29200077056884766
architecture_control,2,42,0.9130434782608695,46,0.1854541301727295
architecture_control,),43,0.9347826086956522,46,0.07294964790344238
architecture_control,c,44,0.9565217391304348,46,0.14045500755310059
architecture_control,1,45,0.9782608695652174,46,0.0341336727142334
architecture_control,[*],0,0.0,23,0.08517122268676758
architecture_control,C,1,0.043478260869565216,23,0.015569210052490234
architecture_control,C,2,0.08695652173913043,23,0.015569210052490234
architecture_control,O,3,0.13043478260869565,23,0.1488642692565918
architecture_control,C,4,0.17391304347826086,23,0.021033287048339844
architecture_control,C,5,0.21739130434782608,23,0.021033287048339844
architecture_control,O,6,0.2608695652173913,23,0.07261848449707031
architecture_control,C,7,0.30434782608695654,23,0.052130699157714844
architecture_control,(,8,0.34782608695652173,23,0.11988496780395508
architecture_control,=,9,0.391304347826087,23,0.08907699584960938
architecture_control,O,10,0.43478260869565216,23,0.2635178565979004
architecture_control,),11,0.4782608695652174,23,0.1392841339111328
architecture_control,C,12,0.5217391304347826,23,0.2176351547241211
architecture_control,C,13,0.5652173913043478,23,0.2176351547241211
architecture_control,C,14,0.6086956521739131,23,0.2176351547241211
architecture_control,C,15,0.6521739130434783,23,0.2176351547241211
architecture_control,C,16,0.6956521739130435,23,0.2176351547241211
architecture_control,(,17,0.7391304347826086,23,0.16084671020507812
architecture_control,=,18,0.782608695652174,23,0.17780017852783203
architecture_control,O,19,0.8260869565217391,23,0.09976768493652344
architecture_control,),20,0.8695652173913043,23,0.010056018829345703
architecture_control,O,21,0.9130434782608695,23,0.0008516311645507812
architecture_control,[*],22,0.9565217391304348,23,0.012376785278320312
architecture_control,[*],0,0.0,16,1.032822608947754
architecture_control,C,1,0.0625,16,1.0949018001556396
architecture_control,O,2,0.125,16,1.4247536659240723
architecture_control,C,3,0.1875,16,1.1463029384613037
architecture_control,(,4,0.25,16,0.8197393417358398
architecture_control,S,5,0.3125,16,0.1820697784423828
architecture_control,1,6,0.375,16,1.5697007179260254
architecture_control,),7,0.4375,16,1.1958677768707275
architecture_control,=,8,0.5,16,0.829681396484375
architecture_control,C,9,0.5625,16,1.4636609554290771
architecture_control,C,10,0.625,16,1.4636609554290771
architecture_control,=,11,0.6875,16,0.41086912155151367
architecture_control,C,12,0.75,16,1.0163869857788086
architecture_control,1,13,0.8125,16,0.5786590576171875
architecture_control,O,14,0.875,16,0.7056984901428223
architecture_control,[*],15,0.9375,16,0.053524017333984375
architecture_control,[*],0,0.0,23,1.1076674461364746
architecture_control,c,1,0.043478260869565216,23,0.9885261058807373
architecture_control,1,2,0.08695652173913043,23,1.0356554985046387
architecture_control,c,3,0.13043478260869565,23,0.27918529510498047
architecture_control,c,4,0.17391304347826086,23,0.27918529510498047
architecture_control,c,5,0.21739130434782608,23,0.27918529510498047
architecture_control,2,6,0.2608695652173913,23,0.3737607002258301
architecture_control,c,7,0.30434782608695654,23,0.32375049591064453
architecture_control,(,8,0.34782608695652173,23,0.14786791801452637
architecture_control,c,9,0.391304347826087,23,0.3752756118774414
architecture_control,1,10,0.43478260869565216,23,0.4257059097290039
architecture_control,),11,0.4782608695652174,23,0.2826235294342041
architecture_control,c,12,0.5217391304347826,23,0.20640325546264648
architecture_control,1,13,0.5652173913043478,23,0.1604771614074707
architecture_control,c,14,0.6086956521739131,23,0.050580501556396484
architecture_control,c,15,0.6521739130434783,23,0.050580501556396484
architecture_control,c,16,0.6956521739130435,23,0.050580501556396484
architecture_control,c,17,0.7391304347826086,23,0.050580501556396484
architecture_control,c,18,0.782608695652174,23,0.050580501556396484
architecture_control,1,19,0.8260869565217391,23,0.10288071632385254
architecture_control,n,20,0.8695652173913043,23,0.5044147968292236
architecture_control,2,21,0.9130434782608695,23,0.11965703964233398
architecture_control,[*],22,0.9565217391304348,23,0.23961639404296875
architecture_control,[*],0,0.0,35,0.9232807159423828
architecture_control,c,1,0.02857142857142857,35,1.1742439270019531
architecture_control,1,2,0.05714285714285714,35,0.6244769096374512
architecture_control,c,3,0.08571428571428572,35,0.1591033935546875
architecture_control,c,4,0.11428571428571428,35,0.1591033935546875
architecture_control,(,5,0.14285714285714285,35,0.09224843978881836
architecture_control,C,6,0.17142857142857143,35,0.0026788711547851562
architecture_control,(,7,0.2,35,0.353618860244751
architecture_control,F,8,0.22857142857142856,35,0.5467159748077393
architecture_control,),9,0.2571428571428571,35,0.15160512924194336
architecture_control,(,10,0.2857142857142857,35,0.12136697769165039
architecture_control,F,11,0.3142857142857143,35,0.17091989517211914
architecture_control,),12,0.34285714285714286,35,0.04303455352783203
architecture_control,C,13,0.37142857142857144,35,0.12560129165649414
architecture_control,(,14,0.4,35,0.1714329719543457
architecture_control,F,15,0.42857142857142855,35,0.26340341567993164
architecture_control,),16,0.45714285714285713,35,0.013035297393798828
architecture_control,(,17,0.4857142857142857,35,0.08019161224365234
architecture_control,F,18,0.5142857142857142,35,0.0726618766784668
architecture_control,),19,0.5428571428571428,35,0.34148073196411133
architecture_control,C,20,0.5714285714285714,35,0.5856113433837891
architecture_control,(,21,0.6,35,0.23158884048461914
architecture_control,F,22,0.6285714285714286,35,0.01399087905883789
architecture_control,),23,0.6571428571428571,35,0.008458137512207031
architecture_control,(,24,0.6857142857142857,35,0.3387289047241211
architecture_control,F,25,0.7142857142857143,35,0.42577075958251953
architecture_control,),26,0.7428571428571429,35,0.2349400520324707
architecture_control,F,27,0.7714285714285715,35,0.3041810989379883
architecture_control,),28,0.8,35,0.19344377517700195
architecture_control,c,29,0.8285714285714286,35,0.2201681137084961
architecture_control,(,30,0.8571428571428571,35,0.35253095626831055
architecture_control,[*],31,0.8857142857142857,35,0.09201431274414062
architecture_control,),32,0.9142857142857143,35,0.06723690032958984
architecture_control,s,33,0.9428571428571428,35,0.61883544921875
architecture_control,1,34,0.9714285714285714,35,0.304990291595459
architecture_control,[*],0,0.0,25,0.9105439186096191
architecture_control,C,1,0.04,25,1.0312600135803223
architecture_control,C,2,0.08,25,1.0312600135803223
architecture_control,(,3,0.12,25,0.8776848316192627
architecture_control,=,4,0.16,25,0.31697702407836914
architecture_control,O,5,0.2,25,1.1829047203063965
architecture_control,),6,0.24,25,0.3888087272644043
architecture_control,O,7,0.28,25,0.49669837951660156
architecture_control,C,8,0.32,25,0.48310279846191406
architecture_control,(,9,0.36,25,0.5938277244567871
architecture_control,=,10,0.4,25,0.2089238166809082
architecture_control,O,11,0.44,25,0.5104341506958008
architecture_control,),12,0.48,25,0.4573249816894531
architecture_control,c,13,0.52,25,0.423004150390625
architecture_control,1,14,0.56,25,0.6791219711303711
architecture_control,c,15,0.6,25,0.2981300354003906
architecture_control,c,16,0.64,25,0.2981300354003906
architecture_control,c,17,0.68,25,0.2981300354003906
architecture_control,c,18,0.72,25,0.2981300354003906
architecture_control,(,19,0.76,25,0.5402030944824219
architecture_control,O,20,0.8,25,0.7065420150756836
architecture_control,[*],21,0.84,25,0.4630403518676758
architecture_control,),22,0.88,25,0.17704153060913086
architecture_control,c,23,0.92,25,0.19075918197631836
architecture_control,1,24,0.96,25,0.17284059524536133
architecture_control,[*],0,0.0,24,0.3528718948364258
architecture_control,C,1,0.041666666666666664,24,0.37366342544555664
architecture_control,C,2,0.08333333333333333,24,0.37366342544555664
architecture_control,C,3,0.125,24,0.37366342544555664
architecture_control,C,4,0.16666666666666666,24,0.37366342544555664
architecture_control,C,5,0.20833333333333334,24,0.37366342544555664
architecture_control,C,6,0.25,24,0.37366342544555664
architecture_control,N,7,0.2916666666666667,24,0.1265735626220703
architecture_control,C,8,0.3333333333333333,24,0.24336481094360352
architecture_control,(,9,0.375,24,0.1899423599243164
architecture_control,=,10,0.4166666666666667,24,0.052399635314941406
architecture_control,O,11,0.4583333333333333,24,0.840484619140625
architecture_control,),12,0.5,24,0.3737964630126953
architecture_control,N,13,0.5416666666666666,24,0.4161186218261719
architecture_control,C,14,0.5833333333333334,24,0.554570198059082
architecture_control,C,15,0.625,24,0.554570198059082
architecture_control,N,16,0.6666666666666666,24,0.40680932998657227
architecture_control,C,17,0.7083333333333334,24,0.363525390625
architecture_control,(,18,0.75,24,0.38309764862060547
architecture_control,=,19,0.7916666666666666,24,0.052577972412109375
architecture_control,O,20,0.8333333333333334,24,0.4072842597961426
architecture_control,),21,0.875,24,0.03611898422241211
architecture_control,N,22,0.9166666666666666,24,0.07010078430175781
architecture_control,[*],23,0.9583333333333334,24,0.03263568878173828
architecture_control,[*],0,0.0,17,0.9723806381225586
architecture_control,N,1,0.058823529411764705,17,0.8102798461914062
architecture_control,c,2,0.11764705882352941,17,0.5175533294677734
architecture_control,1,3,0.17647058823529413,17,0.4475831985473633
architecture_control,c,4,0.23529411764705882,17,0.418673038482666
architecture_control,(,5,0.29411764705882354,17,0.5527844429016113
architecture_control,Cl,6,0.35294117647058826,17,0.20499897003173828
architecture_control,),7,0.4117647058823529,17,0.4083528518676758
architecture_control,c,8,0.47058823529411764,17,0.45752525329589844
architecture_control,c,9,0.5294117647058824,17,0.45752525329589844
architecture_control,(,10,0.5882352941176471,17,0.2598862648010254
architecture_control,[*],11,0.6470588235294118,17,0.6046938896179199
architecture_control,),12,0.7058823529411765,17,0.9156265258789062
architecture_control,c,13,0.7647058823529411,17,0.8748393058776855
architecture_control,c,14,0.8235294117647058,17,0.8748393058776855
architecture_control,1,15,0.8823529411764706,17,0.3003807067871094
architecture_control,Cl,16,0.9411764705882353,17,0.20209908485412598
architecture_control,[*],0,0.0,24,0.1255321502685547
architecture_control,C,1,0.041666666666666664,24,0.12624740600585938
architecture_control,C,2,0.08333333333333333,24,0.12624740600585938
architecture_control,C,3,0.125,24,0.12624740600585938
architecture_control,C,4,0.16666666666666666,24,0.12624740600585938
architecture_control,C,5,0.20833333333333334,24,0.12624740600585938
architecture_control,C,6,0.25,24,0.12624740600585938
architecture_control,C,7,0.2916666666666667,24,0.12624740600585938
architecture_control,C,8,0.3333333333333333,24,0.12624740600585938
architecture_control,C,9,0.375,24,0.12624740600585938
architecture_control,N,10,0.4166666666666667,24,0.09422540664672852
architecture_control,C,11,0.4583333333333333,24,0.2541084289550781
architecture_control,(,12,0.5,24,0.1911458969116211
architecture_control,=,13,0.5416666666666666,24,0.1291513442993164
architecture_control,O,14,0.5833333333333334,24,0.34331703186035156
architecture_control,),15,0.625,24,0.012525558471679688
architecture_control,C,16,0.6666666666666666,24,0.0590519905090332
architecture_control,C,17,0.7083333333333334,24,0.0590519905090332
architecture_control,(,18,0.75,24,0.04620552062988281
architecture_control,=,19,0.7916666666666666,24,0.14522409439086914
architecture_control,O,20,0.8333333333333334,24,0.22452259063720703
architecture_control,),21,0.875,24,0.13927936553955078
architecture_control,N,22,0.9166666666666666,24,0.1075754165649414
architecture_control,[*],23,0.9583333333333334,24,0.038420677185058594
architecture_control,[*],0,0.0,20,0.07642507553100586
architecture_control,C,1,0.05,20,0.024837970733642578
architecture_control,C,2,0.1,20,0.024837970733642578
architecture_control,(,3,0.15,20,0.3176865577697754
architecture_control,S,4,0.2,20,0.2893214225769043
architecture_control,1,5,0.25,20,0.6774449348449707
architecture_control,),6,0.3,20,0.2305908203125
architecture_control,=,7,0.35,20,0.5234086513519287
architecture_control,C,8,0.4,20,0.32311129570007324
architecture_control,C,9,0.45,20,0.32311129570007324
architecture_control,=,10,0.5,20,0.6074728965759277
architecture_control,C,11,0.55,20,0.29406309127807617
architecture_control,1,12,0.6,20,0.3371429443359375
architecture_control,C,13,0.65,20,0.2007911205291748
architecture_control,(,14,0.7,20,0.14914941787719727
architecture_control,=,15,0.75,20,0.9433979988098145
architecture_control,S,16,0.8,20,0.5116691589355469
architecture_control,),17,0.85,20,0.1207122802734375
architecture_control,O,18,0.9,20,0.5478038787841797
architecture_control,[*],19,0.95,20,0.22066497802734375
architecture_control,[*],0,0.0,17,0.4330863952636719
architecture_control,C,1,0.058823529411764705,17,0.3582744598388672
architecture_control,C,2,0.11764705882352941,17,0.3582744598388672
architecture_control,C,3,0.17647058823529413,17,0.3582744598388672
architecture_control,O,4,0.23529411764705882,17,0.6006255149841309
architecture_control,C,5,0.29411764705882354,17,0.34131622314453125
architecture_control,(,6,0.35294117647058826,17,0.18697071075439453
architecture_control,=,7,0.4117647058823529,17,0.18117809295654297
architecture_control,O,8,0.47058823529411764,17,0.6372842788696289
architecture_control,),9,0.5294117647058824,17,0.35932493209838867
architecture_control,C,10,0.5882352941176471,17,0.2749323844909668
architecture_control,(,11,0.6470588235294118,17,0.036017417907714844
architecture_control,=,12,0.7058823529411765,17,0.12160968780517578
architecture_control,O,13,0.7647058823529411,17,0.11654043197631836
architecture_control,),14,0.8235294117647058,17,0.09876060485839844
architecture_control,O,15,0.8823529411764706,17,0.5897655487060547
architecture_control,[*],16,0.9411764705882353,17,0.01000070571899414
architecture_control,[*],0,0.0,32,0.0473332405090332
architecture_control,C,1,0.03125,32,0.06972408294677734
architecture_control,C,2,0.0625,32,0.06972408294677734
architecture_control,C,3,0.09375,32,0.06972408294677734
architecture_control,C,4,0.125,32,0.06972408294677734
architecture_control,(,5,0.15625,32,0.10442352294921875
architecture_control,C,6,0.1875,32,0.08690452575683594
architecture_control,),7,0.21875,32,0.12334537506103516
architecture_control,(,8,0.25,32,0.06705236434936523
architecture_control,C,9,0.28125,32,0.003985881805419922
architecture_control,),10,0.3125,32,0.029189586639404297
architecture_control,C,11,0.34375,32,0.017383098602294922
architecture_control,N,12,0.375,32,0.03893613815307617
architecture_control,C,13,0.40625,32,0.15867853164672852
architecture_control,(,14,0.4375,32,0.19809627532958984
architecture_control,=,15,0.46875,32,0.053612709045410156
architecture_control,O,16,0.5,32,0.4214811325073242
architecture_control,),17,0.53125,32,0.1561107635498047
architecture_control,C,18,0.5625,32,0.10804605484008789
architecture_control,C,19,0.59375,32,0.10804605484008789
architecture_control,C,20,0.625,32,0.10804605484008789
architecture_control,C,21,0.65625,32,0.10804605484008789
architecture_control,C,22,0.6875,32,0.10804605484008789
architecture_control,C,23,0.71875,32,0.10804605484008789
architecture_control,C,24,0.75,32,0.10804605484008789
architecture_control,C,25,0.78125,32,0.10804605484008789
architecture_control,(,26,0.8125,32,0.15304851531982422
architecture_control,=,27,0.84375,32,0.12275886535644531
architecture_control,O,28,0.875,32,0.42926502227783203
architecture_control,),29,0.90625,32,0.062076568603515625
architecture_control,N,30,0.9375,32,0.0756678581237793
architecture_control,[*],31,0.96875,32,0.010196685791015625
architecture_control,[*],0,0.0,33,0.9201004505157471
architecture_control,C,1,0.030303030303030304,33,0.9062597751617432
architecture_control,1,2,0.06060606060606061,33,0.6903023719787598
architecture_control,=,3,0.09090909090909091,33,0.06411218643188477
architecture_control,C,4,0.12121212121212122,33,0.6019794940948486
architecture_control,S,5,0.15151515151515152,33,0.5323975086212158
architecture_control,C,6,0.18181818181818182,33,0.47705507278442383
architecture_control,(,7,0.21212121212121213,33,0.606694221496582
architecture_control,=,8,0.24242424242424243,33,0.35088539123535156
architecture_control,C,9,0.2727272727272727,33,0.4727747440338135
architecture_control,2,10,0.30303030303030304,33,0.4991154670715332
architecture_control,S,11,0.3333333333333333,33,0.27691197395324707
architecture_control,C,12,0.36363636363636365,33,0.019378662109375
architecture_control,=,13,0.3939393939393939,33,0.014395475387573242
architecture_control,C,14,0.42424242424242425,33,0.15001416206359863
architecture_control,(,15,0.45454545454545453,33,0.2637162208557129
architecture_control,c,16,0.48484848484848486,33,0.32201600074768066
architecture_control,3,17,0.5151515151515151,33,0.1449751853942871
architecture_control,c,18,0.5454545454545454,33,0.1894843578338623
architecture_control,c,19,0.5757575757575758,33,0.1894843578338623
architecture_control,c,20,0.6060606060606061,33,0.1894843578338623
architecture_control,(,21,0.6363636363636364,33,0.17977428436279297
architecture_control,[*],22,0.6666666666666666,33,0.038667917251586914
architecture_control,),23,0.696969696969697,33,0.15056586265563965
architecture_control,c,24,0.7272727272727273,33,0.1610269546508789
architecture_control,c,25,0.7575757575757576,33,0.1610269546508789
architecture_control,3,26,0.7878787878787878,33,0.22368073463439941
architecture_control,),27,0.8181818181818182,33,0.2966420650482178
architecture_control,S,28,0.8484848484848485,33,0.34119176864624023
architecture_control,2,29,0.8787878787878788,33,0.1744215488433838
architecture_control,),30,0.9090909090909091,33,0.18999361991882324
architecture_control,S,31,0.9393939393939394,33,0.2037801742553711
architecture_control,1,32,0.9696969696969697,33,0.12948870658874512
architecture_control,[*],0,0.0,36,1.2092616558074951
architecture_control,N,1,0.027777777777777776,36,1.47902512550354
architecture_control,=,2,0.05555555555555555,36,1.7632129192352295
architecture_control,c,3,0.08333333333333333,36,0.7804861068725586
architecture_control,1,4,0.1111111111111111,36,0.800952672958374
architecture_control,c,5,0.1388888888888889,36,0.7554552555084229
architecture_control,(,6,0.16666666666666666,36,0.6101150512695312
architecture_control,=,7,0.19444444444444445,36,1.0967814922332764
architecture_control,N,8,0.2222222222222222,36,0.44764161109924316
architecture_control,c,9,0.25,36,0.3884429931640625
architecture_control,2,10,0.2777777777777778,36,0.1373295783996582
architecture_control,c,11,0.3055555555555556,36,0.11517643928527832
architecture_control,c,12,0.3333333333333333,36,0.11517643928527832
architecture_control,c,13,0.3611111111111111,36,0.11517643928527832
architecture_control,(,14,0.3888888888888889,36,0.054906368255615234
architecture_control,[*],15,0.4166666666666667,36,0.37119579315185547
architecture_control,),16,0.4444444444444444,36,0.1466073989868164
architecture_control,c,17,0.4722222222222222,36,0.1853318214416504
architecture_control,c,18,0.5,36,0.1853318214416504
architecture_control,2,19,0.5277777777777778,36,0.24376583099365234
architecture_control,),20,0.5555555555555556,36,0.2665290832519531
architecture_control,c,21,0.5833333333333334,36,0.27179718017578125
architecture_control,2,22,0.6111111111111112,36,0.22642874717712402
architecture_control,c,23,0.6388888888888888,36,0.22275185585021973
architecture_control,c,24,0.6666666666666666,36,0.22275185585021973
architecture_control,c,25,0.6944444444444444,36,0.22275185585021973
architecture_control,c,26,0.7222222222222222,36,0.22275185585021973
architecture_control,3,27,0.75,36,0.15452933311462402
architecture_control,c,28,0.7777777777777778,36,0.05254006385803223
architecture_control,c,29,0.8055555555555556,36,0.05254006385803223
architecture_control,c,30,0.8333333333333334,36,0.05254006385803223
architecture_control,c,31,0.8611111111111112,36,0.05254006385803223
architecture_control,1,32,0.8888888888888888,36,0.1105642318725586
architecture_control,c,33,0.9166666666666666,36,0.254072904586792
architecture_control,3,34,0.9444444444444444,36,0.1750931739807129
architecture_control,2,35,0.9722222222222222,36,0.14589262008666992
architecture_control,[*],0,0.0,59,0.054744720458984375
architecture_control,C,1,0.01694915254237288,59,0.058220863342285156
architecture_control,c,2,0.03389830508474576,59,0.0193939208984375
architecture_control,1,3,0.05084745762711865,59,0.14079713821411133
architecture_control,c,4,0.06779661016949153,59,0.1877903938293457
architecture_control,c,5,0.0847457627118644,59,0.1877903938293457
architecture_control,(,6,0.1016949152542373,59,0.1572098731994629
architecture_control,C,7,0.11864406779661017,59,0.17989635467529297
architecture_control,O,8,0.13559322033898305,59,0.16056489944458008
architecture_control,C,9,0.15254237288135594,59,0.1916208267211914
architecture_control,(,10,0.1694915254237288,59,0.17632055282592773
architecture_control,=,11,0.1864406779661017,59,0.3523406982421875
architecture_control,O,12,0.2033898305084746,59,0.2617912292480469
architecture_control,),13,0.22033898305084745,59,0.1536555290222168
architecture_control,N,14,0.23728813559322035,59,0.155778169631958
architecture_control,c,15,0.2542372881355932,59,0.023177623748779297
architecture_control,2,16,0.2711864406779661,59,0.04167604446411133
architecture_control,c,17,0.288135593220339,59,0.015006542205810547
architecture_control,c,18,0.3050847457627119,59,0.015006542205810547
architecture_control,c,19,0.3220338983050847,59,0.015006542205810547
architecture_control,(,20,0.3389830508474576,59,0.03832101821899414
architecture_control,C,21,0.3559322033898305,59,0.0016026496887207031
architecture_control,c,22,0.3728813559322034,59,0.17228269577026367
architecture_control,3,23,0.3898305084745763,59,0.14189672470092773
architecture_control,c,24,0.4067796610169492,59,0.2901172637939453
architecture_control,c,25,0.423728813559322,59,0.2901172637939453
architecture_control,c,26,0.4406779661016949,59,0.2901172637939453
architecture_control,(,27,0.4576271186440678,59,0.23613214492797852
architecture_control,N,28,0.4745762711864407,59,0.2523202896118164
architecture_control,C,29,0.4915254237288136,59,0.24604320526123047
architecture_control,(,30,0.5084745762711864,59,0.19673728942871094
architecture_control,=,31,0.5254237288135594,59,0.3473362922668457
architecture_control,O,32,0.5423728813559322,59,0.17125988006591797
architecture_control,),33,0.559322033898305,59,0.17386579513549805
architecture_control,O,34,0.576271186440678,59,0.027883052825927734
architecture_control,[*],35,0.5932203389830508,59,0.04473257064819336
architecture_control,),36,0.6101694915254238,59,0.04743194580078125
architecture_control,c,37,0.6271186440677966,59,0.018846511840820312
architecture_control,c,38,0.6440677966101694,59,0.018846511840820312
architecture_control,3,39,0.6610169491525424,59,0.0468287467956543
architecture_control,),40,0.6779661016949152,59,0.013690948486328125
architecture_control,c,41,0.6949152542372882,59,0.023278236389160156
architecture_control,c,42,0.711864406779661,59,0.023278236389160156
architecture_control,2,43,0.7288135593220338,59,0.02588367462158203
architecture_control,),44,0.7457627118644068,59,0.06059408187866211
architecture_control,c,45,0.7627118644067796,59,0.08280706405639648
architecture_control,c,46,0.7796610169491526,59,0.08280706405639648
architecture_control,(,47,0.7966101694915254,59,0.014469146728515625
architecture_control,C,48,0.8135593220338984,59,0.05708026885986328
architecture_control,(,49,0.8305084745762712,59,0.04908466339111328
architecture_control,C,50,0.847457627118644,59,0.08779430389404297
architecture_control,),51,0.864406779661017,59,0.10650634765625
architecture_control,(,52,0.8813559322033898,59,0.033251285552978516
architecture_control,C,53,0.8983050847457628,59,0.07333660125732422
architecture_control,),54,0.9152542372881356,59,0.008964061737060547
architecture_control,C,55,0.9322033898305084,59,0.030569076538085938
architecture_control,),56,0.9491525423728814,59,0.05061817169189453
architecture_control,c,57,0.9661016949152542,59,0.011820793151855469
architecture_control,1,58,0.9830508474576272,59,0.029865741729736328
architecture_control,[*],0,0.0,44,0.061823368072509766
architecture_control,C,1,0.022727272727272728,44,0.044455766677856445
architecture_control,1,2,0.045454545454545456,44,0.14903712272644043
architecture_control,=,3,0.06818181818181818,44,1.049616813659668
architecture_control,C,4,0.09090909090909091,44,0.42966437339782715
architecture_control,2,5,0.11363636363636363,44,0.6797435283660889
architecture_control,O,6,0.13636363636363635,44,0.4815070629119873
architecture_control,C,7,0.1590909090909091,44,0.530747652053833
architecture_control,C,8,0.18181818181818182,44,0.530747652053833
architecture_control,O,9,0.20454545454545456,44,0.4861295223236084
architecture_control,C,10,0.22727272727272727,44,0.3897273540496826
architecture_control,2,11,0.25,44,0.3331329822540283
architecture_control,=,12,0.2727272727272727,44,0.7211530208587646
architecture_control,C,13,0.29545454545454547,44,0.18521881103515625
architecture_control,(,14,0.3181818181818182,44,0.24790525436401367
architecture_control,c,15,0.3409090909090909,44,0.7839028835296631
architecture_control,2,16,0.36363636363636365,44,0.68503737449646
architecture_control,c,17,0.38636363636363635,44,0.6533339023590088
architecture_control,c,18,0.4090909090909091,44,0.6533339023590088
architecture_control,c,19,0.4318181818181818,44,0.6533339023590088
architecture_control,(,20,0.45454545454545453,44,0.555178165435791
architecture_control,-,21,0.4772727272727273,44,1.0624401569366455
architecture_control,c,22,0.5,44,0.8243410587310791
architecture_control,3,23,0.5227272727272727,44,0.8725814819335938
architecture_control,c,24,0.5454545454545454,44,0.969609260559082
architecture_control,c,25,0.5681818181818182,44,0.969609260559082
architecture_control,c,26,0.5909090909090909,44,0.969609260559082
architecture_control,(,27,0.6136363636363636,44,0.9865658283233643
architecture_control,[*],28,0.6363636363636364,44,1.1692097187042236
architecture_control,),29,0.6590909090909091,44,1.1504971981048584
architecture_control,s,30,0.6818181818181818,44,0.9508175849914551
architecture_control,3,31,0.7045454545454546,44,0.240098237991333
architecture_control,),32,0.7272727272727273,44,0.06493306159973145
architecture_control,s,33,0.75,44,0.24350571632385254
architecture_control,2,34,0.7727272727272727,44,0.07498383522033691
architecture_control,),35,0.7954545454545454,44,0.06151866912841797
architecture_control,S,36,0.8181818181818182,44,0.6041121482849121
architecture_control,1,37,0.8409090909090909,44,0.050501108169555664
architecture_control,(,38,0.8636363636363636,44,0.2043004035949707
architecture_control,=,39,0.8863636363636364,44,0.2899749279022217
architecture_control,O,40,0.9090909090909091,44,0.26270318031311035
architecture_control,),41,0.9318181818181818,44,0.01648092269897461
architecture_control,=,42,0.9545454545454546,44,0.2243034839630127
architecture_control,O,43,0.9772727272727273,44,0.49302196502685547
architecture_control,[*],0,0.0,31,0.8198337554931641
architecture_control,N,1,0.03225806451612903,31,0.8222427368164062
architecture_control,C,2,0.06451612903225806,31,0.7802219390869141
architecture_control,(,3,0.0967741935483871,31,0.8065581321716309
architecture_control,C,4,0.12903225806451613,31,0.730440616607666
architecture_control,C,5,0.16129032258064516,31,0.730440616607666
architecture_control,C,6,0.1935483870967742,31,0.730440616607666
architecture_control,N,7,0.22580645161290322,31,0.7835197448730469
architecture_control,C,8,0.25806451612903225,31,0.6153020858764648
architecture_control,(,9,0.2903225806451613,31,0.5903363227844238
architecture_control,=,10,0.3225806451612903,31,1.0380010604858398
architecture_control,O,11,0.3548387096774194,31,0.2732429504394531
architecture_control,),12,0.3870967741935484,31,0.5530567169189453
architecture_control,c,13,0.41935483870967744,31,0.5399904251098633
architecture_control,1,14,0.45161290322580644,31,0.4537649154663086
architecture_control,c,15,0.4838709677419355,31,0.6984748840332031
architecture_control,c,16,0.5161290322580645,31,0.6984748840332031
architecture_control,c,17,0.5483870967741935,31,0.6984748840332031
architecture_control,(,18,0.5806451612903226,31,0.45038414001464844
architecture_control,F,19,0.6129032258064516,31,0.5206093788146973
architecture_control,),20,0.6451612903225806,31,0.1157679557800293
architecture_control,c,21,0.6774193548387096,31,0.2528510093688965
architecture_control,c,22,0.7096774193548387,31,0.2528510093688965
architecture_control,1,23,0.7419354838709677,31,0.3543524742126465
architecture_control,),24,0.7741935483870968,31,0.3679027557373047
architecture_control,C,25,0.8064516129032258,31,0.30533361434936523
architecture_control,(,26,0.8387096774193549,31,0.33933544158935547
architecture_control,[*],27,0.8709677419354839,31,0.33399057388305664
architecture_control,),28,0.9032258064516129,31,0.34999513626098633
architecture_control,=,29,0.9354838709677419,31,0.6799960136413574
architecture_control,O,30,0.967741935483871,31,0.1439676284790039
architecture_control,[*],0,0.0,23,1.016939401626587
architecture_control,C,1,0.043478260869565216,23,1.3632466793060303
architecture_control,=,2,0.08695652173913043,23,1.2592456340789795
architecture_control,C,3,0.13043478260869565,23,0.4771573543548584
architecture_control,(,4,0.17391304347826086,23,0.6030020713806152
architecture_control,[*],5,0.21739130434782608,23,0.584125280380249
architecture_control,),6,0.2608695652173913,23,0.3835475444793701
architecture_control,c,7,0.30434782608695654,23,0.30475902557373047
architecture_control,1,8,0.34782608695652173,23,0.537731409072876
architecture_control,c,9,0.391304347826087,23,0.008604764938354492
architecture_control,c,10,0.43478260869565216,23,0.008604764938354492
architecture_control,c,11,0.4782608695652174,23,0.008604764938354492
architecture_control,(,12,0.5217391304347826,23,0.1268296241760254
architecture_control,[N+],13,0.5652173913043478,23,0.02212214469909668
architecture_control,(,14,0.6086956521739131,23,0.022204875946044922
architecture_control,=,15,0.6521739130434783,23,0.08752632141113281
architecture_control,O,16,0.6956521739130435,23,0.038812875747680664
architecture_control,),17,0.7391304347826086,23,0.025515317916870117
architecture_control,[O-],18,0.782608695652174,23,0.46448707580566406
architecture_control,),19,0.8260869565217391,23,0.09377646446228027
architecture_control,c,20,0.8695652173913043,23,0.10374188423156738
architecture_control,c,21,0.9130434782608695,23,0.10374188423156738
architecture_control,1,22,0.9565217391304348,23,0.13238978385925293
architecture_control,[*],0,0.0,35,0.39256954193115234
architecture_control,O,1,0.02857142857142857,35,0.7186565399169922
architecture_control,C,2,0.05714285714285714,35,0.41577863693237305
architecture_control,1,3,0.08571428571428572,35,0.33483123779296875
architecture_control,(,4,0.11428571428571428,35,0.3050880432128906
architecture_control,C,5,0.14285714285714285,35,0.34976673126220703
architecture_control,),6,0.17142857142857143,35,0.3431549072265625
architecture_control,C,7,0.2,35,0.36434078216552734
architecture_control,C,8,0.22857142857142856,35,0.36434078216552734
architecture_control,(,9,0.2571428571428571,35,0.35406064987182617
architecture_control,C,10,0.2857142857142857,35,0.38227176666259766
architecture_control,),11,0.3142857142857143,35,0.3348226547241211
architecture_control,(,12,0.34285714285714286,35,0.3125171661376953
architecture_control,C,13,0.37142857142857144,35,0.3217639923095703
architecture_control,),14,0.4,35,0.2338266372680664
architecture_control,C,15,0.42857142857142855,35,0.1991887092590332
architecture_control,(,16,0.45714285714285713,35,0.03891706466674805
architecture_control,C,17,0.4857142857142857,35,0.09056711196899414
architecture_control,),18,0.5142857142857142,35,0.09215641021728516
architecture_control,(,19,0.5428571428571428,35,0.01151895523071289
architecture_control,N,20,0.5714285714285714,35,0.14704513549804688
architecture_control,2,21,0.6,35,0.01451730728149414
architecture_control,C,22,0.6285714285714286,35,0.07250404357910156
architecture_control,C,23,0.6571428571428571,35,0.07250404357910156
architecture_control,C,24,0.6857142857142857,35,0.07250404357910156
architecture_control,C,25,0.7142857142857143,35,0.07250404357910156
architecture_control,(,26,0.7428571428571429,35,0.03158426284790039
architecture_control,[*],27,0.7714285714285715,35,0.06336688995361328
architecture_control,),28,0.8,35,0.11528301239013672
architecture_control,C,29,0.8285714285714286,35,0.12736034393310547
architecture_control,2,30,0.8571428571428571,35,0.1287240982055664
architecture_control,),31,0.8857142857142857,35,0.07224607467651367
architecture_control,C,32,0.9142857142857143,35,0.02323293685913086
architecture_control,1,33,0.9428571428571428,35,0.0769953727722168
architecture_control,C,34,0.9714285714285714,35,0.005440711975097656
architecture_control,C,0,0.0,66,0.08526039123535156
architecture_control,(,1,0.015151515151515152,66,0.07573318481445312
architecture_control,O,2,0.030303030303030304,66,0.11347198486328125
architecture_control,2,3,0.045454545454545456,66,0.23503446578979492
architecture_control,),4,0.06060606060606061,66,0.0458526611328125
architecture_control,(,5,0.07575757575757576,66,0.07621574401855469
architecture_control,[*],6,0.09090909090909091,66,0.018281936645507812
architecture_control,),7,0.10606060606060606,66,0.2917177677154541
architecture_control,=,8,0.12121212121212122,66,0.40998148918151855
architecture_control,N,9,0.13636363636363635,66,0.4570636749267578
architecture_control,N,10,0.15151515151515152,66,0.4570636749267578
architecture_control,=,11,0.16666666666666666,66,0.5267791748046875
architecture_control,C,12,0.18181818181818182,66,0.1408536434173584
architecture_control,2,13,0.19696969696969696,66,0.2715744972229004
architecture_control,C,14,0.21212121212121213,66,0.2245321273803711
architecture_control,1,15,0.22727272727272727,66,0.15475153923034668
architecture_control,=,16,0.24242424242424243,66,0.47243475914001465
architecture_control,C,17,0.25757575757575757,66,0.230682373046875
architecture_control,C,18,0.2727272727272727,66,0.230682373046875
architecture_control,=,19,0.2878787878787879,66,0.4950289726257324
architecture_control,C,20,0.30303030303030304,66,0.11987042427062988
architecture_control,(,21,0.3181818181818182,66,0.12320303916931152
architecture_control,C,22,0.3333333333333333,66,0.16174030303955078
architecture_control,=,23,0.3484848484848485,66,0.4587225914001465
architecture_control,C,24,0.36363636363636365,66,0.21878337860107422
architecture_control,1,25,0.3787878787878788,66,0.21152162551879883
architecture_control,),26,0.3939393939393939,66,0.271209716796875
architecture_control,C,27,0.4090909090909091,66,0.10564517974853516
architecture_control,2,28,0.42424242424242425,66,0.26546573638916016
architecture_control,(,29,0.4393939393939394,66,0.21702909469604492
architecture_control,C,30,0.45454545454545453,66,0.15425586700439453
architecture_control,1,31,0.4696969696969697,66,0.24915146827697754
architecture_control,=,32,0.48484848484848486,66,0.36988401412963867
architecture_control,C,33,0.5,66,0.1855316162109375
architecture_control,C,34,0.5151515151515151,66,0.1855316162109375
architecture_control,=,35,0.5303030303030303,66,0.30824947357177734
architecture_control,C,36,0.5454545454545454,66,0.12199687957763672
architecture_control,C,37,0.5606060606060606,66,0.12199687957763672
architecture_control,=,38,0.5757575757575758,66,0.3579106330871582
architecture_control,C,39,0.5909090909090909,66,0.16555309295654297
architecture_control,1,40,0.6060606060606061,66,0.19684481620788574
architecture_control,C,41,0.6212121212121212,66,0.13487958908081055
architecture_control,(,42,0.6363636363636364,66,0.16881346702575684
architecture_control,=,43,0.6515151515151515,66,0.3064694404602051
architecture_control,O,44,0.6666666666666666,66,0.03650808334350586
architecture_control,),45,0.6818181818181818,66,0.11325979232788086
architecture_control,O,46,0.696969696969697,66,0.021477937698364258
architecture_control,2,47,0.7121212121212122,66,0.25905752182006836
architecture_control,),48,0.7272727272727273,66,0.38375163078308105
architecture_control,C,49,0.7424242424242424,66,0.32146215438842773
architecture_control,1,50,0.7575757575757576,66,0.363633394241333
architecture_control,=,51,0.7727272727272727,66,0.5900483131408691
architecture_control,C,52,0.7878787878787878,66,0.3767085075378418
architecture_control,C,53,0.803030303030303,66,0.3767085075378418
architecture_control,=,54,0.8181818181818182,66,0.6064610481262207
architecture_control,C,55,0.8333333333333334,66,0.3745713233947754
architecture_control,(,56,0.8484848484848485,66,0.4034922122955322
architecture_control,C,57,0.8636363636363636,66,0.287325382232666
architecture_control,=,58,0.8787878787878788,66,0.37492847442626953
architecture_control,C,59,0.8939393939393939,66,0.13361692428588867
architecture_control,1,60,0.9090909090909091,66,0.08370423316955566
architecture_control,),61,0.9242424242424242,66,0.1945786476135254
architecture_control,O,62,0.9393939393939394,66,0.016422271728515625
architecture_control,(,63,0.9545454545454546,66,0.023529052734375
architecture_control,[*],64,0.9696969696969697,66,0.02391815185546875
architecture_control,),65,0.9848484848484849,66,0.07130765914916992
architecture_control,[*],0,0.0,83,0.40309810638427734
architecture_control,c,1,0.012048192771084338,83,0.3961150646209717
architecture_control,1,2,0.024096385542168676,83,0.40346574783325195
architecture_control,c,3,0.03614457831325301,83,0.3839390277862549
architecture_control,c,4,0.04819277108433735,83,0.3839390277862549
architecture_control,c,5,0.060240963855421686,83,0.3839390277862549
architecture_control,(,6,0.07228915662650602,83,0.35604143142700195
architecture_control,N,7,0.08433734939759036,83,0.3153064250946045
architecture_control,(,8,0.0963855421686747,83,0.2514381408691406
architecture_control,c,9,0.10843373493975904,83,0.24384641647338867
architecture_control,2,10,0.12048192771084337,83,0.2611680030822754
architecture_control,c,11,0.13253012048192772,83,0.14214849472045898
architecture_control,c,12,0.14457831325301204,83,0.14214849472045898
architecture_control,c,13,0.1566265060240964,83,0.14214849472045898
architecture_control,(,14,0.1686746987951807,83,0.12169122695922852
architecture_control,C,15,0.18072289156626506,83,0.1614689826965332
architecture_control,#,16,0.1927710843373494,83,0.2619483470916748
architecture_control,N,17,0.20481927710843373,83,0.1896042823791504
architecture_control,),18,0.21686746987951808,83,0.1711442470550537
architecture_control,c,19,0.2289156626506024,83,0.1646113395690918
architecture_control,c,20,0.24096385542168675,83,0.1646113395690918
architecture_control,2,21,0.25301204819277107,83,0.19604206085205078
architecture_control,),22,0.26506024096385544,83,0.06561970710754395
architecture_control,c,23,0.27710843373493976,83,0.05780506134033203
architecture_control,2,24,0.2891566265060241,83,0.03175544738769531
architecture_control,c,25,0.30120481927710846,83,0.04744076728820801
architecture_control,c,26,0.3132530120481928,83,0.04744076728820801
architecture_control,c,27,0.3253012048192771,83,0.04744076728820801
architecture_control,(,28,0.3373493975903614,83,0.06327438354492188
architecture_control,N,29,0.3493975903614458,83,0.057112693786621094
architecture_control,3,30,0.3614457831325301,83,0.021402835845947266
architecture_control,C,31,0.37349397590361444,83,0.05860567092895508
architecture_control,(,32,0.3855421686746988,83,0.04315614700317383
architecture_control,=,33,0.39759036144578314,83,0.1651296615600586
architecture_control,O,34,0.40963855421686746,83,0.02960824966430664
architecture_control,),35,0.42168674698795183,83,0.02106761932373047
architecture_control,c,36,0.43373493975903615,83,0.0019516944885253906
architecture_control,4,37,0.4457831325301205,83,0.028240203857421875
architecture_control,c,38,0.4578313253012048,83,0.034656524658203125
architecture_control,c,39,0.46987951807228917,83,0.034656524658203125
architecture_control,c,40,0.4819277108433735,83,0.034656524658203125
architecture_control,(,41,0.4939759036144578,83,0.04485511779785156
architecture_control,-,42,0.5060240963855421,83,0.007754325866699219
architecture_control,c,43,0.5180722891566265,83,0.041258811950683594
architecture_control,5,44,0.5301204819277109,83,0.036885738372802734
architecture_control,c,45,0.5421686746987951,83,0.0759282112121582
architecture_control,c,46,0.5542168674698795,83,0.0759282112121582
architecture_control,c,47,0.5662650602409639,83,0.0759282112121582
architecture_control,6,48,0.5783132530120482,83,0.06481027603149414
architecture_control,c,49,0.5903614457831325,83,0.08011150360107422
architecture_control,(,50,0.6024096385542169,83,0.07667732238769531
architecture_control,c,51,0.6144578313253012,83,0.09440469741821289
architecture_control,5,52,0.6265060240963856,83,0.1196146011352539
architecture_control,),53,0.6385542168674698,83,0.1627330780029297
architecture_control,C,54,0.6506024096385542,83,0.12424802780151367
architecture_control,(,55,0.6626506024096386,83,0.14544391632080078
architecture_control,=,56,0.6746987951807228,83,0.11188125610351562
architecture_control,O,57,0.6867469879518072,83,0.24683523178100586
architecture_control,),58,0.6987951807228916,83,0.3281826972961426
architecture_control,N,59,0.7108433734939759,83,0.30370640754699707
architecture_control,(,60,0.7228915662650602,83,0.3001132011413574
architecture_control,[*],61,0.7349397590361446,83,0.41487789154052734
architecture_control,),62,0.7469879518072289,83,0.44852328300476074
architecture_control,C,63,0.7590361445783133,83,0.48008275032043457
architecture_control,6,64,0.7710843373493976,83,0.495328426361084
architecture_control,=,65,0.7831325301204819,83,0.42081594467163086
architecture_control,O,66,0.7951807228915663,83,0.855623722076416
architecture_control,),67,0.8072289156626506,83,0.6356284618377686
architecture_control,c,68,0.8192771084337349,83,0.5580580234527588
architecture_control,c,69,0.8313253012048193,83,0.5580580234527588
architecture_control,4,70,0.8433734939759037,83,0.5522205829620361
architecture_control,C,71,0.8554216867469879,83,0.5392706394195557
architecture_control,3,72,0.8674698795180723,83,0.488558292388916
architecture_control,=,73,0.8795180722891566,83,0.2569718360900879
architecture_control,O,74,0.891566265060241,83,0.2779078483581543
architecture_control,),75,0.9036144578313253,83,0.21323633193969727
architecture_control,c,76,0.9156626506024096,83,0.15253138542175293
architecture_control,c,77,0.927710843373494,83,0.15253138542175293
architecture_control,2,78,0.9397590361445783,83,0.11912345886230469
architecture_control,),79,0.9518072289156626,83,0.13149070739746094
architecture_control,c,80,0.963855421686747,83,0.03376197814941406
architecture_control,c,81,0.9759036144578314,83,0.03376197814941406
architecture_control,1,82,0.9879518072289156,83,0.049190521240234375
architecture_control,[*],0,0.0,66,0.25121116638183594
architecture_control,c,1,0.015151515151515152,66,0.32500672340393066
architecture_control,1,2,0.030303030303030304,66,0.3414759635925293
architecture_control,c,3,0.045454545454545456,66,0.15752887725830078
architecture_control,c,4,0.06060606060606061,66,0.15752887725830078
architecture_control,c,5,0.07575757575757576,66,0.15752887725830078
architecture_control,(,6,0.09090909090909091,66,0.11597347259521484
architecture_control,-,7,0.10606060606060606,66,0.19086360931396484
architecture_control,c,8,0.12121212121212122,66,0.17161989212036133
architecture_control,2,9,0.13636363636363635,66,0.14948773384094238
architecture_control,n,10,0.15151515151515152,66,0.1925487518310547
architecture_control,c,11,0.16666666666666666,66,0.0796971321105957
architecture_control,3,12,0.18181818181818182,66,0.09041380882263184
architecture_control,c,13,0.19696969696969696,66,0.015450477600097656
architecture_control,c,14,0.21212121212121213,66,0.015450477600097656
architecture_control,(,15,0.22727272727272727,66,0.05831432342529297
architecture_control,-,16,0.24242424242424243,66,0.016777753829956055
architecture_control,c,17,0.25757575757575757,66,0.06044340133666992
architecture_control,4,18,0.2727272727272727,66,0.1047368049621582
architecture_control,c,19,0.2878787878787879,66,0.13222885131835938
architecture_control,c,20,0.30303030303030304,66,0.13222885131835938
architecture_control,c,21,0.3181818181818182,66,0.13222885131835938
architecture_control,5,22,0.3333333333333333,66,0.22255420684814453
architecture_control,n,23,0.3484848484848485,66,0.24959230422973633
architecture_control,c,24,0.36363636363636365,66,0.1750195026397705
architecture_control,(,25,0.3787878787878788,66,0.21663284301757812
architecture_control,[*],26,0.3939393939393939,66,0.28441667556762695
architecture_control,),27,0.4090909090909091,66,0.14846491813659668
architecture_control,c,28,0.42424242424242425,66,0.14336490631103516
architecture_control,(,29,0.4393939393939394,66,0.17110586166381836
architecture_control,-,30,0.45454545454545453,66,0.17401361465454102
architecture_control,c,31,0.4696969696969697,66,0.14074230194091797
architecture_control,6,32,0.48484848484848486,66,0.13945317268371582
architecture_control,c,33,0.5,66,0.1323413848876953
architecture_control,c,34,0.5151515151515151,66,0.1323413848876953
architecture_control,c,35,0.5303030303030303,66,0.1323413848876953
architecture_control,c,36,0.5454545454545454,66,0.1323413848876953
architecture_control,c,37,0.5606060606060606,66,0.1323413848876953
architecture_control,6,38,0.5757575757575758,66,0.13876056671142578
architecture_control,),39,0.5909090909090909,66,0.1393289566040039
architecture_control,n,40,0.6060606060606061,66,0.12518978118896484
architecture_control,c,41,0.6212121212121212,66,0.11145186424255371
architecture_control,5,42,0.6363636363636364,66,0.13722467422485352
architecture_control,c,43,0.6515151515151515,66,0.06190133094787598
architecture_control,4,44,0.6666666666666666,66,0.04041266441345215
architecture_control,),45,0.6818181818181818,66,0.09674835205078125
architecture_control,c,46,0.696969696969697,66,0.0595555305480957
architecture_control,c,47,0.7121212121212122,66,0.0595555305480957
architecture_control,c,48,0.7272727272727273,66,0.0595555305480957
architecture_control,3,49,0.7424242424242424,66,0.01888298988342285
architecture_control,n,50,0.7575757575757576,66,0.06057167053222656
architecture_control,c,51,0.7727272727272727,66,0.07474946975708008
architecture_control,2,52,0.7878787878787878,66,0.03816699981689453
architecture_control,-,53,0.803030303030303,66,0.01267099380493164
architecture_control,c,54,0.8181818181818182,66,0.026335954666137695
architecture_control,2,55,0.8333333333333334,66,0.02421426773071289
architecture_control,c,56,0.8484848484848485,66,0.039197444915771484
architecture_control,c,57,0.8636363636363636,66,0.039197444915771484
architecture_control,c,58,0.8787878787878788,66,0.039197444915771484
architecture_control,c,59,0.8939393939393939,66,0.039197444915771484
architecture_control,c,60,0.9090909090909091,66,0.039197444915771484
architecture_control,2,61,0.9242424242424242,66,0.014484405517578125
architecture_control,),62,0.9393939393939394,66,0.0010187625885009766
architecture_control,c,63,0.9545454545454546,66,0.06014275550842285
architecture_control,c,64,0.9696969696969697,66,0.06014275550842285
architecture_control,1,65,0.9848484848484849,66,0.027119159698486328
randomization_robust,[*],0,0.0,23,0.03556632995605469
randomization_robust,C,1,0.043478260869565216,23,0.08368206024169922
randomization_robust,N,2,0.08695652173913043,23,0.13825035095214844
randomization_robust,C,3,0.13043478260869565,23,0.049596309661865234
randomization_robust,(,4,0.17391304347826086,23,0.04087543487548828
randomization_robust,=,5,0.21739130434782608,23,0.023845672607421875
randomization_robust,O,6,0.2608695652173913,23,0.1177358627319336
randomization_robust,),7,0.30434782608695654,23,0.02199554443359375
randomization_robust,C,8,0.34782608695652173,23,0.032511234283447266
randomization_robust,C,9,0.391304347826087,23,0.032511234283447266
randomization_robust,C,10,0.43478260869565216,23,0.032511234283447266
randomization_robust,C,11,0.4782608695652174,23,0.032511234283447266
randomization_robust,C,12,0.5217391304347826,23,0.032511234283447266
randomization_robust,C,13,0.5652173913043478,23,0.032511234283447266
randomization_robust,C,14,0.6086956521739131,23,0.032511234283447266
randomization_robust,C,15,0.6521739130434783,23,0.032511234283447266
randomization_robust,C,16,0.6956521739130435,23,0.032511234283447266
randomization_robust,(,17,0.7391304347826086,23,0.025237083435058594
randomization_robust,=,18,0.782608695652174,23,0.04518890380859375
randomization_robust,O,19,0.8260869565217391,23,0.17386579513549805
randomization_robust,),20,0.8695652173913043,23,0.015767574310302734
randomization_robust,N,21,0.9130434782608695,23,0.07750320434570312
randomization_robust,[*],22,0.9565217391304348,23,0.022338390350341797
randomization_robust,[*],0,0.0,59,0.6913280487060547
randomization_robust,O,1,0.01694915254237288,59,0.7663860321044922
randomization_robust,c,2,0.03389830508474576,59,0.3854331970214844
randomization_robust,1,3,0.05084745762711865,59,0.3313899040222168
randomization_robust,c,4,0.06779661016949153,59,0.2810683250427246
randomization_robust,c,5,0.0847457627118644,59,0.2810683250427246
randomization_robust,c,6,0.1016949152542373,59,0.2810683250427246
randomization_robust,(,7,0.11864406779661017,59,0.32357168197631836
randomization_robust,C,8,0.13559322033898305,59,0.3574099540710449
randomization_robust,C,9,0.15254237288135594,59,0.3574099540710449
randomization_robust,(,10,0.1694915254237288,59,0.3916177749633789
randomization_robust,N,11,0.1864406779661017,59,0.5189008712768555
randomization_robust,C,12,0.2033898305084746,59,0.30649709701538086
randomization_robust,(,13,0.22033898305084745,59,0.30289220809936523
randomization_robust,=,14,0.23728813559322035,59,0.1015157699584961
randomization_robust,O,15,0.2542372881355932,59,0.42682647705078125
randomization_robust,),16,0.2711864406779661,59,0.21395254135131836
randomization_robust,C,17,0.288135593220339,59,0.23736810684204102
randomization_robust,C,18,0.3050847457627119,59,0.23736810684204102
randomization_robust,c,19,0.3220338983050847,59,0.1644916534423828
randomization_robust,2,20,0.3389830508474576,59,0.24712467193603516
randomization_robust,c,21,0.3559322033898305,59,0.1690664291381836
randomization_robust,c,22,0.3728813559322034,59,0.1690664291381836
randomization_robust,c,23,0.3898305084745763,59,0.1690664291381836
randomization_robust,(,24,0.4067796610169492,59,0.2617011070251465
randomization_robust,O,25,0.423728813559322,59,0.27857255935668945
randomization_robust,C,26,0.4406779661016949,59,0.23608112335205078
randomization_robust,(,27,0.4576271186440678,59,0.30509138107299805
randomization_robust,=,28,0.4745762711864407,59,0.04999828338623047
randomization_robust,O,29,0.4915254237288136,59,0.2899775505065918
randomization_robust,),30,0.5084745762711864,59,0.20560121536254883
randomization_robust,C,31,0.5254237288135594,59,0.2765493392944336
randomization_robust,C,32,0.5423728813559322,59,0.2765493392944336
randomization_robust,C,33,0.559322033898305,59,0.2765493392944336
randomization_robust,C,34,0.576271186440678,59,0.2765493392944336
randomization_robust,C,35,0.5932203389830508,59,0.2765493392944336
randomization_robust,C,36,0.6101694915254238,59,0.2765493392944336
randomization_robust,C,37,0.6271186440677966,59,0.2765493392944336
randomization_robust,(,38,0.6440677966101694,59,0.2596573829650879
randomization_robust,[*],39,0.6610169491525424,59,0.22443723678588867
randomization_robust,),40,0.6779661016949152,59,0.20566797256469727
randomization_robust,=,41,0.6949152542372882,59,0.07771492004394531
randomization_robust,O,42,0.711864406779661,59,0.27881813049316406
randomization_robust,),43,0.7288135593220338,59,0.19202089309692383
randomization_robust,c,44,0.7457627118644068,59,0.15112066268920898
randomization_robust,c,45,0.7627118644067796,59,0.15112066268920898
randomization_robust,2,46,0.7796610169491526,59,0.12508296966552734
randomization_robust,),47,0.7966101694915254,59,0.07623815536499023
randomization_robust,C,48,0.8135593220338984,59,0.10100603103637695
randomization_robust,(,49,0.8305084745762712,59,0.1053767204284668
randomization_robust,=,50,0.847457627118644,59,0.021224021911621094
randomization_robust,O,51,0.864406779661017,59,0.07455682754516602
randomization_robust,),52,0.8813559322033898,59,0.06787252426147461
randomization_robust,O,53,0.8983050847457628,59,0.10113000869750977
randomization_robust,C,54,0.9152542372881356,59,0.07438278198242188
randomization_robust,),55,0.9322033898305084,59,0.03279399871826172
randomization_robust,c,56,0.9491525423728814,59,0.026048660278320312
randomization_robust,c,57,0.9661016949152542,59,0.026048660278320312
randomization_robust,1,58,0.9830508474576272,59,0.004085540771484375
randomization_robust,[*],0,0.0,54,0.2369213104248047
randomization_robust,C,1,0.018518518518518517,54,0.2315359115600586
randomization_robust,C,2,0.037037037037037035,54,0.2315359115600586
randomization_robust,O,3,0.05555555555555555,54,0.2356576919555664
randomization_robust,C,4,0.07407407407407407,54,0.2357783317565918
randomization_robust,C,5,0.09259259259259259,54,0.2357783317565918
randomization_robust,O,6,0.1111111111111111,54,0.013979434967041016
randomization_robust,C,7,0.12962962962962962,54,0.030614376068115234
randomization_robust,C,8,0.14814814814814814,54,0.030614376068115234
randomization_robust,O,9,0.16666666666666666,54,0.07221651077270508
randomization_robust,c,10,0.18518518518518517,54,0.014505386352539062
randomization_robust,1,11,0.2037037037037037,54,0.027338027954101562
randomization_robust,c,12,0.2222222222222222,54,0.01778554916381836
randomization_robust,c,13,0.24074074074074073,54,0.01778554916381836
randomization_robust,c,14,0.25925925925925924,54,0.01778554916381836
randomization_robust,c,15,0.2777777777777778,54,0.01778554916381836
randomization_robust,(,16,0.2962962962962963,54,0.14215660095214844
randomization_robust,N,17,0.3148148148148148,54,0.03355979919433594
randomization_robust,C,18,0.3333333333333333,54,0.05744791030883789
randomization_robust,(,19,0.35185185185185186,54,0.06282520294189453
randomization_robust,=,20,0.37037037037037035,54,0.1598496437072754
randomization_robust,O,21,0.3888888888888889,54,0.009900569915771484
randomization_robust,),22,0.4074074074074074,54,0.08741617202758789
randomization_robust,c,23,0.42592592592592593,54,0.039521217346191406
randomization_robust,2,24,0.4444444444444444,54,0.007264614105224609
randomization_robust,c,25,0.46296296296296297,54,0.016033172607421875
randomization_robust,c,26,0.48148148148148145,54,0.016033172607421875
randomization_robust,c,27,0.5,54,0.016033172607421875
randomization_robust,c,28,0.5185185185185185,54,0.016033172607421875
randomization_robust,(,29,0.5370370370370371,54,0.14974617958068848
randomization_robust,C,30,0.5555555555555556,54,0.12990522384643555
randomization_robust,(,31,0.5740740740740741,54,0.09955739974975586
randomization_robust,=,32,0.5925925925925926,54,0.10501480102539062
randomization_robust,O,33,0.6111111111111112,54,0.08845043182373047
randomization_robust,),34,0.6296296296296297,54,0.07209968566894531
randomization_robust,N,35,0.6481481481481481,54,0.04136466979980469
randomization_robust,c,36,0.6666666666666666,54,0.10681009292602539
randomization_robust,3,37,0.6851851851851852,54,0.20514631271362305
randomization_robust,c,38,0.7037037037037037,54,0.23021697998046875
randomization_robust,c,39,0.7222222222222222,54,0.23021697998046875
randomization_robust,c,40,0.7407407407407407,54,0.23021697998046875
randomization_robust,c,41,0.7592592592592593,54,0.23021697998046875
randomization_robust,(,42,0.7777777777777778,54,0.14906072616577148
randomization_robust,O,43,0.7962962962962963,54,0.006584644317626953
randomization_robust,[*],44,0.8148148148148148,54,0.031540870666503906
randomization_robust,),45,0.8333333333333334,54,0.1776103973388672
randomization_robust,c,46,0.8518518518518519,54,0.24144458770751953
randomization_robust,3,47,0.8703703703703703,54,0.3014945983886719
randomization_robust,),48,0.8888888888888888,54,0.22744226455688477
randomization_robust,c,49,0.9074074074074074,54,0.25221776962280273
randomization_robust,2,50,0.9259259259259259,54,0.23860931396484375
randomization_robust,),51,0.9444444444444444,54,0.08970260620117188
randomization_robust,c,52,0.9629629629629629,54,0.1021885871887207
randomization_robust,1,53,0.9814814814814815,54,0.03466367721557617
randomization_robust,[*],0,0.0,29,0.14891338348388672
randomization_robust,C,1,0.034482758620689655,29,0.039766788482666016
randomization_robust,C,2,0.06896551724137931,29,0.039766788482666016
randomization_robust,1,3,0.10344827586206896,29,0.00652313232421875
randomization_robust,C,4,0.13793103448275862,29,0.0561065673828125
randomization_robust,C,5,0.1724137931034483,29,0.0561065673828125
randomization_robust,C,6,0.20689655172413793,29,0.0561065673828125
randomization_robust,(,7,0.2413793103448276,29,0.08123207092285156
randomization_robust,C,8,0.27586206896551724,29,0.032896995544433594
randomization_robust,O,9,0.3103448275862069,29,0.1264820098876953
randomization_robust,C,10,0.3448275862068966,29,0.004695892333984375
randomization_robust,(,11,0.3793103448275862,29,0.00485992431640625
randomization_robust,=,12,0.41379310344827586,29,0.12745380401611328
randomization_robust,O,13,0.4482758620689655,29,0.28505659103393555
randomization_robust,),14,0.4827586206896552,29,0.07600021362304688
randomization_robust,C,15,0.5172413793103449,29,0.1841568946838379
randomization_robust,C,16,0.5517241379310345,29,0.1841568946838379
randomization_robust,C,17,0.5862068965517241,29,0.1841568946838379
randomization_robust,C,18,0.6206896551724138,29,0.1841568946838379
randomization_robust,(,19,0.6551724137931034,29,0.0862884521484375
randomization_robust,=,20,0.6896551724137931,29,0.15130901336669922
randomization_robust,O,21,0.7241379310344828,29,0.0026373863220214844
randomization_robust,),22,0.7586206896551724,29,0.1162576675415039
randomization_robust,O,23,0.7931034482758621,29,0.03013467788696289
randomization_robust,[*],24,0.8275862068965517,29,0.13590431213378906
randomization_robust,),25,0.8620689655172413,29,0.1487903594970703
randomization_robust,C,26,0.896551724137931,29,0.1229395866394043
randomization_robust,C,27,0.9310344827586207,29,0.1229395866394043
randomization_robust,1,28,0.9655172413793104,29,0.11776065826416016
randomization_robust,[*],0,0.0,32,1.028656244277954
randomization_robust,C,1,0.03125,32,0.9959039688110352
randomization_robust,(,2,0.0625,32,0.9152011871337891
randomization_robust,C,3,0.09375,32,0.9287400245666504
randomization_robust,=,4,0.125,32,0.44494104385375977
randomization_robust,C,5,0.15625,32,0.8095216751098633
randomization_robust,1,6,0.1875,32,0.8101081848144531
randomization_robust,),7,0.21875,32,0.6021010875701904
randomization_robust,=,8,0.25,32,0.19756007194519043
randomization_robust,C,9,0.28125,32,0.6414976119995117
randomization_robust,C,10,0.3125,32,0.6414976119995117
randomization_robust,=,11,0.34375,32,0.23421168327331543
randomization_robust,C,12,0.375,32,0.6588482856750488
randomization_robust,1,13,0.40625,32,0.5356695652008057
randomization_robust,C,14,0.4375,32,0.6384618282318115
randomization_robust,(,15,0.46875,32,0.5870387554168701
randomization_robust,=,16,0.5,32,0.06355929374694824
randomization_robust,S,17,0.53125,32,0.35634851455688477
randomization_robust,),18,0.5625,32,0.676349401473999
randomization_robust,C,19,0.59375,32,0.7963266372680664
randomization_robust,(,20,0.625,32,0.6310567855834961
randomization_robust,S,21,0.65625,32,0.40222692489624023
randomization_robust,2,22,0.6875,32,0.46402931213378906
randomization_robust,),23,0.71875,32,0.30325865745544434
randomization_robust,=,24,0.75,32,0.07787466049194336
randomization_robust,C,25,0.78125,32,0.41933393478393555
randomization_robust,C,26,0.8125,32,0.41933393478393555
randomization_robust,=,27,0.84375,32,0.12000465393066406
randomization_robust,C,28,0.875,32,0.43424129486083984
randomization_robust,2,29,0.90625,32,0.3297309875488281
randomization_robust,O,30,0.9375,32,0.47602367401123047
randomization_robust,[*],31,0.96875,32,0.031014680862426758
randomization_robust,[*],0,0.0,66,0.6561563014984131
randomization_robust,C,1,0.015151515151515152,66,0.6325235366821289
randomization_robust,(,2,0.030303030303030304,66,0.5995678901672363
randomization_robust,=,3,0.045454545454545456,66,0.23245716094970703
randomization_robust,O,4,0.06060606060606061,66,0.4750828742980957
randomization_robust,),5,0.07575757575757576,66,0.44637036323547363
randomization_robust,N,6,0.09090909090909091,66,0.3325047492980957
randomization_robust,c,7,0.10606060606060606,66,0.3902626037597656
randomization_robust,1,8,0.12121212121212122,66,0.3279533386230469
randomization_robust,c,9,0.13636363636363635,66,0.3795757293701172
randomization_robust,c,10,0.15151515151515152,66,0.3795757293701172
randomization_robust,c,11,0.16666666666666666,66,0.3795757293701172
randomization_robust,c,12,0.18181818181818182,66,0.3795757293701172
randomization_robust,(,13,0.19696969696969696,66,0.3429131507873535
randomization_robust,N,14,0.21212121212121213,66,0.29403114318847656
randomization_robust,C,15,0.22727272727272727,66,0.3774831295013428
randomization_robust,(,16,0.24242424242424243,66,0.3253445625305176
randomization_robust,=,17,0.25757575757575757,66,0.021046876907348633
randomization_robust,O,18,0.2727272727272727,66,0.1093902587890625
randomization_robust,),19,0.2878787878787879,66,0.10601425170898438
randomization_robust,c,20,0.30303030303030304,66,0.1517024040222168
randomization_robust,2,21,0.3181818181818182,66,0.11427974700927734
randomization_robust,c,22,0.3333333333333333,66,0.12952566146850586
randomization_robust,c,23,0.3484848484848485,66,0.12952566146850586
randomization_robust,c,24,0.36363636363636365,66,0.12952566146850586
randomization_robust,3,25,0.3787878787878788,66,0.0910954475402832
randomization_robust,[nH],26,0.3939393939393939,66,0.11500358581542969
randomization_robust,c,27,0.4090909090909091,66,0.16365742683410645
randomization_robust,(,28,0.42424242424242425,66,0.16804933547973633
randomization_robust,-,29,0.4393939393939394,66,0.1392061710357666
randomization_robust,c,30,0.45454545454545453,66,0.17893767356872559
randomization_robust,4,31,0.4696969696969697,66,0.14338016510009766
randomization_robust,c,32,0.48484848484848486,66,0.15413498878479004
randomization_robust,c,33,0.5,66,0.15413498878479004
randomization_robust,c,34,0.5151515151515151,66,0.15413498878479004
randomization_robust,c,35,0.5303030303030303,66,0.15413498878479004
randomization_robust,(,36,0.5454545454545454,66,0.1337437629699707
randomization_robust,-,37,0.5606060606060606,66,0.08576679229736328
randomization_robust,c,38,0.5757575757575758,66,0.0985872745513916
randomization_robust,5,39,0.5909090909090909,66,0.08316516876220703
randomization_robust,n,40,0.6060606060606061,66,0.08783936500549316
randomization_robust,c,41,0.6212121212121212,66,0.08205413818359375
randomization_robust,6,42,0.6363636363636364,66,0.07516813278198242
randomization_robust,c,43,0.6515151515151515,66,0.06490135192871094
randomization_robust,c,44,0.6666666666666666,66,0.06490135192871094
randomization_robust,(,45,0.6818181818181818,66,0.0507659912109375
randomization_robust,[*],46,0.696969696969697,66,0.07844686508178711
randomization_robust,),47,0.7121212121212122,66,0.0046367645263671875
randomization_robust,c,48,0.7272727272727273,66,0.01862335205078125
randomization_robust,c,49,0.7424242424242424,66,0.01862335205078125
randomization_robust,c,50,0.7575757575757576,66,0.01862335205078125
randomization_robust,6,51,0.7727272727272727,66,0.019333839416503906
randomization_robust,[nH],52,0.7878787878787878,66,0.03133130073547363
randomization_robust,5,53,0.803030303030303,66,0.010831832885742188
randomization_robust,),54,0.8181818181818182,66,0.024335861206054688
randomization_robust,c,55,0.8333333333333334,66,0.015343666076660156
randomization_robust,4,56,0.8484848484848485,66,0.0030477046966552734
randomization_robust,),57,0.8636363636363636,66,0.001903533935546875
randomization_robust,n,58,0.8787878787878788,66,0.009320974349975586
randomization_robust,c,59,0.8939393939393939,66,0.039259910583496094
randomization_robust,3,60,0.9090909090909091,66,0.016971349716186523
randomization_robust,c,61,0.9242424242424242,66,0.038097381591796875
randomization_robust,2,62,0.9393939393939394,66,0.0005540847778320312
randomization_robust,),63,0.9545454545454546,66,0.0018939971923828125
randomization_robust,n,64,0.9696969696969697,66,0.05405068397521973
randomization_robust,1,65,0.9848484848484849,66,0.024549007415771484
randomization_robust,[*],0,0.0,36,0.03249311447143555
randomization_robust,O,1,0.027777777777777776,36,0.0372166633605957
randomization_robust,c,2,0.05555555555555555,36,0.3945460319519043
randomization_robust,1,3,0.08333333333333333,36,0.41996145248413086
randomization_robust,c,4,0.1111111111111111,36,0.5204148292541504
randomization_robust,(,5,0.1388888888888889,36,0.37635278701782227
randomization_robust,Cl,6,0.16666666666666666,36,0.41107606887817383
randomization_robust,),7,0.19444444444444445,36,0.43382787704467773
randomization_robust,c,8,0.2222222222222222,36,0.4812150001525879
randomization_robust,c,9,0.25,36,0.4812150001525879
randomization_robust,(,10,0.2777777777777778,36,0.3386359214782715
randomization_robust,N,11,0.3055555555555556,36,0.3674612045288086
randomization_robust,C,12,0.3333333333333333,36,0.3268914222717285
randomization_robust,(,13,0.3611111111111111,36,0.3108978271484375
randomization_robust,=,14,0.3888888888888889,36,0.4682044982910156
randomization_robust,O,15,0.4166666666666667,36,0.22652673721313477
randomization_robust,),16,0.4444444444444444,36,0.419431209564209
randomization_robust,N,17,0.4722222222222222,36,0.3069901466369629
randomization_robust,C,18,0.5,36,0.47533369064331055
randomization_robust,C,19,0.5277777777777778,36,0.47533369064331055
randomization_robust,C,20,0.5555555555555556,36,0.47533369064331055
randomization_robust,C,21,0.5833333333333334,36,0.47533369064331055
randomization_robust,C,22,0.6111111111111112,36,0.47533369064331055
randomization_robust,C,23,0.6388888888888888,36,0.47533369064331055
randomization_robust,N,24,0.6666666666666666,36,0.5467705726623535
randomization_robust,C,25,0.6944444444444444,36,0.4166750907897949
randomization_robust,(,26,0.7222222222222222,36,0.4022817611694336
randomization_robust,[*],27,0.75,36,0.4265308380126953
randomization_robust,),28,0.7777777777777778,36,0.41806507110595703
randomization_robust,=,29,0.8055555555555556,36,0.41858577728271484
randomization_robust,O,30,0.8333333333333334,36,0.0637669563293457
randomization_robust,),31,0.8611111111111112,36,0.1165771484375
randomization_robust,c,32,0.8888888888888888,36,0.16091156005859375
randomization_robust,c,33,0.9166666666666666,36,0.16091156005859375
randomization_robust,1,34,0.9444444444444444,36,0.019673824310302734
randomization_robust,Cl,35,0.9722222222222222,36,0.01849222183227539
randomization_robust,[*],0,0.0,38,0.17359352111816406
randomization_robust,C,1,0.02631578947368421,38,0.010295867919921875
randomization_robust,C,2,0.05263157894736842,38,0.010295867919921875
randomization_robust,C,3,0.07894736842105263,38,0.010295867919921875
randomization_robust,O,4,0.10526315789473684,38,0.2258472442626953
randomization_robust,C,5,0.13157894736842105,38,0.22133922576904297
randomization_robust,(,6,0.15789473684210525,38,0.4107038974761963
randomization_robust,=,7,0.18421052631578946,38,0.015631675720214844
randomization_robust,O,8,0.21052631578947367,38,0.47077202796936035
randomization_robust,),9,0.23684210526315788,38,0.2631821632385254
randomization_robust,c,10,0.2631578947368421,38,0.1434617042541504
randomization_robust,1,11,0.2894736842105263,38,0.2464895248413086
randomization_robust,c,12,0.3157894736842105,38,0.1320333480834961
randomization_robust,c,13,0.34210526315789475,38,0.1320333480834961
randomization_robust,c,14,0.3684210526315789,38,0.1320333480834961
randomization_robust,c,15,0.39473684210526316,38,0.1320333480834961
randomization_robust,(,16,0.42105263157894735,38,0.3797135353088379
randomization_robust,-,17,0.4473684210526316,38,0.27251386642456055
randomization_robust,c,18,0.47368421052631576,38,0.17759180068969727
randomization_robust,2,19,0.5,38,0.11855459213256836
randomization_robust,c,20,0.5263157894736842,38,0.01595020294189453
randomization_robust,c,21,0.5526315789473685,38,0.01595020294189453
randomization_robust,c,22,0.5789473684210527,38,0.01595020294189453
randomization_robust,c,23,0.6052631578947368,38,0.01595020294189453
randomization_robust,(,24,0.631578947368421,38,0.05910778045654297
randomization_robust,C,25,0.6578947368421053,38,0.015461921691894531
randomization_robust,(,26,0.6842105263157895,38,0.050374507904052734
randomization_robust,=,27,0.7105263157894737,38,0.10624504089355469
randomization_robust,O,28,0.7368421052631579,38,0.2854337692260742
randomization_robust,),29,0.7631578947368421,38,0.08823060989379883
randomization_robust,O,30,0.7894736842105263,38,0.1674051284790039
randomization_robust,[*],31,0.8157894736842105,38,0.054494380950927734
randomization_robust,),32,0.8421052631578947,38,0.03339385986328125
randomization_robust,c,33,0.868421052631579,38,0.07652521133422852
randomization_robust,2,34,0.8947368421052632,38,0.01136922836303711
randomization_robust,),35,0.9210526315789473,38,0.050599098205566406
randomization_robust,c,36,0.9473684210526315,38,0.011116981506347656
randomization_robust,1,37,0.9736842105263158,38,0.005143165588378906
randomization_robust,[*],0,0.0,20,2.0679969787597656
randomization_robust,C,1,0.05,20,2.504000186920166
randomization_robust,=,2,0.1,20,3.9866323471069336
randomization_robust,C,3,0.15,20,0.25502562522888184
randomization_robust,(,4,0.2,20,0.35527634620666504
randomization_robust,[*],5,0.25,20,0.42505884170532227
randomization_robust,),6,0.3,20,0.23095130920410156
randomization_robust,c,7,0.35,20,0.17667365074157715
randomization_robust,1,8,0.4,20,0.1937246322631836
randomization_robust,c,9,0.45,20,0.04670286178588867
randomization_robust,c,10,0.5,20,0.04670286178588867
randomization_robust,c,11,0.55,20,0.04670286178588867
randomization_robust,c,12,0.6,20,0.04670286178588867
randomization_robust,(,13,0.65,20,0.04745960235595703
randomization_robust,C,14,0.7,20,0.015294313430786133
randomization_robust,#,15,0.75,20,0.03603720664978027
randomization_robust,C,16,0.8,20,0.14153790473937988
randomization_robust,),17,0.85,20,0.15715360641479492
randomization_robust,c,18,0.9,20,0.13813304901123047
randomization_robust,1,19,0.95,20,0.07143330574035645
randomization_robust,[*],0,0.0,47,0.5428547859191895
randomization_robust,C,1,0.02127659574468085,47,0.4302968978881836
randomization_robust,C,2,0.0425531914893617,47,0.4302968978881836
randomization_robust,C,3,0.06382978723404255,47,0.4302968978881836
randomization_robust,C,4,0.0851063829787234,47,0.4302968978881836
randomization_robust,C,5,0.10638297872340426,47,0.4302968978881836
randomization_robust,C,6,0.1276595744680851,47,0.4302968978881836
randomization_robust,C,7,0.14893617021276595,47,0.4302968978881836
randomization_robust,C,8,0.1702127659574468,47,0.4302968978881836
randomization_robust,C,9,0.19148936170212766,47,0.4302968978881836
randomization_robust,C,10,0.2127659574468085,47,0.4302968978881836
randomization_robust,O,11,0.23404255319148937,47,0.7420651912689209
randomization_robust,C,12,0.2553191489361702,47,0.19559621810913086
randomization_robust,(,13,0.2765957446808511,47,0.30684351921081543
randomization_robust,=,14,0.2978723404255319,47,0.06723546981811523
randomization_robust,O,15,0.3191489361702128,47,0.5305569171905518
randomization_robust,),16,0.3404255319148936,47,0.3856842517852783
randomization_robust,c,17,0.3617021276595745,47,0.29426097869873047
randomization_robust,1,18,0.3829787234042553,47,0.321197509765625
randomization_robust,c,19,0.40425531914893614,47,0.27027034759521484
randomization_robust,c,20,0.425531914893617,47,0.27027034759521484
randomization_robust,c,21,0.44680851063829785,47,0.27027034759521484
randomization_robust,(,22,0.46808510638297873,47,0.4913821220397949
randomization_robust,C,23,0.48936170212765956,47,0.00987386703491211
randomization_robust,=,24,0.5106382978723404,47,0.24011468887329102
randomization_robust,C,25,0.5319148936170213,47,0.10019540786743164
randomization_robust,c,26,0.5531914893617021,47,0.18886852264404297
randomization_robust,2,27,0.574468085106383,47,0.050499916076660156
randomization_robust,c,28,0.5957446808510638,47,0.02869272232055664
randomization_robust,c,29,0.6170212765957447,47,0.02869272232055664
randomization_robust,c,30,0.6382978723404256,47,0.02869272232055664
randomization_robust,(,31,0.6595744680851063,47,0.07923221588134766
randomization_robust,C,32,0.6808510638297872,47,0.0037841796875
randomization_robust,(,33,0.7021276595744681,47,0.20555353164672852
randomization_robust,=,34,0.723404255319149,47,0.2317066192626953
randomization_robust,O,35,0.7446808510638298,47,0.07683515548706055
randomization_robust,),36,0.7659574468085106,47,0.1497182846069336
randomization_robust,O,37,0.7872340425531915,47,0.050415992736816406
randomization_robust,[*],38,0.8085106382978723,47,0.18208837509155273
randomization_robust,),39,0.8297872340425532,47,0.17359495162963867
randomization_robust,c,40,0.851063829787234,47,0.12633895874023438
randomization_robust,c,41,0.8723404255319149,47,0.12633895874023438
randomization_robust,2,42,0.8936170212765957,47,0.027113914489746094
randomization_robust,),43,0.9148936170212766,47,0.1109914779663086
randomization_robust,c,44,0.9361702127659575,47,0.06196880340576172
randomization_robust,c,45,0.9574468085106383,47,0.06196880340576172
randomization_robust,1,46,0.9787234042553191,47,0.032384395599365234
randomization_robust,[*],0,0.0,71,0.48419904708862305
randomization_robust,c,1,0.014084507042253521,71,0.43042469024658203
randomization_robust,1,2,0.028169014084507043,71,0.45168399810791016
randomization_robust,c,3,0.04225352112676056,71,0.49752140045166016
randomization_robust,c,4,0.056338028169014086,71,0.49752140045166016
randomization_robust,c,5,0.07042253521126761,71,0.49752140045166016
randomization_robust,c,6,0.08450704225352113,71,0.49752140045166016
randomization_robust,(,7,0.09859154929577464,71,0.5155062675476074
randomization_robust,N,8,0.11267605633802817,71,0.48015332221984863
randomization_robust,2,9,0.1267605633802817,71,0.3782210350036621
randomization_robust,C,10,0.14084507042253522,71,0.3447399139404297
randomization_robust,(,11,0.15492957746478872,71,0.34650444984436035
randomization_robust,=,12,0.16901408450704225,71,0.09399080276489258
randomization_robust,O,13,0.18309859154929578,71,0.25640058517456055
randomization_robust,),14,0.19718309859154928,71,0.32242512702941895
randomization_robust,c,15,0.2112676056338028,71,0.27107906341552734
randomization_robust,3,16,0.22535211267605634,71,0.23496389389038086
randomization_robust,c,17,0.23943661971830985,71,0.28212618827819824
randomization_robust,c,18,0.2535211267605634,71,0.28212618827819824
randomization_robust,c,19,0.2676056338028169,71,0.28212618827819824
randomization_robust,(,20,0.28169014084507044,71,0.2724785804748535
randomization_robust,P,21,0.29577464788732394,71,0.3053274154663086
randomization_robust,(,22,0.30985915492957744,71,0.008862495422363281
randomization_robust,=,23,0.323943661971831,71,0.20235300064086914
randomization_robust,O,24,0.3380281690140845,71,0.09261488914489746
randomization_robust,),25,0.352112676056338,71,0.021601200103759766
randomization_robust,(,26,0.36619718309859156,71,0.03602743148803711
randomization_robust,c,27,0.38028169014084506,71,0.02194499969482422
randomization_robust,4,28,0.39436619718309857,71,0.022192001342773438
randomization_robust,c,29,0.4084507042253521,71,0.030168533325195312
randomization_robust,c,30,0.4225352112676056,71,0.030168533325195312
randomization_robust,c,31,0.43661971830985913,71,0.030168533325195312
randomization_robust,c,32,0.4507042253521127,71,0.030168533325195312
randomization_robust,c,33,0.4647887323943662,71,0.030168533325195312
randomization_robust,4,34,0.4788732394366197,71,0.0014920234680175781
randomization_robust,),35,0.49295774647887325,71,0.04235029220581055
randomization_robust,c,36,0.5070422535211268,71,0.12256050109863281
randomization_robust,4,37,0.5211267605633803,71,0.08327698707580566
randomization_robust,c,38,0.5352112676056338,71,0.08954596519470215
randomization_robust,c,39,0.5492957746478874,71,0.08954596519470215
randomization_robust,c,40,0.5633802816901409,71,0.08954596519470215
randomization_robust,5,41,0.5774647887323944,71,0.1420121192932129
randomization_robust,c,42,0.5915492957746479,71,0.0797734260559082
randomization_robust,(,43,0.6056338028169014,71,0.09070658683776855
randomization_robust,c,44,0.6197183098591549,71,0.07008194923400879
randomization_robust,4,45,0.6338028169014085,71,0.004568576812744141
randomization_robust,),46,0.647887323943662,71,0.005092620849609375
randomization_robust,C,47,0.6619718309859155,71,0.03817129135131836
randomization_robust,(,48,0.676056338028169,71,0.023113727569580078
randomization_robust,=,49,0.6901408450704225,71,0.1546168327331543
randomization_robust,O,50,0.704225352112676,71,0.15484905242919922
randomization_robust,),51,0.7183098591549296,71,0.09198522567749023
randomization_robust,N,52,0.7323943661971831,71,0.12475085258483887
randomization_robust,(,53,0.7464788732394366,71,0.14653968811035156
randomization_robust,[*],54,0.7605633802816901,71,0.14644694328308105
randomization_robust,),55,0.7746478873239436,71,0.1423804759979248
randomization_robust,C,56,0.7887323943661971,71,0.14331555366516113
randomization_robust,5,57,0.8028169014084507,71,0.0916898250579834
randomization_robust,=,58,0.8169014084507042,71,0.07762336730957031
randomization_robust,O,59,0.8309859154929577,71,0.18598127365112305
randomization_robust,),60,0.8450704225352113,71,0.12090301513671875
randomization_robust,c,61,0.8591549295774648,71,0.0856318473815918
randomization_robust,c,62,0.8732394366197183,71,0.0856318473815918
randomization_robust,3,63,0.8873239436619719,71,0.05164813995361328
randomization_robust,C,64,0.9014084507042254,71,0.08940982818603516
randomization_robust,2,65,0.9154929577464789,71,0.05092883110046387
randomization_robust,=,66,0.9295774647887324,71,0.10574531555175781
randomization_robust,O,67,0.9436619718309859,71,0.10661053657531738
randomization_robust,),68,0.9577464788732394,71,0.07380962371826172
randomization_robust,c,69,0.971830985915493,71,0.022910356521606445
randomization_robust,1,70,0.9859154929577465,71,0.06692957878112793
randomization_robust,[*],0,0.0,22,0.20945477485656738
randomization_robust,c,1,0.045454545454545456,22,0.01816105842590332
randomization_robust,1,2,0.09090909090909091,22,0.05903196334838867
randomization_robust,c,3,0.13636363636363635,22,0.1553816795349121
randomization_robust,c,4,0.18181818181818182,22,0.1553816795349121
randomization_robust,c,5,0.22727272727272727,22,0.1553816795349121
randomization_robust,c,6,0.2727272727272727,22,0.1553816795349121
randomization_robust,(,7,0.3181818181818182,22,0.12741613388061523
randomization_robust,-,8,0.36363636363636365,22,0.047025203704833984
randomization_robust,c,9,0.4090909090909091,22,0.01947188377380371
randomization_robust,2,10,0.45454545454545453,22,0.05374336242675781
randomization_robust,n,11,0.5,22,0.012076139450073242
randomization_robust,n,12,0.5454545454545454,22,0.012076139450073242
randomization_robust,c,13,0.5909090909090909,22,0.011748552322387695
randomization_robust,(,14,0.6363636363636364,22,0.059163808822631836
randomization_robust,[*],15,0.6818181818181818,22,0.05946159362792969
randomization_robust,),16,0.7272727272727273,22,0.09288883209228516
randomization_robust,o,17,0.7727272727272727,22,0.14355063438415527
randomization_robust,2,18,0.8181818181818182,22,0.16112494468688965
randomization_robust,),19,0.8636363636363636,22,0.07021236419677734
randomization_robust,c,20,0.9090909090909091,22,0.003568887710571289
randomization_robust,1,21,0.9545454545454546,22,0.05731201171875
randomization_robust,[*],0,0.0,39,0.23141908645629883
randomization_robust,C,1,0.02564102564102564,39,0.24650096893310547
randomization_robust,C,2,0.05128205128205128,39,0.24650096893310547
randomization_robust,C,3,0.07692307692307693,39,0.24650096893310547
randomization_robust,C,4,0.10256410256410256,39,0.24650096893310547
randomization_robust,C,5,0.1282051282051282,39,0.24650096893310547
randomization_robust,C,6,0.15384615384615385,39,0.24650096893310547
randomization_robust,C,7,0.1794871794871795,39,0.24650096893310547
randomization_robust,N,8,0.20512820512820512,39,0.15929460525512695
randomization_robust,C,9,0.23076923076923078,39,0.20609664916992188
randomization_robust,(,10,0.2564102564102564,39,0.20176315307617188
randomization_robust,=,11,0.28205128205128205,39,0.04624032974243164
randomization_robust,O,12,0.3076923076923077,39,0.356748104095459
randomization_robust,),13,0.3333333333333333,39,0.2373199462890625
randomization_robust,C,14,0.358974358974359,39,0.25859546661376953
randomization_robust,C,15,0.38461538461538464,39,0.25859546661376953
randomization_robust,C,16,0.41025641025641024,39,0.25859546661376953
randomization_robust,C,17,0.4358974358974359,39,0.25859546661376953
randomization_robust,C,18,0.46153846153846156,39,0.25859546661376953
randomization_robust,C,19,0.48717948717948717,39,0.25859546661376953
randomization_robust,C,20,0.5128205128205128,39,0.25859546661376953
randomization_robust,C,21,0.5384615384615384,39,0.25859546661376953
randomization_robust,C,22,0.5641025641025641,39,0.25859546661376953
randomization_robust,C,23,0.5897435897435898,39,0.25859546661376953
randomization_robust,C,24,0.6153846153846154,39,0.25859546661376953
randomization_robust,C,25,0.6410256410256411,39,0.25859546661376953
randomization_robust,C,26,0.6666666666666666,39,0.25859546661376953
randomization_robust,C,27,0.6923076923076923,39,0.25859546661376953
randomization_robust,C,28,0.717948717948718,39,0.25859546661376953
randomization_robust,C,29,0.7435897435897436,39,0.25859546661376953
randomization_robust,C,30,0.7692307692307693,39,0.25859546661376953
randomization_robust,C,31,0.7948717948717948,39,0.25859546661376953
randomization_robust,C,32,0.8205128205128205,39,0.25859546661376953
randomization_robust,(,33,0.8461538461538461,39,0.25539541244506836
randomization_robust,=,34,0.8717948717948718,39,0.16649627685546875
randomization_robust,O,35,0.8974358974358975,39,0.27593421936035156
randomization_robust,),36,0.9230769230769231,39,0.11389780044555664
randomization_robust,N,37,0.9487179487179487,39,0.058431148529052734
randomization_robust,[*],38,0.9743589743589743,39,0.025902748107910156
randomization_robust,[*],0,0.0,23,0.9295415878295898
randomization_robust,C,1,0.043478260869565216,23,1.064223289489746
randomization_robust,C,2,0.08695652173913043,23,1.064223289489746
randomization_robust,(,3,0.13043478260869565,23,0.669647216796875
randomization_robust,O,4,0.17391304347826086,23,0.26235246658325195
randomization_robust,[*],5,0.21739130434782608,23,0.7811031341552734
randomization_robust,),6,0.2608695652173913,23,0.5791072845458984
randomization_robust,C,7,0.30434782608695654,23,0.9677581787109375
randomization_robust,1,8,0.34782608695652173,23,0.25281238555908203
randomization_robust,C,9,0.391304347826087,23,0.8022384643554688
randomization_robust,C,10,0.43478260869565216,23,0.8022384643554688
randomization_robust,(,11,0.4782608695652174,23,0.2033376693725586
randomization_robust,F,12,0.5217391304347826,23,0.13656854629516602
randomization_robust,),13,0.5652173913043478,23,0.3269081115722656
randomization_robust,(,14,0.6086956521739131,23,0.3083791732788086
randomization_robust,F,15,0.6521739130434783,23,0.27104711532592773
randomization_robust,),16,0.6956521739130435,23,0.1031045913696289
randomization_robust,C,17,0.7391304347826086,23,0.5781698226928711
randomization_robust,1,18,0.782608695652174,23,0.31215953826904297
randomization_robust,(,19,0.8260869565217391,23,0.07485198974609375
randomization_robust,F,20,0.8695652173913043,23,0.3775653839111328
randomization_robust,),21,0.9130434782608695,23,0.2309408187866211
randomization_robust,F,22,0.9565217391304348,23,0.43143367767333984
randomization_robust,[*],0,0.0,71,0.4589877128601074
randomization_robust,c,1,0.014084507042253521,71,0.5150127410888672
randomization_robust,1,2,0.028169014084507043,71,0.5204548835754395
randomization_robust,c,3,0.04225352112676056,71,0.4758267402648926
randomization_robust,c,4,0.056338028169014086,71,0.4758267402648926
randomization_robust,c,5,0.07042253521126761,71,0.4758267402648926
randomization_robust,(,6,0.08450704225352113,71,0.4189167022705078
randomization_robust,N,7,0.09859154929577464,71,0.41691112518310547
randomization_robust,2,8,0.11267605633802817,71,0.48884105682373047
randomization_robust,C,9,0.1267605633802817,71,0.3836989402770996
randomization_robust,(,10,0.14084507042253522,71,0.3651251792907715
randomization_robust,=,11,0.15492957746478872,71,0.5863237380981445
randomization_robust,O,12,0.16901408450704225,71,0.2678561210632324
randomization_robust,),13,0.18309859154929578,71,0.34198665618896484
randomization_robust,c,14,0.19718309859154928,71,0.3547177314758301
randomization_robust,3,15,0.2112676056338028,71,0.40754032135009766
randomization_robust,c,16,0.22535211267605634,71,0.3839988708496094
randomization_robust,c,17,0.23943661971830985,71,0.3839988708496094
randomization_robust,c,18,0.2535211267605634,71,0.3839988708496094
randomization_robust,(,19,0.2676056338028169,71,0.33753418922424316
randomization_robust,P,20,0.28169014084507044,71,0.19745588302612305
randomization_robust,(,21,0.29577464788732394,71,0.22254395484924316
randomization_robust,=,22,0.30985915492957744,71,0.41962385177612305
randomization_robust,O,23,0.323943661971831,71,0.20048117637634277
randomization_robust,),24,0.3380281690140845,71,0.3115675449371338
randomization_robust,(,25,0.352112676056338,71,0.2741844654083252
randomization_robust,c,26,0.36619718309859156,71,0.2769908905029297
randomization_robust,4,27,0.38028169014084506,71,0.3535428047180176
randomization_robust,c,28,0.39436619718309857,71,0.3700990676879883
randomization_robust,c,29,0.4084507042253521,71,0.3700990676879883
randomization_robust,c,30,0.4225352112676056,71,0.3700990676879883
randomization_robust,c,31,0.43661971830985913,71,0.3700990676879883
randomization_robust,c,32,0.4507042253521127,71,0.3700990676879883
randomization_robust,4,33,0.4647887323943662,71,0.35967302322387695
randomization_robust,),34,0.4788732394366197,71,0.2696356773376465
randomization_robust,c,35,0.49295774647887325,71,0.2718782424926758
randomization_robust,4,36,0.5070422535211268,71,0.28646254539489746
randomization_robust,c,37,0.5211267605633803,71,0.27033519744873047
randomization_robust,c,38,0.5352112676056338,71,0.27033519744873047
randomization_robust,c,39,0.5492957746478874,71,0.27033519744873047
randomization_robust,5,40,0.5633802816901409,71,0.2558102607727051
randomization_robust,c,41,0.5774647887323944,71,0.23880720138549805
randomization_robust,(,42,0.5915492957746479,71,0.1924896240234375
randomization_robust,c,43,0.6056338028169014,71,0.21819210052490234
randomization_robust,4,44,0.6197183098591549,71,0.18930292129516602
randomization_robust,),45,0.6338028169014085,71,0.17224764823913574
randomization_robust,C,46,0.647887323943662,71,0.15956687927246094
randomization_robust,(,47,0.6619718309859155,71,0.18123674392700195
randomization_robust,=,48,0.676056338028169,71,0.34869933128356934
randomization_robust,O,49,0.6901408450704225,71,0.15930771827697754
randomization_robust,),50,0.704225352112676,71,0.1987910270690918
randomization_robust,N,51,0.7183098591549296,71,0.16897201538085938
randomization_robust,(,52,0.7323943661971831,71,0.17575693130493164
randomization_robust,[*],53,0.7464788732394366,71,0.14503812789916992
randomization_robust,),54,0.7605633802816901,71,0.17297601699829102
randomization_robust,C,55,0.7746478873239436,71,0.16829395294189453
randomization_robust,5,56,0.7887323943661971,71,0.19437408447265625
randomization_robust,=,57,0.8028169014084507,71,0.21322083473205566
randomization_robust,O,58,0.8169014084507042,71,0.14693045616149902
randomization_robust,),59,0.8309859154929577,71,0.0462040901184082
randomization_robust,c,60,0.8450704225352113,71,0.004792213439941406
randomization_robust,c,61,0.8591549295774648,71,0.004792213439941406
randomization_robust,3,62,0.8732394366197183,71,0.06670594215393066
randomization_robust,C,63,0.8873239436619719,71,0.032546043395996094
randomization_robust,2,64,0.9014084507042254,71,0.021424531936645508
randomization_robust,=,65,0.9154929577464789,71,0.15416312217712402
randomization_robust,O,66,0.9295774647887324,71,0.02715611457824707
randomization_robust,),67,0.9436619718309859,71,0.01749706268310547
randomization_robust,c,68,0.9577464788732394,71,0.016664505004882812
randomization_robust,c,69,0.971830985915493,71,0.016664505004882812
randomization_robust,1,70,0.9859154929577465,71,0.02256917953491211
randomization_robust,[*],0,0.0,36,0.013775348663330078
randomization_robust,C,1,0.027777777777777776,36,0.02395486831665039
randomization_robust,C,2,0.05555555555555555,36,0.02395486831665039
randomization_robust,1,3,0.08333333333333333,36,0.02562093734741211
randomization_robust,C,4,0.1111111111111111,36,0.008263111114501953
randomization_robust,C,5,0.1388888888888889,36,0.008263111114501953
randomization_robust,C,6,0.16666666666666666,36,0.008263111114501953
randomization_robust,C,7,0.19444444444444445,36,0.008263111114501953
randomization_robust,(,8,0.2222222222222222,36,0.02507495880126953
randomization_robust,C,9,0.25,36,0.0007266998291015625
randomization_robust,N,10,0.2777777777777778,36,0.1796097755432129
randomization_robust,C,11,0.3055555555555556,36,0.07668304443359375
randomization_robust,(,12,0.3333333333333333,36,0.08805656433105469
randomization_robust,=,13,0.3611111111111111,36,0.15331172943115234
randomization_robust,O,14,0.3888888888888889,36,0.009860992431640625
randomization_robust,),15,0.4166666666666667,36,0.1142425537109375
randomization_robust,C,16,0.4444444444444444,36,0.05957746505737305
randomization_robust,C,17,0.4722222222222222,36,0.05957746505737305
randomization_robust,C,18,0.5,36,0.05957746505737305
randomization_robust,C,19,0.5277777777777778,36,0.05957746505737305
randomization_robust,C,20,0.5555555555555556,36,0.05957746505737305
randomization_robust,C,21,0.5833333333333334,36,0.05957746505737305
randomization_robust,C,22,0.6111111111111112,36,0.05957746505737305
randomization_robust,C,23,0.6388888888888888,36,0.05957746505737305
randomization_robust,C,24,0.6666666666666666,36,0.05957746505737305
randomization_robust,C,25,0.6944444444444444,36,0.05957746505737305
randomization_robust,C,26,0.7222222222222222,36,0.05957746505737305
randomization_robust,(,27,0.75,36,0.05796623229980469
randomization_robust,=,28,0.7777777777777778,36,0.2276926040649414
randomization_robust,O,29,0.8055555555555556,36,0.05384683609008789
randomization_robust,),30,0.8333333333333334,36,0.1548480987548828
randomization_robust,N,31,0.8611111111111112,36,0.04055976867675781
randomization_robust,[*],32,0.8888888888888888,36,0.1181492805480957
randomization_robust,),33,0.9166666666666666,36,0.019769668579101562
randomization_robust,C,34,0.9444444444444444,36,0.01958322525024414
randomization_robust,1,35,0.9722222222222222,36,0.006661415100097656
randomization_robust,[*],0,0.0,36,1.1665918827056885
randomization_robust,C,1,0.027777777777777776,36,0.7805461883544922
randomization_robust,c,2,0.05555555555555555,36,0.49512577056884766
randomization_robust,1,3,0.08333333333333333,36,0.32935285568237305
randomization_robust,c,4,0.1111111111111111,36,0.25830698013305664
randomization_robust,c,5,0.1388888888888889,36,0.25830698013305664
randomization_robust,c,6,0.16666666666666666,36,0.25830698013305664
randomization_robust,(,7,0.19444444444444445,36,0.3725605010986328
randomization_robust,C,8,0.2222222222222222,36,0.3655366897583008
randomization_robust,O,9,0.25,36,0.534576416015625
randomization_robust,C,10,0.2777777777777778,36,0.39397144317626953
randomization_robust,(,11,0.3055555555555556,36,0.5050058364868164
randomization_robust,=,12,0.3333333333333333,36,0.11212682723999023
randomization_robust,O,13,0.3611111111111111,36,0.40065622329711914
randomization_robust,),14,0.3888888888888889,36,0.28171539306640625
randomization_robust,C,15,0.4166666666666667,36,0.2749643325805664
randomization_robust,2,16,0.4444444444444444,36,0.20750093460083008
randomization_robust,C,17,0.4722222222222222,36,0.23302698135375977
randomization_robust,C,18,0.5,36,0.23302698135375977
randomization_robust,C,19,0.5277777777777778,36,0.23302698135375977
randomization_robust,(,20,0.5555555555555556,36,0.145721435546875
randomization_robust,C,21,0.5833333333333334,36,0.09798765182495117
randomization_robust,(,22,0.6111111111111112,36,0.13187170028686523
randomization_robust,=,23,0.6388888888888888,36,0.16674423217773438
randomization_robust,O,24,0.6666666666666666,36,0.0642404556274414
randomization_robust,),25,0.6944444444444444,36,0.08091068267822266
randomization_robust,O,26,0.7222222222222222,36,0.047609806060791016
randomization_robust,[*],27,0.75,36,0.1027383804321289
randomization_robust,),28,0.7777777777777778,36,0.08296442031860352
randomization_robust,C,29,0.8055555555555556,36,0.022655010223388672
randomization_robust,C,30,0.8333333333333334,36,0.022655010223388672
randomization_robust,2,31,0.8611111111111112,36,0.1624598503112793
randomization_robust,),32,0.8888888888888888,36,0.04998779296875
randomization_robust,c,33,0.9166666666666666,36,0.1124410629272461
randomization_robust,c,34,0.9444444444444444,36,0.1124410629272461
randomization_robust,1,35,0.9722222222222222,36,0.02569580078125
randomization_robust,[*],0,0.0,25,0.43187499046325684
randomization_robust,N,1,0.04,25,0.660365104675293
randomization_robust,c,2,0.08,25,0.01790475845336914
randomization_robust,1,3,0.12,25,0.05859708786010742
randomization_robust,c,4,0.16,25,0.07943010330200195
randomization_robust,c,5,0.2,25,0.07943010330200195
randomization_robust,(,6,0.24,25,0.02407550811767578
randomization_robust,[*],7,0.28,25,0.03376626968383789
randomization_robust,),8,0.32,25,0.018593788146972656
randomization_robust,c,9,0.36,25,0.06156492233276367
randomization_robust,c,10,0.4,25,0.06156492233276367
randomization_robust,c,11,0.44,25,0.06156492233276367
randomization_robust,1,12,0.48,25,0.11074113845825195
randomization_robust,C,13,0.52,25,0.04432535171508789
randomization_robust,C,14,0.56,25,0.04432535171508789
randomization_robust,C,15,0.6,25,0.04432535171508789
randomization_robust,C,16,0.64,25,0.04432535171508789
randomization_robust,C,17,0.68,25,0.04432535171508789
randomization_robust,C,18,0.72,25,0.04432535171508789
randomization_robust,C,19,0.76,25,0.04432535171508789
randomization_robust,C,20,0.8,25,0.04432535171508789
randomization_robust,C,21,0.84,25,0.04432535171508789
randomization_robust,C,22,0.88,25,0.04432535171508789
randomization_robust,C,23,0.92,25,0.04432535171508789
randomization_robust,C,24,0.96,25,0.04432535171508789
randomization_robust,[*],0,0.0,26,0.17624139785766602
randomization_robust,O,1,0.038461538461538464,26,0.42673444747924805
randomization_robust,C,2,0.07692307692307693,26,0.010476112365722656
randomization_robust,(,3,0.11538461538461539,26,0.15528440475463867
randomization_robust,=,4,0.15384615384615385,26,0.3177485466003418
randomization_robust,O,5,0.19230769230769232,26,0.17806529998779297
randomization_robust,),6,0.23076923076923078,26,0.2506399154663086
randomization_robust,C,7,0.2692307692307692,26,0.07369661331176758
randomization_robust,C,8,0.3076923076923077,26,0.07369661331176758
randomization_robust,S,9,0.34615384615384615,26,0.09672021865844727
randomization_robust,(,10,0.38461538461538464,26,0.010663986206054688
randomization_robust,=,11,0.4230769230769231,26,0.19699954986572266
randomization_robust,O,12,0.46153846153846156,26,0.06394100189208984
randomization_robust,),13,0.5,26,0.26909923553466797
randomization_robust,(,14,0.5384615384615384,26,0.1879138946533203
randomization_robust,=,15,0.5769230769230769,26,0.3221297264099121
randomization_robust,O,16,0.6153846153846154,26,0.06647062301635742
randomization_robust,),17,0.6538461538461539,26,0.18942928314208984
randomization_robust,C,18,0.6923076923076923,26,0.06204032897949219
randomization_robust,C,19,0.7307692307692307,26,0.06204032897949219
randomization_robust,C,20,0.7692307692307693,26,0.06204032897949219
randomization_robust,(,21,0.8076923076923077,26,0.034764766693115234
randomization_robust,[*],22,0.8461538461538461,26,0.14051246643066406
randomization_robust,),23,0.8846153846153846,26,0.15839004516601562
randomization_robust,=,24,0.9230769230769231,26,0.12058877944946289
randomization_robust,O,25,0.9615384615384616,26,0.17705249786376953
randomization_robust,[*],0,0.0,29,1.027757167816162
randomization_robust,C,1,0.034482758620689655,29,0.9998831748962402
randomization_robust,C,2,0.06896551724137931,29,0.9998831748962402
randomization_robust,C,3,0.10344827586206896,29,0.9998831748962402
randomization_robust,C,4,0.13793103448275862,29,0.9998831748962402
randomization_robust,C,5,0.1724137931034483,29,0.9998831748962402
randomization_robust,(,6,0.20689655172413793,29,0.9619154930114746
randomization_robust,=,7,0.2413793103448276,29,0.9596738815307617
randomization_robust,O,8,0.27586206896551724,29,0.9252786636352539
randomization_robust,),9,0.3103448275862069,29,1.0200023651123047
randomization_robust,N,10,0.3448275862068966,29,0.9021744728088379
randomization_robust,C,11,0.3793103448275862,29,0.5721888542175293
randomization_robust,C,12,0.41379310344827586,29,0.5721888542175293
randomization_robust,C,13,0.4482758620689655,29,0.5721888542175293
randomization_robust,C,14,0.4827586206896552,29,0.5721888542175293
randomization_robust,C,15,0.5172413793103449,29,0.5721888542175293
randomization_robust,C,16,0.5517241379310345,29,0.5721888542175293
randomization_robust,N,17,0.5862068965517241,29,0.5085949897766113
randomization_robust,C,18,0.6206896551724138,29,0.5229215621948242
randomization_robust,(,19,0.6551724137931034,29,0.4464149475097656
randomization_robust,=,20,0.6896551724137931,29,0.600407600402832
randomization_robust,O,21,0.7241379310344828,29,0.2457723617553711
randomization_robust,),22,0.7586206896551724,29,0.637697696685791
randomization_robust,C,23,0.7931034482758621,29,0.5077199935913086
randomization_robust,C,24,0.8275862068965517,29,0.5077199935913086
randomization_robust,C,25,0.8620689655172413,29,0.5077199935913086
randomization_robust,C,26,0.896551724137931,29,0.5077199935913086
randomization_robust,S,27,0.9310344827586207,29,1.1069612503051758
randomization_robust,[*],28,0.9655172413793104,29,0.02382516860961914
randomization_robust,[*],0,0.0,32,0.25107336044311523
randomization_robust,N,1,0.03125,32,0.33753395080566406
randomization_robust,C,2,0.0625,32,0.4796488285064697
randomization_robust,(,3,0.09375,32,0.40242600440979004
randomization_robust,S,4,0.125,32,0.800020694732666
randomization_robust,1,5,0.15625,32,0.7991712093353271
randomization_robust,),6,0.1875,32,0.5221500396728516
randomization_robust,=,7,0.21875,32,0.29065370559692383
randomization_robust,C,8,0.25,32,0.5372016429901123
randomization_robust,C,9,0.28125,32,0.5372016429901123
randomization_robust,=,10,0.3125,32,0.2430260181427002
randomization_robust,C,11,0.34375,32,0.4681060314178467
randomization_robust,1,12,0.375,32,0.4937324523925781
randomization_robust,C,13,0.40625,32,0.45943474769592285
randomization_robust,(,14,0.4375,32,0.34837818145751953
randomization_robust,C,15,0.46875,32,0.33336853981018066
randomization_robust,=,16,0.5,32,0.014926910400390625
randomization_robust,C,17,0.53125,32,0.3688371181488037
randomization_robust,2,18,0.5625,32,0.3838844299316406
randomization_robust,),19,0.59375,32,0.29653501510620117
randomization_robust,=,20,0.625,32,0.32497429847717285
randomization_robust,C,21,0.65625,32,0.507537841796875
randomization_robust,C,22,0.6875,32,0.507537841796875
randomization_robust,=,23,0.71875,32,0.2687571048736572
randomization_robust,C,24,0.75,32,0.4250972270965576
randomization_robust,2,25,0.78125,32,0.46042513847351074
randomization_robust,C,26,0.8125,32,0.40738487243652344
randomization_robust,(,27,0.84375,32,0.3518965244293213
randomization_robust,=,28,0.875,32,0.2064805030822754
randomization_robust,S,29,0.90625,32,0.12326669692993164
randomization_robust,),30,0.9375,32,0.09989213943481445
randomization_robust,[*],31,0.96875,32,0.06551027297973633
randomization_robust,[*],0,0.0,21,1.3623788356781006
randomization_robust,C,1,0.047619047619047616,21,1.4242002964019775
randomization_robust,=,2,0.09523809523809523,21,2.3054592609405518
randomization_robust,C,3,0.14285714285714285,21,0.8958790302276611
randomization_robust,(,4,0.19047619047619047,21,1.0001678466796875
randomization_robust,[*],5,0.23809523809523808,21,1.0568463802337646
randomization_robust,),6,0.2857142857142857,21,0.8556656837463379
randomization_robust,c,7,0.3333333333333333,21,0.7592024803161621
randomization_robust,1,8,0.38095238095238093,21,0.8116388320922852
randomization_robust,n,9,0.42857142857142855,21,0.024118900299072266
randomization_robust,c,10,0.47619047619047616,21,0.11561012268066406
randomization_robust,2,11,0.5238095238095238,21,0.14366650581359863
randomization_robust,c,12,0.5714285714285714,21,0.20726919174194336
randomization_robust,c,13,0.6190476190476191,21,0.20726919174194336
randomization_robust,c,14,0.6666666666666666,21,0.20726919174194336
randomization_robust,c,15,0.7142857142857143,21,0.20726919174194336
randomization_robust,c,16,0.7619047619047619,21,0.20726919174194336
randomization_robust,2,17,0.8095238095238095,21,0.03816938400268555
randomization_robust,n,18,0.8571428571428571,21,0.22939109802246094
randomization_robust,1,19,0.9047619047619048,21,0.10470223426818848
randomization_robust,C,20,0.9523809523809523,21,0.10444855690002441
randomization_robust,[*],0,0.0,32,0.4369473457336426
randomization_robust,C,1,0.03125,32,0.3821711540222168
randomization_robust,(,2,0.0625,32,0.4045586585998535
randomization_robust,=,3,0.09375,32,0.6241331100463867
randomization_robust,O,4,0.125,32,0.3548002243041992
randomization_robust,),5,0.15625,32,0.5757675170898438
randomization_robust,c,6,0.1875,32,0.6557703018188477
randomization_robust,1,7,0.21875,32,0.5694990158081055
randomization_robust,c,8,0.25,32,0.6316647529602051
randomization_robust,c,9,0.28125,32,0.6316647529602051
randomization_robust,c,10,0.3125,32,0.6316647529602051
randomization_robust,(,11,0.34375,32,0.4821000099182129
randomization_robust,C,12,0.375,32,0.44553327560424805
randomization_robust,(,13,0.40625,32,0.46841907501220703
randomization_robust,=,14,0.4375,32,0.6412997245788574
randomization_robust,O,15,0.46875,32,0.2909970283508301
randomization_robust,),16,0.5,32,0.22852659225463867
randomization_robust,N,17,0.53125,32,0.13431215286254883
randomization_robust,2,18,0.5625,32,0.33215951919555664
randomization_robust,C,19,0.59375,32,0.04731273651123047
randomization_robust,C,20,0.625,32,0.04731273651123047
randomization_robust,N,21,0.65625,32,0.13490581512451172
randomization_robust,(,22,0.6875,32,0.06622505187988281
randomization_robust,[*],23,0.71875,32,0.09496831893920898
randomization_robust,),24,0.75,32,0.04359912872314453
randomization_robust,C,25,0.78125,32,0.06522846221923828
randomization_robust,C,26,0.8125,32,0.06522846221923828
randomization_robust,2,27,0.84375,32,0.18473052978515625
randomization_robust,),28,0.875,32,0.1726374626159668
randomization_robust,c,29,0.90625,32,0.18747568130493164
randomization_robust,c,30,0.9375,32,0.18747568130493164
randomization_robust,1,31,0.96875,32,0.11000251770019531
randomization_robust,C,0,0.0,24,0.17484807968139648
randomization_robust,(,1,0.041666666666666664,24,0.13394594192504883
randomization_robust,[*],2,0.08333333333333333,24,0.10351753234863281
randomization_robust,),3,0.125,24,0.10060739517211914
randomization_robust,C,4,0.16666666666666666,24,0.16773414611816406
randomization_robust,(,5,0.20833333333333334,24,0.14519023895263672
randomization_robust,C,6,0.25,24,0.1684255599975586
randomization_robust,),7,0.2916666666666667,24,0.08086776733398438
randomization_robust,(,8,0.3333333333333333,24,0.16936159133911133
randomization_robust,C,9,0.375,24,0.20016241073608398
randomization_robust,(,10,0.4166666666666667,24,0.1775507926940918
randomization_robust,=,11,0.4583333333333333,24,0.5938816070556641
randomization_robust,O,12,0.5,24,0.028591632843017578
randomization_robust,),13,0.5416666666666666,24,0.05208253860473633
randomization_robust,O,14,0.5833333333333334,24,0.022674083709716797
randomization_robust,C,15,0.625,24,0.08494806289672852
randomization_robust,C,16,0.6666666666666666,24,0.08494806289672852
randomization_robust,C,17,0.7083333333333334,24,0.08494806289672852
randomization_robust,O,18,0.75,24,0.06553506851196289
randomization_robust,C,19,0.7916666666666666,24,0.0944666862487793
randomization_robust,),20,0.8333333333333334,24,0.054114341735839844
randomization_robust,(,21,0.875,24,0.013201713562011719
randomization_robust,[*],22,0.9166666666666666,24,0.016486644744873047
randomization_robust,),23,0.9583333333333334,24,0.026810646057128906
randomization_robust,[*],0,0.0,20,0.33086609840393066
randomization_robust,N,1,0.05,20,0.17716217041015625
randomization_robust,C,2,0.1,20,0.5802245140075684
randomization_robust,(,3,0.15,20,0.4016079902648926
randomization_robust,S,4,0.2,20,0.2572135925292969
randomization_robust,1,5,0.25,20,0.7178552150726318
randomization_robust,),6,0.3,20,0.5960185527801514
randomization_robust,=,7,0.35,20,0.33190441131591797
randomization_robust,C,8,0.4,20,0.5499672889709473
randomization_robust,C,9,0.45,20,0.5499672889709473
randomization_robust,=,10,0.5,20,0.14452838897705078
randomization_robust,C,11,0.55,20,0.4928467273712158
randomization_robust,1,12,0.6,20,0.1015925407409668
randomization_robust,C,13,0.65,20,0.48140907287597656
randomization_robust,(,14,0.7,20,0.27976226806640625
randomization_robust,=,15,0.75,20,0.18776273727416992
randomization_robust,O,16,0.8,20,0.6814401149749756
randomization_robust,),17,0.85,20,0.1181025505065918
randomization_robust,O,18,0.9,20,0.3910403251647949
randomization_robust,[*],19,0.95,20,0.14360904693603516
randomization_robust,[*],0,0.0,19,0.1895155906677246
randomization_robust,N,1,0.05263157894736842,19,0.27237367630004883
randomization_robust,c,2,0.10526315789473684,19,0.27894020080566406
randomization_robust,1,3,0.15789473684210525,19,0.037021636962890625
randomization_robust,c,4,0.21052631578947367,19,0.006618976593017578
randomization_robust,c,5,0.2631578947368421,19,0.006618976593017578
randomization_robust,(,6,0.3157894736842105,19,0.1936511993408203
randomization_robust,O,7,0.3684210526315789,19,0.5060601234436035
randomization_robust,C,8,0.42105263157894735,19,0.5833673477172852
randomization_robust,),9,0.47368421052631576,19,0.2599968910217285
randomization_robust,c,10,0.5263157894736842,19,0.13720321655273438
randomization_robust,(,11,0.5789473684210527,19,0.40434789657592773
randomization_robust,[*],12,0.631578947368421,19,0.4491281509399414
randomization_robust,),13,0.6842105263157895,19,0.3774833679199219
randomization_robust,c,14,0.7368421052631579,19,0.29135704040527344
randomization_robust,c,15,0.7894736842105263,19,0.29135704040527344
randomization_robust,1,16,0.8421052631578947,19,0.366504430770874
randomization_robust,O,17,0.8947368421052632,19,0.17642688751220703
randomization_robust,C,18,0.9473684210526315,19,0.01076364517211914
randomization_robust,[*],0,0.0,27,0.29449033737182617
randomization_robust,c,1,0.037037037037037035,27,0.3656792640686035
randomization_robust,1,2,0.07407407407407407,27,0.2295851707458496
randomization_robust,c,3,0.1111111111111111,27,0.1987452507019043
randomization_robust,c,4,0.14814814814814814,27,0.1987452507019043
randomization_robust,c,5,0.18518518518518517,27,0.1987452507019043
randomization_robust,(,6,0.2222222222222222,27,0.011716842651367188
randomization_robust,-,7,0.25925925925925924,27,0.15964078903198242
randomization_robust,c,8,0.2962962962962963,27,0.11213207244873047
randomization_robust,2,9,0.3333333333333333,27,0.45770835876464844
randomization_robust,n,10,0.37037037037037035,27,0.3745732307434082
randomization_robust,n,11,0.4074074074074074,27,0.3745732307434082
randomization_robust,c,12,0.4444444444444444,27,0.46681761741638184
randomization_robust,(,13,0.48148148148148145,27,0.6085004806518555
randomization_robust,[*],14,0.5185185185185185,27,0.4847850799560547
randomization_robust,),15,0.5555555555555556,27,0.6374423503875732
randomization_robust,o,16,0.5925925925925926,27,0.43277597427368164
randomization_robust,2,17,0.6296296296296297,27,0.48049426078796387
randomization_robust,),18,0.6666666666666666,27,0.2952110767364502
randomization_robust,c,19,0.7037037037037037,27,0.24531936645507812
randomization_robust,(,20,0.7407407407407407,27,0.32624149322509766
randomization_robust,O,21,0.7777777777777778,27,0.48584485054016113
randomization_robust,C,22,0.8148148148148148,27,0.4228382110595703
randomization_robust,C,23,0.8518518518518519,27,0.4228382110595703
randomization_robust,),24,0.8888888888888888,27,0.16360044479370117
randomization_robust,c,25,0.9259259259259259,27,0.05871009826660156
randomization_robust,1,26,0.9629629629629629,27,0.06603002548217773
randomization_robust,[*],0,0.0,52,0.04024171829223633
randomization_robust,N,1,0.019230769230769232,52,0.09422016143798828
randomization_robust,C,2,0.038461538461538464,52,0.09068679809570312
randomization_robust,(,3,0.057692307692307696,52,0.10632181167602539
randomization_robust,=,4,0.07692307692307693,52,0.3454127311706543
randomization_robust,O,5,0.09615384615384616,52,0.027490615844726562
randomization_robust,),6,0.11538461538461539,52,0.08460330963134766
randomization_robust,c,7,0.1346153846153846,52,0.08987879753112793
randomization_robust,1,8,0.15384615384615385,52,0.13147616386413574
randomization_robust,c,9,0.17307692307692307,52,0.13248658180236816
randomization_robust,c,10,0.19230769230769232,52,0.13248658180236816
randomization_robust,c,11,0.21153846153846154,52,0.13248658180236816
randomization_robust,(,12,0.23076923076923078,52,0.012181282043457031
randomization_robust,C,13,0.25,52,0.0688028335571289
randomization_robust,(,14,0.2692307692307692,52,0.07995820045471191
randomization_robust,=,15,0.28846153846153844,52,0.25629234313964844
randomization_robust,O,16,0.3076923076923077,52,0.09302997589111328
randomization_robust,),17,0.3269230769230769,52,0.02517414093017578
randomization_robust,N,18,0.34615384615384615,52,0.029181480407714844
randomization_robust,c,19,0.36538461538461536,52,0.033644676208496094
randomization_robust,2,20,0.38461538461538464,52,0.031076431274414062
randomization_robust,c,21,0.40384615384615385,52,0.09626054763793945
randomization_robust,c,22,0.4230769230769231,52,0.09626054763793945
randomization_robust,c,23,0.4423076923076923,52,0.09626054763793945
randomization_robust,3,24,0.46153846153846156,52,0.02351236343383789
randomization_robust,c,25,0.4807692307692308,52,0.05925559997558594
randomization_robust,(,26,0.5,52,0.07087373733520508
randomization_robust,c,27,0.5192307692307693,52,0.049660682678222656
randomization_robust,2,28,0.5384615384615384,52,0.0317530632019043
randomization_robust,),29,0.5576923076923077,52,0.025420188903808594
randomization_robust,[nH],30,0.5769230769230769,52,0.4491608142852783
randomization_robust,c,31,0.5961538461538461,52,0.204986572265625
randomization_robust,(,32,0.6153846153846154,52,0.20325946807861328
randomization_robust,=,33,0.6346153846153846,52,0.024313926696777344
randomization_robust,O,34,0.6538461538461539,52,0.3347740173339844
randomization_robust,),35,0.6730769230769231,52,0.2080521583557129
randomization_robust,c,36,0.6923076923076923,52,0.1268301010131836
randomization_robust,2,37,0.7115384615384616,52,0.0402827262878418
randomization_robust,c,38,0.7307692307692307,52,0.06755900382995605
randomization_robust,c,39,0.75,52,0.06755900382995605
randomization_robust,(,40,0.7692307692307693,52,0.062424659729003906
randomization_robust,[*],41,0.7884615384615384,52,0.06665754318237305
randomization_robust,),42,0.8076923076923077,52,0.1191248893737793
randomization_robust,c,43,0.8269230769230769,52,0.07438230514526367
randomization_robust,c,44,0.8461538461538461,52,0.07438230514526367
randomization_robust,c,45,0.8653846153846154,52,0.07438230514526367
randomization_robust,2,46,0.8846153846153846,52,0.025894641876220703
randomization_robust,3,47,0.9038461538461539,52,0.08348464965820312
randomization_robust,),48,0.9230769230769231,52,0.025568485260009766
randomization_robust,c,49,0.9423076923076923,52,0.014220714569091797
randomization_robust,c,50,0.9615384615384616,52,0.014220714569091797
randomization_robust,1,51,0.9807692307692307,52,0.0005466938018798828
randomization_robust,[*],0,0.0,14,0.40415334701538086
randomization_robust,C,1,0.07142857142857142,14,0.2935357093811035
randomization_robust,C,2,0.14285714285714285,14,0.2935357093811035
randomization_robust,(,3,0.21428571428571427,14,0.24802780151367188
randomization_robust,C,4,0.2857142857142857,14,0.25660276412963867
randomization_robust,C,5,0.35714285714285715,14,0.25660276412963867
randomization_robust,),6,0.42857142857142855,14,0.44755077362060547
randomization_robust,(,7,0.5,14,0.17619562149047852
randomization_robust,C,8,0.5714285714285714,14,0.2441844940185547
randomization_robust,C,9,0.6428571428571429,14,0.2441844940185547
randomization_robust,),10,0.7142857142857143,14,0.3037261962890625
randomization_robust,C,11,0.7857142857142857,14,0.059009552001953125
randomization_robust,S,12,0.8571428571428571,14,1.8982396125793457
randomization_robust,[*],13,0.9285714285714286,14,0.039739131927490234
randomization_robust,[*],0,0.0,46,0.743375301361084
randomization_robust,c,1,0.021739130434782608,46,0.7938075065612793
randomization_robust,1,2,0.043478260869565216,46,0.7164576053619385
randomization_robust,c,3,0.06521739130434782,46,0.7158339023590088
randomization_robust,c,4,0.08695652173913043,46,0.7158339023590088
randomization_robust,(,5,0.10869565217391304,46,0.6840932369232178
randomization_robust,C,6,0.13043478260869565,46,0.6700739860534668
randomization_robust,C,7,0.15217391304347827,46,0.6700739860534668
randomization_robust,C,8,0.17391304347826086,46,0.6700739860534668
randomization_robust,C,9,0.1956521739130435,46,0.6700739860534668
randomization_robust,C,10,0.21739130434782608,46,0.6700739860534668
randomization_robust,C,11,0.2391304347826087,46,0.6700739860534668
randomization_robust,C,12,0.2608695652173913,46,0.6700739860534668
randomization_robust,C,13,0.2826086956521739,46,0.6700739860534668
randomization_robust,C,14,0.30434782608695654,46,0.6700739860534668
randomization_robust,C,15,0.32608695652173914,46,0.6700739860534668
randomization_robust,C,16,0.34782608695652173,46,0.6700739860534668
randomization_robust,C,17,0.3695652173913043,46,0.6700739860534668
randomization_robust,(,18,0.391304347826087,46,0.6443865299224854
randomization_robust,=,19,0.41304347826086957,46,0.5710716247558594
randomization_robust,O,20,0.43478260869565216,46,0.656818151473999
randomization_robust,),21,0.45652173913043476,46,0.6336352825164795
randomization_robust,O,22,0.4782608695652174,46,0.5905590057373047
randomization_robust,c,23,0.5,46,0.637678861618042
randomization_robust,2,24,0.5217391304347826,46,0.5514013767242432
randomization_robust,c,25,0.5434782608695652,46,0.611248254776001
randomization_robust,c,26,0.5652173913043478,46,0.611248254776001
randomization_robust,c,27,0.5869565217391305,46,0.611248254776001
randomization_robust,(,28,0.6086956521739131,46,0.5787861347198486
randomization_robust,[N+],29,0.6304347826086957,46,0.6152544021606445
randomization_robust,(,30,0.6521739130434783,46,0.5500783920288086
randomization_robust,=,31,0.6739130434782609,46,0.5424463748931885
randomization_robust,O,32,0.6956521739130435,46,0.5448417663574219
randomization_robust,),33,0.717391304347826,46,0.4573490619659424
randomization_robust,[O-],34,0.7391304347826086,46,0.3907206058502197
randomization_robust,),35,0.7608695652173914,46,0.4478189945220947
randomization_robust,c,36,0.782608695652174,46,0.4405324459075928
randomization_robust,c,37,0.8043478260869565,46,0.4405324459075928
randomization_robust,2,38,0.8260869565217391,46,0.36548852920532227
randomization_robust,),39,0.8478260869565217,46,0.41285181045532227
randomization_robust,c,40,0.8695652173913043,46,0.5104048252105713
randomization_robust,(,41,0.8913043478260869,46,0.48352789878845215
randomization_robust,[*],42,0.9130434782608695,46,0.45184969902038574
randomization_robust,),43,0.9347826086956522,46,0.5036900043487549
randomization_robust,s,44,0.9565217391304348,46,0.7213506698608398
randomization_robust,1,45,0.9782608695652174,46,0.05920553207397461
randomization_robust,[*],0,0.0,31,0.07727336883544922
randomization_robust,c,1,0.03225806451612903,31,0.05344724655151367
randomization_robust,1,2,0.06451612903225806,31,0.1922459602355957
randomization_robust,c,3,0.0967741935483871,31,0.3761100769042969
randomization_robust,c,4,0.12903225806451613,31,0.3761100769042969
randomization_robust,c,5,0.16129032258064516,31,0.3761100769042969
randomization_robust,(,6,0.1935483870967742,31,0.5593860149383545
randomization_robust,C,7,0.22580645161290322,31,0.4656941890716553
randomization_robust,),8,0.25806451612903225,31,0.46886682510375977
randomization_robust,c,9,0.2903225806451613,31,0.13983774185180664
randomization_robust,(,10,0.3225806451612903,31,0.36484670639038086
randomization_robust,N,11,0.3548387096774194,31,0.4072580337524414
randomization_robust,2,12,0.3870967741935484,31,0.03692483901977539
randomization_robust,C,13,0.41935483870967744,31,0.04743528366088867
randomization_robust,C,14,0.45161290322580644,31,0.04743528366088867
randomization_robust,(,15,0.4838709677419355,31,0.25961875915527344
randomization_robust,=,16,0.5161290322580645,31,0.3299722671508789
randomization_robust,O,17,0.5483870967741935,31,0.7912085056304932
randomization_robust,),18,0.5806451612903226,31,0.23608779907226562
randomization_robust,N,19,0.6129032258064516,31,0.2979569435119629
randomization_robust,(,20,0.6451612903225806,31,0.3373250961303711
randomization_robust,[*],21,0.6774193548387096,31,0.19997262954711914
randomization_robust,),22,0.7096774193548387,31,0.1094508171081543
randomization_robust,C,23,0.7419354838709677,31,0.1204977035522461
randomization_robust,C,24,0.7741935483870968,31,0.1204977035522461
randomization_robust,2,25,0.8064516129032258,31,0.016811847686767578
randomization_robust,=,26,0.8387096774193549,31,0.32702207565307617
randomization_robust,O,27,0.8709677419354839,31,0.6164929866790771
randomization_robust,),28,0.9032258064516129,31,0.12076997756958008
randomization_robust,c,29,0.9354838709677419,31,0.23804330825805664
randomization_robust,1,30,0.967741935483871,31,0.17153167724609375
randomization_robust,[*],0,0.0,60,0.7720856666564941
randomization_robust,O,1,0.016666666666666666,60,0.8929574489593506
randomization_robust,c,2,0.03333333333333333,60,0.4402132034301758
randomization_robust,1,3,0.05,60,0.28183412551879883
randomization_robust,c,4,0.06666666666666667,60,0.1923828125
randomization_robust,c,5,0.08333333333333333,60,0.1923828125
randomization_robust,c,6,0.1,60,0.1923828125
randomization_robust,(,7,0.11666666666666667,60,0.22334575653076172
randomization_robust,C,8,0.13333333333333333,60,0.2968101501464844
randomization_robust,C,9,0.15,60,0.2968101501464844
randomization_robust,(,10,0.16666666666666666,60,0.2986307144165039
randomization_robust,N,11,0.18333333333333332,60,0.3287677764892578
randomization_robust,C,12,0.2,60,0.1435866355895996
randomization_robust,(,13,0.21666666666666667,60,0.14911985397338867
randomization_robust,=,14,0.23333333333333334,60,0.022147655487060547
randomization_robust,O,15,0.25,60,0.18891620635986328
randomization_robust,),16,0.26666666666666666,60,0.05661153793334961
randomization_robust,C,17,0.2833333333333333,60,0.04205799102783203
randomization_robust,C,18,0.3,60,0.04205799102783203
randomization_robust,c,19,0.31666666666666665,60,0.053872108459472656
randomization_robust,2,20,0.3333333333333333,60,0.002827167510986328
randomization_robust,c,21,0.35,60,0.057376861572265625
randomization_robust,c,22,0.36666666666666664,60,0.057376861572265625
randomization_robust,c,23,0.38333333333333336,60,0.057376861572265625
randomization_robust,(,24,0.4,60,0.0027055740356445312
randomization_robust,O,25,0.4166666666666667,60,0.017452716827392578
randomization_robust,C,26,0.43333333333333335,60,0.018862247467041016
randomization_robust,(,27,0.45,60,0.011265754699707031
randomization_robust,=,28,0.4666666666666667,60,0.17776870727539062
randomization_robust,O,29,0.48333333333333334,60,0.05584526062011719
randomization_robust,),30,0.5,60,0.10417604446411133
randomization_robust,C,31,0.5166666666666667,60,0.05583667755126953
randomization_robust,C,32,0.5333333333333333,60,0.05583667755126953
randomization_robust,C,33,0.55,60,0.05583667755126953
randomization_robust,(,34,0.5666666666666667,60,0.027808189392089844
randomization_robust,[*],35,0.5833333333333334,60,0.06665277481079102
randomization_robust,),36,0.6,60,0.06049013137817383
randomization_robust,=,37,0.6166666666666667,60,0.24128150939941406
randomization_robust,O,38,0.6333333333333333,60,0.015950679779052734
randomization_robust,),39,0.65,60,0.03909444808959961
randomization_robust,c,40,0.6666666666666666,60,0.058481693267822266
randomization_robust,c,41,0.6833333333333333,60,0.058481693267822266
randomization_robust,2,42,0.7,60,0.07939672470092773
randomization_robust,),43,0.7166666666666667,60,0.0341334342956543
randomization_robust,C,44,0.7333333333333333,60,0.0011124610900878906
randomization_robust,(,45,0.75,60,0.00998544692993164
randomization_robust,=,46,0.7666666666666667,60,0.2071380615234375
randomization_robust,O,47,0.7833333333333333,60,0.03289508819580078
randomization_robust,),48,0.8,60,0.010371208190917969
randomization_robust,O,49,0.8166666666666667,60,0.07560491561889648
randomization_robust,C,50,0.8333333333333334,60,0.08449077606201172
randomization_robust,(,51,0.85,60,0.11028909683227539
randomization_robust,C,52,0.8666666666666667,60,0.08444881439208984
randomization_robust,),53,0.8833333333333333,60,0.02558755874633789
randomization_robust,C,54,0.9,60,0.05490732192993164
randomization_robust,C,55,0.9166666666666666,60,0.05490732192993164
randomization_robust,),56,0.9333333333333333,60,0.03828859329223633
randomization_robust,c,57,0.95,60,0.020345211029052734
randomization_robust,c,58,0.9666666666666667,60,0.020345211029052734
randomization_robust,1,59,0.9833333333333333,60,0.050740718841552734
randomization_robust,[*],0,0.0,89,0.23962020874023438
randomization_robust,C,1,0.011235955056179775,89,0.22005128860473633
randomization_robust,(,2,0.02247191011235955,89,0.22543907165527344
randomization_robust,=,3,0.033707865168539325,89,0.520937442779541
randomization_robust,O,4,0.0449438202247191,89,0.3323862552642822
randomization_robust,),5,0.056179775280898875,89,0.40700459480285645
randomization_robust,N,6,0.06741573033707865,89,0.39078283309936523
randomization_robust,c,7,0.07865168539325842,89,0.3810110092163086
randomization_robust,1,8,0.0898876404494382,89,0.4106435775756836
randomization_robust,c,9,0.10112359550561797,89,0.3794567584991455
randomization_robust,c,10,0.11235955056179775,89,0.3794567584991455
randomization_robust,c,11,0.12359550561797752,89,0.3794567584991455
randomization_robust,(,12,0.1348314606741573,89,0.33234286308288574
randomization_robust,N,13,0.14606741573033707,89,0.35979223251342773
randomization_robust,C,14,0.15730337078651685,89,0.30251550674438477
randomization_robust,(,15,0.16853932584269662,89,0.3041510581970215
randomization_robust,=,16,0.1797752808988764,89,0.4614577293395996
randomization_robust,O,17,0.19101123595505617,89,0.2806847095489502
randomization_robust,),18,0.20224719101123595,89,0.3589768409729004
randomization_robust,c,19,0.21348314606741572,89,0.360872745513916
randomization_robust,2,20,0.2247191011235955,89,0.3538496494293213
randomization_robust,c,21,0.23595505617977527,89,0.3760528564453125
randomization_robust,c,22,0.24719101123595505,89,0.3760528564453125
randomization_robust,c,23,0.25842696629213485,89,0.3760528564453125
randomization_robust,3,24,0.2696629213483146,89,0.22993874549865723
randomization_robust,c,25,0.2808988764044944,89,0.20984506607055664
randomization_robust,(,26,0.29213483146067415,89,0.21439623832702637
randomization_robust,c,27,0.30337078651685395,89,0.22426223754882812
randomization_robust,2,28,0.3146067415730337,89,0.2412118911743164
randomization_robust,),29,0.3258426966292135,89,0.2299668788909912
randomization_robust,C,30,0.33707865168539325,89,0.19466876983642578
randomization_robust,(,31,0.34831460674157305,89,0.19481897354125977
randomization_robust,=,32,0.3595505617977528,89,0.2590785026550293
randomization_robust,O,33,0.3707865168539326,89,0.1202700138092041
randomization_robust,),34,0.38202247191011235,89,0.07270193099975586
randomization_robust,N,35,0.39325842696629215,89,0.07831740379333496
randomization_robust,(,36,0.4044943820224719,89,0.11577129364013672
randomization_robust,c,37,0.4157303370786517,89,0.11929655075073242
randomization_robust,2,38,0.42696629213483145,89,0.13348054885864258
randomization_robust,c,39,0.43820224719101125,89,0.1252288818359375
randomization_robust,c,40,0.449438202247191,89,0.1252288818359375
randomization_robust,c,41,0.4606741573033708,89,0.1252288818359375
randomization_robust,(,42,0.47191011235955055,89,0.054158687591552734
randomization_robust,O,43,0.48314606741573035,89,0.030620098114013672
randomization_robust,c,44,0.4943820224719101,89,0.08359527587890625
randomization_robust,4,45,0.5056179775280899,89,0.1112070083618164
randomization_robust,c,46,0.5168539325842697,89,0.11132335662841797
randomization_robust,c,47,0.5280898876404494,89,0.11132335662841797
randomization_robust,c,48,0.5393258426966292,89,0.11132335662841797
randomization_robust,(,49,0.550561797752809,89,0.09924030303955078
randomization_robust,N,50,0.5617977528089888,89,0.07124042510986328
randomization_robust,5,51,0.5730337078651685,89,0.14066839218139648
randomization_robust,C,52,0.5842696629213483,89,0.14606189727783203
randomization_robust,(,53,0.5955056179775281,89,0.17019367218017578
randomization_robust,=,54,0.6067415730337079,89,0.2857670783996582
randomization_robust,O,55,0.6179775280898876,89,0.14576244354248047
randomization_robust,),56,0.6292134831460674,89,0.1622462272644043
randomization_robust,c,57,0.6404494382022472,89,0.15252113342285156
randomization_robust,6,58,0.651685393258427,89,0.19327640533447266
randomization_robust,c,59,0.6629213483146067,89,0.15591788291931152
randomization_robust,c,60,0.6741573033707865,89,0.15591788291931152
randomization_robust,c,61,0.6853932584269663,89,0.15591788291931152
randomization_robust,(,62,0.6966292134831461,89,0.15008044242858887
randomization_robust,[*],63,0.7078651685393258,89,0.1690840721130371
randomization_robust,),64,0.7191011235955056,89,0.17000889778137207
randomization_robust,c,65,0.7303370786516854,89,0.1794118881225586
randomization_robust,c,66,0.7415730337078652,89,0.1794118881225586
randomization_robust,6,67,0.7528089887640449,89,0.21007966995239258
randomization_robust,C,68,0.7640449438202247,89,0.18294215202331543
randomization_robust,5,69,0.7752808988764045,89,0.26561737060546875
randomization_robust,=,70,0.7865168539325843,89,0.35259485244750977
randomization_robust,O,71,0.797752808988764,89,0.17940640449523926
randomization_robust,),72,0.8089887640449438,89,0.15539097785949707
randomization_robust,c,73,0.8202247191011236,89,0.1517353057861328
randomization_robust,c,74,0.8314606741573034,89,0.1517353057861328
randomization_robust,4,75,0.8426966292134831,89,0.17131757736206055
randomization_robust,),76,0.8539325842696629,89,0.12010526657104492
randomization_robust,c,77,0.8651685393258427,89,0.10788583755493164
randomization_robust,c,78,0.8764044943820225,89,0.10788583755493164
randomization_robust,2,79,0.8876404494382022,89,0.12306523323059082
randomization_robust,),80,0.898876404494382,89,0.019217252731323242
randomization_robust,C,81,0.9101123595505618,89,0.014039754867553711
randomization_robust,3,82,0.9213483146067416,89,0.041739702224731445
randomization_robust,=,83,0.9325842696629213,89,0.13591790199279785
randomization_robust,O,84,0.9438202247191011,89,0.10326480865478516
randomization_robust,),85,0.9550561797752809,89,0.05128121376037598
randomization_robust,c,86,0.9662921348314607,89,0.01785755157470703
randomization_robust,c,87,0.9775280898876404,89,0.01785755157470703
randomization_robust,1,88,0.9887640449438202,89,0.024309635162353516
randomization_robust,[*],0,0.0,20,0.042645931243896484
randomization_robust,C,1,0.05,20,0.1646733283996582
randomization_robust,C,2,0.1,20,0.1646733283996582
randomization_robust,(,3,0.15,20,0.03227400779724121
randomization_robust,S,4,0.2,20,0.1266183853149414
randomization_robust,1,5,0.25,20,0.36009740829467773
randomization_robust,),6,0.3,20,0.07303810119628906
randomization_robust,=,7,0.35,20,0.6102790832519531
randomization_robust,C,8,0.4,20,0.15101146697998047
randomization_robust,C,9,0.45,20,0.15101146697998047
randomization_robust,=,10,0.5,20,0.8035459518432617
randomization_robust,C,11,0.55,20,0.18458771705627441
randomization_robust,1,12,0.6,20,0.25477027893066406
randomization_robust,O,13,0.65,20,0.45577359199523926
randomization_robust,C,14,0.7,20,0.2366776466369629
randomization_robust,(,15,0.75,20,0.11172819137573242
randomization_robust,=,16,0.8,20,0.8034701347351074
randomization_robust,S,17,0.85,20,0.6348564624786377
randomization_robust,),18,0.9,20,0.16938304901123047
randomization_robust,[*],19,0.95,20,0.16933488845825195
randomization_robust,[*],0,0.0,19,0.16090679168701172
randomization_robust,C,1,0.05263157894736842,19,0.17396163940429688
randomization_robust,C,2,0.10526315789473684,19,0.17396163940429688
randomization_robust,(,3,0.15789473684210525,19,0.15417003631591797
randomization_robust,[*],4,0.21052631578947367,19,0.20646095275878906
randomization_robust,),5,0.2631578947368421,19,0.14537668228149414
randomization_robust,C,6,0.3157894736842105,19,0.1212167739868164
randomization_robust,(,7,0.3684210526315789,19,0.10068035125732422
randomization_robust,=,8,0.42105263157894735,19,0.3563671112060547
randomization_robust,O,9,0.47368421052631576,19,0.15795087814331055
randomization_robust,),10,0.5263157894736842,19,0.004483222961425781
randomization_robust,N,11,0.5789473684210527,19,0.34453392028808594
randomization_robust,1,12,0.631578947368421,19,0.006572723388671875
randomization_robust,C,13,0.6842105263157895,19,0.0916290283203125
randomization_robust,C,14,0.7368421052631579,19,0.0916290283203125
randomization_robust,O,15,0.7894736842105263,19,0.19224071502685547
randomization_robust,C,16,0.8421052631578947,19,0.00835561752319336
randomization_robust,C,17,0.8947368421052632,19,0.00835561752319336
randomization_robust,1,18,0.9473684210526315,19,0.011784076690673828
randomization_robust,O,0,0.0,41,0.3257722854614258
randomization_robust,(,1,0.024390243902439025,41,0.3017110824584961
randomization_robust,[*],2,0.04878048780487805,41,0.24512386322021484
randomization_robust,),3,0.07317073170731707,41,0.2471146583557129
randomization_robust,C,4,0.0975609756097561,41,0.24979066848754883
randomization_robust,(,5,0.12195121951219512,41,0.23256969451904297
randomization_robust,=,6,0.14634146341463414,41,0.11456298828125
randomization_robust,O,7,0.17073170731707318,41,0.33360910415649414
randomization_robust,),8,0.1951219512195122,41,0.2748985290527344
randomization_robust,O,9,0.21951219512195122,41,0.3807816505432129
randomization_robust,c,10,0.24390243902439024,41,0.23506975173950195
randomization_robust,1,11,0.2682926829268293,41,0.2656431198120117
randomization_robust,c,12,0.2926829268292683,41,0.2554922103881836
randomization_robust,(,13,0.3170731707317073,41,0.3189725875854492
randomization_robust,O,14,0.34146341463414637,41,0.25647497177124023
randomization_robust,C,15,0.36585365853658536,41,0.22132158279418945
randomization_robust,),16,0.3902439024390244,41,0.18340444564819336
randomization_robust,c,17,0.4146341463414634,41,0.13701725006103516
randomization_robust,c,18,0.43902439024390244,41,0.13701725006103516
randomization_robust,(,19,0.4634146341463415,41,0.18060684204101562
randomization_robust,c,20,0.4878048780487805,41,0.1166982650756836
randomization_robust,c,21,0.5121951219512195,41,0.1166982650756836
randomization_robust,1,22,0.5365853658536586,41,0.1887040138244629
randomization_robust,),23,0.5609756097560976,41,0.046584129333496094
randomization_robust,C,24,0.5853658536585366,41,0.11733722686767578
randomization_robust,(,25,0.6097560975609756,41,0.11003398895263672
randomization_robust,C,26,0.6341463414634146,41,0.10936260223388672
randomization_robust,),27,0.6585365853658537,41,0.06177186965942383
randomization_robust,c,28,0.6829268292682927,41,0.04384946823120117
randomization_robust,1,29,0.7073170731707317,41,0.06599569320678711
randomization_robust,c,30,0.7317073170731707,41,0.002819061279296875
randomization_robust,c,31,0.7560975609756098,41,0.002819061279296875
randomization_robust,c,32,0.7804878048780488,41,0.002819061279296875
randomization_robust,(,33,0.8048780487804879,41,0.054962158203125
randomization_robust,c,34,0.8292682926829268,41,0.038164615631103516
randomization_robust,c,35,0.8536585365853658,41,0.038164615631103516
randomization_robust,1,36,0.8780487804878049,41,0.007407188415527344
randomization_robust,),37,0.9024390243902439,41,0.025811195373535156
randomization_robust,(,38,0.926829268292683,41,0.030700206756591797
randomization_robust,[*],39,0.9512195121951219,41,0.02459716796875
randomization_robust,),40,0.975609756097561,41,0.005207538604736328
randomization_robust,[*],0,0.0,89,0.06095004081726074
randomization_robust,O,1,0.011235955056179775,89,0.08921647071838379
randomization_robust,c,2,0.02247191011235955,89,0.11075687408447266
randomization_robust,1,3,0.033707865168539325,89,0.18921494483947754
randomization_robust,c,4,0.0449438202247191,89,0.1713097095489502
randomization_robust,c,5,0.056179775280898875,89,0.1713097095489502
randomization_robust,c,6,0.06741573033707865,89,0.1713097095489502
randomization_robust,(,7,0.07865168539325842,89,0.16025686264038086
randomization_robust,N,8,0.0898876404494382,89,0.14881420135498047
randomization_robust,C,9,0.10112359550561797,89,0.1368248462677002
randomization_robust,(,10,0.11235955056179775,89,0.12915277481079102
randomization_robust,=,11,0.12359550561797752,89,0.2724599838256836
randomization_robust,O,12,0.1348314606741573,89,0.017969846725463867
randomization_robust,),13,0.14606741573033707,89,0.04522347450256348
randomization_robust,c,14,0.15730337078651685,89,0.06266975402832031
randomization_robust,2,15,0.16853932584269662,89,0.008174657821655273
randomization_robust,c,16,0.1797752808988764,89,0.02764749526977539
randomization_robust,c,17,0.19101123595505617,89,0.02764749526977539
randomization_robust,(,18,0.20224719101123595,89,0.017669677734375
randomization_robust,C,19,0.21348314606741572,89,0.022677183151245117
randomization_robust,(,20,0.2247191011235955,89,0.02983570098876953
randomization_robust,=,21,0.23595505617977527,89,0.16277861595153809
randomization_robust,O,22,0.24719101123595505,89,0.19052577018737793
randomization_robust,),23,0.25842696629213485,89,0.17069196701049805
randomization_robust,N,24,0.2696629213483146,89,0.1791672706604004
randomization_robust,c,25,0.2808988764044944,89,0.208160400390625
randomization_robust,3,26,0.29213483146067415,89,0.17357778549194336
randomization_robust,c,27,0.30337078651685395,89,0.21457195281982422
randomization_robust,c,28,0.3146067415730337,89,0.21457195281982422
randomization_robust,c,29,0.3258426966292135,89,0.21457195281982422
randomization_robust,(,30,0.33707865168539325,89,0.23038959503173828
randomization_robust,O,31,0.34831460674157305,89,0.21210503578186035
randomization_robust,c,32,0.3595505617977528,89,0.1484379768371582
randomization_robust,4,33,0.3707865168539326,89,0.13389015197753906
randomization_robust,c,34,0.38202247191011235,89,0.17082834243774414
randomization_robust,c,35,0.39325842696629215,89,0.17082834243774414
randomization_robust,c,36,0.4044943820224719,89,0.17082834243774414
randomization_robust,(,37,0.4157303370786517,89,0.1753835678100586
randomization_robust,C,38,0.42696629213483145,89,0.16338443756103516
randomization_robust,5,39,0.43820224719101125,89,0.14554381370544434
randomization_robust,(,40,0.449438202247191,89,0.1538553237915039
randomization_robust,c,41,0.4606741573033708,89,0.14745807647705078
randomization_robust,6,42,0.47191011235955055,89,0.11366939544677734
randomization_robust,c,43,0.48314606741573035,89,0.11228656768798828
randomization_robust,c,44,0.4943820224719101,89,0.11228656768798828
randomization_robust,c,45,0.5056179775280899,89,0.11228656768798828
randomization_robust,(,46,0.5168539325842697,89,0.10068941116333008
randomization_robust,[*],47,0.5280898876404494,89,0.10426688194274902
randomization_robust,),48,0.5393258426966292,89,0.08912420272827148
randomization_robust,c,49,0.550561797752809,89,0.10715103149414062
randomization_robust,c,50,0.5617977528089888,89,0.10715103149414062
randomization_robust,6,51,0.5730337078651685,89,0.09532594680786133
randomization_robust,),52,0.5842696629213483,89,0.10990619659423828
randomization_robust,C,53,0.5955056179775281,89,0.10400581359863281
randomization_robust,C,54,0.6067415730337079,89,0.10400581359863281
randomization_robust,6,55,0.6179775280898876,89,0.0849461555480957
randomization_robust,C,56,0.6292134831460674,89,0.10293889045715332
randomization_robust,C,57,0.6404494382022472,89,0.10293889045715332
randomization_robust,C,58,0.651685393258427,89,0.10293889045715332
randomization_robust,5,59,0.6629213483146067,89,0.04427480697631836
randomization_robust,C,60,0.6741573033707865,89,0.08283710479736328
randomization_robust,6,61,0.6853932584269663,89,0.0804755687713623
randomization_robust,),62,0.6966292134831461,89,0.06897854804992676
randomization_robust,c,63,0.7078651685393258,89,0.10463571548461914
randomization_robust,c,64,0.7191011235955056,89,0.10463571548461914
randomization_robust,4,65,0.7303370786516854,89,0.040001869201660156
randomization_robust,),66,0.7415730337078652,89,0.11966991424560547
randomization_robust,c,67,0.7528089887640449,89,0.11366415023803711
randomization_robust,c,68,0.7640449438202247,89,0.11366415023803711
randomization_robust,3,69,0.7752808988764045,89,0.11847209930419922
randomization_robust,),70,0.7865168539325843,89,0.12229156494140625
randomization_robust,c,71,0.797752808988764,89,0.12210512161254883
randomization_robust,c,72,0.8089887640449438,89,0.12210512161254883
randomization_robust,(,73,0.8202247191011236,89,0.15709304809570312
randomization_robust,C,74,0.8314606741573034,89,0.1524648666381836
randomization_robust,(,75,0.8426966292134831,89,0.11238718032836914
randomization_robust,C,76,0.8539325842696629,89,0.158827543258667
randomization_robust,),77,0.8651685393258427,89,0.13019371032714844
randomization_robust,(,78,0.8764044943820225,89,0.15347814559936523
randomization_robust,C,79,0.8876404494382022,89,0.15650391578674316
randomization_robust,),80,0.898876404494382,89,0.056500911712646484
randomization_robust,C,81,0.9101123595505618,89,0.08826971054077148
randomization_robust,),82,0.9213483146067416,89,0.09731674194335938
randomization_robust,c,83,0.9325842696629213,89,0.08776569366455078
randomization_robust,2,84,0.9438202247191011,89,0.0517430305480957
randomization_robust,),85,0.9550561797752809,89,0.04543662071228027
randomization_robust,c,86,0.9662921348314607,89,0.0060329437255859375
randomization_robust,c,87,0.9775280898876404,89,0.0060329437255859375
randomization_robust,1,88,0.9887640449438202,89,0.010861873626708984
randomization_robust,[*],0,0.0,32,0.6889219284057617
randomization_robust,c,1,0.03125,32,0.7997870445251465
randomization_robust,1,2,0.0625,32,0.7567214965820312
randomization_robust,c,3,0.09375,32,0.7154946327209473
randomization_robust,c,4,0.125,32,0.7154946327209473
randomization_robust,c,5,0.15625,32,0.7154946327209473
randomization_robust,2,6,0.1875,32,0.6676754951477051
randomization_robust,c,7,0.21875,32,0.7197480201721191
randomization_robust,(,8,0.25,32,0.7428255081176758
randomization_robust,c,9,0.28125,32,0.836390495300293
randomization_robust,1,10,0.3125,32,0.7840442657470703
randomization_robust,),11,0.34375,32,0.7141427993774414
randomization_robust,c,12,0.375,32,0.6949887275695801
randomization_robust,1,13,0.40625,32,0.6775031089782715
randomization_robust,c,14,0.4375,32,0.660557746887207
randomization_robust,c,15,0.46875,32,0.660557746887207
randomization_robust,(,16,0.5,32,0.32643795013427734
randomization_robust,[*],17,0.53125,32,0.33348512649536133
randomization_robust,),18,0.5625,32,0.3612861633300781
randomization_robust,c,19,0.59375,32,0.3935701847076416
randomization_robust,c,20,0.625,32,0.3935701847076416
randomization_robust,c,21,0.65625,32,0.3935701847076416
randomization_robust,1,22,0.6875,32,0.31221461296081543
randomization_robust,n,23,0.71875,32,0.8559551239013672
randomization_robust,2,24,0.75,32,0.3942582607269287
randomization_robust,C,25,0.78125,32,0.44046688079833984
randomization_robust,(,26,0.8125,32,0.4922361373901367
randomization_robust,=,27,0.84375,32,0.7477736473083496
randomization_robust,O,28,0.875,32,0.009979963302612305
randomization_robust,),29,0.90625,32,0.26079225540161133
randomization_robust,N,30,0.9375,32,0.16748332977294922
randomization_robust,O,31,0.96875,32,0.18278050422668457
randomization_robust,[*],0,0.0,68,0.7850055694580078
randomization_robust,O,1,0.014705882352941176,68,0.9146089553833008
randomization_robust,C,2,0.029411764705882353,68,0.7032718658447266
randomization_robust,(,3,0.04411764705882353,68,0.7365939617156982
randomization_robust,=,4,0.058823529411764705,68,0.3280911445617676
randomization_robust,O,5,0.07352941176470588,68,0.9192550182342529
randomization_robust,),6,0.08823529411764706,68,0.5811891555786133
randomization_robust,C,7,0.10294117647058823,68,0.614699125289917
randomization_robust,(,8,0.11764705882352941,68,0.6171011924743652
randomization_robust,C,9,0.1323529411764706,68,0.6884829998016357
randomization_robust,c,10,0.14705882352941177,68,0.5776360034942627
randomization_robust,1,11,0.16176470588235295,68,0.601536750793457
randomization_robust,c,12,0.17647058823529413,68,0.5601239204406738
randomization_robust,c,13,0.19117647058823528,68,0.5601239204406738
randomization_robust,c,14,0.20588235294117646,68,0.5601239204406738
randomization_robust,c,15,0.22058823529411764,68,0.5601239204406738
randomization_robust,c,16,0.23529411764705882,68,0.5601239204406738
randomization_robust,1,17,0.25,68,0.5752339363098145
randomization_robust,),18,0.2647058823529412,68,0.5635998249053955
randomization_robust,N,19,0.27941176470588236,68,0.46947145462036133
randomization_robust,C,20,0.29411764705882354,68,0.5370078086853027
randomization_robust,(,21,0.3088235294117647,68,0.594078540802002
randomization_robust,=,22,0.3235294117647059,68,0.16846752166748047
randomization_robust,O,23,0.3382352941176471,68,0.49019336700439453
randomization_robust,),24,0.35294117647058826,68,0.33738064765930176
randomization_robust,C,25,0.36764705882352944,68,0.45566892623901367
randomization_robust,C,26,0.38235294117647056,68,0.45566892623901367
randomization_robust,C,27,0.39705882352941174,68,0.45566892623901367
randomization_robust,C,28,0.4117647058823529,68,0.45566892623901367
randomization_robust,C,29,0.4264705882352941,68,0.45566892623901367
randomization_robust,(,30,0.4411764705882353,68,0.41961240768432617
randomization_robust,=,31,0.45588235294117646,68,0.06742525100708008
randomization_robust,O,32,0.47058823529411764,68,0.27312755584716797
randomization_robust,),33,0.4852941176470588,68,0.20300579071044922
randomization_robust,N,34,0.5,68,0.5516996383666992
randomization_robust,C,35,0.5147058823529411,68,0.406538724899292
randomization_robust,(,36,0.5294117647058824,68,0.32308268547058105
randomization_robust,C,37,0.5441176470588235,68,0.3082900047302246
randomization_robust,c,38,0.5588235294117647,68,0.23294973373413086
randomization_robust,1,39,0.5735294117647058,68,0.2950894832611084
randomization_robust,c,40,0.5882352941176471,68,0.2593557834625244
randomization_robust,c,41,0.6029411764705882,68,0.2593557834625244
randomization_robust,c,42,0.6176470588235294,68,0.2593557834625244
randomization_robust,c,43,0.6323529411764706,68,0.2593557834625244
randomization_robust,c,44,0.6470588235294118,68,0.2593557834625244
randomization_robust,1,45,0.6617647058823529,68,0.2639589309692383
randomization_robust,),46,0.6764705882352942,68,0.29476046562194824
randomization_robust,C,47,0.6911764705882353,68,0.3359537124633789
randomization_robust,(,48,0.7058823529411765,68,0.3481471538543701
randomization_robust,=,49,0.7205882352941176,68,0.11943197250366211
randomization_robust,O,50,0.7352941176470589,68,0.5570733547210693
randomization_robust,),51,0.75,68,0.4940359592437744
randomization_robust,O,52,0.7647058823529411,68,0.5212931632995605
randomization_robust,C,53,0.7794117647058824,68,0.46850061416625977
randomization_robust,1,54,0.7941176470588235,68,0.4548819065093994
randomization_robust,C,55,0.8088235294117647,68,0.4730067253112793
randomization_robust,O,56,0.8235294117647058,68,0.5230660438537598
randomization_robust,C,57,0.8382352941176471,68,0.4403800964355469
randomization_robust,2,58,0.8529411764705882,68,0.46386194229125977
randomization_robust,C,59,0.8676470588235294,68,0.4022083282470703
randomization_robust,(,60,0.8823529411764706,68,0.5386002063751221
randomization_robust,[*],61,0.8970588235294118,68,0.4263904094696045
randomization_robust,),62,0.9117647058823529,68,0.38459277153015137
randomization_robust,C,63,0.9264705882352942,68,0.4212157726287842
randomization_robust,O,64,0.9411764705882353,68,0.3323662281036377
randomization_robust,C,65,0.9558823529411765,68,0.23980236053466797
randomization_robust,1,66,0.9705882352941176,68,0.17972183227539062
randomization_robust,2,67,0.9852941176470589,68,0.04039478302001953
randomization_robust,[*],0,0.0,46,0.12820196151733398
randomization_robust,C,1,0.021739130434782608,46,0.1493849754333496
randomization_robust,C,2,0.043478260869565216,46,0.1493849754333496
randomization_robust,O,3,0.06521739130434782,46,0.28911352157592773
randomization_robust,C,4,0.08695652173913043,46,0.25975704193115234
randomization_robust,C,5,0.10869565217391304,46,0.25975704193115234
randomization_robust,O,6,0.13043478260869565,46,0.5088849067687988
randomization_robust,C,7,0.15217391304347827,46,0.33454132080078125
randomization_robust,C,8,0.17391304347826086,46,0.33454132080078125
randomization_robust,O,9,0.1956521739130435,46,0.6346373558044434
randomization_robust,C,10,0.21739130434782608,46,0.369844913482666
randomization_robust,(,11,0.2391304347826087,46,0.45508766174316406
randomization_robust,=,12,0.2608695652173913,46,0.20971965789794922
randomization_robust,O,13,0.2826086956521739,46,0.7037191390991211
randomization_robust,),14,0.30434782608695654,46,0.38849973678588867
randomization_robust,C,15,0.32608695652173914,46,0.5388197898864746
randomization_robust,=,16,0.34782608695652173,46,0.0807952880859375
randomization_robust,C,17,0.3695652173913043,46,0.39406442642211914
randomization_robust,C,18,0.391304347826087,46,0.39406442642211914
randomization_robust,(,19,0.41304347826086957,46,0.38956260681152344
randomization_robust,=,20,0.43478260869565216,46,0.019220352172851562
randomization_robust,O,21,0.45652173913043476,46,0.44041919708251953
randomization_robust,),22,0.4782608695652174,46,0.2582535743713379
randomization_robust,N,23,0.5,46,0.5001850128173828
randomization_robust,C,24,0.5217391304347826,46,0.4369678497314453
randomization_robust,C,25,0.5434782608695652,46,0.4369678497314453
randomization_robust,C,26,0.5652173913043478,46,0.4369678497314453
randomization_robust,C,27,0.5869565217391305,46,0.4369678497314453
randomization_robust,C,28,0.6086956521739131,46,0.4369678497314453
randomization_robust,C,29,0.6304347826086957,46,0.4369678497314453
randomization_robust,N,30,0.6521739130434783,46,0.20284652709960938
randomization_robust,C,31,0.6739130434782609,46,0.2371206283569336
randomization_robust,(,32,0.6956521739130435,46,0.253936767578125
randomization_robust,=,33,0.717391304347826,46,0.02279949188232422
randomization_robust,O,34,0.7391304347826086,46,0.3261866569519043
randomization_robust,),35,0.7608695652173914,46,0.16751623153686523
randomization_robust,C,36,0.782608695652174,46,0.2629714012145996
randomization_robust,=,37,0.8043478260869565,46,0.15980195999145508
randomization_robust,C,38,0.8260869565217391,46,0.15663862228393555
randomization_robust,C,39,0.8478260869565217,46,0.15663862228393555
randomization_robust,(,40,0.8695652173913043,46,0.05839681625366211
randomization_robust,=,41,0.8913043478260869,46,0.16201066970825195
randomization_robust,O,42,0.9130434782608695,46,0.15106725692749023
randomization_robust,),43,0.9347826086956522,46,0.12383604049682617
randomization_robust,O,44,0.9565217391304348,46,0.04935741424560547
randomization_robust,[*],45,0.9782608695652174,46,0.0765986442565918
randomization_robust,[*],0,0.0,26,0.2179889678955078
randomization_robust,C,1,0.038461538461538464,26,0.4266934394836426
randomization_robust,C,2,0.07692307692307693,26,0.4266934394836426
randomization_robust,C,3,0.11538461538461539,26,0.4266934394836426
randomization_robust,C,4,0.15384615384615385,26,0.4266934394836426
randomization_robust,c,5,0.19230769230769232,26,0.4905247688293457
randomization_robust,1,6,0.23076923076923078,26,0.36983156204223633
randomization_robust,n,7,0.2692307692307692,26,0.2943916320800781
randomization_robust,c,8,0.3076923076923077,26,0.3624753952026367
randomization_robust,2,9,0.34615384615384615,26,0.47476673126220703
randomization_robust,c,10,0.38461538461538464,26,0.3579864501953125
randomization_robust,c,11,0.4230769230769231,26,0.3579864501953125
randomization_robust,3,12,0.46153846153846156,26,0.45848989486694336
randomization_robust,s,13,0.5,26,0.476747989654541
randomization_robust,c,14,0.5384615384615384,26,0.26843929290771484
randomization_robust,(,15,0.5769230769230769,26,0.3433043956756592
randomization_robust,[*],16,0.6153846153846154,26,0.045074462890625
randomization_robust,),17,0.6538461538461539,26,0.15315747261047363
randomization_robust,n,18,0.6923076923076923,26,0.1555039882659912
randomization_robust,c,19,0.7307692307692307,26,0.06013941764831543
randomization_robust,3,20,0.7692307692307693,26,0.025536298751831055
randomization_robust,c,21,0.8076923076923077,26,0.04686403274536133
randomization_robust,c,22,0.8461538461538461,26,0.04686403274536133
randomization_robust,2,23,0.8846153846153846,26,0.00460052490234375
randomization_robust,s,24,0.9230769230769231,26,0.04702186584472656
randomization_robust,1,25,0.9615384615384616,26,0.00991058349609375
randomization_robust,[*],0,0.0,14,0.1493072509765625
randomization_robust,C,1,0.07142857142857142,14,0.2001795768737793
randomization_robust,C,2,0.14285714285714285,14,0.2001795768737793
randomization_robust,(,3,0.21428571428571427,14,0.21719694137573242
randomization_robust,[*],4,0.2857142857142857,14,0.18735885620117188
randomization_robust,),5,0.35714285714285715,14,0.18447065353393555
randomization_robust,C,6,0.42857142857142855,14,0.18130111694335938
randomization_robust,(,7,0.5,14,0.21715354919433594
randomization_robust,=,8,0.5714285714285714,14,0.4336972236633301
randomization_robust,O,9,0.6428571428571429,14,0.6384487152099609
randomization_robust,),10,0.7142857142857143,14,0.09116268157958984
randomization_robust,N,11,0.7857142857142857,14,0.23902034759521484
randomization_robust,C,12,0.8571428571428571,14,0.09508705139160156
randomization_robust,O,13,0.9285714285714286,14,0.5185770988464355
randomization_robust,[*],0,0.0,31,0.9114105701446533
randomization_robust,C,1,0.03225806451612903,31,0.9413931369781494
randomization_robust,C,2,0.06451612903225806,31,0.9413931369781494
randomization_robust,(,3,0.0967741935483871,31,1.0101730823516846
randomization_robust,[*],4,0.12903225806451613,31,0.9818341732025146
randomization_robust,),5,0.16129032258064516,31,0.91196608543396
randomization_robust,n,6,0.1935483870967742,31,0.47089505195617676
randomization_robust,1,7,0.22580645161290322,31,0.5003881454467773
randomization_robust,c,8,0.25806451612903225,31,0.6028106212615967
randomization_robust,2,9,0.2903225806451613,31,0.4863111972808838
randomization_robust,c,10,0.3225806451612903,31,0.3710057735443115
randomization_robust,c,11,0.3548387096774194,31,0.3710057735443115
randomization_robust,c,12,0.3870967741935484,31,0.3710057735443115
randomization_robust,(,13,0.41935483870967744,31,0.05653691291809082
randomization_robust,I,14,0.45161290322580644,31,0.1536705493927002
randomization_robust,),15,0.4838709677419355,31,0.10294175148010254
randomization_robust,c,16,0.5161290322580645,31,0.08636689186096191
randomization_robust,c,17,0.5483870967741935,31,0.08636689186096191
randomization_robust,2,18,0.5806451612903226,31,0.00797581672668457
randomization_robust,c,19,0.6129032258064516,31,0.011122703552246094
randomization_robust,2,20,0.6451612903225806,31,0.04022622108459473
randomization_robust,c,21,0.6774193548387096,31,0.00886225700378418
randomization_robust,c,22,0.7096774193548387,31,0.00886225700378418
randomization_robust,(,23,0.7419354838709677,31,0.10905289649963379
randomization_robust,I,24,0.7741935483870968,31,0.17618012428283691
randomization_robust,),25,0.8064516129032258,31,0.002212047576904297
randomization_robust,c,26,0.8387096774193549,31,0.020374536514282227
randomization_robust,c,27,0.8709677419354839,31,0.020374536514282227
randomization_robust,c,28,0.9032258064516129,31,0.020374536514282227
randomization_robust,2,29,0.9354838709677419,31,0.10423803329467773
randomization_robust,1,30,0.967741935483871,31,0.06215381622314453
randomization_robust,[*],0,0.0,44,0.5258722305297852
randomization_robust,O,1,0.022727272727272728,44,0.5703608989715576
randomization_robust,c,2,0.045454545454545456,44,0.3450436592102051
randomization_robust,1,3,0.06818181818181818,44,0.2745070457458496
randomization_robust,c,4,0.09090909090909091,44,0.25141477584838867
randomization_robust,c,5,0.11363636363636363,44,0.25141477584838867
randomization_robust,c,6,0.13636363636363635,44,0.25141477584838867
randomization_robust,(,7,0.1590909090909091,44,0.3130984306335449
randomization_robust,C,8,0.18181818181818182,44,0.27044200897216797
randomization_robust,(,9,0.20454545454545456,44,0.27576684951782227
randomization_robust,C,10,0.22727272727272727,44,0.27214813232421875
randomization_robust,),11,0.25,44,0.24002313613891602
randomization_robust,(,12,0.2727272727272727,44,0.28836727142333984
randomization_robust,C,13,0.29545454545454547,44,0.2649569511413574
randomization_robust,),14,0.3181818181818182,44,0.24040555953979492
randomization_robust,c,15,0.3409090909090909,44,0.24563264846801758
randomization_robust,2,16,0.36363636363636365,44,0.25147294998168945
randomization_robust,c,17,0.38636363636363635,44,0.2523775100708008
randomization_robust,c,18,0.4090909090909091,44,0.2523775100708008
randomization_robust,c,19,0.4318181818181818,44,0.2523775100708008
randomization_robust,(,20,0.45454545454545453,44,0.27118682861328125
randomization_robust,O,21,0.4772727272727273,44,0.2554168701171875
randomization_robust,c,22,0.5,44,0.10825777053833008
randomization_robust,3,23,0.5227272727272727,44,0.1364760398864746
randomization_robust,n,24,0.5454545454545454,44,0.06982946395874023
randomization_robust,c,25,0.5681818181818182,44,0.07574319839477539
randomization_robust,(,26,0.5909090909090909,44,0.09346246719360352
randomization_robust,[*],27,0.6136363636363636,44,0.09679031372070312
randomization_robust,),28,0.6363636363636364,44,0.08656024932861328
randomization_robust,n,29,0.6590909090909091,44,0.053623199462890625
randomization_robust,c,30,0.6818181818181818,44,0.0434422492980957
randomization_robust,(,31,0.7045454545454546,44,0.04076862335205078
randomization_robust,Cl,32,0.7272727272727273,44,0.003948688507080078
randomization_robust,),33,0.75,44,0.005684375762939453
randomization_robust,n,34,0.7727272727272727,44,0.036346435546875
randomization_robust,3,35,0.7954545454545454,44,0.011944770812988281
randomization_robust,),36,0.8181818181818182,44,0.04117870330810547
randomization_robust,c,37,0.8409090909090909,44,0.02347278594970703
randomization_robust,c,38,0.8636363636363636,44,0.02347278594970703
randomization_robust,2,39,0.8863636363636364,44,0.0071239471435546875
randomization_robust,),40,0.9090909090909091,44,0.033743858337402344
randomization_robust,c,41,0.9318181818181818,44,0.044548988342285156
randomization_robust,c,42,0.9545454545454546,44,0.044548988342285156
randomization_robust,1,43,0.9772727272727273,44,0.03064584732055664
randomization_robust,[*],0,0.0,20,0.7646784782409668
randomization_robust,C,1,0.05,20,0.6033062934875488
randomization_robust,=,2,0.1,20,1.1403942108154297
randomization_robust,C,3,0.15,20,0.30487823486328125
randomization_robust,C,4,0.2,20,0.30487823486328125
randomization_robust,1,5,0.25,20,0.4121589660644531
randomization_robust,C,6,0.3,20,0.3315391540527344
randomization_robust,C,7,0.35,20,0.3315391540527344
randomization_robust,(,8,0.4,20,0.44390439987182617
randomization_robust,[*],9,0.45,20,0.39296865463256836
randomization_robust,),10,0.5,20,0.3623695373535156
randomization_robust,C,11,0.55,20,0.10867452621459961
randomization_robust,2,12,0.6,20,0.0716404914855957
randomization_robust,C,13,0.65,20,0.039957523345947266
randomization_robust,C,14,0.7,20,0.039957523345947266
randomization_robust,=,15,0.75,20,0.7619996070861816
randomization_robust,C,16,0.8,20,0.09336376190185547
randomization_robust,C,17,0.85,20,0.09336376190185547
randomization_robust,1,18,0.9,20,0.13342523574829102
randomization_robust,2,19,0.95,20,0.01936197280883789
randomization_robust,[*],0,0.0,56,1.0939748287200928
randomization_robust,c,1,0.017857142857142856,56,0.8072118759155273
randomization_robust,1,2,0.03571428571428571,56,0.7806551456451416
randomization_robust,n,3,0.05357142857142857,56,0.8965401649475098
randomization_robust,c,4,0.07142857142857142,56,0.9397275447845459
randomization_robust,2,5,0.08928571428571429,56,0.8999767303466797
randomization_robust,c,6,0.10714285714285714,56,0.9323172569274902
randomization_robust,c,7,0.125,56,0.9323172569274902
randomization_robust,c,8,0.14285714285714285,56,0.9323172569274902
randomization_robust,(,9,0.16071428571428573,56,0.8576931953430176
randomization_robust,-,10,0.17857142857142858,56,0.7679049968719482
randomization_robust,c,11,0.19642857142857142,56,0.7631256580352783
randomization_robust,3,12,0.21428571428571427,56,0.6790099143981934
randomization_robust,c,13,0.23214285714285715,56,0.663153886795044
randomization_robust,c,14,0.25,56,0.663153886795044
randomization_robust,c,15,0.26785714285714285,56,0.663153886795044
randomization_robust,4,16,0.2857142857142857,56,0.36574721336364746
randomization_robust,n,17,0.30357142857142855,56,0.3616762161254883
randomization_robust,c,18,0.32142857142857145,56,0.10851478576660156
randomization_robust,(,19,0.3392857142857143,56,0.14946293830871582
randomization_robust,-,20,0.35714285714285715,56,0.12564611434936523
randomization_robust,c,21,0.375,56,0.14881062507629395
randomization_robust,5,22,0.39285714285714285,56,0.1445178985595703
randomization_robust,c,23,0.4107142857142857,56,0.19687581062316895
randomization_robust,c,24,0.42857142857142855,56,0.19687581062316895
randomization_robust,c,25,0.44642857142857145,56,0.19687581062316895
randomization_robust,c,26,0.4642857142857143,56,0.19687581062316895
randomization_robust,6,27,0.48214285714285715,56,0.08064389228820801
randomization_robust,c,28,0.5,56,0.17209863662719727
randomization_robust,c,29,0.5178571428571429,56,0.17209863662719727
randomization_robust,7,30,0.5357142857142857,56,0.10113191604614258
randomization_robust,c,31,0.5535714285714286,56,0.4015772342681885
randomization_robust,(,32,0.5714285714285714,56,0.39629673957824707
randomization_robust,[*],33,0.5892857142857143,56,0.3585672378540039
randomization_robust,),34,0.6071428571428571,56,0.5571227073669434
randomization_robust,c,35,0.625,56,0.5749576091766357
randomization_robust,c,36,0.6428571428571429,56,0.5749576091766357
randomization_robust,c,37,0.6607142857142857,56,0.5749576091766357
randomization_robust,c,38,0.6785714285714286,56,0.5749576091766357
randomization_robust,7,39,0.6964285714285714,56,0.5269055366516113
randomization_robust,c,40,0.7142857142857143,56,0.5869851112365723
randomization_robust,c,41,0.7321428571428571,56,0.5869851112365723
randomization_robust,5,42,0.75,56,0.5578722953796387
randomization_robust,6,43,0.7678571428571429,56,0.5678722858428955
randomization_robust,),44,0.7857142857142857,56,0.5772154331207275
randomization_robust,s,45,0.8035714285714286,56,0.6788740158081055
randomization_robust,c,46,0.8214285714285714,56,0.7194781303405762
randomization_robust,4,47,0.8392857142857143,56,0.7240378856658936
randomization_robust,c,48,0.8571428571428571,56,0.8660449981689453
randomization_robust,3,49,0.875,56,0.7596487998962402
randomization_robust,),50,0.8928571428571429,56,1.116833209991455
randomization_robust,c,51,0.9107142857142857,56,1.070314884185791
randomization_robust,c,52,0.9285714285714286,56,1.070314884185791
randomization_robust,2,53,0.9464285714285714,56,0.5866875648498535
randomization_robust,s,54,0.9642857142857143,56,0.06022977828979492
randomization_robust,1,55,0.9821428571428571,56,0.010334491729736328
randomization_robust,[*],0,0.0,30,0.1261124610900879
randomization_robust,C,1,0.03333333333333333,30,0.057958364486694336
randomization_robust,(,2,0.06666666666666667,30,0.10616850852966309
randomization_robust,S,3,0.1,30,0.25559520721435547
randomization_robust,1,4,0.13333333333333333,30,0.22676587104797363
randomization_robust,),5,0.16666666666666666,30,0.33432459831237793
randomization_robust,=,6,0.2,30,0.6830844879150391
randomization_robust,C,7,0.23333333333333334,30,0.2727789878845215
randomization_robust,C,8,0.26666666666666666,30,0.2727789878845215
randomization_robust,=,9,0.3,30,0.6579244136810303
randomization_robust,C,10,0.3333333333333333,30,0.2829911708831787
randomization_robust,1,11,0.36666666666666664,30,0.32649707794189453
randomization_robust,C,12,0.4,30,0.27024197578430176
randomization_robust,(,13,0.43333333333333335,30,0.334200382232666
randomization_robust,=,14,0.4666666666666667,30,0.6735961437225342
randomization_robust,S,15,0.5,30,0.5819449424743652
randomization_robust,),16,0.5333333333333333,30,0.560887336730957
randomization_robust,C,17,0.5666666666666667,30,0.31006646156311035
randomization_robust,(,18,0.6,30,0.3344564437866211
randomization_robust,S,19,0.6333333333333333,30,0.6222469806671143
randomization_robust,2,20,0.6666666666666666,30,0.39486169815063477
randomization_robust,),21,0.7,30,0.5047566890716553
randomization_robust,=,22,0.7333333333333333,30,0.7432842254638672
randomization_robust,C,23,0.7666666666666667,30,0.17488503456115723
randomization_robust,C,24,0.8,30,0.17488503456115723
randomization_robust,=,25,0.8333333333333334,30,0.46794724464416504
randomization_robust,C,26,0.8666666666666667,30,0.019875049591064453
randomization_robust,2,27,0.9,30,0.05850052833557129
randomization_robust,O,28,0.9333333333333333,30,0.558419942855835
randomization_robust,[*],29,0.9666666666666667,30,0.07420110702514648
randomization_robust,[*],0,0.0,63,0.5650906562805176
randomization_robust,O,1,0.015873015873015872,63,0.6491451263427734
randomization_robust,c,2,0.031746031746031744,63,0.2627243995666504
randomization_robust,1,3,0.047619047619047616,63,0.2196941375732422
randomization_robust,c,4,0.06349206349206349,63,0.14934921264648438
randomization_robust,c,5,0.07936507936507936,63,0.14934921264648438
randomization_robust,c,6,0.09523809523809523,63,0.14934921264648438
randomization_robust,(,7,0.1111111111111111,63,0.20990705490112305
randomization_robust,C,8,0.12698412698412698,63,0.23658084869384766
randomization_robust,C,9,0.14285714285714285,63,0.23658084869384766
randomization_robust,(,10,0.15873015873015872,63,0.2905712127685547
randomization_robust,N,11,0.1746031746031746,63,0.40981435775756836
randomization_robust,C,12,0.19047619047619047,63,0.2716493606567383
randomization_robust,(,13,0.20634920634920634,63,0.27749109268188477
randomization_robust,=,14,0.2222222222222222,63,0.08240556716918945
randomization_robust,O,15,0.23809523809523808,63,0.3530435562133789
randomization_robust,),16,0.25396825396825395,63,0.15459060668945312
randomization_robust,C,17,0.2698412698412698,63,0.16562509536743164
randomization_robust,C,18,0.2857142857142857,63,0.16562509536743164
randomization_robust,c,19,0.30158730158730157,63,0.10819101333618164
randomization_robust,2,20,0.31746031746031744,63,0.21555233001708984
randomization_robust,c,21,0.3333333333333333,63,0.13398218154907227
randomization_robust,c,22,0.3492063492063492,63,0.13398218154907227
randomization_robust,c,23,0.36507936507936506,63,0.13398218154907227
randomization_robust,(,24,0.38095238095238093,63,0.22515487670898438
randomization_robust,O,25,0.3968253968253968,63,0.2262287139892578
randomization_robust,C,26,0.4126984126984127,63,0.1943221092224121
randomization_robust,(,27,0.42857142857142855,63,0.24283838272094727
randomization_robust,=,28,0.4444444444444444,63,0.01733875274658203
randomization_robust,O,29,0.4603174603174603,63,0.22199773788452148
randomization_robust,),30,0.47619047619047616,63,0.14977073669433594
randomization_robust,C,31,0.49206349206349204,63,0.2205953598022461
randomization_robust,C,32,0.5079365079365079,63,0.2205953598022461
randomization_robust,C,33,0.5238095238095238,63,0.2205953598022461
randomization_robust,C,34,0.5396825396825397,63,0.2205953598022461
randomization_robust,C,35,0.5555555555555556,63,0.2205953598022461
randomization_robust,C,36,0.5714285714285714,63,0.2205953598022461
randomization_robust,C,37,0.5873015873015873,63,0.2205953598022461
randomization_robust,(,38,0.6031746031746031,63,0.20608806610107422
randomization_robust,[*],39,0.6190476190476191,63,0.1675567626953125
randomization_robust,),40,0.6349206349206349,63,0.154022216796875
randomization_robust,=,41,0.6507936507936508,63,0.025415420532226562
randomization_robust,O,42,0.6666666666666666,63,0.2082505226135254
randomization_robust,),43,0.6825396825396826,63,0.11703014373779297
randomization_robust,c,44,0.6984126984126984,63,0.07961273193359375
randomization_robust,c,45,0.7142857142857143,63,0.07961273193359375
randomization_robust,2,46,0.7301587301587301,63,0.05815553665161133
randomization_robust,),47,0.746031746031746,63,0.0014514923095703125
randomization_robust,C,48,0.7619047619047619,63,0.021346092224121094
randomization_robust,(,49,0.7777777777777778,63,0.024307727813720703
randomization_robust,=,50,0.7936507936507936,63,0.0894002914428711
randomization_robust,O,51,0.8095238095238095,63,0.0017180442810058594
randomization_robust,),52,0.8253968253968254,63,0.01851654052734375
randomization_robust,O,53,0.8412698412698413,63,0.008001327514648438
randomization_robust,C,54,0.8571428571428571,63,0.009955883026123047
randomization_robust,(,55,0.873015873015873,63,0.009221076965332031
randomization_robust,C,56,0.8888888888888888,63,0.009586334228515625
randomization_robust,),57,0.9047619047619048,63,0.01708984375
randomization_robust,C,58,0.9206349206349206,63,0.016299724578857422
randomization_robust,),59,0.9365079365079365,63,0.03543424606323242
randomization_robust,c,60,0.9523809523809523,63,0.10974645614624023
randomization_robust,c,61,0.9682539682539683,63,0.10974645614624023
randomization_robust,1,62,0.9841269841269841,63,0.07923603057861328
randomization_robust,[*],0,0.0,23,0.5352096557617188
randomization_robust,C,1,0.043478260869565216,23,0.3830294609069824
randomization_robust,=,2,0.08695652173913043,23,0.8725681304931641
randomization_robust,C,3,0.13043478260869565,23,0.4007258415222168
randomization_robust,C,4,0.17391304347826086,23,0.4007258415222168
randomization_robust,1,5,0.21739130434782608,23,0.1237802505493164
randomization_robust,C,6,0.2608695652173913,23,0.3666725158691406
randomization_robust,C,7,0.30434782608695654,23,0.3666725158691406
randomization_robust,(,8,0.34782608695652173,23,0.2836775779724121
randomization_robust,[*],9,0.391304347826087,23,0.3454737663269043
randomization_robust,),10,0.43478260869565216,23,0.46976661682128906
randomization_robust,C,11,0.4782608695652174,23,0.44031667709350586
randomization_robust,(,12,0.5217391304347826,23,0.3204989433288574
randomization_robust,C,13,0.5652173913043478,23,0.2997260093688965
randomization_robust,(,14,0.6086956521739131,23,0.2955012321472168
randomization_robust,=,15,0.6521739130434783,23,0.6982746124267578
randomization_robust,O,16,0.6956521739130435,23,0.5218410491943359
randomization_robust,),17,0.7391304347826086,23,0.04614591598510742
randomization_robust,O,18,0.782608695652174,23,0.5552458763122559
randomization_robust,C,19,0.8260869565217391,23,0.28131961822509766
randomization_robust,),20,0.8695652173913043,23,0.055022239685058594
randomization_robust,C,21,0.9130434782608695,23,0.13874578475952148
randomization_robust,1,22,0.9565217391304348,23,0.03782463073730469
randomization_robust,[*],0,0.0,26,0.30473995208740234
randomization_robust,N,1,0.038461538461538464,26,0.2994542121887207
randomization_robust,C,2,0.07692307692307693,26,0.36215639114379883
randomization_robust,(,3,0.11538461538461539,26,0.30402708053588867
randomization_robust,c,4,0.15384615384615385,26,0.11039352416992188
randomization_robust,1,5,0.19230769230769232,26,0.28301191329956055
randomization_robust,c,6,0.23076923076923078,26,0.19043540954589844
randomization_robust,c,7,0.2692307692307692,26,0.19043540954589844
randomization_robust,c,8,0.3076923076923077,26,0.19043540954589844
randomization_robust,c,9,0.34615384615384615,26,0.19043540954589844
randomization_robust,c,10,0.38461538461538464,26,0.19043540954589844
randomization_robust,1,11,0.4230769230769231,26,0.3298225402832031
randomization_robust,),12,0.46153846153846156,26,0.19705438613891602
randomization_robust,C,13,0.5,26,0.3232145309448242
randomization_robust,(,14,0.5384615384615384,26,0.22776556015014648
randomization_robust,C,15,0.5769230769230769,26,0.28613853454589844
randomization_robust,),16,0.6153846153846154,26,0.1968979835510254
randomization_robust,(,17,0.6538461538461539,26,0.312436580657959
randomization_robust,C,18,0.6923076923076923,26,0.22790288925170898
randomization_robust,),19,0.7307692307692307,26,0.0964956283569336
randomization_robust,C,20,0.7692307692307693,26,0.3289017677307129
randomization_robust,(,21,0.8076923076923077,26,0.3600807189941406
randomization_robust,[*],22,0.8461538461538461,26,0.33994483947753906
randomization_robust,),23,0.8846153846153846,26,0.21954870223999023
randomization_robust,=,24,0.9230769230769231,26,0.5406689643859863
randomization_robust,O,25,0.9615384615384616,26,0.991307258605957
randomization_robust,[*],0,0.0,20,0.25196361541748047
randomization_robust,C,1,0.05,20,0.35658884048461914
randomization_robust,C,2,0.1,20,0.35658884048461914
randomization_robust,C,3,0.15,20,0.35658884048461914
randomization_robust,C,4,0.2,20,0.35658884048461914
randomization_robust,C,5,0.25,20,0.35658884048461914
randomization_robust,C,6,0.3,20,0.35658884048461914
randomization_robust,O,7,0.35,20,0.5204720497131348
randomization_robust,C,8,0.4,20,0.4387550354003906
randomization_robust,(,9,0.45,20,0.2867612838745117
randomization_robust,=,10,0.5,20,0.02096843719482422
randomization_robust,O,11,0.55,20,0.2807283401489258
randomization_robust,),12,0.6,20,0.03682994842529297
randomization_robust,C,13,0.65,20,0.1317896842956543
randomization_robust,(,14,0.7,20,0.12445449829101562
randomization_robust,=,15,0.75,20,0.014441490173339844
randomization_robust,O,16,0.8,20,0.12870407104492188
randomization_robust,),17,0.85,20,0.017830848693847656
randomization_robust,O,18,0.9,20,0.21845674514770508
randomization_robust,[*],19,0.95,20,0.012867927551269531
randomization_robust,[*],0,0.0,25,0.008232593536376953
randomization_robust,C,1,0.04,25,0.019021987915039062
randomization_robust,C,2,0.08,25,0.019021987915039062
randomization_robust,C,3,0.12,25,0.019021987915039062
randomization_robust,N,4,0.16,25,0.2785062789916992
randomization_robust,C,5,0.2,25,0.03143882751464844
randomization_robust,(,6,0.24,25,0.00717926025390625
randomization_robust,=,7,0.28,25,0.027372360229492188
randomization_robust,O,8,0.32,25,0.11559867858886719
randomization_robust,),9,0.36,25,0.04192924499511719
randomization_robust,C,10,0.4,25,0.03247356414794922
randomization_robust,C,11,0.44,25,0.03247356414794922
randomization_robust,C,12,0.48,25,0.03247356414794922
randomization_robust,C,13,0.52,25,0.03247356414794922
randomization_robust,C,14,0.56,25,0.03247356414794922
randomization_robust,(,15,0.6,25,0.03025341033935547
randomization_robust,=,16,0.64,25,0.016173362731933594
randomization_robust,O,17,0.68,25,0.07487201690673828
randomization_robust,),18,0.72,25,0.015540599822998047
randomization_robust,N,19,0.76,25,0.026470184326171875
randomization_robust,C,20,0.8,25,0.021211624145507812
randomization_robust,C,21,0.84,25,0.021211624145507812
randomization_robust,C,22,0.88,25,0.021211624145507812
randomization_robust,O,23,0.92,25,0.10110855102539062
randomization_robust,[*],24,0.96,25,0.018029212951660156
randomization_robust,[*],0,0.0,20,0.29069948196411133
randomization_robust,C,1,0.05,20,0.3487720489501953
randomization_robust,C,2,0.1,20,0.3487720489501953
randomization_robust,(,3,0.15,20,0.23801469802856445
randomization_robust,[*],4,0.2,20,0.41686391830444336
randomization_robust,),5,0.25,20,0.4452528953552246
randomization_robust,c,6,0.3,20,0.3719325065612793
randomization_robust,1,7,0.35,20,0.007747173309326172
randomization_robust,c,8,0.4,20,0.4485135078430176
randomization_robust,c,9,0.45,20,0.4485135078430176
randomization_robust,c,10,0.5,20,0.4485135078430176
randomization_robust,(,11,0.55,20,0.12478351593017578
randomization_robust,C,12,0.6,20,0.11478900909423828
randomization_robust,),13,0.65,20,0.422274112701416
randomization_robust,c,14,0.7,20,0.4839954376220703
randomization_robust,(,15,0.75,20,0.11223602294921875
randomization_robust,C,16,0.8,20,0.19482183456420898
randomization_robust,),17,0.85,20,0.13785648345947266
randomization_robust,c,18,0.9,20,0.14054632186889648
randomization_robust,1,19,0.95,20,0.17960691452026367
randomization_robust,[*],0,0.0,34,0.029555320739746094
randomization_robust,c,1,0.029411764705882353,34,0.1882035732269287
randomization_robust,1,2,0.058823529411764705,34,0.14925718307495117
randomization_robust,c,3,0.08823529411764706,34,0.11703634262084961
randomization_robust,c,4,0.11764705882352941,34,0.11703634262084961
randomization_robust,c,5,0.14705882352941177,34,0.11703634262084961
randomization_robust,2,6,0.17647058823529413,34,0.11190962791442871
randomization_robust,c,7,0.20588235294117646,34,0.06174945831298828
randomization_robust,(,8,0.23529411764705882,34,0.07863140106201172
randomization_robust,c,9,0.2647058823529412,34,0.09165096282958984
randomization_robust,1,10,0.29411764705882354,34,0.09129595756530762
randomization_robust,),11,0.3235294117647059,34,0.11447381973266602
randomization_robust,c,12,0.35294117647058826,34,0.03084540367126465
randomization_robust,1,13,0.38235294117647056,34,0.04749011993408203
randomization_robust,c,14,0.4117647058823529,34,0.02415633201599121
randomization_robust,c,15,0.4411764705882353,34,0.02415633201599121
randomization_robust,(,16,0.47058823529411764,34,0.04833984375
randomization_robust,[*],17,0.5,34,0.15933942794799805
randomization_robust,),18,0.5294117647058824,34,0.16664481163024902
randomization_robust,c,19,0.5588235294117647,34,0.13119053840637207
randomization_robust,c,20,0.5882352941176471,34,0.13119053840637207
randomization_robust,c,21,0.6176470588235294,34,0.13119053840637207
randomization_robust,1,22,0.6470588235294118,34,0.05935215950012207
randomization_robust,n,23,0.6764705882352942,34,0.04166984558105469
randomization_robust,2,24,0.7058823529411765,34,0.00768589973449707
randomization_robust,-,25,0.7352941176470589,34,0.004508018493652344
randomization_robust,c,26,0.7647058823529411,34,0.02795720100402832
randomization_robust,1,27,0.7941176470588235,34,0.06575512886047363
randomization_robust,c,28,0.8235294117647058,34,0.09755587577819824
randomization_robust,c,29,0.8529411764705882,34,0.09755587577819824
randomization_robust,c,30,0.8823529411764706,34,0.09755587577819824
randomization_robust,c,31,0.9117647058823529,34,0.09755587577819824
randomization_robust,c,32,0.9411764705882353,34,0.09755587577819824
randomization_robust,1,33,0.9705882352941176,34,0.004499912261962891
randomization_robust,[*],0,0.0,26,0.07264900207519531
randomization_robust,C,1,0.038461538461538464,26,0.08160066604614258
randomization_robust,C,2,0.07692307692307693,26,0.08160066604614258
randomization_robust,C,3,0.11538461538461539,26,0.08160066604614258
randomization_robust,C,4,0.15384615384615385,26,0.08160066604614258
randomization_robust,C,5,0.19230769230769232,26,0.08160066604614258
randomization_robust,C,6,0.23076923076923078,26,0.08160066604614258
randomization_robust,N,7,0.2692307692307692,26,0.14705276489257812
randomization_robust,C,8,0.3076923076923077,26,0.09672355651855469
randomization_robust,(,9,0.34615384615384615,26,0.09327840805053711
randomization_robust,=,10,0.38461538461538464,26,0.1916813850402832
randomization_robust,O,11,0.4230769230769231,26,0.20689153671264648
randomization_robust,),12,0.46153846153846156,26,0.005550861358642578
randomization_robust,N,13,0.5,26,0.047904014587402344
randomization_robust,C,14,0.5384615384615384,26,0.03429222106933594
randomization_robust,C,15,0.5769230769230769,26,0.03429222106933594
randomization_robust,C,16,0.6153846153846154,26,0.03429222106933594
randomization_robust,C,17,0.6538461538461539,26,0.03429222106933594
randomization_robust,N,18,0.6923076923076923,26,0.035939693450927734
randomization_robust,C,19,0.7307692307692307,26,0.014490604400634766
randomization_robust,(,20,0.7692307692307693,26,0.020487308502197266
randomization_robust,=,21,0.8076923076923077,26,0.2109661102294922
randomization_robust,O,22,0.8461538461538461,26,0.26059770584106445
randomization_robust,),23,0.8846153846153846,26,0.07594108581542969
randomization_robust,N,24,0.9230769230769231,26,0.04153299331665039
randomization_robust,[*],25,0.9615384615384616,26,0.00084686279296875
randomization_robust,[*],0,0.0,16,0.015862464904785156
randomization_robust,C,1,0.0625,16,0.059178829193115234
randomization_robust,C,2,0.125,16,0.059178829193115234
randomization_robust,(,3,0.1875,16,0.08152151107788086
randomization_robust,[*],4,0.25,16,0.03936290740966797
randomization_robust,),5,0.3125,16,0.053267478942871094
randomization_robust,(,6,0.375,16,0.12344217300415039
randomization_robust,Cl,7,0.4375,16,0.08241510391235352
randomization_robust,),8,0.5,16,0.2132878303527832
randomization_robust,C,9,0.5625,16,0.28490734100341797
randomization_robust,(,10,0.625,16,0.2805509567260742
randomization_robust,=,11,0.6875,16,0.12634515762329102
randomization_robust,O,12,0.75,16,0.6454825401306152
randomization_robust,),13,0.8125,16,0.17515325546264648
randomization_robust,O,14,0.875,16,0.3005557060241699
randomization_robust,C,15,0.9375,16,0.0409855842590332
randomization_robust,[*],0,0.0,38,0.5478291511535645
randomization_robust,O,1,0.02631578947368421,38,0.7494368553161621
randomization_robust,C,2,0.05263157894736842,38,0.356107234954834
randomization_robust,(,3,0.07894736842105263,38,0.4412803649902344
randomization_robust,=,4,0.10526315789473684,38,0.11199045181274414
randomization_robust,O,5,0.13157894736842105,38,0.44788527488708496
randomization_robust,),6,0.15789473684210525,38,0.033757686614990234
randomization_robust,c,7,0.18421052631578946,38,0.06784772872924805
randomization_robust,1,8,0.21052631578947367,38,0.057829856872558594
randomization_robust,c,9,0.23684210526315788,38,0.06047773361206055
randomization_robust,c,10,0.2631578947368421,38,0.06047773361206055
randomization_robust,c,11,0.2894736842105263,38,0.06047773361206055
randomization_robust,(,12,0.3157894736842105,38,0.040434837341308594
randomization_robust,C,13,0.34210526315789475,38,0.012636661529541016
randomization_robust,C,14,0.3684210526315789,38,0.012636661529541016
randomization_robust,C,15,0.39473684210526316,38,0.012636661529541016
randomization_robust,C,16,0.42105263157894735,38,0.012636661529541016
randomization_robust,C,17,0.4473684210526316,38,0.012636661529541016
randomization_robust,c,18,0.47368421052631576,38,0.03544187545776367
randomization_robust,2,19,0.5,38,0.004947662353515625
randomization_robust,c,20,0.5263157894736842,38,0.19837045669555664
randomization_robust,c,21,0.5526315789473685,38,0.19837045669555664
randomization_robust,c,22,0.5789473684210527,38,0.19837045669555664
randomization_robust,(,23,0.6052631578947368,38,0.14307880401611328
randomization_robust,C,24,0.631578947368421,38,0.10931539535522461
randomization_robust,(,25,0.6578947368421053,38,0.09453248977661133
randomization_robust,[*],26,0.6842105263157895,38,0.1287541389465332
randomization_robust,),27,0.7105263157894737,38,0.10366439819335938
randomization_robust,=,28,0.7368421052631579,38,0.38883399963378906
randomization_robust,O,29,0.7631578947368421,38,0.12207984924316406
randomization_robust,),30,0.7894736842105263,38,0.11874866485595703
randomization_robust,c,31,0.8157894736842105,38,0.07271432876586914
randomization_robust,c,32,0.8421052631578947,38,0.07271432876586914
randomization_robust,2,33,0.868421052631579,38,0.06930208206176758
randomization_robust,),34,0.8947368421052632,38,0.02213001251220703
randomization_robust,c,35,0.9210526315789473,38,0.046629905700683594
randomization_robust,c,36,0.9473684210526315,38,0.046629905700683594
randomization_robust,1,37,0.9736842105263158,38,0.06556987762451172
randomization_robust,[*],0,0.0,77,0.16940546035766602
randomization_robust,c,1,0.012987012987012988,77,0.25508785247802734
randomization_robust,1,2,0.025974025974025976,77,0.257418155670166
randomization_robust,c,3,0.03896103896103896,77,0.2321310043334961
randomization_robust,c,4,0.05194805194805195,77,0.2321310043334961
randomization_robust,c,5,0.06493506493506493,77,0.2321310043334961
randomization_robust,(,6,0.07792207792207792,77,0.2681465148925781
randomization_robust,O,7,0.09090909090909091,77,0.15520477294921875
randomization_robust,c,8,0.1038961038961039,77,0.18343472480773926
randomization_robust,2,9,0.11688311688311688,77,0.19292736053466797
randomization_robust,c,10,0.12987012987012986,77,0.1708080768585205
randomization_robust,c,11,0.14285714285714285,77,0.1708080768585205
randomization_robust,c,12,0.15584415584415584,77,0.1708080768585205
randomization_robust,(,13,0.16883116883116883,77,0.1663036346435547
randomization_robust,-,14,0.18181818181818182,77,0.1864032745361328
randomization_robust,c,15,0.19480519480519481,77,0.16409730911254883
randomization_robust,3,16,0.2077922077922078,77,0.17707228660583496
randomization_robust,n,17,0.22077922077922077,77,0.13215851783752441
randomization_robust,c,18,0.23376623376623376,77,0.15889358520507812
randomization_robust,4,19,0.24675324675324675,77,0.20838427543640137
randomization_robust,c,20,0.2597402597402597,77,0.0762929916381836
randomization_robust,c,21,0.2727272727272727,77,0.0762929916381836
randomization_robust,(,22,0.2857142857142857,77,0.07630634307861328
randomization_robust,-,23,0.2987012987012987,77,0.08424615859985352
randomization_robust,c,24,0.3116883116883117,77,0.059326887130737305
randomization_robust,5,25,0.3246753246753247,77,0.06998038291931152
randomization_robust,c,26,0.33766233766233766,77,0.046212196350097656
randomization_robust,c,27,0.35064935064935066,77,0.046212196350097656
randomization_robust,c,28,0.36363636363636365,77,0.046212196350097656
randomization_robust,6,29,0.37662337662337664,77,0.05530595779418945
randomization_robust,n,30,0.38961038961038963,77,0.07209157943725586
randomization_robust,c,31,0.4025974025974026,77,0.05036211013793945
randomization_robust,(,32,0.4155844155844156,77,0.039392948150634766
randomization_robust,[*],33,0.42857142857142855,77,0.06225752830505371
randomization_robust,),34,0.44155844155844154,77,0.015963077545166016
randomization_robust,c,35,0.45454545454545453,77,0.01987171173095703
randomization_robust,(,36,0.4675324675324675,77,0.01581716537475586
randomization_robust,-,37,0.4805194805194805,77,0.022627830505371094
randomization_robust,c,38,0.4935064935064935,77,0.023874998092651367
randomization_robust,7,39,0.5064935064935064,77,0.04668927192687988
randomization_robust,c,40,0.5194805194805194,77,0.002653837203979492
randomization_robust,c,41,0.5324675324675324,77,0.002653837203979492
randomization_robust,c,42,0.5454545454545454,77,0.002653837203979492
randomization_robust,c,43,0.5584415584415584,77,0.002653837203979492
randomization_robust,c,44,0.5714285714285714,77,0.002653837203979492
randomization_robust,7,45,0.5844155844155844,77,0.05224752426147461
randomization_robust,),46,0.5974025974025974,77,0.01494455337524414
randomization_robust,n,47,0.6103896103896104,77,0.15801095962524414
randomization_robust,c,48,0.6233766233766234,77,0.17357778549194336
randomization_robust,6,49,0.6363636363636364,77,0.18625593185424805
randomization_robust,c,50,0.6493506493506493,77,0.18256044387817383
randomization_robust,5,51,0.6623376623376623,77,0.14961481094360352
randomization_robust,),52,0.6753246753246753,77,0.14990615844726562
randomization_robust,c,53,0.6883116883116883,77,0.10396218299865723
randomization_robust,c,54,0.7012987012987013,77,0.10396218299865723
randomization_robust,c,55,0.7142857142857143,77,0.10396218299865723
randomization_robust,4,56,0.7272727272727273,77,0.11893892288208008
randomization_robust,n,57,0.7402597402597403,77,0.1123197078704834
randomization_robust,c,58,0.7532467532467533,77,0.060143470764160156
randomization_robust,3,59,0.7662337662337663,77,0.11587381362915039
randomization_robust,-,60,0.7792207792207793,77,0.0710597038269043
randomization_robust,c,61,0.7922077922077922,77,0.06057929992675781
randomization_robust,3,62,0.8051948051948052,77,0.1137545108795166
randomization_robust,c,63,0.8181818181818182,77,0.09933066368103027
randomization_robust,c,64,0.8311688311688312,77,0.09933066368103027
randomization_robust,c,65,0.8441558441558441,77,0.09933066368103027
randomization_robust,c,66,0.8571428571428571,77,0.09933066368103027
randomization_robust,c,67,0.8701298701298701,77,0.09933066368103027
randomization_robust,3,68,0.8831168831168831,77,0.14874529838562012
randomization_robust,),69,0.8961038961038961,77,0.0594029426574707
randomization_robust,c,70,0.9090909090909091,77,0.058045387268066406
randomization_robust,c,71,0.922077922077922,77,0.058045387268066406
randomization_robust,2,72,0.935064935064935,77,0.06889486312866211
randomization_robust,),73,0.948051948051948,77,0.06228327751159668
randomization_robust,c,74,0.961038961038961,77,0.07425737380981445
randomization_robust,c,75,0.974025974025974,77,0.07425737380981445
randomization_robust,1,76,0.987012987012987,77,0.011983871459960938
randomization_robust,[*],0,0.0,33,0.010207176208496094
randomization_robust,C,1,0.030303030303030304,33,0.22684216499328613
randomization_robust,#,2,0.06060606060606061,33,0.48943090438842773
randomization_robust,C,3,0.09090909090909091,33,0.14354467391967773
randomization_robust,C,4,0.12121212121212122,33,0.14354467391967773
randomization_robust,(,5,0.15151515151515152,33,0.03738737106323242
randomization_robust,C,6,0.18181818181818182,33,0.14920926094055176
randomization_robust,O,7,0.21212121212121213,33,0.4257779121398926
randomization_robust,),8,0.24242424242424243,33,0.31298255920410156
randomization_robust,=,9,0.2727272727272727,33,0.6761066913604736
randomization_robust,C,10,0.30303030303030304,33,0.1625971794128418
randomization_robust,(,11,0.3333333333333333,33,0.06785202026367188
randomization_robust,[*],12,0.36363636363636365,33,0.16278839111328125
randomization_robust,),13,0.3939393939393939,33,0.0038993358612060547
randomization_robust,n,14,0.42424242424242425,33,0.21740055084228516
randomization_robust,1,15,0.45454545454545453,33,0.12248802185058594
randomization_robust,c,16,0.48484848484848486,33,0.02741384506225586
randomization_robust,2,17,0.5151515151515151,33,0.06508684158325195
randomization_robust,c,18,0.5454545454545454,33,0.1414947509765625
randomization_robust,c,19,0.5757575757575758,33,0.1414947509765625
randomization_robust,c,20,0.6060606060606061,33,0.1414947509765625
randomization_robust,c,21,0.6363636363636364,33,0.1414947509765625
randomization_robust,c,22,0.6666666666666666,33,0.1414947509765625
randomization_robust,2,23,0.696969696969697,33,0.04311203956604004
randomization_robust,c,24,0.7272727272727273,33,0.013096809387207031
randomization_robust,2,25,0.7575757575757576,33,0.04534649848937988
randomization_robust,c,26,0.7878787878787878,33,0.09468293190002441
randomization_robust,c,27,0.8181818181818182,33,0.09468293190002441
randomization_robust,c,28,0.8484848484848485,33,0.09468293190002441
randomization_robust,c,29,0.8787878787878788,33,0.09468293190002441
randomization_robust,c,30,0.9090909090909091,33,0.09468293190002441
randomization_robust,2,31,0.9393939393939394,33,0.017169475555419922
randomization_robust,1,32,0.9696969696969697,33,0.05560445785522461
randomization_robust,[*],0,0.0,8,0.2686452865600586
randomization_robust,C,1,0.125,8,0.2800736427307129
randomization_robust,C,2,0.25,8,0.2800736427307129
randomization_robust,(,3,0.375,8,0.02852153778076172
randomization_robust,[*],4,0.5,8,0.0032410621643066406
randomization_robust,),5,0.625,8,0.2244396209716797
randomization_robust,O,6,0.75,8,0.522282600402832
randomization_robust,C,7,0.875,8,0.16438674926757812
randomization_robust,[*],0,0.0,56,0.1711721420288086
randomization_robust,C,1,0.017857142857142856,56,0.09295511245727539
randomization_robust,C,2,0.03571428571428571,56,0.09295511245727539
randomization_robust,C,3,0.05357142857142857,56,0.09295511245727539
randomization_robust,C,4,0.07142857142857142,56,0.09295511245727539
randomization_robust,C,5,0.08928571428571429,56,0.09295511245727539
randomization_robust,C,6,0.10714285714285714,56,0.09295511245727539
randomization_robust,C,7,0.125,56,0.09295511245727539
randomization_robust,C,8,0.14285714285714285,56,0.09295511245727539
randomization_robust,C,9,0.16071428571428573,56,0.09295511245727539
randomization_robust,C,10,0.17857142857142858,56,0.09295511245727539
randomization_robust,O,11,0.19642857142857142,56,0.21269750595092773
randomization_robust,c,12,0.21428571428571427,56,0.0926513671875
randomization_robust,1,13,0.23214285714285715,56,0.1175694465637207
randomization_robust,c,14,0.25,56,0.04955101013183594
randomization_robust,c,15,0.26785714285714285,56,0.04955101013183594
randomization_robust,c,16,0.2857142857142857,56,0.04955101013183594
randomization_robust,(,17,0.30357142857142855,56,0.18973398208618164
randomization_robust,O,18,0.32142857142857145,56,0.2176656723022461
randomization_robust,C,19,0.3392857142857143,56,0.13589096069335938
randomization_robust,(,20,0.35714285714285715,56,0.1306610107421875
randomization_robust,=,21,0.375,56,0.05184221267700195
randomization_robust,O,22,0.39285714285714285,56,0.18991613388061523
randomization_robust,),23,0.4107142857142857,56,0.09679222106933594
randomization_robust,c,24,0.42857142857142855,56,0.06757211685180664
randomization_robust,2,25,0.44642857142857145,56,0.06299877166748047
randomization_robust,c,26,0.4642857142857143,56,0.051605224609375
randomization_robust,c,27,0.48214285714285715,56,0.051605224609375
randomization_robust,c,28,0.5,56,0.051605224609375
randomization_robust,(,29,0.5178571428571429,56,0.17581653594970703
randomization_robust,C,30,0.5357142857142857,56,0.14242172241210938
randomization_robust,(,31,0.5535714285714286,56,0.09939813613891602
randomization_robust,=,32,0.5714285714285714,56,0.005030632019042969
randomization_robust,O,33,0.5892857142857143,56,0.13753843307495117
randomization_robust,),34,0.6071428571428571,56,0.10213804244995117
randomization_robust,O,35,0.625,56,0.17588186264038086
randomization_robust,c,36,0.6428571428571429,56,0.08609247207641602
randomization_robust,3,37,0.6607142857142857,56,0.023454666137695312
randomization_robust,c,38,0.6785714285714286,56,0.0363316535949707
randomization_robust,c,39,0.6964285714285714,56,0.0363316535949707
randomization_robust,c,40,0.7142857142857143,56,0.0363316535949707
randomization_robust,(,41,0.7321428571428571,56,0.11938810348510742
randomization_robust,O,42,0.75,56,0.09092903137207031
randomization_robust,[*],43,0.7678571428571429,56,0.018177509307861328
randomization_robust,),44,0.7857142857142857,56,0.052579402923583984
randomization_robust,c,45,0.8035714285714286,56,0.018101215362548828
randomization_robust,c,46,0.8214285714285714,56,0.018101215362548828
randomization_robust,3,47,0.8392857142857143,56,0.027547359466552734
randomization_robust,),48,0.8571428571428571,56,0.04419136047363281
randomization_robust,c,49,0.875,56,0.044620513916015625
randomization_robust,c,50,0.8928571428571429,56,0.044620513916015625
randomization_robust,2,51,0.9107142857142857,56,0.042713165283203125
randomization_robust,),52,0.9285714285714286,56,0.02586984634399414
randomization_robust,c,53,0.9464285714285714,56,0.015851497650146484
randomization_robust,c,54,0.9642857142857143,56,0.015851497650146484
randomization_robust,1,55,0.9821428571428571,56,0.008938312530517578
randomization_robust,[*],0,0.0,20,0.3415250778198242
randomization_robust,C,1,0.05,20,0.15703296661376953
randomization_robust,C,2,0.1,20,0.15703296661376953
randomization_robust,(,3,0.15,20,0.3975224494934082
randomization_robust,C,4,0.2,20,0.47673892974853516
randomization_robust,),5,0.25,20,0.7339797019958496
randomization_robust,(,6,0.3,20,0.5897459983825684
randomization_robust,C,7,0.35,20,0.49489355087280273
randomization_robust,),8,0.4,20,0.744666576385498
randomization_robust,C,9,0.45,20,0.5527820587158203
randomization_robust,S,10,0.5,20,0.7251648902893066
randomization_robust,(,11,0.55,20,0.7182440757751465
randomization_robust,[*],12,0.6,20,0.8252472877502441
randomization_robust,),13,0.65,20,0.7793717384338379
randomization_robust,(,14,0.7,20,0.6493616104125977
randomization_robust,=,15,0.75,20,0.4767756462097168
randomization_robust,O,16,0.8,20,0.0735330581665039
randomization_robust,),17,0.85,20,0.40363121032714844
randomization_robust,=,18,0.9,20,0.32599687576293945
randomization_robust,O,19,0.95,20,0.2429637908935547
randomization_robust,[*],0,0.0,79,0.38152003288269043
randomization_robust,O,1,0.012658227848101266,79,0.31293320655822754
randomization_robust,c,2,0.02531645569620253,79,0.2713797092437744
randomization_robust,1,3,0.0379746835443038,79,0.1861121654510498
randomization_robust,c,4,0.05063291139240506,79,0.19521212577819824
randomization_robust,c,5,0.06329113924050633,79,0.19521212577819824
randomization_robust,c,6,0.0759493670886076,79,0.19521212577819824
randomization_robust,(,7,0.08860759493670886,79,0.22272467613220215
randomization_robust,N,8,0.10126582278481013,79,0.1305387020111084
randomization_robust,C,9,0.11392405063291139,79,0.21417450904846191
randomization_robust,(,10,0.12658227848101267,79,0.15870404243469238
randomization_robust,=,11,0.13924050632911392,79,0.05156302452087402
randomization_robust,O,12,0.1518987341772152,79,0.42757439613342285
randomization_robust,),13,0.16455696202531644,79,0.375438928604126
randomization_robust,c,14,0.17721518987341772,79,0.3337366580963135
randomization_robust,2,15,0.189873417721519,79,0.38808274269104004
randomization_robust,c,16,0.20253164556962025,79,0.3958146572113037
randomization_robust,c,17,0.21518987341772153,79,0.3958146572113037
randomization_robust,c,18,0.22784810126582278,79,0.3958146572113037
randomization_robust,(,19,0.24050632911392406,79,0.42628026008605957
randomization_robust,C,20,0.25316455696202533,79,0.4363224506378174
randomization_robust,(,21,0.26582278481012656,79,0.42946696281433105
randomization_robust,=,22,0.27848101265822783,79,0.08273482322692871
randomization_robust,O,23,0.2911392405063291,79,0.2566649913787842
randomization_robust,),24,0.3037974683544304,79,0.17455720901489258
randomization_robust,N,25,0.31645569620253167,79,0.16548895835876465
randomization_robust,c,26,0.3291139240506329,79,0.25033116340637207
randomization_robust,3,27,0.34177215189873417,79,0.23388171195983887
randomization_robust,c,28,0.35443037974683544,79,0.2369828224182129
randomization_robust,c,29,0.3670886075949367,79,0.2369828224182129
randomization_robust,c,30,0.379746835443038,79,0.2369828224182129
randomization_robust,(,31,0.3924050632911392,79,0.30216073989868164
randomization_robust,O,32,0.4050632911392405,79,0.3280351161956787
randomization_robust,c,33,0.4177215189873418,79,0.30133867263793945
randomization_robust,4,34,0.43037974683544306,79,0.26034975051879883
randomization_robust,c,35,0.4430379746835443,79,0.30609583854675293
randomization_robust,c,36,0.45569620253164556,79,0.30609583854675293
randomization_robust,c,37,0.46835443037974683,79,0.30609583854675293
randomization_robust,(,38,0.4810126582278481,79,0.35747218132019043
randomization_robust,C,39,0.4936708860759494,79,0.3647463321685791
randomization_robust,5,40,0.5063291139240507,79,0.32708048820495605
randomization_robust,(,41,0.5189873417721519,79,0.3480501174926758
randomization_robust,c,42,0.5316455696202531,79,0.28568434715270996
randomization_robust,6,43,0.5443037974683544,79,0.29865097999572754
randomization_robust,c,44,0.5569620253164557,79,0.289764404296875
randomization_robust,c,45,0.569620253164557,79,0.289764404296875
randomization_robust,c,46,0.5822784810126582,79,0.289764404296875
randomization_robust,(,47,0.5949367088607594,79,0.3259084224700928
randomization_robust,[*],48,0.6075949367088608,79,0.3028721809387207
randomization_robust,),49,0.620253164556962,79,0.28682398796081543
randomization_robust,c,50,0.6329113924050633,79,0.3751838207244873
randomization_robust,c,51,0.6455696202531646,79,0.3751838207244873
randomization_robust,6,52,0.6582278481012658,79,0.3249480724334717
randomization_robust,),53,0.6708860759493671,79,0.276810884475708
randomization_robust,C,54,0.6835443037974683,79,0.3307607173919678
randomization_robust,C,55,0.6962025316455697,79,0.3307607173919678
randomization_robust,6,56,0.7088607594936709,79,0.3104538917541504
randomization_robust,C,57,0.7215189873417721,79,0.32558369636535645
randomization_robust,C,58,0.7341772151898734,79,0.32558369636535645
randomization_robust,C,59,0.7468354430379747,79,0.32558369636535645
randomization_robust,5,60,0.759493670886076,79,0.1593019962310791
randomization_robust,C,61,0.7721518987341772,79,0.20357513427734375
randomization_robust,6,62,0.7848101265822784,79,0.13958263397216797
randomization_robust,),63,0.7974683544303798,79,0.18176007270812988
randomization_robust,c,64,0.810126582278481,79,0.19799542427062988
randomization_robust,c,65,0.8227848101265823,79,0.19799542427062988
randomization_robust,4,66,0.8354430379746836,79,0.11322355270385742
randomization_robust,),67,0.8481012658227848,79,0.10230755805969238
randomization_robust,c,68,0.8607594936708861,79,0.05770134925842285
randomization_robust,c,69,0.8734177215189873,79,0.05770134925842285
randomization_robust,3,70,0.8860759493670886,79,0.07100129127502441
randomization_robust,),71,0.8987341772151899,79,0.10542130470275879
randomization_robust,c,72,0.9113924050632911,79,0.04974007606506348
randomization_robust,c,73,0.9240506329113924,79,0.04974007606506348
randomization_robust,2,74,0.9367088607594937,79,0.06439542770385742
randomization_robust,),75,0.9493670886075949,79,0.11806035041809082
randomization_robust,c,76,0.9620253164556962,79,0.007748126983642578
randomization_robust,c,77,0.9746835443037974,79,0.007748126983642578
randomization_robust,1,78,0.9873417721518988,79,0.00606536865234375
randomization_robust,[*],0,0.0,62,0.0011725425720214844
randomization_robust,O,1,0.016129032258064516,62,0.026643753051757812
randomization_robust,c,2,0.03225806451612903,62,0.1405472755432129
randomization_robust,1,3,0.04838709677419355,62,0.1471691131591797
randomization_robust,c,4,0.06451612903225806,62,0.18805980682373047
randomization_robust,c,5,0.08064516129032258,62,0.18805980682373047
randomization_robust,c,6,0.0967741935483871,62,0.18805980682373047
randomization_robust,(,7,0.11290322580645161,62,0.13946247100830078
randomization_robust,C,8,0.12903225806451613,62,0.16364431381225586
randomization_robust,(,9,0.14516129032258066,62,0.15573358535766602
randomization_robust,C,10,0.16129032258064516,62,0.15952253341674805
randomization_robust,),11,0.1774193548387097,62,0.17948627471923828
randomization_robust,(,12,0.1935483870967742,62,0.14650583267211914
randomization_robust,C,13,0.20967741935483872,62,0.18811368942260742
randomization_robust,),14,0.22580645161290322,62,0.20316028594970703
randomization_robust,c,15,0.24193548387096775,62,0.25098752975463867
randomization_robust,2,16,0.25806451612903225,62,0.20205974578857422
randomization_robust,c,17,0.27419354838709675,62,0.21786832809448242
randomization_robust,c,18,0.2903225806451613,62,0.21786832809448242
randomization_robust,c,19,0.3064516129032258,62,0.21786832809448242
randomization_robust,(,20,0.3225806451612903,62,0.18589210510253906
randomization_robust,O,21,0.3387096774193548,62,0.1893777847290039
randomization_robust,C,22,0.3548387096774194,62,0.18948793411254883
randomization_robust,(,23,0.3709677419354839,62,0.17957592010498047
randomization_robust,=,24,0.3870967741935484,62,0.20984935760498047
randomization_robust,O,25,0.4032258064516129,62,0.18392610549926758
randomization_robust,),26,0.41935483870967744,62,0.21074962615966797
randomization_robust,O,27,0.43548387096774194,62,0.09056568145751953
randomization_robust,C,28,0.45161290322580644,62,0.09703207015991211
randomization_robust,C,29,0.46774193548387094,62,0.09703207015991211
randomization_robust,N,30,0.4838709677419355,62,0.008810997009277344
randomization_robust,(,31,0.5,62,0.020580291748046875
randomization_robust,C,32,0.5161290322580645,62,0.008061408996582031
randomization_robust,C,33,0.532258064516129,62,0.008061408996582031
randomization_robust,O,34,0.5483870967741935,62,0.06342220306396484
randomization_robust,C,35,0.5645161290322581,62,0.0024061203002929688
randomization_robust,(,36,0.5806451612903226,62,0.007146358489990234
randomization_robust,[*],37,0.5967741935483871,62,0.04956388473510742
randomization_robust,),38,0.6129032258064516,62,0.07851982116699219
randomization_robust,=,39,0.6290322580645161,62,0.12422418594360352
randomization_robust,O,40,0.6451612903225806,62,0.03503751754760742
randomization_robust,),41,0.6612903225806451,62,0.009668827056884766
randomization_robust,c,42,0.6774193548387096,62,0.09081888198852539
randomization_robust,3,43,0.6935483870967742,62,0.14365625381469727
randomization_robust,c,44,0.7096774193548387,62,0.1669001579284668
randomization_robust,c,45,0.7258064516129032,62,0.1669001579284668
randomization_robust,c,46,0.7419354838709677,62,0.1669001579284668
randomization_robust,(,47,0.7580645161290323,62,0.10731983184814453
randomization_robust,O,48,0.7741935483870968,62,0.068878173828125
randomization_robust,C,49,0.7903225806451613,62,0.07453775405883789
randomization_robust,),50,0.8064516129032258,62,0.10160684585571289
randomization_robust,c,51,0.8225806451612904,62,0.12979364395141602
randomization_robust,c,52,0.8387096774193549,62,0.12979364395141602
randomization_robust,3,53,0.8548387096774194,62,0.1220865249633789
randomization_robust,),54,0.8709677419354839,62,0.0541081428527832
randomization_robust,c,55,0.8870967741935484,62,0.07652950286865234
randomization_robust,c,56,0.9032258064516129,62,0.07652950286865234
randomization_robust,2,57,0.9193548387096774,62,0.09005355834960938
randomization_robust,),58,0.9354838709677419,62,0.09329843521118164
randomization_robust,c,59,0.9516129032258065,62,0.11375904083251953
randomization_robust,c,60,0.967741935483871,62,0.11375904083251953
randomization_robust,1,61,0.9838709677419355,62,0.04189109802246094
randomization_robust,[*],0,0.0,40,0.10263299942016602
randomization_robust,C,1,0.025,40,0.11745452880859375
randomization_robust,C,2,0.05,40,0.11745452880859375
randomization_robust,C,3,0.075,40,0.11745452880859375
randomization_robust,C,4,0.1,40,0.11745452880859375
randomization_robust,N,5,0.125,40,0.050817012786865234
randomization_robust,C,6,0.15,40,0.07404756546020508
randomization_robust,(,7,0.175,40,0.11355161666870117
randomization_robust,=,8,0.2,40,0.06905937194824219
randomization_robust,O,9,0.225,40,0.11893653869628906
randomization_robust,),10,0.25,40,0.012239933013916016
randomization_robust,C,11,0.275,40,0.026996135711669922
randomization_robust,C,12,0.3,40,0.026996135711669922
randomization_robust,C,13,0.325,40,0.026996135711669922
randomization_robust,C,14,0.35,40,0.026996135711669922
randomization_robust,C,15,0.375,40,0.026996135711669922
randomization_robust,C,16,0.4,40,0.026996135711669922
randomization_robust,C,17,0.425,40,0.026996135711669922
randomization_robust,(,18,0.45,40,0.03489112854003906
randomization_robust,=,19,0.475,40,0.11097526550292969
randomization_robust,O,20,0.5,40,0.10721683502197266
randomization_robust,),21,0.525,40,0.038776397705078125
randomization_robust,N,22,0.55,40,0.02389383316040039
randomization_robust,C,23,0.575,40,0.014891624450683594
randomization_robust,C,24,0.6,40,0.014891624450683594
randomization_robust,C,25,0.625,40,0.014891624450683594
randomization_robust,C,26,0.65,40,0.014891624450683594
randomization_robust,N,27,0.675,40,0.10223150253295898
randomization_robust,C,28,0.7,40,0.046523094177246094
randomization_robust,(,29,0.725,40,0.05522727966308594
randomization_robust,=,30,0.75,40,0.1312389373779297
randomization_robust,O,31,0.775,40,0.03394365310668945
randomization_robust,),32,0.8,40,0.04443645477294922
randomization_robust,C,33,0.825,40,0.007814407348632812
randomization_robust,(,34,0.85,40,0.011118412017822266
randomization_robust,=,35,0.875,40,0.11318588256835938
randomization_robust,O,36,0.9,40,0.24184274673461914
randomization_robust,),37,0.925,40,0.032855987548828125
randomization_robust,N,38,0.95,40,0.008412361145019531
randomization_robust,[*],39,0.975,40,0.0026369094848632812
randomization_robust,[*],0,0.0,23,0.26172447204589844
randomization_robust,C,1,0.043478260869565216,23,0.24351215362548828
randomization_robust,C,2,0.08695652173913043,23,0.24351215362548828
randomization_robust,O,3,0.13043478260869565,23,0.16891193389892578
randomization_robust,C,4,0.17391304347826086,23,0.2508678436279297
randomization_robust,C,5,0.21739130434782608,23,0.2508678436279297
randomization_robust,O,6,0.2608695652173913,23,0.19615745544433594
randomization_robust,C,7,0.30434782608695654,23,0.2064061164855957
randomization_robust,(,8,0.34782608695652173,23,0.40935707092285156
randomization_robust,=,9,0.391304347826087,23,0.41493749618530273
randomization_robust,O,10,0.43478260869565216,23,0.42157745361328125
randomization_robust,),11,0.4782608695652174,23,0.17409896850585938
randomization_robust,C,12,0.5217391304347826,23,0.3209409713745117
randomization_robust,(,13,0.5652173913043478,23,0.21705913543701172
randomization_robust,C,14,0.6086956521739131,23,0.30841875076293945
randomization_robust,),15,0.6521739130434783,23,0.12836980819702148
randomization_robust,C,16,0.6956521739130435,23,0.18752527236938477
randomization_robust,(,17,0.7391304347826086,23,0.1595315933227539
randomization_robust,=,18,0.782608695652174,23,0.06056070327758789
randomization_robust,O,19,0.8260869565217391,23,0.3450484275817871
randomization_robust,),20,0.8695652173913043,23,0.06277179718017578
randomization_robust,O,21,0.9130434782608695,23,0.26587581634521484
randomization_robust,[*],22,0.9565217391304348,23,0.012665748596191406
randomization_robust,[*],0,0.0,25,0.5601406097412109
randomization_robust,C,1,0.04,25,0.6117124557495117
randomization_robust,(,2,0.08,25,0.5749974250793457
randomization_robust,=,3,0.12,25,0.9399027824401855
randomization_robust,O,4,0.16,25,0.6134939193725586
randomization_robust,),5,0.2,25,0.7910737991333008
randomization_robust,O,6,0.24,25,0.5676131248474121
randomization_robust,C,7,0.28,25,0.667841911315918
randomization_robust,C,8,0.32,25,0.667841911315918
randomization_robust,O,9,0.36,25,0.5026803016662598
randomization_robust,C,10,0.4,25,0.5687613487243652
randomization_robust,(,11,0.44,25,0.5144491195678711
randomization_robust,=,12,0.48,25,0.6577444076538086
randomization_robust,O,13,0.52,25,0.24866104125976562
randomization_robust,),14,0.56,25,0.34505462646484375
randomization_robust,c,15,0.6,25,0.4974403381347656
randomization_robust,1,16,0.64,25,0.3640432357788086
randomization_robust,c,17,0.68,25,0.4421730041503906
randomization_robust,c,18,0.72,25,0.4421730041503906
randomization_robust,c,19,0.76,25,0.4421730041503906
randomization_robust,(,20,0.8,25,0.30632543563842773
randomization_robust,[*],21,0.84,25,0.30495452880859375
randomization_robust,),22,0.88,25,0.2688469886779785
randomization_robust,o,23,0.92,25,0.1158437728881836
randomization_robust,1,24,0.96,25,0.01357889175415039
randomization_robust,[*],0,0.0,14,0.15652942657470703
randomization_robust,C,1,0.07142857142857142,14,0.11765575408935547
randomization_robust,C,2,0.14285714285714285,14,0.11765575408935547
randomization_robust,C,3,0.21428571428571427,14,0.11765575408935547
randomization_robust,C,4,0.2857142857142857,14,0.11765575408935547
randomization_robust,C,5,0.35714285714285715,14,0.11765575408935547
randomization_robust,C,6,0.42857142857142855,14,0.11765575408935547
randomization_robust,C,7,0.5,14,0.11765575408935547
randomization_robust,(,8,0.5714285714285714,14,0.12407398223876953
randomization_robust,=,9,0.6428571428571429,14,0.2110767364501953
randomization_robust,O,10,0.7142857142857143,14,0.3556523323059082
randomization_robust,),11,0.7857142857142857,14,0.480863094329834
randomization_robust,N,12,0.8571428571428571,14,0.6838455200195312
randomization_robust,[*],13,0.9285714285714286,14,0.05511283874511719
randomization_robust,[*],0,0.0,64,0.5084500312805176
randomization_robust,O,1,0.015625,64,0.5713992118835449
randomization_robust,c,2,0.03125,64,0.3208627700805664
randomization_robust,1,3,0.046875,64,0.025083541870117188
randomization_robust,c,4,0.0625,64,0.056626081466674805
randomization_robust,c,5,0.078125,64,0.056626081466674805
randomization_robust,c,6,0.09375,64,0.056626081466674805
randomization_robust,(,7,0.109375,64,0.09634542465209961
randomization_robust,C,8,0.125,64,0.04709315299987793
randomization_robust,2,9,0.140625,64,0.062216997146606445
randomization_robust,(,10,0.15625,64,0.00612330436706543
randomization_robust,c,11,0.171875,64,0.1539008617401123
randomization_robust,3,12,0.1875,64,0.257781982421875
randomization_robust,c,13,0.203125,64,0.23276424407958984
randomization_robust,c,14,0.21875,64,0.23276424407958984
randomization_robust,c,15,0.234375,64,0.23276424407958984
randomization_robust,(,16,0.25,64,0.020399808883666992
randomization_robust,O,17,0.265625,64,0.15985512733459473
randomization_robust,C,18,0.28125,64,0.2809431552886963
randomization_robust,(,19,0.296875,64,0.21478629112243652
randomization_robust,=,20,0.3125,64,0.5249967575073242
randomization_robust,O,21,0.328125,64,0.26048731803894043
randomization_robust,),22,0.34375,64,0.2688002586364746
randomization_robust,C,23,0.359375,64,0.2854299545288086
randomization_robust,C,24,0.375,64,0.2854299545288086
randomization_robust,C,25,0.390625,64,0.2854299545288086
randomization_robust,C,26,0.40625,64,0.2854299545288086
randomization_robust,C,27,0.421875,64,0.2854299545288086
randomization_robust,C,28,0.4375,64,0.2854299545288086
randomization_robust,C,29,0.453125,64,0.2854299545288086
randomization_robust,C,30,0.46875,64,0.2854299545288086
randomization_robust,C,31,0.484375,64,0.2854299545288086
randomization_robust,(,32,0.5,64,0.22090601921081543
randomization_robust,[*],33,0.515625,64,0.21634459495544434
randomization_robust,),34,0.53125,64,0.19950532913208008
randomization_robust,=,35,0.546875,64,0.4928574562072754
randomization_robust,O,36,0.5625,64,0.04348278045654297
randomization_robust,),37,0.578125,64,0.08398962020874023
randomization_robust,c,38,0.59375,64,0.07930254936218262
randomization_robust,c,39,0.609375,64,0.07930254936218262
randomization_robust,3,40,0.625,64,0.08252620697021484
randomization_robust,),41,0.640625,64,0.0013751983642578125
randomization_robust,c,42,0.65625,64,0.1355447769165039
randomization_robust,3,43,0.671875,64,0.20157217979431152
randomization_robust,c,44,0.6875,64,0.20698332786560059
randomization_robust,c,45,0.703125,64,0.20698332786560059
randomization_robust,c,46,0.71875,64,0.20698332786560059
randomization_robust,c,47,0.734375,64,0.20698332786560059
randomization_robust,c,48,0.75,64,0.20698332786560059
randomization_robust,3,49,0.765625,64,0.2521510124206543
randomization_robust,C,50,0.78125,64,0.2237381935119629
randomization_robust,c,51,0.796875,64,0.20386648178100586
randomization_robust,3,52,0.8125,64,0.22433900833129883
randomization_robust,c,53,0.828125,64,0.2003769874572754
randomization_robust,c,54,0.84375,64,0.2003769874572754
randomization_robust,c,55,0.859375,64,0.2003769874572754
randomization_robust,c,56,0.875,64,0.2003769874572754
randomization_robust,c,57,0.890625,64,0.2003769874572754
randomization_robust,3,58,0.90625,64,0.27705979347229004
randomization_robust,2,59,0.921875,64,0.1699373722076416
randomization_robust,),60,0.9375,64,0.057282209396362305
randomization_robust,c,61,0.953125,64,0.15593767166137695
randomization_robust,c,62,0.96875,64,0.15593767166137695
randomization_robust,1,63,0.984375,64,0.21860456466674805
randomization_robust,[*],0,0.0,57,0.0072329044342041016
randomization_robust,C,1,0.017543859649122806,57,0.06462574005126953
randomization_robust,C,2,0.03508771929824561,57,0.06462574005126953
randomization_robust,C,3,0.05263157894736842,57,0.06462574005126953
randomization_robust,O,4,0.07017543859649122,57,0.013731956481933594
randomization_robust,c,5,0.08771929824561403,57,0.06559038162231445
randomization_robust,1,6,0.10526315789473684,57,0.20897579193115234
randomization_robust,c,7,0.12280701754385964,57,0.24820327758789062
randomization_robust,c,8,0.14035087719298245,57,0.24820327758789062
randomization_robust,c,9,0.15789473684210525,57,0.24820327758789062
randomization_robust,(,10,0.17543859649122806,57,0.2073650360107422
randomization_robust,C,11,0.19298245614035087,57,0.22770929336547852
randomization_robust,(,12,0.21052631578947367,57,0.18761634826660156
randomization_robust,=,13,0.22807017543859648,57,0.32790088653564453
randomization_robust,O,14,0.24561403508771928,57,0.11975526809692383
randomization_robust,),15,0.2631578947368421,57,0.1726851463317871
randomization_robust,O,16,0.2807017543859649,57,0.0059223175048828125
randomization_robust,C,17,0.2982456140350877,57,0.046956539154052734
randomization_robust,(,18,0.3157894736842105,57,0.011890888214111328
randomization_robust,=,19,0.3333333333333333,57,0.2290058135986328
randomization_robust,O,20,0.3508771929824561,57,0.04615592956542969
randomization_robust,),21,0.3684210526315789,57,0.050470829010009766
randomization_robust,c,22,0.38596491228070173,57,0.1246337890625
randomization_robust,2,23,0.40350877192982454,57,0.04976320266723633
randomization_robust,c,24,0.42105263157894735,57,0.09217596054077148
randomization_robust,c,25,0.43859649122807015,57,0.09217596054077148
randomization_robust,c,26,0.45614035087719296,57,0.09217596054077148
randomization_robust,c,27,0.47368421052631576,57,0.09217596054077148
randomization_robust,c,28,0.49122807017543857,57,0.09217596054077148
randomization_robust,2,29,0.5087719298245614,57,0.033203125
randomization_robust,C,30,0.5263157894736842,57,0.06261444091796875
randomization_robust,(,31,0.543859649122807,57,0.09326457977294922
randomization_robust,=,32,0.5614035087719298,57,0.2567758560180664
randomization_robust,O,33,0.5789473684210527,57,0.09078645706176758
randomization_robust,),34,0.5964912280701754,57,0.1524338722229004
randomization_robust,O,35,0.6140350877192983,57,0.07908058166503906
randomization_robust,C,36,0.631578947368421,57,0.11405467987060547
randomization_robust,(,37,0.6491228070175439,57,0.08260631561279297
randomization_robust,=,38,0.6666666666666666,57,0.22753000259399414
randomization_robust,O,39,0.6842105263157895,57,0.054228782653808594
randomization_robust,),40,0.7017543859649122,57,0.08141803741455078
randomization_robust,c,41,0.7192982456140351,57,0.1316537857055664
randomization_robust,2,42,0.7368421052631579,57,0.2164459228515625
randomization_robust,c,43,0.7543859649122807,57,0.17353200912475586
randomization_robust,c,44,0.7719298245614035,57,0.17353200912475586
randomization_robust,c,45,0.7894736842105263,57,0.17353200912475586
randomization_robust,(,46,0.8070175438596491,57,0.15027189254760742
randomization_robust,O,47,0.8245614035087719,57,0.11355447769165039
randomization_robust,[*],48,0.8421052631578947,57,0.15671777725219727
randomization_robust,),49,0.8596491228070176,57,0.1585988998413086
randomization_robust,c,50,0.8771929824561403,57,0.14116859436035156
randomization_robust,c,51,0.8947368421052632,57,0.14116859436035156
randomization_robust,2,52,0.9122807017543859,57,0.1964111328125
randomization_robust,),53,0.9298245614035088,57,0.13287973403930664
randomization_robust,c,54,0.9473684210526315,57,0.1509418487548828
randomization_robust,c,55,0.9649122807017544,57,0.1509418487548828
randomization_robust,1,56,0.9824561403508771,57,0.13169336318969727
randomization_robust,[*],0,0.0,44,0.05359601974487305
randomization_robust,C,1,0.022727272727272728,44,0.030361175537109375
randomization_robust,C,2,0.045454545454545456,44,0.030361175537109375
randomization_robust,C,3,0.06818181818181818,44,0.030361175537109375
randomization_robust,C,4,0.09090909090909091,44,0.030361175537109375
randomization_robust,C,5,0.11363636363636363,44,0.030361175537109375
randomization_robust,c,6,0.13636363636363635,44,0.010405540466308594
randomization_robust,1,7,0.1590909090909091,44,0.05813932418823242
randomization_robust,c,8,0.18181818181818182,44,0.046102046966552734
randomization_robust,c,9,0.20454545454545456,44,0.046102046966552734
randomization_robust,c,10,0.22727272727272727,44,0.046102046966552734
randomization_robust,(,11,0.25,44,0.09280681610107422
randomization_robust,C,12,0.2727272727272727,44,0.07988834381103516
randomization_robust,C,13,0.29545454545454547,44,0.07988834381103516
randomization_robust,C,14,0.3181818181818182,44,0.07988834381103516
randomization_robust,C,15,0.3409090909090909,44,0.07988834381103516
randomization_robust,C,16,0.36363636363636365,44,0.07988834381103516
randomization_robust,O,17,0.38636363636363635,44,0.15546178817749023
randomization_robust,C,18,0.4090909090909091,44,0.043892860412597656
randomization_robust,(,19,0.4318181818181818,44,0.042432308197021484
randomization_robust,=,20,0.45454545454545453,44,0.20160531997680664
randomization_robust,O,21,0.4772727272727273,44,0.00979757308959961
randomization_robust,),22,0.5,44,0.11571979522705078
randomization_robust,c,23,0.5227272727272727,44,0.14180803298950195
randomization_robust,2,24,0.5454545454545454,44,0.004864215850830078
randomization_robust,c,25,0.5681818181818182,44,0.030254840850830078
randomization_robust,c,26,0.5909090909090909,44,0.030254840850830078
randomization_robust,c,27,0.6136363636363636,44,0.030254840850830078
randomization_robust,(,28,0.6363636363636364,44,0.07510566711425781
randomization_robust,C,29,0.6590909090909091,44,0.038075923919677734
randomization_robust,(,30,0.6818181818181818,44,0.014024734497070312
randomization_robust,=,31,0.7045454545454546,44,0.03311920166015625
randomization_robust,O,32,0.7272727272727273,44,0.2260904312133789
randomization_robust,),33,0.75,44,0.2106781005859375
randomization_robust,O,34,0.7727272727272727,44,0.23334026336669922
randomization_robust,[*],35,0.7954545454545454,44,0.17974376678466797
randomization_robust,),36,0.8181818181818182,44,0.11708211898803711
randomization_robust,c,37,0.8409090909090909,44,0.13550424575805664
randomization_robust,c,38,0.8636363636363636,44,0.13550424575805664
randomization_robust,2,39,0.8863636363636364,44,0.06923913955688477
randomization_robust,),40,0.9090909090909091,44,0.03461742401123047
randomization_robust,c,41,0.9318181818181818,44,0.039981842041015625
randomization_robust,c,42,0.9545454545454546,44,0.039981842041015625
randomization_robust,1,43,0.9772727272727273,44,0.048200130462646484
randomization_robust,[*],0,0.0,31,0.12203121185302734
randomization_robust,N,1,0.03225806451612903,31,0.22555780410766602
randomization_robust,C,2,0.06451612903225806,31,0.00954437255859375
randomization_robust,(,3,0.0967741935483871,31,0.033046722412109375
randomization_robust,C,4,0.12903225806451613,31,0.00537872314453125
randomization_robust,C,5,0.16129032258064516,31,0.00537872314453125
randomization_robust,C,6,0.1935483870967742,31,0.00537872314453125
randomization_robust,(,7,0.22580645161290322,31,0.017021656036376953
randomization_robust,=,8,0.25806451612903225,31,0.2512211799621582
randomization_robust,O,9,0.2903225806451613,31,0.8373136520385742
randomization_robust,),10,0.3225806451612903,31,0.40514087677001953
randomization_robust,O,11,0.3548387096774194,31,0.6139817237854004
randomization_robust,C,12,0.3870967741935484,31,0.1881875991821289
randomization_robust,c,13,0.41935483870967744,31,0.023998260498046875
randomization_robust,1,14,0.45161290322580644,31,0.11070537567138672
randomization_robust,c,15,0.4838709677419355,31,0.09361696243286133
randomization_robust,c,16,0.5161290322580645,31,0.09361696243286133
randomization_robust,c,17,0.5483870967741935,31,0.09361696243286133
randomization_robust,(,18,0.5806451612903226,31,0.0014934539794921875
randomization_robust,Cl,19,0.6129032258064516,31,0.217376708984375
randomization_robust,),20,0.6451612903225806,31,0.3255491256713867
randomization_robust,c,21,0.6774193548387096,31,0.441164493560791
randomization_robust,c,22,0.7096774193548387,31,0.441164493560791
randomization_robust,1,23,0.7419354838709677,31,0.35526466369628906
randomization_robust,),24,0.7741935483870968,31,0.3397183418273926
randomization_robust,C,25,0.8064516129032258,31,0.2799034118652344
randomization_robust,(,26,0.8387096774193549,31,0.27213287353515625
randomization_robust,[*],27,0.8709677419354839,31,0.3051457405090332
randomization_robust,),28,0.9032258064516129,31,0.2654561996459961
randomization_robust,=,29,0.9354838709677419,31,0.3993997573852539
randomization_robust,O,30,0.967741935483871,31,0.023919105529785156
randomization_robust,[*],0,0.0,70,0.32552051544189453
randomization_robust,N,1,0.014285714285714285,70,0.35941147804260254
randomization_robust,c,2,0.02857142857142857,70,0.3838222026824951
randomization_robust,1,3,0.04285714285714286,70,0.4703042507171631
randomization_robust,c,4,0.05714285714285714,70,0.4529898166656494
randomization_robust,c,5,0.07142857142857142,70,0.4529898166656494
randomization_robust,(,6,0.08571428571428572,70,0.4053175449371338
randomization_robust,N,7,0.1,70,0.4255490303039551
randomization_robust,C,8,0.11428571428571428,70,0.3806447982788086
randomization_robust,(,9,0.12857142857142856,70,0.4241626262664795
randomization_robust,=,10,0.14285714285714285,70,0.6991119384765625
randomization_robust,O,11,0.15714285714285714,70,0.42222142219543457
randomization_robust,),12,0.17142857142857143,70,0.5181741714477539
randomization_robust,N,13,0.18571428571428572,70,0.5215878486633301
randomization_robust,c,14,0.2,70,0.5742020606994629
randomization_robust,2,15,0.21428571428571427,70,0.523266077041626
randomization_robust,c,16,0.22857142857142856,70,0.5747067928314209
randomization_robust,c,17,0.24285714285714285,70,0.5747067928314209
randomization_robust,c,18,0.2571428571428571,70,0.5747067928314209
randomization_robust,(,19,0.2714285714285714,70,0.5623767375946045
randomization_robust,N,20,0.2857142857142857,70,0.5738286972045898
randomization_robust,C,21,0.3,70,0.5694136619567871
randomization_robust,(,22,0.3142857142857143,70,0.5528872013092041
randomization_robust,[*],23,0.32857142857142857,70,0.6037707328796387
randomization_robust,),24,0.34285714285714286,70,0.621999979019165
randomization_robust,=,25,0.35714285714285715,70,0.7662701606750488
randomization_robust,O,26,0.37142857142857144,70,0.500774621963501
randomization_robust,),27,0.38571428571428573,70,0.5680644512176514
randomization_robust,c,28,0.4,70,0.6137628555297852
randomization_robust,c,29,0.4142857142857143,70,0.6137628555297852
randomization_robust,2,30,0.42857142857142855,70,0.4942796230316162
randomization_robust,),31,0.44285714285714284,70,0.4997687339782715
randomization_robust,c,32,0.45714285714285713,70,0.545661449432373
randomization_robust,c,33,0.4714285714285714,70,0.545661449432373
randomization_robust,(,34,0.4857142857142857,70,0.48703622817993164
randomization_robust,C,35,0.5,70,0.49721360206604004
randomization_robust,(,36,0.5142857142857142,70,0.5543925762176514
randomization_robust,=,37,0.5285714285714286,70,0.8802611827850342
randomization_robust,O,38,0.5428571428571428,70,0.46391749382019043
randomization_robust,),39,0.5571428571428572,70,0.5465991497039795
randomization_robust,N,40,0.5714285714285714,70,0.5881624221801758
randomization_robust,c,41,0.5857142857142857,70,0.6082651615142822
randomization_robust,2,42,0.6,70,0.676978349685669
randomization_robust,c,43,0.6142857142857143,70,0.6583194732666016
randomization_robust,c,44,0.6285714285714286,70,0.6583194732666016
randomization_robust,c,45,0.6428571428571429,70,0.6583194732666016
randomization_robust,c,46,0.6571428571428571,70,0.6583194732666016
randomization_robust,3,47,0.6714285714285714,70,0.6054761409759521
randomization_robust,c,48,0.6857142857142857,70,0.5699992179870605
randomization_robust,2,49,0.7,70,0.464083194732666
randomization_robust,C,50,0.7142857142857143,70,0.3832066059112549
randomization_robust,(,51,0.7285714285714285,70,0.4214973449707031
randomization_robust,=,52,0.7428571428571429,70,0.6165904998779297
randomization_robust,O,53,0.7571428571428571,70,0.19796442985534668
randomization_robust,),54,0.7714285714285715,70,0.3253171443939209
randomization_robust,c,55,0.7857142857142857,70,0.33351635932922363
randomization_robust,2,56,0.8,70,0.2916088104248047
randomization_robust,c,57,0.8142857142857143,70,0.2811000347137451
randomization_robust,c,58,0.8285714285714286,70,0.2811000347137451
randomization_robust,c,59,0.8428571428571429,70,0.2811000347137451
randomization_robust,c,60,0.8571428571428571,70,0.2811000347137451
randomization_robust,c,61,0.8714285714285714,70,0.2811000347137451
randomization_robust,2,62,0.8857142857142857,70,0.2516005039215088
randomization_robust,C,63,0.9,70,0.23557353019714355
randomization_robust,3,64,0.9142857142857143,70,0.25358104705810547
randomization_robust,=,65,0.9285714285714286,70,0.34529876708984375
randomization_robust,O,66,0.9428571428571428,70,0.03401446342468262
randomization_robust,),67,0.9571428571428572,70,0.04804348945617676
randomization_robust,c,68,0.9714285714285714,70,0.05718731880187988
randomization_robust,1,69,0.9857142857142858,70,0.04979729652404785
randomization_robust,[*],0,0.0,18,0.42101407051086426
randomization_robust,N,1,0.05555555555555555,18,0.3735177516937256
randomization_robust,C,2,0.1111111111111111,18,0.03154253959655762
randomization_robust,(,3,0.16666666666666666,18,0.09161567687988281
randomization_robust,=,4,0.2222222222222222,18,0.9201812744140625
randomization_robust,O,5,0.2777777777777778,18,0.18064641952514648
randomization_robust,),6,0.3333333333333333,18,1.0130515098571777
randomization_robust,C,7,0.3888888888888889,18,0.8495759963989258
randomization_robust,(,8,0.4444444444444444,18,0.8374886512756348
randomization_robust,=,9,0.5,18,1.5623579025268555
randomization_robust,S,10,0.5555555555555556,18,1.41859769821167
randomization_robust,),11,0.6111111111111112,18,0.5623555183410645
randomization_robust,C,12,0.6666666666666666,18,0.4308140277862549
randomization_robust,(,13,0.7222222222222222,18,0.42707347869873047
randomization_robust,=,14,0.7777777777777778,18,1.0991578102111816
randomization_robust,O,15,0.8333333333333334,18,0.3526115417480469
randomization_robust,),16,0.8888888888888888,18,0.39304447174072266
randomization_robust,[*],17,0.9444444444444444,18,0.016224384307861328
randomization_robust,[*],0,0.0,22,0.599358081817627
randomization_robust,c,1,0.045454545454545456,22,0.7277162075042725
randomization_robust,1,2,0.09090909090909091,22,0.592846155166626
randomization_robust,c,3,0.13636363636363635,22,0.567734956741333
randomization_robust,c,4,0.18181818181818182,22,0.567734956741333
randomization_robust,(,5,0.22727272727272727,22,0.5086941719055176
randomization_robust,-,6,0.2727272727272727,22,0.701918363571167
randomization_robust,c,7,0.3181818181818182,22,0.48389458656311035
randomization_robust,2,8,0.36363636363636365,22,0.7726857662200928
randomization_robust,c,9,0.4090909090909091,22,0.35068225860595703
randomization_robust,c,10,0.45454545454545453,22,0.35068225860595703
randomization_robust,c,11,0.5,22,0.35068225860595703
randomization_robust,c,12,0.5454545454545454,22,0.35068225860595703
randomization_robust,c,13,0.5909090909090909,22,0.35068225860595703
randomization_robust,2,14,0.6363636363636364,22,0.916754961013794
randomization_robust,),15,0.6818181818181818,22,0.6097126007080078
randomization_robust,c,16,0.7272727272727273,22,0.4238724708557129
randomization_robust,(,17,0.7727272727272727,22,0.3828237056732178
randomization_robust,[*],18,0.8181818181818182,22,0.6935837268829346
randomization_robust,),19,0.8636363636363636,22,0.411724328994751
randomization_robust,s,20,0.9090909090909091,22,1.2395153045654297
randomization_robust,1,21,0.9545454545454546,22,0.5791726112365723
randomization_robust,[*],0,0.0,43,0.8046154975891113
randomization_robust,c,1,0.023255813953488372,43,0.9016399383544922
randomization_robust,1,2,0.046511627906976744,43,0.8216094970703125
randomization_robust,c,3,0.06976744186046512,43,0.8446946144104004
randomization_robust,c,4,0.09302325581395349,43,0.8446946144104004
randomization_robust,c,5,0.11627906976744186,43,0.8446946144104004
randomization_robust,(,6,0.13953488372093023,43,0.711207389831543
randomization_robust,C,7,0.16279069767441862,43,0.7244472503662109
randomization_robust,C,8,0.18604651162790697,43,0.7244472503662109
randomization_robust,c,9,0.20930232558139536,43,0.9018073081970215
randomization_robust,2,10,0.23255813953488372,43,0.7901816368103027
randomization_robust,c,11,0.2558139534883721,43,0.5466668605804443
randomization_robust,c,12,0.27906976744186046,43,0.5466668605804443
randomization_robust,c,13,0.3023255813953488,43,0.5466668605804443
randomization_robust,(,14,0.32558139534883723,43,0.4678659439086914
randomization_robust,N,15,0.3488372093023256,43,0.5348775386810303
randomization_robust,3,16,0.37209302325581395,43,0.6032066345214844
randomization_robust,C,17,0.3953488372093023,43,0.37795400619506836
randomization_robust,(,18,0.4186046511627907,43,0.358994722366333
randomization_robust,=,19,0.4418604651162791,43,0.8206329345703125
randomization_robust,O,20,0.46511627906976744,43,0.02624988555908203
randomization_robust,),21,0.4883720930232558,43,0.21394038200378418
randomization_robust,C,22,0.5116279069767442,43,0.14366912841796875
randomization_robust,(,23,0.5348837209302325,43,0.256821870803833
randomization_robust,=,24,0.5581395348837209,43,0.6334714889526367
randomization_robust,O,25,0.5813953488372093,43,0.01124429702758789
randomization_robust,),26,0.6046511627906976,43,0.4506340026855469
randomization_robust,N,27,0.627906976744186,43,0.3543388843536377
randomization_robust,(,28,0.6511627906976745,43,0.36930179595947266
randomization_robust,[*],29,0.6744186046511628,43,0.41008758544921875
randomization_robust,),30,0.6976744186046512,43,0.47675442695617676
randomization_robust,C,31,0.7209302325581395,43,0.34894704818725586
randomization_robust,3,32,0.7441860465116279,43,0.5183851718902588
randomization_robust,=,33,0.7674418604651163,43,0.7799654006958008
randomization_robust,O,34,0.7906976744186046,43,0.11890506744384766
randomization_robust,),35,0.813953488372093,43,0.2680506706237793
randomization_robust,c,36,0.8372093023255814,43,0.2645740509033203
randomization_robust,c,37,0.8604651162790697,43,0.2645740509033203
randomization_robust,2,38,0.8837209302325582,43,0.3086409568786621
randomization_robust,),39,0.9069767441860465,43,0.1698436737060547
randomization_robust,c,40,0.9302325581395349,43,0.14400148391723633
randomization_robust,c,41,0.9534883720930233,43,0.14400148391723633
randomization_robust,1,42,0.9767441860465116,43,0.00016427040100097656
randomization_robust,[*],0,0.0,13,0.09251785278320312
randomization_robust,C,1,0.07692307692307693,13,0.11281204223632812
randomization_robust,C,2,0.15384615384615385,13,0.11281204223632812
randomization_robust,C,3,0.23076923076923078,13,0.11281204223632812
randomization_robust,C,4,0.3076923076923077,13,0.11281204223632812
randomization_robust,N,5,0.38461538461538464,13,0.5031933784484863
randomization_robust,C,6,0.46153846153846156,13,0.11782646179199219
randomization_robust,(,7,0.5384615384615384,13,0.05315446853637695
randomization_robust,=,8,0.6153846153846154,13,0.1027522087097168
randomization_robust,O,9,0.6923076923076923,13,0.019643783569335938
randomization_robust,),10,0.7692307692307693,13,0.3571910858154297
randomization_robust,O,11,0.8461538461538461,13,0.2344498634338379
randomization_robust,[*],12,0.9230769230769231,13,0.08959293365478516
randomization_robust,[*],0,0.0,18,0.07490301132202148
randomization_robust,C,1,0.05555555555555555,18,0.014025688171386719
randomization_robust,C,2,0.1111111111111111,18,0.014025688171386719
randomization_robust,C,3,0.16666666666666666,18,0.014025688171386719
randomization_robust,C,4,0.2222222222222222,18,0.014025688171386719
randomization_robust,C,5,0.2777777777777778,18,0.014025688171386719
randomization_robust,C,6,0.3333333333333333,18,0.014025688171386719
randomization_robust,C,7,0.3888888888888889,18,0.014025688171386719
randomization_robust,C,8,0.4444444444444444,18,0.014025688171386719
randomization_robust,C,9,0.5,18,0.014025688171386719
randomization_robust,C,10,0.5555555555555556,18,0.014025688171386719
randomization_robust,C,11,0.6111111111111112,18,0.014025688171386719
randomization_robust,(,12,0.6666666666666666,18,0.059697628021240234
randomization_robust,=,13,0.7222222222222222,18,0.5741782188415527
randomization_robust,O,14,0.7777777777777778,18,0.11398601531982422
randomization_robust,),15,0.8333333333333334,18,0.10362672805786133
randomization_robust,N,16,0.8888888888888888,18,0.3954768180847168
randomization_robust,[*],17,0.9444444444444444,18,0.07178354263305664
randomization_robust,[*],0,0.0,46,0.07456254959106445
randomization_robust,c,1,0.021739130434782608,46,0.14783859252929688
randomization_robust,1,2,0.043478260869565216,46,0.25211000442504883
randomization_robust,c,3,0.06521739130434782,46,0.10732746124267578
randomization_robust,c,4,0.08695652173913043,46,0.10732746124267578
randomization_robust,(,5,0.10869565217391304,46,0.13807916641235352
randomization_robust,O,6,0.13043478260869565,46,0.49426698684692383
randomization_robust,C,7,0.15217391304347827,46,0.5622031688690186
randomization_robust,C,8,0.17391304347826086,46,0.5622031688690186
randomization_robust,C,9,0.1956521739130435,46,0.5622031688690186
randomization_robust,C,10,0.21739130434782608,46,0.5622031688690186
randomization_robust,C,11,0.2391304347826087,46,0.5622031688690186
randomization_robust,C,12,0.2608695652173913,46,0.5622031688690186
randomization_robust,C,13,0.2826086956521739,46,0.5622031688690186
randomization_robust,C,14,0.30434782608695654,46,0.5622031688690186
randomization_robust,C,15,0.32608695652173914,46,0.5622031688690186
randomization_robust,C,16,0.34782608695652173,46,0.5622031688690186
randomization_robust,),17,0.3695652173913043,46,0.6352806091308594
randomization_robust,c,18,0.391304347826087,46,0.5249590873718262
randomization_robust,c,19,0.41304347826086957,46,0.5249590873718262
randomization_robust,(,20,0.43478260869565216,46,0.6006736755371094
randomization_robust,-,21,0.45652173913043476,46,0.5873558521270752
randomization_robust,c,22,0.4782608695652174,46,0.4791710376739502
randomization_robust,2,23,0.5,46,0.42804813385009766
randomization_robust,n,24,0.5217391304347826,46,0.20914173126220703
randomization_robust,c,25,0.5434782608695652,46,0.0848243236541748
randomization_robust,3,26,0.5652173913043478,46,0.03829336166381836
randomization_robust,c,27,0.5869565217391305,46,0.12441062927246094
randomization_robust,c,28,0.6086956521739131,46,0.12441062927246094
randomization_robust,4,29,0.6304347826086957,46,0.06223750114440918
randomization_robust,s,30,0.6521739130434783,46,0.4161510467529297
randomization_robust,c,31,0.6739130434782609,46,0.5346729755401611
randomization_robust,(,32,0.6956521739130435,46,0.5001468658447266
randomization_robust,[*],33,0.717391304347826,46,0.4859580993652344
randomization_robust,),34,0.7391304347826086,46,0.46665167808532715
randomization_robust,n,35,0.7608695652173914,46,0.5754036903381348
randomization_robust,c,36,0.782608695652174,46,0.3845033645629883
randomization_robust,4,37,0.8043478260869565,46,0.30603551864624023
randomization_robust,c,38,0.8260869565217391,46,0.29335927963256836
randomization_robust,c,39,0.8478260869565217,46,0.29335927963256836
randomization_robust,3,40,0.8695652173913043,46,0.20653438568115234
randomization_robust,s,41,0.8913043478260869,46,0.1241304874420166
randomization_robust,2,42,0.9130434782608695,46,0.1564037799835205
randomization_robust,),43,0.9347826086956522,46,0.095703125
randomization_robust,c,44,0.9565217391304348,46,0.04434347152709961
randomization_robust,1,45,0.9782608695652174,46,0.0549006462097168
randomization_robust,[*],0,0.0,23,0.30498695373535156
randomization_robust,C,1,0.043478260869565216,23,0.285830020904541
randomization_robust,C,2,0.08695652173913043,23,0.285830020904541
randomization_robust,O,3,0.13043478260869565,23,0.15109920501708984
randomization_robust,C,4,0.17391304347826086,23,0.2658662796020508
randomization_robust,C,5,0.21739130434782608,23,0.2658662796020508
randomization_robust,O,6,0.2608695652173913,23,0.1199188232421875
randomization_robust,C,7,0.30434782608695654,23,0.2115612030029297
randomization_robust,(,8,0.34782608695652173,23,0.34752702713012695
randomization_robust,=,9,0.391304347826087,23,0.4631834030151367
randomization_robust,O,10,0.43478260869565216,23,0.2560453414916992
randomization_robust,),11,0.4782608695652174,23,0.1050863265991211
randomization_robust,C,12,0.5217391304347826,23,0.18255186080932617
randomization_robust,C,13,0.5652173913043478,23,0.18255186080932617
randomization_robust,C,14,0.6086956521739131,23,0.18255186080932617
randomization_robust,C,15,0.6521739130434783,23,0.18255186080932617
randomization_robust,C,16,0.6956521739130435,23,0.18255186080932617
randomization_robust,(,17,0.7391304347826086,23,0.18673992156982422
randomization_robust,=,18,0.782608695652174,23,0.14356136322021484
randomization_robust,O,19,0.8260869565217391,23,0.145477294921875
randomization_robust,),20,0.8695652173913043,23,0.005659580230712891
randomization_robust,O,21,0.9130434782608695,23,0.05354928970336914
randomization_robust,[*],22,0.9565217391304348,23,0.008275032043457031
randomization_robust,[*],0,0.0,16,0.12891006469726562
randomization_robust,C,1,0.0625,16,0.37370729446411133
randomization_robust,O,2,0.125,16,0.6833095550537109
randomization_robust,C,3,0.1875,16,0.42504310607910156
randomization_robust,(,4,0.25,16,0.45993757247924805
randomization_robust,S,5,0.3125,16,0.1626758575439453
randomization_robust,1,6,0.375,16,1.1539173126220703
randomization_robust,),7,0.4375,16,0.9737246036529541
randomization_robust,=,8,0.5,16,0.300417423248291
randomization_robust,C,9,0.5625,16,1.6069200038909912
randomization_robust,C,10,0.625,16,1.6069200038909912
randomization_robust,=,11,0.6875,16,0.12331151962280273
randomization_robust,C,12,0.75,16,1.0142714977264404
randomization_robust,1,13,0.8125,16,0.42504072189331055
randomization_robust,O,14,0.875,16,0.7933402061462402
randomization_robust,[*],15,0.9375,16,0.028844833374023438
randomization_robust,[*],0,0.0,23,0.1840963363647461
randomization_robust,c,1,0.043478260869565216,23,0.026497364044189453
randomization_robust,1,2,0.08695652173913043,23,0.03658318519592285
randomization_robust,c,3,0.13043478260869565,23,0.05978679656982422
randomization_robust,c,4,0.17391304347826086,23,0.05978679656982422
randomization_robust,c,5,0.21739130434782608,23,0.05978679656982422
randomization_robust,2,6,0.2608695652173913,23,0.041649580001831055
randomization_robust,c,7,0.30434782608695654,23,0.2144455909729004
randomization_robust,(,8,0.34782608695652173,23,0.09288430213928223
randomization_robust,c,9,0.391304347826087,23,0.06504464149475098
randomization_robust,1,10,0.43478260869565216,23,0.02316761016845703
randomization_robust,),11,0.4782608695652174,23,0.20092988014221191
randomization_robust,c,12,0.5217391304347826,23,0.018227577209472656
randomization_robust,1,13,0.5652173913043478,23,0.023967504501342773
randomization_robust,c,14,0.6086956521739131,23,0.10570430755615234
randomization_robust,c,15,0.6521739130434783,23,0.10570430755615234
randomization_robust,c,16,0.6956521739130435,23,0.10570430755615234
randomization_robust,c,17,0.7391304347826086,23,0.10570430755615234
randomization_robust,c,18,0.782608695652174,23,0.10570430755615234
randomization_robust,1,19,0.8260869565217391,23,0.011893749237060547
randomization_robust,n,20,0.8695652173913043,23,0.31807565689086914
randomization_robust,2,21,0.9130434782608695,23,0.1878819465637207
randomization_robust,[*],22,0.9565217391304348,23,0.2588343620300293
randomization_robust,[*],0,0.0,35,0.8826234340667725
randomization_robust,c,1,0.02857142857142857,35,0.8216700553894043
randomization_robust,1,2,0.05714285714285714,35,0.8683269023895264
randomization_robust,c,3,0.08571428571428572,35,0.48867011070251465
randomization_robust,c,4,0.11428571428571428,35,0.48867011070251465
randomization_robust,(,5,0.14285714285714285,35,0.5005972385406494
randomization_robust,C,6,0.17142857142857143,35,0.5627763271331787
randomization_robust,(,7,0.2,35,0.5398681163787842
randomization_robust,F,8,0.22857142857142856,35,0.23902010917663574
randomization_robust,),9,0.2571428571428571,35,0.3830411434173584
randomization_robust,(,10,0.2857142857142857,35,0.63655686378479
randomization_robust,F,11,0.3142857142857143,35,0.3098299503326416
randomization_robust,),12,0.34285714285714286,35,0.41965317726135254
randomization_robust,C,13,0.37142857142857144,35,0.6546571254730225
randomization_robust,(,14,0.4,35,0.42795658111572266
randomization_robust,F,15,0.42857142857142855,35,0.15784239768981934
randomization_robust,),16,0.45714285714285713,35,0.6022636890411377
randomization_robust,(,17,0.4857142857142857,35,0.8019618988037109
randomization_robust,F,18,0.5142857142857142,35,0.5824525356292725
randomization_robust,),19,0.5428571428571428,35,0.6339573860168457
randomization_robust,C,20,0.5714285714285714,35,0.3299896717071533
randomization_robust,(,21,0.6,35,0.241591215133667
randomization_robust,F,22,0.6285714285714286,35,0.08064389228820801
randomization_robust,),23,0.6571428571428571,35,0.13560128211975098
randomization_robust,(,24,0.6857142857142857,35,0.08985638618469238
randomization_robust,F,25,0.7142857142857143,35,0.008530855178833008
randomization_robust,),26,0.7428571428571429,35,0.06479763984680176
randomization_robust,F,27,0.7714285714285715,35,0.002092123031616211
randomization_robust,),28,0.8,35,0.1567699909210205
randomization_robust,c,29,0.8285714285714286,35,0.1659533977508545
randomization_robust,(,30,0.8571428571428571,35,0.17695069313049316
randomization_robust,[*],31,0.8857142857142857,35,0.4272775650024414
randomization_robust,),32,0.9142857142857143,35,0.310593843460083
randomization_robust,s,33,0.9428571428571428,35,1.7616493701934814
randomization_robust,1,34,0.9714285714285714,35,0.1333305835723877
randomization_robust,[*],0,0.0,25,0.9334321022033691
randomization_robust,C,1,0.04,25,0.8505325317382812
randomization_robust,C,2,0.08,25,0.8505325317382812
randomization_robust,(,3,0.12,25,0.8302812576293945
randomization_robust,=,4,0.16,25,0.08742523193359375
randomization_robust,O,5,0.2,25,1.3320398330688477
randomization_robust,),6,0.24,25,0.4936256408691406
randomization_robust,O,7,0.28,25,0.7715680599212646
randomization_robust,C,8,0.32,25,0.42930030822753906
randomization_robust,(,9,0.36,25,0.2517428398132324
randomization_robust,=,10,0.4,25,0.2711634635925293
randomization_robust,O,11,0.44,25,0.6705784797668457
randomization_robust,),12,0.48,25,0.2926359176635742
randomization_robust,c,13,0.52,25,0.12782526016235352
randomization_robust,1,14,0.56,25,0.2941093444824219
randomization_robust,c,15,0.6,25,0.027695655822753906
randomization_robust,c,16,0.64,25,0.027695655822753906
randomization_robust,c,17,0.68,25,0.027695655822753906
randomization_robust,c,18,0.72,25,0.027695655822753906
randomization_robust,(,19,0.76,25,0.1922001838684082
randomization_robust,O,20,0.8,25,0.1899275779724121
randomization_robust,[*],21,0.84,25,0.012088775634765625
randomization_robust,),22,0.88,25,0.04642820358276367
randomization_robust,c,23,0.92,25,0.09585714340209961
randomization_robust,1,24,0.96,25,0.062225341796875
randomization_robust,[*],0,0.0,24,0.07865762710571289
randomization_robust,C,1,0.041666666666666664,24,0.040883541107177734
randomization_robust,C,2,0.08333333333333333,24,0.040883541107177734
randomization_robust,C,3,0.125,24,0.040883541107177734
randomization_robust,C,4,0.16666666666666666,24,0.040883541107177734
randomization_robust,C,5,0.20833333333333334,24,0.040883541107177734
randomization_robust,C,6,0.25,24,0.040883541107177734
randomization_robust,N,7,0.2916666666666667,24,0.07661104202270508
randomization_robust,C,8,0.3333333333333333,24,0.02695751190185547
randomization_robust,(,9,0.375,24,0.010189533233642578
randomization_robust,=,10,0.4166666666666667,24,0.09515810012817383
randomization_robust,O,11,0.4583333333333333,24,0.33892107009887695
randomization_robust,),12,0.5,24,0.11897420883178711
randomization_robust,N,13,0.5416666666666666,24,0.04845094680786133
randomization_robust,C,14,0.5833333333333334,24,0.09302520751953125
randomization_robust,C,15,0.625,24,0.09302520751953125
randomization_robust,N,16,0.6666666666666666,24,0.035039424896240234
randomization_robust,C,17,0.7083333333333334,24,0.10744619369506836
randomization_robust,(,18,0.75,24,0.10261058807373047
randomization_robust,=,19,0.7916666666666666,24,0.18840456008911133
randomization_robust,O,20,0.8333333333333334,24,0.3133816719055176
randomization_robust,),21,0.875,24,0.0387883186340332
randomization_robust,N,22,0.9166666666666666,24,0.05003213882446289
randomization_robust,[*],23,0.9583333333333334,24,0.055487632751464844
randomization_robust,[*],0,0.0,17,0.7289619445800781
randomization_robust,N,1,0.058823529411764705,17,0.6376063823699951
randomization_robust,c,2,0.11764705882352941,17,0.6217784881591797
randomization_robust,1,3,0.17647058823529413,17,0.6339130401611328
randomization_robust,c,4,0.23529411764705882,17,0.3157336711883545
randomization_robust,(,5,0.29411764705882354,17,0.5995597839355469
randomization_robust,Cl,6,0.35294117647058826,17,0.44067859649658203
randomization_robust,),7,0.4117647058823529,17,0.2698652744293213
randomization_robust,c,8,0.47058823529411764,17,0.13817238807678223
randomization_robust,c,9,0.5294117647058824,17,0.13817238807678223
randomization_robust,(,10,0.5882352941176471,17,0.5126500129699707
randomization_robust,[*],11,0.6470588235294118,17,0.10721564292907715
randomization_robust,),12,0.7058823529411765,17,0.28563356399536133
randomization_robust,c,13,0.7647058823529411,17,0.17152976989746094
randomization_robust,c,14,0.8235294117647058,17,0.17152976989746094
randomization_robust,1,15,0.8823529411764706,17,0.4880516529083252
randomization_robust,Cl,16,0.9411764705882353,17,0.25102663040161133
randomization_robust,[*],0,0.0,24,0.15541934967041016
randomization_robust,C,1,0.041666666666666664,24,0.1680755615234375
randomization_robust,C,2,0.08333333333333333,24,0.1680755615234375
randomization_robust,C,3,0.125,24,0.1680755615234375
randomization_robust,C,4,0.16666666666666666,24,0.1680755615234375
randomization_robust,C,5,0.20833333333333334,24,0.1680755615234375
randomization_robust,C,6,0.25,24,0.1680755615234375
randomization_robust,C,7,0.2916666666666667,24,0.1680755615234375
randomization_robust,C,8,0.3333333333333333,24,0.1680755615234375
randomization_robust,C,9,0.375,24,0.1680755615234375
randomization_robust,N,10,0.4166666666666667,24,0.17241334915161133
randomization_robust,C,11,0.4583333333333333,24,0.1639266014099121
randomization_robust,(,12,0.5,24,0.11336278915405273
randomization_robust,=,13,0.5416666666666666,24,0.002429485321044922
randomization_robust,O,14,0.5833333333333334,24,0.21790170669555664
randomization_robust,),15,0.625,24,0.0354151725769043
randomization_robust,C,16,0.6666666666666666,24,0.17223882675170898
randomization_robust,C,17,0.7083333333333334,24,0.17223882675170898
randomization_robust,(,18,0.75,24,0.18540334701538086
randomization_robust,=,19,0.7916666666666666,24,0.07345104217529297
randomization_robust,O,20,0.8333333333333334,24,0.22243547439575195
randomization_robust,),21,0.875,24,0.023808956146240234
randomization_robust,N,22,0.9166666666666666,24,0.03910541534423828
randomization_robust,[*],23,0.9583333333333334,24,0.014069080352783203
randomization_robust,[*],0,0.0,20,0.06120491027832031
randomization_robust,C,1,0.05,20,0.21677684783935547
randomization_robust,C,2,0.1,20,0.21677684783935547
randomization_robust,(,3,0.15,20,0.023174285888671875
randomization_robust,S,4,0.2,20,0.06068134307861328
randomization_robust,1,5,0.25,20,0.5752067565917969
randomization_robust,),6,0.3,20,0.17126035690307617
randomization_robust,=,7,0.35,20,0.8324098587036133
randomization_robust,C,8,0.4,20,0.16399288177490234
randomization_robust,C,9,0.45,20,0.16399288177490234
randomization_robust,=,10,0.5,20,0.7680020332336426
randomization_robust,C,11,0.55,20,0.08423113822937012
randomization_robust,1,12,0.6,20,0.012347936630249023
randomization_robust,C,13,0.65,20,0.2765011787414551
randomization_robust,(,14,0.7,20,0.05593109130859375
randomization_robust,=,15,0.75,20,0.6046245098114014
randomization_robust,S,16,0.8,20,0.6489880084991455
randomization_robust,),17,0.85,20,0.20593833923339844
randomization_robust,O,18,0.9,20,0.44820237159729004
randomization_robust,[*],19,0.95,20,0.1275501251220703
randomization_robust,[*],0,0.0,17,0.0849156379699707
randomization_robust,C,1,0.058823529411764705,17,0.2642498016357422
randomization_robust,C,2,0.11764705882352941,17,0.2642498016357422
randomization_robust,C,3,0.17647058823529413,17,0.2642498016357422
randomization_robust,O,4,0.23529411764705882,17,0.035233497619628906
randomization_robust,C,5,0.29411764705882354,17,0.363189697265625
randomization_robust,(,6,0.35294117647058826,17,0.19272518157958984
randomization_robust,=,7,0.4117647058823529,17,0.2765927314758301
randomization_robust,O,8,0.47058823529411764,17,0.39099836349487305
randomization_robust,),9,0.5294117647058824,17,0.08039569854736328
randomization_robust,C,10,0.5882352941176471,17,0.3200650215148926
randomization_robust,(,11,0.6470588235294118,17,0.1134037971496582
randomization_robust,=,12,0.7058823529411765,17,0.02121877670288086
randomization_robust,O,13,0.7647058823529411,17,0.36193180084228516
randomization_robust,),14,0.8235294117647058,17,0.13087701797485352
randomization_robust,O,15,0.8823529411764706,17,0.44763803482055664
randomization_robust,[*],16,0.9411764705882353,17,0.011849403381347656
randomization_robust,[*],0,0.0,32,0.13490962982177734
randomization_robust,C,1,0.03125,32,0.14707326889038086
randomization_robust,C,2,0.0625,32,0.14707326889038086
randomization_robust,C,3,0.09375,32,0.14707326889038086
randomization_robust,C,4,0.125,32,0.14707326889038086
randomization_robust,(,5,0.15625,32,0.11437034606933594
randomization_robust,C,6,0.1875,32,0.11036968231201172
randomization_robust,),7,0.21875,32,0.07017087936401367
randomization_robust,(,8,0.25,32,0.17187976837158203
randomization_robust,C,9,0.28125,32,0.1705455780029297
randomization_robust,),10,0.3125,32,0.13356733322143555
randomization_robust,C,11,0.34375,32,0.17958450317382812
randomization_robust,N,12,0.375,32,0.17695236206054688
randomization_robust,C,13,0.40625,32,0.17635726928710938
randomization_robust,(,14,0.4375,32,0.15308475494384766
randomization_robust,=,15,0.46875,32,0.027311325073242188
randomization_robust,O,16,0.5,32,0.3860950469970703
randomization_robust,),17,0.53125,32,0.10190725326538086
randomization_robust,C,18,0.5625,32,0.10729503631591797
randomization_robust,C,19,0.59375,32,0.10729503631591797
randomization_robust,C,20,0.625,32,0.10729503631591797
randomization_robust,C,21,0.65625,32,0.10729503631591797
randomization_robust,C,22,0.6875,32,0.10729503631591797
randomization_robust,C,23,0.71875,32,0.10729503631591797
randomization_robust,C,24,0.75,32,0.10729503631591797
randomization_robust,C,25,0.78125,32,0.10729503631591797
randomization_robust,(,26,0.8125,32,0.11931753158569336
randomization_robust,=,27,0.84375,32,0.030782222747802734
randomization_robust,O,28,0.875,32,0.34615468978881836
randomization_robust,),29,0.90625,32,0.09609651565551758
randomization_robust,N,30,0.9375,32,0.009058952331542969
randomization_robust,[*],31,0.96875,32,0.013544082641601562
randomization_robust,[*],0,0.0,33,0.40320801734924316
randomization_robust,C,1,0.030303030303030304,33,0.37950682640075684
randomization_robust,1,2,0.06060606060606061,33,0.3372931480407715
randomization_robust,=,3,0.09090909090909091,33,0.028368234634399414
randomization_robust,C,4,0.12121212121212122,33,0.2678532600402832
randomization_robust,S,5,0.15151515151515152,33,0.25197649002075195
randomization_robust,C,6,0.18181818181818182,33,0.24366474151611328
randomization_robust,(,7,0.21212121212121213,33,0.25406551361083984
randomization_robust,=,8,0.24242424242424243,33,0.07386064529418945
randomization_robust,C,9,0.2727272727272727,33,0.31905245780944824
randomization_robust,2,10,0.30303030303030304,33,0.3148622512817383
randomization_robust,S,11,0.3333333333333333,33,0.31852126121520996
randomization_robust,C,12,0.36363636363636365,33,0.2853851318359375
randomization_robust,=,13,0.3939393939393939,33,0.14281225204467773
randomization_robust,C,14,0.42424242424242425,33,0.5430173873901367
randomization_robust,(,15,0.45454545454545453,33,0.4869673252105713
randomization_robust,c,16,0.48484848484848486,33,0.5242674350738525
randomization_robust,3,17,0.5151515151515151,33,0.3977024555206299
randomization_robust,c,18,0.5454545454545454,33,0.41615986824035645
randomization_robust,c,19,0.5757575757575758,33,0.41615986824035645
randomization_robust,c,20,0.6060606060606061,33,0.41615986824035645
randomization_robust,(,21,0.6363636363636364,33,0.37339305877685547
randomization_robust,[*],22,0.6666666666666666,33,0.3214292526245117
randomization_robust,),23,0.696969696969697,33,0.35340404510498047
randomization_robust,c,24,0.7272727272727273,33,0.26666831970214844
randomization_robust,c,25,0.7575757575757576,33,0.26666831970214844
randomization_robust,3,26,0.7878787878787878,33,0.13937067985534668
randomization_robust,),27,0.8181818181818182,33,0.19468307495117188
randomization_robust,S,28,0.8484848484848485,33,0.1378188133239746
randomization_robust,2,29,0.8787878787878788,33,0.08051371574401855
randomization_robust,),30,0.9090909090909091,33,0.08312559127807617
randomization_robust,S,31,0.9393939393939394,33,0.05086040496826172
randomization_robust,1,32,0.9696969696969697,33,0.002194643020629883
randomization_robust,[*],0,0.0,36,0.08440804481506348
randomization_robust,N,1,0.027777777777777776,36,0.16950750350952148
randomization_robust,=,2,0.05555555555555555,36,0.48403143882751465
randomization_robust,c,3,0.08333333333333333,36,0.3054225444793701
randomization_robust,1,4,0.1111111111111111,36,0.24012136459350586
randomization_robust,c,5,0.1388888888888889,36,0.2552058696746826
randomization_robust,(,6,0.16666666666666666,36,0.2861168384552002
randomization_robust,=,7,0.19444444444444445,36,0.019787311553955078
randomization_robust,N,8,0.2222222222222222,36,0.40459322929382324
randomization_robust,c,9,0.25,36,0.4779939651489258
randomization_robust,2,10,0.2777777777777778,36,0.49488091468811035
randomization_robust,c,11,0.3055555555555556,36,0.3943753242492676
randomization_robust,c,12,0.3333333333333333,36,0.3943753242492676
randomization_robust,c,13,0.3611111111111111,36,0.3943753242492676
randomization_robust,(,14,0.3888888888888889,36,0.3250279426574707
randomization_robust,[*],15,0.4166666666666667,36,0.3316357135772705
randomization_robust,),16,0.4444444444444444,36,0.38918590545654297
randomization_robust,c,17,0.4722222222222222,36,0.3729729652404785
randomization_robust,c,18,0.5,36,0.3729729652404785
randomization_robust,2,19,0.5277777777777778,36,0.35478639602661133
randomization_robust,),20,0.5555555555555556,36,0.33745574951171875
randomization_robust,c,21,0.5833333333333334,36,0.31334900856018066
randomization_robust,2,22,0.6111111111111112,36,0.2571074962615967
randomization_robust,c,23,0.6388888888888888,36,0.21310877799987793
randomization_robust,c,24,0.6666666666666666,36,0.21310877799987793
randomization_robust,c,25,0.6944444444444444,36,0.21310877799987793
randomization_robust,c,26,0.7222222222222222,36,0.21310877799987793
randomization_robust,3,27,0.75,36,0.18976688385009766
randomization_robust,c,28,0.7777777777777778,36,0.15345001220703125
randomization_robust,c,29,0.8055555555555556,36,0.15345001220703125
randomization_robust,c,30,0.8333333333333334,36,0.15345001220703125
randomization_robust,c,31,0.8611111111111112,36,0.15345001220703125
randomization_robust,1,32,0.8888888888888888,36,0.2499253749847412
randomization_robust,c,33,0.9166666666666666,36,0.3174002170562744
randomization_robust,3,34,0.9444444444444444,36,0.23859810829162598
randomization_robust,2,35,0.9722222222222222,36,0.17485737800598145
randomization_robust,[*],0,0.0,59,0.15422725677490234
randomization_robust,C,1,0.01694915254237288,59,0.16347217559814453
randomization_robust,c,2,0.03389830508474576,59,0.24236488342285156
randomization_robust,1,3,0.05084745762711865,59,0.31456804275512695
randomization_robust,c,4,0.06779661016949153,59,0.38311147689819336
randomization_robust,c,5,0.0847457627118644,59,0.38311147689819336
randomization_robust,(,6,0.1016949152542373,59,0.28142786026000977
randomization_robust,C,7,0.11864406779661017,59,0.273193359375
randomization_robust,O,8,0.13559322033898305,59,0.20301342010498047
randomization_robust,C,9,0.15254237288135594,59,0.24522972106933594
randomization_robust,(,10,0.1694915254237288,59,0.26743364334106445
randomization_robust,=,11,0.1864406779661017,59,0.5370273590087891
randomization_robust,O,12,0.2033898305084746,59,0.15463805198669434
randomization_robust,),13,0.22033898305084745,59,0.03477931022644043
randomization_robust,N,14,0.23728813559322035,59,0.040132999420166016
randomization_robust,c,15,0.2542372881355932,59,0.11363744735717773
randomization_robust,2,16,0.2711864406779661,59,0.03369402885437012
randomization_robust,c,17,0.288135593220339,59,0.024099111557006836
randomization_robust,c,18,0.3050847457627119,59,0.024099111557006836
randomization_robust,c,19,0.3220338983050847,59,0.024099111557006836
randomization_robust,(,20,0.3389830508474576,59,0.015692472457885742
randomization_robust,C,21,0.3559322033898305,59,0.03502297401428223
randomization_robust,c,22,0.3728813559322034,59,0.11520218849182129
randomization_robust,3,23,0.3898305084745763,59,0.13786840438842773
randomization_robust,c,24,0.4067796610169492,59,0.2275390625
randomization_robust,c,25,0.423728813559322,59,0.2275390625
randomization_robust,c,26,0.4406779661016949,59,0.2275390625
randomization_robust,(,27,0.4576271186440678,59,0.13403964042663574
randomization_robust,N,28,0.4745762711864407,59,0.21785950660705566
randomization_robust,C,29,0.4915254237288136,59,0.20003271102905273
randomization_robust,(,30,0.5084745762711864,59,0.22335195541381836
randomization_robust,=,31,0.5254237288135594,59,0.5936341285705566
randomization_robust,O,32,0.5423728813559322,59,0.17683696746826172
randomization_robust,),33,0.559322033898305,59,0.2271432876586914
randomization_robust,O,34,0.576271186440678,59,0.1287827491760254
randomization_robust,[*],35,0.5932203389830508,59,0.25592517852783203
randomization_robust,),36,0.6101694915254238,59,0.23919200897216797
randomization_robust,c,37,0.6271186440677966,59,0.24929046630859375
randomization_robust,c,38,0.6440677966101694,59,0.24929046630859375
randomization_robust,3,39,0.6610169491525424,59,0.2926778793334961
randomization_robust,),40,0.6779661016949152,59,0.2527141571044922
randomization_robust,c,41,0.6949152542372882,59,0.28090429306030273
randomization_robust,c,42,0.711864406779661,59,0.28090429306030273
randomization_robust,2,43,0.7288135593220338,59,0.3597378730773926
randomization_robust,),44,0.7457627118644068,59,0.3666839599609375
randomization_robust,c,45,0.7627118644067796,59,0.26490116119384766
randomization_robust,c,46,0.7796610169491526,59,0.26490116119384766
randomization_robust,(,47,0.7966101694915254,59,0.18526172637939453
randomization_robust,C,48,0.8135593220338984,59,0.15033245086669922
randomization_robust,(,49,0.8305084745762712,59,0.1501626968383789
randomization_robust,C,50,0.847457627118644,59,0.15201401710510254
randomization_robust,),51,0.864406779661017,59,0.17313122749328613
randomization_robust,(,52,0.8813559322033898,59,0.10562658309936523
randomization_robust,C,53,0.8983050847457628,59,0.09866476058959961
randomization_robust,),54,0.9152542372881356,59,0.09242439270019531
randomization_robust,C,55,0.9322033898305084,59,0.05319023132324219
randomization_robust,),56,0.9491525423728814,59,0.07356429100036621
randomization_robust,c,57,0.9661016949152542,59,0.07117152214050293
randomization_robust,1,58,0.9830508474576272,59,0.005426645278930664
randomization_robust,[*],0,0.0,44,0.1218256950378418
randomization_robust,C,1,0.022727272727272728,44,0.1367950439453125
randomization_robust,1,2,0.045454545454545456,44,0.03020501136779785
randomization_robust,=,3,0.06818181818181818,44,0.32359838485717773
randomization_robust,C,4,0.09090909090909091,44,0.05731987953186035
randomization_robust,2,5,0.11363636363636363,44,0.1148521900177002
randomization_robust,O,6,0.13636363636363635,44,0.017983436584472656
randomization_robust,C,7,0.1590909090909091,44,0.04428291320800781
randomization_robust,C,8,0.18181818181818182,44,0.04428291320800781
randomization_robust,O,9,0.20454545454545456,44,0.01784992218017578
randomization_robust,C,10,0.22727272727272727,44,0.04424571990966797
randomization_robust,2,11,0.25,44,0.22924518585205078
randomization_robust,=,12,0.2727272727272727,44,0.023393869400024414
randomization_robust,C,13,0.29545454545454547,44,0.1680431365966797
randomization_robust,(,14,0.3181818181818182,44,0.1485912799835205
randomization_robust,c,15,0.3409090909090909,44,0.225203275680542
randomization_robust,2,16,0.36363636363636365,44,0.3625061511993408
randomization_robust,c,17,0.38636363636363635,44,0.4213979244232178
randomization_robust,c,18,0.4090909090909091,44,0.4213979244232178
randomization_robust,c,19,0.4318181818181818,44,0.4213979244232178
randomization_robust,(,20,0.45454545454545453,44,0.42499613761901855
randomization_robust,-,21,0.4772727272727273,44,0.393019437789917
randomization_robust,c,22,0.5,44,0.47568798065185547
randomization_robust,3,23,0.5227272727272727,44,0.4353311061859131
randomization_robust,c,24,0.5454545454545454,44,0.4780752658843994
randomization_robust,c,25,0.5681818181818182,44,0.4780752658843994
randomization_robust,c,26,0.5909090909090909,44,0.4780752658843994
randomization_robust,(,27,0.6136363636363636,44,0.46123313903808594
randomization_robust,[*],28,0.6363636363636364,44,0.418304443359375
randomization_robust,),29,0.6590909090909091,44,0.41034841537475586
randomization_robust,s,30,0.6818181818181818,44,0.40062761306762695
randomization_robust,3,31,0.7045454545454546,44,0.7765214443206787
randomization_robust,),32,0.7272727272727273,44,0.8398451805114746
randomization_robust,s,33,0.75,44,0.4221630096435547
randomization_robust,2,34,0.7727272727272727,44,0.5357098579406738
randomization_robust,),35,0.7954545454545454,44,0.5648691654205322
randomization_robust,S,36,0.8181818181818182,44,0.8452489376068115
randomization_robust,1,37,0.8409090909090909,44,0.5746660232543945
randomization_robust,(,38,0.8636363636363636,44,0.5648684501647949
randomization_robust,=,39,0.8863636363636364,44,0.4196205139160156
randomization_robust,O,40,0.9090909090909091,44,0.5441453456878662
randomization_robust,),41,0.9318181818181818,44,0.49950575828552246
randomization_robust,=,42,0.9545454545454546,44,0.11185145378112793
randomization_robust,O,43,0.9772727272727273,44,0.27570509910583496
randomization_robust,[*],0,0.0,31,0.5094490051269531
randomization_robust,N,1,0.03225806451612903,31,0.4484386444091797
randomization_robust,C,2,0.06451612903225806,31,0.4523797035217285
randomization_robust,(,3,0.0967741935483871,31,0.46183347702026367
randomization_robust,C,4,0.12903225806451613,31,0.3885478973388672
randomization_robust,C,5,0.16129032258064516,31,0.3885478973388672
randomization_robust,C,6,0.1935483870967742,31,0.3885478973388672
randomization_robust,N,7,0.22580645161290322,31,0.39571380615234375
randomization_robust,C,8,0.25806451612903225,31,0.3380899429321289
randomization_robust,(,9,0.2903225806451613,31,0.4663219451904297
randomization_robust,=,10,0.3225806451612903,31,0.7967405319213867
randomization_robust,O,11,0.3548387096774194,31,0.25978612899780273
randomization_robust,),12,0.3870967741935484,31,0.5774822235107422
randomization_robust,c,13,0.41935483870967744,31,0.6241950988769531
randomization_robust,1,14,0.45161290322580644,31,0.4438953399658203
randomization_robust,c,15,0.4838709677419355,31,0.6376867294311523
randomization_robust,c,16,0.5161290322580645,31,0.6376867294311523
randomization_robust,c,17,0.5483870967741935,31,0.6376867294311523
randomization_robust,(,18,0.5806451612903226,31,0.5132937431335449
randomization_robust,F,19,0.6129032258064516,31,0.5842671394348145
randomization_robust,),20,0.6451612903225806,31,0.5879449844360352
randomization_robust,c,21,0.6774193548387096,31,0.7164130210876465
randomization_robust,c,22,0.7096774193548387,31,0.7164130210876465
randomization_robust,1,23,0.7419354838709677,31,0.4835219383239746
randomization_robust,),24,0.7741935483870968,31,0.4959530830383301
randomization_robust,C,25,0.8064516129032258,31,0.35779285430908203
randomization_robust,(,26,0.8387096774193549,31,0.3827652931213379
randomization_robust,[*],27,0.8709677419354839,31,0.3886680603027344
randomization_robust,),28,0.9032258064516129,31,0.40304136276245117
randomization_robust,=,29,0.9354838709677419,31,0.5087985992431641
randomization_robust,O,30,0.967741935483871,31,0.4345412254333496
randomization_robust,[*],0,0.0,23,2.0527167320251465
randomization_robust,C,1,0.043478260869565216,23,2.1344335079193115
randomization_robust,=,2,0.08695652173913043,23,2.1365959644317627
randomization_robust,C,3,0.13043478260869565,23,1.8361446857452393
randomization_robust,(,4,0.17391304347826086,23,1.4982497692108154
randomization_robust,[*],5,0.21739130434782608,23,1.6066069602966309
randomization_robust,),6,0.2608695652173913,23,1.2276027202606201
randomization_robust,c,7,0.30434782608695654,23,1.2600395679473877
randomization_robust,1,8,0.34782608695652173,23,1.7319467067718506
randomization_robust,c,9,0.391304347826087,23,1.3047010898590088
randomization_robust,c,10,0.43478260869565216,23,1.3047010898590088
randomization_robust,c,11,0.4782608695652174,23,1.3047010898590088
randomization_robust,(,12,0.5217391304347826,23,1.1036546230316162
randomization_robust,[N+],13,0.5652173913043478,23,1.4151856899261475
randomization_robust,(,14,0.6086956521739131,23,1.4875800609588623
randomization_robust,=,15,0.6521739130434783,23,1.9727427959442139
randomization_robust,O,16,0.6956521739130435,23,0.3114185333251953
randomization_robust,),17,0.7391304347826086,23,0.6795680522918701
randomization_robust,[O-],18,0.782608695652174,23,0.016962289810180664
randomization_robust,),19,0.8260869565217391,23,0.03981375694274902
randomization_robust,c,20,0.8695652173913043,23,0.14339494705200195
randomization_robust,c,21,0.9130434782608695,23,0.14339494705200195
randomization_robust,1,22,0.9565217391304348,23,0.0608670711517334
randomization_robust,[*],0,0.0,35,0.1596226692199707
randomization_robust,O,1,0.02857142857142857,35,0.09552431106567383
randomization_robust,C,2,0.05714285714285714,35,0.1631026268005371
randomization_robust,1,3,0.08571428571428572,35,0.18233966827392578
randomization_robust,(,4,0.11428571428571428,35,0.14373540878295898
randomization_robust,C,5,0.14285714285714285,35,0.10074472427368164
randomization_robust,),6,0.17142857142857143,35,0.12842321395874023
randomization_robust,C,7,0.2,35,0.17435503005981445
randomization_robust,C,8,0.22857142857142856,35,0.17435503005981445
randomization_robust,(,9,0.2571428571428571,35,0.22335338592529297
randomization_robust,C,10,0.2857142857142857,35,0.16830968856811523
randomization_robust,),11,0.3142857142857143,35,0.06215238571166992
randomization_robust,(,12,0.34285714285714286,35,0.15854644775390625
randomization_robust,C,13,0.37142857142857144,35,0.1166830062866211
randomization_robust,),14,0.4,35,0.12254190444946289
randomization_robust,C,15,0.42857142857142855,35,0.1721172332763672
randomization_robust,(,16,0.45714285714285713,35,0.16174793243408203
randomization_robust,C,17,0.4857142857142857,35,0.1506667137145996
randomization_robust,),18,0.5142857142857142,35,0.15219974517822266
randomization_robust,(,19,0.5428571428571428,35,0.21573448181152344
randomization_robust,N,20,0.5714285714285714,35,0.01592874526977539
randomization_robust,2,21,0.6,35,0.1194915771484375
randomization_robust,C,22,0.6285714285714286,35,0.09538841247558594
randomization_robust,C,23,0.6571428571428571,35,0.09538841247558594
randomization_robust,C,24,0.6857142857142857,35,0.09538841247558594
randomization_robust,C,25,0.7142857142857143,35,0.09538841247558594
randomization_robust,(,26,0.7428571428571429,35,0.08459854125976562
randomization_robust,[*],27,0.7714285714285715,35,0.1171255111694336
randomization_robust,),28,0.8,35,0.07819843292236328
randomization_robust,C,29,0.8285714285714286,35,0.09108924865722656
randomization_robust,2,30,0.8571428571428571,35,0.07425785064697266
randomization_robust,),31,0.8857142857142857,35,0.018535137176513672
randomization_robust,C,32,0.9142857142857143,35,0.044921875
randomization_robust,1,33,0.9428571428571428,35,0.039516448974609375
randomization_robust,C,34,0.9714285714285714,35,0.0017642974853515625
randomization_robust,C,0,0.0,66,0.2503960132598877
randomization_robust,(,1,0.015151515151515152,66,0.26288270950317383
randomization_robust,O,2,0.030303030303030304,66,0.13049054145812988
randomization_robust,2,3,0.045454545454545456,66,0.22788524627685547
randomization_robust,),4,0.06060606060606061,66,0.18854331970214844
randomization_robust,(,5,0.07575757575757576,66,0.04602217674255371
randomization_robust,[*],6,0.09090909090909091,66,0.04166126251220703
randomization_robust,),7,0.10606060606060606,66,0.062429189682006836
randomization_robust,=,8,0.12121212121212122,66,0.21679043769836426
randomization_robust,N,9,0.13636363636363635,66,0.03418564796447754
randomization_robust,N,10,0.15151515151515152,66,0.03418564796447754
randomization_robust,=,11,0.16666666666666666,66,0.10881447792053223
randomization_robust,C,12,0.18181818181818182,66,0.16420245170593262
randomization_robust,2,13,0.19696969696969696,66,0.11384034156799316
randomization_robust,C,14,0.21212121212121213,66,0.12253832817077637
randomization_robust,1,15,0.22727272727272727,66,0.12266349792480469
randomization_robust,=,16,0.24242424242424243,66,0.5335233211517334
randomization_robust,C,17,0.25757575757575757,66,0.13221287727355957
randomization_robust,C,18,0.2727272727272727,66,0.13221287727355957
randomization_robust,=,19,0.2878787878787879,66,0.5034830570220947
randomization_robust,C,20,0.30303030303030304,66,0.10154843330383301
randomization_robust,(,21,0.3181818181818182,66,0.09477019309997559
randomization_robust,C,22,0.3333333333333333,66,0.04705095291137695
randomization_robust,=,23,0.3484848484848485,66,0.4090249538421631
randomization_robust,C,24,0.36363636363636365,66,0.008426427841186523
randomization_robust,1,25,0.3787878787878788,66,0.12360286712646484
randomization_robust,),26,0.3939393939393939,66,0.1799631118774414
randomization_robust,C,27,0.4090909090909091,66,0.06492400169372559
randomization_robust,2,28,0.42424242424242425,66,0.1719667911529541
randomization_robust,(,29,0.4393939393939394,66,0.09502768516540527
randomization_robust,C,30,0.45454545454545453,66,0.012741565704345703
randomization_robust,1,31,0.4696969696969697,66,0.06580471992492676
randomization_robust,=,32,0.48484848484848486,66,0.280109167098999
randomization_robust,C,33,0.5,66,0.04983782768249512
randomization_robust,C,34,0.5151515151515151,66,0.04983782768249512
randomization_robust,=,35,0.5303030303030303,66,0.23382115364074707
randomization_robust,C,36,0.5454545454545454,66,0.04483771324157715
randomization_robust,C,37,0.5606060606060606,66,0.04483771324157715
randomization_robust,=,38,0.5757575757575758,66,0.3044264316558838
randomization_robust,C,39,0.5909090909090909,66,0.09673714637756348
randomization_robust,1,40,0.6060606060606061,66,0.21690964698791504
randomization_robust,C,41,0.6212121212121212,66,0.09777712821960449
randomization_robust,(,42,0.6363636363636364,66,0.1191413402557373
randomization_robust,=,43,0.6515151515151515,66,0.27448129653930664
randomization_robust,O,44,0.6666666666666666,66,0.1042182445526123
randomization_robust,),45,0.6818181818181818,66,0.03997492790222168
randomization_robust,O,46,0.696969696969697,66,0.016321420669555664
randomization_robust,2,47,0.7121212121212122,66,0.008771181106567383
randomization_robust,),48,0.7272727272727273,66,0.11137890815734863
randomization_robust,C,49,0.7424242424242424,66,0.03579998016357422
randomization_robust,1,50,0.7575757575757576,66,0.07668280601501465
randomization_robust,=,51,0.7727272727272727,66,0.3021976947784424
randomization_robust,C,52,0.7878787878787878,66,0.0769960880279541
randomization_robust,C,53,0.803030303030303,66,0.0769960880279541
randomization_robust,=,54,0.8181818181818182,66,0.3517119884490967
randomization_robust,C,55,0.8333333333333334,66,0.13199448585510254
randomization_robust,(,56,0.8484848484848485,66,0.19051456451416016
randomization_robust,C,57,0.8636363636363636,66,0.05919504165649414
randomization_robust,=,58,0.8787878787878788,66,0.3267982006072998
randomization_robust,C,59,0.8939393939393939,66,0.07854557037353516
randomization_robust,1,60,0.9090909090909091,66,0.10883307456970215
randomization_robust,),61,0.9242424242424242,66,0.20734286308288574
randomization_robust,O,62,0.9393939393939394,66,0.08973050117492676
randomization_robust,(,63,0.9545454545454546,66,0.16489958763122559
randomization_robust,[*],64,0.9696969696969697,66,0.0876011848449707
randomization_robust,),65,0.9848484848484849,66,0.14893722534179688
randomization_robust,[*],0,0.0,83,0.0030107498168945312
randomization_robust,c,1,0.012048192771084338,83,0.06973457336425781
randomization_robust,1,2,0.024096385542168676,83,0.07462072372436523
randomization_robust,c,3,0.03614457831325301,83,0.04227113723754883
randomization_robust,c,4,0.04819277108433735,83,0.04227113723754883
randomization_robust,c,5,0.060240963855421686,83,0.04227113723754883
randomization_robust,(,6,0.07228915662650602,83,0.014308452606201172
randomization_robust,N,7,0.08433734939759036,83,0.020842552185058594
randomization_robust,(,8,0.0963855421686747,83,0.06071949005126953
randomization_robust,c,9,0.10843373493975904,83,0.06952524185180664
randomization_robust,2,10,0.12048192771084337,83,0.06391191482543945
randomization_robust,c,11,0.13253012048192772,83,0.11241531372070312
randomization_robust,c,12,0.14457831325301204,83,0.11241531372070312
randomization_robust,c,13,0.1566265060240964,83,0.11241531372070312
randomization_robust,(,14,0.1686746987951807,83,0.1418132781982422
randomization_robust,C,15,0.18072289156626506,83,0.1588268280029297
randomization_robust,#,16,0.1927710843373494,83,0.017415761947631836
randomization_robust,N,17,0.20481927710843373,83,0.2561490535736084
randomization_robust,),18,0.21686746987951808,83,0.27259111404418945
randomization_robust,c,19,0.2289156626506024,83,0.23165225982666016
randomization_robust,c,20,0.24096385542168675,83,0.23165225982666016
randomization_robust,2,21,0.25301204819277107,83,0.23151469230651855
randomization_robust,),22,0.26506024096385544,83,0.29461669921875
randomization_robust,c,23,0.27710843373493976,83,0.28029632568359375
randomization_robust,2,24,0.2891566265060241,83,0.29314398765563965
randomization_robust,c,25,0.30120481927710846,83,0.30129265785217285
randomization_robust,c,26,0.3132530120481928,83,0.30129265785217285
randomization_robust,c,27,0.3253012048192771,83,0.30129265785217285
randomization_robust,(,28,0.3373493975903614,83,0.31699419021606445
randomization_robust,N,29,0.3493975903614458,83,0.30315136909484863
randomization_robust,3,30,0.3614457831325301,83,0.21147489547729492
randomization_robust,C,31,0.37349397590361444,83,0.2678241729736328
randomization_robust,(,32,0.3855421686746988,83,0.26324939727783203
randomization_robust,=,33,0.39759036144578314,83,0.08773279190063477
randomization_robust,O,34,0.40963855421686746,83,0.3027966022491455
randomization_robust,),35,0.42168674698795183,83,0.2559635639190674
randomization_robust,c,36,0.43373493975903615,83,0.19670343399047852
randomization_robust,4,37,0.4457831325301205,83,0.1568436622619629
randomization_robust,c,38,0.4578313253012048,83,0.20514488220214844
randomization_robust,c,39,0.46987951807228917,83,0.20514488220214844
randomization_robust,c,40,0.4819277108433735,83,0.20514488220214844
randomization_robust,(,41,0.4939759036144578,83,0.22046184539794922
randomization_robust,-,42,0.5060240963855421,83,0.20743036270141602
randomization_robust,c,43,0.5180722891566265,83,0.20294713973999023
randomization_robust,5,44,0.5301204819277109,83,0.18703651428222656
randomization_robust,c,45,0.5421686746987951,83,0.21248531341552734
randomization_robust,c,46,0.5542168674698795,83,0.21248531341552734
randomization_robust,c,47,0.5662650602409639,83,0.21248531341552734
randomization_robust,6,48,0.5783132530120482,83,0.20924115180969238
randomization_robust,c,49,0.5903614457831325,83,0.21285629272460938
randomization_robust,(,50,0.6024096385542169,83,0.19737505912780762
randomization_robust,c,51,0.6144578313253012,83,0.18339180946350098
randomization_robust,5,52,0.6265060240963856,83,0.1947023868560791
randomization_robust,),53,0.6385542168674698,83,0.24706411361694336
randomization_robust,C,54,0.6506024096385542,83,0.25618553161621094
randomization_robust,(,55,0.6626506024096386,83,0.2610783576965332
randomization_robust,=,56,0.6746987951807228,83,0.2049567699432373
randomization_robust,O,57,0.6867469879518072,83,0.3781869411468506
randomization_robust,),58,0.6987951807228916,83,0.1875448226928711
randomization_robust,N,59,0.7108433734939759,83,0.1285233497619629
randomization_robust,(,60,0.7228915662650602,83,0.16509389877319336
randomization_robust,[*],61,0.7349397590361446,83,0.19251132011413574
randomization_robust,),62,0.7469879518072289,83,0.21856045722961426
randomization_robust,C,63,0.7590361445783133,83,0.22871971130371094
randomization_robust,6,64,0.7710843373493976,83,0.21027874946594238
randomization_robust,=,65,0.7831325301204819,83,0.14027905464172363
randomization_robust,O,66,0.7951807228915663,83,0.2947514057159424
randomization_robust,),67,0.8072289156626506,83,0.2549865245819092
randomization_robust,c,68,0.8192771084337349,83,0.22593069076538086
randomization_robust,c,69,0.8313253012048193,83,0.22593069076538086
randomization_robust,4,70,0.8433734939759037,83,0.20673465728759766
randomization_robust,C,71,0.8554216867469879,83,0.22130298614501953
randomization_robust,3,72,0.8674698795180723,83,0.19178152084350586
randomization_robust,=,73,0.8795180722891566,83,0.021505355834960938
randomization_robust,O,74,0.891566265060241,83,0.09705495834350586
randomization_robust,),75,0.9036144578313253,83,0.08854198455810547
randomization_robust,c,76,0.9156626506024096,83,0.0024538040161132812
randomization_robust,c,77,0.927710843373494,83,0.0024538040161132812
randomization_robust,2,78,0.9397590361445783,83,0.015691041946411133
randomization_robust,),79,0.9518072289156626,83,0.02734231948852539
randomization_robust,c,80,0.963855421686747,83,0.02113819122314453
randomization_robust,c,81,0.9759036144578314,83,0.02113819122314453
randomization_robust,1,82,0.9879518072289156,83,0.02834606170654297
randomization_robust,[*],0,0.0,66,0.06494498252868652
randomization_robust,c,1,0.015151515151515152,66,0.12391901016235352
randomization_robust,1,2,0.030303030303030304,66,0.11917924880981445
randomization_robust,c,3,0.045454545454545456,66,0.0828242301940918
randomization_robust,c,4,0.06060606060606061,66,0.0828242301940918
randomization_robust,c,5,0.07575757575757576,66,0.0828242301940918
randomization_robust,(,6,0.09090909090909091,66,0.07081222534179688
randomization_robust,-,7,0.10606060606060606,66,0.09328651428222656
randomization_robust,c,8,0.12121212121212122,66,0.06653618812561035
randomization_robust,2,9,0.13636363636363635,66,0.040544986724853516
randomization_robust,n,10,0.15151515151515152,66,0.024802207946777344
randomization_robust,c,11,0.16666666666666666,66,0.01404118537902832
randomization_robust,3,12,0.18181818181818182,66,0.017485380172729492
randomization_robust,c,13,0.19696969696969696,66,0.021528244018554688
randomization_robust,c,14,0.21212121212121213,66,0.021528244018554688
randomization_robust,(,15,0.22727272727272727,66,0.050079345703125
randomization_robust,-,16,0.24242424242424243,66,0.01753520965576172
randomization_robust,c,17,0.25757575757575757,66,0.03530073165893555
randomization_robust,4,18,0.2727272727272727,66,0.02057194709777832
randomization_robust,c,19,0.2878787878787879,66,0.012232542037963867
randomization_robust,c,20,0.30303030303030304,66,0.012232542037963867
randomization_robust,c,21,0.3181818181818182,66,0.012232542037963867
randomization_robust,5,22,0.3333333333333333,66,0.014690637588500977
randomization_robust,n,23,0.3484848484848485,66,0.10690069198608398
randomization_robust,c,24,0.36363636363636365,66,0.02149343490600586
randomization_robust,(,25,0.3787878787878788,66,0.0492706298828125
randomization_robust,[*],26,0.3939393939393939,66,0.0771632194519043
randomization_robust,),27,0.4090909090909091,66,0.07369756698608398
randomization_robust,c,28,0.42424242424242425,66,0.017626523971557617
randomization_robust,(,29,0.4393939393939394,66,0.023968935012817383
randomization_robust,-,30,0.45454545454545453,66,0.03591203689575195
randomization_robust,c,31,0.4696969696969697,66,0.015418767929077148
randomization_robust,6,32,0.48484848484848486,66,0.012179374694824219
randomization_robust,c,33,0.5,66,0.01900506019592285
randomization_robust,c,34,0.5151515151515151,66,0.01900506019592285
randomization_robust,c,35,0.5303030303030303,66,0.01900506019592285
randomization_robust,c,36,0.5454545454545454,66,0.01900506019592285
randomization_robust,c,37,0.5606060606060606,66,0.01900506019592285
randomization_robust,6,38,0.5757575757575758,66,0.018145322799682617
randomization_robust,),39,0.5909090909090909,66,0.04044342041015625
randomization_robust,n,40,0.6060606060606061,66,0.06075572967529297
randomization_robust,c,41,0.6212121212121212,66,0.0667109489440918
randomization_robust,5,42,0.6363636363636364,66,0.04157590866088867
randomization_robust,c,43,0.6515151515151515,66,0.018401384353637695
randomization_robust,4,44,0.6666666666666666,66,0.02063441276550293
randomization_robust,),45,0.6818181818181818,66,0.01231241226196289
randomization_robust,c,46,0.696969696969697,66,0.013473987579345703
randomization_robust,c,47,0.7121212121212122,66,0.013473987579345703
randomization_robust,c,48,0.7272727272727273,66,0.013473987579345703
randomization_robust,3,49,0.7424242424242424,66,0.03706836700439453
randomization_robust,n,50,0.7575757575757576,66,0.0331268310546875
randomization_robust,c,51,0.7727272727272727,66,0.0035283565521240234
randomization_robust,2,52,0.7878787878787878,66,0.020852088928222656
randomization_robust,-,53,0.803030303030303,66,0.011446952819824219
randomization_robust,c,54,0.8181818181818182,66,0.005059719085693359
randomization_robust,2,55,0.8333333333333334,66,0.010784626007080078
randomization_robust,c,56,0.8484848484848485,66,0.004941463470458984
randomization_robust,c,57,0.8636363636363636,66,0.004941463470458984
randomization_robust,c,58,0.8787878787878788,66,0.004941463470458984
randomization_robust,c,59,0.8939393939393939,66,0.004941463470458984
randomization_robust,c,60,0.9090909090909091,66,0.004941463470458984
randomization_robust,2,61,0.9242424242424242,66,0.013934135437011719
randomization_robust,),62,0.9393939393939394,66,0.030620336532592773
randomization_robust,c,63,0.9545454545454546,66,0.017923831939697266
randomization_robust,c,64,0.9696969696969697,66,0.017923831939697266
randomization_robust,1,65,0.9848484848484849,66,0.03237152099609375
mixed_robust,[*],0,0.0,23,0.1816401481628418
mixed_robust,C,1,0.043478260869565216,23,0.14973831176757812
mixed_robust,N,2,0.08695652173913043,23,0.29251670837402344
mixed_robust,C,3,0.13043478260869565,23,0.10818958282470703
mixed_robust,(,4,0.17391304347826086,23,0.1301431655883789
mixed_robust,=,5,0.21739130434782608,23,0.1655712127685547
mixed_robust,O,6,0.2608695652173913,23,0.02584075927734375
mixed_robust,),7,0.30434782608695654,23,0.11948442459106445
mixed_robust,C,8,0.34782608695652173,23,0.1424546241760254
mixed_robust,C,9,0.391304347826087,23,0.1424546241760254
mixed_robust,C,10,0.43478260869565216,23,0.1424546241760254
mixed_robust,C,11,0.4782608695652174,23,0.1424546241760254
mixed_robust,C,12,0.5217391304347826,23,0.1424546241760254
mixed_robust,C,13,0.5652173913043478,23,0.1424546241760254
mixed_robust,C,14,0.6086956521739131,23,0.1424546241760254
mixed_robust,C,15,0.6521739130434783,23,0.1424546241760254
mixed_robust,C,16,0.6956521739130435,23,0.1424546241760254
mixed_robust,(,17,0.7391304347826086,23,0.14211797714233398
mixed_robust,=,18,0.782608695652174,23,0.2817106246948242
mixed_robust,O,19,0.8260869565217391,23,0.15909910202026367
mixed_robust,),20,0.8695652173913043,23,0.05416250228881836
mixed_robust,N,21,0.9130434782608695,23,0.05601358413696289
mixed_robust,[*],22,0.9565217391304348,23,0.006485462188720703
mixed_robust,[*],0,0.0,59,0.5853509902954102
mixed_robust,O,1,0.01694915254237288,59,0.6529440879821777
mixed_robust,c,2,0.03389830508474576,59,0.3085951805114746
mixed_robust,1,3,0.05084745762711865,59,0.015694141387939453
mixed_robust,c,4,0.06779661016949153,59,0.056414127349853516
mixed_robust,c,5,0.0847457627118644,59,0.056414127349853516
mixed_robust,c,6,0.1016949152542373,59,0.056414127349853516
mixed_robust,(,7,0.11864406779661017,59,0.17001056671142578
mixed_robust,C,8,0.13559322033898305,59,0.16681241989135742
mixed_robust,C,9,0.15254237288135594,59,0.16681241989135742
mixed_robust,(,10,0.1694915254237288,59,0.26970481872558594
mixed_robust,N,11,0.1864406779661017,59,0.7455043792724609
mixed_robust,C,12,0.2033898305084746,59,0.12368392944335938
mixed_robust,(,13,0.22033898305084745,59,0.16898012161254883
mixed_robust,=,14,0.23728813559322035,59,0.008178234100341797
mixed_robust,O,15,0.2542372881355932,59,0.3862009048461914
mixed_robust,),16,0.2711864406779661,59,0.1853928565979004
mixed_robust,C,17,0.288135593220339,59,0.19027185440063477
mixed_robust,C,18,0.3050847457627119,59,0.19027185440063477
mixed_robust,c,19,0.3220338983050847,59,0.010805130004882812
mixed_robust,2,20,0.3389830508474576,59,0.010747909545898438
mixed_robust,c,21,0.3559322033898305,59,0.02406167984008789
mixed_robust,c,22,0.3728813559322034,59,0.02406167984008789
mixed_robust,c,23,0.3898305084745763,59,0.02406167984008789
mixed_robust,(,24,0.4067796610169492,59,0.1175694465637207
mixed_robust,O,25,0.423728813559322,59,0.2193002700805664
mixed_robust,C,26,0.4406779661016949,59,0.13012456893920898
mixed_robust,(,27,0.4576271186440678,59,0.1974496841430664
mixed_robust,=,28,0.4745762711864407,59,0.02083444595336914
mixed_robust,O,29,0.4915254237288136,59,0.3638124465942383
mixed_robust,),30,0.5084745762711864,59,0.2772064208984375
mixed_robust,C,31,0.5254237288135594,59,0.28070783615112305
mixed_robust,C,32,0.5423728813559322,59,0.28070783615112305
mixed_robust,C,33,0.559322033898305,59,0.28070783615112305
mixed_robust,C,34,0.576271186440678,59,0.28070783615112305
mixed_robust,C,35,0.5932203389830508,59,0.28070783615112305
mixed_robust,C,36,0.6101694915254238,59,0.28070783615112305
mixed_robust,C,37,0.6271186440677966,59,0.28070783615112305
mixed_robust,(,38,0.6440677966101694,59,0.24349308013916016
mixed_robust,[*],39,0.6610169491525424,59,0.19219541549682617
mixed_robust,),40,0.6779661016949152,59,0.16621875762939453
mixed_robust,=,41,0.6949152542372882,59,0.07385540008544922
mixed_robust,O,42,0.711864406779661,59,0.3600325584411621
mixed_robust,),43,0.7288135593220338,59,0.1730966567993164
mixed_robust,c,44,0.7457627118644068,59,0.09766149520874023
mixed_robust,c,45,0.7627118644067796,59,0.09766149520874023
mixed_robust,2,46,0.7796610169491526,59,0.07674074172973633
mixed_robust,),47,0.7966101694915254,59,0.11083412170410156
mixed_robust,C,48,0.8135593220338984,59,0.11330127716064453
mixed_robust,(,49,0.8305084745762712,59,0.1510028839111328
mixed_robust,=,50,0.847457627118644,59,0.016771316528320312
mixed_robust,O,51,0.864406779661017,59,0.13147926330566406
mixed_robust,),52,0.8813559322033898,59,0.08555936813354492
mixed_robust,O,53,0.8983050847457628,59,0.12264585494995117
mixed_robust,C,54,0.9152542372881356,59,0.015783309936523438
mixed_robust,),55,0.9322033898305084,59,0.0036954879760742188
mixed_robust,c,56,0.9491525423728814,59,0.09700679779052734
mixed_robust,c,57,0.9661016949152542,59,0.09700679779052734
mixed_robust,1,58,0.9830508474576272,59,0.028395652770996094
mixed_robust,[*],0,0.0,54,0.48233962059020996
mixed_robust,C,1,0.018518518518518517,54,0.5045197010040283
mixed_robust,C,2,0.037037037037037035,54,0.5045197010040283
mixed_robust,O,3,0.05555555555555555,54,0.4618346691131592
mixed_robust,C,4,0.07407407407407407,54,0.4941751956939697
mixed_robust,C,5,0.09259259259259259,54,0.4941751956939697
mixed_robust,O,6,0.1111111111111111,54,0.32263684272766113
mixed_robust,C,7,0.12962962962962962,54,0.3543236255645752
mixed_robust,C,8,0.14814814814814814,54,0.3543236255645752
mixed_robust,O,9,0.16666666666666666,54,0.2738330364227295
mixed_robust,c,10,0.18518518518518517,54,0.39568209648132324
mixed_robust,1,11,0.2037037037037037,54,0.44519782066345215
mixed_robust,c,12,0.2222222222222222,54,0.48496508598327637
mixed_robust,c,13,0.24074074074074073,54,0.48496508598327637
mixed_robust,c,14,0.25925925925925924,54,0.48496508598327637
mixed_robust,c,15,0.2777777777777778,54,0.48496508598327637
mixed_robust,(,16,0.2962962962962963,54,0.3467843532562256
mixed_robust,N,17,0.3148148148148148,54,0.36637425422668457
mixed_robust,C,18,0.3333333333333333,54,0.34943413734436035
mixed_robust,(,19,0.35185185185185186,54,0.36570143699645996
mixed_robust,=,20,0.37037037037037035,54,0.605705976486206
mixed_robust,O,21,0.3888888888888889,54,0.3563568592071533
mixed_robust,),22,0.4074074074074074,54,0.4362833499908447
mixed_robust,c,23,0.42592592592592593,54,0.388749361038208
mixed_robust,2,24,0.4444444444444444,54,0.3132045269012451
mixed_robust,c,25,0.46296296296296297,54,0.3267099857330322
mixed_robust,c,26,0.48148148148148145,54,0.3267099857330322
mixed_robust,c,27,0.5,54,0.3267099857330322
mixed_robust,c,28,0.5185185185185185,54,0.3267099857330322
mixed_robust,(,29,0.5370370370370371,54,0.178239107131958
mixed_robust,C,30,0.5555555555555556,54,0.22984647750854492
mixed_robust,(,31,0.5740740740740741,54,0.2271285057067871
mixed_robust,=,32,0.5925925925925926,54,0.43317389488220215
mixed_robust,O,33,0.6111111111111112,54,0.1605982780456543
mixed_robust,),34,0.6296296296296297,54,0.2139878273010254
mixed_robust,N,35,0.6481481481481481,54,0.25754308700561523
mixed_robust,c,36,0.6666666666666666,54,0.3382556438446045
mixed_robust,3,37,0.6851851851851852,54,0.41654515266418457
mixed_robust,c,38,0.7037037037037037,54,0.37024807929992676
mixed_robust,c,39,0.7222222222222222,54,0.37024807929992676
mixed_robust,c,40,0.7407407407407407,54,0.37024807929992676
mixed_robust,c,41,0.7592592592592593,54,0.37024807929992676
mixed_robust,(,42,0.7777777777777778,54,0.24091601371765137
mixed_robust,O,43,0.7962962962962963,54,0.17345094680786133
mixed_robust,[*],44,0.8148148148148148,54,0.20939135551452637
mixed_robust,),45,0.8333333333333334,54,0.22195959091186523
mixed_robust,c,46,0.8518518518518519,54,0.2807276248931885
mixed_robust,3,47,0.8703703703703703,54,0.28239870071411133
mixed_robust,),48,0.8888888888888888,54,0.1293628215789795
mixed_robust,c,49,0.9074074074074074,54,0.19880962371826172
mixed_robust,2,50,0.9259259259259259,54,0.166060209274292
mixed_robust,),51,0.9444444444444444,54,0.11371850967407227
mixed_robust,c,52,0.9629629629629629,54,0.16075634956359863
mixed_robust,1,53,0.9814814814814815,54,0.10211920738220215
mixed_robust,[*],0,0.0,29,0.17032527923583984
mixed_robust,C,1,0.034482758620689655,29,0.13473081588745117
mixed_robust,C,2,0.06896551724137931,29,0.13473081588745117
mixed_robust,1,3,0.10344827586206896,29,0.1407184600830078
mixed_robust,C,4,0.13793103448275862,29,0.07133913040161133
mixed_robust,C,5,0.1724137931034483,29,0.07133913040161133
mixed_robust,C,6,0.20689655172413793,29,0.07133913040161133
mixed_robust,(,7,0.2413793103448276,29,0.0941157341003418
mixed_robust,C,8,0.27586206896551724,29,0.03245210647583008
mixed_robust,O,9,0.3103448275862069,29,0.1219477653503418
mixed_robust,C,10,0.3448275862068966,29,0.11308479309082031
mixed_robust,(,11,0.3793103448275862,29,0.020065784454345703
mixed_robust,=,12,0.41379310344827586,29,0.08661937713623047
mixed_robust,O,13,0.4482758620689655,29,0.18106365203857422
mixed_robust,),14,0.4827586206896552,29,0.004797935485839844
mixed_robust,C,15,0.5172413793103449,29,0.02801799774169922
mixed_robust,C,16,0.5517241379310345,29,0.02801799774169922
mixed_robust,C,17,0.5862068965517241,29,0.02801799774169922
mixed_robust,C,18,0.6206896551724138,29,0.02801799774169922
mixed_robust,(,19,0.6551724137931034,29,0.07926130294799805
mixed_robust,=,20,0.6896551724137931,29,0.20203304290771484
mixed_robust,O,21,0.7241379310344828,29,0.08668375015258789
mixed_robust,),22,0.7586206896551724,29,0.000701904296875
mixed_robust,O,23,0.7931034482758621,29,0.05150318145751953
mixed_robust,[*],24,0.8275862068965517,29,0.016692161560058594
mixed_robust,),25,0.8620689655172413,29,0.004708766937255859
mixed_robust,C,26,0.896551724137931,29,0.008634090423583984
mixed_robust,C,27,0.9310344827586207,29,0.008634090423583984
mixed_robust,1,28,0.9655172413793104,29,0.11255693435668945
mixed_robust,[*],0,0.0,32,0.7144482135772705
mixed_robust,C,1,0.03125,32,0.8293006420135498
mixed_robust,(,2,0.0625,32,0.7674210071563721
mixed_robust,C,3,0.09375,32,0.5634951591491699
mixed_robust,=,4,0.125,32,0.07844734191894531
mixed_robust,C,5,0.15625,32,0.3836994171142578
mixed_robust,1,6,0.1875,32,0.3732929229736328
mixed_robust,),7,0.21875,32,0.2251286506652832
mixed_robust,=,8,0.25,32,0.0874476432800293
mixed_robust,C,9,0.28125,32,0.2878427505493164
mixed_robust,C,10,0.3125,32,0.2878427505493164
mixed_robust,=,11,0.34375,32,0.1749875545501709
mixed_robust,C,12,0.375,32,0.3362298011779785
mixed_robust,1,13,0.40625,32,0.24553632736206055
mixed_robust,C,14,0.4375,32,0.15253639221191406
mixed_robust,(,15,0.46875,32,0.19926691055297852
mixed_robust,=,16,0.5,32,0.483776330947876
mixed_robust,S,17,0.53125,32,0.09227705001831055
mixed_robust,),18,0.5625,32,0.08534574508666992
mixed_robust,C,19,0.59375,32,0.3146638870239258
mixed_robust,(,20,0.625,32,0.23436856269836426
mixed_robust,S,21,0.65625,32,0.0907137393951416
mixed_robust,2,22,0.6875,32,0.017963886260986328
mixed_robust,),23,0.71875,32,0.11455059051513672
mixed_robust,=,24,0.75,32,0.21279001235961914
mixed_robust,C,25,0.78125,32,0.18569707870483398
mixed_robust,C,26,0.8125,32,0.18569707870483398
mixed_robust,=,27,0.84375,32,0.23944425582885742
mixed_robust,C,28,0.875,32,0.14832401275634766
mixed_robust,2,29,0.90625,32,0.07948875427246094
mixed_robust,O,30,0.9375,32,0.3183314800262451
mixed_robust,[*],31,0.96875,32,0.02360677719116211
mixed_robust,[*],0,0.0,66,0.500744104385376
mixed_robust,C,1,0.015151515151515152,66,0.4633636474609375
mixed_robust,(,2,0.030303030303030304,66,0.4829063415527344
mixed_robust,=,3,0.045454545454545456,66,0.18982434272766113
mixed_robust,O,4,0.06060606060606061,66,0.44551944732666016
mixed_robust,),5,0.07575757575757576,66,0.36316871643066406
mixed_robust,N,6,0.09090909090909091,66,0.4718155860900879
mixed_robust,c,7,0.10606060606060606,66,0.452441930770874
mixed_robust,1,8,0.12121212121212122,66,0.40437769889831543
mixed_robust,c,9,0.13636363636363635,66,0.43307042121887207
mixed_robust,c,10,0.15151515151515152,66,0.43307042121887207
mixed_robust,c,11,0.16666666666666666,66,0.43307042121887207
mixed_robust,c,12,0.18181818181818182,66,0.43307042121887207
mixed_robust,(,13,0.19696969696969696,66,0.4149327278137207
mixed_robust,N,14,0.21212121212121213,66,0.42333054542541504
mixed_robust,C,15,0.22727272727272727,66,0.32614994049072266
mixed_robust,(,16,0.24242424242424243,66,0.28830409049987793
mixed_robust,=,17,0.25757575757575757,66,0.09039831161499023
mixed_robust,O,18,0.2727272727272727,66,0.17203140258789062
mixed_robust,),19,0.2878787878787879,66,0.14667558670043945
mixed_robust,c,20,0.30303030303030304,66,0.1647017002105713
mixed_robust,2,21,0.3181818181818182,66,0.1637120246887207
mixed_robust,c,22,0.3333333333333333,66,0.21976900100708008
mixed_robust,c,23,0.3484848484848485,66,0.21976900100708008
mixed_robust,c,24,0.36363636363636365,66,0.21976900100708008
mixed_robust,3,25,0.3787878787878788,66,0.15837502479553223
mixed_robust,[nH],26,0.3939393939393939,66,0.16552400588989258
mixed_robust,c,27,0.4090909090909091,66,0.14831089973449707
mixed_robust,(,28,0.42424242424242425,66,0.16265416145324707
mixed_robust,-,29,0.4393939393939394,66,0.1416459083557129
mixed_robust,c,30,0.45454545454545453,66,0.1413412094116211
mixed_robust,4,31,0.4696969696969697,66,0.11629056930541992
mixed_robust,c,32,0.48484848484848486,66,0.1386277675628662
mixed_robust,c,33,0.5,66,0.1386277675628662
mixed_robust,c,34,0.5151515151515151,66,0.1386277675628662
mixed_robust,c,35,0.5303030303030303,66,0.1386277675628662
mixed_robust,(,36,0.5454545454545454,66,0.13163375854492188
mixed_robust,-,37,0.5606060606060606,66,0.1257162094116211
mixed_robust,c,38,0.5757575757575758,66,0.1320805549621582
mixed_robust,5,39,0.5909090909090909,66,0.09294509887695312
mixed_robust,n,40,0.6060606060606061,66,0.13239049911499023
mixed_robust,c,41,0.6212121212121212,66,0.11505365371704102
mixed_robust,6,42,0.6363636363636364,66,0.1256256103515625
mixed_robust,c,43,0.6515151515151515,66,0.09487128257751465
mixed_robust,c,44,0.6666666666666666,66,0.09487128257751465
mixed_robust,(,45,0.6818181818181818,66,0.07822585105895996
mixed_robust,[*],46,0.696969696969697,66,0.09354543685913086
mixed_robust,),47,0.7121212121212122,66,0.06975126266479492
mixed_robust,c,48,0.7272727272727273,66,0.056705474853515625
mixed_robust,c,49,0.7424242424242424,66,0.056705474853515625
mixed_robust,c,50,0.7575757575757576,66,0.056705474853515625
mixed_robust,6,51,0.7727272727272727,66,0.046431541442871094
mixed_robust,[nH],52,0.7878787878787878,66,0.05984687805175781
mixed_robust,5,53,0.803030303030303,66,0.025807857513427734
mixed_robust,),54,0.8181818181818182,66,0.009892463684082031
mixed_robust,c,55,0.8333333333333334,66,0.017077922821044922
mixed_robust,4,56,0.8484848484848485,66,0.013466835021972656
mixed_robust,),57,0.8636363636363636,66,0.044066429138183594
mixed_robust,n,58,0.8787878787878788,66,0.03187894821166992
mixed_robust,c,59,0.8939393939393939,66,0.020972251892089844
mixed_robust,3,60,0.9090909090909091,66,0.011270284652709961
mixed_robust,c,61,0.9242424242424242,66,0.03547477722167969
mixed_robust,2,62,0.9393939393939394,66,0.011888742446899414
mixed_robust,),63,0.9545454545454546,66,0.03399038314819336
mixed_robust,n,64,0.9696969696969697,66,0.0010480880737304688
mixed_robust,1,65,0.9848484848484849,66,0.011153221130371094
mixed_robust,[*],0,0.0,36,0.12291526794433594
mixed_robust,O,1,0.027777777777777776,36,0.22833681106567383
mixed_robust,c,2,0.05555555555555555,36,0.25208520889282227
mixed_robust,1,3,0.08333333333333333,36,0.21697425842285156
mixed_robust,c,4,0.1111111111111111,36,0.2788863182067871
mixed_robust,(,5,0.1388888888888889,36,0.16338396072387695
mixed_robust,Cl,6,0.16666666666666666,36,0.10447931289672852
mixed_robust,),7,0.19444444444444445,36,0.12289857864379883
mixed_robust,c,8,0.2222222222222222,36,0.21627426147460938
mixed_robust,c,9,0.25,36,0.21627426147460938
mixed_robust,(,10,0.2777777777777778,36,0.07564830780029297
mixed_robust,N,11,0.3055555555555556,36,0.0793309211730957
mixed_robust,C,12,0.3333333333333333,36,0.06163501739501953
mixed_robust,(,13,0.3611111111111111,36,0.035207271575927734
mixed_robust,=,14,0.3888888888888889,36,0.09933090209960938
mixed_robust,O,15,0.4166666666666667,36,0.055231571197509766
mixed_robust,),16,0.4444444444444444,36,0.09405851364135742
mixed_robust,N,17,0.4722222222222222,36,0.0508885383605957
mixed_robust,C,18,0.5,36,0.1107487678527832
mixed_robust,C,19,0.5277777777777778,36,0.1107487678527832
mixed_robust,C,20,0.5555555555555556,36,0.1107487678527832
mixed_robust,C,21,0.5833333333333334,36,0.1107487678527832
mixed_robust,C,22,0.6111111111111112,36,0.1107487678527832
mixed_robust,C,23,0.6388888888888888,36,0.1107487678527832
mixed_robust,N,24,0.6666666666666666,36,0.1599869728088379
mixed_robust,C,25,0.6944444444444444,36,0.1415996551513672
mixed_robust,(,26,0.7222222222222222,36,0.14282941818237305
mixed_robust,[*],27,0.75,36,0.16970586776733398
mixed_robust,),28,0.7777777777777778,36,0.16588687896728516
mixed_robust,=,29,0.8055555555555556,36,0.09893274307250977
mixed_robust,O,30,0.8333333333333334,36,0.08638525009155273
mixed_robust,),31,0.8611111111111112,36,0.0670018196105957
mixed_robust,c,32,0.8888888888888888,36,0.13567113876342773
mixed_robust,c,33,0.9166666666666666,36,0.13567113876342773
mixed_robust,1,34,0.9444444444444444,36,0.012468338012695312
mixed_robust,Cl,35,0.9722222222222222,36,0.05312490463256836
mixed_robust,[*],0,0.0,38,0.5649003982543945
mixed_robust,C,1,0.02631578947368421,38,0.42122888565063477
mixed_robust,C,2,0.05263157894736842,38,0.42122888565063477
mixed_robust,C,3,0.07894736842105263,38,0.42122888565063477
mixed_robust,O,4,0.10526315789473684,38,0.7228319644927979
mixed_robust,C,5,0.13157894736842105,38,0.637505292892456
mixed_robust,(,6,0.15789473684210525,38,0.8366312980651855
mixed_robust,=,7,0.18421052631578946,38,0.32177257537841797
mixed_robust,O,8,0.21052631578947367,38,0.7246749401092529
mixed_robust,),9,0.23684210526315788,38,0.6403043270111084
mixed_robust,c,10,0.2631578947368421,38,0.557565450668335
mixed_robust,1,11,0.2894736842105263,38,0.5359377861022949
mixed_robust,c,12,0.3157894736842105,38,0.4952666759490967
mixed_robust,c,13,0.34210526315789475,38,0.4952666759490967
mixed_robust,c,14,0.3684210526315789,38,0.4952666759490967
mixed_robust,c,15,0.39473684210526316,38,0.4952666759490967
mixed_robust,(,16,0.42105263157894735,38,0.6732041835784912
mixed_robust,-,17,0.4473684210526316,38,0.5912160873413086
mixed_robust,c,18,0.47368421052631576,38,0.5680594444274902
mixed_robust,2,19,0.5,38,0.5656967163085938
mixed_robust,c,20,0.5263157894736842,38,0.34366893768310547
mixed_robust,c,21,0.5526315789473685,38,0.34366893768310547
mixed_robust,c,22,0.5789473684210527,38,0.34366893768310547
mixed_robust,c,23,0.6052631578947368,38,0.34366893768310547
mixed_robust,(,24,0.631578947368421,38,0.42098569869995117
mixed_robust,C,25,0.6578947368421053,38,0.2761397361755371
mixed_robust,(,26,0.6842105263157895,38,0.3574647903442383
mixed_robust,=,27,0.7105263157894737,38,0.0383601188659668
mixed_robust,O,28,0.7368421052631579,38,0.5385046005249023
mixed_robust,),29,0.7631578947368421,38,0.2754199504852295
mixed_robust,O,30,0.7894736842105263,38,0.3979959487915039
mixed_robust,[*],31,0.8157894736842105,38,0.09255027770996094
mixed_robust,),32,0.8421052631578947,38,0.21676111221313477
mixed_robust,c,33,0.868421052631579,38,0.08474254608154297
mixed_robust,2,34,0.8947368421052632,38,0.006310462951660156
mixed_robust,),35,0.9210526315789473,38,0.1456146240234375
mixed_robust,c,36,0.9473684210526315,38,0.09116268157958984
mixed_robust,1,37,0.9736842105263158,38,0.03583478927612305
mixed_robust,[*],0,0.0,20,1.8884599208831787
mixed_robust,C,1,0.05,20,2.180058479309082
mixed_robust,=,2,0.1,20,3.1624584197998047
mixed_robust,C,3,0.15,20,1.0026752948760986
mixed_robust,(,4,0.2,20,0.750929594039917
mixed_robust,[*],5,0.25,20,0.5849816799163818
mixed_robust,),6,0.3,20,0.12741661071777344
mixed_robust,c,7,0.35,20,0.008068084716796875
mixed_robust,1,8,0.4,20,0.10909867286682129
mixed_robust,c,9,0.45,20,0.12696266174316406
mixed_robust,c,10,0.5,20,0.12696266174316406
mixed_robust,c,11,0.55,20,0.12696266174316406
mixed_robust,c,12,0.6,20,0.12696266174316406
mixed_robust,(,13,0.65,20,0.10700583457946777
mixed_robust,C,14,0.7,20,0.04061245918273926
mixed_robust,#,15,0.75,20,0.2721850872039795
mixed_robust,C,16,0.8,20,0.02128314971923828
mixed_robust,),17,0.85,20,0.11718082427978516
mixed_robust,c,18,0.9,20,0.036928653717041016
mixed_robust,1,19,0.95,20,0.024127483367919922
mixed_robust,[*],0,0.0,47,0.3621864318847656
mixed_robust,C,1,0.02127659574468085,47,0.18421673774719238
mixed_robust,C,2,0.0425531914893617,47,0.18421673774719238
mixed_robust,C,3,0.06382978723404255,47,0.18421673774719238
mixed_robust,C,4,0.0851063829787234,47,0.18421673774719238
mixed_robust,C,5,0.10638297872340426,47,0.18421673774719238
mixed_robust,C,6,0.1276595744680851,47,0.18421673774719238
mixed_robust,C,7,0.14893617021276595,47,0.18421673774719238
mixed_robust,C,8,0.1702127659574468,47,0.18421673774719238
mixed_robust,C,9,0.19148936170212766,47,0.18421673774719238
mixed_robust,C,10,0.2127659574468085,47,0.18421673774719238
mixed_robust,O,11,0.23404255319148937,47,0.2973504066467285
mixed_robust,C,12,0.2553191489361702,47,0.07434773445129395
mixed_robust,(,13,0.2765957446808511,47,0.0008609294891357422
mixed_robust,=,14,0.2978723404255319,47,0.18817615509033203
mixed_robust,O,15,0.3191489361702128,47,0.12227535247802734
mixed_robust,),16,0.3404255319148936,47,0.17331552505493164
mixed_robust,c,17,0.3617021276595745,47,0.031110286712646484
mixed_robust,1,18,0.3829787234042553,47,0.03437924385070801
mixed_robust,c,19,0.40425531914893614,47,0.07794952392578125
mixed_robust,c,20,0.425531914893617,47,0.07794952392578125
mixed_robust,c,21,0.44680851063829785,47,0.07794952392578125
mixed_robust,(,22,0.46808510638297873,47,0.19244122505187988
mixed_robust,C,23,0.48936170212765956,47,0.07046318054199219
mixed_robust,=,24,0.5106382978723404,47,0.2848081588745117
mixed_robust,C,25,0.5319148936170213,47,0.2281937599182129
mixed_robust,c,26,0.5531914893617021,47,0.21829509735107422
mixed_robust,2,27,0.574468085106383,47,0.2127976417541504
mixed_robust,c,28,0.5957446808510638,47,0.22565507888793945
mixed_robust,c,29,0.6170212765957447,47,0.22565507888793945
mixed_robust,c,30,0.6382978723404256,47,0.22565507888793945
mixed_robust,(,31,0.6595744680851063,47,0.09713459014892578
mixed_robust,C,32,0.6808510638297872,47,0.17542695999145508
mixed_robust,(,33,0.7021276595744681,47,0.12041211128234863
mixed_robust,=,34,0.723404255319149,47,0.39408397674560547
mixed_robust,O,35,0.7446808510638298,47,0.09943628311157227
mixed_robust,),36,0.7659574468085106,47,0.31304931640625
mixed_robust,O,37,0.7872340425531915,47,0.05269002914428711
mixed_robust,[*],38,0.8085106382978723,47,0.2129974365234375
mixed_robust,),39,0.8297872340425532,47,0.22426414489746094
mixed_robust,c,40,0.851063829787234,47,0.20615291595458984
mixed_robust,c,41,0.8723404255319149,47,0.20615291595458984
mixed_robust,2,42,0.8936170212765957,47,0.03993082046508789
mixed_robust,),43,0.9148936170212766,47,0.13818955421447754
mixed_robust,c,44,0.9361702127659575,47,0.0391840934753418
mixed_robust,c,45,0.9574468085106383,47,0.0391840934753418
mixed_robust,1,46,0.9787234042553191,47,0.02489495277404785
mixed_robust,[*],0,0.0,71,0.3009757995605469
mixed_robust,c,1,0.014084507042253521,71,0.266510009765625
mixed_robust,1,2,0.028169014084507043,71,0.23946619033813477
mixed_robust,c,3,0.04225352112676056,71,0.24787116050720215
mixed_robust,c,4,0.056338028169014086,71,0.24787116050720215
mixed_robust,c,5,0.07042253521126761,71,0.24787116050720215
mixed_robust,c,6,0.08450704225352113,71,0.24787116050720215
mixed_robust,(,7,0.09859154929577464,71,0.2251272201538086
mixed_robust,N,8,0.11267605633802817,71,0.4149613380432129
mixed_robust,2,9,0.1267605633802817,71,0.11292314529418945
mixed_robust,C,10,0.14084507042253522,71,0.20845699310302734
mixed_robust,(,11,0.15492957746478872,71,0.22302627563476562
mixed_robust,=,12,0.16901408450704225,71,0.011782646179199219
mixed_robust,O,13,0.18309859154929578,71,0.13062715530395508
mixed_robust,),14,0.19718309859154928,71,0.10446548461914062
mixed_robust,c,15,0.2112676056338028,71,0.06978940963745117
mixed_robust,3,16,0.22535211267605634,71,0.04264044761657715
mixed_robust,c,17,0.23943661971830985,71,0.08977746963500977
mixed_robust,c,18,0.2535211267605634,71,0.08977746963500977
mixed_robust,c,19,0.2676056338028169,71,0.08977746963500977
mixed_robust,(,20,0.28169014084507044,71,0.11323165893554688
mixed_robust,P,21,0.29577464788732394,71,0.181732177734375
mixed_robust,(,22,0.30985915492957744,71,0.013031005859375
mixed_robust,=,23,0.323943661971831,71,0.14091110229492188
mixed_robust,O,24,0.3380281690140845,71,0.044384002685546875
mixed_robust,),25,0.352112676056338,71,0.022495508193969727
mixed_robust,(,26,0.36619718309859156,71,0.023100852966308594
mixed_robust,c,27,0.38028169014084506,71,0.021167278289794922
mixed_robust,4,28,0.39436619718309857,71,0.015505313873291016
mixed_robust,c,29,0.4084507042253521,71,0.03417634963989258
mixed_robust,c,30,0.4225352112676056,71,0.03417634963989258
mixed_robust,c,31,0.43661971830985913,71,0.03417634963989258
mixed_robust,c,32,0.4507042253521127,71,0.03417634963989258
mixed_robust,c,33,0.4647887323943662,71,0.03417634963989258
mixed_robust,4,34,0.4788732394366197,71,0.009818792343139648
mixed_robust,),35,0.49295774647887325,71,0.002655506134033203
mixed_robust,c,36,0.5070422535211268,71,0.007676601409912109
mixed_robust,4,37,0.5211267605633803,71,0.02572917938232422
mixed_robust,c,38,0.5352112676056338,71,0.0024509429931640625
mixed_robust,c,39,0.5492957746478874,71,0.0024509429931640625
mixed_robust,c,40,0.5633802816901409,71,0.0024509429931640625
mixed_robust,5,41,0.5774647887323944,71,0.003484010696411133
mixed_robust,c,42,0.5915492957746479,71,0.022775650024414062
mixed_robust,(,43,0.6056338028169014,71,0.03713512420654297
mixed_robust,c,44,0.6197183098591549,71,0.05120849609375
mixed_robust,4,45,0.6338028169014085,71,0.08480596542358398
mixed_robust,),46,0.647887323943662,71,0.10704469680786133
mixed_robust,C,47,0.6619718309859155,71,0.13475394248962402
mixed_robust,(,48,0.676056338028169,71,0.13519954681396484
mixed_robust,=,49,0.6901408450704225,71,0.2208080291748047
mixed_robust,O,50,0.704225352112676,71,0.0026977062225341797
mixed_robust,),51,0.7183098591549296,71,0.042104244232177734
mixed_robust,N,52,0.7323943661971831,71,0.0674886703491211
mixed_robust,(,53,0.7464788732394366,71,0.014014244079589844
mixed_robust,[*],54,0.7605633802816901,71,0.0003952980041503906
mixed_robust,),55,0.7746478873239436,71,0.01646137237548828
mixed_robust,C,56,0.7887323943661971,71,0.04391074180603027
mixed_robust,5,57,0.8028169014084507,71,0.08777451515197754
mixed_robust,=,58,0.8169014084507042,71,0.18894076347351074
mixed_robust,O,59,0.8309859154929577,71,0.09752821922302246
mixed_robust,),60,0.8450704225352113,71,0.044547080993652344
mixed_robust,c,61,0.8591549295774648,71,0.027633190155029297
mixed_robust,c,62,0.8732394366197183,71,0.027633190155029297
mixed_robust,3,63,0.8873239436619719,71,0.019043684005737305
mixed_robust,C,64,0.9014084507042254,71,0.049439430236816406
mixed_robust,2,65,0.9154929577464789,71,0.01843881607055664
mixed_robust,=,66,0.9295774647887324,71,0.09337854385375977
mixed_robust,O,67,0.9436619718309859,71,0.05971574783325195
mixed_robust,),68,0.9577464788732394,71,0.03793525695800781
mixed_robust,c,69,0.971830985915493,71,0.05091071128845215
mixed_robust,1,70,0.9859154929577465,71,0.06219959259033203
mixed_robust,[*],0,0.0,22,0.2407684326171875
mixed_robust,c,1,0.045454545454545456,22,0.4492952823638916
mixed_robust,1,2,0.09090909090909091,22,0.3839235305786133
mixed_robust,c,3,0.13636363636363635,22,0.1789717674255371
mixed_robust,c,4,0.18181818181818182,22,0.1789717674255371
mixed_robust,c,5,0.22727272727272727,22,0.1789717674255371
mixed_robust,c,6,0.2727272727272727,22,0.1789717674255371
mixed_robust,(,7,0.3181818181818182,22,0.18750762939453125
mixed_robust,-,8,0.36363636363636365,22,0.25777554512023926
mixed_robust,c,9,0.4090909090909091,22,0.22176599502563477
mixed_robust,2,10,0.45454545454545453,22,0.15155792236328125
mixed_robust,n,11,0.5,22,0.30605649948120117
mixed_robust,n,12,0.5454545454545454,22,0.30605649948120117
mixed_robust,c,13,0.5909090909090909,22,0.3065462112426758
mixed_robust,(,14,0.6363636363636364,22,0.14493989944458008
mixed_robust,[*],15,0.6818181818181818,22,0.20208096504211426
mixed_robust,),16,0.7272727272727273,22,0.3378896713256836
mixed_robust,o,17,0.7727272727272727,22,0.513178825378418
mixed_robust,2,18,0.8181818181818182,22,0.08059406280517578
mixed_robust,),19,0.8636363636363636,22,0.00368499755859375
mixed_robust,c,20,0.9090909090909091,22,0.02232193946838379
mixed_robust,1,21,0.9545454545454546,22,0.030551910400390625
mixed_robust,[*],0,0.0,39,0.07326936721801758
mixed_robust,C,1,0.02564102564102564,39,0.09538507461547852
mixed_robust,C,2,0.05128205128205128,39,0.09538507461547852
mixed_robust,C,3,0.07692307692307693,39,0.09538507461547852
mixed_robust,C,4,0.10256410256410256,39,0.09538507461547852
mixed_robust,C,5,0.1282051282051282,39,0.09538507461547852
mixed_robust,C,6,0.15384615384615385,39,0.09538507461547852
mixed_robust,C,7,0.1794871794871795,39,0.09538507461547852
mixed_robust,N,8,0.20512820512820512,39,0.02273845672607422
mixed_robust,C,9,0.23076923076923078,39,0.09983158111572266
mixed_robust,(,10,0.2564102564102564,39,0.0967397689819336
mixed_robust,=,11,0.28205128205128205,39,0.06907176971435547
mixed_robust,O,12,0.3076923076923077,39,0.3136258125305176
mixed_robust,),13,0.3333333333333333,39,0.01791667938232422
mixed_robust,C,14,0.358974358974359,39,0.035125732421875
mixed_robust,C,15,0.38461538461538464,39,0.035125732421875
mixed_robust,C,16,0.41025641025641024,39,0.035125732421875
mixed_robust,C,17,0.4358974358974359,39,0.035125732421875
mixed_robust,C,18,0.46153846153846156,39,0.035125732421875
mixed_robust,C,19,0.48717948717948717,39,0.035125732421875
mixed_robust,C,20,0.5128205128205128,39,0.035125732421875
mixed_robust,C,21,0.5384615384615384,39,0.035125732421875
mixed_robust,C,22,0.5641025641025641,39,0.035125732421875
mixed_robust,C,23,0.5897435897435898,39,0.035125732421875
mixed_robust,C,24,0.6153846153846154,39,0.035125732421875
mixed_robust,C,25,0.6410256410256411,39,0.035125732421875
mixed_robust,C,26,0.6666666666666666,39,0.035125732421875
mixed_robust,C,27,0.6923076923076923,39,0.035125732421875
mixed_robust,C,28,0.717948717948718,39,0.035125732421875
mixed_robust,C,29,0.7435897435897436,39,0.035125732421875
mixed_robust,C,30,0.7692307692307693,39,0.035125732421875
mixed_robust,C,31,0.7948717948717948,39,0.035125732421875
mixed_robust,C,32,0.8205128205128205,39,0.035125732421875
mixed_robust,(,33,0.8461538461538461,39,0.028603553771972656
mixed_robust,=,34,0.8717948717948718,39,0.0619664192199707
mixed_robust,O,35,0.8974358974358975,39,0.07203102111816406
mixed_robust,),36,0.9230769230769231,39,0.1289834976196289
mixed_robust,N,37,0.9487179487179487,39,0.07219648361206055
mixed_robust,[*],38,0.9743589743589743,39,0.0018377304077148438
mixed_robust,[*],0,0.0,23,0.028295040130615234
mixed_robust,C,1,0.043478260869565216,23,0.022191524505615234
mixed_robust,C,2,0.08695652173913043,23,0.022191524505615234
mixed_robust,(,3,0.13043478260869565,23,0.01845407485961914
mixed_robust,O,4,0.17391304347826086,23,0.3101382255554199
mixed_robust,[*],5,0.21739130434782608,23,0.41590166091918945
mixed_robust,),6,0.2608695652173913,23,0.31266164779663086
mixed_robust,C,7,0.30434782608695654,23,0.5342106819152832
mixed_robust,1,8,0.34782608695652173,23,0.19399023056030273
mixed_robust,C,9,0.391304347826087,23,0.6406359672546387
mixed_robust,C,10,0.43478260869565216,23,0.6406359672546387
mixed_robust,(,11,0.4782608695652174,23,0.38811540603637695
mixed_robust,F,12,0.5217391304347826,23,0.21317529678344727
mixed_robust,),13,0.5652173913043478,23,0.32808637619018555
mixed_robust,(,14,0.6086956521739131,23,0.1617588996887207
mixed_robust,F,15,0.6521739130434783,23,0.12537336349487305
mixed_robust,),16,0.6956521739130435,23,0.09356403350830078
mixed_robust,C,17,0.7391304347826086,23,0.641746997833252
mixed_robust,1,18,0.782608695652174,23,0.3537917137145996
mixed_robust,(,19,0.8260869565217391,23,0.2528519630432129
mixed_robust,F,20,0.8695652173913043,23,0.03885793685913086
mixed_robust,),21,0.9130434782608695,23,0.11937284469604492
mixed_robust,F,22,0.9565217391304348,23,0.23575735092163086
mixed_robust,[*],0,0.0,71,0.45641160011291504
mixed_robust,c,1,0.014084507042253521,71,0.5165543556213379
mixed_robust,1,2,0.028169014084507043,71,0.5342535972595215
mixed_robust,c,3,0.04225352112676056,71,0.4856548309326172
mixed_robust,c,4,0.056338028169014086,71,0.4856548309326172
mixed_robust,c,5,0.07042253521126761,71,0.4856548309326172
mixed_robust,(,6,0.08450704225352113,71,0.48249053955078125
mixed_robust,N,7,0.09859154929577464,71,0.45867037773132324
mixed_robust,2,8,0.11267605633802817,71,0.5637593269348145
mixed_robust,C,9,0.1267605633802817,71,0.448885440826416
mixed_robust,(,10,0.14084507042253522,71,0.41663360595703125
mixed_robust,=,11,0.15492957746478872,71,0.6167392730712891
mixed_robust,O,12,0.16901408450704225,71,0.2043476104736328
mixed_robust,),13,0.18309859154929578,71,0.2286992073059082
mixed_robust,c,14,0.19718309859154928,71,0.21765661239624023
mixed_robust,3,15,0.2112676056338028,71,0.27451372146606445
mixed_robust,c,16,0.22535211267605634,71,0.20398569107055664
mixed_robust,c,17,0.23943661971830985,71,0.20398569107055664
mixed_robust,c,18,0.2535211267605634,71,0.20398569107055664
mixed_robust,(,19,0.2676056338028169,71,0.20078182220458984
mixed_robust,P,20,0.28169014084507044,71,0.2702503204345703
mixed_robust,(,21,0.29577464788732394,71,0.17623090744018555
mixed_robust,=,22,0.30985915492957744,71,0.05178380012512207
mixed_robust,O,23,0.323943661971831,71,0.19914555549621582
mixed_robust,),24,0.3380281690140845,71,0.1275029182434082
mixed_robust,(,25,0.352112676056338,71,0.16666412353515625
mixed_robust,c,26,0.36619718309859156,71,0.1581265926361084
mixed_robust,4,27,0.38028169014084506,71,0.11947941780090332
mixed_robust,c,28,0.39436619718309857,71,0.1275181770324707
mixed_robust,c,29,0.4084507042253521,71,0.1275181770324707
mixed_robust,c,30,0.4225352112676056,71,0.1275181770324707
mixed_robust,c,31,0.43661971830985913,71,0.1275181770324707
mixed_robust,c,32,0.4507042253521127,71,0.1275181770324707
mixed_robust,4,33,0.4647887323943662,71,0.10236930847167969
mixed_robust,),34,0.4788732394366197,71,0.18418407440185547
mixed_robust,c,35,0.49295774647887325,71,0.16745257377624512
mixed_robust,4,36,0.5070422535211268,71,0.13814377784729004
mixed_robust,c,37,0.5211267605633803,71,0.18060016632080078
mixed_robust,c,38,0.5352112676056338,71,0.18060016632080078
mixed_robust,c,39,0.5492957746478874,71,0.18060016632080078
mixed_robust,5,40,0.5633802816901409,71,0.1601855754852295
mixed_robust,c,41,0.5774647887323944,71,0.15450286865234375
mixed_robust,(,42,0.5915492957746479,71,0.17899513244628906
mixed_robust,c,43,0.6056338028169014,71,0.10830354690551758
mixed_robust,4,44,0.6197183098591549,71,0.10346627235412598
mixed_robust,),45,0.6338028169014085,71,0.14273381233215332
mixed_robust,C,46,0.647887323943662,71,0.13500642776489258
mixed_robust,(,47,0.6619718309859155,71,0.13895201683044434
mixed_robust,=,48,0.676056338028169,71,0.02684164047241211
mixed_robust,O,49,0.6901408450704225,71,0.13206720352172852
mixed_robust,),50,0.704225352112676,71,0.10474824905395508
mixed_robust,N,51,0.7183098591549296,71,0.09828996658325195
mixed_robust,(,52,0.7323943661971831,71,0.11126518249511719
mixed_robust,[*],53,0.7464788732394366,71,0.052625417709350586
mixed_robust,),54,0.7605633802816901,71,0.06612443923950195
mixed_robust,C,55,0.7746478873239436,71,0.09553313255310059
mixed_robust,5,56,0.7887323943661971,71,0.10191154479980469
mixed_robust,=,57,0.8028169014084507,71,0.011603116989135742
mixed_robust,O,58,0.8169014084507042,71,0.045588016510009766
mixed_robust,),59,0.8309859154929577,71,0.07337784767150879
mixed_robust,c,60,0.8450704225352113,71,0.06223726272583008
mixed_robust,c,61,0.8591549295774648,71,0.06223726272583008
mixed_robust,3,62,0.8732394366197183,71,0.037671804428100586
mixed_robust,C,63,0.8873239436619719,71,0.0018186569213867188
mixed_robust,2,64,0.9014084507042254,71,0.08417105674743652
mixed_robust,=,65,0.9154929577464789,71,0.14632797241210938
mixed_robust,O,66,0.9295774647887324,71,0.014863014221191406
mixed_robust,),67,0.9436619718309859,71,0.01990675926208496
mixed_robust,c,68,0.9577464788732394,71,0.021268129348754883
mixed_robust,c,69,0.971830985915493,71,0.021268129348754883
mixed_robust,1,70,0.9859154929577465,71,0.061672210693359375
mixed_robust,[*],0,0.0,36,0.2838401794433594
mixed_robust,C,1,0.027777777777777776,36,0.2698178291320801
mixed_robust,C,2,0.05555555555555555,36,0.2698178291320801
mixed_robust,1,3,0.08333333333333333,36,0.25359058380126953
mixed_robust,C,4,0.1111111111111111,36,0.20310592651367188
mixed_robust,C,5,0.1388888888888889,36,0.20310592651367188
mixed_robust,C,6,0.16666666666666666,36,0.20310592651367188
mixed_robust,C,7,0.19444444444444445,36,0.20310592651367188
mixed_robust,(,8,0.2222222222222222,36,0.1715073585510254
mixed_robust,C,9,0.25,36,0.13385343551635742
mixed_robust,N,10,0.2777777777777778,36,0.5804600715637207
mixed_robust,C,11,0.3055555555555556,36,0.2557640075683594
mixed_robust,(,12,0.3333333333333333,36,0.29071855545043945
mixed_robust,=,13,0.3611111111111111,36,0.3483152389526367
mixed_robust,O,14,0.3888888888888889,36,0.1067972183227539
mixed_robust,),15,0.4166666666666667,36,0.23347949981689453
mixed_robust,C,16,0.4444444444444444,36,0.20364809036254883
mixed_robust,C,17,0.4722222222222222,36,0.20364809036254883
mixed_robust,C,18,0.5,36,0.20364809036254883
mixed_robust,C,19,0.5277777777777778,36,0.20364809036254883
mixed_robust,C,20,0.5555555555555556,36,0.20364809036254883
mixed_robust,C,21,0.5833333333333334,36,0.20364809036254883
mixed_robust,C,22,0.6111111111111112,36,0.20364809036254883
mixed_robust,C,23,0.6388888888888888,36,0.20364809036254883
mixed_robust,C,24,0.6666666666666666,36,0.20364809036254883
mixed_robust,C,25,0.6944444444444444,36,0.20364809036254883
mixed_robust,C,26,0.7222222222222222,36,0.20364809036254883
mixed_robust,(,27,0.75,36,0.22116899490356445
mixed_robust,=,28,0.7777777777777778,36,0.43093109130859375
mixed_robust,O,29,0.8055555555555556,36,0.09763288497924805
mixed_robust,),30,0.8333333333333334,36,0.26331138610839844
mixed_robust,N,31,0.8611111111111112,36,0.23931360244750977
mixed_robust,[*],32,0.8888888888888888,36,0.004328727722167969
mixed_robust,),33,0.9166666666666666,36,0.03733110427856445
mixed_robust,C,34,0.9444444444444444,36,0.03290987014770508
mixed_robust,1,35,0.9722222222222222,36,0.05172443389892578
mixed_robust,[*],0,0.0,36,1.4007880687713623
mixed_robust,C,1,0.027777777777777776,36,1.2160475254058838
mixed_robust,c,2,0.05555555555555555,36,0.8590331077575684
mixed_robust,1,3,0.08333333333333333,36,0.4259662628173828
mixed_robust,c,4,0.1111111111111111,36,0.3293037414550781
mixed_robust,c,5,0.1388888888888889,36,0.3293037414550781
mixed_robust,c,6,0.16666666666666666,36,0.3293037414550781
mixed_robust,(,7,0.19444444444444445,36,0.46847057342529297
mixed_robust,C,8,0.2222222222222222,36,0.4465780258178711
mixed_robust,O,9,0.25,36,0.5669302940368652
mixed_robust,C,10,0.2777777777777778,36,0.5947208404541016
mixed_robust,(,11,0.3055555555555556,36,0.6245732307434082
mixed_robust,=,12,0.3333333333333333,36,0.20964527130126953
mixed_robust,O,13,0.3611111111111111,36,0.4768819808959961
mixed_robust,),14,0.3888888888888889,36,0.2708902359008789
mixed_robust,C,15,0.4166666666666667,36,0.25267601013183594
mixed_robust,2,16,0.4444444444444444,36,0.23178768157958984
mixed_robust,C,17,0.4722222222222222,36,0.25409603118896484
mixed_robust,C,18,0.5,36,0.25409603118896484
mixed_robust,C,19,0.5277777777777778,36,0.25409603118896484
mixed_robust,(,20,0.5555555555555556,36,0.2686653137207031
mixed_robust,C,21,0.5833333333333334,36,0.2091975212097168
mixed_robust,(,22,0.6111111111111112,36,0.23985052108764648
mixed_robust,=,23,0.6388888888888888,36,0.0084228515625
mixed_robust,O,24,0.6666666666666666,36,0.1197347640991211
mixed_robust,),25,0.6944444444444444,36,0.06875896453857422
mixed_robust,O,26,0.7222222222222222,36,0.05993080139160156
mixed_robust,[*],27,0.75,36,0.033524513244628906
mixed_robust,),28,0.7777777777777778,36,0.018077373504638672
mixed_robust,C,29,0.8055555555555556,36,0.06580448150634766
mixed_robust,C,30,0.8333333333333334,36,0.06580448150634766
mixed_robust,2,31,0.8611111111111112,36,0.11493206024169922
mixed_robust,),32,0.8888888888888888,36,0.016988277435302734
mixed_robust,c,33,0.9166666666666666,36,0.18776464462280273
mixed_robust,c,34,0.9444444444444444,36,0.18776464462280273
mixed_robust,1,35,0.9722222222222222,36,0.058624267578125
mixed_robust,[*],0,0.0,25,0.048882484436035156
mixed_robust,N,1,0.04,25,0.9301471710205078
mixed_robust,c,2,0.08,25,0.24126148223876953
mixed_robust,1,3,0.12,25,0.22425603866577148
mixed_robust,c,4,0.16,25,0.29795122146606445
mixed_robust,c,5,0.2,25,0.29795122146606445
mixed_robust,(,6,0.24,25,0.06256103515625
mixed_robust,[*],7,0.28,25,0.10880446434020996
mixed_robust,),8,0.32,25,0.14918994903564453
mixed_robust,c,9,0.36,25,0.16554737091064453
mixed_robust,c,10,0.4,25,0.16554737091064453
mixed_robust,c,11,0.44,25,0.16554737091064453
mixed_robust,1,12,0.48,25,0.060497283935546875
mixed_robust,C,13,0.52,25,0.06264281272888184
mixed_robust,C,14,0.56,25,0.06264281272888184
mixed_robust,C,15,0.6,25,0.06264281272888184
mixed_robust,C,16,0.64,25,0.06264281272888184
mixed_robust,C,17,0.68,25,0.06264281272888184
mixed_robust,C,18,0.72,25,0.06264281272888184
mixed_robust,C,19,0.76,25,0.06264281272888184
mixed_robust,C,20,0.8,25,0.06264281272888184
mixed_robust,C,21,0.84,25,0.06264281272888184
mixed_robust,C,22,0.88,25,0.06264281272888184
mixed_robust,C,23,0.92,25,0.06264281272888184
mixed_robust,C,24,0.96,25,0.06264281272888184
mixed_robust,[*],0,0.0,26,0.26066112518310547
mixed_robust,O,1,0.038461538461538464,26,0.5490732192993164
mixed_robust,C,2,0.07692307692307693,26,0.11568498611450195
mixed_robust,(,3,0.11538461538461539,26,0.010706424713134766
mixed_robust,=,4,0.15384615384615385,26,0.09815216064453125
mixed_robust,O,5,0.19230769230769232,26,0.036486148834228516
mixed_robust,),6,0.23076923076923078,26,0.06098175048828125
mixed_robust,C,7,0.2692307692307692,26,0.023328781127929688
mixed_robust,C,8,0.3076923076923077,26,0.023328781127929688
mixed_robust,S,9,0.34615384615384615,26,0.5037145614624023
mixed_robust,(,10,0.38461538461538464,26,0.10948562622070312
mixed_robust,=,11,0.4230769230769231,26,0.06188011169433594
mixed_robust,O,12,0.46153846153846156,26,0.4357290267944336
mixed_robust,),13,0.5,26,0.07521247863769531
mixed_robust,(,14,0.5384615384615384,26,0.21221685409545898
mixed_robust,=,15,0.5769230769230769,26,0.048239707946777344
mixed_robust,O,16,0.6153846153846154,26,0.4702596664428711
mixed_robust,),17,0.6538461538461539,26,0.25310516357421875
mixed_robust,C,18,0.6923076923076923,26,0.2740612030029297
mixed_robust,C,19,0.7307692307692307,26,0.2740612030029297
mixed_robust,C,20,0.7692307692307693,26,0.2740612030029297
mixed_robust,(,21,0.8076923076923077,26,0.26020193099975586
mixed_robust,[*],22,0.8461538461538461,26,0.055912017822265625
mixed_robust,),23,0.8846153846153846,26,0.007494926452636719
mixed_robust,=,24,0.9230769230769231,26,0.06450271606445312
mixed_robust,O,25,0.9615384615384616,26,0.16333627700805664
mixed_robust,[*],0,0.0,29,0.19672393798828125
mixed_robust,C,1,0.034482758620689655,29,0.16401100158691406
mixed_robust,C,2,0.06896551724137931,29,0.16401100158691406
mixed_robust,C,3,0.10344827586206896,29,0.16401100158691406
mixed_robust,C,4,0.13793103448275862,29,0.16401100158691406
mixed_robust,C,5,0.1724137931034483,29,0.16401100158691406
mixed_robust,(,6,0.20689655172413793,29,0.17264318466186523
mixed_robust,=,7,0.2413793103448276,29,0.0699014663696289
mixed_robust,O,8,0.27586206896551724,29,0.04964113235473633
mixed_robust,),9,0.3103448275862069,29,0.01773357391357422
mixed_robust,N,10,0.3448275862068966,29,0.02003192901611328
mixed_robust,C,11,0.3793103448275862,29,0.1354813575744629
mixed_robust,C,12,0.41379310344827586,29,0.1354813575744629
mixed_robust,C,13,0.4482758620689655,29,0.1354813575744629
mixed_robust,C,14,0.4827586206896552,29,0.1354813575744629
mixed_robust,C,15,0.5172413793103449,29,0.1354813575744629
mixed_robust,C,16,0.5517241379310345,29,0.1354813575744629
mixed_robust,N,17,0.5862068965517241,29,0.13027715682983398
mixed_robust,C,18,0.6206896551724138,29,0.1340780258178711
mixed_robust,(,19,0.6551724137931034,29,0.13504886627197266
mixed_robust,=,20,0.6896551724137931,29,0.0872507095336914
mixed_robust,O,21,0.7241379310344828,29,0.4577631950378418
mixed_robust,),22,0.7586206896551724,29,0.10059499740600586
mixed_robust,C,23,0.7931034482758621,29,0.04041433334350586
mixed_robust,C,24,0.8275862068965517,29,0.04041433334350586
mixed_robust,C,25,0.8620689655172413,29,0.04041433334350586
mixed_robust,C,26,0.896551724137931,29,0.04041433334350586
mixed_robust,S,27,0.9310344827586207,29,0.515164852142334
mixed_robust,[*],28,0.9655172413793104,29,0.03797340393066406
mixed_robust,[*],0,0.0,32,0.26087379455566406
mixed_robust,N,1,0.03125,32,0.3521101474761963
mixed_robust,C,2,0.0625,32,0.2894604206085205
mixed_robust,(,3,0.09375,32,0.41016149520874023
mixed_robust,S,4,0.125,32,0.28264808654785156
mixed_robust,1,5,0.15625,32,0.3887462615966797
mixed_robust,),6,0.1875,32,0.1352837085723877
mixed_robust,=,7,0.21875,32,0.08259391784667969
mixed_robust,C,8,0.25,32,0.15099883079528809
mixed_robust,C,9,0.28125,32,0.15099883079528809
mixed_robust,=,10,0.3125,32,0.09619522094726562
mixed_robust,C,11,0.34375,32,0.3265981674194336
mixed_robust,1,12,0.375,32,0.3019747734069824
mixed_robust,C,13,0.40625,32,0.3304252624511719
mixed_robust,(,14,0.4375,32,0.2959878444671631
mixed_robust,C,15,0.46875,32,0.2945671081542969
mixed_robust,=,16,0.5,32,0.060477256774902344
mixed_robust,C,17,0.53125,32,0.3801262378692627
mixed_robust,2,18,0.5625,32,0.27492475509643555
mixed_robust,),19,0.59375,32,0.0318756103515625
mixed_robust,=,20,0.625,32,0.10551953315734863
mixed_robust,C,21,0.65625,32,0.21037817001342773
mixed_robust,C,22,0.6875,32,0.21037817001342773
mixed_robust,=,23,0.71875,32,0.22678899765014648
mixed_robust,C,24,0.75,32,0.0006365776062011719
mixed_robust,2,25,0.78125,32,0.023658275604248047
mixed_robust,C,26,0.8125,32,0.16480112075805664
mixed_robust,(,27,0.84375,32,0.1805257797241211
mixed_robust,=,28,0.875,32,0.11854171752929688
mixed_robust,S,29,0.90625,32,0.13116455078125
mixed_robust,),30,0.9375,32,0.06625556945800781
mixed_robust,[*],31,0.96875,32,0.06341361999511719
mixed_robust,[*],0,0.0,21,0.7112562656402588
mixed_robust,C,1,0.047619047619047616,21,0.9554791450500488
mixed_robust,=,2,0.09523809523809523,21,1.6623053550720215
mixed_robust,C,3,0.14285714285714285,21,0.5214896202087402
mixed_robust,(,4,0.19047619047619047,21,0.7324583530426025
mixed_robust,[*],5,0.23809523809523808,21,0.3752777576446533
mixed_robust,),6,0.2857142857142857,21,0.43973469734191895
mixed_robust,c,7,0.3333333333333333,21,0.4200770854949951
mixed_robust,1,8,0.38095238095238093,21,0.22931194305419922
mixed_robust,n,9,0.42857142857142855,21,0.5551409721374512
mixed_robust,c,10,0.47619047619047616,21,0.3168346881866455
mixed_robust,2,11,0.5238095238095238,21,0.47739720344543457
mixed_robust,c,12,0.5714285714285714,21,0.3147859573364258
mixed_robust,c,13,0.6190476190476191,21,0.3147859573364258
mixed_robust,c,14,0.6666666666666666,21,0.3147859573364258
mixed_robust,c,15,0.7142857142857143,21,0.3147859573364258
mixed_robust,c,16,0.7619047619047619,21,0.3147859573364258
mixed_robust,2,17,0.8095238095238095,21,0.15058493614196777
mixed_robust,n,18,0.8571428571428571,21,0.6353206634521484
mixed_robust,1,19,0.9047619047619048,21,0.013137340545654297
mixed_robust,C,20,0.9523809523809523,21,0.0013659000396728516
mixed_robust,[*],0,0.0,32,0.22797346115112305
mixed_robust,C,1,0.03125,32,0.19753456115722656
mixed_robust,(,2,0.0625,32,0.19143152236938477
mixed_robust,=,3,0.09375,32,0.6155099868774414
mixed_robust,O,4,0.125,32,0.11136293411254883
mixed_robust,),5,0.15625,32,0.45143556594848633
mixed_robust,c,6,0.1875,32,0.576240062713623
mixed_robust,1,7,0.21875,32,0.5101466178894043
mixed_robust,c,8,0.25,32,0.6014766693115234
mixed_robust,c,9,0.28125,32,0.6014766693115234
mixed_robust,c,10,0.3125,32,0.6014766693115234
mixed_robust,(,11,0.34375,32,0.4466691017150879
mixed_robust,C,12,0.375,32,0.4551815986633301
mixed_robust,(,13,0.40625,32,0.4265432357788086
mixed_robust,=,14,0.4375,32,0.674532413482666
mixed_robust,O,15,0.46875,32,0.024327754974365234
mixed_robust,),16,0.5,32,0.10528564453125
mixed_robust,N,17,0.53125,32,0.13445568084716797
mixed_robust,2,18,0.5625,32,0.3438863754272461
mixed_robust,C,19,0.59375,32,0.08021831512451172
mixed_robust,C,20,0.625,32,0.08021831512451172
mixed_robust,N,21,0.65625,32,0.16275262832641602
mixed_robust,(,22,0.6875,32,0.013462543487548828
mixed_robust,[*],23,0.71875,32,0.13883304595947266
mixed_robust,),24,0.75,32,0.14406824111938477
mixed_robust,C,25,0.78125,32,0.0015301704406738281
mixed_robust,C,26,0.8125,32,0.0015301704406738281
mixed_robust,2,27,0.84375,32,0.10863637924194336
mixed_robust,),28,0.875,32,0.04664468765258789
mixed_robust,c,29,0.90625,32,0.018368244171142578
mixed_robust,c,30,0.9375,32,0.018368244171142578
mixed_robust,1,31,0.96875,32,0.035790443420410156
mixed_robust,C,0,0.0,24,0.02323007583618164
mixed_robust,(,1,0.041666666666666664,24,0.035604000091552734
mixed_robust,[*],2,0.08333333333333333,24,0.053164005279541016
mixed_robust,),3,0.125,24,0.15446233749389648
mixed_robust,C,4,0.16666666666666666,24,0.12900638580322266
mixed_robust,(,5,0.20833333333333334,24,0.08655452728271484
mixed_robust,C,6,0.25,24,0.12317180633544922
mixed_robust,),7,0.2916666666666667,24,0.15257692337036133
mixed_robust,(,8,0.3333333333333333,24,0.05934858322143555
mixed_robust,C,9,0.375,24,0.06749391555786133
mixed_robust,(,10,0.4166666666666667,24,0.057007789611816406
mixed_robust,=,11,0.4583333333333333,24,0.2986593246459961
mixed_robust,O,12,0.5,24,0.16889190673828125
mixed_robust,),13,0.5416666666666666,24,0.028098106384277344
mixed_robust,O,14,0.5833333333333334,24,0.11480903625488281
mixed_robust,C,15,0.625,24,0.011003971099853516
mixed_robust,C,16,0.6666666666666666,24,0.011003971099853516
mixed_robust,C,17,0.7083333333333334,24,0.011003971099853516
mixed_robust,O,18,0.75,24,0.11900663375854492
mixed_robust,C,19,0.7916666666666666,24,0.06196308135986328
mixed_robust,),20,0.8333333333333334,24,0.10434627532958984
mixed_robust,(,21,0.875,24,0.04582977294921875
mixed_robust,[*],22,0.9166666666666666,24,0.031147003173828125
mixed_robust,),23,0.9583333333333334,24,0.029829025268554688
mixed_robust,[*],0,0.0,20,0.042386770248413086
mixed_robust,N,1,0.05,20,0.0025281906127929688
mixed_robust,C,2,0.1,20,0.27091169357299805
mixed_robust,(,3,0.15,20,0.16414904594421387
mixed_robust,S,4,0.2,20,0.7153306007385254
mixed_robust,1,5,0.25,20,0.08886098861694336
mixed_robust,),6,0.3,20,0.41545915603637695
mixed_robust,=,7,0.35,20,0.9126086235046387
mixed_robust,C,8,0.4,20,0.05211639404296875
mixed_robust,C,9,0.45,20,0.05211639404296875
mixed_robust,=,10,0.5,20,0.989565372467041
mixed_robust,C,11,0.55,20,0.4543471336364746
mixed_robust,1,12,0.6,20,0.8664770126342773
mixed_robust,C,13,0.65,20,0.5092134475708008
mixed_robust,(,14,0.7,20,0.44373035430908203
mixed_robust,=,15,0.75,20,0.8103146553039551
mixed_robust,O,16,0.8,20,0.15933704376220703
mixed_robust,),17,0.85,20,0.47493982315063477
mixed_robust,O,18,0.9,20,0.4314460754394531
mixed_robust,[*],19,0.95,20,0.21926546096801758
mixed_robust,[*],0,0.0,19,0.6029143333435059
mixed_robust,N,1,0.05263157894736842,19,0.7873597145080566
mixed_robust,c,2,0.10526315789473684,19,0.3449420928955078
mixed_robust,1,3,0.15789473684210525,19,0.4283595085144043
mixed_robust,c,4,0.21052631578947367,19,0.40660905838012695
mixed_robust,c,5,0.2631578947368421,19,0.40660905838012695
mixed_robust,(,6,0.3157894736842105,19,0.28467488288879395
mixed_robust,O,7,0.3684210526315789,19,0.06904363632202148
mixed_robust,C,8,0.42105263157894735,19,0.10741376876831055
mixed_robust,),9,0.47368421052631576,19,0.25789785385131836
mixed_robust,c,10,0.5263157894736842,19,0.21447300910949707
mixed_robust,(,11,0.5789473684210527,19,0.06819462776184082
mixed_robust,[*],12,0.631578947368421,19,0.3272247314453125
mixed_robust,),13,0.6842105263157895,19,0.06325006484985352
mixed_robust,c,14,0.7368421052631579,19,0.055381059646606445
mixed_robust,c,15,0.7894736842105263,19,0.055381059646606445
mixed_robust,1,16,0.8421052631578947,19,0.04922008514404297
mixed_robust,O,17,0.8947368421052632,19,0.042222023010253906
mixed_robust,C,18,0.9473684210526315,19,0.015289068222045898
mixed_robust,[*],0,0.0,27,0.2811775207519531
mixed_robust,c,1,0.037037037037037035,27,0.025681018829345703
mixed_robust,1,2,0.07407407407407407,27,0.11873626708984375
mixed_robust,c,3,0.1111111111111111,27,0.4725942611694336
mixed_robust,c,4,0.14814814814814814,27,0.4725942611694336
mixed_robust,c,5,0.18518518518518517,27,0.4725942611694336
mixed_robust,(,6,0.2222222222222222,27,0.5540049076080322
mixed_robust,-,7,0.25925925925925924,27,0.43873071670532227
mixed_robust,c,8,0.2962962962962963,27,0.40497779846191406
mixed_robust,2,9,0.3333333333333333,27,0.7408609390258789
mixed_robust,n,10,0.37037037037037035,27,0.40934228897094727
mixed_robust,n,11,0.4074074074074074,27,0.40934228897094727
mixed_robust,c,12,0.4444444444444444,27,0.6970639228820801
mixed_robust,(,13,0.48148148148148145,27,0.6824712753295898
mixed_robust,[*],14,0.5185185185185185,27,0.5905213356018066
mixed_robust,),15,0.5555555555555556,27,0.637305736541748
mixed_robust,o,16,0.5925925925925926,27,0.12777924537658691
mixed_robust,2,17,0.6296296296296297,27,0.3698618412017822
mixed_robust,),18,0.6666666666666666,27,0.3586239814758301
mixed_robust,c,19,0.7037037037037037,27,0.2584223747253418
mixed_robust,(,20,0.7407407407407407,27,0.33035945892333984
mixed_robust,O,21,0.7777777777777778,27,0.39556455612182617
mixed_robust,C,22,0.8148148148148148,27,0.07036924362182617
mixed_robust,C,23,0.8518518518518519,27,0.07036924362182617
mixed_robust,),24,0.8888888888888888,27,0.03422880172729492
mixed_robust,c,25,0.9259259259259259,27,0.028342723846435547
mixed_robust,1,26,0.9629629629629629,27,0.06205940246582031
mixed_robust,[*],0,0.0,52,0.08854913711547852
mixed_robust,N,1,0.019230769230769232,52,0.1476297378540039
mixed_robust,C,2,0.038461538461538464,52,0.12835311889648438
mixed_robust,(,3,0.057692307692307696,52,0.13218307495117188
mixed_robust,=,4,0.07692307692307693,52,0.4196290969848633
mixed_robust,O,5,0.09615384615384616,52,0.06492257118225098
mixed_robust,),6,0.11538461538461539,52,0.33446311950683594
mixed_robust,c,7,0.1346153846153846,52,0.3333241939544678
mixed_robust,1,8,0.15384615384615385,52,0.3150491714477539
mixed_robust,c,9,0.17307692307692307,52,0.28970813751220703
mixed_robust,c,10,0.19230769230769232,52,0.28970813751220703
mixed_robust,c,11,0.21153846153846154,52,0.28970813751220703
mixed_robust,(,12,0.23076923076923078,52,0.21093177795410156
mixed_robust,C,13,0.25,52,0.2658090591430664
mixed_robust,(,14,0.2692307692307692,52,0.2582969665527344
mixed_robust,=,15,0.28846153846153844,52,0.3974905014038086
mixed_robust,O,16,0.3076923076923077,52,0.18361234664916992
mixed_robust,),17,0.3269230769230769,52,0.2789919376373291
mixed_robust,N,18,0.34615384615384615,52,0.30715060234069824
mixed_robust,c,19,0.36538461538461536,52,0.3004589080810547
mixed_robust,2,20,0.38461538461538464,52,0.2603118419647217
mixed_robust,c,21,0.40384615384615385,52,0.2782926559448242
mixed_robust,c,22,0.4230769230769231,52,0.2782926559448242
mixed_robust,c,23,0.4423076923076923,52,0.2782926559448242
mixed_robust,3,24,0.46153846153846156,52,0.19504308700561523
mixed_robust,c,25,0.4807692307692308,52,0.19516515731811523
mixed_robust,(,26,0.5,52,0.15135526657104492
mixed_robust,c,27,0.5192307692307693,52,0.20065045356750488
mixed_robust,2,28,0.5384615384615384,52,0.15385699272155762
mixed_robust,),29,0.5576923076923077,52,0.21774864196777344
mixed_robust,[nH],30,0.5769230769230769,52,0.3879072666168213
mixed_robust,c,31,0.5961538461538461,52,0.05702686309814453
mixed_robust,(,32,0.6153846153846154,52,0.0449066162109375
mixed_robust,=,33,0.6346153846153846,52,0.19929933547973633
mixed_robust,O,34,0.6538461538461539,52,0.02035069465637207
mixed_robust,),35,0.6730769230769231,52,0.053186655044555664
mixed_robust,c,36,0.6923076923076923,52,0.02184581756591797
mixed_robust,2,37,0.7115384615384616,52,0.1287059783935547
mixed_robust,c,38,0.7307692307692307,52,0.08156156539916992
mixed_robust,c,39,0.75,52,0.08156156539916992
mixed_robust,(,40,0.7692307692307693,52,0.05370759963989258
mixed_robust,[*],41,0.7884615384615384,52,0.05852031707763672
mixed_robust,),42,0.8076923076923077,52,0.04653143882751465
mixed_robust,c,43,0.8269230769230769,52,0.027462005615234375
mixed_robust,c,44,0.8461538461538461,52,0.027462005615234375
mixed_robust,c,45,0.8653846153846154,52,0.027462005615234375
mixed_robust,2,46,0.8846153846153846,52,0.1122579574584961
mixed_robust,3,47,0.9038461538461539,52,0.0999751091003418
mixed_robust,),48,0.9230769230769231,52,0.01924419403076172
mixed_robust,c,49,0.9423076923076923,52,0.000232696533203125
mixed_robust,c,50,0.9615384615384616,52,0.000232696533203125
mixed_robust,1,51,0.9807692307692307,52,0.0023355484008789062
mixed_robust,[*],0,0.0,14,0.5550484657287598
mixed_robust,C,1,0.07142857142857142,14,0.509437084197998
mixed_robust,C,2,0.14285714285714285,14,0.509437084197998
mixed_robust,(,3,0.21428571428571427,14,0.4286370277404785
mixed_robust,C,4,0.2857142857142857,14,0.4375319480895996
mixed_robust,C,5,0.35714285714285715,14,0.4375319480895996
mixed_robust,),6,0.42857142857142855,14,0.6683034896850586
mixed_robust,(,7,0.5,14,0.530245304107666
mixed_robust,C,8,0.5714285714285714,14,0.5745787620544434
mixed_robust,C,9,0.6428571428571429,14,0.5745787620544434
mixed_robust,),10,0.7142857142857143,14,0.6419730186462402
mixed_robust,C,11,0.7857142857142857,14,0.4434032440185547
mixed_robust,S,12,0.8571428571428571,14,1.9994211196899414
mixed_robust,[*],13,0.9285714285714286,14,0.050042152404785156
mixed_robust,[*],0,0.0,46,0.25846266746520996
mixed_robust,c,1,0.021739130434782608,46,0.14939618110656738
mixed_robust,1,2,0.043478260869565216,46,0.18359947204589844
mixed_robust,c,3,0.06521739130434782,46,0.10543203353881836
mixed_robust,c,4,0.08695652173913043,46,0.10543203353881836
mixed_robust,(,5,0.10869565217391304,46,0.00914907455444336
mixed_robust,C,6,0.13043478260869565,46,0.04381275177001953
mixed_robust,C,7,0.15217391304347827,46,0.04381275177001953
mixed_robust,C,8,0.17391304347826086,46,0.04381275177001953
mixed_robust,C,9,0.1956521739130435,46,0.04381275177001953
mixed_robust,C,10,0.21739130434782608,46,0.04381275177001953
mixed_robust,C,11,0.2391304347826087,46,0.04381275177001953
mixed_robust,C,12,0.2608695652173913,46,0.04381275177001953
mixed_robust,C,13,0.2826086956521739,46,0.04381275177001953
mixed_robust,C,14,0.30434782608695654,46,0.04381275177001953
mixed_robust,C,15,0.32608695652173914,46,0.04381275177001953
mixed_robust,C,16,0.34782608695652173,46,0.04381275177001953
mixed_robust,C,17,0.3695652173913043,46,0.04381275177001953
mixed_robust,(,18,0.391304347826087,46,0.05149507522583008
mixed_robust,=,19,0.41304347826086957,46,0.06378936767578125
mixed_robust,O,20,0.43478260869565216,46,0.3501718044281006
mixed_robust,),21,0.45652173913043476,46,0.2824530601501465
mixed_robust,O,22,0.4782608695652174,46,0.3114314079284668
mixed_robust,c,23,0.5,46,0.1692655086517334
mixed_robust,2,24,0.5217391304347826,46,0.1557013988494873
mixed_robust,c,25,0.5434782608695652,46,0.3753092288970947
mixed_robust,c,26,0.5652173913043478,46,0.3753092288970947
mixed_robust,c,27,0.5869565217391305,46,0.3753092288970947
mixed_robust,(,28,0.6086956521739131,46,0.3388857841491699
mixed_robust,[N+],29,0.6304347826086957,46,0.3631463050842285
mixed_robust,(,30,0.6521739130434783,46,0.29792094230651855
mixed_robust,=,31,0.6739130434782609,46,0.1675429344177246
mixed_robust,O,32,0.6956521739130435,46,0.17743396759033203
mixed_robust,),33,0.717391304347826,46,0.013593196868896484
mixed_robust,[O-],34,0.7391304347826086,46,0.011900663375854492
mixed_robust,),35,0.7608695652173914,46,0.01798701286315918
mixed_robust,c,36,0.782608695652174,46,0.04859209060668945
mixed_robust,c,37,0.8043478260869565,46,0.04859209060668945
mixed_robust,2,38,0.8260869565217391,46,0.19309544563293457
mixed_robust,),39,0.8478260869565217,46,0.2025744915008545
mixed_robust,c,40,0.8695652173913043,46,0.11478805541992188
mixed_robust,(,41,0.8913043478260869,46,0.17425942420959473
mixed_robust,[*],42,0.9130434782608695,46,0.19964337348937988
mixed_robust,),43,0.9347826086956522,46,0.14797353744506836
mixed_robust,s,44,0.9565217391304348,46,1.6489651203155518
mixed_robust,1,45,0.9782608695652174,46,0.038668155670166016
mixed_robust,[*],0,0.0,31,0.041446685791015625
mixed_robust,c,1,0.03225806451612903,31,0.05462932586669922
mixed_robust,1,2,0.06451612903225806,31,0.1789107322692871
mixed_robust,c,3,0.0967741935483871,31,0.2693800926208496
mixed_robust,c,4,0.12903225806451613,31,0.2693800926208496
mixed_robust,c,5,0.16129032258064516,31,0.2693800926208496
mixed_robust,(,6,0.1935483870967742,31,0.5288858413696289
mixed_robust,C,7,0.22580645161290322,31,0.47347545623779297
mixed_robust,),8,0.25806451612903225,31,0.35372352600097656
mixed_robust,c,9,0.2903225806451613,31,0.18623828887939453
mixed_robust,(,10,0.3225806451612903,31,0.48624324798583984
mixed_robust,N,11,0.3548387096774194,31,0.5456361770629883
mixed_robust,2,12,0.3870967741935484,31,0.03759145736694336
mixed_robust,C,13,0.41935483870967744,31,0.023211002349853516
mixed_robust,C,14,0.45161290322580644,31,0.023211002349853516
mixed_robust,(,15,0.4838709677419355,31,0.17342233657836914
mixed_robust,=,16,0.5161290322580645,31,0.17639732360839844
mixed_robust,O,17,0.5483870967741935,31,0.2671165466308594
mixed_robust,),18,0.5806451612903226,31,0.1639695167541504
mixed_robust,N,19,0.6129032258064516,31,0.2323312759399414
mixed_robust,(,20,0.6451612903225806,31,0.09784698486328125
mixed_robust,[*],21,0.6774193548387096,31,0.17892789840698242
mixed_robust,),22,0.7096774193548387,31,0.18548059463500977
mixed_robust,C,23,0.7419354838709677,31,0.03695964813232422
mixed_robust,C,24,0.7741935483870968,31,0.03695964813232422
mixed_robust,2,25,0.8064516129032258,31,0.16804075241088867
mixed_robust,=,26,0.8387096774193549,31,0.2677288055419922
mixed_robust,O,27,0.8709677419354839,31,0.3384127616882324
mixed_robust,),28,0.9032258064516129,31,0.13210773468017578
mixed_robust,c,29,0.9354838709677419,31,0.18184852600097656
mixed_robust,1,30,0.967741935483871,31,0.09088754653930664
mixed_robust,[*],0,0.0,60,0.5530638694763184
mixed_robust,O,1,0.016666666666666666,60,0.7381620407104492
mixed_robust,c,2,0.03333333333333333,60,0.41656017303466797
mixed_robust,1,3,0.05,60,0.24486351013183594
mixed_robust,c,4,0.06666666666666667,60,0.09838104248046875
mixed_robust,c,5,0.08333333333333333,60,0.09838104248046875
mixed_robust,c,6,0.1,60,0.09838104248046875
mixed_robust,(,7,0.11666666666666667,60,0.2006063461303711
mixed_robust,C,8,0.13333333333333333,60,0.1858234405517578
mixed_robust,C,9,0.15,60,0.1858234405517578
mixed_robust,(,10,0.16666666666666666,60,0.2413187026977539
mixed_robust,N,11,0.18333333333333332,60,0.37267112731933594
mixed_robust,C,12,0.2,60,0.027330875396728516
mixed_robust,(,13,0.21666666666666667,60,0.07505512237548828
mixed_robust,=,14,0.23333333333333334,60,0.11024188995361328
mixed_robust,O,15,0.25,60,0.3210749626159668
mixed_robust,),16,0.26666666666666666,60,0.07127141952514648
mixed_robust,C,17,0.2833333333333333,60,0.07062387466430664
mixed_robust,C,18,0.3,60,0.07062387466430664
mixed_robust,c,19,0.31666666666666665,60,0.2299365997314453
mixed_robust,2,20,0.3333333333333333,60,0.21794605255126953
mixed_robust,c,21,0.35,60,0.2322978973388672
mixed_robust,c,22,0.36666666666666664,60,0.2322978973388672
mixed_robust,c,23,0.38333333333333336,60,0.2322978973388672
mixed_robust,(,24,0.4,60,0.07532215118408203
mixed_robust,O,25,0.4166666666666667,60,0.09633970260620117
mixed_robust,C,26,0.43333333333333335,60,0.12462282180786133
mixed_robust,(,27,0.45,60,0.0928792953491211
mixed_robust,=,28,0.4666666666666667,60,0.24626493453979492
mixed_robust,O,29,0.48333333333333334,60,0.007090091705322266
mixed_robust,),30,0.5,60,0.049950599670410156
mixed_robust,C,31,0.5166666666666667,60,0.016942977905273438
mixed_robust,C,32,0.5333333333333333,60,0.016942977905273438
mixed_robust,C,33,0.55,60,0.016942977905273438
mixed_robust,(,34,0.5666666666666667,60,0.013409137725830078
mixed_robust,[*],35,0.5833333333333334,60,0.029854297637939453
mixed_robust,),36,0.6,60,0.06408262252807617
mixed_robust,=,37,0.6166666666666667,60,0.1964263916015625
mixed_robust,O,38,0.6333333333333333,60,0.06904888153076172
mixed_robust,),39,0.65,60,0.005646228790283203
mixed_robust,c,40,0.6666666666666666,60,0.05501604080200195
mixed_robust,c,41,0.6833333333333333,60,0.05501604080200195
mixed_robust,2,42,0.7,60,0.07189178466796875
mixed_robust,),43,0.7166666666666667,60,0.09440279006958008
mixed_robust,C,44,0.7333333333333333,60,0.17581987380981445
mixed_robust,(,45,0.75,60,0.14225196838378906
mixed_robust,=,46,0.7666666666666667,60,0.11553478240966797
mixed_robust,O,47,0.7833333333333333,60,0.22077608108520508
mixed_robust,),48,0.8,60,0.13585472106933594
mixed_robust,O,49,0.8166666666666667,60,0.24953746795654297
mixed_robust,C,50,0.8333333333333334,60,0.2189493179321289
mixed_robust,(,51,0.85,60,0.2445664405822754
mixed_robust,C,52,0.8666666666666667,60,0.17560863494873047
mixed_robust,),53,0.8833333333333333,60,0.17055130004882812
mixed_robust,C,54,0.9,60,0.12810420989990234
mixed_robust,C,55,0.9166666666666666,60,0.12810420989990234
mixed_robust,),56,0.9333333333333333,60,0.1423177719116211
mixed_robust,c,57,0.95,60,0.04133272171020508
mixed_robust,c,58,0.9666666666666667,60,0.04133272171020508
mixed_robust,1,59,0.9833333333333333,60,0.07825469970703125
mixed_robust,[*],0,0.0,89,0.24835586547851562
mixed_robust,C,1,0.011235955056179775,89,0.26577210426330566
mixed_robust,(,2,0.02247191011235955,89,0.26125335693359375
mixed_robust,=,3,0.033707865168539325,89,0.5698204040527344
mixed_robust,O,4,0.0449438202247191,89,0.25464630126953125
mixed_robust,),5,0.056179775280898875,89,0.42022180557250977
mixed_robust,N,6,0.06741573033707865,89,0.3972744941711426
mixed_robust,c,7,0.07865168539325842,89,0.41248202323913574
mixed_robust,1,8,0.0898876404494382,89,0.4219365119934082
mixed_robust,c,9,0.10112359550561797,89,0.4081573486328125
mixed_robust,c,10,0.11235955056179775,89,0.4081573486328125
mixed_robust,c,11,0.12359550561797752,89,0.4081573486328125
mixed_robust,(,12,0.1348314606741573,89,0.40523695945739746
mixed_robust,N,13,0.14606741573033707,89,0.39940953254699707
mixed_robust,C,14,0.15730337078651685,89,0.3457918167114258
mixed_robust,(,15,0.16853932584269662,89,0.3155033588409424
mixed_robust,=,16,0.1797752808988764,89,0.5062980651855469
mixed_robust,O,17,0.19101123595505617,89,0.3371891975402832
mixed_robust,),18,0.20224719101123595,89,0.39421558380126953
mixed_robust,c,19,0.21348314606741572,89,0.3888092041015625
mixed_robust,2,20,0.2247191011235955,89,0.38256072998046875
mixed_robust,c,21,0.23595505617977527,89,0.44553589820861816
mixed_robust,c,22,0.24719101123595505,89,0.44553589820861816
mixed_robust,c,23,0.25842696629213485,89,0.44553589820861816
mixed_robust,3,24,0.2696629213483146,89,0.337268590927124
mixed_robust,c,25,0.2808988764044944,89,0.3139965534210205
mixed_robust,(,26,0.29213483146067415,89,0.3019742965698242
mixed_robust,c,27,0.30337078651685395,89,0.31557512283325195
mixed_robust,2,28,0.3146067415730337,89,0.33196306228637695
mixed_robust,),29,0.3258426966292135,89,0.33787012100219727
mixed_robust,C,30,0.33707865168539325,89,0.32592320442199707
mixed_robust,(,31,0.34831460674157305,89,0.35855841636657715
mixed_robust,=,32,0.3595505617977528,89,0.4307560920715332
mixed_robust,O,33,0.3707865168539326,89,0.2835993766784668
mixed_robust,),34,0.38202247191011235,89,0.33540964126586914
mixed_robust,N,35,0.39325842696629215,89,0.373445987701416
mixed_robust,(,36,0.4044943820224719,89,0.3403921127319336
mixed_robust,c,37,0.4157303370786517,89,0.34923505783081055
mixed_robust,2,38,0.42696629213483145,89,0.3758509159088135
mixed_robust,c,39,0.43820224719101125,89,0.3683900833129883
mixed_robust,c,40,0.449438202247191,89,0.3683900833129883
mixed_robust,c,41,0.4606741573033708,89,0.3683900833129883
mixed_robust,(,42,0.47191011235955055,89,0.3523092269897461
mixed_robust,O,43,0.48314606741573035,89,0.31172609329223633
mixed_robust,c,44,0.4943820224719101,89,0.37398576736450195
mixed_robust,4,45,0.5056179775280899,89,0.40728092193603516
mixed_robust,c,46,0.5168539325842697,89,0.4061622619628906
mixed_robust,c,47,0.5280898876404494,89,0.4061622619628906
mixed_robust,c,48,0.5393258426966292,89,0.4061622619628906
mixed_robust,(,49,0.550561797752809,89,0.39691925048828125
mixed_robust,N,50,0.5617977528089888,89,0.38351964950561523
mixed_robust,5,51,0.5730337078651685,89,0.4004807472229004
mixed_robust,C,52,0.5842696629213483,89,0.4201822280883789
mixed_robust,(,53,0.5955056179775281,89,0.37743043899536133
mixed_robust,=,54,0.6067415730337079,89,0.5780107975006104
mixed_robust,O,55,0.6179775280898876,89,0.4786670207977295
mixed_robust,),56,0.6292134831460674,89,0.5033445358276367
mixed_robust,c,57,0.6404494382022472,89,0.5015060901641846
mixed_robust,6,58,0.651685393258427,89,0.507068395614624
mixed_robust,c,59,0.6629213483146067,89,0.4376084804534912
mixed_robust,c,60,0.6741573033707865,89,0.4376084804534912
mixed_robust,c,61,0.6853932584269663,89,0.4376084804534912
mixed_robust,(,62,0.6966292134831461,89,0.430999755859375
mixed_robust,[*],63,0.7078651685393258,89,0.44757890701293945
mixed_robust,),64,0.7191011235955056,89,0.4461054801940918
mixed_robust,c,65,0.7303370786516854,89,0.4450094699859619
mixed_robust,c,66,0.7415730337078652,89,0.4450094699859619
mixed_robust,6,67,0.7528089887640449,89,0.4801599979400635
mixed_robust,C,68,0.7640449438202247,89,0.4663429260253906
mixed_robust,5,69,0.7752808988764045,89,0.5036897659301758
mixed_robust,=,70,0.7865168539325843,89,0.56325364112854
mixed_robust,O,71,0.797752808988764,89,0.3806447982788086
mixed_robust,),72,0.8089887640449438,89,0.3860335350036621
mixed_robust,c,73,0.8202247191011236,89,0.3851170539855957
mixed_robust,c,74,0.8314606741573034,89,0.3851170539855957
mixed_robust,4,75,0.8426966292134831,89,0.40524911880493164
mixed_robust,),76,0.8539325842696629,89,0.38736701011657715
mixed_robust,c,77,0.8651685393258427,89,0.3655426502227783
mixed_robust,c,78,0.8764044943820225,89,0.3655426502227783
mixed_robust,2,79,0.8876404494382022,89,0.3837392330169678
mixed_robust,),80,0.898876404494382,89,0.2246389389038086
mixed_robust,C,81,0.9101123595505618,89,0.20767498016357422
mixed_robust,3,82,0.9213483146067416,89,0.2011723518371582
mixed_robust,=,83,0.9325842696629213,89,0.26888561248779297
mixed_robust,O,84,0.9438202247191011,89,0.0022606849670410156
mixed_robust,),85,0.9550561797752809,89,0.016509294509887695
mixed_robust,c,86,0.9662921348314607,89,0.04309225082397461
mixed_robust,c,87,0.9775280898876404,89,0.04309225082397461
mixed_robust,1,88,0.9887640449438202,89,0.026341676712036133
mixed_robust,[*],0,0.0,20,0.45465588569641113
mixed_robust,C,1,0.05,20,0.6017799377441406
mixed_robust,C,2,0.1,20,0.6017799377441406
mixed_robust,(,3,0.15,20,0.5925922393798828
mixed_robust,S,4,0.2,20,0.46366310119628906
mixed_robust,1,5,0.25,20,0.7386500835418701
mixed_robust,),6,0.3,20,0.6762208938598633
mixed_robust,=,7,0.35,20,0.18642902374267578
mixed_robust,C,8,0.4,20,0.6928396224975586
mixed_robust,C,9,0.45,20,0.6928396224975586
mixed_robust,=,10,0.5,20,0.10696005821228027
mixed_robust,C,11,0.55,20,0.6675896644592285
mixed_robust,1,12,0.6,20,0.6722249984741211
mixed_robust,O,13,0.65,20,0.7629590034484863
mixed_robust,C,14,0.7,20,0.0933983325958252
mixed_robust,(,15,0.75,20,0.19519972801208496
mixed_robust,=,16,0.8,20,0.7058343887329102
mixed_robust,S,17,0.85,20,0.7488117218017578
mixed_robust,),18,0.9,20,0.1389756202697754
mixed_robust,[*],19,0.95,20,0.06082916259765625
mixed_robust,[*],0,0.0,19,0.09221172332763672
mixed_robust,C,1,0.05263157894736842,19,0.1462574005126953
mixed_robust,C,2,0.10526315789473684,19,0.1462574005126953
mixed_robust,(,3,0.15789473684210525,19,0.15972089767456055
mixed_robust,[*],4,0.21052631578947367,19,0.18860626220703125
mixed_robust,),5,0.2631578947368421,19,0.19063186645507812
mixed_robust,C,6,0.3157894736842105,19,0.22262001037597656
mixed_robust,(,7,0.3684210526315789,19,0.2319931983947754
mixed_robust,=,8,0.42105263157894735,19,0.6828203201293945
mixed_robust,O,9,0.47368421052631576,19,0.39219045639038086
mixed_robust,),10,0.5263157894736842,19,0.0499873161315918
mixed_robust,N,11,0.5789473684210527,19,0.24076128005981445
mixed_robust,1,12,0.631578947368421,19,0.12549114227294922
mixed_robust,C,13,0.6842105263157895,19,0.18229103088378906
mixed_robust,C,14,0.7368421052631579,19,0.18229103088378906
mixed_robust,O,15,0.7894736842105263,19,0.1740283966064453
mixed_robust,C,16,0.8421052631578947,19,0.03904533386230469
mixed_robust,C,17,0.8947368421052632,19,0.03904533386230469
mixed_robust,1,18,0.9473684210526315,19,0.024906158447265625
mixed_robust,O,0,0.0,41,0.2082843780517578
mixed_robust,(,1,0.024390243902439025,41,0.2654852867126465
mixed_robust,[*],2,0.04878048780487805,41,0.20774412155151367
mixed_robust,),3,0.07317073170731707,41,0.22125864028930664
mixed_robust,C,4,0.0975609756097561,41,0.20392847061157227
mixed_robust,(,5,0.12195121951219512,41,0.173492431640625
mixed_robust,=,6,0.14634146341463414,41,0.1785283088684082
mixed_robust,O,7,0.17073170731707318,41,0.29427671432495117
mixed_robust,),8,0.1951219512195122,41,0.27238941192626953
mixed_robust,O,9,0.21951219512195122,41,0.35660648345947266
mixed_robust,c,10,0.24390243902439024,41,0.1811079978942871
mixed_robust,1,11,0.2682926829268293,41,0.2362055778503418
mixed_robust,c,12,0.2926829268292683,41,0.18211603164672852
mixed_robust,(,13,0.3170731707317073,41,0.25985050201416016
mixed_robust,O,14,0.34146341463414637,41,0.3730611801147461
mixed_robust,C,15,0.36585365853658536,41,0.1103062629699707
mixed_robust,),16,0.3902439024390244,41,0.053090572357177734
mixed_robust,c,17,0.4146341463414634,41,0.005345821380615234
mixed_robust,c,18,0.43902439024390244,41,0.005345821380615234
mixed_robust,(,19,0.4634146341463415,41,0.08271598815917969
mixed_robust,c,20,0.4878048780487805,41,0.026791095733642578
mixed_robust,c,21,0.5121951219512195,41,0.026791095733642578
mixed_robust,1,22,0.5365853658536586,41,0.013643264770507812
mixed_robust,),23,0.5609756097560976,41,0.056850433349609375
mixed_robust,C,24,0.5853658536585366,41,0.08740520477294922
mixed_robust,(,25,0.6097560975609756,41,0.009480476379394531
mixed_robust,C,26,0.6341463414634146,41,0.06258535385131836
mixed_robust,),27,0.6585365853658537,41,0.0716390609741211
mixed_robust,c,28,0.6829268292682927,41,0.049925804138183594
mixed_robust,1,29,0.7073170731707317,41,0.016623973846435547
mixed_robust,c,30,0.7317073170731707,41,0.05235910415649414
mixed_robust,c,31,0.7560975609756098,41,0.05235910415649414
mixed_robust,c,32,0.7804878048780488,41,0.05235910415649414
mixed_robust,(,33,0.8048780487804879,41,0.0011487007141113281
mixed_robust,c,34,0.8292682926829268,41,0.0466303825378418
mixed_robust,c,35,0.8536585365853658,41,0.0466303825378418
mixed_robust,1,36,0.8780487804878049,41,0.035541534423828125
mixed_robust,),37,0.9024390243902439,41,0.030179977416992188
mixed_robust,(,38,0.926829268292683,41,0.014502525329589844
mixed_robust,[*],39,0.9512195121951219,41,0.024239063262939453
mixed_robust,),40,0.975609756097561,41,0.0013785362243652344
mixed_robust,[*],0,0.0,89,0.19694042205810547
mixed_robust,O,1,0.011235955056179775,89,0.12331962585449219
mixed_robust,c,2,0.02247191011235955,89,0.03018784523010254
mixed_robust,1,3,0.033707865168539325,89,0.07599997520446777
mixed_robust,c,4,0.0449438202247191,89,0.07764339447021484
mixed_robust,c,5,0.056179775280898875,89,0.07764339447021484
mixed_robust,c,6,0.06741573033707865,89,0.07764339447021484
mixed_robust,(,7,0.07865168539325842,89,0.04780268669128418
mixed_robust,N,8,0.0898876404494382,89,0.08469629287719727
mixed_robust,C,9,0.10112359550561797,89,0.16367745399475098
mixed_robust,(,10,0.11235955056179775,89,0.17939186096191406
mixed_robust,=,11,0.12359550561797752,89,0.3764829635620117
mixed_robust,O,12,0.1348314606741573,89,0.02925419807434082
mixed_robust,),13,0.14606741573033707,89,0.09531569480895996
mixed_robust,c,14,0.15730337078651685,89,0.12576508522033691
mixed_robust,2,15,0.16853932584269662,89,0.11971735954284668
mixed_robust,c,16,0.1797752808988764,89,0.1593794822692871
mixed_robust,c,17,0.19101123595505617,89,0.1593794822692871
mixed_robust,(,18,0.20224719101123595,89,0.10455989837646484
mixed_robust,C,19,0.21348314606741572,89,0.10872793197631836
mixed_robust,(,20,0.2247191011235955,89,0.13594532012939453
mixed_robust,=,21,0.23595505617977527,89,0.32390308380126953
mixed_robust,O,22,0.24719101123595505,89,0.03521609306335449
mixed_robust,),23,0.25842696629213485,89,0.014400243759155273
mixed_robust,N,24,0.2696629213483146,89,0.016145706176757812
mixed_robust,c,25,0.2808988764044944,89,0.005288600921630859
mixed_robust,3,26,0.29213483146067415,89,0.004097461700439453
mixed_robust,c,27,0.30337078651685395,89,0.0007369518280029297
mixed_robust,c,28,0.3146067415730337,89,0.0007369518280029297
mixed_robust,c,29,0.3258426966292135,89,0.0007369518280029297
mixed_robust,(,30,0.33707865168539325,89,0.07203030586242676
mixed_robust,O,31,0.34831460674157305,89,0.1657876968383789
mixed_robust,c,32,0.3595505617977528,89,0.10846471786499023
mixed_robust,4,33,0.3707865168539326,89,0.09125971794128418
mixed_robust,c,34,0.38202247191011235,89,0.1059575080871582
mixed_robust,c,35,0.39325842696629215,89,0.1059575080871582
mixed_robust,c,36,0.4044943820224719,89,0.1059575080871582
mixed_robust,(,37,0.4157303370786517,89,0.1489877700805664
mixed_robust,C,38,0.42696629213483145,89,0.1838088035583496
mixed_robust,5,39,0.43820224719101125,89,0.139495849609375
mixed_robust,(,40,0.449438202247191,89,0.21124935150146484
mixed_robust,c,41,0.4606741573033708,89,0.17374897003173828
mixed_robust,6,42,0.47191011235955055,89,0.17342662811279297
mixed_robust,c,43,0.48314606741573035,89,0.15995502471923828
mixed_robust,c,44,0.4943820224719101,89,0.15995502471923828
mixed_robust,c,45,0.5056179775280899,89,0.15995502471923828
mixed_robust,(,46,0.5168539325842697,89,0.17221975326538086
mixed_robust,[*],47,0.5280898876404494,89,0.20864200592041016
mixed_robust,),48,0.5393258426966292,89,0.18336725234985352
mixed_robust,c,49,0.550561797752809,89,0.18236589431762695
mixed_robust,c,50,0.5617977528089888,89,0.18236589431762695
mixed_robust,6,51,0.5730337078651685,89,0.18816399574279785
mixed_robust,),52,0.5842696629213483,89,0.20673799514770508
mixed_robust,C,53,0.5955056179775281,89,0.21283364295959473
mixed_robust,C,54,0.6067415730337079,89,0.21283364295959473
mixed_robust,6,55,0.6179775280898876,89,0.20066308975219727
mixed_robust,C,56,0.6292134831460674,89,0.20979833602905273
mixed_robust,C,57,0.6404494382022472,89,0.20979833602905273
mixed_robust,C,58,0.651685393258427,89,0.20979833602905273
mixed_robust,5,59,0.6629213483146067,89,0.12192106246948242
mixed_robust,C,60,0.6741573033707865,89,0.18343544006347656
mixed_robust,6,61,0.6853932584269663,89,0.17508578300476074
mixed_robust,),62,0.6966292134831461,89,0.17758512496948242
mixed_robust,c,63,0.7078651685393258,89,0.18064260482788086
mixed_robust,c,64,0.7191011235955056,89,0.18064260482788086
mixed_robust,4,65,0.7303370786516854,89,0.15793800354003906
mixed_robust,),66,0.7415730337078652,89,0.1687641143798828
mixed_robust,c,67,0.7528089887640449,89,0.16348743438720703
mixed_robust,c,68,0.7640449438202247,89,0.16348743438720703
mixed_robust,3,69,0.7752808988764045,89,0.14450526237487793
mixed_robust,),70,0.7865168539325843,89,0.15349578857421875
mixed_robust,c,71,0.797752808988764,89,0.13713908195495605
mixed_robust,c,72,0.8089887640449438,89,0.13713908195495605
mixed_robust,(,73,0.8202247191011236,89,0.17285537719726562
mixed_robust,C,74,0.8314606741573034,89,0.15870141983032227
mixed_robust,(,75,0.8426966292134831,89,0.14252090454101562
mixed_robust,C,76,0.8539325842696629,89,0.1442258358001709
mixed_robust,),77,0.8651685393258427,89,0.10014104843139648
mixed_robust,(,78,0.8764044943820225,89,0.1137995719909668
mixed_robust,C,79,0.8876404494382022,89,0.10663366317749023
mixed_robust,),80,0.898876404494382,89,0.08185744285583496
mixed_robust,C,81,0.9101123595505618,89,0.0635378360748291
mixed_robust,),82,0.9213483146067416,89,0.04196906089782715
mixed_robust,c,83,0.9325842696629213,89,0.0460512638092041
mixed_robust,2,84,0.9438202247191011,89,0.005616188049316406
mixed_robust,),85,0.9550561797752809,89,0.006303071975708008
mixed_robust,c,86,0.9662921348314607,89,0.025841474533081055
mixed_robust,c,87,0.9775280898876404,89,0.025841474533081055
mixed_robust,1,88,0.9887640449438202,89,0.002750396728515625
mixed_robust,[*],0,0.0,32,0.2762112617492676
mixed_robust,c,1,0.03125,32,0.2614266872406006
mixed_robust,1,2,0.0625,32,0.207841157913208
mixed_robust,c,3,0.09375,32,0.250596284866333
mixed_robust,c,4,0.125,32,0.250596284866333
mixed_robust,c,5,0.15625,32,0.250596284866333
mixed_robust,2,6,0.1875,32,0.20483088493347168
mixed_robust,c,7,0.21875,32,0.2690722942352295
mixed_robust,(,8,0.25,32,0.19016528129577637
mixed_robust,c,9,0.28125,32,0.35869264602661133
mixed_robust,1,10,0.3125,32,0.32576632499694824
mixed_robust,),11,0.34375,32,0.30672264099121094
mixed_robust,c,12,0.375,32,0.38179802894592285
mixed_robust,1,13,0.40625,32,0.31076622009277344
mixed_robust,c,14,0.4375,32,0.3193087577819824
mixed_robust,c,15,0.46875,32,0.3193087577819824
mixed_robust,(,16,0.5,32,0.2339317798614502
mixed_robust,[*],17,0.53125,32,0.07796263694763184
mixed_robust,),18,0.5625,32,0.13940763473510742
mixed_robust,c,19,0.59375,32,0.20752811431884766
mixed_robust,c,20,0.625,32,0.20752811431884766
mixed_robust,c,21,0.65625,32,0.20752811431884766
mixed_robust,1,22,0.6875,32,0.18631672859191895
mixed_robust,n,23,0.71875,32,0.4559638500213623
mixed_robust,2,24,0.75,32,0.2946648597717285
mixed_robust,C,25,0.78125,32,0.17720770835876465
mixed_robust,(,26,0.8125,32,0.17594146728515625
mixed_robust,=,27,0.84375,32,0.5687353610992432
mixed_robust,O,28,0.875,32,0.03629660606384277
mixed_robust,),29,0.90625,32,0.0821847915649414
mixed_robust,N,30,0.9375,32,0.13930630683898926
mixed_robust,O,31,0.96875,32,0.22451329231262207
mixed_robust,[*],0,0.0,68,0.11685490608215332
mixed_robust,O,1,0.014705882352941176,68,0.001903533935546875
mixed_robust,C,2,0.029411764705882353,68,0.15386748313903809
mixed_robust,(,3,0.04411764705882353,68,0.08346438407897949
mixed_robust,=,4,0.058823529411764705,68,0.4134495258331299
mixed_robust,O,5,0.07352941176470588,68,0.07109785079956055
mixed_robust,),6,0.08823529411764706,68,0.30066561698913574
mixed_robust,C,7,0.10294117647058823,68,0.246598482131958
mixed_robust,(,8,0.11764705882352941,68,0.2411494255065918
mixed_robust,C,9,0.1323529411764706,68,0.2014162540435791
mixed_robust,c,10,0.14705882352941177,68,0.3366711139678955
mixed_robust,1,11,0.16176470588235295,68,0.34758830070495605
mixed_robust,c,12,0.17647058823529413,68,0.4629647731781006
mixed_robust,c,13,0.19117647058823528,68,0.4629647731781006
mixed_robust,c,14,0.20588235294117646,68,0.4629647731781006
mixed_robust,c,15,0.22058823529411764,68,0.4629647731781006
mixed_robust,c,16,0.23529411764705882,68,0.4629647731781006
mixed_robust,1,17,0.25,68,0.40416979789733887
mixed_robust,),18,0.2647058823529412,68,0.306046724319458
mixed_robust,N,19,0.27941176470588236,68,0.4871647357940674
mixed_robust,C,20,0.29411764705882354,68,0.37181878089904785
mixed_robust,(,21,0.3088235294117647,68,0.383380651473999
mixed_robust,=,22,0.3235294117647059,68,0.7867038249969482
mixed_robust,O,23,0.3382352941176471,68,0.33089613914489746
mixed_robust,),24,0.35294117647058826,68,0.31731629371643066
mixed_robust,C,25,0.36764705882352944,68,0.2645587921142578
mixed_robust,C,26,0.38235294117647056,68,0.2645587921142578
mixed_robust,C,27,0.39705882352941174,68,0.2645587921142578
mixed_robust,C,28,0.4117647058823529,68,0.2645587921142578
mixed_robust,C,29,0.4264705882352941,68,0.2645587921142578
mixed_robust,(,30,0.4411764705882353,68,0.31339383125305176
mixed_robust,=,31,0.45588235294117646,68,0.8868210315704346
mixed_robust,O,32,0.47058823529411764,68,0.5461838245391846
mixed_robust,),33,0.4852941176470588,68,0.6150968074798584
mixed_robust,N,34,0.5,68,0.22916340827941895
mixed_robust,C,35,0.5147058823529411,68,0.0277254581451416
mixed_robust,(,36,0.5294117647058824,68,0.027187108993530273
mixed_robust,C,37,0.5441176470588235,68,0.06005215644836426
mixed_robust,c,38,0.5588235294117647,68,0.027797698974609375
mixed_robust,1,39,0.5735294117647058,68,0.01749134063720703
mixed_robust,c,40,0.5882352941176471,68,0.05126023292541504
mixed_robust,c,41,0.6029411764705882,68,0.05126023292541504
mixed_robust,c,42,0.6176470588235294,68,0.05126023292541504
mixed_robust,c,43,0.6323529411764706,68,0.05126023292541504
mixed_robust,c,44,0.6470588235294118,68,0.05126023292541504
mixed_robust,1,45,0.6617647058823529,68,0.06026172637939453
mixed_robust,),46,0.6764705882352942,68,0.06266522407531738
mixed_robust,C,47,0.6911764705882353,68,0.024427413940429688
mixed_robust,(,48,0.7058823529411765,68,0.023531436920166016
mixed_robust,=,49,0.7205882352941176,68,0.26904749870300293
mixed_robust,O,50,0.7352941176470589,68,0.25605082511901855
mixed_robust,),51,0.75,68,0.1951134204864502
mixed_robust,O,52,0.7647058823529411,68,0.30652832984924316
mixed_robust,C,53,0.7794117647058824,68,0.25200772285461426
mixed_robust,1,54,0.7941176470588235,68,0.22775959968566895
mixed_robust,C,55,0.8088235294117647,68,0.22481060028076172
mixed_robust,O,56,0.8235294117647058,68,0.2891232967376709
mixed_robust,C,57,0.8382352941176471,68,0.19958043098449707
mixed_robust,2,58,0.8529411764705882,68,0.09414458274841309
mixed_robust,C,59,0.8676470588235294,68,0.09293866157531738
mixed_robust,(,60,0.8823529411764706,68,0.2388594150543213
mixed_robust,[*],61,0.8970588235294118,68,0.2350597381591797
mixed_robust,),62,0.9117647058823529,68,0.20543313026428223
mixed_robust,C,63,0.9264705882352942,68,0.27679991722106934
mixed_robust,O,64,0.9411764705882353,68,0.30313801765441895
mixed_robust,C,65,0.9558823529411765,68,0.234877347946167
mixed_robust,1,66,0.9705882352941176,68,0.21250510215759277
mixed_robust,2,67,0.9852941176470589,68,0.043900489807128906
mixed_robust,[*],0,0.0,46,0.06554317474365234
mixed_robust,C,1,0.021739130434782608,46,0.05435609817504883
mixed_robust,C,2,0.043478260869565216,46,0.05435609817504883
mixed_robust,O,3,0.06521739130434782,46,0.029974937438964844
mixed_robust,C,4,0.08695652173913043,46,0.02319812774658203
mixed_robust,C,5,0.10869565217391304,46,0.02319812774658203
mixed_robust,O,6,0.13043478260869565,46,0.14663171768188477
mixed_robust,C,7,0.15217391304347827,46,0.04141044616699219
mixed_robust,C,8,0.17391304347826086,46,0.04141044616699219
mixed_robust,O,9,0.1956521739130435,46,0.17203664779663086
mixed_robust,C,10,0.21739130434782608,46,0.023160934448242188
mixed_robust,(,11,0.2391304347826087,46,0.0005106925964355469
mixed_robust,=,12,0.2608695652173913,46,0.21580886840820312
mixed_robust,O,13,0.2826086956521739,46,0.025816917419433594
mixed_robust,),14,0.30434782608695654,46,0.09175968170166016
mixed_robust,C,15,0.32608695652173914,46,0.12085247039794922
mixed_robust,=,16,0.34782608695652173,46,0.23614025115966797
mixed_robust,C,17,0.3695652173913043,46,0.12010669708251953
mixed_robust,C,18,0.391304347826087,46,0.12010669708251953
mixed_robust,(,19,0.41304347826086957,46,0.14777565002441406
mixed_robust,=,20,0.43478260869565216,46,0.25828123092651367
mixed_robust,O,21,0.45652173913043476,46,0.016903400421142578
mixed_robust,),22,0.4782608695652174,46,0.018568038940429688
mixed_robust,N,23,0.5,46,0.0382390022277832
mixed_robust,C,24,0.5217391304347826,46,0.08212709426879883
mixed_robust,C,25,0.5434782608695652,46,0.08212709426879883
mixed_robust,C,26,0.5652173913043478,46,0.08212709426879883
mixed_robust,C,27,0.5869565217391305,46,0.08212709426879883
mixed_robust,C,28,0.6086956521739131,46,0.08212709426879883
mixed_robust,C,29,0.6304347826086957,46,0.08212709426879883
mixed_robust,N,30,0.6521739130434783,46,0.1017298698425293
mixed_robust,C,31,0.6739130434782609,46,0.0476527214050293
mixed_robust,(,32,0.6956521739130435,46,0.03488731384277344
mixed_robust,=,33,0.717391304347826,46,0.1495952606201172
mixed_robust,O,34,0.7391304347826086,46,0.00042819976806640625
mixed_robust,),35,0.7608695652173914,46,0.0067882537841796875
mixed_robust,C,36,0.782608695652174,46,0.060910701751708984
mixed_robust,=,37,0.8043478260869565,46,0.18171977996826172
mixed_robust,C,38,0.8260869565217391,46,0.06165790557861328
mixed_robust,C,39,0.8478260869565217,46,0.06165790557861328
mixed_robust,(,40,0.8695652173913043,46,0.05525684356689453
mixed_robust,=,41,0.8913043478260869,46,0.16796064376831055
mixed_robust,O,42,0.9130434782608695,46,0.06954717636108398
mixed_robust,),43,0.9347826086956522,46,0.0858612060546875
mixed_robust,O,44,0.9565217391304348,46,0.07865285873413086
mixed_robust,[*],45,0.9782608695652174,46,0.0412602424621582
mixed_robust,[*],0,0.0,26,0.7347698211669922
mixed_robust,C,1,0.038461538461538464,26,1.0020256042480469
mixed_robust,C,2,0.07692307692307693,26,1.0020256042480469
mixed_robust,C,3,0.11538461538461539,26,1.0020256042480469
mixed_robust,C,4,0.15384615384615385,26,1.0020256042480469
mixed_robust,c,5,0.19230769230769232,26,1.3143119812011719
mixed_robust,1,6,0.23076923076923078,26,1.3191485404968262
mixed_robust,n,7,0.2692307692307692,26,1.467195987701416
mixed_robust,c,8,0.3076923076923077,26,1.652808666229248
mixed_robust,2,9,0.34615384615384615,26,1.4783096313476562
mixed_robust,c,10,0.38461538461538464,26,1.3402314186096191
mixed_robust,c,11,0.4230769230769231,26,1.3402314186096191
mixed_robust,3,12,0.46153846153846156,26,1.273768424987793
mixed_robust,s,13,0.5,26,1.1759276390075684
mixed_robust,c,14,0.5384615384615384,26,0.8360395431518555
mixed_robust,(,15,0.5769230769230769,26,0.21267080307006836
mixed_robust,[*],16,0.6153846153846154,26,0.19835567474365234
mixed_robust,),17,0.6538461538461539,26,0.5193705558776855
mixed_robust,n,18,0.6923076923076923,26,0.11688566207885742
mixed_robust,c,19,0.7307692307692307,26,0.7533440589904785
mixed_robust,3,20,0.7692307692307693,26,0.8260278701782227
mixed_robust,c,21,0.8076923076923077,26,0.6621308326721191
mixed_robust,c,22,0.8461538461538461,26,0.6621308326721191
mixed_robust,2,23,0.8846153846153846,26,0.9941816329956055
mixed_robust,s,24,0.9230769230769231,26,0.7881021499633789
mixed_robust,1,25,0.9615384615384616,26,0.3267335891723633
mixed_robust,[*],0,0.0,14,0.11697864532470703
mixed_robust,C,1,0.07142857142857142,14,0.12105989456176758
mixed_robust,C,2,0.14285714285714285,14,0.12105989456176758
mixed_robust,(,3,0.21428571428571427,14,0.13520431518554688
mixed_robust,[*],4,0.2857142857142857,14,0.12110280990600586
mixed_robust,),5,0.35714285714285715,14,0.21406173706054688
mixed_robust,C,6,0.42857142857142855,14,0.11035013198852539
mixed_robust,(,7,0.5,14,0.2757301330566406
mixed_robust,=,8,0.5714285714285714,14,0.5387153625488281
mixed_robust,O,9,0.6428571428571429,14,0.47267913818359375
mixed_robust,),10,0.7142857142857143,14,0.06033039093017578
mixed_robust,N,11,0.7857142857142857,14,0.39121294021606445
mixed_robust,C,12,0.8571428571428571,14,0.12027359008789062
mixed_robust,O,13,0.9285714285714286,14,0.5911865234375
mixed_robust,[*],0,0.0,31,0.4706554412841797
mixed_robust,C,1,0.03225806451612903,31,0.6138448715209961
mixed_robust,C,2,0.06451612903225806,31,0.6138448715209961
mixed_robust,(,3,0.0967741935483871,31,0.7336373329162598
mixed_robust,[*],4,0.12903225806451613,31,0.7286028861999512
mixed_robust,),5,0.16129032258064516,31,0.672337532043457
mixed_robust,n,6,0.1935483870967742,31,0.38071250915527344
mixed_robust,1,7,0.22580645161290322,31,0.2176377773284912
mixed_robust,c,8,0.25806451612903225,31,0.29808712005615234
mixed_robust,2,9,0.2903225806451613,31,0.19575738906860352
mixed_robust,c,10,0.3225806451612903,31,0.28742504119873047
mixed_robust,c,11,0.3548387096774194,31,0.28742504119873047
mixed_robust,c,12,0.3870967741935484,31,0.28742504119873047
mixed_robust,(,13,0.41935483870967744,31,0.03780007362365723
mixed_robust,I,14,0.45161290322580644,31,0.021620750427246094
mixed_robust,),15,0.4838709677419355,31,0.0405576229095459
mixed_robust,c,16,0.5161290322580645,31,0.044254302978515625
mixed_robust,c,17,0.5483870967741935,31,0.044254302978515625
mixed_robust,2,18,0.5806451612903226,31,0.029157638549804688
mixed_robust,c,19,0.6129032258064516,31,0.004309415817260742
mixed_robust,2,20,0.6451612903225806,31,0.0908498764038086
mixed_robust,c,21,0.6774193548387096,31,0.028385639190673828
mixed_robust,c,22,0.7096774193548387,31,0.028385639190673828
mixed_robust,(,23,0.7419354838709677,31,0.19023537635803223
mixed_robust,I,24,0.7741935483870968,31,0.2485673427581787
mixed_robust,),25,0.8064516129032258,31,0.15839147567749023
mixed_robust,c,26,0.8387096774193549,31,0.14306163787841797
mixed_robust,c,27,0.8709677419354839,31,0.14306163787841797
mixed_robust,c,28,0.9032258064516129,31,0.14306163787841797
mixed_robust,2,29,0.9354838709677419,31,0.03398251533508301
mixed_robust,1,30,0.967741935483871,31,0.049683570861816406
mixed_robust,[*],0,0.0,44,0.8049323558807373
mixed_robust,O,1,0.022727272727272728,44,0.8018782138824463
mixed_robust,c,2,0.045454545454545456,44,0.5076804161071777
mixed_robust,1,3,0.06818181818181818,44,0.3904380798339844
mixed_robust,c,4,0.09090909090909091,44,0.325441837310791
mixed_robust,c,5,0.11363636363636363,44,0.325441837310791
mixed_robust,c,6,0.13636363636363635,44,0.325441837310791
mixed_robust,(,7,0.1590909090909091,44,0.40201759338378906
mixed_robust,C,8,0.18181818181818182,44,0.4056739807128906
mixed_robust,(,9,0.20454545454545456,44,0.426189661026001
mixed_robust,C,10,0.22727272727272727,44,0.5081348419189453
mixed_robust,),11,0.25,44,0.33264780044555664
mixed_robust,(,12,0.2727272727272727,44,0.36343955993652344
mixed_robust,C,13,0.29545454545454547,44,0.2762308120727539
mixed_robust,),14,0.3181818181818182,44,0.16366243362426758
mixed_robust,c,15,0.3409090909090909,44,0.14116382598876953
mixed_robust,2,16,0.36363636363636365,44,0.2294921875
mixed_robust,c,17,0.38636363636363635,44,0.13809776306152344
mixed_robust,c,18,0.4090909090909091,44,0.13809776306152344
mixed_robust,c,19,0.4318181818181818,44,0.13809776306152344
mixed_robust,(,20,0.45454545454545453,44,0.17429256439208984
mixed_robust,O,21,0.4772727272727273,44,0.29039764404296875
mixed_robust,c,22,0.5,44,0.15384197235107422
mixed_robust,3,23,0.5227272727272727,44,0.1523432731628418
mixed_robust,n,24,0.5454545454545454,44,0.02083587646484375
mixed_robust,c,25,0.5681818181818182,44,0.03748893737792969
mixed_robust,(,26,0.5909090909090909,44,0.10004854202270508
mixed_robust,[*],27,0.6136363636363636,44,0.07936239242553711
mixed_robust,),28,0.6363636363636364,44,0.0699315071105957
mixed_robust,n,29,0.6590909090909091,44,0.019790172576904297
mixed_robust,c,30,0.6818181818181818,44,0.018526554107666016
mixed_robust,(,31,0.7045454545454546,44,0.06410694122314453
mixed_robust,Cl,32,0.7272727272727273,44,0.004572868347167969
mixed_robust,),33,0.75,44,0.059361934661865234
mixed_robust,n,34,0.7727272727272727,44,0.03306913375854492
mixed_robust,3,35,0.7954545454545454,44,0.010811805725097656
mixed_robust,),36,0.8181818181818182,44,0.024880409240722656
mixed_robust,c,37,0.8409090909090909,44,0.023807525634765625
mixed_robust,c,38,0.8636363636363636,44,0.023807525634765625
mixed_robust,2,39,0.8863636363636364,44,0.05259513854980469
mixed_robust,),40,0.9090909090909091,44,0.017529964447021484
mixed_robust,c,41,0.9318181818181818,44,0.014966964721679688
mixed_robust,c,42,0.9545454545454546,44,0.014966964721679688
mixed_robust,1,43,0.9772727272727273,44,0.03025197982788086
mixed_robust,[*],0,0.0,20,0.4338240623474121
mixed_robust,C,1,0.05,20,0.35543346405029297
mixed_robust,=,2,0.1,20,1.0665369033813477
mixed_robust,C,3,0.15,20,0.49652099609375
mixed_robust,C,4,0.2,20,0.49652099609375
mixed_robust,1,5,0.25,20,0.6396551132202148
mixed_robust,C,6,0.3,20,0.5138611793518066
mixed_robust,C,7,0.35,20,0.5138611793518066
mixed_robust,(,8,0.4,20,0.5655131340026855
mixed_robust,[*],9,0.45,20,0.4723472595214844
mixed_robust,),10,0.5,20,0.3948235511779785
mixed_robust,C,11,0.55,20,0.31540966033935547
mixed_robust,2,12,0.6,20,0.3938884735107422
mixed_robust,C,13,0.65,20,0.36724376678466797
mixed_robust,C,14,0.7,20,0.36724376678466797
mixed_robust,=,15,0.75,20,0.8805384635925293
mixed_robust,C,16,0.8,20,0.08722496032714844
mixed_robust,C,17,0.85,20,0.08722496032714844
mixed_robust,1,18,0.9,20,0.26516151428222656
mixed_robust,2,19,0.95,20,0.16299009323120117
mixed_robust,[*],0,0.0,56,0.40451812744140625
mixed_robust,c,1,0.017857142857142856,56,0.48657679557800293
mixed_robust,1,2,0.03571428571428571,56,0.5067024230957031
mixed_robust,n,3,0.05357142857142857,56,0.15378808975219727
mixed_robust,c,4,0.07142857142857142,56,0.016576766967773438
mixed_robust,2,5,0.08928571428571429,56,0.05040860176086426
mixed_robust,c,6,0.10714285714285714,56,0.011962652206420898
mixed_robust,c,7,0.125,56,0.011962652206420898
mixed_robust,c,8,0.14285714285714285,56,0.011962652206420898
mixed_robust,(,9,0.16071428571428573,56,0.029391765594482422
mixed_robust,-,10,0.17857142857142858,56,0.032293081283569336
mixed_robust,c,11,0.19642857142857142,56,0.033478498458862305
mixed_robust,3,12,0.21428571428571427,56,0.034380197525024414
mixed_robust,c,13,0.23214285714285715,56,0.02243185043334961
mixed_robust,c,14,0.25,56,0.02243185043334961
mixed_robust,c,15,0.26785714285714285,56,0.02243185043334961
mixed_robust,4,16,0.2857142857142857,56,0.026378154754638672
mixed_robust,n,17,0.30357142857142855,56,0.05513572692871094
mixed_robust,c,18,0.32142857142857145,56,0.08701896667480469
mixed_robust,(,19,0.3392857142857143,56,0.07989001274108887
mixed_robust,-,20,0.35714285714285715,56,0.18072843551635742
mixed_robust,c,21,0.375,56,0.1640310287475586
mixed_robust,5,22,0.39285714285714285,56,0.18231964111328125
mixed_robust,c,23,0.4107142857142857,56,0.19137048721313477
mixed_robust,c,24,0.42857142857142855,56,0.19137048721313477
mixed_robust,c,25,0.44642857142857145,56,0.19137048721313477
mixed_robust,c,26,0.4642857142857143,56,0.19137048721313477
mixed_robust,6,27,0.48214285714285715,56,0.25988149642944336
mixed_robust,c,28,0.5,56,0.22147703170776367
mixed_robust,c,29,0.5178571428571429,56,0.22147703170776367
mixed_robust,7,30,0.5357142857142857,56,0.2576134204864502
mixed_robust,c,31,0.5535714285714286,56,0.19947052001953125
mixed_robust,(,32,0.5714285714285714,56,0.21483564376831055
mixed_robust,[*],33,0.5892857142857143,56,0.19940662384033203
mixed_robust,),34,0.6071428571428571,56,0.17430877685546875
mixed_robust,c,35,0.625,56,0.1687173843383789
mixed_robust,c,36,0.6428571428571429,56,0.1687173843383789
mixed_robust,c,37,0.6607142857142857,56,0.1687173843383789
mixed_robust,c,38,0.6785714285714286,56,0.1687173843383789
mixed_robust,7,39,0.6964285714285714,56,0.20147132873535156
mixed_robust,c,40,0.7142857142857143,56,0.1725761890411377
mixed_robust,c,41,0.7321428571428571,56,0.1725761890411377
mixed_robust,5,42,0.75,56,0.12373113632202148
mixed_robust,6,43,0.7678571428571429,56,0.11271524429321289
mixed_robust,),44,0.7857142857142857,56,0.07068729400634766
mixed_robust,s,45,0.8035714285714286,56,0.03507184982299805
mixed_robust,c,46,0.8214285714285714,56,0.04651832580566406
mixed_robust,4,47,0.8392857142857143,56,0.034859657287597656
mixed_robust,c,48,0.8571428571428571,56,0.04653024673461914
mixed_robust,3,49,0.875,56,0.07039213180541992
mixed_robust,),50,0.8928571428571429,56,0.1266326904296875
mixed_robust,c,51,0.9107142857142857,56,0.10903739929199219
mixed_robust,c,52,0.9285714285714286,56,0.10903739929199219
mixed_robust,2,53,0.9464285714285714,56,0.027750492095947266
mixed_robust,s,54,0.9642857142857143,56,0.1310744285583496
mixed_robust,1,55,0.9821428571428571,56,0.026284456253051758
mixed_robust,[*],0,0.0,30,0.3202691078186035
mixed_robust,C,1,0.03333333333333333,30,0.07823681831359863
mixed_robust,(,2,0.06666666666666667,30,0.06852102279663086
mixed_robust,S,3,0.1,30,0.11947059631347656
mixed_robust,1,4,0.13333333333333333,30,0.30055832862854004
mixed_robust,),5,0.16666666666666666,30,0.4268951416015625
mixed_robust,=,6,0.2,30,0.8070592880249023
mixed_robust,C,7,0.23333333333333334,30,0.6045265197753906
mixed_robust,C,8,0.26666666666666666,30,0.6045265197753906
mixed_robust,=,9,0.3,30,0.9261040687561035
mixed_robust,C,10,0.3333333333333333,30,0.5197067260742188
mixed_robust,1,11,0.36666666666666664,30,0.9236118793487549
mixed_robust,C,12,0.4,30,0.8688366413116455
mixed_robust,(,13,0.43333333333333335,30,0.9221518039703369
mixed_robust,=,14,0.4666666666666667,30,1.179481029510498
mixed_robust,S,15,0.5,30,1.1285920143127441
mixed_robust,),16,0.5333333333333333,30,1.0714187622070312
mixed_robust,C,17,0.5666666666666667,30,0.8338804244995117
mixed_robust,(,18,0.6,30,0.8597207069396973
mixed_robust,S,19,0.6333333333333333,30,0.815131664276123
mixed_robust,2,20,0.6666666666666666,30,0.6678202152252197
mixed_robust,),21,0.7,30,0.6648659706115723
mixed_robust,=,22,0.7333333333333333,30,0.9880332946777344
mixed_robust,C,23,0.7666666666666667,30,0.42989397048950195
mixed_robust,C,24,0.8,30,0.42989397048950195
mixed_robust,=,25,0.8333333333333334,30,0.7575852870941162
mixed_robust,C,26,0.8666666666666667,30,0.23442745208740234
mixed_robust,2,27,0.9,30,0.21659636497497559
mixed_robust,O,28,0.9333333333333333,30,0.34964799880981445
mixed_robust,[*],29,0.9666666666666667,30,0.046257972717285156
mixed_robust,[*],0,0.0,63,0.3833274841308594
mixed_robust,O,1,0.015873015873015872,63,0.4683837890625
mixed_robust,c,2,0.031746031746031744,63,0.09142732620239258
mixed_robust,1,3,0.047619047619047616,63,0.03690147399902344
mixed_robust,c,4,0.06349206349206349,63,0.04784250259399414
mixed_robust,c,5,0.07936507936507936,63,0.04784250259399414
mixed_robust,c,6,0.09523809523809523,63,0.04784250259399414
mixed_robust,(,7,0.1111111111111111,63,0.03548288345336914
mixed_robust,C,8,0.12698412698412698,63,0.021788597106933594
mixed_robust,C,9,0.14285714285714285,63,0.021788597106933594
mixed_robust,(,10,0.15873015873015872,63,0.06926965713500977
mixed_robust,N,11,0.1746031746031746,63,0.6465473175048828
mixed_robust,C,12,0.19047619047619047,63,0.032581329345703125
mixed_robust,(,13,0.20634920634920634,63,0.0557560920715332
mixed_robust,=,14,0.2222222222222222,63,0.04541444778442383
mixed_robust,O,15,0.23809523809523808,63,0.16739606857299805
mixed_robust,),16,0.25396825396825395,63,0.02942657470703125
mixed_robust,C,17,0.2698412698412698,63,0.02976846694946289
mixed_robust,C,18,0.2857142857142857,63,0.02976846694946289
mixed_robust,c,19,0.30158730158730157,63,0.08392000198364258
mixed_robust,2,20,0.31746031746031744,63,0.052985191345214844
mixed_robust,c,21,0.3333333333333333,63,0.0616602897644043
mixed_robust,c,22,0.3492063492063492,63,0.0616602897644043
mixed_robust,c,23,0.36507936507936506,63,0.0616602897644043
mixed_robust,(,24,0.38095238095238093,63,0.04889249801635742
mixed_robust,O,25,0.3968253968253968,63,0.11979103088378906
mixed_robust,C,26,0.4126984126984127,63,0.07629251480102539
mixed_robust,(,27,0.42857142857142855,63,0.1132040023803711
mixed_robust,=,28,0.4444444444444444,63,0.014400005340576172
mixed_robust,O,29,0.4603174603174603,63,0.18641042709350586
mixed_robust,),30,0.47619047619047616,63,0.16828155517578125
mixed_robust,C,31,0.49206349206349204,63,0.1731867790222168
mixed_robust,C,32,0.5079365079365079,63,0.1731867790222168
mixed_robust,C,33,0.5238095238095238,63,0.1731867790222168
mixed_robust,C,34,0.5396825396825397,63,0.1731867790222168
mixed_robust,C,35,0.5555555555555556,63,0.1731867790222168
mixed_robust,C,36,0.5714285714285714,63,0.1731867790222168
mixed_robust,C,37,0.5873015873015873,63,0.1731867790222168
mixed_robust,(,38,0.6031746031746031,63,0.18029546737670898
mixed_robust,[*],39,0.6190476190476191,63,0.14775371551513672
mixed_robust,),40,0.6349206349206349,63,0.1292719841003418
mixed_robust,=,41,0.6507936507936508,63,0.04998636245727539
mixed_robust,O,42,0.6666666666666666,63,0.1827387809753418
mixed_robust,),43,0.6825396825396826,63,0.11832523345947266
mixed_robust,c,44,0.6984126984126984,63,0.04914140701293945
mixed_robust,c,45,0.7142857142857143,63,0.04914140701293945
mixed_robust,2,46,0.7301587301587301,63,0.03595685958862305
mixed_robust,),47,0.746031746031746,63,0.06130504608154297
mixed_robust,C,48,0.7619047619047619,63,0.06661128997802734
mixed_robust,(,49,0.7777777777777778,63,0.09968709945678711
mixed_robust,=,50,0.7936507936507936,63,0.056661128997802734
mixed_robust,O,51,0.8095238095238095,63,0.06819343566894531
mixed_robust,),52,0.8253968253968254,63,0.045732975006103516
mixed_robust,O,53,0.8412698412698413,63,0.09088659286499023
mixed_robust,C,54,0.8571428571428571,63,0.0013070106506347656
mixed_robust,(,55,0.873015873015873,63,0.037601470947265625
mixed_robust,C,56,0.8888888888888888,63,0.0021495819091796875
mixed_robust,),57,0.9047619047619048,63,0.004988193511962891
mixed_robust,C,58,0.9206349206349206,63,0.01684093475341797
mixed_robust,),59,0.9365079365079365,63,0.008007049560546875
mixed_robust,c,60,0.9523809523809523,63,0.06900644302368164
mixed_robust,c,61,0.9682539682539683,63,0.06900644302368164
mixed_robust,1,62,0.9841269841269841,63,0.005329132080078125
mixed_robust,[*],0,0.0,23,0.37437963485717773
mixed_robust,C,1,0.043478260869565216,23,0.19216394424438477
mixed_robust,=,2,0.08695652173913043,23,0.8693037033081055
mixed_robust,C,3,0.13043478260869565,23,0.024924755096435547
mixed_robust,C,4,0.17391304347826086,23,0.024924755096435547
mixed_robust,1,5,0.21739130434782608,23,0.1397700309753418
mixed_robust,C,6,0.2608695652173913,23,0.007771015167236328
mixed_robust,C,7,0.30434782608695654,23,0.007771015167236328
mixed_robust,(,8,0.34782608695652173,23,0.1443800926208496
mixed_robust,[*],9,0.391304347826087,23,0.1068720817565918
mixed_robust,),10,0.43478260869565216,23,0.12141799926757812
mixed_robust,C,11,0.4782608695652174,23,0.16494369506835938
mixed_robust,(,12,0.5217391304347826,23,0.11762714385986328
mixed_robust,C,13,0.5652173913043478,23,0.32452964782714844
mixed_robust,(,14,0.6086956521739131,23,0.15906763076782227
mixed_robust,=,15,0.6521739130434783,23,0.4507927894592285
mixed_robust,O,16,0.6956521739130435,23,0.4057478904724121
mixed_robust,),17,0.7391304347826086,23,0.21887445449829102
mixed_robust,O,18,0.782608695652174,23,0.4816923141479492
mixed_robust,C,19,0.8260869565217391,23,0.4826087951660156
mixed_robust,),20,0.8695652173913043,23,0.37447690963745117
mixed_robust,C,21,0.9130434782608695,23,0.32159948348999023
mixed_robust,1,22,0.9565217391304348,23,0.10500192642211914
mixed_robust,[*],0,0.0,26,0.20291471481323242
mixed_robust,N,1,0.038461538461538464,26,0.6588187217712402
mixed_robust,C,2,0.07692307692307693,26,0.7894225120544434
mixed_robust,(,3,0.11538461538461539,26,0.5862603187561035
mixed_robust,c,4,0.15384615384615385,26,0.34546804428100586
mixed_robust,1,5,0.19230769230769232,26,0.5262975692749023
mixed_robust,c,6,0.23076923076923078,26,0.40157556533813477
mixed_robust,c,7,0.2692307692307692,26,0.40157556533813477
mixed_robust,c,8,0.3076923076923077,26,0.40157556533813477
mixed_robust,c,9,0.34615384615384615,26,0.40157556533813477
mixed_robust,c,10,0.38461538461538464,26,0.40157556533813477
mixed_robust,1,11,0.4230769230769231,26,0.4899563789367676
mixed_robust,),12,0.46153846153846156,26,0.40954160690307617
mixed_robust,C,13,0.5,26,0.5628452301025391
mixed_robust,(,14,0.5384615384615384,26,0.43945837020874023
mixed_robust,C,15,0.5769230769230769,26,0.48554182052612305
mixed_robust,),16,0.6153846153846154,26,0.39534950256347656
mixed_robust,(,17,0.6538461538461539,26,0.4970417022705078
mixed_robust,C,18,0.6923076923076923,26,0.39557600021362305
mixed_robust,),19,0.7307692307692307,26,0.27815771102905273
mixed_robust,C,20,0.7692307692307693,26,0.3966512680053711
mixed_robust,(,21,0.8076923076923077,26,0.32007408142089844
mixed_robust,[*],22,0.8461538461538461,26,0.26166868209838867
mixed_robust,),23,0.8846153846153846,26,0.16007471084594727
mixed_robust,=,24,0.9230769230769231,26,0.42038488388061523
mixed_robust,O,25,0.9615384615384616,26,0.605649471282959
mixed_robust,[*],0,0.0,20,0.41986608505249023
mixed_robust,C,1,0.05,20,0.5188727378845215
mixed_robust,C,2,0.1,20,0.5188727378845215
mixed_robust,C,3,0.15,20,0.5188727378845215
mixed_robust,C,4,0.2,20,0.5188727378845215
mixed_robust,C,5,0.25,20,0.5188727378845215
mixed_robust,C,6,0.3,20,0.5188727378845215
mixed_robust,O,7,0.35,20,0.6145672798156738
mixed_robust,C,8,0.4,20,0.6611394882202148
mixed_robust,(,9,0.45,20,0.4977550506591797
mixed_robust,=,10,0.5,20,0.09774637222290039
mixed_robust,O,11,0.55,20,0.29937744140625
mixed_robust,),12,0.6,20,0.09218931198120117
mixed_robust,C,13,0.65,20,0.09820985794067383
mixed_robust,(,14,0.7,20,0.18775606155395508
mixed_robust,=,15,0.75,20,0.2542381286621094
mixed_robust,O,16,0.8,20,0.29546403884887695
mixed_robust,),17,0.85,20,0.03524589538574219
mixed_robust,O,18,0.9,20,0.28042078018188477
mixed_robust,[*],19,0.95,20,0.038220882415771484
mixed_robust,[*],0,0.0,25,0.04624176025390625
mixed_robust,C,1,0.04,25,0.014432907104492188
mixed_robust,C,2,0.08,25,0.014432907104492188
mixed_robust,C,3,0.12,25,0.014432907104492188
mixed_robust,N,4,0.16,25,0.5467715263366699
mixed_robust,C,5,0.2,25,0.061003684997558594
mixed_robust,(,6,0.24,25,0.1536111831665039
mixed_robust,=,7,0.28,25,0.22998046875
mixed_robust,O,8,0.32,25,0.1245121955871582
mixed_robust,),9,0.36,25,0.004719734191894531
mixed_robust,C,10,0.4,25,0.005263328552246094
mixed_robust,C,11,0.44,25,0.005263328552246094
mixed_robust,C,12,0.48,25,0.005263328552246094
mixed_robust,C,13,0.52,25,0.005263328552246094
mixed_robust,C,14,0.56,25,0.005263328552246094
mixed_robust,(,15,0.6,25,0.0129241943359375
mixed_robust,=,16,0.64,25,0.07500743865966797
mixed_robust,O,17,0.68,25,0.048560142517089844
mixed_robust,),18,0.72,25,0.006177425384521484
mixed_robust,N,19,0.76,25,0.07411813735961914
mixed_robust,C,20,0.8,25,0.07488584518432617
mixed_robust,C,21,0.84,25,0.07488584518432617
mixed_robust,C,22,0.88,25,0.07488584518432617
mixed_robust,O,23,0.92,25,0.07654380798339844
mixed_robust,[*],24,0.96,25,0.02328205108642578
mixed_robust,[*],0,0.0,20,0.6314084529876709
mixed_robust,C,1,0.05,20,0.6787540912628174
mixed_robust,C,2,0.1,20,0.6787540912628174
mixed_robust,(,3,0.15,20,0.630239725112915
mixed_robust,[*],4,0.2,20,0.8143441677093506
mixed_robust,),5,0.25,20,0.8289172649383545
mixed_robust,c,6,0.3,20,0.6993744373321533
mixed_robust,1,7,0.35,20,0.3406693935394287
mixed_robust,c,8,0.4,20,0.7407100200653076
mixed_robust,c,9,0.45,20,0.7407100200653076
mixed_robust,c,10,0.5,20,0.7407100200653076
mixed_robust,(,11,0.55,20,0.05502462387084961
mixed_robust,C,12,0.6,20,0.05119013786315918
mixed_robust,),13,0.65,20,0.5940539836883545
mixed_robust,c,14,0.7,20,0.6429121494293213
mixed_robust,(,15,0.75,20,0.21435904502868652
mixed_robust,C,16,0.8,20,0.07873296737670898
mixed_robust,),17,0.85,20,0.24666476249694824
mixed_robust,c,18,0.9,20,0.21085000038146973
mixed_robust,1,19,0.95,20,0.28221821784973145
mixed_robust,[*],0,0.0,34,0.1241452693939209
mixed_robust,c,1,0.029411764705882353,34,0.2227640151977539
mixed_robust,1,2,0.058823529411764705,34,0.2147982120513916
mixed_robust,c,3,0.08823529411764706,34,0.2667684555053711
mixed_robust,c,4,0.11764705882352941,34,0.2667684555053711
mixed_robust,c,5,0.14705882352941177,34,0.2667684555053711
mixed_robust,2,6,0.17647058823529413,34,0.21773982048034668
mixed_robust,c,7,0.20588235294117646,34,0.23691749572753906
mixed_robust,(,8,0.23529411764705882,34,0.20616841316223145
mixed_robust,c,9,0.2647058823529412,34,0.13776755332946777
mixed_robust,1,10,0.29411764705882354,34,0.08474493026733398
mixed_robust,),11,0.3235294117647059,34,0.1692652702331543
mixed_robust,c,12,0.35294117647058826,34,0.06926536560058594
mixed_robust,1,13,0.38235294117647056,34,0.050437211990356445
mixed_robust,c,14,0.4117647058823529,34,0.0916900634765625
mixed_robust,c,15,0.4411764705882353,34,0.0916900634765625
mixed_robust,(,16,0.47058823529411764,34,0.10306072235107422
mixed_robust,[*],17,0.5,34,0.13623619079589844
mixed_robust,),18,0.5294117647058824,34,0.14844584465026855
mixed_robust,c,19,0.5588235294117647,34,0.13963961601257324
mixed_robust,c,20,0.5882352941176471,34,0.13963961601257324
mixed_robust,c,21,0.6176470588235294,34,0.13963961601257324
mixed_robust,1,22,0.6470588235294118,34,0.10391759872436523
mixed_robust,n,23,0.6764705882352942,34,0.06728720664978027
mixed_robust,2,24,0.7058823529411765,34,0.002330303192138672
mixed_robust,-,25,0.7352941176470589,34,0.01849365234375
mixed_robust,c,26,0.7647058823529411,34,0.057726383209228516
mixed_robust,1,27,0.7941176470588235,34,0.025434017181396484
mixed_robust,c,28,0.8235294117647058,34,0.015208721160888672
mixed_robust,c,29,0.8529411764705882,34,0.015208721160888672
mixed_robust,c,30,0.8823529411764706,34,0.015208721160888672
mixed_robust,c,31,0.9117647058823529,34,0.015208721160888672
mixed_robust,c,32,0.9411764705882353,34,0.015208721160888672
mixed_robust,1,33,0.9705882352941176,34,0.036080360412597656
mixed_robust,[*],0,0.0,26,0.05726957321166992
mixed_robust,C,1,0.038461538461538464,26,0.05413818359375
mixed_robust,C,2,0.07692307692307693,26,0.05413818359375
mixed_robust,C,3,0.11538461538461539,26,0.05413818359375
mixed_robust,C,4,0.15384615384615385,26,0.05413818359375
mixed_robust,C,5,0.19230769230769232,26,0.05413818359375
mixed_robust,C,6,0.23076923076923078,26,0.05413818359375
mixed_robust,N,7,0.2692307692307692,26,0.003980159759521484
mixed_robust,C,8,0.3076923076923077,26,0.04640340805053711
mixed_robust,(,9,0.34615384615384615,26,0.02632427215576172
mixed_robust,=,10,0.38461538461538464,26,0.03428220748901367
mixed_robust,O,11,0.4230769230769231,26,0.2546811103820801
mixed_robust,),12,0.46153846153846156,26,0.06632471084594727
mixed_robust,N,13,0.5,26,0.08284807205200195
mixed_robust,C,14,0.5384615384615384,26,0.09732580184936523
mixed_robust,C,15,0.5769230769230769,26,0.09732580184936523
mixed_robust,C,16,0.6153846153846154,26,0.09732580184936523
mixed_robust,C,17,0.6538461538461539,26,0.09732580184936523
mixed_robust,N,18,0.6923076923076923,26,0.07506990432739258
mixed_robust,C,19,0.7307692307692307,26,0.02141857147216797
mixed_robust,(,20,0.7692307692307693,26,0.004300117492675781
mixed_robust,=,21,0.8076923076923077,26,0.05380105972290039
mixed_robust,O,22,0.8461538461538461,26,0.3521304130554199
mixed_robust,),23,0.8846153846153846,26,0.10586023330688477
mixed_robust,N,24,0.9230769230769231,26,0.06354713439941406
mixed_robust,[*],25,0.9615384615384616,26,0.01529073715209961
mixed_robust,[*],0,0.0,16,0.045121192932128906
mixed_robust,C,1,0.0625,16,0.1340346336364746
mixed_robust,C,2,0.125,16,0.1340346336364746
mixed_robust,(,3,0.1875,16,0.0009331703186035156
mixed_robust,[*],4,0.25,16,0.05127763748168945
mixed_robust,),5,0.3125,16,0.033060550689697266
mixed_robust,(,6,0.375,16,0.11505746841430664
mixed_robust,Cl,7,0.4375,16,0.24840402603149414
mixed_robust,),8,0.5,16,0.36546897888183594
mixed_robust,C,9,0.5625,16,0.5768194198608398
mixed_robust,(,10,0.625,16,0.35596275329589844
mixed_robust,=,11,0.6875,16,0.02050161361694336
mixed_robust,O,12,0.75,16,0.543910026550293
mixed_robust,),13,0.8125,16,0.005330085754394531
mixed_robust,O,14,0.875,16,0.40991735458374023
mixed_robust,C,15,0.9375,16,0.0019674301147460938
mixed_robust,[*],0,0.0,38,0.2281496524810791
mixed_robust,O,1,0.02631578947368421,38,0.25067567825317383
mixed_robust,C,2,0.05263157894736842,38,0.006511688232421875
mixed_robust,(,3,0.07894736842105263,38,0.20351791381835938
mixed_robust,=,4,0.10526315789473684,38,0.21376943588256836
mixed_robust,O,5,0.13157894736842105,38,0.312272310256958
mixed_robust,),6,0.15789473684210525,38,0.019978046417236328
mixed_robust,c,7,0.18421052631578946,38,0.015532970428466797
mixed_robust,1,8,0.21052631578947367,38,0.1655278205871582
mixed_robust,c,9,0.23684210526315788,38,0.044699668884277344
mixed_robust,c,10,0.2631578947368421,38,0.044699668884277344
mixed_robust,c,11,0.2894736842105263,38,0.044699668884277344
mixed_robust,(,12,0.3157894736842105,38,0.17103886604309082
mixed_robust,C,13,0.34210526315789475,38,0.04071807861328125
mixed_robust,C,14,0.3684210526315789,38,0.04071807861328125
mixed_robust,C,15,0.39473684210526316,38,0.04071807861328125
mixed_robust,C,16,0.42105263157894735,38,0.04071807861328125
mixed_robust,C,17,0.4473684210526316,38,0.04071807861328125
mixed_robust,c,18,0.47368421052631576,38,0.04786825180053711
mixed_robust,2,19,0.5,38,0.041591644287109375
mixed_robust,c,20,0.5263157894736842,38,0.12095117568969727
mixed_robust,c,21,0.5526315789473685,38,0.12095117568969727
mixed_robust,c,22,0.5789473684210527,38,0.12095117568969727
mixed_robust,(,23,0.6052631578947368,38,0.010612964630126953
mixed_robust,C,24,0.631578947368421,38,0.02600860595703125
mixed_robust,(,25,0.6578947368421053,38,0.12163043022155762
mixed_robust,[*],26,0.6842105263157895,38,0.07449007034301758
mixed_robust,),27,0.7105263157894737,38,0.002460002899169922
mixed_robust,=,28,0.7368421052631579,38,0.23117494583129883
mixed_robust,O,29,0.7631578947368421,38,0.11736512184143066
mixed_robust,),30,0.7894736842105263,38,0.032797813415527344
mixed_robust,c,31,0.8157894736842105,38,0.042285919189453125
mixed_robust,c,32,0.8421052631578947,38,0.042285919189453125
mixed_robust,2,33,0.868421052631579,38,0.07345867156982422
mixed_robust,),34,0.8947368421052632,38,0.2636556625366211
mixed_robust,c,35,0.9210526315789473,38,0.18514633178710938
mixed_robust,c,36,0.9473684210526315,38,0.18514633178710938
mixed_robust,1,37,0.9736842105263158,38,0.031232833862304688
mixed_robust,[*],0,0.0,77,0.06428194046020508
mixed_robust,c,1,0.012987012987012988,77,0.04120826721191406
mixed_robust,1,2,0.025974025974025976,77,0.025130748748779297
mixed_robust,c,3,0.03896103896103896,77,0.06267261505126953
mixed_robust,c,4,0.05194805194805195,77,0.06267261505126953
mixed_robust,c,5,0.06493506493506493,77,0.06267261505126953
mixed_robust,(,6,0.07792207792207792,77,0.05064725875854492
mixed_robust,O,7,0.09090909090909091,77,0.08150005340576172
mixed_robust,c,8,0.1038961038961039,77,0.03466653823852539
mixed_robust,2,9,0.11688311688311688,77,0.02053356170654297
mixed_robust,c,10,0.12987012987012986,77,0.03327512741088867
mixed_robust,c,11,0.14285714285714285,77,0.03327512741088867
mixed_robust,c,12,0.15584415584415584,77,0.03327512741088867
mixed_robust,(,13,0.16883116883116883,77,0.02182149887084961
mixed_robust,-,14,0.18181818181818182,77,0.006991863250732422
mixed_robust,c,15,0.19480519480519481,77,0.008543729782104492
mixed_robust,3,16,0.2077922077922078,77,0.0036492347717285156
mixed_robust,n,17,0.22077922077922077,77,0.03615713119506836
mixed_robust,c,18,0.23376623376623376,77,0.048903703689575195
mixed_robust,4,19,0.24675324675324675,77,0.04188728332519531
mixed_robust,c,20,0.2597402597402597,77,0.08470630645751953
mixed_robust,c,21,0.2727272727272727,77,0.08470630645751953
mixed_robust,(,22,0.2857142857142857,77,0.053537845611572266
mixed_robust,-,23,0.2987012987012987,77,0.07751846313476562
mixed_robust,c,24,0.3116883116883117,77,0.05016756057739258
mixed_robust,5,25,0.3246753246753247,77,0.048096656799316406
mixed_robust,c,26,0.33766233766233766,77,0.0658719539642334
mixed_robust,c,27,0.35064935064935066,77,0.0658719539642334
mixed_robust,c,28,0.36363636363636365,77,0.0658719539642334
mixed_robust,6,29,0.37662337662337664,77,0.061444759368896484
mixed_robust,n,30,0.38961038961038963,77,0.0684518814086914
mixed_robust,c,31,0.4025974025974026,77,0.035817623138427734
mixed_robust,(,32,0.4155844155844156,77,0.03334665298461914
mixed_robust,[*],33,0.42857142857142855,77,0.046129465103149414
mixed_robust,),34,0.44155844155844154,77,0.011592626571655273
mixed_robust,c,35,0.45454545454545453,77,0.008257627487182617
mixed_robust,(,36,0.4675324675324675,77,0.012859344482421875
mixed_robust,-,37,0.4805194805194805,77,0.021530628204345703
mixed_robust,c,38,0.4935064935064935,77,0.021998882293701172
mixed_robust,7,39,0.5064935064935064,77,0.034072160720825195
mixed_robust,c,40,0.5194805194805194,77,0.007904767990112305
mixed_robust,c,41,0.5324675324675324,77,0.007904767990112305
mixed_robust,c,42,0.5454545454545454,77,0.007904767990112305
mixed_robust,c,43,0.5584415584415584,77,0.007904767990112305
mixed_robust,c,44,0.5714285714285714,77,0.007904767990112305
mixed_robust,7,45,0.5844155844155844,77,0.05756425857543945
mixed_robust,),46,0.5974025974025974,77,0.009397268295288086
mixed_robust,n,47,0.6103896103896104,77,0.14514589309692383
mixed_robust,c,48,0.6233766233766234,77,0.13701152801513672
mixed_robust,6,49,0.6363636363636364,77,0.15286517143249512
mixed_robust,c,50,0.6493506493506493,77,0.13622713088989258
mixed_robust,5,51,0.6623376623376623,77,0.14928770065307617
mixed_robust,),52,0.6753246753246753,77,0.09037446975708008
mixed_robust,c,53,0.6883116883116883,77,0.04514622688293457
mixed_robust,c,54,0.7012987012987013,77,0.04514622688293457
mixed_robust,c,55,0.7142857142857143,77,0.04514622688293457
mixed_robust,4,56,0.7272727272727273,77,0.06110715866088867
mixed_robust,n,57,0.7402597402597403,77,0.03959369659423828
mixed_robust,c,58,0.7532467532467533,77,0.007033824920654297
mixed_robust,3,59,0.7662337662337663,77,0.02219676971435547
mixed_robust,-,60,0.7792207792207793,77,0.008311271667480469
mixed_robust,c,61,0.7922077922077922,77,0.022326946258544922
mixed_robust,3,62,0.8051948051948052,77,0.011439323425292969
mixed_robust,c,63,0.8181818181818182,77,0.007433176040649414
mixed_robust,c,64,0.8311688311688312,77,0.007433176040649414
mixed_robust,c,65,0.8441558441558441,77,0.007433176040649414
mixed_robust,c,66,0.8571428571428571,77,0.007433176040649414
mixed_robust,c,67,0.8701298701298701,77,0.007433176040649414
mixed_robust,3,68,0.8831168831168831,77,0.06435585021972656
mixed_robust,),69,0.8961038961038961,77,0.03911781311035156
mixed_robust,c,70,0.9090909090909091,77,0.016444683074951172
mixed_robust,c,71,0.922077922077922,77,0.016444683074951172
mixed_robust,2,72,0.935064935064935,77,0.03454923629760742
mixed_robust,),73,0.948051948051948,77,0.027622699737548828
mixed_robust,c,74,0.961038961038961,77,0.016311168670654297
mixed_robust,c,75,0.974025974025974,77,0.016311168670654297
mixed_robust,1,76,0.987012987012987,77,0.01984882354736328
mixed_robust,[*],0,0.0,33,0.6896376609802246
mixed_robust,C,1,0.030303030303030304,33,0.8399779796600342
mixed_robust,#,2,0.06060606060606061,33,1.4542303085327148
mixed_robust,C,3,0.09090909090909091,33,0.1696000099182129
mixed_robust,C,4,0.12121212121212122,33,0.1696000099182129
mixed_robust,(,5,0.15151515151515152,33,0.15283203125
mixed_robust,C,6,0.18181818181818182,33,0.14192700386047363
mixed_robust,O,7,0.21212121212121213,33,0.4442603588104248
mixed_robust,),8,0.24242424242424243,33,0.45847439765930176
mixed_robust,=,9,0.2727272727272727,33,0.3577127456665039
mixed_robust,C,10,0.30303030303030304,33,0.20382952690124512
mixed_robust,(,11,0.3333333333333333,33,0.44974350929260254
mixed_robust,[*],12,0.36363636363636365,33,0.48093581199645996
mixed_robust,),13,0.3939393939393939,33,0.43950557708740234
mixed_robust,n,14,0.42424242424242425,33,0.6487247943878174
mixed_robust,1,15,0.45454545454545453,33,0.3986814022064209
mixed_robust,c,16,0.48484848484848486,33,0.4103095531463623
mixed_robust,2,17,0.5151515151515151,33,0.41605138778686523
mixed_robust,c,18,0.5454545454545454,33,0.2652559280395508
mixed_robust,c,19,0.5757575757575758,33,0.2652559280395508
mixed_robust,c,20,0.6060606060606061,33,0.2652559280395508
mixed_robust,c,21,0.6363636363636364,33,0.2652559280395508
mixed_robust,c,22,0.6666666666666666,33,0.2652559280395508
mixed_robust,2,23,0.696969696969697,33,0.29277777671813965
mixed_robust,c,24,0.7272727272727273,33,0.19901299476623535
mixed_robust,2,25,0.7575757575757576,33,0.2520277500152588
mixed_robust,c,26,0.7878787878787878,33,0.20127582550048828
mixed_robust,c,27,0.8181818181818182,33,0.20127582550048828
mixed_robust,c,28,0.8484848484848485,33,0.20127582550048828
mixed_robust,c,29,0.8787878787878788,33,0.20127582550048828
mixed_robust,c,30,0.9090909090909091,33,0.20127582550048828
mixed_robust,2,31,0.9393939393939394,33,0.12398147583007812
mixed_robust,1,32,0.9696969696969697,33,0.08277368545532227
mixed_robust,[*],0,0.0,8,0.15454864501953125
mixed_robust,C,1,0.125,8,0.2488079071044922
mixed_robust,C,2,0.25,8,0.2488079071044922
mixed_robust,(,3,0.375,8,0.025307655334472656
mixed_robust,[*],4,0.5,8,0.05260133743286133
mixed_robust,),5,0.625,8,0.08709383010864258
mixed_robust,O,6,0.75,8,0.4726133346557617
mixed_robust,C,7,0.875,8,0.06054115295410156
mixed_robust,[*],0,0.0,56,0.3171665668487549
mixed_robust,C,1,0.017857142857142856,56,0.2106761932373047
mixed_robust,C,2,0.03571428571428571,56,0.2106761932373047
mixed_robust,C,3,0.05357142857142857,56,0.2106761932373047
mixed_robust,C,4,0.07142857142857142,56,0.2106761932373047
mixed_robust,C,5,0.08928571428571429,56,0.2106761932373047
mixed_robust,C,6,0.10714285714285714,56,0.2106761932373047
mixed_robust,C,7,0.125,56,0.2106761932373047
mixed_robust,C,8,0.14285714285714285,56,0.2106761932373047
mixed_robust,C,9,0.16071428571428573,56,0.2106761932373047
mixed_robust,C,10,0.17857142857142858,56,0.2106761932373047
mixed_robust,O,11,0.19642857142857142,56,0.23465633392333984
mixed_robust,c,12,0.21428571428571427,56,0.12372469902038574
mixed_robust,1,13,0.23214285714285715,56,0.14543485641479492
mixed_robust,c,14,0.25,56,0.09262681007385254
mixed_robust,c,15,0.26785714285714285,56,0.09262681007385254
mixed_robust,c,16,0.2857142857142857,56,0.09262681007385254
mixed_robust,(,17,0.30357142857142855,56,0.20815300941467285
mixed_robust,O,18,0.32142857142857145,56,0.19234323501586914
mixed_robust,C,19,0.3392857142857143,56,0.1285548210144043
mixed_robust,(,20,0.35714285714285715,56,0.1505568027496338
mixed_robust,=,21,0.375,56,0.1313471794128418
mixed_robust,O,22,0.39285714285714285,56,0.21430468559265137
mixed_robust,),23,0.4107142857142857,56,0.09694218635559082
mixed_robust,c,24,0.42857142857142855,56,0.05419349670410156
mixed_robust,2,25,0.44642857142857145,56,0.04763507843017578
mixed_robust,c,26,0.4642857142857143,56,0.05980348587036133
mixed_robust,c,27,0.48214285714285715,56,0.05980348587036133
mixed_robust,c,28,0.5,56,0.05980348587036133
mixed_robust,(,29,0.5178571428571429,56,0.15393710136413574
mixed_robust,C,30,0.5357142857142857,56,0.09496092796325684
mixed_robust,(,31,0.5535714285714286,56,0.09464740753173828
mixed_robust,=,32,0.5714285714285714,56,0.06250143051147461
mixed_robust,O,33,0.5892857142857143,56,0.20891141891479492
mixed_robust,),34,0.6071428571428571,56,0.08373308181762695
mixed_robust,O,35,0.625,56,0.1374211311340332
mixed_robust,c,36,0.6428571428571429,56,0.029116153717041016
mixed_robust,3,37,0.6607142857142857,56,0.06460857391357422
mixed_robust,c,38,0.6785714285714286,56,0.006620883941650391
mixed_robust,c,39,0.6964285714285714,56,0.006620883941650391
mixed_robust,c,40,0.7142857142857143,56,0.006620883941650391
mixed_robust,(,41,0.7321428571428571,56,0.0950005054473877
mixed_robust,O,42,0.75,56,0.09466028213500977
mixed_robust,[*],43,0.7678571428571429,56,0.15000152587890625
mixed_robust,),44,0.7857142857142857,56,0.1369161605834961
mixed_robust,c,45,0.8035714285714286,56,0.18211984634399414
mixed_robust,c,46,0.8214285714285714,56,0.18211984634399414
mixed_robust,3,47,0.8392857142857143,56,0.16052722930908203
mixed_robust,),48,0.8571428571428571,56,0.03182792663574219
mixed_robust,c,49,0.875,56,0.08846521377563477
mixed_robust,c,50,0.8928571428571429,56,0.08846521377563477
mixed_robust,2,51,0.9107142857142857,56,0.1490483283996582
mixed_robust,),52,0.9285714285714286,56,0.04453229904174805
mixed_robust,c,53,0.9464285714285714,56,0.04217529296875
mixed_robust,c,54,0.9642857142857143,56,0.04217529296875
mixed_robust,1,55,0.9821428571428571,56,0.014791488647460938
mixed_robust,[*],0,0.0,20,0.1311039924621582
mixed_robust,C,1,0.05,20,0.36328935623168945
mixed_robust,C,2,0.1,20,0.36328935623168945
mixed_robust,(,3,0.15,20,0.008799552917480469
mixed_robust,C,4,0.2,20,0.1253972053527832
mixed_robust,),5,0.25,20,0.38794660568237305
mixed_robust,(,6,0.3,20,0.3068728446960449
mixed_robust,C,7,0.35,20,0.25362348556518555
mixed_robust,),8,0.4,20,0.6517186164855957
mixed_robust,C,9,0.45,20,0.6128625869750977
mixed_robust,S,10,0.5,20,0.7462878227233887
mixed_robust,(,11,0.55,20,0.35548925399780273
mixed_robust,[*],12,0.6,20,0.4776148796081543
mixed_robust,),13,0.65,20,0.559074878692627
mixed_robust,(,14,0.7,20,0.3465123176574707
mixed_robust,=,15,0.75,20,0.10062980651855469
mixed_robust,O,16,0.8,20,0.9243841171264648
mixed_robust,),17,0.85,20,0.08985185623168945
mixed_robust,=,18,0.9,20,0.09214544296264648
mixed_robust,O,19,0.95,20,0.726811408996582
mixed_robust,[*],0,0.0,79,0.29582881927490234
mixed_robust,O,1,0.012658227848101266,79,0.18191123008728027
mixed_robust,c,2,0.02531645569620253,79,0.008597612380981445
mixed_robust,1,3,0.0379746835443038,79,0.025310277938842773
mixed_robust,c,4,0.05063291139240506,79,0.005512237548828125
mixed_robust,c,5,0.06329113924050633,79,0.005512237548828125
mixed_robust,c,6,0.0759493670886076,79,0.005512237548828125
mixed_robust,(,7,0.08860759493670886,79,0.04344296455383301
mixed_robust,N,8,0.10126582278481013,79,0.09943604469299316
mixed_robust,C,9,0.11392405063291139,79,0.07550597190856934
mixed_robust,(,10,0.12658227848101267,79,0.07447433471679688
mixed_robust,=,11,0.13924050632911392,79,0.12863373756408691
mixed_robust,O,12,0.1518987341772152,79,0.24579334259033203
mixed_robust,),13,0.16455696202531644,79,0.2023305892944336
mixed_robust,c,14,0.17721518987341772,79,0.17273545265197754
mixed_robust,2,15,0.189873417721519,79,0.17082858085632324
mixed_robust,c,16,0.20253164556962025,79,0.16405296325683594
mixed_robust,c,17,0.21518987341772153,79,0.16405296325683594
mixed_robust,c,18,0.22784810126582278,79,0.16405296325683594
mixed_robust,(,19,0.24050632911392406,79,0.20278453826904297
mixed_robust,C,20,0.25316455696202533,79,0.19978570938110352
mixed_robust,(,21,0.26582278481012656,79,0.22891831398010254
mixed_robust,=,22,0.27848101265822783,79,0.19256043434143066
mixed_robust,O,23,0.2911392405063291,79,0.013945817947387695
mixed_robust,),24,0.3037974683544304,79,0.04386305809020996
mixed_robust,N,25,0.31645569620253167,79,0.048407793045043945
mixed_robust,c,26,0.3291139240506329,79,0.04602837562561035
mixed_robust,3,27,0.34177215189873417,79,0.029177427291870117
mixed_robust,c,28,0.35443037974683544,79,0.03330874443054199
mixed_robust,c,29,0.3670886075949367,79,0.03330874443054199
mixed_robust,c,30,0.379746835443038,79,0.03330874443054199
mixed_robust,(,31,0.3924050632911392,79,0.025922775268554688
mixed_robust,O,32,0.4050632911392405,79,0.0015528202056884766
mixed_robust,c,33,0.4177215189873418,79,0.014580249786376953
mixed_robust,4,34,0.43037974683544306,79,0.02734971046447754
mixed_robust,c,35,0.4430379746835443,79,0.01144719123840332
mixed_robust,c,36,0.45569620253164556,79,0.01144719123840332
mixed_robust,c,37,0.46835443037974683,79,0.01144719123840332
mixed_robust,(,38,0.4810126582278481,79,0.027933120727539062
mixed_robust,C,39,0.4936708860759494,79,0.03235816955566406
mixed_robust,5,40,0.5063291139240507,79,0.09156298637390137
mixed_robust,(,41,0.5189873417721519,79,0.06306338310241699
mixed_robust,c,42,0.5316455696202531,79,0.1327977180480957
mixed_robust,6,43,0.5443037974683544,79,0.12000012397766113
mixed_robust,c,44,0.5569620253164557,79,0.11053729057312012
mixed_robust,c,45,0.569620253164557,79,0.11053729057312012
mixed_robust,c,46,0.5822784810126582,79,0.11053729057312012
mixed_robust,(,47,0.5949367088607594,79,0.09238243103027344
mixed_robust,[*],48,0.6075949367088608,79,0.11081385612487793
mixed_robust,),49,0.620253164556962,79,0.14413237571716309
mixed_robust,c,50,0.6329113924050633,79,0.14266276359558105
mixed_robust,c,51,0.6455696202531646,79,0.14266276359558105
mixed_robust,6,52,0.6582278481012658,79,0.14794325828552246
mixed_robust,),53,0.6708860759493671,79,0.17960190773010254
mixed_robust,C,54,0.6835443037974683,79,0.18328309059143066
mixed_robust,C,55,0.6962025316455697,79,0.18328309059143066
mixed_robust,6,56,0.7088607594936709,79,0.1815023422241211
mixed_robust,C,57,0.7215189873417721,79,0.1598198413848877
mixed_robust,C,58,0.7341772151898734,79,0.1598198413848877
mixed_robust,C,59,0.7468354430379747,79,0.1598198413848877
mixed_robust,5,60,0.759493670886076,79,0.190687894821167
mixed_robust,C,61,0.7721518987341772,79,0.0789792537689209
mixed_robust,6,62,0.7848101265822784,79,0.10548663139343262
mixed_robust,),63,0.7974683544303798,79,0.09815430641174316
mixed_robust,c,64,0.810126582278481,79,0.051491498947143555
mixed_robust,c,65,0.8227848101265823,79,0.051491498947143555
mixed_robust,4,66,0.8354430379746836,79,0.05700278282165527
mixed_robust,),67,0.8481012658227848,79,0.033724069595336914
mixed_robust,c,68,0.8607594936708861,79,0.06330227851867676
mixed_robust,c,69,0.8734177215189873,79,0.06330227851867676
mixed_robust,3,70,0.8860759493670886,79,0.06521296501159668
mixed_robust,),71,0.8987341772151899,79,0.029914379119873047
mixed_robust,c,72,0.9113924050632911,79,0.006586790084838867
mixed_robust,c,73,0.9240506329113924,79,0.006586790084838867
mixed_robust,2,74,0.9367088607594937,79,0.0043795108795166016
mixed_robust,),75,0.9493670886075949,79,0.04736757278442383
mixed_robust,c,76,0.9620253164556962,79,0.02502298355102539
mixed_robust,c,77,0.9746835443037974,79,0.02502298355102539
mixed_robust,1,78,0.9873417721518988,79,0.015350580215454102
mixed_robust,[*],0,0.0,62,0.23252582550048828
mixed_robust,O,1,0.016129032258064516,62,0.35456061363220215
mixed_robust,c,2,0.03225806451612903,62,0.11196660995483398
mixed_robust,1,3,0.04838709677419355,62,0.018636226654052734
mixed_robust,c,4,0.06451612903225806,62,0.0655984878540039
mixed_robust,c,5,0.08064516129032258,62,0.0655984878540039
mixed_robust,c,6,0.0967741935483871,62,0.0655984878540039
mixed_robust,(,7,0.11290322580645161,62,0.03845643997192383
mixed_robust,C,8,0.12903225806451613,62,0.013660430908203125
mixed_robust,(,9,0.14516129032258066,62,0.006847858428955078
mixed_robust,C,10,0.16129032258064516,62,0.0050048828125
mixed_robust,),11,0.1774193548387097,62,0.014399051666259766
mixed_robust,(,12,0.1935483870967742,62,0.006880283355712891
mixed_robust,C,13,0.20967741935483872,62,0.09935855865478516
mixed_robust,),14,0.22580645161290322,62,0.11392736434936523
mixed_robust,c,15,0.24193548387096775,62,0.1905055046081543
mixed_robust,2,16,0.25806451612903225,62,0.15176630020141602
mixed_robust,c,17,0.27419354838709675,62,0.19334793090820312
mixed_robust,c,18,0.2903225806451613,62,0.19334793090820312
mixed_robust,c,19,0.3064516129032258,62,0.19334793090820312
mixed_robust,(,20,0.3225806451612903,62,0.12010860443115234
mixed_robust,O,21,0.3387096774193548,62,0.13825654983520508
mixed_robust,C,22,0.3548387096774194,62,0.15268754959106445
mixed_robust,(,23,0.3709677419354839,62,0.09285163879394531
mixed_robust,=,24,0.3870967741935484,62,0.21195459365844727
mixed_robust,O,25,0.4032258064516129,62,0.07672500610351562
mixed_robust,),26,0.41935483870967744,62,0.10605764389038086
mixed_robust,O,27,0.43548387096774194,62,0.02309274673461914
mixed_robust,C,28,0.45161290322580644,62,0.043149471282958984
mixed_robust,C,29,0.46774193548387094,62,0.043149471282958984
mixed_robust,N,30,0.4838709677419355,62,0.053286075592041016
mixed_robust,(,31,0.5,62,0.02625274658203125
mixed_robust,C,32,0.5161290322580645,62,0.009310722351074219
mixed_robust,C,33,0.532258064516129,62,0.009310722351074219
mixed_robust,O,34,0.5483870967741935,62,0.08062267303466797
mixed_robust,C,35,0.5645161290322581,62,0.03708600997924805
mixed_robust,(,36,0.5806451612903226,62,0.07146120071411133
mixed_robust,[*],37,0.5967741935483871,62,0.06455755233764648
mixed_robust,),38,0.6129032258064516,62,0.09901285171508789
mixed_robust,=,39,0.6290322580645161,62,0.19830560684204102
mixed_robust,O,40,0.6451612903225806,62,0.10162639617919922
mixed_robust,),41,0.6612903225806451,62,0.023137569427490234
mixed_robust,c,42,0.6774193548387096,62,0.12296867370605469
mixed_robust,3,43,0.6935483870967742,62,0.15723466873168945
mixed_robust,c,44,0.7096774193548387,62,0.15903568267822266
mixed_robust,c,45,0.7258064516129032,62,0.15903568267822266
mixed_robust,c,46,0.7419354838709677,62,0.15903568267822266
mixed_robust,(,47,0.7580645161290323,62,0.08149337768554688
mixed_robust,O,48,0.7741935483870968,62,0.04749870300292969
mixed_robust,C,49,0.7903225806451613,62,0.12562990188598633
mixed_robust,),50,0.8064516129032258,62,0.14983272552490234
mixed_robust,c,51,0.8225806451612904,62,0.18334436416625977
mixed_robust,c,52,0.8387096774193549,62,0.18334436416625977
mixed_robust,3,53,0.8548387096774194,62,0.13769769668579102
mixed_robust,),54,0.8709677419354839,62,0.02466583251953125
mixed_robust,c,55,0.8870967741935484,62,0.028939247131347656
mixed_robust,c,56,0.9032258064516129,62,0.028939247131347656
mixed_robust,2,57,0.9193548387096774,62,0.06535100936889648
mixed_robust,),58,0.9354838709677419,62,0.02455282211303711
mixed_robust,c,59,0.9516129032258065,62,0.059163570404052734
mixed_robust,c,60,0.967741935483871,62,0.059163570404052734
mixed_robust,1,61,0.9838709677419355,62,0.028441429138183594
mixed_robust,[*],0,0.0,40,0.07168102264404297
mixed_robust,C,1,0.025,40,0.08078384399414062
mixed_robust,C,2,0.05,40,0.08078384399414062
mixed_robust,C,3,0.075,40,0.08078384399414062
mixed_robust,C,4,0.1,40,0.08078384399414062
mixed_robust,N,5,0.125,40,0.08809280395507812
mixed_robust,C,6,0.15,40,0.0804901123046875
mixed_robust,(,7,0.175,40,0.06526994705200195
mixed_robust,=,8,0.2,40,0.10608053207397461
mixed_robust,O,9,0.225,40,0.13891077041625977
mixed_robust,),10,0.25,40,0.03723907470703125
mixed_robust,C,11,0.275,40,0.08249092102050781
mixed_robust,C,12,0.3,40,0.08249092102050781
mixed_robust,C,13,0.325,40,0.08249092102050781
mixed_robust,C,14,0.35,40,0.08249092102050781
mixed_robust,C,15,0.375,40,0.08249092102050781
mixed_robust,C,16,0.4,40,0.08249092102050781
mixed_robust,C,17,0.425,40,0.08249092102050781
mixed_robust,(,18,0.45,40,0.07025146484375
mixed_robust,=,19,0.475,40,0.06644058227539062
mixed_robust,O,20,0.5,40,0.1363677978515625
mixed_robust,),21,0.525,40,0.013637542724609375
mixed_robust,N,22,0.55,40,0.023107528686523438
mixed_robust,C,23,0.575,40,0.02954721450805664
mixed_robust,C,24,0.6,40,0.02954721450805664
mixed_robust,C,25,0.625,40,0.02954721450805664
mixed_robust,C,26,0.65,40,0.02954721450805664
mixed_robust,N,27,0.675,40,0.03295612335205078
mixed_robust,C,28,0.7,40,0.024338245391845703
mixed_robust,(,29,0.725,40,0.03067922592163086
mixed_robust,=,30,0.75,40,0.1988506317138672
mixed_robust,O,31,0.775,40,0.05960512161254883
mixed_robust,),32,0.8,40,0.10308837890625
mixed_robust,C,33,0.825,40,0.12218475341796875
mixed_robust,(,34,0.85,40,0.08789920806884766
mixed_robust,=,35,0.875,40,0.16292762756347656
mixed_robust,O,36,0.9,40,0.05079030990600586
mixed_robust,),37,0.925,40,0.008043289184570312
mixed_robust,N,38,0.95,40,0.018546104431152344
mixed_robust,[*],39,0.975,40,0.004698753356933594
mixed_robust,[*],0,0.0,23,0.08851957321166992
mixed_robust,C,1,0.043478260869565216,23,0.06494379043579102
mixed_robust,C,2,0.08695652173913043,23,0.06494379043579102
mixed_robust,O,3,0.13043478260869565,23,0.16203022003173828
mixed_robust,C,4,0.17391304347826086,23,0.1370844841003418
mixed_robust,C,5,0.21739130434782608,23,0.1370844841003418
mixed_robust,O,6,0.2608695652173913,23,0.1809520721435547
mixed_robust,C,7,0.30434782608695654,23,0.1006464958190918
mixed_robust,(,8,0.34782608695652173,23,0.006687641143798828
mixed_robust,=,9,0.391304347826087,23,0.14496517181396484
mixed_robust,O,10,0.43478260869565216,23,0.23455047607421875
mixed_robust,),11,0.4782608695652174,23,0.038848876953125
mixed_robust,C,12,0.5217391304347826,23,0.09118080139160156
mixed_robust,(,13,0.5652173913043478,23,0.009201526641845703
mixed_robust,C,14,0.6086956521739131,23,0.11107254028320312
mixed_robust,),15,0.6521739130434783,23,0.044861793518066406
mixed_robust,C,16,0.6956521739130435,23,0.049625396728515625
mixed_robust,(,17,0.7391304347826086,23,0.08364486694335938
mixed_robust,=,18,0.782608695652174,23,0.17593669891357422
mixed_robust,O,19,0.8260869565217391,23,0.24314260482788086
mixed_robust,),20,0.8695652173913043,23,0.12440776824951172
mixed_robust,O,21,0.9130434782608695,23,0.1538228988647461
mixed_robust,[*],22,0.9565217391304348,23,0.015817642211914062
mixed_robust,[*],0,0.0,25,0.11214160919189453
mixed_robust,C,1,0.04,25,0.16280364990234375
mixed_robust,(,2,0.08,25,0.054354190826416016
mixed_robust,=,3,0.12,25,0.5673689842224121
mixed_robust,O,4,0.16,25,0.22705841064453125
mixed_robust,),5,0.2,25,0.3810133934020996
mixed_robust,O,6,0.24,25,0.06501293182373047
mixed_robust,C,7,0.28,25,0.2492356300354004
mixed_robust,C,8,0.32,25,0.2492356300354004
mixed_robust,O,9,0.36,25,0.046874046325683594
mixed_robust,C,10,0.4,25,0.039092063903808594
mixed_robust,(,11,0.44,25,0.001514434814453125
mixed_robust,=,12,0.48,25,0.485748291015625
mixed_robust,O,13,0.52,25,0.0436863899230957
mixed_robust,),14,0.56,25,0.17310810089111328
mixed_robust,c,15,0.6,25,0.3690056800842285
mixed_robust,1,16,0.64,25,0.2598385810852051
mixed_robust,c,17,0.68,25,0.49610137939453125
mixed_robust,c,18,0.72,25,0.49610137939453125
mixed_robust,c,19,0.76,25,0.49610137939453125
mixed_robust,(,20,0.8,25,0.29064035415649414
mixed_robust,[*],21,0.84,25,0.29357433319091797
mixed_robust,),22,0.88,25,0.45000267028808594
mixed_robust,o,23,0.92,25,0.28339338302612305
mixed_robust,1,24,0.96,25,0.35642433166503906
mixed_robust,[*],0,0.0,14,0.04586315155029297
mixed_robust,C,1,0.07142857142857142,14,0.13991880416870117
mixed_robust,C,2,0.14285714285714285,14,0.13991880416870117
mixed_robust,C,3,0.21428571428571427,14,0.13991880416870117
mixed_robust,C,4,0.2857142857142857,14,0.13991880416870117
mixed_robust,C,5,0.35714285714285715,14,0.13991880416870117
mixed_robust,C,6,0.42857142857142855,14,0.13991880416870117
mixed_robust,C,7,0.5,14,0.13991880416870117
mixed_robust,(,8,0.5714285714285714,14,0.0875253677368164
mixed_robust,=,9,0.6428571428571429,14,0.4968075752258301
mixed_robust,O,10,0.7142857142857143,14,0.8579139709472656
mixed_robust,),11,0.7857142857142857,14,0.31766605377197266
mixed_robust,N,12,0.8571428571428571,14,0.6617064476013184
mixed_robust,[*],13,0.9285714285714286,14,0.11632108688354492
mixed_robust,[*],0,0.0,64,0.6386830806732178
mixed_robust,O,1,0.015625,64,0.6122462749481201
mixed_robust,c,2,0.03125,64,0.40143370628356934
mixed_robust,1,3,0.046875,64,0.17801284790039062
mixed_robust,c,4,0.0625,64,0.1361079216003418
mixed_robust,c,5,0.078125,64,0.1361079216003418
mixed_robust,c,6,0.09375,64,0.1361079216003418
mixed_robust,(,7,0.109375,64,0.16625213623046875
mixed_robust,C,8,0.125,64,0.08483767509460449
mixed_robust,2,9,0.140625,64,0.12006807327270508
mixed_robust,(,10,0.15625,64,0.17238521575927734
mixed_robust,c,11,0.171875,64,0.0737619400024414
mixed_robust,3,12,0.1875,64,0.04402446746826172
mixed_robust,c,13,0.203125,64,0.07676434516906738
mixed_robust,c,14,0.21875,64,0.07676434516906738
mixed_robust,c,15,0.234375,64,0.07676434516906738
mixed_robust,(,16,0.25,64,0.2052457332611084
mixed_robust,O,17,0.265625,64,0.23346328735351562
mixed_robust,C,18,0.28125,64,0.20913410186767578
mixed_robust,(,19,0.296875,64,0.2653367519378662
mixed_robust,=,20,0.3125,64,0.12136983871459961
mixed_robust,O,21,0.328125,64,0.11864256858825684
mixed_robust,),22,0.34375,64,0.03223252296447754
mixed_robust,C,23,0.359375,64,0.0948951244354248
mixed_robust,C,24,0.375,64,0.0948951244354248
mixed_robust,C,25,0.390625,64,0.0948951244354248
mixed_robust,C,26,0.40625,64,0.0948951244354248
mixed_robust,C,27,0.421875,64,0.0948951244354248
mixed_robust,C,28,0.4375,64,0.0948951244354248
mixed_robust,C,29,0.453125,64,0.0948951244354248
mixed_robust,C,30,0.46875,64,0.0948951244354248
mixed_robust,C,31,0.484375,64,0.0948951244354248
mixed_robust,(,32,0.5,64,0.15073847770690918
mixed_robust,[*],33,0.515625,64,0.14893078804016113
mixed_robust,),34,0.53125,64,0.16403579711914062
mixed_robust,=,35,0.546875,64,0.1042013168334961
mixed_robust,O,36,0.5625,64,0.2253267765045166
mixed_robust,),37,0.578125,64,0.005281209945678711
mixed_robust,c,38,0.59375,64,0.004022121429443359
mixed_robust,c,39,0.609375,64,0.004022121429443359
mixed_robust,3,40,0.625,64,0.0026946067810058594
mixed_robust,),41,0.640625,64,0.04240989685058594
mixed_robust,c,42,0.65625,64,0.042165517807006836
mixed_robust,3,43,0.671875,64,0.06878781318664551
mixed_robust,c,44,0.6875,64,0.053388118743896484
mixed_robust,c,45,0.703125,64,0.053388118743896484
mixed_robust,c,46,0.71875,64,0.053388118743896484
mixed_robust,c,47,0.734375,64,0.053388118743896484
mixed_robust,c,48,0.75,64,0.053388118743896484
mixed_robust,3,49,0.765625,64,0.09375786781311035
mixed_robust,C,50,0.78125,64,0.02889418601989746
mixed_robust,c,51,0.796875,64,0.033490657806396484
mixed_robust,3,52,0.8125,64,0.010652780532836914
mixed_robust,c,53,0.828125,64,0.04146695137023926
mixed_robust,c,54,0.84375,64,0.04146695137023926
mixed_robust,c,55,0.859375,64,0.04146695137023926
mixed_robust,c,56,0.875,64,0.04146695137023926
mixed_robust,c,57,0.890625,64,0.04146695137023926
mixed_robust,3,58,0.90625,64,0.19309735298156738
mixed_robust,2,59,0.921875,64,0.11894392967224121
mixed_robust,),60,0.9375,64,0.13562679290771484
mixed_robust,c,61,0.953125,64,0.17137360572814941
mixed_robust,c,62,0.96875,64,0.17137360572814941
mixed_robust,1,63,0.984375,64,0.19253754615783691
mixed_robust,[*],0,0.0,57,0.191054105758667
mixed_robust,C,1,0.017543859649122806,57,0.13163280487060547
mixed_robust,C,2,0.03508771929824561,57,0.13163280487060547
mixed_robust,C,3,0.05263157894736842,57,0.13163280487060547
mixed_robust,O,4,0.07017543859649122,57,0.2568361759185791
mixed_robust,c,5,0.08771929824561403,57,0.1399073600769043
mixed_robust,1,6,0.10526315789473684,57,0.05400824546813965
mixed_robust,c,7,0.12280701754385964,57,0.10543155670166016
mixed_robust,c,8,0.14035087719298245,57,0.10543155670166016
mixed_robust,c,9,0.15789473684210525,57,0.10543155670166016
mixed_robust,(,10,0.17543859649122806,57,0.18149352073669434
mixed_robust,C,11,0.19298245614035087,57,0.09198594093322754
mixed_robust,(,12,0.21052631578947367,57,0.15578269958496094
mixed_robust,=,13,0.22807017543859648,57,0.10274076461791992
mixed_robust,O,14,0.24561403508771928,57,0.22277259826660156
mixed_robust,),15,0.2631578947368421,57,0.1490483283996582
mixed_robust,O,16,0.2807017543859649,57,0.2757096290588379
mixed_robust,C,17,0.2982456140350877,57,0.1913752555847168
mixed_robust,(,18,0.3157894736842105,57,0.2500748634338379
mixed_robust,=,19,0.3333333333333333,57,0.0965433120727539
mixed_robust,O,20,0.3508771929824561,57,0.22148704528808594
mixed_robust,),21,0.3684210526315789,57,0.14448833465576172
mixed_robust,c,22,0.38596491228070173,57,0.11780071258544922
mixed_robust,2,23,0.40350877192982454,57,0.16291332244873047
mixed_robust,c,24,0.42105263157894735,57,0.1297132968902588
mixed_robust,c,25,0.43859649122807015,57,0.1297132968902588
mixed_robust,c,26,0.45614035087719296,57,0.1297132968902588
mixed_robust,c,27,0.47368421052631576,57,0.1297132968902588
mixed_robust,c,28,0.49122807017543857,57,0.1297132968902588
mixed_robust,2,29,0.5087719298245614,57,0.20319581031799316
mixed_robust,C,30,0.5263157894736842,57,0.12784910202026367
mixed_robust,(,31,0.543859649122807,57,0.14911890029907227
mixed_robust,=,32,0.5614035087719298,57,0.034703731536865234
mixed_robust,O,33,0.5789473684210527,57,0.22287344932556152
mixed_robust,),34,0.5964912280701754,57,0.14707374572753906
mixed_robust,O,35,0.6140350877192983,57,0.2071995735168457
mixed_robust,C,36,0.631578947368421,57,0.11453819274902344
mixed_robust,(,37,0.6491228070175439,57,0.1664876937866211
mixed_robust,=,38,0.6666666666666666,57,0.01738429069519043
mixed_robust,O,39,0.6842105263157895,57,0.16869163513183594
mixed_robust,),40,0.7017543859649122,57,0.03612089157104492
mixed_robust,c,41,0.7192982456140351,57,0.013837337493896484
mixed_robust,2,42,0.7368421052631579,57,0.11394906044006348
mixed_robust,c,43,0.7543859649122807,57,0.06447768211364746
mixed_robust,c,44,0.7719298245614035,57,0.06447768211364746
mixed_robust,c,45,0.7894736842105263,57,0.06447768211364746
mixed_robust,(,46,0.8070175438596491,57,0.05848431587219238
mixed_robust,O,47,0.8245614035087719,57,0.0361480712890625
mixed_robust,[*],48,0.8421052631578947,57,0.08356332778930664
mixed_robust,),49,0.8596491228070176,57,0.09334492683410645
mixed_robust,c,50,0.8771929824561403,57,0.09333992004394531
mixed_robust,c,51,0.8947368421052632,57,0.09333992004394531
mixed_robust,2,52,0.9122807017543859,57,0.11796379089355469
mixed_robust,),53,0.9298245614035088,57,0.12148714065551758
mixed_robust,c,54,0.9473684210526315,57,0.08680367469787598
mixed_robust,c,55,0.9649122807017544,57,0.08680367469787598
mixed_robust,1,56,0.9824561403508771,57,0.05947685241699219
mixed_robust,[*],0,0.0,44,0.04178762435913086
mixed_robust,C,1,0.022727272727272728,44,0.027718067169189453
mixed_robust,C,2,0.045454545454545456,44,0.027718067169189453
mixed_robust,C,3,0.06818181818181818,44,0.027718067169189453
mixed_robust,C,4,0.09090909090909091,44,0.027718067169189453
mixed_robust,C,5,0.11363636363636363,44,0.027718067169189453
mixed_robust,c,6,0.13636363636363635,44,0.06473255157470703
mixed_robust,1,7,0.1590909090909091,44,0.01870107650756836
mixed_robust,c,8,0.18181818181818182,44,0.08289146423339844
mixed_robust,c,9,0.20454545454545456,44,0.08289146423339844
mixed_robust,c,10,0.22727272727272727,44,0.08289146423339844
mixed_robust,(,11,0.25,44,0.033148765563964844
mixed_robust,C,12,0.2727272727272727,44,0.006168842315673828
mixed_robust,C,13,0.29545454545454547,44,0.006168842315673828
mixed_robust,C,14,0.3181818181818182,44,0.006168842315673828
mixed_robust,C,15,0.3409090909090909,44,0.006168842315673828
mixed_robust,C,16,0.36363636363636365,44,0.006168842315673828
mixed_robust,O,17,0.38636363636363635,44,0.07271051406860352
mixed_robust,C,18,0.4090909090909091,44,0.034758567810058594
mixed_robust,(,19,0.4318181818181818,44,0.01109457015991211
mixed_robust,=,20,0.45454545454545453,44,0.18857765197753906
mixed_robust,O,21,0.4772727272727273,44,0.03142213821411133
mixed_robust,),22,0.5,44,0.11433696746826172
mixed_robust,c,23,0.5227272727272727,44,0.11799001693725586
mixed_robust,2,24,0.5454545454545454,44,0.000301361083984375
mixed_robust,c,25,0.5681818181818182,44,0.020473480224609375
mixed_robust,c,26,0.5909090909090909,44,0.020473480224609375
mixed_robust,c,27,0.6136363636363636,44,0.020473480224609375
mixed_robust,(,28,0.6363636363636364,44,0.2290964126586914
mixed_robust,C,29,0.6590909090909091,44,0.10033226013183594
mixed_robust,(,30,0.6818181818181818,44,0.1384124755859375
mixed_robust,=,31,0.7045454545454546,44,0.14120054244995117
mixed_robust,O,32,0.7272727272727273,44,0.17004108428955078
mixed_robust,),33,0.75,44,0.05780839920043945
mixed_robust,O,34,0.7727272727272727,44,0.09941816329956055
mixed_robust,[*],35,0.7954545454545454,44,0.10490560531616211
mixed_robust,),36,0.8181818181818182,44,0.0026144981384277344
mixed_robust,c,37,0.8409090909090909,44,0.008809089660644531
mixed_robust,c,38,0.8636363636363636,44,0.008809089660644531
mixed_robust,2,39,0.8863636363636364,44,0.03339958190917969
mixed_robust,),40,0.9090909090909091,44,0.06104278564453125
mixed_robust,c,41,0.9318181818181818,44,0.01328134536743164
mixed_robust,c,42,0.9545454545454546,44,0.01328134536743164
mixed_robust,1,43,0.9772727272727273,44,0.0400538444519043
mixed_robust,[*],0,0.0,31,0.37591552734375
mixed_robust,N,1,0.03225806451612903,31,0.06914091110229492
mixed_robust,C,2,0.06451612903225806,31,0.4615025520324707
mixed_robust,(,3,0.0967741935483871,31,0.37015867233276367
mixed_robust,C,4,0.12903225806451613,31,0.23573637008666992
mixed_robust,C,5,0.16129032258064516,31,0.23573637008666992
mixed_robust,C,6,0.1935483870967742,31,0.23573637008666992
mixed_robust,(,7,0.22580645161290322,31,0.17420291900634766
mixed_robust,=,8,0.25806451612903225,31,0.5321402549743652
mixed_robust,O,9,0.2903225806451613,31,0.8568592071533203
mixed_robust,),10,0.3225806451612903,31,0.5149092674255371
mixed_robust,O,11,0.3548387096774194,31,1.0003266334533691
mixed_robust,C,12,0.3870967741935484,31,0.37993955612182617
mixed_robust,c,13,0.41935483870967744,31,0.010811805725097656
mixed_robust,1,14,0.45161290322580644,31,0.20617961883544922
mixed_robust,c,15,0.4838709677419355,31,0.1354966163635254
mixed_robust,c,16,0.5161290322580645,31,0.1354966163635254
mixed_robust,c,17,0.5483870967741935,31,0.1354966163635254
mixed_robust,(,18,0.5806451612903226,31,0.30761146545410156
mixed_robust,Cl,19,0.6129032258064516,31,0.28382158279418945
mixed_robust,),20,0.6451612903225806,31,0.38903093338012695
mixed_robust,c,21,0.6774193548387096,31,0.4948301315307617
mixed_robust,c,22,0.7096774193548387,31,0.4948301315307617
mixed_robust,1,23,0.7419354838709677,31,0.4731636047363281
mixed_robust,),24,0.7741935483870968,31,0.3958168029785156
mixed_robust,C,25,0.8064516129032258,31,0.23072481155395508
mixed_robust,(,26,0.8387096774193549,31,0.36951780319213867
mixed_robust,[*],27,0.8709677419354839,31,0.37604808807373047
mixed_robust,),28,0.9032258064516129,31,0.45352697372436523
mixed_robust,=,29,0.9354838709677419,31,0.5899410247802734
mixed_robust,O,30,0.967741935483871,31,0.24046039581298828
mixed_robust,[*],0,0.0,70,0.29375123977661133
mixed_robust,N,1,0.014285714285714285,70,0.2907543182373047
mixed_robust,c,2,0.02857142857142857,70,0.30719852447509766
mixed_robust,1,3,0.04285714285714286,70,0.3686795234680176
mixed_robust,c,4,0.05714285714285714,70,0.35945987701416016
mixed_robust,c,5,0.07142857142857142,70,0.35945987701416016
mixed_robust,(,6,0.08571428571428572,70,0.3509359359741211
mixed_robust,N,7,0.1,70,0.3976321220397949
mixed_robust,C,8,0.11428571428571428,70,0.3689403533935547
mixed_robust,(,9,0.12857142857142856,70,0.3769800662994385
mixed_robust,=,10,0.14285714285714285,70,0.6483645439147949
mixed_robust,O,11,0.15714285714285714,70,0.3713688850402832
mixed_robust,),12,0.17142857142857143,70,0.42575883865356445
mixed_robust,N,13,0.18571428571428572,70,0.4221944808959961
mixed_robust,c,14,0.2,70,0.43607187271118164
mixed_robust,2,15,0.21428571428571427,70,0.431682825088501
mixed_robust,c,16,0.22857142857142856,70,0.4534008502960205
mixed_robust,c,17,0.24285714285714285,70,0.4534008502960205
mixed_robust,c,18,0.2571428571428571,70,0.4534008502960205
mixed_robust,(,19,0.2714285714285714,70,0.4212331771850586
mixed_robust,N,20,0.2857142857142857,70,0.4013643264770508
mixed_robust,C,21,0.3,70,0.38555431365966797
mixed_robust,(,22,0.3142857142857143,70,0.40653371810913086
mixed_robust,[*],23,0.32857142857142857,70,0.47655582427978516
mixed_robust,),24,0.34285714285714286,70,0.5154099464416504
mixed_robust,=,25,0.35714285714285715,70,0.6296823024749756
mixed_robust,O,26,0.37142857142857144,70,0.36769819259643555
mixed_robust,),27,0.38571428571428573,70,0.47325992584228516
mixed_robust,c,28,0.4,70,0.4710972309112549
mixed_robust,c,29,0.4142857142857143,70,0.4710972309112549
mixed_robust,2,30,0.42857142857142855,70,0.422870397567749
mixed_robust,),31,0.44285714285714284,70,0.4432516098022461
mixed_robust,c,32,0.45714285714285713,70,0.4362959861755371
mixed_robust,c,33,0.4714285714285714,70,0.4362959861755371
mixed_robust,(,34,0.4857142857142857,70,0.4035978317260742
mixed_robust,C,35,0.5,70,0.4183802604675293
mixed_robust,(,36,0.5142857142857142,70,0.43328022956848145
mixed_robust,=,37,0.5285714285714286,70,0.7203738689422607
mixed_robust,O,38,0.5428571428571428,70,0.3881042003631592
mixed_robust,),39,0.5571428571428572,70,0.43738317489624023
mixed_robust,N,40,0.5714285714285714,70,0.39577722549438477
mixed_robust,c,41,0.5857142857142857,70,0.4094998836517334
mixed_robust,2,42,0.6,70,0.44214391708374023
mixed_robust,c,43,0.6142857142857143,70,0.4128851890563965
mixed_robust,c,44,0.6285714285714286,70,0.4128851890563965
mixed_robust,c,45,0.6428571428571429,70,0.4128851890563965
mixed_robust,c,46,0.6571428571428571,70,0.4128851890563965
mixed_robust,3,47,0.6714285714285714,70,0.2868199348449707
mixed_robust,c,48,0.6857142857142857,70,0.2413344383239746
mixed_robust,2,49,0.7,70,0.23250412940979004
mixed_robust,C,50,0.7142857142857143,70,0.1880934238433838
mixed_robust,(,51,0.7285714285714285,70,0.2049241065979004
mixed_robust,=,52,0.7428571428571429,70,0.33940792083740234
mixed_robust,O,53,0.7571428571428571,70,0.10266637802124023
mixed_robust,),54,0.7714285714285715,70,0.2791886329650879
mixed_robust,c,55,0.7857142857142857,70,0.22774124145507812
mixed_robust,2,56,0.8,70,0.19529294967651367
mixed_robust,c,57,0.8142857142857143,70,0.119842529296875
mixed_robust,c,58,0.8285714285714286,70,0.119842529296875
mixed_robust,c,59,0.8428571428571429,70,0.119842529296875
mixed_robust,c,60,0.8571428571428571,70,0.119842529296875
mixed_robust,c,61,0.8714285714285714,70,0.119842529296875
mixed_robust,2,62,0.8857142857142857,70,0.10610246658325195
mixed_robust,C,63,0.9,70,0.0736701488494873
mixed_robust,3,64,0.9142857142857143,70,0.0671687126159668
mixed_robust,=,65,0.9285714285714286,70,0.15970468521118164
mixed_robust,O,66,0.9428571428571428,70,0.0879058837890625
mixed_robust,),67,0.9571428571428572,70,0.007885932922363281
mixed_robust,c,68,0.9714285714285714,70,0.02541828155517578
mixed_robust,1,69,0.9857142857142858,70,0.02706742286682129
mixed_robust,[*],0,0.0,18,0.1716461181640625
mixed_robust,N,1,0.05555555555555555,18,0.08608770370483398
mixed_robust,C,2,0.1111111111111111,18,0.5054707527160645
mixed_robust,(,3,0.16666666666666666,18,0.43601417541503906
mixed_robust,=,4,0.2222222222222222,18,0.3910510540008545
mixed_robust,O,5,0.2777777777777778,18,0.7988641262054443
mixed_robust,),6,0.3333333333333333,18,0.08634495735168457
mixed_robust,C,7,0.3888888888888889,18,0.3105638027191162
mixed_robust,(,8,0.4444444444444444,18,0.23459911346435547
mixed_robust,=,9,0.5,18,0.9904294013977051
mixed_robust,S,10,0.5555555555555556,18,0.7216935157775879
mixed_robust,),11,0.6111111111111112,18,0.14009380340576172
mixed_robust,C,12,0.6666666666666666,18,0.3615989685058594
mixed_robust,(,13,0.7222222222222222,18,0.32936596870422363
mixed_robust,=,14,0.7777777777777778,18,0.6478948593139648
mixed_robust,O,15,0.8333333333333334,18,0.5586893558502197
mixed_robust,),16,0.8888888888888888,18,0.055379629135131836
mixed_robust,[*],17,0.9444444444444444,18,0.30627965927124023
mixed_robust,[*],0,0.0,22,0.23015975952148438
mixed_robust,c,1,0.045454545454545456,22,0.17157292366027832
mixed_robust,1,2,0.09090909090909091,22,0.2902493476867676
mixed_robust,c,3,0.13636363636363635,22,0.08423995971679688
mixed_robust,c,4,0.18181818181818182,22,0.08423995971679688
mixed_robust,(,5,0.22727272727272727,22,0.0195157527923584
mixed_robust,-,6,0.2727272727272727,22,0.1759471893310547
mixed_robust,c,7,0.3181818181818182,22,0.01854419708251953
mixed_robust,2,8,0.36363636363636365,22,0.16248226165771484
mixed_robust,c,9,0.4090909090909091,22,0.17138242721557617
mixed_robust,c,10,0.45454545454545453,22,0.17138242721557617
mixed_robust,c,11,0.5,22,0.17138242721557617
mixed_robust,c,12,0.5454545454545454,22,0.17138242721557617
mixed_robust,c,13,0.5909090909090909,22,0.17138242721557617
mixed_robust,2,14,0.6363636363636364,22,0.07209300994873047
mixed_robust,),15,0.6818181818181818,22,0.2197880744934082
mixed_robust,c,16,0.7272727272727273,22,0.15163946151733398
mixed_robust,(,17,0.7727272727272727,22,0.16314458847045898
mixed_robust,[*],18,0.8181818181818182,22,0.10302400588989258
mixed_robust,),19,0.8636363636363636,22,0.03879880905151367
mixed_robust,s,20,0.9090909090909091,22,0.5694382190704346
mixed_robust,1,21,0.9545454545454546,22,0.16575312614440918
mixed_robust,[*],0,0.0,43,0.7504518032073975
mixed_robust,c,1,0.023255813953488372,43,0.8460512161254883
mixed_robust,1,2,0.046511627906976744,43,0.8103132247924805
mixed_robust,c,3,0.06976744186046512,43,0.7159509658813477
mixed_robust,c,4,0.09302325581395349,43,0.7159509658813477
mixed_robust,c,5,0.11627906976744186,43,0.7159509658813477
mixed_robust,(,6,0.13953488372093023,43,0.5751359462738037
mixed_robust,C,7,0.16279069767441862,43,0.6086997985839844
mixed_robust,C,8,0.18604651162790697,43,0.6086997985839844
mixed_robust,c,9,0.20930232558139536,43,0.8479914665222168
mixed_robust,2,10,0.23255813953488372,43,0.7792415618896484
mixed_robust,c,11,0.2558139534883721,43,0.5123016834259033
mixed_robust,c,12,0.27906976744186046,43,0.5123016834259033
mixed_robust,c,13,0.3023255813953488,43,0.5123016834259033
mixed_robust,(,14,0.32558139534883723,43,0.36843156814575195
mixed_robust,N,15,0.3488372093023256,43,0.5005519390106201
mixed_robust,3,16,0.37209302325581395,43,0.599872350692749
mixed_robust,C,17,0.3953488372093023,43,0.36708760261535645
mixed_robust,(,18,0.4186046511627907,43,0.2915077209472656
mixed_robust,=,19,0.4418604651162791,43,0.8114914894104004
mixed_robust,O,20,0.46511627906976744,43,0.10666871070861816
mixed_robust,),21,0.4883720930232558,43,0.21644878387451172
mixed_robust,C,22,0.5116279069767442,43,0.1726245880126953
mixed_robust,(,23,0.5348837209302325,43,0.2058556079864502
mixed_robust,=,24,0.5581395348837209,43,0.633697509765625
mixed_robust,O,25,0.5813953488372093,43,0.09305810928344727
mixed_robust,),26,0.6046511627906976,43,0.2802462577819824
mixed_robust,N,27,0.627906976744186,43,0.20090484619140625
mixed_robust,(,28,0.6511627906976745,43,0.17407941818237305
mixed_robust,[*],29,0.6744186046511628,43,0.20818328857421875
mixed_robust,),30,0.6976744186046512,43,0.2562870979309082
mixed_robust,C,31,0.7209302325581395,43,0.16759967803955078
mixed_robust,3,32,0.7441860465116279,43,0.2745513916015625
mixed_robust,=,33,0.7674418604651163,43,0.36733365058898926
mixed_robust,O,34,0.7906976744186046,43,0.13283729553222656
mixed_robust,),35,0.813953488372093,43,0.022180557250976562
mixed_robust,c,36,0.8372093023255814,43,0.03065323829650879
mixed_robust,c,37,0.8604651162790697,43,0.03065323829650879
mixed_robust,2,38,0.8837209302325582,43,0.024837493896484375
mixed_robust,),39,0.9069767441860465,43,0.010200023651123047
mixed_robust,c,40,0.9302325581395349,43,0.021991252899169922
mixed_robust,c,41,0.9534883720930233,43,0.021991252899169922
mixed_robust,1,42,0.9767441860465116,43,0.004515647888183594
mixed_robust,[*],0,0.0,13,0.12790489196777344
mixed_robust,C,1,0.07692307692307693,13,0.10838556289672852
mixed_robust,C,2,0.15384615384615385,13,0.10838556289672852
mixed_robust,C,3,0.23076923076923078,13,0.10838556289672852
mixed_robust,C,4,0.3076923076923077,13,0.10838556289672852
mixed_robust,N,5,0.38461538461538464,13,0.4049968719482422
mixed_robust,C,6,0.46153846153846156,13,0.10431909561157227
mixed_robust,(,7,0.5384615384615384,13,0.09830331802368164
mixed_robust,=,8,0.6153846153846154,13,0.4756174087524414
mixed_robust,O,9,0.6923076923076923,13,0.24911212921142578
mixed_robust,),10,0.7692307692307693,13,0.2364206314086914
mixed_robust,O,11,0.8461538461538461,13,0.24095869064331055
mixed_robust,[*],12,0.9230769230769231,13,0.12491989135742188
mixed_robust,[*],0,0.0,18,0.10608959197998047
mixed_robust,C,1,0.05555555555555555,18,0.02651357650756836
mixed_robust,C,2,0.1111111111111111,18,0.02651357650756836
mixed_robust,C,3,0.16666666666666666,18,0.02651357650756836
mixed_robust,C,4,0.2222222222222222,18,0.02651357650756836
mixed_robust,C,5,0.2777777777777778,18,0.02651357650756836
mixed_robust,C,6,0.3333333333333333,18,0.02651357650756836
mixed_robust,C,7,0.3888888888888889,18,0.02651357650756836
mixed_robust,C,8,0.4444444444444444,18,0.02651357650756836
mixed_robust,C,9,0.5,18,0.02651357650756836
mixed_robust,C,10,0.5555555555555556,18,0.02651357650756836
mixed_robust,C,11,0.6111111111111112,18,0.02651357650756836
mixed_robust,(,12,0.6666666666666666,18,0.07297897338867188
mixed_robust,=,13,0.7222222222222222,18,0.6056370735168457
mixed_robust,O,14,0.7777777777777778,18,0.447476863861084
mixed_robust,),15,0.8333333333333334,18,0.050221920013427734
mixed_robust,N,16,0.8888888888888888,18,0.11333227157592773
mixed_robust,[*],17,0.9444444444444444,18,0.03222942352294922
mixed_robust,[*],0,0.0,46,0.36545252799987793
mixed_robust,c,1,0.021739130434782608,46,0.3674204349517822
mixed_robust,1,2,0.043478260869565216,46,0.4958655834197998
mixed_robust,c,3,0.06521739130434782,46,0.2970709800720215
mixed_robust,c,4,0.08695652173913043,46,0.2970709800720215
mixed_robust,(,5,0.10869565217391304,46,0.3414895534515381
mixed_robust,O,6,0.13043478260869565,46,0.6030616760253906
mixed_robust,C,7,0.15217391304347827,46,0.6492469310760498
mixed_robust,C,8,0.17391304347826086,46,0.6492469310760498
mixed_robust,C,9,0.1956521739130435,46,0.6492469310760498
mixed_robust,C,10,0.21739130434782608,46,0.6492469310760498
mixed_robust,C,11,0.2391304347826087,46,0.6492469310760498
mixed_robust,C,12,0.2608695652173913,46,0.6492469310760498
mixed_robust,C,13,0.2826086956521739,46,0.6492469310760498
mixed_robust,C,14,0.30434782608695654,46,0.6492469310760498
mixed_robust,C,15,0.32608695652173914,46,0.6492469310760498
mixed_robust,C,16,0.34782608695652173,46,0.6492469310760498
mixed_robust,),17,0.3695652173913043,46,0.6200456619262695
mixed_robust,c,18,0.391304347826087,46,0.6171717643737793
mixed_robust,c,19,0.41304347826086957,46,0.6171717643737793
mixed_robust,(,20,0.43478260869565216,46,0.743088960647583
mixed_robust,-,21,0.45652173913043476,46,0.7515337467193604
mixed_robust,c,22,0.4782608695652174,46,0.7037432193756104
mixed_robust,2,23,0.5,46,0.7784554958343506
mixed_robust,n,24,0.5217391304347826,46,0.2689192295074463
mixed_robust,c,25,0.5434782608695652,46,0.2290651798248291
mixed_robust,3,26,0.5652173913043478,46,0.32517433166503906
mixed_robust,c,27,0.5869565217391305,46,0.3645036220550537
mixed_robust,c,28,0.6086956521739131,46,0.3645036220550537
mixed_robust,4,29,0.6304347826086957,46,0.5320641994476318
mixed_robust,s,30,0.6521739130434783,46,0.2039930820465088
mixed_robust,c,31,0.6739130434782609,46,0.21947193145751953
mixed_robust,(,32,0.6956521739130435,46,0.183457612991333
mixed_robust,[*],33,0.717391304347826,46,0.037232398986816406
mixed_robust,),34,0.7391304347826086,46,0.19084811210632324
mixed_robust,n,35,0.7608695652173914,46,0.24392080307006836
mixed_robust,c,36,0.782608695652174,46,0.2309727668762207
mixed_robust,4,37,0.8043478260869565,46,0.11294698715209961
mixed_robust,c,38,0.8260869565217391,46,0.1705303192138672
mixed_robust,c,39,0.8478260869565217,46,0.1705303192138672
mixed_robust,3,40,0.8695652173913043,46,0.0773155689239502
mixed_robust,s,41,0.8913043478260869,46,0.06983780860900879
mixed_robust,2,42,0.9130434782608695,46,0.03320908546447754
mixed_robust,),43,0.9347826086956522,46,0.14397025108337402
mixed_robust,c,44,0.9565217391304348,46,0.11283159255981445
mixed_robust,1,45,0.9782608695652174,46,0.03779268264770508
mixed_robust,[*],0,0.0,23,0.2512092590332031
mixed_robust,C,1,0.043478260869565216,23,0.16049480438232422
mixed_robust,C,2,0.08695652173913043,23,0.16049480438232422
mixed_robust,O,3,0.13043478260869565,23,0.33518028259277344
mixed_robust,C,4,0.17391304347826086,23,0.10459327697753906
mixed_robust,C,5,0.21739130434782608,23,0.10459327697753906
mixed_robust,O,6,0.2608695652173913,23,0.3246126174926758
mixed_robust,C,7,0.30434782608695654,23,0.14866065979003906
mixed_robust,(,8,0.34782608695652173,23,0.13844633102416992
mixed_robust,=,9,0.391304347826087,23,0.043334007263183594
mixed_robust,O,10,0.43478260869565216,23,0.12488842010498047
mixed_robust,),11,0.4782608695652174,23,0.1505599021911621
mixed_robust,C,12,0.5217391304347826,23,0.1279597282409668
mixed_robust,C,13,0.5652173913043478,23,0.1279597282409668
mixed_robust,C,14,0.6086956521739131,23,0.1279597282409668
mixed_robust,C,15,0.6521739130434783,23,0.1279597282409668
mixed_robust,C,16,0.6956521739130435,23,0.1279597282409668
mixed_robust,(,17,0.7391304347826086,23,0.17443275451660156
mixed_robust,=,18,0.782608695652174,23,0.29452085494995117
mixed_robust,O,19,0.8260869565217391,23,0.09801959991455078
mixed_robust,),20,0.8695652173913043,23,0.08465433120727539
mixed_robust,O,21,0.9130434782608695,23,0.1448202133178711
mixed_robust,[*],22,0.9565217391304348,23,0.0721731185913086
mixed_robust,[*],0,0.0,16,0.40998077392578125
mixed_robust,C,1,0.0625,16,0.3036189079284668
mixed_robust,O,2,0.125,16,0.18488216400146484
mixed_robust,C,3,0.1875,16,0.0990438461303711
mixed_robust,(,4,0.25,16,0.058678627014160156
mixed_robust,S,5,0.3125,16,0.48940372467041016
mixed_robust,1,6,0.375,16,0.3481411933898926
mixed_robust,),7,0.4375,16,0.08897256851196289
mixed_robust,=,8,0.5,16,0.25667858123779297
mixed_robust,C,9,0.5625,16,0.34308815002441406
mixed_robust,C,10,0.625,16,0.34308815002441406
mixed_robust,=,11,0.6875,16,0.18000221252441406
mixed_robust,C,12,0.75,16,0.16219186782836914
mixed_robust,1,13,0.8125,16,0.20583152770996094
mixed_robust,O,14,0.875,16,0.293154239654541
mixed_robust,[*],15,0.9375,16,0.08779382705688477
mixed_robust,[*],0,0.0,23,0.17639923095703125
mixed_robust,c,1,0.043478260869565216,23,0.04445338249206543
mixed_robust,1,2,0.08695652173913043,23,0.010179519653320312
mixed_robust,c,3,0.13043478260869565,23,0.007475137710571289
mixed_robust,c,4,0.17391304347826086,23,0.007475137710571289
mixed_robust,c,5,0.21739130434782608,23,0.007475137710571289
mixed_robust,2,6,0.2608695652173913,23,0.12436866760253906
mixed_robust,c,7,0.30434782608695654,23,0.04998779296875
mixed_robust,(,8,0.34782608695652173,23,0.045110225677490234
mixed_robust,c,9,0.391304347826087,23,0.16360735893249512
mixed_robust,1,10,0.43478260869565216,23,0.17456722259521484
mixed_robust,),11,0.4782608695652174,23,0.07379508018493652
mixed_robust,c,12,0.5217391304347826,23,0.23813605308532715
mixed_robust,1,13,0.5652173913043478,23,0.2440943717956543
mixed_robust,c,14,0.6086956521739131,23,0.19310760498046875
mixed_robust,c,15,0.6521739130434783,23,0.19310760498046875
mixed_robust,c,16,0.6956521739130435,23,0.19310760498046875
mixed_robust,c,17,0.7391304347826086,23,0.19310760498046875
mixed_robust,c,18,0.782608695652174,23,0.19310760498046875
mixed_robust,1,19,0.8260869565217391,23,0.24999070167541504
mixed_robust,n,20,0.8695652173913043,23,0.2848827838897705
mixed_robust,2,21,0.9130434782608695,23,0.0975179672241211
mixed_robust,[*],22,0.9565217391304348,23,0.07920598983764648
mixed_robust,[*],0,0.0,35,1.3967933654785156
mixed_robust,c,1,0.02857142857142857,35,1.3318543434143066
mixed_robust,1,2,0.05714285714285714,35,1.251293659210205
mixed_robust,c,3,0.08571428571428572,35,1.2516250610351562
mixed_robust,c,4,0.11428571428571428,35,1.2516250610351562
mixed_robust,(,5,0.14285714285714285,35,1.1144428253173828
mixed_robust,C,6,0.17142857142857143,35,1.1972012519836426
mixed_robust,(,7,0.2,35,0.8635497093200684
mixed_robust,F,8,0.22857142857142856,35,0.7100615501403809
mixed_robust,),9,0.2571428571428571,35,0.9463579654693604
mixed_robust,(,10,0.2857142857142857,35,1.0100584030151367
mixed_robust,F,11,0.3142857142857143,35,0.8583786487579346
mixed_robust,),12,0.34285714285714286,35,0.9857354164123535
mixed_robust,C,13,0.37142857142857144,35,1.020596981048584
mixed_robust,(,14,0.4,35,0.5970873832702637
mixed_robust,F,15,0.42857142857142855,35,0.45835375785827637
mixed_robust,),16,0.45714285714285713,35,0.9022057056427002
mixed_robust,(,17,0.4857142857142857,35,0.8558869361877441
mixed_robust,F,18,0.5142857142857142,35,0.6309890747070312
mixed_robust,),19,0.5428571428571428,35,0.7197303771972656
mixed_robust,C,20,0.5714285714285714,35,0.6429429054260254
mixed_robust,(,21,0.6,35,0.5564298629760742
mixed_robust,F,22,0.6285714285714286,35,0.40979957580566406
mixed_robust,),23,0.6571428571428571,35,0.5236153602600098
mixed_robust,(,24,0.6857142857142857,35,0.39945006370544434
mixed_robust,F,25,0.7142857142857143,35,0.3072469234466553
mixed_robust,),26,0.7428571428571429,35,0.30597639083862305
mixed_robust,F,27,0.7714285714285715,35,0.19903564453125
mixed_robust,),28,0.8,35,0.39666080474853516
mixed_robust,c,29,0.8285714285714286,35,0.4085249900817871
mixed_robust,(,30,0.8571428571428571,35,0.3675112724304199
mixed_robust,[*],31,0.8857142857142857,35,0.430495023727417
mixed_robust,),32,0.9142857142857143,35,0.3751978874206543
mixed_robust,s,33,0.9428571428571428,35,2.4701051712036133
mixed_robust,1,34,0.9714285714285714,35,0.22986793518066406
mixed_robust,[*],0,0.0,25,1.1937270164489746
mixed_robust,C,1,0.04,25,1.0983712673187256
mixed_robust,C,2,0.08,25,1.0983712673187256
mixed_robust,(,3,0.12,25,0.9283938407897949
mixed_robust,=,4,0.16,25,0.29072999954223633
mixed_robust,O,5,0.2,25,1.121044635772705
mixed_robust,),6,0.24,25,0.3323974609375
mixed_robust,O,7,0.28,25,0.49271106719970703
mixed_robust,C,8,0.32,25,0.3343539237976074
mixed_robust,(,9,0.36,25,0.2490062713623047
mixed_robust,=,10,0.4,25,0.15167760848999023
mixed_robust,O,11,0.44,25,0.08866024017333984
mixed_robust,),12,0.48,25,0.028150558471679688
mixed_robust,c,13,0.52,25,0.017284870147705078
mixed_robust,1,14,0.56,25,0.14432382583618164
mixed_robust,c,15,0.6,25,0.044861793518066406
mixed_robust,c,16,0.64,25,0.044861793518066406
mixed_robust,c,17,0.68,25,0.044861793518066406
mixed_robust,c,18,0.72,25,0.044861793518066406
mixed_robust,(,19,0.76,25,0.09727001190185547
mixed_robust,O,20,0.8,25,0.0384526252746582
mixed_robust,[*],21,0.84,25,0.005677700042724609
mixed_robust,),22,0.88,25,0.04728364944458008
mixed_robust,c,23,0.92,25,0.007304191589355469
mixed_robust,1,24,0.96,25,0.043802738189697266
mixed_robust,[*],0,0.0,24,0.33437108993530273
mixed_robust,C,1,0.041666666666666664,24,0.3283076286315918
mixed_robust,C,2,0.08333333333333333,24,0.3283076286315918
mixed_robust,C,3,0.125,24,0.3283076286315918
mixed_robust,C,4,0.16666666666666666,24,0.3283076286315918
mixed_robust,C,5,0.20833333333333334,24,0.3283076286315918
mixed_robust,C,6,0.25,24,0.3283076286315918
mixed_robust,N,7,0.2916666666666667,24,0.20856428146362305
mixed_robust,C,8,0.3333333333333333,24,0.2861485481262207
mixed_robust,(,9,0.375,24,0.24694490432739258
mixed_robust,=,10,0.4166666666666667,24,0.1019124984741211
mixed_robust,O,11,0.4583333333333333,24,0.3496389389038086
mixed_robust,),12,0.5,24,0.2248678207397461
mixed_robust,N,13,0.5416666666666666,24,0.28324127197265625
mixed_robust,C,14,0.5833333333333334,24,0.3144087791442871
mixed_robust,C,15,0.625,24,0.3144087791442871
mixed_robust,N,16,0.6666666666666666,24,0.2407546043395996
mixed_robust,C,17,0.7083333333333334,24,0.2614436149597168
mixed_robust,(,18,0.75,24,0.22361087799072266
mixed_robust,=,19,0.7916666666666666,24,0.04927825927734375
mixed_robust,O,20,0.8333333333333334,24,0.4073200225830078
mixed_robust,),21,0.875,24,0.03879404067993164
mixed_robust,N,22,0.9166666666666666,24,0.018912792205810547
mixed_robust,[*],23,0.9583333333333334,24,0.00304412841796875
mixed_robust,[*],0,0.0,17,0.44458651542663574
mixed_robust,N,1,0.058823529411764705,17,0.3872056007385254
mixed_robust,c,2,0.11764705882352941,17,0.2812833786010742
mixed_robust,1,3,0.17647058823529413,17,0.36601829528808594
mixed_robust,c,4,0.23529411764705882,17,0.3354527950286865
mixed_robust,(,5,0.29411764705882354,17,0.5091252326965332
mixed_robust,Cl,6,0.35294117647058826,17,0.03108048439025879
mixed_robust,),7,0.4117647058823529,17,0.09200692176818848
mixed_robust,c,8,0.47058823529411764,17,0.011780023574829102
mixed_robust,c,9,0.5294117647058824,17,0.011780023574829102
mixed_robust,(,10,0.5882352941176471,17,0.09727692604064941
mixed_robust,[*],11,0.6470588235294118,17,0.11222243309020996
mixed_robust,),12,0.7058823529411765,17,0.29076695442199707
mixed_robust,c,13,0.7647058823529411,17,0.1184992790222168
mixed_robust,c,14,0.8235294117647058,17,0.1184992790222168
mixed_robust,1,15,0.8823529411764706,17,0.08374357223510742
mixed_robust,Cl,16,0.9411764705882353,17,0.35956788063049316
mixed_robust,[*],0,0.0,24,0.15850162506103516
mixed_robust,C,1,0.041666666666666664,24,0.19386672973632812
mixed_robust,C,2,0.08333333333333333,24,0.19386672973632812
mixed_robust,C,3,0.125,24,0.19386672973632812
mixed_robust,C,4,0.16666666666666666,24,0.19386672973632812
mixed_robust,C,5,0.20833333333333334,24,0.19386672973632812
mixed_robust,C,6,0.25,24,0.19386672973632812
mixed_robust,C,7,0.2916666666666667,24,0.19386672973632812
mixed_robust,C,8,0.3333333333333333,24,0.19386672973632812
mixed_robust,C,9,0.375,24,0.19386672973632812
mixed_robust,N,10,0.4166666666666667,24,0.20979595184326172
mixed_robust,C,11,0.4583333333333333,24,0.10611391067504883
mixed_robust,(,12,0.5,24,0.11051273345947266
mixed_robust,=,13,0.5416666666666666,24,0.019639968872070312
mixed_robust,O,14,0.5833333333333334,24,0.25872278213500977
mixed_robust,),15,0.625,24,0.06930780410766602
mixed_robust,C,16,0.6666666666666666,24,0.07306766510009766
mixed_robust,C,17,0.7083333333333334,24,0.07306766510009766
mixed_robust,(,18,0.75,24,0.05881309509277344
mixed_robust,=,19,0.7916666666666666,24,0.12656784057617188
mixed_robust,O,20,0.8333333333333334,24,0.37712955474853516
mixed_robust,),21,0.875,24,0.055278778076171875
mixed_robust,N,22,0.9166666666666666,24,0.076171875
mixed_robust,[*],23,0.9583333333333334,24,0.008737564086914062
mixed_robust,[*],0,0.0,20,0.21697092056274414
mixed_robust,C,1,0.05,20,0.08710861206054688
mixed_robust,C,2,0.1,20,0.08710861206054688
mixed_robust,(,3,0.15,20,0.01917123794555664
mixed_robust,S,4,0.2,20,0.35496973991394043
mixed_robust,1,5,0.25,20,0.42332887649536133
mixed_robust,),6,0.3,20,0.17919921875
mixed_robust,=,7,0.35,20,0.5755846500396729
mixed_robust,C,8,0.4,20,0.08475399017333984
mixed_robust,C,9,0.45,20,0.08475399017333984
mixed_robust,=,10,0.5,20,0.7587711811065674
mixed_robust,C,11,0.55,20,0.08422303199768066
mixed_robust,1,12,0.6,20,0.0795590877532959
mixed_robust,C,13,0.65,20,0.0843503475189209
mixed_robust,(,14,0.7,20,0.055846452713012695
mixed_robust,=,15,0.75,20,0.8289151191711426
mixed_robust,S,16,0.8,20,0.8815479278564453
mixed_robust,),17,0.85,20,0.4813849925994873
mixed_robust,O,18,0.9,20,0.29430580139160156
mixed_robust,[*],19,0.95,20,0.03536248207092285
mixed_robust,[*],0,0.0,17,0.006936073303222656
mixed_robust,C,1,0.058823529411764705,17,0.34372854232788086
mixed_robust,C,2,0.11764705882352941,17,0.34372854232788086
mixed_robust,C,3,0.17647058823529413,17,0.34372854232788086
mixed_robust,O,4,0.23529411764705882,17,0.1488475799560547
mixed_robust,C,5,0.29411764705882354,17,0.40731048583984375
mixed_robust,(,6,0.35294117647058826,17,0.1619725227355957
mixed_robust,=,7,0.4117647058823529,17,0.5130629539489746
mixed_robust,O,8,0.47058823529411764,17,0.08118247985839844
mixed_robust,),9,0.5294117647058824,17,0.1804347038269043
mixed_robust,C,10,0.5882352941176471,17,0.253659725189209
mixed_robust,(,11,0.6470588235294118,17,0.16157150268554688
mixed_robust,=,12,0.7058823529411765,17,0.21262693405151367
mixed_robust,O,13,0.7647058823529411,17,0.2550544738769531
mixed_robust,),14,0.8235294117647058,17,0.05556535720825195
mixed_robust,O,15,0.8823529411764706,17,0.31748342514038086
mixed_robust,[*],16,0.9411764705882353,17,0.04254341125488281
mixed_robust,[*],0,0.0,32,0.22455787658691406
mixed_robust,C,1,0.03125,32,0.23676538467407227
mixed_robust,C,2,0.0625,32,0.23676538467407227
mixed_robust,C,3,0.09375,32,0.23676538467407227
mixed_robust,C,4,0.125,32,0.23676538467407227
mixed_robust,(,5,0.15625,32,0.20226764678955078
mixed_robust,C,6,0.1875,32,0.20400428771972656
mixed_robust,),7,0.21875,32,0.15037298202514648
mixed_robust,(,8,0.25,32,0.19576501846313477
mixed_robust,C,9,0.28125,32,0.1759018898010254
mixed_robust,),10,0.3125,32,0.14615488052368164
mixed_robust,C,11,0.34375,32,0.16560077667236328
mixed_robust,N,12,0.375,32,0.15472936630249023
mixed_robust,C,13,0.40625,32,0.2533707618713379
mixed_robust,(,14,0.4375,32,0.24494695663452148
mixed_robust,=,15,0.46875,32,0.053638458251953125
mixed_robust,O,16,0.5,32,0.5148735046386719
mixed_robust,),17,0.53125,32,0.1803421974182129
mixed_robust,C,18,0.5625,32,0.19666051864624023
mixed_robust,C,19,0.59375,32,0.19666051864624023
mixed_robust,C,20,0.625,32,0.19666051864624023
mixed_robust,C,21,0.65625,32,0.19666051864624023
mixed_robust,C,22,0.6875,32,0.19666051864624023
mixed_robust,C,23,0.71875,32,0.19666051864624023
mixed_robust,C,24,0.75,32,0.19666051864624023
mixed_robust,C,25,0.78125,32,0.19666051864624023
mixed_robust,(,26,0.8125,32,0.2165813446044922
mixed_robust,=,27,0.84375,32,0.16780710220336914
mixed_robust,O,28,0.875,32,0.47019195556640625
mixed_robust,),29,0.90625,32,0.055661678314208984
mixed_robust,N,30,0.9375,32,0.009070396423339844
mixed_robust,[*],31,0.96875,32,0.006681919097900391
mixed_robust,[*],0,0.0,33,0.6408073902130127
mixed_robust,C,1,0.030303030303030304,33,0.6227452754974365
mixed_robust,1,2,0.06060606060606061,33,0.5609691143035889
mixed_robust,=,3,0.09090909090909091,33,0.19486474990844727
mixed_robust,C,4,0.12121212121212122,33,0.41544485092163086
mixed_robust,S,5,0.15151515151515152,33,0.455899715423584
mixed_robust,C,6,0.18181818181818182,33,0.307117223739624
mixed_robust,(,7,0.21212121212121213,33,0.3733348846435547
mixed_robust,=,8,0.24242424242424243,33,0.2572028636932373
mixed_robust,C,9,0.2727272727272727,33,0.32157039642333984
mixed_robust,2,10,0.30303030303030304,33,0.3114197254180908
mixed_robust,S,11,0.3333333333333333,33,0.30341434478759766
mixed_robust,C,12,0.36363636363636365,33,0.16990089416503906
mixed_robust,=,13,0.3939393939393939,33,0.1372087001800537
mixed_robust,C,14,0.42424242424242425,33,0.19148921966552734
mixed_robust,(,15,0.45454545454545453,33,0.2545783519744873
mixed_robust,c,16,0.48484848484848486,33,0.3035275936126709
mixed_robust,3,17,0.5151515151515151,33,0.26102447509765625
mixed_robust,c,18,0.5454545454545454,33,0.2816493511199951
mixed_robust,c,19,0.5757575757575758,33,0.2816493511199951
mixed_robust,c,20,0.6060606060606061,33,0.2816493511199951
mixed_robust,(,21,0.6363636363636364,33,0.2836141586303711
mixed_robust,[*],22,0.6666666666666666,33,0.26971006393432617
mixed_robust,),23,0.696969696969697,33,0.14497089385986328
mixed_robust,c,24,0.7272727272727273,33,0.14470958709716797
mixed_robust,c,25,0.7575757575757576,33,0.14470958709716797
mixed_robust,3,26,0.7878787878787878,33,0.06433248519897461
mixed_robust,),27,0.8181818181818182,33,0.04193115234375
mixed_robust,S,28,0.8484848484848485,33,0.03906059265136719
mixed_robust,2,29,0.8787878787878788,33,0.017607688903808594
mixed_robust,),30,0.9090909090909091,33,0.051679134368896484
mixed_robust,S,31,0.9393939393939394,33,0.17409944534301758
mixed_robust,1,32,0.9696969696969697,33,0.018124103546142578
mixed_robust,[*],0,0.0,36,0.05956125259399414
mixed_robust,N,1,0.027777777777777776,36,0.20000886917114258
mixed_robust,=,2,0.05555555555555555,36,0.36548542976379395
mixed_robust,c,3,0.08333333333333333,36,0.4139533042907715
mixed_robust,1,4,0.1111111111111111,36,0.291872501373291
mixed_robust,c,5,0.1388888888888889,36,0.2775428295135498
mixed_robust,(,6,0.16666666666666666,36,0.1985769271850586
mixed_robust,=,7,0.19444444444444445,36,0.30994439125061035
mixed_robust,N,8,0.2222222222222222,36,0.04752993583679199
mixed_robust,c,9,0.25,36,0.0664372444152832
mixed_robust,2,10,0.2777777777777778,36,0.15380549430847168
mixed_robust,c,11,0.3055555555555556,36,0.016326904296875
mixed_robust,c,12,0.3333333333333333,36,0.016326904296875
mixed_robust,c,13,0.3611111111111111,36,0.016326904296875
mixed_robust,(,14,0.3888888888888889,36,0.07626056671142578
mixed_robust,[*],15,0.4166666666666667,36,0.0011370182037353516
mixed_robust,),16,0.4444444444444444,36,0.048563480377197266
mixed_robust,c,17,0.4722222222222222,36,0.0533297061920166
mixed_robust,c,18,0.5,36,0.0533297061920166
mixed_robust,2,19,0.5277777777777778,36,0.09033679962158203
mixed_robust,),20,0.5555555555555556,36,0.1555006504058838
mixed_robust,c,21,0.5833333333333334,36,0.13240480422973633
mixed_robust,2,22,0.6111111111111112,36,0.05202031135559082
mixed_robust,c,23,0.6388888888888888,36,0.11227607727050781
mixed_robust,c,24,0.6666666666666666,36,0.11227607727050781
mixed_robust,c,25,0.6944444444444444,36,0.11227607727050781
mixed_robust,c,26,0.7222222222222222,36,0.11227607727050781
mixed_robust,3,27,0.75,36,0.010997295379638672
mixed_robust,c,28,0.7777777777777778,36,0.06885600090026855
mixed_robust,c,29,0.8055555555555556,36,0.06885600090026855
mixed_robust,c,30,0.8333333333333334,36,0.06885600090026855
mixed_robust,c,31,0.8611111111111112,36,0.06885600090026855
mixed_robust,1,32,0.8888888888888888,36,0.05175614356994629
mixed_robust,c,33,0.9166666666666666,36,0.1275620460510254
mixed_robust,3,34,0.9444444444444444,36,0.017073869705200195
mixed_robust,2,35,0.9722222222222222,36,0.04980182647705078
mixed_robust,[*],0,0.0,59,0.15429162979125977
mixed_robust,C,1,0.01694915254237288,59,0.12929725646972656
mixed_robust,c,2,0.03389830508474576,59,0.06744933128356934
mixed_robust,1,3,0.05084745762711865,59,0.007723569869995117
mixed_robust,c,4,0.06779661016949153,59,0.03953266143798828
mixed_robust,c,5,0.0847457627118644,59,0.03953266143798828
mixed_robust,(,6,0.1016949152542373,59,0.0006351470947265625
mixed_robust,C,7,0.11864406779661017,59,0.06075477600097656
mixed_robust,O,8,0.13559322033898305,59,0.04082846641540527
mixed_robust,C,9,0.15254237288135594,59,0.10802745819091797
mixed_robust,(,10,0.1694915254237288,59,0.09632205963134766
mixed_robust,=,11,0.1864406779661017,59,0.4315223693847656
mixed_robust,O,12,0.2033898305084746,59,0.31356143951416016
mixed_robust,),13,0.22033898305084745,59,0.1067039966583252
mixed_robust,N,14,0.23728813559322035,59,0.05145263671875
mixed_robust,c,15,0.2542372881355932,59,0.03029322624206543
mixed_robust,2,16,0.2711864406779661,59,0.03803205490112305
mixed_robust,c,17,0.288135593220339,59,0.04517865180969238
mixed_robust,c,18,0.3050847457627119,59,0.04517865180969238
mixed_robust,c,19,0.3220338983050847,59,0.04517865180969238
mixed_robust,(,20,0.3389830508474576,59,0.033875465393066406
mixed_robust,C,21,0.3559322033898305,59,0.09462881088256836
mixed_robust,c,22,0.3728813559322034,59,0.19840216636657715
mixed_robust,3,23,0.3898305084745763,59,0.15935420989990234
mixed_robust,c,24,0.4067796610169492,59,0.2939422130584717
mixed_robust,c,25,0.423728813559322,59,0.2939422130584717
mixed_robust,c,26,0.4406779661016949,59,0.2939422130584717
mixed_robust,(,27,0.4576271186440678,59,0.18309426307678223
mixed_robust,N,28,0.4745762711864407,59,0.24805021286010742
mixed_robust,C,29,0.4915254237288136,59,0.23954391479492188
mixed_robust,(,30,0.5084745762711864,59,0.21506452560424805
mixed_robust,=,31,0.5254237288135594,59,0.6724858283996582
mixed_robust,O,32,0.5423728813559322,59,0.3703145980834961
mixed_robust,),33,0.559322033898305,59,0.4172348976135254
mixed_robust,O,34,0.576271186440678,59,0.25345373153686523
mixed_robust,[*],35,0.5932203389830508,59,0.28331828117370605
mixed_robust,),36,0.6101694915254238,59,0.33355140686035156
mixed_robust,c,37,0.6271186440677966,59,0.33913636207580566
mixed_robust,c,38,0.6440677966101694,59,0.33913636207580566
mixed_robust,3,39,0.6610169491525424,59,0.3404865264892578
mixed_robust,),40,0.6779661016949152,59,0.1895594596862793
mixed_robust,c,41,0.6949152542372882,59,0.21544122695922852
mixed_robust,c,42,0.711864406779661,59,0.21544122695922852
mixed_robust,2,43,0.7288135593220338,59,0.2299034595489502
mixed_robust,),44,0.7457627118644068,59,0.21978354454040527
mixed_robust,c,45,0.7627118644067796,59,0.1351330280303955
mixed_robust,c,46,0.7796610169491526,59,0.1351330280303955
mixed_robust,(,47,0.7966101694915254,59,0.03238344192504883
mixed_robust,C,48,0.8135593220338984,59,0.03833818435668945
mixed_robust,(,49,0.8305084745762712,59,0.0959935188293457
mixed_robust,C,50,0.847457627118644,59,0.10612797737121582
mixed_robust,),51,0.864406779661017,59,0.10040545463562012
mixed_robust,(,52,0.8813559322033898,59,0.07066798210144043
mixed_robust,C,53,0.8983050847457628,59,0.11469197273254395
mixed_robust,),54,0.9152542372881356,59,0.05995798110961914
mixed_robust,C,55,0.9322033898305084,59,0.016214370727539062
mixed_robust,),56,0.9491525423728814,59,0.013890743255615234
mixed_robust,c,57,0.9661016949152542,59,0.011715412139892578
mixed_robust,1,58,0.9830508474576272,59,0.012048959732055664
mixed_robust,[*],0,0.0,44,0.6083168983459473
mixed_robust,C,1,0.022727272727272728,44,0.6192922592163086
mixed_robust,1,2,0.045454545454545456,44,0.6893815994262695
mixed_robust,=,3,0.06818181818181818,44,0.774071455001831
mixed_robust,C,4,0.09090909090909091,44,0.630253791809082
mixed_robust,2,5,0.11363636363636363,44,0.6585068702697754
mixed_robust,O,6,0.13636363636363635,44,0.6098432540893555
mixed_robust,C,7,0.1590909090909091,44,0.6840548515319824
mixed_robust,C,8,0.18181818181818182,44,0.6840548515319824
mixed_robust,O,9,0.20454545454545456,44,0.6083717346191406
mixed_robust,C,10,0.22727272727272727,44,0.6151130199432373
mixed_robust,2,11,0.25,44,0.58670973777771
mixed_robust,=,12,0.2727272727272727,44,0.7180712223052979
mixed_robust,C,13,0.29545454545454547,44,0.6125478744506836
mixed_robust,(,14,0.3181818181818182,44,0.5589568614959717
mixed_robust,c,15,0.3409090909090909,44,0.5377845764160156
mixed_robust,2,16,0.36363636363636365,44,0.6953582763671875
mixed_robust,c,17,0.38636363636363635,44,0.603325605392456
mixed_robust,c,18,0.4090909090909091,44,0.603325605392456
mixed_robust,c,19,0.4318181818181818,44,0.603325605392456
mixed_robust,(,20,0.45454545454545453,44,0.6410400867462158
mixed_robust,-,21,0.4772727272727273,44,0.6580889225006104
mixed_robust,c,22,0.5,44,0.6247344017028809
mixed_robust,3,23,0.5227272727272727,44,0.7499432563781738
mixed_robust,c,24,0.5454545454545454,44,0.653813362121582
mixed_robust,c,25,0.5681818181818182,44,0.653813362121582
mixed_robust,c,26,0.5909090909090909,44,0.653813362121582
mixed_robust,(,27,0.6136363636363636,44,0.6859056949615479
mixed_robust,[*],28,0.6363636363636364,44,0.708035945892334
mixed_robust,),29,0.6590909090909091,44,0.703582763671875
mixed_robust,s,30,0.6818181818181818,44,0.7314324378967285
mixed_robust,3,31,0.7045454545454546,44,0.668494701385498
mixed_robust,),32,0.7272727272727273,44,0.5753161907196045
mixed_robust,s,33,0.75,44,0.8220806121826172
mixed_robust,2,34,0.7727272727272727,44,0.48798465728759766
mixed_robust,),35,0.7954545454545454,44,0.33690929412841797
mixed_robust,S,36,0.8181818181818182,44,0.048300743103027344
mixed_robust,1,37,0.8409090909090909,44,0.1498560905456543
mixed_robust,(,38,0.8636363636363636,44,0.12391924858093262
mixed_robust,=,39,0.8863636363636364,44,0.19151878356933594
mixed_robust,O,40,0.9090909090909091,44,0.09774565696716309
mixed_robust,),41,0.9318181818181818,44,0.12113761901855469
mixed_robust,=,42,0.9545454545454546,44,0.17756319046020508
mixed_robust,O,43,0.9772727272727273,44,0.11081337928771973
mixed_robust,[*],0,0.0,31,0.8721613883972168
mixed_robust,N,1,0.03225806451612903,31,0.8754348754882812
mixed_robust,C,2,0.06451612903225806,31,0.8174619674682617
mixed_robust,(,3,0.0967741935483871,31,0.7988705635070801
mixed_robust,C,4,0.12903225806451613,31,0.7703132629394531
mixed_robust,C,5,0.16129032258064516,31,0.7703132629394531
mixed_robust,C,6,0.1935483870967742,31,0.7703132629394531
mixed_robust,N,7,0.22580645161290322,31,0.7646355628967285
mixed_robust,C,8,0.25806451612903225,31,0.7906174659729004
mixed_robust,(,9,0.2903225806451613,31,0.7820782661437988
mixed_robust,=,10,0.3225806451612903,31,0.9457430839538574
mixed_robust,O,11,0.3548387096774194,31,0.05357027053833008
mixed_robust,),12,0.3870967741935484,31,0.5543427467346191
mixed_robust,c,13,0.41935483870967744,31,0.7413215637207031
mixed_robust,1,14,0.45161290322580644,31,0.4865398406982422
mixed_robust,c,15,0.4838709677419355,31,0.8131842613220215
mixed_robust,c,16,0.5161290322580645,31,0.8131842613220215
mixed_robust,c,17,0.5483870967741935,31,0.8131842613220215
mixed_robust,(,18,0.5806451612903226,31,0.45009374618530273
mixed_robust,F,19,0.6129032258064516,31,0.574648380279541
mixed_robust,),20,0.6451612903225806,31,0.4024033546447754
mixed_robust,c,21,0.6774193548387096,31,0.590672492980957
mixed_robust,c,22,0.7096774193548387,31,0.590672492980957
mixed_robust,1,23,0.7419354838709677,31,0.37491750717163086
mixed_robust,),24,0.7741935483870968,31,0.17302179336547852
mixed_robust,C,25,0.8064516129032258,31,0.07800841331481934
mixed_robust,(,26,0.8387096774193549,31,0.05284309387207031
mixed_robust,[*],27,0.8709677419354839,31,0.11126184463500977
mixed_robust,),28,0.9032258064516129,31,0.2335062026977539
mixed_robust,=,29,0.9354838709677419,31,0.5194497108459473
mixed_robust,O,30,0.967741935483871,31,0.39946794509887695
mixed_robust,[*],0,0.0,23,1.7360544204711914
mixed_robust,C,1,0.043478260869565216,23,1.8759877681732178
mixed_robust,=,2,0.08695652173913043,23,1.753401279449463
mixed_robust,C,3,0.13043478260869565,23,1.626133918762207
mixed_robust,(,4,0.17391304347826086,23,1.5639004707336426
mixed_robust,[*],5,0.21739130434782608,23,1.4268808364868164
mixed_robust,),6,0.2608695652173913,23,1.2788455486297607
mixed_robust,c,7,0.30434782608695654,23,1.2387053966522217
mixed_robust,1,8,0.34782608695652173,23,1.3608884811401367
mixed_robust,c,9,0.391304347826087,23,0.7596220970153809
mixed_robust,c,10,0.43478260869565216,23,0.7596220970153809
mixed_robust,c,11,0.4782608695652174,23,0.7596220970153809
mixed_robust,(,12,0.5217391304347826,23,0.9295165538787842
mixed_robust,[N+],13,0.5652173913043478,23,0.8865797519683838
mixed_robust,(,14,0.6086956521739131,23,0.9764533042907715
mixed_robust,=,15,0.6521739130434783,23,1.003711462020874
mixed_robust,O,16,0.6956521739130435,23,0.4189794063568115
mixed_robust,),17,0.7391304347826086,23,0.16895699501037598
mixed_robust,[O-],18,0.782608695652174,23,0.0797429084777832
mixed_robust,),19,0.8260869565217391,23,0.04977083206176758
mixed_robust,c,20,0.8695652173913043,23,0.005195140838623047
mixed_robust,c,21,0.9130434782608695,23,0.005195140838623047
mixed_robust,1,22,0.9565217391304348,23,0.11361026763916016
mixed_robust,[*],0,0.0,35,0.2004103660583496
mixed_robust,O,1,0.02857142857142857,35,0.2111048698425293
mixed_robust,C,2,0.05714285714285714,35,0.028722286224365234
mixed_robust,1,3,0.08571428571428572,35,0.04023408889770508
mixed_robust,(,4,0.11428571428571428,35,0.05871295928955078
mixed_robust,C,5,0.14285714285714285,35,0.03395223617553711
mixed_robust,),6,0.17142857142857143,35,0.07596445083618164
mixed_robust,C,7,0.2,35,0.022475719451904297
mixed_robust,C,8,0.22857142857142856,35,0.022475719451904297
mixed_robust,(,9,0.2571428571428571,35,0.06898927688598633
mixed_robust,C,10,0.2857142857142857,35,0.06316280364990234
mixed_robust,),11,0.3142857142857143,35,0.06600189208984375
mixed_robust,(,12,0.34285714285714286,35,0.04384469985961914
mixed_robust,C,13,0.37142857142857144,35,0.008250713348388672
mixed_robust,),14,0.4,35,0.029378890991210938
mixed_robust,C,15,0.42857142857142855,35,0.15756464004516602
mixed_robust,(,16,0.45714285714285713,35,0.22287511825561523
mixed_robust,C,17,0.4857142857142857,35,0.2595338821411133
mixed_robust,),18,0.5142857142857142,35,0.1742854118347168
mixed_robust,(,19,0.5428571428571428,35,0.2349686622619629
mixed_robust,N,20,0.5714285714285714,35,0.46931982040405273
mixed_robust,2,21,0.6,35,0.09483575820922852
mixed_robust,C,22,0.6285714285714286,35,0.09498167037963867
mixed_robust,C,23,0.6571428571428571,35,0.09498167037963867
mixed_robust,C,24,0.6857142857142857,35,0.09498167037963867
mixed_robust,C,25,0.7142857142857143,35,0.09498167037963867
mixed_robust,(,26,0.7428571428571429,35,0.025482654571533203
mixed_robust,[*],27,0.7714285714285715,35,0.06888961791992188
mixed_robust,),28,0.8,35,0.00876617431640625
mixed_robust,C,29,0.8285714285714286,35,0.031316280364990234
mixed_robust,2,30,0.8571428571428571,35,0.04482078552246094
mixed_robust,),31,0.8857142857142857,35,0.0879678726196289
mixed_robust,C,32,0.9142857142857143,35,0.004331111907958984
mixed_robust,1,33,0.9428571428571428,35,0.005115509033203125
mixed_robust,C,34,0.9714285714285714,35,0.03619861602783203
mixed_robust,C,0,0.0,66,0.03742361068725586
mixed_robust,(,1,0.015151515151515152,66,0.05564069747924805
mixed_robust,O,2,0.030303030303030304,66,0.06415009498596191
mixed_robust,2,3,0.045454545454545456,66,0.05570268630981445
mixed_robust,),4,0.06060606060606061,66,0.12803411483764648
mixed_robust,(,5,0.07575757575757576,66,0.1732168197631836
mixed_robust,[*],6,0.09090909090909091,66,0.11103296279907227
mixed_robust,),7,0.10606060606060606,66,0.08232975006103516
mixed_robust,=,8,0.12121212121212122,66,0.23385143280029297
mixed_robust,N,9,0.13636363636363635,66,0.17829489707946777
mixed_robust,N,10,0.15151515151515152,66,0.17829489707946777
mixed_robust,=,11,0.16666666666666666,66,0.29816293716430664
mixed_robust,C,12,0.18181818181818182,66,0.02014636993408203
mixed_robust,2,13,0.19696969696969696,66,0.08014988899230957
mixed_robust,C,14,0.21212121212121213,66,0.0054111480712890625
mixed_robust,1,15,0.22727272727272727,66,0.006117343902587891
mixed_robust,=,16,0.24242424242424243,66,0.3398146629333496
mixed_robust,C,17,0.25757575757575757,66,0.0073757171630859375
mixed_robust,C,18,0.2727272727272727,66,0.0073757171630859375
mixed_robust,=,19,0.2878787878787879,66,0.3600583076477051
mixed_robust,C,20,0.30303030303030304,66,0.04157257080078125
mixed_robust,(,21,0.3181818181818182,66,0.06322622299194336
mixed_robust,C,22,0.3333333333333333,66,0.07177162170410156
mixed_robust,=,23,0.3484848484848485,66,0.44637227058410645
mixed_robust,C,24,0.36363636363636365,66,0.10920047760009766
mixed_robust,1,25,0.3787878787878788,66,0.11708784103393555
mixed_robust,),26,0.3939393939393939,66,0.13199996948242188
mixed_robust,C,27,0.4090909090909091,66,0.03543710708618164
mixed_robust,2,28,0.42424242424242425,66,0.11035037040710449
mixed_robust,(,29,0.4393939393939394,66,0.10192608833312988
mixed_robust,C,30,0.45454545454545453,66,4.506111145019531e-05
mixed_robust,1,31,0.4696969696969697,66,0.13049650192260742
mixed_robust,=,32,0.48484848484848486,66,0.2915933132171631
mixed_robust,C,33,0.5,66,0.03437471389770508
mixed_robust,C,34,0.5151515151515151,66,0.03437471389770508
mixed_robust,=,35,0.5303030303030303,66,0.22620344161987305
mixed_robust,C,36,0.5454545454545454,66,0.03717851638793945
mixed_robust,C,37,0.5606060606060606,66,0.03717851638793945
mixed_robust,=,38,0.5757575757575758,66,0.2655980587005615
mixed_robust,C,39,0.5909090909090909,66,0.006670951843261719
mixed_robust,1,40,0.6060606060606061,66,0.1385664939880371
mixed_robust,C,41,0.6212121212121212,66,0.04907989501953125
mixed_robust,(,42,0.6363636363636364,66,0.06367111206054688
mixed_robust,=,43,0.6515151515151515,66,0.2313385009765625
mixed_robust,O,44,0.6666666666666666,66,0.25389671325683594
mixed_robust,),45,0.6818181818181818,66,0.00018739700317382812
mixed_robust,O,46,0.696969696969697,66,0.13629484176635742
mixed_robust,2,47,0.7121212121212122,66,0.10970401763916016
mixed_robust,),48,0.7272727272727273,66,0.14994382858276367
mixed_robust,C,49,0.7424242424242424,66,0.046803951263427734
mixed_robust,1,50,0.7575757575757576,66,0.13207197189331055
mixed_robust,=,51,0.7727272727272727,66,0.3588550090789795
mixed_robust,C,52,0.7878787878787878,66,0.09222221374511719
mixed_robust,C,53,0.803030303030303,66,0.09222221374511719
mixed_robust,=,54,0.8181818181818182,66,0.427609920501709
mixed_robust,C,55,0.8333333333333334,66,0.18250370025634766
mixed_robust,(,56,0.8484848484848485,66,0.2641465663909912
mixed_robust,C,57,0.8636363636363636,66,0.07931113243103027
mixed_robust,=,58,0.8787878787878788,66,0.42250823974609375
mixed_robust,C,59,0.8939393939393939,66,0.06278538703918457
mixed_robust,1,60,0.9090909090909091,66,0.03219413757324219
mixed_robust,),61,0.9242424242424242,66,0.05189990997314453
mixed_robust,O,62,0.9393939393939394,66,0.10026884078979492
mixed_robust,(,63,0.9545454545454546,66,0.08381319046020508
mixed_robust,[*],64,0.9696969696969697,66,0.11020779609680176
mixed_robust,),65,0.9848484848484849,66,0.15787315368652344
mixed_robust,[*],0,0.0,83,0.14016938209533691
mixed_robust,c,1,0.012048192771084338,83,0.18207025527954102
mixed_robust,1,2,0.024096385542168676,83,0.20786666870117188
mixed_robust,c,3,0.03614457831325301,83,0.13440513610839844
mixed_robust,c,4,0.04819277108433735,83,0.13440513610839844
mixed_robust,c,5,0.060240963855421686,83,0.13440513610839844
mixed_robust,(,6,0.07228915662650602,83,0.0797271728515625
mixed_robust,N,7,0.08433734939759036,83,0.08327484130859375
mixed_robust,(,8,0.0963855421686747,83,0.12842941284179688
mixed_robust,c,9,0.10843373493975904,83,0.15111970901489258
mixed_robust,2,10,0.12048192771084337,83,0.14620280265808105
mixed_robust,c,11,0.13253012048192772,83,0.06258487701416016
mixed_robust,c,12,0.14457831325301204,83,0.06258487701416016
mixed_robust,c,13,0.1566265060240964,83,0.06258487701416016
mixed_robust,(,14,0.1686746987951807,83,0.021694183349609375
mixed_robust,C,15,0.18072289156626506,83,0.007293224334716797
mixed_robust,#,16,0.1927710843373494,83,0.026327848434448242
mixed_robust,N,17,0.20481927710843373,83,0.0590970516204834
mixed_robust,),18,0.21686746987951808,83,0.08966326713562012
mixed_robust,c,19,0.2289156626506024,83,0.06904959678649902
mixed_robust,c,20,0.24096385542168675,83,0.06904959678649902
mixed_robust,2,21,0.25301204819277107,83,0.07313990592956543
mixed_robust,),22,0.26506024096385544,83,0.11707544326782227
mixed_robust,c,23,0.27710843373493976,83,0.11800670623779297
mixed_robust,2,24,0.2891566265060241,83,0.1347823143005371
mixed_robust,c,25,0.30120481927710846,83,0.14401674270629883
mixed_robust,c,26,0.3132530120481928,83,0.14401674270629883
mixed_robust,c,27,0.3253012048192771,83,0.14401674270629883
mixed_robust,(,28,0.3373493975903614,83,0.16979026794433594
mixed_robust,N,29,0.3493975903614458,83,0.12787818908691406
mixed_robust,3,30,0.3614457831325301,83,0.07433128356933594
mixed_robust,C,31,0.37349397590361444,83,0.1562056541442871
mixed_robust,(,32,0.3855421686746988,83,0.14439010620117188
mixed_robust,=,33,0.39759036144578314,83,0.025223255157470703
mixed_robust,O,34,0.40963855421686746,83,0.24165058135986328
mixed_robust,),35,0.42168674698795183,83,0.21040749549865723
mixed_robust,c,36,0.43373493975903615,83,0.1833491325378418
mixed_robust,4,37,0.4457831325301205,83,0.1431269645690918
mixed_robust,c,38,0.4578313253012048,83,0.18786907196044922
mixed_robust,c,39,0.46987951807228917,83,0.18786907196044922
mixed_robust,c,40,0.4819277108433735,83,0.18786907196044922
mixed_robust,(,41,0.4939759036144578,83,0.20179033279418945
mixed_robust,-,42,0.5060240963855421,83,0.20943713188171387
mixed_robust,c,43,0.5180722891566265,83,0.20451593399047852
mixed_robust,5,44,0.5301204819277109,83,0.1928114891052246
mixed_robust,c,45,0.5421686746987951,83,0.20172643661499023
mixed_robust,c,46,0.5542168674698795,83,0.20172643661499023
mixed_robust,c,47,0.5662650602409639,83,0.20172643661499023
mixed_robust,6,48,0.5783132530120482,83,0.18198728561401367
mixed_robust,c,49,0.5903614457831325,83,0.1853470802307129
mixed_robust,(,50,0.6024096385542169,83,0.17369461059570312
mixed_robust,c,51,0.6144578313253012,83,0.17865896224975586
mixed_robust,5,52,0.6265060240963856,83,0.22263669967651367
mixed_robust,),53,0.6385542168674698,83,0.23796749114990234
mixed_robust,C,54,0.6506024096385542,83,0.22730159759521484
mixed_robust,(,55,0.6626506024096386,83,0.22153854370117188
mixed_robust,=,56,0.6746987951807228,83,0.10028934478759766
mixed_robust,O,57,0.6867469879518072,83,0.2654905319213867
mixed_robust,),58,0.6987951807228916,83,0.2516288757324219
mixed_robust,N,59,0.7108433734939759,83,0.22374343872070312
mixed_robust,(,60,0.7228915662650602,83,0.24121570587158203
mixed_robust,[*],61,0.7349397590361446,83,0.29662275314331055
mixed_robust,),62,0.7469879518072289,83,0.29383277893066406
mixed_robust,C,63,0.7590361445783133,83,0.2849903106689453
mixed_robust,6,64,0.7710843373493976,83,0.22770166397094727
mixed_robust,=,65,0.7831325301204819,83,0.16198444366455078
mixed_robust,O,66,0.7951807228915663,83,0.3558969497680664
mixed_robust,),67,0.8072289156626506,83,0.32479286193847656
mixed_robust,c,68,0.8192771084337349,83,0.29990148544311523
mixed_robust,c,69,0.8313253012048193,83,0.29990148544311523
mixed_robust,4,70,0.8433734939759037,83,0.2551760673522949
mixed_robust,C,71,0.8554216867469879,83,0.2708282470703125
mixed_robust,3,72,0.8674698795180723,83,0.23108410835266113
mixed_robust,=,73,0.8795180722891566,83,0.08115339279174805
mixed_robust,O,74,0.891566265060241,83,0.21368694305419922
mixed_robust,),75,0.9036144578313253,83,0.1986532211303711
mixed_robust,c,76,0.9156626506024096,83,0.11205482482910156
mixed_robust,c,77,0.927710843373494,83,0.11205482482910156
mixed_robust,2,78,0.9397590361445783,83,0.11242794990539551
mixed_robust,),79,0.9518072289156626,83,0.12119293212890625
mixed_robust,c,80,0.963855421686747,83,0.013092517852783203
mixed_robust,c,81,0.9759036144578314,83,0.013092517852783203
mixed_robust,1,82,0.9879518072289156,83,0.030354022979736328
mixed_robust,[*],0,0.0,66,0.05797839164733887
mixed_robust,c,1,0.015151515151515152,66,0.09332823753356934
mixed_robust,1,2,0.030303030303030304,66,0.09589600563049316
mixed_robust,c,3,0.045454545454545456,66,0.03211832046508789
mixed_robust,c,4,0.06060606060606061,66,0.03211832046508789
mixed_robust,c,5,0.07575757575757576,66,0.03211832046508789
mixed_robust,(,6,0.09090909090909091,66,0.03931450843811035
mixed_robust,-,7,0.10606060606060606,66,0.08037447929382324
mixed_robust,c,8,0.12121212121212122,66,0.0687110424041748
mixed_robust,2,9,0.13636363636363635,66,0.08430171012878418
mixed_robust,n,10,0.15151515151515152,66,0.08710980415344238
mixed_robust,c,11,0.16666666666666666,66,0.06769084930419922
mixed_robust,3,12,0.18181818181818182,66,0.06705260276794434
mixed_robust,c,13,0.19696969696969696,66,0.05731034278869629
mixed_robust,c,14,0.21212121212121213,66,0.05731034278869629
mixed_robust,(,15,0.22727272727272727,66,0.03557634353637695
mixed_robust,-,16,0.24242424242424243,66,0.04884839057922363
mixed_robust,c,17,0.25757575757575757,66,0.03558611869812012
mixed_robust,4,18,0.2727272727272727,66,0.058661460876464844
mixed_robust,c,19,0.2878787878787879,66,0.05333995819091797
mixed_robust,c,20,0.30303030303030304,66,0.05333995819091797
mixed_robust,c,21,0.3181818181818182,66,0.05333995819091797
mixed_robust,5,22,0.3333333333333333,66,0.06949305534362793
mixed_robust,n,23,0.3484848484848485,66,0.05662250518798828
mixed_robust,c,24,0.36363636363636365,66,0.053278446197509766
mixed_robust,(,25,0.3787878787878788,66,0.044580936431884766
mixed_robust,[*],26,0.3939393939393939,66,0.049996137619018555
mixed_robust,),27,0.4090909090909091,66,0.03237462043762207
mixed_robust,c,28,0.42424242424242425,66,0.014948129653930664
mixed_robust,(,29,0.4393939393939394,66,0.03249716758728027
mixed_robust,-,30,0.45454545454545453,66,0.0023310184478759766
mixed_robust,c,31,0.4696969696969697,66,0.004058122634887695
mixed_robust,6,32,0.48484848484848486,66,0.0072634220123291016
mixed_robust,c,33,0.5,66,0.024390459060668945
mixed_robust,c,34,0.5151515151515151,66,0.024390459060668945
mixed_robust,c,35,0.5303030303030303,66,0.024390459060668945
mixed_robust,c,36,0.5454545454545454,66,0.024390459060668945
mixed_robust,c,37,0.5606060606060606,66,0.024390459060668945
mixed_robust,6,38,0.5757575757575758,66,0.003232717514038086
mixed_robust,),39,0.5909090909090909,66,0.035265445709228516
mixed_robust,n,40,0.6060606060606061,66,0.005342721939086914
mixed_robust,c,41,0.6212121212121212,66,0.003922224044799805
mixed_robust,5,42,0.6363636363636364,66,0.026067733764648438
mixed_robust,c,43,0.6515151515151515,66,0.022539138793945312
mixed_robust,4,44,0.6666666666666666,66,0.010071039199829102
mixed_robust,),45,0.6818181818181818,66,0.018769025802612305
mixed_robust,c,46,0.696969696969697,66,0.0010502338409423828
mixed_robust,c,47,0.7121212121212122,66,0.0010502338409423828
mixed_robust,c,48,0.7272727272727273,66,0.0010502338409423828
mixed_robust,3,49,0.7424242424242424,66,0.03144955635070801
mixed_robust,n,50,0.7575757575757576,66,0.05110311508178711
mixed_robust,c,51,0.7727272727272727,66,0.027019262313842773
mixed_robust,2,52,0.7878787878787878,66,0.0007073879241943359
mixed_robust,-,53,0.803030303030303,66,0.0042912960052490234
mixed_robust,c,54,0.8181818181818182,66,0.007413387298583984
mixed_robust,2,55,0.8333333333333334,66,0.00644230842590332
mixed_robust,c,56,0.8484848484848485,66,0.017688512802124023
mixed_robust,c,57,0.8636363636363636,66,0.017688512802124023
mixed_robust,c,58,0.8787878787878788,66,0.017688512802124023
mixed_robust,c,59,0.8939393939393939,66,0.017688512802124023
mixed_robust,c,60,0.9090909090909091,66,0.017688512802124023
mixed_robust,2,61,0.9242424242424242,66,0.03032541275024414
mixed_robust,),62,0.9393939393939394,66,0.00747990608215332
mixed_robust,c,63,0.9545454545454546,66,0.002626180648803711
mixed_robust,c,64,0.9696969696969697,66,0.002626180648803711
mixed_robust,1,65,0.9848484848484849,66,0.019807815551757812
