Name,PSMILES,Bandgap (eV),CO2 Permeability (Barrer),Compressive Strength (MPa),Crystallization Temperature (K),Elongation at Break (%),Flexural Strength (MPa),Tg (K),H2 Permeability (Barrer),Hardness (MPa),Impact Strength (kJ/m2),Ion Exchange Capacity (meq/g),Limiting Oxygen Index (%),Lower Critical Solution Temperature (K),Tm (K),Methanol Permeability (cm2/s),O2 Permeability (Barrer),Refractive Index,Swelling Degree (%),Thermal Conductivity (W/m K),Tensile Strength (MPa),Td (K),Upper Critical Solution Temperature (K),Water Contact Angle (deg),Water Uptake (%),Young's Modulus (MPa),Dielectric Constant Electronic,Dielectric Constant Ionic,Dielectric Constant Total,PSMILES_2,PSMILES_4,canonical_smiles,is_adv,attack_type
PES,[*]OCCOC(CCC([*])=O)=O,3.2925,7.316666667,193.7,481.47,40.86571429,107.8111111,485.5032864,37.00666667,55.94666667,3.4,1.092142857,,348.15,382.4709639,,7.316666667,1.644113636,4.82,0.993714286,24.04446154,684.5137255,,68.20845679,39.19083333,1261.16,,,,*OCCOC(=O)CCC(=O)OCCOC(=O)CCC(*)=O,*OCCOC(=O)CCC(=O)OCCOC(=O)CCC(=O)OCCOC(=O)CCC(=O)OCCOC(=O)CCC(*)=O,*OCCOC(=O)CCC(*)=O,False,clean
PBT,[*]OCCCCOC(C1=CC=C(C([*])=O)C=C1)=O,1.841666667,,253.3333333,466.7602326,58.98537037,73.935,320.1451539,450.0,136.6666667,22.6225,,22.73095238,305.15,496.7439572,,,1.503,,0.27,53.6904878,624.4442857,,56.16470588,0.334,1930.170833,,,,*OCCCCOC(=O)c1ccc(C(=O)OCCCCOC(=O)c2ccc(C(*)=O)cc2)cc1,*OCCCCOC(=O)c1ccc(C(=O)OCCCCOC(=O)c2ccc(C(=O)OCCCCOC(=O)c3ccc(C(=O)OCCCCOC(=O)c4ccc(C(*)=O)cc4)cc3)cc2)cc1,*OCCCCOC(=O)c1ccc(C(*)=O)cc1,False,clean
PBS,[*]OCCCCOC(CCC([*])=O)=O,0.895140244,,9.3875,385.6441176,190.5156716,34.33791667,243.1226797,,115.75,9.351428571,,25.03148148,473.15,386.8413011,,,1.642071429,217.5,0.6275,34.79211268,634.0678571,,76.67777778,5.351888889,547.6591837,,,,*OCCCCOC(=O)CCC(=O)OCCCCOC(=O)CCC(*)=O,*OCCCCOC(=O)CCC(=O)OCCCCOC(=O)CCC(=O)OCCCCOC(=O)CCC(=O)OCCCCOC(=O)CCC(*)=O,*OCCCCOC(=O)CCC(*)=O,False,clean
PSS,[*]CC(C1=CC=C(S(O)(=O)=O)C=C1)[*],2.014736842,1109.0,0.32,391.15,44.48,,373.4585106,80.0,293.3333333,,2.56,,328.15,514.4277778,,1109.0,1.487329412,166.75,0.366305556,25.51238095,607.275,308.15,47.61257353,80.0,614.1428846,,,,*CC(CC(*)c1ccc(S(=O)(=O)O)cc1)c1ccc(S(=O)(=O)O)cc1,*CC(CC(CC(CC(*)c1ccc(S(=O)(=O)O)cc1)c1ccc(S(=O)(=O)O)cc1)c1ccc(S(=O)(=O)O)cc1)c1ccc(S(=O)(=O)O)cc1,*CC(*)c1ccc(S(=O)(=O)O)cc1,False,clean
starch,OC1C([*])C(CO)OC(O[*])C1O,,,7.226,,74.46702703,45.695,332.2517188,,838.3333333,12.29666667,,30.93333333,303.0875,442.08,,,1.492636364,61.364,,10.31629787,572.8324138,,63.8527907,34.90230769,371.8271429,,,,*OC1OC(CO)C(OC2OC(CO)C(*)C(O)C2O)C(O)C1O,*OC1OC(CO)C(OC2OC(CO)C(OC3OC(CO)C(OC4OC(CO)C(*)C(O)C4O)C(O)C3O)C(O)C2O)C(O)C1O,*OC1OC(CO)C(*)C(O)C1O,False,clean
PTMC,[*]OCCCOC([*])=O,,,48.41333333,,542.126,,256.1657627,,,,,,308.8166667,310.476087,,,,,,9.62,544.3227273,,75.35,12.765,5.83875,,,,*OCCCOC(=O)OCCCOC(*)=O,*OCCCOC(=O)OCCCOC(=O)OCCCOC(=O)OCCCOC(*)=O,*OCCCOC(*)=O,False,clean
PA12,[*]NCCCCCCCCCCCC([*])=O,,,773.0,422.8154545,206.6090909,58.0,319.204,,,30.575,,,,452.7014925,,,,,0.472666667,47.172,634.8485714,,77.68,1.0,1130.415385,,,,*NCCCCCCCCCCCC(=O)NCCCCCCCCCCCC(*)=O,*NCCCCCCCCCCCC(=O)NCCCCCCCCCCCC(=O)NCCCCCCCCCCCC(=O)NCCCCCCCCCCCC(*)=O,*NCCCCCCCCCCCC(*)=O,False,clean
PA11,[*]NCCCCCCCCCCC([*])=O,,,,443.65,215.9,,319.5172727,,,31.53166667,,,,457.7833333,,,,,,38.61111111,661.7055556,,91.68,0.283,982.9166667,,,,*NCCCCCCCCCCC(=O)NCCCCCCCCCCC(*)=O,*NCCCCCCCCCCC(=O)NCCCCCCCCCCC(=O)NCCCCCCCCCCC(=O)NCCCCCCCCCCC(*)=O,*NCCCCCCCCCCC(*)=O,False,clean
PPG,[*]OCC(C)O[*],,140.0,,388.65,265.4,,218.3781579,,,,,,304.5428571,364.7166667,,140.0,1.447,21.33333333,,8.32,588.15,308.15,68.48380952,3.05,312.85,,,,*OCC(C)OOCC(C)O*,*OCC(C)OOCC(C)OOCC(C)OOCC(C)O*,*OCC(C)O*,False,clean
PBO,[*]C2=NC1=CC(N=C(C4=CC=C([*])C=C4)O3)=C3C=C1O2,2.484,261.7666667,313.75,375.35,4.09,247.0,410.1075,,,54.99333333,,68.0,,388.15,,261.7666667,2.387075,,0.260583333,1008.481818,901.6465517,,59.47722222,0.78,114482.931,,,,*c1ccc(-c2nc3cc4nc(-c5ccc(-c6nc7cc8nc(*)oc8cc7o6)cc5)oc4cc3o2)cc1,*c1ccc(-c2nc3cc4nc(-c5ccc(-c6nc7cc8nc(-c9ccc(-c%10nc%11cc%12nc(-c%13ccc(-c%14nc%15cc%16nc(*)oc%16cc%15o%14)cc%13)oc%12cc%11o%10)cc9)oc8cc7o6)cc5)oc4cc3o2)cc1,*c1ccc(-c2nc3cc4nc(*)oc4cc3o2)cc1,False,clean
chitin,[H][C@@]1(C[*])C([H])(CO)O[C@](CO[*])([H])[C@@]([H])(NC(C)=O)[C@@](O)1[H],,,1.03226,506.15,17.05,,482.1916667,,332.6523333,,,,303.15,439.4,,,1.5285,,0.5125,81.58333333,622.8766667,,58.7375,71.0,5488.61875,,,,*CC1C(CO)OC(COCC2C(CO)OC(CO*)C(NC(C)=O)C2O)C(NC(C)=O)C1O,*CC1C(CO)OC(COCC2C(CO)OC(COCC3C(CO)OC(COCC4C(CO)OC(CO*)C(NC(C)=O)C4O)C(NC(C)=O)C3O)C(NC(C)=O)C2O)C(NC(C)=O)C1O,*C[C@@H]1C(CO)O[C@@H](CO*)[C@@H](NC(C)=O)[C@H]1O,False,clean
MEH-PPV,[*]C1=C(OC)C=C(/C=C/[*])C(OCC(CC)CCCC)=C1,2.144081633,,,458.15,,,343.0670213,,370.0,,,,,411.65,,,1.6485,,,,614.5875,,89.775,,9300.0,,,,*C=Cc1cc(OC)c(C=Cc2cc(OC)c(*)cc2OCC(CC)CCCC)cc1OCC(CC)CCCC,*C=Cc1cc(OC)c(C=Cc2cc(OC)c(C=Cc3cc(OC)c(C=Cc4cc(OC)c(*)cc4OCC(CC)CCCC)cc3OCC(CC)CCCC)cc2OCC(CC)CCCC)cc1OCC(CC)CCCC,*/C=C/c1cc(OC)c(*)cc1OCC(CC)CCCC,False,clean
PPV,[*]/C=C/C1=CC=C([*])C=C1,2.381037736,,,397.75,,,390.2394737,,82.68333333,,0.91,,,454.15,,,1.875,,,39.9,611.15,,131.0,19.1,10876.77778,,,,*C=Cc1ccc(C=Cc2ccc(*)cc2)cc1,*C=Cc1ccc(C=Cc2ccc(C=Cc3ccc(C=Cc4ccc(*)cc4)cc3)cc2)cc1,*/C=C/c1ccc(*)cc1,False,clean
PFO,[*]C1=CC(CCCCCCCC)=C(C2=C(CCCCCCCC)C=C([*])C=C2)C=C1,2.932222222,,,408.8642857,,,339.95,,,,,,,428.4833333,,,1.695,,3.15,42.0,673.8166667,308.65,124.75,,12947.33333,,,,*c1ccc(-c2ccc(-c3ccc(-c4ccc(*)cc4CCCCCCCC)c(CCCCCCCC)c3)cc2CCCCCCCC)c(CCCCCCCC)c1,*c1ccc(-c2ccc(-c3ccc(-c4ccc(-c5ccc(-c6ccc(-c7ccc(-c8ccc(*)cc8CCCCCCCC)c(CCCCCCCC)c7)cc6CCCCCCCC)c(CCCCCCCC)c5)cc4CCCCCCCC)c(CCCCCCCC)c3)cc2CCCCCCCC)c(CCCCCCCC)c1,*c1ccc(-c2ccc(*)cc2CCCCCCCC)c(CCCCCCCC)c1,False,clean
PCN,C[Si]([*])(CCCC#N)O[*],2.686597222,,0.00113,617.15,7.215,,527.35,,168.0,,,,,598.15,,,1.83,,0.2525,35.458,602.15,,65.95555556,,9427.5,,,,*O[Si](C)(CCCC#N)O[Si](*)(C)CCCC#N,*O[Si](C)(CCCC#N)O[Si](C)(CCCC#N)O[Si](C)(CCCC#N)O[Si](*)(C)CCCC#N,*O[Si](*)(C)CCCC#N,False,clean
Poly(phenylacetylene),*/C=C(\*)c1ccc(OCC(O)CCCC)cc1,,,,,,,324.0,,,,,,,,,,,,,,,,,,,,,,*C=C(C=C(*)c1ccc(OCC(O)CCCC)cc1)c1ccc(OCC(O)CCCC)cc1,*C=C(C=C(C=C(C=C(*)c1ccc(OCC(O)CCCC)cc1)c1ccc(OCC(O)CCCC)cc1)c1ccc(OCC(O)CCCC)cc1)c1ccc(OCC(O)CCCC)cc1,*/C=C(\*)c1ccc(OCC(O)CCCC)cc1,False,clean
Poly-PhNDI,*=CC1CC(C=*)C2C(=O)N(c3ccccc3)C(=O)C12,,,,,,,495.0,,,,,,,,,,,,,,,,,,,,,,*CC1CC(CCC2CC(C*)C3C(=O)N(c4ccccc4)C(=O)C23)C2C(=O)N(c3ccccc3)C(=O)C12,*CC1CC(CCC2CC(CCC3CC(CCC4CC(C*)C5C(=O)N(c6ccccc6)C(=O)C45)C4C(=O)N(c5ccccc5)C(=O)C34)C3C(=O)N(c4ccccc4)C(=O)C23)C2C(=O)N(c3ccccc3)C(=O)C12,*=CC1CC(C=*)C2C(=O)N(c3ccccc3)C(=O)C12,False,clean
"Poly[biphenyl-4,4 \'91 -diylcarbonyl(6-methoxy-1,3-phenylene)[bis(trifluoromethyl)methylene](4-methoxy-1,3-phenylene)carbonyl ] ( P3 )",*C(=O)c1cc(C(c2ccc(OC)c(C(=O)c3ccc(-c4ccc(*)cc4)cc3)c2)(C(F)(F)F)C(F)(F)F)ccc1OC,,,,,,,463.0,,,,,,,,,,,,,,,,,,,,,,*C(=O)c1cc(C(c2ccc(OC)c(C(=O)c3ccc(-c4ccc(C(=O)c5cc(C(c6ccc(OC)c(C(=O)c7ccc(-c8ccc(*)cc8)cc7)c6)(C(F)(F)F)C(F)(F)F)ccc5OC)cc4)cc3)c2)(C(F)(F)F)C(F)(F)F)ccc1OC,*C(=O)c1cc(C(c2ccc(OC)c(C(=O)c3ccc(-c4ccc(C(=O)c5cc(C(c6ccc(OC)c(C(=O)c7ccc(-c8ccc(C(=O)c9cc(C(c%10ccc(OC)c(C(=O)c%11ccc(-c%12ccc(C(=O)c%13cc(C(c%14ccc(OC)c(C(=O)c%15ccc(-c%16ccc(*)cc%16)cc%15)c%14)(C(F)(F)F)C(F)(F)F)ccc%13OC)cc%12)cc%11)c%10)(C(F)(F)F)C(F)(F)F)ccc9OC)cc8)cc7)c6)(C(F)(F)F)C(F)(F)F)ccc5OC)cc4)cc3)c2)(C(F)(F)F)C(F)(F)F)ccc1OC,*C(=O)c1cc(C(c2ccc(OC)c(C(=O)c3ccc(-c4ccc(*)cc4)cc3)c2)(C(F)(F)F)C(F)(F)F)ccc1OC,False,clean
Polychlorotrifluoroethylene_(PCTFE),*C(F)(F)C(*)(F)Cl,,,,,,,325.0,,,,,,,,,,,,,,,,,,,,,,*C(F)(F)C(F)(Cl)C(F)(F)C(*)(F)Cl,*C(F)(F)C(F)(Cl)C(F)(F)C(F)(Cl)C(F)(F)C(F)(Cl)C(F)(F)C(*)(F)Cl,*C(F)(F)C(*)(F)Cl,False,clean
fluorinated ethylene-propylene copolymer,*C(F)(F)C(F)(F)C(F)(F)C(*)(F)C(F)(F)F,,,,,,,353.15,,,,,,,,,,,,,,,,,,,,,,*C(F)(F)C(F)(F)C(F)(F)C(F)(C(F)(F)F)C(F)(F)C(F)(F)C(F)(F)C(*)(F)C(F)(F)F,*C(F)(F)C(F)(F)C(F)(F)C(F)(C(F)(F)F)C(F)(F)C(F)(F)C(F)(F)C(F)(C(F)(F)F)C(F)(F)C(F)(F)C(F)(F)C(F)(C(F)(F)F)C(F)(F)C(F)(F)C(F)(F)C(*)(F)C(F)(F)F,*C(F)(F)C(F)(F)C(F)(F)C(*)(F)C(F)(F)F,False,clean
perfluoroalkoxy resin,*C(F)(F)C(F)(F)C(F)(OC(F)(F)C(F)(F)C(F)(F)F)C(*)(F)F,,,,,,,281.65,,,,,,,,,,,,,,,,,,,,,,*C(F)(F)C(F)(F)C(F)(OC(F)(F)C(F)(F)C(F)(F)F)C(F)(F)C(F)(F)C(F)(F)C(F)(OC(F)(F)C(F)(F)C(F)(F)F)C(*)(F)F,*C(F)(F)C(F)(F)C(F)(OC(F)(F)C(F)(F)C(F)(F)F)C(F)(F)C(F)(F)C(F)(F)C(F)(OC(F)(F)C(F)(F)C(F)(F)F)C(F)(F)C(F)(F)C(F)(F)C(F)(OC(F)(F)C(F)(F)C(F)(F)F)C(F)(F)C(F)(F)C(F)(F)C(F)(OC(F)(F)C(F)(F)C(F)(F)F)C(*)(F)F,*C(F)(F)C(F)(F)C(F)(OC(F)(F)C(F)(F)C(F)(F)F)C(*)(F)F,False,clean
perfluorinated ionomer,*C(F)(F)C(F)(F)C(F)(OC(F)(F)C(F)(OC(F)(F)C(F)(F)S(=O)(=O)[O-])C(F)(F)F)C(*)(F)F,,,,,,,410.65,,,,,,,,,,,,,,,,,,,,,,*C(F)(F)C(F)(F)C(F)(OC(F)(F)C(F)(OC(F)(F)C(F)(F)S(=O)(=O)[O-])C(F)(F)F)C(F)(F)C(F)(F)C(F)(F)C(F)(OC(F)(F)C(F)(OC(F)(F)C(F)(F)S(=O)(=O)[O-])C(F)(F)F)C(*)(F)F,*C(F)(F)C(F)(F)C(F)(OC(F)(F)C(F)(OC(F)(F)C(F)(F)S(=O)(=O)[O-])C(F)(F)F)C(F)(F)C(F)(F)C(F)(F)C(F)(OC(F)(F)C(F)(OC(F)(F)C(F)(F)S(=O)(=O)[O-])C(F)(F)F)C(F)(F)C(F)(F)C(F)(F)C(F)(OC(F)(F)C(F)(OC(F)(F)C(F)(F)S(=O)(=O)[O-])C(F)(F)F)C(F)(F)C(F)(F)C(F)(F)C(F)(OC(F)(F)C(F)(OC(F)(F)C(F)(F)S(=O)(=O)[O-])C(F)(F)F)C(*)(F)F,*C(F)(F)C(F)(F)C(F)(OC(F)(F)C(F)(OC(F)(F)C(F)(F)S(=O)(=O)[O-])C(F)(F)F)C(*)(F)F,False,clean
poly(\uc0\u945 -fluoroacrylate)s,*C(F)C(*)(F)C(=O)OC,,,,,,,413.0,,,,,,,,,,,,,,,,,,,,,,*C(F)C(F)(C(=O)OC)C(F)C(*)(F)C(=O)OC,*C(F)C(F)(C(=O)OC)C(F)C(F)(C(=O)OC)C(F)C(F)(C(=O)OC)C(F)C(*)(F)C(=O)OC,*C(F)C(*)(F)C(=O)OC,False,clean
"poly(hexafluoroisopropyl \uc0\u945 ,\u946 -difluoroacrylate )",*C(F)C(*)(F)C(=O)OC(C(F)(F)F)C(F)(F)F,,,,,,,371.0,,,,,,,,,,,,,,,,,,,,,,*C(F)C(F)(C(=O)OC(C(F)(F)F)C(F)(F)F)C(F)C(*)(F)C(=O)OC(C(F)(F)F)C(F)(F)F,*C(F)C(F)(C(=O)OC(C(F)(F)F)C(F)(F)F)C(F)C(F)(C(=O)OC(C(F)(F)F)C(F)(F)F)C(F)C(F)(C(=O)OC(C(F)(F)F)C(F)(F)F)C(F)C(*)(F)C(=O)OC(C(F)(F)F)C(F)(F)F,*C(F)C(*)(F)C(=O)OC(C(F)(F)F)C(F)(F)F,False,clean
polychloroprene,*C/C=C(\Cl)C*,,,,,,,226.6,,,,,,,,,,,,,,,,,,,,,,*CC=C(Cl)CCC=C(Cl)C*,*CC=C(Cl)CCC=C(Cl)CCC=C(Cl)CCC=C(Cl)C*,*C/C=C(\Cl)C*,False,clean
"Polybutadiene,_cis",*C/C=C\C*,,,,,,,279.0,,,,,,,,,,,,,,,,,,,,,,*CC=CCCC=CC*,*CC=CCCC=CCCC=CCCC=CC*,*C/C=C\C*,False,clean
polynorbornene,*C1C2CCC(C2)C1*,,,,,,,313.15,,,,,,,,,,,,,,,,,,,,,,*C1C2CCC(C2)C1C1C2CCC(C2)C1*,*C1C2CCC(C2)C1C1C2CCC(C2)C1C1C2CCC(C2)C1C1C2CCC(C2)C1*,*C1C2CCC(C2)C1*,False,clean
Polyacenaphthylene,*C1c2cccc3cccc(c23)C1*,,,,,,,487.0,,,,,,,,,,,,,,,,,,,,,,*C1c2cccc3cccc(c23)C1C1c2cccc3cccc(c23)C1*,*C1c2cccc3cccc(c23)C1C1c2cccc3cccc(c23)C1C1c2cccc3cccc(c23)C1C1c2cccc3cccc(c23)C1*,*C1c2cccc3cccc(c23)C1*,False,clean
cyanoacrylate,*CC(*)(C#N)C(=O)OCC,,,,,,,358.15,,,,,,,,,,,,,,,,,,,,,,*CC(C#N)(CC(*)(C#N)C(=O)OCC)C(=O)OCC,*CC(C#N)(CC(C#N)(CC(C#N)(CC(*)(C#N)C(=O)OCC)C(=O)OCC)C(=O)OCC)C(=O)OCC,*CC(*)(C#N)C(=O)OCC,False,clean
polymethacrylonitrile,*CC(*)(C)C#N,,,,,,,393.075,,,,,,,,,,,,,,,,,,,,,,*CC(C)(C#N)CC(*)(C)C#N,*CC(C)(C#N)CC(C)(C#N)CC(C)(C#N)CC(*)(C)C#N,*CC(*)(C)C#N,False,clean
poly(N-isopropylacrylamide),*CC(*)(C)C(=O)NC(C)C,,,,,,,408.0,,,,,,,,,,,,,,,,,,,,,,*CC(C)(CC(*)(C)C(=O)NC(C)C)C(=O)NC(C)C,*CC(C)(CC(C)(CC(C)(CC(*)(C)C(=O)NC(C)C)C(=O)NC(C)C)C(=O)NC(C)C)C(=O)NC(C)C,*CC(*)(C)C(=O)NC(C)C,False,clean
Poly(tert-butyl methacrylate),*CC(*)(C)C(=O)OC(C)(C)C,,,,,,,391.0,,,,,,,,,,,,,,,,,,,,,,*CC(C)(CC(*)(C)C(=O)OC(C)(C)C)C(=O)OC(C)(C)C,*CC(C)(CC(C)(CC(C)(CC(*)(C)C(=O)OC(C)(C)C)C(=O)OC(C)(C)C)C(=O)OC(C)(C)C)C(=O)OC(C)(C)C,*CC(*)(C)C(=O)OC(C)(C)C,False,clean
Poly(isopropyl methacrylate),*CC(*)(C)C(=O)OC(C)C,,,,,,,354.0,,,,,,,,,,,,,,,,,,,,,,*CC(C)(CC(*)(C)C(=O)OC(C)C)C(=O)OC(C)C,*CC(C)(CC(C)(CC(C)(CC(*)(C)C(=O)OC(C)C)C(=O)OC(C)C)C(=O)OC(C)C)C(=O)OC(C)C,*CC(*)(C)C(=O)OC(C)C,False,clean
Poly(cyclohexyl methacrylate),*CC(*)(C)C(=O)OC1CCCCC1,,,,,,,365.0,,,,,,,,,,,,,,,,,,,,,,*CC(C)(CC(*)(C)C(=O)OC1CCCCC1)C(=O)OC1CCCCC1,*CC(C)(CC(C)(CC(C)(CC(*)(C)C(=O)OC1CCCCC1)C(=O)OC1CCCCC1)C(=O)OC1CCCCC1)C(=O)OC1CCCCC1,*CC(*)(C)C(=O)OC1CCCCC1,False,clean
Poly(isobutyl methacrylate),*CC(*)(C)C(=O)OCC(C)C,,,,,,,326.0,,,,,,,,,,,,,,,,,,,,,,*CC(C)(CC(*)(C)C(=O)OCC(C)C)C(=O)OCC(C)C,*CC(C)(CC(C)(CC(C)(CC(*)(C)C(=O)OCC(C)C)C(=O)OCC(C)C)C(=O)OCC(C)C)C(=O)OCC(C)C,*CC(*)(C)C(=O)OCC(C)C,False,clean
Poly(2-hydroxypropyl methacrylate)_(HPMA),*CC(*)(C)C(=O)OCC(C)O,,,,,,,349.0,,,,,,,,,,,,,,,,,,,,,,*CC(C)(CC(*)(C)C(=O)OCC(C)O)C(=O)OCC(C)O,*CC(C)(CC(C)(CC(C)(CC(*)(C)C(=O)OCC(C)O)C(=O)OCC(C)O)C(=O)OCC(C)O)C(=O)OCC(C)O,*CC(*)(C)C(=O)OCC(C)O,False,clean
Poly(2-ethylhexyl methacrylate),*CC(*)(C)C(=O)OCC(CC)CCCC,,,,,,,263.0,,,,,,,,,,,,,,,,,,,,,,*CC(C)(CC(*)(C)C(=O)OCC(CC)CCCC)C(=O)OCC(CC)CCCC,*CC(C)(CC(C)(CC(C)(CC(*)(C)C(=O)OCC(CC)CCCC)C(=O)OCC(CC)CCCC)C(=O)OCC(CC)CCCC)C(=O)OCC(CC)CCCC,*CC(*)(C)C(=O)OCC(CC)CCCC,False,clean
Poly(propyl methacrylate),*CC(*)(C)C(=O)OCCC,,,,,,,311.0,,,,,,,,,,,,,,,,,,,,,,*CC(C)(CC(*)(C)C(=O)OCCC)C(=O)OCCC,*CC(C)(CC(C)(CC(C)(CC(*)(C)C(=O)OCCC)C(=O)OCCC)C(=O)OCCC)C(=O)OCCC,*CC(*)(C)C(=O)OCCC,False,clean
Poly(hexyl methacrylate),*CC(*)(C)C(=O)OCCCCCC,,,,,,,260.5,,,,,,,,,,,,,,,,,,,,,,*CC(C)(CC(*)(C)C(=O)OCCCCCC)C(=O)OCCCCCC,*CC(C)(CC(C)(CC(C)(CC(*)(C)C(=O)OCCCCCC)C(=O)OCCCCCC)C(=O)OCCCCCC)C(=O)OCCCCCC,*CC(*)(C)C(=O)OCCCCCC,False,clean
Poly(octyl methacrylate),*CC(*)(C)C(=O)OCCCCCCCC,,,,,,,242.0,,,,,,,,,,,,,,,,,,,,,,*CC(C)(CC(*)(C)C(=O)OCCCCCCCC)C(=O)OCCCCCCCC,*CC(C)(CC(C)(CC(C)(CC(*)(C)C(=O)OCCCCCCCC)C(=O)OCCCCCCCC)C(=O)OCCCCCCCC)C(=O)OCCCCCCCC,*CC(*)(C)C(=O)OCCCCCCCC,False,clean
Poly(dodecyl methacrylate),*CC(*)(C)C(=O)OCCCCCCCCCCCC,,,,,,,209.5,,,,,,,,,,,,,,,,,,,,,,*CC(C)(CC(*)(C)C(=O)OCCCCCCCCCCCC)C(=O)OCCCCCCCCCCCC,*CC(C)(CC(C)(CC(C)(CC(*)(C)C(=O)OCCCCCCCCCCCC)C(=O)OCCCCCCCCCCCC)C(=O)OCCCCCCCCCCCC)C(=O)OCCCCCCCCCCCC,*CC(*)(C)C(=O)OCCCCCCCCCCCC,False,clean
Poly(hexadecyl methacrylate),*CC(*)(C)C(=O)OCCCCCCCCCCCCCCCC,,,,,,,288.0,,,,,,,,,,,,,,,,,,,,,,*CC(C)(CC(*)(C)C(=O)OCCCCCCCCCCCCCCCC)C(=O)OCCCCCCCCCCCCCCCC,*CC(C)(CC(C)(CC(C)(CC(*)(C)C(=O)OCCCCCCCCCCCCCCCC)C(=O)OCCCCCCCCCCCCCCCC)C(=O)OCCCCCCCCCCCCCCCC)C(=O)OCCCCCCCCCCCCCCCC,*CC(*)(C)C(=O)OCCCCCCCCCCCCCCCC,False,clean
Poly(octadecyl methacrylate),*CC(*)(C)C(=O)OCCCCCCCCCCCCCCCCCC,,,,,,,173.0,,,,,,,,,,,,,,,,,,,,,,*CC(C)(CC(*)(C)C(=O)OCCCCCCCCCCCCCCCCCC)C(=O)OCCCCCCCCCCCCCCCCCC,*CC(C)(CC(C)(CC(C)(CC(*)(C)C(=O)OCCCCCCCCCCCCCCCCCC)C(=O)OCCCCCCCCCCCCCCCCCC)C(=O)OCCCCCCCCCCCCCCCCCC)C(=O)OCCCCCCCCCCCCCCCCCC,*CC(*)(C)C(=O)OCCCCCCCCCCCCCCCCCC,False,clean
Poly[2-(diethylamino)ethyl methacrylate],*CC(*)(C)C(=O)OCCN(CC)CC,,,,,,,293.0,,,,,,,,,,,,,,,,,,,,,,*CC(C)(CC(*)(C)C(=O)OCCN(CC)CC)C(=O)OCCN(CC)CC,*CC(C)(CC(C)(CC(C)(CC(*)(C)C(=O)OCCN(CC)CC)C(=O)OCCN(CC)CC)C(=O)OCCN(CC)CC)C(=O)OCCN(CC)CC,*CC(*)(C)C(=O)OCCN(CC)CC,False,clean
Poly[2-(tert-butylamino)ethyl methacrylate],*CC(*)(C)C(=O)OCCNC(C)(C)C,,,,,,,306.0,,,,,,,,,,,,,,,,,,,,,,*CC(C)(CC(*)(C)C(=O)OCCNC(C)(C)C)C(=O)OCCNC(C)(C)C,*CC(C)(CC(C)(CC(C)(CC(*)(C)C(=O)OCCNC(C)(C)C)C(=O)OCCNC(C)(C)C)C(=O)OCCNC(C)(C)C)C(=O)OCCNC(C)(C)C,*CC(*)(C)C(=O)OCCNC(C)(C)C,False,clean
poly(benzyl methacrylate ),*CC(*)(C)C(=O)OCc1ccccc1,,,,,,,327.0,,,,,,,,,,,,,,,,,,,,,,*CC(C)(CC(*)(C)C(=O)OCc1ccccc1)C(=O)OCc1ccccc1,*CC(C)(CC(C)(CC(C)(CC(*)(C)C(=O)OCc1ccccc1)C(=O)OCc1ccccc1)C(=O)OCc1ccccc1)C(=O)OCc1ccccc1,*CC(*)(C)C(=O)OCc1ccccc1,False,clean
Poly(trimethylsilyl methacrylate),*CC(*)(C)C(=O)O[Si](C)(C)C,,,,,,,341.0,,,,,,,,,,,,,,,,,,,,,,*CC(C)(CC(*)(C)C(=O)O[Si](C)(C)C)C(=O)O[Si](C)(C)C,*CC(C)(CC(C)(CC(C)(CC(*)(C)C(=O)O[Si](C)(C)C)C(=O)O[Si](C)(C)C)C(=O)O[Si](C)(C)C)C(=O)O[Si](C)(C)C,*CC(*)(C)C(=O)O[Si](C)(C)C,False,clean
Poly(phenyl methacrylate),*CC(*)(C)C(=O)Oc1ccccc1,,,,,,,383.0,,,,,,,,,,,,,,,,,,,,,,*CC(C)(CC(*)(C)C(=O)Oc1ccccc1)C(=O)Oc1ccccc1,*CC(C)(CC(C)(CC(C)(CC(*)(C)C(=O)Oc1ccccc1)C(=O)Oc1ccccc1)C(=O)Oc1ccccc1)C(=O)Oc1ccccc1,*CC(*)(C)C(=O)Oc1ccccc1,False,clean
Poly(sodium methacrylate),*CC(*)(C)C(=O)[O-].[Na+],,,,,,,583.0,,,,,,,,,,,,,,,,,,,,,,*CC(C)(CC(*)(C)C(=O)[O-])C(=O)[O-].[Na+].[Na+],*CC(C)(CC(C)(CC(C)(CC(*)(C)C(=O)[O-])C(=O)[O-])C(=O)[O-])C(=O)[O-].[Na+].[Na+].[Na+].[Na+],*CC(*)(C)C(=O)[O-].[Na+],False,clean
Thermoresponsive Poly(methacrylamide),*CC(*)(C)C(N)=O,,,,,,,528.0,,,,,,,,,,,,,,,,,,,,,,*CC(C)(CC(*)(C)C(N)=O)C(N)=O,*CC(C)(CC(C)(CC(C)(CC(*)(C)C(N)=O)C(N)=O)C(N)=O)C(N)=O,*CC(*)(C)C(N)=O,False,clean
poly(\uc0\u945 -methyl-p-methylstyrene),*CC(*)(C)c1ccc(C)cc1,,,,,,,456.0,,,,,,,,,,,,,,,,,,,,,,*CC(C)(CC(*)(C)c1ccc(C)cc1)c1ccc(C)cc1,*CC(C)(CC(C)(CC(C)(CC(*)(C)c1ccc(C)cc1)c1ccc(C)cc1)c1ccc(C)cc1)c1ccc(C)cc1,*CC(*)(C)c1ccc(C)cc1,False,clean
poly(\uc0\u945 -methylstyrene),*CC(*)(C)c1ccccc1,,,,,,,369.5,,,,,,,,,,,,,,,,,,,,,,*CC(C)(CC(*)(C)c1ccccc1)c1ccccc1,*CC(C)(CC(C)(CC(C)(CC(*)(C)c1ccccc1)c1ccccc1)c1ccccc1)c1ccccc1,*CC(*)(C)c1ccccc1,False,clean
poly(vinylidene chloride),*CC(*)(Cl)Cl,,,,,,,273.575,,,,,,,,,,,,,,,,,,,,,,*CC(Cl)(Cl)CC(*)(Cl)Cl,*CC(Cl)(Cl)CC(Cl)(Cl)CC(Cl)(Cl)CC(*)(Cl)Cl,*CC(*)(Cl)Cl,False,clean
poly(tert-butylstyrene),*CC(*)(c1ccccc1)C(C)(C)C,,,,,,,403.0,,,,,,,,,,,,,,,,,,,,,,*CC(CC(*)(c1ccccc1)C(C)(C)C)(c1ccccc1)C(C)(C)C,*CC(CC(CC(CC(*)(c1ccccc1)C(C)(C)C)(c1ccccc1)C(C)(C)C)(c1ccccc1)C(C)(C)C)(c1ccccc1)C(C)(C)C,*CC(*)(c1ccccc1)C(C)(C)C,False,clean
polyacrylonitrile,*CC(*)C#C,,,,,,,393.0,,,,,,,,,,,,,,,,,,,,,,*CC(C#C)CC(*)C#C,*CC(C#C)CC(C#C)CC(C#C)CC(*)C#C,*CC(*)C#C,False,clean
Poly(N-tert-butylacrylamide),*CC(*)C(=O)NC(C)(C)C,,,,,,,401.0,,,,,,,,,,,,,,,,,,,,,,*CC(CC(*)C(=O)NC(C)(C)C)C(=O)NC(C)(C)C,*CC(CC(CC(CC(*)C(=O)NC(C)(C)C)C(=O)NC(C)(C)C)C(=O)NC(C)(C)C)C(=O)NC(C)(C)C,*CC(*)C(=O)NC(C)(C)C,False,clean
Poly(2-acrylamido-2-methyl-1-propanesulfonic acid ),*CC(*)C(=O)NC(C)(C)CS(=O)(=O)O,,,,,,,448.0,,,,,,,,,,,,,,,,,,,,,,*CC(CC(*)C(=O)NC(C)(C)CS(=O)(=O)O)C(=O)NC(C)(C)CS(=O)(=O)O,*CC(CC(CC(CC(*)C(=O)NC(C)(C)CS(=O)(=O)O)C(=O)NC(C)(C)CS(=O)(=O)O)C(=O)NC(C)(C)CS(=O)(=O)O)C(=O)NC(C)(C)CS(=O)(=O)O,*CC(*)C(=O)NC(C)(C)CS(=O)(=O)O,False,clean
poly(methyl acrylate),*CC(*)C(=O)OC,,,,,,,281.825,,,,,,,,,,,,,,,,,,,,,,*CC(CC(*)C(=O)OC)C(=O)OC,*CC(CC(CC(CC(*)C(=O)OC)C(=O)OC)C(=O)OC)C(=O)OC,*CC(*)C(=O)OC,False,clean
Poly(tert-butyl acrylate),*CC(*)C(=O)OC(C)(C)C,,,,,,,348.0,,,,,,,,,,,,,,,,,,,,,,*CC(CC(*)C(=O)OC(C)(C)C)C(=O)OC(C)(C)C,*CC(CC(CC(CC(*)C(=O)OC(C)(C)C)C(=O)OC(C)(C)C)C(=O)OC(C)(C)C)C(=O)OC(C)(C)C,*CC(*)C(=O)OC(C)(C)C,False,clean
isotactic Poly(isopropyl acrylate),*CC(*)C(=O)OC(C)C,,,,,,,262.0,,,,,,,,,,,,,,,,,,,,,,*CC(CC(*)C(=O)OC(C)C)C(=O)OC(C)C,*CC(CC(CC(CC(*)C(=O)OC(C)C)C(=O)OC(C)C)C(=O)OC(C)C)C(=O)OC(C)C,*CC(*)C(=O)OC(C)C,False,clean
Poly(sec-butyl acrylate),*CC(*)C(=O)OC(C)CC,,,,,,,247.0,,,,,,,,,,,,,,,,,,,,,,*CC(CC(*)C(=O)OC(C)CC)C(=O)OC(C)CC,*CC(CC(CC(CC(*)C(=O)OC(C)CC)C(=O)OC(C)CC)C(=O)OC(C)CC)C(=O)OC(C)CC,*CC(*)C(=O)OC(C)CC,False,clean
Poly(cyclohexyl acrylate),*CC(*)C(=O)OC1CCCCC1,,,,,,,292.0,,,,,,,,,,,,,,,,,,,,,,*CC(CC(*)C(=O)OC1CCCCC1)C(=O)OC1CCCCC1,*CC(CC(CC(CC(*)C(=O)OC1CCCCC1)C(=O)OC1CCCCC1)C(=O)OC1CCCCC1)C(=O)OC1CCCCC1,*CC(*)C(=O)OC1CCCCC1,False,clean
poly(ethyl acrylate ),*CC(*)C(=O)OCC,,,,,,,250.0,,,,,,,,,,,,,,,,,,,,,,*CC(CC(*)C(=O)OCC)C(=O)OCC,*CC(CC(CC(CC(*)C(=O)OCC)C(=O)OCC)C(=O)OCC)C(=O)OCC,*CC(*)C(=O)OCC,False,clean
Poly(isobutyl acrylate),*CC(*)C(=O)OCC(C)C,,,,,,,249.0,,,,,,,,,,,,,,,,,,,,,,*CC(CC(*)C(=O)OCC(C)C)C(=O)OCC(C)C,*CC(CC(CC(CC(*)C(=O)OCC(C)C)C(=O)OCC(C)C)C(=O)OCC(C)C)C(=O)OCC(C)C,*CC(*)C(=O)OCC(C)C,False,clean
Poly(2-ethylhexyl acrylate),*CC(*)C(=O)OCC(CC)CCCC,,,,,,,223.0,,,,,,,,,,,,,,,,,,,,,,*CC(CC(*)C(=O)OCC(CC)CCCC)C(=O)OCC(CC)CCCC,*CC(CC(CC(CC(*)C(=O)OCC(CC)CCCC)C(=O)OCC(CC)CCCC)C(=O)OCC(CC)CCCC)C(=O)OCC(CC)CCCC,*CC(*)C(=O)OCC(CC)CCCC,False,clean
"Poly(2,2,2-trifluoroethyl acrylate)",*CC(*)C(=O)OCC(F)(F)F,,,,,,,263.0,,,,,,,,,,,,,,,,,,,,,,*CC(CC(*)C(=O)OCC(F)(F)F)C(=O)OCC(F)(F)F,*CC(CC(CC(CC(*)C(=O)OCC(F)(F)F)C(=O)OCC(F)(F)F)C(=O)OCC(F)(F)F)C(=O)OCC(F)(F)F,*CC(*)C(=O)OCC(F)(F)F,False,clean
Poly(2-cyanoethyl acrylate),*CC(*)C(=O)OCCC#N,,,,,,,277.0,,,,,,,,,,,,,,,,,,,,,,*CC(CC(*)C(=O)OCCC#N)C(=O)OCCC#N,*CC(CC(CC(CC(*)C(=O)OCCC#N)C(=O)OCCC#N)C(=O)OCCC#N)C(=O)OCCC#N,*CC(*)C(=O)OCCC#N,False,clean
Poly(hexyl acrylate),*CC(*)C(=O)OCCCCCC,,,,,,,216.0,,,,,,,,,,,,,,,,,,,,,,*CC(CC(*)C(=O)OCCCCCC)C(=O)OCCCCCC,*CC(CC(CC(CC(*)C(=O)OCCCCCC)C(=O)OCCCCCC)C(=O)OCCCCCC)C(=O)OCCCCCC,*CC(*)C(=O)OCCCCCC,False,clean
Poly(dodecyl acrylate),*CC(*)C(=O)OCCCCCCCCCCCC,,,,,,,270.0,,,,,,,,,,,,,,,,,,,,,,*CC(CC(*)C(=O)OCCCCCCCCCCCC)C(=O)OCCCCCCCCCCCC,*CC(CC(CC(CC(*)C(=O)OCCCCCCCCCCCC)C(=O)OCCCCCCCCCCCC)C(=O)OCCCCCCCCCCCC)C(=O)OCCCCCCCCCCCC,*CC(*)C(=O)OCCCCCCCCCCCC,False,clean
Poly(hexadecyl acrylate),*CC(*)C(=O)OCCCCCCCCCCCCCCCC,,,,,,,308.0,,,,,,,,,,,,,,,,,,,,,,*CC(CC(*)C(=O)OCCCCCCCCCCCCCCCC)C(=O)OCCCCCCCCCCCCCCCC,*CC(CC(CC(CC(*)C(=O)OCCCCCCCCCCCCCCCC)C(=O)OCCCCCCCCCCCCCCCC)C(=O)OCCCCCCCCCCCCCCCC)C(=O)OCCCCCCCCCCCCCCCC,*CC(*)C(=O)OCCCCCCCCCCCCCCCC,False,clean
Poly(2-methoxyethyl acrylate),*CC(*)C(=O)OCCOC,,,,,,,223.0,,,,,,,,,,,,,,,,,,,,,,*CC(CC(*)C(=O)OCCOC)C(=O)OCCOC,*CC(CC(CC(CC(*)C(=O)OCCOC)C(=O)OCCOC)C(=O)OCCOC)C(=O)OCCOC,*CC(*)C(=O)OCCOC,False,clean
Poly(2-ethoxyethyl acrylate),*CC(*)C(=O)OCCOCC,,,,,,,223.0,,,,,,,,,,,,,,,,,,,,,,*CC(CC(*)C(=O)OCCOCC)C(=O)OCCOCC,*CC(CC(CC(CC(*)C(=O)OCCOCC)C(=O)OCCOCC)C(=O)OCCOCC)C(=O)OCCOCC,*CC(*)C(=O)OCCOCC,False,clean
poly(p-methoxyphenyl-p'-acryloyloxy benzoate ),*CC(*)C(=O)OCCOc1ccc(C(=O)Oc2ccc(OC)cc2)cc1,,,,,,,338.0,,,,,,,,,,,,,,,,,,,,,,*CC(CC(*)C(=O)OCCOc1ccc(C(=O)Oc2ccc(OC)cc2)cc1)C(=O)OCCOc1ccc(C(=O)Oc2ccc(OC)cc2)cc1,*CC(CC(CC(CC(*)C(=O)OCCOc1ccc(C(=O)Oc2ccc(OC)cc2)cc1)C(=O)OCCOc1ccc(C(=O)Oc2ccc(OC)cc2)cc1)C(=O)OCCOc1ccc(C(=O)Oc2ccc(OC)cc2)cc1)C(=O)OCCOc1ccc(C(=O)Oc2ccc(OC)cc2)cc1,*CC(*)C(=O)OCCOc1ccc(C(=O)Oc2ccc(OC)cc2)cc1,False,clean
Poly(benzyl acrylate),*CC(*)C(=O)OCc1ccccc1,,,,,,,279.0,,,,,,,,,,,,,,,,,,,,,,*CC(CC(*)C(=O)OCc1ccccc1)C(=O)OCc1ccccc1,*CC(CC(CC(CC(*)C(=O)OCc1ccccc1)C(=O)OCc1ccccc1)C(=O)OCc1ccccc1)C(=O)OCc1ccccc1,*CC(*)C(=O)OCc1ccccc1,False,clean
Poly(potassium acrylate),*CC(*)C(=O)[O-].[K+],,,,,,,467.0,,,,,,,,,,,,,,,,,,,,,,*CC(CC(*)C(=O)[O-])C(=O)[O-].[K+].[K+],*CC(CC(CC(CC(*)C(=O)[O-])C(=O)[O-])C(=O)[O-])C(=O)[O-].[K+].[K+].[K+].[K+],*CC(*)C(=O)[O-].[K+],False,clean
Poly(sodium acrylate),*CC(*)C(=O)[O-].[Na+],,,,,,,503.0,,,,,,,,,,,,,,,,,,,,,,*CC(CC(*)C(=O)[O-])C(=O)[O-].[Na+].[Na+],*CC(CC(CC(CC(*)C(=O)[O-])C(=O)[O-])C(=O)[O-])C(=O)[O-].[Na+].[Na+].[Na+].[Na+],*CC(*)C(=O)[O-].[Na+],False,clean
Poly(phenyl vinyl ketone),*CC(*)C(=O)c1ccccc1,,,,,,,347.0,,,,,,,,,,,,,,,,,,,,,,*CC(CC(*)C(=O)c1ccccc1)C(=O)c1ccccc1,*CC(CC(CC(CC(*)C(=O)c1ccccc1)C(=O)c1ccccc1)C(=O)c1ccccc1)C(=O)c1ccccc1,*CC(*)C(=O)c1ccccc1,False,clean
poly(vinylcyclohexane),*CC(*)C1CCCCC1,,,,,,,420.0,,,,,,,,,,,,,,,,,,,,,,*CC(CC(*)C1CCCCC1)C1CCCCC1,*CC(CC(CC(CC(*)C1CCCCC1)C1CCCCC1)C1CCCCC1)C1CCCCC1,*CC(*)C1CCCCC1,False,clean
Poly(1-butene),*CC(*)CC,,,,,,,249.0,,,,,,,,,,,,,,,,,,,,,,*CC(CC)CC(*)CC,*CC(CC)CC(CC)CC(CC)CC(*)CC,*CC(*)CC,False,clean
Poly(1-octene),*CC(*)CCCCCC,,,,,,,210.0,,,,,,,,,,,,,,,,,,,,,,*CC(CCCCCC)CC(*)CCCCCC,*CC(CCCCCC)CC(CCCCCC)CC(CCCCCC)CC(*)CCCCCC,*CC(*)CCCCCC,False,clean
Poly(1-octadecene),*CC(*)CCCCCCCCCCCCCCCC,,,,,,,328.0,,,,,,,,,,,,,,,,,,,,,,*CC(CCCCCCCCCCCCCCCC)CC(*)CCCCCCCCCCCCCCCC,*CC(CCCCCCCCCCCCCCCC)CC(CCCCCCCCCCCCCCCC)CC(CCCCCCCCCCCCCCCC)CC(*)CCCCCCCCCCCCCCCC,*CC(*)CCCCCCCCCCCCCCCC,False,clean
poly(vinyl fluoride),*CC(*)F,,,,,,,310.075,,,,,,,,,,,,,,,,,,,,,,*CC(F)CC(*)F,*CC(F)CC(F)CC(F)CC(*)F,*CC(*)F,False,clean
Poly(vinyl isocyanate),*CC(*)N=C=O,,,,,,,324.0,,,,,,,,,,,,,,,,,,,,,,*CC(CC(*)N=C=O)N=C=O,*CC(CC(CC(CC(*)N=C=O)N=C=O)N=C=O)N=C=O,*CC(*)N=C=O,False,clean
Poly(vinyl pivalate),*CC(*)OC(=O)C(C)(C)C,,,,,,,359.0,,,,,,,,,,,,,,,,,,,,,,*CC(CC(*)OC(=O)C(C)(C)C)OC(=O)C(C)(C)C,*CC(CC(CC(CC(*)OC(=O)C(C)(C)C)OC(=O)C(C)(C)C)OC(=O)C(C)(C)C)OC(=O)C(C)(C)C,*CC(*)OC(=O)C(C)(C)C,False,clean
Poly(vinyl trifluoroacetate),*CC(*)OC(=O)C(F)(F)F,,,,,,,319.0,,,,,,,,,,,,,,,,,,,,,,*CC(CC(*)OC(=O)C(F)(F)F)OC(=O)C(F)(F)F,*CC(CC(CC(CC(*)OC(=O)C(F)(F)F)OC(=O)C(F)(F)F)OC(=O)C(F)(F)F)OC(=O)C(F)(F)F,*CC(*)OC(=O)C(F)(F)F,False,clean
Poly(vinyl cyclohexanoate),*CC(*)OC(=O)C1CCCCC1,,,,,,,349.0,,,,,,,,,,,,,,,,,,,,,,*CC(CC(*)OC(=O)C1CCCCC1)OC(=O)C1CCCCC1,*CC(CC(CC(CC(*)OC(=O)C1CCCCC1)OC(=O)C1CCCCC1)OC(=O)C1CCCCC1)OC(=O)C1CCCCC1,*CC(*)OC(=O)C1CCCCC1,False,clean
Poly(vinyl propionate),*CC(*)OC(=O)CC,,,,,,,283.0,,,,,,,,,,,,,,,,,,,,,,*CC(CC(*)OC(=O)CC)OC(=O)CC,*CC(CC(CC(CC(*)OC(=O)CC)OC(=O)CC)OC(=O)CC)OC(=O)CC,*CC(*)OC(=O)CC,False,clean
Poly(vinyl malonate),*CC(*)OC(=O)CC(=O)[O-],,,,,,,244.0,,,,,,,,,,,,,,,,,,,,,,*CC(CC(*)OC(=O)CC(=O)[O-])OC(=O)CC(=O)[O-],*CC(CC(CC(CC(*)OC(=O)CC(=O)[O-])OC(=O)CC(=O)[O-])OC(=O)CC(=O)[O-])OC(=O)CC(=O)[O-],*CC(*)OC(=O)CC(=O)[O-],False,clean
poly(vinyl butyrate),*CC(*)OC(=O)CCC,,,,,,,337.15,,,,,,,,,,,,,,,,,,,,,,*CC(CC(*)OC(=O)CCC)OC(=O)CCC,*CC(CC(CC(CC(*)OC(=O)CCC)OC(=O)CCC)OC(=O)CCC)OC(=O)CCC,*CC(*)OC(=O)CCC,False,clean
Poly(vinyl adipate),*CC(*)OC(=O)CCCCC(=O)[O-],,,,,,,228.0,,,,,,,,,,,,,,,,,,,,,,*CC(CC(*)OC(=O)CCCCC(=O)[O-])OC(=O)CCCCC(=O)[O-],*CC(CC(CC(CC(*)OC(=O)CCCCC(=O)[O-])OC(=O)CCCCC(=O)[O-])OC(=O)CCCCC(=O)[O-])OC(=O)CCCCC(=O)[O-],*CC(*)OC(=O)CCCCC(=O)[O-],False,clean
Poly(vinyl 4-tert-butylbenzoate),*CC(*)OC(=O)c1ccc(C(C)(C)C)cc1,,,,,,,374.0,,,,,,,,,,,,,,,,,,,,,,*CC(CC(*)OC(=O)c1ccc(C(C)(C)C)cc1)OC(=O)c1ccc(C(C)(C)C)cc1,*CC(CC(CC(CC(*)OC(=O)c1ccc(C(C)(C)C)cc1)OC(=O)c1ccc(C(C)(C)C)cc1)OC(=O)c1ccc(C(C)(C)C)cc1)OC(=O)c1ccc(C(C)(C)C)cc1,*CC(*)OC(=O)c1ccc(C(C)(C)C)cc1,False,clean
Poly(vinyl benzoate),*CC(*)OC(=O)c1ccccc1,,,,,,,344.0,,,,,,,,,,,,,,,,,,,,,,*CC(CC(*)OC(=O)c1ccccc1)OC(=O)c1ccccc1,*CC(CC(CC(CC(*)OC(=O)c1ccccc1)OC(=O)c1ccccc1)OC(=O)c1ccccc1)OC(=O)c1ccccc1,*CC(*)OC(=O)c1ccccc1,False,clean
Poly(tert-butyl vinyl ether),*CC(*)OC(C)(C)C,,,,,,,361.0,,,,,,,,,,,,,,,,,,,,,,*CC(CC(*)OC(C)(C)C)OC(C)(C)C,*CC(CC(CC(CC(*)OC(C)(C)C)OC(C)(C)C)OC(C)(C)C)OC(C)(C)C,*CC(*)OC(C)(C)C,False,clean
Poly(cyclohexyl vinyl ether),*CC(*)OC1CCCCC1,,,,,,,354.0,,,,,,,,,,,,,,,,,,,,,,*CC(CC(*)OC1CCCCC1)OC1CCCCC1,*CC(CC(CC(CC(*)OC1CCCCC1)OC1CCCCC1)OC1CCCCC1)OC1CCCCC1,*CC(*)OC1CCCCC1,False,clean
Poly(ethyl vinyl ether),*CC(*)OCC,,,,,,,230.0,,,,,,,,,,,,,,,,,,,,,,*CC(CC(*)OCC)OCC,*CC(CC(CC(CC(*)OCC)OCC)OCC)OCC,*CC(*)OCC,False,clean
Poly(isobutyl vinyl ether),*CC(*)OCC(C)C,,,,,,,254.0,,,,,,,,,,,,,,,,,,,,,,*CC(CC(*)OCC(C)C)OCC(C)C,*CC(CC(CC(CC(*)OCC(C)C)OCC(C)C)OCC(C)C)OCC(C)C,*CC(*)OCC(C)C,False,clean
Poly(2-ethylhexyl vinyl ether),*CC(*)OCC(CC)CCCC,,,,,,,207.0,,,,,,,,,,,,,,,,,,,,,,*CC(CC(*)OCC(CC)CCCC)OCC(CC)CCCC,*CC(CC(CC(CC(*)OCC(CC)CCCC)OCC(CC)CCCC)OCC(CC)CCCC)OCC(CC)CCCC,*CC(*)OCC(CC)CCCC,False,clean
Poly(propyl vinyl ether),*CC(*)OCCC,,,,,,,224.0,,,,,,,,,,,,,,,,,,,,,,*CC(CC(*)OCCC)OCCC,*CC(CC(CC(CC(*)OCCC)OCCC)OCCC)OCCC,*CC(*)OCCC,False,clean
Poly(butyl vinyl ether),*CC(*)OCCCC,,,,,,,218.0,,,,,,,,,,,,,,,,,,,,,,*CC(CC(*)OCCCC)OCCCC,*CC(CC(CC(CC(*)OCCCC)OCCCC)OCCCC)OCCCC,*CC(*)OCCCC,False,clean
Poly(dodecyl vinyl ether),*CC(*)OCCCCCCCCCCCC,,,,,,,211.0,,,,,,,,,,,,,,,,,,,,,,*CC(CC(*)OCCCCCCCCCCCC)OCCCCCCCCCCCC,*CC(CC(CC(CC(*)OCCCCCCCCCCCC)OCCCCCCCCCCCC)OCCCCCCCCCCCC)OCCCCCCCCCCCC,*CC(*)OCCCCCCCCCCCC,False,clean
"Poly(2,4,6-trimethylstyrene)",*CC(*)c1c(C)cc(C)cc1C,,,,,,,435.0,,,,,,,,,,,,,,,,,,,,,,*CC(CC(*)c1c(C)cc(C)cc1C)c1c(C)cc(C)cc1C,*CC(CC(CC(CC(*)c1c(C)cc(C)cc1C)c1c(C)cc(C)cc1C)c1c(C)cc(C)cc1C)c1c(C)cc(C)cc1C,*CC(*)c1c(C)cc(C)cc1C,False,clean
"Poly(2,6-dichlorostyrene)",*CC(*)c1c(Cl)cccc1Cl,,,,,,,440.0,,,,,,,,,,,,,,,,,,,,,,*CC(CC(*)c1c(Cl)cccc1Cl)c1c(Cl)cccc1Cl,*CC(CC(CC(CC(*)c1c(Cl)cccc1Cl)c1c(Cl)cccc1Cl)c1c(Cl)cccc1Cl)c1c(Cl)cccc1Cl,*CC(*)c1c(Cl)cccc1Cl,False,clean
"Poly(3,5-dimethylstyrene)",*CC(*)c1cc(C)cc(C)c1,,,,,,,377.0,,,,,,,,,,,,,,,,,,,,,,*CC(CC(*)c1cc(C)cc(C)c1)c1cc(C)cc(C)c1,*CC(CC(CC(CC(*)c1cc(C)cc(C)c1)c1cc(C)cc(C)c1)c1cc(C)cc(C)c1)c1cc(C)cc(C)c1,*CC(*)c1cc(C)cc(C)c1,False,clean
"Poly(2,5-dimethylstyrene)",*CC(*)c1cc(C)ccc1C,,,,,,,416.0,,,,,,,,,,,,,,,,,,,,,,*CC(CC(*)c1cc(C)ccc1C)c1cc(C)ccc1C,*CC(CC(CC(CC(*)c1cc(C)ccc1C)c1cc(C)ccc1C)c1cc(C)ccc1C)c1cc(C)ccc1C,*CC(*)c1cc(C)ccc1C,False,clean
poly(2-(4-vinylphenyl)pyridine),*CC(*)c1ccc(-c2ccccn2)cc1,,,,,,,434.4,,,,,,,,,,,,,,,,,,,,,,*CC(CC(*)c1ccc(-c2ccccn2)cc1)c1ccc(-c2ccccn2)cc1,*CC(CC(CC(CC(*)c1ccc(-c2ccccn2)cc1)c1ccc(-c2ccccn2)cc1)c1ccc(-c2ccccn2)cc1)c1ccc(-c2ccccn2)cc1,*CC(*)c1ccc(-c2ccccn2)cc1,False,clean
Poly(4-bromostyrene),*CC(*)c1ccc(Br)cc1,,,,,,,391.0,,,,,,,,,,,,,,,,,,,,,,*CC(CC(*)c1ccc(Br)cc1)c1ccc(Br)cc1,*CC(CC(CC(CC(*)c1ccc(Br)cc1)c1ccc(Br)cc1)c1ccc(Br)cc1)c1ccc(Br)cc1,*CC(*)c1ccc(Br)cc1,False,clean
poly(ethynylstyrene),*CC(*)c1ccc(C#C)cc1,,,,,,,426.0,,,,,,,,,,,,,,,,,,,,,,*CC(CC(*)c1ccc(C#C)cc1)c1ccc(C#C)cc1,*CC(CC(CC(CC(*)c1ccc(C#C)cc1)c1ccc(C#C)cc1)c1ccc(C#C)cc1)c1ccc(C#C)cc1,*CC(*)c1ccc(C#C)cc1,False,clean
Poly(4-tert-butylstyrene),*CC(*)c1ccc(C(C)(C)C)cc1,,,,,,,400.0,,,,,,,,,,,,,,,,,,,,,,*CC(CC(*)c1ccc(C(C)(C)C)cc1)c1ccc(C(C)(C)C)cc1,*CC(CC(CC(CC(*)c1ccc(C(C)(C)C)cc1)c1ccc(C(C)(C)C)cc1)c1ccc(C(C)(C)C)cc1)c1ccc(C(C)(C)C)cc1,*CC(*)c1ccc(C(C)(C)C)cc1,False,clean
poly(p-methylstyrene),*CC(*)c1ccc(C)cc1,,,,,,,373.325,,,,,,,,,,,,,,,,,,,,,,*CC(CC(*)c1ccc(C)cc1)c1ccc(C)cc1,*CC(CC(CC(CC(*)c1ccc(C)cc1)c1ccc(C)cc1)c1ccc(C)cc1)c1ccc(C)cc1,*CC(*)c1ccc(C)cc1,False,clean
"Poly(2,4-dimethylstyrene)",*CC(*)c1ccc(C)cc1C,,,,,,,385.0,,,,,,,,,,,,,,,,,,,,,,*CC(CC(*)c1ccc(C)cc1C)c1ccc(C)cc1C,*CC(CC(CC(CC(*)c1ccc(C)cc1C)c1ccc(C)cc1C)c1ccc(C)cc1C)c1ccc(C)cc1C,*CC(*)c1ccc(C)cc1C,False,clean
Poly[4-(1-adamantyl)styrene],*CC(*)c1ccc(C23C[C@H]4C[C@@H](C2)C[C@@H](C3)C4)cc1,,,,,,,490.5,,,,,,,,,,,,,,,,,,,,,,*CC(CC(*)c1ccc(C23CC4CC(CC(C4)C2)C3)cc1)c1ccc(C23CC4CC(CC(C4)C2)C3)cc1,*CC(CC(CC(CC(*)c1ccc(C23CC4CC(CC(C4)C2)C3)cc1)c1ccc(C23CC4CC(CC(C4)C2)C3)cc1)c1ccc(C23CC4CC(CC(C4)C2)C3)cc1)c1ccc(C23CC4CC(CC(C4)C2)C3)cc1,*CC(*)c1ccc(C23C[C@H]4C[C@@H](C2)C[C@@H](C3)C4)cc1,False,clean
poly(propargyloxystyrene),*CC(*)c1ccc(CC#C)cc1,,,,,,,327.0,,,,,,,,,,,,,,,,,,,,,,*CC(CC(*)c1ccc(CC#C)cc1)c1ccc(CC#C)cc1,*CC(CC(CC(CC(*)c1ccc(CC#C)cc1)c1ccc(CC#C)cc1)c1ccc(CC#C)cc1)c1ccc(CC#C)cc1,*CC(*)c1ccc(CC#C)cc1,False,clean
Poly(4-chlorostyrene),*CC(*)c1ccc(Cl)cc1,,,,,,,383.0,,,,,,,,,,,,,,,,,,,,,,*CC(CC(*)c1ccc(Cl)cc1)c1ccc(Cl)cc1,*CC(CC(CC(CC(*)c1ccc(Cl)cc1)c1ccc(Cl)cc1)c1ccc(Cl)cc1)c1ccc(Cl)cc1,*CC(*)c1ccc(Cl)cc1,False,clean
Poly(4-fluorostyrene),*CC(*)c1ccc(F)cc1,,,,,,,368.0,,,,,,,,,,,,,,,,,,,,,,*CC(CC(*)c1ccc(F)cc1)c1ccc(F)cc1,*CC(CC(CC(CC(*)c1ccc(F)cc1)c1ccc(F)cc1)c1ccc(F)cc1)c1ccc(F)cc1,*CC(*)c1ccc(F)cc1,False,clean
Poly(nitroxylstyrene)s,*CC(*)c1ccc(N([O])C(C)(C)C)cc1,,,,,,,383.0,,,,,,,,,,,,,,,,,,,,,,*CC(CC(*)c1ccc(N(O)C(C)(C)C)cc1)c1ccc(N(O)C(C)(C)C)cc1,*CC(CC(CC(CC(*)c1ccc(N(O)C(C)(C)C)cc1)c1ccc(N(O)C(C)(C)C)cc1)c1ccc(N(O)C(C)(C)C)cc1)c1ccc(N(O)C(C)(C)C)cc1,*CC(*)c1ccc(N([O])C(C)(C)C)cc1,False,clean
poly(4-acetoxystyrene),*CC(*)c1ccc(OC(C)=O)cc1,,,,,,,396.0,,,,,,,,,,,,,,,,,,,,,,*CC(CC(*)c1ccc(OC(C)=O)cc1)c1ccc(OC(C)=O)cc1,*CC(CC(CC(CC(*)c1ccc(OC(C)=O)cc1)c1ccc(OC(C)=O)cc1)c1ccc(OC(C)=O)cc1)c1ccc(OC(C)=O)cc1,*CC(*)c1ccc(OC(C)=O)cc1,False,clean
Poly(4-methoxystyrene),*CC(*)c1ccc(OC)cc1,,,,,,,386.0,,,,,,,,,,,,,,,,,,,,,,*CC(CC(*)c1ccc(OC)cc1)c1ccc(OC)cc1,*CC(CC(CC(CC(*)c1ccc(OC)cc1)c1ccc(OC)cc1)c1ccc(OC)cc1)c1ccc(OC)cc1,*CC(*)c1ccc(OC)cc1,False,clean
Poly(TMSpropargyloxystyrene),*CC(*)c1ccc(OCC#C)cc1,,,,,,,321.0,,,,,,,,,,,,,,,,,,,,,,*CC(CC(*)c1ccc(OCC#C)cc1)c1ccc(OCC#C)cc1,*CC(CC(CC(CC(*)c1ccc(OCC#C)cc1)c1ccc(OCC#C)cc1)c1ccc(OCC#C)cc1)c1ccc(OCC#C)cc1,*CC(*)c1ccc(OCC#C)cc1,False,clean
Poly(4-ethoxystyrene),*CC(*)c1ccc(OCC)cc1,,,,,,,359.0,,,,,,,,,,,,,,,,,,,,,,*CC(CC(*)c1ccc(OCC)cc1)c1ccc(OCC)cc1,*CC(CC(CC(CC(*)c1ccc(OCC)cc1)c1ccc(OCC)cc1)c1ccc(OCC)cc1)c1ccc(OCC)cc1,*CC(*)c1ccc(OCC)cc1,False,clean
Poly(3-methylstyrene),*CC(*)c1cccc(C)c1,,,,,,,370.0,,,,,,,,,,,,,,,,,,,,,,*CC(CC(*)c1cccc(C)c1)c1cccc(C)c1,*CC(CC(CC(CC(*)c1cccc(C)c1)c1cccc(C)c1)c1cccc(C)c1)c1cccc(C)c1,*CC(*)c1cccc(C)c1,False,clean
Poly(3-chlorostyrene),*CC(*)c1cccc(Cl)c1,,,,,,,363.0,,,,,,,,,,,,,,,,,,,,,,*CC(CC(*)c1cccc(Cl)c1)c1cccc(Cl)c1,*CC(CC(CC(CC(*)c1cccc(Cl)c1)c1cccc(Cl)c1)c1cccc(Cl)c1)c1cccc(Cl)c1,*CC(*)c1cccc(Cl)c1,False,clean
Poly(vinyl carbazole),*CC(*)c1cccc2c1[nH]c1ccccc12,,,,,,,500.0,,,,,,,,,,,,,,,,,,,,,,*CC(CC(*)c1cccc2c1[nH]c1ccccc12)c1cccc2c1[nH]c1ccccc12,*CC(CC(CC(CC(*)c1cccc2c1[nH]c1ccccc12)c1cccc2c1[nH]c1ccccc12)c1cccc2c1[nH]c1ccccc12)c1cccc2c1[nH]c1ccccc12,*CC(*)c1cccc2c1[nH]c1ccccc12,False,clean
Poly(2-chlorostyrene),*CC(*)c1ccccc1Cl,,,,,,,392.0,,,,,,,,,,,,,,,,,,,,,,*CC(CC(*)c1ccccc1Cl)c1ccccc1Cl,*CC(CC(CC(CC(*)c1ccccc1Cl)c1ccccc1Cl)c1ccccc1Cl)c1ccccc1Cl,*CC(*)c1ccccc1Cl,False,clean
acrylonitrile-butadiene-acrylate copolymer,*CC(C#N)C/C=C/CCC(*)C(=O)OC,,,,,,,427.15,,,,,,,,,,,,,,,,,,,,,,*CC(C#N)CC=CCCC(CC(C#N)CC=CCCC(*)C(=O)OC)C(=O)OC,*CC(C#N)CC=CCCC(CC(C#N)CC=CCCC(CC(C#N)CC=CCCC(CC(C#N)CC=CCCC(*)C(=O)OC)C(=O)OC)C(=O)OC)C(=O)OC,*CC(C#N)C/C=C/CCC(*)C(=O)OC,False,clean
poly(acrylonitrile-co-butadiene-co-styrene),*CC(C#N)C/C=C/CCC(*)c1ccccc1,,,,,,,377.65,,,,,,,,,,,,,,,,,,,,,,*CC(C#N)CC=CCCC(CC(C#N)CC=CCCC(*)c1ccccc1)c1ccccc1,*CC(C#N)CC=CCCC(CC(C#N)CC=CCCC(CC(C#N)CC=CCCC(CC(C#N)CC=CCCC(*)c1ccccc1)c1ccccc1)c1ccccc1)c1ccccc1,*CC(C#N)C/C=C/CCC(*)c1ccccc1,False,clean
poly(acrylonitrile-co-styrene-co-acrylate),*CC(C#N)CC(CC(*)C(=O)OC)c1ccccc1,,,,,,,388.15,,,,,,,,,,,,,,,,,,,,,,*CC(C#N)CC(CC(CC(C#N)CC(CC(*)C(=O)OC)c1ccccc1)C(=O)OC)c1ccccc1,*CC(C#N)CC(CC(CC(C#N)CC(CC(CC(C#N)CC(CC(CC(C#N)CC(CC(*)C(=O)OC)c1ccccc1)C(=O)OC)c1ccccc1)C(=O)OC)c1ccccc1)C(=O)OC)c1ccccc1,*CC(C#N)CC(CC(*)C(=O)OC)c1ccccc1,False,clean
poly(methacrylic acid-co-methyl methacrylate),*CC(C)(CC(*)(C)C(=O)O)C(=O)OC,,,,,,,395.65,,,,,,,,,,,,,,,,,,,,,,*CC(C)(CC(C)(CC(C)(CC(*)(C)C(=O)O)C(=O)OC)C(=O)O)C(=O)OC,*CC(C)(CC(C)(CC(C)(CC(C)(CC(C)(CC(C)(CC(C)(CC(*)(C)C(=O)O)C(=O)OC)C(=O)O)C(=O)OC)C(=O)O)C(=O)OC)C(=O)O)C(=O)OC,*CC(C)(CC(*)(C)C(=O)O)C(=O)OC,False,clean
poly(ethyl acrylate-co-methyl methacrylate),*CC(C)(CC(*)C(=O)OCC)C(=O)OC,,,,,,,264.65,,,,,,,,,,,,,,,,,,,,,,*CC(C)(CC(CC(C)(CC(*)C(=O)OCC)C(=O)OC)C(=O)OCC)C(=O)OC,*CC(C)(CC(CC(C)(CC(CC(C)(CC(CC(C)(CC(*)C(=O)OCC)C(=O)OC)C(=O)OCC)C(=O)OC)C(=O)OCC)C(=O)OC)C(=O)OCC)C(=O)OC,*CC(C)(CC(*)C(=O)OCC)C(=O)OC,False,clean
isotactic-polypropylene,*CC(C)CC(*)C,,,,,,,263.15,,,,,,,,,,,,,,,,,,,,,,*CC(C)CC(C)CC(C)CC(*)C,*CC(C)CC(C)CC(C)CC(C)CC(C)CC(C)CC(C)CC(*)C,*CC(C)CC(*)C,False,clean
polypropylene glycol,*CC(C)O*,,,,,,,197.65,,,,,,,,,,,,,,,,,,,,,,*CC(C)OCC(C)O*,*CC(C)OCC(C)OCC(C)OCC(C)O*,*CC(C)O*,False,clean
poly(styrene-co-butadiene),*CC(C/C=C\CCC(*)C=C)c1ccccc1,,,,,,,233.15,,,,,,,,,,,,,,,,,,,,,,*CC(CC=CCCC(C=C)CC(CC=CCCC(*)C=C)c1ccccc1)c1ccccc1,*CC(CC=CCCC(C=C)CC(CC=CCCC(C=C)CC(CC=CCCC(C=C)CC(CC=CCCC(*)C=C)c1ccccc1)c1ccccc1)c1ccccc1)c1ccccc1,*CC(C/C=C\CCC(*)C=C)c1ccccc1,False,clean
styrene-butadiene-styrene triblock copolymer,*CC(C/C=C\CCC(C=C)CC(*)c1ccccc1)c1ccccc1,,,,,,,195.65,,,,,,,,,,,,,,,,,,,,,,*CC(CC=CCCC(C=C)CC(CC(CC=CCCC(C=C)CC(*)c1ccccc1)c1ccccc1)c1ccccc1)c1ccccc1,*CC(CC=CCCC(C=C)CC(CC(CC=CCCC(C=C)CC(CC(CC=CCCC(C=C)CC(CC(CC=CCCC(C=C)CC(*)c1ccccc1)c1ccccc1)c1ccccc1)c1ccccc1)c1ccccc1)c1ccccc1)c1ccccc1)c1ccccc1,*CC(C/C=C\CCC(C=C)CC(*)c1ccccc1)c1ccccc1,False,clean
poly(styrene-co-methylmethacrylate),*CC(CC(*)(C)C(=O)OC)c1ccccc1,,,,,,,375.15,,,,,,,,,,,,,,,,,,,,,,*CC(CC(C)(CC(CC(*)(C)C(=O)OC)c1ccccc1)C(=O)OC)c1ccccc1,*CC(CC(C)(CC(CC(C)(CC(CC(C)(CC(CC(*)(C)C(=O)OC)c1ccccc1)C(=O)OC)c1ccccc1)C(=O)OC)c1ccccc1)C(=O)OC)c1ccccc1,*CC(CC(*)(C)C(=O)OC)c1ccccc1,False,clean
poly(styrene-co-α-methylstyrene),*CC(CC(*)(C)c1ccccc1)c1ccccc1,,,,,,,320.65,,,,,,,,,,,,,,,,,,,,,,*CC(CC(C)(CC(CC(*)(C)c1ccccc1)c1ccccc1)c1ccccc1)c1ccccc1,*CC(CC(C)(CC(CC(C)(CC(CC(C)(CC(CC(*)(C)c1ccccc1)c1ccccc1)c1ccccc1)c1ccccc1)c1ccccc1)c1ccccc1)c1ccccc1)c1ccccc1,*CC(CC(*)(C)c1ccccc1)c1ccccc1,False,clean
poly(styrene-co-acrylonitrile),*CC(CC(*)C#N)c1ccccc1,,,,,,,384.15,,,,,,,,,,,,,,,,,,,,,,*CC(CC(C#N)CC(CC(*)C#N)c1ccccc1)c1ccccc1,*CC(CC(C#N)CC(CC(C#N)CC(CC(C#N)CC(CC(*)C#N)c1ccccc1)c1ccccc1)c1ccccc1)c1ccccc1,*CC(CC(*)C#N)c1ccccc1,False,clean
isotactic-polystyrene,*CC(CC(*)c1ccccc1)c1ccccc1,,,,,,,363.15,,,,,,,,,,,,,,,,,,,,,,*CC(CC(CC(CC(*)c1ccccc1)c1ccccc1)c1ccccc1)c1ccccc1,*CC(CC(CC(CC(CC(CC(CC(CC(*)c1ccccc1)c1ccccc1)c1ccccc1)c1ccccc1)c1ccccc1)c1ccccc1)c1ccccc1)c1ccccc1,*CC(CC(*)c1ccccc1)c1ccccc1,False,clean
poly(ethyl acrylate-co-methyl methacrylate-co-triammonioethyl methacrylate chloride),*CC(CC(C)(CC(*)(C)C(=O)OCC[N+](C)(C)C)C(=O)OC)C(=O)OCC.[Cl-],,,,,,,333.15,,,,,,,,,,,,,,,,,,,,,,*CC(CC(C)(CC(C)(CC(CC(C)(CC(*)(C)C(=O)OCC[N+](C)(C)C)C(=O)OC)C(=O)OCC)C(=O)OCC[N+](C)(C)C)C(=O)OC)C(=O)OCC.[Cl-].[Cl-],*CC(CC(C)(CC(C)(CC(CC(C)(CC(C)(CC(CC(C)(CC(C)(CC(CC(C)(CC(*)(C)C(=O)OCC[N+](C)(C)C)C(=O)OC)C(=O)OCC)C(=O)OCC[N+](C)(C)C)C(=O)OC)C(=O)OCC)C(=O)OCC[N+](C)(C)C)C(=O)OC)C(=O)OCC)C(=O)OCC[N+](C)(C)C)C(=O)OC)C(=O)OCC.[Cl-].[Cl-].[Cl-].[Cl-],*CC(CC(C)(CC(*)(C)C(=O)OCC[N+](C)(C)C)C(=O)OC)C(=O)OCC.[Cl-],False,clean
styrene-ethylene-butylene-styrene triblock copolymer,*CC(CCCCCC(CC)CC(*)c1ccccc1)c1ccccc1,,,,,,,216.65,,,,,,,,,,,,,,,,,,,,,,*CC(CCCCCC(CC)CC(CC(CCCCCC(CC)CC(*)c1ccccc1)c1ccccc1)c1ccccc1)c1ccccc1,*CC(CCCCCC(CC)CC(CC(CCCCCC(CC)CC(CC(CCCCCC(CC)CC(CC(CCCCCC(CC)CC(*)c1ccccc1)c1ccccc1)c1ccccc1)c1ccccc1)c1ccccc1)c1ccccc1)c1ccccc1)c1ccccc1,*CC(CCCCCC(CC)CC(*)c1ccccc1)c1ccccc1,False,clean
poly(allyl glycidyl ether ),*CC(COCC=C)O*,,,,,,,195.0,,,,,,,,,,,,,,,,,,,,,,*CC(COCC=C)OCC(COCC=C)O*,*CC(COCC=C)OCC(COCC=C)OCC(COCC=C)OCC(COCC=C)O*,*CC(COCC=C)O*,False,clean
poly(vinyl chloride-co-vinyl acetate),*CC(Cl)CC(*)OC(C)=O,,,,,,,339.65,,,,,,,,,,,,,,,,,,,,,,*CC(Cl)CC(CC(Cl)CC(*)OC(C)=O)OC(C)=O,*CC(Cl)CC(CC(Cl)CC(CC(Cl)CC(CC(Cl)CC(*)OC(C)=O)OC(C)=O)OC(C)=O)OC(C)=O,*CC(Cl)CC(*)OC(C)=O,False,clean
poly(vinylidene fluoride-co-hexafluoropropylene),*CC(F)(F)C(F)(F)C(*)(F)C(F)(F)F,,,,,,,250.65,,,,,,,,,,,,,,,,,,,,,,*CC(F)(F)C(F)(F)C(F)(CC(F)(F)C(F)(F)C(*)(F)C(F)(F)F)C(F)(F)F,*CC(F)(F)C(F)(F)C(F)(CC(F)(F)C(F)(F)C(F)(CC(F)(F)C(F)(F)C(F)(CC(F)(F)C(F)(F)C(*)(F)C(F)(F)F)C(F)(F)F)C(F)(F)F)C(F)(F)F,*CC(F)(F)C(F)(F)C(*)(F)C(F)(F)F,False,clean
poly(\uc0\u945 -methylstyrene),*CCC(*)(C)c1ccccc1,,,,,,,366.0,,,,,,,,,,,,,,,,,,,,,,*CCC(C)(CCC(*)(C)c1ccccc1)c1ccccc1,*CCC(C)(CCC(C)(CCC(C)(CCC(*)(C)c1ccccc1)c1ccccc1)c1ccccc1)c1ccccc1,*CCC(*)(C)c1ccccc1,False,clean
polyketone,*CCC(*)=O,,,,,,,287.15,,,,,,,,,,,,,,,,,,,,,,*CCC(=O)CCC(*)=O,*CCC(=O)CCC(=O)CCC(=O)CCC(*)=O,*CCC(*)=O,False,clean
ethylene-propylene rubber,*CCC(C)C*,,,,,,,221.15,,,,,,,,,,,,,,,,,,,,,,*CCC(C)CCCC(C)C*,*CCC(C)CCCC(C)CCCC(C)CCCC(C)C*,*CCC(C)C*,False,clean
ethylene-propylene diene terpolymer,*CCC(C)CC1C2C/C(=C/C)C(C2)C1*,,,,,,,214.65,,,,,,,,,,,,,,,,,,,,,,*CCC(C)CC1C2CC(=CC)C(C2)C1CCC(C)CC1C2CC(=CC)C(C2)C1*,*CCC(C)CC1C2CC(=CC)C(C2)C1CCC(C)CC1C2CC(=CC)C(C2)C1CCC(C)CC1C2CC(=CC)C(C2)C1CCC(C)CC1C2CC(=CC)C(C2)C1*,*CCC(C)CC1C2C/C(=C/C)C(C2)C1*,False,clean
very highly branched polyethylene,*CCC(C*)CCCCCC,,,,,,,232.65,,,,,,,,,,,,,,,,,,,,,,*CCC(CCCCCC)CCCC(C*)CCCCCC,*CCC(CCCCCC)CCCC(CCCCCC)CCCC(CCCCCC)CCCC(C*)CCCCCC,*CCC(C*)CCCCCC,False,clean
ethylene-vinyl acetate copolymer,*CCC(C*)OC(C)=O,,,,,,,233.15,,,,,,,,,,,,,,,,,,,,,,*CCC(CCCC(C*)OC(C)=O)OC(C)=O,*CCC(CCCC(CCCC(CCCC(C*)OC(C)=O)OC(C)=O)OC(C)=O)OC(C)=O,*CCC(C*)OC(C)=O,False,clean
poly(ethylene-co-chlorotrifl uoroethylene),*CCC(F)(Cl)C(*)(F)F,,,,,,,347.15,,,,,,,,,,,,,,,,,,,,,,*CCC(F)(Cl)C(F)(F)CCC(F)(Cl)C(*)(F)F,*CCC(F)(Cl)C(F)(F)CCC(F)(Cl)C(F)(F)CCC(F)(Cl)C(F)(F)CCC(F)(Cl)C(*)(F)F,*CCC(F)(Cl)C(*)(F)F,False,clean
poly(ethylene-co-tetrafl uoroethylene),*CCC(F)(F)C(*)(F)F,,,,,,,358.15,,,,,,,,,,,,,,,,,,,,,,*CCC(F)(F)C(F)(F)CCC(F)(F)C(*)(F)F,*CCC(F)(F)C(F)(F)CCC(F)(F)C(F)(F)CCC(F)(F)C(F)(F)CCC(F)(F)C(*)(F)F,*CCC(F)(F)C(*)(F)F,False,clean
ethylene-vinyl alcohol copolymer,*CCC(O)C*,,,,,,,331.15,,,,,,,,,,,,,,,,,,,,,,*CCC(O)CCCC(O)C*,*CCC(O)CCCC(O)CCCC(O)CCCC(O)C*,*CCC(O)C*,False,clean
cyclic olefin copolymer,*CCC1C2CCC(C2)C1*,,,,,,,392.65,,,,,,,,,,,,,,,,,,,,,,*CCC1C2CCC(C2)C1CCC1C2CCC(C2)C1*,*CCC1C2CCC(C2)C1CCC1C2CCC(C2)C1CCC1C2CCC(C2)C1CCC1C2CCC(C2)C1*,*CCC1C2CCC(C2)C1*,False,clean
poly(ethylene-co-acrylic acid),*CCCC(*)C(=O)O,,,,,,,302.15,,,,,,,,,,,,,,,,,,,,,,*CCCC(CCCC(*)C(=O)O)C(=O)O,*CCCC(CCCC(CCCC(CCCC(*)C(=O)O)C(=O)O)C(=O)O)C(=O)O,*CCCC(*)C(=O)O,False,clean
poly(ethylene-co-methyl acrylate),*CCCC(*)C(=O)OC,,,,,,,240.45,,,,,,,,,,,,,,,,,,,,,,*CCCC(CCCC(*)C(=O)OC)C(=O)OC,*CCCC(CCCC(CCCC(CCCC(*)C(=O)OC)C(=O)OC)C(=O)OC)C(=O)OC,*CCCC(*)C(=O)OC,False,clean
poly(ethylene-co-ethyl acrylate),*CCCC(*)C(=O)OCC,,,,,,,240.15,,,,,,,,,,,,,,,,,,,,,,*CCCC(CCCC(*)C(=O)OCC)C(=O)OCC,*CCCC(CCCC(CCCC(CCCC(*)C(=O)OCC)C(=O)OCC)C(=O)OCC)C(=O)OCC,*CCCC(*)C(=O)OCC,False,clean
poly(ethylene-co-n-butyl acrylate),*CCCC(*)C(=O)OCCCC,,,,,,,221.15,,,,,,,,,,,,,,,,,,,,,,*CCCC(CCCC(*)C(=O)OCCCC)C(=O)OCCCC,*CCCC(CCCC(CCCC(CCCC(*)C(=O)OCCCC)C(=O)OCCCC)C(=O)OCCCC)C(=O)OCCCC,*CCCC(*)C(=O)OCCCC,False,clean
chlorinated polyethylene,*CCCC(*)Cl,,,,,,,295.65,,,,,,,,,,,,,,,,,,,,,,*CCCC(Cl)CCCC(*)Cl,*CCCC(Cl)CCCC(Cl)CCCC(Cl)CCCC(*)Cl,*CCCC(*)Cl,False,clean
"Poly(1,2-epoxydecane)",*CCCCCCCCCOC*,,,,,,,203.0,,,,,,,,,,,,,,,,,,,,,,*CCCCCCCCCOCCCCCCCCCCOC*,*CCCCCCCCCOCCCCCCCCCCOCCCCCCCCCCOCCCCCCCCCCOC*,*CCCCCCCCCOC*,False,clean
"Poly(1,2-epoxyoctane)",*CCCCCCCOC*,,,,,,,206.0,,,,,,,,,,,,,,,,,,,,,,*CCCCCCCOCCCCCCCCOC*,*CCCCCCCOCCCCCCCCOCCCCCCCCOCCCCCCCCOC*,*CCCCCCCOC*,False,clean
Poly(trimethylene oxide),*CCCO*,,,,,,,195.0,,,,,,,,,,,,,,,,,,,,,,*CCCOCCCO*,*CCCOCCCOCCCOCCCO*,*CCCO*,False,clean
Poly(2-isopropyl-2-oxazoline)s,*CCN(*)C(=C)C(C)C,,,,,,,300.0,,,,,,,,,,,,,,,,,,,,,,*CCN(CCN(*)C(=C)C(C)C)C(=C)C(C)C,*CCN(CCN(CCN(CCN(*)C(=C)C(C)C)C(=C)C(C)C)C(=C)C(C)C)C(=C)C(C)C,*CCN(*)C(=C)C(C)C,False,clean
poly(2-oxazoline)s,*CCN(*)C(=O)CC,,,,,,,249.5,,,,,,,,,,,,,,,,,,,,,,*CCN(CCN(*)C(=O)CC)C(=O)CC,*CCN(CCN(CCN(CCN(*)C(=O)CC)C(=O)CC)C(=O)CC)C(=O)CC,*CCN(*)C(=O)CC,False,clean
"Poly(1,2-epoxybutane)",*CCOC*,,,,,,,203.0,,,,,,,,,,,,,,,,,,,,,,*CCOCCCOC*,*CCOCCCOCCCOCCCOC*,*CCOC*,False,clean
Poly(vinyl formal),*CCOCC*,,,,,,,378.0,,,,,,,,,,,,,,,,,,,,,,*CCOCCCCOCC*,*CCOCCCCOCCCCOCCCCOCC*,*CCOCC*,False,clean
poly(p-xylylene),*Cc1ccc(C*)cc1,,,,,,,508.15,,,,,,,,,,,,,,,,,,,,,,*Cc1ccc(CCc2ccc(C*)cc2)cc1,*Cc1ccc(CCc2ccc(CCc3ccc(CCc4ccc(C*)cc4)cc3)cc2)cc1,*Cc1ccc(C*)cc1,False,clean
poly(p-methylenetriphenylamine),*Cc1ccc(N(c2ccccc2)c2ccc(*)cc2)cc1,,,,,,,431.0,,,,,,,,,,,,,,,,,,,,,,*Cc1ccc(N(c2ccccc2)c2ccc(Cc3ccc(N(c4ccccc4)c4ccc(*)cc4)cc3)cc2)cc1,*Cc1ccc(N(c2ccccc2)c2ccc(Cc3ccc(N(c4ccccc4)c4ccc(Cc5ccc(N(c6ccccc6)c6ccc(Cc7ccc(N(c8ccccc8)c8ccc(*)cc8)cc7)cc6)cc5)cc4)cc3)cc2)cc1,*Cc1ccc(N(c2ccccc2)c2ccc(*)cc2)cc1,False,clean
phenol-formaldehyde resin,*Cc1cccc(*)c1O,,,,,,,473.15,,,,,,,,,,,,,,,,,,,,,,*Cc1cccc(Cc2cccc(*)c2O)c1O,*Cc1cccc(Cc2cccc(Cc3cccc(Cc4cccc(*)c4O)c3O)c2O)c1O,*Cc1cccc(*)c1O,False,clean
Poly(bismethoxyphosphazene),*N=P(*)(OC)OC,,,,,,,202.2,,,,,,,,,,,,,,,,,,,,,,*N=P(N=P(*)(OC)OC)(OC)OC,*N=P(N=P(N=P(N=P(*)(OC)OC)(OC)OC)(OC)OC)(OC)OC,*N=P(*)(OC)OC,False,clean
polyphosphazenes_1,*N=P(*)(OCC(F)(F)F)OCC(F)(F)F,,,,,,,208.0,,,,,,,,,,,,,,,,,,,,,,*N=P(N=P(*)(OCC(F)(F)F)OCC(F)(F)F)(OCC(F)(F)F)OCC(F)(F)F,*N=P(N=P(N=P(N=P(*)(OCC(F)(F)F)OCC(F)(F)F)(OCC(F)(F)F)OCC(F)(F)F)(OCC(F)(F)F)OCC(F)(F)F)(OCC(F)(F)F)OCC(F)(F)F,*N=P(*)(OCC(F)(F)F)OCC(F)(F)F,False,clean
polyphosphazenes_2,*N=P(*)(Oc1ccc(-c2ccccc2)cc1)Oc1ccc(-c2ccccc2)cc1,,,,,,,366.0,,,,,,,,,,,,,,,,,,,,,,*N=P(N=P(*)(Oc1ccc(-c2ccccc2)cc1)Oc1ccc(-c2ccccc2)cc1)(Oc1ccc(-c2ccccc2)cc1)Oc1ccc(-c2ccccc2)cc1,*N=P(N=P(N=P(N=P(*)(Oc1ccc(-c2ccccc2)cc1)Oc1ccc(-c2ccccc2)cc1)(Oc1ccc(-c2ccccc2)cc1)Oc1ccc(-c2ccccc2)cc1)(Oc1ccc(-c2ccccc2)cc1)Oc1ccc(-c2ccccc2)cc1)(Oc1ccc(-c2ccccc2)cc1)Oc1ccc(-c2ccccc2)cc1,*N=P(*)(Oc1ccc(-c2ccccc2)cc1)Oc1ccc(-c2ccccc2)cc1,False,clean
polyphosphazenes_3,*N=P(*)(Oc1ccccc1)Oc1ccc(-c2ccccc2)cc1,,,,,,,316.0,,,,,,,,,,,,,,,,,,,,,,*N=P(N=P(*)(Oc1ccccc1)Oc1ccc(-c2ccccc2)cc1)(Oc1ccccc1)Oc1ccc(-c2ccccc2)cc1,*N=P(N=P(N=P(N=P(*)(Oc1ccccc1)Oc1ccc(-c2ccccc2)cc1)(Oc1ccccc1)Oc1ccc(-c2ccccc2)cc1)(Oc1ccccc1)Oc1ccc(-c2ccccc2)cc1)(Oc1ccccc1)Oc1ccc(-c2ccccc2)cc1,*N=P(*)(Oc1ccccc1)Oc1ccc(-c2ccccc2)cc1,False,clean
"poly(2,2\uc0\u8242 -dioxy-1,1\u8242 -biphenyl)phosphazene",*N=P1(*)Oc2ccccc2-c2ccccc2O1,,,,,,,433.0,,,,,,,,,,,,,,,,,,,,,,*N=P1(N=P2(*)Oc3ccccc3-c3ccccc3O2)Oc2ccccc2-c2ccccc2O1,*N=P1(N=P2(N=P3(N=P4(*)Oc5ccccc5-c5ccccc5O4)Oc4ccccc4-c4ccccc4O3)Oc3ccccc3-c3ccccc3O2)Oc2ccccc2-c2ccccc2O1,*N=P1(*)Oc2ccccc2-c2ccccc2O1,False,clean
polyurethanes.11,*NC(=O)OCCN(CCOC(=O)Nc1ccc(C)c(*)c1)c1ccc(/N=N/c2ccc([N+](=O)[O-])cc2)c(Br)c1,,,,,,,413.0,,,,,,,,,,,,,,,,,,,,,,*NC(=O)OCCN(CCOC(=O)Nc1ccc(C)c(NC(=O)OCCN(CCOC(=O)Nc2ccc(C)c(*)c2)c2ccc(N=Nc3ccc([N+](=O)[O-])cc3)c(Br)c2)c1)c1ccc(N=Nc2ccc([N+](=O)[O-])cc2)c(Br)c1,*NC(=O)OCCN(CCOC(=O)Nc1ccc(C)c(NC(=O)OCCN(CCOC(=O)Nc2ccc(C)c(NC(=O)OCCN(CCOC(=O)Nc3ccc(C)c(NC(=O)OCCN(CCOC(=O)Nc4ccc(C)c(*)c4)c4ccc(N=Nc5ccc([N+](=O)[O-])cc5)c(Br)c4)c3)c3ccc(N=Nc4ccc([N+](=O)[O-])cc4)c(Br)c3)c2)c2ccc(N=Nc3ccc([N+](=O)[O-])cc3)c(Br)c2)c1)c1ccc(N=Nc2ccc([N+](=O)[O-])cc2)c(Br)c1,*NC(=O)OCCN(CCOC(=O)Nc1ccc(C)c(*)c1)c1ccc(/N=N/c2ccc([N+](=O)[O-])cc2)c(Br)c1,False,clean
polyphthalamide,*NCCCCCCNC(=O)c1ccc(C(=O)NCCCCCCNC(=O)c2cccc(C(*)=O)c2)cc1,,,,,,,402.65,,,,,,,,,,,,,,,,,,,,,,*NCCCCCCNC(=O)c1ccc(C(=O)NCCCCCCNC(=O)c2cccc(C(=O)NCCCCCCNC(=O)c3ccc(C(=O)NCCCCCCNC(=O)c4cccc(C(*)=O)c4)cc3)c2)cc1,*NCCCCCCNC(=O)c1ccc(C(=O)NCCCCCCNC(=O)c2cccc(C(=O)NCCCCCCNC(=O)c3ccc(C(=O)NCCCCCCNC(=O)c4cccc(C(=O)NCCCCCCNC(=O)c5ccc(C(=O)NCCCCCCNC(=O)c6cccc(C(=O)NCCCCCCNC(=O)c7ccc(C(=O)NCCCCCCNC(=O)c8cccc(C(*)=O)c8)cc7)c6)cc5)c4)cc3)c2)cc1,*NCCCCCCNC(=O)c1ccc(C(=O)NCCCCCCNC(=O)c2cccc(C(*)=O)c2)cc1,False,clean
poly(meso-dicyclohexylglycolide),*OC(C(*)=O)C1CCCCC1,,,,,,,369.0,,,,,,,,,,,,,,,,,,,,,,*OC(C(=O)OC(C(*)=O)C1CCCCC1)C1CCCCC1,*OC(C(=O)OC(C(=O)OC(C(=O)OC(C(*)=O)C1CCCCC1)C1CCCCC1)C1CCCCC1)C1CCCCC1,*OC(C(*)=O)C1CCCCC1,False,clean
polymer_tg_2,*OC(C(=O)OC(C(*)=O)C(C)C)C(C)C,,,,,,,314.0,,,,,,,,,,,,,,,,,,,,,,*OC(C(=O)OC(C(=O)OC(C(=O)OC(C(*)=O)C(C)C)C(C)C)C(C)C)C(C)C,*OC(C(=O)OC(C(=O)OC(C(=O)OC(C(=O)OC(C(=O)OC(C(=O)OC(C(=O)OC(C(*)=O)C(C)C)C(C)C)C(C)C)C(C)C)C(C)C)C(C)C)C(C)C)C(C)C,*OC(C(=O)OC(C(*)=O)C(C)C)C(C)C,False,clean
poly(tetramethyl glycolide ),*OC(C)(C)C(*)=O,,,,,,,343.0,,,,,,,,,,,,,,,,,,,,,,*OC(C)(C)C(=O)OC(C)(C)C(*)=O,*OC(C)(C)C(=O)OC(C)(C)C(=O)OC(C)(C)C(=O)OC(C)(C)C(*)=O,*OC(C)(C)C(*)=O,False,clean
polymer_tg_1,*OC(C)C(=O)OC(C)C(*)=O,,,,,,,328.0,,,,,,,,,,,,,,,,,,,,,,*OC(C)C(=O)OC(C)C(=O)OC(C)C(=O)OC(C)C(*)=O,*OC(C)C(=O)OC(C)C(=O)OC(C)C(=O)OC(C)C(=O)OC(C)C(=O)OC(C)C(=O)OC(C)C(=O)OC(C)C(*)=O,*OC(C)C(=O)OC(C)C(*)=O,False,clean
poly(DL-lactide-co-glycolide),*OC(C)C(=O)OCC(*)=O,,,,,,,323.15,,,,,,,,,,,,,,,,,,,,,,*OC(C)C(=O)OCC(=O)OC(C)C(=O)OCC(*)=O,*OC(C)C(=O)OCC(=O)OC(C)C(=O)OCC(=O)OC(C)C(=O)OCC(=O)OC(C)C(=O)OCC(*)=O,*OC(C)C(=O)OCC(*)=O,False,clean
poly(3-hydroxybutyrate-co-3-hydroxyvalerate),*OC(CC)CC(=O)OC(C)CC(*)=O,,,,,,,256.75,,,,,,,,,,,,,,,,,,,,,,*OC(CC)CC(=O)OC(C)CC(=O)OC(CC)CC(=O)OC(C)CC(*)=O,*OC(CC)CC(=O)OC(C)CC(=O)OC(CC)CC(=O)OC(C)CC(=O)OC(CC)CC(=O)OC(C)CC(=O)OC(CC)CC(=O)OC(C)CC(*)=O,*OC(CC)CC(=O)OC(C)CC(*)=O,False,clean
poly(indene carbonate)s,*OC(COCCC)C(COCCC)OC(*)=O,,,,,,,423.0,,,,,,,,,,,,,,,,,,,,,,*OC(COCCC)C(COCCC)OC(=O)OC(COCCC)C(COCCC)OC(*)=O,*OC(COCCC)C(COCCC)OC(=O)OC(COCCC)C(COCCC)OC(=O)OC(COCCC)C(COCCC)OC(=O)OC(COCCC)C(COCCC)OC(*)=O,*OC(COCCC)C(COCCC)OC(*)=O,False,clean
chitosan,*OC1OC(CO)C(*)C(O)C1N,,,,,,,440.65,,,,,,,,,,,,,,,,,,,,,,*OC1OC(CO)C(OC2OC(CO)C(*)C(O)C2N)C(O)C1N,*OC1OC(CO)C(OC2OC(CO)C(OC3OC(CO)C(OC4OC(CO)C(*)C(O)C4N)C(O)C3N)C(O)C2N)C(O)C1N,*OC1OC(CO)C(*)C(O)C1N,False,clean
cellulose nitrate,*OC1OC(CO)C(CC2OC(CO)C(*)C(O[N+](=O)[O-])C2O)C(O)C1O[N+](=O)[O-],,,,,,,332.65,,,,,,,,,,,,,,,,,,,,,,*OC1OC(CO)C(CC2OC(CO)C(OC3OC(CO)C(CC4OC(CO)C(*)C(O[N+](=O)[O-])C4O)C(O)C3O[N+](=O)[O-])C(O[N+](=O)[O-])C2O)C(O)C1O[N+](=O)[O-],*OC1OC(CO)C(CC2OC(CO)C(OC3OC(CO)C(CC4OC(CO)C(OC5OC(CO)C(CC6OC(CO)C(OC7OC(CO)C(CC8OC(CO)C(*)C(O[N+](=O)[O-])C8O)C(O)C7O[N+](=O)[O-])C(O[N+](=O)[O-])C6O)C(O)C5O[N+](=O)[O-])C(O[N+](=O)[O-])C4O)C(O)C3O[N+](=O)[O-])C(O[N+](=O)[O-])C2O)C(O)C1O[N+](=O)[O-],*OC1OC(CO)C(CC2OC(CO)C(*)C(O[N+](=O)[O-])C2O)C(O)C1O[N+](=O)[O-],False,clean
polylactide,*OCC(=O)OCC(*)=O,,,,,,,330.0,,,,,,,,,,,,,,,,,,,,,,*OCC(=O)OCC(=O)OCC(=O)OCC(*)=O,*OCC(=O)OCC(=O)OCC(=O)OCC(=O)OCC(=O)OCC(=O)OCC(=O)OCC(*)=O,*OCC(=O)OCC(*)=O,False,clean
"PMHPAC27 [Poly(5-methyl-5-(2-hydroxypropyl)aminocarbonyl-1,3-dioxan-2-one)]",*OCC(C)(COC(*)=O)C(=O)NCC(C)O,,,,,,,332.5,,,,,,,,,,,,,,,,,,,,,,*OCC(C)(COC(=O)OCC(C)(COC(*)=O)C(=O)NCC(C)O)C(=O)NCC(C)O,*OCC(C)(COC(=O)OCC(C)(COC(=O)OCC(C)(COC(=O)OCC(C)(COC(*)=O)C(=O)NCC(C)O)C(=O)NCC(C)O)C(=O)NCC(C)O)C(=O)NCC(C)O,*OCC(C)(COC(*)=O)C(=O)NCC(C)O,False,clean
alkyd resin,*OCC(COC(=O)c1ccccc1C(*)=O)OC,,,,,,,282.15,,,,,,,,,,,,,,,,,,,,,,*OCC(COC(=O)c1ccccc1C(=O)OCC(COC(=O)c1ccccc1C(*)=O)OC)OC,*OCC(COC(=O)c1ccccc1C(=O)OCC(COC(=O)c1ccccc1C(=O)OCC(COC(=O)c1ccccc1C(=O)OCC(COC(=O)c1ccccc1C(*)=O)OC)OC)OC)OC,*OCC(COC(=O)c1ccccc1C(*)=O)OC,False,clean
vinyl ester resin,*OCC(O)COc1ccc(C(C)(C)c2ccc(*)cc2)cc1,,,,,,,364.15,,,,,,,,,,,,,,,,,,,,,,*OCC(O)COc1ccc(C(C)(C)c2ccc(OCC(O)COc3ccc(C(C)(C)c4ccc(*)cc4)cc3)cc2)cc1,*OCC(O)COc1ccc(C(C)(C)c2ccc(OCC(O)COc3ccc(C(C)(C)c4ccc(OCC(O)COc5ccc(C(C)(C)c6ccc(OCC(O)COc7ccc(C(C)(C)c8ccc(*)cc8)cc7)cc6)cc5)cc4)cc3)cc2)cc1,*OCC(O)COc1ccc(C(C)(C)c2ccc(*)cc2)cc1,False,clean
Polyhydroxyalkanoate,*OCCCCCCCCC(*)=O,,,,,,,235.0,,,,,,,,,,,,,,,,,,,,,,*OCCCCCCCCC(=O)OCCCCCCCCC(*)=O,*OCCCCCCCCC(=O)OCCCCCCCCC(=O)OCCCCCCCCC(=O)OCCCCCCCCC(*)=O,*OCCCCCCCCC(*)=O,False,clean
poly(pentadecalactone),*OCCCCCCCCCCCCCCC(*)=O,,,,,,,246.0,,,,,,,,,,,,,,,,,,,,,,*OCCCCCCCCCCCCCCC(=O)OCCCCCCCCCCCCCCC(*)=O,*OCCCCCCCCCCCCCCC(=O)OCCCCCCCCCCCCCCC(=O)OCCCCCCCCCCCCCCC(=O)OCCCCCCCCCCCCCCC(*)=O,*OCCCCCCCCCCCCCCC(*)=O,False,clean
poly(ethylene glycol vinyl ether phosphotriester ),*OCCOP(*)(=O)OCCOC=C,,,,,,,234.0,,,,,,,,,,,,,,,,,,,,,,*OCCOP(=O)(OCCOC=C)OCCOP(*)(=O)OCCOC=C,*OCCOP(=O)(OCCOC=C)OCCOP(=O)(OCCOC=C)OCCOP(=O)(OCCOC=C)OCCOP(*)(=O)OCCOC=C,*OCCOP(*)(=O)OCCOC=C,False,clean
PMHS,*O[SiH](*)C,,,,,,,154.0,,,,,,,,,,,,,,,,,,,,,,*O[SiH](C)O[SiH](*)C,*O[SiH](C)O[SiH](C)O[SiH](C)O[SiH](*)C,*O[SiH](*)C,False,clean
polymethyltrifluoropropylsiloxane,*O[Si](*)(C)CCC(F)(F)F,,,,,,,202.65,,,,,,,,,,,,,,,,,,,,,,*O[Si](C)(CCC(F)(F)F)O[Si](*)(C)CCC(F)(F)F,*O[Si](C)(CCC(F)(F)F)O[Si](C)(CCC(F)(F)F)O[Si](C)(CCC(F)(F)F)O[Si](*)(C)CCC(F)(F)F,*O[Si](*)(C)CCC(F)(F)F,False,clean
Poly(methylphenylsiloxane),*O[Si](*)(C)c1ccccc1,,,,,,,187.0,,,,,,,,,,,,,,,,,,,,,,*O[Si](C)(O[Si](*)(C)c1ccccc1)c1ccccc1,*O[Si](C)(O[Si](C)(O[Si](C)(O[Si](*)(C)c1ccccc1)c1ccccc1)c1ccccc1)c1ccccc1,*O[Si](*)(C)c1ccccc1,False,clean
"Poly(2,6-dimethyl-1,4-phenylene oxide) (PPO)",*Oc1cc(C)c(O*)c(C)c1,,,,,,,440.0,,,,,,,,,,,,,,,,,,,,,,*Oc1cc(C)c(OOc2cc(C)c(O*)c(C)c2)c(C)c1,*Oc1cc(C)c(OOc2cc(C)c(OOc3cc(C)c(OOc4cc(C)c(O*)c(C)c4)c(C)c3)c(C)c2)c(C)c1,*Oc1cc(C)c(O*)c(C)c1,False,clean
Poly(phthalazinone ether)s,*Oc1ccc(-c2nn(-c3ccc(Oc4ccc(*)cc4)cc3)c(=O)c3ccccc23)cc1,,,,,,,513.0,,,,,,,,,,,,,,,,,,,,,,*Oc1ccc(-c2nn(-c3ccc(Oc4ccc(Oc5ccc(-c6nn(-c7ccc(Oc8ccc(*)cc8)cc7)c(=O)c7ccccc67)cc5)cc4)cc3)c(=O)c3ccccc23)cc1,*Oc1ccc(-c2nn(-c3ccc(Oc4ccc(Oc5ccc(-c6nn(-c7ccc(Oc8ccc(Oc9ccc(-c%10nn(-c%11ccc(Oc%12ccc(Oc%13ccc(-c%14nn(-c%15ccc(Oc%16ccc(*)cc%16)cc%15)c(=O)c%15ccccc%14%15)cc%13)cc%12)cc%11)c(=O)c%11ccccc%10%11)cc9)cc8)cc7)c(=O)c7ccccc67)cc5)cc4)cc3)c(=O)c3ccccc23)cc1,*Oc1ccc(-c2nn(-c3ccc(Oc4ccc(*)cc4)cc3)c(=O)c3ccccc23)cc1,False,clean
Poly(Bisphenol A carbonate) (PC),*Oc1ccc(C(C)(C)c2ccc(O*)cc2)cc1,,,,,,,447.0,,,,,,,,,,,,,,,,,,,,,,*Oc1ccc(C(C)(C)c2ccc(OOc3ccc(C(C)(C)c4ccc(O*)cc4)cc3)cc2)cc1,*Oc1ccc(C(C)(C)c2ccc(OOc3ccc(C(C)(C)c4ccc(OOc5ccc(C(C)(C)c6ccc(OOc7ccc(C(C)(C)c8ccc(O*)cc8)cc7)cc6)cc5)cc4)cc3)cc2)cc1,*Oc1ccc(C(C)(C)c2ccc(O*)cc2)cc1,False,clean
"poly(1,3-adamantane)s",*[C@]12C[C@]3(*)C[C@](CCCC)(C1)C[C@](CCCC)(C2)C3,,,,,,,412.0,,,,,,,,,,,,,,,,,,,,,,*C12CC3(CCCC)CC(CCCC)(C1)CC(C14CC5(*)CC(CCCC)(CC(CCCC)(C5)C1)C4)(C2)C3,*C12CC3(CCCC)CC(CCCC)(C1)CC(C14CC5(CCCC)CC(CCCC)(C1)CC(C16CC7(CCCC)CC(CCCC)(CC(C89CC%10(*)CC(CCCC)(CC(CCCC)(C%10)C8)C9)(C7)C1)C6)(C5)C4)(C2)C3,*[C@]12C[C@]3(*)C[C@](CCCC)(C1)C[C@](CCCC)(C2)C3,False,clean
polymethylphenylsilylene,*[Si](*)(C)c1ccccc1,,,,,,,244.15,,,,,,,,,,,,,,,,,,,,,,*[Si](C)(c1ccccc1)[Si](*)(C)c1ccccc1,*[Si](C)(c1ccccc1)[Si](C)(c1ccccc1)[Si](C)(c1ccccc1)[Si](*)(C)c1ccccc1,*[Si](*)(C)c1ccccc1,False,clean
"poly(1,4-phenylene)",*c1ccc(*)cc1,,,,,,,438.15,,,,,,,,,,,,,,,,,,,,,,*c1ccc(-c2ccc(*)cc2)cc1,*c1ccc(-c2ccc(-c3ccc(-c4ccc(*)cc4)cc3)cc2)cc1,*c1ccc(*)cc1,False,clean
"poly[[1,1 \'91 -biphenyl]-4,4 \'91 -diyl[2,2,2-trifluoro-1-(trifluoromethyl)ethylidene] ]",*c1ccc(-c2ccc(C(*)(C(F)(F)F)C(F)(F)F)cc2)cc1,,,,,,,528.0,,,,,,,,,,,,,,,,,,,,,,*c1ccc(-c2ccc(C(c3ccc(-c4ccc(C(*)(C(F)(F)F)C(F)(F)F)cc4)cc3)(C(F)(F)F)C(F)(F)F)cc2)cc1,*c1ccc(-c2ccc(C(c3ccc(-c4ccc(C(c5ccc(-c6ccc(C(c7ccc(-c8ccc(C(*)(C(F)(F)F)C(F)(F)F)cc8)cc7)(C(F)(F)F)C(F)(F)F)cc6)cc5)(C(F)(F)F)C(F)(F)F)cc4)cc3)(C(F)(F)F)C(F)(F)F)cc2)cc1,*c1ccc(-c2ccc(C(*)(C(F)(F)F)C(F)(F)F)cc2)cc1,False,clean
"poly(9,9-dioctylfluorene)",*c1ccc2c(c1)C(CCCCCCCC)(CCCCCCCC)c1cc(*)ccc1-2,,,,,,,348.0,,,,,,,,,,,,,,,,,,,,,,*c1ccc2c(c1)C(CCCCCCCC)(CCCCCCCC)c1cc(-c3ccc4c(c3)C(CCCCCCCC)(CCCCCCCC)c3cc(*)ccc3-4)ccc1-2,*c1ccc2c(c1)C(CCCCCCCC)(CCCCCCCC)c1cc(-c3ccc4c(c3)C(CCCCCCCC)(CCCCCCCC)c3cc(-c5ccc6c(c5)C(CCCCCCCC)(CCCCCCCC)c5cc(-c7ccc8c(c7)C(CCCCCCCC)(CCCCCCCC)c7cc(*)ccc7-8)ccc5-6)ccc3-4)ccc1-2,*c1ccc2c(c1)C(CCCCCCCC)(CCCCCCCC)c1cc(*)ccc1-2,False,clean
"Poly(N-arylcarbazol-2,7-ylene)",*c1ccc2c3ccc(*)cc3n(-c3ccc(OCC(CC)CCCC)cc3)c2c1,,,,,,,423.0,,,,,,,,,,,,,,,,,,,,,,*c1ccc2c3ccc(-c4ccc5c6ccc(*)cc6n(-c6ccc(OCC(CC)CCCC)cc6)c5c4)cc3n(-c3ccc(OCC(CC)CCCC)cc3)c2c1,*c1ccc2c3ccc(-c4ccc5c6ccc(-c7ccc8c9ccc(-c%10ccc%11c%12ccc(*)cc%12n(-c%12ccc(OCC(CC)CCCC)cc%12)c%11c%10)cc9n(-c9ccc(OCC(CC)CCCC)cc9)c8c7)cc6n(-c6ccc(OCC(CC)CCCC)cc6)c5c4)cc3n(-c3ccc(OCC(CC)CCCC)cc3)c2c1,*c1ccc2c3ccc(*)cc3n(-c3ccc(OCC(CC)CCCC)cc3)c2c1,False,clean
"poly(thieno[3,4-b]pyrazine)s",*c1sc(*)c2nc(CCCCCC)c(CCCCCC)nc12,,,,,,,369.0,,,,,,,,,,,,,,,,,,,,,,*c1sc(-c2sc(*)c3nc(CCCCCC)c(CCCCCC)nc23)c2nc(CCCCCC)c(CCCCCC)nc12,*c1sc(-c2sc(-c3sc(-c4sc(*)c5nc(CCCCCC)c(CCCCCC)nc45)c4nc(CCCCCC)c(CCCCCC)nc34)c3nc(CCCCCC)c(CCCCCC)nc23)c2nc(CCCCCC)c(CCCCCC)nc12,*c1sc(*)c2nc(CCCCCC)c(CCCCCC)nc12,False,clean
High-density polyethylene (HDPE),C(C[*:2])[*:1],,,,,,,148.0,,,,,,,,,,,,,,,,,,,,,,*CCCC*,*CCCCCCCC*,C(C[*:2])[*:1],False,clean
Polydimethylsiloxane (PDMS),C[Si](C)(O[*:2])[*:1],,,,,,,146.0,,,,,,,,,,,,,,,,,,,,,,*O[Si](C)(C)O[Si](*)(C)C,*O[Si](C)(C)O[Si](C)(C)O[Si](C)(C)O[Si](*)(C)C,C[Si](C)(O[*:2])[*:1],False,clean
PCN,C[Si]([*])(CCCC#N)[*],2.686597222,,0.00113,617.15,7.215,,527.35,,168.0,,,,,598.15,,,1.83,,0.2525,35.458,602.15,,65.95555556,,9427.5,,,,*O[Si](C)(CCCC#N)O[Si](*)(C)CCCC#N,*O[Si](C)(CCCC#N)O[Si](C)(CCCC#N)O[Si](C)(CCCC#N)O[Si](*)(C)CCCC#N,*O[Si](*)(C)CCCC#N,True,deletion
PFO,[*]C1=CC(CCCCCCC)=C(C2=C(CCCCCCCC)C=C([*])C=C2)C=C1,2.932222222,,,408.8642857,,,339.95,,,,,,,428.4833333,,,1.695,,3.15,42.0,673.8166667,308.65,124.75,,12947.33333,,,,*c1ccc(-c2ccc(-c3ccc(-c4ccc(*)cc4CCCCCCCC)c(CCCCCCCC)c3)cc2CCCCCCCC)c(CCCCCCCC)c1,*c1ccc(-c2ccc(-c3ccc(-c4ccc(-c5ccc(-c6ccc(-c7ccc(-c8ccc(*)cc8CCCCCCCC)c(CCCCCCCC)c7)cc6CCCCCCCC)c(CCCCCCCC)c5)cc4CCCCCCCC)c(CCCCCCCC)c3)cc2CCCCCCCC)c(CCCCCCCC)c1,*c1ccc(-c2ccc(*)cc2CCCCCCCC)c(CCCCCCCC)c1,True,deletion
Poly(2-methoxyethyl acrylate),*CC(*)C(=O)OCOC,,,,,,,223.0,,,,,,,,,,,,,,,,,,,,,,*CC(CC(*)C(=O)OCCOC)C(=O)OCCOC,*CC(CC(CC(CC(*)C(=O)OCCOC)C(=O)OCCOC)C(=O)OCCOC)C(=O)OCCOC,*CC(*)C(=O)OCCOC,True,deletion
poly(N-isopropylacrylamide),*CC(*)(C)C(O)NC(C)C,,,,,,,408.0,,,,,,,,,,,,,,,,,,,,,,*CC(C)(CC(*)(C)C(=O)NC(C)C)C(=O)NC(C)C,*CC(C)(CC(C)(CC(C)(CC(*)(C)C(=O)NC(C)C)C(=O)NC(C)C)C(=O)NC(C)C)C(=O)NC(C)C,*CC(*)(C)C(=O)NC(C)C,True,deletion
isotactic Poly(isopropyl acrylate),*CC(*)C(O)OC(C)C,,,,,,,262.0,,,,,,,,,,,,,,,,,,,,,,*CC(CC(*)C(=O)OC(C)C)C(=O)OC(C)C,*CC(CC(CC(CC(*)C(=O)OC(C)C)C(=O)OC(C)C)C(=O)OC(C)C)C(=O)OC(C)C,*CC(*)C(=O)OC(C)C,True,deletion
Poly(vinyl propionate),*C(*)OC(=O)CC,,,,,,,283.0,,,,,,,,,,,,,,,,,,,,,,*CC(CC(*)OC(=O)CC)OC(=O)CC,*CC(CC(CC(CC(*)OC(=O)CC)OC(=O)CC)OC(=O)CC)OC(=O)CC,*CC(*)OC(=O)CC,True,deletion
isotactic-polypropylene,*CC(C)C(*)C,,,,,,,263.15,,,,,,,,,,,,,,,,,,,,,,*CC(C)CC(C)CC(C)CC(*)C,*CC(C)CC(C)CC(C)CC(C)CC(C)CC(C)CC(C)CC(*)C,*CC(C)CC(*)C,True,deletion
"poly(1,3-adamantane)s",*[C@]12C[C@]3(*)C[C@](CCCC)(C1)C[C@](CCC)(C2)C3,,,,,,,412.0,,,,,,,,,,,,,,,,,,,,,,*C12CC3(CCCC)CC(CCCC)(C1)CC(C14CC5(*)CC(CCCC)(CC(CCCC)(C5)C1)C4)(C2)C3,*C12CC3(CCCC)CC(CCCC)(C1)CC(C14CC5(CCCC)CC(CCCC)(C1)CC(C16CC7(CCCC)CC(CCCC)(CC(C89CC%10(*)CC(CCCC)(CC(CCCC)(C%10)C8)C9)(C7)C1)C6)(C5)C4)(C2)C3,*[C@]12C[C@]3(*)C[C@](CCCC)(C1)C[C@](CCCC)(C2)C3,True,deletion
cyanoacrylate,*CC(*)(C#N)C(O)OCC,,,,,,,358.15,,,,,,,,,,,,,,,,,,,,,,*CC(C#N)(CC(*)(C#N)C(=O)OCC)C(=O)OCC,*CC(C#N)(CC(C#N)(CC(C#N)(CC(*)(C#N)C(=O)OCC)C(=O)OCC)C(=O)OCC)C(=O)OCC,*CC(*)(C#N)C(=O)OCC,True,deletion
Poly(vinyl trifluoroacetate),*CC(*)OC(=O)C(F)(F),,,,,,,319.0,,,,,,,,,,,,,,,,,,,,,,*CC(CC(*)OC(=O)C(F)(F)F)OC(=O)C(F)(F)F,*CC(CC(CC(CC(*)OC(=O)C(F)(F)F)OC(=O)C(F)(F)F)OC(=O)C(F)(F)F)OC(=O)C(F)(F)F,*CC(*)OC(=O)C(F)(F)F,True,deletion
Poly(hexyl acrylate),*CC(*)C(=O)OCCCCC,,,,,,,216.0,,,,,,,,,,,,,,,,,,,,,,*CC(CC(*)C(=O)OCCCCCC)C(=O)OCCCCCC,*CC(CC(CC(CC(*)C(=O)OCCCCCC)C(=O)OCCCCCC)C(=O)OCCCCCC)C(=O)OCCCCCC,*CC(*)C(=O)OCCCCCC,True,deletion
Poly[2-(diethylamino)ethyl methacrylate],*CC(*)(C)C(=O)OCN(CC)CC,,,,,,,293.0,,,,,,,,,,,,,,,,,,,,,,*CC(C)(CC(*)(C)C(=O)OCCN(CC)CC)C(=O)OCCN(CC)CC,*CC(C)(CC(C)(CC(C)(CC(*)(C)C(=O)OCCN(CC)CC)C(=O)OCCN(CC)CC)C(=O)OCCN(CC)CC)C(=O)OCCN(CC)CC,*CC(*)(C)C(=O)OCCN(CC)CC,True,deletion
Poly(ethyl vinyl ether),*CC(*)OC,,,,,,,230.0,,,,,,,,,,,,,,,,,,,,,,*CC(CC(*)OCC)OCC,*CC(CC(CC(CC(*)OCC)OCC)OCC)OCC,*CC(*)OCC,True,deletion
poly(ethylene-co-methyl acrylate),*CCC(*)C(=O)OC,,,,,,,240.45,,,,,,,,,,,,,,,,,,,,,,*CCCC(CCCC(*)C(=O)OC)C(=O)OC,*CCCC(CCCC(CCCC(CCCC(*)C(=O)OC)C(=O)OC)C(=O)OC)C(=O)OC,*CCCC(*)C(=O)OC,True,deletion
polylactide,*OCC(=O)OC(*)=O,,,,,,,330.0,,,,,,,,,,,,,,,,,,,,,,*OCC(=O)OCC(=O)OCC(=O)OCC(*)=O,*OCC(=O)OCC(=O)OCC(=O)OCC(=O)OCC(=O)OCC(=O)OCC(=O)OCC(*)=O,*OCC(=O)OCC(*)=O,True,deletion
Poly(octadecyl methacrylate),*CC(*)(C)C(=O)OCCCCCCCCCCCCCCCCC,,,,,,,173.0,,,,,,,,,,,,,,,,,,,,,,*CC(C)(CC(*)(C)C(=O)OCCCCCCCCCCCCCCCCCC)C(=O)OCCCCCCCCCCCCCCCCCC,*CC(C)(CC(C)(CC(C)(CC(*)(C)C(=O)OCCCCCCCCCCCCCCCCCC)C(=O)OCCCCCCCCCCCCCCCCCC)C(=O)OCCCCCCCCCCCCCCCCCC)C(=O)OCCCCCCCCCCCCCCCCCC,*CC(*)(C)C(=O)OCCCCCCCCCCCCCCCCCC,True,deletion
styrene-ethylene-butylene-styrene triblock copolymer,*C(CCCCCC(CC)CC(*)c1ccccc1)c1ccccc1,,,,,,,216.65,,,,,,,,,,,,,,,,,,,,,,*CC(CCCCCC(CC)CC(CC(CCCCCC(CC)CC(*)c1ccccc1)c1ccccc1)c1ccccc1)c1ccccc1,*CC(CCCCCC(CC)CC(CC(CCCCCC(CC)CC(CC(CCCCCC(CC)CC(CC(CCCCCC(CC)CC(*)c1ccccc1)c1ccccc1)c1ccccc1)c1ccccc1)c1ccccc1)c1ccccc1)c1ccccc1)c1ccccc1,*CC(CCCCCC(CC)CC(*)c1ccccc1)c1ccccc1,True,deletion
poly(vinylcyclohexane),*C(*)C1CCCCC1,,,,,,,420.0,,,,,,,,,,,,,,,,,,,,,,*CC(CC(*)C1CCCCC1)C1CCCCC1,*CC(CC(CC(CC(*)C1CCCCC1)C1CCCCC1)C1CCCCC1)C1CCCCC1,*CC(*)C1CCCCC1,True,deletion
Poly(vinyl malonate),*CC(*)OC(=O)CC(=O),,,,,,,244.0,,,,,,,,,,,,,,,,,,,,,,*CC(CC(*)OC(=O)CC(=O)[O-])OC(=O)CC(=O)[O-],*CC(CC(CC(CC(*)OC(=O)CC(=O)[O-])OC(=O)CC(=O)[O-])OC(=O)CC(=O)[O-])OC(=O)CC(=O)[O-],*CC(*)OC(=O)CC(=O)[O-],True,deletion
poly(vinyl fluoride),*C(*)F,,,,,,,310.075,,,,,,,,,,,,,,,,,,,,,,*CC(F)CC(*)F,*CC(F)CC(F)CC(F)CC(*)F,*CC(*)F,True,deletion
Poly[2-(tert-butylamino)ethyl methacrylate],*C(*)(C)C(=O)OCCNC(C)(C)C,,,,,,,306.0,,,,,,,,,,,,,,,,,,,,,,*CC(C)(CC(*)(C)C(=O)OCCNC(C)(C)C)C(=O)OCCNC(C)(C)C,*CC(C)(CC(C)(CC(C)(CC(*)(C)C(=O)OCCNC(C)(C)C)C(=O)OCCNC(C)(C)C)C(=O)OCCNC(C)(C)C)C(=O)OCCNC(C)(C)C,*CC(*)(C)C(=O)OCCNC(C)(C)C,True,deletion
"poly(1,3-adamantane)s",*[C@]12[C@]3(*)C[C@](CCCC)(C1)C[C@](CCCC)(C2)C3,,,,,,,412.0,,,,,,,,,,,,,,,,,,,,,,*C12CC3(CCCC)CC(CCCC)(C1)CC(C14CC5(*)CC(CCCC)(CC(CCCC)(C5)C1)C4)(C2)C3,*C12CC3(CCCC)CC(CCCC)(C1)CC(C14CC5(CCCC)CC(CCCC)(C1)CC(C16CC7(CCCC)CC(CCCC)(CC(C89CC%10(*)CC(CCCC)(CC(CCCC)(C%10)C8)C9)(C7)C1)C6)(C5)C4)(C2)C3,*[C@]12C[C@]3(*)C[C@](CCCC)(C1)C[C@](CCCC)(C2)C3,True,deletion
MEH-PPV,[*]C1=C(OC)C=C(C=C/[*])C(OCC(CC)CCCC)=C1,2.144081633,,,458.15,,,343.0670213,,370.0,,,,,411.65,,,1.6485,,,,614.5875,,89.775,,9300.0,,,,*C=Cc1cc(OC)c(C=Cc2cc(OC)c(*)cc2OCC(CC)CCCC)cc1OCC(CC)CCCC,*C=Cc1cc(OC)c(C=Cc2cc(OC)c(C=Cc3cc(OC)c(C=Cc4cc(OC)c(*)cc4OCC(CC)CCCC)cc3OCC(CC)CCCC)cc2OCC(CC)CCCC)cc1OCC(CC)CCCC,*/C=C/c1cc(OC)c(*)cc1OCC(CC)CCCC,True,deletion
Poly(4-methoxystyrene),*C(*)c1ccc(OC)cc1,,,,,,,386.0,,,,,,,,,,,,,,,,,,,,,,*CC(CC(*)c1ccc(OC)cc1)c1ccc(OC)cc1,*CC(CC(CC(CC(*)c1ccc(OC)cc1)c1ccc(OC)cc1)c1ccc(OC)cc1)c1ccc(OC)cc1,*CC(*)c1ccc(OC)cc1,True,deletion
Poly(cyclohexyl methacrylate),*CC(*)(C)C(=O)OC1CCCC1,,,,,,,365.0,,,,,,,,,,,,,,,,,,,,,,*CC(C)(CC(*)(C)C(=O)OC1CCCCC1)C(=O)OC1CCCCC1,*CC(C)(CC(C)(CC(C)(CC(*)(C)C(=O)OC1CCCCC1)C(=O)OC1CCCCC1)C(=O)OC1CCCCC1)C(=O)OC1CCCCC1,*CC(*)(C)C(=O)OC1CCCCC1,True,deletion
Poly(trimethylsilyl methacrylate),*CC(*)(C)C(=O)O[Si](C)(C),,,,,,,341.0,,,,,,,,,,,,,,,,,,,,,,*CC(C)(CC(*)(C)C(=O)O[Si](C)(C)C)C(=O)O[Si](C)(C)C,*CC(C)(CC(C)(CC(C)(CC(*)(C)C(=O)O[Si](C)(C)C)C(=O)O[Si](C)(C)C)C(=O)O[Si](C)(C)C)C(=O)O[Si](C)(C)C,*CC(*)(C)C(=O)O[Si](C)(C)C,True,deletion
polynorbornene,*C1C2CCC(C2)1*,,,,,,,313.15,,,,,,,,,,,,,,,,,,,,,,*C1C2CCC(C2)C1C1C2CCC(C2)C1*,*C1C2CCC(C2)C1C1C2CCC(C2)C1C1C2CCC(C2)C1C1C2CCC(C2)C1*,*C1C2CCC(C2)C1*,True,deletion
isotactic Poly(isopropyl acrylate),*CC(*)C(=O)C(C)C,,,,,,,262.0,,,,,,,,,,,,,,,,,,,,,,*CC(CC(*)C(=O)OC(C)C)C(=O)OC(C)C,*CC(CC(CC(CC(*)C(=O)OC(C)C)C(=O)OC(C)C)C(=O)OC(C)C)C(=O)OC(C)C,*CC(*)C(=O)OC(C)C,True,deletion
PBS,[*]OCCCOC(CCC([*])=O)=O,0.895140244,,9.3875,385.6441176,190.5156716,34.33791667,243.1226797,,115.75,9.351428571,,25.03148148,473.15,386.8413011,,,1.642071429,217.5,0.6275,34.79211268,634.0678571,,76.67777778,5.351888889,547.6591837,,,,*OCCCCOC(=O)CCC(=O)OCCCCOC(=O)CCC(*)=O,*OCCCCOC(=O)CCC(=O)OCCCCOC(=O)CCC(=O)OCCCCOC(=O)CCC(=O)OCCCCOC(=O)CCC(*)=O,*OCCCCOC(=O)CCC(*)=O,True,deletion
Poly(4-bromostyrene),*C(*)c1ccc(Br)cc1,,,,,,,391.0,,,,,,,,,,,,,,,,,,,,,,*CC(CC(*)c1ccc(Br)cc1)c1ccc(Br)cc1,*CC(CC(CC(CC(*)c1ccc(Br)cc1)c1ccc(Br)cc1)c1ccc(Br)cc1)c1ccc(Br)cc1,*CC(*)c1ccc(Br)cc1,True,deletion
Poly(isobutyl vinyl ether),*C(*)OCC(C)C,,,,,,,254.0,,,,,,,,,,,,,,,,,,,,,,*CC(CC(*)OCC(C)C)OCC(C)C,*CC(CC(CC(CC(*)OCC(C)C)OCC(C)C)OCC(C)C)OCC(C)C,*CC(*)OCC(C)C,True,deletion
Polydimethylsiloxane (PDMS),[Si](C)(O[*:2])[*:1],,,,,,,146.0,,,,,,,,,,,,,,,,,,,,,,*O[Si](C)(C)O[Si](*)(C)C,*O[Si](C)(C)O[Si](C)(C)O[Si](C)(C)O[Si](*)(C)C,C[Si](C)(O[*:2])[*:1],True,deletion
MEH-PPV,[*]C1=C(OC)CC(/C=C/[*])C(OCC(CC)CCCC)=C1,2.144081633,,,458.15,,,343.0670213,,370.0,,,,,411.65,,,1.6485,,,,614.5875,,89.775,,9300.0,,,,*C=Cc1cc(OC)c(C=Cc2cc(OC)c(*)cc2OCC(CC)CCCC)cc1OCC(CC)CCCC,*C=Cc1cc(OC)c(C=Cc2cc(OC)c(C=Cc3cc(OC)c(C=Cc4cc(OC)c(*)cc4OCC(CC)CCCC)cc3OCC(CC)CCCC)cc2OCC(CC)CCCC)cc1OCC(CC)CCCC,*/C=C/c1cc(OC)c(*)cc1OCC(CC)CCCC,True,deletion
Poly-PhNDI,*=CC1CC(C=*)C2C(O)N(c3ccccc3)C(=O)C12,,,,,,,495.0,,,,,,,,,,,,,,,,,,,,,,*CC1CC(CCC2CC(C*)C3C(=O)N(c4ccccc4)C(=O)C23)C2C(=O)N(c3ccccc3)C(=O)C12,*CC1CC(CCC2CC(CCC3CC(CCC4CC(C*)C5C(=O)N(c6ccccc6)C(=O)C45)C4C(=O)N(c5ccccc5)C(=O)C34)C3C(=O)N(c4ccccc4)C(=O)C23)C2C(=O)N(c3ccccc3)C(=O)C12,*=CC1CC(C=*)C2C(=O)N(c3ccccc3)C(=O)C12,True,deletion
poly(ethyl acrylate-co-methyl methacrylate-co-triammonioethyl methacrylate chloride),*CC(CC(C)(CC(*)(C)C(=O)OCC[N+](C)(C)C)C(=O)O)C(=O)OCC.[Cl-],,,,,,,333.15,,,,,,,,,,,,,,,,,,,,,,*CC(CC(C)(CC(C)(CC(CC(C)(CC(*)(C)C(=O)OCC[N+](C)(C)C)C(=O)OC)C(=O)OCC)C(=O)OCC[N+](C)(C)C)C(=O)OC)C(=O)OCC.[Cl-].[Cl-],*CC(CC(C)(CC(C)(CC(CC(C)(CC(C)(CC(CC(C)(CC(C)(CC(CC(C)(CC(*)(C)C(=O)OCC[N+](C)(C)C)C(=O)OC)C(=O)OCC)C(=O)OCC[N+](C)(C)C)C(=O)OC)C(=O)OCC)C(=O)OCC[N+](C)(C)C)C(=O)OC)C(=O)OCC)C(=O)OCC[N+](C)(C)C)C(=O)OC)C(=O)OCC.[Cl-].[Cl-].[Cl-].[Cl-],*CC(CC(C)(CC(*)(C)C(=O)OCC[N+](C)(C)C)C(=O)OC)C(=O)OCC.[Cl-],True,deletion
poly(p-methylstyrene),*C(*)c1ccc(C)cc1,,,,,,,373.325,,,,,,,,,,,,,,,,,,,,,,*CC(CC(*)c1ccc(C)cc1)c1ccc(C)cc1,*CC(CC(CC(CC(*)c1ccc(C)cc1)c1ccc(C)cc1)c1ccc(C)cc1)c1ccc(C)cc1,*CC(*)c1ccc(C)cc1,True,deletion
polymer_tg_2,*C(C(=O)OC(C(*)=O)C(C)C)C(C)C,,,,,,,314.0,,,,,,,,,,,,,,,,,,,,,,*OC(C(=O)OC(C(=O)OC(C(=O)OC(C(*)=O)C(C)C)C(C)C)C(C)C)C(C)C,*OC(C(=O)OC(C(=O)OC(C(=O)OC(C(=O)OC(C(=O)OC(C(=O)OC(C(=O)OC(C(*)=O)C(C)C)C(C)C)C(C)C)C(C)C)C(C)C)C(C)C)C(C)C)C(C)C,*OC(C(=O)OC(C(*)=O)C(C)C)C(C)C,True,deletion
polymer_tg_2,*OC(C(=O)OC(C(*)=O)(C)C)C(C)C,,,,,,,314.0,,,,,,,,,,,,,,,,,,,,,,*OC(C(=O)OC(C(=O)OC(C(=O)OC(C(*)=O)C(C)C)C(C)C)C(C)C)C(C)C,*OC(C(=O)OC(C(=O)OC(C(=O)OC(C(=O)OC(C(=O)OC(C(=O)OC(C(=O)OC(C(*)=O)C(C)C)C(C)C)C(C)C)C(C)C)C(C)C)C(C)C)C(C)C)C(C)C,*OC(C(=O)OC(C(*)=O)C(C)C)C(C)C,True,deletion
poly(styrene-co-α-methylstyrene),*C(CC(*)(C)c1ccccc1)c1ccccc1,,,,,,,320.65,,,,,,,,,,,,,,,,,,,,,,*CC(CC(C)(CC(CC(*)(C)c1ccccc1)c1ccccc1)c1ccccc1)c1ccccc1,*CC(CC(C)(CC(CC(C)(CC(CC(C)(CC(CC(*)(C)c1ccccc1)c1ccccc1)c1ccccc1)c1ccccc1)c1ccccc1)c1ccccc1)c1ccccc1)c1ccccc1,*CC(CC(*)(C)c1ccccc1)c1ccccc1,True,deletion
"Poly(1,2-epoxyoctane)",*CCCCCCCC*,,,,,,,206.0,,,,,,,,,,,,,,,,,,,,,,*CCCCCCCOCCCCCCCCOC*,*CCCCCCCOCCCCCCCCOCCCCCCCCOCCCCCCCCOC*,*CCCCCCCOC*,True,deletion
"Poly(1,2-epoxyoctane)",*CCCCCCOC*,,,,,,,206.0,,,,,,,,,,,,,,,,,,,,,,*CCCCCCCOCCCCCCCCOC*,*CCCCCCCOCCCCCCCCOCCCCCCCCOCCCCCCCCOC*,*CCCCCCCOC*,True,deletion
Poly(vinyl adipate),*CC(*)OC(=O)CCCC(=O)[O-],,,,,,,228.0,,,,,,,,,,,,,,,,,,,,,,*CC(CC(*)OC(=O)CCCCC(=O)[O-])OC(=O)CCCCC(=O)[O-],*CC(CC(CC(CC(*)OC(=O)CCCCC(=O)[O-])OC(=O)CCCCC(=O)[O-])OC(=O)CCCCC(=O)[O-])OC(=O)CCCCC(=O)[O-],*CC(*)OC(=O)CCCCC(=O)[O-],True,deletion
very highly branched polyethylene,*CCC(*)CCCCCC,,,,,,,232.65,,,,,,,,,,,,,,,,,,,,,,*CCC(CCCCCC)CCCC(C*)CCCCCC,*CCC(CCCCCC)CCCC(CCCCCC)CCCC(CCCCCC)CCCC(C*)CCCCCC,*CCC(C*)CCCCCC,True,deletion
Poly(cyclohexyl methacrylate),*CC(*)(C)C(=O)C1CCCCC1,,,,,,,365.0,,,,,,,,,,,,,,,,,,,,,,*CC(C)(CC(*)(C)C(=O)OC1CCCCC1)C(=O)OC1CCCCC1,*CC(C)(CC(C)(CC(C)(CC(*)(C)C(=O)OC1CCCCC1)C(=O)OC1CCCCC1)C(=O)OC1CCCCC1)C(=O)OC1CCCCC1,*CC(*)(C)C(=O)OC1CCCCC1,True,deletion
"PMHPAC27 [Poly(5-methyl-5-(2-hydroxypropyl)aminocarbonyl-1,3-dioxan-2-one)]",*OCC(C)(COC(*)=O)C(=O)NC(C)O,,,,,,,332.5,,,,,,,,,,,,,,,,,,,,,,*OCC(C)(COC(=O)OCC(C)(COC(*)=O)C(=O)NCC(C)O)C(=O)NCC(C)O,*OCC(C)(COC(=O)OCC(C)(COC(=O)OCC(C)(COC(=O)OCC(C)(COC(*)=O)C(=O)NCC(C)O)C(=O)NCC(C)O)C(=O)NCC(C)O)C(=O)NCC(C)O,*OCC(C)(COC(*)=O)C(=O)NCC(C)O,True,deletion
poly(ethylene-co-chlorotrifl uoroethylene),*CC(F)(Cl)C(*)(F)F,,,,,,,347.15,,,,,,,,,,,,,,,,,,,,,,*CCC(F)(Cl)C(F)(F)CCC(F)(Cl)C(*)(F)F,*CCC(F)(Cl)C(F)(F)CCC(F)(Cl)C(F)(F)CCC(F)(Cl)C(F)(F)CCC(F)(Cl)C(*)(F)F,*CCC(F)(Cl)C(*)(F)F,True,deletion
poly(ethyl acrylate ),*C(*)C(=O)OCC,,,,,,,250.0,,,,,,,,,,,,,,,,,,,,,,*CC(CC(*)C(=O)OCC)C(=O)OCC,*CC(CC(CC(CC(*)C(=O)OCC)C(=O)OCC)C(=O)OCC)C(=O)OCC,*CC(*)C(=O)OCC,True,deletion
Poly(bismethoxyphosphazene),*N=P(*)(C)OC,,,,,,,202.2,,,,,,,,,,,,,,,,,,,,,,*N=P(N=P(*)(OC)OC)(OC)OC,*N=P(N=P(N=P(N=P(*)(OC)OC)(OC)OC)(OC)OC)(OC)OC,*N=P(*)(OC)OC,True,deletion
poly(methyl acrylate),*CC(*)C(O)OC,,,,,,,281.825,,,,,,,,,,,,,,,,,,,,,,*CC(CC(*)C(=O)OC)C(=O)OC,*CC(CC(CC(CC(*)C(=O)OC)C(=O)OC)C(=O)OC)C(=O)OC,*CC(*)C(=O)OC,True,deletion
Poly(vinyl pivalate),*C(*)OC(=O)C(C)(C)C,,,,,,,359.0,,,,,,,,,,,,,,,,,,,,,,*CC(CC(*)OC(=O)C(C)(C)C)OC(=O)C(C)(C)C,*CC(CC(CC(CC(*)OC(=O)C(C)(C)C)OC(=O)C(C)(C)C)OC(=O)C(C)(C)C)OC(=O)C(C)(C)C,*CC(*)OC(=O)C(C)(C)C,True,deletion
Poly(sec-butyl acrylate),*C(*)C(=O)OC(C)CC,,,,,,,247.0,,,,,,,,,,,,,,,,,,,,,,*CC(CC(*)C(=O)OC(C)CC)C(=O)OC(C)CC,*CC(CC(CC(CC(*)C(=O)OC(C)CC)C(=O)OC(C)CC)C(=O)OC(C)CC)C(=O)OC(C)CC,*CC(*)C(=O)OC(C)CC,True,deletion
Poly(vinyl adipate),*C(*)OC(=O)CCCCC(=O)[O-],,,,,,,228.0,,,,,,,,,,,,,,,,,,,,,,*CC(CC(*)OC(=O)CCCCC(=O)[O-])OC(=O)CCCCC(=O)[O-],*CC(CC(CC(CC(*)OC(=O)CCCCC(=O)[O-])OC(=O)CCCCC(=O)[O-])OC(=O)CCCCC(=O)[O-])OC(=O)CCCCC(=O)[O-],*CC(*)OC(=O)CCCCC(=O)[O-],True,deletion
Poly(dodecyl methacrylate),*CC(*)(C)C(O)OCCCCCCCCCCCC,,,,,,,209.5,,,,,,,,,,,,,,,,,,,,,,*CC(C)(CC(*)(C)C(=O)OCCCCCCCCCCCC)C(=O)OCCCCCCCCCCCC,*CC(C)(CC(C)(CC(C)(CC(*)(C)C(=O)OCCCCCCCCCCCC)C(=O)OCCCCCCCCCCCC)C(=O)OCCCCCCCCCCCC)C(=O)OCCCCCCCCCCCC,*CC(*)(C)C(=O)OCCCCCCCCCCCC,True,deletion
Poly(isobutyl vinyl ether),*CC(*)CC(C)C,,,,,,,254.0,,,,,,,,,,,,,,,,,,,,,,*CC(CC(*)OCC(C)C)OCC(C)C,*CC(CC(CC(CC(*)OCC(C)C)OCC(C)C)OCC(C)C)OCC(C)C,*CC(*)OCC(C)C,True,deletion
poly(\uc0\u945 -methylstyrene),*C(*)(C)c1ccccc1,,,,,,,369.5,,,,,,,,,,,,,,,,,,,,,,*CC(C)(CC(*)(C)c1ccccc1)c1ccccc1,*CC(C)(CC(C)(CC(C)(CC(*)(C)c1ccccc1)c1ccccc1)c1ccccc1)c1ccccc1,*CC(*)(C)c1ccccc1,True,deletion
cyclic olefin copolymer,*CCC12CCC(C2)C1*,,,,,,,392.65,,,,,,,,,,,,,,,,,,,,,,*CCC1C2CCC(C2)C1CCC1C2CCC(C2)C1*,*CCC1C2CCC(C2)C1CCC1C2CCC(C2)C1CCC1C2CCC(C2)C1CCC1C2CCC(C2)C1*,*CCC1C2CCC(C2)C1*,True,deletion
PA12,[*]NCCCCCCCCCCCC([*])O,,,773.0,422.8154545,206.6090909,58.0,319.204,,,30.575,,,,452.7014925,,,,,0.472666667,47.172,634.8485714,,77.68,1.0,1130.415385,,,,*NCCCCCCCCCCCC(=O)NCCCCCCCCCCCC(*)=O,*NCCCCCCCCCCCC(=O)NCCCCCCCCCCCC(=O)NCCCCCCCCCCCC(=O)NCCCCCCCCCCCC(*)=O,*NCCCCCCCCCCCC(*)=O,True,deletion
ethylene-vinyl alcohol copolymer,*CC(O)C*,,,,,,,331.15,,,,,,,,,,,,,,,,,,,,,,*CCC(O)CCCC(O)C*,*CCC(O)CCCC(O)CCCC(O)CCCC(O)C*,*CCC(O)C*,True,deletion
PPV,[*]/C=C/C1=CCC([*])C=C1,2.381037736,,,397.75,,,390.2394737,,82.68333333,,0.91,,,454.15,,,1.875,,,39.9,611.15,,131.0,19.1,10876.77778,,,,*C=Cc1ccc(C=Cc2ccc(*)cc2)cc1,*C=Cc1ccc(C=Cc2ccc(C=Cc3ccc(C=Cc4ccc(*)cc4)cc3)cc2)cc1,*/C=C/c1ccc(*)cc1,True,deletion
polyacrylonitrile,*C(*)C#C,,,,,,,393.0,,,,,,,,,,,,,,,,,,,,,,*CC(C#C)CC(*)C#C,*CC(C#C)CC(C#C)CC(C#C)CC(*)C#C,*CC(*)C#C,True,deletion
Polydimethylsiloxane (PDMS),C(C)(O[*:2])[*:1],,,,,,,146.0,,,,,,,,,,,,,,,,,,,,,,*O[Si](C)(C)O[Si](*)(C)C,*O[Si](C)(C)O[Si](C)(C)O[Si](C)(C)O[Si](*)(C)C,C[Si](C)(O[*:2])[*:1],True,deletion
starch,OC1C([*])C(CO)C(O[*])C1O,,,7.226,,74.46702703,45.695,332.2517188,,838.3333333,12.29666667,,30.93333333,303.0875,442.08,,,1.492636364,61.364,,10.31629787,572.8324138,,63.8527907,34.90230769,371.8271429,,,,*OC1OC(CO)C(OC2OC(CO)C(*)C(O)C2O)C(O)C1O,*OC1OC(CO)C(OC2OC(CO)C(OC3OC(CO)C(OC4OC(CO)C(*)C(O)C4O)C(O)C3O)C(O)C2O)C(O)C1O,*OC1OC(CO)C(*)C(O)C1O,True,deletion
polylactide,*OCC(=O)OCC(*)O,,,,,,,330.0,,,,,,,,,,,,,,,,,,,,,,*OCC(=O)OCC(=O)OCC(=O)OCC(*)=O,*OCC(=O)OCC(=O)OCC(=O)OCC(=O)OCC(=O)OCC(=O)OCC(=O)OCC(*)=O,*OCC(=O)OCC(*)=O,True,deletion
Poly(hexyl acrylate),*C(*)C(=O)OCCCCCC,,,,,,,216.0,,,,,,,,,,,,,,,,,,,,,,*CC(CC(*)C(=O)OCCCCCC)C(=O)OCCCCCC,*CC(CC(CC(CC(*)C(=O)OCCCCCC)C(=O)OCCCCCC)C(=O)OCCCCCC)C(=O)OCCCCCC,*CC(*)C(=O)OCCCCCC,True,deletion
chitosan,*OC1OC(O)C(*)C(O)C1N,,,,,,,440.65,,,,,,,,,,,,,,,,,,,,,,*OC1OC(CO)C(OC2OC(CO)C(*)C(O)C2N)C(O)C1N,*OC1OC(CO)C(OC2OC(CO)C(OC3OC(CO)C(OC4OC(CO)C(*)C(O)C4N)C(O)C3N)C(O)C2N)C(O)C1N,*OC1OC(CO)C(*)C(O)C1N,True,deletion
poly(styrene-co-butadiene),*CC(C/C=C\CCC(*)=C)c1ccccc1,,,,,,,233.15,,,,,,,,,,,,,,,,,,,,,,*CC(CC=CCCC(C=C)CC(CC=CCCC(*)C=C)c1ccccc1)c1ccccc1,*CC(CC=CCCC(C=C)CC(CC=CCCC(C=C)CC(CC=CCCC(C=C)CC(CC=CCCC(*)C=C)c1ccccc1)c1ccccc1)c1ccccc1)c1ccccc1,*CC(C/C=C\CCC(*)C=C)c1ccccc1,True,deletion
Poly(1-octene),*CC(*)CCCCC,,,,,,,210.0,,,,,,,,,,,,,,,,,,,,,,*CC(CCCCCC)CC(*)CCCCCC,*CC(CCCCCC)CC(CCCCCC)CC(CCCCCC)CC(*)CCCCCC,*CC(*)CCCCCC,True,deletion
poly(vinyl fluoride),*CC(*),,,,,,,310.075,,,,,,,,,,,,,,,,,,,,,,*CC(F)CC(*)F,*CC(F)CC(F)CC(F)CC(*)F,*CC(*)F,True,deletion
Poly(vinyl isocyanate),*CC(*)=C=O,,,,,,,324.0,,,,,,,,,,,,,,,,,,,,,,*CC(CC(*)N=C=O)N=C=O,*CC(CC(CC(CC(*)N=C=O)N=C=O)N=C=O)N=C=O,*CC(*)N=C=O,True,deletion
Poly(phenyl methacrylate),*C(*)(C)C(=O)Oc1ccccc1,,,,,,,383.0,,,,,,,,,,,,,,,,,,,,,,*CC(C)(CC(*)(C)C(=O)Oc1ccccc1)C(=O)Oc1ccccc1,*CC(C)(CC(C)(CC(C)(CC(*)(C)C(=O)Oc1ccccc1)C(=O)Oc1ccccc1)C(=O)Oc1ccccc1)C(=O)Oc1ccccc1,*CC(*)(C)C(=O)Oc1ccccc1,True,deletion
Poly(2-ethylhexyl acrylate),*CC(*)C(=O)CC(CC)CCCC,,,,,,,223.0,,,,,,,,,,,,,,,,,,,,,,*CC(CC(*)C(=O)OCC(CC)CCCC)C(=O)OCC(CC)CCCC,*CC(CC(CC(CC(*)C(=O)OCC(CC)CCCC)C(=O)OCC(CC)CCCC)C(=O)OCC(CC)CCCC)C(=O)OCC(CC)CCCC,*CC(*)C(=O)OCC(CC)CCCC,True,deletion
Poly(2-ethylhexyl methacrylate),*C(*)(C)C(=O)OCC(CC)CCCC,,,,,,,263.0,,,,,,,,,,,,,,,,,,,,,,*CC(C)(CC(*)(C)C(=O)OCC(CC)CCCC)C(=O)OCC(CC)CCCC,*CC(C)(CC(C)(CC(C)(CC(*)(C)C(=O)OCC(CC)CCCC)C(=O)OCC(CC)CCCC)C(=O)OCC(CC)CCCC)C(=O)OCC(CC)CCCC,*CC(*)(C)C(=O)OCC(CC)CCCC,True,deletion
poly(allyl glycidyl ether ),*CC(OCC=C)O*,,,,,,,195.0,,,,,,,,,,,,,,,,,,,,,,*CC(COCC=C)OCC(COCC=C)O*,*CC(COCC=C)OCC(COCC=C)OCC(COCC=C)OCC(COCC=C)O*,*CC(COCC=C)O*,True,deletion
PFO,[*]C1=CC(CCCCCCCC)=C(C2=C(CCCCCCC)C=C([*])C=C2)C=C1,2.932222222,,,408.8642857,,,339.95,,,,,,,428.4833333,,,1.695,,3.15,42.0,673.8166667,308.65,124.75,,12947.33333,,,,*c1ccc(-c2ccc(-c3ccc(-c4ccc(*)cc4CCCCCCCC)c(CCCCCCCC)c3)cc2CCCCCCCC)c(CCCCCCCC)c1,*c1ccc(-c2ccc(-c3ccc(-c4ccc(-c5ccc(-c6ccc(-c7ccc(-c8ccc(*)cc8CCCCCCCC)c(CCCCCCCC)c7)cc6CCCCCCCC)c(CCCCCCCC)c5)cc4CCCCCCCC)c(CCCCCCCC)c3)cc2CCCCCCCC)c(CCCCCCCC)c1,*c1ccc(-c2ccc(*)cc2CCCCCCCC)c(CCCCCCCC)c1,True,deletion
ethylene-vinyl alcohol copolymer,*CCC(O)*,,,,,,,331.15,,,,,,,,,,,,,,,,,,,,,,*CCC(O)CCCC(O)C*,*CCC(O)CCCC(O)CCCC(O)CCCC(O)C*,*CCC(O)C*,True,deletion
PBT,[*]OCCCCOC(C1=CC=C(C([*])O)C=C1)=O,1.841666667,,253.3333333,466.7602326,58.98537037,73.935,320.1451539,450.0,136.6666667,22.6225,,22.73095238,305.15,496.7439572,,,1.503,,0.27,53.6904878,624.4442857,,56.16470588,0.334,1930.170833,,,,*OCCCCOC(=O)c1ccc(C(=O)OCCCCOC(=O)c2ccc(C(*)=O)cc2)cc1,*OCCCCOC(=O)c1ccc(C(=O)OCCCCOC(=O)c2ccc(C(=O)OCCCCOC(=O)c3ccc(C(=O)OCCCCOC(=O)c4ccc(C(*)=O)cc4)cc3)cc2)cc1,*OCCCCOC(=O)c1ccc(C(*)=O)cc1,True,deletion
"Poly(2,4-dimethylstyrene)",*C(*)c1ccc(C)cc1C,,,,,,,385.0,,,,,,,,,,,,,,,,,,,,,,*CC(CC(*)c1ccc(C)cc1C)c1ccc(C)cc1C,*CC(CC(CC(CC(*)c1ccc(C)cc1C)c1ccc(C)cc1C)c1ccc(C)cc1C)c1ccc(C)cc1C,*CC(*)c1ccc(C)cc1C,True,deletion
poly(ethylene-co-ethyl acrylate),*CCCC(*)C(O)OCC,,,,,,,240.15,,,,,,,,,,,,,,,,,,,,,,*CCCC(CCCC(*)C(=O)OCC)C(=O)OCC,*CCCC(CCCC(CCCC(CCCC(*)C(=O)OCC)C(=O)OCC)C(=O)OCC)C(=O)OCC,*CCCC(*)C(=O)OCC,True,deletion
poly(vinylidene chloride),*CC(*)(Cl),,,,,,,273.575,,,,,,,,,,,,,,,,,,,,,,*CC(Cl)(Cl)CC(*)(Cl)Cl,*CC(Cl)(Cl)CC(Cl)(Cl)CC(Cl)(Cl)CC(*)(Cl)Cl,*CC(*)(Cl)Cl,True,deletion
chitosan,*OC1OC(CO)(*)C(O)C1N,,,,,,,440.65,,,,,,,,,,,,,,,,,,,,,,*OC1OC(CO)C(OC2OC(CO)C(*)C(O)C2N)C(O)C1N,*OC1OC(CO)C(OC2OC(CO)C(OC3OC(CO)C(OC4OC(CO)C(*)C(O)C4N)C(O)C3N)C(O)C2N)C(O)C1N,*OC1OC(CO)C(*)C(O)C1N,True,deletion
poly(styrene-co-α-methylstyrene),*CC(C(*)(C)c1ccccc1)c1ccccc1,,,,,,,320.65,,,,,,,,,,,,,,,,,,,,,,*CC(CC(C)(CC(CC(*)(C)c1ccccc1)c1ccccc1)c1ccccc1)c1ccccc1,*CC(CC(C)(CC(CC(C)(CC(CC(C)(CC(CC(*)(C)c1ccccc1)c1ccccc1)c1ccccc1)c1ccccc1)c1ccccc1)c1ccccc1)c1ccccc1)c1ccccc1,*CC(CC(*)(C)c1ccccc1)c1ccccc1,True,deletion
Poly[2-(diethylamino)ethyl methacrylate],*C(*)(C)C(=O)OCCN(CC)CC,,,,,,,293.0,,,,,,,,,,,,,,,,,,,,,,*CC(C)(CC(*)(C)C(=O)OCCN(CC)CC)C(=O)OCCN(CC)CC,*CC(C)(CC(C)(CC(C)(CC(*)(C)C(=O)OCCN(CC)CC)C(=O)OCCN(CC)CC)C(=O)OCCN(CC)CC)C(=O)OCCN(CC)CC,*CC(*)(C)C(=O)OCCN(CC)CC,True,deletion
poly(ethyl acrylate-co-methyl methacrylate),*C(C)(CC(*)C(=O)OCC)C(=O)OC,,,,,,,264.65,,,,,,,,,,,,,,,,,,,,,,*CC(C)(CC(CC(C)(CC(*)C(=O)OCC)C(=O)OC)C(=O)OCC)C(=O)OC,*CC(C)(CC(CC(C)(CC(CC(C)(CC(CC(C)(CC(*)C(=O)OCC)C(=O)OC)C(=O)OCC)C(=O)OC)C(=O)OCC)C(=O)OC)C(=O)OCC)C(=O)OC,*CC(C)(CC(*)C(=O)OCC)C(=O)OC,True,deletion
poly(2-oxazoline)s,*CCN(*)C(O)CC,,,,,,,249.5,,,,,,,,,,,,,,,,,,,,,,*CCN(CCN(*)C(=O)CC)C(=O)CC,*CCN(CCN(CCN(CCN(*)C(=O)CC)C(=O)CC)C(=O)CC)C(=O)CC,*CCN(*)C(=O)CC,True,deletion
ethylene-vinyl acetate copolymer,*CC(C*)OC(C)=O,,,,,,,233.15,,,,,,,,,,,,,,,,,,,,,,*CCC(CCCC(C*)OC(C)=O)OC(C)=O,*CCC(CCCC(CCCC(CCCC(C*)OC(C)=O)OC(C)=O)OC(C)=O)OC(C)=O,*CCC(C*)OC(C)=O,True,deletion
Poly(dodecyl methacrylate),*CC(*)(C)C(=O)CCCCCCCCCCCC,,,,,,,209.5,,,,,,,,,,,,,,,,,,,,,,*CC(C)(CC(*)(C)C(=O)OCCCCCCCCCCCC)C(=O)OCCCCCCCCCCCC,*CC(C)(CC(C)(CC(C)(CC(*)(C)C(=O)OCCCCCCCCCCCC)C(=O)OCCCCCCCCCCCC)C(=O)OCCCCCCCCCCCC)C(=O)OCCCCCCCCCCCC,*CC(*)(C)C(=O)OCCCCCCCCCCCC,True,deletion
PCN,C[Si]([*])(CCCCN)O[*],2.686597222,,0.00113,617.15,7.215,,527.35,,168.0,,,,,598.15,,,1.83,,0.2525,35.458,602.15,,65.95555556,,9427.5,,,,*O[Si](C)(CCCC#N)O[Si](*)(C)CCCC#N,*O[Si](C)(CCCC#N)O[Si](C)(CCCC#N)O[Si](C)(CCCC#N)O[Si](*)(C)CCCC#N,*O[Si](*)(C)CCCC#N,True,deletion
Poly(4-chlorostyrene),*C(*)c1ccc(Cl)cc1,,,,,,,383.0,,,,,,,,,,,,,,,,,,,,,,*CC(CC(*)c1ccc(Cl)cc1)c1ccc(Cl)cc1,*CC(CC(CC(CC(*)c1ccc(Cl)cc1)c1ccc(Cl)cc1)c1ccc(Cl)cc1)c1ccc(Cl)cc1,*CC(*)c1ccc(Cl)cc1,True,deletion
Poly(2-cyanoethyl acrylate),*CC(*)C(O)OCCC#N,,,,,,,277.0,,,,,,,,,,,,,,,,,,,,,,*CC(CC(*)C(=O)OCCC#N)C(=O)OCCC#N,*CC(CC(CC(CC(*)C(=O)OCCC#N)C(=O)OCCC#N)C(=O)OCCC#N)C(=O)OCCC#N,*CC(*)C(=O)OCCC#N,True,deletion
"Poly(1,2-epoxyoctane)",*CCCCCCCO*,,,,,,,206.0,,,,,,,,,,,,,,,,,,,,,,*CCCCCCCOCCCCCCCCOC*,*CCCCCCCOCCCCCCCCOCCCCCCCCOCCCCCCCCOC*,*CCCCCCCOC*,True,deletion
polymethyltrifluoropropylsiloxane,*O[Si](*)(C)CCC(F)(F),,,,,,,202.65,,,,,,,,,,,,,,,,,,,,,,*O[Si](C)(CCC(F)(F)F)O[Si](*)(C)CCC(F)(F)F,*O[Si](C)(CCC(F)(F)F)O[Si](C)(CCC(F)(F)F)O[Si](C)(CCC(F)(F)F)O[Si](*)(C)CCC(F)(F)F,*O[Si](*)(C)CCC(F)(F)F,True,deletion
poly(vinylidene chloride),*C(*)(Cl)Cl,,,,,,,273.575,,,,,,,,,,,,,,,,,,,,,,*CC(Cl)(Cl)CC(*)(Cl)Cl,*CC(Cl)(Cl)CC(Cl)(Cl)CC(Cl)(Cl)CC(*)(Cl)Cl,*CC(*)(Cl)Cl,True,deletion
"poly[[1,1 \'91 -biphenyl]-4,4 \'91 -diyl[2,2,2-trifluoro-1-(trifluoromethyl)ethylidene] ]",*c1ccc(-c2ccc(C(*)(C(F)(F))C(F)(F)F)cc2)cc1,,,,,,,528.0,,,,,,,,,,,,,,,,,,,,,,*c1ccc(-c2ccc(C(c3ccc(-c4ccc(C(*)(C(F)(F)F)C(F)(F)F)cc4)cc3)(C(F)(F)F)C(F)(F)F)cc2)cc1,*c1ccc(-c2ccc(C(c3ccc(-c4ccc(C(c5ccc(-c6ccc(C(c7ccc(-c8ccc(C(*)(C(F)(F)F)C(F)(F)F)cc8)cc7)(C(F)(F)F)C(F)(F)F)cc6)cc5)(C(F)(F)F)C(F)(F)F)cc4)cc3)(C(F)(F)F)C(F)(F)F)cc2)cc1,*c1ccc(-c2ccc(C(*)(C(F)(F)F)C(F)(F)F)cc2)cc1,True,deletion
"poly(hexafluoroisopropyl \uc0\u945 ,\u946 -difluoroacrylate )",*(F)C(*)(F)C(=O)OC(C(F)(F)F)C(F)(F)F,,,,,,,371.0,,,,,,,,,,,,,,,,,,,,,,*C(F)C(F)(C(=O)OC(C(F)(F)F)C(F)(F)F)C(F)C(*)(F)C(=O)OC(C(F)(F)F)C(F)(F)F,*C(F)C(F)(C(=O)OC(C(F)(F)F)C(F)(F)F)C(F)C(F)(C(=O)OC(C(F)(F)F)C(F)(F)F)C(F)C(F)(C(=O)OC(C(F)(F)F)C(F)(F)F)C(F)C(*)(F)C(=O)OC(C(F)(F)F)C(F)(F)F,*C(F)C(*)(F)C(=O)OC(C(F)(F)F)C(F)(F)F,True,deletion
Poly(isobutyl acrylate),*CC(*)C(O)OCC(C)C,,,,,,,249.0,,,,,,,,,,,,,,,,,,,,,,*CC(CC(*)C(=O)OCC(C)C)C(=O)OCC(C)C,*CC(CC(CC(CC(*)C(=O)OCC(C)C)C(=O)OCC(C)C)C(=O)OCC(C)C)C(=O)OCC(C)C,*CC(*)C(=O)OCC(C)C,True,deletion
"poly(2,2\uc0\u8242 -dioxy-1,1\u8242 -biphenyl)phosphazene",*N=P1(*)c2ccccc2-c2ccccc2O1,,,,,,,433.0,,,,,,,,,,,,,,,,,,,,,,*N=P1(N=P2(*)Oc3ccccc3-c3ccccc3O2)Oc2ccccc2-c2ccccc2O1,*N=P1(N=P2(N=P3(N=P4(*)Oc5ccccc5-c5ccccc5O4)Oc4ccccc4-c4ccccc4O3)Oc3ccccc3-c3ccccc3O2)Oc2ccccc2-c2ccccc2O1,*N=P1(*)Oc2ccccc2-c2ccccc2O1,True,deletion
Poly(phthalazinone ether)s,*c1ccc(-c2nn(-c3ccc(Oc4ccc(*)cc4)cc3)c(=O)c3ccccc23)cc1,,,,,,,513.0,,,,,,,,,,,,,,,,,,,,,,*Oc1ccc(-c2nn(-c3ccc(Oc4ccc(Oc5ccc(-c6nn(-c7ccc(Oc8ccc(*)cc8)cc7)c(=O)c7ccccc67)cc5)cc4)cc3)c(=O)c3ccccc23)cc1,*Oc1ccc(-c2nn(-c3ccc(Oc4ccc(Oc5ccc(-c6nn(-c7ccc(Oc8ccc(Oc9ccc(-c%10nn(-c%11ccc(Oc%12ccc(Oc%13ccc(-c%14nn(-c%15ccc(Oc%16ccc(*)cc%16)cc%15)c(=O)c%15ccccc%14%15)cc%13)cc%12)cc%11)c(=O)c%11ccccc%10%11)cc9)cc8)cc7)c(=O)c7ccccc67)cc5)cc4)cc3)c(=O)c3ccccc23)cc1,*Oc1ccc(-c2nn(-c3ccc(Oc4ccc(*)cc4)cc3)c(=O)c3ccccc23)cc1,True,deletion
acrylonitrile-butadiene-acrylate copolymer,*CC(C#N)C/CC/CCC(*)C(=O)OC,,,,,,,427.15,,,,,,,,,,,,,,,,,,,,,,*CC(C#N)CC=CCCC(CC(C#N)CC=CCCC(*)C(=O)OC)C(=O)OC,*CC(C#N)CC=CCCC(CC(C#N)CC=CCCC(CC(C#N)CC=CCCC(CC(C#N)CC=CCCC(*)C(=O)OC)C(=O)OC)C(=O)OC)C(=O)OC,*CC(C#N)C/C=C/CCC(*)C(=O)OC,True,deletion
poly(indene carbonate)s,*OC(COCC)C(COCCC)OC(*)=O,,,,,,,423.0,,,,,,,,,,,,,,,,,,,,,,*OC(COCCC)C(COCCC)OC(=O)OC(COCCC)C(COCCC)OC(*)=O,*OC(COCCC)C(COCCC)OC(=O)OC(COCCC)C(COCCC)OC(=O)OC(COCCC)C(COCCC)OC(=O)OC(COCCC)C(COCCC)OC(*)=O,*OC(COCCC)C(COCCC)OC(*)=O,True,deletion
Poly(cyclohexyl vinyl ether),*CC(*)OC1CCCC1,,,,,,,354.0,,,,,,,,,,,,,,,,,,,,,,*CC(CC(*)OC1CCCCC1)OC1CCCCC1,*CC(CC(CC(CC(*)OC1CCCCC1)OC1CCCCC1)OC1CCCCC1)OC1CCCCC1,*CC(*)OC1CCCCC1,True,deletion
"Poly(2,6-dimethyl-1,4-phenylene oxide) (PPO)",*Oc1cc(C)c(O*)(C)c1,,,,,,,440.0,,,,,,,,,,,,,,,,,,,,,,*Oc1cc(C)c(OOc2cc(C)c(O*)c(C)c2)c(C)c1,*Oc1cc(C)c(OOc2cc(C)c(OOc3cc(C)c(OOc4cc(C)c(O*)c(C)c4)c(C)c3)c(C)c2)c(C)c1,*Oc1cc(C)c(O*)c(C)c1,True,deletion
styrene-ethylene-butylene-styrene triblock copolymer,*CC(CCCCC(CC)CC(*)c1ccccc1)c1ccccc1,,,,,,,216.65,,,,,,,,,,,,,,,,,,,,,,*CC(CCCCCC(CC)CC(CC(CCCCCC(CC)CC(*)c1ccccc1)c1ccccc1)c1ccccc1)c1ccccc1,*CC(CCCCCC(CC)CC(CC(CCCCCC(CC)CC(CC(CCCCCC(CC)CC(CC(CCCCCC(CC)CC(*)c1ccccc1)c1ccccc1)c1ccccc1)c1ccccc1)c1ccccc1)c1ccccc1)c1ccccc1)c1ccccc1,*CC(CCCCCC(CC)CC(*)c1ccccc1)c1ccccc1,True,deletion
"Poly(2,4,6-trimethylstyrene)",*CC(*)c1c(C)cc(C)cc1,,,,,,,435.0,,,,,,,,,,,,,,,,,,,,,,*CC(CC(*)c1c(C)cc(C)cc1C)c1c(C)cc(C)cc1C,*CC(CC(CC(CC(*)c1c(C)cc(C)cc1C)c1c(C)cc(C)cc1C)c1c(C)cc(C)cc1C)c1c(C)cc(C)cc1C,*CC(*)c1c(C)cc(C)cc1C,True,deletion
Poly(1-octadecene),*C(*)CCCCCCCCCCCCCCCC,,,,,,,328.0,,,,,,,,,,,,,,,,,,,,,,*CC(CCCCCCCCCCCCCCCC)CC(*)CCCCCCCCCCCCCCCC,*CC(CCCCCCCCCCCCCCCC)CC(CCCCCCCCCCCCCCCC)CC(CCCCCCCCCCCCCCCC)CC(*)CCCCCCCCCCCCCCCC,*CC(*)CCCCCCCCCCCCCCCC,True,deletion
poly(meso-dicyclohexylglycolide),*OC(C(*)O)C1CCCCC1,,,,,,,369.0,,,,,,,,,,,,,,,,,,,,,,*OC(C(=O)OC(C(*)=O)C1CCCCC1)C1CCCCC1,*OC(C(=O)OC(C(=O)OC(C(=O)OC(C(*)=O)C1CCCCC1)C1CCCCC1)C1CCCCC1)C1CCCCC1,*OC(C(*)=O)C1CCCCC1,True,deletion
PBS,[*]OCCCCOC(CC([*])=O)=O,0.895140244,,9.3875,385.6441176,190.5156716,34.33791667,243.1226797,,115.75,9.351428571,,25.03148148,473.15,386.8413011,,,1.642071429,217.5,0.6275,34.79211268,634.0678571,,76.67777778,5.351888889,547.6591837,,,,*OCCCCOC(=O)CCC(=O)OCCCCOC(=O)CCC(*)=O,*OCCCCOC(=O)CCC(=O)OCCCCOC(=O)CCC(=O)OCCCCOC(=O)CCC(=O)OCCCCOC(=O)CCC(*)=O,*OCCCCOC(=O)CCC(*)=O,True,deletion
poly(tetramethyl glycolide ),*C(C)(C)C(*)=O,,,,,,,343.0,,,,,,,,,,,,,,,,,,,,,,*OC(C)(C)C(=O)OC(C)(C)C(*)=O,*OC(C)(C)C(=O)OC(C)(C)C(=O)OC(C)(C)C(=O)OC(C)(C)C(*)=O,*OC(C)(C)C(*)=O,True,deletion
poly(propargyloxystyrene),*C(*)c1ccc(CC#C)cc1,,,,,,,327.0,,,,,,,,,,,,,,,,,,,,,,*CC(CC(*)c1ccc(CC#C)cc1)c1ccc(CC#C)cc1,*CC(CC(CC(CC(*)c1ccc(CC#C)cc1)c1ccc(CC#C)cc1)c1ccc(CC#C)cc1)c1ccc(CC#C)cc1,*CC(*)c1ccc(CC#C)cc1,True,deletion
Poly(sodium methacrylate),*CC(*)(C)C(O)[O-].[Na+],,,,,,,583.0,,,,,,,,,,,,,,,,,,,,,,*CC(C)(CC(*)(C)C(=O)[O-])C(=O)[O-].[Na+].[Na+],*CC(C)(CC(C)(CC(C)(CC(*)(C)C(=O)[O-])C(=O)[O-])C(=O)[O-])C(=O)[O-].[Na+].[Na+].[Na+].[Na+],*CC(*)(C)C(=O)[O-].[Na+],True,deletion
poly(acrylonitrile-co-butadiene-co-styrene),*CC(C#N)C/C=C/CC(*)c1ccccc1,,,,,,,377.65,,,,,,,,,,,,,,,,,,,,,,*CC(C#N)CC=CCCC(CC(C#N)CC=CCCC(*)c1ccccc1)c1ccccc1,*CC(C#N)CC=CCCC(CC(C#N)CC=CCCC(CC(C#N)CC=CCCC(CC(C#N)CC=CCCC(*)c1ccccc1)c1ccccc1)c1ccccc1)c1ccccc1,*CC(C#N)C/C=C/CCC(*)c1ccccc1,True,deletion
poly(ethylene-co-acrylic acid),*CCCC(*)C(=O),,,,,,,302.15,,,,,,,,,,,,,,,,,,,,,,*CCCC(CCCC(*)C(=O)O)C(=O)O,*CCCC(CCCC(CCCC(CCCC(*)C(=O)O)C(=O)O)C(=O)O)C(=O)O,*CCCC(*)C(=O)O,True,deletion
Poly(vinyl cyclohexanoate),*CC(*)OC(=O)C1CCCC1,,,,,,,349.0,,,,,,,,,,,,,,,,,,,,,,*CC(CC(*)OC(=O)C1CCCCC1)OC(=O)C1CCCCC1,*CC(CC(CC(CC(*)OC(=O)C1CCCCC1)OC(=O)C1CCCCC1)OC(=O)C1CCCCC1)OC(=O)C1CCCCC1,*CC(*)OC(=O)C1CCCCC1,True,deletion
"Poly(1,2-epoxybutane)",*COC*,,,,,,,203.0,,,,,,,,,,,,,,,,,,,,,,*CCOCCCOC*,*CCOCCCOCCCOCCCOC*,*CCOC*,True,deletion
Poly(octadecyl methacrylate),*C(*)(C)C(=O)OCCCCCCCCCCCCCCCCCC,,,,,,,173.0,,,,,,,,,,,,,,,,,,,,,,*CC(C)(CC(*)(C)C(=O)OCCCCCCCCCCCCCCCCCC)C(=O)OCCCCCCCCCCCCCCCCCC,*CC(C)(CC(C)(CC(C)(CC(*)(C)C(=O)OCCCCCCCCCCCCCCCCCC)C(=O)OCCCCCCCCCCCCCCCCCC)C(=O)OCCCCCCCCCCCCCCCCCC)C(=O)OCCCCCCCCCCCCCCCCCC,*CC(*)(C)C(=O)OCCCCCCCCCCCCCCCCCC,True,deletion
styrene-butadiene-styrene triblock copolymer,*CC(C/C=C\CC(C=C)CC(*)c1ccccc1)c1ccccc1,,,,,,,195.65,,,,,,,,,,,,,,,,,,,,,,*CC(CC=CCCC(C=C)CC(CC(CC=CCCC(C=C)CC(*)c1ccccc1)c1ccccc1)c1ccccc1)c1ccccc1,*CC(CC=CCCC(C=C)CC(CC(CC=CCCC(C=C)CC(CC(CC=CCCC(C=C)CC(CC(CC=CCCC(C=C)CC(*)c1ccccc1)c1ccccc1)c1ccccc1)c1ccccc1)c1ccccc1)c1ccccc1)c1ccccc1)c1ccccc1,*CC(C/C=C\CCC(C=C)CC(*)c1ccccc1)c1ccccc1,True,deletion
poly(vinylcyclohexane),*CC(*)C1CCCC1,,,,,,,420.0,,,,,,,,,,,,,,,,,,,,,,*CC(CC(*)C1CCCCC1)C1CCCCC1,*CC(CC(CC(CC(*)C1CCCCC1)C1CCCCC1)C1CCCCC1)C1CCCCC1,*CC(*)C1CCCCC1,True,deletion
Poly(hexyl methacrylate),*CC(*)(C)C(O)OCCCCCC,,,,,,,260.5,,,,,,,,,,,,,,,,,,,,,,*CC(C)(CC(*)(C)C(=O)OCCCCCC)C(=O)OCCCCCC,*CC(C)(CC(C)(CC(C)(CC(*)(C)C(=O)OCCCCCC)C(=O)OCCCCCC)C(=O)OCCCCCC)C(=O)OCCCCCC,*CC(*)(C)C(=O)OCCCCCC,True,deletion
Poly(1-butene),*CC(*)C,,,,,,,249.0,,,,,,,,,,,,,,,,,,,,,,*CC(CC)CC(*)CC,*CC(CC)CC(CC)CC(CC)CC(*)CC,*CC(*)CC,True,deletion
Poly(bismethoxyphosphazene),*NP(*)(OC)OC,,,,,,,202.2,,,,,,,,,,,,,,,,,,,,,,*N=P(N=P(*)(OC)OC)(OC)OC,*N=P(N=P(N=P(N=P(*)(OC)OC)(OC)OC)(OC)OC)(OC)OC,*N=P(*)(OC)OC,True,deletion
acrylonitrile-butadiene-acrylate copolymer,*C(C#N)C/C=C/CCC(*)C(=O)OC,,,,,,,427.15,,,,,,,,,,,,,,,,,,,,,,*CC(C#N)CC=CCCC(CC(C#N)CC=CCCC(*)C(=O)OC)C(=O)OC,*CC(C#N)CC=CCCC(CC(C#N)CC=CCCC(CC(C#N)CC=CCCC(CC(C#N)CC=CCCC(*)C(=O)OC)C(=O)OC)C(=O)OC)C(=O)OC,*CC(C#N)C/C=C/CCC(*)C(=O)OC,True,deletion
poly(\uc0\u945 -fluoroacrylate)s,*(F)C(*)(F)C(=O)OC,,,,,,,413.0,,,,,,,,,,,,,,,,,,,,,,*C(F)C(F)(C(=O)OC)C(F)C(*)(F)C(=O)OC,*C(F)C(F)(C(=O)OC)C(F)C(F)(C(=O)OC)C(F)C(F)(C(=O)OC)C(F)C(*)(F)C(=O)OC,*C(F)C(*)(F)C(=O)OC,True,deletion
polynorbornene,*C1C2CC(C2)C1*,,,,,,,313.15,,,,,,,,,,,,,,,,,,,,,,*C1C2CCC(C2)C1C1C2CCC(C2)C1*,*C1C2CCC(C2)C1C1C2CCC(C2)C1C1C2CCC(C2)C1C1C2CCC(C2)C1*,*C1C2CCC(C2)C1*,True,deletion
"Polybutadiene,_cis",*/C=C\C*,,,,,,,279.0,,,,,,,,,,,,,,,,,,,,,,*CC=CCCC=CC*,*CC=CCCC=CCCC=CCCC=CC*,*C/C=C\C*,True,deletion
Poly(2-cyanoethyl acrylate),*CC(*)C(=O)OCC#N,,,,,,,277.0,,,,,,,,,,,,,,,,,,,,,,*CC(CC(*)C(=O)OCCC#N)C(=O)OCCC#N,*CC(CC(CC(CC(*)C(=O)OCCC#N)C(=O)OCCC#N)C(=O)OCCC#N)C(=O)OCCC#N,*CC(*)C(=O)OCCC#N,True,deletion
fluorinated ethylene-propylene copolymer,*C(F)(F)C(F)(F)C(F)(F)C(*)(F)C(F)(F)[N+]F,,,,,,,353.15,,,,,,,,,,,,,,,,,,,,,,*C(F)(F)C(F)(F)C(F)(F)C(F)(C(F)(F)F)C(F)(F)C(F)(F)C(F)(F)C(*)(F)C(F)(F)F,*C(F)(F)C(F)(F)C(F)(F)C(F)(C(F)(F)F)C(F)(F)C(F)(F)C(F)(F)C(F)(C(F)(F)F)C(F)(F)C(F)(F)C(F)(F)C(F)(C(F)(F)F)C(F)(F)C(F)(F)C(F)(F)C(*)(F)C(F)(F)F,*C(F)(F)C(F)(F)C(F)(F)C(*)(F)C(F)(F)F,True,insertion
"Poly[biphenyl-4,4 \'91 -diylcarbonyl(6-methoxy-1,3-phenylene)[bis(trifluoromethyl)methylene](4-methoxy-1,3-phenylene)carbonyl ] ( P3 )",*C(=O)c1cc(C(c2ccc(O[O]C)c(C(=O)c3ccc(-c4ccc(*)cc4)cc3)c2)(C(F)(F)F)C(F)(F)F)ccc1OC,,,,,,,463.0,,,,,,,,,,,,,,,,,,,,,,*C(=O)c1cc(C(c2ccc(OC)c(C(=O)c3ccc(-c4ccc(C(=O)c5cc(C(c6ccc(OC)c(C(=O)c7ccc(-c8ccc(*)cc8)cc7)c6)(C(F)(F)F)C(F)(F)F)ccc5OC)cc4)cc3)c2)(C(F)(F)F)C(F)(F)F)ccc1OC,*C(=O)c1cc(C(c2ccc(OC)c(C(=O)c3ccc(-c4ccc(C(=O)c5cc(C(c6ccc(OC)c(C(=O)c7ccc(-c8ccc(C(=O)c9cc(C(c%10ccc(OC)c(C(=O)c%11ccc(-c%12ccc(C(=O)c%13cc(C(c%14ccc(OC)c(C(=O)c%15ccc(-c%16ccc(*)cc%16)cc%15)c%14)(C(F)(F)F)C(F)(F)F)ccc%13OC)cc%12)cc%11)c%10)(C(F)(F)F)C(F)(F)F)ccc9OC)cc8)cc7)c6)(C(F)(F)F)C(F)(F)F)ccc5OC)cc4)cc3)c2)(C(F)(F)F)C(F)(F)F)ccc1OC,*C(=O)c1cc(C(c2ccc(OC)c(C(=O)c3ccc(-c4ccc(*)cc4)cc3)c2)(C(F)(F)F)C(F)(F)F)ccc1OC,True,insertion
Poly(1-butene),*CPC(*)CC,,,,,,,249.0,,,,,,,,,,,,,,,,,,,,,,*CC(CC)CC(*)CC,*CC(CC)CC(CC)CC(CC)CC(*)CC,*CC(*)CC,True,insertion
Poly(isopropyl methacrylate),*CC(*)(C)C(=O)O-C(C)C,,,,,,,354.0,,,,,,,,,,,,,,,,,,,,,,*CC(C)(CC(*)(C)C(=O)OC(C)C)C(=O)OC(C)C,*CC(C)(CC(C)(CC(C)(CC(*)(C)C(=O)OC(C)C)C(=O)OC(C)C)C(=O)OC(C)C)C(=O)OC(C)C,*CC(*)(C)C(=O)OC(C)C,True,insertion
Poly(cyclohexyl acrylate),*CC(*)C(=O)OC1CCC[SiH]CC1,,,,,,,292.0,,,,,,,,,,,,,,,,,,,,,,*CC(CC(*)C(=O)OC1CCCCC1)C(=O)OC1CCCCC1,*CC(CC(CC(CC(*)C(=O)OC1CCCCC1)C(=O)OC1CCCCC1)C(=O)OC1CCCCC1)C(=O)OC1CCCCC1,*CC(*)C(=O)OC1CCCCC1,True,insertion
Poly(vinyl 4-tert-butylbenzoate),*CC(*)OC(=O)c1c[N+]cc(C(C)(C)C)cc1,,,,,,,374.0,,,,,,,,,,,,,,,,,,,,,,*CC(CC(*)OC(=O)c1ccc(C(C)(C)C)cc1)OC(=O)c1ccc(C(C)(C)C)cc1,*CC(CC(CC(CC(*)OC(=O)c1ccc(C(C)(C)C)cc1)OC(=O)c1ccc(C(C)(C)C)cc1)OC(=O)c1ccc(C(C)(C)C)cc1)OC(=O)c1ccc(C(C)(C)C)cc1,*CC(*)OC(=O)c1ccc(C(C)(C)C)cc1,True,insertion
poly(acrylonitrile-co-styrene-co-acrylate),*CC(C#N)CC([N+]CC(*)C(=O)OC)c1ccccc1,,,,,,,388.15,,,,,,,,,,,,,,,,,,,,,,*CC(C#N)CC(CC(CC(C#N)CC(CC(*)C(=O)OC)c1ccccc1)C(=O)OC)c1ccccc1,*CC(C#N)CC(CC(CC(C#N)CC(CC(CC(C#N)CC(CC(CC(C#N)CC(CC(*)C(=O)OC)c1ccccc1)C(=O)OC)c1ccccc1)C(=O)OC)c1ccccc1)C(=O)OC)c1ccccc1,*CC(C#N)CC(CC(*)C(=O)OC)c1ccccc1,True,insertion
polymethylphenylsilylene,*[Si](*)(C)c1cccNcc1,,,,,,,244.15,,,,,,,,,,,,,,,,,,,,,,*[Si](C)(c1ccccc1)[Si](*)(C)c1ccccc1,*[Si](C)(c1ccccc1)[Si](C)(c1ccccc1)[Si](C)(c1ccccc1)[Si](*)(C)c1ccccc1,*[Si](*)(C)c1ccccc1,True,insertion
poly(N-isopropylacrylamide),*CC(*)(C)C(=O)NC(CN)C,,,,,,,408.0,,,,,,,,,,,,,,,,,,,,,,*CC(C)(CC(*)(C)C(=O)NC(C)C)C(=O)NC(C)C,*CC(C)(CC(C)(CC(C)(CC(*)(C)C(=O)NC(C)C)C(=O)NC(C)C)C(=O)NC(C)C)C(=O)NC(C)C,*CC(*)(C)C(=O)NC(C)C,True,insertion
poly(vinyl butyrate),*CC(*)OC(=O)CCCP,,,,,,,337.15,,,,,,,,,,,,,,,,,,,,,,*CC(CC(*)OC(=O)CCC)OC(=O)CCC,*CC(CC(CC(CC(*)OC(=O)CCC)OC(=O)CCC)OC(=O)CCC)OC(=O)CCC,*CC(*)OC(=O)CCC,True,insertion
poly(p-methoxyphenyl-p'-acryloyloxy benzoate ),*CC(*)C(=O)OCCOc1ccc(C(=O[Na+])Oc2ccc(OC)cc2)cc1,,,,,,,338.0,,,,,,,,,,,,,,,,,,,,,,*CC(CC(*)C(=O)OCCOc1ccc(C(=O)Oc2ccc(OC)cc2)cc1)C(=O)OCCOc1ccc(C(=O)Oc2ccc(OC)cc2)cc1,*CC(CC(CC(CC(*)C(=O)OCCOc1ccc(C(=O)Oc2ccc(OC)cc2)cc1)C(=O)OCCOc1ccc(C(=O)Oc2ccc(OC)cc2)cc1)C(=O)OCCOc1ccc(C(=O)Oc2ccc(OC)cc2)cc1)C(=O)OCCOc1ccc(C(=O)Oc2ccc(OC)cc2)cc1,*CC(*)C(=O)OCCOc1ccc(C(=O)Oc2ccc(OC)cc2)cc1,True,insertion
Thermoresponsive Poly(methacrylamide),*CC(*)(C)C([Si]N)=O,,,,,,,528.0,,,,,,,,,,,,,,,,,,,,,,*CC(C)(CC(*)(C)C(N)=O)C(N)=O,*CC(C)(CC(C)(CC(C)(CC(*)(C)C(N)=O)C(N)=O)C(N)=O)C(N)=O,*CC(*)(C)C(N)=O,True,insertion
Poly(butyl vinyl ether),*C[C@H]C(*)OCCCC,,,,,,,218.0,,,,,,,,,,,,,,,,,,,,,,*CC(CC(*)OCCCC)OCCCC,*CC(CC(CC(CC(*)OCCCC)OCCCC)OCCCC)OCCCC,*CC(*)OCCCC,True,insertion
cyclic olefin copolymer,*CCC1C2-CCC(C2)C1*,,,,,,,392.65,,,,,,,,,,,,,,,,,,,,,,*CCC1C2CCC(C2)C1CCC1C2CCC(C2)C1*,*CCC1C2CCC(C2)C1CCC1C2CCC(C2)C1CCC1C2CCC(C2)C1CCC1C2CCC(C2)C1*,*CCC1C2CCC(C2)C1*,True,insertion
chitosan,*OC1OC(CO)/C(*)C(O)C1N,,,,,,,440.65,,,,,,,,,,,,,,,,,,,,,,*OC1OC(CO)C(OC2OC(CO)C(*)C(O)C2N)C(O)C1N,*OC1OC(CO)C(OC2OC(CO)C(OC3OC(CO)C(OC4OC(CO)C(*)C(O)C4N)C(O)C3N)C(O)C2N)C(O)C1N,*OC1OC(CO)C(*)C(O)C1N,True,insertion
Poly(phenyl methacrylate),*CC(*)(CS)C(=O)Oc1ccccc1,,,,,,,383.0,,,,,,,,,,,,,,,,,,,,,,*CC(C)(CC(*)(C)C(=O)Oc1ccccc1)C(=O)Oc1ccccc1,*CC(C)(CC(C)(CC(C)(CC(*)(C)C(=O)Oc1ccccc1)C(=O)Oc1ccccc1)C(=O)Oc1ccccc1)C(=O)Oc1ccccc1,*CC(*)(C)C(=O)Oc1ccccc1,True,insertion
poly(styrene-co-acrylonitrile),*CC(CC(*)C#N)c1ccccc/1,,,,,,,384.15,,,,,,,,,,,,,,,,,,,,,,*CC(CC(C#N)CC(CC(*)C#N)c1ccccc1)c1ccccc1,*CC(CC(C#N)CC(CC(C#N)CC(CC(C#N)CC(CC(*)C#N)c1ccccc1)c1ccccc1)c1ccccc1)c1ccccc1,*CC(CC(*)C#N)c1ccccc1,True,insertion
poly(vinyl fluoride),*CCS(*)F,,,,,,,310.075,,,,,,,,,,,,,,,,,,,,,,*CC(F)CC(*)F,*CC(F)CC(F)CC(F)CC(*)F,*CC(*)F,True,insertion
Poly(vinyl benzoate),*CC(*)OC(=O)c1occccc1,,,,,,,344.0,,,,,,,,,,,,,,,,,,,,,,*CC(CC(*)OC(=O)c1ccccc1)OC(=O)c1ccccc1,*CC(CC(CC(CC(*)OC(=O)c1ccccc1)OC(=O)c1ccccc1)OC(=O)c1ccccc1)OC(=O)c1ccccc1,*CC(*)OC(=O)c1ccccc1,True,insertion
Poly(vinyl malonate),*C/C(*)OC(=O)CC(=O)[O-],,,,,,,244.0,,,,,,,,,,,,,,,,,,,,,,*CC(CC(*)OC(=O)CC(=O)[O-])OC(=O)CC(=O)[O-],*CC(CC(CC(CC(*)OC(=O)CC(=O)[O-])OC(=O)CC(=O)[O-])OC(=O)CC(=O)[O-])OC(=O)CC(=O)[O-],*CC(*)OC(=O)CC(=O)[O-],True,insertion
Thermoresponsive Poly(methacrylamide),*CC(*)(C)C(N)=CO,,,,,,,528.0,,,,,,,,,,,,,,,,,,,,,,*CC(C)(CC(*)(C)C(N)=O)C(N)=O,*CC(C)(CC(C)(CC(C)(CC(*)(C)C(N)=O)C(N)=O)C(N)=O)C(N)=O,*CC(*)(C)C(N)=O,True,insertion
"poly(1,3-adamantane)s",*[C@][C@]12C[C@]3(*)C[C@](CCCC)(C1)C[C@](CCCC)(C2)C3,,,,,,,412.0,,,,,,,,,,,,,,,,,,,,,,*C12CC3(CCCC)CC(CCCC)(C1)CC(C14CC5(*)CC(CCCC)(CC(CCCC)(C5)C1)C4)(C2)C3,*C12CC3(CCCC)CC(CCCC)(C1)CC(C14CC5(CCCC)CC(CCCC)(C1)CC(C16CC7(CCCC)CC(CCCC)(CC(C89CC%10(*)CC(CCCC)(CC(CCCC)(C%10)C8)C9)(C7)C1)C6)(C5)C4)(C2)C3,*[C@]12C[C@]3(*)C[C@](CCCC)(C1)C[C@](CCCC)(C2)C3,True,insertion
Poly-PhNDI,*=CC1CC(C=*)C2C(=O)N(c3ccc#cc3)C(=O)C12,,,,,,,495.0,,,,,,,,,,,,,,,,,,,,,,*CC1CC(CCC2CC(C*)C3C(=O)N(c4ccccc4)C(=O)C23)C2C(=O)N(c3ccccc3)C(=O)C12,*CC1CC(CCC2CC(CCC3CC(CCC4CC(C*)C5C(=O)N(c6ccccc6)C(=O)C45)C4C(=O)N(c5ccccc5)C(=O)C34)C3C(=O)N(c4ccccc4)C(=O)C23)C2C(=O)N(c3ccccc3)C(=O)C12,*=CC1CC(C=*)C2C(=O)N(c3ccccc3)C(=O)C12,True,insertion
Poly(4-ethoxystyrene),*CC(*)c1cocc(OCC)cc1,,,,,,,359.0,,,,,,,,,,,,,,,,,,,,,,*CC(CC(*)c1ccc(OCC)cc1)c1ccc(OCC)cc1,*CC(CC(CC(CC(*)c1ccc(OCC)cc1)c1ccc(OCC)cc1)c1ccc(OCC)cc1)c1ccc(OCC)cc1,*CC(*)c1ccc(OCC)cc1,True,insertion
Poly(2-ethylhexyl methacrylate),*CC(*)([O]C)C(=O)OCC(CC)CCCC,,,,,,,263.0,,,,,,,,,,,,,,,,,,,,,,*CC(C)(CC(*)(C)C(=O)OCC(CC)CCCC)C(=O)OCC(CC)CCCC,*CC(C)(CC(C)(CC(C)(CC(*)(C)C(=O)OCC(CC)CCCC)C(=O)OCC(CC)CCCC)C(=O)OCC(CC)CCCC)C(=O)OCC(CC)CCCC,*CC(*)(C)C(=O)OCC(CC)CCCC,True,insertion
poly(tert-butylstyrene),*CC(*)(c1c[O]cccc1)C(C)(C)C,,,,,,,403.0,,,,,,,,,,,,,,,,,,,,,,*CC(CC(*)(c1ccccc1)C(C)(C)C)(c1ccccc1)C(C)(C)C,*CC(CC(CC(CC(*)(c1ccccc1)C(C)(C)C)(c1ccccc1)C(C)(C)C)(c1ccccc1)C(C)(C)C)(c1ccccc1)C(C)(C)C,*CC(*)(c1ccccc1)C(C)(C)C,True,insertion
polymethacrylonitrile,*CC(*)(C[C@])C#N,,,,,,,393.075,,,,,,,,,,,,,,,,,,,,,,*CC(C)(C#N)CC(*)(C)C#N,*CC(C)(C#N)CC(C)(C#N)CC(C)(C#N)CC(*)(C)C#N,*CC(*)(C)C#N,True,insertion
Poly(cyclohexyl acrylate),*CC(*)C(=O)OCN1CCCCC1,,,,,,,292.0,,,,,,,,,,,,,,,,,,,,,,*CC(CC(*)C(=O)OC1CCCCC1)C(=O)OC1CCCCC1,*CC(CC(CC(CC(*)C(=O)OC1CCCCC1)C(=O)OC1CCCCC1)C(=O)OC1CCCCC1)C(=O)OC1CCCCC1,*CC(*)C(=O)OC1CCCCC1,True,insertion
PA12,[*]NCCCC/CCCCCCCC([*])=O,,,773.0,422.8154545,206.6090909,58.0,319.204,,,30.575,,,,452.7014925,,,,,0.472666667,47.172,634.8485714,,77.68,1.0,1130.415385,,,,*NCCCCCCCCCCCC(=O)NCCCCCCCCCCCC(*)=O,*NCCCCCCCCCCCC(=O)NCCCCCCCCCCCC(=O)NCCCCCCCCCCCC(=O)NCCCCCCCCCCCC(*)=O,*NCCCCCCCCCCCC(*)=O,True,insertion
Poly[4-(1-adamantyl)styrene],*CC(*)[O]c1ccc(C23C[C@H]4C[C@@H](C2)C[C@@H](C3)C4)cc1,,,,,,,490.5,,,,,,,,,,,,,,,,,,,,,,*CC(CC(*)c1ccc(C23CC4CC(CC(C4)C2)C3)cc1)c1ccc(C23CC4CC(CC(C4)C2)C3)cc1,*CC(CC(CC(CC(*)c1ccc(C23CC4CC(CC(C4)C2)C3)cc1)c1ccc(C23CC4CC(CC(C4)C2)C3)cc1)c1ccc(C23CC4CC(CC(C4)C2)C3)cc1)c1ccc(C23CC4CC(CC(C4)C2)C3)cc1,*CC(*)c1ccc(C23C[C@H]4C[C@@H](C2)C[C@@H](C3)C4)cc1,True,insertion
"Poly(2,4,6-trimethylstyrene)",*CC(*)c1c[C@](C)cc(C)cc1C,,,,,,,435.0,,,,,,,,,,,,,,,,,,,,,,*CC(CC(*)c1c(C)cc(C)cc1C)c1c(C)cc(C)cc1C,*CC(CC(CC(CC(*)c1c(C)cc(C)cc1C)c1c(C)cc(C)cc1C)c1c(C)cc(C)cc1C)c1c(C)cc(C)cc1C,*CC(*)c1c(C)cc(C)cc1C,True,insertion
Polydimethylsiloxane (PDMS),C[Si](C)(-O[*:2])[*:1],,,,,,,146.0,,,,,,,,,,,,,,,,,,,,,,*O[Si](C)(C)O[Si](*)(C)C,*O[Si](C)(C)O[Si](C)(C)O[Si](C)(C)O[Si](*)(C)C,C[Si](C)(O[*:2])[*:1],True,insertion
Poly-PhNDI,*=CC1CC(C=*)C2C(N=O)N(c3ccccc3)C(=O)C12,,,,,,,495.0,,,,,,,,,,,,,,,,,,,,,,*CC1CC(CCC2CC(C*)C3C(=O)N(c4ccccc4)C(=O)C23)C2C(=O)N(c3ccccc3)C(=O)C12,*CC1CC(CCC2CC(CCC3CC(CCC4CC(C*)C5C(=O)N(c6ccccc6)C(=O)C45)C4C(=O)N(c5ccccc5)C(=O)C34)C3C(=O)N(c4ccccc4)C(=O)C23)C2C(=O)N(c3ccccc3)C(=O)C12,*=CC1CC(C=*)C2C(=O)N(c3ccccc3)C(=O)C12,True,insertion
perfluorinated ionomer,*C(F)(F)C(F)(F)C(F)(OC(F)(F)C(-F)(OC(F)(F)C(F)(F)S(=O)(=O)[O-])C(F)(F)F)C(*)(F)F,,,,,,,410.65,,,,,,,,,,,,,,,,,,,,,,*C(F)(F)C(F)(F)C(F)(OC(F)(F)C(F)(OC(F)(F)C(F)(F)S(=O)(=O)[O-])C(F)(F)F)C(F)(F)C(F)(F)C(F)(F)C(F)(OC(F)(F)C(F)(OC(F)(F)C(F)(F)S(=O)(=O)[O-])C(F)(F)F)C(*)(F)F,*C(F)(F)C(F)(F)C(F)(OC(F)(F)C(F)(OC(F)(F)C(F)(F)S(=O)(=O)[O-])C(F)(F)F)C(F)(F)C(F)(F)C(F)(F)C(F)(OC(F)(F)C(F)(OC(F)(F)C(F)(F)S(=O)(=O)[O-])C(F)(F)F)C(F)(F)C(F)(F)C(F)(F)C(F)(OC(F)(F)C(F)(OC(F)(F)C(F)(F)S(=O)(=O)[O-])C(F)(F)F)C(F)(F)C(F)(F)C(F)(F)C(F)(OC(F)(F)C(F)(OC(F)(F)C(F)(F)S(=O)(=O)[O-])C(F)(F)F)C(*)(F)F,*C(F)(F)C(F)(F)C(F)(OC(F)(F)C(F)(OC(F)(F)C(F)(F)S(=O)(=O)[O-])C(F)(F)F)C(*)(F)F,True,insertion
poly(styrene-co-α-methylstyrene),*CC(CC(*)(C)c1ccccc[Na+]1)c1ccccc1,,,,,,,320.65,,,,,,,,,,,,,,,,,,,,,,*CC(CC(C)(CC(CC(*)(C)c1ccccc1)c1ccccc1)c1ccccc1)c1ccccc1,*CC(CC(C)(CC(CC(C)(CC(CC(C)(CC(CC(*)(C)c1ccccc1)c1ccccc1)c1ccccc1)c1ccccc1)c1ccccc1)c1ccccc1)c1ccccc1)c1ccccc1,*CC(CC(*)(C)c1ccccc1)c1ccccc1,True,insertion
poly(propargyloxystyrene),*CC(*)c1ccc(CC#C)[C@]cc1,,,,,,,327.0,,,,,,,,,,,,,,,,,,,,,,*CC(CC(*)c1ccc(CC#C)cc1)c1ccc(CC#C)cc1,*CC(CC(CC(CC(*)c1ccc(CC#C)cc1)c1ccc(CC#C)cc1)c1ccc(CC#C)cc1)c1ccc(CC#C)cc1,*CC(*)c1ccc(CC#C)cc1,True,insertion
"poly(2,2\uc0\u8242 -dioxy-1,1\u8242 -biphenyl)phosphazene",*N=P1(*)Oc2ccccc2-c2cccc[Na+]c2O1,,,,,,,433.0,,,,,,,,,,,,,,,,,,,,,,*N=P1(N=P2(*)Oc3ccccc3-c3ccccc3O2)Oc2ccccc2-c2ccccc2O1,*N=P1(N=P2(N=P3(N=P4(*)Oc5ccccc5-c5ccccc5O4)Oc4ccccc4-c4ccccc4O3)Oc3ccccc3-c3ccccc3O2)Oc2ccccc2-c2ccccc2O1,*N=P1(*)Oc2ccccc2-c2ccccc2O1,True,insertion
polyurethanes.11,*NC(=O)OCCN(CCOC(=O)Nc1ccc(C)c(*)c1)c1ccc(/N=N/c2ccc([N+](=O)[O-])cc2)[SiH]c(Br)c1,,,,,,,413.0,,,,,,,,,,,,,,,,,,,,,,*NC(=O)OCCN(CCOC(=O)Nc1ccc(C)c(NC(=O)OCCN(CCOC(=O)Nc2ccc(C)c(*)c2)c2ccc(N=Nc3ccc([N+](=O)[O-])cc3)c(Br)c2)c1)c1ccc(N=Nc2ccc([N+](=O)[O-])cc2)c(Br)c1,*NC(=O)OCCN(CCOC(=O)Nc1ccc(C)c(NC(=O)OCCN(CCOC(=O)Nc2ccc(C)c(NC(=O)OCCN(CCOC(=O)Nc3ccc(C)c(NC(=O)OCCN(CCOC(=O)Nc4ccc(C)c(*)c4)c4ccc(N=Nc5ccc([N+](=O)[O-])cc5)c(Br)c4)c3)c3ccc(N=Nc4ccc([N+](=O)[O-])cc4)c(Br)c3)c2)c2ccc(N=Nc3ccc([N+](=O)[O-])cc3)c(Br)c2)c1)c1ccc(N=Nc2ccc([N+](=O)[O-])cc2)c(Br)c1,*NC(=O)OCCN(CCOC(=O)Nc1ccc(C)c(*)c1)c1ccc(/N=N/c2ccc([N+](=O)[O-])cc2)c(Br)c1,True,insertion
poly(styrene-co-methylmethacrylate),*CC(CC(*)(C)C(=O)OC)c1ccc[O]cc1,,,,,,,375.15,,,,,,,,,,,,,,,,,,,,,,*CC(CC(C)(CC(CC(*)(C)C(=O)OC)c1ccccc1)C(=O)OC)c1ccccc1,*CC(CC(C)(CC(CC(C)(CC(CC(C)(CC(CC(*)(C)C(=O)OC)c1ccccc1)C(=O)OC)c1ccccc1)C(=O)OC)c1ccccc1)C(=O)OC)c1ccccc1,*CC(CC(*)(C)C(=O)OC)c1ccccc1,True,insertion
Poly(2-isopropyl-2-oxazoline)s,*CCN(*)C(=C)C(=C)C,,,,,,,300.0,,,,,,,,,,,,,,,,,,,,,,*CCN(CCN(*)C(=C)C(C)C)C(=C)C(C)C,*CCN(CCN(CCN(CCN(*)C(=C)C(C)C)C(=C)C(C)C)C(=C)C(C)C)C(=C)C(C)C,*CCN(*)C(=C)C(C)C,True,insertion
Poly(2-isopropyl-2-oxazoline)s,*C/CN(*)C(=C)C(C)C,,,,,,,300.0,,,,,,,,,,,,,,,,,,,,,,*CCN(CCN(*)C(=C)C(C)C)C(=C)C(C)C,*CCN(CCN(CCN(CCN(*)C(=C)C(C)C)C(=C)C(C)C)C(=C)C(C)C)C(=C)C(C)C,*CCN(*)C(=C)C(C)C,True,insertion
Poly(cyclohexyl vinyl ether),*CC(*)OC1CCCC[C@@H]C1,,,,,,,354.0,,,,,,,,,,,,,,,,,,,,,,*CC(CC(*)OC1CCCCC1)OC1CCCCC1,*CC(CC(CC(CC(*)OC1CCCCC1)OC1CCCCC1)OC1CCCCC1)OC1CCCCC1,*CC(*)OC1CCCCC1,True,insertion
ethylene-propylene rubber,*CCC([C@]C)C*,,,,,,,221.15,,,,,,,,,,,,,,,,,,,,,,*CCC(C)CCCC(C)C*,*CCC(C)CCCC(C)CCCC(C)CCCC(C)C*,*CCC(C)C*,True,insertion
Poly(2-ethylhexyl methacrylate),*CC(*)(C[O-])C(=O)OCC(CC)CCCC,,,,,,,263.0,,,,,,,,,,,,,,,,,,,,,,*CC(C)(CC(*)(C)C(=O)OCC(CC)CCCC)C(=O)OCC(CC)CCCC,*CC(C)(CC(C)(CC(C)(CC(*)(C)C(=O)OCC(CC)CCCC)C(=O)OCC(CC)CCCC)C(=O)OCC(CC)CCCC)C(=O)OCC(CC)CCCC,*CC(*)(C)C(=O)OCC(CC)CCCC,True,insertion
polylactide,*OCC(=O)OCC(*)[SiH]=O,,,,,,,330.0,,,,,,,,,,,,,,,,,,,,,,*OCC(=O)OCC(=O)OCC(=O)OCC(*)=O,*OCC(=O)OCC(=O)OCC(=O)OCC(=O)OCC(=O)OCC(=O)OCC(=O)OCC(*)=O,*OCC(=O)OCC(*)=O,True,insertion
very highly branched polyethylene,*CCC(C/*)CCCCCC,,,,,,,232.65,,,,,,,,,,,,,,,,,,,,,,*CCC(CCCCCC)CCCC(C*)CCCCCC,*CCC(CCCCCC)CCCC(CCCCCC)CCCC(CCCCCC)CCCC(C*)CCCCCC,*CCC(C*)CCCCCC,True,insertion
Poly(hexyl acrylate),*CC(*)C([C@H]=O)OCCCCCC,,,,,,,216.0,,,,,,,,,,,,,,,,,,,,,,*CC(CC(*)C(=O)OCCCCCC)C(=O)OCCCCCC,*CC(CC(CC(CC(*)C(=O)OCCCCCC)C(=O)OCCCCCC)C(=O)OCCCCCC)C(=O)OCCCCCC,*CC(*)C(=O)OCCCCCC,True,insertion
phenol-formaldehyde resin,*Cc1cccc(*)[SiH]c1O,,,,,,,473.15,,,,,,,,,,,,,,,,,,,,,,*Cc1cccc(Cc2cccc(*)c2O)c1O,*Cc1cccc(Cc2cccc(Cc3cccc(Cc4cccc(*)c4O)c3O)c2O)c1O,*Cc1cccc(*)c1O,True,insertion
Poly(sec-butyl acrylate),*CCC(*)C(=O)OC(C)CC,,,,,,,247.0,,,,,,,,,,,,,,,,,,,,,,*CC(CC(*)C(=O)OC(C)CC)C(=O)OC(C)CC,*CC(CC(CC(CC(*)C(=O)OC(C)CC)C(=O)OC(C)CC)C(=O)OC(C)CC)C(=O)OC(C)CC,*CC(*)C(=O)OC(C)CC,True,insertion
poly(vinyl butyrate),*CC(*)[C@]OC(=O)CCC,,,,,,,337.15,,,,,,,,,,,,,,,,,,,,,,*CC(CC(*)OC(=O)CCC)OC(=O)CCC,*CC(CC(CC(CC(*)OC(=O)CCC)OC(=O)CCC)OC(=O)CCC)OC(=O)CCC,*CC(*)OC(=O)CCC,True,insertion
Poly(isobutyl acrylate),*CC(*)C(=O)OCC(PC)C,,,,,,,249.0,,,,,,,,,,,,,,,,,,,,,,*CC(CC(*)C(=O)OCC(C)C)C(=O)OCC(C)C,*CC(CC(CC(CC(*)C(=O)OCC(C)C)C(=O)OCC(C)C)C(=O)OCC(C)C)C(=O)OCC(C)C,*CC(*)C(=O)OCC(C)C,True,insertion
Poly(cyclohexyl vinyl ether),*CC(*)[Si]OC1CCCCC1,,,,,,,354.0,,,,,,,,,,,,,,,,,,,,,,*CC(CC(*)OC1CCCCC1)OC1CCCCC1,*CC(CC(CC(CC(*)OC1CCCCC1)OC1CCCCC1)OC1CCCCC1)OC1CCCCC1,*CC(*)OC1CCCCC1,True,insertion
Poly[2-(tert-butylamino)ethyl methacrylate],*[C@]CC(*)(C)C(=O)OCCNC(C)(C)C,,,,,,,306.0,,,,,,,,,,,,,,,,,,,,,,*CC(C)(CC(*)(C)C(=O)OCCNC(C)(C)C)C(=O)OCCNC(C)(C)C,*CC(C)(CC(C)(CC(C)(CC(*)(C)C(=O)OCCNC(C)(C)C)C(=O)OCCNC(C)(C)C)C(=O)OCCNC(C)(C)C)C(=O)OCCNC(C)(C)C,*CC(*)(C)C(=O)OCCNC(C)(C)C,True,insertion
Poly(dodecyl vinyl ether),*CC(*)OCCCCCCC-CCCCC,,,,,,,211.0,,,,,,,,,,,,,,,,,,,,,,*CC(CC(*)OCCCCCCCCCCCC)OCCCCCCCCCCCC,*CC(CC(CC(CC(*)OCCCCCCCCCCCC)OCCCCCCCCCCCC)OCCCCCCCCCCCC)OCCCCCCCCCCCC,*CC(*)OCCCCCCCCCCCC,True,insertion
polyacrylonitrile,*[C@]CC(*)C#C,,,,,,,393.0,,,,,,,,,,,,,,,,,,,,,,*CC(C#C)CC(*)C#C,*CC(C#C)CC(C#C)CC(C#C)CC(*)C#C,*CC(*)C#C,True,insertion
poly(ethylene-co-tetrafl uoroethylene),*CCC(F)(F)CC(*)(F)F,,,,,,,358.15,,,,,,,,,,,,,,,,,,,,,,*CCC(F)(F)C(F)(F)CCC(F)(F)C(*)(F)F,*CCC(F)(F)C(F)(F)CCC(F)(F)C(F)(F)CCC(F)(F)C(F)(F)CCC(F)(F)C(*)(F)F,*CCC(F)(F)C(*)(F)F,True,insertion
MEH-PPV,[*]C1n=C(OC)C=C(/C=C/[*])C(OCC(CC)CCCC)=C1,2.144081633,,,458.15,,,343.0670213,,370.0,,,,,411.65,,,1.6485,,,,614.5875,,89.775,,9300.0,,,,*C=Cc1cc(OC)c(C=Cc2cc(OC)c(*)cc2OCC(CC)CCCC)cc1OCC(CC)CCCC,*C=Cc1cc(OC)c(C=Cc2cc(OC)c(C=Cc3cc(OC)c(C=Cc4cc(OC)c(*)cc4OCC(CC)CCCC)cc3OCC(CC)CCCC)cc2OCC(CC)CCCC)cc1OCC(CC)CCCC,*/C=C/c1cc(OC)c(*)cc1OCC(CC)CCCC,True,insertion
ethylene-vinyl acetate copolymer,*CCC(C*)OCC(C)=O,,,,,,,233.15,,,,,,,,,,,,,,,,,,,,,,*CCC(CCCC(C*)OC(C)=O)OC(C)=O,*CCC(CCCC(CCCC(CCCC(C*)OC(C)=O)OC(C)=O)OC(C)=O)OC(C)=O,*CCC(C*)OC(C)=O,True,insertion
Poly-PhNDI,*=CC1CC(C=*)C2C(=O)N(c3ccc[Si]cc3)C(=O)C12,,,,,,,495.0,,,,,,,,,,,,,,,,,,,,,,*CC1CC(CCC2CC(C*)C3C(=O)N(c4ccccc4)C(=O)C23)C2C(=O)N(c3ccccc3)C(=O)C12,*CC1CC(CCC2CC(CCC3CC(CCC4CC(C*)C5C(=O)N(c6ccccc6)C(=O)C45)C4C(=O)N(c5ccccc5)C(=O)C34)C3C(=O)N(c4ccccc4)C(=O)C23)C2C(=O)N(c3ccccc3)C(=O)C12,*=CC1CC(C=*)C2C(=O)N(c3ccccc3)C(=O)C12,True,insertion
poly(methyl acrylate),*CC[N+](*)C(=O)OC,,,,,,,281.825,,,,,,,,,,,,,,,,,,,,,,*CC(CC(*)C(=O)OC)C(=O)OC,*CC(CC(CC(CC(*)C(=O)OC)C(=O)OC)C(=O)OC)C(=O)OC,*CC(*)C(=O)OC,True,insertion
Polydimethylsiloxane (PDMS),C[Si](CS)(O[*:2])[*:1],,,,,,,146.0,,,,,,,,,,,,,,,,,,,,,,*O[Si](C)(C)O[Si](*)(C)C,*O[Si](C)(C)O[Si](C)(C)O[Si](C)(C)O[Si](*)(C)C,C[Si](C)(O[*:2])[*:1],True,insertion
PBO,[*]C2=NC1=CC(N=C(C4=C=C=C([*])C=C4)O3)=C3C=C1O2,2.484,261.7666667,313.75,375.35,4.09,247.0,410.1075,,,54.99333333,,68.0,,388.15,,261.7666667,2.387075,,0.260583333,1008.481818,901.6465517,,59.47722222,0.78,114482.931,,,,*c1ccc(-c2nc3cc4nc(-c5ccc(-c6nc7cc8nc(*)oc8cc7o6)cc5)oc4cc3o2)cc1,*c1ccc(-c2nc3cc4nc(-c5ccc(-c6nc7cc8nc(-c9ccc(-c%10nc%11cc%12nc(-c%13ccc(-c%14nc%15cc%16nc(*)oc%16cc%15o%14)cc%13)oc%12cc%11o%10)cc9)oc8cc7o6)cc5)oc4cc3o2)cc1,*c1ccc(-c2nc3cc4nc(*)oc4cc3o2)cc1,True,insertion
cellulose nitrate,*OC1OC(CO)C(C[C@]C2OC(CO)C(*)C(O[N+](=O)[O-])C2O)C(O)C1O[N+](=O)[O-],,,,,,,332.65,,,,,,,,,,,,,,,,,,,,,,*OC1OC(CO)C(CC2OC(CO)C(OC3OC(CO)C(CC4OC(CO)C(*)C(O[N+](=O)[O-])C4O)C(O)C3O[N+](=O)[O-])C(O[N+](=O)[O-])C2O)C(O)C1O[N+](=O)[O-],*OC1OC(CO)C(CC2OC(CO)C(OC3OC(CO)C(CC4OC(CO)C(OC5OC(CO)C(CC6OC(CO)C(OC7OC(CO)C(CC8OC(CO)C(*)C(O[N+](=O)[O-])C8O)C(O)C7O[N+](=O)[O-])C(O[N+](=O)[O-])C6O)C(O)C5O[N+](=O)[O-])C(O[N+](=O)[O-])C4O)C(O)C3O[N+](=O)[O-])C(O[N+](=O)[O-])C2O)C(O)C1O[N+](=O)[O-],*OC1OC(CO)C(CC2OC(CO)C(*)C(O[N+](=O)[O-])C2O)C(O)C1O[N+](=O)[O-],True,insertion
poly(p-methoxyphenyl-p'-acryloyloxy benzoate ),*CC(*)C(=O)OCCOc1ccc(C(=O)Oc2ccc(OCO)cc2)cc1,,,,,,,338.0,,,,,,,,,,,,,,,,,,,,,,*CC(CC(*)C(=O)OCCOc1ccc(C(=O)Oc2ccc(OC)cc2)cc1)C(=O)OCCOc1ccc(C(=O)Oc2ccc(OC)cc2)cc1,*CC(CC(CC(CC(*)C(=O)OCCOc1ccc(C(=O)Oc2ccc(OC)cc2)cc1)C(=O)OCCOc1ccc(C(=O)Oc2ccc(OC)cc2)cc1)C(=O)OCCOc1ccc(C(=O)Oc2ccc(OC)cc2)cc1)C(=O)OCCOc1ccc(C(=O)Oc2ccc(OC)cc2)cc1,*CC(*)C(=O)OCCOc1ccc(C(=O)Oc2ccc(OC)cc2)cc1,True,insertion
poly(indene carbonate)s,*OC(COCCC[N+])C(COCCC)OC(*)=O,,,,,,,423.0,,,,,,,,,,,,,,,,,,,,,,*OC(COCCC)C(COCCC)OC(=O)OC(COCCC)C(COCCC)OC(*)=O,*OC(COCCC)C(COCCC)OC(=O)OC(COCCC)C(COCCC)OC(=O)OC(COCCC)C(COCCC)OC(=O)OC(COCCC)C(COCCC)OC(*)=O,*OC(COCCC)C(COCCC)OC(*)=O,True,insertion
isotactic-polypropylene,*CC(C)SCC(*)C,,,,,,,263.15,,,,,,,,,,,,,,,,,,,,,,*CC(C)CC(C)CC(C)CC(*)C,*CC(C)CC(C)CC(C)CC(C)CC(C)CC(C)CC(C)CC(*)C,*CC(C)CC(*)C,True,insertion
Poly(vinyl cyclohexanoate),*[Si]CC(*)OC(=O)C1CCCCC1,,,,,,,349.0,,,,,,,,,,,,,,,,,,,,,,*CC(CC(*)OC(=O)C1CCCCC1)OC(=O)C1CCCCC1,*CC(CC(CC(CC(*)OC(=O)C1CCCCC1)OC(=O)C1CCCCC1)OC(=O)C1CCCCC1)OC(=O)C1CCCCC1,*CC(*)OC(=O)C1CCCCC1,True,insertion
Poly(vinyl propionate),*CC[N+](*)OC(=O)CC,,,,,,,283.0,,,,,,,,,,,,,,,,,,,,,,*CC(CC(*)OC(=O)CC)OC(=O)CC,*CC(CC(CC(CC(*)OC(=O)CC)OC(=O)CC)OC(=O)CC)OC(=O)CC,*CC(*)OC(=O)CC,True,insertion
Poly(vinyl malonate),*CC(*)OC(=[Si]O)CC(=O)[O-],,,,,,,244.0,,,,,,,,,,,,,,,,,,,,,,*CC(CC(*)OC(=O)CC(=O)[O-])OC(=O)CC(=O)[O-],*CC(CC(CC(CC(*)OC(=O)CC(=O)[O-])OC(=O)CC(=O)[O-])OC(=O)CC(=O)[O-])OC(=O)CC(=O)[O-],*CC(*)OC(=O)CC(=O)[O-],True,insertion
poly(tert-butylstyrene),*CCC(*)(c1ccccc1)C(C)(C)C,,,,,,,403.0,,,,,,,,,,,,,,,,,,,,,,*CC(CC(*)(c1ccccc1)C(C)(C)C)(c1ccccc1)C(C)(C)C,*CC(CC(CC(CC(*)(c1ccccc1)C(C)(C)C)(c1ccccc1)C(C)(C)C)(c1ccccc1)C(C)(C)C)(c1ccccc1)C(C)(C)C,*CC(*)(c1ccccc1)C(C)(C)C,True,insertion
Poly(hexadecyl acrylate),*CC(*)C(=[C@@]O)OCCCCCCCCCCCCCCCC,,,,,,,308.0,,,,,,,,,,,,,,,,,,,,,,*CC(CC(*)C(=O)OCCCCCCCCCCCCCCCC)C(=O)OCCCCCCCCCCCCCCCC,*CC(CC(CC(CC(*)C(=O)OCCCCCCCCCCCCCCCC)C(=O)OCCCCCCCCCCCCCCCC)C(=O)OCCCCCCCCCCCCCCCC)C(=O)OCCCCCCCCCCCCCCCC,*CC(*)C(=O)OCCCCCCCCCCCCCCCC,True,insertion
Poly(dodecyl methacrylate),*CC(*)(C)C(=O)OCCCCCCCC/CCCC,,,,,,,209.5,,,,,,,,,,,,,,,,,,,,,,*CC(C)(CC(*)(C)C(=O)OCCCCCCCCCCCC)C(=O)OCCCCCCCCCCCC,*CC(C)(CC(C)(CC(C)(CC(*)(C)C(=O)OCCCCCCCCCCCC)C(=O)OCCCCCCCCCCCC)C(=O)OCCCCCCCCCCCC)C(=O)OCCCCCCCCCCCC,*CC(*)(C)C(=O)OCCCCCCCCCCCC,True,insertion
styrene-ethylene-butylene-styrene triblock copolymer,*CC(CC[Na+]CCCC(CC)CC(*)c1ccccc1)c1ccccc1,,,,,,,216.65,,,,,,,,,,,,,,,,,,,,,,*CC(CCCCCC(CC)CC(CC(CCCCCC(CC)CC(*)c1ccccc1)c1ccccc1)c1ccccc1)c1ccccc1,*CC(CCCCCC(CC)CC(CC(CCCCCC(CC)CC(CC(CCCCCC(CC)CC(CC(CCCCCC(CC)CC(*)c1ccccc1)c1ccccc1)c1ccccc1)c1ccccc1)c1ccccc1)c1ccccc1)c1ccccc1)c1ccccc1,*CC(CCCCCC(CC)CC(*)c1ccccc1)c1ccccc1,True,insertion
"Poly[biphenyl-4,4 \'91 -diylcarbonyl(6-methoxy-1,3-phenylene)[bis(trifluoromethyl)methylene](4-methoxy-1,3-phenylene)carbonyl ] ( P3 )",*C(=O)c1cc(C(c2ccc(OC)c(C(=O)c3ccc(-c4ccc(*)cc4)cc3)c2)(C(F)(F)F)C(F)(F)F)[C@@H]ccc1OC,,,,,,,463.0,,,,,,,,,,,,,,,,,,,,,,*C(=O)c1cc(C(c2ccc(OC)c(C(=O)c3ccc(-c4ccc(C(=O)c5cc(C(c6ccc(OC)c(C(=O)c7ccc(-c8ccc(*)cc8)cc7)c6)(C(F)(F)F)C(F)(F)F)ccc5OC)cc4)cc3)c2)(C(F)(F)F)C(F)(F)F)ccc1OC,*C(=O)c1cc(C(c2ccc(OC)c(C(=O)c3ccc(-c4ccc(C(=O)c5cc(C(c6ccc(OC)c(C(=O)c7ccc(-c8ccc(C(=O)c9cc(C(c%10ccc(OC)c(C(=O)c%11ccc(-c%12ccc(C(=O)c%13cc(C(c%14ccc(OC)c(C(=O)c%15ccc(-c%16ccc(*)cc%16)cc%15)c%14)(C(F)(F)F)C(F)(F)F)ccc%13OC)cc%12)cc%11)c%10)(C(F)(F)F)C(F)(F)F)ccc9OC)cc8)cc7)c6)(C(F)(F)F)C(F)(F)F)ccc5OC)cc4)cc3)c2)(C(F)(F)F)C(F)(F)F)ccc1OC,*C(=O)c1cc(C(c2ccc(OC)c(C(=O)c3ccc(-c4ccc(*)cc4)cc3)c2)(C(F)(F)F)C(F)(F)F)ccc1OC,True,insertion
poly(ethylene-co-chlorotrifl uoroethylene),*CCC(-F)(Cl)C(*)(F)F,,,,,,,347.15,,,,,,,,,,,,,,,,,,,,,,*CCC(F)(Cl)C(F)(F)CCC(F)(Cl)C(*)(F)F,*CCC(F)(Cl)C(F)(F)CCC(F)(Cl)C(F)(F)CCC(F)(Cl)C(F)(F)CCC(F)(Cl)C(*)(F)F,*CCC(F)(Cl)C(*)(F)F,True,insertion
PSS,[*]CC(C1=[N+]CC=C(S(O)(=O)=O)C=C1)[*],2.014736842,1109.0,0.32,391.15,44.48,,373.4585106,80.0,293.3333333,,2.56,,328.15,514.4277778,,1109.0,1.487329412,166.75,0.366305556,25.51238095,607.275,308.15,47.61257353,80.0,614.1428846,,,,*CC(CC(*)c1ccc(S(=O)(=O)O)cc1)c1ccc(S(=O)(=O)O)cc1,*CC(CC(CC(CC(*)c1ccc(S(=O)(=O)O)cc1)c1ccc(S(=O)(=O)O)cc1)c1ccc(S(=O)(=O)O)cc1)c1ccc(S(=O)(=O)O)cc1,*CC(*)c1ccc(S(=O)(=O)O)cc1,True,insertion
Poly(4-chlorostyrene),*CC(*)c1sccc(Cl)cc1,,,,,,,383.0,,,,,,,,,,,,,,,,,,,,,,*CC(CC(*)c1ccc(Cl)cc1)c1ccc(Cl)cc1,*CC(CC(CC(CC(*)c1ccc(Cl)cc1)c1ccc(Cl)cc1)c1ccc(Cl)cc1)c1ccc(Cl)cc1,*CC(*)c1ccc(Cl)cc1,True,insertion
poly(ethylene-co-acrylic acid),*CCCC(*)C(=O)O[C@@],,,,,,,302.15,,,,,,,,,,,,,,,,,,,,,,*CCCC(CCCC(*)C(=O)O)C(=O)O,*CCCC(CCCC(CCCC(CCCC(*)C(=O)O)C(=O)O)C(=O)O)C(=O)O,*CCCC(*)C(=O)O,True,insertion
Poly(N-tert-butylacrylamide),*CC(*)C(=O)NC(C)(C[C@H])C,,,,,,,401.0,,,,,,,,,,,,,,,,,,,,,,*CC(CC(*)C(=O)NC(C)(C)C)C(=O)NC(C)(C)C,*CC(CC(CC(CC(*)C(=O)NC(C)(C)C)C(=O)NC(C)(C)C)C(=O)NC(C)(C)C)C(=O)NC(C)(C)C,*CC(*)C(=O)NC(C)(C)C,True,insertion
poly(indene carbonate)s,*OC(COCCC)C([Na+]COCCC)OC(*)=O,,,,,,,423.0,,,,,,,,,,,,,,,,,,,,,,*OC(COCCC)C(COCCC)OC(=O)OC(COCCC)C(COCCC)OC(*)=O,*OC(COCCC)C(COCCC)OC(=O)OC(COCCC)C(COCCC)OC(=O)OC(COCCC)C(COCCC)OC(=O)OC(COCCC)C(COCCC)OC(*)=O,*OC(COCCC)C(COCCC)OC(*)=O,True,insertion
poly(styrene-co-methylmethacrylate),*CC(CC(*)(C)C(=O)OCS)c1ccccc1,,,,,,,375.15,,,,,,,,,,,,,,,,,,,,,,*CC(CC(C)(CC(CC(*)(C)C(=O)OC)c1ccccc1)C(=O)OC)c1ccccc1,*CC(CC(C)(CC(CC(C)(CC(CC(C)(CC(CC(*)(C)C(=O)OC)c1ccccc1)C(=O)OC)c1ccccc1)C(=O)OC)c1ccccc1)C(=O)OC)c1ccccc1,*CC(CC(*)(C)C(=O)OC)c1ccccc1,True,insertion
Poly(sodium methacrylate),*CC(*)(C)C(=[C@@]O)[O-].[Na+],,,,,,,583.0,,,,,,,,,,,,,,,,,,,,,,*CC(C)(CC(*)(C)C(=O)[O-])C(=O)[O-].[Na+].[Na+],*CC(C)(CC(C)(CC(C)(CC(*)(C)C(=O)[O-])C(=O)[O-])C(=O)[O-])C(=O)[O-].[Na+].[Na+].[Na+].[Na+],*CC(*)(C)C(=O)[O-].[Na+],True,insertion
poly(acrylonitrile-co-styrene-co-acrylate),*CC(C#N)CC(CCC(*)C(=O)OC)c1ccccc1,,,,,,,388.15,,,,,,,,,,,,,,,,,,,,,,*CC(C#N)CC(CC(CC(C#N)CC(CC(*)C(=O)OC)c1ccccc1)C(=O)OC)c1ccccc1,*CC(C#N)CC(CC(CC(C#N)CC(CC(CC(C#N)CC(CC(CC(C#N)CC(CC(*)C(=O)OC)c1ccccc1)C(=O)OC)c1ccccc1)C(=O)OC)c1ccccc1)C(=O)OC)c1ccccc1,*CC(C#N)CC(CC(*)C(=O)OC)c1ccccc1,True,insertion
"Poly(1,2-epoxybutane)",*CCOC[C@@H]*,,,,,,,203.0,,,,,,,,,,,,,,,,,,,,,,*CCOCCCOC*,*CCOCCCOCCCOCCCOC*,*CCOC*,True,insertion
ethylene-propylene diene terpolymer,*CCC(C)CC1C2C/C(=C/SC)C(C2)C1*,,,,,,,214.65,,,,,,,,,,,,,,,,,,,,,,*CCC(C)CC1C2CC(=CC)C(C2)C1CCC(C)CC1C2CC(=CC)C(C2)C1*,*CCC(C)CC1C2CC(=CC)C(C2)C1CCC(C)CC1C2CC(=CC)C(C2)C1CCC(C)CC1C2CC(=CC)C(C2)C1CCC(C)CC1C2CC(=CC)C(C2)C1*,*CCC(C)CC1C2C/C(=C/C)C(C2)C1*,True,insertion
poly(benzyl methacrylate ),*CC(*)(C)C(=O)OCc1cOcccc1,,,,,,,327.0,,,,,,,,,,,,,,,,,,,,,,*CC(C)(CC(*)(C)C(=O)OCc1ccccc1)C(=O)OCc1ccccc1,*CC(C)(CC(C)(CC(C)(CC(*)(C)C(=O)OCc1ccccc1)C(=O)OCc1ccccc1)C(=O)OCc1ccccc1)C(=O)OCc1ccccc1,*CC(*)(C)C(=O)OCc1ccccc1,True,insertion
"Poly[biphenyl-4,4 \'91 -diylcarbonyl(6-methoxy-1,3-phenylene)[bis(trifluoromethyl)methylene](4-methoxy-1,3-phenylene)carbonyl ] ( P3 )",*C(=O)c1cc(C(c2ccc(OC)c(C(=O)c3ccc(-c4ccc(*)occ4)cc3)c2)(C(F)(F)F)C(F)(F)F)ccc1OC,,,,,,,463.0,,,,,,,,,,,,,,,,,,,,,,*C(=O)c1cc(C(c2ccc(OC)c(C(=O)c3ccc(-c4ccc(C(=O)c5cc(C(c6ccc(OC)c(C(=O)c7ccc(-c8ccc(*)cc8)cc7)c6)(C(F)(F)F)C(F)(F)F)ccc5OC)cc4)cc3)c2)(C(F)(F)F)C(F)(F)F)ccc1OC,*C(=O)c1cc(C(c2ccc(OC)c(C(=O)c3ccc(-c4ccc(C(=O)c5cc(C(c6ccc(OC)c(C(=O)c7ccc(-c8ccc(C(=O)c9cc(C(c%10ccc(OC)c(C(=O)c%11ccc(-c%12ccc(C(=O)c%13cc(C(c%14ccc(OC)c(C(=O)c%15ccc(-c%16ccc(*)cc%16)cc%15)c%14)(C(F)(F)F)C(F)(F)F)ccc%13OC)cc%12)cc%11)c%10)(C(F)(F)F)C(F)(F)F)ccc9OC)cc8)cc7)c6)(C(F)(F)F)C(F)(F)F)ccc5OC)cc4)cc3)c2)(C(F)(F)F)C(F)(F)F)ccc1OC,*C(=O)c1cc(C(c2ccc(OC)c(C(=O)c3ccc(-c4ccc(*)cc4)cc3)c2)(C(F)(F)F)C(F)(F)F)ccc1OC,True,insertion
Poly(nitroxylstyrene)s,*CC(*)c1c[SiH]cc(N([O])C(C)(C)C)cc1,,,,,,,383.0,,,,,,,,,,,,,,,,,,,,,,*CC(CC(*)c1ccc(N(O)C(C)(C)C)cc1)c1ccc(N(O)C(C)(C)C)cc1,*CC(CC(CC(CC(*)c1ccc(N(O)C(C)(C)C)cc1)c1ccc(N(O)C(C)(C)C)cc1)c1ccc(N(O)C(C)(C)C)cc1)c1ccc(N(O)C(C)(C)C)cc1,*CC(*)c1ccc(N([O])C(C)(C)C)cc1,True,insertion
Poly(2-ethoxyethyl acrylate),*CC(*)C(=O)OCC[C@@H]OCC,,,,,,,223.0,,,,,,,,,,,,,,,,,,,,,,*CC(CC(*)C(=O)OCCOCC)C(=O)OCCOCC,*CC(CC(CC(CC(*)C(=O)OCCOCC)C(=O)OCCOCC)C(=O)OCCOCC)C(=O)OCCOCC,*CC(*)C(=O)OCCOCC,True,insertion
"Poly(1,2-epoxyoctane)",*CCCCCCCOC[Na+]*,,,,,,,206.0,,,,,,,,,,,,,,,,,,,,,,*CCCCCCCOCCCCCCCCOC*,*CCCCCCCOCCCCCCCCOCCCCCCCCOCCCCCCCCOC*,*CCCCCCCOC*,True,insertion
Poly(Bisphenol A carbonate) (PC),*[C@@H]Oc1ccc(C(C)(C)c2ccc(O*)cc2)cc1,,,,,,,447.0,,,,,,,,,,,,,,,,,,,,,,*Oc1ccc(C(C)(C)c2ccc(OOc3ccc(C(C)(C)c4ccc(O*)cc4)cc3)cc2)cc1,*Oc1ccc(C(C)(C)c2ccc(OOc3ccc(C(C)(C)c4ccc(OOc5ccc(C(C)(C)c6ccc(OOc7ccc(C(C)(C)c8ccc(O*)cc8)cc7)cc6)cc5)cc4)cc3)cc2)cc1,*Oc1ccc(C(C)(C)c2ccc(O*)cc2)cc1,True,insertion
polyacrylonitrile,*CC(*)[O]C#C,,,,,,,393.0,,,,,,,,,,,,,,,,,,,,,,*CC(C#C)CC(*)C#C,*CC(C#C)CC(C#C)CC(C#C)CC(*)C#C,*CC(*)C#C,True,insertion
"poly(1,4-phenylene)",*c1cc[N+]c(*)cc1,,,,,,,438.15,,,,,,,,,,,,,,,,,,,,,,*c1ccc(-c2ccc(*)cc2)cc1,*c1ccc(-c2ccc(-c3ccc(-c4ccc(*)cc4)cc3)cc2)cc1,*c1ccc(*)cc1,True,insertion
polynorbornene,*C1CC2CCC(C2)C1*,,,,,,,313.15,,,,,,,,,,,,,,,,,,,,,,*C1C2CCC(C2)C1C1C2CCC(C2)C1*,*C1C2CCC(C2)C1C1C2CCC(C2)C1C1C2CCC(C2)C1C1C2CCC(C2)C1*,*C1C2CCC(C2)C1*,True,insertion
Poly(dodecyl acrylate),*CC(*)C(=[C@@H]O)OCCCCCCCCCCCC,,,,,,,270.0,,,,,,,,,,,,,,,,,,,,,,*CC(CC(*)C(=O)OCCCCCCCCCCCC)C(=O)OCCCCCCCCCCCC,*CC(CC(CC(CC(*)C(=O)OCCCCCCCCCCCC)C(=O)OCCCCCCCCCCCC)C(=O)OCCCCCCCCCCCC)C(=O)OCCCCCCCCCCCC,*CC(*)C(=O)OCCCCCCCCCCCC,True,insertion
polyphosphazenes_1,*N=P(*)(OC[Na+]C(F)(F)F)OCC(F)(F)F,,,,,,,208.0,,,,,,,,,,,,,,,,,,,,,,*N=P(N=P(*)(OCC(F)(F)F)OCC(F)(F)F)(OCC(F)(F)F)OCC(F)(F)F,*N=P(N=P(N=P(N=P(*)(OCC(F)(F)F)OCC(F)(F)F)(OCC(F)(F)F)OCC(F)(F)F)(OCC(F)(F)F)OCC(F)(F)F)(OCC(F)(F)F)OCC(F)(F)F,*N=P(*)(OCC(F)(F)F)OCC(F)(F)F,True,insertion
"poly(1,3-adamantane)s",*/[C@]12C[C@]3(*)C[C@](CCCC)(C1)C[C@](CCCC)(C2)C3,,,,,,,412.0,,,,,,,,,,,,,,,,,,,,,,*C12CC3(CCCC)CC(CCCC)(C1)CC(C14CC5(*)CC(CCCC)(CC(CCCC)(C5)C1)C4)(C2)C3,*C12CC3(CCCC)CC(CCCC)(C1)CC(C14CC5(CCCC)CC(CCCC)(C1)CC(C16CC7(CCCC)CC(CCCC)(CC(C89CC%10(*)CC(CCCC)(CC(CCCC)(C%10)C8)C9)(C7)C1)C6)(C5)C4)(C2)C3,*[C@]12C[C@]3(*)C[C@](CCCC)(C1)C[C@](CCCC)(C2)C3,True,insertion
Poly(vinyl carbazole),*CC(*)c1cccc2c[SiH]1[nH]c1ccccc12,,,,,,,500.0,,,,,,,,,,,,,,,,,,,,,,*CC(CC(*)c1cccc2c1[nH]c1ccccc12)c1cccc2c1[nH]c1ccccc12,*CC(CC(CC(CC(*)c1cccc2c1[nH]c1ccccc12)c1cccc2c1[nH]c1ccccc12)c1cccc2c1[nH]c1ccccc12)c1cccc2c1[nH]c1ccccc12,*CC(*)c1cccc2c1[nH]c1ccccc12,True,insertion
poly(3-hydroxybutyrate-co-3-hydroxyvalerate),*\OC(CC)CC(=O)OC(C)CC(*)=O,,,,,,,256.75,,,,,,,,,,,,,,,,,,,,,,*OC(CC)CC(=O)OC(C)CC(=O)OC(CC)CC(=O)OC(C)CC(*)=O,*OC(CC)CC(=O)OC(C)CC(=O)OC(CC)CC(=O)OC(C)CC(=O)OC(CC)CC(=O)OC(C)CC(=O)OC(CC)CC(=O)OC(C)CC(*)=O,*OC(CC)CC(=O)OC(C)CC(*)=O,True,insertion
Poly(2-ethylhexyl vinyl ether),*CC(*)O[N+]CC(CC)CCCC,,,,,,,207.0,,,,,,,,,,,,,,,,,,,,,,*CC(CC(*)OCC(CC)CCCC)OCC(CC)CCCC,*CC(CC(CC(CC(*)OCC(CC)CCCC)OCC(CC)CCCC)OCC(CC)CCCC)OCC(CC)CCCC,*CC(*)OCC(CC)CCCC,True,insertion
"poly(1,3-adamantane)s",*[C@]12C[C@]3(*)C[C@](CCCC)(C1)C[C@](CCCC)(Cs2)C3,,,,,,,412.0,,,,,,,,,,,,,,,,,,,,,,*C12CC3(CCCC)CC(CCCC)(C1)CC(C14CC5(*)CC(CCCC)(CC(CCCC)(C5)C1)C4)(C2)C3,*C12CC3(CCCC)CC(CCCC)(C1)CC(C14CC5(CCCC)CC(CCCC)(C1)CC(C16CC7(CCCC)CC(CCCC)(CC(C89CC%10(*)CC(CCCC)(CC(CCCC)(C%10)C8)C9)(C7)C1)C6)(C5)C4)(C2)C3,*[C@]12C[C@]3(*)C[C@](CCCC)(C1)C[C@](CCCC)(C2)C3,True,insertion
isotactic-polystyrene,*CC(CC(*)c1ccccc1)c1cccc[SiH]c1,,,,,,,363.15,,,,,,,,,,,,,,,,,,,,,,*CC(CC(CC(CC(*)c1ccccc1)c1ccccc1)c1ccccc1)c1ccccc1,*CC(CC(CC(CC(CC(CC(CC(CC(*)c1ccccc1)c1ccccc1)c1ccccc1)c1ccccc1)c1ccccc1)c1ccccc1)c1ccccc1)c1ccccc1,*CC(CC(*)c1ccccc1)c1ccccc1,True,insertion
poly(p-methylstyrene),*CC(*)c1cc[Na+]c(C)cc1,,,,,,,373.325,,,,,,,,,,,,,,,,,,,,,,*CC(CC(*)c1ccc(C)cc1)c1ccc(C)cc1,*CC(CC(CC(CC(*)c1ccc(C)cc1)c1ccc(C)cc1)c1ccc(C)cc1)c1ccc(C)cc1,*CC(*)c1ccc(C)cc1,True,insertion
Poly(vinyl propionate),*CC(*)O[SiH]C(=O)CC,,,,,,,283.0,,,,,,,,,,,,,,,,,,,,,,*CC(CC(*)OC(=O)CC)OC(=O)CC,*CC(CC(CC(CC(*)OC(=O)CC)OC(=O)CC)OC(=O)CC)OC(=O)CC,*CC(*)OC(=O)CC,True,insertion
"poly(2,2\uc0\u8242 -dioxy-1,1\u8242 -biphenyl)phosphazene",*N=P1(*)Oc2ccccc2-Sc2ccccc2O1,,,,,,,433.0,,,,,,,,,,,,,,,,,,,,,,*N=P1(N=P2(*)Oc3ccccc3-c3ccccc3O2)Oc2ccccc2-c2ccccc2O1,*N=P1(N=P2(N=P3(N=P4(*)Oc5ccccc5-c5ccccc5O4)Oc4ccccc4-c4ccccc4O3)Oc3ccccc3-c3ccccc3O2)Oc2ccccc2-c2ccccc2O1,*N=P1(*)Oc2ccccc2-c2ccccc2O1,True,insertion
PA12,[*]NCOCCCCCCCCCCC([*])=O,,,773.0,422.8154545,206.6090909,58.0,319.204,,,30.575,,,,452.7014925,,,,,0.472666667,47.172,634.8485714,,77.68,1.0,1130.415385,,,,*NCCCCCCCCCCCC(=O)NCCCCCCCCCCCC(*)=O,*NCCCCCCCCCCCC(=O)NCCCCCCCCCCCC(=O)NCCCCCCCCCCCC(=O)NCCCCCCCCCCCC(*)=O,*NCCCCCCCCCCCC(*)=O,True,insertion
polyphthalamide,*NCCCCCCNC(=O)c1ccc(C(=O)NCCCCCC[Si]NC(=O)c2cccc(C(*)=O)c2)cc1,,,,,,,402.65,,,,,,,,,,,,,,,,,,,,,,*NCCCCCCNC(=O)c1ccc(C(=O)NCCCCCCNC(=O)c2cccc(C(=O)NCCCCCCNC(=O)c3ccc(C(=O)NCCCCCCNC(=O)c4cccc(C(*)=O)c4)cc3)c2)cc1,*NCCCCCCNC(=O)c1ccc(C(=O)NCCCCCCNC(=O)c2cccc(C(=O)NCCCCCCNC(=O)c3ccc(C(=O)NCCCCCCNC(=O)c4cccc(C(=O)NCCCCCCNC(=O)c5ccc(C(=O)NCCCCCCNC(=O)c6cccc(C(=O)NCCCCCCNC(=O)c7ccc(C(=O)NCCCCCCNC(=O)c8cccc(C(*)=O)c8)cc7)c6)cc5)c4)cc3)c2)cc1,*NCCCCCCNC(=O)c1ccc(C(=O)NCCCCCCNC(=O)c2cccc(C(*)=O)c2)cc1,True,insertion
Poly(nitroxylstyrene)s,*CC(*)c1ccc(N([O])C(C)(C)/C)cc1,,,,,,,383.0,,,,,,,,,,,,,,,,,,,,,,*CC(CC(*)c1ccc(N(O)C(C)(C)C)cc1)c1ccc(N(O)C(C)(C)C)cc1,*CC(CC(CC(CC(*)c1ccc(N(O)C(C)(C)C)cc1)c1ccc(N(O)C(C)(C)C)cc1)c1ccc(N(O)C(C)(C)C)cc1)c1ccc(N(O)C(C)(C)C)cc1,*CC(*)c1ccc(N([O])C(C)(C)C)cc1,True,insertion
polyacrylonitrile,*CC(*)C#CP,,,,,,,393.0,,,,,,,,,,,,,,,,,,,,,,*CC(C#C)CC(*)C#C,*CC(C#C)CC(C#C)CC(C#C)CC(*)C#C,*CC(*)C#C,True,insertion
acrylonitrile-butadiene-acrylate copolymer,*CC(C#N)C/NC=C/CCC(*)C(=O)OC,,,,,,,427.15,,,,,,,,,,,,,,,,,,,,,,*CC(C#N)CC=CCCC(CC(C#N)CC=CCCC(*)C(=O)OC)C(=O)OC,*CC(C#N)CC=CCCC(CC(C#N)CC=CCCC(CC(C#N)CC=CCCC(CC(C#N)CC=CCCC(*)C(=O)OC)C(=O)OC)C(=O)OC)C(=O)OC,*CC(C#N)C/C=C/CCC(*)C(=O)OC,True,insertion
cyclic olefin copolymer,*CCC1C2CSCC(C2)C1*,,,,,,,392.65,,,,,,,,,,,,,,,,,,,,,,*CCC1C2CCC(C2)C1CCC1C2CCC(C2)C1*,*CCC1C2CCC(C2)C1CCC1C2CCC(C2)C1CCC1C2CCC(C2)C1CCC1C2CCC(C2)C1*,*CCC1C2CCC(C2)C1*,True,insertion
Poly(vinyl 4-tert-butylbenzoate),*CC(*)OC(=O)c1[N+]ccc(C(C)(C)C)cc1,,,,,,,374.0,,,,,,,,,,,,,,,,,,,,,,*CC(CC(*)OC(=O)c1ccc(C(C)(C)C)cc1)OC(=O)c1ccc(C(C)(C)C)cc1,*CC(CC(CC(CC(*)OC(=O)c1ccc(C(C)(C)C)cc1)OC(=O)c1ccc(C(C)(C)C)cc1)OC(=O)c1ccc(C(C)(C)C)cc1)OC(=O)c1ccc(C(C)(C)C)cc1,*CC(*)OC(=O)c1ccc(C(C)(C)C)cc1,True,insertion
"Poly(1,2-epoxybutane)",*CCO[Si]C*,,,,,,,203.0,,,,,,,,,,,,,,,,,,,,,,*CCOCCCOC*,*CCOCCCOCCCOCCCOC*,*CCOC*,True,insertion
Poly(phenyl methacrylate),*CC(*)(C)C(=O)OPc1ccccc1,,,,,,,383.0,,,,,,,,,,,,,,,,,,,,,,*CC(C)(CC(*)(C)C(=O)Oc1ccccc1)C(=O)Oc1ccccc1,*CC(C)(CC(C)(CC(C)(CC(*)(C)C(=O)Oc1ccccc1)C(=O)Oc1ccccc1)C(=O)Oc1ccccc1)C(=O)Oc1ccccc1,*CC(*)(C)C(=O)Oc1ccccc1,True,insertion
polypropylene glycol,*C[Na+]C(C)O*,,,,,,,197.65,,,,,,,,,,,,,,,,,,,,,,*CC(C)OCC(C)O*,*CC(C)OCC(C)OCC(C)OCC(C)O*,*CC(C)O*,True,insertion
Poly(1-octadecene),*CC(*)CCCCCCCCCCCCC[C@@]CCC,,,,,,,328.0,,,,,,,,,,,,,,,,,,,,,,*CC(CCCCCCCCCCCCCCCC)CC(*)CCCCCCCCCCCCCCCC,*CC(CCCCCCCCCCCCCCCC)CC(CCCCCCCCCCCCCCCC)CC(CCCCCCCCCCCCCCCC)CC(*)CCCCCCCCCCCCCCCC,*CC(*)CCCCCCCCCCCCCCCC,True,insertion
Poly(octadecyl methacrylate),*CC(*)(C)C(=O)OCCCC[C@@]CCCCCCCCCCCCCC,,,,,,,173.0,,,,,,,,,,,,,,,,,,,,,,*CC(C)(CC(*)(C)C(=O)OCCCCCCCCCCCCCCCCCC)C(=O)OCCCCCCCCCCCCCCCCCC,*CC(C)(CC(C)(CC(C)(CC(*)(C)C(=O)OCCCCCCCCCCCCCCCCCC)C(=O)OCCCCCCCCCCCCCCCCCC)C(=O)OCCCCCCCCCCCCCCCCCC)C(=O)OCCCCCCCCCCCCCCCCCC,*CC(*)(C)C(=O)OCCCCCCCCCCCCCCCCCC,True,insertion
Poly(vinyl cyclohexanoate),*CC(*)OC([N+]=O)C1CCCCC1,,,,,,,349.0,,,,,,,,,,,,,,,,,,,,,,*CC(CC(*)OC(=O)C1CCCCC1)OC(=O)C1CCCCC1,*CC(CC(CC(CC(*)OC(=O)C1CCCCC1)OC(=O)C1CCCCC1)OC(=O)C1CCCCC1)OC(=O)C1CCCCC1,*CC(*)OC(=O)C1CCCCC1,True,insertion
poly(p-methylenetriphenylamine),*[C@@H]Cc1ccc(N(c2ccccc2)c2ccc(*)cc2)cc1,,,,,,,431.0,,,,,,,,,,,,,,,,,,,,,,*Cc1ccc(N(c2ccccc2)c2ccc(Cc3ccc(N(c4ccccc4)c4ccc(*)cc4)cc3)cc2)cc1,*Cc1ccc(N(c2ccccc2)c2ccc(Cc3ccc(N(c4ccccc4)c4ccc(Cc5ccc(N(c6ccccc6)c6ccc(Cc7ccc(N(c8ccccc8)c8ccc(*)cc8)cc7)cc6)cc5)cc4)cc3)cc2)cc1,*Cc1ccc(N(c2ccccc2)c2ccc(*)cc2)cc1,True,insertion
Poly(vinyl carbazole),*CC(*)c1cccCc2c1[nH]c1ccccc12,,,,,,,500.0,,,,,,,,,,,,,,,,,,,,,,*CC(CC(*)c1cccc2c1[nH]c1ccccc12)c1cccc2c1[nH]c1ccccc12,*CC(CC(CC(CC(*)c1cccc2c1[nH]c1ccccc12)c1cccc2c1[nH]c1ccccc12)c1cccc2c1[nH]c1ccccc12)c1cccc2c1[nH]c1ccccc12,*CC(*)c1cccc2c1[nH]c1ccccc12,True,insertion
"Polybutadiene,_cis",*C/C=[C@]C\C*,,,,,,,279.0,,,,,,,,,,,,,,,,,,,,,,*CC=CCCC=CC*,*CC=CCCC=CCCC=CCCC=CC*,*C/C=C\C*,True,insertion
cyanoacrylate,*CPC(*)(C#N)C(=O)OCC,,,,,,,358.15,,,,,,,,,,,,,,,,,,,,,,*CC(C#N)(CC(*)(C#N)C(=O)OCC)C(=O)OCC,*CC(C#N)(CC(C#N)(CC(C#N)(CC(*)(C#N)C(=O)OCC)C(=O)OCC)C(=O)OCC)C(=O)OCC,*CC(*)(C#N)C(=O)OCC,True,insertion
Polyacenaphthylene,*C[Si]1c2cccc3cccc(c23)C1*,,,,,,,487.0,,,,,,,,,,,,,,,,,,,,,,*C1c2cccc3cccc(c23)C1C1c2cccc3cccc(c23)C1*,*C1c2cccc3cccc(c23)C1C1c2cccc3cccc(c23)C1C1c2cccc3cccc(c23)C1C1c2cccc3cccc(c23)C1*,*C1c2cccc3cccc(c23)C1*,True,insertion
Poly(2-ethoxyethyl acrylate),*CC(*)C([N+]=O)OCCOCC,,,,,,,223.0,,,,,,,,,,,,,,,,,,,,,,*CC(CC(*)C(=O)OCCOCC)C(=O)OCCOCC,*CC(CC(CC(CC(*)C(=O)OCCOCC)C(=O)OCCOCC)C(=O)OCCOCC)C(=O)OCCOCC,*CC(*)C(=O)OCCOCC,True,insertion
"Poly(1,2-epoxydecane)",*CCCCCCCCOCC*,,,,,,,203.0,,,,,,,,,,,,,,,,,,,,,,*CCCCCCCCCOCCCCCCCCCCOC*,*CCCCCCCCCOCCCCCCCCCCOCCCCCCCCCCOCCCCCCCCCCOC*,*CCCCCCCCCOC*,True,rearrangement
Poly(dodecyl methacrylate),*CC(*)(C)C(=O)COCCCCCCCCCCC,,,,,,,209.5,,,,,,,,,,,,,,,,,,,,,,*CC(C)(CC(*)(C)C(=O)OCCCCCCCCCCCC)C(=O)OCCCCCCCCCCCC,*CC(C)(CC(C)(CC(C)(CC(*)(C)C(=O)OCCCCCCCCCCCC)C(=O)OCCCCCCCCCCCC)C(=O)OCCCCCCCCCCCC)C(=O)OCCCCCCCCCCCC,*CC(*)(C)C(=O)OCCCCCCCCCCCC,True,rearrangement
poly(ethyl acrylate ),*CC(*)C(=O)CCO,,,,,,,250.0,,,,,,,,,,,,,,,,,,,,,,*CC(CC(*)C(=O)OCC)C(=O)OCC,*CC(CC(CC(CC(*)C(=O)OCC)C(=O)OCC)C(=O)OCC)C(=O)OCC,*CC(*)C(=O)OCC,True,rearrangement
poly(ethyl acrylate-co-methyl methacrylate-co-triammonioethyl methacrylate chloride),*CC(CC(C)(CC(*)(C)C(=O)OCC[N+](C)(C)C)C(=O)OC)C(=O)COC.[Cl-],,,,,,,333.15,,,,,,,,,,,,,,,,,,,,,,*CC(CC(C)(CC(C)(CC(CC(C)(CC(*)(C)C(=O)OCC[N+](C)(C)C)C(=O)OC)C(=O)OCC)C(=O)OCC[N+](C)(C)C)C(=O)OC)C(=O)OCC.[Cl-].[Cl-],*CC(CC(C)(CC(C)(CC(CC(C)(CC(C)(CC(CC(C)(CC(C)(CC(CC(C)(CC(*)(C)C(=O)OCC[N+](C)(C)C)C(=O)OC)C(=O)OCC)C(=O)OCC[N+](C)(C)C)C(=O)OC)C(=O)OCC)C(=O)OCC[N+](C)(C)C)C(=O)OC)C(=O)OCC)C(=O)OCC[N+](C)(C)C)C(=O)OC)C(=O)OCC.[Cl-].[Cl-].[Cl-].[Cl-],*CC(CC(C)(CC(*)(C)C(=O)OCC[N+](C)(C)C)C(=O)OC)C(=O)OCC.[Cl-],True,rearrangement
"Poly(1,2-epoxydecane)",*CCCCCCCOCCC*,,,,,,,203.0,,,,,,,,,,,,,,,,,,,,,,*CCCCCCCCCOCCCCCCCCCCOC*,*CCCCCCCCCOCCCCCCCCCCOCCCCCCCCCCOCCCCCCCCCCOC*,*CCCCCCCCCOC*,True,rearrangement
Poly(dodecyl vinyl ether),*CC(*)COCCCCCCCCCCC,,,,,,,211.0,,,,,,,,,,,,,,,,,,,,,,*CC(CC(*)OCCCCCCCCCCCC)OCCCCCCCCCCCC,*CC(CC(CC(CC(*)OCCCCCCCCCCCC)OCCCCCCCCCCCC)OCCCCCCCCCCCC)OCCCCCCCCCCCC,*CC(*)OCCCCCCCCCCCC,True,rearrangement
"Poly(1,2-epoxybutane)",*OCCC*,,,,,,,203.0,,,,,,,,,,,,,,,,,,,,,,*CCOCCCOC*,*CCOCCCOCCCOCCCOC*,*CCOC*,True,rearrangement
Poly(ethyl vinyl ether),*CC(*)CCO,,,,,,,230.0,,,,,,,,,,,,,,,,,,,,,,*CC(CC(*)OCC)OCC,*CC(CC(CC(CC(*)OCC)OCC)OCC)OCC,*CC(*)OCC,True,rearrangement
Poly(vinyl formal),*CCCOC*,,,,,,,378.0,,,,,,,,,,,,,,,,,,,,,,*CCOCCCCOCC*,*CCOCCCCOCCCCOCCCCOCC*,*CCOCC*,True,rearrangement
polyphosphazenes_1,*N=P(*)(OCC(F)(F)F)COC(F)(F)F,,,,,,,208.0,,,,,,,,,,,,,,,,,,,,,,*N=P(N=P(*)(OCC(F)(F)F)OCC(F)(F)F)(OCC(F)(F)F)OCC(F)(F)F,*N=P(N=P(N=P(N=P(*)(OCC(F)(F)F)OCC(F)(F)F)(OCC(F)(F)F)OCC(F)(F)F)(OCC(F)(F)F)OCC(F)(F)F)(OCC(F)(F)F)OCC(F)(F)F,*N=P(*)(OCC(F)(F)F)OCC(F)(F)F,True,rearrangement
Poly(propyl methacrylate),*CC(*)(C)C(=O)COCC,,,,,,,311.0,,,,,,,,,,,,,,,,,,,,,,*CC(C)(CC(*)(C)C(=O)OCCC)C(=O)OCCC,*CC(C)(CC(C)(CC(C)(CC(*)(C)C(=O)OCCC)C(=O)OCCC)C(=O)OCCC)C(=O)OCCC,*CC(*)(C)C(=O)OCCC,True,rearrangement
poly(2-(4-vinylphenyl)pyridine),*CC(*)c1ccc(-c2cccnc2)cc1,,,,,,,434.4,,,,,,,,,,,,,,,,,,,,,,*CC(CC(*)c1ccc(-c2ccccn2)cc1)c1ccc(-c2ccccn2)cc1,*CC(CC(CC(CC(*)c1ccc(-c2ccccn2)cc1)c1ccc(-c2ccccn2)cc1)c1ccc(-c2ccccn2)cc1)c1ccc(-c2ccccn2)cc1,*CC(*)c1ccc(-c2ccccn2)cc1,True,rearrangement
PSS,[*]CC(C1=C=CC(S(O)(=O)=O)C=C1)[*],2.014736842,1109.0,0.32,391.15,44.48,,373.4585106,80.0,293.3333333,,2.56,,328.15,514.4277778,,1109.0,1.487329412,166.75,0.366305556,25.51238095,607.275,308.15,47.61257353,80.0,614.1428846,,,,*CC(CC(*)c1ccc(S(=O)(=O)O)cc1)c1ccc(S(=O)(=O)O)cc1,*CC(CC(CC(CC(*)c1ccc(S(=O)(=O)O)cc1)c1ccc(S(=O)(=O)O)cc1)c1ccc(S(=O)(=O)O)cc1)c1ccc(S(=O)(=O)O)cc1,*CC(*)c1ccc(S(=O)(=O)O)cc1,True,rearrangement
poly(p-methoxyphenyl-p'-acryloyloxy benzoate ),*CC(*)C(=O)CCOOc1ccc(C(=O)Oc2ccc(OC)cc2)cc1,,,,,,,338.0,,,,,,,,,,,,,,,,,,,,,,*CC(CC(*)C(=O)OCCOc1ccc(C(=O)Oc2ccc(OC)cc2)cc1)C(=O)OCCOc1ccc(C(=O)Oc2ccc(OC)cc2)cc1,*CC(CC(CC(CC(*)C(=O)OCCOc1ccc(C(=O)Oc2ccc(OC)cc2)cc1)C(=O)OCCOc1ccc(C(=O)Oc2ccc(OC)cc2)cc1)C(=O)OCCOc1ccc(C(=O)Oc2ccc(OC)cc2)cc1)C(=O)OCCOc1ccc(C(=O)Oc2ccc(OC)cc2)cc1,*CC(*)C(=O)OCCOc1ccc(C(=O)Oc2ccc(OC)cc2)cc1,True,rearrangement
PES,[*]OOCCC(CCC([*])=O)=O,3.2925,7.316666667,193.7,481.47,40.86571429,107.8111111,485.5032864,37.00666667,55.94666667,3.4,1.092142857,,348.15,382.4709639,,7.316666667,1.644113636,4.82,0.993714286,24.04446154,684.5137255,,68.20845679,39.19083333,1261.16,,,,*OCCOC(=O)CCC(=O)OCCOC(=O)CCC(*)=O,*OCCOC(=O)CCC(=O)OCCOC(=O)CCC(=O)OCCOC(=O)CCC(=O)OCCOC(=O)CCC(*)=O,*OCCOC(=O)CCC(*)=O,True,rearrangement
PPG,[*]COC(C)O[*],,140.0,,388.65,265.4,,218.3781579,,,,,,304.5428571,364.7166667,,140.0,1.447,21.33333333,,8.32,588.15,308.15,68.48380952,3.05,312.85,,,,*OCC(C)OOCC(C)O*,*OCC(C)OOCC(C)OOCC(C)OOCC(C)O*,*OCC(C)O*,True,rearrangement
PTMC,[*]OCOCCC([*])=O,,,48.41333333,,542.126,,256.1657627,,,,,,308.8166667,310.476087,,,,,,9.62,544.3227273,,75.35,12.765,5.83875,,,,*OCCCOC(=O)OCCCOC(*)=O,*OCCCOC(=O)OCCCOC(=O)OCCCOC(=O)OCCCOC(*)=O,*OCCCOC(*)=O,True,rearrangement
poly(indene carbonate)s,*OC(CCOCC)C(COCCC)OC(*)=O,,,,,,,423.0,,,,,,,,,,,,,,,,,,,,,,*OC(COCCC)C(COCCC)OC(=O)OC(COCCC)C(COCCC)OC(*)=O,*OC(COCCC)C(COCCC)OC(=O)OC(COCCC)C(COCCC)OC(=O)OC(COCCC)C(COCCC)OC(=O)OC(COCCC)C(COCCC)OC(*)=O,*OC(COCCC)C(COCCC)OC(*)=O,True,rearrangement
PSS,[*]CC(C1C=C=C(S(O)(=O)=O)C=C1)[*],2.014736842,1109.0,0.32,391.15,44.48,,373.4585106,80.0,293.3333333,,2.56,,328.15,514.4277778,,1109.0,1.487329412,166.75,0.366305556,25.51238095,607.275,308.15,47.61257353,80.0,614.1428846,,,,*CC(CC(*)c1ccc(S(=O)(=O)O)cc1)c1ccc(S(=O)(=O)O)cc1,*CC(CC(CC(CC(*)c1ccc(S(=O)(=O)O)cc1)c1ccc(S(=O)(=O)O)cc1)c1ccc(S(=O)(=O)O)cc1)c1ccc(S(=O)(=O)O)cc1,*CC(*)c1ccc(S(=O)(=O)O)cc1,True,rearrangement
Poly-PhNDI,*C=C1CC(C=*)C2C(=O)N(c3ccccc3)C(=O)C12,,,,,,,495.0,,,,,,,,,,,,,,,,,,,,,,*CC1CC(CCC2CC(C*)C3C(=O)N(c4ccccc4)C(=O)C23)C2C(=O)N(c3ccccc3)C(=O)C12,*CC1CC(CCC2CC(CCC3CC(CCC4CC(C*)C5C(=O)N(c6ccccc6)C(=O)C45)C4C(=O)N(c5ccccc5)C(=O)C34)C3C(=O)N(c4ccccc4)C(=O)C23)C2C(=O)N(c3ccccc3)C(=O)C12,*=CC1CC(C=*)C2C(=O)N(c3ccccc3)C(=O)C12,True,rearrangement
poly(ethylene-co-ethyl acrylate),*CCCC(*)C(=O)COC,,,,,,,240.15,,,,,,,,,,,,,,,,,,,,,,*CCCC(CCCC(*)C(=O)OCC)C(=O)OCC,*CCCC(CCCC(CCCC(CCCC(*)C(=O)OCC)C(=O)OCC)C(=O)OCC)C(=O)OCC,*CCCC(*)C(=O)OCC,True,rearrangement
polyurethanes.11,*NC(=O)COCN(CCOC(=O)Nc1ccc(C)c(*)c1)c1ccc(/N=N/c2ccc([N+](=O)[O-])cc2)c(Br)c1,,,,,,,413.0,,,,,,,,,,,,,,,,,,,,,,*NC(=O)OCCN(CCOC(=O)Nc1ccc(C)c(NC(=O)OCCN(CCOC(=O)Nc2ccc(C)c(*)c2)c2ccc(N=Nc3ccc([N+](=O)[O-])cc3)c(Br)c2)c1)c1ccc(N=Nc2ccc([N+](=O)[O-])cc2)c(Br)c1,*NC(=O)OCCN(CCOC(=O)Nc1ccc(C)c(NC(=O)OCCN(CCOC(=O)Nc2ccc(C)c(NC(=O)OCCN(CCOC(=O)Nc3ccc(C)c(NC(=O)OCCN(CCOC(=O)Nc4ccc(C)c(*)c4)c4ccc(N=Nc5ccc([N+](=O)[O-])cc5)c(Br)c4)c3)c3ccc(N=Nc4ccc([N+](=O)[O-])cc4)c(Br)c3)c2)c2ccc(N=Nc3ccc([N+](=O)[O-])cc3)c(Br)c2)c1)c1ccc(N=Nc2ccc([N+](=O)[O-])cc2)c(Br)c1,*NC(=O)OCCN(CCOC(=O)Nc1ccc(C)c(*)c1)c1ccc(/N=N/c2ccc([N+](=O)[O-])cc2)c(Br)c1,True,rearrangement
Poly(butyl vinyl ether),*CC(*)CCOCC,,,,,,,218.0,,,,,,,,,,,,,,,,,,,,,,*CC(CC(*)OCCCC)OCCCC,*CC(CC(CC(CC(*)OCCCC)OCCCC)OCCCC)OCCCC,*CC(*)OCCCC,True,rearrangement
Poly(dodecyl methacrylate),*CC(*)(C)C(=O)CCOCCCCCCCCCC,,,,,,,209.5,,,,,,,,,,,,,,,,,,,,,,*CC(C)(CC(*)(C)C(=O)OCCCCCCCCCCCC)C(=O)OCCCCCCCCCCCC,*CC(C)(CC(C)(CC(C)(CC(*)(C)C(=O)OCCCCCCCCCCCC)C(=O)OCCCCCCCCCCCC)C(=O)OCCCCCCCCCCCC)C(=O)OCCCCCCCCCCCC,*CC(*)(C)C(=O)OCCCCCCCCCCCC,True,rearrangement
Poly(octyl methacrylate),*CC(*)(C)C(=O)CCOCCCCCC,,,,,,,242.0,,,,,,,,,,,,,,,,,,,,,,*CC(C)(CC(*)(C)C(=O)OCCCCCCCC)C(=O)OCCCCCCCC,*CC(C)(CC(C)(CC(C)(CC(*)(C)C(=O)OCCCCCCCC)C(=O)OCCCCCCCC)C(=O)OCCCCCCCC)C(=O)OCCCCCCCC,*CC(*)(C)C(=O)OCCCCCCCC,True,rearrangement
Poly(2-isopropyl-2-oxazoline)s,*CNC(*)C(=C)C(C)C,,,,,,,300.0,,,,,,,,,,,,,,,,,,,,,,*CCN(CCN(*)C(=C)C(C)C)C(=C)C(C)C,*CCN(CCN(CCN(CCN(*)C(=C)C(C)C)C(=C)C(C)C)C(=C)C(C)C)C(=C)C(C)C,*CCN(*)C(=C)C(C)C,True,rearrangement
poly(propargyloxystyrene),*CC(*)c1ccc(C#CC)cc1,,,,,,,327.0,,,,,,,,,,,,,,,,,,,,,,*CC(CC(*)c1ccc(CC#C)cc1)c1ccc(CC#C)cc1,*CC(CC(CC(CC(*)c1ccc(CC#C)cc1)c1ccc(CC#C)cc1)c1ccc(CC#C)cc1)c1ccc(CC#C)cc1,*CC(*)c1ccc(CC#C)cc1,True,rearrangement
alkyd resin,*OCC(OCC(=O)c1ccccc1C(*)=O)OC,,,,,,,282.15,,,,,,,,,,,,,,,,,,,,,,*OCC(COC(=O)c1ccccc1C(=O)OCC(COC(=O)c1ccccc1C(*)=O)OC)OC,*OCC(COC(=O)c1ccccc1C(=O)OCC(COC(=O)c1ccccc1C(=O)OCC(COC(=O)c1ccccc1C(=O)OCC(COC(=O)c1ccccc1C(*)=O)OC)OC)OC)OC,*OCC(COC(=O)c1ccccc1C(*)=O)OC,True,rearrangement
poly(2-oxazoline)s,*CNC(*)C(=O)CC,,,,,,,249.5,,,,,,,,,,,,,,,,,,,,,,*CCN(CCN(*)C(=O)CC)C(=O)CC,*CCN(CCN(CCN(CCN(*)C(=O)CC)C(=O)CC)C(=O)CC)C(=O)CC,*CCN(*)C(=O)CC,True,rearrangement
poly(pentadecalactone),*CCOCCCCCCCCCCCCC(*)=O,,,,,,,246.0,,,,,,,,,,,,,,,,,,,,,,*OCCCCCCCCCCCCCCC(=O)OCCCCCCCCCCCCCCC(*)=O,*OCCCCCCCCCCCCCCC(=O)OCCCCCCCCCCCCCCC(=O)OCCCCCCCCCCCCCCC(=O)OCCCCCCCCCCCCCCC(*)=O,*OCCCCCCCCCCCCCCC(*)=O,True,rearrangement
Polyhydroxyalkanoate,*COCCCCCCCC(*)=O,,,,,,,235.0,,,,,,,,,,,,,,,,,,,,,,*OCCCCCCCCC(=O)OCCCCCCCCC(*)=O,*OCCCCCCCCC(=O)OCCCCCCCCC(=O)OCCCCCCCCC(=O)OCCCCCCCCC(*)=O,*OCCCCCCCCC(*)=O,True,rearrangement
poly(ethyl acrylate-co-methyl methacrylate-co-triammonioethyl methacrylate chloride),*CC(CC(C)(CC(*)(C)C(=O)OC[N+]C(C)(C)C)C(=O)OC)C(=O)OCC.[Cl-],,,,,,,333.15,,,,,,,,,,,,,,,,,,,,,,*CC(CC(C)(CC(C)(CC(CC(C)(CC(*)(C)C(=O)OCC[N+](C)(C)C)C(=O)OC)C(=O)OCC)C(=O)OCC[N+](C)(C)C)C(=O)OC)C(=O)OCC.[Cl-].[Cl-],*CC(CC(C)(CC(C)(CC(CC(C)(CC(C)(CC(CC(C)(CC(C)(CC(CC(C)(CC(*)(C)C(=O)OCC[N+](C)(C)C)C(=O)OC)C(=O)OCC)C(=O)OCC[N+](C)(C)C)C(=O)OC)C(=O)OCC)C(=O)OCC[N+](C)(C)C)C(=O)OC)C(=O)OCC)C(=O)OCC[N+](C)(C)C)C(=O)OC)C(=O)OCC.[Cl-].[Cl-].[Cl-].[Cl-],*CC(CC(C)(CC(*)(C)C(=O)OCC[N+](C)(C)C)C(=O)OC)C(=O)OCC.[Cl-],True,rearrangement
polyphosphazenes_2,*=NP(*)(Oc1ccc(-c2ccccc2)cc1)Oc1ccc(-c2ccccc2)cc1,,,,,,,366.0,,,,,,,,,,,,,,,,,,,,,,*N=P(N=P(*)(Oc1ccc(-c2ccccc2)cc1)Oc1ccc(-c2ccccc2)cc1)(Oc1ccc(-c2ccccc2)cc1)Oc1ccc(-c2ccccc2)cc1,*N=P(N=P(N=P(N=P(*)(Oc1ccc(-c2ccccc2)cc1)Oc1ccc(-c2ccccc2)cc1)(Oc1ccc(-c2ccccc2)cc1)Oc1ccc(-c2ccccc2)cc1)(Oc1ccc(-c2ccccc2)cc1)Oc1ccc(-c2ccccc2)cc1)(Oc1ccc(-c2ccccc2)cc1)Oc1ccc(-c2ccccc2)cc1,*N=P(*)(Oc1ccc(-c2ccccc2)cc1)Oc1ccc(-c2ccccc2)cc1,True,rearrangement
cyanoacrylate,*CC(*)(C#N)C(=O)COC,,,,,,,358.15,,,,,,,,,,,,,,,,,,,,,,*CC(C#N)(CC(*)(C#N)C(=O)OCC)C(=O)OCC,*CC(C#N)(CC(C#N)(CC(C#N)(CC(*)(C#N)C(=O)OCC)C(=O)OCC)C(=O)OCC)C(=O)OCC,*CC(*)(C#N)C(=O)OCC,True,rearrangement
"PMHPAC27 [Poly(5-methyl-5-(2-hydroxypropyl)aminocarbonyl-1,3-dioxan-2-one)]",*OCC(C)(COC(*)=O)C(=O)CNC(C)O,,,,,,,332.5,,,,,,,,,,,,,,,,,,,,,,*OCC(C)(COC(=O)OCC(C)(COC(*)=O)C(=O)NCC(C)O)C(=O)NCC(C)O,*OCC(C)(COC(=O)OCC(C)(COC(=O)OCC(C)(COC(=O)OCC(C)(COC(*)=O)C(=O)NCC(C)O)C(=O)NCC(C)O)C(=O)NCC(C)O)C(=O)NCC(C)O,*OCC(C)(COC(*)=O)C(=O)NCC(C)O,True,rearrangement
MEH-PPV,[*]C1=C(OC)C=C(/C/C=[*])C(OCC(CC)CCCC)=C1,2.144081633,,,458.15,,,343.0670213,,370.0,,,,,411.65,,,1.6485,,,,614.5875,,89.775,,9300.0,,,,*C=Cc1cc(OC)c(C=Cc2cc(OC)c(*)cc2OCC(CC)CCCC)cc1OCC(CC)CCCC,*C=Cc1cc(OC)c(C=Cc2cc(OC)c(C=Cc3cc(OC)c(C=Cc4cc(OC)c(*)cc4OCC(CC)CCCC)cc3OCC(CC)CCCC)cc2OCC(CC)CCCC)cc1OCC(CC)CCCC,*/C=C/c1cc(OC)c(*)cc1OCC(CC)CCCC,True,rearrangement
PA12,[*]CCNCCCCCCCCCC([*])=O,,,773.0,422.8154545,206.6090909,58.0,319.204,,,30.575,,,,452.7014925,,,,,0.472666667,47.172,634.8485714,,77.68,1.0,1130.415385,,,,*NCCCCCCCCCCCC(=O)NCCCCCCCCCCCC(*)=O,*NCCCCCCCCCCCC(=O)NCCCCCCCCCCCC(=O)NCCCCCCCCCCCC(=O)NCCCCCCCCCCCC(*)=O,*NCCCCCCCCCCCC(*)=O,True,rearrangement
"PMHPAC27 [Poly(5-methyl-5-(2-hydroxypropyl)aminocarbonyl-1,3-dioxan-2-one)]",*OCC(C)(COC(*)=O)C(=O)CCN(C)O,,,,,,,332.5,,,,,,,,,,,,,,,,,,,,,,*OCC(C)(COC(=O)OCC(C)(COC(*)=O)C(=O)NCC(C)O)C(=O)NCC(C)O,*OCC(C)(COC(=O)OCC(C)(COC(=O)OCC(C)(COC(=O)OCC(C)(COC(*)=O)C(=O)NCC(C)O)C(=O)NCC(C)O)C(=O)NCC(C)O)C(=O)NCC(C)O,*OCC(C)(COC(*)=O)C(=O)NCC(C)O,True,rearrangement
Poly(2-methoxyethyl acrylate),*CC(*)C(=O)OCOCC,,,,,,,223.0,,,,,,,,,,,,,,,,,,,,,,*CC(CC(*)C(=O)OCCOC)C(=O)OCCOC,*CC(CC(CC(CC(*)C(=O)OCCOC)C(=O)OCCOC)C(=O)OCCOC)C(=O)OCCOC,*CC(*)C(=O)OCCOC,True,rearrangement
"Poly(1,2-epoxydecane)",*CCCCCCCCCCO*,,,,,,,203.0,,,,,,,,,,,,,,,,,,,,,,*CCCCCCCCCOCCCCCCCCCCOC*,*CCCCCCCCCOCCCCCCCCCCOCCCCCCCCCCOCCCCCCCCCCOC*,*CCCCCCCCCOC*,True,rearrangement
poly(ethylene glycol vinyl ether phosphotriester ),*OCCOP(*)(=O)OCOCC=C,,,,,,,234.0,,,,,,,,,,,,,,,,,,,,,,*OCCOP(=O)(OCCOC=C)OCCOP(*)(=O)OCCOC=C,*OCCOP(=O)(OCCOC=C)OCCOP(=O)(OCCOC=C)OCCOP(=O)(OCCOC=C)OCCOP(*)(=O)OCCOC=C,*OCCOP(*)(=O)OCCOC=C,True,rearrangement
polyurethanes.11,*NC(=O)OCCN(COCC(=O)Nc1ccc(C)c(*)c1)c1ccc(/N=N/c2ccc([N+](=O)[O-])cc2)c(Br)c1,,,,,,,413.0,,,,,,,,,,,,,,,,,,,,,,*NC(=O)OCCN(CCOC(=O)Nc1ccc(C)c(NC(=O)OCCN(CCOC(=O)Nc2ccc(C)c(*)c2)c2ccc(N=Nc3ccc([N+](=O)[O-])cc3)c(Br)c2)c1)c1ccc(N=Nc2ccc([N+](=O)[O-])cc2)c(Br)c1,*NC(=O)OCCN(CCOC(=O)Nc1ccc(C)c(NC(=O)OCCN(CCOC(=O)Nc2ccc(C)c(NC(=O)OCCN(CCOC(=O)Nc3ccc(C)c(NC(=O)OCCN(CCOC(=O)Nc4ccc(C)c(*)c4)c4ccc(N=Nc5ccc([N+](=O)[O-])cc5)c(Br)c4)c3)c3ccc(N=Nc4ccc([N+](=O)[O-])cc4)c(Br)c3)c2)c2ccc(N=Nc3ccc([N+](=O)[O-])cc3)c(Br)c2)c1)c1ccc(N=Nc2ccc([N+](=O)[O-])cc2)c(Br)c1,*NC(=O)OCCN(CCOC(=O)Nc1ccc(C)c(*)c1)c1ccc(/N=N/c2ccc([N+](=O)[O-])cc2)c(Br)c1,True,rearrangement
Poly(phenylacetylene),*/C=C(\*)c1ccc(COC(O)CCCC)cc1,,,,,,,324.0,,,,,,,,,,,,,,,,,,,,,,*C=C(C=C(*)c1ccc(OCC(O)CCCC)cc1)c1ccc(OCC(O)CCCC)cc1,*C=C(C=C(C=C(C=C(*)c1ccc(OCC(O)CCCC)cc1)c1ccc(OCC(O)CCCC)cc1)c1ccc(OCC(O)CCCC)cc1)c1ccc(OCC(O)CCCC)cc1,*/C=C(\*)c1ccc(OCC(O)CCCC)cc1,True,rearrangement
PES,[*]CCOOC(CCC([*])=O)=O,3.2925,7.316666667,193.7,481.47,40.86571429,107.8111111,485.5032864,37.00666667,55.94666667,3.4,1.092142857,,348.15,382.4709639,,7.316666667,1.644113636,4.82,0.993714286,24.04446154,684.5137255,,68.20845679,39.19083333,1261.16,,,,*OCCOC(=O)CCC(=O)OCCOC(=O)CCC(*)=O,*OCCOC(=O)CCC(=O)OCCOC(=O)CCC(=O)OCCOC(=O)CCC(=O)OCCOC(=O)CCC(*)=O,*OCCOC(=O)CCC(*)=O,True,rearrangement
poly(ethylene glycol vinyl ether phosphotriester ),*OCCOP(*)(=O)CCOOC=C,,,,,,,234.0,,,,,,,,,,,,,,,,,,,,,,*OCCOP(=O)(OCCOC=C)OCCOP(*)(=O)OCCOC=C,*OCCOP(=O)(OCCOC=C)OCCOP(=O)(OCCOC=C)OCCOP(=O)(OCCOC=C)OCCOP(*)(=O)OCCOC=C,*OCCOP(*)(=O)OCCOC=C,True,rearrangement
poly(2-(4-vinylphenyl)pyridine),*CC(*)c1ccc(-c2ccncc2)cc1,,,,,,,434.4,,,,,,,,,,,,,,,,,,,,,,*CC(CC(*)c1ccc(-c2ccccn2)cc1)c1ccc(-c2ccccn2)cc1,*CC(CC(CC(CC(*)c1ccc(-c2ccccn2)cc1)c1ccc(-c2ccccn2)cc1)c1ccc(-c2ccccn2)cc1)c1ccc(-c2ccccn2)cc1,*CC(*)c1ccc(-c2ccccn2)cc1,True,rearrangement
poly(indene carbonate)s,*OC(COCCC)C(CCCOC)OC(*)=O,,,,,,,423.0,,,,,,,,,,,,,,,,,,,,,,*OC(COCCC)C(COCCC)OC(=O)OC(COCCC)C(COCCC)OC(*)=O,*OC(COCCC)C(COCCC)OC(=O)OC(COCCC)C(COCCC)OC(=O)OC(COCCC)C(COCCC)OC(=O)OC(COCCC)C(COCCC)OC(*)=O,*OC(COCCC)C(COCCC)OC(*)=O,True,rearrangement
Poly(2-cyanoethyl acrylate),*CC(*)C(=O)OCC#CN,,,,,,,277.0,,,,,,,,,,,,,,,,,,,,,,*CC(CC(*)C(=O)OCCC#N)C(=O)OCCC#N,*CC(CC(CC(CC(*)C(=O)OCCC#N)C(=O)OCCC#N)C(=O)OCCC#N)C(=O)OCCC#N,*CC(*)C(=O)OCCC#N,True,rearrangement
poly(2-oxazoline)s,*NCC(*)C(=O)CC,,,,,,,249.5,,,,,,,,,,,,,,,,,,,,,,*CCN(CCN(*)C(=O)CC)C(=O)CC,*CCN(CCN(CCN(CCN(*)C(=O)CC)C(=O)CC)C(=O)CC)C(=O)CC,*CCN(*)C(=O)CC,True,rearrangement
poly(ethyl acrylate-co-methyl methacrylate),*CC(C)(CC(*)C(=O)CCO)C(=O)OC,,,,,,,264.65,,,,,,,,,,,,,,,,,,,,,,*CC(C)(CC(CC(C)(CC(*)C(=O)OCC)C(=O)OC)C(=O)OCC)C(=O)OC,*CC(C)(CC(CC(C)(CC(CC(C)(CC(CC(C)(CC(*)C(=O)OCC)C(=O)OC)C(=O)OCC)C(=O)OC)C(=O)OCC)C(=O)OC)C(=O)OCC)C(=O)OC,*CC(C)(CC(*)C(=O)OCC)C(=O)OC,True,rearrangement
poly(allyl glycidyl ether ),*CC(COC=CC)O*,,,,,,,195.0,,,,,,,,,,,,,,,,,,,,,,*CC(COCC=C)OCC(COCC=C)O*,*CC(COCC=C)OCC(COCC=C)OCC(COCC=C)OCC(COCC=C)O*,*CC(COCC=C)O*,True,rearrangement
Poly(4-ethoxystyrene),*CC(*)c1ccc(COC)cc1,,,,,,,359.0,,,,,,,,,,,,,,,,,,,,,,*CC(CC(*)c1ccc(OCC)cc1)c1ccc(OCC)cc1,*CC(CC(CC(CC(*)c1ccc(OCC)cc1)c1ccc(OCC)cc1)c1ccc(OCC)cc1)c1ccc(OCC)cc1,*CC(*)c1ccc(OCC)cc1,True,rearrangement
PCN,C[Si]([*])(CCC#CN)O[*],2.686597222,,0.00113,617.15,7.215,,527.35,,168.0,,,,,598.15,,,1.83,,0.2525,35.458,602.15,,65.95555556,,9427.5,,,,*O[Si](C)(CCCC#N)O[Si](*)(C)CCCC#N,*O[Si](C)(CCCC#N)O[Si](C)(CCCC#N)O[Si](C)(CCCC#N)O[Si](*)(C)CCCC#N,*O[Si](*)(C)CCCC#N,True,rearrangement
Poly(2-ethylhexyl methacrylate),*CC(*)(C)C(=O)COC(CC)CCCC,,,,,,,263.0,,,,,,,,,,,,,,,,,,,,,,*CC(C)(CC(*)(C)C(=O)OCC(CC)CCCC)C(=O)OCC(CC)CCCC,*CC(C)(CC(C)(CC(C)(CC(*)(C)C(=O)OCC(CC)CCCC)C(=O)OCC(CC)CCCC)C(=O)OCC(CC)CCCC)C(=O)OCC(CC)CCCC,*CC(*)(C)C(=O)OCC(CC)CCCC,True,rearrangement
acrylonitrile-butadiene-acrylate copolymer,*CC(C#N)C/C=CC/CC(*)C(=O)OC,,,,,,,427.15,,,,,,,,,,,,,,,,,,,,,,*CC(C#N)CC=CCCC(CC(C#N)CC=CCCC(*)C(=O)OC)C(=O)OC,*CC(C#N)CC=CCCC(CC(C#N)CC=CCCC(CC(C#N)CC=CCCC(CC(C#N)CC=CCCC(*)C(=O)OC)C(=O)OC)C(=O)OC)C(=O)OC,*CC(C#N)C/C=C/CCC(*)C(=O)OC,True,rearrangement
polyphthalamide,*NCCCCNCCC(=O)c1ccc(C(=O)NCCCCCCNC(=O)c2cccc(C(*)=O)c2)cc1,,,,,,,402.65,,,,,,,,,,,,,,,,,,,,,,*NCCCCCCNC(=O)c1ccc(C(=O)NCCCCCCNC(=O)c2cccc(C(=O)NCCCCCCNC(=O)c3ccc(C(=O)NCCCCCCNC(=O)c4cccc(C(*)=O)c4)cc3)c2)cc1,*NCCCCCCNC(=O)c1ccc(C(=O)NCCCCCCNC(=O)c2cccc(C(=O)NCCCCCCNC(=O)c3ccc(C(=O)NCCCCCCNC(=O)c4cccc(C(=O)NCCCCCCNC(=O)c5ccc(C(=O)NCCCCCCNC(=O)c6cccc(C(=O)NCCCCCCNC(=O)c7ccc(C(=O)NCCCCCCNC(=O)c8cccc(C(*)=O)c8)cc7)c6)cc5)c4)cc3)c2)cc1,*NCCCCCCNC(=O)c1ccc(C(=O)NCCCCCCNC(=O)c2cccc(C(*)=O)c2)cc1,True,rearrangement
Poly(2-isopropyl-2-oxazoline)s,*NCC(*)C(=C)C(C)C,,,,,,,300.0,,,,,,,,,,,,,,,,,,,,,,*CCN(CCN(*)C(=C)C(C)C)C(=C)C(C)C,*CCN(CCN(CCN(CCN(*)C(=C)C(C)C)C(=C)C(C)C)C(=C)C(C)C)C(=C)C(C)C,*CCN(*)C(=C)C(C)C,True,rearrangement
Poly(dodecyl vinyl ether),*CC(*)CCOCCCCCCCCCC,,,,,,,211.0,,,,,,,,,,,,,,,,,,,,,,*CC(CC(*)OCCCCCCCCCCCC)OCCCCCCCCCCCC,*CC(CC(CC(CC(*)OCCCCCCCCCCCC)OCCCCCCCCCCCC)OCCCCCCCCCCCC)OCCCCCCCCCCCC,*CC(*)OCCCCCCCCCCCC,True,rearrangement
PBS,[*]CCOCCOC(CCC([*])=O)=O,0.895140244,,9.3875,385.6441176,190.5156716,34.33791667,243.1226797,,115.75,9.351428571,,25.03148148,473.15,386.8413011,,,1.642071429,217.5,0.6275,34.79211268,634.0678571,,76.67777778,5.351888889,547.6591837,,,,*OCCCCOC(=O)CCC(=O)OCCCCOC(=O)CCC(*)=O,*OCCCCOC(=O)CCC(=O)OCCCCOC(=O)CCC(=O)OCCCCOC(=O)CCC(=O)OCCCCOC(=O)CCC(*)=O,*OCCCCOC(=O)CCC(*)=O,True,rearrangement
Poly(2-ethoxyethyl acrylate),*CC(*)C(=O)CCOOCC,,,,,,,223.0,,,,,,,,,,,,,,,,,,,,,,*CC(CC(*)C(=O)OCCOCC)C(=O)OCCOCC,*CC(CC(CC(CC(*)C(=O)OCCOCC)C(=O)OCCOCC)C(=O)OCCOCC)C(=O)OCCOCC,*CC(*)C(=O)OCCOCC,True,rearrangement
"Poly(1,2-epoxyoctane)",*CCCCCCCCO*,,,,,,,206.0,,,,,,,,,,,,,,,,,,,,,,*CCCCCCCOCCCCCCCCOC*,*CCCCCCCOCCCCCCCCOCCCCCCCCOCCCCCCCCOC*,*CCCCCCCOC*,True,rearrangement
PBS,[*]OCCCOCC(CCC([*])=O)=O,0.895140244,,9.3875,385.6441176,190.5156716,34.33791667,243.1226797,,115.75,9.351428571,,25.03148148,473.15,386.8413011,,,1.642071429,217.5,0.6275,34.79211268,634.0678571,,76.67777778,5.351888889,547.6591837,,,,*OCCCCOC(=O)CCC(=O)OCCCCOC(=O)CCC(*)=O,*OCCCCOC(=O)CCC(=O)OCCCCOC(=O)CCC(=O)OCCCCOC(=O)CCC(=O)OCCCCOC(=O)CCC(*)=O,*OCCCCOC(=O)CCC(*)=O,True,rearrangement
Poly[2-(tert-butylamino)ethyl methacrylate],*CC(*)(C)C(=O)COCNC(C)(C)C,,,,,,,306.0,,,,,,,,,,,,,,,,,,,,,,*CC(C)(CC(*)(C)C(=O)OCCNC(C)(C)C)C(=O)OCCNC(C)(C)C,*CC(C)(CC(C)(CC(C)(CC(*)(C)C(=O)OCCNC(C)(C)C)C(=O)OCCNC(C)(C)C)C(=O)OCCNC(C)(C)C)C(=O)OCCNC(C)(C)C,*CC(*)(C)C(=O)OCCNC(C)(C)C,True,rearrangement
Polyhydroxyalkanoate,*CCOCCCCCCC(*)=O,,,,,,,235.0,,,,,,,,,,,,,,,,,,,,,,*OCCCCCCCCC(=O)OCCCCCCCCC(*)=O,*OCCCCCCCCC(=O)OCCCCCCCCC(=O)OCCCCCCCCC(=O)OCCCCCCCCC(*)=O,*OCCCCCCCCC(*)=O,True,rearrangement
Poly[2-(diethylamino)ethyl methacrylate],*CC(*)(C)C(=O)COCN(CC)CC,,,,,,,293.0,,,,,,,,,,,,,,,,,,,,,,*CC(C)(CC(*)(C)C(=O)OCCN(CC)CC)C(=O)OCCN(CC)CC,*CC(C)(CC(C)(CC(C)(CC(*)(C)C(=O)OCCN(CC)CC)C(=O)OCCN(CC)CC)C(=O)OCCN(CC)CC)C(=O)OCCN(CC)CC,*CC(*)(C)C(=O)OCCN(CC)CC,True,rearrangement
poly(ethylene-co-ethyl acrylate),*CCCC(*)C(=O)CCO,,,,,,,240.15,,,,,,,,,,,,,,,,,,,,,,*CCCC(CCCC(*)C(=O)OCC)C(=O)OCC,*CCCC(CCCC(CCCC(CCCC(*)C(=O)OCC)C(=O)OCC)C(=O)OCC)C(=O)OCC,*CCCC(*)C(=O)OCC,True,rearrangement
Poly(octyl methacrylate),*CC(*)(C)C(=O)COCCCCCCC,,,,,,,242.0,,,,,,,,,,,,,,,,,,,,,,*CC(C)(CC(*)(C)C(=O)OCCCCCCCC)C(=O)OCCCCCCCC,*CC(C)(CC(C)(CC(C)(CC(*)(C)C(=O)OCCCCCCCC)C(=O)OCCCCCCCC)C(=O)OCCCCCCCC)C(=O)OCCCCCCCC,*CC(*)(C)C(=O)OCCCCCCCC,True,rearrangement
polychloroprene,*/CC=C(\Cl)C*,,,,,,,226.6,,,,,,,,,,,,,,,,,,,,,,*CC=C(Cl)CCC=C(Cl)C*,*CC=C(Cl)CCC=C(Cl)CCC=C(Cl)CCC=C(Cl)C*,*C/C=C(\Cl)C*,True,rearrangement
styrene-butadiene-styrene triblock copolymer,*CC(C/C=CCC\C(C=C)CC(*)c1ccccc1)c1ccccc1,,,,,,,195.65,,,,,,,,,,,,,,,,,,,,,,*CC(CC=CCCC(C=C)CC(CC(CC=CCCC(C=C)CC(*)c1ccccc1)c1ccccc1)c1ccccc1)c1ccccc1,*CC(CC=CCCC(C=C)CC(CC(CC=CCCC(C=C)CC(CC(CC=CCCC(C=C)CC(CC(CC=CCCC(C=C)CC(*)c1ccccc1)c1ccccc1)c1ccccc1)c1ccccc1)c1ccccc1)c1ccccc1)c1ccccc1)c1ccccc1,*CC(C/C=C\CCC(C=C)CC(*)c1ccccc1)c1ccccc1,True,rearrangement
PCN,C[Si]([*])(CC#CCN)O[*],2.686597222,,0.00113,617.15,7.215,,527.35,,168.0,,,,,598.15,,,1.83,,0.2525,35.458,602.15,,65.95555556,,9427.5,,,,*O[Si](C)(CCCC#N)O[Si](*)(C)CCCC#N,*O[Si](C)(CCCC#N)O[Si](C)(CCCC#N)O[Si](C)(CCCC#N)O[Si](*)(C)CCCC#N,*O[Si](*)(C)CCCC#N,True,rearrangement
Poly(octadecyl methacrylate),*CC(*)(C)C(=O)COCCCCCCCCCCCCCCCCC,,,,,,,173.0,,,,,,,,,,,,,,,,,,,,,,*CC(C)(CC(*)(C)C(=O)OCCCCCCCCCCCCCCCCCC)C(=O)OCCCCCCCCCCCCCCCCCC,*CC(C)(CC(C)(CC(C)(CC(*)(C)C(=O)OCCCCCCCCCCCCCCCCCC)C(=O)OCCCCCCCCCCCCCCCCCC)C(=O)OCCCCCCCCCCCCCCCCCC)C(=O)OCCCCCCCCCCCCCCCCCC,*CC(*)(C)C(=O)OCCCCCCCCCCCCCCCCCC,True,rearrangement
Poly(2-ethoxyethyl acrylate),*CC(*)C(=O)OCOCCC,,,,,,,223.0,,,,,,,,,,,,,,,,,,,,,,*CC(CC(*)C(=O)OCCOCC)C(=O)OCCOCC,*CC(CC(CC(CC(*)C(=O)OCCOCC)C(=O)OCCOCC)C(=O)OCCOCC)C(=O)OCCOCC,*CC(*)C(=O)OCCOCC,True,rearrangement
Poly(propyl methacrylate),*CC(*)(C)C(=O)CCOC,,,,,,,311.0,,,,,,,,,,,,,,,,,,,,,,*CC(C)(CC(*)(C)C(=O)OCCC)C(=O)OCCC,*CC(C)(CC(C)(CC(C)(CC(*)(C)C(=O)OCCC)C(=O)OCCC)C(=O)OCCC)C(=O)OCCC,*CC(*)(C)C(=O)OCCC,True,rearrangement
Poly(2-ethylhexyl vinyl ether),*CC(*)COC(CC)CCCC,,,,,,,207.0,,,,,,,,,,,,,,,,,,,,,,*CC(CC(*)OCC(CC)CCCC)OCC(CC)CCCC,*CC(CC(CC(CC(*)OCC(CC)CCCC)OCC(CC)CCCC)OCC(CC)CCCC)OCC(CC)CCCC,*CC(*)OCC(CC)CCCC,True,rearrangement
Poly(TMSpropargyloxystyrene),*CC(*)c1ccc(OC#CC)cc1,,,,,,,321.0,,,,,,,,,,,,,,,,,,,,,,*CC(CC(*)c1ccc(OCC#C)cc1)c1ccc(OCC#C)cc1,*CC(CC(CC(CC(*)c1ccc(OCC#C)cc1)c1ccc(OCC#C)cc1)c1ccc(OCC#C)cc1)c1ccc(OCC#C)cc1,*CC(*)c1ccc(OCC#C)cc1,True,rearrangement
Poly(2-ethylhexyl acrylate),*CC(*)C(=O)COC(CC)CCCC,,,,,,,223.0,,,,,,,,,,,,,,,,,,,,,,*CC(CC(*)C(=O)OCC(CC)CCCC)C(=O)OCC(CC)CCCC,*CC(CC(CC(CC(*)C(=O)OCC(CC)CCCC)C(=O)OCC(CC)CCCC)C(=O)OCC(CC)CCCC)C(=O)OCC(CC)CCCC,*CC(*)C(=O)OCC(CC)CCCC,True,rearrangement
polylactide,*OCC(=O)COC(*)=O,,,,,,,330.0,,,,,,,,,,,,,,,,,,,,,,*OCC(=O)OCC(=O)OCC(=O)OCC(*)=O,*OCC(=O)OCC(=O)OCC(=O)OCC(=O)OCC(=O)OCC(=O)OCC(=O)OCC(*)=O,*OCC(=O)OCC(*)=O,True,rearrangement
Poly(ethyl vinyl ether),*CC(*)COC,,,,,,,230.0,,,,,,,,,,,,,,,,,,,,,,*CC(CC(*)OCC)OCC,*CC(CC(CC(CC(*)OCC)OCC)OCC)OCC,*CC(*)OCC,True,rearrangement
poly(ethylene-co-n-butyl acrylate),*CCCC(*)C(=O)COCCC,,,,,,,221.15,,,,,,,,,,,,,,,,,,,,,,*CCCC(CCCC(*)C(=O)OCCCC)C(=O)OCCCC,*CCCC(CCCC(CCCC(CCCC(*)C(=O)OCCCC)C(=O)OCCCC)C(=O)OCCCC)C(=O)OCCCC,*CCCC(*)C(=O)OCCCC,True,rearrangement
Poly(propyl vinyl ether),*CC(*)CCOC,,,,,,,224.0,,,,,,,,,,,,,,,,,,,,,,*CC(CC(*)OCCC)OCCC,*CC(CC(CC(CC(*)OCCC)OCCC)OCCC)OCCC,*CC(*)OCCC,True,rearrangement
PTMC,[*]COCCOC([*])=O,,,48.41333333,,542.126,,256.1657627,,,,,,308.8166667,310.476087,,,,,,9.62,544.3227273,,75.35,12.765,5.83875,,,,*OCCCOC(=O)OCCCOC(*)=O,*OCCCOC(=O)OCCCOC(=O)OCCCOC(=O)OCCCOC(*)=O,*OCCCOC(*)=O,True,rearrangement
polyphosphazenes_1,*=NP(*)(OCC(F)(F)F)OCC(F)(F)F,,,,,,,208.0,,,,,,,,,,,,,,,,,,,,,,*N=P(N=P(*)(OCC(F)(F)F)OCC(F)(F)F)(OCC(F)(F)F)OCC(F)(F)F,*N=P(N=P(N=P(N=P(*)(OCC(F)(F)F)OCC(F)(F)F)(OCC(F)(F)F)OCC(F)(F)F)(OCC(F)(F)F)OCC(F)(F)F)(OCC(F)(F)F)OCC(F)(F)F,*N=P(*)(OCC(F)(F)F)OCC(F)(F)F,True,rearrangement
Poly(vinyl formal),*CCCCO*,,,,,,,378.0,,,,,,,,,,,,,,,,,,,,,,*CCOCCCCOCC*,*CCOCCCCOCCCCOCCCCOCC*,*CCOCC*,True,rearrangement
Poly(vinyl formal),*COCCC*,,,,,,,378.0,,,,,,,,,,,,,,,,,,,,,,*CCOCCCCOCC*,*CCOCCCCOCCCCOCCCCOCC*,*CCOCC*,True,rearrangement
Poly(hexadecyl methacrylate),*CC(*)(C)C(=O)COCCCCCCCCCCCCCCC,,,,,,,288.0,,,,,,,,,,,,,,,,,,,,,,*CC(C)(CC(*)(C)C(=O)OCCCCCCCCCCCCCCCC)C(=O)OCCCCCCCCCCCCCCCC,*CC(C)(CC(C)(CC(C)(CC(*)(C)C(=O)OCCCCCCCCCCCCCCCC)C(=O)OCCCCCCCCCCCCCCCC)C(=O)OCCCCCCCCCCCCCCCC)C(=O)OCCCCCCCCCCCCCCCC,*CC(*)(C)C(=O)OCCCCCCCCCCCCCCCC,True,rearrangement
Poly[2-(tert-butylamino)ethyl methacrylate],*CC(*)(C)C(=O)OCNCC(C)(C)C,,,,,,,306.0,,,,,,,,,,,,,,,,,,,,,,*CC(C)(CC(*)(C)C(=O)OCCNC(C)(C)C)C(=O)OCCNC(C)(C)C,*CC(C)(CC(C)(CC(C)(CC(*)(C)C(=O)OCCNC(C)(C)C)C(=O)OCCNC(C)(C)C)C(=O)OCCNC(C)(C)C)C(=O)OCCNC(C)(C)C,*CC(*)(C)C(=O)OCCNC(C)(C)C,True,rearrangement
Poly(2-methoxyethyl acrylate),*CC(*)C(=O)CCOOC,,,,,,,223.0,,,,,,,,,,,,,,,,,,,,,,*CC(CC(*)C(=O)OCCOC)C(=O)OCCOC,*CC(CC(CC(CC(*)C(=O)OCCOC)C(=O)OCCOC)C(=O)OCCOC)C(=O)OCCOC,*CC(*)C(=O)OCCOC,True,rearrangement
Poly(octadecyl methacrylate),*CC(*)(C)C(=O)CCOCCCCCCCCCCCCCCCC,,,,,,,173.0,,,,,,,,,,,,,,,,,,,,,,*CC(C)(CC(*)(C)C(=O)OCCCCCCCCCCCCCCCCCC)C(=O)OCCCCCCCCCCCCCCCCCC,*CC(C)(CC(C)(CC(C)(CC(*)(C)C(=O)OCCCCCCCCCCCCCCCCCC)C(=O)OCCCCCCCCCCCCCCCCCC)C(=O)OCCCCCCCCCCCCCCCCCC)C(=O)OCCCCCCCCCCCCCCCCCC,*CC(*)(C)C(=O)OCCCCCCCCCCCCCCCCCC,True,rearrangement
Poly(hexyl methacrylate),*CC(*)(C)C(=O)COCCCCC,,,,,,,260.5,,,,,,,,,,,,,,,,,,,,,,*CC(C)(CC(*)(C)C(=O)OCCCCCC)C(=O)OCCCCCC,*CC(C)(CC(C)(CC(C)(CC(*)(C)C(=O)OCCCCCC)C(=O)OCCCCCC)C(=O)OCCCCCC)C(=O)OCCCCCC,*CC(*)(C)C(=O)OCCCCCC,True,rearrangement
Poly(2-cyanoethyl acrylate),*CC(*)C(=O)OC#CCN,,,,,,,277.0,,,,,,,,,,,,,,,,,,,,,,*CC(CC(*)C(=O)OCCC#N)C(=O)OCCC#N,*CC(CC(CC(CC(*)C(=O)OCCC#N)C(=O)OCCC#N)C(=O)OCCC#N)C(=O)OCCC#N,*CC(*)C(=O)OCCC#N,True,rearrangement
Poly(isobutyl vinyl ether),*CC(*)COC(C)C,,,,,,,254.0,,,,,,,,,,,,,,,,,,,,,,*CC(CC(*)OCC(C)C)OCC(C)C,*CC(CC(CC(CC(*)OCC(C)C)OCC(C)C)OCC(C)C)OCC(C)C,*CC(*)OCC(C)C,True,rearrangement
"Poly(1,2-epoxyoctane)",*CCCCCOCCC*,,,,,,,206.0,,,,,,,,,,,,,,,,,,,,,,*CCCCCCCOCCCCCCCCOC*,*CCCCCCCOCCCCCCCCOCCCCCCCCOCCCCCCCCOC*,*CCCCCCCOC*,True,rearrangement
Poly(butyl vinyl ether),*CC(*)COCCC,,,,,,,218.0,,,,,,,,,,,,,,,,,,,,,,*CC(CC(*)OCCCC)OCCCC,*CC(CC(CC(CC(*)OCCCC)OCCCC)OCCCC)OCCCC,*CC(*)OCCCC,True,rearrangement
"Poly(1,2-epoxyoctane)",*CCCCCCOCC*,,,,,,,206.0,,,,,,,,,,,,,,,,,,,,,,*CCCCCCCOCCCCCCCCOC*,*CCCCCCCOCCCCCCCCOCCCCCCCCOCCCCCCCCOC*,*CCCCCCCOC*,True,rearrangement
polyphosphazenes_1,*N=P(*)(COC(F)(F)F)OCC(F)(F)F,,,,,,,208.0,,,,,,,,,,,,,,,,,,,,,,*N=P(N=P(*)(OCC(F)(F)F)OCC(F)(F)F)(OCC(F)(F)F)OCC(F)(F)F,*N=P(N=P(N=P(N=P(*)(OCC(F)(F)F)OCC(F)(F)F)(OCC(F)(F)F)OCC(F)(F)F)(OCC(F)(F)F)OCC(F)(F)F)(OCC(F)(F)F)OCC(F)(F)F,*N=P(*)(OCC(F)(F)F)OCC(F)(F)F,True,rearrangement
Poly-PhNDI,*CC=1CC(C=*)C2C(=O)N(c3ccccc3)C(=O)C12,,,,,,,495.0,,,,,,,,,,,,,,,,,,,,,,*CC1CC(CCC2CC(C*)C3C(=O)N(c4ccccc4)C(=O)C23)C2C(=O)N(c3ccccc3)C(=O)C12,*CC1CC(CCC2CC(CCC3CC(CCC4CC(C*)C5C(=O)N(c6ccccc6)C(=O)C45)C4C(=O)N(c5ccccc5)C(=O)C34)C3C(=O)N(c4ccccc4)C(=O)C23)C2C(=O)N(c3ccccc3)C(=O)C12,*=CC1CC(C=*)C2C(=O)N(c3ccccc3)C(=O)C12,True,rearrangement
Poly(2-methoxyethyl acrylate),*CC(*)C(=O)OOCCC,,,,,,,223.0,,,,,,,,,,,,,,,,,,,,,,*CC(CC(*)C(=O)OCCOC)C(=O)OCCOC,*CC(CC(CC(CC(*)C(=O)OCCOC)C(=O)OCCOC)C(=O)OCCOC)C(=O)OCCOC,*CC(*)C(=O)OCCOC,True,rearrangement
Poly(dodecyl acrylate),*CC(*)C(=O)CCOCCCCCCCCCC,,,,,,,270.0,,,,,,,,,,,,,,,,,,,,,,*CC(CC(*)C(=O)OCCCCCCCCCCCC)C(=O)OCCCCCCCCCCCC,*CC(CC(CC(CC(*)C(=O)OCCCCCCCCCCCC)C(=O)OCCCCCCCCCCCC)C(=O)OCCCCCCCCCCCC)C(=O)OCCCCCCCCCCCC,*CC(*)C(=O)OCCCCCCCCCCCC,True,rearrangement
poly(ethyl acrylate-co-methyl methacrylate-co-triammonioethyl methacrylate chloride),*CC(CC(C)(CC(*)(C)C(=O)CCO[N+](C)(C)C)C(=O)OC)C(=O)OCC.[Cl-],,,,,,,333.15,,,,,,,,,,,,,,,,,,,,,,*CC(CC(C)(CC(C)(CC(CC(C)(CC(*)(C)C(=O)OCC[N+](C)(C)C)C(=O)OC)C(=O)OCC)C(=O)OCC[N+](C)(C)C)C(=O)OC)C(=O)OCC.[Cl-].[Cl-],*CC(CC(C)(CC(C)(CC(CC(C)(CC(C)(CC(CC(C)(CC(C)(CC(CC(C)(CC(*)(C)C(=O)OCC[N+](C)(C)C)C(=O)OC)C(=O)OCC)C(=O)OCC[N+](C)(C)C)C(=O)OC)C(=O)OCC)C(=O)OCC[N+](C)(C)C)C(=O)OC)C(=O)OCC)C(=O)OCC[N+](C)(C)C)C(=O)OC)C(=O)OCC.[Cl-].[Cl-].[Cl-].[Cl-],*CC(CC(C)(CC(*)(C)C(=O)OCC[N+](C)(C)C)C(=O)OC)C(=O)OCC.[Cl-],True,rearrangement
"Poly(N-arylcarbazol-2,7-ylene)",*c1ccc2c3ccc(*)cc3n(-c3ccc(COC(CC)CCCC)cc3)c2c1,,,,,,,423.0,,,,,,,,,,,,,,,,,,,,,,*c1ccc2c3ccc(-c4ccc5c6ccc(*)cc6n(-c6ccc(OCC(CC)CCCC)cc6)c5c4)cc3n(-c3ccc(OCC(CC)CCCC)cc3)c2c1,*c1ccc2c3ccc(-c4ccc5c6ccc(-c7ccc8c9ccc(-c%10ccc%11c%12ccc(*)cc%12n(-c%12ccc(OCC(CC)CCCC)cc%12)c%11c%10)cc9n(-c9ccc(OCC(CC)CCCC)cc9)c8c7)cc6n(-c6ccc(OCC(CC)CCCC)cc6)c5c4)cc3n(-c3ccc(OCC(CC)CCCC)cc3)c2c1,*c1ccc2c3ccc(*)cc3n(-c3ccc(OCC(CC)CCCC)cc3)c2c1,True,rearrangement
ethylene-propylene diene terpolymer,*CCC(C)CC1C2C/C(/C=C)C(C2)C1*,,,,,,,214.65,,,,,,,,,,,,,,,,,,,,,,*CCC(C)CC1C2CC(=CC)C(C2)C1CCC(C)CC1C2CC(=CC)C(C2)C1*,*CCC(C)CC1C2CC(=CC)C(C2)C1CCC(C)CC1C2CC(=CC)C(C2)C1CCC(C)CC1C2CC(=CC)C(C2)C1CCC(C)CC1C2CC(=CC)C(C2)C1*,*CCC(C)CC1C2C/C(=C/C)C(C2)C1*,True,rearrangement
cyanoacrylate,*CC(*)(C#N)C(=O)CCO,,,,,,,358.15,,,,,,,,,,,,,,,,,,,,,,*CC(C#N)(CC(*)(C#N)C(=O)OCC)C(=O)OCC,*CC(C#N)(CC(C#N)(CC(C#N)(CC(*)(C#N)C(=O)OCC)C(=O)OCC)C(=O)OCC)C(=O)OCC,*CC(*)(C#N)C(=O)OCC,True,rearrangement
PBT,[*]OCCCCOC(C1C=C=C(C([*])=O)C=C1)=O,1.841666667,,253.3333333,466.7602326,58.98537037,73.935,320.1451539,450.0,136.6666667,22.6225,,22.73095238,305.15,496.7439572,,,1.503,,0.27,53.6904878,624.4442857,,56.16470588,0.334,1930.170833,,,,*OCCCCOC(=O)c1ccc(C(=O)OCCCCOC(=O)c2ccc(C(*)=O)cc2)cc1,*OCCCCOC(=O)c1ccc(C(=O)OCCCCOC(=O)c2ccc(C(=O)OCCCCOC(=O)c3ccc(C(=O)OCCCCOC(=O)c4ccc(C(*)=O)cc4)cc3)cc2)cc1,*OCCCCOC(=O)c1ccc(C(*)=O)cc1,True,rearrangement
poly(indene carbonate)s,*OC(COCCC)C(CCOCC)OC(*)=O,,,,,,,423.0,,,,,,,,,,,,,,,,,,,,,,*OC(COCCC)C(COCCC)OC(=O)OC(COCCC)C(COCCC)OC(*)=O,*OC(COCCC)C(COCCC)OC(=O)OC(COCCC)C(COCCC)OC(=O)OC(COCCC)C(COCCC)OC(=O)OC(COCCC)C(COCCC)OC(*)=O,*OC(COCCC)C(COCCC)OC(*)=O,True,rearrangement
Poly(2-ethoxyethyl acrylate),*CC(*)C(=O)OOCCCC,,,,,,,223.0,,,,,,,,,,,,,,,,,,,,,,*CC(CC(*)C(=O)OCCOCC)C(=O)OCCOCC,*CC(CC(CC(CC(*)C(=O)OCCOCC)C(=O)OCCOCC)C(=O)OCCOCC)C(=O)OCCOCC,*CC(*)C(=O)OCCOCC,True,rearrangement
Poly(isobutyl acrylate),*CC(*)C(=O)COC(C)C,,,,,,,249.0,,,,,,,,,,,,,,,,,,,,,,*CC(CC(*)C(=O)OCC(C)C)C(=O)OCC(C)C,*CC(CC(CC(CC(*)C(=O)OCC(C)C)C(=O)OCC(C)C)C(=O)OCC(C)C)C(=O)OCC(C)C,*CC(*)C(=O)OCC(C)C,True,rearrangement
Poly(TMSpropargyloxystyrene),*CC(*)c1ccc(COC#C)cc1,,,,,,,321.0,,,,,,,,,,,,,,,,,,,,,,*CC(CC(*)c1ccc(OCC#C)cc1)c1ccc(OCC#C)cc1,*CC(CC(CC(CC(*)c1ccc(OCC#C)cc1)c1ccc(OCC#C)cc1)c1ccc(OCC#C)cc1)c1ccc(OCC#C)cc1,*CC(*)c1ccc(OCC#C)cc1,True,rearrangement
poly(ethyl acrylate ),*CC(*)C(=O)COC,,,,,,,250.0,,,,,,,,,,,,,,,,,,,,,,*CC(CC(*)C(=O)OCC)C(=O)OCC,*CC(CC(CC(CC(*)C(=O)OCC)C(=O)OCC)C(=O)OCC)C(=O)OCC,*CC(*)C(=O)OCC,True,rearrangement
Poly(hexadecyl acrylate),*CC(*)C(=O)COCCCCCCCCCCCCCCC,,,,,,,308.0,,,,,,,,,,,,,,,,,,,,,,*CC(CC(*)C(=O)OCCCCCCCCCCCCCCCC)C(=O)OCCCCCCCCCCCCCCCC,*CC(CC(CC(CC(*)C(=O)OCCCCCCCCCCCCCCCC)C(=O)OCCCCCCCCCCCCCCCC)C(=O)OCCCCCCCCCCCCCCCC)C(=O)OCCCCCCCCCCCCCCCC,*CC(*)C(=O)OCCCCCCCCCCCCCCCC,True,rearrangement
Poly(trimethylene oxide),*COCC*,,,,,,,195.0,,,,,,,,,,,,,,,,,,,,,,*CCCOCCCO*,*CCCOCCCOCCCOCCCO*,*CCCO*,True,rearrangement
Poly(isobutyl methacrylate),*CC(*)(C)C(=O)COC(C)C,,,,,,,326.0,,,,,,,,,,,,,,,,,,,,,,*CC(C)(CC(*)(C)C(=O)OCC(C)C)C(=O)OCC(C)C,*CC(C)(CC(C)(CC(C)(CC(*)(C)C(=O)OCC(C)C)C(=O)OCC(C)C)C(=O)OCC(C)C)C(=O)OCC(C)C,*CC(*)(C)C(=O)OCC(C)C,True,rearrangement
"Polybutadiene,_cis",*C/C\C=C*,,,,,,,279.0,,,,,,,,,,,,,,,,,,,,,,*CC=CCCC=CC*,*CC=CCCC=CCCC=CCCC=CC*,*C/C=C\C*,True,rearrangement
poly(DL-lactide-co-glycolide),*OC(C)C(=O)COC(*)=O,,,,,,,323.15,,,,,,,,,,,,,,,,,,,,,,*OC(C)C(=O)OCC(=O)OC(C)C(=O)OCC(*)=O,*OC(C)C(=O)OCC(=O)OC(C)C(=O)OCC(=O)OC(C)C(=O)OCC(=O)OC(C)C(=O)OCC(*)=O,*OC(C)C(=O)OCC(*)=O,True,rearrangement
poly(ethyl acrylate-co-methyl methacrylate),*CC(C)(CC(*)C(=O)COC)C(=O)OC,,,,,,,264.65,,,,,,,,,,,,,,,,,,,,,,*CC(C)(CC(CC(C)(CC(*)C(=O)OCC)C(=O)OC)C(=O)OCC)C(=O)OC,*CC(C)(CC(CC(C)(CC(CC(C)(CC(CC(C)(CC(*)C(=O)OCC)C(=O)OC)C(=O)OCC)C(=O)OC)C(=O)OCC)C(=O)OC)C(=O)OCC)C(=O)OC,*CC(C)(CC(*)C(=O)OCC)C(=O)OC,True,rearrangement
Poly[2-(diethylamino)ethyl methacrylate],*CC(*)(C)C(=O)CCON(CC)CC,,,,,,,293.0,,,,,,,,,,,,,,,,,,,,,,*CC(C)(CC(*)(C)C(=O)OCCN(CC)CC)C(=O)OCCN(CC)CC,*CC(C)(CC(C)(CC(C)(CC(*)(C)C(=O)OCCN(CC)CC)C(=O)OCCN(CC)CC)C(=O)OCCN(CC)CC)C(=O)OCCN(CC)CC,*CC(*)(C)C(=O)OCCN(CC)CC,True,rearrangement
poly(benzyl methacrylate ),*CC(*)(C)C(=O)COc1ccccc1,,,,,,,327.0,,,,,,,,,,,,,,,,,,,,,,*CC(C)(CC(*)(C)C(=O)OCc1ccccc1)C(=O)OCc1ccccc1,*CC(C)(CC(C)(CC(C)(CC(*)(C)C(=O)OCc1ccccc1)C(=O)OCc1ccccc1)C(=O)OCc1ccccc1)C(=O)OCc1ccccc1,*CC(*)(C)C(=O)OCc1ccccc1,True,rearrangement
Poly(2-hydroxypropyl methacrylate)_(HPMA),*CC(*)(C)C(=O)COC(C)O,,,,,,,349.0,,,,,,,,,,,,,,,,,,,,,,*CC(C)(CC(*)(C)C(=O)OCC(C)O)C(=O)OCC(C)O,*CC(C)(CC(C)(CC(C)(CC(*)(C)C(=O)OCC(C)O)C(=O)OCC(C)O)C(=O)OCC(C)O)C(=O)OCC(C)O,*CC(*)(C)C(=O)OCC(C)O,True,rearrangement
polyphthalamide,*NCCCCCCNC(=O)c1ccc(C(=O)CNCCCCCNC(=O)c2cccc(C(*)=O)c2)cc1,,,,,,,402.65,,,,,,,,,,,,,,,,,,,,,,*NCCCCCCNC(=O)c1ccc(C(=O)NCCCCCCNC(=O)c2cccc(C(=O)NCCCCCCNC(=O)c3ccc(C(=O)NCCCCCCNC(=O)c4cccc(C(*)=O)c4)cc3)c2)cc1,*NCCCCCCNC(=O)c1ccc(C(=O)NCCCCCCNC(=O)c2cccc(C(=O)NCCCCCCNC(=O)c3ccc(C(=O)NCCCCCCNC(=O)c4cccc(C(=O)NCCCCCCNC(=O)c5ccc(C(=O)NCCCCCCNC(=O)c6cccc(C(=O)NCCCCCCNC(=O)c7ccc(C(=O)NCCCCCCNC(=O)c8cccc(C(*)=O)c8)cc7)c6)cc5)c4)cc3)c2)cc1,*NCCCCCCNC(=O)c1ccc(C(=O)NCCCCCCNC(=O)c2cccc(C(*)=O)c2)cc1,True,rearrangement
"Poly(2,2,2-trifluoroethyl acrylate)",*CC(*)C(=O)COC(F)(F)F,,,,,,,263.0,,,,,,,,,,,,,,,,,,,,,,*CC(CC(*)C(=O)OCC(F)(F)F)C(=O)OCC(F)(F)F,*CC(CC(CC(CC(*)C(=O)OCC(F)(F)F)C(=O)OCC(F)(F)F)C(=O)OCC(F)(F)F)C(=O)OCC(F)(F)F,*CC(*)C(=O)OCC(F)(F)F,True,rearrangement
Poly(propyl vinyl ether),*CC(*)COCC,,,,,,,224.0,,,,,,,,,,,,,,,,,,,,,,*CC(CC(*)OCCC)OCCC,*CC(CC(CC(CC(*)OCCC)OCCC)OCCC)OCCC,*CC(*)OCCC,True,rearrangement
Poly(hexyl methacrylate),*CC(*)(C)C(=O)CCOCCCC,,,,,,,260.5,,,,,,,,,,,,,,,,,,,,,,*CC(C)(CC(*)(C)C(=O)OCCCCCC)C(=O)OCCCCCC,*CC(C)(CC(C)(CC(C)(CC(*)(C)C(=O)OCCCCCC)C(=O)OCCCCCC)C(=O)OCCCCCC)C(=O)OCCCCCC,*CC(*)(C)C(=O)OCCCCCC,True,rearrangement
Poly(4-ethoxystyrene),*CC(*)c1ccc(CCO)cc1,,,,,,,359.0,,,,,,,,,,,,,,,,,,,,,,*CC(CC(*)c1ccc(OCC)cc1)c1ccc(OCC)cc1,*CC(CC(CC(CC(*)c1ccc(OCC)cc1)c1ccc(OCC)cc1)c1ccc(OCC)cc1)c1ccc(OCC)cc1,*CC(*)c1ccc(OCC)cc1,True,rearrangement
Poly(benzyl acrylate),*CC(*)C(=O)COc1ccccc1,,,,,,,279.0,,,,,,,,,,,,,,,,,,,,,,*CC(CC(*)C(=O)OCc1ccccc1)C(=O)OCc1ccccc1,*CC(CC(CC(CC(*)C(=O)OCc1ccccc1)C(=O)OCc1ccccc1)C(=O)OCc1ccccc1)C(=O)OCc1ccccc1,*CC(*)C(=O)OCc1ccccc1,True,rearrangement
Poly[2-(diethylamino)ethyl methacrylate],*CC(*)(C)C(=O)OCNC(CC)CC,,,,,,,293.0,,,,,,,,,,,,,,,,,,,,,,*CC(C)(CC(*)(C)C(=O)OCCN(CC)CC)C(=O)OCCN(CC)CC,*CC(C)(CC(C)(CC(C)(CC(*)(C)C(=O)OCCN(CC)CC)C(=O)OCCN(CC)CC)C(=O)OCCN(CC)CC)C(=O)OCCN(CC)CC,*CC(*)(C)C(=O)OCCN(CC)CC,True,rearrangement
polymethylphenylsilylene,*[N+](*)(C)c1ccccc1,,,,,,,244.15,,,,,,,,,,,,,,,,,,,,,,*[Si](C)(c1ccccc1)[Si](*)(C)c1ccccc1,*[Si](C)(c1ccccc1)[Si](C)(c1ccccc1)[Si](C)(c1ccccc1)[Si](*)(C)c1ccccc1,*[Si](*)(C)c1ccccc1,True,substitution
"poly(hexafluoroisopropyl \uc0\u945 ,\u946 -difluoroacrylate )",*C(F)C(*)(F)C(=O)OC(C(F)(F)F)C(N)(F)F,,,,,,,371.0,,,,,,,,,,,,,,,,,,,,,,*C(F)C(F)(C(=O)OC(C(F)(F)F)C(F)(F)F)C(F)C(*)(F)C(=O)OC(C(F)(F)F)C(F)(F)F,*C(F)C(F)(C(=O)OC(C(F)(F)F)C(F)(F)F)C(F)C(F)(C(=O)OC(C(F)(F)F)C(F)(F)F)C(F)C(F)(C(=O)OC(C(F)(F)F)C(F)(F)F)C(F)C(*)(F)C(=O)OC(C(F)(F)F)C(F)(F)F,*C(F)C(*)(F)C(=O)OC(C(F)(F)F)C(F)(F)F,True,substitution
poly(ethylene-co-methyl acrylate),*CCCC(*)C(=P)OC,,,,,,,240.45,,,,,,,,,,,,,,,,,,,,,,*CCCC(CCCC(*)C(=O)OC)C(=O)OC,*CCCC(CCCC(CCCC(CCCC(*)C(=O)OC)C(=O)OC)C(=O)OC)C(=O)OC,*CCCC(*)C(=O)OC,True,substitution
poly(p-methylenetriphenylamine),*Cc1ccc(N(c2ccccn2)c2ccc(*)cc2)cc1,,,,,,,431.0,,,,,,,,,,,,,,,,,,,,,,*Cc1ccc(N(c2ccccc2)c2ccc(Cc3ccc(N(c4ccccc4)c4ccc(*)cc4)cc3)cc2)cc1,*Cc1ccc(N(c2ccccc2)c2ccc(Cc3ccc(N(c4ccccc4)c4ccc(Cc5ccc(N(c6ccccc6)c6ccc(Cc7ccc(N(c8ccccc8)c8ccc(*)cc8)cc7)cc6)cc5)cc4)cc3)cc2)cc1,*Cc1ccc(N(c2ccccc2)c2ccc(*)cc2)cc1,True,substitution
perfluorinated ionomer,*C(F)(F)C(F)(F)P(F)(OC(F)(F)C(F)(OC(F)(F)C(F)(F)S(=O)(=O)[O-])C(F)(F)F)C(*)(F)F,,,,,,,410.65,,,,,,,,,,,,,,,,,,,,,,*C(F)(F)C(F)(F)C(F)(OC(F)(F)C(F)(OC(F)(F)C(F)(F)S(=O)(=O)[O-])C(F)(F)F)C(F)(F)C(F)(F)C(F)(F)C(F)(OC(F)(F)C(F)(OC(F)(F)C(F)(F)S(=O)(=O)[O-])C(F)(F)F)C(*)(F)F,*C(F)(F)C(F)(F)C(F)(OC(F)(F)C(F)(OC(F)(F)C(F)(F)S(=O)(=O)[O-])C(F)(F)F)C(F)(F)C(F)(F)C(F)(F)C(F)(OC(F)(F)C(F)(OC(F)(F)C(F)(F)S(=O)(=O)[O-])C(F)(F)F)C(F)(F)C(F)(F)C(F)(F)C(F)(OC(F)(F)C(F)(OC(F)(F)C(F)(F)S(=O)(=O)[O-])C(F)(F)F)C(F)(F)C(F)(F)C(F)(F)C(F)(OC(F)(F)C(F)(OC(F)(F)C(F)(F)S(=O)(=O)[O-])C(F)(F)F)C(*)(F)F,*C(F)(F)C(F)(F)C(F)(OC(F)(F)C(F)(OC(F)(F)C(F)(F)S(=O)(=O)[O-])C(F)(F)F)C(*)(F)F,True,substitution
poly(ethyl acrylate-co-methyl methacrylate),*CC(C)(CC(*)C(=O)PCC)C(=O)OC,,,,,,,264.65,,,,,,,,,,,,,,,,,,,,,,*CC(C)(CC(CC(C)(CC(*)C(=O)OCC)C(=O)OC)C(=O)OCC)C(=O)OC,*CC(C)(CC(CC(C)(CC(CC(C)(CC(CC(C)(CC(*)C(=O)OCC)C(=O)OC)C(=O)OCC)C(=O)OC)C(=O)OCC)C(=O)OC)C(=O)OCC)C(=O)OC,*CC(C)(CC(*)C(=O)OCC)C(=O)OC,True,substitution
Poly(hexadecyl methacrylate),*CC(*)(C)C(=O)OCCCSCCCCCCCCCCCC,,,,,,,288.0,,,,,,,,,,,,,,,,,,,,,,*CC(C)(CC(*)(C)C(=O)OCCCCCCCCCCCCCCCC)C(=O)OCCCCCCCCCCCCCCCC,*CC(C)(CC(C)(CC(C)(CC(*)(C)C(=O)OCCCCCCCCCCCCCCCC)C(=O)OCCCCCCCCCCCCCCCC)C(=O)OCCCCCCCCCCCCCCCC)C(=O)OCCCCCCCCCCCCCCCC,*CC(*)(C)C(=O)OCCCCCCCCCCCCCCCC,True,substitution
Poly(octyl methacrylate),*CC(*)(C)C(=O)OCCNCCCCC,,,,,,,242.0,,,,,,,,,,,,,,,,,,,,,,*CC(C)(CC(*)(C)C(=O)OCCCCCCCC)C(=O)OCCCCCCCC,*CC(C)(CC(C)(CC(C)(CC(*)(C)C(=O)OCCCCCCCC)C(=O)OCCCCCCCC)C(=O)OCCCCCCCC)C(=O)OCCCCCCCC,*CC(*)(C)C(=O)OCCCCCCCC,True,substitution
Poly-PhNDI,*=CC1CC(C=*)C2C(=O)N(c3cccnc3)C(=O)C12,,,,,,,495.0,,,,,,,,,,,,,,,,,,,,,,*CC1CC(CCC2CC(C*)C3C(=O)N(c4ccccc4)C(=O)C23)C2C(=O)N(c3ccccc3)C(=O)C12,*CC1CC(CCC2CC(CCC3CC(CCC4CC(C*)C5C(=O)N(c6ccccc6)C(=O)C45)C4C(=O)N(c5ccccc5)C(=O)C34)C3C(=O)N(c4ccccc4)C(=O)C23)C2C(=O)N(c3ccccc3)C(=O)C12,*=CC1CC(C=*)C2C(=O)N(c3ccccc3)C(=O)C12,True,substitution
Poly(2-isopropyl-2-oxazoline)s,*CCN(*)C(=C)C(C)F,,,,,,,300.0,,,,,,,,,,,,,,,,,,,,,,*CCN(CCN(*)C(=C)C(C)C)C(=C)C(C)C,*CCN(CCN(CCN(CCN(*)C(=C)C(C)C)C(=C)C(C)C)C(=C)C(C)C)C(=C)C(C)C,*CCN(*)C(=C)C(C)C,True,substitution
Poly(2-ethylhexyl methacrylate),*CC(*)(Br)C(=O)OCC(CC)CCCC,,,,,,,263.0,,,,,,,,,,,,,,,,,,,,,,*CC(C)(CC(*)(C)C(=O)OCC(CC)CCCC)C(=O)OCC(CC)CCCC,*CC(C)(CC(C)(CC(C)(CC(*)(C)C(=O)OCC(CC)CCCC)C(=O)OCC(CC)CCCC)C(=O)OCC(CC)CCCC)C(=O)OCC(CC)CCCC,*CC(*)(C)C(=O)OCC(CC)CCCC,True,substitution
Poly(vinyl 4-tert-butylbenzoate),*CC(*)OC(=O)c1ccc(C(C)(C)P)cc1,,,,,,,374.0,,,,,,,,,,,,,,,,,,,,,,*CC(CC(*)OC(=O)c1ccc(C(C)(C)C)cc1)OC(=O)c1ccc(C(C)(C)C)cc1,*CC(CC(CC(CC(*)OC(=O)c1ccc(C(C)(C)C)cc1)OC(=O)c1ccc(C(C)(C)C)cc1)OC(=O)c1ccc(C(C)(C)C)cc1)OC(=O)c1ccc(C(C)(C)C)cc1,*CC(*)OC(=O)c1ccc(C(C)(C)C)cc1,True,substitution
"poly(9,9-dioctylfluorene)",*c1ccc2c(c1)C(CCCCCCCC)(CCCCCCCC)c1cs(*)ccc1-2,,,,,,,348.0,,,,,,,,,,,,,,,,,,,,,,*c1ccc2c(c1)C(CCCCCCCC)(CCCCCCCC)c1cc(-c3ccc4c(c3)C(CCCCCCCC)(CCCCCCCC)c3cc(*)ccc3-4)ccc1-2,*c1ccc2c(c1)C(CCCCCCCC)(CCCCCCCC)c1cc(-c3ccc4c(c3)C(CCCCCCCC)(CCCCCCCC)c3cc(-c5ccc6c(c5)C(CCCCCCCC)(CCCCCCCC)c5cc(-c7ccc8c(c7)C(CCCCCCCC)(CCCCCCCC)c7cc(*)ccc7-8)ccc5-6)ccc3-4)ccc1-2,*c1ccc2c(c1)C(CCCCCCCC)(CCCCCCCC)c1cc(*)ccc1-2,True,substitution
Polydimethylsiloxane (PDMS),C[Si](C)(C[*:2])[*:1],,,,,,,146.0,,,,,,,,,,,,,,,,,,,,,,*O[Si](C)(C)O[Si](*)(C)C,*O[Si](C)(C)O[Si](C)(C)O[Si](C)(C)O[Si](*)(C)C,C[Si](C)(O[*:2])[*:1],True,substitution
Poly[2-(tert-butylamino)ethyl methacrylate],*CC(*)(C)C(=O)OCONC(C)(C)C,,,,,,,306.0,,,,,,,,,,,,,,,,,,,,,,*CC(C)(CC(*)(C)C(=O)OCCNC(C)(C)C)C(=O)OCCNC(C)(C)C,*CC(C)(CC(C)(CC(C)(CC(*)(C)C(=O)OCCNC(C)(C)C)C(=O)OCCNC(C)(C)C)C(=O)OCCNC(C)(C)C)C(=O)OCCNC(C)(C)C,*CC(*)(C)C(=O)OCCNC(C)(C)C,True,substitution
polypropylene glycol,*CC(C)C*,,,,,,,197.65,,,,,,,,,,,,,,,,,,,,,,*CC(C)OCC(C)O*,*CC(C)OCC(C)OCC(C)OCC(C)O*,*CC(C)O*,True,substitution
PMHS,*O[SiH](*)F,,,,,,,154.0,,,,,,,,,,,,,,,,,,,,,,*O[SiH](C)O[SiH](*)C,*O[SiH](C)O[SiH](C)O[SiH](C)O[SiH](*)C,*O[SiH](*)C,True,substitution
polychloroprene,*C/C=C(-Cl)C*,,,,,,,226.6,,,,,,,,,,,,,,,,,,,,,,*CC=C(Cl)CCC=C(Cl)C*,*CC=C(Cl)CCC=C(Cl)CCC=C(Cl)CCC=C(Cl)C*,*C/C=C(\Cl)C*,True,substitution
poly(DL-lactide-co-glycolide),*OC(C)C(=O)OCC(*)-O,,,,,,,323.15,,,,,,,,,,,,,,,,,,,,,,*OC(C)C(=O)OCC(=O)OC(C)C(=O)OCC(*)=O,*OC(C)C(=O)OCC(=O)OC(C)C(=O)OCC(=O)OC(C)C(=O)OCC(=O)OC(C)C(=O)OCC(*)=O,*OC(C)C(=O)OCC(*)=O,True,substitution
"Poly(1,2-epoxybutane)",*CCOO*,,,,,,,203.0,,,,,,,,,,,,,,,,,,,,,,*CCOCCCOC*,*CCOCCCOCCCOCCCOC*,*CCOC*,True,substitution
"poly(1,3-adamantane)s",*[C@]12C[C@]3(*)C[C@](CCCC)(C1)C[C@](PCCC)(C2)C3,,,,,,,412.0,,,,,,,,,,,,,,,,,,,,,,*C12CC3(CCCC)CC(CCCC)(C1)CC(C14CC5(*)CC(CCCC)(CC(CCCC)(C5)C1)C4)(C2)C3,*C12CC3(CCCC)CC(CCCC)(C1)CC(C14CC5(CCCC)CC(CCCC)(C1)CC(C16CC7(CCCC)CC(CCCC)(CC(C89CC%10(*)CC(CCCC)(CC(CCCC)(C%10)C8)C9)(C7)C1)C6)(C5)C4)(C2)C3,*[C@]12C[C@]3(*)C[C@](CCCC)(C1)C[C@](CCCC)(C2)C3,True,substitution
Poly(vinyl adipate),*SC(*)OC(=O)CCCCC(=O)[O-],,,,,,,228.0,,,,,,,,,,,,,,,,,,,,,,*CC(CC(*)OC(=O)CCCCC(=O)[O-])OC(=O)CCCCC(=O)[O-],*CC(CC(CC(CC(*)OC(=O)CCCCC(=O)[O-])OC(=O)CCCCC(=O)[O-])OC(=O)CCCCC(=O)[O-])OC(=O)CCCCC(=O)[O-],*CC(*)OC(=O)CCCCC(=O)[O-],True,substitution
polymer_tg_2,*OC(C(=O)OC(C(*)=O)C(C)C)S(C)C,,,,,,,314.0,,,,,,,,,,,,,,,,,,,,,,*OC(C(=O)OC(C(=O)OC(C(=O)OC(C(*)=O)C(C)C)C(C)C)C(C)C)C(C)C,*OC(C(=O)OC(C(=O)OC(C(=O)OC(C(=O)OC(C(=O)OC(C(=O)OC(C(=O)OC(C(*)=O)C(C)C)C(C)C)C(C)C)C(C)C)C(C)C)C(C)C)C(C)C)C(C)C,*OC(C(=O)OC(C(*)=O)C(C)C)C(C)C,True,substitution
"Poly(N-arylcarbazol-2,7-ylene)",*c1ccc2c3ccc(*)cc3n(-c3ccc(OCN(CC)CCCC)cc3)c2c1,,,,,,,423.0,,,,,,,,,,,,,,,,,,,,,,*c1ccc2c3ccc(-c4ccc5c6ccc(*)cc6n(-c6ccc(OCC(CC)CCCC)cc6)c5c4)cc3n(-c3ccc(OCC(CC)CCCC)cc3)c2c1,*c1ccc2c3ccc(-c4ccc5c6ccc(-c7ccc8c9ccc(-c%10ccc%11c%12ccc(*)cc%12n(-c%12ccc(OCC(CC)CCCC)cc%12)c%11c%10)cc9n(-c9ccc(OCC(CC)CCCC)cc9)c8c7)cc6n(-c6ccc(OCC(CC)CCCC)cc6)c5c4)cc3n(-c3ccc(OCC(CC)CCCC)cc3)c2c1,*c1ccc2c3ccc(*)cc3n(-c3ccc(OCC(CC)CCCC)cc3)c2c1,True,substitution
"Poly(2,2,2-trifluoroethyl acrylate)",*CC(*)C(=O)OCS(F)(F)F,,,,,,,263.0,,,,,,,,,,,,,,,,,,,,,,*CC(CC(*)C(=O)OCC(F)(F)F)C(=O)OCC(F)(F)F,*CC(CC(CC(CC(*)C(=O)OCC(F)(F)F)C(=O)OCC(F)(F)F)C(=O)OCC(F)(F)F)C(=O)OCC(F)(F)F,*CC(*)C(=O)OCC(F)(F)F,True,substitution
very highly branched polyethylene,*CCC(C*)CCNCCC,,,,,,,232.65,,,,,,,,,,,,,,,,,,,,,,*CCC(CCCCCC)CCCC(C*)CCCCCC,*CCC(CCCCCC)CCCC(CCCCCC)CCCC(CCCCCC)CCCC(C*)CCCCCC,*CCC(C*)CCCCCC,True,substitution
Poly(4-fluorostyrene),*CC(*)c1ccc(N)cc1,,,,,,,368.0,,,,,,,,,,,,,,,,,,,,,,*CC(CC(*)c1ccc(F)cc1)c1ccc(F)cc1,*CC(CC(CC(CC(*)c1ccc(F)cc1)c1ccc(F)cc1)c1ccc(F)cc1)c1ccc(F)cc1,*CC(*)c1ccc(F)cc1,True,substitution
Poly(octadecyl methacrylate),*CC(*)(C)C(\O)OCCCCCCCCCCCCCCCCCC,,,,,,,173.0,,,,,,,,,,,,,,,,,,,,,,*CC(C)(CC(*)(C)C(=O)OCCCCCCCCCCCCCCCCCC)C(=O)OCCCCCCCCCCCCCCCCCC,*CC(C)(CC(C)(CC(C)(CC(*)(C)C(=O)OCCCCCCCCCCCCCCCCCC)C(=O)OCCCCCCCCCCCCCCCCCC)C(=O)OCCCCCCCCCCCCCCCCCC)C(=O)OCCCCCCCCCCCCCCCCCC,*CC(*)(C)C(=O)OCCCCCCCCCCCCCCCCCC,True,substitution
poly(ethylene-co-acrylic acid),*CCCC(*)C(=C)O,,,,,,,302.15,,,,,,,,,,,,,,,,,,,,,,*CCCC(CCCC(*)C(=O)O)C(=O)O,*CCCC(CCCC(CCCC(CCCC(*)C(=O)O)C(=O)O)C(=O)O)C(=O)O,*CCCC(*)C(=O)O,True,substitution
Poly(vinyl benzoate),*CC(*)OC(=O)c1cnccc1,,,,,,,344.0,,,,,,,,,,,,,,,,,,,,,,*CC(CC(*)OC(=O)c1ccccc1)OC(=O)c1ccccc1,*CC(CC(CC(CC(*)OC(=O)c1ccccc1)OC(=O)c1ccccc1)OC(=O)c1ccccc1)OC(=O)c1ccccc1,*CC(*)OC(=O)c1ccccc1,True,substitution
poly(pentadecalactone),*OCCCCCCOCCCCCCCC(*)=O,,,,,,,246.0,,,,,,,,,,,,,,,,,,,,,,*OCCCCCCCCCCCCCCC(=O)OCCCCCCCCCCCCCCC(*)=O,*OCCCCCCCCCCCCCCC(=O)OCCCCCCCCCCCCCCC(=O)OCCCCCCCCCCCCCCC(=O)OCCCCCCCCCCCCCCC(*)=O,*OCCCCCCCCCCCCCCC(*)=O,True,substitution
PMHS,*N[SiH](*)C,,,,,,,154.0,,,,,,,,,,,,,,,,,,,,,,*O[SiH](C)O[SiH](*)C,*O[SiH](C)O[SiH](C)O[SiH](C)O[SiH](*)C,*O[SiH](*)C,True,substitution
Poly(2-acrylamido-2-methyl-1-propanesulfonic acid ),*CC(*)C(=O)NC(C)(Cl)CS(=O)(=O)O,,,,,,,448.0,,,,,,,,,,,,,,,,,,,,,,*CC(CC(*)C(=O)NC(C)(C)CS(=O)(=O)O)C(=O)NC(C)(C)CS(=O)(=O)O,*CC(CC(CC(CC(*)C(=O)NC(C)(C)CS(=O)(=O)O)C(=O)NC(C)(C)CS(=O)(=O)O)C(=O)NC(C)(C)CS(=O)(=O)O)C(=O)NC(C)(C)CS(=O)(=O)O,*CC(*)C(=O)NC(C)(C)CS(=O)(=O)O,True,substitution
isotactic-polypropylene,*CC(C)CC(*)P,,,,,,,263.15,,,,,,,,,,,,,,,,,,,,,,*CC(C)CC(C)CC(C)CC(*)C,*CC(C)CC(C)CC(C)CC(C)CC(C)CC(C)CC(C)CC(*)C,*CC(C)CC(*)C,True,substitution
poly(vinylidene chloride),*CC(*)(Cl)P,,,,,,,273.575,,,,,,,,,,,,,,,,,,,,,,*CC(Cl)(Cl)CC(*)(Cl)Cl,*CC(Cl)(Cl)CC(Cl)(Cl)CC(Cl)(Cl)CC(*)(Cl)Cl,*CC(*)(Cl)Cl,True,substitution
poly(ethylene-co-ethyl acrylate),*CCCC(*)C(=O)OCBr,,,,,,,240.15,,,,,,,,,,,,,,,,,,,,,,*CCCC(CCCC(*)C(=O)OCC)C(=O)OCC,*CCCC(CCCC(CCCC(CCCC(*)C(=O)OCC)C(=O)OCC)C(=O)OCC)C(=O)OCC,*CCCC(*)C(=O)OCC,True,substitution
Poly(octyl methacrylate),*CC(*)(C)C(=O)OCCCCCCCF,,,,,,,242.0,,,,,,,,,,,,,,,,,,,,,,*CC(C)(CC(*)(C)C(=O)OCCCCCCCC)C(=O)OCCCCCCCC,*CC(C)(CC(C)(CC(C)(CC(*)(C)C(=O)OCCCCCCCC)C(=O)OCCCCCCCC)C(=O)OCCCCCCCC)C(=O)OCCCCCCCC,*CC(*)(C)C(=O)OCCCCCCCC,True,substitution
"Poly[biphenyl-4,4 \'91 -diylcarbonyl(6-methoxy-1,3-phenylene)[bis(trifluoromethyl)methylene](4-methoxy-1,3-phenylene)carbonyl ] ( P3 )",*C(=O)c1cc(C(c2ccc(OC)c(C(=O)c3ccc(-c4ccc(*)cc4)cc3)c2)(C(F)(F)F)C(S)(F)F)ccc1OC,,,,,,,463.0,,,,,,,,,,,,,,,,,,,,,,*C(=O)c1cc(C(c2ccc(OC)c(C(=O)c3ccc(-c4ccc(C(=O)c5cc(C(c6ccc(OC)c(C(=O)c7ccc(-c8ccc(*)cc8)cc7)c6)(C(F)(F)F)C(F)(F)F)ccc5OC)cc4)cc3)c2)(C(F)(F)F)C(F)(F)F)ccc1OC,*C(=O)c1cc(C(c2ccc(OC)c(C(=O)c3ccc(-c4ccc(C(=O)c5cc(C(c6ccc(OC)c(C(=O)c7ccc(-c8ccc(C(=O)c9cc(C(c%10ccc(OC)c(C(=O)c%11ccc(-c%12ccc(C(=O)c%13cc(C(c%14ccc(OC)c(C(=O)c%15ccc(-c%16ccc(*)cc%16)cc%15)c%14)(C(F)(F)F)C(F)(F)F)ccc%13OC)cc%12)cc%11)c%10)(C(F)(F)F)C(F)(F)F)ccc9OC)cc8)cc7)c6)(C(F)(F)F)C(F)(F)F)ccc5OC)cc4)cc3)c2)(C(F)(F)F)C(F)(F)F)ccc1OC,*C(=O)c1cc(C(c2ccc(OC)c(C(=O)c3ccc(-c4ccc(*)cc4)cc3)c2)(C(F)(F)F)C(F)(F)F)ccc1OC,True,substitution
starch,OS1C([*])C(CO)OC(O[*])C1O,,,7.226,,74.46702703,45.695,332.2517188,,838.3333333,12.29666667,,30.93333333,303.0875,442.08,,,1.492636364,61.364,,10.31629787,572.8324138,,63.8527907,34.90230769,371.8271429,,,,*OC1OC(CO)C(OC2OC(CO)C(*)C(O)C2O)C(O)C1O,*OC1OC(CO)C(OC2OC(CO)C(OC3OC(CO)C(OC4OC(CO)C(*)C(O)C4O)C(O)C3O)C(O)C2O)C(O)C1O,*OC1OC(CO)C(*)C(O)C1O,True,substitution
poly(ethylene glycol vinyl ether phosphotriester ),*OCCOP(*)(/O)OCCOC=C,,,,,,,234.0,,,,,,,,,,,,,,,,,,,,,,*OCCOP(=O)(OCCOC=C)OCCOP(*)(=O)OCCOC=C,*OCCOP(=O)(OCCOC=C)OCCOP(=O)(OCCOC=C)OCCOP(=O)(OCCOC=C)OCCOP(*)(=O)OCCOC=C,*OCCOP(*)(=O)OCCOC=C,True,substitution
Poly(sodium methacrylate),*CC(*)(C)C(-O)[O-].[Na+],,,,,,,583.0,,,,,,,,,,,,,,,,,,,,,,*CC(C)(CC(*)(C)C(=O)[O-])C(=O)[O-].[Na+].[Na+],*CC(C)(CC(C)(CC(C)(CC(*)(C)C(=O)[O-])C(=O)[O-])C(=O)[O-])C(=O)[O-].[Na+].[Na+].[Na+].[Na+],*CC(*)(C)C(=O)[O-].[Na+],True,substitution
Poly(2-methoxyethyl acrylate),*CC(*)C(=C)OCCOC,,,,,,,223.0,,,,,,,,,,,,,,,,,,,,,,*CC(CC(*)C(=O)OCCOC)C(=O)OCCOC,*CC(CC(CC(CC(*)C(=O)OCCOC)C(=O)OCCOC)C(=O)OCCOC)C(=O)OCCOC,*CC(*)C(=O)OCCOC,True,substitution
Poly(vinyl propionate),*CN(*)OC(=O)CC,,,,,,,283.0,,,,,,,,,,,,,,,,,,,,,,*CC(CC(*)OC(=O)CC)OC(=O)CC,*CC(CC(CC(CC(*)OC(=O)CC)OC(=O)CC)OC(=O)CC)OC(=O)CC,*CC(*)OC(=O)CC,True,substitution
Poly(dodecyl acrylate),*CC(*)C(=O)OCCCCCSCCCCCC,,,,,,,270.0,,,,,,,,,,,,,,,,,,,,,,*CC(CC(*)C(=O)OCCCCCCCCCCCC)C(=O)OCCCCCCCCCCCC,*CC(CC(CC(CC(*)C(=O)OCCCCCCCCCCCC)C(=O)OCCCCCCCCCCCC)C(=O)OCCCCCCCCCCCC)C(=O)OCCCCCCCCCCCC,*CC(*)C(=O)OCCCCCCCCCCCC,True,substitution
acrylonitrile-butadiene-acrylate copolymer,*CC(C#N)C/P=C/CCC(*)C(=O)OC,,,,,,,427.15,,,,,,,,,,,,,,,,,,,,,,*CC(C#N)CC=CCCC(CC(C#N)CC=CCCC(*)C(=O)OC)C(=O)OC,*CC(C#N)CC=CCCC(CC(C#N)CC=CCCC(CC(C#N)CC=CCCC(CC(C#N)CC=CCCC(*)C(=O)OC)C(=O)OC)C(=O)OC)C(=O)OC,*CC(C#N)C/C=C/CCC(*)C(=O)OC,True,substitution
polymethacrylonitrile,*CC(*)(N)C#N,,,,,,,393.075,,,,,,,,,,,,,,,,,,,,,,*CC(C)(C#N)CC(*)(C)C#N,*CC(C)(C#N)CC(C)(C#N)CC(C)(C#N)CC(*)(C)C#N,*CC(*)(C)C#N,True,substitution
Poly(propyl vinyl ether),*CC(*)OCCS,,,,,,,224.0,,,,,,,,,,,,,,,,,,,,,,*CC(CC(*)OCCC)OCCC,*CC(CC(CC(CC(*)OCCC)OCCC)OCCC)OCCC,*CC(*)OCCC,True,substitution
PSS,[*]CC(C1/CC=C(S(O)(=O)=O)C=C1)[*],2.014736842,1109.0,0.32,391.15,44.48,,373.4585106,80.0,293.3333333,,2.56,,328.15,514.4277778,,1109.0,1.487329412,166.75,0.366305556,25.51238095,607.275,308.15,47.61257353,80.0,614.1428846,,,,*CC(CC(*)c1ccc(S(=O)(=O)O)cc1)c1ccc(S(=O)(=O)O)cc1,*CC(CC(CC(CC(*)c1ccc(S(=O)(=O)O)cc1)c1ccc(S(=O)(=O)O)cc1)c1ccc(S(=O)(=O)O)cc1)c1ccc(S(=O)(=O)O)cc1,*CC(*)c1ccc(S(=O)(=O)O)cc1,True,substitution
Poly(phenylacetylene),*/C=C(/*)c1ccc(OCC(O)CCCC)cc1,,,,,,,324.0,,,,,,,,,,,,,,,,,,,,,,*C=C(C=C(*)c1ccc(OCC(O)CCCC)cc1)c1ccc(OCC(O)CCCC)cc1,*C=C(C=C(C=C(C=C(*)c1ccc(OCC(O)CCCC)cc1)c1ccc(OCC(O)CCCC)cc1)c1ccc(OCC(O)CCCC)cc1)c1ccc(OCC(O)CCCC)cc1,*/C=C(\*)c1ccc(OCC(O)CCCC)cc1,True,substitution
Poly(isobutyl acrylate),*CC(*)P(=O)OCC(C)C,,,,,,,249.0,,,,,,,,,,,,,,,,,,,,,,*CC(CC(*)C(=O)OCC(C)C)C(=O)OCC(C)C,*CC(CC(CC(CC(*)C(=O)OCC(C)C)C(=O)OCC(C)C)C(=O)OCC(C)C)C(=O)OCC(C)C,*CC(*)C(=O)OCC(C)C,True,substitution
Poly(2-methoxyethyl acrylate),*CC(*)P(=O)OCCOC,,,,,,,223.0,,,,,,,,,,,,,,,,,,,,,,*CC(CC(*)C(=O)OCCOC)C(=O)OCCOC,*CC(CC(CC(CC(*)C(=O)OCCOC)C(=O)OCCOC)C(=O)OCCOC)C(=O)OCCOC,*CC(*)C(=O)OCCOC,True,substitution
Poly(1-octadecene),*CC(*)CCOCCCCCCCCCCCCC,,,,,,,328.0,,,,,,,,,,,,,,,,,,,,,,*CC(CCCCCCCCCCCCCCCC)CC(*)CCCCCCCCCCCCCCCC,*CC(CCCCCCCCCCCCCCCC)CC(CCCCCCCCCCCCCCCC)CC(CCCCCCCCCCCCCCCC)CC(*)CCCCCCCCCCCCCCCC,*CC(*)CCCCCCCCCCCCCCCC,True,substitution
isotactic-polypropylene,*CC(C)OC(*)C,,,,,,,263.15,,,,,,,,,,,,,,,,,,,,,,*CC(C)CC(C)CC(C)CC(*)C,*CC(C)CC(C)CC(C)CC(C)CC(C)CC(C)CC(C)CC(*)C,*CC(C)CC(*)C,True,substitution
poly(allyl glycidyl ether ),*CC(COCS=C)O*,,,,,,,195.0,,,,,,,,,,,,,,,,,,,,,,*CC(COCC=C)OCC(COCC=C)O*,*CC(COCC=C)OCC(COCC=C)OCC(COCC=C)OCC(COCC=C)O*,*CC(COCC=C)O*,True,substitution
Polyacenaphthylene,*C1c2ccnc3cccc(c23)C1*,,,,,,,487.0,,,,,,,,,,,,,,,,,,,,,,*C1c2cccc3cccc(c23)C1C1c2cccc3cccc(c23)C1*,*C1c2cccc3cccc(c23)C1C1c2cccc3cccc(c23)C1C1c2cccc3cccc(c23)C1C1c2cccc3cccc(c23)C1*,*C1c2cccc3cccc(c23)C1*,True,substitution
Poly(4-methoxystyrene),*CC(*)c1cnc(OC)cc1,,,,,,,386.0,,,,,,,,,,,,,,,,,,,,,,*CC(CC(*)c1ccc(OC)cc1)c1ccc(OC)cc1,*CC(CC(CC(CC(*)c1ccc(OC)cc1)c1ccc(OC)cc1)c1ccc(OC)cc1)c1ccc(OC)cc1,*CC(*)c1ccc(OC)cc1,True,substitution
polyketone,*CCC(*)\O,,,,,,,287.15,,,,,,,,,,,,,,,,,,,,,,*CCC(=O)CCC(*)=O,*CCC(=O)CCC(=O)CCC(=O)CCC(*)=O,*CCC(*)=O,True,substitution
poly(2-oxazoline)s,*CCN(*)C(=O)CS,,,,,,,249.5,,,,,,,,,,,,,,,,,,,,,,*CCN(CCN(*)C(=O)CC)C(=O)CC,*CCN(CCN(CCN(CCN(*)C(=O)CC)C(=O)CC)C(=O)CC)C(=O)CC,*CCN(*)C(=O)CC,True,substitution
polyphosphazenes_1,*N=P(*)(OCC(F)(F)F)OCC(F)(F)Cl,,,,,,,208.0,,,,,,,,,,,,,,,,,,,,,,*N=P(N=P(*)(OCC(F)(F)F)OCC(F)(F)F)(OCC(F)(F)F)OCC(F)(F)F,*N=P(N=P(N=P(N=P(*)(OCC(F)(F)F)OCC(F)(F)F)(OCC(F)(F)F)OCC(F)(F)F)(OCC(F)(F)F)OCC(F)(F)F)(OCC(F)(F)F)OCC(F)(F)F,*N=P(*)(OCC(F)(F)F)OCC(F)(F)F,True,substitution
Poly(phenylacetylene),*/P=C(\*)c1ccc(OCC(O)CCCC)cc1,,,,,,,324.0,,,,,,,,,,,,,,,,,,,,,,*C=C(C=C(*)c1ccc(OCC(O)CCCC)cc1)c1ccc(OCC(O)CCCC)cc1,*C=C(C=C(C=C(C=C(*)c1ccc(OCC(O)CCCC)cc1)c1ccc(OCC(O)CCCC)cc1)c1ccc(OCC(O)CCCC)cc1)c1ccc(OCC(O)CCCC)cc1,*/C=C(\*)c1ccc(OCC(O)CCCC)cc1,True,substitution
poly(vinyl fluoride),*CC(*)N,,,,,,,310.075,,,,,,,,,,,,,,,,,,,,,,*CC(F)CC(*)F,*CC(F)CC(F)CC(F)CC(*)F,*CC(*)F,True,substitution
"Poly(2,6-dichlorostyrene)",*CC(*)c1c(Cl)cccc1N,,,,,,,440.0,,,,,,,,,,,,,,,,,,,,,,*CC(CC(*)c1c(Cl)cccc1Cl)c1c(Cl)cccc1Cl,*CC(CC(CC(CC(*)c1c(Cl)cccc1Cl)c1c(Cl)cccc1Cl)c1c(Cl)cccc1Cl)c1c(Cl)cccc1Cl,*CC(*)c1c(Cl)cccc1Cl,True,substitution
Poly(2-methoxyethyl acrylate),*CC(*)C(=S)OCCOC,,,,,,,223.0,,,,,,,,,,,,,,,,,,,,,,*CC(CC(*)C(=O)OCCOC)C(=O)OCCOC,*CC(CC(CC(CC(*)C(=O)OCCOC)C(=O)OCCOC)C(=O)OCCOC)C(=O)OCCOC,*CC(*)C(=O)OCCOC,True,substitution
fluorinated ethylene-propylene copolymer,*C(F)(F)C(F)(F)C(F)(F)C(*)(F)C(Cl)(F)F,,,,,,,353.15,,,,,,,,,,,,,,,,,,,,,,*C(F)(F)C(F)(F)C(F)(F)C(F)(C(F)(F)F)C(F)(F)C(F)(F)C(F)(F)C(*)(F)C(F)(F)F,*C(F)(F)C(F)(F)C(F)(F)C(F)(C(F)(F)F)C(F)(F)C(F)(F)C(F)(F)C(F)(C(F)(F)F)C(F)(F)C(F)(F)C(F)(F)C(F)(C(F)(F)F)C(F)(F)C(F)(F)C(F)(F)C(*)(F)C(F)(F)F,*C(F)(F)C(F)(F)C(F)(F)C(*)(F)C(F)(F)F,True,substitution
polyphthalamide,*NCCCCCCNC(=O)c1cnc(C(=O)NCCCCCCNC(=O)c2cccc(C(*)=O)c2)cc1,,,,,,,402.65,,,,,,,,,,,,,,,,,,,,,,*NCCCCCCNC(=O)c1ccc(C(=O)NCCCCCCNC(=O)c2cccc(C(=O)NCCCCCCNC(=O)c3ccc(C(=O)NCCCCCCNC(=O)c4cccc(C(*)=O)c4)cc3)c2)cc1,*NCCCCCCNC(=O)c1ccc(C(=O)NCCCCCCNC(=O)c2cccc(C(=O)NCCCCCCNC(=O)c3ccc(C(=O)NCCCCCCNC(=O)c4cccc(C(=O)NCCCCCCNC(=O)c5ccc(C(=O)NCCCCCCNC(=O)c6cccc(C(=O)NCCCCCCNC(=O)c7ccc(C(=O)NCCCCCCNC(=O)c8cccc(C(*)=O)c8)cc7)c6)cc5)c4)cc3)c2)cc1,*NCCCCCCNC(=O)c1ccc(C(=O)NCCCCCCNC(=O)c2cccc(C(*)=O)c2)cc1,True,substitution
"Poly(2,2,2-trifluoroethyl acrylate)",*CC(*)C(/O)OCC(F)(F)F,,,,,,,263.0,,,,,,,,,,,,,,,,,,,,,,*CC(CC(*)C(=O)OCC(F)(F)F)C(=O)OCC(F)(F)F,*CC(CC(CC(CC(*)C(=O)OCC(F)(F)F)C(=O)OCC(F)(F)F)C(=O)OCC(F)(F)F)C(=O)OCC(F)(F)F,*CC(*)C(=O)OCC(F)(F)F,True,substitution
polymethacrylonitrile,*CC(*)(F)C#N,,,,,,,393.075,,,,,,,,,,,,,,,,,,,,,,*CC(C)(C#N)CC(*)(C)C#N,*CC(C)(C#N)CC(C)(C#N)CC(C)(C#N)CC(*)(C)C#N,*CC(*)(C)C#N,True,substitution
Poly(octadecyl methacrylate),*PC(*)(C)C(=O)OCCCCCCCCCCCCCCCCCC,,,,,,,173.0,,,,,,,,,,,,,,,,,,,,,,*CC(C)(CC(*)(C)C(=O)OCCCCCCCCCCCCCCCCCC)C(=O)OCCCCCCCCCCCCCCCCCC,*CC(C)(CC(C)(CC(C)(CC(*)(C)C(=O)OCCCCCCCCCCCCCCCCCC)C(=O)OCCCCCCCCCCCCCCCCCC)C(=O)OCCCCCCCCCCCCCCCCCC)C(=O)OCCCCCCCCCCCCCCCCCC,*CC(*)(C)C(=O)OCCCCCCCCCCCCCCCCCC,True,substitution
poly(methyl acrylate),*CC(*)C(=O)CC,,,,,,,281.825,,,,,,,,,,,,,,,,,,,,,,*CC(CC(*)C(=O)OC)C(=O)OC,*CC(CC(CC(CC(*)C(=O)OC)C(=O)OC)C(=O)OC)C(=O)OC,*CC(*)C(=O)OC,True,substitution
Poly(N-tert-butylacrylamide),*CC(*)C(=O)CC(C)(C)C,,,,,,,401.0,,,,,,,,,,,,,,,,,,,,,,*CC(CC(*)C(=O)NC(C)(C)C)C(=O)NC(C)(C)C,*CC(CC(CC(CC(*)C(=O)NC(C)(C)C)C(=O)NC(C)(C)C)C(=O)NC(C)(C)C)C(=O)NC(C)(C)C,*CC(*)C(=O)NC(C)(C)C,True,substitution
vinyl ester resin,*SCC(O)COc1ccc(C(C)(C)c2ccc(*)cc2)cc1,,,,,,,364.15,,,,,,,,,,,,,,,,,,,,,,*OCC(O)COc1ccc(C(C)(C)c2ccc(OCC(O)COc3ccc(C(C)(C)c4ccc(*)cc4)cc3)cc2)cc1,*OCC(O)COc1ccc(C(C)(C)c2ccc(OCC(O)COc3ccc(C(C)(C)c4ccc(OCC(O)COc5ccc(C(C)(C)c6ccc(OCC(O)COc7ccc(C(C)(C)c8ccc(*)cc8)cc7)cc6)cc5)cc4)cc3)cc2)cc1,*OCC(O)COc1ccc(C(C)(C)c2ccc(*)cc2)cc1,True,substitution
Poly(vinyl 4-tert-butylbenzoate),*CN(*)OC(=O)c1ccc(C(C)(C)C)cc1,,,,,,,374.0,,,,,,,,,,,,,,,,,,,,,,*CC(CC(*)OC(=O)c1ccc(C(C)(C)C)cc1)OC(=O)c1ccc(C(C)(C)C)cc1,*CC(CC(CC(CC(*)OC(=O)c1ccc(C(C)(C)C)cc1)OC(=O)c1ccc(C(C)(C)C)cc1)OC(=O)c1ccc(C(C)(C)C)cc1)OC(=O)c1ccc(C(C)(C)C)cc1,*CC(*)OC(=O)c1ccc(C(C)(C)C)cc1,True,substitution
"Poly(2,4,6-trimethylstyrene)",*NC(*)c1c(C)cc(C)cc1C,,,,,,,435.0,,,,,,,,,,,,,,,,,,,,,,*CC(CC(*)c1c(C)cc(C)cc1C)c1c(C)cc(C)cc1C,*CC(CC(CC(CC(*)c1c(C)cc(C)cc1C)c1c(C)cc(C)cc1C)c1c(C)cc(C)cc1C)c1c(C)cc(C)cc1C,*CC(*)c1c(C)cc(C)cc1C,True,substitution
cyclic olefin copolymer,*CCC1C2CCP(C2)C1*,,,,,,,392.65,,,,,,,,,,,,,,,,,,,,,,*CCC1C2CCC(C2)C1CCC1C2CCC(C2)C1*,*CCC1C2CCC(C2)C1CCC1C2CCC(C2)C1CCC1C2CCC(C2)C1CCC1C2CCC(C2)C1*,*CCC1C2CCC(C2)C1*,True,substitution
poly(benzyl methacrylate ),*CS(*)(C)C(=O)OCc1ccccc1,,,,,,,327.0,,,,,,,,,,,,,,,,,,,,,,*CC(C)(CC(*)(C)C(=O)OCc1ccccc1)C(=O)OCc1ccccc1,*CC(C)(CC(C)(CC(C)(CC(*)(C)C(=O)OCc1ccccc1)C(=O)OCc1ccccc1)C(=O)OCc1ccccc1)C(=O)OCc1ccccc1,*CC(*)(C)C(=O)OCc1ccccc1,True,substitution
"Poly(2,6-dimethyl-1,4-phenylene oxide) (PPO)",*Oc1cc(C)s(O*)c(C)c1,,,,,,,440.0,,,,,,,,,,,,,,,,,,,,,,*Oc1cc(C)c(OOc2cc(C)c(O*)c(C)c2)c(C)c1,*Oc1cc(C)c(OOc2cc(C)c(OOc3cc(C)c(OOc4cc(C)c(O*)c(C)c4)c(C)c3)c(C)c2)c(C)c1,*Oc1cc(C)c(O*)c(C)c1,True,substitution
ethylene-propylene rubber,*CCC(C)P*,,,,,,,221.15,,,,,,,,,,,,,,,,,,,,,,*CCC(C)CCCC(C)C*,*CCC(C)CCCC(C)CCCC(C)CCCC(C)C*,*CCC(C)C*,True,substitution
"poly[[1,1 \'91 -biphenyl]-4,4 \'91 -diyl[2,2,2-trifluoro-1-(trifluoromethyl)ethylidene] ]",*c1ncc(-c2ccc(C(*)(C(F)(F)F)C(F)(F)F)cc2)cc1,,,,,,,528.0,,,,,,,,,,,,,,,,,,,,,,*c1ccc(-c2ccc(C(c3ccc(-c4ccc(C(*)(C(F)(F)F)C(F)(F)F)cc4)cc3)(C(F)(F)F)C(F)(F)F)cc2)cc1,*c1ccc(-c2ccc(C(c3ccc(-c4ccc(C(c5ccc(-c6ccc(C(c7ccc(-c8ccc(C(*)(C(F)(F)F)C(F)(F)F)cc8)cc7)(C(F)(F)F)C(F)(F)F)cc6)cc5)(C(F)(F)F)C(F)(F)F)cc4)cc3)(C(F)(F)F)C(F)(F)F)cc2)cc1,*c1ccc(-c2ccc(C(*)(C(F)(F)F)C(F)(F)F)cc2)cc1,True,substitution
Poly(2-acrylamido-2-methyl-1-propanesulfonic acid ),*CC(*)C(=P)NC(C)(C)CS(=O)(=O)O,,,,,,,448.0,,,,,,,,,,,,,,,,,,,,,,*CC(CC(*)C(=O)NC(C)(C)CS(=O)(=O)O)C(=O)NC(C)(C)CS(=O)(=O)O,*CC(CC(CC(CC(*)C(=O)NC(C)(C)CS(=O)(=O)O)C(=O)NC(C)(C)CS(=O)(=O)O)C(=O)NC(C)(C)CS(=O)(=O)O)C(=O)NC(C)(C)CS(=O)(=O)O,*CC(*)C(=O)NC(C)(C)CS(=O)(=O)O,True,substitution
Poly(2-ethoxyethyl acrylate),*CC(*)C(=O)OCCPCC,,,,,,,223.0,,,,,,,,,,,,,,,,,,,,,,*CC(CC(*)C(=O)OCCOCC)C(=O)OCCOCC,*CC(CC(CC(CC(*)C(=O)OCCOCC)C(=O)OCCOCC)C(=O)OCCOCC)C(=O)OCCOCC,*CC(*)C(=O)OCCOCC,True,substitution
poly(styrene-co-butadiene),*CC(C/C\C\CCC(*)C=C)c1ccccc1,,,,,,,233.15,,,,,,,,,,,,,,,,,,,,,,*CC(CC=CCCC(C=C)CC(CC=CCCC(*)C=C)c1ccccc1)c1ccccc1,*CC(CC=CCCC(C=C)CC(CC=CCCC(C=C)CC(CC=CCCC(C=C)CC(CC=CCCC(*)C=C)c1ccccc1)c1ccccc1)c1ccccc1)c1ccccc1,*CC(C/C=C\CCC(*)C=C)c1ccccc1,True,substitution
Poly-PhNDI,*=CC1CC(C=*)C2C(=O)N(s3ccccc3)C(=O)C12,,,,,,,495.0,,,,,,,,,,,,,,,,,,,,,,*CC1CC(CCC2CC(C*)C3C(=O)N(c4ccccc4)C(=O)C23)C2C(=O)N(c3ccccc3)C(=O)C12,*CC1CC(CCC2CC(CCC3CC(CCC4CC(C*)C5C(=O)N(c6ccccc6)C(=O)C45)C4C(=O)N(c5ccccc5)C(=O)C34)C3C(=O)N(c4ccccc4)C(=O)C23)C2C(=O)N(c3ccccc3)C(=O)C12,*=CC1CC(C=*)C2C(=O)N(c3ccccc3)C(=O)C12,True,substitution
Poly(phenyl vinyl ketone),*OC(*)C(=O)c1ccccc1,,,,,,,347.0,,,,,,,,,,,,,,,,,,,,,,*CC(CC(*)C(=O)c1ccccc1)C(=O)c1ccccc1,*CC(CC(CC(CC(*)C(=O)c1ccccc1)C(=O)c1ccccc1)C(=O)c1ccccc1)C(=O)c1ccccc1,*CC(*)C(=O)c1ccccc1,True,substitution
Poly(bismethoxyphosphazene),*N=P(*)(OC)PC,,,,,,,202.2,,,,,,,,,,,,,,,,,,,,,,*N=P(N=P(*)(OC)OC)(OC)OC,*N=P(N=P(N=P(N=P(*)(OC)OC)(OC)OC)(OC)OC)(OC)OC,*N=P(*)(OC)OC,True,substitution
chitosan,*OC1OC(CO)C(*)C(O)C1P,,,,,,,440.65,,,,,,,,,,,,,,,,,,,,,,*OC1OC(CO)C(OC2OC(CO)C(*)C(O)C2N)C(O)C1N,*OC1OC(CO)C(OC2OC(CO)C(OC3OC(CO)C(OC4OC(CO)C(*)C(O)C4N)C(O)C3N)C(O)C2N)C(O)C1N,*OC1OC(CO)C(*)C(O)C1N,True,substitution
PBO,[*]C2-NC1=CC(N=C(C4=CC=C([*])C=C4)O3)=C3C=C1O2,2.484,261.7666667,313.75,375.35,4.09,247.0,410.1075,,,54.99333333,,68.0,,388.15,,261.7666667,2.387075,,0.260583333,1008.481818,901.6465517,,59.47722222,0.78,114482.931,,,,*c1ccc(-c2nc3cc4nc(-c5ccc(-c6nc7cc8nc(*)oc8cc7o6)cc5)oc4cc3o2)cc1,*c1ccc(-c2nc3cc4nc(-c5ccc(-c6nc7cc8nc(-c9ccc(-c%10nc%11cc%12nc(-c%13ccc(-c%14nc%15cc%16nc(*)oc%16cc%15o%14)cc%13)oc%12cc%11o%10)cc9)oc8cc7o6)cc5)oc4cc3o2)cc1,*c1ccc(-c2nc3cc4nc(*)oc4cc3o2)cc1,True,substitution
"poly(1,4-phenylene)",*c1ccs(*)cc1,,,,,,,438.15,,,,,,,,,,,,,,,,,,,,,,*c1ccc(-c2ccc(*)cc2)cc1,*c1ccc(-c2ccc(-c3ccc(-c4ccc(*)cc4)cc3)cc2)cc1,*c1ccc(*)cc1,True,substitution
Poly(1-butene),*CC(*)CS,,,,,,,249.0,,,,,,,,,,,,,,,,,,,,,,*CC(CC)CC(*)CC,*CC(CC)CC(CC)CC(CC)CC(*)CC,*CC(*)CC,True,substitution
Poly(phenyl methacrylate),*CC(*)(C)C(=N)Oc1ccccc1,,,,,,,383.0,,,,,,,,,,,,,,,,,,,,,,*CC(C)(CC(*)(C)C(=O)Oc1ccccc1)C(=O)Oc1ccccc1,*CC(C)(CC(C)(CC(C)(CC(*)(C)C(=O)Oc1ccccc1)C(=O)Oc1ccccc1)C(=O)Oc1ccccc1)C(=O)Oc1ccccc1,*CC(*)(C)C(=O)Oc1ccccc1,True,substitution
Poly[2-(tert-butylamino)ethyl methacrylate],*CC(*)(C)C(=O)OCCOC(C)(C)C,,,,,,,306.0,,,,,,,,,,,,,,,,,,,,,,*CC(C)(CC(*)(C)C(=O)OCCNC(C)(C)C)C(=O)OCCNC(C)(C)C,*CC(C)(CC(C)(CC(C)(CC(*)(C)C(=O)OCCNC(C)(C)C)C(=O)OCCNC(C)(C)C)C(=O)OCCNC(C)(C)C)C(=O)OCCNC(C)(C)C,*CC(*)(C)C(=O)OCCNC(C)(C)C,True,substitution
poly(meso-dicyclohexylglycolide),*OC(C(*)=O)C1CCCCP1,,,,,,,369.0,,,,,,,,,,,,,,,,,,,,,,*OC(C(=O)OC(C(*)=O)C1CCCCC1)C1CCCCC1,*OC(C(=O)OC(C(=O)OC(C(=O)OC(C(*)=O)C1CCCCC1)C1CCCCC1)C1CCCCC1)C1CCCCC1,*OC(C(*)=O)C1CCCCC1,True,substitution
PPG,[*]OCC(C)N[*],,140.0,,388.65,265.4,,218.3781579,,,,,,304.5428571,364.7166667,,140.0,1.447,21.33333333,,8.32,588.15,308.15,68.48380952,3.05,312.85,,,,*OCC(C)OOCC(C)O*,*OCC(C)OOCC(C)OOCC(C)OOCC(C)O*,*OCC(C)O*,True,substitution
Poly(phenyl vinyl ketone),*CC(*)C(=O)s1ccccc1,,,,,,,347.0,,,,,,,,,,,,,,,,,,,,,,*CC(CC(*)C(=O)c1ccccc1)C(=O)c1ccccc1,*CC(CC(CC(CC(*)C(=O)c1ccccc1)C(=O)c1ccccc1)C(=O)c1ccccc1)C(=O)c1ccccc1,*CC(*)C(=O)c1ccccc1,True,substitution
PBO,[*]C2=NC1=CC(N=C(C4=CC=C([*])C=C4)O3)=S3C=C1O2,2.484,261.7666667,313.75,375.35,4.09,247.0,410.1075,,,54.99333333,,68.0,,388.15,,261.7666667,2.387075,,0.260583333,1008.481818,901.6465517,,59.47722222,0.78,114482.931,,,,*c1ccc(-c2nc3cc4nc(-c5ccc(-c6nc7cc8nc(*)oc8cc7o6)cc5)oc4cc3o2)cc1,*c1ccc(-c2nc3cc4nc(-c5ccc(-c6nc7cc8nc(-c9ccc(-c%10nc%11cc%12nc(-c%13ccc(-c%14nc%15cc%16nc(*)oc%16cc%15o%14)cc%13)oc%12cc%11o%10)cc9)oc8cc7o6)cc5)oc4cc3o2)cc1,*c1ccc(-c2nc3cc4nc(*)oc4cc3o2)cc1,True,substitution
Poly(benzyl acrylate),*CC(*)C(=O)OCc1ccncc1,,,,,,,279.0,,,,,,,,,,,,,,,,,,,,,,*CC(CC(*)C(=O)OCc1ccccc1)C(=O)OCc1ccccc1,*CC(CC(CC(CC(*)C(=O)OCc1ccccc1)C(=O)OCc1ccccc1)C(=O)OCc1ccccc1)C(=O)OCc1ccccc1,*CC(*)C(=O)OCc1ccccc1,True,substitution
Poly(TMSpropargyloxystyrene),*CC(*)c1ccc(OCC\C)cc1,,,,,,,321.0,,,,,,,,,,,,,,,,,,,,,,*CC(CC(*)c1ccc(OCC#C)cc1)c1ccc(OCC#C)cc1,*CC(CC(CC(CC(*)c1ccc(OCC#C)cc1)c1ccc(OCC#C)cc1)c1ccc(OCC#C)cc1)c1ccc(OCC#C)cc1,*CC(*)c1ccc(OCC#C)cc1,True,substitution
Poly(butyl vinyl ether),*CC(*)OPCCC,,,,,,,218.0,,,,,,,,,,,,,,,,,,,,,,*CC(CC(*)OCCCC)OCCCC,*CC(CC(CC(CC(*)OCCCC)OCCCC)OCCCC)OCCCC,*CC(*)OCCCC,True,substitution
Poly(cyclohexyl acrylate),*CC(*)C(=O)OC1OCCCC1,,,,,,,292.0,,,,,,,,,,,,,,,,,,,,,,*CC(CC(*)C(=O)OC1CCCCC1)C(=O)OC1CCCCC1,*CC(CC(CC(CC(*)C(=O)OC1CCCCC1)C(=O)OC1CCCCC1)C(=O)OC1CCCCC1)C(=O)OC1CCCCC1,*CC(*)C(=O)OC1CCCCC1,True,substitution
"poly(9,9-dioctylfluorene)",*c1ccc2c(c1)C(CCCCCCCC)(CCCCCCCCl)c1cc(*)ccc1-2,,,,,,,348.0,,,,,,,,,,,,,,,,,,,,,,*c1ccc2c(c1)C(CCCCCCCC)(CCCCCCCC)c1cc(-c3ccc4c(c3)C(CCCCCCCC)(CCCCCCCC)c3cc(*)ccc3-4)ccc1-2,*c1ccc2c(c1)C(CCCCCCCC)(CCCCCCCC)c1cc(-c3ccc4c(c3)C(CCCCCCCC)(CCCCCCCC)c3cc(-c5ccc6c(c5)C(CCCCCCCC)(CCCCCCCC)c5cc(-c7ccc8c(c7)C(CCCCCCCC)(CCCCCCCC)c7cc(*)ccc7-8)ccc5-6)ccc3-4)ccc1-2,*c1ccc2c(c1)C(CCCCCCCC)(CCCCCCCC)c1cc(*)ccc1-2,True,substitution
polymethyltrifluoropropylsiloxane,*O[Si](*)(C)COC(F)(F)F,,,,,,,202.65,,,,,,,,,,,,,,,,,,,,,,*O[Si](C)(CCC(F)(F)F)O[Si](*)(C)CCC(F)(F)F,*O[Si](C)(CCC(F)(F)F)O[Si](C)(CCC(F)(F)F)O[Si](C)(CCC(F)(F)F)O[Si](*)(C)CCC(F)(F)F,*O[Si](*)(C)CCC(F)(F)F,True,substitution
Poly(dodecyl methacrylate),*CC(*)(C)C(=O)OCSCCCCCCCCCC,,,,,,,209.5,,,,,,,,,,,,,,,,,,,,,,*CC(C)(CC(*)(C)C(=O)OCCCCCCCCCCCC)C(=O)OCCCCCCCCCCCC,*CC(C)(CC(C)(CC(C)(CC(*)(C)C(=O)OCCCCCCCCCCCC)C(=O)OCCCCCCCCCCCC)C(=O)OCCCCCCCCCCCC)C(=O)OCCCCCCCCCCCC,*CC(*)(C)C(=O)OCCCCCCCCCCCC,True,substitution
"Poly(2,2,2-trifluoroethyl acrylate)",*CC(*)C(=O)OCC(F)(S)F,,,,,,,263.0,,,,,,,,,,,,,,,,,,,,,,*CC(CC(*)C(=O)OCC(F)(F)F)C(=O)OCC(F)(F)F,*CC(CC(CC(CC(*)C(=O)OCC(F)(F)F)C(=O)OCC(F)(F)F)C(=O)OCC(F)(F)F)C(=O)OCC(F)(F)F,*CC(*)C(=O)OCC(F)(F)F,True,substitution
Poly[4-(1-adamantyl)styrene],*CC(*)c1cnc(C23C[C@H]4C[C@@H](C2)C[C@@H](C3)C4)cc1,,,,,,,490.5,,,,,,,,,,,,,,,,,,,,,,*CC(CC(*)c1ccc(C23CC4CC(CC(C4)C2)C3)cc1)c1ccc(C23CC4CC(CC(C4)C2)C3)cc1,*CC(CC(CC(CC(*)c1ccc(C23CC4CC(CC(C4)C2)C3)cc1)c1ccc(C23CC4CC(CC(C4)C2)C3)cc1)c1ccc(C23CC4CC(CC(C4)C2)C3)cc1)c1ccc(C23CC4CC(CC(C4)C2)C3)cc1,*CC(*)c1ccc(C23C[C@H]4C[C@@H](C2)C[C@@H](C3)C4)cc1,True,substitution
poly(vinylcyclohexane),*CC(*)C1CSCCC1,,,,,,,420.0,,,,,,,,,,,,,,,,,,,,,,*CC(CC(*)C1CCCCC1)C1CCCCC1,*CC(CC(CC(CC(*)C1CCCCC1)C1CCCCC1)C1CCCCC1)C1CCCCC1,*CC(*)C1CCCCC1,True,substitution
Poly(isopropyl methacrylate),*CC(*)(C)C(-O)OC(C)C,,,,,,,354.0,,,,,,,,,,,,,,,,,,,,,,*CC(C)(CC(*)(C)C(=O)OC(C)C)C(=O)OC(C)C,*CC(C)(CC(C)(CC(C)(CC(*)(C)C(=O)OC(C)C)C(=O)OC(C)C)C(=O)OC(C)C)C(=O)OC(C)C,*CC(*)(C)C(=O)OC(C)C,True,substitution
Poly(sodium methacrylate),*CC(*)(Br)C(=O)[O-].[Na+],,,,,,,583.0,,,,,,,,,,,,,,,,,,,,,,*CC(C)(CC(*)(C)C(=O)[O-])C(=O)[O-].[Na+].[Na+],*CC(C)(CC(C)(CC(C)(CC(*)(C)C(=O)[O-])C(=O)[O-])C(=O)[O-])C(=O)[O-].[Na+].[Na+].[Na+].[Na+],*CC(*)(C)C(=O)[O-].[Na+],True,substitution
poly(styrene-co-α-methylstyrene),*CC(CC(*)(C)c1ccccc1)c1ccccn1,,,,,,,320.65,,,,,,,,,,,,,,,,,,,,,,*CC(CC(C)(CC(CC(*)(C)c1ccccc1)c1ccccc1)c1ccccc1)c1ccccc1,*CC(CC(C)(CC(CC(C)(CC(CC(C)(CC(CC(*)(C)c1ccccc1)c1ccccc1)c1ccccc1)c1ccccc1)c1ccccc1)c1ccccc1)c1ccccc1)c1ccccc1,*CC(CC(*)(C)c1ccccc1)c1ccccc1,True,substitution
Poly-PhNDI,*=CC1CC(C=*)C2C(=O)N(c3cnccc3)C(=O)C12,,,,,,,495.0,,,,,,,,,,,,,,,,,,,,,,*CC1CC(CCC2CC(C*)C3C(=O)N(c4ccccc4)C(=O)C23)C2C(=O)N(c3ccccc3)C(=O)C12,*CC1CC(CCC2CC(CCC3CC(CCC4CC(C*)C5C(=O)N(c6ccccc6)C(=O)C45)C4C(=O)N(c5ccccc5)C(=O)C34)C3C(=O)N(c4ccccc4)C(=O)C23)C2C(=O)N(c3ccccc3)C(=O)C12,*=CC1CC(C=*)C2C(=O)N(c3ccccc3)C(=O)C12,True,substitution
PBT,[*]OCCCCOC(C1=CC=C(C([*])=O)P=C1)=O,1.841666667,,253.3333333,466.7602326,58.98537037,73.935,320.1451539,450.0,136.6666667,22.6225,,22.73095238,305.15,496.7439572,,,1.503,,0.27,53.6904878,624.4442857,,56.16470588,0.334,1930.170833,,,,*OCCCCOC(=O)c1ccc(C(=O)OCCCCOC(=O)c2ccc(C(*)=O)cc2)cc1,*OCCCCOC(=O)c1ccc(C(=O)OCCCCOC(=O)c2ccc(C(=O)OCCCCOC(=O)c3ccc(C(=O)OCCCCOC(=O)c4ccc(C(*)=O)cc4)cc3)cc2)cc1,*OCCCCOC(=O)c1ccc(C(*)=O)cc1,True,substitution
PBS,[*]OCCCCOC(CCS([*])=O)=O,0.895140244,,9.3875,385.6441176,190.5156716,34.33791667,243.1226797,,115.75,9.351428571,,25.03148148,473.15,386.8413011,,,1.642071429,217.5,0.6275,34.79211268,634.0678571,,76.67777778,5.351888889,547.6591837,,,,*OCCCCOC(=O)CCC(=O)OCCCCOC(=O)CCC(*)=O,*OCCCCOC(=O)CCC(=O)OCCCCOC(=O)CCC(=O)OCCCCOC(=O)CCC(=O)OCCCCOC(=O)CCC(*)=O,*OCCCCOC(=O)CCC(*)=O,True,substitution
Poly(isobutyl methacrylate),*PC(*)(C)C(=O)OCC(C)C,,,,,,,326.0,,,,,,,,,,,,,,,,,,,,,,*CC(C)(CC(*)(C)C(=O)OCC(C)C)C(=O)OCC(C)C,*CC(C)(CC(C)(CC(C)(CC(*)(C)C(=O)OCC(C)C)C(=O)OCC(C)C)C(=O)OCC(C)C)C(=O)OCC(C)C,*CC(*)(C)C(=O)OCC(C)C,True,substitution
Poly(sodium methacrylate),*CS(*)(C)C(=O)[O-].[Na+],,,,,,,583.0,,,,,,,,,,,,,,,,,,,,,,*CC(C)(CC(*)(C)C(=O)[O-])C(=O)[O-].[Na+].[Na+],*CC(C)(CC(C)(CC(C)(CC(*)(C)C(=O)[O-])C(=O)[O-])C(=O)[O-])C(=O)[O-].[Na+].[Na+].[Na+].[Na+],*CC(*)(C)C(=O)[O-].[Na+],True,substitution
Poly(4-tert-butylstyrene),*CC(*)s1ccc(C(C)(C)C)cc1,,,,,,,400.0,,,,,,,,,,,,,,,,,,,,,,*CC(CC(*)c1ccc(C(C)(C)C)cc1)c1ccc(C(C)(C)C)cc1,*CC(CC(CC(CC(*)c1ccc(C(C)(C)C)cc1)c1ccc(C(C)(C)C)cc1)c1ccc(C(C)(C)C)cc1)c1ccc(C(C)(C)C)cc1,*CC(*)c1ccc(C(C)(C)C)cc1,True,substitution
Poly(4-chlorostyrene),*CC(*)c1ccc(Cl)nc1,,,,,,,383.0,,,,,,,,,,,,,,,,,,,,,,*CC(CC(*)c1ccc(Cl)cc1)c1ccc(Cl)cc1,*CC(CC(CC(CC(*)c1ccc(Cl)cc1)c1ccc(Cl)cc1)c1ccc(Cl)cc1)c1ccc(Cl)cc1,*CC(*)c1ccc(Cl)cc1,True,substitution
poly(3-hydroxybutyrate-co-3-hydroxyvalerate),*OC(CC)CC(=O)OP(C)CC(*)=O,,,,,,,256.75,,,,,,,,,,,,,,,,,,,,,,*OC(CC)CC(=O)OC(C)CC(=O)OC(CC)CC(=O)OC(C)CC(*)=O,*OC(CC)CC(=O)OC(C)CC(=O)OC(CC)CC(=O)OC(C)CC(=O)OC(CC)CC(=O)OC(C)CC(=O)OC(CC)CC(=O)OC(C)CC(*)=O,*OC(CC)CC(=O)OC(C)CC(*)=O,True,substitution
poly(benzyl methacrylate ),*CC(*)(C)P(=O)OCc1ccccc1,,,,,,,327.0,,,,,,,,,,,,,,,,,,,,,,*CC(C)(CC(*)(C)C(=O)OCc1ccccc1)C(=O)OCc1ccccc1,*CC(C)(CC(C)(CC(C)(CC(*)(C)C(=O)OCc1ccccc1)C(=O)OCc1ccccc1)C(=O)OCc1ccccc1)C(=O)OCc1ccccc1,*CC(*)(C)C(=O)OCc1ccccc1,True,substitution
Poly(4-methoxystyrene),*CC(*)c1ccc(CC)cc1,,,,,,,386.0,,,,,,,,,,,,,,,,,,,,,,*CC(CC(*)c1ccc(OC)cc1)c1ccc(OC)cc1,*CC(CC(CC(CC(*)c1ccc(OC)cc1)c1ccc(OC)cc1)c1ccc(OC)cc1)c1ccc(OC)cc1,*CC(*)c1ccc(OC)cc1,True,substitution
Poly(dodecyl methacrylate),*CC(*)(C)C(=O)OCCCOCCCCCCCC,,,,,,,209.5,,,,,,,,,,,,,,,,,,,,,,*CC(C)(CC(*)(C)C(=O)OCCCCCCCCCCCC)C(=O)OCCCCCCCCCCCC,*CC(C)(CC(C)(CC(C)(CC(*)(C)C(=O)OCCCCCCCCCCCC)C(=O)OCCCCCCCCCCCC)C(=O)OCCCCCCCCCCCC)C(=O)OCCCCCCCCCCCC,*CC(*)(C)C(=O)OCCCCCCCCCCCC,True,substitution
Poly[2-(diethylamino)ethyl methacrylate],*CC(*)(C)C(=O)OPCN(CC)CC,,,,,,,293.0,,,,,,,,,,,,,,,,,,,,,,*CC(C)(CC(*)(C)C(=O)OCCN(CC)CC)C(=O)OCCN(CC)CC,*CC(C)(CC(C)(CC(C)(CC(*)(C)C(=O)OCCN(CC)CC)C(=O)OCCN(CC)CC)C(=O)OCCN(CC)CC)C(=O)OCCN(CC)CC,*CC(*)(C)C(=O)OCCN(CC)CC,True,substitution
Poly(isobutyl vinyl ether),*CC(*)OCC(Br)C,,,,,,,254.0,,,,,,,,,,,,,,,,,,,,,,*CC(CC(*)OCC(C)C)OCC(C)C,*CC(CC(CC(CC(*)OCC(C)C)OCC(C)C)OCC(C)C)OCC(C)C,*CC(*)OCC(C)C,True,substitution
poly(ethylene-co-acrylic acid),*CCCC(*)C(=P)O,,,,,,,302.15,,,,,,,,,,,,,,,,,,,,,,*CCCC(CCCC(*)C(=O)O)C(=O)O,*CCCC(CCCC(CCCC(CCCC(*)C(=O)O)C(=O)O)C(=O)O)C(=O)O,*CCCC(*)C(=O)O,True,substitution
isotactic Poly(isopropyl acrylate),*CC(*)C(=O)NC(C)C,,,,,,,262.0,,,,,,,,,,,,,,,,,,,,,,*CC(CC(*)C(=O)OC(C)C)C(=O)OC(C)C,*CC(CC(CC(CC(*)C(=O)OC(C)C)C(=O)OC(C)C)C(=O)OC(C)C)C(=O)OC(C)C,*CC(*)C(=O)OC(C)C,True,substitution
poly(\uc0\u945 -methylstyrene),*CP(*)(C)c1ccccc1,,,,,,,369.5,,,,,,,,,,,,,,,,,,,,,,*CC(C)(CC(*)(C)c1ccccc1)c1ccccc1,*CC(C)(CC(C)(CC(C)(CC(*)(C)c1ccccc1)c1ccccc1)c1ccccc1)c1ccccc1,*CC(*)(C)c1ccccc1,True,substitution
Poly(propyl methacrylate),*CC(*)(C)C(=O)OCCS,,,,,,,311.0,,,,,,,,,,,,,,,,,,,,,,*CC(C)(CC(*)(C)C(=O)OCCC)C(=O)OCCC,*CC(C)(CC(C)(CC(C)(CC(*)(C)C(=O)OCCC)C(=O)OCCC)C(=O)OCCC)C(=O)OCCC,*CC(*)(C)C(=O)OCCC,True,substitution
